ALERT_ID,TRANSACTION_ID,ACCOUNT_ID,RULE_TRIGGERED,RISK_SCORE,ALERT_DATE
ALT0000001,TXN00477453,ACCT100093181,ML_PATTERN_DETECTED,51,2024-06-03 12:38:32.956654
ALT0000002,TXN00484646,ACCT100045193,ML_PATTERN_DETECTED,57,2023-01-13 01:04:38.437686
ALT0000003,TXN00477334,ACCT100009557,ML_PATTERN_DETECTED,76,2023-08-22 09:30:30.194222
ALT0000004,TXN00478222,ACCT100094794,ML_PATTERN_DETECTED,59,2024-07-23 02:02:09.652257
ALT0000005,TXN00475700,ACCT100067564,ML_PATTERN_DETECTED,81,2023-01-14 21:06:52.006165
ALT0000006,TXN00480923,ACCT100071531,ML_PATTERN_DETECTED,72,2023-04-09 19:58:28.804191
ALT0000007,TXN00483640,ACCT100045277,ML_PATTERN_DETECTED,70,2024-08-10 10:22:51.869846
ALT0000008,TXN00493378,ACCT100083038,ML_PATTERN_DETECTED,70,2024-03-12 16:34:34.252806
ALT0000009,TXN00490367,ACCT100039232,ML_PATTERN_DETECTED,98,2024-08-27 14:51:25.107274
ALT0000010,TXN00492645,ACCT100016816,ML_PATTERN_DETECTED,70,2024-02-27 09:05:32.792864
ALT0000011,TXN00483790,ACCT100045808,ML_PATTERN_DETECTED,53,2023-05-22 16:32:20.772620
ALT0000012,TXN00493172,ACCT100083622,ML_PATTERN_DETECTED,61,2024-02-15 10:02:33.394940
ALT0000013,TXN00475907,ACCT100002108,ML_PATTERN_DETECTED,55,2023-11-23 22:23:43.793608
ALT0000014,TXN00496607,ACCT100076273,ML_PATTERN_DETECTED,87,2024-11-25 09:06:50.650924
ALT0000015,TXN00475911,ACCT100040955,ML_PATTERN_DETECTED,51,2024-02-11 12:17:59.476292
ALT0000016,TXN00487268,ACCT100044652,ML_PATTERN_DETECTED,81,2023-10-26 06:27:30.206118
ALT0000017,TXN00488273,ACCT100066152,ML_PATTERN_DETECTED,76,2023-01-26 03:19:54.698915
ALT0000018,TXN00485070,ACCT100031609,ML_PATTERN_DETECTED,58,2024-08-30 09:07:38.839783
ALT0000019,TXN00475622,ACCT100026163,ML_PATTERN_DETECTED,91,2024-12-16 17:48:20.813640
ALT0000020,TXN00492455,ACCT100076532,ML_PATTERN_DETECTED,67,2023-11-29 20:52:53.190207
ALT0000021,TXN00480065,ACCT100004923,ML_PATTERN_DETECTED,75,2024-06-15 03:05:08.785971
ALT0000022,TXN00490782,ACCT100037352,ML_PATTERN_DETECTED,87,2023-12-14 07:55:50.819813
ALT0000023,TXN00485979,ACCT100091037,ML_PATTERN_DETECTED,61,2023-02-07 17:45:58.283416
ALT0000024,TXN00495608,ACCT100027801,ML_PATTERN_DETECTED,92,2023-01-10 22:16:31.886067
ALT0000025,TXN00496810,ACCT100083634,ML_PATTERN_DETECTED,55,2024-07-12 21:12:48.728150
ALT0000026,TXN00499264,ACCT100094107,ML_PATTERN_DETECTED,92,2024-04-05 17:11:56.642350
ALT0000027,TXN00488234,ACCT100042782,ML_PATTERN_DETECTED,57,2024-06-28 01:42:03.834046
ALT0000028,TXN00493420,ACCT100094675,ML_PATTERN_DETECTED,87,2023-04-25 03:59:00.591547
ALT0000029,TXN00498696,ACCT100038887,ML_PATTERN_DETECTED,98,2024-12-03 00:19:32.906626
ALT0000030,TXN00487289,ACCT100046819,ML_PATTERN_DETECTED,60,2024-09-30 12:13:10.726033
ALT0000031,TXN00491313,ACCT100051290,ML_PATTERN_DETECTED,63,2023-10-09 18:38:25.495608
ALT0000032,TXN00492191,ACCT100062893,ML_PATTERN_DETECTED,54,2023-05-21 02:28:58.946628
ALT0000033,TXN00493669,ACCT100073055,ML_PATTERN_DETECTED,54,2023-09-24 07:19:48.188200
ALT0000034,TXN00489600,ACCT100042035,ML_PATTERN_DETECTED,79,2023-09-27 12:03:07.391830
ALT0000035,TXN00499319,ACCT100087838,ML_PATTERN_DETECTED,63,2023-08-10 12:04:12.707721
ALT0000036,TXN00479996,ACCT100004811,ML_PATTERN_DETECTED,81,2024-09-08 05:06:24.180353
ALT0000037,TXN00495711,ACCT100082324,ML_PATTERN_DETECTED,68,2024-08-16 10:03:15.706400
ALT0000038,TXN00494356,ACCT100021790,ML_PATTERN_DETECTED,54,2024-07-12 20:29:04.442620
ALT0000039,TXN00492658,ACCT100074699,ML_PATTERN_DETECTED,52,2023-08-25 09:35:05.622775
ALT0000040,TXN00488657,ACCT100050130,ML_PATTERN_DETECTED,53,2023-05-17 12:14:12.533293
ALT0000041,TXN00486781,ACCT100001015,ML_PATTERN_DETECTED,73,2024-11-17 16:42:06.165401
ALT0000042,TXN00481640,ACCT100043787,ML_PATTERN_DETECTED,50,2023-05-05 21:53:20.001901
ALT0000043,TXN00476095,ACCT100060372,ML_PATTERN_DETECTED,60,2023-04-11 16:18:22.663491
ALT0000044,TXN00487863,ACCT100072240,ML_PATTERN_DETECTED,71,2024-03-14 22:04:49.144500
ALT0000045,TXN00478001,ACCT100056540,ML_PATTERN_DETECTED,54,2023-04-25 06:04:17.710361
ALT0000046,TXN00499086,ACCT100059892,ML_PATTERN_DETECTED,65,2023-01-22 08:55:17.178704
ALT0000047,TXN00494498,ACCT100033927,ML_PATTERN_DETECTED,86,2024-09-16 20:12:57.939012
ALT0000048,TXN00486968,ACCT100011726,ML_PATTERN_DETECTED,95,2023-11-09 09:33:25.135531
ALT0000049,TXN00489303,ACCT100046469,ML_PATTERN_DETECTED,66,2023-07-15 01:24:56.308116
ALT0000050,TXN00482246,ACCT100060064,ML_PATTERN_DETECTED,67,2024-06-11 14:34:36.153001
ALT0000051,TXN00487498,ACCT100038683,ML_PATTERN_DETECTED,96,2023-05-16 05:50:13.628668
ALT0000052,TXN00477256,ACCT100095510,ML_PATTERN_DETECTED,78,2023-02-26 16:32:35.333205
ALT0000053,TXN00492371,ACCT100046012,ML_PATTERN_DETECTED,96,2023-09-22 18:00:46.199596
ALT0000054,TXN00493519,ACCT100032750,ML_PATTERN_DETECTED,79,2023-02-07 02:39:22.918208
ALT0000055,TXN00490480,ACCT100010473,ML_PATTERN_DETECTED,83,2024-06-03 05:25:57.142427
ALT0000056,TXN00488886,ACCT100001915,ML_PATTERN_DETECTED,77,2024-10-03 08:41:46.304687
ALT0000057,TXN00498468,ACCT100040977,ML_PATTERN_DETECTED,78,2024-03-23 15:57:55.492041
ALT0000058,TXN00484098,ACCT100059628,ML_PATTERN_DETECTED,97,2024-08-06 07:20:53.266695
ALT0000059,TXN00492529,ACCT100062751,ML_PATTERN_DETECTED,64,2024-04-12 01:38:51.351979
ALT0000060,TXN00493909,ACCT100065120,ML_PATTERN_DETECTED,89,2024-02-22 16:35:24.422904
ALT0000061,TXN00480711,ACCT100090704,ML_PATTERN_DETECTED,70,2023-02-03 09:31:29.584026
ALT0000062,TXN00491618,ACCT100097311,ML_PATTERN_DETECTED,59,2024-10-01 13:02:29.147084
ALT0000063,TXN00493052,ACCT100035074,ML_PATTERN_DETECTED,56,2023-03-11 23:18:33.314705
ALT0000064,TXN00490504,ACCT100099928,ML_PATTERN_DETECTED,58,2024-04-18 05:30:54.084925
ALT0000065,TXN00480252,ACCT100099287,ML_PATTERN_DETECTED,66,2024-03-10 01:11:10.257277
ALT0000066,TXN00489561,ACCT100028607,ML_PATTERN_DETECTED,95,2023-02-19 20:15:26.446051
ALT0000067,TXN00485174,ACCT100062219,ML_PATTERN_DETECTED,78,2023-05-26 21:29:34.087374
ALT0000068,TXN00483426,ACCT100026438,ML_PATTERN_DETECTED,73,2023-12-08 08:34:00.702218
ALT0000069,TXN00482415,ACCT100054838,ML_PATTERN_DETECTED,54,2023-07-01 14:49:49.836299
ALT0000070,TXN00485846,ACCT100038696,ML_PATTERN_DETECTED,89,2023-09-24 03:18:30.689093
ALT0000071,TXN00490364,ACCT100009948,ML_PATTERN_DETECTED,92,2024-07-10 21:40:39.577602
ALT0000072,TXN00489799,ACCT100076827,ML_PATTERN_DETECTED,82,2024-10-19 10:55:01.825856
ALT0000073,TXN00493783,ACCT100099921,ML_PATTERN_DETECTED,76,2023-01-11 17:17:53.413834
ALT0000074,TXN00491031,ACCT100019599,ML_PATTERN_DETECTED,84,2024-08-25 08:09:54.101978
ALT0000075,TXN00496445,ACCT100001857,ML_PATTERN_DETECTED,95,2024-06-13 20:19:04.346214
ALT0000076,TXN00480831,ACCT100091135,ML_PATTERN_DETECTED,61,2024-08-24 05:48:19.994170
ALT0000077,TXN00485659,ACCT100015752,ML_PATTERN_DETECTED,62,2024-08-11 12:15:14.601425
ALT0000078,TXN00493663,ACCT100044919,ML_PATTERN_DETECTED,57,2024-04-21 15:13:47.840932
ALT0000079,TXN00480763,ACCT100031928,ML_PATTERN_DETECTED,61,2023-10-24 12:01:50.492255
ALT0000080,TXN00479722,ACCT100057359,ML_PATTERN_DETECTED,82,2024-12-01 15:48:02.450954
ALT0000081,TXN00490256,ACCT100056552,ML_PATTERN_DETECTED,50,2024-07-28 11:28:15.839133
ALT0000082,TXN00476194,ACCT100085526,ML_PATTERN_DETECTED,87,2024-05-10 07:43:03.531101
ALT0000083,TXN00489988,ACCT100054815,ML_PATTERN_DETECTED,90,2024-08-09 18:26:08.557400
ALT0000084,TXN00490974,ACCT100013279,ML_PATTERN_DETECTED,51,2023-09-28 21:19:39.861214
ALT0000085,TXN00496251,ACCT100094889,ML_PATTERN_DETECTED,76,2023-06-30 04:05:26.101580
ALT0000086,TXN00478389,ACCT100075839,ML_PATTERN_DETECTED,91,2023-05-24 05:37:59.226345
ALT0000087,TXN00498189,ACCT100009500,ML_PATTERN_DETECTED,51,2024-06-25 18:16:07.539881
ALT0000088,TXN00492459,ACCT100050558,ML_PATTERN_DETECTED,64,2023-05-19 01:28:14.748137
ALT0000089,TXN00479637,ACCT100052642,ML_PATTERN_DETECTED,86,2024-04-16 16:23:38.226142
ALT0000090,TXN00491223,ACCT100077782,ML_PATTERN_DETECTED,78,2023-06-24 07:49:17.053177
ALT0000091,TXN00488108,ACCT100054795,ML_PATTERN_DETECTED,89,2024-01-08 04:11:47.418533
ALT0000092,TXN00490855,ACCT100049091,ML_PATTERN_DETECTED,51,2024-03-07 23:43:01.906414
ALT0000093,TXN00489021,ACCT100054988,ML_PATTERN_DETECTED,57,2024-12-06 03:17:19.580068
ALT0000094,TXN00475484,ACCT100041908,ML_PATTERN_DETECTED,54,2023-04-03 16:13:32.858344
ALT0000095,TXN00480462,ACCT100076660,ML_PATTERN_DETECTED,65,2024-03-19 17:48:59.970329
ALT0000096,TXN00489221,ACCT100011168,ML_PATTERN_DETECTED,51,2023-08-10 03:56:34.986715
ALT0000097,TXN00475666,ACCT100021987,ML_PATTERN_DETECTED,82,2024-06-07 00:12:29.790040
ALT0000098,TXN00480545,ACCT100003548,ML_PATTERN_DETECTED,77,2023-06-14 04:56:17.962456
ALT0000099,TXN00496185,ACCT100006924,ML_PATTERN_DETECTED,97,2023-09-11 18:11:39.955780
ALT0000100,TXN00482561,ACCT100085946,ML_PATTERN_DETECTED,57,2024-03-04 00:36:40.793648
ALT0000101,TXN00493624,ACCT100053072,ML_PATTERN_DETECTED,70,2024-02-06 13:57:29.009606
ALT0000102,TXN00489548,ACCT100024289,ML_PATTERN_DETECTED,90,2024-11-28 03:34:06.292118
ALT0000103,TXN00495692,ACCT100085009,ML_PATTERN_DETECTED,85,2024-12-30 07:07:02.823648
ALT0000104,TXN00495329,ACCT100087227,ML_PATTERN_DETECTED,57,2024-10-01 18:03:58.896770
ALT0000105,TXN00489452,ACCT100034358,ML_PATTERN_DETECTED,84,2024-12-30 08:24:37.912212
ALT0000106,TXN00484967,ACCT100004430,ML_PATTERN_DETECTED,83,2023-04-16 16:14:21.391166
ALT0000107,TXN00497472,ACCT100002534,ML_PATTERN_DETECTED,77,2023-02-04 00:53:46.225161
ALT0000108,TXN00487325,ACCT100008852,ML_PATTERN_DETECTED,60,2024-03-09 03:02:51.169643
ALT0000109,TXN00495145,ACCT100095674,ML_PATTERN_DETECTED,60,2023-07-11 14:52:44.562858
ALT0000110,TXN00498135,ACCT100098844,ML_PATTERN_DETECTED,93,2024-04-21 01:31:54.209297
ALT0000111,TXN00496320,ACCT100090186,ML_PATTERN_DETECTED,88,2024-03-09 19:22:34.618392
ALT0000112,TXN00492811,ACCT100019053,ML_PATTERN_DETECTED,76,2023-04-03 11:01:23.013107
ALT0000113,TXN00479045,ACCT100016767,ML_PATTERN_DETECTED,87,2023-04-14 20:17:03.478444
ALT0000114,TXN00495699,ACCT100021989,ML_PATTERN_DETECTED,97,2024-10-15 03:18:31.091918
ALT0000115,TXN00498492,ACCT100034210,ML_PATTERN_DETECTED,56,2023-12-12 19:36:07.626387
ALT0000116,TXN00481414,ACCT100095992,ML_PATTERN_DETECTED,55,2024-09-25 12:02:03.216838
ALT0000117,TXN00495999,ACCT100013895,ML_PATTERN_DETECTED,67,2023-12-19 19:28:54.790236
ALT0000118,TXN00487387,ACCT100028207,ML_PATTERN_DETECTED,65,2023-03-15 07:25:11.114413
ALT0000119,TXN00491733,ACCT100005203,ML_PATTERN_DETECTED,89,2024-06-16 02:04:41.859612
ALT0000120,TXN00486146,ACCT100049527,ML_PATTERN_DETECTED,94,2023-04-13 06:55:32.861984
ALT0000121,TXN00482866,ACCT100056693,ML_PATTERN_DETECTED,54,2024-09-21 08:42:30.824126
ALT0000122,TXN00497032,ACCT100034161,ML_PATTERN_DETECTED,61,2023-01-02 15:15:13.121484
ALT0000123,TXN00482933,ACCT100099797,ML_PATTERN_DETECTED,71,2023-08-11 17:02:28.444671
ALT0000124,TXN00491481,ACCT100090043,ML_PATTERN_DETECTED,63,2023-08-08 15:21:27.726341
ALT0000125,TXN00487733,ACCT100039709,ML_PATTERN_DETECTED,53,2024-11-01 02:49:51.265373
ALT0000126,TXN00499784,ACCT100079378,ML_PATTERN_DETECTED,94,2024-03-27 13:50:28.003862
ALT0000127,TXN00475271,ACCT100021374,ML_PATTERN_DETECTED,59,2024-03-29 20:28:25.754071
ALT0000128,TXN00484677,ACCT100004195,ML_PATTERN_DETECTED,97,2023-05-31 01:42:20.530792
ALT0000129,TXN00483634,ACCT100021596,ML_PATTERN_DETECTED,62,2024-07-21 02:24:19.280271
ALT0000130,TXN00491106,ACCT100068892,ML_PATTERN_DETECTED,52,2023-06-09 10:23:23.406453
ALT0000131,TXN00481576,ACCT100017171,ML_PATTERN_DETECTED,59,2023-09-08 05:57:03.135584
ALT0000132,TXN00479364,ACCT100098215,ML_PATTERN_DETECTED,69,2023-03-12 12:25:37.377183
ALT0000133,TXN00492350,ACCT100047762,ML_PATTERN_DETECTED,85,2024-07-07 09:45:35.937000
ALT0000134,TXN00499540,ACCT100063971,ML_PATTERN_DETECTED,97,2023-08-04 05:44:34.410478
ALT0000135,TXN00486157,ACCT100024122,ML_PATTERN_DETECTED,73,2023-12-19 22:14:45.925696
ALT0000136,TXN00484971,ACCT100075826,ML_PATTERN_DETECTED,68,2024-05-02 05:12:35.831985
ALT0000137,TXN00477397,ACCT100067773,ML_PATTERN_DETECTED,57,2024-04-11 13:32:05.108215
ALT0000138,TXN00487259,ACCT100050094,ML_PATTERN_DETECTED,63,2023-12-28 06:23:54.286271
ALT0000139,TXN00477032,ACCT100040590,ML_PATTERN_DETECTED,60,2023-01-01 08:33:42.528787
ALT0000140,TXN00479149,ACCT100076761,ML_PATTERN_DETECTED,69,2023-01-02 02:25:46.157912
ALT0000141,TXN00486712,ACCT100095920,ML_PATTERN_DETECTED,72,2024-02-17 14:29:41.429955
ALT0000142,TXN00482997,ACCT100091675,ML_PATTERN_DETECTED,94,2024-12-19 07:59:32.780713
ALT0000143,TXN00487991,ACCT100012921,ML_PATTERN_DETECTED,57,2023-08-02 17:19:59.616696
ALT0000144,TXN00494888,ACCT100093632,ML_PATTERN_DETECTED,80,2024-02-19 16:58:12.227276
ALT0000145,TXN00489540,ACCT100040233,ML_PATTERN_DETECTED,61,2023-01-04 21:32:22.909802
ALT0000146,TXN00481813,ACCT100094567,ML_PATTERN_DETECTED,68,2023-05-27 19:25:11.397547
ALT0000147,TXN00494028,ACCT100017436,ML_PATTERN_DETECTED,85,2024-05-31 21:08:19.156983
ALT0000148,TXN00483711,ACCT100067081,ML_PATTERN_DETECTED,68,2024-01-05 09:18:27.012469
ALT0000149,TXN00484314,ACCT100009594,ML_PATTERN_DETECTED,57,2023-04-08 18:02:10.670938
ALT0000150,TXN00482487,ACCT100044887,ML_PATTERN_DETECTED,78,2024-10-19 03:30:37.546673
ALT0000151,TXN00478992,ACCT100071006,ML_PATTERN_DETECTED,52,2023-02-14 09:40:44.705892
ALT0000152,TXN00484331,ACCT100071915,ML_PATTERN_DETECTED,54,2024-09-26 00:46:57.240312
ALT0000153,TXN00494336,ACCT100082140,ML_PATTERN_DETECTED,75,2024-11-26 03:44:11.959226
ALT0000154,TXN00484513,ACCT100010815,ML_PATTERN_DETECTED,68,2023-02-19 22:47:49.001450
ALT0000155,TXN00495232,ACCT100095662,ML_PATTERN_DETECTED,87,2024-10-01 08:57:37.772442
ALT0000156,TXN00489059,ACCT100016014,ML_PATTERN_DETECTED,75,2023-07-24 23:58:28.320280
ALT0000157,TXN00480619,ACCT100071928,ML_PATTERN_DETECTED,65,2024-11-11 09:18:04.444913
ALT0000158,TXN00496550,ACCT100013107,ML_PATTERN_DETECTED,78,2024-09-23 04:24:21.348885
ALT0000159,TXN00495702,ACCT100061854,ML_PATTERN_DETECTED,54,2023-10-06 23:52:01.126627
ALT0000160,TXN00479320,ACCT100078881,ML_PATTERN_DETECTED,77,2024-07-30 13:47:56.538832
ALT0000161,TXN00475588,ACCT100014815,ML_PATTERN_DETECTED,89,2024-06-27 13:54:34.066337
ALT0000162,TXN00493806,ACCT100079209,ML_PATTERN_DETECTED,53,2023-11-11 00:10:21.928065
ALT0000163,TXN00496870,ACCT100032142,ML_PATTERN_DETECTED,68,2024-07-15 15:52:06.764868
ALT0000164,TXN00490610,ACCT100005488,ML_PATTERN_DETECTED,71,2024-02-28 17:23:38.243980
ALT0000165,TXN00490461,ACCT100077796,ML_PATTERN_DETECTED,95,2024-12-12 11:45:54.526502
ALT0000166,TXN00484057,ACCT100040562,ML_PATTERN_DETECTED,68,2023-05-04 06:01:21.764693
ALT0000167,TXN00484120,ACCT100009908,ML_PATTERN_DETECTED,77,2023-07-08 22:44:37.520130
ALT0000168,TXN00477383,ACCT100035714,ML_PATTERN_DETECTED,63,2023-05-07 14:41:25.096868
ALT0000169,TXN00487034,ACCT100015247,ML_PATTERN_DETECTED,57,2024-11-03 09:57:51.610532
ALT0000170,TXN00493541,ACCT100042252,ML_PATTERN_DETECTED,95,2024-05-06 13:51:18.213407
ALT0000171,TXN00495473,ACCT100044442,ML_PATTERN_DETECTED,77,2023-03-24 16:48:55.460033
ALT0000172,TXN00496335,ACCT100013561,ML_PATTERN_DETECTED,64,2024-12-11 18:48:07.396996
ALT0000173,TXN00483816,ACCT100047794,ML_PATTERN_DETECTED,82,2024-11-05 02:23:30.559139
ALT0000174,TXN00477218,ACCT100019767,ML_PATTERN_DETECTED,83,2023-06-20 17:43:29.944828
ALT0000175,TXN00475814,ACCT100022140,ML_PATTERN_DETECTED,91,2024-08-18 08:30:02.244630
ALT0000176,TXN00484805,ACCT100031860,ML_PATTERN_DETECTED,82,2024-08-28 10:57:41.405160
ALT0000177,TXN00489532,ACCT100014064,ML_PATTERN_DETECTED,74,2024-03-20 17:48:34.298453
ALT0000178,TXN00479452,ACCT100052275,ML_PATTERN_DETECTED,70,2024-06-11 16:30:07.555598
ALT0000179,TXN00478025,ACCT100026474,ML_PATTERN_DETECTED,89,2024-06-05 18:01:24.639429
ALT0000180,TXN00479467,ACCT100039170,ML_PATTERN_DETECTED,79,2023-06-03 09:15:34.260525
ALT0000181,TXN00498906,ACCT100075770,ML_PATTERN_DETECTED,88,2024-04-08 17:06:22.732627
ALT0000182,TXN00492751,ACCT100019885,ML_PATTERN_DETECTED,93,2023-01-20 22:59:31.567747
ALT0000183,TXN00486024,ACCT100089821,ML_PATTERN_DETECTED,96,2023-04-13 23:37:11.051093
ALT0000184,TXN00495280,ACCT100049544,ML_PATTERN_DETECTED,81,2023-12-23 10:31:32.114926
ALT0000185,TXN00495471,ACCT100039639,ML_PATTERN_DETECTED,68,2023-07-18 05:06:34.136843
ALT0000186,TXN00477290,ACCT100046002,ML_PATTERN_DETECTED,68,2023-10-06 20:09:07.169488
ALT0000187,TXN00488078,ACCT100003539,ML_PATTERN_DETECTED,83,2024-03-29 05:48:05.915609
ALT0000188,TXN00486211,ACCT100039544,ML_PATTERN_DETECTED,75,2023-06-20 10:27:12.877510
ALT0000189,TXN00487186,ACCT100054625,ML_PATTERN_DETECTED,86,2024-02-12 22:43:17.999290
ALT0000190,TXN00494819,ACCT100051900,ML_PATTERN_DETECTED,54,2024-01-30 19:19:06.159958
ALT0000191,TXN00486034,ACCT100033495,ML_PATTERN_DETECTED,61,2024-04-25 22:50:21.551505
ALT0000192,TXN00479091,ACCT100036133,ML_PATTERN_DETECTED,75,2023-02-13 03:34:19.835226
ALT0000193,TXN00483352,ACCT100089864,ML_PATTERN_DETECTED,76,2023-10-13 13:22:17.349931
ALT0000194,TXN00479792,ACCT100082223,ML_PATTERN_DETECTED,97,2023-11-28 17:41:03.945126
ALT0000195,TXN00498297,ACCT100013136,ML_PATTERN_DETECTED,64,2023-11-16 20:07:11.694088
ALT0000196,TXN00477610,ACCT100019644,ML_PATTERN_DETECTED,50,2023-10-20 00:51:52.385061
ALT0000197,TXN00479142,ACCT100020623,ML_PATTERN_DETECTED,84,2024-11-25 05:44:57.706347
ALT0000198,TXN00490057,ACCT100013367,ML_PATTERN_DETECTED,56,2023-04-15 09:21:52.506203
ALT0000199,TXN00492174,ACCT100062194,ML_PATTERN_DETECTED,93,2024-11-18 02:52:24.144034
ALT0000200,TXN00484407,ACCT100011967,ML_PATTERN_DETECTED,94,2023-01-01 06:57:01.393919
ALT0000201,TXN00496842,ACCT100095099,ML_PATTERN_DETECTED,71,2023-03-28 00:19:40.174098
ALT0000202,TXN00484935,ACCT100054609,ML_PATTERN_DETECTED,53,2023-06-23 21:46:53.753101
ALT0000203,TXN00480147,ACCT100082683,ML_PATTERN_DETECTED,74,2023-11-19 00:10:36.890201
ALT0000204,TXN00498951,ACCT100004760,ML_PATTERN_DETECTED,62,2023-04-26 05:34:51.784145
ALT0000205,TXN00480287,ACCT100015521,ML_PATTERN_DETECTED,89,2023-11-06 08:53:56.290927
ALT0000206,TXN00479587,ACCT100016218,ML_PATTERN_DETECTED,88,2024-10-16 08:12:35.107329
ALT0000207,TXN00485299,ACCT100010378,ML_PATTERN_DETECTED,54,2023-10-02 01:36:05.588588
ALT0000208,TXN00497454,ACCT100043377,ML_PATTERN_DETECTED,73,2023-01-22 08:37:16.633753
ALT0000209,TXN00494175,ACCT100058874,ML_PATTERN_DETECTED,77,2023-04-19 07:28:49.277161
ALT0000210,TXN00488038,ACCT100086314,ML_PATTERN_DETECTED,50,2023-08-19 15:27:37.189775
ALT0000211,TXN00487753,ACCT100065487,ML_PATTERN_DETECTED,61,2024-05-23 10:19:06.354609
ALT0000212,TXN00479206,ACCT100077570,ML_PATTERN_DETECTED,59,2023-05-02 23:02:39.498429
ALT0000213,TXN00479049,ACCT100056731,ML_PATTERN_DETECTED,52,2023-11-16 13:39:27.022336
ALT0000214,TXN00483747,ACCT100045744,ML_PATTERN_DETECTED,98,2023-04-24 09:01:48.794871
ALT0000215,TXN00476000,ACCT100055146,ML_PATTERN_DETECTED,94,2024-02-29 09:19:59.401957
ALT0000216,TXN00478724,ACCT100026729,ML_PATTERN_DETECTED,61,2023-07-06 23:11:54.942660
ALT0000217,TXN00491188,ACCT100074370,ML_PATTERN_DETECTED,95,2024-11-11 23:46:12.416726
ALT0000218,TXN00491255,ACCT100046123,ML_PATTERN_DETECTED,85,2024-01-04 19:32:10.763822
ALT0000219,TXN00495698,ACCT100060235,ML_PATTERN_DETECTED,52,2023-12-26 05:56:24.886821
ALT0000220,TXN00488000,ACCT100084328,ML_PATTERN_DETECTED,77,2023-04-20 07:38:07.169297
ALT0000221,TXN00486791,ACCT100079424,ML_PATTERN_DETECTED,68,2024-04-12 12:45:34.456252
ALT0000222,TXN00478795,ACCT100097849,ML_PATTERN_DETECTED,89,2024-10-09 02:39:05.703065
ALT0000223,TXN00483873,ACCT100059864,ML_PATTERN_DETECTED,56,2023-10-23 20:44:07.427970
ALT0000224,TXN00481864,ACCT100088438,ML_PATTERN_DETECTED,66,2023-07-29 14:59:17.369055
ALT0000225,TXN00496834,ACCT100083285,ML_PATTERN_DETECTED,94,2023-08-27 06:29:54.949781
ALT0000226,TXN00492104,ACCT100033834,ML_PATTERN_DETECTED,80,2023-06-18 18:50:40.459696
ALT0000227,TXN00488853,ACCT100056005,ML_PATTERN_DETECTED,83,2023-06-06 23:39:48.627119
ALT0000228,TXN00496374,ACCT100037053,ML_PATTERN_DETECTED,85,2024-05-11 19:55:30.909110
ALT0000229,TXN00477310,ACCT100027084,ML_PATTERN_DETECTED,57,2024-07-28 00:20:40.093932
ALT0000230,TXN00497513,ACCT100067286,ML_PATTERN_DETECTED,88,2024-02-20 17:09:10.050265
ALT0000231,TXN00490666,ACCT100003186,ML_PATTERN_DETECTED,70,2024-02-29 08:25:14.226390
ALT0000232,TXN00478693,ACCT100010995,ML_PATTERN_DETECTED,83,2024-08-09 06:39:15.056770
ALT0000233,TXN00493946,ACCT100077427,ML_PATTERN_DETECTED,75,2023-08-06 00:20:04.359551
ALT0000234,TXN00496174,ACCT100048832,ML_PATTERN_DETECTED,52,2024-01-24 18:11:10.657070
ALT0000235,TXN00480063,ACCT100085507,ML_PATTERN_DETECTED,94,2024-02-09 02:07:32.775743
ALT0000236,TXN00483821,ACCT100092158,ML_PATTERN_DETECTED,84,2023-02-09 00:04:16.575866
ALT0000237,TXN00476295,ACCT100077195,ML_PATTERN_DETECTED,78,2024-09-29 09:42:34.339090
ALT0000238,TXN00499694,ACCT100002180,ML_PATTERN_DETECTED,59,2024-04-13 23:06:41.731136
ALT0000239,TXN00499624,ACCT100024225,ML_PATTERN_DETECTED,86,2023-06-17 12:50:37.467432
ALT0000240,TXN00484619,ACCT100034685,ML_PATTERN_DETECTED,83,2023-01-20 05:02:06.360430
ALT0000241,TXN00492100,ACCT100095628,ML_PATTERN_DETECTED,87,2024-06-07 22:40:54.115553
ALT0000242,TXN00494402,ACCT100069455,ML_PATTERN_DETECTED,59,2024-04-14 01:27:44.359185
ALT0000243,TXN00497604,ACCT100029439,ML_PATTERN_DETECTED,53,2023-04-08 14:08:59.279712
ALT0000244,TXN00485767,ACCT100075812,ML_PATTERN_DETECTED,57,2023-09-16 04:21:30.369123
ALT0000245,TXN00483258,ACCT100031296,ML_PATTERN_DETECTED,60,2023-06-10 13:12:44.676618
ALT0000246,TXN00490935,ACCT100085787,ML_PATTERN_DETECTED,67,2023-10-24 16:34:37.817172
ALT0000247,TXN00498290,ACCT100079739,ML_PATTERN_DETECTED,96,2024-12-18 17:56:11.367642
ALT0000248,TXN00496193,ACCT100001141,ML_PATTERN_DETECTED,84,2024-09-26 06:47:08.294857
ALT0000249,TXN00482289,ACCT100055854,ML_PATTERN_DETECTED,61,2024-05-25 15:23:56.206918
ALT0000250,TXN00481847,ACCT100044518,ML_PATTERN_DETECTED,95,2024-01-14 09:13:50.502079
ALT0000251,TXN00483831,ACCT100034762,ML_PATTERN_DETECTED,83,2024-01-28 08:46:36.844053
ALT0000252,TXN00480497,ACCT100081281,ML_PATTERN_DETECTED,86,2024-12-11 16:38:18.660464
ALT0000253,TXN00495935,ACCT100098642,ML_PATTERN_DETECTED,70,2023-07-01 15:25:24.051539
ALT0000254,TXN00489531,ACCT100090040,ML_PATTERN_DETECTED,64,2024-03-31 15:16:17.325461
ALT0000255,TXN00494214,ACCT100065753,ML_PATTERN_DETECTED,84,2024-02-25 13:37:28.328235
ALT0000256,TXN00483954,ACCT100018652,ML_PATTERN_DETECTED,83,2024-04-22 22:24:54.466124
ALT0000257,TXN00476070,ACCT100020400,ML_PATTERN_DETECTED,51,2023-11-18 03:03:24.636481
ALT0000258,TXN00482421,ACCT100088101,ML_PATTERN_DETECTED,86,2023-03-26 06:39:46.897286
ALT0000259,TXN00499428,ACCT100034111,ML_PATTERN_DETECTED,76,2024-12-25 17:43:20.754457
ALT0000260,TXN00483132,ACCT100003730,ML_PATTERN_DETECTED,54,2024-04-15 14:25:19.734797
ALT0000261,TXN00486067,ACCT100012086,ML_PATTERN_DETECTED,55,2024-05-04 22:44:02.953009
ALT0000262,TXN00497839,ACCT100011164,ML_PATTERN_DETECTED,54,2024-11-20 14:58:43.582319
ALT0000263,TXN00477336,ACCT100083114,ML_PATTERN_DETECTED,62,2024-09-25 01:00:40.016582
ALT0000264,TXN00476691,ACCT100099966,ML_PATTERN_DETECTED,72,2023-07-29 11:10:28.699418
ALT0000265,TXN00496949,ACCT100058602,ML_PATTERN_DETECTED,84,2023-04-17 01:08:16.654133
ALT0000266,TXN00493895,ACCT100022392,ML_PATTERN_DETECTED,96,2023-08-31 22:10:57.711446
ALT0000267,TXN00484457,ACCT100022749,ML_PATTERN_DETECTED,97,2024-11-09 19:13:23.869988
ALT0000268,TXN00483092,ACCT100015238,ML_PATTERN_DETECTED,83,2023-04-24 18:24:27.656805
ALT0000269,TXN00497891,ACCT100094892,ML_PATTERN_DETECTED,56,2023-07-19 07:30:55.070169
ALT0000270,TXN00489422,ACCT100008968,ML_PATTERN_DETECTED,97,2023-04-19 11:16:20.110687
ALT0000271,TXN00492198,ACCT100032757,ML_PATTERN_DETECTED,56,2023-03-21 22:54:26.173661
ALT0000272,TXN00485784,ACCT100049774,ML_PATTERN_DETECTED,68,2023-10-07 11:59:16.605552
ALT0000273,TXN00489344,ACCT100000593,ML_PATTERN_DETECTED,53,2023-08-29 20:57:31.939969
ALT0000274,TXN00476051,ACCT100022279,ML_PATTERN_DETECTED,88,2023-01-29 05:11:47.017554
ALT0000275,TXN00496154,ACCT100047353,ML_PATTERN_DETECTED,66,2023-03-12 13:29:25.808901
ALT0000276,TXN00489364,ACCT100041459,ML_PATTERN_DETECTED,56,2023-02-16 00:46:04.029365
ALT0000277,TXN00487953,ACCT100061443,ML_PATTERN_DETECTED,50,2023-01-05 20:29:46.748463
ALT0000278,TXN00492484,ACCT100010284,ML_PATTERN_DETECTED,80,2024-04-13 06:16:37.009521
ALT0000279,TXN00495560,ACCT100044222,ML_PATTERN_DETECTED,72,2024-01-25 23:41:55.163147
ALT0000280,TXN00477214,ACCT100001572,ML_PATTERN_DETECTED,82,2023-09-15 23:23:43.172351
ALT0000281,TXN00497233,ACCT100009939,ML_PATTERN_DETECTED,72,2023-10-28 19:28:57.021444
ALT0000282,TXN00481751,ACCT100064117,ML_PATTERN_DETECTED,76,2023-05-30 19:49:49.149460
ALT0000283,TXN00483159,ACCT100067918,ML_PATTERN_DETECTED,98,2023-02-10 19:32:40.120652
ALT0000284,TXN00484592,ACCT100018922,ML_PATTERN_DETECTED,97,2023-08-18 03:04:34.595021
ALT0000285,TXN00499166,ACCT100000415,ML_PATTERN_DETECTED,76,2024-08-26 15:06:18.274626
ALT0000286,TXN00496287,ACCT100050921,ML_PATTERN_DETECTED,70,2023-10-17 23:18:02.477881
ALT0000287,TXN00491124,ACCT100001500,ML_PATTERN_DETECTED,84,2024-03-14 04:11:04.620313
ALT0000288,TXN00493276,ACCT100055611,ML_PATTERN_DETECTED,60,2024-02-28 15:03:50.486364
ALT0000289,TXN00498378,ACCT100064865,ML_PATTERN_DETECTED,80,2024-03-17 19:09:18.320668
ALT0000290,TXN00475574,ACCT100080164,ML_PATTERN_DETECTED,79,2023-07-14 23:47:01.988333
ALT0000291,TXN00491779,ACCT100045323,ML_PATTERN_DETECTED,59,2023-06-10 12:07:47.787640
ALT0000292,TXN00485010,ACCT100079460,ML_PATTERN_DETECTED,73,2023-11-11 20:27:26.046490
ALT0000293,TXN00485812,ACCT100087040,ML_PATTERN_DETECTED,89,2024-06-26 06:49:50.813028
ALT0000294,TXN00492560,ACCT100091126,ML_PATTERN_DETECTED,63,2024-10-05 06:59:36.909151
ALT0000295,TXN00476149,ACCT100015175,ML_PATTERN_DETECTED,79,2023-01-05 20:23:14.828207
ALT0000296,TXN00480448,ACCT100013305,ML_PATTERN_DETECTED,75,2023-11-16 15:12:54.241591
ALT0000297,TXN00497001,ACCT100065860,ML_PATTERN_DETECTED,82,2024-10-30 12:06:58.099729
ALT0000298,TXN00489063,ACCT100045187,ML_PATTERN_DETECTED,56,2024-12-21 11:24:12.330216
ALT0000299,TXN00495707,ACCT100017315,ML_PATTERN_DETECTED,84,2024-04-20 04:57:56.978753
ALT0000300,TXN00493500,ACCT100086607,ML_PATTERN_DETECTED,97,2024-10-18 23:20:01.212104
ALT0000301,TXN00478634,ACCT100095008,ML_PATTERN_DETECTED,83,2023-02-18 03:58:19.093153
ALT0000302,TXN00493592,ACCT100032821,ML_PATTERN_DETECTED,78,2024-06-01 13:43:45.613400
ALT0000303,TXN00486679,ACCT100053409,ML_PATTERN_DETECTED,78,2024-10-06 12:50:46.215989
ALT0000304,TXN00497381,ACCT100087676,ML_PATTERN_DETECTED,58,2023-07-27 12:32:10.574053
ALT0000305,TXN00488852,ACCT100001895,ML_PATTERN_DETECTED,86,2023-02-17 09:26:43.072048
ALT0000306,TXN00492788,ACCT100053344,ML_PATTERN_DETECTED,89,2023-08-01 08:47:36.667646
ALT0000307,TXN00479295,ACCT100038382,ML_PATTERN_DETECTED,59,2024-03-07 02:00:05.565841
ALT0000308,TXN00492402,ACCT100056246,ML_PATTERN_DETECTED,92,2024-07-28 18:23:09.841706
ALT0000309,TXN00489229,ACCT100063974,ML_PATTERN_DETECTED,65,2023-04-30 05:32:15.574624
ALT0000310,TXN00499357,ACCT100081606,ML_PATTERN_DETECTED,75,2023-08-20 19:35:07.231320
ALT0000311,TXN00485042,ACCT100009027,ML_PATTERN_DETECTED,63,2023-08-27 22:49:20.999212
ALT0000312,TXN00499791,ACCT100030684,ML_PATTERN_DETECTED,55,2024-07-12 19:50:21.544465
ALT0000313,TXN00486765,ACCT100016404,ML_PATTERN_DETECTED,84,2023-10-10 19:24:07.985856
ALT0000314,TXN00478726,ACCT100085998,ML_PATTERN_DETECTED,98,2024-06-18 04:55:58.634053
ALT0000315,TXN00478145,ACCT100034477,ML_PATTERN_DETECTED,92,2024-01-18 03:46:54.297962
ALT0000316,TXN00478129,ACCT100034653,ML_PATTERN_DETECTED,88,2024-12-12 03:03:23.209469
ALT0000317,TXN00475345,ACCT100083590,ML_PATTERN_DETECTED,94,2023-02-10 07:21:05.287363
ALT0000318,TXN00485768,ACCT100094153,ML_PATTERN_DETECTED,53,2023-03-04 10:24:56.372464
ALT0000319,TXN00499569,ACCT100079824,ML_PATTERN_DETECTED,70,2023-06-02 13:02:35.418202
ALT0000320,TXN00476863,ACCT100009368,ML_PATTERN_DETECTED,96,2024-02-07 01:46:31.651327
ALT0000321,TXN00490871,ACCT100030755,ML_PATTERN_DETECTED,55,2024-05-02 10:33:44.727279
ALT0000322,TXN00487916,ACCT100031480,ML_PATTERN_DETECTED,63,2023-12-29 09:26:38.380810
ALT0000323,TXN00495217,ACCT100043148,ML_PATTERN_DETECTED,57,2024-11-12 16:46:58.540524
ALT0000324,TXN00494227,ACCT100025009,ML_PATTERN_DETECTED,78,2023-09-22 18:20:28.285740
ALT0000325,TXN00496082,ACCT100049364,ML_PATTERN_DETECTED,57,2023-11-15 07:07:04.892862
ALT0000326,TXN00499444,ACCT100034749,ML_PATTERN_DETECTED,83,2023-02-15 07:06:15.829967
ALT0000327,TXN00490075,ACCT100007900,ML_PATTERN_DETECTED,88,2023-07-16 01:00:54.561018
ALT0000328,TXN00492884,ACCT100029215,ML_PATTERN_DETECTED,91,2024-11-19 14:38:10.552319
ALT0000329,TXN00495387,ACCT100024658,ML_PATTERN_DETECTED,67,2023-09-04 11:56:26.681739
ALT0000330,TXN00487346,ACCT100090699,ML_PATTERN_DETECTED,69,2024-02-18 08:30:35.468210
ALT0000331,TXN00498685,ACCT100079780,ML_PATTERN_DETECTED,74,2024-01-22 00:37:56.535074
ALT0000332,TXN00477877,ACCT100039025,ML_PATTERN_DETECTED,50,2024-02-09 04:03:02.533525
ALT0000333,TXN00488541,ACCT100076220,ML_PATTERN_DETECTED,74,2024-09-17 18:25:25.311129
ALT0000334,TXN00475371,ACCT100078707,ML_PATTERN_DETECTED,67,2023-03-23 00:55:15.859330
ALT0000335,TXN00477720,ACCT100004049,ML_PATTERN_DETECTED,80,2024-11-08 17:01:07.617855
ALT0000336,TXN00481431,ACCT100002808,ML_PATTERN_DETECTED,56,2023-01-21 03:11:30.594617
ALT0000337,TXN00480752,ACCT100014666,ML_PATTERN_DETECTED,98,2024-01-01 03:27:04.365801
ALT0000338,TXN00482703,ACCT100004335,ML_PATTERN_DETECTED,92,2024-07-23 06:58:14.633909
ALT0000339,TXN00485493,ACCT100099399,ML_PATTERN_DETECTED,50,2023-11-14 07:31:31.229865
ALT0000340,TXN00476695,ACCT100025114,ML_PATTERN_DETECTED,61,2024-01-22 07:19:18.448653
ALT0000341,TXN00487846,ACCT100049310,ML_PATTERN_DETECTED,95,2024-07-03 00:09:35.476495
ALT0000342,TXN00488640,ACCT100052435,ML_PATTERN_DETECTED,53,2024-02-11 08:09:02.710863
ALT0000343,TXN00492400,ACCT100047646,ML_PATTERN_DETECTED,87,2024-07-17 07:21:27.540651
ALT0000344,TXN00493533,ACCT100067016,ML_PATTERN_DETECTED,60,2023-11-06 21:49:38.181067
ALT0000345,TXN00480044,ACCT100038885,ML_PATTERN_DETECTED,66,2023-01-15 07:06:27.549176
ALT0000346,TXN00485883,ACCT100063556,ML_PATTERN_DETECTED,97,2024-07-01 02:54:36.177084
ALT0000347,TXN00476423,ACCT100013683,ML_PATTERN_DETECTED,90,2023-08-26 05:35:48.837153
ALT0000348,TXN00484596,ACCT100020349,ML_PATTERN_DETECTED,68,2024-09-16 06:39:03.717052
ALT0000349,TXN00494763,ACCT100066906,ML_PATTERN_DETECTED,66,2023-06-29 18:08:16.978520
ALT0000350,TXN00488971,ACCT100065379,ML_PATTERN_DETECTED,60,2023-05-07 01:52:34.072415
ALT0000351,TXN00492221,ACCT100069747,ML_PATTERN_DETECTED,87,2024-11-29 04:32:40.570260
ALT0000352,TXN00479504,ACCT100061648,ML_PATTERN_DETECTED,64,2024-09-15 21:43:14.746371
ALT0000353,TXN00481280,ACCT100027939,ML_PATTERN_DETECTED,67,2023-05-21 11:50:40.669787
ALT0000354,TXN00485591,ACCT100052500,ML_PATTERN_DETECTED,84,2024-11-15 08:12:56.082915
ALT0000355,TXN00487956,ACCT100091967,ML_PATTERN_DETECTED,50,2024-07-29 11:27:20.256533
ALT0000356,TXN00494403,ACCT100053604,ML_PATTERN_DETECTED,55,2023-11-02 14:23:43.901099
ALT0000357,TXN00491013,ACCT100003555,ML_PATTERN_DETECTED,79,2023-11-12 19:42:34.979716
ALT0000358,TXN00479104,ACCT100095361,ML_PATTERN_DETECTED,66,2024-11-20 00:05:37.611876
ALT0000359,TXN00494651,ACCT100011581,ML_PATTERN_DETECTED,68,2023-11-10 17:28:12.276633
ALT0000360,TXN00499893,ACCT100030250,ML_PATTERN_DETECTED,95,2023-08-23 21:04:37.260334
ALT0000361,TXN00486253,ACCT100051051,ML_PATTERN_DETECTED,93,2023-07-27 05:21:16.874059
ALT0000362,TXN00495941,ACCT100036483,ML_PATTERN_DETECTED,94,2023-01-29 16:42:25.598911
ALT0000363,TXN00476837,ACCT100023994,ML_PATTERN_DETECTED,50,2023-01-06 03:13:47.483094
ALT0000364,TXN00485222,ACCT100007326,ML_PATTERN_DETECTED,79,2024-10-25 22:02:17.050996
ALT0000365,TXN00496881,ACCT100099692,ML_PATTERN_DETECTED,79,2024-08-24 03:03:29.689101
ALT0000366,TXN00493803,ACCT100091307,ML_PATTERN_DETECTED,92,2024-12-24 02:00:50.246217
ALT0000367,TXN00485544,ACCT100054423,ML_PATTERN_DETECTED,53,2024-07-26 03:03:48.011525
ALT0000368,TXN00481727,ACCT100082546,ML_PATTERN_DETECTED,62,2024-05-28 03:54:55.523006
ALT0000369,TXN00475231,ACCT100054674,ML_PATTERN_DETECTED,51,2024-09-03 09:13:26.045521
ALT0000370,TXN00484908,ACCT100094156,ML_PATTERN_DETECTED,60,2024-02-09 13:08:55.340210
ALT0000371,TXN00487029,ACCT100001724,ML_PATTERN_DETECTED,83,2023-01-25 19:23:13.179699
ALT0000372,TXN00483267,ACCT100078199,ML_PATTERN_DETECTED,73,2023-03-28 16:43:51.216125
ALT0000373,TXN00498096,ACCT100072085,ML_PATTERN_DETECTED,55,2024-09-20 03:34:51.697817
ALT0000374,TXN00488023,ACCT100072957,ML_PATTERN_DETECTED,56,2023-02-23 12:37:02.054095
ALT0000375,TXN00475944,ACCT100025653,ML_PATTERN_DETECTED,52,2024-06-02 19:08:09.866526
ALT0000376,TXN00478178,ACCT100039139,ML_PATTERN_DETECTED,93,2023-07-17 12:39:42.301127
ALT0000377,TXN00497841,ACCT100078008,ML_PATTERN_DETECTED,63,2023-02-03 12:11:13.681253
ALT0000378,TXN00482756,ACCT100000924,ML_PATTERN_DETECTED,50,2024-04-27 12:47:53.969727
ALT0000379,TXN00487405,ACCT100002517,ML_PATTERN_DETECTED,98,2023-08-04 16:42:26.174284
ALT0000380,TXN00479361,ACCT100034422,ML_PATTERN_DETECTED,64,2024-03-14 05:44:41.745786
ALT0000381,TXN00492799,ACCT100046060,ML_PATTERN_DETECTED,97,2024-03-31 06:30:34.744361
ALT0000382,TXN00489601,ACCT100035412,ML_PATTERN_DETECTED,98,2024-10-04 01:32:32.096135
ALT0000383,TXN00481233,ACCT100063911,ML_PATTERN_DETECTED,65,2023-01-20 14:52:12.926600
ALT0000384,TXN00477853,ACCT100062458,ML_PATTERN_DETECTED,70,2023-09-22 12:38:05.340061
ALT0000385,TXN00499027,ACCT100042688,ML_PATTERN_DETECTED,53,2023-01-30 14:39:15.570904
ALT0000386,TXN00494287,ACCT100054893,ML_PATTERN_DETECTED,66,2023-05-04 20:02:32.872199
ALT0000387,TXN00478659,ACCT100028959,ML_PATTERN_DETECTED,54,2024-08-05 06:40:28.555900
ALT0000388,TXN00489415,ACCT100030009,ML_PATTERN_DETECTED,60,2023-03-25 18:01:03.402225
ALT0000389,TXN00482708,ACCT100097205,ML_PATTERN_DETECTED,68,2023-03-14 22:49:44.597969
ALT0000390,TXN00484987,ACCT100026945,ML_PATTERN_DETECTED,64,2023-11-03 01:00:41.567708
ALT0000391,TXN00491078,ACCT100080354,ML_PATTERN_DETECTED,68,2024-10-12 22:42:05.238851
ALT0000392,TXN00478529,ACCT100022881,ML_PATTERN_DETECTED,54,2023-01-29 03:10:15.056355
ALT0000393,TXN00496169,ACCT100023928,ML_PATTERN_DETECTED,82,2023-08-16 12:06:24.280237
ALT0000394,TXN00494563,ACCT100078595,ML_PATTERN_DETECTED,67,2024-04-23 20:38:35.626920
ALT0000395,TXN00491634,ACCT100082128,ML_PATTERN_DETECTED,96,2023-12-02 17:52:06.698475
ALT0000396,TXN00494521,ACCT100040978,ML_PATTERN_DETECTED,78,2024-11-04 18:05:14.172156
ALT0000397,TXN00479417,ACCT100082154,ML_PATTERN_DETECTED,83,2024-07-18 19:03:22.598570
ALT0000398,TXN00322687,ACCT100092416,HIGH_VALUE_TXN,98,2024-08-20 01:45:04.159088
ALT0000399,TXN00478299,ACCT100091693,ML_PATTERN_DETECTED,84,2024-10-07 09:08:47.505851
ALT0000400,TXN00480719,ACCT100052030,ML_PATTERN_DETECTED,65,2023-02-03 01:45:35.289296
ALT0000401,TXN00489492,ACCT100086120,ML_PATTERN_DETECTED,79,2023-07-22 21:44:36.474761
ALT0000402,TXN00492992,ACCT100040703,ML_PATTERN_DETECTED,54,2023-04-13 11:35:02.987971
ALT0000403,TXN00499420,ACCT100026312,ML_PATTERN_DETECTED,63,2023-08-07 20:40:14.769612
ALT0000404,TXN00495301,ACCT100020535,ML_PATTERN_DETECTED,78,2024-07-25 07:07:51.471422
ALT0000405,TXN00495976,ACCT100020035,ML_PATTERN_DETECTED,63,2024-12-28 20:09:09.841709
ALT0000406,TXN00493689,ACCT100072745,ML_PATTERN_DETECTED,87,2024-04-30 23:14:24.489542
ALT0000407,TXN00481835,ACCT100002455,ML_PATTERN_DETECTED,56,2024-01-08 19:54:02.229676
ALT0000408,TXN00492561,ACCT100092253,ML_PATTERN_DETECTED,73,2024-03-09 15:42:50.950156
ALT0000409,TXN00492773,ACCT100086078,ML_PATTERN_DETECTED,71,2023-06-07 17:41:50.660126
ALT0000410,TXN00499193,ACCT100017550,ML_PATTERN_DETECTED,56,2024-08-26 19:38:48.442912
ALT0000411,TXN00483187,ACCT100023865,ML_PATTERN_DETECTED,69,2024-08-22 07:05:46.809167
ALT0000412,TXN00484606,ACCT100001003,ML_PATTERN_DETECTED,59,2024-07-17 13:31:13.279546
ALT0000413,TXN00476888,ACCT100065983,ML_PATTERN_DETECTED,88,2024-01-10 18:59:54.821723
ALT0000414,TXN00497574,ACCT100064722,ML_PATTERN_DETECTED,64,2023-09-04 11:55:03.801128
ALT0000415,TXN00478137,ACCT100074018,ML_PATTERN_DETECTED,90,2023-08-07 21:21:39.383419
ALT0000416,TXN00481223,ACCT100025423,ML_PATTERN_DETECTED,89,2024-12-08 01:52:19.885712
ALT0000417,TXN00491427,ACCT100098092,ML_PATTERN_DETECTED,96,2024-01-10 10:18:35.416715
ALT0000418,TXN00494466,ACCT100005232,ML_PATTERN_DETECTED,60,2024-02-10 22:08:17.578115
ALT0000419,TXN00496989,ACCT100081130,ML_PATTERN_DETECTED,71,2024-07-19 19:48:19.504323
ALT0000420,TXN00486581,ACCT100030730,ML_PATTERN_DETECTED,73,2023-01-05 06:57:25.160762
ALT0000421,TXN00497315,ACCT100095286,ML_PATTERN_DETECTED,64,2023-10-17 08:51:49.440044
ALT0000422,TXN00482061,ACCT100031189,ML_PATTERN_DETECTED,60,2024-09-14 06:20:31.099721
ALT0000423,TXN00497026,ACCT100036816,ML_PATTERN_DETECTED,82,2023-07-22 21:13:54.809893
ALT0000424,TXN00478655,ACCT100087786,ML_PATTERN_DETECTED,90,2023-05-17 13:48:37.115980
ALT0000425,TXN00490813,ACCT100039211,ML_PATTERN_DETECTED,71,2023-09-24 10:42:07.702724
ALT0000426,TXN00478651,ACCT100001626,ML_PATTERN_DETECTED,89,2024-02-29 08:12:21.877080
ALT0000427,TXN00493450,ACCT100066478,ML_PATTERN_DETECTED,85,2024-10-06 01:11:22.898649
ALT0000428,TXN00483708,ACCT100004356,ML_PATTERN_DETECTED,52,2024-12-15 02:41:39.781941
ALT0000429,TXN00492794,ACCT100070396,ML_PATTERN_DETECTED,76,2023-06-06 18:05:50.352045
ALT0000430,TXN00494462,ACCT100032431,ML_PATTERN_DETECTED,86,2023-11-23 04:28:09.479435
ALT0000431,TXN00475207,ACCT100092006,ML_PATTERN_DETECTED,52,2024-06-06 15:45:38.218403
ALT0000432,TXN00488898,ACCT100096274,ML_PATTERN_DETECTED,65,2023-09-15 11:15:04.704548
ALT0000433,TXN00492495,ACCT100052471,ML_PATTERN_DETECTED,90,2023-09-23 21:08:02.786897
ALT0000434,TXN00487761,ACCT100043312,ML_PATTERN_DETECTED,50,2023-11-28 09:35:19.008226
ALT0000435,TXN00484819,ACCT100099141,ML_PATTERN_DETECTED,92,2023-01-26 12:18:42.684617
ALT0000436,TXN00477962,ACCT100012585,ML_PATTERN_DETECTED,54,2024-02-23 18:50:41.195929
ALT0000437,TXN00489162,ACCT100004375,ML_PATTERN_DETECTED,76,2024-04-30 13:51:40.550586
ALT0000438,TXN00490557,ACCT100061299,ML_PATTERN_DETECTED,81,2024-12-16 08:11:56.183887
ALT0000439,TXN00484211,ACCT100083491,ML_PATTERN_DETECTED,71,2023-10-29 16:36:49.839263
ALT0000440,TXN00484162,ACCT100044241,ML_PATTERN_DETECTED,96,2023-05-23 12:16:27.778073
ALT0000441,TXN00475023,ACCT100061715,ML_PATTERN_DETECTED,52,2024-08-23 13:32:01.562222
ALT0000442,TXN00487689,ACCT100069049,ML_PATTERN_DETECTED,89,2023-03-24 14:45:03.700882
ALT0000443,TXN00493886,ACCT100052604,ML_PATTERN_DETECTED,76,2023-10-07 06:57:09.755754
ALT0000444,TXN00486964,ACCT100072506,ML_PATTERN_DETECTED,72,2023-03-18 03:20:07.857032
ALT0000445,TXN00499304,ACCT100070981,ML_PATTERN_DETECTED,57,2023-08-14 00:28:44.737083
ALT0000446,TXN00486044,ACCT100087491,ML_PATTERN_DETECTED,71,2024-06-15 18:27:06.819787
ALT0000447,TXN00483325,ACCT100049518,ML_PATTERN_DETECTED,87,2024-01-14 14:05:44.292815
ALT0000448,TXN00489002,ACCT100070163,ML_PATTERN_DETECTED,78,2023-04-09 02:31:03.485536
ALT0000449,TXN00479233,ACCT100011623,ML_PATTERN_DETECTED,79,2024-09-17 11:24:56.470681
ALT0000450,TXN00481336,ACCT100054765,ML_PATTERN_DETECTED,87,2024-05-27 07:20:12.263159
ALT0000451,TXN00494088,ACCT100014917,ML_PATTERN_DETECTED,61,2023-07-04 16:02:09.630923
ALT0000452,TXN00488110,ACCT100091522,ML_PATTERN_DETECTED,78,2023-05-03 19:44:05.998590
ALT0000453,TXN00488280,ACCT100073224,ML_PATTERN_DETECTED,81,2024-06-12 14:38:08.421961
ALT0000454,TXN00481826,ACCT100081712,ML_PATTERN_DETECTED,96,2023-07-07 18:55:04.650947
ALT0000455,TXN00486967,ACCT100043499,ML_PATTERN_DETECTED,58,2024-11-09 09:18:44.113315
ALT0000456,TXN00477143,ACCT100047855,ML_PATTERN_DETECTED,63,2024-06-15 14:47:04.914518
ALT0000457,TXN00487574,ACCT100069869,ML_PATTERN_DETECTED,64,2024-12-24 23:53:32.595053
ALT0000458,TXN00497234,ACCT100079314,ML_PATTERN_DETECTED,53,2023-08-17 20:15:07.323117
ALT0000459,TXN00490296,ACCT100028576,ML_PATTERN_DETECTED,93,2024-10-31 19:29:04.526466
ALT0000460,TXN00489246,ACCT100083843,ML_PATTERN_DETECTED,65,2023-04-27 06:58:12.658883
ALT0000461,TXN00494294,ACCT100009899,ML_PATTERN_DETECTED,97,2024-11-18 13:48:38.342745
ALT0000462,TXN00480142,ACCT100079389,ML_PATTERN_DETECTED,65,2023-11-23 20:47:09.901835
ALT0000463,TXN00486599,ACCT100082999,ML_PATTERN_DETECTED,96,2023-03-07 03:28:51.735303
ALT0000464,TXN00494905,ACCT100039959,ML_PATTERN_DETECTED,80,2023-03-14 09:59:17.174268
ALT0000465,TXN00497853,ACCT100030611,ML_PATTERN_DETECTED,76,2023-06-27 06:33:58.223990
ALT0000466,TXN00488462,ACCT100050322,ML_PATTERN_DETECTED,74,2023-03-17 19:25:07.400138
ALT0000467,TXN00495861,ACCT100092484,ML_PATTERN_DETECTED,97,2023-10-29 12:50:04.579350
ALT0000468,TXN00499280,ACCT100006755,ML_PATTERN_DETECTED,96,2024-04-06 22:43:47.687823
ALT0000469,TXN00483106,ACCT100016916,ML_PATTERN_DETECTED,60,2024-09-16 07:56:25.882954
ALT0000470,TXN00495921,ACCT100013685,ML_PATTERN_DETECTED,55,2024-11-11 19:22:46.463374
ALT0000471,TXN00475047,ACCT100012463,ML_PATTERN_DETECTED,76,2024-03-16 19:12:44.506819
ALT0000472,TXN00479733,ACCT100084733,ML_PATTERN_DETECTED,68,2023-06-21 20:52:17.837452
ALT0000473,TXN00493149,ACCT100025179,ML_PATTERN_DETECTED,74,2024-05-18 01:45:31.778564
ALT0000474,TXN00497489,ACCT100043872,ML_PATTERN_DETECTED,76,2024-07-12 11:06:25.859955
ALT0000475,TXN00491893,ACCT100055403,ML_PATTERN_DETECTED,92,2024-01-24 07:41:57.938157
ALT0000476,TXN00479254,ACCT100053056,ML_PATTERN_DETECTED,78,2024-09-22 11:04:12.275253
ALT0000477,TXN00496317,ACCT100071077,ML_PATTERN_DETECTED,52,2024-06-28 13:49:40.015815
ALT0000478,TXN00490562,ACCT100013457,ML_PATTERN_DETECTED,65,2023-05-15 20:05:45.352823
ALT0000479,TXN00490243,ACCT100085034,ML_PATTERN_DETECTED,80,2023-07-03 14:51:52.260093
ALT0000480,TXN00480062,ACCT100095369,ML_PATTERN_DETECTED,63,2024-02-05 21:57:10.724438
ALT0000481,TXN00499507,ACCT100014172,ML_PATTERN_DETECTED,83,2024-08-09 18:45:00.098476
ALT0000482,TXN00494016,ACCT100001670,ML_PATTERN_DETECTED,53,2023-04-22 17:43:14.053391
ALT0000483,TXN00476138,ACCT100078652,ML_PATTERN_DETECTED,91,2024-09-07 11:53:04.879992
ALT0000484,TXN00480018,ACCT100057808,ML_PATTERN_DETECTED,70,2024-06-18 22:50:15.822432
ALT0000485,TXN00483797,ACCT100009130,ML_PATTERN_DETECTED,69,2024-03-02 10:03:51.015221
ALT0000486,TXN00479582,ACCT100031811,ML_PATTERN_DETECTED,82,2023-04-11 19:51:47.885231
ALT0000487,TXN00483228,ACCT100052592,ML_PATTERN_DETECTED,70,2024-10-29 10:24:20.822966
ALT0000488,TXN00496721,ACCT100050579,ML_PATTERN_DETECTED,57,2023-03-01 05:50:45.349319
ALT0000489,TXN00491169,ACCT100033961,ML_PATTERN_DETECTED,79,2023-07-17 18:15:09.765895
ALT0000490,TXN00494155,ACCT100087401,ML_PATTERN_DETECTED,94,2024-09-11 18:31:24.383770
ALT0000491,TXN00487042,ACCT100019639,ML_PATTERN_DETECTED,59,2024-11-24 21:37:56.290758
ALT0000492,TXN00487754,ACCT100000295,ML_PATTERN_DETECTED,62,2024-10-17 11:36:22.130248
ALT0000493,TXN00484739,ACCT100049011,ML_PATTERN_DETECTED,76,2024-11-19 08:37:06.088038
ALT0000494,TXN00482946,ACCT100063401,ML_PATTERN_DETECTED,93,2023-10-07 01:36:27.571017
ALT0000495,TXN00476677,ACCT100099738,ML_PATTERN_DETECTED,52,2023-07-22 14:39:08.942660
ALT0000496,TXN00483144,ACCT100016666,ML_PATTERN_DETECTED,66,2023-05-26 03:25:11.850069
ALT0000497,TXN00489617,ACCT100043060,ML_PATTERN_DETECTED,58,2024-10-30 04:41:42.406335
ALT0000498,TXN00486816,ACCT100042483,ML_PATTERN_DETECTED,68,2024-09-16 13:32:44.644481
ALT0000499,TXN00488627,ACCT100088257,ML_PATTERN_DETECTED,70,2023-08-08 11:03:08.301791
ALT0000500,TXN00477885,ACCT100071356,ML_PATTERN_DETECTED,50,2023-09-17 13:40:07.201534
ALT0000501,TXN00492247,ACCT100064355,ML_PATTERN_DETECTED,79,2023-05-12 22:08:37.368982
ALT0000502,TXN00495130,ACCT100011233,ML_PATTERN_DETECTED,62,2024-12-10 02:13:47.677400
ALT0000503,TXN00482953,ACCT100034866,ML_PATTERN_DETECTED,63,2024-09-27 11:49:59.404637
ALT0000504,TXN00482537,ACCT100056179,ML_PATTERN_DETECTED,54,2024-06-10 16:29:17.091691
ALT0000505,TXN00485040,ACCT100019240,ML_PATTERN_DETECTED,66,2023-05-29 06:21:02.526263
ALT0000506,TXN00478411,ACCT100015921,ML_PATTERN_DETECTED,68,2023-09-13 09:26:12.720234
ALT0000507,TXN00479528,ACCT100009520,ML_PATTERN_DETECTED,53,2024-03-05 11:17:20.037229
ALT0000508,TXN00494039,ACCT100097319,ML_PATTERN_DETECTED,54,2023-06-27 10:43:20.100491
ALT0000509,TXN00479432,ACCT100084758,ML_PATTERN_DETECTED,93,2023-10-30 01:40:00.083662
ALT0000510,TXN00496138,ACCT100078941,ML_PATTERN_DETECTED,83,2023-06-27 00:39:18.125338
ALT0000511,TXN00480875,ACCT100033435,ML_PATTERN_DETECTED,77,2023-05-12 11:09:11.021832
ALT0000512,TXN00475294,ACCT100090958,ML_PATTERN_DETECTED,51,2024-09-03 02:06:43.584421
ALT0000513,TXN00499566,ACCT100067225,ML_PATTERN_DETECTED,62,2024-07-21 07:30:02.059751
ALT0000514,TXN00496385,ACCT100001950,ML_PATTERN_DETECTED,92,2024-11-20 04:41:53.050068
ALT0000515,TXN00475198,ACCT100054628,ML_PATTERN_DETECTED,54,2024-02-07 16:41:34.769300
ALT0000516,TXN00476375,ACCT100030347,ML_PATTERN_DETECTED,95,2023-08-07 20:48:45.156307
ALT0000517,TXN00490426,ACCT100005540,ML_PATTERN_DETECTED,65,2023-03-27 02:22:33.393171
ALT0000518,TXN00494870,ACCT100067790,ML_PATTERN_DETECTED,61,2024-09-30 22:31:32.737176
ALT0000519,TXN00478489,ACCT100011333,ML_PATTERN_DETECTED,76,2024-11-11 13:10:46.982893
ALT0000520,TXN00495913,ACCT100060847,ML_PATTERN_DETECTED,62,2024-02-15 02:56:37.033740
ALT0000521,TXN00483297,ACCT100091956,ML_PATTERN_DETECTED,97,2023-06-22 00:40:45.274626
ALT0000522,TXN00490939,ACCT100011275,ML_PATTERN_DETECTED,55,2023-04-04 18:18:44.875580
ALT0000523,TXN00478825,ACCT100063723,ML_PATTERN_DETECTED,75,2023-04-19 02:08:16.438368
ALT0000524,TXN00492929,ACCT100075587,ML_PATTERN_DETECTED,55,2024-03-08 03:39:51.437436
ALT0000525,TXN00491795,ACCT100094886,ML_PATTERN_DETECTED,71,2024-11-10 01:43:53.052838
ALT0000526,TXN00482057,ACCT100018604,ML_PATTERN_DETECTED,79,2024-01-05 14:24:54.114992
ALT0000527,TXN00493496,ACCT100057468,ML_PATTERN_DETECTED,66,2024-05-17 16:25:33.241872
ALT0000528,TXN00481241,ACCT100008775,ML_PATTERN_DETECTED,96,2023-01-22 21:38:59.350553
ALT0000529,TXN00499903,ACCT100069651,ML_PATTERN_DETECTED,63,2024-05-09 15:40:03.336142
ALT0000530,TXN00488417,ACCT100053682,ML_PATTERN_DETECTED,55,2024-08-09 05:21:32.315552
ALT0000531,TXN00481997,ACCT100070878,ML_PATTERN_DETECTED,92,2023-02-20 11:18:52.675932
ALT0000532,TXN00484527,ACCT100091137,ML_PATTERN_DETECTED,84,2023-07-21 13:53:26.425208
ALT0000533,TXN00476592,ACCT100054230,ML_PATTERN_DETECTED,82,2024-06-25 11:32:13.149540
ALT0000534,TXN00499362,ACCT100023312,ML_PATTERN_DETECTED,93,2024-06-08 17:07:35.104213
ALT0000535,TXN00480728,ACCT100024521,ML_PATTERN_DETECTED,94,2023-07-26 06:22:48.380710
ALT0000536,TXN00478540,ACCT100099553,ML_PATTERN_DETECTED,83,2024-10-26 23:44:13.833348
ALT0000537,TXN00483919,ACCT100089448,ML_PATTERN_DETECTED,78,2023-03-22 06:11:32.843605
ALT0000538,TXN00484177,ACCT100077151,ML_PATTERN_DETECTED,97,2024-08-21 13:08:10.879792
ALT0000539,TXN00484845,ACCT100033162,ML_PATTERN_DETECTED,81,2023-01-02 05:13:03.034631
ALT0000540,TXN00478557,ACCT100015204,ML_PATTERN_DETECTED,95,2023-02-02 07:12:23.457459
ALT0000541,TXN00479230,ACCT100087865,ML_PATTERN_DETECTED,56,2024-08-08 18:11:21.349971
ALT0000542,TXN00493107,ACCT100059058,ML_PATTERN_DETECTED,57,2024-08-29 04:01:16.159910
ALT0000543,TXN00480697,ACCT100053262,ML_PATTERN_DETECTED,64,2024-03-19 07:12:01.043808
ALT0000544,TXN00483358,ACCT100036003,ML_PATTERN_DETECTED,87,2024-04-25 21:08:23.066618
ALT0000545,TXN00482238,ACCT100090455,ML_PATTERN_DETECTED,90,2024-03-20 08:01:27.529732
ALT0000546,TXN00476957,ACCT100038741,ML_PATTERN_DETECTED,64,2024-07-06 13:11:23.598380
ALT0000547,TXN00499909,ACCT100053919,ML_PATTERN_DETECTED,82,2023-06-29 00:36:10.137769
ALT0000548,TXN00481818,ACCT100084815,ML_PATTERN_DETECTED,79,2024-01-23 13:42:54.740637
ALT0000549,TXN00486214,ACCT100006298,ML_PATTERN_DETECTED,90,2024-02-18 05:40:30.659913
ALT0000550,TXN00496876,ACCT100068591,ML_PATTERN_DETECTED,77,2024-10-31 03:17:14.758559
ALT0000551,TXN00483725,ACCT100056649,ML_PATTERN_DETECTED,67,2023-02-25 11:10:14.656626
ALT0000552,TXN00496844,ACCT100069018,ML_PATTERN_DETECTED,88,2023-02-15 19:59:34.818640
ALT0000553,TXN00478132,ACCT100041494,ML_PATTERN_DETECTED,95,2023-11-25 02:08:42.888411
ALT0000554,TXN00478927,ACCT100054286,ML_PATTERN_DETECTED,95,2024-03-30 06:31:31.932551
ALT0000555,TXN00483884,ACCT100078912,ML_PATTERN_DETECTED,62,2024-12-11 12:25:52.528061
ALT0000556,TXN00479842,ACCT100091426,ML_PATTERN_DETECTED,77,2024-10-12 04:53:54.707407
ALT0000557,TXN00485725,ACCT100046868,ML_PATTERN_DETECTED,95,2024-04-06 22:15:02.438979
ALT0000558,TXN00488066,ACCT100059013,ML_PATTERN_DETECTED,96,2024-07-19 05:44:15.824085
ALT0000559,TXN00496008,ACCT100036528,ML_PATTERN_DETECTED,84,2023-11-13 19:52:57.271346
ALT0000560,TXN00483505,ACCT100019694,ML_PATTERN_DETECTED,94,2024-10-01 06:37:34.599719
ALT0000561,TXN00499782,ACCT100069807,ML_PATTERN_DETECTED,52,2023-01-29 03:53:45.751598
ALT0000562,TXN00475464,ACCT100051870,ML_PATTERN_DETECTED,67,2024-11-04 10:19:25.798431
ALT0000563,TXN00498347,ACCT100015913,ML_PATTERN_DETECTED,83,2024-12-22 17:18:04.605763
ALT0000564,TXN00498302,ACCT100048773,ML_PATTERN_DETECTED,83,2023-03-30 02:52:14.506594
ALT0000565,TXN00487439,ACCT100097205,ML_PATTERN_DETECTED,81,2023-05-20 17:39:50.348098
ALT0000566,TXN00484286,ACCT100008054,ML_PATTERN_DETECTED,67,2023-06-04 12:20:03.302603
ALT0000567,TXN00477589,ACCT100081673,ML_PATTERN_DETECTED,56,2023-01-29 07:29:54.566573
ALT0000568,TXN00482651,ACCT100066673,ML_PATTERN_DETECTED,72,2024-10-08 07:06:46.155354
ALT0000569,TXN00496595,ACCT100040030,ML_PATTERN_DETECTED,80,2024-11-22 15:43:51.506293
ALT0000570,TXN00489681,ACCT100063635,ML_PATTERN_DETECTED,95,2023-02-20 02:49:30.019160
ALT0000571,TXN00494024,ACCT100000351,ML_PATTERN_DETECTED,66,2024-03-13 14:32:44.559124
ALT0000572,TXN00489283,ACCT100092148,ML_PATTERN_DETECTED,79,2023-05-21 07:32:54.287604
ALT0000573,TXN00479982,ACCT100000010,ML_PATTERN_DETECTED,82,2024-07-26 03:25:33.821086
ALT0000574,TXN00482977,ACCT100086509,ML_PATTERN_DETECTED,96,2024-02-16 07:36:58.329447
ALT0000575,TXN00477761,ACCT100048523,ML_PATTERN_DETECTED,60,2023-08-04 06:08:45.142618
ALT0000576,TXN00488385,ACCT100076891,ML_PATTERN_DETECTED,72,2023-06-10 16:39:22.799906
ALT0000577,TXN00482216,ACCT100089883,ML_PATTERN_DETECTED,61,2023-07-26 19:33:57.990046
ALT0000578,TXN00475800,ACCT100021609,ML_PATTERN_DETECTED,86,2024-10-28 19:46:24.747827
ALT0000579,TXN00481839,ACCT100038688,ML_PATTERN_DETECTED,53,2023-07-13 04:47:37.488965
ALT0000580,TXN00497425,ACCT100068145,ML_PATTERN_DETECTED,94,2023-08-26 17:16:17.986108
ALT0000581,TXN00478230,ACCT100009289,ML_PATTERN_DETECTED,88,2023-10-15 07:54:38.951822
ALT0000582,TXN00476404,ACCT100019590,ML_PATTERN_DETECTED,51,2023-05-25 08:20:37.368917
ALT0000583,TXN00469938,ACCT100052696,HIGH_VALUE_TXN,94,2023-09-15 16:55:02.585898
ALT0000584,TXN00484082,ACCT100034208,ML_PATTERN_DETECTED,80,2024-05-06 13:20:40.747472
ALT0000585,TXN00495178,ACCT100073723,ML_PATTERN_DETECTED,82,2023-11-28 06:57:06.052049
ALT0000586,TXN00478310,ACCT100024595,ML_PATTERN_DETECTED,68,2024-01-02 07:01:58.731666
ALT0000587,TXN00495189,ACCT100011371,ML_PATTERN_DETECTED,57,2023-09-12 20:24:15.009268
ALT0000588,TXN00484818,ACCT100023993,ML_PATTERN_DETECTED,90,2023-02-13 04:54:46.998097
ALT0000589,TXN00487781,ACCT100073707,ML_PATTERN_DETECTED,61,2024-05-21 17:25:18.885689
ALT0000590,TXN00495169,ACCT100021823,ML_PATTERN_DETECTED,52,2023-10-30 01:20:07.044704
ALT0000591,TXN00489108,ACCT100071226,ML_PATTERN_DETECTED,63,2023-09-29 12:27:20.009391
ALT0000592,TXN00493206,ACCT100095718,ML_PATTERN_DETECTED,85,2024-02-09 11:40:16.842900
ALT0000593,TXN00494083,ACCT100066056,ML_PATTERN_DETECTED,82,2024-08-06 22:50:58.770556
ALT0000594,TXN00499561,ACCT100055665,ML_PATTERN_DETECTED,97,2023-08-18 08:14:29.171754
ALT0000595,TXN00487919,ACCT100086460,ML_PATTERN_DETECTED,82,2024-03-20 21:44:52.468418
ALT0000596,TXN00495513,ACCT100059456,ML_PATTERN_DETECTED,85,2024-04-20 09:30:04.097765
ALT0000597,TXN00497749,ACCT100069183,ML_PATTERN_DETECTED,86,2023-03-31 07:59:55.511005
ALT0000598,TXN00478742,ACCT100068342,ML_PATTERN_DETECTED,84,2023-07-16 12:56:10.578341
ALT0000599,TXN00498571,ACCT100023090,ML_PATTERN_DETECTED,52,2023-10-21 07:26:27.599667
ALT0000600,TXN00480456,ACCT100089058,ML_PATTERN_DETECTED,71,2024-11-26 16:19:18.733498
ALT0000601,TXN00498230,ACCT100083819,ML_PATTERN_DETECTED,79,2024-12-22 08:45:05.650179
ALT0000602,TXN00329640,ACCT100004163,HIGH_VALUE_TXN,51,2023-04-04 03:33:57.803234
ALT0000603,TXN00494433,ACCT100054813,ML_PATTERN_DETECTED,96,2023-11-28 19:49:58.801606
ALT0000604,TXN00478867,ACCT100040993,ML_PATTERN_DETECTED,51,2023-02-03 15:33:24.150814
ALT0000605,TXN00493570,ACCT100033170,ML_PATTERN_DETECTED,63,2023-03-24 01:14:44.462456
ALT0000606,TXN00488714,ACCT100017523,ML_PATTERN_DETECTED,85,2023-02-05 17:02:12.997801
ALT0000607,TXN00491961,ACCT100043344,ML_PATTERN_DETECTED,89,2024-10-22 12:51:11.868470
ALT0000608,TXN00475142,ACCT100094991,ML_PATTERN_DETECTED,83,2024-03-14 12:28:57.745241
ALT0000609,TXN00497009,ACCT100056357,ML_PATTERN_DETECTED,98,2023-09-27 18:27:08.233407
ALT0000610,TXN00476616,ACCT100049688,ML_PATTERN_DETECTED,76,2023-05-19 17:48:37.580611
ALT0000611,TXN00482387,ACCT100059831,ML_PATTERN_DETECTED,52,2023-03-29 11:39:15.112259
ALT0000612,TXN00494513,ACCT100064831,ML_PATTERN_DETECTED,89,2024-08-18 02:16:52.852508
ALT0000613,TXN00483401,ACCT100067966,ML_PATTERN_DETECTED,76,2024-09-22 05:16:54.632453
ALT0000614,TXN00496786,ACCT100045452,ML_PATTERN_DETECTED,85,2024-04-29 14:08:06.360127
ALT0000615,TXN00488822,ACCT100004548,ML_PATTERN_DETECTED,85,2024-11-02 19:38:04.894225
ALT0000616,TXN00490153,ACCT100097116,ML_PATTERN_DETECTED,73,2024-02-19 15:41:46.327872
ALT0000617,TXN00491383,ACCT100064127,ML_PATTERN_DETECTED,82,2023-10-01 08:26:06.373504
ALT0000618,TXN00492120,ACCT100088464,ML_PATTERN_DETECTED,85,2023-02-24 15:08:30.553821
ALT0000619,TXN00480605,ACCT100090247,ML_PATTERN_DETECTED,79,2024-07-16 05:38:16.051034
ALT0000620,TXN00476920,ACCT100058213,ML_PATTERN_DETECTED,97,2024-01-13 08:13:11.888693
ALT0000621,TXN00490066,ACCT100008259,ML_PATTERN_DETECTED,87,2023-04-09 00:22:49.634933
ALT0000622,TXN00487001,ACCT100071041,ML_PATTERN_DETECTED,66,2023-03-16 14:12:04.810223
ALT0000623,TXN00493858,ACCT100030291,ML_PATTERN_DETECTED,74,2023-08-23 14:16:54.906597
ALT0000624,TXN00477700,ACCT100087925,ML_PATTERN_DETECTED,84,2023-01-14 16:00:43.298264
ALT0000625,TXN00480050,ACCT100066591,ML_PATTERN_DETECTED,58,2024-11-12 14:38:42.332070
ALT0000626,TXN00487065,ACCT100043953,ML_PATTERN_DETECTED,94,2023-04-23 05:02:23.786510
ALT0000627,TXN00475178,ACCT100010229,ML_PATTERN_DETECTED,63,2023-02-16 21:04:59.511264
ALT0000628,TXN00491797,ACCT100060629,ML_PATTERN_DETECTED,59,2024-12-15 22:37:39.784881
ALT0000629,TXN00475449,ACCT100092335,ML_PATTERN_DETECTED,57,2024-09-23 06:56:15.928115
ALT0000630,TXN00483189,ACCT100017913,ML_PATTERN_DETECTED,76,2024-11-24 02:16:39.540449
ALT0000631,TXN00496389,ACCT100031190,ML_PATTERN_DETECTED,77,2024-09-12 08:19:01.517212
ALT0000632,TXN00497920,ACCT100059635,ML_PATTERN_DETECTED,71,2023-05-31 23:21:29.161919
ALT0000633,TXN00482120,ACCT100024908,ML_PATTERN_DETECTED,68,2024-12-17 06:40:19.608238
ALT0000634,TXN00482043,ACCT100076479,ML_PATTERN_DETECTED,80,2024-03-15 05:06:43.668490
ALT0000635,TXN00487244,ACCT100028722,ML_PATTERN_DETECTED,66,2023-05-13 22:36:13.985875
ALT0000636,TXN00479933,ACCT100043880,ML_PATTERN_DETECTED,76,2024-04-29 01:11:06.056495
ALT0000637,TXN00482432,ACCT100038818,ML_PATTERN_DETECTED,86,2023-11-19 23:13:31.735615
ALT0000638,TXN00489069,ACCT100009776,ML_PATTERN_DETECTED,68,2023-06-23 22:43:38.102641
ALT0000639,TXN00476150,ACCT100072727,ML_PATTERN_DETECTED,77,2024-11-28 05:36:33.469449
ALT0000640,TXN00497663,ACCT100086991,ML_PATTERN_DETECTED,64,2024-10-08 02:20:49.123425
ALT0000641,TXN00494873,ACCT100091763,ML_PATTERN_DETECTED,84,2023-07-29 03:26:46.195021
ALT0000642,TXN00479544,ACCT100075104,ML_PATTERN_DETECTED,90,2023-09-02 14:09:15.468028
ALT0000643,TXN00482856,ACCT100094474,ML_PATTERN_DETECTED,83,2024-03-13 02:40:15.222015
ALT0000644,TXN00492532,ACCT100075190,ML_PATTERN_DETECTED,61,2023-04-23 07:46:36.751412
ALT0000645,TXN00485811,ACCT100091788,ML_PATTERN_DETECTED,80,2023-06-03 11:44:33.859419
ALT0000646,TXN00489366,ACCT100049202,ML_PATTERN_DETECTED,83,2023-09-01 19:56:26.904285
ALT0000647,TXN00496610,ACCT100007798,ML_PATTERN_DETECTED,73,2023-03-27 07:58:16.454439
ALT0000648,TXN00481555,ACCT100093733,ML_PATTERN_DETECTED,82,2024-12-21 06:36:50.532361
ALT0000649,TXN00493061,ACCT100041028,ML_PATTERN_DETECTED,54,2023-02-11 13:56:59.177647
ALT0000650,TXN00485695,ACCT100055954,ML_PATTERN_DETECTED,70,2024-06-25 09:47:55.082996
ALT0000651,TXN00486764,ACCT100066359,ML_PATTERN_DETECTED,73,2024-09-29 13:49:41.219740
ALT0000652,TXN00492313,ACCT100029540,ML_PATTERN_DETECTED,77,2024-07-15 03:59:45.222385
ALT0000653,TXN00488686,ACCT100059763,ML_PATTERN_DETECTED,59,2024-04-22 21:03:38.279754
ALT0000654,TXN00496761,ACCT100083279,ML_PATTERN_DETECTED,65,2024-06-29 08:30:45.752163
ALT0000655,TXN00478455,ACCT100099410,ML_PATTERN_DETECTED,68,2023-06-09 05:18:39.349422
ALT0000656,TXN00475681,ACCT100024772,ML_PATTERN_DETECTED,90,2023-04-04 03:46:57.696393
ALT0000657,TXN00492962,ACCT100090007,ML_PATTERN_DETECTED,94,2024-01-10 17:34:49.260704
ALT0000658,TXN00475376,ACCT100024447,ML_PATTERN_DETECTED,67,2024-03-29 20:00:32.418219
ALT0000659,TXN00490249,ACCT100033113,ML_PATTERN_DETECTED,61,2024-09-29 13:57:56.572171
ALT0000660,TXN00496656,ACCT100077625,ML_PATTERN_DETECTED,90,2024-03-01 01:28:03.512795
ALT0000661,TXN00476632,ACCT100057265,ML_PATTERN_DETECTED,62,2024-01-18 15:26:01.678744
ALT0000662,TXN00494516,ACCT100067835,ML_PATTERN_DETECTED,65,2023-03-18 01:54:26.077374
ALT0000663,TXN00481440,ACCT100004258,ML_PATTERN_DETECTED,75,2023-05-30 20:48:55.533123
ALT0000664,TXN00490430,ACCT100089968,ML_PATTERN_DETECTED,73,2024-09-02 18:32:20.319676
ALT0000665,TXN00482711,ACCT100037808,ML_PATTERN_DETECTED,72,2024-02-18 06:44:35.747534
ALT0000666,TXN00488753,ACCT100011779,ML_PATTERN_DETECTED,86,2023-04-02 20:49:40.685430
ALT0000667,TXN00486177,ACCT100047231,ML_PATTERN_DETECTED,78,2023-11-17 01:30:06.452593
ALT0000668,TXN00496432,ACCT100069959,ML_PATTERN_DETECTED,72,2024-08-21 13:12:00.947160
ALT0000669,TXN00475228,ACCT100097436,ML_PATTERN_DETECTED,87,2023-02-05 10:01:41.027220
ALT0000670,TXN00480791,ACCT100020290,ML_PATTERN_DETECTED,68,2024-01-17 16:55:50.780711
ALT0000671,TXN00494621,ACCT100046311,ML_PATTERN_DETECTED,58,2023-11-11 09:49:18.066888
ALT0000672,TXN00480549,ACCT100034069,ML_PATTERN_DETECTED,93,2023-01-04 16:51:33.642927
ALT0000673,TXN00478381,ACCT100054551,ML_PATTERN_DETECTED,76,2023-05-30 23:25:39.518511
ALT0000674,TXN00484583,ACCT100067550,ML_PATTERN_DETECTED,64,2024-01-11 05:33:50.087635
ALT0000675,TXN00486817,ACCT100016114,ML_PATTERN_DETECTED,70,2023-06-21 20:21:50.632697
ALT0000676,TXN00492230,ACCT100021848,ML_PATTERN_DETECTED,66,2023-04-10 20:21:01.718875
ALT0000677,TXN00493817,ACCT100035267,ML_PATTERN_DETECTED,96,2024-08-23 07:03:33.754229
ALT0000678,TXN00476004,ACCT100036801,ML_PATTERN_DETECTED,53,2024-09-13 01:39:03.000691
ALT0000679,TXN00481894,ACCT100027919,ML_PATTERN_DETECTED,68,2023-09-16 03:15:52.439952
ALT0000680,TXN00495725,ACCT100068830,ML_PATTERN_DETECTED,70,2024-04-30 08:04:49.150771
ALT0000681,TXN00491756,ACCT100046001,ML_PATTERN_DETECTED,59,2024-08-24 07:04:21.412422
ALT0000682,TXN00485247,ACCT100030599,ML_PATTERN_DETECTED,79,2024-05-11 18:39:55.437579
ALT0000683,TXN00480108,ACCT100099668,ML_PATTERN_DETECTED,65,2023-07-10 08:49:49.261923
ALT0000684,TXN00481158,ACCT100099336,ML_PATTERN_DETECTED,68,2024-06-11 10:23:52.334057
ALT0000685,TXN00485762,ACCT100062161,ML_PATTERN_DETECTED,65,2024-12-18 09:02:56.242882
ALT0000686,TXN00498079,ACCT100000739,ML_PATTERN_DETECTED,93,2023-12-05 14:27:32.637921
ALT0000687,TXN00495528,ACCT100091210,ML_PATTERN_DETECTED,52,2023-08-17 00:11:54.253358
ALT0000688,TXN00478314,ACCT100097891,ML_PATTERN_DETECTED,95,2023-07-16 22:46:18.824578
ALT0000689,TXN00480232,ACCT100077312,ML_PATTERN_DETECTED,70,2024-07-31 12:01:02.009269
ALT0000690,TXN00489041,ACCT100075104,ML_PATTERN_DETECTED,88,2024-04-14 16:12:18.412943
ALT0000691,TXN00481010,ACCT100019089,ML_PATTERN_DETECTED,67,2024-09-13 12:34:04.179933
ALT0000692,TXN00491072,ACCT100046062,ML_PATTERN_DETECTED,57,2023-01-28 22:04:40.506985
ALT0000693,TXN00489969,ACCT100084369,ML_PATTERN_DETECTED,77,2024-11-13 22:32:53.513439
ALT0000694,TXN00499672,ACCT100028627,ML_PATTERN_DETECTED,67,2024-01-05 04:26:32.158029
ALT0000695,TXN00486554,ACCT100094883,ML_PATTERN_DETECTED,93,2024-02-10 05:24:25.801320
ALT0000696,TXN00481572,ACCT100039758,ML_PATTERN_DETECTED,83,2024-11-06 03:10:48.624088
ALT0000697,TXN00496906,ACCT100017421,ML_PATTERN_DETECTED,94,2024-09-28 11:46:59.544248
ALT0000698,TXN00489714,ACCT100050903,ML_PATTERN_DETECTED,87,2023-09-12 10:13:51.977675
ALT0000699,TXN00480234,ACCT100041777,ML_PATTERN_DETECTED,78,2023-10-05 16:48:50.717881
ALT0000700,TXN00488010,ACCT100038596,ML_PATTERN_DETECTED,52,2023-05-31 12:37:01.712196
ALT0000701,TXN00478016,ACCT100040770,ML_PATTERN_DETECTED,71,2023-06-21 21:18:24.779346
ALT0000702,TXN00489203,ACCT100069023,ML_PATTERN_DETECTED,70,2023-04-30 22:06:56.290060
ALT0000703,TXN00480794,ACCT100047012,ML_PATTERN_DETECTED,79,2024-10-25 06:41:36.584312
ALT0000704,TXN00478673,ACCT100036002,ML_PATTERN_DETECTED,59,2024-04-22 14:17:59.383011
ALT0000705,TXN00492679,ACCT100098655,ML_PATTERN_DETECTED,95,2024-02-17 08:35:09.448195
ALT0000706,TXN00498384,ACCT100099798,ML_PATTERN_DETECTED,72,2024-11-19 21:07:31.244529
ALT0000707,TXN00483712,ACCT100066460,ML_PATTERN_DETECTED,71,2023-07-06 05:19:05.414123
ALT0000708,TXN00496705,ACCT100096736,ML_PATTERN_DETECTED,56,2024-05-18 00:47:07.428899
ALT0000709,TXN00488716,ACCT100039282,ML_PATTERN_DETECTED,79,2024-12-09 08:51:40.459831
ALT0000710,TXN00494437,ACCT100020345,ML_PATTERN_DETECTED,94,2024-09-23 18:48:22.915696
ALT0000711,TXN00490916,ACCT100027804,ML_PATTERN_DETECTED,76,2024-05-19 03:06:47.566820
ALT0000712,TXN00488422,ACCT100052506,ML_PATTERN_DETECTED,80,2024-01-24 15:11:44.444278
ALT0000713,TXN00475919,ACCT100079778,ML_PATTERN_DETECTED,73,2023-01-13 07:32:07.692822
ALT0000714,TXN00481327,ACCT100044478,ML_PATTERN_DETECTED,98,2023-08-01 12:10:20.838467
ALT0000715,TXN00485789,ACCT100026901,ML_PATTERN_DETECTED,55,2023-11-29 20:40:42.237866
ALT0000716,TXN00494432,ACCT100057260,ML_PATTERN_DETECTED,72,2023-11-05 14:08:00.820439
ALT0000717,TXN00477531,ACCT100082326,ML_PATTERN_DETECTED,52,2023-01-11 08:23:56.924395
ALT0000718,TXN00481442,ACCT100018487,ML_PATTERN_DETECTED,60,2024-08-10 09:40:06.851809
ALT0000719,TXN00477995,ACCT100003761,ML_PATTERN_DETECTED,76,2024-04-06 12:21:01.570835
ALT0000720,TXN00480946,ACCT100017379,ML_PATTERN_DETECTED,71,2023-04-10 20:13:12.175177
ALT0000721,TXN00478583,ACCT100055259,ML_PATTERN_DETECTED,62,2024-11-18 11:09:13.451975
ALT0000722,TXN00496703,ACCT100040713,ML_PATTERN_DETECTED,97,2023-07-01 14:02:21.603608
ALT0000723,TXN00490014,ACCT100010525,ML_PATTERN_DETECTED,73,2024-01-03 01:16:58.493531
ALT0000724,TXN00487731,ACCT100052462,ML_PATTERN_DETECTED,62,2024-03-03 17:36:09.667565
ALT0000725,TXN00479998,ACCT100033235,ML_PATTERN_DETECTED,57,2023-09-30 00:14:02.780405
ALT0000726,TXN00495183,ACCT100026844,ML_PATTERN_DETECTED,52,2024-07-31 19:15:37.235625
ALT0000727,TXN00483889,ACCT100023271,ML_PATTERN_DETECTED,64,2023-05-24 05:05:03.857260
ALT0000728,TXN00492423,ACCT100076899,ML_PATTERN_DETECTED,75,2024-12-28 00:45:07.113932
ALT0000729,TXN00498917,ACCT100044667,ML_PATTERN_DETECTED,89,2024-06-20 23:43:24.546212
ALT0000730,TXN00499033,ACCT100062129,ML_PATTERN_DETECTED,81,2024-12-25 16:04:39.609278
ALT0000731,TXN00498992,ACCT100092719,ML_PATTERN_DETECTED,52,2024-01-19 04:28:39.657320
ALT0000732,TXN00483430,ACCT100000824,ML_PATTERN_DETECTED,71,2024-03-28 07:58:40.279058
ALT0000733,TXN00479033,ACCT100072851,ML_PATTERN_DETECTED,83,2023-02-10 04:35:44.160774
ALT0000734,TXN00498533,ACCT100055468,ML_PATTERN_DETECTED,69,2024-07-25 21:44:01.891691
ALT0000735,TXN00484526,ACCT100077893,ML_PATTERN_DETECTED,80,2024-01-27 23:44:08.600144
ALT0000736,TXN00482146,ACCT100061498,ML_PATTERN_DETECTED,79,2024-11-03 05:45:29.435964
ALT0000737,TXN00496132,ACCT100098214,ML_PATTERN_DETECTED,89,2023-01-01 20:28:01.306534
ALT0000738,TXN00496114,ACCT100031469,ML_PATTERN_DETECTED,86,2024-04-29 14:03:23.246148
ALT0000739,TXN00477745,ACCT100099445,ML_PATTERN_DETECTED,60,2023-12-12 21:17:02.830554
ALT0000740,TXN00478824,ACCT100056616,ML_PATTERN_DETECTED,95,2024-07-28 14:20:38.765584
ALT0000741,TXN00484110,ACCT100088765,ML_PATTERN_DETECTED,53,2023-05-11 07:55:21.574825
ALT0000742,TXN00486565,ACCT100002115,ML_PATTERN_DETECTED,59,2024-03-19 01:48:15.785660
ALT0000743,TXN00490309,ACCT100095272,ML_PATTERN_DETECTED,64,2024-01-20 23:09:23.822859
ALT0000744,TXN00485703,ACCT100061700,ML_PATTERN_DETECTED,91,2023-09-19 08:09:35.718763
ALT0000745,TXN00491018,ACCT100043872,ML_PATTERN_DETECTED,84,2024-12-06 07:41:24.590619
ALT0000746,TXN00489048,ACCT100043178,ML_PATTERN_DETECTED,57,2024-07-03 20:35:36.708083
ALT0000747,TXN00476836,ACCT100043269,ML_PATTERN_DETECTED,90,2024-10-04 12:01:07.341578
ALT0000748,TXN00481430,ACCT100034189,ML_PATTERN_DETECTED,80,2024-01-09 12:27:56.030374
ALT0000749,TXN00479517,ACCT100064575,ML_PATTERN_DETECTED,80,2023-06-23 12:50:27.927329
ALT0000750,TXN00496198,ACCT100033659,ML_PATTERN_DETECTED,60,2023-01-26 05:10:41.377269
ALT0000751,TXN00487333,ACCT100060674,ML_PATTERN_DETECTED,62,2024-06-29 07:06:49.188023
ALT0000752,TXN00477567,ACCT100090353,ML_PATTERN_DETECTED,94,2024-09-03 14:27:23.611115
ALT0000753,TXN00492925,ACCT100044074,ML_PATTERN_DETECTED,85,2024-03-01 17:52:50.982883
ALT0000754,TXN00494150,ACCT100047616,ML_PATTERN_DETECTED,59,2024-02-20 01:30:36.999639
ALT0000755,TXN00487043,ACCT100013702,ML_PATTERN_DETECTED,60,2024-08-10 02:40:35.001533
ALT0000756,TXN00493950,ACCT100008679,ML_PATTERN_DETECTED,86,2024-09-27 04:22:06.662241
ALT0000757,TXN00499352,ACCT100031874,ML_PATTERN_DETECTED,64,2023-08-30 06:37:40.525889
ALT0000758,TXN00483595,ACCT100044010,ML_PATTERN_DETECTED,84,2024-02-26 20:10:26.683176
ALT0000759,TXN00475147,ACCT100059681,ML_PATTERN_DETECTED,53,2023-07-30 00:49:41.468790
ALT0000760,TXN00491128,ACCT100081191,ML_PATTERN_DETECTED,88,2023-12-05 18:52:28.848764
ALT0000761,TXN00477175,ACCT100051397,ML_PATTERN_DETECTED,84,2024-05-18 02:20:51.686177
ALT0000762,TXN00496509,ACCT100077129,ML_PATTERN_DETECTED,79,2024-04-07 16:32:30.808572
ALT0000763,TXN00492383,ACCT100029309,ML_PATTERN_DETECTED,59,2024-08-10 01:31:15.210421
ALT0000764,TXN00477846,ACCT100074836,ML_PATTERN_DETECTED,94,2023-05-26 01:31:33.055147
ALT0000765,TXN00491604,ACCT100031271,ML_PATTERN_DETECTED,80,2023-08-16 08:49:47.855051
ALT0000766,TXN00482550,ACCT100005653,ML_PATTERN_DETECTED,92,2023-03-31 20:21:48.450659
ALT0000767,TXN00477307,ACCT100042048,ML_PATTERN_DETECTED,77,2023-06-07 22:39:13.023119
ALT0000768,TXN00495954,ACCT100070355,ML_PATTERN_DETECTED,69,2023-01-23 06:14:48.737328
ALT0000769,TXN00482041,ACCT100089327,ML_PATTERN_DETECTED,75,2023-08-28 14:43:43.198627
ALT0000770,TXN00475460,ACCT100093539,ML_PATTERN_DETECTED,73,2023-06-11 20:01:19.424195
ALT0000771,TXN00476035,ACCT100058604,ML_PATTERN_DETECTED,98,2024-09-19 13:15:31.645567
ALT0000772,TXN00487389,ACCT100038488,ML_PATTERN_DETECTED,59,2023-05-06 00:33:03.615278
ALT0000773,TXN00499106,ACCT100018372,ML_PATTERN_DETECTED,67,2024-12-20 00:06:38.537268
ALT0000774,TXN00496582,ACCT100037259,ML_PATTERN_DETECTED,83,2024-05-08 07:16:00.203376
ALT0000775,TXN00488980,ACCT100090921,ML_PATTERN_DETECTED,68,2023-10-06 05:34:36.129648
ALT0000776,TXN00490270,ACCT100024462,ML_PATTERN_DETECTED,66,2023-11-15 17:44:29.144462
ALT0000777,TXN00476782,ACCT100011313,ML_PATTERN_DETECTED,76,2023-10-27 15:31:15.648265
ALT0000778,TXN00480602,ACCT100057220,ML_PATTERN_DETECTED,78,2024-03-02 04:18:17.604120
ALT0000779,TXN00484310,ACCT100002436,ML_PATTERN_DETECTED,71,2024-06-10 00:43:51.543836
ALT0000780,TXN00477488,ACCT100034649,ML_PATTERN_DETECTED,69,2024-10-24 22:44:02.150443
ALT0000781,TXN00487000,ACCT100004967,ML_PATTERN_DETECTED,83,2023-01-26 23:19:00.235168
ALT0000782,TXN00484095,ACCT100093404,ML_PATTERN_DETECTED,51,2023-12-09 12:03:10.152484
ALT0000783,TXN00491778,ACCT100034537,ML_PATTERN_DETECTED,91,2023-07-06 20:22:25.744827
ALT0000784,TXN00482896,ACCT100022731,ML_PATTERN_DETECTED,50,2024-02-29 14:41:30.955110
ALT0000785,TXN00480512,ACCT100038460,ML_PATTERN_DETECTED,94,2024-04-02 15:51:46.351796
ALT0000786,TXN00493882,ACCT100075416,ML_PATTERN_DETECTED,89,2023-11-02 21:51:43.881112
ALT0000787,TXN00486004,ACCT100060799,ML_PATTERN_DETECTED,75,2024-06-03 11:40:13.712419
ALT0000788,TXN00475095,ACCT100017953,ML_PATTERN_DETECTED,89,2024-05-19 15:27:49.352196
ALT0000789,TXN00484507,ACCT100055001,ML_PATTERN_DETECTED,52,2024-12-12 09:16:30.050361
ALT0000790,TXN00486730,ACCT100098102,ML_PATTERN_DETECTED,59,2024-04-12 20:24:48.239987
ALT0000791,TXN00479336,ACCT100067576,ML_PATTERN_DETECTED,94,2023-12-07 05:57:16.347318
ALT0000792,TXN00488304,ACCT100061703,ML_PATTERN_DETECTED,67,2023-01-31 06:05:17.038956
ALT0000793,TXN00492777,ACCT100034580,ML_PATTERN_DETECTED,77,2023-08-14 11:22:41.339165
ALT0000794,TXN00482602,ACCT100048782,ML_PATTERN_DETECTED,68,2023-08-13 09:47:42.282480
ALT0000795,TXN00484923,ACCT100067166,ML_PATTERN_DETECTED,51,2024-11-02 18:06:33.130203
ALT0000796,TXN00497081,ACCT100048248,ML_PATTERN_DETECTED,50,2024-02-15 15:40:04.808431
ALT0000797,TXN00484799,ACCT100047314,ML_PATTERN_DETECTED,80,2024-09-17 00:04:26.044749
ALT0000798,TXN00492907,ACCT100001257,ML_PATTERN_DETECTED,80,2024-08-03 21:53:10.593492
ALT0000799,TXN00490394,ACCT100041161,ML_PATTERN_DETECTED,56,2024-02-27 04:51:35.277418
ALT0000800,TXN00496604,ACCT100083217,ML_PATTERN_DETECTED,94,2023-08-09 15:56:32.135535
ALT0000801,TXN00484143,ACCT100009400,ML_PATTERN_DETECTED,71,2023-07-10 17:00:23.183120
ALT0000802,TXN00486404,ACCT100098065,ML_PATTERN_DETECTED,84,2023-08-21 04:53:37.380929
ALT0000803,TXN00479832,ACCT100033308,ML_PATTERN_DETECTED,58,2024-09-04 05:56:00.586567
ALT0000804,TXN00498683,ACCT100030637,ML_PATTERN_DETECTED,55,2024-07-22 18:21:02.234103
ALT0000805,TXN00498923,ACCT100039773,ML_PATTERN_DETECTED,77,2023-03-14 18:42:34.162788
ALT0000806,TXN00485378,ACCT100046176,ML_PATTERN_DETECTED,82,2024-03-12 19:54:16.253833
ALT0000807,TXN00483791,ACCT100074065,ML_PATTERN_DETECTED,81,2024-05-07 14:41:02.992991
ALT0000808,TXN00479482,ACCT100076467,ML_PATTERN_DETECTED,83,2024-01-05 19:16:48.409827
ALT0000809,TXN00493767,ACCT100015072,ML_PATTERN_DETECTED,55,2024-05-01 01:52:58.683431
ALT0000810,TXN00494838,ACCT100028703,ML_PATTERN_DETECTED,66,2023-01-26 15:20:02.655435
ALT0000811,TXN00483039,ACCT100086633,ML_PATTERN_DETECTED,78,2023-02-21 01:18:46.532204
ALT0000812,TXN00478216,ACCT100081237,ML_PATTERN_DETECTED,68,2023-03-23 12:02:42.432758
ALT0000813,TXN00493577,ACCT100001656,ML_PATTERN_DETECTED,87,2024-11-07 13:08:11.573501
ALT0000814,TXN00492660,ACCT100032668,ML_PATTERN_DETECTED,69,2023-01-17 18:11:10.089642
ALT0000815,TXN00491083,ACCT100038369,ML_PATTERN_DETECTED,80,2024-09-24 19:07:08.198719
ALT0000816,TXN00476175,ACCT100076862,ML_PATTERN_DETECTED,92,2023-03-05 05:50:50.863518
ALT0000817,TXN00477832,ACCT100074887,ML_PATTERN_DETECTED,51,2023-07-21 19:49:27.949646
ALT0000818,TXN00479926,ACCT100016127,ML_PATTERN_DETECTED,93,2023-10-23 05:55:37.611315
ALT0000819,TXN00489376,ACCT100049119,ML_PATTERN_DETECTED,66,2024-02-16 00:04:58.077879
ALT0000820,TXN00494847,ACCT100046350,ML_PATTERN_DETECTED,58,2023-07-15 04:10:02.797299
ALT0000821,TXN00482447,ACCT100002291,ML_PATTERN_DETECTED,69,2024-10-04 07:05:56.744922
ALT0000822,TXN00476294,ACCT100037044,ML_PATTERN_DETECTED,83,2023-07-28 21:31:50.095631
ALT0000823,TXN00475222,ACCT100063995,ML_PATTERN_DETECTED,82,2023-09-18 02:18:23.299882
ALT0000824,TXN00498914,ACCT100030795,ML_PATTERN_DETECTED,67,2023-04-07 18:33:51.989510
ALT0000825,TXN00494986,ACCT100026471,ML_PATTERN_DETECTED,68,2024-11-07 14:40:58.899090
ALT0000826,TXN00493199,ACCT100092468,ML_PATTERN_DETECTED,86,2023-11-27 15:07:35.474510
ALT0000827,TXN00480633,ACCT100065328,ML_PATTERN_DETECTED,79,2024-03-24 15:00:58.364665
ALT0000828,TXN00487113,ACCT100059933,ML_PATTERN_DETECTED,87,2024-12-11 13:59:29.786527
ALT0000829,TXN00485455,ACCT100040155,ML_PATTERN_DETECTED,85,2023-06-12 20:53:42.220579
ALT0000830,TXN00499594,ACCT100028019,ML_PATTERN_DETECTED,75,2023-05-23 18:02:08.100654
ALT0000831,TXN00497514,ACCT100050225,ML_PATTERN_DETECTED,50,2024-07-17 06:49:15.022661
ALT0000832,TXN00496115,ACCT100007019,ML_PATTERN_DETECTED,84,2023-08-30 09:02:10.118141
ALT0000833,TXN00493761,ACCT100052484,ML_PATTERN_DETECTED,53,2024-05-14 12:45:19.390770
ALT0000834,TXN00484433,ACCT100062335,ML_PATTERN_DETECTED,97,2024-05-01 16:36:15.639947
ALT0000835,TXN00492959,ACCT100079386,ML_PATTERN_DETECTED,95,2023-05-27 09:35:06.792669
ALT0000836,TXN00499797,ACCT100017805,ML_PATTERN_DETECTED,81,2024-04-20 06:30:01.932667
ALT0000837,TXN00490087,ACCT100001789,ML_PATTERN_DETECTED,74,2023-03-23 15:33:41.798792
ALT0000838,TXN00484977,ACCT100050362,ML_PATTERN_DETECTED,61,2024-11-11 16:19:28.063107
ALT0000839,TXN00487343,ACCT100088702,ML_PATTERN_DETECTED,85,2023-09-16 03:12:38.193813
ALT0000840,TXN00482967,ACCT100029745,ML_PATTERN_DETECTED,81,2023-03-29 06:58:37.950657
ALT0000841,TXN00497835,ACCT100040019,ML_PATTERN_DETECTED,72,2023-09-24 03:41:12.147262
ALT0000842,TXN00499591,ACCT100002356,ML_PATTERN_DETECTED,94,2023-06-22 03:19:59.382797
ALT0000843,TXN00477688,ACCT100078046,ML_PATTERN_DETECTED,92,2024-02-17 08:53:28.744702
ALT0000844,TXN00488120,ACCT100040678,ML_PATTERN_DETECTED,70,2024-10-26 19:43:40.604993
ALT0000845,TXN00477778,ACCT100066850,ML_PATTERN_DETECTED,68,2024-11-04 14:05:44.624447
ALT0000846,TXN00486354,ACCT100089724,ML_PATTERN_DETECTED,81,2024-03-02 01:35:18.203497
ALT0000847,TXN00499956,ACCT100063584,ML_PATTERN_DETECTED,67,2023-09-16 00:56:53.594598
ALT0000848,TXN00498660,ACCT100029668,ML_PATTERN_DETECTED,64,2023-07-20 17:51:22.629387
ALT0000849,TXN00492943,ACCT100023637,ML_PATTERN_DETECTED,56,2023-12-21 04:51:36.161970
ALT0000850,TXN00480366,ACCT100048651,ML_PATTERN_DETECTED,90,2023-02-09 03:14:26.574786
ALT0000851,TXN00482020,ACCT100068413,ML_PATTERN_DETECTED,59,2023-12-18 15:49:12.556285
ALT0000852,TXN00496472,ACCT100087758,ML_PATTERN_DETECTED,95,2024-04-19 18:43:56.440810
ALT0000853,TXN00494767,ACCT100098838,ML_PATTERN_DETECTED,83,2023-11-24 21:03:35.587175
ALT0000854,TXN00484703,ACCT100023221,ML_PATTERN_DETECTED,70,2023-06-05 18:44:20.860901
ALT0000855,TXN00496477,ACCT100027905,ML_PATTERN_DETECTED,59,2024-06-09 16:41:20.770975
ALT0000856,TXN00482176,ACCT100001818,ML_PATTERN_DETECTED,91,2024-05-07 08:11:33.890388
ALT0000857,TXN00493382,ACCT100021159,ML_PATTERN_DETECTED,50,2024-08-04 02:12:14.613704
ALT0000858,TXN00482055,ACCT100093801,ML_PATTERN_DETECTED,77,2024-03-07 15:49:12.618086
ALT0000859,TXN00481113,ACCT100091349,ML_PATTERN_DETECTED,79,2024-01-21 22:02:52.367785
ALT0000860,TXN00484448,ACCT100090437,ML_PATTERN_DETECTED,90,2023-01-15 10:49:48.101123
ALT0000861,TXN00499145,ACCT100057683,ML_PATTERN_DETECTED,87,2023-07-23 10:06:52.751016
ALT0000862,TXN00486553,ACCT100099215,ML_PATTERN_DETECTED,94,2024-06-30 10:48:25.314983
ALT0000863,TXN00476061,ACCT100005935,ML_PATTERN_DETECTED,86,2024-05-22 21:47:03.309430
ALT0000864,TXN00485683,ACCT100015828,ML_PATTERN_DETECTED,56,2024-09-03 17:35:47.781924
ALT0000865,TXN00498399,ACCT100042824,ML_PATTERN_DETECTED,96,2023-02-27 12:15:57.443195
ALT0000866,TXN00498984,ACCT100031197,ML_PATTERN_DETECTED,69,2024-08-17 09:51:00.643405
ALT0000867,TXN00494389,ACCT100039213,ML_PATTERN_DETECTED,69,2023-03-26 17:47:34.721522
ALT0000868,TXN00488649,ACCT100029633,ML_PATTERN_DETECTED,84,2024-06-12 22:23:52.279110
ALT0000869,TXN00487780,ACCT100088436,ML_PATTERN_DETECTED,68,2023-05-02 23:35:08.890675
ALT0000870,TXN00499472,ACCT100096041,ML_PATTERN_DETECTED,62,2024-10-26 14:32:42.068715
ALT0000871,TXN00482485,ACCT100077824,ML_PATTERN_DETECTED,97,2024-10-21 04:23:36.887625
ALT0000872,TXN00487913,ACCT100004438,ML_PATTERN_DETECTED,83,2023-02-17 02:05:20.727592
ALT0000873,TXN00477170,ACCT100025561,ML_PATTERN_DETECTED,81,2024-05-16 18:06:02.982854
ALT0000874,TXN00494060,ACCT100099727,ML_PATTERN_DETECTED,57,2023-12-31 16:22:47.555864
ALT0000875,TXN00485611,ACCT100032898,ML_PATTERN_DETECTED,85,2024-03-10 21:45:03.181118
ALT0000876,TXN00489446,ACCT100083223,ML_PATTERN_DETECTED,94,2024-04-23 06:26:22.242648
ALT0000877,TXN00481626,ACCT100074274,ML_PATTERN_DETECTED,76,2023-10-26 19:03:40.520139
ALT0000878,TXN00487474,ACCT100016643,ML_PATTERN_DETECTED,97,2024-09-17 00:27:03.608926
ALT0000879,TXN00477738,ACCT100077006,ML_PATTERN_DETECTED,72,2024-03-12 13:47:06.429114
ALT0000880,TXN00488468,ACCT100056279,ML_PATTERN_DETECTED,85,2024-01-10 11:45:01.876785
ALT0000881,TXN00479213,ACCT100070941,ML_PATTERN_DETECTED,70,2023-10-25 08:08:11.136092
ALT0000882,TXN00493756,ACCT100085864,ML_PATTERN_DETECTED,65,2024-07-25 18:58:32.644682
ALT0000883,TXN00499028,ACCT100061668,ML_PATTERN_DETECTED,97,2024-10-31 21:07:32.802066
ALT0000884,TXN00498132,ACCT100097784,ML_PATTERN_DETECTED,80,2024-01-26 16:44:28.566005
ALT0000885,TXN00495575,ACCT100000093,ML_PATTERN_DETECTED,86,2024-08-11 05:20:56.383238
ALT0000886,TXN00476236,ACCT100088086,ML_PATTERN_DETECTED,56,2024-11-04 02:29:53.632246
ALT0000887,TXN00496600,ACCT100036235,ML_PATTERN_DETECTED,54,2023-06-18 18:23:16.501315
ALT0000888,TXN00476284,ACCT100036081,ML_PATTERN_DETECTED,97,2023-08-12 11:36:11.394422
ALT0000889,TXN00479772,ACCT100082782,ML_PATTERN_DETECTED,81,2024-07-29 22:05:28.977217
ALT0000890,TXN00489716,ACCT100026049,ML_PATTERN_DETECTED,78,2023-05-01 13:15:56.206858
ALT0000891,TXN00499911,ACCT100062359,ML_PATTERN_DETECTED,83,2023-04-26 18:17:19.150298
ALT0000892,TXN00481403,ACCT100064562,ML_PATTERN_DETECTED,98,2023-10-31 18:35:30.370571
ALT0000893,TXN00481237,ACCT100093078,ML_PATTERN_DETECTED,78,2024-11-23 16:48:35.566881
ALT0000894,TXN00485988,ACCT100046298,ML_PATTERN_DETECTED,75,2024-01-16 06:57:55.864938
ALT0000895,TXN00489125,ACCT100039681,ML_PATTERN_DETECTED,75,2023-01-22 21:35:37.440340
ALT0000896,TXN00477672,ACCT100093846,ML_PATTERN_DETECTED,79,2023-05-03 02:32:31.751567
ALT0000897,TXN00479126,ACCT100031532,ML_PATTERN_DETECTED,86,2024-09-11 18:05:37.114395
ALT0000898,TXN00496235,ACCT100069979,ML_PATTERN_DETECTED,54,2023-08-06 10:15:43.424037
ALT0000899,TXN00480174,ACCT100045504,ML_PATTERN_DETECTED,81,2023-04-27 12:43:47.474814
ALT0000900,TXN00478018,ACCT100067411,ML_PATTERN_DETECTED,68,2024-05-31 07:36:56.396868
ALT0000901,TXN00491770,ACCT100083585,ML_PATTERN_DETECTED,64,2024-08-11 18:14:15.218312
ALT0000902,TXN00480631,ACCT100092466,ML_PATTERN_DETECTED,83,2024-07-10 17:31:07.644885
ALT0000903,TXN00483489,ACCT100017082,ML_PATTERN_DETECTED,55,2024-02-16 11:27:19.378484
ALT0000904,TXN00490621,ACCT100067540,ML_PATTERN_DETECTED,88,2023-01-30 16:56:21.377517
ALT0000905,TXN00488207,ACCT100056958,ML_PATTERN_DETECTED,90,2023-07-15 10:49:42.521711
ALT0000906,TXN00479690,ACCT100030341,ML_PATTERN_DETECTED,84,2023-07-02 17:39:33.809104
ALT0000907,TXN00499060,ACCT100042652,ML_PATTERN_DETECTED,60,2023-06-07 00:18:31.865101
ALT0000908,TXN00494556,ACCT100089403,ML_PATTERN_DETECTED,79,2023-08-16 08:33:49.459456
ALT0000909,TXN00475260,ACCT100084508,ML_PATTERN_DETECTED,83,2023-04-08 00:13:55.108468
ALT0000910,TXN00490414,ACCT100080271,ML_PATTERN_DETECTED,70,2023-10-11 13:30:49.922282
ALT0000911,TXN00499865,ACCT100093057,ML_PATTERN_DETECTED,89,2024-02-23 15:13:52.714249
ALT0000912,TXN00492159,ACCT100075392,ML_PATTERN_DETECTED,70,2024-05-11 23:20:54.156866
ALT0000913,TXN00499559,ACCT100004282,ML_PATTERN_DETECTED,64,2023-11-18 19:53:45.599698
ALT0000914,TXN00492026,ACCT100019318,ML_PATTERN_DETECTED,72,2023-11-26 02:29:20.757215
ALT0000915,TXN00491103,ACCT100030074,ML_PATTERN_DETECTED,87,2024-11-14 16:43:32.147257
ALT0000916,TXN00493470,ACCT100037978,ML_PATTERN_DETECTED,81,2024-01-23 09:05:40.577369
ALT0000917,TXN00478984,ACCT100039147,ML_PATTERN_DETECTED,81,2023-03-20 23:11:07.168018
ALT0000918,TXN00492861,ACCT100078627,ML_PATTERN_DETECTED,71,2024-09-13 01:16:20.609532
ALT0000919,TXN00496141,ACCT100091793,ML_PATTERN_DETECTED,62,2024-08-13 00:18:57.890887
ALT0000920,TXN00493243,ACCT100090310,ML_PATTERN_DETECTED,55,2023-10-06 12:54:37.966619
ALT0000921,TXN00493782,ACCT100045877,ML_PATTERN_DETECTED,85,2023-10-07 12:50:25.744637
ALT0000922,TXN00481162,ACCT100028250,ML_PATTERN_DETECTED,73,2024-07-01 18:48:24.454890
ALT0000923,TXN00498996,ACCT100082012,ML_PATTERN_DETECTED,70,2023-01-01 07:44:37.563457
ALT0000924,TXN00484568,ACCT100020097,ML_PATTERN_DETECTED,91,2024-03-19 20:03:34.308652
ALT0000925,TXN00494577,ACCT100011099,ML_PATTERN_DETECTED,50,2024-09-06 18:27:37.625605
ALT0000926,TXN00491889,ACCT100099108,ML_PATTERN_DETECTED,73,2023-05-13 05:00:46.629036
ALT0000927,TXN00494212,ACCT100045220,ML_PATTERN_DETECTED,82,2024-11-27 00:04:02.105042
ALT0000928,TXN00492901,ACCT100094571,ML_PATTERN_DETECTED,59,2023-05-20 10:01:24.397942
ALT0000929,TXN00484247,ACCT100061156,ML_PATTERN_DETECTED,79,2023-08-13 19:34:33.433403
ALT0000930,TXN00485106,ACCT100028523,ML_PATTERN_DETECTED,82,2024-02-22 04:29:17.232233
ALT0000931,TXN00485123,ACCT100061222,ML_PATTERN_DETECTED,98,2024-08-15 16:12:50.416205
ALT0000932,TXN00484837,ACCT100077513,ML_PATTERN_DETECTED,58,2024-09-29 04:47:26.302138
ALT0000933,TXN00484697,ACCT100095501,ML_PATTERN_DETECTED,86,2023-08-30 22:28:24.987855
ALT0000934,TXN00499406,ACCT100097715,ML_PATTERN_DETECTED,64,2023-02-06 11:00:55.166371
ALT0000935,TXN00476062,ACCT100034081,ML_PATTERN_DETECTED,93,2024-04-02 08:46:53.007388
ALT0000936,TXN00484072,ACCT100090523,ML_PATTERN_DETECTED,96,2023-02-26 06:48:21.258401
ALT0000937,TXN00487171,ACCT100016839,ML_PATTERN_DETECTED,80,2023-10-05 05:19:18.254295
ALT0000938,TXN00493790,ACCT100057126,ML_PATTERN_DETECTED,68,2024-08-02 23:38:37.859037
ALT0000939,TXN00481567,ACCT100093202,ML_PATTERN_DETECTED,53,2024-01-30 00:30:40.938741
ALT0000940,TXN00489828,ACCT100003929,ML_PATTERN_DETECTED,78,2024-08-31 02:46:08.273676
ALT0000941,TXN00495480,ACCT100073027,ML_PATTERN_DETECTED,85,2023-03-28 20:42:50.638054
ALT0000942,TXN00490266,ACCT100081458,ML_PATTERN_DETECTED,65,2024-05-09 23:12:39.370903
ALT0000943,TXN00494545,ACCT100020334,ML_PATTERN_DETECTED,67,2023-09-01 19:09:58.859258
ALT0000944,TXN00491271,ACCT100039975,ML_PATTERN_DETECTED,97,2023-12-25 05:40:16.624181
ALT0000945,TXN00491528,ACCT100011535,ML_PATTERN_DETECTED,84,2023-11-29 03:19:46.576418
ALT0000946,TXN00478059,ACCT100069642,ML_PATTERN_DETECTED,75,2023-11-20 13:04:33.514615
ALT0000947,TXN00482234,ACCT100096108,ML_PATTERN_DETECTED,83,2024-06-18 12:33:59.538433
ALT0000948,TXN00489199,ACCT100048225,ML_PATTERN_DETECTED,53,2023-12-03 06:09:46.571079
ALT0000949,TXN00492723,ACCT100018339,ML_PATTERN_DETECTED,54,2024-06-23 02:07:07.925483
ALT0000950,TXN00498563,ACCT100043107,ML_PATTERN_DETECTED,75,2023-10-12 23:45:19.668585
ALT0000951,TXN00482696,ACCT100038111,ML_PATTERN_DETECTED,94,2023-02-07 20:18:35.732389
ALT0000952,TXN00499179,ACCT100085918,ML_PATTERN_DETECTED,96,2024-04-12 21:10:34.875245
ALT0000953,TXN00499629,ACCT100040186,ML_PATTERN_DETECTED,66,2024-01-15 13:59:28.802081
ALT0000954,TXN00485901,ACCT100005482,ML_PATTERN_DETECTED,86,2023-08-03 14:20:52.290819
ALT0000955,TXN00495276,ACCT100050068,ML_PATTERN_DETECTED,84,2024-09-06 03:06:46.750763
ALT0000956,TXN00486391,ACCT100000295,ML_PATTERN_DETECTED,79,2023-02-12 02:53:18.970816
ALT0000957,TXN00478436,ACCT100009106,ML_PATTERN_DETECTED,64,2023-03-27 13:27:51.346737
ALT0000958,TXN00493791,ACCT100027977,ML_PATTERN_DETECTED,96,2023-07-05 17:51:48.063200
ALT0000959,TXN00490082,ACCT100090903,ML_PATTERN_DETECTED,52,2023-05-01 03:47:39.134712
ALT0000960,TXN00486986,ACCT100027813,ML_PATTERN_DETECTED,86,2024-01-09 16:36:34.025745
ALT0000961,TXN00477662,ACCT100029818,ML_PATTERN_DETECTED,66,2023-02-02 10:08:16.422678
ALT0000962,TXN00492075,ACCT100029710,ML_PATTERN_DETECTED,67,2023-11-18 00:55:30.645859
ALT0000963,TXN00482882,ACCT100056137,ML_PATTERN_DETECTED,55,2023-09-25 15:04:28.721850
ALT0000964,TXN00479476,ACCT100006951,ML_PATTERN_DETECTED,77,2024-09-11 01:20:08.947145
ALT0000965,TXN00489712,ACCT100079422,ML_PATTERN_DETECTED,69,2023-11-13 23:23:40.396575
ALT0000966,TXN00495616,ACCT100065438,ML_PATTERN_DETECTED,88,2024-01-23 01:57:35.101892
ALT0000967,TXN00484573,ACCT100050490,ML_PATTERN_DETECTED,88,2024-07-06 20:50:02.822975
ALT0000968,TXN00479427,ACCT100095425,ML_PATTERN_DETECTED,76,2023-02-19 09:16:35.476967
ALT0000969,TXN00490649,ACCT100049695,ML_PATTERN_DETECTED,74,2023-12-17 22:40:06.457339
ALT0000970,TXN00483084,ACCT100006588,ML_PATTERN_DETECTED,91,2023-09-16 09:13:43.631867
ALT0000971,TXN00479898,ACCT100047560,ML_PATTERN_DETECTED,75,2023-07-29 06:44:48.508415
ALT0000972,TXN00482670,ACCT100050000,ML_PATTERN_DETECTED,97,2024-07-04 12:36:21.569371
ALT0000973,TXN00480146,ACCT100093202,ML_PATTERN_DETECTED,71,2023-08-28 10:09:57.537325
ALT0000974,TXN00483683,ACCT100087788,ML_PATTERN_DETECTED,94,2024-08-16 17:37:29.778905
ALT0000975,TXN00495088,ACCT100059908,ML_PATTERN_DETECTED,85,2023-11-25 13:49:12.902159
ALT0000976,TXN00494299,ACCT100030153,ML_PATTERN_DETECTED,68,2023-07-07 01:13:59.009538
ALT0000977,TXN00478434,ACCT100093816,ML_PATTERN_DETECTED,78,2023-09-29 19:05:55.115211
ALT0000978,TXN00488099,ACCT100071963,ML_PATTERN_DETECTED,67,2024-09-28 15:00:58.659290
ALT0000979,TXN00484992,ACCT100094688,ML_PATTERN_DETECTED,98,2024-12-08 11:08:26.022558
ALT0000980,TXN00481192,ACCT100034735,ML_PATTERN_DETECTED,90,2024-03-02 23:51:44.812383
ALT0000981,TXN00494918,ACCT100045844,ML_PATTERN_DETECTED,94,2024-10-16 09:08:15.924584
ALT0000982,TXN00484970,ACCT100097024,ML_PATTERN_DETECTED,51,2024-04-16 04:22:08.258568
ALT0000983,TXN00494027,ACCT100035040,ML_PATTERN_DETECTED,53,2024-06-10 20:27:13.636125
ALT0000984,TXN00495514,ACCT100060831,ML_PATTERN_DETECTED,78,2023-02-12 06:49:15.736608
ALT0000985,TXN00486413,ACCT100086618,ML_PATTERN_DETECTED,54,2024-09-04 18:22:34.693482
ALT0000986,TXN00493491,ACCT100045552,ML_PATTERN_DETECTED,50,2023-12-26 13:51:57.305323
ALT0000987,TXN00487473,ACCT100039794,ML_PATTERN_DETECTED,83,2023-10-25 06:52:41.795180
ALT0000988,TXN00487519,ACCT100053306,ML_PATTERN_DETECTED,86,2023-09-19 13:38:16.011418
ALT0000989,TXN00475859,ACCT100031107,ML_PATTERN_DETECTED,65,2023-04-05 23:36:46.610109
ALT0000990,TXN00486198,ACCT100067034,ML_PATTERN_DETECTED,54,2023-11-30 15:53:22.525054
ALT0000991,TXN00488507,ACCT100091990,ML_PATTERN_DETECTED,85,2023-05-12 21:35:03.577216
ALT0000992,TXN00492445,ACCT100098946,ML_PATTERN_DETECTED,61,2024-03-29 06:23:39.004123
ALT0000993,TXN00484060,ACCT100023230,ML_PATTERN_DETECTED,75,2024-04-17 19:16:45.038049
ALT0000994,TXN00478533,ACCT100005603,ML_PATTERN_DETECTED,77,2023-07-01 11:53:00.417958
ALT0000995,TXN00490573,ACCT100033498,ML_PATTERN_DETECTED,84,2024-11-19 05:45:23.801237
ALT0000996,TXN00499114,ACCT100067152,ML_PATTERN_DETECTED,70,2024-12-04 06:32:22.917223
ALT0000997,TXN00497581,ACCT100060006,ML_PATTERN_DETECTED,87,2023-02-02 22:48:31.432454
ALT0000998,TXN00491231,ACCT100080214,ML_PATTERN_DETECTED,51,2023-12-29 20:43:02.248537
ALT0000999,TXN00481707,ACCT100011057,ML_PATTERN_DETECTED,65,2023-01-20 02:30:48.326154
ALT0001000,TXN00499150,ACCT100071710,ML_PATTERN_DETECTED,60,2023-07-21 22:38:59.803824
ALT0001001,TXN00495607,ACCT100099524,ML_PATTERN_DETECTED,86,2024-05-12 15:28:04.702209
ALT0001002,TXN00476405,ACCT100035002,ML_PATTERN_DETECTED,55,2024-10-27 05:31:25.465565
ALT0001003,TXN00497806,ACCT100035090,ML_PATTERN_DETECTED,72,2024-05-31 03:46:11.530781
ALT0001004,TXN00483948,ACCT100068640,ML_PATTERN_DETECTED,91,2023-11-06 13:04:10.546495
ALT0001005,TXN00495103,ACCT100066267,ML_PATTERN_DETECTED,70,2023-08-09 19:27:24.370705
ALT0001006,TXN00479566,ACCT100069209,ML_PATTERN_DETECTED,83,2023-05-13 10:01:09.407565
ALT0001007,TXN00499890,ACCT100016450,ML_PATTERN_DETECTED,64,2023-11-10 07:04:30.940430
ALT0001008,TXN00492653,ACCT100030421,ML_PATTERN_DETECTED,88,2023-07-18 18:52:28.749684
ALT0001009,TXN00486178,ACCT100002394,ML_PATTERN_DETECTED,90,2023-03-30 09:48:44.515631
ALT0001010,TXN00476623,ACCT100046848,ML_PATTERN_DETECTED,79,2023-09-05 15:45:19.587112
ALT0001011,TXN00478174,ACCT100064402,ML_PATTERN_DETECTED,98,2024-04-24 09:42:58.858132
ALT0001012,TXN00498559,ACCT100069591,ML_PATTERN_DETECTED,55,2023-08-06 07:57:09.518979
ALT0001013,TXN00488200,ACCT100064934,ML_PATTERN_DETECTED,79,2023-10-12 15:45:58.481403
ALT0001014,TXN00490388,ACCT100059369,ML_PATTERN_DETECTED,60,2024-07-03 00:43:35.614558
ALT0001015,TXN00491711,ACCT100025375,ML_PATTERN_DETECTED,81,2023-01-29 20:14:01.487315
ALT0001016,TXN00488812,ACCT100062469,ML_PATTERN_DETECTED,72,2024-12-25 00:24:41.700976
ALT0001017,TXN00481860,ACCT100058829,ML_PATTERN_DETECTED,95,2024-10-04 11:20:55.270129
ALT0001018,TXN00475498,ACCT100005375,ML_PATTERN_DETECTED,86,2024-03-10 08:33:30.073853
ALT0001019,TXN00485774,ACCT100082347,ML_PATTERN_DETECTED,77,2023-04-09 18:45:25.123641
ALT0001020,TXN00497516,ACCT100058755,ML_PATTERN_DETECTED,60,2024-11-20 00:29:48.354223
ALT0001021,TXN00487200,ACCT100079808,ML_PATTERN_DETECTED,87,2023-12-02 14:17:22.688844
ALT0001022,TXN00498257,ACCT100081310,ML_PATTERN_DETECTED,77,2024-02-11 08:13:00.873888
ALT0001023,TXN00498652,ACCT100081344,ML_PATTERN_DETECTED,96,2023-04-29 07:40:24.595425
ALT0001024,TXN00481127,ACCT100055175,ML_PATTERN_DETECTED,62,2024-09-23 08:23:44.787476
ALT0001025,TXN00475468,ACCT100091539,ML_PATTERN_DETECTED,75,2024-11-14 12:47:35.371102
ALT0001026,TXN00485559,ACCT100006437,ML_PATTERN_DETECTED,51,2023-06-18 14:56:29.095086
ALT0001027,TXN00492204,ACCT100078396,ML_PATTERN_DETECTED,77,2024-12-29 11:18:35.457437
ALT0001028,TXN00476770,ACCT100099718,ML_PATTERN_DETECTED,94,2023-07-03 17:43:24.873111
ALT0001029,TXN00479368,ACCT100061560,ML_PATTERN_DETECTED,73,2024-11-29 08:30:55.820630
ALT0001030,TXN00494909,ACCT100080378,ML_PATTERN_DETECTED,83,2023-03-20 21:57:55.687962
ALT0001031,TXN00499991,ACCT100058927,ML_PATTERN_DETECTED,54,2024-08-29 16:15:37.667024
ALT0001032,TXN00490923,ACCT100083697,ML_PATTERN_DETECTED,76,2023-03-10 01:46:25.296442
ALT0001033,TXN00477540,ACCT100063009,ML_PATTERN_DETECTED,94,2023-04-14 06:44:36.647043
ALT0001034,TXN00486037,ACCT100088991,ML_PATTERN_DETECTED,55,2023-12-05 14:38:41.053736
ALT0001035,TXN00485911,ACCT100038690,ML_PATTERN_DETECTED,69,2023-07-13 04:23:28.488125
ALT0001036,TXN00492809,ACCT100083474,ML_PATTERN_DETECTED,57,2024-02-14 12:35:34.993193
ALT0001037,TXN00490975,ACCT100030147,ML_PATTERN_DETECTED,87,2024-02-05 03:17:07.677791
ALT0001038,TXN00475386,ACCT100074463,ML_PATTERN_DETECTED,85,2023-12-05 09:51:51.070657
ALT0001039,TXN00490440,ACCT100047505,ML_PATTERN_DETECTED,67,2023-09-04 06:00:42.559556
ALT0001040,TXN00485758,ACCT100081159,ML_PATTERN_DETECTED,64,2024-02-22 22:13:46.143067
ALT0001041,TXN00486829,ACCT100033678,ML_PATTERN_DETECTED,83,2023-04-29 19:33:49.072486
ALT0001042,TXN00495546,ACCT100094029,ML_PATTERN_DETECTED,60,2024-03-13 08:30:46.680377
ALT0001043,TXN00489735,ACCT100056296,ML_PATTERN_DETECTED,66,2023-06-26 21:04:22.153671
ALT0001044,TXN00498331,ACCT100016824,ML_PATTERN_DETECTED,83,2024-03-10 06:40:21.561181
ALT0001045,TXN00482603,ACCT100011708,ML_PATTERN_DETECTED,61,2023-05-06 06:10:52.088174
ALT0001046,TXN00475629,ACCT100072849,ML_PATTERN_DETECTED,77,2023-01-31 11:53:15.715114
ALT0001047,TXN00494618,ACCT100076045,ML_PATTERN_DETECTED,72,2024-08-15 00:54:37.863743
ALT0001048,TXN00485857,ACCT100027981,ML_PATTERN_DETECTED,84,2023-09-26 05:15:23.021273
ALT0001049,TXN00491974,ACCT100096757,ML_PATTERN_DETECTED,63,2023-03-17 12:05:41.543996
ALT0001050,TXN00478980,ACCT100022217,ML_PATTERN_DETECTED,60,2024-06-23 03:22:15.274789
ALT0001051,TXN00480947,ACCT100081060,ML_PATTERN_DETECTED,86,2024-09-09 10:15:36.677564
ALT0001052,TXN00495859,ACCT100069869,ML_PATTERN_DETECTED,93,2023-03-08 22:20:15.161964
ALT0001053,TXN00491484,ACCT100048801,ML_PATTERN_DETECTED,91,2023-04-30 22:56:03.309557
ALT0001054,TXN00486428,ACCT100048942,ML_PATTERN_DETECTED,91,2023-05-08 09:23:37.702430
ALT0001055,TXN00484629,ACCT100014129,ML_PATTERN_DETECTED,68,2023-09-10 11:06:10.810799
ALT0001056,TXN00496475,ACCT100060130,ML_PATTERN_DETECTED,92,2024-08-29 21:50:28.617489
ALT0001057,TXN00475486,ACCT100002923,ML_PATTERN_DETECTED,93,2024-03-27 10:50:36.359512
ALT0001058,TXN00475407,ACCT100024735,ML_PATTERN_DETECTED,53,2023-06-22 14:44:11.484345
ALT0001059,TXN00496092,ACCT100024558,ML_PATTERN_DETECTED,96,2024-10-10 07:37:42.841919
ALT0001060,TXN00482884,ACCT100004792,ML_PATTERN_DETECTED,75,2023-04-27 06:26:56.399658
ALT0001061,TXN00488428,ACCT100073473,ML_PATTERN_DETECTED,76,2023-12-16 07:50:45.211483
ALT0001062,TXN00488520,ACCT100072143,ML_PATTERN_DETECTED,69,2024-05-16 21:15:22.169018
ALT0001063,TXN00497189,ACCT100054130,ML_PATTERN_DETECTED,91,2024-11-12 08:38:31.802402
ALT0001064,TXN00490186,ACCT100018283,ML_PATTERN_DETECTED,84,2023-09-18 16:47:17.885247
ALT0001065,TXN00487835,ACCT100090055,ML_PATTERN_DETECTED,65,2023-06-19 04:46:26.212940
ALT0001066,TXN00492126,ACCT100039537,ML_PATTERN_DETECTED,55,2023-11-24 04:57:34.814641
ALT0001067,TXN00495833,ACCT100064976,ML_PATTERN_DETECTED,98,2024-11-20 03:59:11.957970
ALT0001068,TXN00490492,ACCT100069599,ML_PATTERN_DETECTED,77,2023-06-12 21:59:51.658244
ALT0001069,TXN00477100,ACCT100045999,ML_PATTERN_DETECTED,93,2023-06-03 16:41:50.407818
ALT0001070,TXN00493176,ACCT100081498,ML_PATTERN_DETECTED,64,2023-10-27 02:53:09.435125
ALT0001071,TXN00484048,ACCT100070150,ML_PATTERN_DETECTED,76,2023-12-17 18:02:34.793795
ALT0001072,TXN00488636,ACCT100048064,ML_PATTERN_DETECTED,57,2023-07-02 13:30:32.685896
ALT0001073,TXN00477692,ACCT100084536,ML_PATTERN_DETECTED,89,2024-02-02 11:48:36.177214
ALT0001074,TXN00479692,ACCT100068562,ML_PATTERN_DETECTED,84,2023-08-17 17:16:47.759873
ALT0001075,TXN00495338,ACCT100062666,ML_PATTERN_DETECTED,93,2023-03-23 01:14:14.578712
ALT0001076,TXN00493768,ACCT100083370,ML_PATTERN_DETECTED,82,2024-05-26 23:21:19.283869
ALT0001077,TXN00494887,ACCT100043631,ML_PATTERN_DETECTED,51,2024-12-12 15:13:50.507222
ALT0001078,TXN00477157,ACCT100007761,ML_PATTERN_DETECTED,69,2024-06-18 09:15:37.129776
ALT0001079,TXN00491089,ACCT100072347,ML_PATTERN_DETECTED,66,2024-08-11 11:06:45.255137
ALT0001080,TXN00490726,ACCT100060265,ML_PATTERN_DETECTED,79,2023-10-02 22:56:34.794251
ALT0001081,TXN00498983,ACCT100019133,ML_PATTERN_DETECTED,61,2024-05-22 12:36:43.783548
ALT0001082,TXN00486445,ACCT100063591,ML_PATTERN_DETECTED,86,2024-04-05 16:16:39.323899
ALT0001083,TXN00490787,ACCT100074639,ML_PATTERN_DETECTED,66,2023-11-23 20:45:05.053460
ALT0001084,TXN00485740,ACCT100076440,ML_PATTERN_DETECTED,74,2024-07-10 16:55:36.153803
ALT0001085,TXN00482436,ACCT100046045,ML_PATTERN_DETECTED,55,2023-01-03 13:26:47.605013
ALT0001086,TXN00477116,ACCT100020362,ML_PATTERN_DETECTED,83,2023-02-21 18:49:39.942204
ALT0001087,TXN00475169,ACCT100002508,ML_PATTERN_DETECTED,57,2023-11-17 07:48:38.210613
ALT0001088,TXN00493830,ACCT100064120,ML_PATTERN_DETECTED,98,2024-01-09 13:47:56.320037
ALT0001089,TXN00486606,ACCT100078826,ML_PATTERN_DETECTED,69,2024-10-05 16:05:44.214633
ALT0001090,TXN00493479,ACCT100064148,ML_PATTERN_DETECTED,88,2023-07-30 08:27:18.032502
ALT0001091,TXN00477089,ACCT100057099,ML_PATTERN_DETECTED,71,2023-02-20 19:57:40.700515
ALT0001092,TXN00490952,ACCT100013922,ML_PATTERN_DETECTED,96,2024-08-25 09:52:05.441622
ALT0001093,TXN00480807,ACCT100058958,ML_PATTERN_DETECTED,62,2023-03-11 04:40:28.641777
ALT0001094,TXN00484874,ACCT100021468,ML_PATTERN_DETECTED,55,2024-07-05 14:57:30.668698
ALT0001095,TXN00481458,ACCT100077090,ML_PATTERN_DETECTED,83,2024-02-09 17:22:28.932409
ALT0001096,TXN00477119,ACCT100053298,ML_PATTERN_DETECTED,91,2023-09-27 07:24:36.800127
ALT0001097,TXN00482759,ACCT100000700,ML_PATTERN_DETECTED,61,2024-05-28 14:38:07.545179
ALT0001098,TXN00496028,ACCT100087789,ML_PATTERN_DETECTED,76,2023-06-15 11:53:14.006495
ALT0001099,TXN00485105,ACCT100039798,ML_PATTERN_DETECTED,61,2023-10-08 15:04:28.009984
ALT0001100,TXN00478366,ACCT100025354,ML_PATTERN_DETECTED,67,2023-04-03 10:05:52.108375
ALT0001101,TXN00492848,ACCT100027111,ML_PATTERN_DETECTED,97,2023-09-03 20:28:02.776239
ALT0001102,TXN00482417,ACCT100096334,ML_PATTERN_DETECTED,77,2024-04-14 03:44:55.043576
ALT0001103,TXN00493594,ACCT100081726,ML_PATTERN_DETECTED,74,2023-10-13 17:16:54.471090
ALT0001104,TXN00498667,ACCT100088052,ML_PATTERN_DETECTED,98,2023-02-07 05:53:28.473253
ALT0001105,TXN00495821,ACCT100017280,ML_PATTERN_DETECTED,95,2023-01-29 13:38:50.216929
ALT0001106,TXN00481373,ACCT100068200,ML_PATTERN_DETECTED,76,2023-02-26 01:19:42.906622
ALT0001107,TXN00476056,ACCT100081638,ML_PATTERN_DETECTED,52,2024-09-24 13:38:43.770645
ALT0001108,TXN00494130,ACCT100072825,ML_PATTERN_DETECTED,83,2023-03-30 17:41:54.501532
ALT0001109,TXN00496104,ACCT100088607,ML_PATTERN_DETECTED,97,2023-06-10 16:21:21.941418
ALT0001110,TXN00487258,ACCT100065755,ML_PATTERN_DETECTED,72,2024-08-24 00:21:30.659248
ALT0001111,TXN00478204,ACCT100058035,ML_PATTERN_DETECTED,83,2023-08-27 13:12:06.752548
ALT0001112,TXN00475821,ACCT100095675,ML_PATTERN_DETECTED,74,2024-12-13 23:41:27.781148
ALT0001113,TXN00491365,ACCT100057907,ML_PATTERN_DETECTED,96,2023-01-25 15:17:37.665777
ALT0001114,TXN00477382,ACCT100016288,ML_PATTERN_DETECTED,56,2023-01-27 09:32:34.314722
ALT0001115,TXN00478822,ACCT100021889,ML_PATTERN_DETECTED,55,2024-12-09 20:16:11.279461
ALT0001116,TXN00499433,ACCT100029399,ML_PATTERN_DETECTED,54,2023-04-29 09:16:16.280250
ALT0001117,TXN00492543,ACCT100054749,ML_PATTERN_DETECTED,82,2024-11-12 23:21:54.809401
ALT0001118,TXN00479914,ACCT100000395,ML_PATTERN_DETECTED,52,2023-08-03 03:18:49.884803
ALT0001119,TXN00484411,ACCT100042800,ML_PATTERN_DETECTED,77,2023-04-30 16:43:00.828293
ALT0001120,TXN00496503,ACCT100008753,ML_PATTERN_DETECTED,69,2023-09-28 21:32:29.377748
ALT0001121,TXN00477998,ACCT100054974,ML_PATTERN_DETECTED,62,2024-08-23 09:56:09.155102
ALT0001122,TXN00491767,ACCT100071544,ML_PATTERN_DETECTED,95,2023-03-18 14:41:30.695189
ALT0001123,TXN00487642,ACCT100019605,ML_PATTERN_DETECTED,74,2024-08-29 05:41:29.531747
ALT0001124,TXN00497784,ACCT100068015,ML_PATTERN_DETECTED,62,2024-09-20 07:14:34.852928
ALT0001125,TXN00489045,ACCT100022070,ML_PATTERN_DETECTED,59,2023-05-15 13:51:01.807972
ALT0001126,TXN00492673,ACCT100072571,ML_PATTERN_DETECTED,77,2024-02-02 15:14:26.642665
ALT0001127,TXN00488988,ACCT100080188,ML_PATTERN_DETECTED,76,2024-03-22 16:09:56.563983
ALT0001128,TXN00487681,ACCT100013013,ML_PATTERN_DETECTED,53,2024-04-15 22:55:29.880671
ALT0001129,TXN00494275,ACCT100066025,ML_PATTERN_DETECTED,97,2024-03-05 18:49:24.939152
ALT0001130,TXN00479113,ACCT100017908,ML_PATTERN_DETECTED,77,2024-07-10 07:06:33.842148
ALT0001131,TXN00479270,ACCT100054904,ML_PATTERN_DETECTED,53,2023-09-26 15:01:13.704818
ALT0001132,TXN00492939,ACCT100057348,ML_PATTERN_DETECTED,54,2023-05-19 17:36:58.052415
ALT0001133,TXN00491570,ACCT100025757,ML_PATTERN_DETECTED,69,2024-10-24 05:28:23.744968
ALT0001134,TXN00497100,ACCT100096354,ML_PATTERN_DETECTED,65,2023-11-21 15:33:34.517668
ALT0001135,TXN00480159,ACCT100031422,ML_PATTERN_DETECTED,81,2023-06-11 22:12:31.638643
ALT0001136,TXN00495982,ACCT100002428,ML_PATTERN_DETECTED,59,2024-06-20 21:01:59.874723
ALT0001137,TXN00487486,ACCT100088060,ML_PATTERN_DETECTED,81,2024-07-09 01:10:56.626144
ALT0001138,TXN00490645,ACCT100065040,ML_PATTERN_DETECTED,88,2023-04-06 22:02:46.390217
ALT0001139,TXN00496815,ACCT100089242,ML_PATTERN_DETECTED,75,2023-09-11 23:42:05.963485
ALT0001140,TXN00479688,ACCT100037900,ML_PATTERN_DETECTED,51,2024-05-01 21:08:40.770417
ALT0001141,TXN00489113,ACCT100080138,ML_PATTERN_DETECTED,89,2024-11-22 07:54:31.212190
ALT0001142,TXN00479468,ACCT100073957,ML_PATTERN_DETECTED,87,2024-01-20 17:28:43.235191
ALT0001143,TXN00490092,ACCT100055743,ML_PATTERN_DETECTED,50,2023-06-10 13:55:28.879995
ALT0001144,TXN00483941,ACCT100023794,ML_PATTERN_DETECTED,93,2023-12-21 09:22:04.609429
ALT0001145,TXN00485891,ACCT100076632,ML_PATTERN_DETECTED,63,2024-12-29 03:38:02.345125
ALT0001146,TXN00477922,ACCT100041631,ML_PATTERN_DETECTED,55,2023-12-06 12:35:34.947782
ALT0001147,TXN00484770,ACCT100072360,ML_PATTERN_DETECTED,77,2024-01-21 09:30:13.262401
ALT0001148,TXN00489710,ACCT100086301,ML_PATTERN_DETECTED,96,2024-05-30 04:08:54.309116
ALT0001149,TXN00490951,ACCT100046247,ML_PATTERN_DETECTED,57,2023-08-18 02:27:58.206547
ALT0001150,TXN00475075,ACCT100036366,ML_PATTERN_DETECTED,71,2023-10-04 14:05:12.548327
ALT0001151,TXN00498560,ACCT100088256,ML_PATTERN_DETECTED,92,2024-07-14 09:17:55.357399
ALT0001152,TXN00496037,ACCT100001860,ML_PATTERN_DETECTED,66,2023-01-11 05:05:59.917178
ALT0001153,TXN00496247,ACCT100062385,ML_PATTERN_DETECTED,74,2024-10-04 18:17:59.857543
ALT0001154,TXN00486163,ACCT100024596,ML_PATTERN_DETECTED,76,2023-05-09 06:51:47.768294
ALT0001155,TXN00484955,ACCT100018767,ML_PATTERN_DETECTED,80,2023-10-06 01:43:40.975971
ALT0001156,TXN00486724,ACCT100045606,ML_PATTERN_DETECTED,75,2023-09-06 02:50:19.296951
ALT0001157,TXN00490259,ACCT100069310,ML_PATTERN_DETECTED,89,2024-06-04 05:36:09.710126
ALT0001158,TXN00477273,ACCT100079646,ML_PATTERN_DETECTED,64,2023-12-21 15:13:34.400136
ALT0001159,TXN00478788,ACCT100008180,ML_PATTERN_DETECTED,58,2024-04-09 17:14:39.227925
ALT0001160,TXN00496490,ACCT100085650,ML_PATTERN_DETECTED,82,2023-05-06 09:25:03.949286
ALT0001161,TXN00491374,ACCT100028251,ML_PATTERN_DETECTED,90,2024-09-06 21:40:46.061017
ALT0001162,TXN00485624,ACCT100008921,ML_PATTERN_DETECTED,96,2023-07-22 20:12:39.672514
ALT0001163,TXN00486096,ACCT100055511,ML_PATTERN_DETECTED,94,2024-09-07 16:59:02.039729
ALT0001164,TXN00489302,ACCT100096837,ML_PATTERN_DETECTED,97,2024-03-12 00:20:21.260803
ALT0001165,TXN00489571,ACCT100001204,ML_PATTERN_DETECTED,95,2023-04-25 09:37:14.516538
ALT0001166,TXN00495436,ACCT100048089,ML_PATTERN_DETECTED,93,2024-02-13 03:06:45.770474
ALT0001167,TXN00475912,ACCT100081388,ML_PATTERN_DETECTED,63,2024-12-19 00:10:57.611444
ALT0001168,TXN00490203,ACCT100069352,ML_PATTERN_DETECTED,58,2024-03-02 19:53:04.059151
ALT0001169,TXN00486077,ACCT100053040,ML_PATTERN_DETECTED,84,2023-06-07 19:13:36.494109
ALT0001170,TXN00478250,ACCT100019913,ML_PATTERN_DETECTED,60,2023-09-30 03:10:13.394824
ALT0001171,TXN00483390,ACCT100020298,ML_PATTERN_DETECTED,60,2024-04-21 15:27:43.562758
ALT0001172,TXN00482532,ACCT100033200,ML_PATTERN_DETECTED,73,2023-09-10 11:19:38.087948
ALT0001173,TXN00498947,ACCT100092954,ML_PATTERN_DETECTED,78,2024-11-05 01:52:40.149793
ALT0001174,TXN00489245,ACCT100078206,ML_PATTERN_DETECTED,93,2024-07-20 05:12:21.375386
ALT0001175,TXN00497179,ACCT100041110,ML_PATTERN_DETECTED,81,2024-01-11 07:42:51.300179
ALT0001176,TXN00483067,ACCT100042064,ML_PATTERN_DETECTED,75,2024-11-20 08:12:25.291109
ALT0001177,TXN00476431,ACCT100027377,ML_PATTERN_DETECTED,57,2024-12-24 06:47:50.557417
ALT0001178,TXN00477009,ACCT100040864,ML_PATTERN_DETECTED,79,2023-04-02 10:38:55.469934
ALT0001179,TXN00496960,ACCT100011770,ML_PATTERN_DETECTED,65,2023-09-13 03:07:02.384768
ALT0001180,TXN00475451,ACCT100031700,ML_PATTERN_DETECTED,60,2023-02-04 04:45:51.129013
ALT0001181,TXN00476460,ACCT100047759,ML_PATTERN_DETECTED,93,2023-10-08 07:43:25.184933
ALT0001182,TXN00486920,ACCT100098474,ML_PATTERN_DETECTED,50,2024-08-03 17:27:14.673862
ALT0001183,TXN00483218,ACCT100029716,ML_PATTERN_DETECTED,76,2023-01-20 12:15:05.562668
ALT0001184,TXN00478737,ACCT100012734,ML_PATTERN_DETECTED,96,2023-02-01 07:50:29.714957
ALT0001185,TXN00496149,ACCT100045578,ML_PATTERN_DETECTED,50,2023-02-10 03:36:26.694741
ALT0001186,TXN00483104,ACCT100093483,ML_PATTERN_DETECTED,59,2023-07-03 16:24:54.130485
ALT0001187,TXN00491988,ACCT100095786,ML_PATTERN_DETECTED,74,2024-07-28 00:00:26.855314
ALT0001188,TXN00499054,ACCT100066535,ML_PATTERN_DETECTED,51,2024-07-19 22:29:16.911042
ALT0001189,TXN00491409,ACCT100062107,ML_PATTERN_DETECTED,64,2024-03-24 20:13:07.622138
ALT0001190,TXN00482681,ACCT100037693,ML_PATTERN_DETECTED,96,2023-12-12 06:22:36.954684
ALT0001191,TXN00476916,ACCT100041718,ML_PATTERN_DETECTED,63,2023-11-06 12:38:11.730149
ALT0001192,TXN00477509,ACCT100099553,ML_PATTERN_DETECTED,52,2024-05-25 09:15:47.439924
ALT0001193,TXN00478430,ACCT100024752,ML_PATTERN_DETECTED,77,2024-09-14 16:01:32.305410
ALT0001194,TXN00475876,ACCT100071440,ML_PATTERN_DETECTED,89,2023-11-17 04:20:51.100247
ALT0001195,TXN00482912,ACCT100041089,ML_PATTERN_DETECTED,67,2023-03-25 23:41:16.170749
ALT0001196,TXN00481597,ACCT100000972,ML_PATTERN_DETECTED,53,2024-07-04 04:39:49.520124
ALT0001197,TXN00483387,ACCT100022144,ML_PATTERN_DETECTED,73,2024-08-21 15:18:38.691415
ALT0001198,TXN00496426,ACCT100087585,ML_PATTERN_DETECTED,60,2024-10-18 06:05:51.137857
ALT0001199,TXN00478542,ACCT100063667,ML_PATTERN_DETECTED,54,2023-11-29 05:05:42.516294
ALT0001200,TXN00488530,ACCT100035398,ML_PATTERN_DETECTED,51,2024-12-10 14:02:36.552710
ALT0001201,TXN00477595,ACCT100005959,ML_PATTERN_DETECTED,52,2023-05-02 16:48:31.952167
ALT0001202,TXN00485854,ACCT100014599,ML_PATTERN_DETECTED,61,2024-04-17 23:52:31.224127
ALT0001203,TXN00475776,ACCT100048492,ML_PATTERN_DETECTED,60,2024-07-11 12:11:13.689098
ALT0001204,TXN00481873,ACCT100069078,ML_PATTERN_DETECTED,61,2023-12-11 01:19:54.768471
ALT0001205,TXN00499199,ACCT100077134,ML_PATTERN_DETECTED,91,2023-06-30 08:28:52.411450
ALT0001206,TXN00479903,ACCT100012187,ML_PATTERN_DETECTED,86,2023-11-17 09:10:09.258822
ALT0001207,TXN00478685,ACCT100016618,ML_PATTERN_DETECTED,67,2024-04-10 07:01:03.499964
ALT0001208,TXN00485133,ACCT100029631,ML_PATTERN_DETECTED,71,2023-05-08 11:56:40.544098
ALT0001209,TXN00482215,ACCT100069574,ML_PATTERN_DETECTED,63,2023-12-04 04:26:48.393008
ALT0001210,TXN00481493,ACCT100051909,ML_PATTERN_DETECTED,53,2024-12-03 04:24:42.985376
ALT0001211,TXN00481594,ACCT100092880,ML_PATTERN_DETECTED,65,2023-09-01 17:16:00.561121
ALT0001212,TXN00491620,ACCT100088203,ML_PATTERN_DETECTED,57,2023-11-18 18:48:16.243854
ALT0001213,TXN00499261,ACCT100052119,ML_PATTERN_DETECTED,75,2024-01-08 18:11:47.076363
ALT0001214,TXN00487581,ACCT100009168,ML_PATTERN_DETECTED,57,2024-05-25 00:45:58.126391
ALT0001215,TXN00484850,ACCT100009344,ML_PATTERN_DETECTED,55,2024-08-30 15:26:52.363675
ALT0001216,TXN00488820,ACCT100079453,ML_PATTERN_DETECTED,96,2024-06-22 14:05:58.903003
ALT0001217,TXN00476478,ACCT100048096,ML_PATTERN_DETECTED,78,2024-03-24 05:15:25.691234
ALT0001218,TXN00498644,ACCT100016734,ML_PATTERN_DETECTED,75,2023-04-28 04:56:52.135798
ALT0001219,TXN00490147,ACCT100087969,ML_PATTERN_DETECTED,56,2024-06-20 04:10:22.645564
ALT0001220,TXN00490352,ACCT100037851,ML_PATTERN_DETECTED,83,2024-06-06 00:31:44.920422
ALT0001221,TXN00481615,ACCT100037806,ML_PATTERN_DETECTED,67,2023-01-26 18:31:17.512758
ALT0001222,TXN00487640,ACCT100085488,ML_PATTERN_DETECTED,86,2023-05-08 20:54:36.161896
ALT0001223,TXN00495053,ACCT100041598,ML_PATTERN_DETECTED,71,2024-08-18 02:49:22.358951
ALT0001224,TXN00499922,ACCT100035640,ML_PATTERN_DETECTED,52,2024-06-24 16:25:31.955700
ALT0001225,TXN00481084,ACCT100099694,ML_PATTERN_DETECTED,69,2023-04-17 16:52:12.539159
ALT0001226,TXN00481708,ACCT100078806,ML_PATTERN_DETECTED,71,2023-04-18 04:39:44.257054
ALT0001227,TXN00484353,ACCT100086936,ML_PATTERN_DETECTED,50,2023-03-27 05:39:32.625416
ALT0001228,TXN00490932,ACCT100012359,ML_PATTERN_DETECTED,86,2024-01-16 10:49:28.738830
ALT0001229,TXN00486398,ACCT100055788,ML_PATTERN_DETECTED,79,2023-08-31 15:24:40.209205
ALT0001230,TXN00478473,ACCT100006824,ML_PATTERN_DETECTED,68,2023-07-05 23:56:45.612226
ALT0001231,TXN00480876,ACCT100071670,ML_PATTERN_DETECTED,92,2023-08-13 18:46:45.729862
ALT0001232,TXN00491274,ACCT100034691,ML_PATTERN_DETECTED,73,2024-10-26 06:07:00.532478
ALT0001233,TXN00496162,ACCT100051817,ML_PATTERN_DETECTED,95,2024-09-22 23:41:54.694721
ALT0001234,TXN00491789,ACCT100010935,ML_PATTERN_DETECTED,97,2024-10-22 20:36:52.414581
ALT0001235,TXN00488092,ACCT100066400,ML_PATTERN_DETECTED,80,2024-12-30 17:09:49.678023
ALT0001236,TXN00483051,ACCT100050111,ML_PATTERN_DETECTED,63,2024-03-21 22:21:15.145905
ALT0001237,TXN00491033,ACCT100084864,ML_PATTERN_DETECTED,77,2024-07-02 22:56:51.920386
ALT0001238,TXN00492842,ACCT100053730,ML_PATTERN_DETECTED,95,2024-10-21 14:26:53.027317
ALT0001239,TXN00478582,ACCT100056753,ML_PATTERN_DETECTED,88,2023-07-01 13:13:22.240194
ALT0001240,TXN00495991,ACCT100013418,ML_PATTERN_DETECTED,79,2023-08-24 17:08:07.800398
ALT0001241,TXN00489016,ACCT100014994,ML_PATTERN_DETECTED,92,2024-07-18 02:17:39.238401
ALT0001242,TXN00480676,ACCT100044987,ML_PATTERN_DETECTED,78,2023-09-13 00:51:54.987651
ALT0001243,TXN00492161,ACCT100066317,ML_PATTERN_DETECTED,56,2024-06-08 21:35:28.349192
ALT0001244,TXN00483413,ACCT100089624,ML_PATTERN_DETECTED,86,2024-05-02 18:26:32.820796
ALT0001245,TXN00483805,ACCT100002605,ML_PATTERN_DETECTED,84,2024-02-04 06:24:21.691201
ALT0001246,TXN00491085,ACCT100085973,ML_PATTERN_DETECTED,56,2024-06-15 20:35:36.393002
ALT0001247,TXN00483877,ACCT100035788,ML_PATTERN_DETECTED,65,2024-03-20 11:39:00.244431
ALT0001248,TXN00477658,ACCT100067285,ML_PATTERN_DETECTED,73,2023-04-27 22:58:23.816705
ALT0001249,TXN00496553,ACCT100045992,ML_PATTERN_DETECTED,56,2024-10-08 18:44:12.272379
ALT0001250,TXN00488118,ACCT100076612,ML_PATTERN_DETECTED,54,2023-05-11 08:37:24.064710
ALT0001251,TXN00496256,ACCT100033035,ML_PATTERN_DETECTED,58,2023-07-30 06:14:26.380227
ALT0001252,TXN00481723,ACCT100077246,ML_PATTERN_DETECTED,61,2024-05-05 10:26:18.427643
ALT0001253,TXN00486592,ACCT100088756,ML_PATTERN_DETECTED,87,2023-07-27 06:44:15.310503
ALT0001254,TXN00499553,ACCT100000773,ML_PATTERN_DETECTED,86,2023-03-10 05:10:35.656199
ALT0001255,TXN00480667,ACCT100024755,ML_PATTERN_DETECTED,64,2024-01-12 10:54:08.337412
ALT0001256,TXN00497275,ACCT100088724,ML_PATTERN_DETECTED,67,2023-12-10 10:23:46.316438
ALT0001257,TXN00480972,ACCT100004148,ML_PATTERN_DETECTED,85,2024-05-02 16:52:48.854222
ALT0001258,TXN00493847,ACCT100006890,ML_PATTERN_DETECTED,54,2023-03-08 10:15:16.242460
ALT0001259,TXN00477543,ACCT100057182,ML_PATTERN_DETECTED,57,2024-05-12 01:42:34.489638
ALT0001260,TXN00480882,ACCT100045794,ML_PATTERN_DETECTED,61,2024-08-14 21:27:07.682117
ALT0001261,TXN00491184,ACCT100032411,ML_PATTERN_DETECTED,75,2023-05-08 20:32:02.105055
ALT0001262,TXN00489447,ACCT100004237,ML_PATTERN_DETECTED,65,2024-06-16 07:23:05.722895
ALT0001263,TXN00490549,ACCT100079043,ML_PATTERN_DETECTED,87,2023-04-24 11:47:51.158720
ALT0001264,TXN00490660,ACCT100051649,ML_PATTERN_DETECTED,78,2024-07-15 07:10:14.606468
ALT0001265,TXN00487047,ACCT100025067,ML_PATTERN_DETECTED,91,2023-05-26 13:54:23.079328
ALT0001266,TXN00498207,ACCT100046556,ML_PATTERN_DETECTED,75,2023-01-10 20:51:06.594193
ALT0001267,TXN00487408,ACCT100084731,ML_PATTERN_DETECTED,52,2023-04-12 08:19:16.946503
ALT0001268,TXN00480499,ACCT100038894,ML_PATTERN_DETECTED,71,2023-01-08 22:58:42.280509
ALT0001269,TXN00484086,ACCT100055199,ML_PATTERN_DETECTED,78,2023-04-02 21:49:50.831197
ALT0001270,TXN00494043,ACCT100093837,ML_PATTERN_DETECTED,88,2023-03-11 12:33:49.482798
ALT0001271,TXN00495624,ACCT100055989,ML_PATTERN_DETECTED,56,2023-12-12 02:39:48.597538
ALT0001272,TXN00479437,ACCT100023543,ML_PATTERN_DETECTED,92,2023-08-30 19:04:16.993567
ALT0001273,TXN00483830,ACCT100058062,ML_PATTERN_DETECTED,59,2024-01-08 15:32:46.203618
ALT0001274,TXN00476766,ACCT100002087,ML_PATTERN_DETECTED,56,2024-06-07 06:31:58.810324
ALT0001275,TXN00491215,ACCT100000180,ML_PATTERN_DETECTED,63,2024-06-09 12:05:43.088655
ALT0001276,TXN00494693,ACCT100064934,ML_PATTERN_DETECTED,88,2023-12-28 07:22:24.695770
ALT0001277,TXN00498115,ACCT100001614,ML_PATTERN_DETECTED,89,2024-07-12 16:18:25.663525
ALT0001278,TXN00491720,ACCT100015965,ML_PATTERN_DETECTED,51,2024-03-20 08:46:50.972474
ALT0001279,TXN00499751,ACCT100038168,ML_PATTERN_DETECTED,50,2024-12-18 18:17:46.457882
ALT0001280,TXN00477101,ACCT100032238,ML_PATTERN_DETECTED,80,2024-09-19 05:40:12.437966
ALT0001281,TXN00475426,ACCT100069271,ML_PATTERN_DETECTED,68,2024-07-19 15:55:01.634766
ALT0001282,TXN00497989,ACCT100037417,ML_PATTERN_DETECTED,86,2023-08-18 11:08:35.843553
ALT0001283,TXN00496727,ACCT100027833,ML_PATTERN_DETECTED,94,2024-07-06 20:27:59.557878
ALT0001284,TXN00485094,ACCT100069021,ML_PATTERN_DETECTED,65,2023-01-14 22:41:53.573231
ALT0001285,TXN00481348,ACCT100038896,ML_PATTERN_DETECTED,94,2023-10-16 08:50:06.102687
ALT0001286,TXN00493746,ACCT100054656,ML_PATTERN_DETECTED,56,2024-08-13 16:58:26.428392
ALT0001287,TXN00480606,ACCT100043392,ML_PATTERN_DETECTED,59,2023-02-25 13:22:26.552607
ALT0001288,TXN00480735,ACCT100091009,ML_PATTERN_DETECTED,59,2023-08-12 13:30:08.189160
ALT0001289,TXN00476859,ACCT100081890,ML_PATTERN_DETECTED,63,2023-02-12 12:02:15.703828
ALT0001290,TXN00489451,ACCT100016461,ML_PATTERN_DETECTED,51,2023-01-15 00:17:00.998348
ALT0001291,TXN00486422,ACCT100031672,ML_PATTERN_DETECTED,53,2023-01-19 17:09:04.477456
ALT0001292,TXN00488770,ACCT100042845,ML_PATTERN_DETECTED,51,2024-05-07 01:12:56.747297
ALT0001293,TXN00487838,ACCT100035833,ML_PATTERN_DETECTED,66,2023-09-09 20:11:59.687433
ALT0001294,TXN00496071,ACCT100093562,ML_PATTERN_DETECTED,94,2024-01-13 05:41:33.846714
ALT0001295,TXN00493363,ACCT100038900,ML_PATTERN_DETECTED,66,2023-03-20 10:37:44.320215
ALT0001296,TXN00480193,ACCT100011446,ML_PATTERN_DETECTED,52,2024-01-09 04:12:16.209282
ALT0001297,TXN00492938,ACCT100066554,ML_PATTERN_DETECTED,55,2023-11-13 04:44:04.817663
ALT0001298,TXN00483835,ACCT100036828,ML_PATTERN_DETECTED,77,2024-02-03 09:23:33.877104
ALT0001299,TXN00477456,ACCT100004380,ML_PATTERN_DETECTED,58,2024-09-03 22:44:34.532877
ALT0001300,TXN00480968,ACCT100072497,ML_PATTERN_DETECTED,53,2024-03-14 11:35:11.825936
ALT0001301,TXN00475918,ACCT100006873,ML_PATTERN_DETECTED,83,2024-01-19 18:34:25.295316
ALT0001302,TXN00476869,ACCT100084460,ML_PATTERN_DETECTED,78,2024-05-05 19:41:06.981221
ALT0001303,TXN00485023,ACCT100010595,ML_PATTERN_DETECTED,62,2024-12-22 02:20:25.202746
ALT0001304,TXN00493301,ACCT100043596,ML_PATTERN_DETECTED,82,2024-12-14 11:49:59.885080
ALT0001305,TXN00481812,ACCT100023013,ML_PATTERN_DETECTED,74,2023-09-07 12:49:26.766548
ALT0001306,TXN00481660,ACCT100048402,ML_PATTERN_DETECTED,69,2023-07-31 15:54:29.879702
ALT0001307,TXN00484746,ACCT100057220,ML_PATTERN_DETECTED,57,2023-06-09 09:56:15.183410
ALT0001308,TXN00485217,ACCT100093554,ML_PATTERN_DETECTED,90,2023-10-18 17:09:56.997410
ALT0001309,TXN00496355,ACCT100086152,ML_PATTERN_DETECTED,94,2023-11-07 17:24:59.615652
ALT0001310,TXN00493461,ACCT100077774,ML_PATTERN_DETECTED,73,2024-11-20 14:22:10.353743
ALT0001311,TXN00496648,ACCT100034938,ML_PATTERN_DETECTED,77,2023-11-20 02:50:36.618865
ALT0001312,TXN00487900,ACCT100081677,ML_PATTERN_DETECTED,70,2023-04-17 11:54:04.141900
ALT0001313,TXN00475957,ACCT100057513,ML_PATTERN_DETECTED,98,2023-01-06 11:43:32.749137
ALT0001314,TXN00496497,ACCT100038678,ML_PATTERN_DETECTED,86,2024-03-22 14:11:24.779549
ALT0001315,TXN00475158,ACCT100074614,ML_PATTERN_DETECTED,81,2024-09-21 11:38:15.658767
ALT0001316,TXN00484887,ACCT100067395,ML_PATTERN_DETECTED,50,2024-03-25 11:24:17.979937
ALT0001317,TXN00490267,ACCT100037721,ML_PATTERN_DETECTED,71,2023-10-15 11:34:03.127545
ALT0001318,TXN00476756,ACCT100003980,ML_PATTERN_DETECTED,69,2023-02-12 05:45:15.709935
ALT0001319,TXN00478536,ACCT100069170,ML_PATTERN_DETECTED,75,2023-07-25 12:28:31.148053
ALT0001320,TXN00497090,ACCT100096932,ML_PATTERN_DETECTED,50,2023-11-11 23:06:58.834473
ALT0001321,TXN00476546,ACCT100055150,ML_PATTERN_DETECTED,77,2023-10-11 17:41:46.393111
ALT0001322,TXN00481795,ACCT100076198,ML_PATTERN_DETECTED,92,2024-03-23 07:15:27.303132
ALT0001323,TXN00493179,ACCT100046092,ML_PATTERN_DETECTED,81,2023-03-28 15:47:14.273440
ALT0001324,TXN00478901,ACCT100025865,ML_PATTERN_DETECTED,54,2023-12-08 03:47:46.925778
ALT0001325,TXN00485287,ACCT100080065,ML_PATTERN_DETECTED,79,2023-08-31 14:21:27.026628
ALT0001326,TXN00480272,ACCT100043502,ML_PATTERN_DETECTED,85,2024-05-14 00:29:20.732276
ALT0001327,TXN00498061,ACCT100022584,ML_PATTERN_DETECTED,57,2023-01-02 14:14:07.960482
ALT0001328,TXN00482375,ACCT100099255,ML_PATTERN_DETECTED,51,2023-01-31 05:03:30.503412
ALT0001329,TXN00497394,ACCT100080390,ML_PATTERN_DETECTED,71,2023-08-21 21:06:08.432462
ALT0001330,TXN00499742,ACCT100051607,ML_PATTERN_DETECTED,69,2024-07-29 02:56:54.384819
ALT0001331,TXN00482917,ACCT100025454,ML_PATTERN_DETECTED,82,2023-09-02 09:59:24.176506
ALT0001332,TXN00487314,ACCT100038688,ML_PATTERN_DETECTED,96,2024-12-09 19:00:58.237450
ALT0001333,TXN00494592,ACCT100077733,ML_PATTERN_DETECTED,83,2024-03-17 18:35:12.712377
ALT0001334,TXN00475597,ACCT100004190,ML_PATTERN_DETECTED,69,2024-02-17 20:22:37.219088
ALT0001335,TXN00487862,ACCT100088558,ML_PATTERN_DETECTED,82,2023-05-09 06:11:29.923313
ALT0001336,TXN00475165,ACCT100005770,ML_PATTERN_DETECTED,81,2023-09-22 14:16:49.881120
ALT0001337,TXN00486660,ACCT100005057,ML_PATTERN_DETECTED,90,2024-11-12 17:45:42.711313
ALT0001338,TXN00482595,ACCT100027301,ML_PATTERN_DETECTED,63,2023-01-20 23:19:48.472186
ALT0001339,TXN00490216,ACCT100094790,ML_PATTERN_DETECTED,70,2023-09-25 07:13:50.949571
ALT0001340,TXN00479251,ACCT100028450,ML_PATTERN_DETECTED,88,2024-01-24 19:46:07.302044
ALT0001341,TXN00482189,ACCT100080024,ML_PATTERN_DETECTED,69,2024-11-27 10:41:25.742471
ALT0001342,TXN00491162,ACCT100051269,ML_PATTERN_DETECTED,61,2023-07-26 05:28:21.551237
ALT0001343,TXN00481725,ACCT100038247,ML_PATTERN_DETECTED,53,2024-03-19 20:12:24.946340
ALT0001344,TXN00488036,ACCT100056102,ML_PATTERN_DETECTED,70,2023-02-08 18:36:37.809855
ALT0001345,TXN00485947,ACCT100098978,ML_PATTERN_DETECTED,75,2024-01-30 01:27:39.561981
ALT0001346,TXN00489550,ACCT100085580,ML_PATTERN_DETECTED,71,2023-01-06 09:40:15.999751
ALT0001347,TXN00497444,ACCT100000916,ML_PATTERN_DETECTED,95,2024-07-22 16:55:54.510634
ALT0001348,TXN00493982,ACCT100035292,ML_PATTERN_DETECTED,75,2024-08-14 14:05:10.357406
ALT0001349,TXN00482101,ACCT100054156,ML_PATTERN_DETECTED,70,2024-04-05 01:00:07.984918
ALT0001350,TXN00495465,ACCT100048101,ML_PATTERN_DETECTED,59,2023-10-27 01:14:05.893672
ALT0001351,TXN00489857,ACCT100032028,ML_PATTERN_DETECTED,54,2024-10-31 19:49:19.361227
ALT0001352,TXN00495963,ACCT100074730,ML_PATTERN_DETECTED,72,2023-02-15 06:33:36.626063
ALT0001353,TXN00477177,ACCT100082690,ML_PATTERN_DETECTED,75,2024-05-26 14:18:40.427860
ALT0001354,TXN00497748,ACCT100035880,ML_PATTERN_DETECTED,51,2023-07-16 15:05:49.528886
ALT0001355,TXN00499466,ACCT100019294,ML_PATTERN_DETECTED,50,2024-12-28 18:02:06.596638
ALT0001356,TXN00479647,ACCT100029354,ML_PATTERN_DETECTED,73,2023-09-27 02:13:16.383999
ALT0001357,TXN00493423,ACCT100023545,ML_PATTERN_DETECTED,71,2023-03-07 23:31:44.781314
ALT0001358,TXN00489580,ACCT100095479,ML_PATTERN_DETECTED,54,2024-09-25 23:41:47.141252
ALT0001359,TXN00495356,ACCT100090846,ML_PATTERN_DETECTED,63,2023-01-12 15:43:07.662228
ALT0001360,TXN00490429,ACCT100045331,ML_PATTERN_DETECTED,53,2024-08-07 10:33:47.502955
ALT0001361,TXN00480404,ACCT100059882,ML_PATTERN_DETECTED,75,2024-07-21 14:49:29.255435
ALT0001362,TXN00481548,ACCT100047385,ML_PATTERN_DETECTED,83,2023-06-17 12:09:04.891029
ALT0001363,TXN00492103,ACCT100079274,ML_PATTERN_DETECTED,86,2023-05-24 15:02:45.292852
ALT0001364,TXN00492807,ACCT100068892,ML_PATTERN_DETECTED,55,2024-06-16 08:36:43.165946
ALT0001365,TXN00477760,ACCT100093134,ML_PATTERN_DETECTED,90,2024-10-03 13:56:38.371918
ALT0001366,TXN00477712,ACCT100015453,ML_PATTERN_DETECTED,66,2024-07-18 10:28:35.546850
ALT0001367,TXN00493095,ACCT100067871,ML_PATTERN_DETECTED,53,2024-05-23 07:56:30.197988
ALT0001368,TXN00483466,ACCT100063712,ML_PATTERN_DETECTED,73,2023-05-05 06:40:08.332463
ALT0001369,TXN00492072,ACCT100050002,ML_PATTERN_DETECTED,60,2024-10-01 06:43:48.123726
ALT0001370,TXN00488819,ACCT100090672,ML_PATTERN_DETECTED,94,2024-10-23 17:20:54.257888
ALT0001371,TXN00492579,ACCT100048768,ML_PATTERN_DETECTED,51,2024-12-12 20:43:21.141360
ALT0001372,TXN00476658,ACCT100082576,ML_PATTERN_DETECTED,57,2023-05-18 05:58:10.984541
ALT0001373,TXN00481363,ACCT100088687,ML_PATTERN_DETECTED,69,2023-03-10 11:19:25.154063
ALT0001374,TXN00498910,ACCT100077562,ML_PATTERN_DETECTED,60,2024-01-08 00:09:10.610897
ALT0001375,TXN00491787,ACCT100021120,ML_PATTERN_DETECTED,88,2024-07-14 22:19:06.680201
ALT0001376,TXN00479366,ACCT100051852,ML_PATTERN_DETECTED,98,2024-04-25 04:40:11.516016
ALT0001377,TXN00499421,ACCT100021178,ML_PATTERN_DETECTED,65,2023-03-28 23:02:07.175166
ALT0001378,TXN00483087,ACCT100047415,ML_PATTERN_DETECTED,75,2023-02-11 14:48:10.132094
ALT0001379,TXN00477390,ACCT100019608,ML_PATTERN_DETECTED,57,2024-12-29 06:19:14.948937
ALT0001380,TXN00499063,ACCT100054047,ML_PATTERN_DETECTED,61,2024-08-31 06:58:54.807090
ALT0001381,TXN00490867,ACCT100017207,ML_PATTERN_DETECTED,74,2024-06-10 04:01:12.973342
ALT0001382,TXN00487981,ACCT100017591,ML_PATTERN_DETECTED,80,2023-08-30 08:21:51.067225
ALT0001383,TXN00484261,ACCT100076431,ML_PATTERN_DETECTED,78,2024-01-25 20:32:41.301373
ALT0001384,TXN00499902,ACCT100069744,ML_PATTERN_DETECTED,60,2024-09-28 10:00:08.014324
ALT0001385,TXN00484109,ACCT100062206,ML_PATTERN_DETECTED,68,2024-11-25 22:22:05.650855
ALT0001386,TXN00480207,ACCT100037119,ML_PATTERN_DETECTED,65,2024-06-11 08:46:33.650095
ALT0001387,TXN00475082,ACCT100030326,ML_PATTERN_DETECTED,90,2023-05-17 01:41:49.947485
ALT0001388,TXN00480518,ACCT100074115,ML_PATTERN_DETECTED,86,2023-02-22 03:47:51.932488
ALT0001389,TXN00489702,ACCT100053864,ML_PATTERN_DETECTED,53,2023-11-17 12:24:56.736200
ALT0001390,TXN00499483,ACCT100030884,ML_PATTERN_DETECTED,72,2024-06-12 17:40:56.526028
ALT0001391,TXN00481182,ACCT100061295,ML_PATTERN_DETECTED,57,2023-05-23 05:47:16.284289
ALT0001392,TXN00484350,ACCT100062767,ML_PATTERN_DETECTED,79,2023-02-05 19:24:16.038110
ALT0001393,TXN00487807,ACCT100020467,ML_PATTERN_DETECTED,85,2024-01-22 19:09:27.423183
ALT0001394,TXN00477631,ACCT100002298,ML_PATTERN_DETECTED,79,2023-02-28 06:44:44.080240
ALT0001395,TXN00479409,ACCT100083996,ML_PATTERN_DETECTED,56,2024-11-13 14:43:15.955227
ALT0001396,TXN00486384,ACCT100087168,ML_PATTERN_DETECTED,53,2024-05-29 19:38:33.980718
ALT0001397,TXN00479200,ACCT100012485,ML_PATTERN_DETECTED,52,2023-07-05 02:44:11.799422
ALT0001398,TXN00480302,ACCT100016081,ML_PATTERN_DETECTED,84,2023-05-02 12:30:08.472811
ALT0001399,TXN00499689,ACCT100092143,ML_PATTERN_DETECTED,75,2023-04-21 07:57:42.099573
ALT0001400,TXN00484196,ACCT100082483,ML_PATTERN_DETECTED,60,2023-02-10 18:46:36.276104
ALT0001401,TXN00498049,ACCT100039994,ML_PATTERN_DETECTED,68,2023-04-07 10:41:33.723578
ALT0001402,TXN00483662,ACCT100001518,ML_PATTERN_DETECTED,63,2024-11-09 01:26:57.907934
ALT0001403,TXN00486757,ACCT100073225,ML_PATTERN_DETECTED,68,2024-07-11 06:28:52.549333
ALT0001404,TXN00478808,ACCT100051451,ML_PATTERN_DETECTED,55,2024-07-11 11:07:01.969930
ALT0001405,TXN00487423,ACCT100057289,ML_PATTERN_DETECTED,73,2024-03-14 09:53:59.565433
ALT0001406,TXN00487209,ACCT100092474,ML_PATTERN_DETECTED,83,2024-06-14 21:51:10.852450
ALT0001407,TXN00498021,ACCT100054266,ML_PATTERN_DETECTED,72,2024-04-26 00:04:22.758288
ALT0001408,TXN00486217,ACCT100048128,ML_PATTERN_DETECTED,68,2023-04-29 17:55:19.625597
ALT0001409,TXN00475094,ACCT100016151,ML_PATTERN_DETECTED,84,2023-04-15 11:22:04.845139
ALT0001410,TXN00480509,ACCT100090342,ML_PATTERN_DETECTED,59,2024-01-01 03:57:54.601242
ALT0001411,TXN00494260,ACCT100007209,ML_PATTERN_DETECTED,61,2023-05-17 09:59:39.909606
ALT0001412,TXN00482557,ACCT100073208,ML_PATTERN_DETECTED,92,2023-05-31 17:35:08.463778
ALT0001413,TXN00481783,ACCT100018538,ML_PATTERN_DETECTED,66,2024-09-23 23:16:47.422960
ALT0001414,TXN00489343,ACCT100010887,ML_PATTERN_DETECTED,73,2024-10-24 10:53:57.194928
ALT0001415,TXN00484354,ACCT100062859,ML_PATTERN_DETECTED,75,2023-07-14 03:40:03.083139
ALT0001416,TXN00496023,ACCT100000729,ML_PATTERN_DETECTED,60,2023-06-20 02:59:07.236813
ALT0001417,TXN00481635,ACCT100040774,ML_PATTERN_DETECTED,63,2024-10-01 14:32:42.265699
ALT0001418,TXN00484371,ACCT100022225,ML_PATTERN_DETECTED,60,2023-04-27 20:52:42.337928
ALT0001419,TXN00477715,ACCT100066043,ML_PATTERN_DETECTED,57,2023-12-03 23:15:47.667169
ALT0001420,TXN00481528,ACCT100024346,ML_PATTERN_DETECTED,58,2024-05-03 09:09:12.002515
ALT0001421,TXN00485545,ACCT100012530,ML_PATTERN_DETECTED,51,2024-07-12 09:36:20.458603
ALT0001422,TXN00488032,ACCT100016388,ML_PATTERN_DETECTED,86,2023-12-18 13:42:31.440041
ALT0001423,TXN00487628,ACCT100051358,ML_PATTERN_DETECTED,86,2024-03-25 08:18:40.799855
ALT0001424,TXN00475767,ACCT100075125,ML_PATTERN_DETECTED,56,2024-05-06 00:09:12.591249
ALT0001425,TXN00498885,ACCT100025412,ML_PATTERN_DETECTED,70,2024-05-16 16:26:06.045550
ALT0001426,TXN00492421,ACCT100072512,ML_PATTERN_DETECTED,55,2024-01-02 12:47:57.213903
ALT0001427,TXN00499416,ACCT100015826,ML_PATTERN_DETECTED,57,2024-05-09 10:32:04.043739
ALT0001428,TXN00490887,ACCT100047679,ML_PATTERN_DETECTED,50,2024-03-16 23:34:51.962540
ALT0001429,TXN00488007,ACCT100056722,ML_PATTERN_DETECTED,50,2023-04-10 17:38:23.434487
ALT0001430,TXN00499684,ACCT100008633,ML_PATTERN_DETECTED,56,2024-08-28 17:58:12.638914
ALT0001431,TXN00495815,ACCT100083860,ML_PATTERN_DETECTED,77,2024-08-28 10:55:22.524673
ALT0001432,TXN00486380,ACCT100011622,ML_PATTERN_DETECTED,56,2023-06-13 09:06:20.264760
ALT0001433,TXN00498674,ACCT100060183,ML_PATTERN_DETECTED,52,2024-08-06 02:28:16.591499
ALT0001434,TXN00494779,ACCT100094900,ML_PATTERN_DETECTED,56,2023-01-21 16:38:23.723480
ALT0001435,TXN00476011,ACCT100047368,ML_PATTERN_DETECTED,72,2023-04-23 11:34:25.946902
ALT0001436,TXN00484708,ACCT100021346,ML_PATTERN_DETECTED,94,2024-07-15 16:12:52.463867
ALT0001437,TXN00484000,ACCT100080203,ML_PATTERN_DETECTED,69,2024-03-10 10:11:45.910482
ALT0001438,TXN00475039,ACCT100044715,ML_PATTERN_DETECTED,90,2023-02-11 21:19:53.791341
ALT0001439,TXN00490432,ACCT100080062,ML_PATTERN_DETECTED,83,2024-06-03 05:00:03.008652
ALT0001440,TXN00475891,ACCT100060360,ML_PATTERN_DETECTED,58,2023-06-05 20:20:29.034074
ALT0001441,TXN00493305,ACCT100090773,ML_PATTERN_DETECTED,88,2023-08-21 01:31:18.849891
ALT0001442,TXN00497856,ACCT100007933,ML_PATTERN_DETECTED,67,2024-09-14 09:58:27.964520
ALT0001443,TXN00493338,ACCT100018857,ML_PATTERN_DETECTED,83,2023-08-24 16:13:41.201565
ALT0001444,TXN00494157,ACCT100094544,ML_PATTERN_DETECTED,95,2023-11-17 21:56:50.506044
ALT0001445,TXN00483885,ACCT100044175,ML_PATTERN_DETECTED,97,2024-05-16 14:38:00.321150
ALT0001446,TXN00490336,ACCT100010203,ML_PATTERN_DETECTED,98,2023-03-26 19:28:38.023174
ALT0001447,TXN00475395,ACCT100033994,ML_PATTERN_DETECTED,79,2023-01-05 06:12:44.898145
ALT0001448,TXN00491482,ACCT100016643,ML_PATTERN_DETECTED,52,2024-05-18 13:43:55.112112
ALT0001449,TXN00480088,ACCT100074291,ML_PATTERN_DETECTED,96,2023-12-12 18:29:33.272470
ALT0001450,TXN00479925,ACCT100096017,ML_PATTERN_DETECTED,62,2023-10-15 18:37:56.988688
ALT0001451,TXN00499578,ACCT100092663,ML_PATTERN_DETECTED,83,2024-04-18 04:08:44.674518
ALT0001452,TXN00477149,ACCT100059190,ML_PATTERN_DETECTED,72,2023-09-28 03:19:28.178232
ALT0001453,TXN00492269,ACCT100053078,ML_PATTERN_DETECTED,78,2023-02-27 20:06:23.050918
ALT0001454,TXN00489868,ACCT100050757,ML_PATTERN_DETECTED,57,2024-10-08 02:05:01.507360
ALT0001455,TXN00492053,ACCT100075260,ML_PATTERN_DETECTED,68,2023-04-12 20:20:11.422349
ALT0001456,TXN00491380,ACCT100032622,ML_PATTERN_DETECTED,60,2023-12-04 17:04:02.388196
ALT0001457,TXN00492783,ACCT100071311,ML_PATTERN_DETECTED,74,2024-07-19 22:37:08.761111
ALT0001458,TXN00486716,ACCT100036024,ML_PATTERN_DETECTED,87,2024-07-25 06:58:44.871163
ALT0001459,TXN00494009,ACCT100042156,ML_PATTERN_DETECTED,81,2023-01-28 05:41:36.355217
ALT0001460,TXN00485011,ACCT100013063,ML_PATTERN_DETECTED,71,2023-05-20 04:33:25.656593
ALT0001461,TXN00495060,ACCT100059391,ML_PATTERN_DETECTED,95,2024-06-04 15:01:14.198189
ALT0001462,TXN00483299,ACCT100030321,ML_PATTERN_DETECTED,58,2024-05-19 23:36:26.072656
ALT0001463,TXN00499876,ACCT100025687,ML_PATTERN_DETECTED,92,2023-07-17 21:18:43.752104
ALT0001464,TXN00482971,ACCT100035148,ML_PATTERN_DETECTED,57,2024-04-03 05:33:22.617576
ALT0001465,TXN00498746,ACCT100056433,ML_PATTERN_DETECTED,58,2023-02-09 13:50:46.814779
ALT0001466,TXN00493341,ACCT100085726,ML_PATTERN_DETECTED,87,2024-03-03 07:11:50.368391
ALT0001467,TXN00475696,ACCT100040716,ML_PATTERN_DETECTED,53,2024-01-20 10:33:49.949019
ALT0001468,TXN00491022,ACCT100085085,ML_PATTERN_DETECTED,94,2023-12-04 21:04:09.051659
ALT0001469,TXN00484244,ACCT100021143,ML_PATTERN_DETECTED,67,2023-01-04 00:41:33.093512
ALT0001470,TXN00483867,ACCT100033012,ML_PATTERN_DETECTED,84,2023-07-13 10:52:56.319122
ALT0001471,TXN00484486,ACCT100013704,ML_PATTERN_DETECTED,73,2024-03-19 18:50:04.667674
ALT0001472,TXN00482263,ACCT100032158,ML_PATTERN_DETECTED,71,2024-05-14 23:04:31.442171
ALT0001473,TXN00480122,ACCT100003339,ML_PATTERN_DETECTED,53,2023-09-12 20:02:26.766718
ALT0001474,TXN00482274,ACCT100006181,ML_PATTERN_DETECTED,97,2024-02-12 16:54:12.941536
ALT0001475,TXN00496853,ACCT100043955,ML_PATTERN_DETECTED,94,2024-08-30 23:28:00.534315
ALT0001476,TXN00485345,ACCT100071640,ML_PATTERN_DETECTED,55,2024-03-22 11:29:39.509262
ALT0001477,TXN00487064,ACCT100077213,ML_PATTERN_DETECTED,64,2023-10-10 19:46:23.976479
ALT0001478,TXN00478919,ACCT100070156,ML_PATTERN_DETECTED,76,2023-06-02 06:32:12.006629
ALT0001479,TXN00488638,ACCT100051697,ML_PATTERN_DETECTED,87,2023-06-08 03:31:36.898374
ALT0001480,TXN00494854,ACCT100013516,ML_PATTERN_DETECTED,56,2023-08-13 05:20:55.422630
ALT0001481,TXN00486832,ACCT100051526,ML_PATTERN_DETECTED,60,2023-01-28 17:03:48.552955
ALT0001482,TXN00475067,ACCT100058698,ML_PATTERN_DETECTED,87,2023-02-12 08:30:07.417403
ALT0001483,TXN00497355,ACCT100038690,ML_PATTERN_DETECTED,50,2023-08-22 09:55:01.920923
ALT0001484,TXN00485801,ACCT100047420,ML_PATTERN_DETECTED,54,2024-06-10 08:22:21.004832
ALT0001485,TXN00497451,ACCT100050375,ML_PATTERN_DETECTED,64,2023-06-19 05:37:40.846959
ALT0001486,TXN00475115,ACCT100009151,ML_PATTERN_DETECTED,54,2024-11-27 07:03:54.258060
ALT0001487,TXN00477714,ACCT100074369,ML_PATTERN_DETECTED,80,2023-05-12 19:25:10.436478
ALT0001488,TXN00476952,ACCT100010437,ML_PATTERN_DETECTED,71,2024-07-14 00:07:08.815601
ALT0001489,TXN00483555,ACCT100082429,ML_PATTERN_DETECTED,55,2023-03-26 23:28:42.953426
ALT0001490,TXN00481215,ACCT100016713,ML_PATTERN_DETECTED,69,2023-04-14 03:24:18.722947
ALT0001491,TXN00480927,ACCT100008884,ML_PATTERN_DETECTED,66,2023-04-30 12:35:03.153019
ALT0001492,TXN00489012,ACCT100006690,ML_PATTERN_DETECTED,53,2024-10-17 17:10:12.660436
ALT0001493,TXN00477180,ACCT100092206,ML_PATTERN_DETECTED,79,2023-04-02 16:33:14.701292
ALT0001494,TXN00497002,ACCT100026169,ML_PATTERN_DETECTED,50,2024-12-20 21:12:52.848039
ALT0001495,TXN00487341,ACCT100041817,ML_PATTERN_DETECTED,87,2023-01-13 22:41:44.761763
ALT0001496,TXN00490789,ACCT100072729,ML_PATTERN_DETECTED,59,2023-08-22 00:38:40.371067
ALT0001497,TXN00498183,ACCT100012390,ML_PATTERN_DETECTED,87,2023-03-07 09:00:22.844604
ALT0001498,TXN00494029,ACCT100028381,ML_PATTERN_DETECTED,78,2023-04-15 12:01:59.193995
ALT0001499,TXN00494598,ACCT100057669,ML_PATTERN_DETECTED,96,2024-03-09 16:31:14.723262
ALT0001500,TXN00475195,ACCT100069794,ML_PATTERN_DETECTED,54,2024-12-16 19:48:05.397188
ALT0001501,TXN00490700,ACCT100025827,ML_PATTERN_DETECTED,71,2024-11-05 18:04:28.689354
ALT0001502,TXN00499099,ACCT100063853,ML_PATTERN_DETECTED,85,2024-04-27 08:52:31.488989
ALT0001503,TXN00484308,ACCT100083321,ML_PATTERN_DETECTED,72,2024-08-07 04:32:40.223706
ALT0001504,TXN00488052,ACCT100090384,ML_PATTERN_DETECTED,88,2024-05-04 08:10:21.083154
ALT0001505,TXN00484695,ACCT100096898,ML_PATTERN_DETECTED,82,2024-05-18 00:13:32.169543
ALT0001506,TXN00477950,ACCT100049524,ML_PATTERN_DETECTED,68,2024-05-17 16:52:08.791857
ALT0001507,TXN00483240,ACCT100085882,ML_PATTERN_DETECTED,82,2023-11-02 11:09:15.611783
ALT0001508,TXN00477067,ACCT100009908,ML_PATTERN_DETECTED,54,2024-03-31 12:36:34.745751
ALT0001509,TXN00489148,ACCT100037977,ML_PATTERN_DETECTED,89,2023-05-19 21:42:27.360706
ALT0001510,TXN00476982,ACCT100061001,ML_PATTERN_DETECTED,60,2024-12-29 14:15:33.920425
ALT0001511,TXN00479005,ACCT100009214,ML_PATTERN_DETECTED,64,2024-05-05 10:10:06.728188
ALT0001512,TXN00478870,ACCT100000503,ML_PATTERN_DETECTED,61,2023-09-12 23:48:58.293831
ALT0001513,TXN00487270,ACCT100079755,ML_PATTERN_DETECTED,91,2023-06-18 06:22:16.431246
ALT0001514,TXN00480702,ACCT100017097,ML_PATTERN_DETECTED,64,2023-08-14 21:46:18.597087
ALT0001515,TXN00480167,ACCT100030568,ML_PATTERN_DETECTED,63,2023-12-26 04:55:02.708992
ALT0001516,TXN00498654,ACCT100063982,ML_PATTERN_DETECTED,97,2023-07-20 22:18:46.608648
ALT0001517,TXN00488113,ACCT100097864,ML_PATTERN_DETECTED,62,2024-08-15 08:08:52.151475
ALT0001518,TXN00483199,ACCT100025281,ML_PATTERN_DETECTED,97,2024-11-19 10:08:45.391591
ALT0001519,TXN00486027,ACCT100031593,ML_PATTERN_DETECTED,72,2023-08-21 14:37:19.624181
ALT0001520,TXN00476551,ACCT100095218,ML_PATTERN_DETECTED,72,2023-01-27 09:03:10.469074
ALT0001521,TXN00476398,ACCT100088841,ML_PATTERN_DETECTED,94,2024-06-29 08:03:57.999043
ALT0001522,TXN00488144,ACCT100061293,ML_PATTERN_DETECTED,60,2024-09-26 20:45:55.963279
ALT0001523,TXN00494687,ACCT100000138,ML_PATTERN_DETECTED,65,2024-11-08 05:34:39.448163
ALT0001524,TXN00479494,ACCT100003201,ML_PATTERN_DETECTED,92,2023-07-24 03:03:16.173411
ALT0001525,TXN00491613,ACCT100032350,ML_PATTERN_DETECTED,95,2023-05-05 04:22:00.094123
ALT0001526,TXN00497703,ACCT100087995,ML_PATTERN_DETECTED,98,2024-12-04 18:37:17.147006
ALT0001527,TXN00475128,ACCT100084796,ML_PATTERN_DETECTED,98,2023-05-16 03:06:33.846210
ALT0001528,TXN00489043,ACCT100033393,ML_PATTERN_DETECTED,90,2023-03-04 23:43:18.894024
ALT0001529,TXN00475723,ACCT100010150,ML_PATTERN_DETECTED,83,2023-06-20 23:05:24.937407
ALT0001530,TXN00496700,ACCT100097811,ML_PATTERN_DETECTED,75,2024-06-05 12:35:41.664028
ALT0001531,TXN00491590,ACCT100091641,ML_PATTERN_DETECTED,67,2024-03-01 06:12:19.597157
ALT0001532,TXN00477003,ACCT100013116,ML_PATTERN_DETECTED,91,2024-12-22 04:00:29.336558
ALT0001533,TXN00495686,ACCT100084874,ML_PATTERN_DETECTED,85,2023-07-14 19:29:02.709962
ALT0001534,TXN00483950,ACCT100090164,ML_PATTERN_DETECTED,66,2024-09-27 18:07:21.435282
ALT0001535,TXN00488390,ACCT100028516,ML_PATTERN_DETECTED,72,2023-12-07 22:29:25.160161
ALT0001536,TXN00476441,ACCT100098060,ML_PATTERN_DETECTED,88,2024-06-19 06:51:09.568950
ALT0001537,TXN00475417,ACCT100017131,ML_PATTERN_DETECTED,80,2023-07-31 15:13:31.912030
ALT0001538,TXN00499155,ACCT100021745,ML_PATTERN_DETECTED,60,2024-04-01 11:23:17.273923
ALT0001539,TXN00498987,ACCT100003117,ML_PATTERN_DETECTED,61,2023-05-29 01:28:54.492817
ALT0001540,TXN00477223,ACCT100072868,ML_PATTERN_DETECTED,65,2024-02-01 23:51:50.981987
ALT0001541,TXN00482149,ACCT100005624,ML_PATTERN_DETECTED,70,2023-01-18 08:51:16.513598
ALT0001542,TXN00483374,ACCT100057327,ML_PATTERN_DETECTED,68,2024-04-17 15:39:41.118781
ALT0001543,TXN00485682,ACCT100054484,ML_PATTERN_DETECTED,65,2023-11-08 20:43:55.451890
ALT0001544,TXN00481463,ACCT100086043,ML_PATTERN_DETECTED,67,2023-04-09 01:59:44.453558
ALT0001545,TXN00497430,ACCT100060302,ML_PATTERN_DETECTED,80,2023-11-30 01:37:01.555180
ALT0001546,TXN00490593,ACCT100005154,ML_PATTERN_DETECTED,92,2024-02-09 21:50:23.978705
ALT0001547,TXN00499662,ACCT100095012,ML_PATTERN_DETECTED,77,2024-10-23 18:41:38.300139
ALT0001548,TXN00486048,ACCT100018139,ML_PATTERN_DETECTED,74,2023-12-21 03:17:26.076286
ALT0001549,TXN00478194,ACCT100057449,ML_PATTERN_DETECTED,69,2023-12-01 03:28:02.213714
ALT0001550,TXN00481598,ACCT100019611,ML_PATTERN_DETECTED,77,2023-04-16 02:46:01.308513
ALT0001551,TXN00487135,ACCT100034655,ML_PATTERN_DETECTED,69,2023-07-29 07:17:04.770710
ALT0001552,TXN00485960,ACCT100061136,ML_PATTERN_DETECTED,76,2023-12-10 18:08:02.093443
ALT0001553,TXN00479339,ACCT100024009,ML_PATTERN_DETECTED,82,2023-10-16 04:47:45.336336
ALT0001554,TXN00488673,ACCT100009238,ML_PATTERN_DETECTED,91,2023-06-21 18:44:51.228338
ALT0001555,TXN00480128,ACCT100065456,ML_PATTERN_DETECTED,87,2023-04-27 14:13:07.454591
ALT0001556,TXN00478985,ACCT100041588,ML_PATTERN_DETECTED,67,2024-12-05 05:02:49.852268
ALT0001557,TXN00476140,ACCT100006945,ML_PATTERN_DETECTED,60,2024-05-22 04:10:10.391519
ALT0001558,TXN00479636,ACCT100036365,ML_PATTERN_DETECTED,53,2024-09-04 09:46:22.723088
ALT0001559,TXN00486451,ACCT100024814,ML_PATTERN_DETECTED,64,2024-09-10 05:31:05.689426
ALT0001560,TXN00491297,ACCT100020081,ML_PATTERN_DETECTED,63,2024-04-22 15:02:01.619001
ALT0001561,TXN00480452,ACCT100018991,ML_PATTERN_DETECTED,89,2023-03-07 07:54:42.312112
ALT0001562,TXN00479495,ACCT100072211,ML_PATTERN_DETECTED,79,2024-04-07 17:43:50.536505
ALT0001563,TXN00496386,ACCT100019960,ML_PATTERN_DETECTED,59,2023-05-15 02:10:41.728631
ALT0001564,TXN00493826,ACCT100052406,ML_PATTERN_DETECTED,54,2023-09-10 11:48:37.050181
ALT0001565,TXN00495640,ACCT100049867,ML_PATTERN_DETECTED,63,2023-10-06 20:23:39.666940
ALT0001566,TXN00489873,ACCT100086632,ML_PATTERN_DETECTED,85,2024-10-04 21:12:59.128122
ALT0001567,TXN00491772,ACCT100055146,ML_PATTERN_DETECTED,88,2023-07-23 06:14:14.597712
ALT0001568,TXN00477682,ACCT100059570,ML_PATTERN_DETECTED,87,2024-12-07 12:13:12.424008
ALT0001569,TXN00498808,ACCT100058907,ML_PATTERN_DETECTED,89,2023-12-12 17:20:11.611972
ALT0001570,TXN00479167,ACCT100053764,ML_PATTERN_DETECTED,62,2024-01-27 08:32:58.294275
ALT0001571,TXN00499254,ACCT100087264,ML_PATTERN_DETECTED,86,2024-11-06 19:43:41.981827
ALT0001572,TXN00494049,ACCT100090510,ML_PATTERN_DETECTED,85,2024-09-18 17:49:56.441847
ALT0001573,TXN00493900,ACCT100089632,ML_PATTERN_DETECTED,55,2024-03-19 03:41:16.181394
ALT0001574,TXN00481630,ACCT100075102,ML_PATTERN_DETECTED,93,2024-10-23 09:52:23.754119
ALT0001575,TXN00497043,ACCT100065022,ML_PATTERN_DETECTED,90,2024-04-25 06:15:28.911733
ALT0001576,TXN00498146,ACCT100011257,ML_PATTERN_DETECTED,82,2024-06-12 19:05:41.432376
ALT0001577,TXN00499987,ACCT100024664,ML_PATTERN_DETECTED,82,2024-04-10 11:30:47.678361
ALT0001578,TXN00496931,ACCT100074680,ML_PATTERN_DETECTED,67,2023-01-15 02:16:46.005829
ALT0001579,TXN00477855,ACCT100051119,ML_PATTERN_DETECTED,52,2023-12-16 13:48:45.833793
ALT0001580,TXN00488292,ACCT100019182,ML_PATTERN_DETECTED,56,2023-05-14 03:24:41.302719
ALT0001581,TXN00487812,ACCT100022861,ML_PATTERN_DETECTED,94,2023-01-31 06:34:30.409295
ALT0001582,TXN00490564,ACCT100062890,ML_PATTERN_DETECTED,65,2024-04-27 12:25:18.645223
ALT0001583,TXN00480165,ACCT100000972,ML_PATTERN_DETECTED,58,2023-04-23 13:11:28.860310
ALT0001584,TXN00488750,ACCT100062562,ML_PATTERN_DETECTED,79,2023-06-08 06:35:05.653501
ALT0001585,TXN00494760,ACCT100046008,ML_PATTERN_DETECTED,66,2023-08-27 11:21:39.303750
ALT0001586,TXN00485974,ACCT100036469,ML_PATTERN_DETECTED,61,2023-07-23 11:06:00.768412
ALT0001587,TXN00489905,ACCT100066413,ML_PATTERN_DETECTED,53,2023-05-17 01:50:35.658654
ALT0001588,TXN00485373,ACCT100060264,ML_PATTERN_DETECTED,72,2024-05-04 23:54:52.948305
ALT0001589,TXN00476245,ACCT100044920,ML_PATTERN_DETECTED,76,2023-02-20 23:46:41.901197
ALT0001590,TXN00499122,ACCT100076058,ML_PATTERN_DETECTED,83,2024-08-12 19:52:57.235186
ALT0001591,TXN00493354,ACCT100096674,ML_PATTERN_DETECTED,98,2023-12-30 12:04:30.132417
ALT0001592,TXN00491241,ACCT100094635,ML_PATTERN_DETECTED,54,2024-12-19 21:44:57.135691
ALT0001593,TXN00490288,ACCT100054303,ML_PATTERN_DETECTED,73,2024-09-20 06:29:48.103410
ALT0001594,TXN00476517,ACCT100077710,ML_PATTERN_DETECTED,65,2024-06-07 04:28:12.848722
ALT0001595,TXN00484512,ACCT100025015,ML_PATTERN_DETECTED,57,2023-02-13 12:59:45.855758
ALT0001596,TXN00475583,ACCT100023334,ML_PATTERN_DETECTED,72,2024-05-29 22:44:25.197102
ALT0001597,TXN00499002,ACCT100059773,ML_PATTERN_DETECTED,66,2023-07-15 07:00:41.184359
ALT0001598,TXN00495230,ACCT100090011,ML_PATTERN_DETECTED,57,2024-01-22 13:54:44.001322
ALT0001599,TXN00498927,ACCT100053638,ML_PATTERN_DETECTED,50,2023-02-28 15:31:58.244985
ALT0001600,TXN00498884,ACCT100048815,ML_PATTERN_DETECTED,90,2023-02-13 04:26:03.768551
ALT0001601,TXN00482870,ACCT100055248,ML_PATTERN_DETECTED,81,2023-08-09 02:59:09.857530
ALT0001602,TXN00489314,ACCT100047160,ML_PATTERN_DETECTED,61,2023-10-26 02:44:25.148200
ALT0001603,TXN00496677,ACCT100054037,ML_PATTERN_DETECTED,86,2023-08-12 19:57:39.402901
ALT0001604,TXN00483556,ACCT100013138,ML_PATTERN_DETECTED,88,2023-04-16 06:24:49.595902
ALT0001605,TXN00488170,ACCT100017403,ML_PATTERN_DETECTED,73,2024-01-31 01:07:28.578058
ALT0001606,TXN00489271,ACCT100040680,ML_PATTERN_DETECTED,91,2023-11-12 22:02:43.272655
ALT0001607,TXN00477527,ACCT100050578,ML_PATTERN_DETECTED,52,2023-03-12 22:05:34.657796
ALT0001608,TXN00499309,ACCT100028492,ML_PATTERN_DETECTED,88,2023-08-27 18:07:02.513685
ALT0001609,TXN00479620,ACCT100013931,ML_PATTERN_DETECTED,88,2024-08-23 03:03:59.990237
ALT0001610,TXN00492073,ACCT100094223,ML_PATTERN_DETECTED,58,2024-12-15 05:00:24.617869
ALT0001611,TXN00484465,ACCT100044757,ML_PATTERN_DETECTED,83,2024-12-13 22:45:54.869609
ALT0001612,TXN00499412,ACCT100088043,ML_PATTERN_DETECTED,80,2024-01-24 01:34:12.022832
ALT0001613,TXN00480254,ACCT100079564,ML_PATTERN_DETECTED,89,2023-04-21 19:58:12.643879
ALT0001614,TXN00489627,ACCT100002045,ML_PATTERN_DETECTED,53,2023-09-26 00:31:11.326027
ALT0001615,TXN00495520,ACCT100065952,ML_PATTERN_DETECTED,73,2023-11-10 15:20:28.516023
ALT0001616,TXN00497385,ACCT100097352,ML_PATTERN_DETECTED,53,2023-03-03 23:12:52.095922
ALT0001617,TXN00497329,ACCT100031047,ML_PATTERN_DETECTED,87,2024-02-22 15:44:41.602565
ALT0001618,TXN00494415,ACCT100061788,ML_PATTERN_DETECTED,68,2024-11-19 03:10:08.518049
ALT0001619,TXN00475993,ACCT100066896,ML_PATTERN_DETECTED,69,2024-03-23 07:57:58.474772
ALT0001620,TXN00477993,ACCT100009096,ML_PATTERN_DETECTED,91,2024-11-24 10:15:06.765784
ALT0001621,TXN00493975,ACCT100018177,ML_PATTERN_DETECTED,76,2024-02-19 09:07:41.581607
ALT0001622,TXN00494483,ACCT100062949,ML_PATTERN_DETECTED,57,2024-06-15 19:04:09.581924
ALT0001623,TXN00499187,ACCT100035651,ML_PATTERN_DETECTED,71,2023-05-25 03:39:19.938816
ALT0001624,TXN00499043,ACCT100011424,ML_PATTERN_DETECTED,94,2023-12-22 20:49:31.587605
ALT0001625,TXN00481573,ACCT100033375,ML_PATTERN_DETECTED,51,2023-09-01 05:23:02.738788
ALT0001626,TXN00492642,ACCT100089837,ML_PATTERN_DETECTED,63,2023-06-17 18:29:59.427760
ALT0001627,TXN00499869,ACCT100055731,ML_PATTERN_DETECTED,60,2023-11-08 20:06:15.902605
ALT0001628,TXN00486005,ACCT100048694,ML_PATTERN_DETECTED,78,2024-07-12 16:41:42.717130
ALT0001629,TXN00486348,ACCT100030486,ML_PATTERN_DETECTED,90,2023-04-18 03:29:19.896677
ALT0001630,TXN00477202,ACCT100050656,ML_PATTERN_DETECTED,63,2024-04-28 09:53:55.513176
ALT0001631,TXN00268587,ACCT100008517,HIGH_VALUE_TXN,63,2023-05-27 14:03:57.191238
ALT0001632,TXN00482774,ACCT100078884,ML_PATTERN_DETECTED,57,2024-09-27 23:29:20.747302
ALT0001633,TXN00498001,ACCT100033967,ML_PATTERN_DETECTED,56,2023-02-18 15:07:07.647885
ALT0001634,TXN00490065,ACCT100034739,ML_PATTERN_DETECTED,67,2023-02-22 23:08:28.834247
ALT0001635,TXN00496183,ACCT100070022,ML_PATTERN_DETECTED,62,2023-08-12 07:10:42.941916
ALT0001636,TXN00497450,ACCT100048929,ML_PATTERN_DETECTED,88,2023-03-30 05:00:54.606894
ALT0001637,TXN00494632,ACCT100050560,ML_PATTERN_DETECTED,66,2023-05-25 11:44:50.849809
ALT0001638,TXN00499152,ACCT100098589,ML_PATTERN_DETECTED,58,2024-01-03 10:10:45.457847
ALT0001639,TXN00494874,ACCT100090240,ML_PATTERN_DETECTED,71,2023-12-11 09:28:01.850050
ALT0001640,TXN00478350,ACCT100060746,ML_PATTERN_DETECTED,57,2024-03-22 09:48:26.246943
ALT0001641,TXN00488501,ACCT100064690,ML_PATTERN_DETECTED,54,2023-05-02 05:47:16.921237
ALT0001642,TXN00485160,ACCT100039883,ML_PATTERN_DETECTED,65,2023-08-03 06:59:44.303642
ALT0001643,TXN00486378,ACCT100061604,ML_PATTERN_DETECTED,53,2023-02-06 17:05:59.586293
ALT0001644,TXN00488424,ACCT100095585,ML_PATTERN_DETECTED,75,2023-11-12 02:34:56.814500
ALT0001645,TXN00478683,ACCT100054398,ML_PATTERN_DETECTED,91,2023-02-13 09:30:07.862304
ALT0001646,TXN00482111,ACCT100037472,ML_PATTERN_DETECTED,68,2024-12-17 09:56:48.629122
ALT0001647,TXN00480541,ACCT100071123,ML_PATTERN_DETECTED,53,2023-01-31 21:27:22.662595
ALT0001648,TXN00496091,ACCT100079033,ML_PATTERN_DETECTED,52,2024-07-30 05:38:46.158787
ALT0001649,TXN00478298,ACCT100060171,ML_PATTERN_DETECTED,59,2023-03-13 07:21:29.226733
ALT0001650,TXN00480476,ACCT100034550,ML_PATTERN_DETECTED,63,2023-10-04 02:15:22.207914
ALT0001651,TXN00481043,ACCT100061725,ML_PATTERN_DETECTED,93,2024-08-12 05:12:30.565659
ALT0001652,TXN00475908,ACCT100025755,ML_PATTERN_DETECTED,82,2024-05-11 03:13:11.534832
ALT0001653,TXN00475932,ACCT100052679,ML_PATTERN_DETECTED,98,2024-10-03 11:48:04.125707
ALT0001654,TXN00494929,ACCT100090649,ML_PATTERN_DETECTED,76,2024-06-04 09:54:43.997653
ALT0001655,TXN00478740,ACCT100022065,ML_PATTERN_DETECTED,86,2023-05-21 11:51:11.595078
ALT0001656,TXN00478564,ACCT100082919,ML_PATTERN_DETECTED,66,2023-04-06 03:49:08.260836
ALT0001657,TXN00491817,ACCT100062406,ML_PATTERN_DETECTED,70,2023-12-10 16:13:23.920565
ALT0001658,TXN00492878,ACCT100096594,ML_PATTERN_DETECTED,83,2024-01-21 20:29:21.694884
ALT0001659,TXN00492211,ACCT100080067,ML_PATTERN_DETECTED,71,2023-07-03 21:30:32.729394
ALT0001660,TXN00482311,ACCT100087112,ML_PATTERN_DETECTED,94,2024-01-22 08:02:25.030945
ALT0001661,TXN00477424,ACCT100080362,ML_PATTERN_DETECTED,67,2023-04-08 12:43:27.389756
ALT0001662,TXN00489032,ACCT100082270,ML_PATTERN_DETECTED,98,2024-07-23 09:27:37.458044
ALT0001663,TXN00486879,ACCT100008756,ML_PATTERN_DETECTED,85,2023-06-09 22:27:58.080071
ALT0001664,TXN00498866,ACCT100045975,ML_PATTERN_DETECTED,74,2023-07-03 06:30:34.855833
ALT0001665,TXN00495300,ACCT100097190,ML_PATTERN_DETECTED,66,2023-05-27 07:31:51.643225
ALT0001666,TXN00482233,ACCT100027074,ML_PATTERN_DETECTED,80,2024-04-05 11:57:35.141805
ALT0001667,TXN00496908,ACCT100001866,ML_PATTERN_DETECTED,85,2024-04-02 07:16:21.526332
ALT0001668,TXN00481201,ACCT100063410,ML_PATTERN_DETECTED,67,2023-11-01 01:49:13.530625
ALT0001669,TXN00497460,ACCT100026589,ML_PATTERN_DETECTED,69,2024-05-11 05:21:47.142697
ALT0001670,TXN00475289,ACCT100067883,ML_PATTERN_DETECTED,62,2024-08-18 05:10:31.566918
ALT0001671,TXN00475239,ACCT100061641,ML_PATTERN_DETECTED,54,2024-03-23 06:05:35.890352
ALT0001672,TXN00482253,ACCT100053533,ML_PATTERN_DETECTED,67,2024-05-17 16:05:10.112656
ALT0001673,TXN00486688,ACCT100020909,ML_PATTERN_DETECTED,53,2024-01-02 09:56:39.896376
ALT0001674,TXN00480019,ACCT100060917,ML_PATTERN_DETECTED,86,2024-07-18 01:02:08.777362
ALT0001675,TXN00497156,ACCT100019090,ML_PATTERN_DETECTED,78,2024-03-23 21:34:24.367023
ALT0001676,TXN00483151,ACCT100047061,ML_PATTERN_DETECTED,87,2023-02-06 18:40:51.304653
ALT0001677,TXN00499596,ACCT100063834,ML_PATTERN_DETECTED,58,2024-05-09 10:01:59.039008
ALT0001678,TXN00488098,ACCT100007882,ML_PATTERN_DETECTED,82,2024-01-09 22:58:38.699172
ALT0001679,TXN00499703,ACCT100042263,ML_PATTERN_DETECTED,50,2024-11-15 04:15:31.541026
ALT0001680,TXN00488173,ACCT100089078,ML_PATTERN_DETECTED,98,2024-11-02 06:49:36.604653
ALT0001681,TXN00495793,ACCT100011459,ML_PATTERN_DETECTED,95,2024-11-13 19:08:01.826611
ALT0001682,TXN00486731,ACCT100058129,ML_PATTERN_DETECTED,92,2023-02-15 05:15:51.836959
ALT0001683,TXN00492505,ACCT100024301,ML_PATTERN_DETECTED,55,2024-07-30 21:33:48.832779
ALT0001684,TXN00482728,ACCT100092334,ML_PATTERN_DETECTED,95,2024-02-25 00:25:52.227300
ALT0001685,TXN00492248,ACCT100085512,ML_PATTERN_DETECTED,91,2024-01-16 08:41:33.687663
ALT0001686,TXN00476763,ACCT100059799,ML_PATTERN_DETECTED,77,2024-08-01 01:25:53.903686
ALT0001687,TXN00485905,ACCT100029114,ML_PATTERN_DETECTED,88,2023-07-27 13:28:02.753518
ALT0001688,TXN00489767,ACCT100035468,ML_PATTERN_DETECTED,89,2024-01-03 14:59:00.147070
ALT0001689,TXN00495573,ACCT100096664,ML_PATTERN_DETECTED,71,2024-12-04 00:48:39.558003
ALT0001690,TXN00480919,ACCT100002976,ML_PATTERN_DETECTED,59,2024-12-19 06:09:23.045260
ALT0001691,TXN00488381,ACCT100043785,ML_PATTERN_DETECTED,69,2023-08-09 05:12:45.283484
ALT0001692,TXN00495003,ACCT100088354,ML_PATTERN_DETECTED,58,2024-07-01 22:15:54.436922
ALT0001693,TXN00492692,ACCT100043002,ML_PATTERN_DETECTED,78,2023-02-12 14:13:52.383248
ALT0001694,TXN00489673,ACCT100016248,ML_PATTERN_DETECTED,97,2024-10-30 22:48:30.285565
ALT0001695,TXN00481085,ACCT100083375,ML_PATTERN_DETECTED,54,2024-08-03 13:25:05.383875
ALT0001696,TXN00485154,ACCT100071754,ML_PATTERN_DETECTED,60,2024-12-02 14:14:13.022653
ALT0001697,TXN00492355,ACCT100088803,ML_PATTERN_DETECTED,62,2023-03-07 10:21:04.522311
ALT0001698,TXN00488410,ACCT100058534,ML_PATTERN_DETECTED,53,2024-11-26 09:40:56.269832
ALT0001699,TXN00480332,ACCT100053202,ML_PATTERN_DETECTED,64,2024-02-28 09:57:32.216300
ALT0001700,TXN00494126,ACCT100094897,ML_PATTERN_DETECTED,65,2024-10-24 00:34:25.537739
ALT0001701,TXN00497048,ACCT100001168,ML_PATTERN_DETECTED,68,2023-12-24 22:39:03.663562
ALT0001702,TXN00495857,ACCT100018163,ML_PATTERN_DETECTED,84,2023-12-02 04:15:32.340644
ALT0001703,TXN00491785,ACCT100093606,ML_PATTERN_DETECTED,52,2024-03-05 01:38:39.975785
ALT0001704,TXN00481646,ACCT100096723,ML_PATTERN_DETECTED,77,2024-08-29 07:41:22.202526
ALT0001705,TXN00479827,ACCT100042773,ML_PATTERN_DETECTED,50,2024-10-12 23:31:28.959267
ALT0001706,TXN00477114,ACCT100092389,ML_PATTERN_DETECTED,69,2023-03-25 18:31:46.588313
ALT0001707,TXN00481665,ACCT100044507,ML_PATTERN_DETECTED,88,2023-11-21 02:38:33.223673
ALT0001708,TXN00487895,ACCT100065143,ML_PATTERN_DETECTED,53,2023-02-07 19:21:33.606854
ALT0001709,TXN00489463,ACCT100015361,ML_PATTERN_DETECTED,88,2023-11-01 16:23:36.502898
ALT0001710,TXN00482060,ACCT100000580,ML_PATTERN_DETECTED,61,2024-11-16 16:37:51.984585
ALT0001711,TXN00482973,ACCT100092804,ML_PATTERN_DETECTED,80,2024-05-09 08:58:27.855129
ALT0001712,TXN00493796,ACCT100060562,ML_PATTERN_DETECTED,85,2024-12-06 00:56:25.879248
ALT0001713,TXN00499153,ACCT100057476,ML_PATTERN_DETECTED,96,2023-09-13 22:04:45.325603
ALT0001714,TXN00492469,ACCT100040290,ML_PATTERN_DETECTED,62,2024-10-12 23:28:26.783035
ALT0001715,TXN00493754,ACCT100055952,ML_PATTERN_DETECTED,98,2024-08-03 21:43:22.679022
ALT0001716,TXN00482345,ACCT100044149,ML_PATTERN_DETECTED,65,2023-10-26 07:59:11.907757
ALT0001717,TXN00481828,ACCT100055107,ML_PATTERN_DETECTED,67,2023-04-05 00:55:09.430120
ALT0001718,TXN00494081,ACCT100043104,ML_PATTERN_DETECTED,96,2023-12-05 20:22:41.634756
ALT0001719,TXN00497618,ACCT100003279,ML_PATTERN_DETECTED,63,2023-04-05 12:19:05.686901
ALT0001720,TXN00497319,ACCT100032770,ML_PATTERN_DETECTED,83,2024-01-17 18:01:54.148708
ALT0001721,TXN00485778,ACCT100037818,ML_PATTERN_DETECTED,58,2024-08-26 07:50:48.214227
ALT0001722,TXN00486347,ACCT100037679,ML_PATTERN_DETECTED,97,2023-11-25 10:57:17.131011
ALT0001723,TXN00483987,ACCT100042079,ML_PATTERN_DETECTED,55,2024-04-02 00:36:49.745227
ALT0001724,TXN00480431,ACCT100073324,ML_PATTERN_DETECTED,72,2024-04-18 22:16:25.720164
ALT0001725,TXN00489141,ACCT100052229,ML_PATTERN_DETECTED,91,2023-11-26 18:38:23.622435
ALT0001726,TXN00479687,ACCT100075267,ML_PATTERN_DETECTED,51,2023-02-18 07:29:57.459690
ALT0001727,TXN00495014,ACCT100045909,ML_PATTERN_DETECTED,74,2023-02-19 17:01:48.368744
ALT0001728,TXN00487561,ACCT100022574,ML_PATTERN_DETECTED,89,2023-06-30 05:15:05.888252
ALT0001729,TXN00477895,ACCT100068097,ML_PATTERN_DETECTED,92,2023-02-20 22:41:03.813747
ALT0001730,TXN00488122,ACCT100098786,ML_PATTERN_DETECTED,78,2023-12-05 09:32:19.710907
ALT0001731,TXN00478638,ACCT100097254,ML_PATTERN_DETECTED,52,2024-01-10 20:10:58.639313
ALT0001732,TXN00477088,ACCT100040409,ML_PATTERN_DETECTED,59,2023-03-18 08:52:41.468739
ALT0001733,TXN00479782,ACCT100099425,ML_PATTERN_DETECTED,67,2023-04-30 05:30:03.249392
ALT0001734,TXN00487274,ACCT100012667,ML_PATTERN_DETECTED,92,2023-11-02 18:40:48.892516
ALT0001735,TXN00499583,ACCT100046753,ML_PATTERN_DETECTED,87,2024-05-24 01:37:35.655433
ALT0001736,TXN00485410,ACCT100048089,ML_PATTERN_DETECTED,82,2024-12-05 14:58:23.148898
ALT0001737,TXN00491269,ACCT100052114,ML_PATTERN_DETECTED,75,2023-11-23 16:17:34.551749
ALT0001738,TXN00489011,ACCT100068366,ML_PATTERN_DETECTED,76,2023-03-12 14:59:11.568632
ALT0001739,TXN00477464,ACCT100055522,ML_PATTERN_DETECTED,81,2024-06-30 07:42:51.944682
ALT0001740,TXN00485320,ACCT100030040,ML_PATTERN_DETECTED,69,2023-03-28 07:10:45.969267
ALT0001741,TXN00493013,ACCT100081159,ML_PATTERN_DETECTED,57,2024-02-22 10:43:18.021035
ALT0001742,TXN00488100,ACCT100068108,ML_PATTERN_DETECTED,91,2023-07-11 10:31:23.661946
ALT0001743,TXN00480158,ACCT100069788,ML_PATTERN_DETECTED,54,2024-09-07 01:33:10.757760
ALT0001744,TXN00490015,ACCT100052217,ML_PATTERN_DETECTED,89,2023-09-30 05:05:41.636646
ALT0001745,TXN00492997,ACCT100046897,ML_PATTERN_DETECTED,71,2023-12-15 01:33:01.348336
ALT0001746,TXN00477411,ACCT100080843,ML_PATTERN_DETECTED,96,2023-02-22 22:10:48.902389
ALT0001747,TXN00479150,ACCT100006555,ML_PATTERN_DETECTED,88,2024-12-19 20:29:16.348251
ALT0001748,TXN00499882,ACCT100065531,ML_PATTERN_DETECTED,60,2023-07-06 12:47:47.641246
ALT0001749,TXN00489107,ACCT100034545,ML_PATTERN_DETECTED,85,2023-11-14 21:16:17.422444
ALT0001750,TXN00496465,ACCT100055022,ML_PATTERN_DETECTED,98,2024-08-17 15:01:05.062446
ALT0001751,TXN00483141,ACCT100075120,ML_PATTERN_DETECTED,94,2024-11-24 02:09:24.670102
ALT0001752,TXN00495746,ACCT100015158,ML_PATTERN_DETECTED,78,2024-12-15 10:47:28.876730
ALT0001753,TXN00498677,ACCT100086419,ML_PATTERN_DETECTED,80,2024-06-17 11:29:24.963575
ALT0001754,TXN00482970,ACCT100037603,ML_PATTERN_DETECTED,50,2024-03-08 08:43:39.702623
ALT0001755,TXN00476287,ACCT100070161,ML_PATTERN_DETECTED,84,2023-06-03 02:27:31.464245
ALT0001756,TXN00498187,ACCT100051493,ML_PATTERN_DETECTED,51,2024-11-20 16:02:43.839855
ALT0001757,TXN00498847,ACCT100046363,ML_PATTERN_DETECTED,85,2023-02-14 11:01:13.521965
ALT0001758,TXN00482517,ACCT100075098,ML_PATTERN_DETECTED,77,2023-07-23 07:49:06.468778
ALT0001759,TXN00476462,ACCT100069538,ML_PATTERN_DETECTED,66,2024-05-03 15:24:22.607954
ALT0001760,TXN00494141,ACCT100028214,ML_PATTERN_DETECTED,64,2023-01-22 21:34:50.003029
ALT0001761,TXN00498851,ACCT100007401,ML_PATTERN_DETECTED,57,2023-05-24 13:07:02.465889
ALT0001762,TXN00496096,ACCT100033286,ML_PATTERN_DETECTED,92,2023-06-05 15:57:23.486573
ALT0001763,TXN00491021,ACCT100064057,ML_PATTERN_DETECTED,59,2023-02-12 11:59:13.510709
ALT0001764,TXN00475087,ACCT100088208,ML_PATTERN_DETECTED,82,2023-12-11 12:23:22.755043
ALT0001765,TXN00493990,ACCT100031031,ML_PATTERN_DETECTED,88,2024-08-15 22:55:02.735699
ALT0001766,TXN00497105,ACCT100048604,ML_PATTERN_DETECTED,65,2023-12-30 11:08:33.386574
ALT0001767,TXN00478941,ACCT100089335,ML_PATTERN_DETECTED,64,2023-01-25 09:24:31.581774
ALT0001768,TXN00487188,ACCT100083202,ML_PATTERN_DETECTED,58,2024-11-09 12:56:08.747380
ALT0001769,TXN00492487,ACCT100049338,ML_PATTERN_DETECTED,51,2024-06-19 10:42:49.263471
ALT0001770,TXN00496463,ACCT100020749,ML_PATTERN_DETECTED,72,2023-03-13 13:34:14.873513
ALT0001771,TXN00475644,ACCT100035670,ML_PATTERN_DETECTED,88,2024-02-11 07:52:49.361283
ALT0001772,TXN00483175,ACCT100048590,ML_PATTERN_DETECTED,79,2023-03-07 06:10:03.484774
ALT0001773,TXN00478021,ACCT100005213,ML_PATTERN_DETECTED,58,2023-01-29 23:45:46.680925
ALT0001774,TXN00492568,ACCT100036030,ML_PATTERN_DETECTED,54,2024-09-20 02:57:17.554319
ALT0001775,TXN00494458,ACCT100003531,ML_PATTERN_DETECTED,98,2023-10-19 02:53:52.657164
ALT0001776,TXN00482226,ACCT100064425,ML_PATTERN_DETECTED,93,2023-09-20 16:08:12.183455
ALT0001777,TXN00486100,ACCT100095339,ML_PATTERN_DETECTED,97,2023-06-26 04:12:34.422877
ALT0001778,TXN00490555,ACCT100005928,ML_PATTERN_DETECTED,95,2023-12-06 15:33:02.811406
ALT0001779,TXN00475315,ACCT100013557,ML_PATTERN_DETECTED,77,2024-09-06 21:10:21.161970
ALT0001780,TXN00476753,ACCT100039658,ML_PATTERN_DETECTED,81,2023-04-26 11:48:18.277111
ALT0001781,TXN00475098,ACCT100091796,ML_PATTERN_DETECTED,87,2024-09-08 17:53:04.007147
ALT0001782,TXN00487928,ACCT100076072,ML_PATTERN_DETECTED,85,2024-06-01 11:22:20.123497
ALT0001783,TXN00485999,ACCT100059077,ML_PATTERN_DETECTED,79,2024-12-18 01:59:36.107716
ALT0001784,TXN00497697,ACCT100065358,ML_PATTERN_DETECTED,91,2024-05-24 19:10:36.825666
ALT0001785,TXN00485454,ACCT100047549,ML_PATTERN_DETECTED,96,2024-10-25 16:28:09.499361
ALT0001786,TXN00482654,ACCT100026357,ML_PATTERN_DETECTED,64,2023-07-30 03:30:16.340957
ALT0001787,TXN00488090,ACCT100033929,ML_PATTERN_DETECTED,53,2023-08-13 09:05:12.167633
ALT0001788,TXN00485689,ACCT100071542,ML_PATTERN_DETECTED,70,2024-04-25 03:07:00.767029
ALT0001789,TXN00491220,ACCT100078331,ML_PATTERN_DETECTED,98,2023-04-25 21:31:57.379586
ALT0001790,TXN00494365,ACCT100014507,ML_PATTERN_DETECTED,70,2023-08-02 20:34:38.380949
ALT0001791,TXN00497877,ACCT100045751,ML_PATTERN_DETECTED,95,2024-11-29 06:57:21.644904
ALT0001792,TXN00112374,ACCT100028059,HIGH_VALUE_TXN,62,2023-03-05 15:29:33.719678
ALT0001793,TXN00493575,ACCT100092635,ML_PATTERN_DETECTED,94,2023-12-30 06:06:49.899415
ALT0001794,TXN00499932,ACCT100039806,ML_PATTERN_DETECTED,84,2023-07-17 20:09:55.107126
ALT0001795,TXN00476547,ACCT100027534,ML_PATTERN_DETECTED,78,2024-05-02 18:25:20.780407
ALT0001796,TXN00491302,ACCT100073103,ML_PATTERN_DETECTED,95,2023-06-21 19:47:27.490364
ALT0001797,TXN00499386,ACCT100020835,ML_PATTERN_DETECTED,53,2024-03-01 23:08:02.081386
ALT0001798,TXN00479423,ACCT100052434,ML_PATTERN_DETECTED,70,2023-08-30 12:44:03.747824
ALT0001799,TXN00484752,ACCT100073736,ML_PATTERN_DETECTED,55,2023-04-03 16:46:11.974158
ALT0001800,TXN00496964,ACCT100072178,ML_PATTERN_DETECTED,59,2023-09-12 14:51:08.352850
ALT0001801,TXN00488909,ACCT100000615,ML_PATTERN_DETECTED,87,2024-03-04 11:33:53.052485
ALT0001802,TXN00499374,ACCT100043547,ML_PATTERN_DETECTED,82,2023-09-13 18:51:43.809738
ALT0001803,TXN00492870,ACCT100090190,ML_PATTERN_DETECTED,74,2024-08-10 01:53:09.417421
ALT0001804,TXN00493455,ACCT100008698,ML_PATTERN_DETECTED,51,2023-01-24 00:41:07.528349
ALT0001805,TXN00477583,ACCT100010387,ML_PATTERN_DETECTED,75,2024-10-23 10:06:39.744722
ALT0001806,TXN00497503,ACCT100010586,ML_PATTERN_DETECTED,71,2023-08-09 16:31:48.275849
ALT0001807,TXN00477162,ACCT100062830,ML_PATTERN_DETECTED,68,2023-05-29 04:59:20.585634
ALT0001808,TXN00477833,ACCT100083022,ML_PATTERN_DETECTED,93,2024-04-17 19:37:29.090754
ALT0001809,TXN00490821,ACCT100008125,ML_PATTERN_DETECTED,88,2024-05-25 13:34:26.244209
ALT0001810,TXN00483402,ACCT100005874,ML_PATTERN_DETECTED,53,2023-01-08 13:55:18.157644
ALT0001811,TXN00486213,ACCT100025858,ML_PATTERN_DETECTED,78,2023-10-20 16:14:20.354533
ALT0001812,TXN00483577,ACCT100028808,ML_PATTERN_DETECTED,65,2024-02-12 17:27:56.066486
ALT0001813,TXN00478658,ACCT100094010,ML_PATTERN_DETECTED,55,2024-11-19 14:54:54.927005
ALT0001814,TXN00484101,ACCT100028211,ML_PATTERN_DETECTED,82,2024-07-04 01:36:19.563064
ALT0001815,TXN00479791,ACCT100058520,ML_PATTERN_DETECTED,92,2023-06-27 20:03:42.469678
ALT0001816,TXN00480083,ACCT100072110,ML_PATTERN_DETECTED,59,2023-06-30 23:28:11.854559
ALT0001817,TXN00486111,ACCT100013152,ML_PATTERN_DETECTED,76,2024-07-12 02:33:01.717275
ALT0001818,TXN00497012,ACCT100063670,ML_PATTERN_DETECTED,90,2023-09-05 12:52:59.277134
ALT0001819,TXN00495561,ACCT100058815,ML_PATTERN_DETECTED,86,2023-06-19 20:15:11.346950
ALT0001820,TXN00498964,ACCT100058037,ML_PATTERN_DETECTED,61,2024-11-29 19:10:19.129250
ALT0001821,TXN00493934,ACCT100018227,ML_PATTERN_DETECTED,82,2024-01-05 05:08:15.737709
ALT0001822,TXN00488581,ACCT100034407,ML_PATTERN_DETECTED,82,2023-02-07 08:40:17.032980
ALT0001823,TXN00489633,ACCT100018319,ML_PATTERN_DETECTED,58,2024-12-15 06:27:10.036599
ALT0001824,TXN00489488,ACCT100013738,ML_PATTERN_DETECTED,70,2023-05-11 09:04:59.338496
ALT0001825,TXN00494900,ACCT100025511,ML_PATTERN_DETECTED,52,2023-03-25 16:06:51.248883
ALT0001826,TXN00492178,ACCT100092191,ML_PATTERN_DETECTED,90,2024-01-09 23:50:55.961199
ALT0001827,TXN00495832,ACCT100086740,ML_PATTERN_DETECTED,92,2023-07-29 15:54:59.522475
ALT0001828,TXN00476040,ACCT100027134,ML_PATTERN_DETECTED,64,2023-05-07 11:15:15.043144
ALT0001829,TXN00494495,ACCT100045681,ML_PATTERN_DETECTED,79,2024-10-17 03:48:13.735136
ALT0001830,TXN00486368,ACCT100037922,ML_PATTERN_DETECTED,51,2024-12-24 11:13:24.809587
ALT0001831,TXN00488758,ACCT100027719,ML_PATTERN_DETECTED,82,2023-04-06 06:18:45.062694
ALT0001832,TXN00481300,ACCT100012677,ML_PATTERN_DETECTED,53,2023-02-23 05:13:04.133528
ALT0001833,TXN00497165,ACCT100057061,ML_PATTERN_DETECTED,76,2024-03-20 20:03:33.485438
ALT0001834,TXN00482052,ACCT100022173,ML_PATTERN_DETECTED,94,2023-05-29 23:50:29.901840
ALT0001835,TXN00495589,ACCT100010077,ML_PATTERN_DETECTED,82,2023-08-18 18:53:15.027875
ALT0001836,TXN00499889,ACCT100032290,ML_PATTERN_DETECTED,97,2024-06-01 10:26:50.995301
ALT0001837,TXN00488737,ACCT100030388,ML_PATTERN_DETECTED,51,2024-02-24 16:46:27.414318
ALT0001838,TXN00495955,ACCT100047580,ML_PATTERN_DETECTED,72,2023-05-17 03:58:48.899269
ALT0001839,TXN00495601,ACCT100014412,ML_PATTERN_DETECTED,74,2024-04-06 08:29:16.984374
ALT0001840,TXN00481794,ACCT100072985,ML_PATTERN_DETECTED,83,2023-03-12 08:29:11.148709
ALT0001841,TXN00477121,ACCT100065674,ML_PATTERN_DETECTED,76,2023-09-26 03:11:44.443491
ALT0001842,TXN00484145,ACCT100022020,ML_PATTERN_DETECTED,58,2024-11-17 04:06:25.717070
ALT0001843,TXN00493771,ACCT100009489,ML_PATTERN_DETECTED,55,2023-12-28 23:09:05.800935
ALT0001844,TXN00478117,ACCT100082290,ML_PATTERN_DETECTED,64,2023-03-02 00:25:40.679581
ALT0001845,TXN00482422,ACCT100075000,ML_PATTERN_DETECTED,53,2023-07-26 05:55:51.895432
ALT0001846,TXN00490706,ACCT100023617,ML_PATTERN_DETECTED,78,2023-08-18 23:51:39.450142
ALT0001847,TXN00492917,ACCT100034265,ML_PATTERN_DETECTED,86,2024-07-25 13:19:22.264099
ALT0001848,TXN00482323,ACCT100089186,ML_PATTERN_DETECTED,68,2023-04-12 14:37:57.977419
ALT0001849,TXN00483371,ACCT100054777,ML_PATTERN_DETECTED,51,2023-10-13 05:51:27.560723
ALT0001850,TXN00477971,ACCT100092242,ML_PATTERN_DETECTED,59,2023-07-19 23:35:45.324769
ALT0001851,TXN00486247,ACCT100090642,ML_PATTERN_DETECTED,54,2023-03-15 08:23:58.441649
ALT0001852,TXN00493894,ACCT100085836,ML_PATTERN_DETECTED,69,2023-02-21 12:52:39.323730
ALT0001853,TXN00481288,ACCT100051161,ML_PATTERN_DETECTED,75,2023-11-29 18:40:06.146521
ALT0001854,TXN00485177,ACCT100013933,ML_PATTERN_DETECTED,76,2023-01-15 03:44:59.951224
ALT0001855,TXN00483122,ACCT100030008,ML_PATTERN_DETECTED,76,2023-04-11 16:06:09.139103
ALT0001856,TXN00497774,ACCT100098570,ML_PATTERN_DETECTED,76,2023-04-13 18:39:41.789623
ALT0001857,TXN00486454,ACCT100000773,ML_PATTERN_DETECTED,83,2023-05-05 19:42:39.717788
ALT0001858,TXN00479137,ACCT100038769,ML_PATTERN_DETECTED,87,2024-07-31 16:34:09.805313
ALT0001859,TXN00494418,ACCT100069133,ML_PATTERN_DETECTED,67,2023-04-15 02:56:48.020310
ALT0001860,TXN00478061,ACCT100079515,ML_PATTERN_DETECTED,66,2023-06-13 14:58:46.736729
ALT0001861,TXN00478300,ACCT100044290,ML_PATTERN_DETECTED,54,2023-07-17 09:46:51.103176
ALT0001862,TXN00477238,ACCT100007329,ML_PATTERN_DETECTED,59,2023-08-17 02:15:28.964286
ALT0001863,TXN00481999,ACCT100009122,ML_PATTERN_DETECTED,86,2023-12-29 14:04:41.539808
ALT0001864,TXN00496620,ACCT100047502,ML_PATTERN_DETECTED,59,2024-08-26 11:27:08.098841
ALT0001865,TXN00488380,ACCT100085208,ML_PATTERN_DETECTED,54,2024-09-09 06:35:28.615836
ALT0001866,TXN00478761,ACCT100061980,ML_PATTERN_DETECTED,60,2023-03-15 02:30:55.370149
ALT0001867,TXN00481484,ACCT100050718,ML_PATTERN_DETECTED,57,2024-11-11 02:42:12.373832
ALT0001868,TXN00490612,ACCT100035550,ML_PATTERN_DETECTED,72,2024-03-05 14:20:43.822960
ALT0001869,TXN00491379,ACCT100019582,ML_PATTERN_DETECTED,96,2023-10-21 07:20:21.339719
ALT0001870,TXN00477512,ACCT100095849,ML_PATTERN_DETECTED,95,2024-12-19 08:23:30.240785
ALT0001871,TXN00495401,ACCT100013431,ML_PATTERN_DETECTED,84,2024-12-14 19:25:11.774592
ALT0001872,TXN00487157,ACCT100035592,ML_PATTERN_DETECTED,61,2023-12-24 18:33:06.080141
ALT0001873,TXN00478369,ACCT100060819,ML_PATTERN_DETECTED,73,2023-03-18 09:07:07.595770
ALT0001874,TXN00483908,ACCT100029068,ML_PATTERN_DETECTED,74,2023-02-05 00:54:39.735132
ALT0001875,TXN00488397,ACCT100082247,ML_PATTERN_DETECTED,98,2023-07-27 18:05:18.524993
ALT0001876,TXN00493145,ACCT100088151,ML_PATTERN_DETECTED,92,2023-02-02 13:30:01.494663
ALT0001877,TXN00485610,ACCT100010702,ML_PATTERN_DETECTED,61,2024-05-18 21:54:22.978409
ALT0001878,TXN00492513,ACCT100061715,ML_PATTERN_DETECTED,61,2024-03-02 02:08:48.900911
ALT0001879,TXN00478170,ACCT100024742,ML_PATTERN_DETECTED,58,2023-03-22 21:43:39.585202
ALT0001880,TXN00489066,ACCT100051235,ML_PATTERN_DETECTED,89,2023-07-04 23:29:52.441113
ALT0001881,TXN00484641,ACCT100044350,ML_PATTERN_DETECTED,59,2024-09-27 01:16:11.265214
ALT0001882,TXN00493631,ACCT100061696,ML_PATTERN_DETECTED,94,2023-08-21 10:58:17.714900
ALT0001883,TXN00498156,ACCT100024936,ML_PATTERN_DETECTED,53,2024-08-30 01:01:28.537153
ALT0001884,TXN00497862,ACCT100071988,ML_PATTERN_DETECTED,95,2024-10-09 02:41:06.984801
ALT0001885,TXN00482782,ACCT100088323,ML_PATTERN_DETECTED,61,2023-05-25 19:25:59.755173
ALT0001886,TXN00481955,ACCT100086817,ML_PATTERN_DETECTED,89,2024-09-30 04:16:49.223516
ALT0001887,TXN00485384,ACCT100036154,ML_PATTERN_DETECTED,96,2024-08-13 22:10:30.473964
ALT0001888,TXN00477822,ACCT100041052,ML_PATTERN_DETECTED,67,2024-06-13 08:06:37.585990
ALT0001889,TXN00483264,ACCT100055836,ML_PATTERN_DETECTED,68,2023-06-29 00:32:07.547763
ALT0001890,TXN00490968,ACCT100021281,ML_PATTERN_DETECTED,98,2023-05-13 11:20:05.465371
ALT0001891,TXN00490576,ACCT100037049,ML_PATTERN_DETECTED,51,2023-01-03 22:18:28.905561
ALT0001892,TXN00475263,ACCT100099747,ML_PATTERN_DETECTED,69,2024-11-18 14:27:07.328916
ALT0001893,TXN00499233,ACCT100071869,ML_PATTERN_DETECTED,50,2023-01-03 19:48:25.979614
ALT0001894,TXN00477247,ACCT100069407,ML_PATTERN_DETECTED,60,2023-02-01 07:05:02.230675
ALT0001895,TXN00499796,ACCT100095799,ML_PATTERN_DETECTED,65,2024-12-07 07:50:11.430847
ALT0001896,TXN00483802,ACCT100042851,ML_PATTERN_DETECTED,80,2023-08-24 04:43:15.263681
ALT0001897,TXN00485028,ACCT100061873,ML_PATTERN_DETECTED,92,2024-07-26 15:55:46.976857
ALT0001898,TXN00477294,ACCT100077403,ML_PATTERN_DETECTED,76,2024-10-15 06:58:55.940550
ALT0001899,TXN00475156,ACCT100090470,ML_PATTERN_DETECTED,64,2024-01-17 06:22:26.125403
ALT0001900,TXN00477248,ACCT100059818,ML_PATTERN_DETECTED,83,2023-07-18 22:16:16.503729
ALT0001901,TXN00488168,ACCT100091553,ML_PATTERN_DETECTED,82,2023-11-26 17:21:09.347255
ALT0001902,TXN00475884,ACCT100016099,ML_PATTERN_DETECTED,93,2023-05-10 22:31:27.755622
ALT0001903,TXN00495806,ACCT100077491,ML_PATTERN_DETECTED,66,2023-04-15 00:59:27.622802
ALT0001904,TXN00490019,ACCT100044197,ML_PATTERN_DETECTED,83,2024-11-24 01:52:26.102654
ALT0001905,TXN00499098,ACCT100011573,ML_PATTERN_DETECTED,84,2023-06-14 08:50:09.308630
ALT0001906,TXN00488265,ACCT100077534,ML_PATTERN_DETECTED,57,2024-03-03 00:48:43.097112
ALT0001907,TXN00489368,ACCT100065257,ML_PATTERN_DETECTED,81,2023-06-02 02:25:11.917567
ALT0001908,TXN00476458,ACCT100060691,ML_PATTERN_DETECTED,91,2024-11-06 11:01:41.938404
ALT0001909,TXN00493477,ACCT100068227,ML_PATTERN_DETECTED,59,2023-07-10 19:05:56.730446
ALT0001910,TXN00491560,ACCT100063419,ML_PATTERN_DETECTED,60,2024-04-10 23:32:30.166992
ALT0001911,TXN00497075,ACCT100070381,ML_PATTERN_DETECTED,91,2024-08-28 21:04:50.789670
ALT0001912,TXN00492131,ACCT100061041,ML_PATTERN_DETECTED,80,2024-02-26 20:47:50.970053
ALT0001913,TXN00484918,ACCT100067881,ML_PATTERN_DETECTED,50,2023-08-13 01:39:27.276579
ALT0001914,TXN00491253,ACCT100006228,ML_PATTERN_DETECTED,61,2024-01-24 17:50:31.926848
ALT0001915,TXN00477807,ACCT100010686,ML_PATTERN_DETECTED,59,2024-11-01 23:20:12.463928
ALT0001916,TXN00481273,ACCT100077063,ML_PATTERN_DETECTED,74,2024-04-08 11:14:50.760545
ALT0001917,TXN00483030,ACCT100081401,ML_PATTERN_DETECTED,90,2024-08-08 23:42:14.418562
ALT0001918,TXN00492536,ACCT100029481,ML_PATTERN_DETECTED,80,2023-10-25 06:28:57.309246
ALT0001919,TXN00476559,ACCT100015978,ML_PATTERN_DETECTED,73,2023-12-13 13:15:04.252937
ALT0001920,TXN00488906,ACCT100049295,ML_PATTERN_DETECTED,53,2024-03-11 21:53:15.134160
ALT0001921,TXN00491052,ACCT100082551,ML_PATTERN_DETECTED,76,2024-11-12 12:54:28.146494
ALT0001922,TXN00492141,ACCT100087360,ML_PATTERN_DETECTED,75,2024-06-05 17:41:40.848818
ALT0001923,TXN00483709,ACCT100048212,ML_PATTERN_DETECTED,67,2024-11-25 15:29:52.975194
ALT0001924,TXN00498354,ACCT100045797,ML_PATTERN_DETECTED,96,2024-12-19 15:43:17.589576
ALT0001925,TXN00481146,ACCT100095609,ML_PATTERN_DETECTED,98,2023-01-21 07:41:58.081315
ALT0001926,TXN00482482,ACCT100069273,ML_PATTERN_DETECTED,96,2024-08-15 16:53:47.201477
ALT0001927,TXN00477699,ACCT100021713,ML_PATTERN_DETECTED,50,2024-12-29 23:53:42.409156
ALT0001928,TXN00496808,ACCT100092771,ML_PATTERN_DETECTED,90,2024-03-29 00:47:43.471777
ALT0001929,TXN00496343,ACCT100039371,ML_PATTERN_DETECTED,91,2024-05-30 20:23:15.008935
ALT0001930,TXN00482526,ACCT100085777,ML_PATTERN_DETECTED,74,2023-07-07 21:31:28.727461
ALT0001931,TXN00486170,ACCT100026927,ML_PATTERN_DETECTED,60,2023-08-06 10:25:13.066441
ALT0001932,TXN00497798,ACCT100047091,ML_PATTERN_DETECTED,76,2023-03-20 00:09:29.470037
ALT0001933,TXN00489307,ACCT100097456,ML_PATTERN_DETECTED,84,2023-10-16 00:45:02.934793
ALT0001934,TXN00497204,ACCT100097712,ML_PATTERN_DETECTED,71,2024-10-16 02:38:24.738870
ALT0001935,TXN00485872,ACCT100090331,ML_PATTERN_DETECTED,76,2023-05-29 13:35:01.700225
ALT0001936,TXN00487310,ACCT100022991,ML_PATTERN_DETECTED,78,2023-04-15 00:57:25.187234
ALT0001937,TXN00490987,ACCT100018858,ML_PATTERN_DETECTED,58,2023-09-21 23:32:40.098219
ALT0001938,TXN00482307,ACCT100021788,ML_PATTERN_DETECTED,66,2023-11-10 13:16:26.942213
ALT0001939,TXN00477059,ACCT100032004,ML_PATTERN_DETECTED,89,2024-10-27 21:38:50.734211
ALT0001940,TXN00483811,ACCT100082380,ML_PATTERN_DETECTED,86,2023-08-09 11:01:18.455203
ALT0001941,TXN00477368,ACCT100030794,ML_PATTERN_DETECTED,56,2023-09-13 22:39:59.076931
ALT0001942,TXN00489359,ACCT100056232,ML_PATTERN_DETECTED,61,2023-02-07 02:06:11.151594
ALT0001943,TXN00483928,ACCT100014465,ML_PATTERN_DETECTED,67,2024-07-28 12:39:43.947618
ALT0001944,TXN00497192,ACCT100043818,ML_PATTERN_DETECTED,77,2024-09-03 05:42:13.192832
ALT0001945,TXN00476609,ACCT100042710,ML_PATTERN_DETECTED,74,2023-08-19 06:38:27.271446
ALT0001946,TXN00478890,ACCT100009966,ML_PATTERN_DETECTED,51,2024-07-27 05:29:55.408588
ALT0001947,TXN00479755,ACCT100095560,ML_PATTERN_DETECTED,92,2023-07-15 08:19:14.915228
ALT0001948,TXN00479720,ACCT100044257,ML_PATTERN_DETECTED,96,2023-05-07 15:33:14.174900
ALT0001949,TXN00486519,ACCT100084686,ML_PATTERN_DETECTED,73,2024-01-01 02:14:02.309519
ALT0001950,TXN00479650,ACCT100090103,ML_PATTERN_DETECTED,53,2024-01-06 13:10:00.813170
ALT0001951,TXN00480355,ACCT100021069,ML_PATTERN_DETECTED,72,2023-01-22 08:55:32.084043
ALT0001952,TXN00478480,ACCT100081805,ML_PATTERN_DETECTED,57,2023-05-25 14:16:00.488870
ALT0001953,TXN00476422,ACCT100084681,ML_PATTERN_DETECTED,75,2023-05-29 06:13:02.896829
ALT0001954,TXN00492734,ACCT100013459,ML_PATTERN_DETECTED,98,2023-02-05 00:30:54.393234
ALT0001955,TXN00480200,ACCT100035903,ML_PATTERN_DETECTED,89,2023-03-21 12:21:21.990343
ALT0001956,TXN00494795,ACCT100006453,ML_PATTERN_DETECTED,67,2023-12-16 14:38:42.084880
ALT0001957,TXN00475941,ACCT100095325,ML_PATTERN_DETECTED,51,2024-10-12 07:55:08.692243
ALT0001958,TXN00478418,ACCT100001720,ML_PATTERN_DETECTED,60,2024-10-25 09:42:09.492606
ALT0001959,TXN00479088,ACCT100007399,ML_PATTERN_DETECTED,88,2024-12-01 12:29:24.103951
ALT0001960,TXN00487796,ACCT100041144,ML_PATTERN_DETECTED,51,2023-06-14 17:14:53.729174
ALT0001961,TXN00485190,ACCT100079063,ML_PATTERN_DETECTED,55,2023-06-04 04:11:20.685735
ALT0001962,TXN00497268,ACCT100021596,ML_PATTERN_DETECTED,58,2023-11-27 19:13:23.014824
ALT0001963,TXN00476661,ACCT100051827,ML_PATTERN_DETECTED,66,2024-03-25 11:29:44.138793
ALT0001964,TXN00497046,ACCT100097189,ML_PATTERN_DETECTED,61,2024-11-16 01:14:04.811264
ALT0001965,TXN00482255,ACCT100074613,ML_PATTERN_DETECTED,78,2023-07-28 06:22:03.643404
ALT0001966,TXN00483171,ACCT100050310,ML_PATTERN_DETECTED,97,2024-01-08 10:15:41.546597
ALT0001967,TXN00480573,ACCT100095406,ML_PATTERN_DETECTED,85,2024-07-07 11:44:21.462820
ALT0001968,TXN00484181,ACCT100000386,ML_PATTERN_DETECTED,77,2024-01-20 21:24:21.035300
ALT0001969,TXN00491645,ACCT100019940,ML_PATTERN_DETECTED,89,2023-06-10 19:24:25.768770
ALT0001970,TXN00488332,ACCT100036585,ML_PATTERN_DETECTED,87,2024-10-01 14:15:38.164400
ALT0001971,TXN00480394,ACCT100099127,ML_PATTERN_DETECTED,68,2024-09-29 10:39:59.539238
ALT0001972,TXN00478120,ACCT100043761,ML_PATTERN_DETECTED,66,2023-07-29 11:04:55.262846
ALT0001973,TXN00492937,ACCT100088926,ML_PATTERN_DETECTED,96,2024-07-28 08:35:55.063205
ALT0001974,TXN00488800,ACCT100092285,ML_PATTERN_DETECTED,61,2024-05-25 11:40:00.837054
ALT0001975,TXN00489411,ACCT100014303,ML_PATTERN_DETECTED,68,2024-08-21 12:25:10.595610
ALT0001976,TXN00498986,ACCT100066443,ML_PATTERN_DETECTED,85,2023-12-21 23:11:46.929555
ALT0001977,TXN00492519,ACCT100068356,ML_PATTERN_DETECTED,60,2024-09-24 13:28:00.355658
ALT0001978,TXN00498725,ACCT100062303,ML_PATTERN_DETECTED,95,2023-05-26 02:12:25.566553
ALT0001979,TXN00477449,ACCT100035008,ML_PATTERN_DETECTED,62,2024-10-29 07:29:58.783263
ALT0001980,TXN00499524,ACCT100069190,ML_PATTERN_DETECTED,75,2023-10-29 00:22:50.473237
ALT0001981,TXN00482451,ACCT100068826,ML_PATTERN_DETECTED,93,2023-05-22 11:39:48.020032
ALT0001982,TXN00477229,ACCT100056203,ML_PATTERN_DETECTED,65,2023-08-03 04:54:34.748504
ALT0001983,TXN00482152,ACCT100074886,ML_PATTERN_DETECTED,76,2023-08-04 00:50:20.829656
ALT0001984,TXN00489164,ACCT100084270,ML_PATTERN_DETECTED,51,2024-11-23 07:16:53.279508
ALT0001985,TXN00479761,ACCT100024097,ML_PATTERN_DETECTED,82,2024-11-29 02:10:54.149433
ALT0001986,TXN00484571,ACCT100001124,ML_PATTERN_DETECTED,62,2024-07-06 01:48:53.575198
ALT0001987,TXN00497133,ACCT100043658,ML_PATTERN_DETECTED,74,2023-04-28 09:54:29.792000
ALT0001988,TXN00486981,ACCT100077158,ML_PATTERN_DETECTED,95,2023-05-09 07:36:06.836117
ALT0001989,TXN00477440,ACCT100016678,ML_PATTERN_DETECTED,73,2023-03-24 02:31:13.793380
ALT0001990,TXN00486551,ACCT100022109,ML_PATTERN_DETECTED,95,2024-03-17 11:33:53.337770
ALT0001991,TXN00480342,ACCT100050118,ML_PATTERN_DETECTED,57,2024-04-03 09:44:06.149196
ALT0001992,TXN00493983,ACCT100019833,ML_PATTERN_DETECTED,54,2024-02-22 07:18:52.478324
ALT0001993,TXN00477093,ACCT100046889,ML_PATTERN_DETECTED,69,2023-02-22 09:21:36.553558
ALT0001994,TXN00492166,ACCT100090282,ML_PATTERN_DETECTED,88,2024-12-18 16:02:34.607263
ALT0001995,TXN00476713,ACCT100025539,ML_PATTERN_DETECTED,65,2024-11-15 08:28:54.679098
ALT0001996,TXN00481365,ACCT100089952,ML_PATTERN_DETECTED,74,2023-02-04 09:04:40.671471
ALT0001997,TXN00492695,ACCT100087349,ML_PATTERN_DETECTED,80,2024-05-09 15:03:38.396312
ALT0001998,TXN00494134,ACCT100023953,ML_PATTERN_DETECTED,96,2023-02-07 18:45:33.043493
ALT0001999,TXN00484681,ACCT100054329,ML_PATTERN_DETECTED,55,2024-09-26 08:18:33.391629
ALT0002000,TXN00495791,ACCT100054702,ML_PATTERN_DETECTED,60,2024-01-07 07:28:01.780339
ALT0002001,TXN00490550,ACCT100029368,ML_PATTERN_DETECTED,97,2024-12-18 22:05:29.664089
ALT0002002,TXN00489774,ACCT100044926,ML_PATTERN_DETECTED,50,2024-12-22 05:16:07.044995
ALT0002003,TXN00484516,ACCT100009172,ML_PATTERN_DETECTED,65,2024-01-27 05:32:56.668451
ALT0002004,TXN00499766,ACCT100072634,ML_PATTERN_DETECTED,68,2023-10-21 23:39:04.977509
ALT0002005,TXN00484959,ACCT100012824,ML_PATTERN_DETECTED,63,2024-11-11 23:57:54.342525
ALT0002006,TXN00493228,ACCT100089152,ML_PATTERN_DETECTED,66,2023-04-25 01:01:22.447141
ALT0002007,TXN00495366,ACCT100022668,ML_PATTERN_DETECTED,96,2024-08-23 04:58:49.458858
ALT0002008,TXN00481925,ACCT100074598,ML_PATTERN_DETECTED,82,2023-09-20 20:38:05.296546
ALT0002009,TXN00496829,ACCT100024541,ML_PATTERN_DETECTED,71,2024-08-15 04:59:27.640216
ALT0002010,TXN00498415,ACCT100002663,ML_PATTERN_DETECTED,51,2023-01-28 18:23:55.988615
ALT0002011,TXN00476590,ACCT100037982,ML_PATTERN_DETECTED,81,2023-08-09 15:17:02.945344
ALT0002012,TXN00490581,ACCT100082191,ML_PATTERN_DETECTED,90,2024-09-11 10:20:44.724820
ALT0002013,TXN00492767,ACCT100094684,ML_PATTERN_DETECTED,74,2024-02-02 19:16:55.589609
ALT0002014,TXN00498258,ACCT100022195,ML_PATTERN_DETECTED,98,2024-03-11 20:54:41.128781
ALT0002015,TXN00499097,ACCT100064183,ML_PATTERN_DETECTED,52,2024-07-15 20:12:39.072237
ALT0002016,TXN00479151,ACCT100027797,ML_PATTERN_DETECTED,78,2023-08-01 23:54:09.207350
ALT0002017,TXN00476370,ACCT100044679,ML_PATTERN_DETECTED,60,2024-01-22 01:35:48.105193
ALT0002018,TXN00498466,ACCT100093349,ML_PATTERN_DETECTED,59,2023-08-18 06:38:28.457542
ALT0002019,TXN00498883,ACCT100054129,ML_PATTERN_DETECTED,96,2023-07-13 04:00:54.853684
ALT0002020,TXN00490922,ACCT100012063,ML_PATTERN_DETECTED,85,2024-06-29 11:57:41.413648
ALT0002021,TXN00479668,ACCT100030790,ML_PATTERN_DETECTED,86,2023-09-28 12:35:45.048564
ALT0002022,TXN00491355,ACCT100061734,ML_PATTERN_DETECTED,65,2023-04-13 16:34:26.629808
ALT0002023,TXN00499219,ACCT100012549,ML_PATTERN_DETECTED,71,2023-06-02 02:11:02.941581
ALT0002024,TXN00477084,ACCT100091913,ML_PATTERN_DETECTED,63,2023-03-19 18:40:33.396038
ALT0002025,TXN00486450,ACCT100026056,ML_PATTERN_DETECTED,58,2024-02-13 04:31:31.880004
ALT0002026,TXN00486801,ACCT100093870,ML_PATTERN_DETECTED,76,2024-10-25 14:18:46.502264
ALT0002027,TXN00499045,ACCT100043696,ML_PATTERN_DETECTED,76,2023-02-07 20:06:31.234770
ALT0002028,TXN00492587,ACCT100027561,ML_PATTERN_DETECTED,82,2023-04-16 20:58:09.727146
ALT0002029,TXN00495527,ACCT100003969,ML_PATTERN_DETECTED,89,2023-02-24 17:32:31.923536
ALT0002030,TXN00475631,ACCT100039616,ML_PATTERN_DETECTED,72,2023-05-23 13:22:07.995101
ALT0002031,TXN00485954,ACCT100001024,ML_PATTERN_DETECTED,91,2023-11-06 11:47:24.151106
ALT0002032,TXN00497167,ACCT100073975,ML_PATTERN_DETECTED,83,2024-07-29 10:22:35.166354
ALT0002033,TXN00486406,ACCT100058289,ML_PATTERN_DETECTED,95,2023-08-06 22:00:18.861949
ALT0002034,TXN00494102,ACCT100088323,ML_PATTERN_DETECTED,68,2023-12-04 06:48:12.258201
ALT0002035,TXN00488729,ACCT100086777,ML_PATTERN_DETECTED,96,2023-08-26 10:52:30.740491
ALT0002036,TXN00489443,ACCT100042283,ML_PATTERN_DETECTED,88,2024-11-08 05:58:29.029631
ALT0002037,TXN00499572,ACCT100073861,ML_PATTERN_DETECTED,71,2023-10-07 00:33:33.642664
ALT0002038,TXN00493043,ACCT100091185,ML_PATTERN_DETECTED,84,2024-01-23 01:22:30.188043
ALT0002039,TXN00490806,ACCT100011815,ML_PATTERN_DETECTED,83,2024-01-30 18:08:33.111642
ALT0002040,TXN00494694,ACCT100003612,ML_PATTERN_DETECTED,76,2023-08-14 11:57:29.726182
ALT0002041,TXN00498512,ACCT100013530,ML_PATTERN_DETECTED,74,2024-10-09 10:09:51.045621
ALT0002042,TXN00492155,ACCT100085620,ML_PATTERN_DETECTED,60,2023-10-24 03:45:59.181691
ALT0002043,TXN00482464,ACCT100087507,ML_PATTERN_DETECTED,69,2024-01-05 13:46:59.355576
ALT0002044,TXN00488736,ACCT100042829,ML_PATTERN_DETECTED,75,2023-09-15 23:20:02.985266
ALT0002045,TXN00490061,ACCT100065966,ML_PATTERN_DETECTED,71,2024-04-16 21:25:11.973611
ALT0002046,TXN00477818,ACCT100048481,ML_PATTERN_DETECTED,66,2024-11-16 16:54:09.078975
ALT0002047,TXN00494948,ACCT100081930,ML_PATTERN_DETECTED,98,2023-04-11 11:33:24.157703
ALT0002048,TXN00483204,ACCT100009306,ML_PATTERN_DETECTED,97,2023-06-13 17:09:32.260156
ALT0002049,TXN00489642,ACCT100040036,ML_PATTERN_DETECTED,95,2024-12-19 23:38:46.565048
ALT0002050,TXN00490517,ACCT100070386,ML_PATTERN_DETECTED,90,2023-08-27 07:23:11.922103
ALT0002051,TXN00494673,ACCT100020123,ML_PATTERN_DETECTED,51,2024-09-27 22:39:03.900144
ALT0002052,TXN00490857,ACCT100074120,ML_PATTERN_DETECTED,54,2024-09-06 06:36:42.553949
ALT0002053,TXN00484323,ACCT100094673,ML_PATTERN_DETECTED,61,2024-02-21 21:10:56.533673
ALT0002054,TXN00497222,ACCT100019923,ML_PATTERN_DETECTED,51,2024-06-11 20:17:47.861570
ALT0002055,TXN00499549,ACCT100027704,ML_PATTERN_DETECTED,84,2024-12-17 20:53:48.617648
ALT0002056,TXN00489947,ACCT100093556,ML_PATTERN_DETECTED,77,2023-09-11 03:33:18.812702
ALT0002057,TXN00499061,ACCT100085942,ML_PATTERN_DETECTED,69,2023-11-04 03:07:00.236429
ALT0002058,TXN00477675,ACCT100040213,ML_PATTERN_DETECTED,65,2023-03-30 14:40:17.753800
ALT0002059,TXN00481164,ACCT100074397,ML_PATTERN_DETECTED,80,2024-10-05 12:05:16.424175
ALT0002060,TXN00480496,ACCT100094782,ML_PATTERN_DETECTED,77,2024-08-20 23:45:19.161441
ALT0002061,TXN00485604,ACCT100061578,ML_PATTERN_DETECTED,77,2024-07-02 16:24:53.588137
ALT0002062,TXN00483523,ACCT100030419,ML_PATTERN_DETECTED,87,2024-03-05 22:59:27.104451
ALT0002063,TXN00476331,ACCT100035687,ML_PATTERN_DETECTED,97,2024-04-03 14:19:03.500878
ALT0002064,TXN00479921,ACCT100085169,ML_PATTERN_DETECTED,53,2024-09-05 06:13:10.017481
ALT0002065,TXN00493582,ACCT100000550,ML_PATTERN_DETECTED,86,2023-03-09 00:41:45.503325
ALT0002066,TXN00477198,ACCT100063865,ML_PATTERN_DETECTED,97,2023-05-25 11:22:50.802654
ALT0002067,TXN00491823,ACCT100035094,ML_PATTERN_DETECTED,65,2023-03-11 20:07:17.752743
ALT0002068,TXN00494330,ACCT100022901,ML_PATTERN_DETECTED,80,2023-01-06 11:39:59.126954
ALT0002069,TXN00495082,ACCT100012386,ML_PATTERN_DETECTED,56,2023-07-27 22:02:38.871135
ALT0002070,TXN00485769,ACCT100028610,ML_PATTERN_DETECTED,58,2024-06-20 20:20:18.838516
ALT0002071,TXN00496182,ACCT100094116,ML_PATTERN_DETECTED,76,2024-11-02 04:40:48.093529
ALT0002072,TXN00487521,ACCT100004854,ML_PATTERN_DETECTED,56,2023-10-12 03:06:56.745200
ALT0002073,TXN00493247,ACCT100021109,ML_PATTERN_DETECTED,53,2024-08-19 22:03:59.287198
ALT0002074,TXN00491759,ACCT100090618,ML_PATTERN_DETECTED,60,2023-01-23 01:08:48.434116
ALT0002075,TXN00476377,ACCT100033663,ML_PATTERN_DETECTED,67,2024-08-02 01:30:22.695205
ALT0002076,TXN00490502,ACCT100066786,ML_PATTERN_DETECTED,72,2024-08-14 03:03:55.260540
ALT0002077,TXN00499301,ACCT100066632,ML_PATTERN_DETECTED,90,2023-05-12 19:30:24.838097
ALT0002078,TXN00480863,ACCT100088981,ML_PATTERN_DETECTED,73,2024-03-30 10:33:38.068568
ALT0002079,TXN00488313,ACCT100084144,ML_PATTERN_DETECTED,56,2023-05-22 13:55:06.117964
ALT0002080,TXN00486690,ACCT100058371,ML_PATTERN_DETECTED,70,2024-01-05 14:58:42.924177
ALT0002081,TXN00499808,ACCT100045988,ML_PATTERN_DETECTED,53,2024-10-10 03:17:15.537583
ALT0002082,TXN00489458,ACCT100019643,ML_PATTERN_DETECTED,93,2023-05-08 02:13:02.877652
ALT0002083,TXN00491989,ACCT100090276,ML_PATTERN_DETECTED,66,2024-08-10 21:15:47.365066
ALT0002084,TXN00487653,ACCT100028324,ML_PATTERN_DETECTED,57,2023-04-29 12:35:30.553855
ALT0002085,TXN00491012,ACCT100006801,ML_PATTERN_DETECTED,65,2023-03-26 18:10:32.701285
ALT0002086,TXN00477806,ACCT100020677,ML_PATTERN_DETECTED,70,2024-09-28 23:25:29.098242
ALT0002087,TXN00485687,ACCT100098047,ML_PATTERN_DETECTED,65,2024-02-12 05:29:40.516414
ALT0002088,TXN00476554,ACCT100060284,ML_PATTERN_DETECTED,72,2024-10-23 07:06:40.296441
ALT0002089,TXN00483947,ACCT100012810,ML_PATTERN_DETECTED,98,2023-06-27 13:59:15.478780
ALT0002090,TXN00496326,ACCT100080678,ML_PATTERN_DETECTED,93,2023-11-11 22:45:44.822546
ALT0002091,TXN00491905,ACCT100004494,ML_PATTERN_DETECTED,64,2024-06-21 00:33:04.580007
ALT0002092,TXN00479159,ACCT100083618,ML_PATTERN_DETECTED,72,2023-02-08 10:39:36.211764
ALT0002093,TXN00482084,ACCT100096747,ML_PATTERN_DETECTED,69,2023-10-20 19:58:48.612079
ALT0002094,TXN00480385,ACCT100032194,ML_PATTERN_DETECTED,64,2023-03-17 21:14:56.835272
ALT0002095,TXN00487476,ACCT100030126,ML_PATTERN_DETECTED,58,2023-05-04 02:49:30.429538
ALT0002096,TXN00477476,ACCT100089889,ML_PATTERN_DETECTED,70,2024-02-10 22:29:53.675561
ALT0002097,TXN00478728,ACCT100002290,ML_PATTERN_DETECTED,56,2023-09-21 12:20:39.925690
ALT0002098,TXN00485900,ACCT100046991,ML_PATTERN_DETECTED,67,2024-02-03 19:47:00.696821
ALT0002099,TXN00481622,ACCT100029603,ML_PATTERN_DETECTED,54,2024-04-09 18:39:59.407063
ALT0002100,TXN00481255,ACCT100082598,ML_PATTERN_DETECTED,62,2024-08-31 10:40:58.745717
ALT0002101,TXN00499621,ACCT100035797,ML_PATTERN_DETECTED,74,2024-10-14 19:02:40.676708
ALT0002102,TXN00486313,ACCT100008004,ML_PATTERN_DETECTED,75,2023-07-09 20:54:16.270387
ALT0002103,TXN00497159,ACCT100055266,ML_PATTERN_DETECTED,84,2023-10-31 07:50:03.238008
ALT0002104,TXN00488175,ACCT100089196,ML_PATTERN_DETECTED,66,2023-09-09 05:50:09.455755
ALT0002105,TXN00483112,ACCT100065845,ML_PATTERN_DETECTED,82,2023-09-08 19:49:34.534775
ALT0002106,TXN00498623,ACCT100036782,ML_PATTERN_DETECTED,89,2024-08-30 20:48:59.474852
ALT0002107,TXN00494992,ACCT100096792,ML_PATTERN_DETECTED,89,2024-10-31 15:51:13.692540
ALT0002108,TXN00480498,ACCT100094544,ML_PATTERN_DETECTED,65,2023-01-24 13:34:29.212992
ALT0002109,TXN00486880,ACCT100061205,ML_PATTERN_DETECTED,52,2024-07-19 22:26:40.128975
ALT0002110,TXN00494880,ACCT100083261,ML_PATTERN_DETECTED,87,2024-10-19 16:59:15.123719
ALT0002111,TXN00494752,ACCT100034795,ML_PATTERN_DETECTED,52,2024-08-05 16:37:12.911112
ALT0002112,TXN00489637,ACCT100010442,ML_PATTERN_DETECTED,67,2024-01-17 03:16:38.345026
ALT0002113,TXN00492520,ACCT100091356,ML_PATTERN_DETECTED,76,2024-11-15 05:57:54.983837
ALT0002114,TXN00479118,ACCT100047894,ML_PATTERN_DETECTED,50,2024-11-01 05:24:16.217765
ALT0002115,TXN00493598,ACCT100075868,ML_PATTERN_DETECTED,87,2023-03-27 10:14:56.418227
ALT0002116,TXN00498254,ACCT100048259,ML_PATTERN_DETECTED,90,2023-05-23 19:04:17.779427
ALT0002117,TXN00482864,ACCT100094322,ML_PATTERN_DETECTED,93,2023-06-05 20:32:54.144012
ALT0002118,TXN00481949,ACCT100032946,ML_PATTERN_DETECTED,87,2023-05-30 13:34:27.204916
ALT0002119,TXN00482251,ACCT100028949,ML_PATTERN_DETECTED,64,2024-11-22 20:57:00.149617
ALT0002120,TXN00479884,ACCT100054318,ML_PATTERN_DETECTED,80,2023-06-16 14:59:37.855901
ALT0002121,TXN00486309,ACCT100072096,ML_PATTERN_DETECTED,92,2024-04-02 08:49:59.773895
ALT0002122,TXN00488579,ACCT100025773,ML_PATTERN_DETECTED,74,2023-02-01 09:50:13.038947
ALT0002123,TXN00496160,ACCT100066343,ML_PATTERN_DETECTED,82,2024-12-04 23:39:32.863255
ALT0002124,TXN00492546,ACCT100060822,ML_PATTERN_DETECTED,92,2024-06-28 01:52:59.962475
ALT0002125,TXN00486824,ACCT100009228,ML_PATTERN_DETECTED,88,2023-11-02 17:58:29.002409
ALT0002126,TXN00495458,ACCT100019782,ML_PATTERN_DETECTED,70,2023-12-02 11:16:56.388240
ALT0002127,TXN00491502,ACCT100036606,ML_PATTERN_DETECTED,71,2023-05-09 11:44:56.930336
ALT0002128,TXN00485069,ACCT100097246,ML_PATTERN_DETECTED,83,2024-04-23 01:51:53.408268
ALT0002129,TXN00487291,ACCT100042023,ML_PATTERN_DETECTED,71,2023-08-28 14:26:52.247084
ALT0002130,TXN00483266,ACCT100042970,ML_PATTERN_DETECTED,67,2023-11-30 19:28:38.682525
ALT0002131,TXN00476580,ACCT100032095,ML_PATTERN_DETECTED,74,2024-02-10 14:20:01.154716
ALT0002132,TXN00489001,ACCT100093044,ML_PATTERN_DETECTED,64,2023-01-28 02:43:47.927765
ALT0002133,TXN00479032,ACCT100060233,ML_PATTERN_DETECTED,74,2024-10-17 23:47:13.931957
ALT0002134,TXN00499070,ACCT100082914,ML_PATTERN_DETECTED,66,2023-11-09 11:33:37.657658
ALT0002135,TXN00485635,ACCT100056504,ML_PATTERN_DETECTED,73,2023-01-30 19:39:31.256680
ALT0002136,TXN00486424,ACCT100016647,ML_PATTERN_DETECTED,85,2023-03-16 06:53:43.602452
ALT0002137,TXN00485238,ACCT100057990,ML_PATTERN_DETECTED,69,2024-09-06 01:37:17.699284
ALT0002138,TXN00484820,ACCT100064375,ML_PATTERN_DETECTED,58,2023-11-17 00:50:05.029111
ALT0002139,TXN00475414,ACCT100078715,ML_PATTERN_DETECTED,84,2023-08-21 02:19:40.342881
ALT0002140,TXN00480659,ACCT100042649,ML_PATTERN_DETECTED,60,2023-07-08 19:55:35.568246
ALT0002141,TXN00478159,ACCT100077736,ML_PATTERN_DETECTED,95,2024-06-28 09:58:25.241898
ALT0002142,TXN00492076,ACCT100072198,ML_PATTERN_DETECTED,56,2024-04-23 20:32:50.433904
ALT0002143,TXN00477929,ACCT100038271,ML_PATTERN_DETECTED,74,2024-05-27 10:04:11.659170
ALT0002144,TXN00498255,ACCT100029432,ML_PATTERN_DETECTED,95,2023-09-14 00:01:15.515704
ALT0002145,TXN00484542,ACCT100013027,ML_PATTERN_DETECTED,59,2024-11-27 14:46:10.758529
ALT0002146,TXN00491056,ACCT100015735,ML_PATTERN_DETECTED,77,2024-01-09 05:18:32.372570
ALT0002147,TXN00485730,ACCT100091134,ML_PATTERN_DETECTED,85,2023-07-29 12:58:09.137898
ALT0002148,TXN00483826,ACCT100060597,ML_PATTERN_DETECTED,84,2023-04-23 01:38:39.226185
ALT0002149,TXN00497593,ACCT100008871,ML_PATTERN_DETECTED,82,2024-02-24 22:13:29.194210
ALT0002150,TXN00490862,ACCT100015764,ML_PATTERN_DETECTED,96,2023-11-20 22:05:16.257028
ALT0002151,TXN00492341,ACCT100092225,ML_PATTERN_DETECTED,52,2024-11-16 13:07:50.896464
ALT0002152,TXN00477696,ACCT100067654,ML_PATTERN_DETECTED,66,2024-08-16 23:51:13.077996
ALT0002153,TXN00493589,ACCT100016685,ML_PATTERN_DETECTED,56,2023-02-19 01:23:56.103733
ALT0002154,TXN00476528,ACCT100088488,ML_PATTERN_DETECTED,81,2023-12-07 13:53:47.634567
ALT0002155,TXN00478782,ACCT100033399,ML_PATTERN_DETECTED,77,2024-12-22 05:52:25.442901
ALT0002156,TXN00495412,ACCT100084518,ML_PATTERN_DETECTED,97,2024-06-14 16:26:21.245259
ALT0002157,TXN00478610,ACCT100016575,ML_PATTERN_DETECTED,51,2024-01-10 06:27:58.045695
ALT0002158,TXN00479096,ACCT100012312,ML_PATTERN_DETECTED,87,2023-01-20 13:12:38.236092
ALT0002159,TXN00488603,ACCT100017272,ML_PATTERN_DETECTED,75,2023-08-14 00:52:16.180352
ALT0002160,TXN00481411,ACCT100053656,ML_PATTERN_DETECTED,70,2024-01-10 20:37:02.324470
ALT0002161,TXN00496943,ACCT100061364,ML_PATTERN_DETECTED,77,2024-05-03 17:58:48.356979
ALT0002162,TXN00475792,ACCT100092352,ML_PATTERN_DETECTED,87,2024-03-16 14:44:39.912406
ALT0002163,TXN00495697,ACCT100055583,ML_PATTERN_DETECTED,63,2024-06-11 16:13:29.764770
ALT0002164,TXN00486516,ACCT100062377,ML_PATTERN_DETECTED,76,2024-05-20 14:25:03.495920
ALT0002165,TXN00482639,ACCT100086405,ML_PATTERN_DETECTED,81,2023-06-21 08:01:49.688845
ALT0002166,TXN00488831,ACCT100050820,ML_PATTERN_DETECTED,96,2023-12-25 16:02:07.702337
ALT0002167,TXN00477466,ACCT100052333,ML_PATTERN_DETECTED,65,2023-08-28 03:15:54.142091
ALT0002168,TXN00476346,ACCT100059171,ML_PATTERN_DETECTED,69,2024-03-06 23:00:20.526633
ALT0002169,TXN00485457,ACCT100059240,ML_PATTERN_DETECTED,79,2024-08-31 03:57:06.588504
ALT0002170,TXN00475069,ACCT100026200,ML_PATTERN_DETECTED,53,2023-01-16 04:27:04.283295
ALT0002171,TXN00497811,ACCT100033634,ML_PATTERN_DETECTED,96,2023-02-06 08:02:51.873360
ALT0002172,TXN00498179,ACCT100066283,ML_PATTERN_DETECTED,87,2023-12-06 14:55:17.486950
ALT0002173,TXN00494481,ACCT100052453,ML_PATTERN_DETECTED,56,2023-09-13 01:46:33.703331
ALT0002174,TXN00481625,ACCT100040902,ML_PATTERN_DETECTED,82,2023-02-06 21:27:21.796183
ALT0002175,TXN00481096,ACCT100092870,ML_PATTERN_DETECTED,96,2023-07-23 00:07:50.915006
ALT0002176,TXN00489153,ACCT100014115,ML_PATTERN_DETECTED,83,2024-09-05 20:00:21.230306
ALT0002177,TXN00485316,ACCT100022352,ML_PATTERN_DETECTED,87,2023-08-08 20:15:26.901882
ALT0002178,TXN00480664,ACCT100062781,ML_PATTERN_DETECTED,68,2024-07-01 12:21:07.798054
ALT0002179,TXN00483053,ACCT100028114,ML_PATTERN_DETECTED,78,2024-01-22 23:47:04.147127
ALT0002180,TXN00480260,ACCT100096394,ML_PATTERN_DETECTED,90,2024-12-24 17:42:06.134365
ALT0002181,TXN00486199,ACCT100048468,ML_PATTERN_DETECTED,95,2023-07-16 21:00:17.521712
ALT0002182,TXN00480131,ACCT100058378,ML_PATTERN_DETECTED,66,2023-12-28 08:34:47.159903
ALT0002183,TXN00492023,ACCT100079500,ML_PATTERN_DETECTED,60,2024-06-06 08:15:33.695710
ALT0002184,TXN00497475,ACCT100002085,ML_PATTERN_DETECTED,92,2024-09-19 10:23:32.372888
ALT0002185,TXN00494339,ACCT100017633,ML_PATTERN_DETECTED,52,2024-01-18 00:04:14.874810
ALT0002186,TXN00492894,ACCT100043003,ML_PATTERN_DETECTED,84,2023-08-01 03:10:25.032763
ALT0002187,TXN00491583,ACCT100034395,ML_PATTERN_DETECTED,74,2024-10-11 00:56:06.719707
ALT0002188,TXN00487671,ACCT100028216,ML_PATTERN_DETECTED,74,2024-04-08 09:18:34.399488
ALT0002189,TXN00489893,ACCT100078336,ML_PATTERN_DETECTED,78,2023-09-16 16:59:52.590688
ALT0002190,TXN00496007,ACCT100019696,ML_PATTERN_DETECTED,94,2023-04-30 01:59:08.878705
ALT0002191,TXN00485783,ACCT100085109,ML_PATTERN_DETECTED,68,2023-01-31 07:53:42.666356
ALT0002192,TXN00477481,ACCT100016746,ML_PATTERN_DETECTED,69,2023-12-08 12:45:48.112725
ALT0002193,TXN00496639,ACCT100093610,ML_PATTERN_DETECTED,80,2023-12-19 04:48:19.815700
ALT0002194,TXN00477356,ACCT100033616,ML_PATTERN_DETECTED,69,2024-03-29 16:49:24.762921
ALT0002195,TXN00478485,ACCT100078139,ML_PATTERN_DETECTED,92,2023-08-25 05:41:52.965395
ALT0002196,TXN00484658,ACCT100004785,ML_PATTERN_DETECTED,55,2024-08-21 11:35:29.112231
ALT0002197,TXN00488779,ACCT100025572,ML_PATTERN_DETECTED,92,2023-11-27 18:35:10.292999
ALT0002198,TXN00485666,ACCT100029854,ML_PATTERN_DETECTED,86,2023-07-09 13:51:40.328331
ALT0002199,TXN00491096,ACCT100006444,ML_PATTERN_DETECTED,92,2024-09-12 13:02:53.766343
ALT0002200,TXN00493246,ACCT100097109,ML_PATTERN_DETECTED,82,2024-10-06 09:11:39.247228
ALT0002201,TXN00478496,ACCT100075743,ML_PATTERN_DETECTED,93,2023-01-08 07:03:00.110318
ALT0002202,TXN00486973,ACCT100047424,ML_PATTERN_DETECTED,86,2023-09-01 19:11:02.462216
ALT0002203,TXN00493026,ACCT100095774,ML_PATTERN_DETECTED,75,2023-03-18 22:38:56.693476
ALT0002204,TXN00481347,ACCT100079850,ML_PATTERN_DETECTED,77,2023-05-01 22:28:16.959634
ALT0002205,TXN00476910,ACCT100011974,ML_PATTERN_DETECTED,58,2023-07-07 15:14:38.449317
ALT0002206,TXN00479063,ACCT100065654,ML_PATTERN_DETECTED,64,2023-02-12 16:17:54.071716
ALT0002207,TXN00496755,ACCT100017505,ML_PATTERN_DETECTED,54,2024-03-31 15:46:03.355403
ALT0002208,TXN00478700,ACCT100086032,ML_PATTERN_DETECTED,97,2024-06-30 10:41:09.566928
ALT0002209,TXN00482278,ACCT100017684,ML_PATTERN_DETECTED,77,2024-04-09 15:38:51.971505
ALT0002210,TXN00478346,ACCT100061717,ML_PATTERN_DETECTED,82,2024-01-17 07:40:14.127034
ALT0002211,TXN00483566,ACCT100004410,ML_PATTERN_DETECTED,72,2024-01-29 05:03:01.162363
ALT0002212,TXN00499984,ACCT100070482,ML_PATTERN_DETECTED,73,2024-10-09 12:05:39.965664
ALT0002213,TXN00498669,ACCT100039089,ML_PATTERN_DETECTED,96,2024-10-18 14:26:33.726279
ALT0002214,TXN00478526,ACCT100091857,ML_PATTERN_DETECTED,50,2023-05-20 22:20:14.188319
ALT0002215,TXN00497084,ACCT100065027,ML_PATTERN_DETECTED,96,2024-01-17 11:58:27.061425
ALT0002216,TXN00478213,ACCT100078493,ML_PATTERN_DETECTED,67,2023-02-17 19:02:31.800783
ALT0002217,TXN00494993,ACCT100058066,ML_PATTERN_DETECTED,91,2024-01-08 16:07:18.050417
ALT0002218,TXN00495730,ACCT100013854,ML_PATTERN_DETECTED,96,2024-01-10 23:29:33.048707
ALT0002219,TXN00492352,ACCT100018272,ML_PATTERN_DETECTED,53,2023-09-09 05:06:13.651178
ALT0002220,TXN00487273,ACCT100017808,ML_PATTERN_DETECTED,72,2024-08-14 16:53:56.973350
ALT0002221,TXN00477309,ACCT100067784,ML_PATTERN_DETECTED,63,2024-08-28 04:25:18.648847
ALT0002222,TXN00480575,ACCT100030358,ML_PATTERN_DETECTED,85,2023-09-29 15:57:48.179202
ALT0002223,TXN00492498,ACCT100039121,ML_PATTERN_DETECTED,86,2023-12-19 13:52:18.795429
ALT0002224,TXN00498292,ACCT100073267,ML_PATTERN_DETECTED,51,2023-03-31 07:43:13.966732
ALT0002225,TXN00490197,ACCT100090474,ML_PATTERN_DETECTED,91,2024-06-29 11:46:12.696517
ALT0002226,TXN00497519,ACCT100069096,ML_PATTERN_DETECTED,77,2023-04-21 01:03:48.943800
ALT0002227,TXN00486255,ACCT100088369,ML_PATTERN_DETECTED,51,2024-10-13 13:49:33.483321
ALT0002228,TXN00493969,ACCT100019082,ML_PATTERN_DETECTED,53,2023-06-23 14:28:32.350761
ALT0002229,TXN00481018,ACCT100044222,ML_PATTERN_DETECTED,63,2024-07-30 04:32:23.319672
ALT0002230,TXN00479920,ACCT100035424,ML_PATTERN_DETECTED,51,2024-10-25 12:23:36.521694
ALT0002231,TXN00480451,ACCT100007463,ML_PATTERN_DETECTED,77,2023-10-18 10:20:37.029586
ALT0002232,TXN00498411,ACCT100093473,ML_PATTERN_DETECTED,73,2024-12-08 01:36:40.161272
ALT0002233,TXN00492984,ACCT100091210,ML_PATTERN_DETECTED,98,2024-10-29 17:29:27.673198
ALT0002234,TXN00484876,ACCT100095917,ML_PATTERN_DETECTED,89,2023-02-25 16:05:50.399580
ALT0002235,TXN00481082,ACCT100021928,ML_PATTERN_DETECTED,89,2024-03-04 05:37:35.927681
ALT0002236,TXN00489972,ACCT100067040,ML_PATTERN_DETECTED,92,2023-02-12 13:03:19.017620
ALT0002237,TXN00494401,ACCT100012492,ML_PATTERN_DETECTED,75,2024-11-15 07:14:27.457878
ALT0002238,TXN00476298,ACCT100044864,ML_PATTERN_DETECTED,78,2023-07-20 03:41:09.237159
ALT0002239,TXN00496436,ACCT100086490,ML_PATTERN_DETECTED,93,2023-09-02 02:28:45.621037
ALT0002240,TXN00483226,ACCT100034934,ML_PATTERN_DETECTED,86,2024-12-26 18:41:00.012327
ALT0002241,TXN00495844,ACCT100061460,ML_PATTERN_DETECTED,58,2024-07-16 11:01:45.020914
ALT0002242,TXN00496232,ACCT100027482,ML_PATTERN_DETECTED,79,2023-08-12 11:42:40.417279
ALT0002243,TXN00480871,ACCT100039687,ML_PATTERN_DETECTED,98,2023-09-29 00:06:25.764868
ALT0002244,TXN00475116,ACCT100021710,ML_PATTERN_DETECTED,98,2024-02-10 06:51:18.404716
ALT0002245,TXN00492175,ACCT100091869,ML_PATTERN_DETECTED,74,2024-04-25 17:01:56.454796
ALT0002246,TXN00492418,ACCT100053458,ML_PATTERN_DETECTED,60,2024-07-07 21:49:41.255030
ALT0002247,TXN00487144,ACCT100049084,ML_PATTERN_DETECTED,57,2024-02-14 10:59:33.136163
ALT0002248,TXN00496560,ACCT100067626,ML_PATTERN_DETECTED,72,2023-01-22 18:16:49.686541
ALT0002249,TXN00499499,ACCT100002549,ML_PATTERN_DETECTED,55,2023-02-24 01:44:07.156478
ALT0002250,TXN00495155,ACCT100083228,ML_PATTERN_DETECTED,64,2023-09-11 20:14:51.761904
ALT0002251,TXN00489668,ACCT100020311,ML_PATTERN_DETECTED,75,2024-03-22 15:29:18.068998
ALT0002252,TXN00487845,ACCT100022181,ML_PATTERN_DETECTED,57,2024-07-01 18:32:46.943203
ALT0002253,TXN00484133,ACCT100010594,ML_PATTERN_DETECTED,60,2024-04-12 01:33:16.944860
ALT0002254,TXN00485076,ACCT100004705,ML_PATTERN_DETECTED,60,2024-03-10 11:07:38.012671
ALT0002255,TXN00476359,ACCT100087848,ML_PATTERN_DETECTED,76,2023-10-18 03:18:08.610423
ALT0002256,TXN00477674,ACCT100023203,ML_PATTERN_DETECTED,72,2024-07-09 18:51:01.557525
ALT0002257,TXN00478244,ACCT100077884,ML_PATTERN_DETECTED,73,2023-01-30 06:59:00.285301
ALT0002258,TXN00491288,ACCT100063915,ML_PATTERN_DETECTED,67,2024-06-19 07:59:39.339459
ALT0002259,TXN00490445,ACCT100052986,ML_PATTERN_DETECTED,58,2023-01-02 02:03:04.684260
ALT0002260,TXN00481651,ACCT100058192,ML_PATTERN_DETECTED,52,2023-10-30 01:36:59.623479
ALT0002261,TXN00482500,ACCT100025151,ML_PATTERN_DETECTED,74,2023-11-22 21:23:36.142354
ALT0002262,TXN00498796,ACCT100017470,ML_PATTERN_DETECTED,91,2024-01-31 14:55:58.373703
ALT0002263,TXN00480690,ACCT100043252,ML_PATTERN_DETECTED,55,2024-03-04 05:15:17.532099
ALT0002264,TXN00480983,ACCT100000388,ML_PATTERN_DETECTED,92,2023-05-28 19:24:51.439857
ALT0002265,TXN00489182,ACCT100049991,ML_PATTERN_DETECTED,50,2024-12-19 05:17:07.055281
ALT0002266,TXN00493016,ACCT100013223,ML_PATTERN_DETECTED,54,2023-05-15 09:54:58.959882
ALT0002267,TXN00486768,ACCT100015057,ML_PATTERN_DETECTED,82,2024-04-05 22:59:02.377153
ALT0002268,TXN00496163,ACCT100097648,ML_PATTERN_DETECTED,68,2023-07-01 18:15:56.698211
ALT0002269,TXN00490823,ACCT100071967,ML_PATTERN_DETECTED,56,2024-09-28 05:26:00.728092
ALT0002270,TXN00498957,ACCT100046345,ML_PATTERN_DETECTED,50,2024-11-17 17:24:02.564665
ALT0002271,TXN00481605,ACCT100028467,ML_PATTERN_DETECTED,70,2023-11-04 02:31:39.627612
ALT0002272,TXN00478687,ACCT100090559,ML_PATTERN_DETECTED,88,2024-11-30 21:59:40.465805
ALT0002273,TXN00494800,ACCT100093242,ML_PATTERN_DETECTED,75,2023-01-17 09:50:07.967077
ALT0002274,TXN00483179,ACCT100017092,ML_PATTERN_DETECTED,98,2023-08-17 12:01:52.261068
ALT0002275,TXN00484793,ACCT100027368,ML_PATTERN_DETECTED,96,2024-07-28 02:15:19.308680
ALT0002276,TXN00475975,ACCT100069387,ML_PATTERN_DETECTED,51,2024-07-05 09:47:30.880769
ALT0002277,TXN00477975,ACCT100001033,ML_PATTERN_DETECTED,80,2024-09-22 19:18:50.424062
ALT0002278,TXN00497875,ACCT100019768,ML_PATTERN_DETECTED,85,2023-03-01 15:27:28.803699
ALT0002279,TXN00499465,ACCT100088360,ML_PATTERN_DETECTED,98,2023-01-10 01:18:14.267316
ALT0002280,TXN00494107,ACCT100040278,ML_PATTERN_DETECTED,89,2024-05-06 14:40:48.109601
ALT0002281,TXN00484868,ACCT100069950,ML_PATTERN_DETECTED,59,2023-06-22 02:16:57.438607
ALT0002282,TXN00475603,ACCT100064832,ML_PATTERN_DETECTED,89,2024-04-18 15:43:26.194442
ALT0002283,TXN00483118,ACCT100054106,ML_PATTERN_DETECTED,87,2023-04-22 22:57:43.253413
ALT0002284,TXN00485329,ACCT100034175,ML_PATTERN_DETECTED,50,2024-09-11 03:35:52.897332
ALT0002285,TXN00494329,ACCT100033449,ML_PATTERN_DETECTED,67,2023-03-10 23:14:26.248410
ALT0002286,TXN00494229,ACCT100039314,ML_PATTERN_DETECTED,93,2023-12-12 16:03:37.936212
ALT0002287,TXN00491321,ACCT100028930,ML_PATTERN_DETECTED,72,2023-08-16 05:42:02.985958
ALT0002288,TXN00497725,ACCT100020069,ML_PATTERN_DETECTED,95,2024-10-04 00:02:16.506446
ALT0002289,TXN00494649,ACCT100030099,ML_PATTERN_DETECTED,61,2023-08-26 16:35:43.684294
ALT0002290,TXN00493266,ACCT100024824,ML_PATTERN_DETECTED,74,2024-05-06 07:13:34.700717
ALT0002291,TXN00485273,ACCT100049696,ML_PATTERN_DETECTED,70,2023-05-02 15:30:19.694474
ALT0002292,TXN00495690,ACCT100000808,ML_PATTERN_DETECTED,92,2024-12-04 18:59:36.207237
ALT0002293,TXN00481371,ACCT100022533,ML_PATTERN_DETECTED,71,2023-02-17 04:25:44.818840
ALT0002294,TXN00482732,ACCT100034694,ML_PATTERN_DETECTED,63,2023-10-30 09:24:59.581620
ALT0002295,TXN00475226,ACCT100075572,ML_PATTERN_DETECTED,78,2024-06-14 17:02:21.652659
ALT0002296,TXN00490042,ACCT100061278,ML_PATTERN_DETECTED,96,2023-01-11 12:36:19.261074
ALT0002297,TXN00487777,ACCT100013373,ML_PATTERN_DETECTED,82,2024-02-24 00:18:03.964159
ALT0002298,TXN00488693,ACCT100055423,ML_PATTERN_DETECTED,95,2024-05-21 00:49:07.074811
ALT0002299,TXN00483027,ACCT100089065,ML_PATTERN_DETECTED,93,2024-08-18 10:11:39.923419
ALT0002300,TXN00476583,ACCT100095238,ML_PATTERN_DETECTED,66,2023-03-24 21:20:38.301166
ALT0002301,TXN00477812,ACCT100087178,ML_PATTERN_DETECTED,71,2024-09-26 13:23:56.428969
ALT0002302,TXN00488658,ACCT100029505,ML_PATTERN_DETECTED,92,2023-02-11 08:02:43.234268
ALT0002303,TXN00479672,ACCT100003088,ML_PATTERN_DETECTED,63,2024-07-02 17:06:25.483568
ALT0002304,TXN00494092,ACCT100085077,ML_PATTERN_DETECTED,65,2023-06-03 12:45:39.245785
ALT0002305,TXN00481396,ACCT100038987,ML_PATTERN_DETECTED,85,2023-05-28 10:41:42.902680
ALT0002306,TXN00479458,ACCT100001444,ML_PATTERN_DETECTED,65,2023-10-04 02:38:53.970439
ALT0002307,TXN00482695,ACCT100069139,ML_PATTERN_DETECTED,58,2024-04-08 19:03:56.438033
ALT0002308,TXN00489728,ACCT100080605,ML_PATTERN_DETECTED,59,2024-08-09 19:07:41.641379
ALT0002309,TXN00499755,ACCT100068767,ML_PATTERN_DETECTED,72,2024-05-10 01:34:15.399780
ALT0002310,TXN00482673,ACCT100075011,ML_PATTERN_DETECTED,97,2023-08-20 13:35:34.174495
ALT0002311,TXN00489445,ACCT100037457,ML_PATTERN_DETECTED,56,2024-02-19 16:47:18.315924
ALT0002312,TXN00476079,ACCT100021912,ML_PATTERN_DETECTED,98,2023-12-29 04:17:17.712421
ALT0002313,TXN00477213,ACCT100060211,ML_PATTERN_DETECTED,63,2023-12-12 02:21:12.157123
ALT0002314,TXN00476989,ACCT100009303,ML_PATTERN_DETECTED,77,2023-09-04 05:35:46.528914
ALT0002315,TXN00485172,ACCT100031883,ML_PATTERN_DETECTED,67,2023-07-28 17:29:56.953218
ALT0002316,TXN00497262,ACCT100027437,ML_PATTERN_DETECTED,65,2023-10-05 04:40:21.976354
ALT0002317,TXN00475321,ACCT100078876,ML_PATTERN_DETECTED,65,2023-06-07 18:26:12.836905
ALT0002318,TXN00490122,ACCT100067810,ML_PATTERN_DETECTED,86,2023-12-03 00:56:34.209920
ALT0002319,TXN00487351,ACCT100045304,ML_PATTERN_DETECTED,62,2023-05-18 12:04:39.879599
ALT0002320,TXN00481653,ACCT100074628,ML_PATTERN_DETECTED,64,2023-08-27 21:13:05.610415
ALT0002321,TXN00489297,ACCT100022323,ML_PATTERN_DETECTED,87,2023-05-19 18:49:17.874977
ALT0002322,TXN00487011,ACCT100071052,ML_PATTERN_DETECTED,64,2023-01-14 01:14:59.677409
ALT0002323,TXN00478991,ACCT100004006,ML_PATTERN_DETECTED,63,2024-07-08 03:18:38.737419
ALT0002324,TXN00479539,ACCT100096605,ML_PATTERN_DETECTED,57,2024-11-08 08:56:56.429200
ALT0002325,TXN00477023,ACCT100083070,ML_PATTERN_DETECTED,88,2024-01-24 19:53:18.554595
ALT0002326,TXN00498794,ACCT100057199,ML_PATTERN_DETECTED,56,2023-05-30 09:23:20.233937
ALT0002327,TXN00494082,ACCT100024845,ML_PATTERN_DETECTED,89,2024-11-02 06:04:50.773037
ALT0002328,TXN00485317,ACCT100004705,ML_PATTERN_DETECTED,74,2023-01-14 11:14:12.624466
ALT0002329,TXN00479353,ACCT100042847,ML_PATTERN_DETECTED,71,2024-05-05 10:10:41.169565
ALT0002330,TXN00476366,ACCT100089546,ML_PATTERN_DETECTED,83,2024-09-25 13:13:37.709085
ALT0002331,TXN00497807,ACCT100028232,ML_PATTERN_DETECTED,70,2024-04-20 11:38:52.855102
ALT0002332,TXN00478440,ACCT100046259,ML_PATTERN_DETECTED,81,2023-03-17 11:15:22.410268
ALT0002333,TXN00477535,ACCT100038628,ML_PATTERN_DETECTED,94,2024-11-18 10:13:30.819555
ALT0002334,TXN00487354,ACCT100017500,ML_PATTERN_DETECTED,73,2024-04-12 15:18:20.788931
ALT0002335,TXN00476543,ACCT100080465,ML_PATTERN_DETECTED,89,2023-09-20 03:22:24.555328
ALT0002336,TXN00483005,ACCT100063560,ML_PATTERN_DETECTED,68,2024-08-14 15:32:15.942112
ALT0002337,TXN00493812,ACCT100029942,ML_PATTERN_DETECTED,72,2023-05-28 04:44:49.747375
ALT0002338,TXN00476123,ACCT100072423,ML_PATTERN_DETECTED,73,2023-12-04 22:41:40.135680
ALT0002339,TXN00499506,ACCT100027500,ML_PATTERN_DETECTED,83,2024-08-11 05:38:24.208512
ALT0002340,TXN00495158,ACCT100077694,ML_PATTERN_DETECTED,67,2023-03-21 21:57:11.648164
ALT0002341,TXN00493415,ACCT100042408,ML_PATTERN_DETECTED,75,2023-08-10 07:59:35.156359
ALT0002342,TXN00496572,ACCT100050221,ML_PATTERN_DETECTED,77,2024-02-07 12:24:11.546647
ALT0002343,TXN00498217,ACCT100004781,ML_PATTERN_DETECTED,83,2024-01-07 02:34:46.268594
ALT0002344,TXN00491764,ACCT100072597,ML_PATTERN_DETECTED,75,2024-09-06 17:21:49.933975
ALT0002345,TXN00484768,ACCT100075189,ML_PATTERN_DETECTED,73,2024-10-23 22:53:05.460637
ALT0002346,TXN00486453,ACCT100074846,ML_PATTERN_DETECTED,63,2023-11-19 11:19:06.338303
ALT0002347,TXN00495483,ACCT100052383,ML_PATTERN_DETECTED,81,2023-08-27 12:19:46.705314
ALT0002348,TXN00476451,ACCT100074380,ML_PATTERN_DETECTED,68,2023-06-19 14:36:50.731521
ALT0002349,TXN00476502,ACCT100038443,ML_PATTERN_DETECTED,57,2023-05-06 08:18:03.784275
ALT0002350,TXN00498755,ACCT100004059,ML_PATTERN_DETECTED,80,2023-10-26 13:35:52.018576
ALT0002351,TXN00476023,ACCT100050396,ML_PATTERN_DETECTED,98,2023-10-15 22:24:53.141371
ALT0002352,TXN00489680,ACCT100098376,ML_PATTERN_DETECTED,73,2023-02-19 13:00:54.881041
ALT0002353,TXN00491134,ACCT100034241,ML_PATTERN_DETECTED,65,2024-03-28 01:25:07.345906
ALT0002354,TXN00481995,ACCT100088949,ML_PATTERN_DETECTED,50,2024-09-07 20:53:32.615814
ALT0002355,TXN00484546,ACCT100067030,ML_PATTERN_DETECTED,96,2024-06-14 01:06:39.777206
ALT0002356,TXN00479558,ACCT100033115,ML_PATTERN_DETECTED,55,2023-09-24 01:28:22.890120
ALT0002357,TXN00489025,ACCT100045050,ML_PATTERN_DETECTED,96,2024-05-12 06:31:41.093314
ALT0002358,TXN00478331,ACCT100040300,ML_PATTERN_DETECTED,60,2023-06-12 11:31:23.316525
ALT0002359,TXN00490374,ACCT100037024,ML_PATTERN_DETECTED,54,2024-05-30 01:23:05.859799
ALT0002360,TXN00483247,ACCT100089714,ML_PATTERN_DETECTED,55,2024-12-30 09:37:30.993460
ALT0002361,TXN00483536,ACCT100072531,ML_PATTERN_DETECTED,55,2023-04-20 09:49:43.475502
ALT0002362,TXN00498625,ACCT100018516,ML_PATTERN_DETECTED,64,2024-08-10 16:21:15.642251
ALT0002363,TXN00496252,ACCT100097395,ML_PATTERN_DETECTED,52,2023-08-19 17:32:30.955158
ALT0002364,TXN00496914,ACCT100094141,ML_PATTERN_DETECTED,90,2024-03-01 14:41:14.105478
ALT0002365,TXN00490189,ACCT100084454,ML_PATTERN_DETECTED,64,2024-11-01 06:02:24.798500
ALT0002366,TXN00488952,ACCT100042517,ML_PATTERN_DETECTED,84,2024-12-22 10:18:31.953529
ALT0002367,TXN00483014,ACCT100045277,ML_PATTERN_DETECTED,96,2023-04-04 14:51:25.314900
ALT0002368,TXN00499832,ACCT100021234,ML_PATTERN_DETECTED,98,2024-02-26 22:15:58.728294
ALT0002369,TXN00488635,ACCT100015518,ML_PATTERN_DETECTED,90,2024-12-11 05:49:00.261481
ALT0002370,TXN00498019,ACCT100007126,ML_PATTERN_DETECTED,61,2024-09-14 03:06:42.303680
ALT0002371,TXN00496347,ACCT100000339,ML_PATTERN_DETECTED,73,2023-07-03 04:40:13.151827
ALT0002372,TXN00492725,ACCT100053881,ML_PATTERN_DETECTED,81,2024-03-28 07:31:59.279339
ALT0002373,TXN00478746,ACCT100099114,ML_PATTERN_DETECTED,50,2024-04-27 07:02:42.782606
ALT0002374,TXN00479174,ACCT100042308,ML_PATTERN_DETECTED,54,2023-05-15 15:36:32.376765
ALT0002375,TXN00492700,ACCT100055754,ML_PATTERN_DETECTED,59,2024-03-01 00:50:06.922265
ALT0002376,TXN00495576,ACCT100088913,ML_PATTERN_DETECTED,68,2023-01-08 13:40:34.407516
ALT0002377,TXN00484190,ACCT100020701,ML_PATTERN_DETECTED,70,2024-06-01 05:36:07.611315
ALT0002378,TXN00498643,ACCT100055863,ML_PATTERN_DETECTED,97,2023-06-07 07:14:40.659296
ALT0002379,TXN00483252,ACCT100025461,ML_PATTERN_DETECTED,54,2024-09-04 15:38:31.689884
ALT0002380,TXN00494319,ACCT100090522,ML_PATTERN_DETECTED,69,2024-02-11 23:22:16.283064
ALT0002381,TXN00276802,ACCT100078436,HIGH_VALUE_TXN,52,2023-07-23 19:30:23.835081
ALT0002382,TXN00477552,ACCT100009972,ML_PATTERN_DETECTED,58,2024-06-01 17:15:36.093837
ALT0002383,TXN00496271,ACCT100024616,ML_PATTERN_DETECTED,68,2024-05-20 21:03:23.465163
ALT0002384,TXN00490495,ACCT100008139,ML_PATTERN_DETECTED,77,2024-06-02 19:21:28.467672
ALT0002385,TXN00479932,ACCT100006403,ML_PATTERN_DETECTED,72,2023-06-27 00:39:05.085646
ALT0002386,TXN00483312,ACCT100006872,ML_PATTERN_DETECTED,64,2023-06-12 06:40:14.226448
ALT0002387,TXN00477122,ACCT100054372,ML_PATTERN_DETECTED,51,2023-10-08 09:13:55.479435
ALT0002388,TXN00488288,ACCT100007879,ML_PATTERN_DETECTED,92,2024-10-19 03:39:57.662763
ALT0002389,TXN00475495,ACCT100084446,ML_PATTERN_DETECTED,89,2023-01-11 00:35:55.601988
ALT0002390,TXN00498675,ACCT100094757,ML_PATTERN_DETECTED,76,2023-07-10 10:05:45.887900
ALT0002391,TXN00491345,ACCT100076909,ML_PATTERN_DETECTED,90,2023-10-14 08:42:26.573658
ALT0002392,TXN00493171,ACCT100087856,ML_PATTERN_DETECTED,59,2023-09-23 00:12:14.214787
ALT0002393,TXN00483181,ACCT100063844,ML_PATTERN_DETECTED,66,2024-01-26 00:20:38.709818
ALT0002394,TXN00499836,ACCT100075163,ML_PATTERN_DETECTED,58,2023-12-24 09:46:18.095126
ALT0002395,TXN00476628,ACCT100048676,ML_PATTERN_DETECTED,70,2023-02-25 18:16:33.491880
ALT0002396,TXN00489026,ACCT100033108,ML_PATTERN_DETECTED,64,2023-07-25 07:09:36.933955
ALT0002397,TXN00494143,ACCT100092045,ML_PATTERN_DETECTED,79,2023-05-07 15:28:50.233605
ALT0002398,TXN00492338,ACCT100012125,ML_PATTERN_DETECTED,64,2024-04-03 18:37:37.656637
ALT0002399,TXN00487371,ACCT100066555,ML_PATTERN_DETECTED,52,2024-01-27 11:30:27.123277
ALT0002400,TXN00499710,ACCT100097263,ML_PATTERN_DETECTED,83,2023-08-26 21:56:41.054168
ALT0002401,TXN00483613,ACCT100006892,ML_PATTERN_DETECTED,88,2023-04-16 00:06:44.387538
ALT0002402,TXN00488047,ACCT100029249,ML_PATTERN_DETECTED,53,2023-10-14 07:12:00.754975
ALT0002403,TXN00475051,ACCT100059528,ML_PATTERN_DETECTED,94,2024-02-17 14:41:17.956618
ALT0002404,TXN00490339,ACCT100004712,ML_PATTERN_DETECTED,79,2023-08-30 03:56:07.198703
ALT0002405,TXN00489424,ACCT100053005,ML_PATTERN_DETECTED,61,2024-03-01 18:17:49.435491
ALT0002406,TXN00498081,ACCT100034899,ML_PATTERN_DETECTED,63,2024-08-26 14:55:23.050517
ALT0002407,TXN00499407,ACCT100072949,ML_PATTERN_DETECTED,60,2024-03-29 15:49:39.169280
ALT0002408,TXN00491850,ACCT100087175,ML_PATTERN_DETECTED,96,2023-01-17 03:17:16.049812
ALT0002409,TXN00483346,ACCT100030687,ML_PATTERN_DETECTED,59,2023-01-21 00:51:48.363314
ALT0002410,TXN00477852,ACCT100050699,ML_PATTERN_DETECTED,82,2023-04-03 14:29:25.908160
ALT0002411,TXN00482443,ACCT100081939,ML_PATTERN_DETECTED,84,2023-05-03 16:17:11.864975
ALT0002412,TXN00493573,ACCT100009665,ML_PATTERN_DETECTED,92,2023-05-09 07:59:15.716220
ALT0002413,TXN00497972,ACCT100029361,ML_PATTERN_DETECTED,90,2023-11-30 19:45:31.524893
ALT0002414,TXN00499241,ACCT100046788,ML_PATTERN_DETECTED,69,2024-05-21 17:45:23.028060
ALT0002415,TXN00483800,ACCT100051680,ML_PATTERN_DETECTED,63,2024-05-31 03:58:20.876988
ALT0002416,TXN00483856,ACCT100083548,ML_PATTERN_DETECTED,51,2024-09-27 08:59:33.362010
ALT0002417,TXN00492093,ACCT100096816,ML_PATTERN_DETECTED,56,2023-02-18 23:19:24.017636
ALT0002418,TXN00485598,ACCT100034105,ML_PATTERN_DETECTED,86,2024-07-10 07:05:32.884682
ALT0002419,TXN00479983,ACCT100055809,ML_PATTERN_DETECTED,78,2023-12-23 09:08:02.371897
ALT0002420,TXN00487294,ACCT100008609,ML_PATTERN_DETECTED,69,2024-08-04 16:40:12.090793
ALT0002421,TXN00485416,ACCT100022733,ML_PATTERN_DETECTED,72,2023-07-20 11:57:45.002488
ALT0002422,TXN00475612,ACCT100082972,ML_PATTERN_DETECTED,65,2023-03-30 12:43:21.935313
ALT0002423,TXN00486760,ACCT100047498,ML_PATTERN_DETECTED,96,2023-11-30 19:54:26.067947
ALT0002424,TXN00481475,ACCT100062403,ML_PATTERN_DETECTED,63,2023-10-09 09:45:40.960838
ALT0002425,TXN00496855,ACCT100023191,ML_PATTERN_DETECTED,61,2023-11-25 18:23:10.326390
ALT0002426,TXN00488966,ACCT100059536,ML_PATTERN_DETECTED,52,2024-10-07 02:44:32.869741
ALT0002427,TXN00483461,ACCT100036465,ML_PATTERN_DETECTED,98,2023-04-17 04:04:28.834749
ALT0002428,TXN00484315,ACCT100041148,ML_PATTERN_DETECTED,90,2024-03-06 21:46:25.331585
ALT0002429,TXN00499781,ACCT100070746,ML_PATTERN_DETECTED,50,2023-11-24 20:43:01.594759
ALT0002430,TXN00494714,ACCT100099157,ML_PATTERN_DETECTED,86,2024-12-07 23:25:11.805418
ALT0002431,TXN00494331,ACCT100065297,ML_PATTERN_DETECTED,66,2023-03-17 03:29:24.203917
ALT0002432,TXN00477156,ACCT100003516,ML_PATTERN_DETECTED,60,2023-09-21 15:00:06.491328
ALT0002433,TXN00475511,ACCT100051906,ML_PATTERN_DETECTED,84,2024-10-28 16:46:45.570859
ALT0002434,TXN00493472,ACCT100002719,ML_PATTERN_DETECTED,68,2023-09-18 11:21:09.690645
ALT0002435,TXN00498239,ACCT100086746,ML_PATTERN_DETECTED,60,2024-04-20 01:46:36.635384
ALT0002436,TXN00484185,ACCT100086329,ML_PATTERN_DETECTED,94,2024-11-07 01:50:57.218279
ALT0002437,TXN00494510,ACCT100092709,ML_PATTERN_DETECTED,72,2024-07-16 06:56:45.305389
ALT0002438,TXN00479593,ACCT100052043,ML_PATTERN_DETECTED,58,2024-07-15 13:51:41.699151
ALT0002439,TXN00489209,ACCT100067729,ML_PATTERN_DETECTED,69,2024-02-01 12:37:26.604689
ALT0002440,TXN00476821,ACCT100002478,ML_PATTERN_DETECTED,75,2024-02-19 20:16:15.668706
ALT0002441,TXN00478246,ACCT100099275,ML_PATTERN_DETECTED,53,2023-11-04 11:34:09.182289
ALT0002442,TXN00487514,ACCT100065958,ML_PATTERN_DETECTED,59,2024-12-09 21:00:13.152958
ALT0002443,TXN00494420,ACCT100075959,ML_PATTERN_DETECTED,94,2023-04-25 09:57:42.493839
ALT0002444,TXN00499873,ACCT100053921,ML_PATTERN_DETECTED,69,2024-04-21 04:09:54.311146
ALT0002445,TXN00495865,ACCT100057687,ML_PATTERN_DETECTED,85,2024-05-13 16:13:30.741552
ALT0002446,TXN00497492,ACCT100085806,ML_PATTERN_DETECTED,65,2024-05-26 00:32:35.775893
ALT0002447,TXN00494777,ACCT100043410,ML_PATTERN_DETECTED,51,2024-08-17 10:08:59.149448
ALT0002448,TXN00485732,ACCT100070520,ML_PATTERN_DETECTED,63,2023-08-01 14:11:16.175838
ALT0002449,TXN00483845,ACCT100045503,ML_PATTERN_DETECTED,70,2023-08-22 21:45:47.090015
ALT0002450,TXN00494885,ACCT100001145,ML_PATTERN_DETECTED,54,2024-01-08 01:16:35.610795
ALT0002451,TXN00475274,ACCT100041394,ML_PATTERN_DETECTED,74,2024-06-04 19:47:59.540652
ALT0002452,TXN00489685,ACCT100010119,ML_PATTERN_DETECTED,67,2023-09-16 22:02:47.830109
ALT0002453,TXN00491327,ACCT100049184,ML_PATTERN_DETECTED,91,2023-01-24 02:33:56.782555
ALT0002454,TXN00492284,ACCT100027655,ML_PATTERN_DETECTED,63,2023-05-23 06:26:21.072019
ALT0002455,TXN00478951,ACCT100034962,ML_PATTERN_DETECTED,86,2024-11-19 22:19:33.467964
ALT0002456,TXN00487215,ACCT100025604,ML_PATTERN_DETECTED,80,2023-01-22 13:23:00.274213
ALT0002457,TXN00485556,ACCT100081078,ML_PATTERN_DETECTED,85,2024-04-27 12:28:43.271346
ALT0002458,TXN00489823,ACCT100043491,ML_PATTERN_DETECTED,68,2024-05-17 14:47:03.853761
ALT0002459,TXN00494111,ACCT100009477,ML_PATTERN_DETECTED,84,2023-06-08 02:43:06.741278
ALT0002460,TXN00487557,ACCT100038450,ML_PATTERN_DETECTED,71,2023-01-19 21:29:22.200608
ALT0002461,TXN00475636,ACCT100008919,ML_PATTERN_DETECTED,71,2024-09-19 22:04:44.836259
ALT0002462,TXN00483080,ACCT100030824,ML_PATTERN_DETECTED,91,2023-12-04 00:25:51.957119
ALT0002463,TXN00481868,ACCT100045932,ML_PATTERN_DETECTED,50,2023-10-02 14:39:03.693503
ALT0002464,TXN00493127,ACCT100034245,ML_PATTERN_DETECTED,52,2023-02-05 02:43:31.941486
ALT0002465,TXN00482609,ACCT100076515,ML_PATTERN_DETECTED,88,2023-03-27 02:48:15.846213
ALT0002466,TXN00478044,ACCT100022276,ML_PATTERN_DETECTED,92,2024-09-11 15:25:00.155509
ALT0002467,TXN00491598,ACCT100094109,ML_PATTERN_DETECTED,74,2024-03-18 13:16:49.271773
ALT0002468,TXN00482788,ACCT100037141,ML_PATTERN_DETECTED,95,2024-03-12 22:28:00.568341
ALT0002469,TXN00492852,ACCT100064171,ML_PATTERN_DETECTED,69,2023-04-02 21:54:53.551698
ALT0002470,TXN00493410,ACCT100093221,ML_PATTERN_DETECTED,75,2023-01-10 04:55:44.754301
ALT0002471,TXN00478341,ACCT100007371,ML_PATTERN_DETECTED,94,2024-11-20 00:51:14.593912
ALT0002472,TXN00492485,ACCT100047992,ML_PATTERN_DETECTED,59,2024-06-28 16:07:10.900495
ALT0002473,TXN00479731,ACCT100079119,ML_PATTERN_DETECTED,73,2023-08-08 13:03:23.198093
ALT0002474,TXN00478264,ACCT100064715,ML_PATTERN_DETECTED,70,2024-04-20 02:31:04.313907
ALT0002475,TXN00481505,ACCT100078445,ML_PATTERN_DETECTED,73,2023-04-06 02:11:46.235284
ALT0002476,TXN00489590,ACCT100059719,ML_PATTERN_DETECTED,91,2023-06-21 02:47:48.367023
ALT0002477,TXN00483892,ACCT100016379,ML_PATTERN_DETECTED,64,2024-12-30 05:27:48.397376
ALT0002478,TXN00476475,ACCT100055879,ML_PATTERN_DETECTED,89,2024-12-30 04:15:03.359609
ALT0002479,TXN00491683,ACCT100057578,ML_PATTERN_DETECTED,79,2024-02-04 01:34:32.782292
ALT0002480,TXN00484339,ACCT100032033,ML_PATTERN_DETECTED,84,2024-07-23 09:28:55.368073
ALT0002481,TXN00478090,ACCT100068164,ML_PATTERN_DETECTED,53,2024-01-23 14:10:33.707469
ALT0002482,TXN00479041,ACCT100076191,ML_PATTERN_DETECTED,67,2024-02-28 20:52:50.918565
ALT0002483,TXN00494349,ACCT100014114,ML_PATTERN_DETECTED,76,2024-02-11 12:01:31.455226
ALT0002484,TXN00484866,ACCT100053707,ML_PATTERN_DETECTED,73,2024-02-02 05:49:33.189041
ALT0002485,TXN00477445,ACCT100097422,ML_PATTERN_DETECTED,71,2023-05-12 12:31:24.391110
ALT0002486,TXN00499383,ACCT100016126,ML_PATTERN_DETECTED,95,2023-12-21 02:56:54.049520
ALT0002487,TXN00486091,ACCT100093389,ML_PATTERN_DETECTED,56,2024-03-13 07:37:51.407336
ALT0002488,TXN00492367,ACCT100032465,ML_PATTERN_DETECTED,69,2023-02-28 06:33:08.456679
ALT0002489,TXN00482018,ACCT100085116,ML_PATTERN_DETECTED,90,2023-02-19 04:59:42.426870
ALT0002490,TXN00495322,ACCT100004205,ML_PATTERN_DETECTED,94,2023-02-28 07:08:39.179760
ALT0002491,TXN00480111,ACCT100089519,ML_PATTERN_DETECTED,83,2024-10-20 07:25:59.986221
ALT0002492,TXN00497458,ACCT100077118,ML_PATTERN_DETECTED,88,2024-01-07 20:01:20.680537
ALT0002493,TXN00482524,ACCT100062649,ML_PATTERN_DETECTED,90,2024-12-01 22:03:00.238573
ALT0002494,TXN00493954,ACCT100056135,ML_PATTERN_DETECTED,53,2023-08-01 07:34:16.605600
ALT0002495,TXN00481977,ACCT100075297,ML_PATTERN_DETECTED,62,2023-12-07 02:04:38.159201
ALT0002496,TXN00479372,ACCT100011423,ML_PATTERN_DETECTED,70,2023-02-14 14:22:25.679725
ALT0002497,TXN00491552,ACCT100005547,ML_PATTERN_DETECTED,72,2024-06-04 23:52:50.783928
ALT0002498,TXN00476381,ACCT100057343,ML_PATTERN_DETECTED,50,2023-09-15 23:17:28.597494
ALT0002499,TXN00494801,ACCT100030947,ML_PATTERN_DETECTED,65,2023-10-02 05:51:41.714715
ALT0002500,TXN00484523,ACCT100079630,ML_PATTERN_DETECTED,80,2023-06-04 12:27:17.979659
ALT0002501,TXN00497201,ACCT100083907,ML_PATTERN_DETECTED,97,2023-06-19 18:34:43.710509
ALT0002502,TXN00477948,ACCT100071865,ML_PATTERN_DETECTED,68,2024-05-28 13:17:32.662318
ALT0002503,TXN00491281,ACCT100080961,ML_PATTERN_DETECTED,51,2023-04-08 01:24:18.033592
ALT0002504,TXN00489726,ACCT100013472,ML_PATTERN_DETECTED,64,2024-11-16 16:12:01.344979
ALT0002505,TXN00482301,ACCT100061867,ML_PATTERN_DETECTED,66,2024-10-09 06:25:25.721709
ALT0002506,TXN00478256,ACCT100020996,ML_PATTERN_DETECTED,81,2023-08-31 22:00:45.431182
ALT0002507,TXN00490931,ACCT100098944,ML_PATTERN_DETECTED,64,2023-05-20 06:57:54.547922
ALT0002508,TXN00479719,ACCT100074258,ML_PATTERN_DETECTED,84,2024-07-10 03:20:52.446819
ALT0002509,TXN00495195,ACCT100031699,ML_PATTERN_DETECTED,72,2024-10-23 18:43:40.212190
ALT0002510,TXN00491450,ACCT100019805,ML_PATTERN_DETECTED,82,2023-03-05 02:31:39.132936
ALT0002511,TXN00489788,ACCT100034380,ML_PATTERN_DETECTED,84,2023-08-31 23:18:51.978405
ALT0002512,TXN00475690,ACCT100059869,ML_PATTERN_DETECTED,50,2023-12-22 06:27:42.530904
ALT0002513,TXN00489477,ACCT100018325,ML_PATTERN_DETECTED,58,2023-01-12 22:31:30.234185
ALT0002514,TXN00494781,ACCT100028441,ML_PATTERN_DETECTED,77,2023-09-21 11:23:46.693775
ALT0002515,TXN00495665,ACCT100055742,ML_PATTERN_DETECTED,67,2023-02-24 00:50:04.693783
ALT0002516,TXN00496835,ACCT100091983,ML_PATTERN_DETECTED,79,2023-04-22 08:23:31.620442
ALT0002517,TXN00498023,ACCT100073764,ML_PATTERN_DETECTED,95,2023-01-11 18:35:28.777594
ALT0002518,TXN00493822,ACCT100097195,ML_PATTERN_DETECTED,76,2024-06-23 12:40:54.821507
ALT0002519,TXN00489782,ACCT100008975,ML_PATTERN_DETECTED,74,2024-09-20 00:24:06.818140
ALT0002520,TXN00495895,ACCT100030578,ML_PATTERN_DETECTED,73,2023-05-14 04:00:46.623318
ALT0002521,TXN00476341,ACCT100063762,ML_PATTERN_DETECTED,83,2023-10-07 07:25:30.996089
ALT0002522,TXN00477507,ACCT100037453,ML_PATTERN_DETECTED,70,2023-10-29 16:48:33.964279
ALT0002523,TXN00484150,ACCT100062267,ML_PATTERN_DETECTED,67,2024-08-28 03:55:39.664485
ALT0002524,TXN00494928,ACCT100000994,ML_PATTERN_DETECTED,91,2024-04-14 17:43:54.052960
ALT0002525,TXN00488574,ACCT100016200,ML_PATTERN_DETECTED,66,2024-10-25 17:28:33.411432
ALT0002526,TXN00485225,ACCT100058332,ML_PATTERN_DETECTED,73,2023-01-01 11:31:53.265582
ALT0002527,TXN00483904,ACCT100082492,ML_PATTERN_DETECTED,56,2023-02-19 00:47:59.080015
ALT0002528,TXN00484326,ACCT100027629,ML_PATTERN_DETECTED,67,2023-08-19 00:13:20.575836
ALT0002529,TXN00498214,ACCT100064723,ML_PATTERN_DETECTED,85,2024-02-17 05:57:09.676916
ALT0002530,TXN00484652,ACCT100023333,ML_PATTERN_DETECTED,91,2023-07-15 00:10:35.278027
ALT0002531,TXN00475855,ACCT100092848,ML_PATTERN_DETECTED,54,2023-06-05 22:15:11.347399
ALT0002532,TXN00485554,ACCT100054750,ML_PATTERN_DETECTED,53,2023-05-16 14:56:34.996784
ALT0002533,TXN00481857,ACCT100035401,ML_PATTERN_DETECTED,57,2024-12-21 23:28:59.033141
ALT0002534,TXN00496697,ACCT100041174,ML_PATTERN_DETECTED,81,2023-08-18 18:53:32.420841
ALT0002535,TXN00490911,ACCT100077200,ML_PATTERN_DETECTED,76,2024-02-19 11:15:23.507221
ALT0002536,TXN00497155,ACCT100073378,ML_PATTERN_DETECTED,96,2024-06-08 01:41:40.831195
ALT0002537,TXN00489350,ACCT100043989,ML_PATTERN_DETECTED,60,2024-01-26 19:40:16.955572
ALT0002538,TXN00488243,ACCT100012273,ML_PATTERN_DETECTED,71,2024-04-13 12:07:00.391520
ALT0002539,TXN00484199,ACCT100044045,ML_PATTERN_DETECTED,69,2024-09-01 01:30:40.662332
ALT0002540,TXN00490003,ACCT100024868,ML_PATTERN_DETECTED,71,2024-07-25 16:31:17.175677
ALT0002541,TXN00488317,ACCT100008077,ML_PATTERN_DETECTED,64,2024-04-04 21:17:09.253935
ALT0002542,TXN00479655,ACCT100091961,ML_PATTERN_DETECTED,83,2023-03-20 21:52:59.476711
ALT0002543,TXN00491881,ACCT100015100,ML_PATTERN_DETECTED,55,2023-09-04 08:31:40.962572
ALT0002544,TXN00483925,ACCT100034169,ML_PATTERN_DETECTED,76,2024-03-02 02:06:16.825015
ALT0002545,TXN00483034,ACCT100037428,ML_PATTERN_DETECTED,67,2024-01-09 20:39:29.928858
ALT0002546,TXN00496527,ACCT100003699,ML_PATTERN_DETECTED,86,2024-01-06 20:46:11.958072
ALT0002547,TXN00477360,ACCT100013777,ML_PATTERN_DETECTED,79,2024-11-27 23:06:21.227803
ALT0002548,TXN00495241,ACCT100086515,ML_PATTERN_DETECTED,98,2024-09-17 22:36:54.583224
ALT0002549,TXN00497708,ACCT100004954,ML_PATTERN_DETECTED,91,2024-06-20 07:35:27.856159
ALT0002550,TXN00487360,ACCT100025479,ML_PATTERN_DETECTED,74,2023-07-17 22:08:47.533583
ALT0002551,TXN00484924,ACCT100030182,ML_PATTERN_DETECTED,68,2024-12-10 09:06:47.252815
ALT0002552,TXN00477373,ACCT100085005,ML_PATTERN_DETECTED,55,2023-08-14 05:59:03.474874
ALT0002553,TXN00478587,ACCT100063810,ML_PATTERN_DETECTED,62,2023-06-08 09:53:02.159313
ALT0002554,TXN00486051,ACCT100092138,ML_PATTERN_DETECTED,55,2024-08-23 03:07:16.354125
ALT0002555,TXN00486927,ACCT100004373,ML_PATTERN_DETECTED,72,2024-09-28 18:43:37.211655
ALT0002556,TXN00494811,ACCT100041349,ML_PATTERN_DETECTED,58,2023-02-04 15:25:06.809227
ALT0002557,TXN00496459,ACCT100037872,ML_PATTERN_DETECTED,70,2024-04-11 18:20:00.464141
ALT0002558,TXN00477710,ACCT100098901,ML_PATTERN_DETECTED,67,2023-02-06 10:13:31.980890
ALT0002559,TXN00484811,ACCT100069209,ML_PATTERN_DETECTED,65,2024-04-01 18:09:22.477712
ALT0002560,TXN00480210,ACCT100099525,ML_PATTERN_DETECTED,82,2024-06-09 23:07:50.108350
ALT0002561,TXN00489954,ACCT100045342,ML_PATTERN_DETECTED,93,2023-05-20 01:22:28.641609
ALT0002562,TXN00476163,ACCT100072509,ML_PATTERN_DETECTED,55,2024-02-11 23:07:18.190481
ALT0002563,TXN00480459,ACCT100093061,ML_PATTERN_DETECTED,78,2023-07-26 12:49:19.670808
ALT0002564,TXN00479323,ACCT100066050,ML_PATTERN_DETECTED,74,2023-05-07 20:09:23.909589
ALT0002565,TXN00481677,ACCT100017416,ML_PATTERN_DETECTED,90,2023-10-14 04:53:33.371466
ALT0002566,TXN00484230,ACCT100009822,ML_PATTERN_DETECTED,91,2023-05-01 13:46:21.872907
ALT0002567,TXN00496017,ACCT100065738,ML_PATTERN_DETECTED,52,2024-10-11 06:51:15.779282
ALT0002568,TXN00478012,ACCT100016013,ML_PATTERN_DETECTED,70,2024-08-16 03:56:24.353845
ALT0002569,TXN00475554,ACCT100073802,ML_PATTERN_DETECTED,73,2024-09-01 19:44:49.205913
ALT0002570,TXN00485955,ACCT100037858,ML_PATTERN_DETECTED,82,2023-04-29 06:50:59.043344
ALT0002571,TXN00499037,ACCT100003167,ML_PATTERN_DETECTED,84,2024-03-29 11:50:06.306042
ALT0002572,TXN00485909,ACCT100068400,ML_PATTERN_DETECTED,54,2024-08-28 19:54:06.027106
ALT0002573,TXN00483605,ACCT100014186,ML_PATTERN_DETECTED,90,2023-12-18 17:09:14.702301
ALT0002574,TXN00478263,ACCT100006201,ML_PATTERN_DETECTED,54,2023-09-30 12:11:51.032862
ALT0002575,TXN00475804,ACCT100062880,ML_PATTERN_DETECTED,91,2024-10-18 13:17:22.618857
ALT0002576,TXN00476874,ACCT100040467,ML_PATTERN_DETECTED,79,2023-03-21 17:39:22.721006
ALT0002577,TXN00493772,ACCT100094633,ML_PATTERN_DETECTED,70,2024-07-19 12:34:11.906688
ALT0002578,TXN00494775,ACCT100035893,ML_PATTERN_DETECTED,52,2023-08-04 19:41:29.081795
ALT0002579,TXN00497455,ACCT100082128,ML_PATTERN_DETECTED,58,2023-06-03 00:17:29.398947
ALT0002580,TXN00496291,ACCT100067959,ML_PATTERN_DETECTED,85,2024-08-13 21:57:48.486169
ALT0002581,TXN00493230,ACCT100057556,ML_PATTERN_DETECTED,73,2024-09-14 20:11:32.663016
ALT0002582,TXN00498244,ACCT100048316,ML_PATTERN_DETECTED,53,2023-03-02 15:34:04.729786
ALT0002583,TXN00486700,ACCT100082849,ML_PATTERN_DETECTED,64,2023-11-13 18:36:35.519248
ALT0002584,TXN00403819,ACCT100055371,HIGH_VALUE_TXN,65,2024-12-01 15:52:25.340486
ALT0002585,TXN00492651,ACCT100078363,ML_PATTERN_DETECTED,51,2024-06-11 04:13:16.132532
ALT0002586,TXN00496214,ACCT100097757,ML_PATTERN_DETECTED,67,2023-04-21 18:19:24.523333
ALT0002587,TXN00479073,ACCT100074698,ML_PATTERN_DETECTED,79,2024-03-22 11:25:56.428793
ALT0002588,TXN00478879,ACCT100097735,ML_PATTERN_DETECTED,51,2023-11-21 10:53:19.022391
ALT0002589,TXN00491055,ACCT100041725,ML_PATTERN_DETECTED,89,2024-01-18 16:52:54.261424
ALT0002590,TXN00484733,ACCT100067107,ML_PATTERN_DETECTED,81,2023-06-22 14:41:59.373004
ALT0002591,TXN00482769,ACCT100084634,ML_PATTERN_DETECTED,90,2023-07-10 14:20:58.821337
ALT0002592,TXN00478266,ACCT100029292,ML_PATTERN_DETECTED,80,2023-11-23 13:34:06.669106
ALT0002593,TXN00475533,ACCT100002808,ML_PATTERN_DETECTED,69,2023-07-28 23:47:51.961519
ALT0002594,TXN00481579,ACCT100079812,ML_PATTERN_DETECTED,58,2023-10-17 07:56:40.047498
ALT0002595,TXN00489145,ACCT100013650,ML_PATTERN_DETECTED,82,2023-07-15 09:02:11.250025
ALT0002596,TXN00498148,ACCT100061004,ML_PATTERN_DETECTED,57,2023-08-27 07:39:28.522712
ALT0002597,TXN00480449,ACCT100035222,ML_PATTERN_DETECTED,63,2024-04-23 20:55:07.665833
ALT0002598,TXN00495723,ACCT100085062,ML_PATTERN_DETECTED,87,2023-11-25 06:48:45.066320
ALT0002599,TXN00475148,ACCT100042259,ML_PATTERN_DETECTED,86,2024-03-21 03:12:15.785764
ALT0002600,TXN00481081,ACCT100011984,ML_PATTERN_DETECTED,71,2023-07-01 19:08:22.551697
ALT0002601,TXN00493666,ACCT100089794,ML_PATTERN_DETECTED,70,2023-12-05 17:22:00.338513
ALT0002602,TXN00484533,ACCT100032380,ML_PATTERN_DETECTED,77,2024-12-14 02:34:41.700901
ALT0002603,TXN00485709,ACCT100070305,ML_PATTERN_DETECTED,80,2023-01-21 13:43:52.039441
ALT0002604,TXN00476999,ACCT100087861,ML_PATTERN_DETECTED,65,2024-11-15 07:28:57.783588
ALT0002605,TXN00484084,ACCT100088420,ML_PATTERN_DETECTED,96,2023-07-05 16:08:55.120804
ALT0002606,TXN00492527,ACCT100055988,ML_PATTERN_DETECTED,77,2024-06-19 03:48:27.889214
ALT0002607,TXN00491234,ACCT100079899,ML_PATTERN_DETECTED,96,2023-05-08 06:43:05.202266
ALT0002608,TXN00486787,ACCT100038973,ML_PATTERN_DETECTED,77,2024-08-03 04:39:23.428141
ALT0002609,TXN00478543,ACCT100095277,ML_PATTERN_DETECTED,61,2023-05-28 19:36:19.925566
ALT0002610,TXN00490915,ACCT100021590,ML_PATTERN_DETECTED,85,2024-03-09 19:04:12.844164
ALT0002611,TXN00482079,ACCT100089717,ML_PATTERN_DETECTED,87,2023-11-09 21:03:41.109643
ALT0002612,TXN00477212,ACCT100054546,ML_PATTERN_DETECTED,76,2024-02-07 22:26:15.163816
ALT0002613,TXN00498262,ACCT100066848,ML_PATTERN_DETECTED,93,2024-03-09 03:33:45.817573
ALT0002614,TXN00491371,ACCT100014959,ML_PATTERN_DETECTED,50,2023-07-20 07:47:14.603812
ALT0002615,TXN00498517,ACCT100062874,ML_PATTERN_DETECTED,73,2024-11-02 04:29:52.888296
ALT0002616,TXN00498728,ACCT100038201,ML_PATTERN_DETECTED,50,2024-10-15 17:52:37.673128
ALT0002617,TXN00484174,ACCT100024562,ML_PATTERN_DETECTED,55,2023-09-22 03:56:35.732184
ALT0002618,TXN00483991,ACCT100098763,ML_PATTERN_DETECTED,80,2023-05-31 15:10:38.198134
ALT0002619,TXN00496135,ACCT100008539,ML_PATTERN_DETECTED,52,2024-09-09 01:04:22.448046
ALT0002620,TXN00478688,ACCT100058968,ML_PATTERN_DETECTED,96,2023-06-05 11:15:21.009650
ALT0002621,TXN00476314,ACCT100048952,ML_PATTERN_DETECTED,55,2023-03-22 02:04:31.478767
ALT0002622,TXN00495247,ACCT100028149,ML_PATTERN_DETECTED,57,2023-01-06 17:50:55.950595
ALT0002623,TXN00488706,ACCT100041030,ML_PATTERN_DETECTED,79,2024-02-18 18:52:20.987441
ALT0002624,TXN00492932,ACCT100004645,ML_PATTERN_DETECTED,66,2023-07-03 23:26:52.215676
ALT0002625,TXN00480433,ACCT100098291,ML_PATTERN_DETECTED,88,2024-08-29 02:40:09.930675
ALT0002626,TXN00495569,ACCT100068604,ML_PATTERN_DETECTED,76,2024-05-17 15:48:05.453100
ALT0002627,TXN00491382,ACCT100045955,ML_PATTERN_DETECTED,66,2024-03-08 03:22:22.779353
ALT0002628,TXN00478621,ACCT100036728,ML_PATTERN_DETECTED,72,2024-05-10 12:56:04.523908
ALT0002629,TXN00487269,ACCT100031959,ML_PATTERN_DETECTED,58,2024-11-16 01:21:19.002563
ALT0002630,TXN00479234,ACCT100024763,ML_PATTERN_DETECTED,52,2023-09-04 18:53:12.217200
ALT0002631,TXN00478344,ACCT100003632,ML_PATTERN_DETECTED,90,2024-03-12 05:35:13.332502
ALT0002632,TXN00479018,ACCT100010855,ML_PATTERN_DETECTED,55,2023-08-16 09:45:48.716637
ALT0002633,TXN00476013,ACCT100008850,ML_PATTERN_DETECTED,93,2023-01-01 07:00:35.343022
ALT0002634,TXN00478747,ACCT100054461,ML_PATTERN_DETECTED,86,2024-09-18 20:43:26.232743
ALT0002635,TXN00495819,ACCT100088254,ML_PATTERN_DETECTED,61,2024-02-16 22:31:36.111399
ALT0002636,TXN00493804,ACCT100075251,ML_PATTERN_DETECTED,70,2023-11-06 17:53:55.616690
ALT0002637,TXN00498503,ACCT100074523,ML_PATTERN_DETECTED,66,2024-03-05 08:11:41.609039
ALT0002638,TXN00480819,ACCT100001566,ML_PATTERN_DETECTED,73,2023-10-15 01:20:58.137794
ALT0002639,TXN00486371,ACCT100046592,ML_PATTERN_DETECTED,56,2023-11-13 07:18:50.905076
ALT0002640,TXN00492585,ACCT100018426,ML_PATTERN_DETECTED,67,2023-08-24 15:20:00.513573
ALT0002641,TXN00493330,ACCT100087893,ML_PATTERN_DETECTED,60,2023-05-17 20:05:13.584425
ALT0002642,TXN00483399,ACCT100070370,ML_PATTERN_DETECTED,55,2024-01-26 11:47:13.389642
ALT0002643,TXN00492488,ACCT100010349,ML_PATTERN_DETECTED,89,2024-01-07 13:19:01.133457
ALT0002644,TXN00485302,ACCT100057755,ML_PATTERN_DETECTED,90,2023-03-05 00:35:09.549261
ALT0002645,TXN00482343,ACCT100050431,ML_PATTERN_DETECTED,94,2024-07-15 18:16:37.113626
ALT0002646,TXN00483321,ACCT100051885,ML_PATTERN_DETECTED,69,2024-10-20 21:58:29.644574
ALT0002647,TXN00494597,ACCT100078091,ML_PATTERN_DETECTED,70,2023-11-16 05:51:09.006728
ALT0002648,TXN00495330,ACCT100010933,ML_PATTERN_DETECTED,53,2024-12-28 13:04:20.758732
ALT0002649,TXN00496189,ACCT100049667,ML_PATTERN_DETECTED,88,2024-05-08 16:48:17.669213
ALT0002650,TXN00477790,ACCT100083262,ML_PATTERN_DETECTED,52,2023-05-30 20:52:35.583969
ALT0002651,TXN00489616,ACCT100072302,ML_PATTERN_DETECTED,98,2023-12-30 07:08:13.348576
ALT0002652,TXN00489268,ACCT100027336,ML_PATTERN_DETECTED,55,2023-12-02 06:12:14.458212
ALT0002653,TXN00483203,ACCT100078275,ML_PATTERN_DETECTED,90,2024-06-06 18:25:35.297786
ALT0002654,TXN00483905,ACCT100080125,ML_PATTERN_DETECTED,59,2023-05-26 15:00:38.722208
ALT0002655,TXN00478329,ACCT100077901,ML_PATTERN_DETECTED,72,2024-11-28 03:00:29.303155
ALT0002656,TXN00491468,ACCT100057001,ML_PATTERN_DETECTED,89,2024-05-24 00:24:21.427487
ALT0002657,TXN00476968,ACCT100068492,ML_PATTERN_DETECTED,60,2023-10-05 18:50:30.835902
ALT0002658,TXN00482252,ACCT100004464,ML_PATTERN_DETECTED,75,2023-03-17 06:45:46.214760
ALT0002659,TXN00477550,ACCT100098668,ML_PATTERN_DETECTED,66,2024-01-10 02:51:16.426065
ALT0002660,TXN00482461,ACCT100003166,ML_PATTERN_DETECTED,78,2023-06-15 21:22:59.202084
ALT0002661,TXN00477298,ACCT100012942,ML_PATTERN_DETECTED,98,2023-09-10 20:12:18.512877
ALT0002662,TXN00475853,ACCT100089276,ML_PATTERN_DETECTED,92,2023-08-16 15:04:35.728391
ALT0002663,TXN00486392,ACCT100074103,ML_PATTERN_DETECTED,96,2023-11-18 10:04:19.269018
ALT0002664,TXN00486457,ACCT100058349,ML_PATTERN_DETECTED,78,2024-04-04 13:18:42.015617
ALT0002665,TXN00486766,ACCT100020900,ML_PATTERN_DETECTED,76,2023-06-02 16:08:31.955009
ALT0002666,TXN00499239,ACCT100038747,ML_PATTERN_DETECTED,98,2023-02-01 03:16:45.422133
ALT0002667,TXN00483726,ACCT100004002,ML_PATTERN_DETECTED,60,2024-07-24 20:19:38.875899
ALT0002668,TXN00475017,ACCT100059842,ML_PATTERN_DETECTED,90,2023-07-29 19:44:55.248976
ALT0002669,TXN00488353,ACCT100072642,ML_PATTERN_DETECTED,87,2024-04-12 19:31:42.755340
ALT0002670,TXN00485224,ACCT100018428,ML_PATTERN_DETECTED,96,2023-02-10 17:44:50.835253
ALT0002671,TXN00494567,ACCT100010908,ML_PATTERN_DETECTED,73,2024-10-11 01:01:16.876696
ALT0002672,TXN00480610,ACCT100068300,ML_PATTERN_DETECTED,59,2024-11-09 09:50:11.778825
ALT0002673,TXN00490344,ACCT100000662,ML_PATTERN_DETECTED,68,2023-07-22 16:08:02.315495
ALT0002674,TXN00495441,ACCT100066289,ML_PATTERN_DETECTED,80,2023-05-05 17:51:15.006005
ALT0002675,TXN00485392,ACCT100038105,ML_PATTERN_DETECTED,89,2023-06-06 13:45:21.708749
ALT0002676,TXN00487319,ACCT100005381,ML_PATTERN_DETECTED,56,2024-06-22 12:51:18.054478
ALT0002677,TXN00476991,ACCT100015782,ML_PATTERN_DETECTED,62,2024-06-15 21:22:00.861451
ALT0002678,TXN00489647,ACCT100074808,ML_PATTERN_DETECTED,85,2024-09-17 21:57:25.433328
ALT0002679,TXN00489177,ACCT100056678,ML_PATTERN_DETECTED,77,2023-06-30 11:18:17.085500
ALT0002680,TXN00496979,ACCT100072921,ML_PATTERN_DETECTED,78,2024-05-04 01:53:50.460797
ALT0002681,TXN00494132,ACCT100060052,ML_PATTERN_DETECTED,72,2024-10-19 02:19:37.113003
ALT0002682,TXN00489299,ACCT100026117,ML_PATTERN_DETECTED,86,2024-03-31 08:54:15.993665
ALT0002683,TXN00498764,ACCT100053199,ML_PATTERN_DETECTED,72,2024-12-14 09:04:48.931135
ALT0002684,TXN00483571,ACCT100035920,ML_PATTERN_DETECTED,86,2024-02-02 01:29:06.304115
ALT0002685,TXN00491969,ACCT100003220,ML_PATTERN_DETECTED,59,2023-11-05 16:44:26.252393
ALT0002686,TXN00480421,ACCT100033672,ML_PATTERN_DETECTED,64,2023-11-15 15:36:17.193065
ALT0002687,TXN00476760,ACCT100062288,ML_PATTERN_DETECTED,83,2024-02-28 14:34:39.435345
ALT0002688,TXN00476736,ACCT100027565,ML_PATTERN_DETECTED,57,2024-05-28 08:18:27.069294
ALT0002689,TXN00475331,ACCT100042950,ML_PATTERN_DETECTED,83,2024-03-29 14:09:12.710311
ALT0002690,TXN00475677,ACCT100041055,ML_PATTERN_DETECTED,81,2023-08-11 15:39:20.596160
ALT0002691,TXN00475261,ACCT100013007,ML_PATTERN_DETECTED,51,2023-04-14 14:42:28.684378
ALT0002692,TXN00489389,ACCT100053079,ML_PATTERN_DETECTED,50,2023-11-21 05:32:01.449996
ALT0002693,TXN00480930,ACCT100048458,ML_PATTERN_DETECTED,85,2024-10-13 06:18:15.950243
ALT0002694,TXN00496156,ACCT100008011,ML_PATTERN_DETECTED,68,2024-04-28 15:07:32.329448
ALT0002695,TXN00496150,ACCT100057506,ML_PATTERN_DETECTED,73,2024-10-21 04:49:18.881407
ALT0002696,TXN00493944,ACCT100086779,ML_PATTERN_DETECTED,96,2023-08-10 11:52:19.324589
ALT0002697,TXN00498939,ACCT100001007,ML_PATTERN_DETECTED,69,2023-07-01 08:30:45.986258
ALT0002698,TXN00487388,ACCT100083742,ML_PATTERN_DETECTED,76,2023-08-29 06:45:25.973017
ALT0002699,TXN00480795,ACCT100074371,ML_PATTERN_DETECTED,64,2024-01-07 13:33:14.297876
ALT0002700,TXN00485175,ACCT100070969,ML_PATTERN_DETECTED,98,2024-06-06 03:08:53.115427
ALT0002701,TXN00488633,ACCT100022832,ML_PATTERN_DETECTED,91,2023-02-02 05:00:09.297176
ALT0002702,TXN00493352,ACCT100028518,ML_PATTERN_DETECTED,55,2023-10-04 23:07:56.454205
ALT0002703,TXN00494237,ACCT100075627,ML_PATTERN_DETECTED,76,2024-03-18 11:13:01.572856
ALT0002704,TXN00497971,ACCT100009934,ML_PATTERN_DETECTED,63,2023-06-01 19:30:46.733348
ALT0002705,TXN00492961,ACCT100001998,ML_PATTERN_DETECTED,65,2023-01-20 08:18:09.413787
ALT0002706,TXN00496886,ACCT100092585,ML_PATTERN_DETECTED,86,2023-11-12 04:39:38.941786
ALT0002707,TXN00484684,ACCT100062653,ML_PATTERN_DETECTED,69,2023-09-10 15:31:55.345816
ALT0002708,TXN00492802,ACCT100017400,ML_PATTERN_DETECTED,77,2024-03-01 15:33:59.192199
ALT0002709,TXN00494268,ACCT100048996,ML_PATTERN_DETECTED,57,2023-03-15 14:52:56.693483
ALT0002710,TXN00484194,ACCT100006791,ML_PATTERN_DETECTED,51,2023-08-26 06:08:37.535688
ALT0002711,TXN00487455,ACCT100008160,ML_PATTERN_DETECTED,60,2023-04-06 09:10:14.694843
ALT0002712,TXN00491818,ACCT100062757,ML_PATTERN_DETECTED,70,2023-03-22 15:46:49.812127
ALT0002713,TXN00487353,ACCT100015311,ML_PATTERN_DETECTED,81,2024-05-27 00:37:56.591898
ALT0002714,TXN00477799,ACCT100092778,ML_PATTERN_DETECTED,57,2023-06-09 08:03:37.366295
ALT0002715,TXN00476259,ACCT100029631,ML_PATTERN_DETECTED,68,2024-12-14 18:35:51.078274
ALT0002716,TXN00491361,ACCT100093834,ML_PATTERN_DETECTED,88,2024-05-12 00:34:08.824357
ALT0002717,TXN00491501,ACCT100040229,ML_PATTERN_DETECTED,86,2024-03-01 06:30:04.718853
ALT0002718,TXN00496984,ACCT100042280,ML_PATTERN_DETECTED,58,2024-10-27 19:41:55.996425
ALT0002719,TXN00480096,ACCT100044078,ML_PATTERN_DETECTED,65,2023-06-19 12:12:53.397791
ALT0002720,TXN00475299,ACCT100099044,ML_PATTERN_DETECTED,85,2023-02-26 07:25:39.241342
ALT0002721,TXN00489931,ACCT100007500,ML_PATTERN_DETECTED,93,2024-03-04 20:19:45.379529
ALT0002722,TXN00487748,ACCT100075235,ML_PATTERN_DETECTED,73,2024-01-01 20:41:07.379678
ALT0002723,TXN00481200,ACCT100064264,ML_PATTERN_DETECTED,79,2024-12-26 07:26:51.423725
ALT0002724,TXN00496105,ACCT100095582,ML_PATTERN_DETECTED,81,2024-05-06 20:02:57.356825
ALT0002725,TXN00490335,ACCT100097893,ML_PATTERN_DETECTED,79,2024-11-27 15:38:27.282216
ALT0002726,TXN00486925,ACCT100004472,ML_PATTERN_DETECTED,50,2023-03-11 07:59:11.306541
ALT0002727,TXN00496186,ACCT100026603,ML_PATTERN_DETECTED,83,2024-02-23 02:16:29.495790
ALT0002728,TXN00486900,ACCT100079958,ML_PATTERN_DETECTED,69,2024-06-18 02:49:23.445524
ALT0002729,TXN00499891,ACCT100012467,ML_PATTERN_DETECTED,69,2024-03-12 00:08:26.778537
ALT0002730,TXN00484237,ACCT100051637,ML_PATTERN_DETECTED,68,2024-02-04 03:52:01.275685
ALT0002731,TXN00480426,ACCT100084963,ML_PATTERN_DETECTED,64,2023-03-18 06:04:38.279490
ALT0002732,TXN00477482,ACCT100098202,ML_PATTERN_DETECTED,53,2024-09-21 01:10:46.652916
ALT0002733,TXN00476130,ACCT100000431,ML_PATTERN_DETECTED,80,2024-05-26 09:29:57.966651
ALT0002734,TXN00487658,ACCT100044208,ML_PATTERN_DETECTED,73,2023-07-31 17:05:32.469265
ALT0002735,TXN00495154,ACCT100037358,ML_PATTERN_DETECTED,91,2024-04-11 09:56:47.310718
ALT0002736,TXN00495315,ACCT100094275,ML_PATTERN_DETECTED,89,2023-02-14 13:59:29.693354
ALT0002737,TXN00495655,ACCT100011443,ML_PATTERN_DETECTED,76,2024-04-24 15:40:42.346650
ALT0002738,TXN00490284,ACCT100084614,ML_PATTERN_DETECTED,61,2024-07-23 02:04:07.479942
ALT0002739,TXN00484964,ACCT100070861,ML_PATTERN_DETECTED,56,2023-05-26 10:04:28.159853
ALT0002740,TXN00488907,ACCT100043176,ML_PATTERN_DETECTED,75,2024-11-11 09:24:51.144075
ALT0002741,TXN00492047,ACCT100066235,ML_PATTERN_DETECTED,61,2023-12-14 16:57:41.788074
ALT0002742,TXN00493601,ACCT100022133,ML_PATTERN_DETECTED,87,2024-08-29 02:47:51.712940
ALT0002743,TXN00495796,ACCT100075310,ML_PATTERN_DETECTED,98,2023-09-18 01:52:32.305048
ALT0002744,TXN00485835,ACCT100068719,ML_PATTERN_DETECTED,63,2024-04-11 08:42:35.478098
ALT0002745,TXN00483828,ACCT100093904,ML_PATTERN_DETECTED,84,2023-10-11 16:50:29.285330
ALT0002746,TXN00498260,ACCT100027673,ML_PATTERN_DETECTED,69,2023-01-15 03:20:35.746930
ALT0002747,TXN00490516,ACCT100024193,ML_PATTERN_DETECTED,80,2023-05-23 05:16:47.942365
ALT0002748,TXN00487313,ACCT100011967,ML_PATTERN_DETECTED,71,2023-10-24 16:09:19.014573
ALT0002749,TXN00493515,ACCT100087197,ML_PATTERN_DETECTED,52,2023-07-01 20:17:01.721285
ALT0002750,TXN00487843,ACCT100045169,ML_PATTERN_DETECTED,71,2023-12-17 17:47:21.320747
ALT0002751,TXN00496807,ACCT100049131,ML_PATTERN_DETECTED,91,2023-01-24 23:09:17.004418
ALT0002752,TXN00492824,ACCT100028867,ML_PATTERN_DETECTED,56,2024-04-16 01:18:37.741470
ALT0002753,TXN00479253,ACCT100034133,ML_PATTERN_DETECTED,60,2024-07-23 05:29:03.130249
ALT0002754,TXN00490763,ACCT100008930,ML_PATTERN_DETECTED,64,2024-09-22 06:53:35.066349
ALT0002755,TXN00499604,ACCT100087155,ML_PATTERN_DETECTED,52,2024-07-11 10:19:16.197310
ALT0002756,TXN00499545,ACCT100072612,ML_PATTERN_DETECTED,70,2023-10-10 12:14:13.546365
ALT0002757,TXN00487505,ACCT100049106,ML_PATTERN_DETECTED,92,2023-07-29 06:23:32.160931
ALT0002758,TXN00486234,ACCT100032032,ML_PATTERN_DETECTED,86,2024-04-21 04:22:51.771751
ALT0002759,TXN00486977,ACCT100020700,ML_PATTERN_DETECTED,53,2023-02-21 07:55:44.342098
ALT0002760,TXN00481500,ACCT100000469,ML_PATTERN_DETECTED,95,2024-11-12 05:27:11.897947
ALT0002761,TXN00487657,ACCT100068405,ML_PATTERN_DETECTED,91,2024-10-18 05:30:56.417042
ALT0002762,TXN00487643,ACCT100044510,ML_PATTERN_DETECTED,97,2024-10-20 15:17:03.153604
ALT0002763,TXN00495282,ACCT100092297,ML_PATTERN_DETECTED,75,2024-06-14 10:36:27.441719
ALT0002764,TXN00478642,ACCT100023077,ML_PATTERN_DETECTED,61,2024-05-07 10:21:27.559281
ALT0002765,TXN00480173,ACCT100029260,ML_PATTERN_DETECTED,74,2024-04-10 17:42:07.027325
ALT0002766,TXN00475002,ACCT100099876,ML_PATTERN_DETECTED,93,2023-08-04 17:49:11.383135
ALT0002767,TXN00488864,ACCT100056487,ML_PATTERN_DETECTED,75,2023-11-03 03:42:06.242229
ALT0002768,TXN00497136,ACCT100050992,ML_PATTERN_DETECTED,72,2023-12-02 11:10:36.952000
ALT0002769,TXN00495906,ACCT100062732,ML_PATTERN_DETECTED,76,2024-04-03 01:54:55.136587
ALT0002770,TXN00475422,ACCT100010188,ML_PATTERN_DETECTED,56,2023-12-25 04:48:05.568837
ALT0002771,TXN00490827,ACCT100008692,ML_PATTERN_DETECTED,70,2024-01-02 18:08:58.720675
ALT0002772,TXN00496058,ACCT100087603,ML_PATTERN_DETECTED,74,2023-08-17 16:50:50.987482
ALT0002773,TXN00491709,ACCT100042181,ML_PATTERN_DETECTED,52,2024-06-18 09:23:29.787117
ALT0002774,TXN00496044,ACCT100040136,ML_PATTERN_DETECTED,87,2023-07-08 23:29:42.276762
ALT0002775,TXN00495416,ACCT100087460,ML_PATTERN_DETECTED,98,2023-11-03 17:18:25.881257
ALT0002776,TXN00480774,ACCT100019388,ML_PATTERN_DETECTED,77,2024-08-08 20:36:55.971603
ALT0002777,TXN00486010,ACCT100032878,ML_PATTERN_DETECTED,88,2023-11-21 20:07:10.185905
ALT0002778,TXN00487370,ACCT100066086,ML_PATTERN_DETECTED,65,2024-01-03 04:06:25.406588
ALT0002779,TXN00491692,ACCT100066497,ML_PATTERN_DETECTED,85,2023-01-09 08:46:17.148947
ALT0002780,TXN00495735,ACCT100037944,ML_PATTERN_DETECTED,74,2023-10-22 00:34:55.185138
ALT0002781,TXN00475846,ACCT100096528,ML_PATTERN_DETECTED,51,2024-12-11 12:47:02.365832
ALT0002782,TXN00478158,ACCT100012385,ML_PATTERN_DETECTED,76,2023-08-18 07:00:54.575562
ALT0002783,TXN00493551,ACCT100059612,ML_PATTERN_DETECTED,68,2024-12-20 10:22:11.002045
ALT0002784,TXN00486018,ACCT100092798,ML_PATTERN_DETECTED,83,2023-03-15 11:31:49.535358
ALT0002785,TXN00484660,ACCT100010195,ML_PATTERN_DETECTED,75,2024-07-11 23:43:38.214906
ALT0002786,TXN00480412,ACCT100056825,ML_PATTERN_DETECTED,75,2024-08-29 04:42:07.418479
ALT0002787,TXN00488533,ACCT100044195,ML_PATTERN_DETECTED,80,2024-03-30 03:01:44.088736
ALT0002788,TXN00486430,ACCT100093013,ML_PATTERN_DETECTED,58,2023-03-14 21:11:01.939601
ALT0002789,TXN00489390,ACCT100082639,ML_PATTERN_DETECTED,93,2024-10-04 07:21:10.728969
ALT0002790,TXN00483395,ACCT100031490,ML_PATTERN_DETECTED,92,2023-06-27 15:38:54.992562
ALT0002791,TXN00490080,ACCT100035912,ML_PATTERN_DETECTED,87,2023-08-10 01:10:44.015082
ALT0002792,TXN00478374,ACCT100004730,ML_PATTERN_DETECTED,94,2023-11-28 01:10:47.782535
ALT0002793,TXN00499474,ACCT100066361,ML_PATTERN_DETECTED,90,2023-01-04 08:30:08.262672
ALT0002794,TXN00480987,ACCT100059075,ML_PATTERN_DETECTED,58,2024-08-22 15:13:26.885555
ALT0002795,TXN00484224,ACCT100055818,ML_PATTERN_DETECTED,70,2023-03-04 18:34:47.207367
ALT0002796,TXN00495842,ACCT100068318,ML_PATTERN_DETECTED,65,2023-08-14 21:25:58.758664
ALT0002797,TXN00489904,ACCT100077962,ML_PATTERN_DETECTED,72,2023-04-25 09:20:27.544377
ALT0002798,TXN00487706,ACCT100054016,ML_PATTERN_DETECTED,55,2024-09-25 20:10:55.765127
ALT0002799,TXN00484495,ACCT100061138,ML_PATTERN_DETECTED,84,2024-12-03 00:47:02.000769
ALT0002800,TXN00499355,ACCT100046870,ML_PATTERN_DETECTED,96,2024-10-17 17:57:58.340749
ALT0002801,TXN00499113,ACCT100059046,ML_PATTERN_DETECTED,89,2023-09-04 19:36:50.754858
ALT0002802,TXN00485636,ACCT100028987,ML_PATTERN_DETECTED,86,2023-11-10 11:03:58.327557
ALT0002803,TXN00481636,ACCT100014119,ML_PATTERN_DETECTED,63,2024-01-23 09:03:21.926843
ALT0002804,TXN00479108,ACCT100088727,ML_PATTERN_DETECTED,81,2024-08-20 02:29:24.556573
ALT0002805,TXN00482613,ACCT100077743,ML_PATTERN_DETECTED,84,2024-08-13 16:34:54.191916
ALT0002806,TXN00495467,ACCT100026613,ML_PATTERN_DETECTED,64,2023-08-05 21:21:19.928010
ALT0002807,TXN00480481,ACCT100062940,ML_PATTERN_DETECTED,71,2024-09-16 06:15:19.429249
ALT0002808,TXN00482171,ACCT100029941,ML_PATTERN_DETECTED,64,2023-09-11 12:42:35.655614
ALT0002809,TXN00494201,ACCT100089879,ML_PATTERN_DETECTED,70,2023-05-27 01:57:50.824349
ALT0002810,TXN00479100,ACCT100016312,ML_PATTERN_DETECTED,81,2024-04-09 14:31:22.109275
ALT0002811,TXN00484945,ACCT100074056,ML_PATTERN_DETECTED,66,2024-02-20 23:29:40.825531
ALT0002812,TXN00492272,ACCT100056393,ML_PATTERN_DETECTED,86,2024-09-22 14:08:29.618768
ALT0002813,TXN00491751,ACCT100053204,ML_PATTERN_DETECTED,54,2023-05-08 15:14:23.274487
ALT0002814,TXN00482540,ACCT100010593,ML_PATTERN_DETECTED,63,2024-03-23 22:34:18.605682
ALT0002815,TXN00484849,ACCT100068360,ML_PATTERN_DETECTED,96,2023-01-06 16:29:19.766843
ALT0002816,TXN00495474,ACCT100001337,ML_PATTERN_DETECTED,88,2024-10-04 23:33:18.151629
ALT0002817,TXN00478682,ACCT100088467,ML_PATTERN_DETECTED,87,2023-04-11 03:16:27.745031
ALT0002818,TXN00487784,ACCT100060515,ML_PATTERN_DETECTED,87,2023-02-22 07:37:49.174765
ALT0002819,TXN00477646,ACCT100088757,ML_PATTERN_DETECTED,97,2023-12-31 21:43:30.873035
ALT0002820,TXN00499673,ACCT100022498,ML_PATTERN_DETECTED,75,2023-11-17 10:28:33.420772
ALT0002821,TXN00477043,ACCT100092924,ML_PATTERN_DETECTED,73,2024-07-31 15:41:28.509439
ALT0002822,TXN00478470,ACCT100077293,ML_PATTERN_DETECTED,54,2024-04-05 05:26:29.525072
ALT0002823,TXN00479007,ACCT100023494,ML_PATTERN_DETECTED,75,2024-01-24 18:47:05.216401
ALT0002824,TXN00487257,ACCT100028612,ML_PATTERN_DETECTED,50,2023-06-26 14:15:09.766399
ALT0002825,TXN00494496,ACCT100045986,ML_PATTERN_DETECTED,58,2023-02-25 03:37:08.298033
ALT0002826,TXN00488295,ACCT100019634,ML_PATTERN_DETECTED,69,2023-03-22 23:51:02.594247
ALT0002827,TXN00482534,ACCT100012671,ML_PATTERN_DETECTED,60,2023-01-21 19:24:33.042758
ALT0002828,TXN00477193,ACCT100061805,ML_PATTERN_DETECTED,54,2023-09-10 07:09:05.571667
ALT0002829,TXN00479386,ACCT100015882,ML_PATTERN_DETECTED,52,2023-04-25 10:17:49.455645
ALT0002830,TXN00481020,ACCT100098626,ML_PATTERN_DETECTED,71,2023-11-17 01:32:03.879783
ALT0002831,TXN00491043,ACCT100000164,ML_PATTERN_DETECTED,78,2024-08-25 16:19:53.134855
ALT0002832,TXN00495321,ACCT100076435,ML_PATTERN_DETECTED,70,2024-08-30 15:35:58.403581
ALT0002833,TXN00494461,ACCT100027778,ML_PATTERN_DETECTED,80,2024-12-03 22:27:50.880979
ALT0002834,TXN00498086,ACCT100086866,ML_PATTERN_DETECTED,51,2023-04-13 10:29:15.574719
ALT0002835,TXN00499238,ACCT100092521,ML_PATTERN_DETECTED,84,2023-07-30 16:20:04.960404
ALT0002836,TXN00490178,ACCT100062394,ML_PATTERN_DETECTED,83,2023-01-03 05:30:47.479206
ALT0002837,TXN00481827,ACCT100079646,ML_PATTERN_DETECTED,82,2024-01-05 16:33:02.984410
ALT0002838,TXN00481756,ACCT100000559,ML_PATTERN_DETECTED,56,2023-04-15 01:36:55.620836
ALT0002839,TXN00478006,ACCT100098041,ML_PATTERN_DETECTED,86,2023-02-04 20:54:23.072778
ALT0002840,TXN00484687,ACCT100062723,ML_PATTERN_DETECTED,81,2024-01-23 22:50:42.664824
ALT0002841,TXN00478148,ACCT100072166,ML_PATTERN_DETECTED,54,2023-11-21 05:50:46.722195
ALT0002842,TXN00475328,ACCT100039965,ML_PATTERN_DETECTED,78,2024-05-23 15:08:40.645697
ALT0002843,TXN00475928,ACCT100076538,ML_PATTERN_DETECTED,68,2023-12-19 10:16:39.494734
ALT0002844,TXN00484766,ACCT100038535,ML_PATTERN_DETECTED,74,2023-11-09 20:38:05.604047
ALT0002845,TXN00484630,ACCT100054367,ML_PATTERN_DETECTED,65,2024-05-27 20:19:12.909371
ALT0002846,TXN00498545,ACCT100066592,ML_PATTERN_DETECTED,71,2023-08-15 04:52:22.664548
ALT0002847,TXN00476828,ACCT100076425,ML_PATTERN_DETECTED,55,2024-02-05 06:30:08.230978
ALT0002848,TXN00479553,ACCT100062377,ML_PATTERN_DETECTED,70,2024-11-25 00:24:49.334896
ALT0002849,TXN00499568,ACCT100036965,ML_PATTERN_DETECTED,96,2023-07-17 22:27:36.507015
ALT0002850,TXN00480493,ACCT100023432,ML_PATTERN_DETECTED,55,2024-01-23 08:00:08.280234
ALT0002851,TXN00477655,ACCT100066113,ML_PATTERN_DETECTED,72,2023-09-13 19:49:32.913425
ALT0002852,TXN00487196,ACCT100077292,ML_PATTERN_DETECTED,95,2024-12-01 09:11:57.028389
ALT0002853,TXN00488881,ACCT100058277,ML_PATTERN_DETECTED,98,2023-09-13 06:26:44.257234
ALT0002854,TXN00489166,ACCT100064320,ML_PATTERN_DETECTED,52,2024-11-29 08:27:38.244442
ALT0002855,TXN00489457,ACCT100015075,ML_PATTERN_DETECTED,58,2023-03-22 13:59:19.789884
ALT0002856,TXN00478048,ACCT100096673,ML_PATTERN_DETECTED,89,2024-08-05 12:51:10.121325
ALT0002857,TXN00485713,ACCT100025087,ML_PATTERN_DETECTED,63,2024-08-22 20:28:37.912809
ALT0002858,TXN00489746,ACCT100042532,ML_PATTERN_DETECTED,95,2024-02-10 02:14:44.059366
ALT0002859,TXN00475399,ACCT100080371,ML_PATTERN_DETECTED,52,2023-04-21 04:38:05.958071
ALT0002860,TXN00478680,ACCT100062260,ML_PATTERN_DETECTED,95,2023-07-04 11:07:53.207627
ALT0002861,TXN00478768,ACCT100088984,ML_PATTERN_DETECTED,50,2024-02-21 16:20:04.199358
ALT0002862,TXN00487008,ACCT100090138,ML_PATTERN_DETECTED,70,2023-10-27 01:21:14.596881
ALT0002863,TXN00495193,ACCT100074414,ML_PATTERN_DETECTED,91,2024-08-04 00:56:54.963218
ALT0002864,TXN00480611,ACCT100023473,ML_PATTERN_DETECTED,69,2023-04-19 14:44:09.782695
ALT0002865,TXN00475317,ACCT100004365,ML_PATTERN_DETECTED,82,2024-09-11 17:52:01.657171
ALT0002866,TXN00487471,ACCT100057316,ML_PATTERN_DETECTED,77,2024-12-10 09:57:55.225700
ALT0002867,TXN00493059,ACCT100017810,ML_PATTERN_DETECTED,50,2024-02-03 05:23:34.194385
ALT0002868,TXN00479177,ACCT100068148,ML_PATTERN_DETECTED,92,2024-09-26 09:09:03.563891
ALT0002869,TXN00493668,ACCT100069201,ML_PATTERN_DETECTED,60,2024-09-30 18:36:19.928449
ALT0002870,TXN00478796,ACCT100085526,ML_PATTERN_DETECTED,55,2024-06-10 20:51:03.007380
ALT0002871,TXN00477299,ACCT100070777,ML_PATTERN_DETECTED,71,2024-04-21 20:26:06.697392
ALT0002872,TXN00479850,ACCT100073283,ML_PATTERN_DETECTED,56,2024-07-05 17:44:49.168883
ALT0002873,TXN00478451,ACCT100071974,ML_PATTERN_DETECTED,78,2024-05-09 12:18:58.231099
ALT0002874,TXN00476266,ACCT100022668,ML_PATTERN_DETECTED,59,2024-12-01 18:08:59.811852
ALT0002875,TXN00489759,ACCT100019750,ML_PATTERN_DETECTED,61,2024-11-06 19:45:41.318304
ALT0002876,TXN00491351,ACCT100037096,ML_PATTERN_DETECTED,62,2023-06-09 12:23:22.670189
ALT0002877,TXN00497553,ACCT100047614,ML_PATTERN_DETECTED,55,2023-09-26 20:50:00.985602
ALT0002878,TXN00487229,ACCT100079363,ML_PATTERN_DETECTED,71,2023-11-21 09:17:04.811147
ALT0002879,TXN00476360,ACCT100088534,ML_PATTERN_DETECTED,76,2024-08-27 03:20:00.255670
ALT0002880,TXN00495945,ACCT100010088,ML_PATTERN_DETECTED,60,2023-05-02 15:07:46.117720
ALT0002881,TXN00482615,ACCT100068312,ML_PATTERN_DETECTED,89,2024-05-03 17:48:34.441921
ALT0002882,TXN00490247,ACCT100040938,ML_PATTERN_DETECTED,70,2024-05-25 23:31:45.862239
ALT0002883,TXN00481792,ACCT100049661,ML_PATTERN_DETECTED,74,2024-01-26 19:30:04.775529
ALT0002884,TXN00486095,ACCT100073555,ML_PATTERN_DETECTED,67,2024-11-07 07:40:00.898131
ALT0002885,TXN00476949,ACCT100052554,ML_PATTERN_DETECTED,63,2024-09-13 01:55:52.383436
ALT0002886,TXN00492594,ACCT100063644,ML_PATTERN_DETECTED,87,2023-02-10 21:36:10.116991
ALT0002887,TXN00475259,ACCT100092008,ML_PATTERN_DETECTED,78,2024-04-09 00:30:32.678312
ALT0002888,TXN00498498,ACCT100023079,ML_PATTERN_DETECTED,87,2023-08-06 18:26:04.066585
ALT0002889,TXN00475005,ACCT100066739,ML_PATTERN_DETECTED,80,2023-09-14 21:15:04.178811
ALT0002890,TXN00490175,ACCT100032931,ML_PATTERN_DETECTED,50,2024-12-13 17:17:39.162119
ALT0002891,TXN00495453,ACCT100022119,ML_PATTERN_DETECTED,74,2024-06-16 01:50:23.795172
ALT0002892,TXN00491272,ACCT100052937,ML_PATTERN_DETECTED,86,2024-05-11 04:12:09.600184
ALT0002893,TXN00485929,ACCT100067743,ML_PATTERN_DETECTED,84,2023-10-15 04:07:22.212892
ALT0002894,TXN00480325,ACCT100097099,ML_PATTERN_DETECTED,75,2023-04-15 18:41:28.057719
ALT0002895,TXN00476482,ACCT100053258,ML_PATTERN_DETECTED,52,2024-10-06 01:29:28.381769
ALT0002896,TXN00479193,ACCT100098620,ML_PATTERN_DETECTED,85,2024-08-17 07:49:43.128535
ALT0002897,TXN00499320,ACCT100045888,ML_PATTERN_DETECTED,88,2023-09-26 21:08:53.301610
ALT0002898,TXN00481451,ACCT100069887,ML_PATTERN_DETECTED,96,2023-04-15 01:43:35.495690
ALT0002899,TXN00492008,ACCT100063090,ML_PATTERN_DETECTED,61,2023-10-05 11:58:36.979085
ALT0002900,TXN00487986,ACCT100021058,ML_PATTERN_DETECTED,95,2023-11-18 11:03:25.713555
ALT0002901,TXN00495992,ACCT100018389,ML_PATTERN_DETECTED,54,2023-11-14 21:47:30.662458
ALT0002902,TXN00476228,ACCT100069739,ML_PATTERN_DETECTED,95,2024-08-04 16:43:28.960633
ALT0002903,TXN00493499,ACCT100034948,ML_PATTERN_DETECTED,81,2023-01-28 05:24:34.084835
ALT0002904,TXN00498463,ACCT100047077,ML_PATTERN_DETECTED,96,2024-01-29 22:38:56.853545
ALT0002905,TXN00499530,ACCT100088686,ML_PATTERN_DETECTED,59,2023-10-29 18:54:16.517391
ALT0002906,TXN00488944,ACCT100011976,ML_PATTERN_DETECTED,65,2023-12-04 22:20:41.081816
ALT0002907,TXN00497304,ACCT100093130,ML_PATTERN_DETECTED,75,2023-03-09 23:03:38.529570
ALT0002908,TXN00496766,ACCT100041902,ML_PATTERN_DETECTED,90,2024-11-26 08:15:15.436536
ALT0002909,TXN00495290,ACCT100031932,ML_PATTERN_DETECTED,81,2024-01-02 03:13:23.344145
ALT0002910,TXN00481452,ACCT100000842,ML_PATTERN_DETECTED,78,2024-07-21 23:40:23.597442
ALT0002911,TXN00482665,ACCT100052251,ML_PATTERN_DETECTED,81,2023-02-11 17:24:46.293694
ALT0002912,TXN00482036,ACCT100018120,ML_PATTERN_DETECTED,51,2024-08-26 19:28:56.639184
ALT0002913,TXN00475832,ACCT100068138,ML_PATTERN_DETECTED,51,2024-05-28 19:13:54.212033
ALT0002914,TXN00485827,ACCT100034869,ML_PATTERN_DETECTED,70,2023-08-25 17:29:22.270650
ALT0002915,TXN00496642,ACCT100029129,ML_PATTERN_DETECTED,65,2024-03-18 04:42:09.545013
ALT0002916,TXN00494360,ACCT100066223,ML_PATTERN_DETECTED,62,2024-01-13 09:55:17.732566
ALT0002917,TXN00494835,ACCT100028317,ML_PATTERN_DETECTED,71,2023-01-25 06:43:31.988240
ALT0002918,TXN00491667,ACCT100071577,ML_PATTERN_DETECTED,71,2023-11-18 11:37:12.125871
ALT0002919,TXN00496565,ACCT100059355,ML_PATTERN_DETECTED,81,2023-01-30 18:20:37.210954
ALT0002920,TXN00475270,ACCT100051530,ML_PATTERN_DETECTED,67,2024-09-11 06:44:32.546532
ALT0002921,TXN00480313,ACCT100024336,ML_PATTERN_DETECTED,61,2024-05-18 13:14:08.876731
ALT0002922,TXN00498137,ACCT100072752,ML_PATTERN_DETECTED,75,2024-08-20 03:30:17.198266
ALT0002923,TXN00486357,ACCT100058305,ML_PATTERN_DETECTED,83,2023-01-03 19:13:11.673602
ALT0002924,TXN00476810,ACCT100083120,ML_PATTERN_DETECTED,56,2024-05-05 15:27:43.440015
ALT0002925,TXN00499173,ACCT100066947,ML_PATTERN_DETECTED,96,2024-09-23 10:32:59.774260
ALT0002926,TXN00482945,ACCT100004224,ML_PATTERN_DETECTED,56,2024-03-06 01:08:15.464433
ALT0002927,TXN00482065,ACCT100037628,ML_PATTERN_DETECTED,84,2024-11-06 16:00:33.718326
ALT0002928,TXN00488356,ACCT100022324,ML_PATTERN_DETECTED,88,2024-06-04 03:52:37.555271
ALT0002929,TXN00477786,ACCT100007879,ML_PATTERN_DETECTED,74,2023-08-17 05:42:12.388439
ALT0002930,TXN00475683,ACCT100069559,ML_PATTERN_DETECTED,93,2024-02-18 01:23:58.047019
ALT0002931,TXN00494661,ACCT100073214,ML_PATTERN_DETECTED,51,2023-08-24 10:16:15.148881
ALT0002932,TXN00481486,ACCT100014626,ML_PATTERN_DETECTED,66,2023-04-13 19:14:42.061905
ALT0002933,TXN00498199,ACCT100083114,ML_PATTERN_DETECTED,85,2024-08-21 07:34:19.786974
ALT0002934,TXN00489920,ACCT100069210,ML_PATTERN_DETECTED,70,2023-11-01 10:04:52.355567
ALT0002935,TXN00488837,ACCT100044485,ML_PATTERN_DETECTED,98,2023-03-11 13:10:11.506886
ALT0002936,TXN00484367,ACCT100073107,ML_PATTERN_DETECTED,69,2023-04-16 00:01:47.895142
ALT0002937,TXN00488793,ACCT100043386,ML_PATTERN_DETECTED,57,2023-01-21 05:52:41.965680
ALT0002938,TXN00481820,ACCT100079997,ML_PATTERN_DETECTED,95,2024-08-20 23:18:15.116278
ALT0002939,TXN00485453,ACCT100035256,ML_PATTERN_DETECTED,98,2023-07-19 10:47:51.858898
ALT0002940,TXN00482860,ACCT100049325,ML_PATTERN_DETECTED,59,2024-03-13 03:28:53.853929
ALT0002941,TXN00481305,ACCT100016149,ML_PATTERN_DETECTED,66,2024-03-29 09:22:44.967775
ALT0002942,TXN00488998,ACCT100022155,ML_PATTERN_DETECTED,93,2024-09-22 18:42:44.393599
ALT0002943,TXN00487132,ACCT100063661,ML_PATTERN_DETECTED,78,2023-07-26 10:47:41.312732
ALT0002944,TXN00498752,ACCT100046443,ML_PATTERN_DETECTED,98,2023-12-12 03:42:33.360080
ALT0002945,TXN00483414,ACCT100029919,ML_PATTERN_DETECTED,52,2023-11-29 21:15:01.778437
ALT0002946,TXN00477593,ACCT100086973,ML_PATTERN_DETECTED,50,2024-02-15 21:26:28.943270
ALT0002947,TXN00480208,ACCT100078849,ML_PATTERN_DETECTED,87,2023-06-16 10:31:02.740841
ALT0002948,TXN00479221,ACCT100010763,ML_PATTERN_DETECTED,87,2023-08-14 22:51:44.852802
ALT0002949,TXN00492681,ACCT100048064,ML_PATTERN_DETECTED,70,2023-05-07 05:41:14.564104
ALT0002950,TXN00483136,ACCT100072309,ML_PATTERN_DETECTED,83,2024-08-09 05:23:29.515103
ALT0002951,TXN00487059,ACCT100045762,ML_PATTERN_DETECTED,66,2023-01-25 05:21:51.596777
ALT0002952,TXN00482516,ACCT100046965,ML_PATTERN_DETECTED,64,2023-11-10 03:11:31.604052
ALT0002953,TXN00496537,ACCT100064995,ML_PATTERN_DETECTED,81,2023-03-23 12:30:09.763317
ALT0002954,TXN00492378,ACCT100041456,ML_PATTERN_DETECTED,95,2024-12-12 15:55:38.183955
ALT0002955,TXN00493660,ACCT100017577,ML_PATTERN_DETECTED,81,2024-08-15 03:41:09.563455
ALT0002956,TXN00486641,ACCT100081513,ML_PATTERN_DETECTED,50,2023-10-25 13:15:56.095191
ALT0002957,TXN00488784,ACCT100064094,ML_PATTERN_DETECTED,75,2023-01-04 23:40:21.583823
ALT0002958,TXN00488905,ACCT100031426,ML_PATTERN_DETECTED,83,2024-02-12 10:47:11.418025
ALT0002959,TXN00489476,ACCT100003445,ML_PATTERN_DETECTED,54,2024-09-06 00:58:46.234903
ALT0002960,TXN00479939,ACCT100016661,ML_PATTERN_DETECTED,50,2024-01-09 06:36:45.080396
ALT0002961,TXN00491237,ACCT100031610,ML_PATTERN_DETECTED,67,2024-11-11 08:53:40.270180
ALT0002962,TXN00495397,ACCT100049796,ML_PATTERN_DETECTED,61,2024-10-18 04:32:15.417179
ALT0002963,TXN00493068,ACCT100033428,ML_PATTERN_DETECTED,91,2024-04-17 13:49:58.741006
ALT0002964,TXN00488472,ACCT100020302,ML_PATTERN_DETECTED,68,2024-01-27 09:30:31.932567
ALT0002965,TXN00485751,ACCT100062881,ML_PATTERN_DETECTED,71,2024-05-08 21:46:52.240621
ALT0002966,TXN00484092,ACCT100020827,ML_PATTERN_DETECTED,98,2024-05-18 12:06:26.501677
ALT0002967,TXN00480762,ACCT100010463,ML_PATTERN_DETECTED,60,2024-11-30 02:52:57.228524
ALT0002968,TXN00492800,ACCT100092795,ML_PATTERN_DETECTED,73,2023-06-22 07:30:31.881466
ALT0002969,TXN00476069,ACCT100086808,ML_PATTERN_DETECTED,82,2024-11-07 10:35:53.586022
ALT0002970,TXN00483488,ACCT100026953,ML_PATTERN_DETECTED,93,2024-11-30 10:39:07.494566
ALT0002971,TXN00493644,ACCT100075576,ML_PATTERN_DETECTED,58,2023-07-20 17:39:27.511753
ALT0002972,TXN00496302,ACCT100082890,ML_PATTERN_DETECTED,96,2023-01-01 04:10:37.250759
ALT0002973,TXN00482453,ACCT100061893,ML_PATTERN_DETECTED,61,2023-02-06 15:30:07.169760
ALT0002974,TXN00481218,ACCT100098194,ML_PATTERN_DETECTED,84,2024-01-20 00:28:40.883436
ALT0002975,TXN00487193,ACCT100089136,ML_PATTERN_DETECTED,83,2023-03-27 22:06:19.633052
ALT0002976,TXN00475439,ACCT100072539,ML_PATTERN_DETECTED,67,2024-12-18 20:03:19.374592
ALT0002977,TXN00497676,ACCT100049119,ML_PATTERN_DETECTED,90,2024-07-29 18:25:26.558914
ALT0002978,TXN00480928,ACCT100070866,ML_PATTERN_DETECTED,50,2024-12-14 05:21:19.074869
ALT0002979,TXN00475333,ACCT100049784,ML_PATTERN_DETECTED,59,2024-07-13 15:24:31.837000
ALT0002980,TXN00488368,ACCT100069555,ML_PATTERN_DETECTED,70,2024-05-09 02:28:59.654712
ALT0002981,TXN00484142,ACCT100040544,ML_PATTERN_DETECTED,52,2024-01-26 22:07:17.356465
ALT0002982,TXN00484348,ACCT100066666,ML_PATTERN_DETECTED,91,2024-01-19 08:49:49.681350
ALT0002983,TXN00481093,ACCT100067538,ML_PATTERN_DETECTED,90,2024-02-26 12:49:12.984159
ALT0002984,TXN00486970,ACCT100093609,ML_PATTERN_DETECTED,58,2024-09-14 01:06:19.455765
ALT0002985,TXN00483148,ACCT100065591,ML_PATTERN_DETECTED,68,2023-09-04 07:15:15.728974
ALT0002986,TXN00483990,ACCT100030874,ML_PATTERN_DETECTED,93,2024-05-13 10:29:36.779386
ALT0002987,TXN00492052,ACCT100086190,ML_PATTERN_DETECTED,55,2023-12-05 23:19:01.546781
ALT0002988,TXN00475357,ACCT100008511,ML_PATTERN_DETECTED,93,2023-10-07 21:02:35.435858
ALT0002989,TXN00487493,ACCT100046799,ML_PATTERN_DETECTED,95,2024-03-29 12:01:54.285137
ALT0002990,TXN00476230,ACCT100034011,ML_PATTERN_DETECTED,53,2024-07-22 19:28:26.269309
ALT0002991,TXN00497258,ACCT100019331,ML_PATTERN_DETECTED,58,2024-12-21 04:31:36.640092
ALT0002992,TXN00495327,ACCT100006724,ML_PATTERN_DETECTED,77,2023-11-22 23:20:30.566612
ALT0002993,TXN00477502,ACCT100056480,ML_PATTERN_DETECTED,70,2024-07-08 20:12:57.647891
ALT0002994,TXN00482416,ACCT100046921,ML_PATTERN_DETECTED,79,2023-02-07 21:55:09.790893
ALT0002995,TXN00481193,ACCT100075354,ML_PATTERN_DETECTED,93,2023-09-03 10:30:40.127606
ALT0002996,TXN00476304,ACCT100027305,ML_PATTERN_DETECTED,87,2023-07-11 06:53:14.542059
ALT0002997,TXN00498296,ACCT100036856,ML_PATTERN_DETECTED,50,2024-04-11 02:45:07.526593
ALT0002998,TXN00480959,ACCT100002878,ML_PATTERN_DETECTED,84,2023-01-12 03:42:39.216961
ALT0002999,TXN00485948,ACCT100013865,ML_PATTERN_DETECTED,67,2023-01-05 17:37:19.099921
ALT0003000,TXN00477200,ACCT100096961,ML_PATTERN_DETECTED,94,2024-04-16 14:20:14.941325
ALT0003001,TXN00493680,ACCT100018643,ML_PATTERN_DETECTED,55,2023-07-08 16:08:59.191194
ALT0003002,TXN00495303,ACCT100062546,ML_PATTERN_DETECTED,90,2023-01-28 19:45:40.710945
ALT0003003,TXN00477737,ACCT100000402,ML_PATTERN_DETECTED,74,2023-12-15 07:17:04.204852
ALT0003004,TXN00488156,ACCT100031017,ML_PATTERN_DETECTED,98,2024-11-30 00:57:34.404462
ALT0003005,TXN00477033,ACCT100050130,ML_PATTERN_DETECTED,87,2023-08-11 13:13:04.880376
ALT0003006,TXN00498412,ACCT100074847,ML_PATTERN_DETECTED,53,2023-12-25 12:14:01.943653
ALT0003007,TXN00491487,ACCT100030045,ML_PATTERN_DETECTED,53,2023-05-24 07:24:47.430220
ALT0003008,TXN00475430,ACCT100074045,ML_PATTERN_DETECTED,95,2024-02-17 14:46:49.409487
ALT0003009,TXN00478792,ACCT100030663,ML_PATTERN_DETECTED,87,2023-04-25 11:57:46.179043
ALT0003010,TXN00491082,ACCT100030153,ML_PATTERN_DETECTED,51,2023-07-25 22:28:04.384670
ALT0003011,TXN00487081,ACCT100005837,ML_PATTERN_DETECTED,53,2023-12-04 17:47:52.014666
ALT0003012,TXN00482604,ACCT100093616,ML_PATTERN_DETECTED,51,2023-07-08 18:47:32.880048
ALT0003013,TXN00496322,ACCT100032545,ML_PATTERN_DETECTED,95,2023-07-27 10:47:19.073553
ALT0003014,TXN00481698,ACCT100002052,ML_PATTERN_DETECTED,96,2023-12-22 23:49:15.697428
ALT0003015,TXN00485259,ACCT100031049,ML_PATTERN_DETECTED,55,2023-09-01 16:43:36.389802
ALT0003016,TXN00482742,ACCT100035402,ML_PATTERN_DETECTED,71,2024-12-13 19:32:16.445102
ALT0003017,TXN00494289,ACCT100001119,ML_PATTERN_DETECTED,87,2023-11-25 14:11:41.037333
ALT0003018,TXN00484740,ACCT100022662,ML_PATTERN_DETECTED,98,2024-10-20 02:52:09.833027
ALT0003019,TXN00496865,ACCT100058714,ML_PATTERN_DETECTED,74,2023-05-07 10:10:58.059807
ALT0003020,TXN00481121,ACCT100001302,ML_PATTERN_DETECTED,55,2024-02-19 05:27:09.631070
ALT0003021,TXN00482126,ACCT100041387,ML_PATTERN_DETECTED,90,2024-10-17 05:40:58.125139
ALT0003022,TXN00480951,ACCT100095569,ML_PATTERN_DETECTED,52,2023-01-27 21:48:44.420712
ALT0003023,TXN00493517,ACCT100072791,ML_PATTERN_DETECTED,69,2024-12-02 03:40:19.721708
ALT0003024,TXN00481025,ACCT100015762,ML_PATTERN_DETECTED,95,2024-02-03 16:50:43.762532
ALT0003025,TXN00491037,ACCT100084630,ML_PATTERN_DETECTED,58,2023-06-09 03:05:31.364329
ALT0003026,TXN00475983,ACCT100001529,ML_PATTERN_DETECTED,67,2023-01-21 08:26:15.821530
ALT0003027,TXN00482798,ACCT100094086,ML_PATTERN_DETECTED,59,2023-07-08 22:33:45.435188
ALT0003028,TXN00493922,ACCT100090648,ML_PATTERN_DETECTED,91,2024-08-16 15:39:56.888295
ALT0003029,TXN00492243,ACCT100095459,ML_PATTERN_DETECTED,76,2024-11-10 02:53:54.723383
ALT0003030,TXN00491119,ACCT100027756,ML_PATTERN_DETECTED,67,2024-05-10 06:59:16.777810
ALT0003031,TXN00489423,ACCT100025037,ML_PATTERN_DETECTED,70,2024-09-11 23:56:09.774912
ALT0003032,TXN00482296,ACCT100073279,ML_PATTERN_DETECTED,74,2023-03-04 05:14:20.516907
ALT0003033,TXN00493426,ACCT100052025,ML_PATTERN_DETECTED,72,2024-08-23 09:51:38.350592
ALT0003034,TXN00492983,ACCT100078992,ML_PATTERN_DETECTED,71,2023-01-12 19:20:42.736528
ALT0003035,TXN00495148,ACCT100027289,ML_PATTERN_DETECTED,54,2023-01-14 10:06:53.317234
ALT0003036,TXN00477352,ACCT100012307,ML_PATTERN_DETECTED,81,2024-07-03 13:24:49.130934
ALT0003037,TXN00485052,ACCT100054047,ML_PATTERN_DETECTED,74,2023-08-12 19:14:49.137560
ALT0003038,TXN00494709,ACCT100096571,ML_PATTERN_DETECTED,80,2023-03-16 16:17:42.092438
ALT0003039,TXN00480163,ACCT100096867,ML_PATTERN_DETECTED,71,2024-10-08 00:10:58.246085
ALT0003040,TXN00481477,ACCT100000770,ML_PATTERN_DETECTED,69,2023-04-13 16:13:26.876383
ALT0003041,TXN00493289,ACCT100071344,ML_PATTERN_DETECTED,85,2024-05-04 22:25:44.071532
ALT0003042,TXN00478234,ACCT100006032,ML_PATTERN_DETECTED,86,2023-08-17 17:03:55.952138
ALT0003043,TXN00492743,ACCT100014028,ML_PATTERN_DETECTED,95,2024-12-04 12:24:00.402562
ALT0003044,TXN00490330,ACCT100000967,ML_PATTERN_DETECTED,90,2024-03-24 10:51:20.880843
ALT0003045,TXN00488954,ACCT100050703,ML_PATTERN_DETECTED,76,2024-09-26 01:27:02.536072
ALT0003046,TXN00488432,ACCT100031826,ML_PATTERN_DETECTED,79,2024-04-22 13:20:04.255670
ALT0003047,TXN00484270,ACCT100003483,ML_PATTERN_DETECTED,58,2024-06-16 23:00:17.116701
ALT0003048,TXN00485386,ACCT100079851,ML_PATTERN_DETECTED,52,2024-01-30 05:31:30.711187
ALT0003049,TXN00476032,ACCT100087492,ML_PATTERN_DETECTED,85,2024-02-12 17:56:40.612895
ALT0003050,TXN00479897,ACCT100015615,ML_PATTERN_DETECTED,90,2023-01-30 11:34:34.617342
ALT0003051,TXN00493369,ACCT100027409,ML_PATTERN_DETECTED,53,2023-10-04 07:22:30.438717
ALT0003052,TXN00492750,ACCT100076422,ML_PATTERN_DETECTED,81,2024-01-06 18:12:06.062324
ALT0003053,TXN00482430,ACCT100033629,ML_PATTERN_DETECTED,83,2023-07-17 15:27:43.398296
ALT0003054,TXN00487141,ACCT100011472,ML_PATTERN_DETECTED,88,2024-07-15 15:18:42.046493
ALT0003055,TXN00482365,ACCT100018581,ML_PATTERN_DETECTED,92,2023-09-12 23:04:38.601252
ALT0003056,TXN00483906,ACCT100088508,ML_PATTERN_DETECTED,98,2023-10-07 16:41:38.928144
ALT0003057,TXN00496862,ACCT100073066,ML_PATTERN_DETECTED,58,2023-10-29 06:06:03.259194
ALT0003058,TXN00494897,ACCT100071652,ML_PATTERN_DETECTED,58,2023-01-02 05:46:50.256017
ALT0003059,TXN00486533,ACCT100034316,ML_PATTERN_DETECTED,53,2024-06-25 00:30:44.189625
ALT0003060,TXN00480307,ACCT100052380,ML_PATTERN_DETECTED,73,2024-11-07 14:20:41.968405
ALT0003061,TXN00477983,ACCT100001227,ML_PATTERN_DETECTED,81,2024-03-28 22:41:32.600034
ALT0003062,TXN00490060,ACCT100093146,ML_PATTERN_DETECTED,54,2024-03-08 09:24:51.994135
ALT0003063,TXN00497338,ACCT100021725,ML_PATTERN_DETECTED,86,2024-04-03 11:41:33.128415
ALT0003064,TXN00486506,ACCT100032725,ML_PATTERN_DETECTED,80,2024-10-02 03:04:02.695420
ALT0003065,TXN00478549,ACCT100000603,ML_PATTERN_DETECTED,89,2023-11-13 06:38:58.762098
ALT0003066,TXN00476224,ACCT100000833,ML_PATTERN_DETECTED,82,2024-06-04 23:56:43.284364
ALT0003067,TXN00485562,ACCT100006164,ML_PATTERN_DETECTED,96,2024-11-25 05:26:50.885652
ALT0003068,TXN00487249,ACCT100079017,ML_PATTERN_DETECTED,95,2024-10-20 01:16:47.993600
ALT0003069,TXN00497020,ACCT100082692,ML_PATTERN_DETECTED,60,2023-02-04 04:05:06.874228
ALT0003070,TXN00495490,ACCT100012866,ML_PATTERN_DETECTED,58,2023-12-14 22:36:11.667704
ALT0003071,TXN00499637,ACCT100077876,ML_PATTERN_DETECTED,96,2024-12-04 12:37:40.582053
ALT0003072,TXN00485417,ACCT100026716,ML_PATTERN_DETECTED,78,2024-12-06 18:31:18.513594
ALT0003073,TXN00499163,ACCT100015269,ML_PATTERN_DETECTED,67,2023-06-03 20:15:51.797981
ALT0003074,TXN00479358,ACCT100030987,ML_PATTERN_DETECTED,62,2023-06-23 18:30:53.023018
ALT0003075,TXN00481185,ACCT100072149,ML_PATTERN_DETECTED,57,2023-04-17 14:21:21.274479
ALT0003076,TXN00498611,ACCT100028674,ML_PATTERN_DETECTED,83,2023-04-25 11:42:53.604978
ALT0003077,TXN00478330,ACCT100014845,ML_PATTERN_DETECTED,52,2023-10-08 05:24:48.268963
ALT0003078,TXN00479949,ACCT100078168,ML_PATTERN_DETECTED,84,2024-10-30 01:43:36.705771
ALT0003079,TXN00499146,ACCT100068429,ML_PATTERN_DETECTED,70,2024-06-20 19:01:22.583785
ALT0003080,TXN00494021,ACCT100021121,ML_PATTERN_DETECTED,68,2024-01-25 03:20:37.077851
ALT0003081,TXN00482922,ACCT100075089,ML_PATTERN_DETECTED,94,2023-08-13 18:13:38.864821
ALT0003082,TXN00495384,ACCT100075252,ML_PATTERN_DETECTED,96,2023-05-27 02:07:00.453349
ALT0003083,TXN00492572,ACCT100090521,ML_PATTERN_DETECTED,79,2023-10-15 08:07:17.938221
ALT0003084,TXN00499372,ACCT100064331,ML_PATTERN_DETECTED,54,2024-04-18 11:46:28.392405
ALT0003085,TXN00494435,ACCT100014121,ML_PATTERN_DETECTED,70,2024-06-01 11:38:14.871449
ALT0003086,TXN00481338,ACCT100057992,ML_PATTERN_DETECTED,77,2023-02-21 13:13:03.089075
ALT0003087,TXN00476401,ACCT100041191,ML_PATTERN_DETECTED,56,2023-08-22 04:02:48.573658
ALT0003088,TXN00479204,ACCT100021587,ML_PATTERN_DETECTED,57,2023-11-10 15:54:20.161500
ALT0003089,TXN00477280,ACCT100023635,ML_PATTERN_DETECTED,74,2024-10-07 02:04:29.869308
ALT0003090,TXN00478403,ACCT100038387,ML_PATTERN_DETECTED,88,2023-11-05 11:54:22.898293
ALT0003091,TXN00478565,ACCT100007780,ML_PATTERN_DETECTED,93,2023-03-13 20:48:41.031076
ALT0003092,TXN00498832,ACCT100009149,ML_PATTERN_DETECTED,83,2024-01-07 16:31:04.045318
ALT0003093,TXN00483705,ACCT100030448,ML_PATTERN_DETECTED,77,2024-10-01 17:24:53.476354
ALT0003094,TXN00484212,ACCT100060128,ML_PATTERN_DETECTED,61,2023-01-15 03:18:43.012630
ALT0003095,TXN00483458,ACCT100038582,ML_PATTERN_DETECTED,56,2024-04-19 00:58:04.967191
ALT0003096,TXN00475616,ACCT100056718,ML_PATTERN_DETECTED,66,2023-05-21 05:12:21.711915
ALT0003097,TXN00497225,ACCT100046854,ML_PATTERN_DETECTED,65,2024-03-11 12:38:09.731005
ALT0003098,TXN00497880,ACCT100094973,ML_PATTERN_DETECTED,91,2023-07-07 12:19:04.484509
ALT0003099,TXN00480835,ACCT100055462,ML_PATTERN_DETECTED,54,2023-06-04 02:21:39.623462
ALT0003100,TXN00485623,ACCT100085669,ML_PATTERN_DETECTED,51,2024-05-14 18:14:59.838643
ALT0003101,TXN00492501,ACCT100038069,ML_PATTERN_DETECTED,67,2024-05-26 07:09:29.087299
ALT0003102,TXN00478446,ACCT100026302,ML_PATTERN_DETECTED,84,2024-08-07 13:16:57.473774
ALT0003103,TXN00499608,ACCT100054171,ML_PATTERN_DETECTED,78,2024-01-02 07:53:36.895012
ALT0003104,TXN00497335,ACCT100017457,ML_PATTERN_DETECTED,89,2024-06-11 00:28:10.206741
ALT0003105,TXN00478754,ACCT100010017,ML_PATTERN_DETECTED,69,2024-05-31 21:44:31.631608
ALT0003106,TXN00478056,ACCT100075995,ML_PATTERN_DETECTED,52,2024-07-16 13:52:37.901823
ALT0003107,TXN00494469,ACCT100008817,ML_PATTERN_DETECTED,70,2024-02-18 05:19:02.467903
ALT0003108,TXN00489084,ACCT100015650,ML_PATTERN_DETECTED,69,2023-11-09 22:48:24.855807
ALT0003109,TXN00479194,ACCT100073428,ML_PATTERN_DETECTED,85,2023-06-12 15:51:02.717103
ALT0003110,TXN00477341,ACCT100097704,ML_PATTERN_DETECTED,64,2024-07-19 20:06:27.748008
ALT0003111,TXN00497177,ACCT100037374,ML_PATTERN_DETECTED,54,2024-11-03 09:52:24.736735
ALT0003112,TXN00491225,ACCT100021305,ML_PATTERN_DETECTED,74,2023-08-20 09:00:20.519164
ALT0003113,TXN00480009,ACCT100016953,ML_PATTERN_DETECTED,59,2023-09-02 09:59:18.059729
ALT0003114,TXN00482705,ACCT100043315,ML_PATTERN_DETECTED,67,2024-07-15 22:44:36.960921
ALT0003115,TXN00484032,ACCT100007142,ML_PATTERN_DETECTED,54,2023-08-11 11:37:00.741122
ALT0003116,TXN00498595,ACCT100032012,ML_PATTERN_DETECTED,56,2023-01-27 10:04:44.052213
ALT0003117,TXN00485856,ACCT100055912,ML_PATTERN_DETECTED,88,2023-11-05 05:40:10.213131
ALT0003118,TXN00493361,ACCT100057857,ML_PATTERN_DETECTED,86,2024-12-02 22:36:37.853109
ALT0003119,TXN00499927,ACCT100079869,ML_PATTERN_DETECTED,67,2024-09-28 01:23:47.263899
ALT0003120,TXN00480055,ACCT100062685,ML_PATTERN_DETECTED,92,2023-12-29 00:18:50.270106
ALT0003121,TXN00497831,ACCT100024824,ML_PATTERN_DETECTED,93,2024-01-20 08:26:39.894772
ALT0003122,TXN00497359,ACCT100093876,ML_PATTERN_DETECTED,63,2024-10-11 04:03:31.044389
ALT0003123,TXN00491290,ACCT100033049,ML_PATTERN_DETECTED,60,2023-04-13 05:06:26.102522
ALT0003124,TXN00488590,ACCT100053225,ML_PATTERN_DETECTED,86,2023-06-16 13:42:03.008214
ALT0003125,TXN00493810,ACCT100092985,ML_PATTERN_DETECTED,84,2023-02-13 15:11:23.037870
ALT0003126,TXN00475405,ACCT100012940,ML_PATTERN_DETECTED,75,2023-02-24 19:50:36.814420
ALT0003127,TXN00482195,ACCT100031137,ML_PATTERN_DETECTED,77,2024-08-30 22:29:20.790152
ALT0003128,TXN00476054,ACCT100008065,ML_PATTERN_DETECTED,66,2023-06-11 16:41:10.894927
ALT0003129,TXN00483049,ACCT100003299,ML_PATTERN_DETECTED,83,2024-08-21 14:19:11.098864
ALT0003130,TXN00488870,ACCT100002622,ML_PATTERN_DETECTED,84,2024-05-26 19:42:02.056403
ALT0003131,TXN00485816,ACCT100039997,ML_PATTERN_DETECTED,73,2024-08-04 15:19:15.888157
ALT0003132,TXN00481456,ACCT100076629,ML_PATTERN_DETECTED,79,2024-06-25 16:06:51.507786
ALT0003133,TXN00497647,ACCT100068624,ML_PATTERN_DETECTED,92,2024-11-20 09:16:35.109183
ALT0003134,TXN00485403,ACCT100096741,ML_PATTERN_DETECTED,84,2024-03-20 20:02:42.030767
ALT0003135,TXN00477282,ACCT100075897,ML_PATTERN_DETECTED,91,2023-10-28 15:02:18.225715
ALT0003136,TXN00486608,ACCT100028494,ML_PATTERN_DETECTED,80,2023-05-30 21:41:21.865337
ALT0003137,TXN00491668,ACCT100030806,ML_PATTERN_DETECTED,50,2023-05-13 07:04:43.003510
ALT0003138,TXN00495691,ACCT100098101,ML_PATTERN_DETECTED,66,2024-10-30 07:33:47.178101
ALT0003139,TXN00483048,ACCT100042338,ML_PATTERN_DETECTED,83,2023-11-27 13:59:54.096746
ALT0003140,TXN00495451,ACCT100014473,ML_PATTERN_DETECTED,95,2023-11-13 21:24:36.446536
ALT0003141,TXN00482429,ACCT100049694,ML_PATTERN_DETECTED,65,2024-12-21 19:58:06.079741
ALT0003142,TXN00485165,ACCT100093558,ML_PATTERN_DETECTED,75,2024-02-11 04:30:32.530868
ALT0003143,TXN00483900,ACCT100015245,ML_PATTERN_DETECTED,88,2023-03-12 08:53:34.845720
ALT0003144,TXN00479522,ACCT100028074,ML_PATTERN_DETECTED,55,2024-01-14 08:03:27.704283
ALT0003145,TXN00487178,ACCT100058946,ML_PATTERN_DETECTED,73,2023-08-20 06:31:28.573190
ALT0003146,TXN00484835,ACCT100074182,ML_PATTERN_DETECTED,82,2024-04-19 20:40:32.854192
ALT0003147,TXN00478894,ACCT100003575,ML_PATTERN_DETECTED,72,2024-04-26 17:20:57.623636
ALT0003148,TXN00482287,ACCT100069625,ML_PATTERN_DETECTED,58,2024-08-21 06:37:15.360076
ALT0003149,TXN00481762,ACCT100070330,ML_PATTERN_DETECTED,79,2024-12-12 21:19:01.137506
ALT0003150,TXN00488452,ACCT100032910,ML_PATTERN_DETECTED,76,2023-04-26 19:07:45.236541
ALT0003151,TXN00485992,ACCT100059347,ML_PATTERN_DETECTED,78,2024-08-01 14:51:17.906865
ALT0003152,TXN00499707,ACCT100019615,ML_PATTERN_DETECTED,92,2023-01-17 19:40:34.688543
ALT0003153,TXN00481173,ACCT100052507,ML_PATTERN_DETECTED,98,2023-06-15 08:20:38.753010
ALT0003154,TXN00486558,ACCT100040008,ML_PATTERN_DETECTED,71,2024-09-25 19:32:22.188367
ALT0003155,TXN00482266,ACCT100018030,ML_PATTERN_DETECTED,67,2023-07-27 00:16:31.952398
ALT0003156,TXN00492486,ACCT100072005,ML_PATTERN_DETECTED,52,2023-08-16 09:01:04.845990
ALT0003157,TXN00496872,ACCT100084424,ML_PATTERN_DETECTED,74,2024-07-30 22:24:52.280022
ALT0003158,TXN00485889,ACCT100011743,ML_PATTERN_DETECTED,66,2023-11-23 19:48:59.468636
ALT0003159,TXN00491744,ACCT100048611,ML_PATTERN_DETECTED,59,2024-03-11 04:10:42.397866
ALT0003160,TXN00489948,ACCT100000454,ML_PATTERN_DETECTED,70,2023-02-20 01:35:12.503631
ALT0003161,TXN00489739,ACCT100085337,ML_PATTERN_DETECTED,51,2024-10-17 13:40:41.117508
ALT0003162,TXN00479819,ACCT100066122,ML_PATTERN_DETECTED,98,2023-01-06 01:14:41.770728
ALT0003163,TXN00496927,ACCT100025084,ML_PATTERN_DETECTED,79,2024-11-12 17:15:33.819568
ALT0003164,TXN00488192,ACCT100020755,ML_PATTERN_DETECTED,84,2024-06-19 00:19:24.151156
ALT0003165,TXN00491511,ACCT100034358,ML_PATTERN_DETECTED,69,2024-06-02 14:27:37.308624
ALT0003166,TXN00481171,ACCT100036763,ML_PATTERN_DETECTED,52,2023-07-16 11:34:55.241559
ALT0003167,TXN00494301,ACCT100063510,ML_PATTERN_DETECTED,64,2024-12-10 17:38:57.774765
ALT0003168,TXN00483839,ACCT100077841,ML_PATTERN_DETECTED,85,2023-06-12 05:38:25.969732
ALT0003169,TXN00491629,ACCT100099156,ML_PATTERN_DETECTED,91,2023-07-19 17:03:59.442589
ALT0003170,TXN00488133,ACCT100027448,ML_PATTERN_DETECTED,75,2023-03-26 03:17:28.697099
ALT0003171,TXN00484961,ACCT100000758,ML_PATTERN_DETECTED,88,2023-10-11 21:09:55.858954
ALT0003172,TXN00499749,ACCT100051945,ML_PATTERN_DETECTED,76,2023-11-05 12:34:34.225294
ALT0003173,TXN00475656,ACCT100032504,ML_PATTERN_DETECTED,65,2023-01-26 00:30:46.900290
ALT0003174,TXN00487875,ACCT100029457,ML_PATTERN_DETECTED,83,2023-04-30 06:09:54.532355
ALT0003175,TXN00483962,ACCT100064991,ML_PATTERN_DETECTED,61,2024-12-24 09:09:37.192750
ALT0003176,TXN00497587,ACCT100000589,ML_PATTERN_DETECTED,55,2023-04-19 23:22:26.440572
ALT0003177,TXN00494624,ACCT100099425,ML_PATTERN_DETECTED,62,2023-02-18 02:49:09.545841
ALT0003178,TXN00479352,ACCT100068606,ML_PATTERN_DETECTED,63,2023-04-28 11:04:11.835394
ALT0003179,TXN00479291,ACCT100096964,ML_PATTERN_DETECTED,95,2023-10-23 06:08:18.063528
ALT0003180,TXN00498982,ACCT100021497,ML_PATTERN_DETECTED,60,2023-10-03 22:18:30.229367
ALT0003181,TXN00476892,ACCT100053538,ML_PATTERN_DETECTED,96,2023-03-15 10:07:58.892138
ALT0003182,TXN00480293,ACCT100051990,ML_PATTERN_DETECTED,59,2024-03-27 19:39:13.655679
ALT0003183,TXN00495009,ACCT100098235,ML_PATTERN_DETECTED,82,2024-11-13 06:48:02.905536
ALT0003184,TXN00481206,ACCT100076956,ML_PATTERN_DETECTED,92,2024-07-02 07:15:56.264295
ALT0003185,TXN00496250,ACCT100038940,ML_PATTERN_DETECTED,68,2023-09-16 01:10:26.842318
ALT0003186,TXN00480911,ACCT100061494,ML_PATTERN_DETECTED,70,2024-07-18 07:27:16.542310
ALT0003187,TXN00495310,ACCT100061641,ML_PATTERN_DETECTED,76,2024-09-15 07:31:23.634378
ALT0003188,TXN00478421,ACCT100094234,ML_PATTERN_DETECTED,79,2023-09-21 23:15:36.283063
ALT0003189,TXN00489508,ACCT100035728,ML_PATTERN_DETECTED,66,2024-12-14 10:44:14.642828
ALT0003190,TXN00480710,ACCT100045114,ML_PATTERN_DETECTED,91,2023-02-21 18:42:54.234646
ALT0003191,TXN00483216,ACCT100041799,ML_PATTERN_DETECTED,95,2024-11-08 22:41:27.500267
ALT0003192,TXN00497782,ACCT100093760,ML_PATTERN_DETECTED,79,2023-05-20 16:39:23.143048
ALT0003193,TXN00490896,ACCT100021446,ML_PATTERN_DETECTED,63,2024-11-28 21:36:29.112039
ALT0003194,TXN00485032,ACCT100056595,ML_PATTERN_DETECTED,67,2023-03-10 07:32:12.352727
ALT0003195,TXN00485459,ACCT100023551,ML_PATTERN_DETECTED,54,2023-05-07 21:40:07.108032
ALT0003196,TXN00498966,ACCT100009281,ML_PATTERN_DETECTED,63,2024-10-25 02:15:23.337730
ALT0003197,TXN00488815,ACCT100038389,ML_PATTERN_DETECTED,64,2023-01-03 12:11:53.309727
ALT0003198,TXN00482515,ACCT100055142,ML_PATTERN_DETECTED,79,2024-11-18 19:07:29.893117
ALT0003199,TXN00481401,ACCT100082428,ML_PATTERN_DETECTED,70,2024-08-19 22:03:19.725698
ALT0003200,TXN00491517,ACCT100093253,ML_PATTERN_DETECTED,87,2024-03-14 02:27:43.000435
ALT0003201,TXN00479488,ACCT100003520,ML_PATTERN_DETECTED,80,2024-12-16 15:49:42.684538
ALT0003202,TXN00491003,ACCT100024709,ML_PATTERN_DETECTED,70,2024-02-15 00:09:39.844870
ALT0003203,TXN00486796,ACCT100062884,ML_PATTERN_DETECTED,96,2024-03-12 01:30:55.624323
ALT0003204,TXN00493724,ACCT100035322,ML_PATTERN_DETECTED,59,2024-10-07 03:21:49.164357
ALT0003205,TXN00489527,ACCT100049962,ML_PATTERN_DETECTED,75,2023-05-07 14:57:57.088037
ALT0003206,TXN00491623,ACCT100010423,ML_PATTERN_DETECTED,86,2024-10-06 09:00:35.398133
ALT0003207,TXN00475649,ACCT100073105,ML_PATTERN_DETECTED,84,2023-11-30 13:27:48.491479
ALT0003208,TXN00491987,ACCT100004630,ML_PATTERN_DETECTED,98,2024-03-19 14:28:39.081531
ALT0003209,TXN00486844,ACCT100086170,ML_PATTERN_DETECTED,62,2024-09-16 08:39:10.750218
ALT0003210,TXN00498558,ACCT100043539,ML_PATTERN_DETECTED,65,2023-09-20 21:07:44.790315
ALT0003211,TXN00490624,ACCT100035179,ML_PATTERN_DETECTED,71,2024-11-09 10:54:45.995288
ALT0003212,TXN00499432,ACCT100003545,ML_PATTERN_DETECTED,94,2024-04-27 23:31:20.411964
ALT0003213,TXN00483298,ACCT100086954,ML_PATTERN_DETECTED,55,2024-05-07 22:30:36.195115
ALT0003214,TXN00498408,ACCT100042637,ML_PATTERN_DETECTED,94,2024-06-16 23:24:56.279290
ALT0003215,TXN00477652,ACCT100097492,ML_PATTERN_DETECTED,51,2024-06-16 15:39:30.067898
ALT0003216,TXN00483780,ACCT100000754,ML_PATTERN_DETECTED,82,2023-01-07 11:58:08.710972
ALT0003217,TXN00496555,ACCT100090955,ML_PATTERN_DETECTED,71,2023-12-05 13:11:56.140431
ALT0003218,TXN00486629,ACCT100006285,ML_PATTERN_DETECTED,65,2023-06-24 16:58:38.727663
ALT0003219,TXN00476929,ACCT100069554,ML_PATTERN_DETECTED,60,2024-11-13 00:13:00.627100
ALT0003220,TXN00478495,ACCT100079631,ML_PATTERN_DETECTED,94,2024-04-03 01:43:19.824170
ALT0003221,TXN00487873,ACCT100034795,ML_PATTERN_DETECTED,92,2024-10-18 18:21:50.098391
ALT0003222,TXN00498995,ACCT100097698,ML_PATTERN_DETECTED,83,2023-08-28 04:52:32.808844
ALT0003223,TXN00480444,ACCT100034952,ML_PATTERN_DETECTED,75,2024-11-18 05:42:07.914481
ALT0003224,TXN00496329,ACCT100086052,ML_PATTERN_DETECTED,88,2023-04-25 12:21:06.615481
ALT0003225,TXN00481370,ACCT100061707,ML_PATTERN_DETECTED,97,2023-03-08 13:48:42.666842
ALT0003226,TXN00492362,ACCT100044980,ML_PATTERN_DETECTED,70,2023-11-18 23:39:20.193657
ALT0003227,TXN00497212,ACCT100003373,ML_PATTERN_DETECTED,67,2023-12-20 03:01:04.524591
ALT0003228,TXN00484786,ACCT100079967,ML_PATTERN_DETECTED,69,2023-12-07 20:21:54.708368
ALT0003229,TXN00488545,ACCT100013484,ML_PATTERN_DETECTED,62,2023-07-08 09:57:48.908716
ALT0003230,TXN00483758,ACCT100041257,ML_PATTERN_DETECTED,71,2023-10-21 01:40:23.706793
ALT0003231,TXN00485139,ACCT100014694,ML_PATTERN_DETECTED,81,2023-08-13 11:36:38.895075
ALT0003232,TXN00484973,ACCT100040231,ML_PATTERN_DETECTED,72,2024-09-15 04:33:35.466944
ALT0003233,TXN00489393,ACCT100099441,ML_PATTERN_DETECTED,86,2023-06-06 04:18:36.129151
ALT0003234,TXN00493210,ACCT100034263,ML_PATTERN_DETECTED,86,2023-07-06 20:44:24.313270
ALT0003235,TXN00487750,ACCT100080302,ML_PATTERN_DETECTED,92,2024-12-28 18:34:41.789076
ALT0003236,TXN00493374,ACCT100069590,ML_PATTERN_DETECTED,52,2024-03-24 17:28:46.989714
ALT0003237,TXN00494486,ACCT100097173,ML_PATTERN_DETECTED,78,2024-08-09 07:56:38.945685
ALT0003238,TXN00477322,ACCT100021684,ML_PATTERN_DETECTED,57,2024-09-26 02:53:30.736506
ALT0003239,TXN00479742,ACCT100080982,ML_PATTERN_DETECTED,74,2024-01-06 01:18:52.499702
ALT0003240,TXN00493295,ACCT100018384,ML_PATTERN_DETECTED,64,2024-07-30 17:39:27.139584
ALT0003241,TXN00482038,ACCT100003737,ML_PATTERN_DETECTED,53,2024-04-04 09:48:02.549387
ALT0003242,TXN00481701,ACCT100062424,ML_PATTERN_DETECTED,65,2024-03-22 21:41:16.289832
ALT0003243,TXN00487432,ACCT100060466,ML_PATTERN_DETECTED,51,2024-01-03 09:37:54.490081
ALT0003244,TXN00486888,ACCT100022290,ML_PATTERN_DETECTED,68,2024-10-10 04:36:43.064416
ALT0003245,TXN00494442,ACCT100005621,ML_PATTERN_DETECTED,75,2024-12-30 20:56:34.973152
ALT0003246,TXN00482677,ACCT100029291,ML_PATTERN_DETECTED,78,2023-01-20 14:25:01.042196
ALT0003247,TXN00486303,ACCT100077441,ML_PATTERN_DETECTED,51,2024-04-01 18:17:33.130889
ALT0003248,TXN00494829,ACCT100088309,ML_PATTERN_DETECTED,94,2023-11-29 13:14:24.657568
ALT0003249,TXN00485313,ACCT100048644,ML_PATTERN_DETECTED,84,2024-10-02 13:14:19.490981
ALT0003250,TXN00483233,ACCT100024150,ML_PATTERN_DETECTED,56,2024-09-16 08:59:24.900721
ALT0003251,TXN00478616,ACCT100051442,ML_PATTERN_DETECTED,75,2023-08-16 05:25:08.990139
ALT0003252,TXN00482376,ACCT100059511,ML_PATTERN_DETECTED,59,2024-12-09 19:26:15.249145
ALT0003253,TXN00485985,ACCT100045027,ML_PATTERN_DETECTED,83,2024-08-02 09:11:29.211908
ALT0003254,TXN00476172,ACCT100080001,ML_PATTERN_DETECTED,71,2024-08-26 08:15:52.991271
ALT0003255,TXN00486869,ACCT100017006,ML_PATTERN_DETECTED,74,2023-06-23 22:03:46.032331
ALT0003256,TXN00483606,ACCT100077550,ML_PATTERN_DETECTED,76,2024-04-21 07:07:33.059754
ALT0003257,TXN00475586,ACCT100015582,ML_PATTERN_DETECTED,83,2024-10-20 04:24:56.627146
ALT0003258,TXN00498714,ACCT100026648,ML_PATTERN_DETECTED,67,2024-04-06 15:18:25.486275
ALT0003259,TXN00475293,ACCT100044136,ML_PATTERN_DETECTED,77,2023-03-09 15:36:17.767194
ALT0003260,TXN00484949,ACCT100041021,ML_PATTERN_DETECTED,96,2023-11-20 02:33:23.893444
ALT0003261,TXN00482450,ACCT100058461,ML_PATTERN_DETECTED,91,2023-12-30 01:53:08.344247
ALT0003262,TXN00488955,ACCT100017337,ML_PATTERN_DETECTED,68,2024-06-07 15:27:56.347296
ALT0003263,TXN00478450,ACCT100058982,ML_PATTERN_DETECTED,95,2024-02-10 11:40:49.414192
ALT0003264,TXN00477635,ACCT100040778,ML_PATTERN_DETECTED,68,2024-04-14 15:10:56.096049
ALT0003265,TXN00487045,ACCT100014091,ML_PATTERN_DETECTED,54,2024-01-18 03:11:39.835700
ALT0003266,TXN00488558,ACCT100064597,ML_PATTERN_DETECTED,63,2024-09-18 07:04:14.172122
ALT0003267,TXN00486911,ACCT100058585,ML_PATTERN_DETECTED,75,2023-12-15 10:22:54.987951
ALT0003268,TXN00475982,ACCT100066988,ML_PATTERN_DETECTED,57,2024-05-11 23:04:12.616131
ALT0003269,TXN00481816,ACCT100093845,ML_PATTERN_DETECTED,59,2023-07-31 03:58:33.788523
ALT0003270,TXN00475673,ACCT100059754,ML_PATTERN_DETECTED,84,2024-09-12 14:57:38.894249
ALT0003271,TXN00483085,ACCT100070136,ML_PATTERN_DETECTED,58,2023-02-23 03:53:18.509728
ALT0003272,TXN00484462,ACCT100027950,ML_PATTERN_DETECTED,96,2024-05-09 20:42:57.709996
ALT0003273,TXN00480502,ACCT100089953,ML_PATTERN_DETECTED,92,2023-02-11 02:58:37.091048
ALT0003274,TXN00486128,ACCT100031675,ML_PATTERN_DETECTED,84,2023-09-27 18:30:11.962047
ALT0003275,TXN00491927,ACCT100029434,ML_PATTERN_DETECTED,89,2023-06-04 22:18:24.848260
ALT0003276,TXN00494602,ACCT100027908,ML_PATTERN_DETECTED,85,2024-05-25 22:05:35.461399
ALT0003277,TXN00493646,ACCT100001483,ML_PATTERN_DETECTED,66,2023-05-11 01:05:29.051518
ALT0003278,TXN00483464,ACCT100001401,ML_PATTERN_DETECTED,76,2023-04-10 05:26:42.446312
ALT0003279,TXN00489369,ACCT100078494,ML_PATTERN_DETECTED,50,2024-03-21 00:34:39.059313
ALT0003280,TXN00476956,ACCT100053166,ML_PATTERN_DETECTED,82,2024-02-25 14:12:42.154860
ALT0003281,TXN00491792,ACCT100079441,ML_PATTERN_DETECTED,64,2024-07-17 19:42:29.468064
ALT0003282,TXN00476588,ACCT100031438,ML_PATTERN_DETECTED,61,2023-10-21 09:36:34.672706
ALT0003283,TXN00484672,ACCT100088331,ML_PATTERN_DETECTED,96,2023-11-19 17:24:53.672628
ALT0003284,TXN00480414,ACCT100024007,ML_PATTERN_DETECTED,87,2023-12-12 12:57:34.753475
ALT0003285,TXN00478996,ACCT100030638,ML_PATTERN_DETECTED,57,2023-04-28 22:42:02.160625
ALT0003286,TXN00484033,ACCT100024796,ML_PATTERN_DETECTED,79,2024-08-24 15:41:23.841374
ALT0003287,TXN00492349,ACCT100015151,ML_PATTERN_DETECTED,98,2024-05-27 19:36:12.750241
ALT0003288,TXN00495181,ACCT100011805,ML_PATTERN_DETECTED,86,2023-03-23 04:51:25.679558
ALT0003289,TXN00480848,ACCT100055345,ML_PATTERN_DETECTED,65,2023-05-23 23:38:33.904696
ALT0003290,TXN00494721,ACCT100014372,ML_PATTERN_DETECTED,61,2023-02-11 11:26:55.569425
ALT0003291,TXN00492219,ACCT100095511,ML_PATTERN_DETECTED,93,2023-04-11 18:57:28.427274
ALT0003292,TXN00477586,ACCT100058713,ML_PATTERN_DETECTED,66,2024-11-01 18:48:03.811078
ALT0003293,TXN00487946,ACCT100051959,ML_PATTERN_DETECTED,52,2024-10-24 03:22:39.680295
ALT0003294,TXN00486933,ACCT100046785,ML_PATTERN_DETECTED,93,2024-01-29 16:46:08.887875
ALT0003295,TXN00477271,ACCT100029008,ML_PATTERN_DETECTED,58,2023-08-25 01:18:06.913634
ALT0003296,TXN00479512,ACCT100038478,ML_PATTERN_DETECTED,91,2024-01-11 19:15:19.404238
ALT0003297,TXN00485304,ACCT100066207,ML_PATTERN_DETECTED,64,2024-12-11 22:41:16.745508
ALT0003298,TXN00498139,ACCT100016842,ML_PATTERN_DETECTED,96,2024-02-27 11:02:09.540664
ALT0003299,TXN00497336,ACCT100020366,ML_PATTERN_DETECTED,63,2024-10-10 16:12:10.464008
ALT0003300,TXN00489894,ACCT100047307,ML_PATTERN_DETECTED,84,2023-07-15 16:33:10.855701
ALT0003301,TXN00492448,ACCT100072909,ML_PATTERN_DETECTED,75,2024-10-16 19:43:07.172138
ALT0003302,TXN00491768,ACCT100081145,ML_PATTERN_DETECTED,66,2023-09-02 15:50:52.066999
ALT0003303,TXN00497677,ACCT100060524,ML_PATTERN_DETECTED,50,2024-03-02 04:41:08.571836
ALT0003304,TXN00492044,ACCT100061145,ML_PATTERN_DETECTED,98,2023-05-29 03:05:33.615022
ALT0003305,TXN00476839,ACCT100049161,ML_PATTERN_DETECTED,55,2024-11-30 14:48:24.269616
ALT0003306,TXN00483351,ACCT100024391,ML_PATTERN_DETECTED,76,2024-03-28 03:46:44.039232
ALT0003307,TXN00492095,ACCT100059570,ML_PATTERN_DETECTED,83,2024-05-24 21:58:01.909186
ALT0003308,TXN00482669,ACCT100014890,ML_PATTERN_DETECTED,74,2024-01-26 02:15:47.535691
ALT0003309,TXN00486699,ACCT100097851,ML_PATTERN_DETECTED,65,2024-07-01 03:03:01.910429
ALT0003310,TXN00492289,ACCT100063082,ML_PATTERN_DETECTED,75,2023-04-22 05:10:01.220316
ALT0003311,TXN00497520,ACCT100079529,ML_PATTERN_DETECTED,97,2024-05-20 06:45:19.636408
ALT0003312,TXN00495350,ACCT100088996,ML_PATTERN_DETECTED,91,2024-10-04 07:56:51.330986
ALT0003313,TXN00480569,ACCT100063060,ML_PATTERN_DETECTED,63,2023-01-27 19:11:43.933321
ALT0003314,TXN00490239,ACCT100061278,ML_PATTERN_DETECTED,64,2023-05-22 00:03:38.161759
ALT0003315,TXN00483168,ACCT100017789,ML_PATTERN_DETECTED,57,2023-08-25 14:33:51.089298
ALT0003316,TXN00484978,ACCT100052996,ML_PATTERN_DETECTED,56,2024-09-19 00:48:05.692199
ALT0003317,TXN00493765,ACCT100089890,ML_PATTERN_DETECTED,82,2023-10-22 19:21:47.557700
ALT0003318,TXN00499498,ACCT100091160,ML_PATTERN_DETECTED,62,2023-10-03 18:04:36.031996
ALT0003319,TXN00479345,ACCT100097669,ML_PATTERN_DETECTED,67,2024-09-08 00:25:14.097223
ALT0003320,TXN00478457,ACCT100008532,ML_PATTERN_DETECTED,98,2024-04-08 00:45:16.926536
ALT0003321,TXN00479348,ACCT100064069,ML_PATTERN_DETECTED,83,2023-09-01 07:15:51.044464
ALT0003322,TXN00496439,ACCT100087000,ML_PATTERN_DETECTED,67,2023-10-08 09:34:04.055098
ALT0003323,TXN00478225,ACCT100084065,ML_PATTERN_DETECTED,78,2024-02-10 07:06:58.385152
ALT0003324,TXN00491332,ACCT100056820,ML_PATTERN_DETECTED,86,2023-01-30 07:27:07.738530
ALT0003325,TXN00484349,ACCT100010438,ML_PATTERN_DETECTED,61,2024-01-04 22:08:20.154570
ALT0003326,TXN00481483,ACCT100012951,ML_PATTERN_DETECTED,98,2023-01-01 22:47:58.326722
ALT0003327,TXN00484556,ACCT100023874,ML_PATTERN_DETECTED,85,2024-12-10 05:05:21.865362
ALT0003328,TXN00494974,ACCT100002154,ML_PATTERN_DETECTED,91,2023-10-04 08:58:19.002474
ALT0003329,TXN00480520,ACCT100011792,ML_PATTERN_DETECTED,88,2023-01-18 10:44:28.281860
ALT0003330,TXN00478652,ACCT100069379,ML_PATTERN_DETECTED,87,2023-09-05 12:40:45.079986
ALT0003331,TXN00488599,ACCT100087216,ML_PATTERN_DETECTED,87,2024-08-04 10:19:23.083891
ALT0003332,TXN00485356,ACCT100057484,ML_PATTERN_DETECTED,59,2024-10-23 04:02:58.837679
ALT0003333,TXN00479527,ACCT100054447,ML_PATTERN_DETECTED,79,2024-02-10 07:12:13.062583
ALT0003334,TXN00479938,ACCT100095414,ML_PATTERN_DETECTED,58,2024-12-29 22:25:46.212542
ALT0003335,TXN00475564,ACCT100049901,ML_PATTERN_DETECTED,82,2024-08-30 11:50:38.914852
ALT0003336,TXN00483850,ACCT100088938,ML_PATTERN_DETECTED,59,2024-10-03 10:33:47.502849
ALT0003337,TXN00476849,ACCT100090914,ML_PATTERN_DETECTED,68,2023-09-18 16:32:11.810958
ALT0003338,TXN00488484,ACCT100058065,ML_PATTERN_DETECTED,53,2024-01-13 09:54:26.267062
ALT0003339,TXN00475356,ACCT100044750,ML_PATTERN_DETECTED,92,2023-01-21 10:14:55.050455
ALT0003340,TXN00483057,ACCT100022144,ML_PATTERN_DETECTED,83,2024-12-12 09:58:53.547733
ALT0003341,TXN00498305,ACCT100082980,ML_PATTERN_DETECTED,86,2023-03-19 19:02:45.309399
ALT0003342,TXN00494419,ACCT100041801,ML_PATTERN_DETECTED,50,2023-04-16 21:19:22.869828
ALT0003343,TXN00484226,ACCT100053725,ML_PATTERN_DETECTED,90,2024-04-15 18:21:45.404869
ALT0003344,TXN00486325,ACCT100046148,ML_PATTERN_DETECTED,88,2024-10-10 14:11:22.961441
ALT0003345,TXN00495668,ACCT100046833,ML_PATTERN_DETECTED,71,2024-08-27 21:30:02.678195
ALT0003346,TXN00476179,ACCT100074781,ML_PATTERN_DETECTED,71,2024-08-24 05:35:03.525799
ALT0003347,TXN00475479,ACCT100066545,ML_PATTERN_DETECTED,98,2023-05-17 18:03:52.294825
ALT0003348,TXN00477029,ACCT100078874,ML_PATTERN_DETECTED,61,2023-04-27 13:11:59.204439
ALT0003349,TXN00495502,ACCT100065939,ML_PATTERN_DETECTED,89,2023-04-09 14:00:27.203011
ALT0003350,TXN00480537,ACCT100061872,ML_PATTERN_DETECTED,85,2024-02-12 17:01:51.814502
ALT0003351,TXN00488519,ACCT100052515,ML_PATTERN_DETECTED,87,2024-02-12 02:15:13.896116
ALT0003352,TXN00479223,ACCT100057412,ML_PATTERN_DETECTED,93,2024-07-09 15:41:48.927411
ALT0003353,TXN00490558,ACCT100041488,ML_PATTERN_DETECTED,70,2023-12-01 14:23:00.989136
ALT0003354,TXN00484443,ACCT100058314,ML_PATTERN_DETECTED,85,2024-05-14 08:30:20.596929
ALT0003355,TXN00484111,ACCT100063140,ML_PATTERN_DETECTED,75,2023-07-17 14:48:35.096880
ALT0003356,TXN00496402,ACCT100084441,ML_PATTERN_DETECTED,77,2023-11-17 15:26:59.840475
ALT0003357,TXN00487326,ACCT100067398,ML_PATTERN_DETECTED,94,2023-03-16 08:13:48.780849
ALT0003358,TXN00480626,ACCT100063658,ML_PATTERN_DETECTED,94,2023-09-04 10:01:51.556213
ALT0003359,TXN00477810,ACCT100015514,ML_PATTERN_DETECTED,97,2024-04-17 13:27:14.871656
ALT0003360,TXN00494265,ACCT100099649,ML_PATTERN_DETECTED,71,2023-10-17 07:18:23.484395
ALT0003361,TXN00479627,ACCT100026253,ML_PATTERN_DETECTED,59,2023-03-01 05:17:32.217795
ALT0003362,TXN00479293,ACCT100001119,ML_PATTERN_DETECTED,78,2023-01-23 12:33:08.883365
ALT0003363,TXN00491505,ACCT100046331,ML_PATTERN_DETECTED,91,2023-02-02 09:14:58.765170
ALT0003364,TXN00485919,ACCT100035750,ML_PATTERN_DETECTED,81,2023-02-14 21:05:04.750863
ALT0003365,TXN00480836,ACCT100032073,ML_PATTERN_DETECTED,67,2024-08-09 17:53:52.888598
ALT0003366,TXN00495669,ACCT100000427,ML_PATTERN_DETECTED,73,2024-10-03 21:17:36.985442
ALT0003367,TXN00481000,ACCT100096584,ML_PATTERN_DETECTED,81,2023-07-27 00:01:50.126069
ALT0003368,TXN00481438,ACCT100072505,ML_PATTERN_DETECTED,63,2023-09-01 00:04:09.950996
ALT0003369,TXN00478591,ACCT100063332,ML_PATTERN_DETECTED,73,2023-06-04 04:14:41.977096
ALT0003370,TXN00476635,ACCT100065281,ML_PATTERN_DETECTED,96,2024-11-21 05:38:32.506989
ALT0003371,TXN00489684,ACCT100037211,ML_PATTERN_DETECTED,86,2024-01-25 19:59:33.074256
ALT0003372,TXN00480558,ACCT100076038,ML_PATTERN_DETECTED,88,2023-03-26 00:31:56.084981
ALT0003373,TXN00488509,ACCT100099975,ML_PATTERN_DETECTED,92,2023-03-04 03:22:03.942361
ALT0003374,TXN00475123,ACCT100020454,ML_PATTERN_DETECTED,89,2024-03-09 22:59:53.802488
ALT0003375,TXN00499143,ACCT100025253,ML_PATTERN_DETECTED,98,2023-06-15 06:17:16.034955
ALT0003376,TXN00477565,ACCT100046288,ML_PATTERN_DETECTED,50,2024-02-19 12:39:44.745425
ALT0003377,TXN00496004,ACCT100093722,ML_PATTERN_DETECTED,58,2024-11-03 11:56:57.845245
ALT0003378,TXN00490694,ACCT100056891,ML_PATTERN_DETECTED,79,2024-02-20 04:22:07.844749
ALT0003379,TXN00476389,ACCT100044275,ML_PATTERN_DETECTED,62,2023-03-16 20:59:48.237546
ALT0003380,TXN00477878,ACCT100020160,ML_PATTERN_DETECTED,62,2024-01-29 00:30:48.575114
ALT0003381,TXN00478791,ACCT100086367,ML_PATTERN_DETECTED,52,2024-07-03 21:11:12.254663
ALT0003382,TXN00489374,ACCT100066868,ML_PATTERN_DETECTED,65,2024-05-11 09:42:28.301323
ALT0003383,TXN00495802,ACCT100025381,ML_PATTERN_DETECTED,59,2024-02-20 20:12:40.214645
ALT0003384,TXN00478654,ACCT100019716,ML_PATTERN_DETECTED,97,2023-03-16 11:39:39.332853
ALT0003385,TXN00482490,ACCT100057674,ML_PATTERN_DETECTED,59,2023-07-03 07:21:32.111970
ALT0003386,TXN00479292,ACCT100097834,ML_PATTERN_DETECTED,88,2023-02-16 19:24:00.384638
ALT0003387,TXN00499798,ACCT100043496,ML_PATTERN_DETECTED,93,2023-08-22 03:06:03.973559
ALT0003388,TXN00489850,ACCT100057676,ML_PATTERN_DETECTED,94,2023-11-02 18:04:48.508342
ALT0003389,TXN00498437,ACCT100007497,ML_PATTERN_DETECTED,71,2023-08-03 11:19:36.920011
ALT0003390,TXN00477467,ACCT100050097,ML_PATTERN_DETECTED,86,2023-09-29 21:18:37.844819
ALT0003391,TXN00478095,ACCT100045832,ML_PATTERN_DETECTED,71,2023-08-05 11:10:08.135229
ALT0003392,TXN00499126,ACCT100051379,ML_PATTERN_DETECTED,65,2024-04-07 13:01:06.402097
ALT0003393,TXN00484468,ACCT100090701,ML_PATTERN_DETECTED,55,2024-04-21 09:19:58.384725
ALT0003394,TXN00498229,ACCT100099069,ML_PATTERN_DETECTED,93,2023-08-06 18:52:28.534680
ALT0003395,TXN00479615,ACCT100065242,ML_PATTERN_DETECTED,80,2023-01-27 23:16:57.207035
ALT0003396,TXN00491126,ACCT100085522,ML_PATTERN_DETECTED,91,2023-03-31 17:38:35.605266
ALT0003397,TXN00488138,ACCT100062288,ML_PATTERN_DETECTED,51,2023-01-24 05:35:22.638087
ALT0003398,TXN00482575,ACCT100084753,ML_PATTERN_DETECTED,75,2024-04-08 14:57:39.913836
ALT0003399,TXN00497824,ACCT100020342,ML_PATTERN_DETECTED,61,2024-03-12 03:02:26.753255
ALT0003400,TXN00478995,ACCT100093522,ML_PATTERN_DETECTED,60,2023-01-16 15:09:19.492959
ALT0003401,TXN00478334,ACCT100090633,ML_PATTERN_DETECTED,62,2023-02-01 14:56:41.255092
ALT0003402,TXN00493910,ACCT100065174,ML_PATTERN_DETECTED,70,2024-12-21 13:57:16.808472
ALT0003403,TXN00491369,ACCT100093581,ML_PATTERN_DETECTED,65,2023-03-25 09:30:41.767548
ALT0003404,TXN00476522,ACCT100039380,ML_PATTERN_DETECTED,83,2024-09-01 14:59:50.817998
ALT0003405,TXN00499069,ACCT100006093,ML_PATTERN_DETECTED,83,2024-05-25 11:15:22.221626
ALT0003406,TXN00476297,ACCT100073993,ML_PATTERN_DETECTED,52,2023-12-10 20:29:48.404267
ALT0003407,TXN00494957,ACCT100048944,ML_PATTERN_DETECTED,93,2024-08-12 20:19:06.312369
ALT0003408,TXN00495500,ACCT100023281,ML_PATTERN_DETECTED,57,2024-06-23 09:10:48.998120
ALT0003409,TXN00483408,ACCT100026735,ML_PATTERN_DETECTED,71,2024-09-07 05:44:10.126802
ALT0003410,TXN00488582,ACCT100067082,ML_PATTERN_DETECTED,87,2024-07-06 21:01:48.689257
ALT0003411,TXN00487797,ACCT100026844,ML_PATTERN_DETECTED,58,2024-03-30 01:52:04.206784
ALT0003412,TXN00492711,ACCT100033705,ML_PATTERN_DETECTED,92,2023-06-25 11:06:47.042584
ALT0003413,TXN00478171,ACCT100010918,ML_PATTERN_DETECTED,62,2023-11-30 22:31:56.333533
ALT0003414,TXN00491387,ACCT100007693,ML_PATTERN_DETECTED,80,2024-08-19 09:45:51.002313
ALT0003415,TXN00475213,ACCT100060579,ML_PATTERN_DETECTED,67,2023-03-30 03:53:39.807519
ALT0003416,TXN00475781,ACCT100036554,ML_PATTERN_DETECTED,58,2023-09-02 19:59:15.743412
ALT0003417,TXN00494376,ACCT100001166,ML_PATTERN_DETECTED,87,2023-08-08 19:14:38.530084
ALT0003418,TXN00498142,ACCT100009549,ML_PATTERN_DETECTED,84,2024-09-30 19:27:53.502562
ALT0003419,TXN00493240,ACCT100023555,ML_PATTERN_DETECTED,67,2023-07-01 14:26:43.984047
ALT0003420,TXN00483062,ACCT100094177,ML_PATTERN_DETECTED,89,2023-04-03 20:32:51.700329
ALT0003421,TXN00495428,ACCT100097481,ML_PATTERN_DETECTED,64,2023-10-16 06:59:16.757313
ALT0003422,TXN00495275,ACCT100049090,ML_PATTERN_DETECTED,68,2024-01-01 11:26:33.719605
ALT0003423,TXN00497006,ACCT100030430,ML_PATTERN_DETECTED,76,2023-11-05 11:17:47.868776
ALT0003424,TXN00485233,ACCT100012149,ML_PATTERN_DETECTED,54,2024-12-11 20:14:40.452640
ALT0003425,TXN00491444,ACCT100001393,ML_PATTERN_DETECTED,51,2024-07-21 17:33:03.766345
ALT0003426,TXN00498006,ACCT100039728,ML_PATTERN_DETECTED,50,2023-06-13 22:54:21.997326
ALT0003427,TXN00480048,ACCT100005278,ML_PATTERN_DETECTED,78,2024-05-01 11:35:48.246420
ALT0003428,TXN00489900,ACCT100096872,ML_PATTERN_DETECTED,71,2023-10-21 03:29:45.484230
ALT0003429,TXN00483620,ACCT100046776,ML_PATTERN_DETECTED,73,2024-09-30 08:49:24.250790
ALT0003430,TXN00487507,ACCT100065509,ML_PATTERN_DETECTED,68,2024-12-20 02:04:40.907164
ALT0003431,TXN00478732,ACCT100040083,ML_PATTERN_DETECTED,66,2023-07-13 12:18:09.886388
ALT0003432,TXN00481017,ACCT100070452,ML_PATTERN_DETECTED,78,2024-10-01 21:11:27.564047
ALT0003433,TXN00493675,ACCT100055616,ML_PATTERN_DETECTED,72,2023-03-05 22:20:43.625210
ALT0003434,TXN00499001,ACCT100026368,ML_PATTERN_DETECTED,54,2023-05-14 14:18:32.605494
ALT0003435,TXN00486071,ACCT100011060,ML_PATTERN_DETECTED,73,2023-05-30 21:16:08.426621
ALT0003436,TXN00495202,ACCT100028851,ML_PATTERN_DETECTED,80,2023-04-28 16:15:38.615827
ALT0003437,TXN00487166,ACCT100050891,ML_PATTERN_DETECTED,72,2024-05-13 14:28:56.631725
ALT0003438,TXN00477075,ACCT100017140,ML_PATTERN_DETECTED,60,2024-11-07 12:29:40.520211
ALT0003439,TXN00499471,ACCT100038608,ML_PATTERN_DETECTED,55,2023-06-25 16:28:56.665941
ALT0003440,TXN00482818,ACCT100029451,ML_PATTERN_DETECTED,87,2023-04-19 01:05:05.184092
ALT0003441,TXN00498299,ACCT100027922,ML_PATTERN_DETECTED,92,2024-10-25 11:15:16.231349
ALT0003442,TXN00488688,ACCT100080858,ML_PATTERN_DETECTED,97,2024-04-05 22:52:08.102422
ALT0003443,TXN00490409,ACCT100081184,ML_PATTERN_DETECTED,88,2024-10-13 06:21:09.138637
ALT0003444,TXN00482324,ACCT100079646,ML_PATTERN_DETECTED,69,2024-02-04 12:26:22.689105
ALT0003445,TXN00477188,ACCT100007692,ML_PATTERN_DETECTED,72,2023-05-28 14:05:04.036447
ALT0003446,TXN00490905,ACCT100019383,ML_PATTERN_DETECTED,76,2024-05-17 03:41:11.364489
ALT0003447,TXN00486922,ACCT100058654,ML_PATTERN_DETECTED,81,2024-03-22 15:11:00.454350
ALT0003448,TXN00480384,ACCT100021735,ML_PATTERN_DETECTED,68,2024-12-21 06:38:48.615889
ALT0003449,TXN00496885,ACCT100015021,ML_PATTERN_DETECTED,63,2023-04-08 06:38:51.934944
ALT0003450,TXN00495778,ACCT100077773,ML_PATTERN_DETECTED,56,2023-01-30 19:10:17.665731
ALT0003451,TXN00481822,ACCT100096530,ML_PATTERN_DETECTED,68,2024-08-03 23:13:06.803823
ALT0003452,TXN00480810,ACCT100098734,ML_PATTERN_DETECTED,76,2024-12-19 19:19:32.815295
ALT0003453,TXN00484450,ACCT100016570,ML_PATTERN_DETECTED,69,2023-05-03 12:47:06.587666
ALT0003454,TXN00483452,ACCT100047618,ML_PATTERN_DETECTED,82,2023-12-20 08:31:43.234016
ALT0003455,TXN00488482,ACCT100052361,ML_PATTERN_DETECTED,63,2023-05-14 16:34:39.022910
ALT0003456,TXN00476209,ACCT100002333,ML_PATTERN_DETECTED,56,2024-06-26 20:38:03.536157
ALT0003457,TXN00492694,ACCT100003881,ML_PATTERN_DETECTED,96,2023-07-24 09:05:50.492604
ALT0003458,TXN00497202,ACCT100090064,ML_PATTERN_DETECTED,84,2023-03-17 15:22:46.799208
ALT0003459,TXN00495981,ACCT100073513,ML_PATTERN_DETECTED,74,2023-06-06 17:22:15.288140
ALT0003460,TXN00478537,ACCT100050236,ML_PATTERN_DETECTED,57,2023-02-02 07:14:39.753798
ALT0003461,TXN00490970,ACCT100010113,ML_PATTERN_DETECTED,93,2023-06-03 09:03:29.750411
ALT0003462,TXN00491824,ACCT100089921,ML_PATTERN_DETECTED,73,2023-09-13 09:49:12.170695
ALT0003463,TXN00486362,ACCT100024948,ML_PATTERN_DETECTED,56,2024-12-25 05:10:21.287802
ALT0003464,TXN00485017,ACCT100067840,ML_PATTERN_DETECTED,96,2023-11-16 11:52:45.719229
ALT0003465,TXN00490329,ACCT100070081,ML_PATTERN_DETECTED,61,2023-03-30 07:50:41.174138
ALT0003466,TXN00491044,ACCT100015896,ML_PATTERN_DETECTED,96,2023-06-03 19:37:57.081186
ALT0003467,TXN00481466,ACCT100014341,ML_PATTERN_DETECTED,61,2024-10-08 14:34:14.293797
ALT0003468,TXN00479105,ACCT100091224,ML_PATTERN_DETECTED,62,2024-01-01 16:31:30.025218
ALT0003469,TXN00488921,ACCT100000947,ML_PATTERN_DETECTED,63,2023-08-20 18:35:16.607060
ALT0003470,TXN00478058,ACCT100071022,ML_PATTERN_DETECTED,86,2023-02-09 20:34:22.238044
ALT0003471,TXN00483437,ACCT100096312,ML_PATTERN_DETECTED,65,2024-09-20 02:09:23.178315
ALT0003472,TXN00489765,ACCT100052660,ML_PATTERN_DETECTED,62,2024-03-03 22:17:43.692299
ALT0003473,TXN00493885,ACCT100013217,ML_PATTERN_DETECTED,71,2023-11-21 10:32:49.983987
ALT0003474,TXN00490487,ACCT100029955,ML_PATTERN_DETECTED,64,2023-04-03 02:07:24.836176
ALT0003475,TXN00486160,ACCT100041353,ML_PATTERN_DETECTED,90,2024-01-28 13:40:54.399879
ALT0003476,TXN00475372,ACCT100050925,ML_PATTERN_DETECTED,56,2023-01-13 01:40:34.817012
ALT0003477,TXN00489288,ACCT100089591,ML_PATTERN_DETECTED,86,2024-10-21 12:08:32.875586
ALT0003478,TXN00495116,ACCT100018510,ML_PATTERN_DETECTED,66,2024-07-05 09:37:31.462786
ALT0003479,TXN00495715,ACCT100088065,ML_PATTERN_DETECTED,63,2023-02-20 13:35:49.057695
ALT0003480,TXN00497427,ACCT100066684,ML_PATTERN_DETECTED,73,2023-12-19 04:21:03.257531
ALT0003481,TXN00485977,ACCT100090373,ML_PATTERN_DETECTED,64,2023-11-18 03:41:13.736595
ALT0003482,TXN00499775,ACCT100007538,ML_PATTERN_DETECTED,88,2023-09-09 19:02:47.889919
ALT0003483,TXN00475757,ACCT100062914,ML_PATTERN_DETECTED,79,2023-12-08 02:23:35.001910
ALT0003484,TXN00492379,ACCT100087472,ML_PATTERN_DETECTED,53,2024-09-29 20:23:04.223407
ALT0003485,TXN00481981,ACCT100071330,ML_PATTERN_DETECTED,92,2024-03-17 08:43:13.112471
ALT0003486,TXN00489233,ACCT100017252,ML_PATTERN_DETECTED,76,2023-05-30 06:28:31.329054
ALT0003487,TXN00478289,ACCT100029109,ML_PATTERN_DETECTED,75,2024-01-26 12:13:54.543082
ALT0003488,TXN00487898,ACCT100067574,ML_PATTERN_DETECTED,57,2023-02-01 18:27:10.409565
ALT0003489,TXN00494361,ACCT100014873,ML_PATTERN_DETECTED,89,2024-08-20 17:48:25.376443
ALT0003490,TXN00493714,ACCT100044930,ML_PATTERN_DETECTED,86,2024-12-22 20:38:10.511399
ALT0003491,TXN00478073,ACCT100055636,ML_PATTERN_DETECTED,93,2024-05-07 17:45:56.727139
ALT0003492,TXN00488194,ACCT100034344,ML_PATTERN_DETECTED,59,2023-06-21 00:14:09.343527
ALT0003493,TXN00486616,ACCT100013740,ML_PATTERN_DETECTED,52,2024-12-12 17:26:30.427570
ALT0003494,TXN00478335,ACCT100077177,ML_PATTERN_DETECTED,56,2024-12-24 14:55:46.287552
ALT0003495,TXN00475760,ACCT100081463,ML_PATTERN_DETECTED,78,2024-04-02 02:19:49.077158
ALT0003496,TXN00492868,ACCT100031247,ML_PATTERN_DETECTED,62,2024-04-25 14:51:18.803431
ALT0003497,TXN00494460,ACCT100027936,ML_PATTERN_DETECTED,59,2023-03-09 03:44:32.862253
ALT0003498,TXN00485644,ACCT100045448,ML_PATTERN_DETECTED,54,2024-01-21 22:51:37.256376
ALT0003499,TXN00485638,ACCT100042101,ML_PATTERN_DETECTED,58,2024-04-18 18:53:53.292672
ALT0003500,TXN00486326,ACCT100035262,ML_PATTERN_DETECTED,51,2024-05-27 11:15:49.798021
ALT0003501,TXN00494172,ACCT100055471,ML_PATTERN_DETECTED,67,2023-07-08 15:32:54.361078
ALT0003502,TXN00487722,ACCT100015099,ML_PATTERN_DETECTED,84,2023-10-26 12:35:31.379608
ALT0003503,TXN00498333,ACCT100092264,ML_PATTERN_DETECTED,74,2023-08-18 06:22:21.843660
ALT0003504,TXN00499809,ACCT100063879,ML_PATTERN_DETECTED,95,2023-10-21 18:45:02.248235
ALT0003505,TXN00494589,ACCT100033054,ML_PATTERN_DETECTED,68,2023-06-02 20:08:59.991299
ALT0003506,TXN00478912,ACCT100076911,ML_PATTERN_DETECTED,89,2024-07-17 02:02:56.381917
ALT0003507,TXN00490453,ACCT100074798,ML_PATTERN_DETECTED,50,2023-11-24 05:10:22.258685
ALT0003508,TXN00490369,ACCT100013957,ML_PATTERN_DETECTED,98,2024-09-09 07:05:25.376380
ALT0003509,TXN00475893,ACCT100033440,ML_PATTERN_DETECTED,85,2023-04-28 22:19:23.906679
ALT0003510,TXN00485928,ACCT100008996,ML_PATTERN_DETECTED,72,2024-01-02 14:40:47.751743
ALT0003511,TXN00497820,ACCT100044189,ML_PATTERN_DETECTED,74,2023-01-08 08:55:42.872048
ALT0003512,TXN00480943,ACCT100023102,ML_PATTERN_DETECTED,74,2023-05-31 19:38:33.581959
ALT0003513,TXN00479678,ACCT100025521,ML_PATTERN_DETECTED,63,2023-01-03 11:01:41.785386
ALT0003514,TXN00484834,ACCT100071292,ML_PATTERN_DETECTED,67,2024-10-12 20:52:22.194709
ALT0003515,TXN00483143,ACCT100060321,ML_PATTERN_DETECTED,60,2024-07-01 11:08:24.217238
ALT0003516,TXN00486906,ACCT100039965,ML_PATTERN_DETECTED,94,2023-04-26 10:06:07.925957
ALT0003517,TXN00490642,ACCT100054412,ML_PATTERN_DETECTED,80,2023-02-25 10:58:53.357947
ALT0003518,TXN00485925,ACCT100048390,ML_PATTERN_DETECTED,76,2024-09-30 09:06:22.030683
ALT0003519,TXN00477556,ACCT100021708,ML_PATTERN_DETECTED,75,2023-09-03 08:03:55.956408
ALT0003520,TXN00493868,ACCT100004870,ML_PATTERN_DETECTED,88,2023-06-02 00:48:47.383015
ALT0003521,TXN00492950,ACCT100086640,ML_PATTERN_DETECTED,62,2024-02-08 14:05:48.056657
ALT0003522,TXN00483766,ACCT100044772,ML_PATTERN_DETECTED,90,2024-05-15 17:04:28.226744
ALT0003523,TXN00481428,ACCT100031174,ML_PATTERN_DETECTED,64,2023-07-12 13:30:47.096359
ALT0003524,TXN00488130,ACCT100006893,ML_PATTERN_DETECTED,61,2023-11-06 10:33:27.506842
ALT0003525,TXN00493267,ACCT100003574,ML_PATTERN_DETECTED,80,2024-04-19 18:56:07.202819
ALT0003526,TXN00493619,ACCT100081812,ML_PATTERN_DETECTED,98,2024-05-26 14:44:05.253772
ALT0003527,TXN00482749,ACCT100070610,ML_PATTERN_DETECTED,89,2024-06-29 17:38:27.688653
ALT0003528,TXN00490753,ACCT100054812,ML_PATTERN_DETECTED,78,2024-02-28 03:21:49.863890
ALT0003529,TXN00488535,ACCT100096490,ML_PATTERN_DETECTED,92,2023-11-23 08:39:16.712822
ALT0003530,TXN00483186,ACCT100030990,ML_PATTERN_DETECTED,75,2023-02-28 23:48:48.585025
ALT0003531,TXN00496061,ACCT100006481,ML_PATTERN_DETECTED,61,2024-10-07 15:54:57.550136
ALT0003532,TXN00480408,ACCT100088679,ML_PATTERN_DETECTED,94,2023-11-29 10:38:34.804560
ALT0003533,TXN00484246,ACCT100023651,ML_PATTERN_DETECTED,54,2023-05-23 03:26:39.030887
ALT0003534,TXN00494807,ACCT100035426,ML_PATTERN_DETECTED,50,2024-11-27 17:01:07.638144
ALT0003535,TXN00490929,ACCT100092256,ML_PATTERN_DETECTED,81,2023-12-28 12:53:06.537431
ALT0003536,TXN00476795,ACCT100025251,ML_PATTERN_DETECTED,87,2023-04-12 04:20:55.505837
ALT0003537,TXN00487252,ACCT100037088,ML_PATTERN_DETECTED,63,2024-11-03 19:11:13.537520
ALT0003538,TXN00495205,ACCT100065347,ML_PATTERN_DETECTED,78,2023-01-20 16:39:37.795557
ALT0003539,TXN00488248,ACCT100073493,ML_PATTERN_DETECTED,64,2023-10-21 18:46:07.877267
ALT0003540,TXN00477136,ACCT100057048,ML_PATTERN_DETECTED,72,2023-02-10 00:03:02.671253
ALT0003541,TXN00490756,ACCT100017992,ML_PATTERN_DETECTED,59,2024-03-14 19:53:31.816298
ALT0003542,TXN00493932,ACCT100026381,ML_PATTERN_DETECTED,55,2023-11-28 18:35:31.624268
ALT0003543,TXN00490393,ACCT100049284,ML_PATTERN_DETECTED,85,2023-09-28 00:36:14.457666
ALT0003544,TXN00479601,ACCT100000249,ML_PATTERN_DETECTED,94,2024-11-11 06:33:51.805206
ALT0003545,TXN00491549,ACCT100070835,ML_PATTERN_DETECTED,97,2023-10-16 23:01:57.289540
ALT0003546,TXN00477729,ACCT100001724,ML_PATTERN_DETECTED,85,2023-08-13 23:27:55.101605
ALT0003547,TXN00494912,ACCT100019749,ML_PATTERN_DETECTED,89,2024-05-07 15:32:29.811172
ALT0003548,TXN00488263,ACCT100072622,ML_PATTERN_DETECTED,86,2023-03-11 19:28:03.632674
ALT0003549,TXN00485102,ACCT100096261,ML_PATTERN_DETECTED,90,2023-05-08 03:43:40.314183
ALT0003550,TXN00480471,ACCT100090112,ML_PATTERN_DETECTED,53,2024-09-15 09:16:39.841177
ALT0003551,TXN00493040,ACCT100089712,ML_PATTERN_DETECTED,60,2023-12-25 18:05:45.423742
ALT0003552,TXN00479168,ACCT100048407,ML_PATTERN_DETECTED,81,2024-12-12 04:56:04.345509
ALT0003553,TXN00493733,ACCT100076680,ML_PATTERN_DETECTED,51,2024-02-07 02:45:23.348088
ALT0003554,TXN00483465,ACCT100031306,ML_PATTERN_DETECTED,56,2024-03-27 03:49:48.337387
ALT0003555,TXN00480166,ACCT100088223,ML_PATTERN_DETECTED,74,2023-12-17 18:49:16.941534
ALT0003556,TXN00481134,ACCT100061931,ML_PATTERN_DETECTED,50,2023-05-06 13:37:53.469423
ALT0003557,TXN00486429,ACCT100060837,ML_PATTERN_DETECTED,61,2024-06-14 04:50:11.501280
ALT0003558,TXN00485061,ACCT100014805,ML_PATTERN_DETECTED,92,2023-08-05 15:08:58.779517
ALT0003559,TXN00489173,ACCT100045628,ML_PATTERN_DETECTED,55,2023-04-22 01:56:45.858764
ALT0003560,TXN00490111,ACCT100082536,ML_PATTERN_DETECTED,78,2024-10-24 14:23:15.503232
ALT0003561,TXN00498531,ACCT100087523,ML_PATTERN_DETECTED,85,2024-03-01 08:48:09.480824
ALT0003562,TXN00494972,ACCT100023014,ML_PATTERN_DETECTED,84,2024-01-12 18:12:36.655749
ALT0003563,TXN00491363,ACCT100044262,ML_PATTERN_DETECTED,87,2023-02-03 22:21:10.808331
ALT0003564,TXN00499172,ACCT100050646,ML_PATTERN_DETECTED,51,2024-04-15 20:15:31.812542
ALT0003565,TXN00484698,ACCT100077907,ML_PATTERN_DETECTED,70,2023-08-21 08:27:08.335692
ALT0003566,TXN00488255,ACCT100003087,ML_PATTERN_DETECTED,55,2024-03-02 07:48:05.097980
ALT0003567,TXN00492934,ACCT100048749,ML_PATTERN_DETECTED,79,2024-06-03 03:14:44.334397
ALT0003568,TXN00486259,ACCT100065118,ML_PATTERN_DETECTED,83,2024-02-07 15:56:43.925403
ALT0003569,TXN00488276,ACCT100041654,ML_PATTERN_DETECTED,76,2024-10-19 00:36:55.741437
ALT0003570,TXN00486224,ACCT100019035,ML_PATTERN_DETECTED,89,2023-07-22 03:59:47.714316
ALT0003571,TXN00496517,ACCT100028479,ML_PATTERN_DETECTED,91,2023-03-03 04:57:26.921393
ALT0003572,TXN00476391,ACCT100047893,ML_PATTERN_DETECTED,76,2024-11-19 11:50:32.744290
ALT0003573,TXN00485915,ACCT100054551,ML_PATTERN_DETECTED,56,2023-11-19 05:51:40.565178
ALT0003574,TXN00486252,ACCT100023764,ML_PATTERN_DETECTED,61,2024-06-16 06:18:04.195517
ALT0003575,TXN00499960,ACCT100083320,ML_PATTERN_DETECTED,82,2024-10-22 16:53:13.395332
ALT0003576,TXN00488833,ACCT100062920,ML_PATTERN_DETECTED,59,2023-06-02 08:18:46.376884
ALT0003577,TXN00484047,ACCT100077596,ML_PATTERN_DETECTED,53,2024-07-04 16:39:24.261020
ALT0003578,TXN00488619,ACCT100016822,ML_PATTERN_DETECTED,91,2024-04-05 19:48:00.889776
ALT0003579,TXN00479016,ACCT100093748,ML_PATTERN_DETECTED,73,2023-05-14 18:58:08.839320
ALT0003580,TXN00499728,ACCT100097800,ML_PATTERN_DETECTED,57,2023-06-06 05:34:00.833063
ALT0003581,TXN00493850,ACCT100073233,ML_PATTERN_DETECTED,80,2024-03-12 16:43:54.455028
ALT0003582,TXN00498435,ACCT100052813,ML_PATTERN_DETECTED,62,2023-05-30 13:38:52.392183
ALT0003583,TXN00480461,ACCT100000698,ML_PATTERN_DETECTED,86,2024-11-18 22:21:42.647766
ALT0003584,TXN00492636,ACCT100096894,ML_PATTERN_DETECTED,50,2023-03-07 01:16:34.801448
ALT0003585,TXN00493580,ACCT100004872,ML_PATTERN_DETECTED,80,2023-09-15 18:15:40.569586
ALT0003586,TXN00492547,ACCT100010761,ML_PATTERN_DETECTED,61,2024-06-18 00:02:22.243831
ALT0003587,TXN00489076,ACCT100092852,ML_PATTERN_DETECTED,68,2023-12-31 22:47:33.740096
ALT0003588,TXN00475724,ACCT100066872,ML_PATTERN_DETECTED,76,2023-12-10 15:01:29.515857
ALT0003589,TXN00496457,ACCT100069033,ML_PATTERN_DETECTED,84,2024-12-13 22:12:50.126105
ALT0003590,TXN00491843,ACCT100003985,ML_PATTERN_DETECTED,61,2024-10-31 14:35:15.920378
ALT0003591,TXN00483964,ACCT100078087,ML_PATTERN_DETECTED,86,2024-02-02 13:38:31.215534
ALT0003592,TXN00489810,ACCT100028499,ML_PATTERN_DETECTED,81,2024-04-14 11:53:05.889490
ALT0003593,TXN00488115,ACCT100047171,ML_PATTERN_DETECTED,69,2023-01-29 21:10:32.342395
ALT0003594,TXN00478181,ACCT100013376,ML_PATTERN_DETECTED,98,2024-01-19 03:42:07.126899
ALT0003595,TXN00492271,ACCT100053254,ML_PATTERN_DETECTED,92,2024-11-15 11:22:12.848549
ALT0003596,TXN00495758,ACCT100050820,ML_PATTERN_DETECTED,90,2023-08-05 07:29:11.603863
ALT0003597,TXN00486563,ACCT100088296,ML_PATTERN_DETECTED,63,2024-01-23 16:40:09.765931
ALT0003598,TXN00496136,ACCT100078708,ML_PATTERN_DETECTED,68,2023-02-18 12:07:33.566698
ALT0003599,TXN00478507,ACCT100047329,ML_PATTERN_DETECTED,70,2024-12-15 13:51:02.273258
ALT0003600,TXN00496057,ACCT100029701,ML_PATTERN_DETECTED,95,2023-08-27 11:04:15.447148
ALT0003601,TXN00476122,ACCT100069719,ML_PATTERN_DETECTED,87,2023-07-08 11:19:44.624348
ALT0003602,TXN00491693,ACCT100006663,ML_PATTERN_DETECTED,85,2024-08-14 01:21:50.280850
ALT0003603,TXN00486171,ACCT100087179,ML_PATTERN_DETECTED,82,2024-10-20 23:08:37.206779
ALT0003604,TXN00492136,ACCT100064712,ML_PATTERN_DETECTED,80,2023-11-20 18:59:27.938521
ALT0003605,TXN00478481,ACCT100056191,ML_PATTERN_DETECTED,63,2023-03-21 20:57:57.561528
ALT0003606,TXN00487487,ACCT100044815,ML_PATTERN_DETECTED,62,2023-07-02 16:32:03.454462
ALT0003607,TXN00495974,ACCT100096471,ML_PATTERN_DETECTED,50,2024-02-14 12:57:32.443604
ALT0003608,TXN00487990,ACCT100034366,ML_PATTERN_DETECTED,81,2023-11-09 21:20:55.848249
ALT0003609,TXN00486047,ACCT100034866,ML_PATTERN_DETECTED,76,2023-04-26 23:51:21.163081
ALT0003610,TXN00492300,ACCT100084213,ML_PATTERN_DETECTED,87,2024-12-01 03:49:31.795573
ALT0003611,TXN00497103,ACCT100008413,ML_PATTERN_DETECTED,54,2024-06-04 05:19:29.514888
ALT0003612,TXN00497414,ACCT100064452,ML_PATTERN_DETECTED,60,2024-11-15 09:36:33.522557
ALT0003613,TXN00485511,ACCT100020558,ML_PATTERN_DETECTED,56,2024-05-27 20:12:43.623388
ALT0003614,TXN00489119,ACCT100035550,ML_PATTERN_DETECTED,94,2023-11-25 09:47:38.355021
ALT0003615,TXN00476145,ACCT100067754,ML_PATTERN_DETECTED,87,2024-08-01 07:40:23.925864
ALT0003616,TXN00485662,ACCT100025353,ML_PATTERN_DETECTED,92,2023-02-26 06:17:27.278357
ALT0003617,TXN00497990,ACCT100065420,ML_PATTERN_DETECTED,58,2023-05-08 04:48:07.505046
ALT0003618,TXN00499214,ACCT100095074,ML_PATTERN_DETECTED,84,2023-12-29 04:52:00.404345
ALT0003619,TXN00493287,ACCT100043725,ML_PATTERN_DETECTED,60,2023-04-30 03:23:03.641351
ALT0003620,TXN00497337,ACCT100093915,ML_PATTERN_DETECTED,85,2023-04-13 07:16:28.766089
ALT0003621,TXN00498721,ACCT100091039,ML_PATTERN_DETECTED,62,2024-10-24 10:01:48.171432
ALT0003622,TXN00480483,ACCT100078060,ML_PATTERN_DETECTED,71,2023-06-20 14:55:12.587704
ALT0003623,TXN00498990,ACCT100026618,ML_PATTERN_DETECTED,89,2024-06-18 17:52:01.367150
ALT0003624,TXN00479052,ACCT100082540,ML_PATTERN_DETECTED,86,2024-01-25 08:30:11.566612
ALT0003625,TXN00485746,ACCT100041778,ML_PATTERN_DETECTED,58,2024-09-17 23:17:27.778945
ALT0003626,TXN00482809,ACCT100070024,ML_PATTERN_DETECTED,75,2024-11-22 09:58:59.833194
ALT0003627,TXN00475502,ACCT100060195,ML_PATTERN_DETECTED,64,2024-07-18 08:07:23.229861
ALT0003628,TXN00498013,ACCT100000153,ML_PATTERN_DETECTED,87,2024-11-02 03:17:32.468683
ALT0003629,TXN00482317,ACCT100004646,ML_PATTERN_DETECTED,77,2023-03-18 06:24:41.553106
ALT0003630,TXN00489262,ACCT100092255,ML_PATTERN_DETECTED,84,2024-07-17 01:11:03.089793
ALT0003631,TXN00495547,ACCT100036170,ML_PATTERN_DETECTED,77,2023-04-29 16:11:18.902266
ALT0003632,TXN00491809,ACCT100048382,ML_PATTERN_DETECTED,92,2023-05-05 12:15:51.892384
ALT0003633,TXN00481774,ACCT100080084,ML_PATTERN_DETECTED,69,2024-11-10 12:35:10.765265
ALT0003634,TXN00496633,ACCT100008997,ML_PATTERN_DETECTED,73,2024-01-19 17:01:30.634604
ALT0003635,TXN00485941,ACCT100005340,ML_PATTERN_DETECTED,70,2023-01-16 12:30:47.023998
ALT0003636,TXN00476154,ACCT100053051,ML_PATTERN_DETECTED,97,2023-07-18 00:22:08.348655
ALT0003637,TXN00478943,ACCT100046585,ML_PATTERN_DETECTED,66,2024-07-25 04:30:14.448512
ALT0003638,TXN00498578,ACCT100052991,ML_PATTERN_DETECTED,97,2023-12-14 13:41:52.979145
ALT0003639,TXN00480546,ACCT100078748,ML_PATTERN_DETECTED,63,2023-08-19 03:29:47.476421
ALT0003640,TXN00493935,ACCT100069382,ML_PATTERN_DETECTED,82,2023-08-21 04:01:14.040874
ALT0003641,TXN00487004,ACCT100000532,ML_PATTERN_DETECTED,50,2024-08-21 03:10:27.732481
ALT0003642,TXN00497758,ACCT100076437,ML_PATTERN_DETECTED,77,2024-02-27 15:24:26.418809
ALT0003643,TXN00485267,ACCT100087644,ML_PATTERN_DETECTED,64,2024-07-24 00:48:35.070046
ALT0003644,TXN00493901,ACCT100063636,ML_PATTERN_DETECTED,84,2024-06-23 10:15:45.202020
ALT0003645,TXN00492185,ACCT100096687,ML_PATTERN_DETECTED,55,2023-08-03 18:00:43.590997
ALT0003646,TXN00495583,ACCT100082858,ML_PATTERN_DETECTED,74,2024-08-09 02:31:53.036427
ALT0003647,TXN00483389,ACCT100048095,ML_PATTERN_DETECTED,82,2024-01-22 02:50:18.802921
ALT0003648,TXN00497754,ACCT100061566,ML_PATTERN_DETECTED,65,2024-11-12 19:12:58.916307
ALT0003649,TXN00486334,ACCT100069416,ML_PATTERN_DETECTED,88,2024-01-06 00:26:14.672398
ALT0003650,TXN00483074,ACCT100085848,ML_PATTERN_DETECTED,68,2024-02-17 23:38:15.846810
ALT0003651,TXN00496954,ACCT100036101,ML_PATTERN_DETECTED,92,2024-10-20 02:05:18.644035
ALT0003652,TXN00489272,ACCT100047317,ML_PATTERN_DETECTED,53,2023-12-09 00:00:21.803773
ALT0003653,TXN00489077,ACCT100039275,ML_PATTERN_DETECTED,74,2024-02-13 09:12:21.791149
ALT0003654,TXN00483302,ACCT100094399,ML_PATTERN_DETECTED,77,2024-02-27 17:26:29.064081
ALT0003655,TXN00488186,ACCT100093970,ML_PATTERN_DETECTED,61,2023-10-16 17:39:34.114918
ALT0003656,TXN00486455,ACCT100034161,ML_PATTERN_DETECTED,97,2023-10-28 18:13:31.291945
ALT0003657,TXN00485300,ACCT100029795,ML_PATTERN_DETECTED,58,2024-06-29 12:52:59.016408
ALT0003658,TXN00484508,ACCT100029337,ML_PATTERN_DETECTED,84,2024-11-01 21:13:02.874302
ALT0003659,TXN00484362,ACCT100059951,ML_PATTERN_DETECTED,73,2023-12-04 00:28:28.948656
ALT0003660,TXN00487198,ACCT100005758,ML_PATTERN_DETECTED,70,2024-07-24 09:40:54.423074
ALT0003661,TXN00480353,ACCT100049894,ML_PATTERN_DETECTED,95,2023-04-20 22:51:25.332768
ALT0003662,TXN00496264,ACCT100084774,ML_PATTERN_DETECTED,85,2024-03-07 20:40:15.535981
ALT0003663,TXN00479058,ACCT100098778,ML_PATTERN_DETECTED,67,2023-01-24 02:48:28.842934
ALT0003664,TXN00497426,ACCT100047027,ML_PATTERN_DETECTED,58,2024-09-05 09:25:43.861339
ALT0003665,TXN00476686,ACCT100063580,ML_PATTERN_DETECTED,96,2023-07-19 10:15:15.048947
ALT0003666,TXN00476520,ACCT100025568,ML_PATTERN_DETECTED,93,2024-10-26 05:20:02.848362
ALT0003667,TXN00483876,ACCT100058537,ML_PATTERN_DETECTED,91,2024-08-01 17:31:20.060771
ALT0003668,TXN00498932,ACCT100024448,ML_PATTERN_DETECTED,91,2024-08-25 12:12:22.490710
ALT0003669,TXN00487854,ACCT100058194,ML_PATTERN_DETECTED,50,2023-05-21 16:49:04.579097
ALT0003670,TXN00499964,ACCT100043875,ML_PATTERN_DETECTED,65,2024-07-12 06:23:57.225486
ALT0003671,TXN00431480,ACCT100081975,HIGH_VALUE_TXN,94,2024-04-06 22:57:32.964504
ALT0003672,TXN00493370,ACCT100052137,ML_PATTERN_DETECTED,83,2023-03-21 05:21:37.367324
ALT0003673,TXN00482679,ACCT100036923,ML_PATTERN_DETECTED,91,2024-02-06 20:07:59.602309
ALT0003674,TXN00487041,ACCT100010479,ML_PATTERN_DETECTED,62,2024-12-14 10:43:46.133099
ALT0003675,TXN00489919,ACCT100035179,ML_PATTERN_DETECTED,75,2023-08-21 09:33:38.863678
ALT0003676,TXN00491130,ACCT100006421,ML_PATTERN_DETECTED,60,2024-06-16 06:17:36.691406
ALT0003677,TXN00477570,ACCT100001372,ML_PATTERN_DETECTED,67,2023-01-05 22:07:48.641576
ALT0003678,TXN00484016,ACCT100090599,ML_PATTERN_DETECTED,96,2023-06-07 07:30:41.103888
ALT0003679,TXN00486040,ACCT100048810,ML_PATTERN_DETECTED,91,2023-05-10 13:46:55.168036
ALT0003680,TXN00489494,ACCT100033395,ML_PATTERN_DETECTED,92,2024-01-17 10:52:31.165844
ALT0003681,TXN00485414,ACCT100078294,ML_PATTERN_DETECTED,95,2023-12-23 23:57:52.538475
ALT0003682,TXN00489142,ACCT100002713,ML_PATTERN_DETECTED,96,2024-11-06 15:06:31.588635
ALT0003683,TXN00495748,ACCT100011364,ML_PATTERN_DETECTED,90,2024-12-21 09:44:05.720290
ALT0003684,TXN00495498,ACCT100008088,ML_PATTERN_DETECTED,60,2023-06-27 02:50:11.049989
ALT0003685,TXN00477845,ACCT100043551,ML_PATTERN_DETECTED,54,2024-11-19 19:01:34.593433
ALT0003686,TXN00484721,ACCT100086972,ML_PATTERN_DETECTED,62,2024-07-22 14:44:01.196945
ALT0003687,TXN00492366,ACCT100035128,ML_PATTERN_DETECTED,95,2024-10-19 17:22:36.428538
ALT0003688,TXN00490469,ACCT100049940,ML_PATTERN_DETECTED,92,2023-01-21 00:18:22.607338
ALT0003689,TXN00491015,ACCT100080293,ML_PATTERN_DETECTED,98,2024-08-28 13:40:56.880772
ALT0003690,TXN00475692,ACCT100078282,ML_PATTERN_DETECTED,97,2023-05-15 15:18:11.422680
ALT0003691,TXN00498220,ACCT100017526,ML_PATTERN_DETECTED,55,2023-08-27 06:09:39.962917
ALT0003692,TXN00480175,ACCT100055312,ML_PATTERN_DETECTED,77,2023-09-23 06:56:07.599071
ALT0003693,TXN00498265,ACCT100033476,ML_PATTERN_DETECTED,64,2023-01-14 16:47:49.305727
ALT0003694,TXN00490118,ACCT100035124,ML_PATTERN_DETECTED,69,2023-05-14 17:56:23.143932
ALT0003695,TXN00486936,ACCT100048073,ML_PATTERN_DETECTED,73,2024-04-14 07:47:35.694325
ALT0003696,TXN00489643,ACCT100066707,ML_PATTERN_DETECTED,68,2024-08-13 13:33:25.746511
ALT0003697,TXN00478236,ACCT100005657,ML_PATTERN_DETECTED,81,2024-05-05 02:36:25.579088
ALT0003698,TXN00498283,ACCT100004576,ML_PATTERN_DETECTED,86,2023-08-21 04:53:17.240745
ALT0003699,TXN00487962,ACCT100042321,ML_PATTERN_DETECTED,52,2023-04-01 11:12:27.893007
ALT0003700,TXN00477663,ACCT100050008,ML_PATTERN_DETECTED,93,2024-06-06 04:00:19.445413
ALT0003701,TXN00477161,ACCT100015157,ML_PATTERN_DETECTED,62,2024-10-26 20:18:30.068580
ALT0003702,TXN00484160,ACCT100039500,ML_PATTERN_DETECTED,64,2024-01-21 00:14:43.243653
ALT0003703,TXN00493908,ACCT100068902,ML_PATTERN_DETECTED,59,2023-12-05 03:28:42.500965
ALT0003704,TXN00497580,ACCT100027037,ML_PATTERN_DETECTED,97,2023-12-20 19:28:06.875718
ALT0003705,TXN00480453,ACCT100010085,ML_PATTERN_DETECTED,71,2023-03-27 17:03:15.273772
ALT0003706,TXN00490692,ACCT100029532,ML_PATTERN_DETECTED,94,2024-12-20 02:32:08.072742
ALT0003707,TXN00483020,ACCT100035936,ML_PATTERN_DETECTED,81,2023-06-30 11:38:39.707263
ALT0003708,TXN00492203,ACCT100067534,ML_PATTERN_DETECTED,82,2024-12-18 00:52:09.453533
ALT0003709,TXN00483663,ACCT100028160,ML_PATTERN_DETECTED,89,2023-01-19 13:54:12.659477
ALT0003710,TXN00477113,ACCT100041752,ML_PATTERN_DETECTED,74,2023-05-03 13:40:45.233924
ALT0003711,TXN00490130,ACCT100076254,ML_PATTERN_DETECTED,61,2023-02-25 18:19:38.532943
ALT0003712,TXN00476238,ACCT100075272,ML_PATTERN_DETECTED,88,2024-06-25 14:24:51.512923
ALT0003713,TXN00480637,ACCT100090127,ML_PATTERN_DETECTED,58,2024-07-26 13:33:59.490756
ALT0003714,TXN00491572,ACCT100036741,ML_PATTERN_DETECTED,59,2023-09-09 23:25:30.653644
ALT0003715,TXN00476532,ACCT100087869,ML_PATTERN_DETECTED,74,2024-01-24 07:07:52.011194
ALT0003716,TXN00488087,ACCT100005122,ML_PATTERN_DETECTED,74,2024-07-01 17:39:08.568090
ALT0003717,TXN00484097,ACCT100050571,ML_PATTERN_DETECTED,95,2023-05-09 21:50:02.799903
ALT0003718,TXN00490973,ACCT100036276,ML_PATTERN_DETECTED,67,2024-03-30 17:16:01.532520
ALT0003719,TXN00488444,ACCT100071012,ML_PATTERN_DETECTED,66,2023-01-29 00:38:10.529398
ALT0003720,TXN00485163,ACCT100045161,ML_PATTERN_DETECTED,70,2023-05-15 18:33:36.451184
ALT0003721,TXN00489227,ACCT100055245,ML_PATTERN_DETECTED,93,2024-11-27 15:28:11.026569
ALT0003722,TXN00486681,ACCT100079085,ML_PATTERN_DETECTED,74,2024-12-29 23:37:15.210515
ALT0003723,TXN00483870,ACCT100093746,ML_PATTERN_DETECTED,75,2023-02-22 05:26:37.331188
ALT0003724,TXN00497633,ACCT100069307,ML_PATTERN_DETECTED,77,2023-04-01 04:35:20.749612
ALT0003725,TXN00491209,ACCT100079563,ML_PATTERN_DETECTED,82,2023-12-02 19:13:01.470923
ALT0003726,TXN00485621,ACCT100012430,ML_PATTERN_DETECTED,80,2023-10-22 20:35:09.823952
ALT0003727,TXN00495477,ACCT100083423,ML_PATTERN_DETECTED,59,2023-11-29 10:32:50.868931
ALT0003728,TXN00498317,ACCT100060407,ML_PATTERN_DETECTED,58,2024-03-09 13:38:30.072547
ALT0003729,TXN00498357,ACCT100086035,ML_PATTERN_DETECTED,51,2024-11-29 19:25:23.955396
ALT0003730,TXN00481264,ACCT100076830,ML_PATTERN_DETECTED,94,2023-03-16 17:23:03.645224
ALT0003731,TXN00498530,ACCT100033742,ML_PATTERN_DETECTED,81,2024-05-29 00:10:53.795280
ALT0003732,TXN00479390,ACCT100098014,ML_PATTERN_DETECTED,80,2024-09-29 21:34:49.546234
ALT0003733,TXN00482249,ACCT100093292,ML_PATTERN_DETECTED,95,2024-06-21 15:25:22.851380
ALT0003734,TXN00483857,ACCT100082860,ML_PATTERN_DETECTED,72,2024-12-06 19:10:28.139882
ALT0003735,TXN00478370,ACCT100053657,ML_PATTERN_DETECTED,93,2023-11-07 01:45:56.296315
ALT0003736,TXN00493959,ACCT100018989,ML_PATTERN_DETECTED,76,2023-03-09 17:07:21.403880
ALT0003737,TXN00494067,ACCT100052770,ML_PATTERN_DETECTED,58,2024-12-28 01:44:05.898456
ALT0003738,TXN00479139,ACCT100080280,ML_PATTERN_DETECTED,57,2024-11-12 03:15:12.929115
ALT0003739,TXN00495274,ACCT100010038,ML_PATTERN_DETECTED,59,2024-07-03 14:28:34.455527
ALT0003740,TXN00493099,ACCT100044953,ML_PATTERN_DETECTED,56,2023-11-12 06:50:07.423800
ALT0003741,TXN00484601,ACCT100014208,ML_PATTERN_DETECTED,59,2023-07-19 08:27:33.068996
ALT0003742,TXN00479183,ACCT100023742,ML_PATTERN_DETECTED,67,2024-05-04 09:39:44.270099
ALT0003743,TXN00490391,ACCT100043921,ML_PATTERN_DETECTED,89,2024-03-19 05:21:44.300231
ALT0003744,TXN00497166,ACCT100062188,ML_PATTERN_DETECTED,79,2024-12-25 08:36:01.138062
ALT0003745,TXN00480873,ACCT100091570,ML_PATTERN_DETECTED,62,2024-04-29 14:58:38.029374
ALT0003746,TXN00487490,ACCT100029329,ML_PATTERN_DETECTED,50,2023-04-08 01:54:09.383663
ALT0003747,TXN00486719,ACCT100066147,ML_PATTERN_DETECTED,50,2023-08-17 00:24:38.897437
ALT0003748,TXN00480601,ACCT100096830,ML_PATTERN_DETECTED,55,2024-08-12 05:40:23.781892
ALT0003749,TXN00484303,ACCT100039779,ML_PATTERN_DETECTED,62,2024-03-15 00:01:43.040490
ALT0003750,TXN00496005,ACCT100058883,ML_PATTERN_DETECTED,72,2024-02-21 18:33:11.136008
ALT0003751,TXN00489792,ACCT100027589,ML_PATTERN_DETECTED,81,2024-06-05 21:32:59.169473
ALT0003752,TXN00477186,ACCT100075812,ML_PATTERN_DETECTED,77,2024-09-10 12:27:04.912659
ALT0003753,TXN00484515,ACCT100047968,ML_PATTERN_DETECTED,95,2023-06-21 17:01:00.279832
ALT0003754,TXN00491984,ACCT100003029,ML_PATTERN_DETECTED,79,2024-07-11 09:02:23.568242
ALT0003755,TXN00492801,ACCT100050300,ML_PATTERN_DETECTED,69,2023-09-09 11:42:31.003973
ALT0003756,TXN00478650,ACCT100090351,ML_PATTERN_DETECTED,57,2024-05-30 02:51:02.849089
ALT0003757,TXN00495683,ACCT100066769,ML_PATTERN_DETECTED,76,2024-10-01 17:23:58.233400
ALT0003758,TXN00497317,ACCT100044301,ML_PATTERN_DETECTED,88,2023-07-22 12:04:39.947438
ALT0003759,TXN00477519,ACCT100025866,ML_PATTERN_DETECTED,98,2023-04-28 05:07:08.177491
ALT0003760,TXN00476396,ACCT100006152,ML_PATTERN_DETECTED,51,2023-10-21 04:55:39.564903
ALT0003761,TXN00492710,ACCT100002454,ML_PATTERN_DETECTED,86,2024-09-20 05:10:28.750242
ALT0003762,TXN00476286,ACCT100058117,ML_PATTERN_DETECTED,51,2024-02-19 01:29:18.519136
ALT0003763,TXN00497035,ACCT100086771,ML_PATTERN_DETECTED,74,2023-10-09 09:31:19.094816
ALT0003764,TXN00495622,ACCT100073873,ML_PATTERN_DETECTED,89,2023-12-15 16:53:48.806726
ALT0003765,TXN00488423,ACCT100083829,ML_PATTERN_DETECTED,91,2023-08-04 09:51:50.566015
ALT0003766,TXN00485766,ACCT100028844,ML_PATTERN_DETECTED,81,2024-03-11 13:19:49.808627
ALT0003767,TXN00492875,ACCT100011746,ML_PATTERN_DETECTED,59,2024-02-06 15:24:21.926103
ALT0003768,TXN00479369,ACCT100030477,ML_PATTERN_DETECTED,61,2023-01-10 20:15:50.027141
ALT0003769,TXN00475828,ACCT100087902,ML_PATTERN_DETECTED,67,2023-02-16 07:21:04.957024
ALT0003770,TXN00479054,ACCT100053542,ML_PATTERN_DETECTED,69,2024-12-29 10:57:55.783456
ALT0003771,TXN00479693,ACCT100028335,ML_PATTERN_DETECTED,86,2023-04-22 21:39:55.849580
ALT0003772,TXN00485272,ACCT100073862,ML_PATTERN_DETECTED,71,2024-03-02 01:10:24.714955
ALT0003773,TXN00489549,ACCT100071149,ML_PATTERN_DETECTED,82,2023-02-16 23:41:54.913137
ALT0003774,TXN00499671,ACCT100025288,ML_PATTERN_DETECTED,71,2023-03-02 07:14:43.466645
ALT0003775,TXN00493927,ACCT100090843,ML_PATTERN_DETECTED,60,2024-06-21 14:29:18.305817
ALT0003776,TXN00495137,ACCT100059131,ML_PATTERN_DETECTED,83,2023-03-18 18:01:32.001152
ALT0003777,TXN00477624,ACCT100027542,ML_PATTERN_DETECTED,89,2023-06-13 02:12:21.205475
ALT0003778,TXN00492477,ACCT100007756,ML_PATTERN_DETECTED,82,2024-06-01 11:18:03.126320
ALT0003779,TXN00487650,ACCT100081973,ML_PATTERN_DETECTED,74,2024-03-07 18:33:25.937169
ALT0003780,TXN00491539,ACCT100029044,ML_PATTERN_DETECTED,69,2023-08-15 19:06:33.983111
ALT0003781,TXN00476755,ACCT100038460,ML_PATTERN_DETECTED,91,2023-05-22 08:49:30.494754
ALT0003782,TXN00477460,ACCT100060034,ML_PATTERN_DETECTED,89,2023-04-03 01:00:36.578324
ALT0003783,TXN00486942,ACCT100089623,ML_PATTERN_DETECTED,78,2024-04-20 03:46:18.971926
ALT0003784,TXN00481097,ACCT100093447,ML_PATTERN_DETECTED,59,2023-06-07 15:51:31.105946
ALT0003785,TXN00499468,ACCT100000668,ML_PATTERN_DETECTED,63,2023-08-10 23:37:35.400921
ALT0003786,TXN00498294,ACCT100056826,ML_PATTERN_DETECTED,79,2023-12-11 08:21:09.960983
ALT0003787,TXN00487094,ACCT100026172,ML_PATTERN_DETECTED,65,2023-12-01 16:18:03.735262
ALT0003788,TXN00497152,ACCT100008073,ML_PATTERN_DETECTED,84,2024-01-12 21:27:54.416725
ALT0003789,TXN00491020,ACCT100062936,ML_PATTERN_DETECTED,91,2023-09-01 20:13:01.232519
ALT0003790,TXN00493476,ACCT100025394,ML_PATTERN_DETECTED,85,2023-10-07 16:18:44.848052
ALT0003791,TXN00479663,ACCT100033467,ML_PATTERN_DETECTED,51,2023-08-26 12:36:46.673069
ALT0003792,TXN00486850,ACCT100096289,ML_PATTERN_DETECTED,87,2024-08-16 04:44:04.611173
ALT0003793,TXN00498534,ACCT100020485,ML_PATTERN_DETECTED,51,2024-09-19 11:53:09.118170
ALT0003794,TXN00499297,ACCT100034495,ML_PATTERN_DETECTED,79,2023-07-28 02:32:07.262055
ALT0003795,TXN00486335,ACCT100008875,ML_PATTERN_DETECTED,84,2023-10-07 16:25:37.695199
ALT0003796,TXN00497837,ACCT100015704,ML_PATTERN_DETECTED,86,2023-05-12 17:25:36.453065
ALT0003797,TXN00496655,ACCT100014311,ML_PATTERN_DETECTED,84,2023-10-21 04:26:00.325130
ALT0003798,TXN00481648,ACCT100093827,ML_PATTERN_DETECTED,58,2023-03-05 08:57:10.137951
ALT0003799,TXN00485760,ACCT100067348,ML_PATTERN_DETECTED,95,2024-11-06 12:29:01.787550
ALT0003800,TXN00479993,ACCT100078120,ML_PATTERN_DETECTED,85,2024-07-07 21:45:32.032973
ALT0003801,TXN00493526,ACCT100071537,ML_PATTERN_DETECTED,79,2024-09-18 09:24:35.499040
ALT0003802,TXN00492671,ACCT100065888,ML_PATTERN_DETECTED,63,2024-09-20 17:20:45.481878
ALT0003803,TXN00475292,ACCT100054528,ML_PATTERN_DETECTED,89,2023-10-06 07:40:50.278763
ALT0003804,TXN00490007,ACCT100087670,ML_PATTERN_DETECTED,54,2024-10-12 13:18:31.511042
ALT0003805,TXN00484880,ACCT100095459,ML_PATTERN_DETECTED,85,2024-09-25 02:56:47.447329
ALT0003806,TXN00495784,ACCT100040450,ML_PATTERN_DETECTED,83,2024-08-06 08:36:06.654392
ALT0003807,TXN00478442,ACCT100086919,ML_PATTERN_DETECTED,74,2024-02-09 02:55:25.559703
ALT0003808,TXN00486191,ACCT100086107,ML_PATTERN_DETECTED,52,2023-11-05 12:05:08.266013
ALT0003809,TXN00499878,ACCT100064314,ML_PATTERN_DETECTED,65,2023-04-16 11:39:05.574986
ALT0003810,TXN00487568,ACCT100000162,ML_PATTERN_DETECTED,75,2023-12-17 04:57:44.972442
ALT0003811,TXN00480811,ACCT100013413,ML_PATTERN_DETECTED,90,2023-01-04 10:01:13.037552
ALT0003812,TXN00498865,ACCT100025166,ML_PATTERN_DETECTED,61,2024-05-22 19:39:18.889101
ALT0003813,TXN00499713,ACCT100019048,ML_PATTERN_DETECTED,79,2024-08-27 11:24:56.734968
ALT0003814,TXN00483996,ACCT100017852,ML_PATTERN_DETECTED,93,2024-02-11 15:16:13.173946
ALT0003815,TXN00476667,ACCT100024393,ML_PATTERN_DETECTED,55,2023-06-26 07:59:47.896700
ALT0003816,TXN00490008,ACCT100084182,ML_PATTERN_DETECTED,55,2023-10-30 02:08:00.708651
ALT0003817,TXN00489802,ACCT100060952,ML_PATTERN_DETECTED,65,2023-01-04 15:29:28.441983
ALT0003818,TXN00485461,ACCT100012100,ML_PATTERN_DETECTED,96,2023-02-24 21:01:36.290680
ALT0003819,TXN00484937,ACCT100050351,ML_PATTERN_DETECTED,73,2024-05-27 13:34:35.611777
ALT0003820,TXN00499528,ACCT100044841,ML_PATTERN_DETECTED,55,2024-08-01 02:28:33.098183
ALT0003821,TXN00495115,ACCT100028843,ML_PATTERN_DETECTED,63,2023-07-04 12:15:42.821885
ALT0003822,TXN00476926,ACCT100075105,ML_PATTERN_DETECTED,77,2024-06-28 10:49:01.576636
ALT0003823,TXN00485492,ACCT100079728,ML_PATTERN_DETECTED,52,2023-07-29 13:54:36.905226
ALT0003824,TXN00476652,ACCT100001963,ML_PATTERN_DETECTED,79,2024-11-06 23:31:46.270191
ALT0003825,TXN00476610,ACCT100044915,ML_PATTERN_DETECTED,83,2023-02-12 01:23:57.608133
ALT0003826,TXN00487850,ACCT100041251,ML_PATTERN_DETECTED,87,2024-08-29 01:34:27.069397
ALT0003827,TXN00498110,ACCT100031630,ML_PATTERN_DETECTED,59,2023-09-02 10:17:22.740000
ALT0003828,TXN00480460,ACCT100065296,ML_PATTERN_DETECTED,68,2023-03-31 09:41:25.125837
ALT0003829,TXN00483562,ACCT100077820,ML_PATTERN_DETECTED,65,2024-09-08 19:01:19.533351
ALT0003830,TXN00485035,ACCT100012124,ML_PATTERN_DETECTED,78,2023-07-08 15:54:01.139061
ALT0003831,TXN00480305,ACCT100048464,ML_PATTERN_DETECTED,85,2023-01-24 06:55:56.972895
ALT0003832,TXN00496869,ACCT100046325,ML_PATTERN_DETECTED,53,2024-08-19 00:47:19.533158
ALT0003833,TXN00485542,ACCT100011788,ML_PATTERN_DETECTED,58,2024-10-28 09:19:22.188885
ALT0003834,TXN00496836,ACCT100070905,ML_PATTERN_DETECTED,83,2023-06-06 22:45:42.212654
ALT0003835,TXN00494744,ACCT100015643,ML_PATTERN_DETECTED,86,2023-11-24 18:34:39.227997
ALT0003836,TXN00487096,ACCT100008300,ML_PATTERN_DETECTED,51,2024-07-13 03:45:17.699708
ALT0003837,TXN00480162,ACCT100062815,ML_PATTERN_DETECTED,50,2023-06-09 00:53:20.254723
ALT0003838,TXN00480291,ACCT100008387,ML_PATTERN_DETECTED,67,2023-11-29 08:12:59.436232
ALT0003839,TXN00490251,ACCT100040401,ML_PATTERN_DETECTED,85,2024-06-08 10:59:27.990384
ALT0003840,TXN00480654,ACCT100000464,ML_PATTERN_DETECTED,58,2024-10-20 20:21:46.067853
ALT0003841,TXN00475668,ACCT100016717,ML_PATTERN_DETECTED,70,2023-10-05 09:27:50.659754
ALT0003842,TXN00494096,ACCT100019754,ML_PATTERN_DETECTED,65,2023-12-14 00:06:03.074489
ALT0003843,TXN00481039,ACCT100067001,ML_PATTERN_DETECTED,69,2024-01-28 11:38:17.371372
ALT0003844,TXN00497643,ACCT100093508,ML_PATTERN_DETECTED,80,2023-12-19 09:52:15.557252
ALT0003845,TXN00485352,ACCT100094489,ML_PATTERN_DETECTED,60,2023-11-05 13:53:39.195999
ALT0003846,TXN00488609,ACCT100085418,ML_PATTERN_DETECTED,77,2024-04-28 20:00:04.800404
ALT0003847,TXN00496693,ACCT100009648,ML_PATTERN_DETECTED,84,2023-09-28 11:18:15.839059
ALT0003848,TXN00496476,ACCT100039616,ML_PATTERN_DETECTED,90,2023-01-24 17:12:30.670638
ALT0003849,TXN00476276,ACCT100009488,ML_PATTERN_DETECTED,75,2023-01-10 12:17:02.477507
ALT0003850,TXN00498567,ACCT100009923,ML_PATTERN_DETECTED,74,2024-09-07 16:55:57.458778
ALT0003851,TXN00499788,ACCT100009847,ML_PATTERN_DETECTED,67,2024-03-18 14:13:20.212987
ALT0003852,TXN00497800,ACCT100004898,ML_PATTERN_DETECTED,94,2023-11-24 16:13:10.155117
ALT0003853,TXN00485056,ACCT100036678,ML_PATTERN_DETECTED,98,2023-02-07 22:28:52.407260
ALT0003854,TXN00482693,ACCT100039011,ML_PATTERN_DETECTED,67,2024-11-21 06:04:13.015514
ALT0003855,TXN00491346,ACCT100095972,ML_PATTERN_DETECTED,75,2024-10-02 23:24:27.895698
ALT0003856,TXN00496558,ACCT100037649,ML_PATTERN_DETECTED,80,2024-09-03 09:27:59.121144
ALT0003857,TXN00497660,ACCT100052651,ML_PATTERN_DETECTED,85,2024-04-02 09:23:59.189615
ALT0003858,TXN00490157,ACCT100070506,ML_PATTERN_DETECTED,64,2024-06-18 03:55:22.498329
ALT0003859,TXN00484477,ACCT100089517,ML_PATTERN_DETECTED,76,2023-03-14 08:35:24.017039
ALT0003860,TXN00491140,ACCT100068421,ML_PATTERN_DETECTED,91,2023-06-06 03:35:23.050115
ALT0003861,TXN00487724,ACCT100024936,ML_PATTERN_DETECTED,70,2023-01-09 07:22:57.253095
ALT0003862,TXN00478647,ACCT100026927,ML_PATTERN_DETECTED,64,2024-08-19 07:14:21.106829
ALT0003863,TXN00498377,ACCT100031774,ML_PATTERN_DETECTED,50,2023-06-09 15:10:37.204791
ALT0003864,TXN00483844,ACCT100065965,ML_PATTERN_DETECTED,79,2023-08-17 06:36:05.483827
ALT0003865,TXN00485264,ACCT100071961,ML_PATTERN_DETECTED,62,2024-09-08 05:02:52.625481
ALT0003866,TXN00489752,ACCT100000929,ML_PATTERN_DETECTED,74,2023-04-05 17:40:45.477618
ALT0003867,TXN00488235,ACCT100035486,ML_PATTERN_DETECTED,62,2024-10-04 01:24:20.101285
ALT0003868,TXN00493553,ACCT100020679,ML_PATTERN_DETECTED,76,2023-07-17 17:03:14.694730
ALT0003869,TXN00492735,ACCT100062601,ML_PATTERN_DETECTED,54,2023-07-05 23:40:43.778572
ALT0003870,TXN00482080,ACCT100075079,ML_PATTERN_DETECTED,93,2023-03-14 22:10:45.280421
ALT0003871,TXN00498953,ACCT100090233,ML_PATTERN_DETECTED,64,2023-07-22 04:32:20.558551
ALT0003872,TXN00479067,ACCT100080456,ML_PATTERN_DETECTED,87,2024-08-06 16:01:10.949850
ALT0003873,TXN00493632,ACCT100012352,ML_PATTERN_DETECTED,64,2024-07-24 09:58:37.105243
ALT0003874,TXN00478396,ACCT100031712,ML_PATTERN_DETECTED,88,2023-02-28 17:19:45.572412
ALT0003875,TXN00496280,ACCT100099830,ML_PATTERN_DETECTED,60,2024-09-01 02:12:24.004109
ALT0003876,TXN00497973,ACCT100015188,ML_PATTERN_DETECTED,79,2023-12-28 11:52:02.385665
ALT0003877,TXN00487350,ACCT100076672,ML_PATTERN_DETECTED,51,2024-04-19 21:12:04.476789
ALT0003878,TXN00480273,ACCT100084243,ML_PATTERN_DETECTED,95,2023-10-23 03:13:10.548151
ALT0003879,TXN00487758,ACCT100029929,ML_PATTERN_DETECTED,56,2023-09-27 20:28:15.856153
ALT0003880,TXN00478358,ACCT100051040,ML_PATTERN_DETECTED,94,2023-07-04 17:47:56.861874
ALT0003881,TXN00481068,ACCT100084991,ML_PATTERN_DETECTED,97,2023-11-02 13:02:13.575552
ALT0003882,TXN00484569,ACCT100018606,ML_PATTERN_DETECTED,87,2023-05-03 17:57:06.052253
ALT0003883,TXN00478113,ACCT100033647,ML_PATTERN_DETECTED,56,2024-10-24 05:28:33.155620
ALT0003884,TXN00480975,ACCT100075646,ML_PATTERN_DETECTED,85,2024-04-02 09:55:55.934184
ALT0003885,TXN00482218,ACCT100007900,ML_PATTERN_DETECTED,94,2024-07-15 07:19:16.789302
ALT0003886,TXN00482906,ACCT100092720,ML_PATTERN_DETECTED,94,2023-09-25 11:32:02.738086
ALT0003887,TXN00478869,ACCT100024771,ML_PATTERN_DETECTED,96,2023-09-20 08:50:52.610133
ALT0003888,TXN00498405,ACCT100023425,ML_PATTERN_DETECTED,70,2023-04-30 16:12:30.575660
ALT0003889,TXN00493413,ACCT100081049,ML_PATTERN_DETECTED,68,2024-10-08 12:54:25.813356
ALT0003890,TXN00482833,ACCT100036064,ML_PATTERN_DETECTED,68,2023-12-09 21:14:08.534217
ALT0003891,TXN00477022,ACCT100034728,ML_PATTERN_DETECTED,87,2024-01-13 12:06:04.238343
ALT0003892,TXN00490837,ACCT100030862,ML_PATTERN_DETECTED,62,2023-08-18 20:04:13.962323
ALT0003893,TXN00499765,ACCT100007417,ML_PATTERN_DETECTED,91,2023-11-04 14:11:50.380947
ALT0003894,TXN00483635,ACCT100062167,ML_PATTERN_DETECTED,78,2024-09-15 23:52:03.186263
ALT0003895,TXN00497409,ACCT100095757,ML_PATTERN_DETECTED,60,2023-12-24 18:56:57.320694
ALT0003896,TXN00499437,ACCT100092753,ML_PATTERN_DETECTED,54,2023-01-27 13:34:34.487541
ALT0003897,TXN00494381,ACCT100082087,ML_PATTERN_DETECTED,65,2024-05-13 22:03:47.803479
ALT0003898,TXN00481836,ACCT100046088,ML_PATTERN_DETECTED,89,2023-06-01 19:13:44.573574
ALT0003899,TXN00488433,ACCT100074983,ML_PATTERN_DETECTED,95,2023-01-30 13:36:52.012303
ALT0003900,TXN00494882,ACCT100073649,ML_PATTERN_DETECTED,83,2024-01-05 07:19:37.183588
ALT0003901,TXN00481922,ACCT100027235,ML_PATTERN_DETECTED,79,2024-01-07 13:00:55.918417
ALT0003902,TXN00481495,ACCT100034030,ML_PATTERN_DETECTED,86,2024-03-25 05:05:57.140976
ALT0003903,TXN00477169,ACCT100014513,ML_PATTERN_DETECTED,63,2024-07-27 02:29:14.581783
ALT0003904,TXN00478606,ACCT100059725,ML_PATTERN_DETECTED,69,2023-08-13 00:31:21.986285
ALT0003905,TXN00475205,ACCT100050727,ML_PATTERN_DETECTED,94,2024-12-30 08:19:25.206204
ALT0003906,TXN00491300,ACCT100003502,ML_PATTERN_DETECTED,58,2024-11-13 13:49:48.841000
ALT0003907,TXN00478342,ACCT100017807,ML_PATTERN_DETECTED,63,2024-02-08 16:12:08.073360
ALT0003908,TXN00479967,ACCT100036826,ML_PATTERN_DETECTED,50,2023-09-28 08:21:43.617002
ALT0003909,TXN00477150,ACCT100083469,ML_PATTERN_DETECTED,67,2023-11-07 08:05:20.058680
ALT0003910,TXN00498424,ACCT100022880,ML_PATTERN_DETECTED,59,2024-03-05 06:27:41.445074
ALT0003911,TXN00480420,ACCT100021761,ML_PATTERN_DETECTED,80,2024-01-02 07:31:09.718657
ALT0003912,TXN00487593,ACCT100002178,ML_PATTERN_DETECTED,63,2024-11-05 12:43:00.507394
ALT0003913,TXN00494750,ACCT100036665,ML_PATTERN_DETECTED,93,2023-11-11 00:00:14.121193
ALT0003914,TXN00479654,ACCT100073340,ML_PATTERN_DETECTED,82,2024-03-20 08:51:20.301904
ALT0003915,TXN00486207,ACCT100084327,ML_PATTERN_DETECTED,80,2023-06-03 02:29:02.180807
ALT0003916,TXN00486836,ACCT100041063,ML_PATTERN_DETECTED,73,2024-08-13 12:20:52.542579
ALT0003917,TXN00495615,ACCT100041652,ML_PATTERN_DETECTED,69,2024-02-11 15:51:06.230809
ALT0003918,TXN00484345,ACCT100057719,ML_PATTERN_DETECTED,59,2023-01-15 06:45:03.757725
ALT0003919,TXN00488760,ACCT100081157,ML_PATTERN_DETECTED,89,2024-06-30 12:42:39.297647
ALT0003920,TXN00489609,ACCT100066954,ML_PATTERN_DETECTED,93,2023-07-08 23:39:27.915936
ALT0003921,TXN00481534,ACCT100078552,ML_PATTERN_DETECTED,83,2023-06-07 20:16:16.821370
ALT0003922,TXN00495780,ACCT100035580,ML_PATTERN_DETECTED,56,2024-11-12 02:57:35.022784
ALT0003923,TXN00493088,ACCT100040907,ML_PATTERN_DETECTED,59,2024-01-28 08:45:13.404302
ALT0003924,TXN00492649,ACCT100009887,ML_PATTERN_DETECTED,67,2024-02-15 20:05:01.183083
ALT0003925,TXN00497386,ACCT100037528,ML_PATTERN_DETECTED,67,2024-12-26 19:34:05.010660
ALT0003926,TXN00479990,ACCT100060252,ML_PATTERN_DETECTED,71,2024-06-28 04:10:16.829371
ALT0003927,TXN00478922,ACCT100087376,ML_PATTERN_DETECTED,54,2024-02-25 20:29:49.074256
ALT0003928,TXN00494191,ACCT100019669,ML_PATTERN_DETECTED,88,2024-10-01 10:35:13.196040
ALT0003929,TXN00497308,ACCT100065466,ML_PATTERN_DETECTED,57,2024-09-03 08:56:45.367685
ALT0003930,TXN00475432,ACCT100081732,ML_PATTERN_DETECTED,93,2024-12-10 03:12:16.495739
ALT0003931,TXN00494450,ACCT100020093,ML_PATTERN_DETECTED,87,2024-02-15 17:44:18.017516
ALT0003932,TXN00475307,ACCT100063818,ML_PATTERN_DETECTED,77,2024-08-30 01:31:01.633063
ALT0003933,TXN00478681,ACCT100008963,ML_PATTERN_DETECTED,55,2023-11-11 21:12:11.607264
ALT0003934,TXN00475791,ACCT100093214,ML_PATTERN_DETECTED,51,2024-07-26 03:01:48.823166
ALT0003935,TXN00491310,ACCT100093549,ML_PATTERN_DETECTED,59,2024-03-04 19:01:29.543624
ALT0003936,TXN00492267,ACCT100042849,ML_PATTERN_DETECTED,71,2023-06-24 02:30:17.185608
ALT0003937,TXN00484147,ACCT100032740,ML_PATTERN_DETECTED,73,2023-08-26 00:37:13.516751
ALT0003938,TXN00496937,ACCT100096681,ML_PATTERN_DETECTED,95,2023-03-15 19:16:19.128859
ALT0003939,TXN00497121,ACCT100011474,ML_PATTERN_DETECTED,85,2024-11-19 01:28:12.008863
ALT0003940,TXN00485000,ACCT100057819,ML_PATTERN_DETECTED,74,2023-02-17 23:03:17.056347
ALT0003941,TXN00482872,ACCT100094883,ML_PATTERN_DETECTED,65,2023-01-14 07:50:45.301650
ALT0003942,TXN00479134,ACCT100031369,ML_PATTERN_DETECTED,72,2023-09-01 11:57:16.920122
ALT0003943,TXN00480038,ACCT100032259,ML_PATTERN_DETECTED,54,2024-03-10 08:04:30.083096
ALT0003944,TXN00477475,ACCT100038905,ML_PATTERN_DETECTED,84,2024-10-03 17:43:46.369065
ALT0003945,TXN00496518,ACCT100083303,ML_PATTERN_DETECTED,82,2023-02-23 00:39:21.786033
ALT0003946,TXN00497900,ACCT100055990,ML_PATTERN_DETECTED,57,2024-07-19 01:47:33.577967
ALT0003947,TXN00489973,ACCT100026818,ML_PATTERN_DETECTED,61,2023-04-28 11:44:11.877656
ALT0003948,TXN00491170,ACCT100011884,ML_PATTERN_DETECTED,90,2023-07-08 12:24:14.033685
ALT0003949,TXN00476871,ACCT100072370,ML_PATTERN_DETECTED,87,2024-10-02 16:08:59.968289
ALT0003950,TXN00484040,ACCT100084403,ML_PATTERN_DETECTED,72,2023-06-09 05:47:44.927858
ALT0003951,TXN00493212,ACCT100025229,ML_PATTERN_DETECTED,57,2023-11-28 07:21:51.394533
ALT0003952,TXN00498394,ACCT100027005,ML_PATTERN_DETECTED,67,2024-03-22 03:17:44.425639
ALT0003953,TXN00480858,ACCT100072743,ML_PATTERN_DETECTED,95,2024-06-01 06:56:02.787733
ALT0003954,TXN00477398,ACCT100098575,ML_PATTERN_DETECTED,73,2023-04-09 11:36:56.278207
ALT0003955,TXN00479284,ACCT100007007,ML_PATTERN_DETECTED,70,2024-05-01 01:09:46.744010
ALT0003956,TXN00486498,ACCT100069006,ML_PATTERN_DETECTED,52,2024-01-18 21:55:03.444509
ALT0003957,TXN00493424,ACCT100028815,ML_PATTERN_DETECTED,64,2023-02-27 14:07:33.441572
ALT0003958,TXN00495388,ACCT100043310,ML_PATTERN_DETECTED,76,2023-03-29 19:22:00.374388
ALT0003959,TXN00487058,ACCT100097756,ML_PATTERN_DETECTED,82,2023-03-07 17:42:21.700357
ALT0003960,TXN00482897,ACCT100022585,ML_PATTERN_DETECTED,80,2023-02-12 13:58:30.750309
ALT0003961,TXN00494036,ACCT100042168,ML_PATTERN_DETECTED,57,2024-07-09 22:51:46.563183
ALT0003962,TXN00491612,ACCT100078444,ML_PATTERN_DETECTED,55,2023-09-18 05:19:19.856916
ALT0003963,TXN00499473,ACCT100042715,ML_PATTERN_DETECTED,53,2023-11-03 14:29:09.510678
ALT0003964,TXN00476437,ACCT100001581,ML_PATTERN_DETECTED,94,2024-10-16 01:11:59.838647
ALT0003965,TXN00475686,ACCT100027238,ML_PATTERN_DETECTED,96,2023-01-17 04:29:04.939060
ALT0003966,TXN00489316,ACCT100039414,ML_PATTERN_DETECTED,88,2024-06-09 14:27:06.330911
ALT0003967,TXN00484401,ACCT100052392,ML_PATTERN_DETECTED,96,2023-07-07 06:01:15.558510
ALT0003968,TXN00485411,ACCT100069120,ML_PATTERN_DETECTED,85,2023-01-10 19:04:26.456446
ALT0003969,TXN00486718,ACCT100059877,ML_PATTERN_DETECTED,88,2023-06-15 20:13:06.480753
ALT0003970,TXN00480281,ACCT100036370,ML_PATTERN_DETECTED,63,2023-05-14 13:55:49.719819
ALT0003971,TXN00486975,ACCT100042882,ML_PATTERN_DETECTED,50,2024-10-01 15:20:19.075030
ALT0003972,TXN00490078,ACCT100066785,ML_PATTERN_DETECTED,58,2024-11-14 22:14:42.487013
ALT0003973,TXN00478514,ACCT100053273,ML_PATTERN_DETECTED,81,2023-08-02 12:54:48.619796
ALT0003974,TXN00491580,ACCT100068873,ML_PATTERN_DETECTED,72,2023-03-08 15:31:53.368733
ALT0003975,TXN00479498,ACCT100026598,ML_PATTERN_DETECTED,74,2024-09-10 18:21:01.516057
ALT0003976,TXN00495146,ACCT100040332,ML_PATTERN_DETECTED,67,2024-09-02 20:43:54.354946
ALT0003977,TXN00487224,ACCT100059951,ML_PATTERN_DETECTED,79,2024-03-18 17:01:42.284786
ALT0003978,TXN00486776,ACCT100051074,ML_PATTERN_DETECTED,66,2024-07-14 13:53:12.218616
ALT0003979,TXN00489597,ACCT100092852,ML_PATTERN_DETECTED,70,2023-09-13 20:56:32.384298
ALT0003980,TXN00481996,ACCT100044195,ML_PATTERN_DETECTED,58,2024-05-17 14:45:43.715000
ALT0003981,TXN00475714,ACCT100043300,ML_PATTERN_DETECTED,57,2024-05-04 21:51:48.392885
ALT0003982,TXN00494931,ACCT100046009,ML_PATTERN_DETECTED,78,2024-04-29 00:12:46.962298
ALT0003983,TXN00475751,ACCT100095243,ML_PATTERN_DETECTED,68,2023-02-11 09:42:00.709555
ALT0003984,TXN00498389,ACCT100067297,ML_PATTERN_DETECTED,80,2024-02-15 09:30:05.368033
ALT0003985,TXN00496799,ACCT100000372,ML_PATTERN_DETECTED,56,2023-12-25 08:38:12.459866
ALT0003986,TXN00496324,ACCT100072155,ML_PATTERN_DETECTED,86,2024-09-25 05:44:29.052135
ALT0003987,TXN00475282,ACCT100086883,ML_PATTERN_DETECTED,67,2024-09-28 20:00:02.469258
ALT0003988,TXN00496240,ACCT100027285,ML_PATTERN_DETECTED,88,2023-07-18 12:25:02.428446
ALT0003989,TXN00478076,ACCT100035580,ML_PATTERN_DETECTED,64,2023-07-16 09:37:54.291616
ALT0003990,TXN00480238,ACCT100097129,ML_PATTERN_DETECTED,92,2023-12-16 23:16:35.056961
ALT0003991,TXN00492847,ACCT100061797,ML_PATTERN_DETECTED,62,2023-12-25 14:30:24.001294
ALT0003992,TXN00498815,ACCT100087403,ML_PATTERN_DETECTED,90,2023-11-03 12:17:19.650503
ALT0003993,TXN00488071,ACCT100020085,ML_PATTERN_DETECTED,94,2023-04-15 10:44:15.897168
ALT0003994,TXN00498180,ACCT100042051,ML_PATTERN_DETECTED,51,2024-06-14 23:42:10.076981
ALT0003995,TXN00490900,ACCT100041158,ML_PATTERN_DETECTED,75,2024-02-18 15:51:06.979326
ALT0003996,TXN00484077,ACCT100082556,ML_PATTERN_DETECTED,53,2023-09-27 21:05:13.025848
ALT0003997,TXN00494379,ACCT100005778,ML_PATTERN_DETECTED,83,2024-12-25 19:27:43.462674
ALT0003998,TXN00484934,ACCT100015484,ML_PATTERN_DETECTED,89,2024-08-20 11:41:37.460808
ALT0003999,TXN00490425,ACCT100088737,ML_PATTERN_DETECTED,52,2023-08-01 05:50:05.753721
ALT0004000,TXN00478637,ACCT100087667,ML_PATTERN_DETECTED,54,2024-05-31 12:55:38.008690
ALT0004001,TXN00498946,ACCT100060730,ML_PATTERN_DETECTED,55,2023-06-12 02:42:28.257587
ALT0004002,TXN00491679,ACCT100051608,ML_PATTERN_DETECTED,98,2024-03-29 23:18:20.306065
ALT0004003,TXN00476009,ACCT100071452,ML_PATTERN_DETECTED,87,2023-02-11 16:09:10.783499
ALT0004004,TXN00478317,ACCT100037150,ML_PATTERN_DETECTED,70,2024-10-22 01:46:51.851826
ALT0004005,TXN00498624,ACCT100002940,ML_PATTERN_DETECTED,92,2023-09-07 02:04:40.505725
ALT0004006,TXN00498123,ACCT100053827,ML_PATTERN_DETECTED,86,2024-05-31 16:13:22.606481
ALT0004007,TXN00481294,ACCT100024471,ML_PATTERN_DETECTED,63,2024-04-08 21:04:56.114663
ALT0004008,TXN00490240,ACCT100072818,ML_PATTERN_DETECTED,74,2023-07-09 21:30:44.008678
ALT0004009,TXN00495918,ACCT100042457,ML_PATTERN_DETECTED,51,2023-12-10 23:34:08.665857
ALT0004010,TXN00481763,ACCT100006462,ML_PATTERN_DETECTED,56,2023-06-24 14:44:10.299041
ALT0004011,TXN00498616,ACCT100068403,ML_PATTERN_DETECTED,87,2024-10-20 13:51:42.330806
ALT0004012,TXN00485189,ACCT100029070,ML_PATTERN_DETECTED,79,2023-01-07 04:43:25.914664
ALT0004013,TXN00494756,ACCT100046088,ML_PATTERN_DETECTED,55,2024-07-25 16:57:15.949735
ALT0004014,TXN00476914,ACCT100042838,ML_PATTERN_DETECTED,56,2023-08-24 20:44:39.354625
ALT0004015,TXN00499985,ACCT100032368,ML_PATTERN_DETECTED,87,2023-01-15 23:45:41.047760
ALT0004016,TXN00475960,ACCT100087208,ML_PATTERN_DETECTED,57,2024-05-21 14:30:19.661871
ALT0004017,TXN00478161,ACCT100055832,ML_PATTERN_DETECTED,75,2024-05-04 07:10:00.898549
ALT0004018,TXN00483537,ACCT100047284,ML_PATTERN_DETECTED,96,2024-01-16 21:01:17.067875
ALT0004019,TXN00479851,ACCT100065736,ML_PATTERN_DETECTED,70,2023-12-24 00:54:44.822834
ALT0004020,TXN00487429,ACCT100051297,ML_PATTERN_DETECTED,83,2023-10-14 02:43:05.544229
ALT0004021,TXN00476646,ACCT100040352,ML_PATTERN_DETECTED,71,2024-03-05 11:09:08.603527
ALT0004022,TXN00492871,ACCT100038155,ML_PATTERN_DETECTED,71,2023-11-10 06:38:44.429776
ALT0004023,TXN00499709,ACCT100020482,ML_PATTERN_DETECTED,83,2024-03-27 15:57:27.099318
ALT0004024,TXN00496767,ACCT100035267,ML_PATTERN_DETECTED,81,2024-07-01 17:47:23.304553
ALT0004025,TXN00478202,ACCT100049702,ML_PATTERN_DETECTED,76,2023-02-02 04:56:55.472995
ALT0004026,TXN00477871,ACCT100098613,ML_PATTERN_DETECTED,68,2024-12-15 20:27:27.002367
ALT0004027,TXN00487195,ACCT100030230,ML_PATTERN_DETECTED,66,2023-07-21 19:46:49.988347
ALT0004028,TXN00480016,ACCT100086999,ML_PATTERN_DETECTED,58,2023-01-11 10:58:43.748764
ALT0004029,TXN00484018,ACCT100094664,ML_PATTERN_DETECTED,52,2023-11-01 23:15:56.278442
ALT0004030,TXN00483109,ACCT100025274,ML_PATTERN_DETECTED,63,2023-01-13 16:02:24.649891
ALT0004031,TXN00492479,ACCT100052064,ML_PATTERN_DETECTED,87,2024-11-08 22:59:23.448421
ALT0004032,TXN00496318,ACCT100000563,ML_PATTERN_DETECTED,58,2024-03-08 16:18:16.173407
ALT0004033,TXN00485176,ACCT100085353,ML_PATTERN_DETECTED,73,2024-07-09 00:48:17.553836
ALT0004034,TXN00496793,ACCT100073183,ML_PATTERN_DETECTED,91,2024-07-22 21:58:16.039561
ALT0004035,TXN00484870,ACCT100037424,ML_PATTERN_DETECTED,63,2023-07-16 03:26:55.375535
ALT0004036,TXN00477001,ACCT100014965,ML_PATTERN_DETECTED,71,2023-02-11 02:00:17.651361
ALT0004037,TXN00484764,ACCT100042164,ML_PATTERN_DETECTED,51,2023-09-13 21:53:58.923700
ALT0004038,TXN00488360,ACCT100020420,ML_PATTERN_DETECTED,68,2024-08-31 12:59:57.180536
ALT0004039,TXN00479341,ACCT100033135,ML_PATTERN_DETECTED,64,2023-10-20 23:33:04.946301
ALT0004040,TXN00485260,ACCT100009074,ML_PATTERN_DETECTED,58,2023-08-09 01:22:58.419026
ALT0004041,TXN00495295,ACCT100080395,ML_PATTERN_DETECTED,80,2023-04-26 00:05:27.922786
ALT0004042,TXN00483596,ACCT100087322,ML_PATTERN_DETECTED,57,2023-10-24 19:18:06.823013
ALT0004043,TXN00479244,ACCT100044187,ML_PATTERN_DETECTED,50,2024-02-16 03:02:03.314058
ALT0004044,TXN00493986,ACCT100017013,ML_PATTERN_DETECTED,75,2023-07-23 02:40:15.146204
ALT0004045,TXN00480296,ACCT100055131,ML_PATTERN_DETECTED,63,2023-12-07 17:59:28.908945
ALT0004046,TXN00477493,ACCT100018434,ML_PATTERN_DETECTED,97,2024-10-28 11:44:46.433776
ALT0004047,TXN00480789,ACCT100041202,ML_PATTERN_DETECTED,56,2023-12-24 22:26:36.270601
ALT0004048,TXN00487323,ACCT100011954,ML_PATTERN_DETECTED,72,2024-02-24 15:58:43.815171
ALT0004049,TXN00480653,ACCT100070880,ML_PATTERN_DETECTED,50,2024-05-03 14:11:22.326587
ALT0004050,TXN00475049,ACCT100067360,ML_PATTERN_DETECTED,74,2023-01-02 18:08:09.852700
ALT0004051,TXN00485281,ACCT100044507,ML_PATTERN_DETECTED,95,2024-06-14 15:17:05.058585
ALT0004052,TXN00487261,ACCT100024569,ML_PATTERN_DETECTED,95,2023-10-27 16:52:20.436963
ALT0004053,TXN00475081,ACCT100000367,ML_PATTERN_DETECTED,69,2024-04-10 04:55:58.810666
ALT0004054,TXN00483322,ACCT100077394,ML_PATTERN_DETECTED,66,2023-09-11 22:48:48.947696
ALT0004055,TXN00484857,ACCT100044238,ML_PATTERN_DETECTED,80,2024-02-25 20:29:59.227382
ALT0004056,TXN00491405,ACCT100077929,ML_PATTERN_DETECTED,80,2023-06-19 15:13:54.514205
ALT0004057,TXN00475170,ACCT100003764,ML_PATTERN_DETECTED,84,2024-04-04 02:50:34.816948
ALT0004058,TXN00476775,ACCT100036491,ML_PATTERN_DETECTED,87,2024-09-12 17:39:54.800236
ALT0004059,TXN00487970,ACCT100068825,ML_PATTERN_DETECTED,85,2024-03-08 12:53:37.214356
ALT0004060,TXN00490948,ACCT100064213,ML_PATTERN_DETECTED,69,2023-01-28 22:51:25.107143
ALT0004061,TXN00492963,ACCT100004017,ML_PATTERN_DETECTED,58,2023-05-25 17:46:28.174407
ALT0004062,TXN00485067,ACCT100096400,ML_PATTERN_DETECTED,76,2024-12-15 01:34:17.473226
ALT0004063,TXN00499174,ACCT100028537,ML_PATTERN_DETECTED,81,2024-08-30 09:28:32.352313
ALT0004064,TXN00488818,ACCT100034545,ML_PATTERN_DETECTED,78,2024-10-19 13:55:38.326941
ALT0004065,TXN00479930,ACCT100067374,ML_PATTERN_DETECTED,77,2024-07-13 08:20:37.624921
ALT0004066,TXN00489137,ACCT100056253,ML_PATTERN_DETECTED,55,2024-11-12 20:21:45.829634
ALT0004067,TXN00476891,ACCT100077467,ML_PATTERN_DETECTED,59,2024-04-12 18:37:18.720735
ALT0004068,TXN00493723,ACCT100015925,ML_PATTERN_DETECTED,82,2023-03-30 05:52:14.971779
ALT0004069,TXN00490877,ACCT100080232,ML_PATTERN_DETECTED,75,2023-07-13 08:13:29.930259
ALT0004070,TXN00483981,ACCT100033465,ML_PATTERN_DETECTED,87,2024-11-26 03:53:10.557665
ALT0004071,TXN00498856,ACCT100002572,ML_PATTERN_DETECTED,94,2023-02-06 18:03:50.742149
ALT0004072,TXN00488707,ACCT100033781,ML_PATTERN_DETECTED,72,2024-02-05 17:55:54.460546
ALT0004073,TXN00475572,ACCT100042066,ML_PATTERN_DETECTED,86,2024-02-22 05:36:59.876208
ALT0004074,TXN00490047,ACCT100089881,ML_PATTERN_DETECTED,55,2024-05-21 22:50:10.229354
ALT0004075,TXN00492515,ACCT100091851,ML_PATTERN_DETECTED,67,2023-05-14 20:35:37.177564
ALT0004076,TXN00484896,ACCT100026509,ML_PATTERN_DETECTED,93,2024-04-26 14:19:46.923049
ALT0004077,TXN00495210,ACCT100071639,ML_PATTERN_DETECTED,77,2023-12-05 01:06:41.635048
ALT0004078,TXN00478849,ACCT100080038,ML_PATTERN_DETECTED,88,2024-12-24 01:09:24.113781
ALT0004079,TXN00497933,ACCT100049777,ML_PATTERN_DETECTED,67,2024-03-25 12:16:23.555943
ALT0004080,TXN00482956,ACCT100098408,ML_PATTERN_DETECTED,69,2024-09-01 14:16:47.185287
ALT0004081,TXN00499361,ACCT100035267,ML_PATTERN_DETECTED,93,2023-03-11 20:56:28.756868
ALT0004082,TXN00491895,ACCT100093425,ML_PATTERN_DETECTED,51,2024-01-30 04:28:38.593966
ALT0004083,TXN00494940,ACCT100099933,ML_PATTERN_DETECTED,97,2023-10-02 00:12:13.373230
ALT0004084,TXN00488542,ACCT100018610,ML_PATTERN_DETECTED,54,2023-09-27 02:10:31.684714
ALT0004085,TXN00484188,ACCT100082974,ML_PATTERN_DETECTED,68,2024-04-15 04:18:29.751654
ALT0004086,TXN00496327,ACCT100004545,ML_PATTERN_DETECTED,66,2023-10-31 12:10:01.466812
ALT0004087,TXN00489930,ACCT100014330,ML_PATTERN_DETECTED,96,2023-06-29 17:34:50.376587
ALT0004088,TXN00492375,ACCT100007712,ML_PATTERN_DETECTED,87,2024-09-21 20:59:51.827175
ALT0004089,TXN00492582,ACCT100098530,ML_PATTERN_DETECTED,90,2024-04-04 08:57:13.758003
ALT0004090,TXN00488167,ACCT100006099,ML_PATTERN_DETECTED,68,2023-06-19 16:36:31.311724
ALT0004091,TXN00476960,ACCT100047710,ML_PATTERN_DETECTED,84,2024-05-29 08:46:26.670987
ALT0004092,TXN00494566,ACCT100077382,ML_PATTERN_DETECTED,85,2023-09-23 00:05:16.056806
ALT0004093,TXN00495776,ACCT100061269,ML_PATTERN_DETECTED,60,2024-03-31 08:49:34.018824
ALT0004094,TXN00498445,ACCT100056048,ML_PATTERN_DETECTED,79,2023-11-27 20:32:47.362092
ALT0004095,TXN00490001,ACCT100082778,ML_PATTERN_DETECTED,63,2024-12-05 05:36:33.269803
ALT0004096,TXN00483017,ACCT100026613,ML_PATTERN_DETECTED,71,2024-03-01 21:47:01.289323
ALT0004097,TXN00499012,ACCT100086275,ML_PATTERN_DETECTED,50,2023-11-06 11:44:44.717289
ALT0004098,TXN00480624,ACCT100006055,ML_PATTERN_DETECTED,92,2024-06-22 03:43:26.741754
ALT0004099,TXN00477395,ACCT100069641,ML_PATTERN_DETECTED,65,2024-12-15 12:51:33.332561
ALT0004100,TXN00482787,ACCT100054690,ML_PATTERN_DETECTED,75,2023-08-24 07:38:38.304509
ALT0004101,TXN00476446,ACCT100075687,ML_PATTERN_DETECTED,70,2024-05-09 20:59:47.971794
ALT0004102,TXN00495026,ACCT100053722,ML_PATTERN_DETECTED,71,2024-04-02 11:12:59.412048
ALT0004103,TXN00492112,ACCT100010682,ML_PATTERN_DETECTED,54,2023-11-04 09:30:55.438696
ALT0004104,TXN00477681,ACCT100027772,ML_PATTERN_DETECTED,74,2023-04-15 15:16:54.958294
ALT0004105,TXN00492292,ACCT100009432,ML_PATTERN_DETECTED,81,2023-11-12 11:58:53.691050
ALT0004106,TXN00493425,ACCT100007896,ML_PATTERN_DETECTED,74,2023-04-27 02:19:57.016563
ALT0004107,TXN00477433,ACCT100024108,ML_PATTERN_DETECTED,71,2024-12-12 01:12:38.413523
ALT0004108,TXN00499318,ACCT100063220,ML_PATTERN_DETECTED,59,2024-11-19 19:12:57.388981
ALT0004109,TXN00478276,ACCT100074219,ML_PATTERN_DETECTED,92,2023-09-02 09:47:52.496833
ALT0004110,TXN00480523,ACCT100043967,ML_PATTERN_DETECTED,70,2023-06-23 15:44:50.172024
ALT0004111,TXN00478467,ACCT100020737,ML_PATTERN_DETECTED,51,2024-03-29 11:10:48.902200
ALT0004112,TXN00475777,ACCT100066614,ML_PATTERN_DETECTED,94,2024-07-24 05:36:03.413630
ALT0004113,TXN00490582,ACCT100072202,ML_PATTERN_DETECTED,52,2024-11-15 05:20:00.872700
ALT0004114,TXN00498174,ACCT100010345,ML_PATTERN_DETECTED,72,2023-12-12 12:14:24.726392
ALT0004115,TXN00496012,ACCT100080029,ML_PATTERN_DETECTED,71,2023-12-09 16:49:04.221633
ALT0004116,TXN00499469,ACCT100044774,ML_PATTERN_DETECTED,56,2024-08-13 16:57:50.182784
ALT0004117,TXN00497224,ACCT100009692,ML_PATTERN_DETECTED,62,2024-04-30 01:45:17.449662
ALT0004118,TXN00484877,ACCT100017515,ML_PATTERN_DETECTED,98,2024-02-06 00:47:37.729200
ALT0004119,TXN00491412,ACCT100093385,ML_PATTERN_DETECTED,77,2023-10-05 11:30:46.514611
ALT0004120,TXN00484906,ACCT100079405,ML_PATTERN_DETECTED,79,2024-08-27 20:34:04.961619
ALT0004121,TXN00495914,ACCT100016848,ML_PATTERN_DETECTED,59,2024-07-19 04:04:09.466287
ALT0004122,TXN00491726,ACCT100008542,ML_PATTERN_DETECTED,85,2023-11-11 06:38:37.810531
ALT0004123,TXN00495530,ACCT100043518,ML_PATTERN_DETECTED,74,2024-08-23 14:48:37.815106
ALT0004124,TXN00485228,ACCT100039786,ML_PATTERN_DETECTED,62,2023-07-30 23:28:20.554479
ALT0004125,TXN00486108,ACCT100008661,ML_PATTERN_DETECTED,81,2024-07-28 09:14:24.651277
ALT0004126,TXN00498116,ACCT100062862,ML_PATTERN_DETECTED,79,2023-11-04 18:03:37.082323
ALT0004127,TXN00478377,ACCT100039560,ML_PATTERN_DETECTED,78,2024-10-25 01:34:26.855173
ALT0004128,TXN00480042,ACCT100083567,ML_PATTERN_DETECTED,66,2024-04-29 03:16:02.227924
ALT0004129,TXN00497550,ACCT100015937,ML_PATTERN_DETECTED,91,2023-02-17 17:29:23.388009
ALT0004130,TXN00482484,ACCT100091811,ML_PATTERN_DETECTED,61,2024-07-16 08:25:38.510411
ALT0004131,TXN00497019,ACCT100034559,ML_PATTERN_DETECTED,67,2024-01-12 12:40:37.732239
ALT0004132,TXN00496978,ACCT100068300,ML_PATTERN_DETECTED,72,2023-06-21 06:48:25.313329
ALT0004133,TXN00491408,ACCT100043798,ML_PATTERN_DETECTED,50,2023-09-01 03:08:49.959428
ALT0004134,TXN00499845,ACCT100004867,ML_PATTERN_DETECTED,60,2024-02-16 02:10:42.130599
ALT0004135,TXN00493441,ACCT100036281,ML_PATTERN_DETECTED,67,2023-08-06 03:27:10.954216
ALT0004136,TXN00498627,ACCT100025341,ML_PATTERN_DETECTED,95,2024-11-21 08:39:22.936611
ALT0004137,TXN00485619,ACCT100030398,ML_PATTERN_DETECTED,82,2024-11-15 23:30:48.346694
ALT0004138,TXN00479736,ACCT100071551,ML_PATTERN_DETECTED,51,2024-07-02 23:05:42.933948
ALT0004139,TXN00495211,ACCT100083330,ML_PATTERN_DETECTED,61,2024-02-06 23:01:43.860681
ALT0004140,TXN00488995,ACCT100045646,ML_PATTERN_DETECTED,64,2024-04-25 14:41:47.662317
ALT0004141,TXN00479403,ACCT100048203,ML_PATTERN_DETECTED,85,2024-01-30 20:25:19.269441
ALT0004142,TXN00489131,ACCT100018100,ML_PATTERN_DETECTED,79,2024-01-03 04:38:50.339072
ALT0004143,TXN00475301,ACCT100022637,ML_PATTERN_DETECTED,95,2024-11-17 16:10:28.614729
ALT0004144,TXN00486353,ACCT100020721,ML_PATTERN_DETECTED,87,2024-06-19 13:19:48.293244
ALT0004145,TXN00482123,ACCT100005486,ML_PATTERN_DETECTED,77,2023-11-04 22:20:37.054035
ALT0004146,TXN00479241,ACCT100032826,ML_PATTERN_DETECTED,86,2023-07-15 14:04:50.570665
ALT0004147,TXN00488526,ACCT100060145,ML_PATTERN_DETECTED,60,2023-11-25 01:59:22.637455
ALT0004148,TXN00489761,ACCT100060782,ML_PATTERN_DETECTED,59,2024-08-10 12:11:35.813725
ALT0004149,TXN00482630,ACCT100055933,ML_PATTERN_DETECTED,55,2023-12-07 00:49:53.480962
ALT0004150,TXN00498452,ACCT100087826,ML_PATTERN_DETECTED,91,2023-05-30 18:56:23.694340
ALT0004151,TXN00484518,ACCT100029794,ML_PATTERN_DETECTED,64,2024-04-10 20:46:28.077309
ALT0004152,TXN00493773,ACCT100075936,ML_PATTERN_DETECTED,61,2024-06-23 05:07:29.957401
ALT0004153,TXN00478519,ACCT100093116,ML_PATTERN_DETECTED,71,2023-07-16 12:17:36.982485
ALT0004154,TXN00487382,ACCT100074652,ML_PATTERN_DETECTED,95,2023-05-18 05:09:14.596111
ALT0004155,TXN00483195,ACCT100093592,ML_PATTERN_DETECTED,89,2024-06-22 03:53:29.949911
ALT0004156,TXN00497357,ACCT100088432,ML_PATTERN_DETECTED,89,2024-12-25 00:13:00.958686
ALT0004157,TXN00484280,ACCT100088851,ML_PATTERN_DETECTED,71,2024-06-29 16:24:59.116848
ALT0004158,TXN00491436,ACCT100020593,ML_PATTERN_DETECTED,64,2024-06-21 19:05:57.187598
ALT0004159,TXN00489753,ACCT100047416,ML_PATTERN_DETECTED,55,2024-03-08 13:15:32.586058
ALT0004160,TXN00483007,ACCT100098034,ML_PATTERN_DETECTED,90,2023-06-14 15:34:02.125606
ALT0004161,TXN00498812,ACCT100019289,ML_PATTERN_DETECTED,90,2023-10-29 07:37:05.319646
ALT0004162,TXN00486675,ACCT100004351,ML_PATTERN_DETECTED,72,2023-03-24 19:40:38.051291
ALT0004163,TXN00483280,ACCT100006926,ML_PATTERN_DETECTED,71,2023-05-14 04:41:30.874977
ALT0004164,TXN00479653,ACCT100095818,ML_PATTERN_DETECTED,95,2024-10-14 14:48:38.173566
ALT0004165,TXN00494712,ACCT100018436,ML_PATTERN_DETECTED,54,2023-12-22 12:05:44.565300
ALT0004166,TXN00489289,ACCT100027110,ML_PATTERN_DETECTED,66,2023-03-13 08:19:22.045333
ALT0004167,TXN00476203,ACCT100016164,ML_PATTERN_DETECTED,98,2023-11-26 06:41:38.296547
ALT0004168,TXN00499418,ACCT100080733,ML_PATTERN_DETECTED,79,2023-10-26 08:35:38.053749
ALT0004169,TXN00478906,ACCT100086367,ML_PATTERN_DETECTED,74,2024-05-18 10:49:43.280941
ALT0004170,TXN00496461,ACCT100084844,ML_PATTERN_DETECTED,61,2023-10-26 05:08:15.542186
ALT0004171,TXN00477038,ACCT100099415,ML_PATTERN_DETECTED,60,2024-03-01 22:53:35.116354
ALT0004172,TXN00475238,ACCT100043294,ML_PATTERN_DETECTED,68,2023-05-07 10:48:55.817015
ALT0004173,TXN00481560,ACCT100013006,ML_PATTERN_DETECTED,84,2024-12-09 21:02:20.756728
ALT0004174,TXN00494277,ACCT100041920,ML_PATTERN_DETECTED,54,2023-04-12 21:11:22.469245
ALT0004175,TXN00496892,ACCT100089787,ML_PATTERN_DETECTED,72,2023-12-29 01:25:05.490557
ALT0004176,TXN00479511,ACCT100091170,ML_PATTERN_DETECTED,55,2023-09-15 10:55:31.692244
ALT0004177,TXN00489711,ACCT100079854,ML_PATTERN_DETECTED,57,2023-06-17 20:06:12.083745
ALT0004178,TXN00491665,ACCT100010759,ML_PATTERN_DETECTED,82,2023-03-01 18:13:11.587342
ALT0004179,TXN00497600,ACCT100019194,ML_PATTERN_DETECTED,56,2023-02-28 08:13:11.211374
ALT0004180,TXN00494737,ACCT100079228,ML_PATTERN_DETECTED,62,2023-08-09 15:26:15.287490
ALT0004181,TXN00496753,ACCT100035728,ML_PATTERN_DETECTED,70,2023-03-25 07:11:33.446496
ALT0004182,TXN00492068,ACCT100073400,ML_PATTERN_DETECTED,76,2023-10-03 10:19:44.807538
ALT0004183,TXN00495949,ACCT100051751,ML_PATTERN_DETECTED,63,2024-01-31 16:58:22.014246
ALT0004184,TXN00493915,ACCT100010600,ML_PATTERN_DETECTED,68,2024-11-11 04:36:14.792434
ALT0004185,TXN00488903,ACCT100088426,ML_PATTERN_DETECTED,55,2023-04-07 01:46:36.785635
ALT0004186,TXN00484463,ACCT100020223,ML_PATTERN_DETECTED,68,2024-08-17 11:11:45.739953
ALT0004187,TXN00495248,ACCT100037081,ML_PATTERN_DETECTED,55,2024-08-28 09:51:59.961406
ALT0004188,TXN00493645,ACCT100032035,ML_PATTERN_DETECTED,58,2023-05-05 12:36:20.211247
ALT0004189,TXN00496237,ACCT100090560,ML_PATTERN_DETECTED,62,2023-02-03 00:08:14.170817
ALT0004190,TXN00488550,ACCT100016972,ML_PATTERN_DETECTED,95,2023-03-18 08:07:17.877294
ALT0004191,TXN00479154,ACCT100098268,ML_PATTERN_DETECTED,78,2023-09-09 09:01:15.068192
ALT0004192,TXN00483433,ACCT100032096,ML_PATTERN_DETECTED,96,2024-01-03 23:18:41.124073
ALT0004193,TXN00498387,ACCT100089400,ML_PATTERN_DETECTED,95,2023-02-24 10:38:00.813774
ALT0004194,TXN00495582,ACCT100076239,ML_PATTERN_DETECTED,57,2023-08-02 23:53:44.603345
ALT0004195,TXN00492654,ACCT100082871,ML_PATTERN_DETECTED,66,2023-07-22 21:20:47.133298
ALT0004196,TXN00483257,ACCT100023618,ML_PATTERN_DETECTED,84,2023-04-21 03:27:01.454768
ALT0004197,TXN00498202,ACCT100072837,ML_PATTERN_DETECTED,65,2024-01-04 06:12:02.552305
ALT0004198,TXN00481540,ACCT100055226,ML_PATTERN_DETECTED,85,2024-02-13 18:22:47.874242
ALT0004199,TXN00486841,ACCT100077926,ML_PATTERN_DETECTED,59,2024-11-24 10:12:08.588129
ALT0004200,TXN00478979,ACCT100079283,ML_PATTERN_DETECTED,66,2024-09-01 17:10:51.375474
ALT0004201,TXN00477323,ACCT100021737,ML_PATTERN_DETECTED,91,2023-12-21 01:44:38.115834
ALT0004202,TXN00492638,ACCT100098376,ML_PATTERN_DETECTED,75,2023-05-20 09:46:06.771121
ALT0004203,TXN00497490,ACCT100079541,ML_PATTERN_DETECTED,78,2024-12-16 14:25:38.139531
ALT0004204,TXN00478832,ACCT100053238,ML_PATTERN_DETECTED,66,2023-12-27 12:50:44.610826
ALT0004205,TXN00492246,ACCT100053096,ML_PATTERN_DETECTED,67,2023-05-07 11:55:51.461896
ALT0004206,TXN00496658,ACCT100002777,ML_PATTERN_DETECTED,60,2024-06-29 08:41:53.265465
ALT0004207,TXN00480024,ACCT100022477,ML_PATTERN_DETECTED,54,2024-07-07 06:35:38.405095
ALT0004208,TXN00491698,ACCT100050774,ML_PATTERN_DETECTED,58,2024-12-07 20:35:44.699481
ALT0004209,TXN00496234,ACCT100027212,ML_PATTERN_DETECTED,52,2024-05-22 12:36:19.384940
ALT0004210,TXN00489361,ACCT100098634,ML_PATTERN_DETECTED,58,2024-04-27 01:54:28.548876
ALT0004211,TXN00481611,ACCT100051797,ML_PATTERN_DETECTED,55,2024-02-02 09:47:38.239624
ALT0004212,TXN00476353,ACCT100058048,ML_PATTERN_DETECTED,59,2023-12-24 19:32:58.157367
ALT0004213,TXN00495599,ACCT100000257,ML_PATTERN_DETECTED,96,2023-03-15 13:05:36.287109
ALT0004214,TXN00487997,ACCT100067921,ML_PATTERN_DETECTED,77,2024-06-23 05:13:10.087900
ALT0004215,TXN00490808,ACCT100002104,ML_PATTERN_DETECTED,96,2023-10-08 19:57:24.001089
ALT0004216,TXN00488461,ACCT100070192,ML_PATTERN_DETECTED,54,2024-06-14 03:20:41.939553
ALT0004217,TXN00485354,ACCT100017783,ML_PATTERN_DETECTED,79,2023-09-29 13:33:55.908991
ALT0004218,TXN00496801,ACCT100059699,ML_PATTERN_DETECTED,62,2023-04-01 00:27:19.387325
ALT0004219,TXN00482885,ACCT100080772,ML_PATTERN_DETECTED,59,2024-12-04 02:50:43.958776
ALT0004220,TXN00476716,ACCT100025012,ML_PATTERN_DETECTED,77,2024-12-30 00:38:37.993798
ALT0004221,TXN00498343,ACCT100084619,ML_PATTERN_DETECTED,89,2024-09-28 08:39:40.008841
ALT0004222,TXN00486474,ACCT100087814,ML_PATTERN_DETECTED,59,2023-06-11 06:57:54.103516
ALT0004223,TXN00488136,ACCT100051558,ML_PATTERN_DETECTED,51,2023-10-24 20:08:10.732603
ALT0004224,TXN00476191,ACCT100048820,ML_PATTERN_DETECTED,80,2024-05-03 18:51:58.486219
ALT0004225,TXN00484157,ACCT100008505,ML_PATTERN_DETECTED,85,2023-09-23 17:50:34.812744
ALT0004226,TXN00494006,ACCT100050607,ML_PATTERN_DETECTED,72,2024-06-26 10:22:44.720859
ALT0004227,TXN00489213,ACCT100018057,ML_PATTERN_DETECTED,63,2024-03-10 05:27:27.981129
ALT0004228,TXN00490671,ACCT100040618,ML_PATTERN_DETECTED,67,2024-10-25 09:07:26.630931
ALT0004229,TXN00490786,ACCT100092933,ML_PATTERN_DETECTED,81,2023-05-02 04:35:28.692653
ALT0004230,TXN00477203,ACCT100033769,ML_PATTERN_DETECTED,98,2024-02-04 08:41:51.054477
ALT0004231,TXN00478717,ACCT100029506,ML_PATTERN_DETECTED,82,2023-01-02 11:55:31.136309
ALT0004232,TXN00477754,ACCT100017115,ML_PATTERN_DETECTED,74,2023-02-28 20:53:59.723997
ALT0004233,TXN00477629,ACCT100022632,ML_PATTERN_DETECTED,78,2023-03-31 07:06:33.944941
ALT0004234,TXN00490231,ACCT100057844,ML_PATTERN_DETECTED,75,2023-07-02 20:18:29.035917
ALT0004235,TXN00483454,ACCT100057378,ML_PATTERN_DETECTED,80,2023-08-24 03:36:13.627939
ALT0004236,TXN00495347,ACCT100044785,ML_PATTERN_DETECTED,95,2023-02-13 02:35:23.170413
ALT0004237,TXN00490439,ACCT100092063,ML_PATTERN_DETECTED,80,2024-03-25 07:16:10.330004
ALT0004238,TXN00483097,ACCT100058938,ML_PATTERN_DETECTED,52,2023-02-01 11:59:41.207079
ALT0004239,TXN00484297,ACCT100094111,ML_PATTERN_DETECTED,95,2023-11-23 00:24:47.261739
ALT0004240,TXN00484273,ACCT100062691,ML_PATTERN_DETECTED,57,2023-03-22 09:19:24.758704
ALT0004241,TXN00482775,ACCT100005969,ML_PATTERN_DETECTED,85,2024-04-11 19:50:43.659683
ALT0004242,TXN00482283,ACCT100072256,ML_PATTERN_DETECTED,81,2024-01-29 18:55:13.678423
ALT0004243,TXN00492756,ACCT100009399,ML_PATTERN_DETECTED,83,2024-11-19 14:07:32.330986
ALT0004244,TXN00484543,ACCT100083205,ML_PATTERN_DETECTED,94,2023-11-10 22:07:45.753952
ALT0004245,TXN00483227,ACCT100073920,ML_PATTERN_DETECTED,64,2023-08-02 09:51:04.595707
ALT0004246,TXN00486020,ACCT100082730,ML_PATTERN_DETECTED,53,2024-06-14 22:23:45.069466
ALT0004247,TXN00487404,ACCT100082003,ML_PATTERN_DETECTED,95,2023-09-26 18:06:51.219162
ALT0004248,TXN00497252,ACCT100087240,ML_PATTERN_DETECTED,83,2024-08-17 03:49:27.996963
ALT0004249,TXN00493193,ACCT100079642,ML_PATTERN_DETECTED,60,2023-11-23 07:15:50.402325
ALT0004250,TXN00487992,ACCT100037166,ML_PATTERN_DETECTED,65,2023-08-23 15:03:00.582767
ALT0004251,TXN00488112,ACCT100004813,ML_PATTERN_DETECTED,80,2023-09-20 17:37:24.911979
ALT0004252,TXN00492574,ACCT100071358,ML_PATTERN_DETECTED,96,2024-01-11 18:03:43.298004
ALT0004253,TXN00487811,ACCT100059520,ML_PATTERN_DETECTED,86,2023-05-14 21:16:51.589281
ALT0004254,TXN00499805,ACCT100025216,ML_PATTERN_DETECTED,71,2024-07-03 19:00:31.605224
ALT0004255,TXN00481926,ACCT100044087,ML_PATTERN_DETECTED,55,2024-01-10 09:09:32.208674
ALT0004256,TXN00493284,ACCT100050693,ML_PATTERN_DETECTED,51,2024-07-12 09:14:12.537768
ALT0004257,TXN00498628,ACCT100096253,ML_PATTERN_DETECTED,65,2024-04-28 11:56:24.115360
ALT0004258,TXN00482832,ACCT100090448,ML_PATTERN_DETECTED,69,2024-11-30 18:14:33.684592
ALT0004259,TXN00481189,ACCT100072081,ML_PATTERN_DETECTED,88,2024-06-23 14:20:55.127350
ALT0004260,TXN00491323,ACCT100070934,ML_PATTERN_DETECTED,83,2024-03-08 20:09:51.611290
ALT0004261,TXN00496981,ACCT100058549,ML_PATTERN_DETECTED,50,2023-12-10 10:19:54.343042
ALT0004262,TXN00487038,ACCT100058351,ML_PATTERN_DETECTED,94,2023-12-10 18:27:28.542659
ALT0004263,TXN00487032,ACCT100014033,ML_PATTERN_DETECTED,52,2023-10-10 02:29:45.455874
ALT0004264,TXN00497955,ACCT100045343,ML_PATTERN_DETECTED,85,2023-08-06 03:27:25.213794
ALT0004265,TXN00496770,ACCT100013604,ML_PATTERN_DETECTED,88,2023-10-20 11:22:02.522151
ALT0004266,TXN00494384,ACCT100055062,ML_PATTERN_DETECTED,63,2024-06-07 16:43:50.417391
ALT0004267,TXN00493355,ACCT100021443,ML_PATTERN_DETECTED,59,2023-12-27 17:24:35.049625
ALT0004268,TXN00491921,ACCT100004729,ML_PATTERN_DETECTED,94,2023-04-12 03:36:17.272144
ALT0004269,TXN00499821,ACCT100051319,ML_PATTERN_DETECTED,61,2024-04-21 16:47:46.053410
ALT0004270,TXN00487491,ACCT100028024,ML_PATTERN_DETECTED,62,2024-05-15 04:10:33.773656
ALT0004271,TXN00491107,ACCT100039261,ML_PATTERN_DETECTED,55,2024-12-24 01:17:12.521164
ALT0004272,TXN00491298,ACCT100056120,ML_PATTERN_DETECTED,84,2023-02-22 06:11:35.270639
ALT0004273,TXN00476025,ACCT100014357,ML_PATTERN_DETECTED,91,2023-06-25 04:05:53.515816
ALT0004274,TXN00487169,ACCT100080051,ML_PATTERN_DETECTED,52,2024-07-29 10:17:21.622578
ALT0004275,TXN00486212,ACCT100036734,ML_PATTERN_DETECTED,70,2024-11-08 03:35:03.741133
ALT0004276,TXN00478155,ACCT100093775,ML_PATTERN_DETECTED,65,2024-09-04 21:28:55.049979
ALT0004277,TXN00484076,ACCT100074182,ML_PATTERN_DETECTED,52,2024-11-03 02:42:50.297494
ALT0004278,TXN00487129,ACCT100093283,ML_PATTERN_DETECTED,76,2023-11-04 23:40:49.038824
ALT0004279,TXN00493007,ACCT100026409,ML_PATTERN_DETECTED,70,2024-01-21 20:05:20.279950
ALT0004280,TXN00477098,ACCT100067874,ML_PATTERN_DETECTED,92,2024-06-11 11:13:03.319582
ALT0004281,TXN00493032,ACCT100029811,ML_PATTERN_DETECTED,51,2023-06-21 09:21:59.535211
ALT0004282,TXN00491276,ACCT100099961,ML_PATTERN_DETECTED,87,2024-09-15 18:09:16.803165
ALT0004283,TXN00478437,ACCT100052237,ML_PATTERN_DETECTED,90,2023-03-30 07:07:13.026548
ALT0004284,TXN00499399,ACCT100060648,ML_PATTERN_DETECTED,96,2024-08-20 03:30:11.707561
ALT0004285,TXN00498453,ACCT100047564,ML_PATTERN_DETECTED,52,2024-02-09 17:59:34.260394
ALT0004286,TXN00479995,ACCT100045295,ML_PATTERN_DETECTED,65,2023-01-24 02:42:12.355484
ALT0004287,TXN00483341,ACCT100066712,ML_PATTERN_DETECTED,61,2023-07-26 12:21:48.010834
ALT0004288,TXN00492844,ACCT100012098,ML_PATTERN_DETECTED,83,2024-11-18 20:29:11.308918
ALT0004289,TXN00481381,ACCT100025947,ML_PATTERN_DETECTED,59,2024-06-05 03:09:10.008715
ALT0004290,TXN00477328,ACCT100029803,ML_PATTERN_DETECTED,95,2024-10-04 13:32:46.657625
ALT0004291,TXN00481610,ACCT100077210,ML_PATTERN_DETECTED,74,2023-03-27 12:52:18.119369
ALT0004292,TXN00487298,ACCT100081451,ML_PATTERN_DETECTED,97,2023-05-30 20:44:11.494517
ALT0004293,TXN00478477,ACCT100043148,ML_PATTERN_DETECTED,52,2023-12-20 10:23:13.662430
ALT0004294,TXN00475552,ACCT100013435,ML_PATTERN_DETECTED,89,2023-06-18 21:47:26.787276
ALT0004295,TXN00479097,ACCT100058929,ML_PATTERN_DETECTED,55,2023-04-12 03:08:18.043353
ALT0004296,TXN00488663,ACCT100088087,ML_PATTERN_DETECTED,89,2024-04-15 15:33:55.561037
ALT0004297,TXN00495061,ACCT100093447,ML_PATTERN_DETECTED,78,2024-08-24 02:24:41.329741
ALT0004298,TXN00485019,ACCT100060073,ML_PATTERN_DETECTED,83,2023-03-09 13:48:39.701695
ALT0004299,TXN00475823,ACCT100059047,ML_PATTERN_DETECTED,65,2023-04-19 18:06:53.229064
ALT0004300,TXN00497608,ACCT100054685,ML_PATTERN_DETECTED,94,2023-11-12 05:26:37.268208
ALT0004301,TXN00477415,ACCT100024645,ML_PATTERN_DETECTED,94,2024-12-27 10:01:19.696512
ALT0004302,TXN00486289,ACCT100084681,ML_PATTERN_DETECTED,87,2023-07-17 02:04:23.772601
ALT0004303,TXN00486609,ACCT100046073,ML_PATTERN_DETECTED,66,2023-04-19 02:36:43.112616
ALT0004304,TXN00497168,ACCT100061342,ML_PATTERN_DETECTED,82,2024-10-09 20:16:59.888253
ALT0004305,TXN00486691,ACCT100029895,ML_PATTERN_DETECTED,58,2023-01-17 04:52:57.553798
ALT0004306,TXN00492434,ACCT100052657,ML_PATTERN_DETECTED,61,2023-12-05 13:30:43.110808
ALT0004307,TXN00483293,ACCT100031614,ML_PATTERN_DETECTED,76,2024-07-22 04:21:55.311618
ALT0004308,TXN00489186,ACCT100069594,ML_PATTERN_DETECTED,82,2024-11-28 14:03:21.290201
ALT0004309,TXN00494279,ACCT100079241,ML_PATTERN_DETECTED,91,2024-12-06 20:42:10.508069
ALT0004310,TXN00499916,ACCT100022685,ML_PATTERN_DETECTED,76,2023-11-21 16:50:59.045033
ALT0004311,TXN00496667,ACCT100036331,ML_PATTERN_DETECTED,52,2024-10-30 13:28:39.729618
ALT0004312,TXN00482254,ACCT100057958,ML_PATTERN_DETECTED,77,2024-09-23 21:43:09.911468
ALT0004313,TXN00493888,ACCT100028624,ML_PATTERN_DETECTED,76,2024-03-21 15:14:51.207094
ALT0004314,TXN00475523,ACCT100005672,ML_PATTERN_DETECTED,58,2023-06-22 06:22:55.782185
ALT0004315,TXN00481086,ACCT100028857,ML_PATTERN_DETECTED,57,2023-08-23 12:35:58.995881
ALT0004316,TXN00483042,ACCT100014097,ML_PATTERN_DETECTED,67,2023-10-17 01:12:47.677705
ALT0004317,TXN00481994,ACCT100054785,ML_PATTERN_DETECTED,86,2023-09-21 07:44:17.743935
ALT0004318,TXN00482390,ACCT100050665,ML_PATTERN_DETECTED,73,2024-01-16 20:07:51.365652
ALT0004319,TXN00480299,ACCT100047863,ML_PATTERN_DETECTED,91,2024-08-31 15:46:51.501014
ALT0004320,TXN00481408,ACCT100066398,ML_PATTERN_DETECTED,54,2024-09-12 10:14:58.407766
ALT0004321,TXN00481498,ACCT100009229,ML_PATTERN_DETECTED,75,2024-12-17 05:48:03.788757
ALT0004322,TXN00475861,ACCT100065757,ML_PATTERN_DETECTED,74,2024-03-18 03:47:06.771716
ALT0004323,TXN00490191,ACCT100090019,ML_PATTERN_DETECTED,97,2024-02-06 14:43:01.402997
ALT0004324,TXN00476807,ACCT100077551,ML_PATTERN_DETECTED,75,2023-02-04 17:28:52.836516
ALT0004325,TXN00475457,ACCT100066844,ML_PATTERN_DETECTED,96,2023-06-21 06:27:02.353264
ALT0004326,TXN00496351,ACCT100096324,ML_PATTERN_DETECTED,51,2023-10-01 09:08:42.190284
ALT0004327,TXN00499267,ACCT100086757,ML_PATTERN_DETECTED,59,2023-02-23 01:59:51.176845
ALT0004328,TXN00493030,ACCT100096314,ML_PATTERN_DETECTED,70,2023-05-29 06:30:47.425450
ALT0004329,TXN00490371,ACCT100019636,ML_PATTERN_DETECTED,51,2023-10-16 18:38:40.831480
ALT0004330,TXN00488644,ACCT100070068,ML_PATTERN_DETECTED,57,2023-11-09 05:15:11.819506
ALT0004331,TXN00484570,ACCT100035844,ML_PATTERN_DETECTED,81,2024-02-24 02:59:54.800023
ALT0004332,TXN00485606,ACCT100083728,ML_PATTERN_DETECTED,91,2023-12-28 14:04:28.004271
ALT0004333,TXN00494387,ACCT100034672,ML_PATTERN_DETECTED,85,2023-08-24 17:14:54.489115
ALT0004334,TXN00479332,ACCT100005812,ML_PATTERN_DETECTED,81,2023-10-15 13:49:18.646305
ALT0004335,TXN00491919,ACCT100066548,ML_PATTERN_DETECTED,94,2023-03-12 19:06:20.038584
ALT0004336,TXN00489822,ACCT100065216,ML_PATTERN_DETECTED,51,2023-01-03 17:18:46.005323
ALT0004337,TXN00477645,ACCT100007682,ML_PATTERN_DETECTED,54,2024-07-24 02:36:57.083795
ALT0004338,TXN00496737,ACCT100074346,ML_PATTERN_DETECTED,54,2023-10-28 22:53:04.057585
ALT0004339,TXN00495781,ACCT100038351,ML_PATTERN_DETECTED,50,2024-07-15 07:58:14.179425
ALT0004340,TXN00494844,ACCT100016765,ML_PATTERN_DETECTED,84,2024-04-14 06:14:09.752299
ALT0004341,TXN00495070,ACCT100056865,ML_PATTERN_DETECTED,78,2024-10-13 04:45:37.415582
ALT0004342,TXN00477168,ACCT100054198,ML_PATTERN_DETECTED,91,2024-01-24 17:07:56.393361
ALT0004343,TXN00482892,ACCT100046247,ML_PATTERN_DETECTED,94,2024-09-13 10:07:21.118235
ALT0004344,TXN00497965,ACCT100032611,ML_PATTERN_DETECTED,84,2023-10-12 14:23:13.091168
ALT0004345,TXN00487033,ACCT100062806,ML_PATTERN_DETECTED,97,2024-02-05 12:15:32.387536
ALT0004346,TXN00492955,ACCT100018849,ML_PATTERN_DETECTED,62,2024-04-27 16:04:02.436511
ALT0004347,TXN00475850,ACCT100075859,ML_PATTERN_DETECTED,93,2024-12-14 00:43:32.665800
ALT0004348,TXN00496525,ACCT100022700,ML_PATTERN_DETECTED,51,2023-12-02 00:02:03.432664
ALT0004349,TXN00496922,ACCT100054415,ML_PATTERN_DETECTED,56,2024-06-14 18:43:55.443909
ALT0004350,TXN00475461,ACCT100004827,ML_PATTERN_DETECTED,61,2024-08-28 13:44:22.535571
ALT0004351,TXN00487907,ACCT100089216,ML_PATTERN_DETECTED,62,2023-12-05 21:14:47.972581
ALT0004352,TXN00479397,ACCT100019455,ML_PATTERN_DETECTED,76,2024-12-08 16:05:42.733627
ALT0004353,TXN00477063,ACCT100096656,ML_PATTERN_DETECTED,56,2023-05-01 15:36:39.545188
ALT0004354,TXN00486030,ACCT100051278,ML_PATTERN_DETECTED,65,2023-06-01 19:24:54.729164
ALT0004355,TXN00478449,ACCT100037237,ML_PATTERN_DETECTED,51,2024-05-03 10:47:02.026742
ALT0004356,TXN00485626,ACCT100018616,ML_PATTERN_DETECTED,90,2023-10-11 02:33:01.932535
ALT0004357,TXN00475199,ACCT100053079,ML_PATTERN_DETECTED,63,2023-12-08 03:06:19.129996
ALT0004358,TXN00487539,ACCT100007574,ML_PATTERN_DETECTED,72,2024-09-06 14:46:59.752138
ALT0004359,TXN00497342,ACCT100095138,ML_PATTERN_DETECTED,64,2023-02-23 14:19:35.771290
ALT0004360,TXN00481866,ACCT100032124,ML_PATTERN_DETECTED,67,2024-05-15 20:04:30.940600
ALT0004361,TXN00499475,ACCT100077323,ML_PATTERN_DETECTED,87,2023-12-20 09:45:04.716501
ALT0004362,TXN00489373,ACCT100092474,ML_PATTERN_DETECTED,51,2024-08-08 11:26:48.538331
ALT0004363,TXN00499393,ACCT100047449,ML_PATTERN_DETECTED,84,2023-10-16 02:04:43.946998
ALT0004364,TXN00497524,ACCT100056810,ML_PATTERN_DETECTED,79,2024-01-30 02:22:40.216543
ALT0004365,TXN00490063,ACCT100073481,ML_PATTERN_DETECTED,56,2024-10-26 11:08:50.791706
ALT0004366,TXN00495487,ACCT100065015,ML_PATTERN_DETECTED,86,2024-09-05 13:21:46.120351
ALT0004367,TXN00480397,ACCT100089482,ML_PATTERN_DETECTED,70,2024-11-16 23:43:14.032988
ALT0004368,TXN00496366,ACCT100055381,ML_PATTERN_DETECTED,72,2024-12-17 10:47:11.063899
ALT0004369,TXN00498549,ACCT100078227,ML_PATTERN_DETECTED,93,2023-05-04 12:12:19.473665
ALT0004370,TXN00476204,ACCT100000006,ML_PATTERN_DETECTED,76,2023-10-28 07:46:01.615573
ALT0004371,TXN00491071,ACCT100072402,ML_PATTERN_DETECTED,74,2023-04-24 21:58:52.270676
ALT0004372,TXN00477940,ACCT100073762,ML_PATTERN_DETECTED,72,2024-08-14 16:39:40.610295
ALT0004373,TXN00475211,ACCT100036203,ML_PATTERN_DETECTED,83,2023-09-30 11:48:57.376649
ALT0004374,TXN00485648,ACCT100099395,ML_PATTERN_DETECTED,66,2023-05-14 18:16:43.385132
ALT0004375,TXN00486124,ACCT100078400,ML_PATTERN_DETECTED,83,2023-02-22 17:14:54.920355
ALT0004376,TXN00497506,ACCT100011760,ML_PATTERN_DETECTED,97,2023-09-27 14:17:00.967953
ALT0004377,TXN00476045,ACCT100004516,ML_PATTERN_DETECTED,94,2024-06-24 12:30:54.109560
ALT0004378,TXN00479239,ACCT100047484,ML_PATTERN_DETECTED,56,2024-05-29 23:20:28.981133
ALT0004379,TXN00483804,ACCT100060248,ML_PATTERN_DETECTED,84,2023-05-31 06:04:04.524691
ALT0004380,TXN00481704,ACCT100049775,ML_PATTERN_DETECTED,62,2024-08-02 01:47:23.742275
ALT0004381,TXN00481426,ACCT100083838,ML_PATTERN_DETECTED,83,2024-03-14 10:18:40.846545
ALT0004382,TXN00481717,ACCT100054448,ML_PATTERN_DETECTED,67,2024-10-09 23:28:55.281651
ALT0004383,TXN00493667,ACCT100006744,ML_PATTERN_DETECTED,50,2024-11-28 16:30:39.563872
ALT0004384,TXN00484009,ACCT100091164,ML_PATTERN_DETECTED,89,2024-08-03 05:31:11.808296
ALT0004385,TXN00481596,ACCT100009147,ML_PATTERN_DETECTED,81,2023-09-06 18:04:51.171532
ALT0004386,TXN00485107,ACCT100077351,ML_PATTERN_DETECTED,67,2024-11-06 01:37:05.337379
ALT0004387,TXN00486505,ACCT100000491,ML_PATTERN_DETECTED,67,2023-03-01 17:45:24.573907
ALT0004388,TXN00478769,ACCT100060584,ML_PATTERN_DETECTED,85,2024-08-07 20:07:37.151103
ALT0004389,TXN00495709,ACCT100017610,ML_PATTERN_DETECTED,79,2023-03-19 04:11:37.665590
ALT0004390,TXN00487348,ACCT100011491,ML_PATTERN_DETECTED,83,2023-07-15 07:01:13.654261
ALT0004391,TXN00477494,ACCT100075821,ML_PATTERN_DETECTED,70,2023-06-20 08:16:57.582170
ALT0004392,TXN00496099,ACCT100025930,ML_PATTERN_DETECTED,84,2024-11-01 17:47:26.667031
ALT0004393,TXN00489309,ACCT100068330,ML_PATTERN_DETECTED,73,2024-11-05 11:27:08.625556
ALT0004394,TXN00497129,ACCT100039459,ML_PATTERN_DETECTED,66,2024-09-12 16:48:34.556892
ALT0004395,TXN00499183,ACCT100080501,ML_PATTERN_DETECTED,62,2023-12-23 07:50:24.849966
ALT0004396,TXN00490162,ACCT100091411,ML_PATTERN_DETECTED,94,2024-08-06 09:33:49.340255
ALT0004397,TXN00482501,ACCT100071176,ML_PATTERN_DETECTED,98,2023-03-24 14:13:39.591336
ALT0004398,TXN00481229,ACCT100049172,ML_PATTERN_DETECTED,71,2023-11-02 20:45:37.469579
ALT0004399,TXN00484673,ACCT100066027,ML_PATTERN_DETECTED,53,2023-11-10 03:47:35.923590
ALT0004400,TXN00480279,ACCT100012855,ML_PATTERN_DETECTED,51,2023-02-06 06:51:36.383170
ALT0004401,TXN00482033,ACCT100029390,ML_PATTERN_DETECTED,53,2023-06-03 11:31:59.926930
ALT0004402,TXN00481332,ACCT100085716,ML_PATTERN_DETECTED,54,2023-06-03 13:32:34.643549
ALT0004403,TXN00492012,ACCT100092947,ML_PATTERN_DETECTED,60,2023-04-23 13:25:29.400474
ALT0004404,TXN00483776,ACCT100071877,ML_PATTERN_DETECTED,51,2024-08-21 00:00:21.438456
ALT0004405,TXN00485738,ACCT100037513,ML_PATTERN_DETECTED,51,2023-12-15 18:25:43.594433
ALT0004406,TXN00478958,ACCT100036499,ML_PATTERN_DETECTED,55,2024-11-10 02:47:22.635239
ALT0004407,TXN00490801,ACCT100098072,ML_PATTERN_DETECTED,50,2023-11-24 06:45:16.555312
ALT0004408,TXN00493142,ACCT100038948,ML_PATTERN_DETECTED,97,2023-12-24 09:06:02.565534
ALT0004409,TXN00494817,ACCT100027561,ML_PATTERN_DETECTED,50,2024-07-18 19:27:41.551689
ALT0004410,TXN00482551,ACCT100038739,ML_PATTERN_DETECTED,88,2024-09-10 16:37:14.977540
ALT0004411,TXN00495558,ACCT100008550,ML_PATTERN_DETECTED,70,2023-10-15 08:20:22.919263
ALT0004412,TXN00487673,ACCT100098655,ML_PATTERN_DETECTED,79,2023-03-19 03:15:17.334900
ALT0004413,TXN00480103,ACCT100046741,ML_PATTERN_DETECTED,84,2023-08-26 14:12:12.678549
ALT0004414,TXN00494242,ACCT100010687,ML_PATTERN_DETECTED,91,2023-02-05 06:37:15.672830
ALT0004415,TXN00491499,ACCT100006968,ML_PATTERN_DETECTED,50,2023-04-25 02:40:36.161360
ALT0004416,TXN00492755,ACCT100086781,ML_PATTERN_DETECTED,86,2023-12-13 09:16:13.590271
ALT0004417,TXN00495058,ACCT100080597,ML_PATTERN_DETECTED,76,2024-02-19 13:18:24.194898
ALT0004418,TXN00493372,ACCT100023041,ML_PATTERN_DETECTED,67,2023-04-14 20:25:13.988636
ALT0004419,TXN00491857,ACCT100045656,ML_PATTERN_DETECTED,52,2023-10-08 05:56:02.056710
ALT0004420,TXN00489898,ACCT100019808,ML_PATTERN_DETECTED,64,2024-08-16 15:00:14.764044
ALT0004421,TXN00475172,ACCT100036232,ML_PATTERN_DETECTED,80,2023-12-29 05:27:18.427938
ALT0004422,TXN00494684,ACCT100005400,ML_PATTERN_DETECTED,69,2024-06-15 00:19:39.535843
ALT0004423,TXN00478794,ACCT100043505,ML_PATTERN_DETECTED,81,2024-11-16 00:41:20.545808
ALT0004424,TXN00483590,ACCT100069887,ML_PATTERN_DETECTED,57,2023-01-19 13:16:13.383728
ALT0004425,TXN00487844,ACCT100006593,ML_PATTERN_DETECTED,70,2023-04-28 02:28:42.014038
ALT0004426,TXN00483215,ACCT100054993,ML_PATTERN_DETECTED,88,2024-11-21 08:57:18.558804
ALT0004427,TXN00487053,ACCT100095706,ML_PATTERN_DETECTED,74,2023-01-09 17:17:42.713259
ALT0004428,TXN00476452,ACCT100085571,ML_PATTERN_DETECTED,67,2023-03-11 00:01:21.597642
ALT0004429,TXN00477966,ACCT100039397,ML_PATTERN_DETECTED,65,2023-10-06 05:10:00.396242
ALT0004430,TXN00479825,ACCT100002662,ML_PATTERN_DETECTED,55,2023-04-10 11:37:06.839558
ALT0004431,TXN00484566,ACCT100006748,ML_PATTERN_DETECTED,78,2024-11-08 00:16:48.869310
ALT0004432,TXN00484861,ACCT100025296,ML_PATTERN_DETECTED,81,2023-08-08 02:07:13.302307
ALT0004433,TXN00489585,ACCT100060078,ML_PATTERN_DETECTED,98,2023-05-03 20:39:11.512325
ALT0004434,TXN00484375,ACCT100005189,ML_PATTERN_DETECTED,98,2023-09-27 13:36:30.135770
ALT0004435,TXN00478209,ACCT100082708,ML_PATTERN_DETECTED,56,2024-01-07 01:15:02.733606
ALT0004436,TXN00495375,ACCT100048129,ML_PATTERN_DETECTED,58,2023-08-08 05:34:39.888711
ALT0004437,TXN00498738,ACCT100049365,ML_PATTERN_DETECTED,70,2023-04-19 05:54:27.871704
ALT0004438,TXN00482116,ACCT100028300,ML_PATTERN_DETECTED,52,2023-02-27 16:17:10.237524
ALT0004439,TXN00489138,ACCT100057198,ML_PATTERN_DETECTED,71,2023-03-03 09:30:57.585805
ALT0004440,TXN00494493,ACCT100018353,ML_PATTERN_DETECTED,76,2023-02-15 16:34:54.923044
ALT0004441,TXN00497316,ACCT100084610,ML_PATTERN_DETECTED,57,2023-01-30 19:35:35.219362
ALT0004442,TXN00485602,ACCT100032028,ML_PATTERN_DETECTED,64,2023-10-06 16:56:32.323726
ALT0004443,TXN00479107,ACCT100070156,ML_PATTERN_DETECTED,71,2024-07-20 15:00:36.367315
ALT0004444,TXN00487576,ACCT100024975,ML_PATTERN_DETECTED,72,2023-12-06 02:02:41.567693
ALT0004445,TXN00481009,ACCT100046080,ML_PATTERN_DETECTED,94,2023-03-04 08:28:23.286803
ALT0004446,TXN00483623,ACCT100040119,ML_PATTERN_DETECTED,58,2024-05-22 22:54:47.647799
ALT0004447,TXN00488154,ACCT100081017,ML_PATTERN_DETECTED,73,2023-04-19 14:53:11.931574
ALT0004448,TXN00490436,ACCT100039979,ML_PATTERN_DETECTED,84,2023-09-29 13:52:24.096353
ALT0004449,TXN00495689,ACCT100001645,ML_PATTERN_DETECTED,72,2024-04-02 13:38:42.185191
ALT0004450,TXN00489480,ACCT100034272,ML_PATTERN_DETECTED,88,2023-02-17 03:50:26.924374
ALT0004451,TXN00484492,ACCT100051422,ML_PATTERN_DETECTED,61,2023-09-29 05:05:47.917720
ALT0004452,TXN00491464,ACCT100012877,ML_PATTERN_DETECTED,58,2024-05-07 06:52:02.041495
ALT0004453,TXN00489097,ACCT100027492,ML_PATTERN_DETECTED,65,2024-07-14 09:26:59.183556
ALT0004454,TXN00478459,ACCT100036210,ML_PATTERN_DETECTED,54,2024-07-15 09:29:18.544899
ALT0004455,TXN00481256,ACCT100014126,ML_PATTERN_DETECTED,79,2023-04-27 03:04:01.120821
ALT0004456,TXN00475381,ACCT100081473,ML_PATTERN_DETECTED,68,2023-08-28 16:00:31.881388
ALT0004457,TXN00499931,ACCT100040881,ML_PATTERN_DETECTED,55,2023-06-19 19:39:49.560221
ALT0004458,TXN00479652,ACCT100060375,ML_PATTERN_DETECTED,80,2024-09-27 08:55:27.654213
ALT0004459,TXN00479966,ACCT100092543,ML_PATTERN_DETECTED,83,2023-04-17 20:33:32.569305
ALT0004460,TXN00493126,ACCT100091581,ML_PATTERN_DETECTED,70,2024-02-16 23:00:35.987646
ALT0004461,TXN00482445,ACCT100077043,ML_PATTERN_DETECTED,78,2024-07-05 05:22:01.009752
ALT0004462,TXN00476483,ACCT100041074,ML_PATTERN_DETECTED,55,2024-06-09 03:44:33.730153
ALT0004463,TXN00477826,ACCT100096592,ML_PATTERN_DETECTED,73,2023-11-14 04:13:53.106001
ALT0004464,TXN00483284,ACCT100030436,ML_PATTERN_DETECTED,51,2023-08-16 14:12:04.854475
ALT0004465,TXN00476220,ACCT100063947,ML_PATTERN_DETECTED,71,2024-04-05 09:20:12.555856
ALT0004466,TXN00499819,ACCT100036144,ML_PATTERN_DETECTED,76,2023-11-23 15:47:36.325082
ALT0004467,TXN00478600,ACCT100068382,ML_PATTERN_DETECTED,65,2023-04-02 10:10:17.630976
ALT0004468,TXN00495718,ACCT100025956,ML_PATTERN_DETECTED,89,2023-01-14 00:12:51.388988
ALT0004469,TXN00499786,ACCT100089297,ML_PATTERN_DETECTED,94,2024-07-13 14:17:25.700669
ALT0004470,TXN00485346,ACCT100013621,ML_PATTERN_DETECTED,63,2023-10-05 14:12:52.604097
ALT0004471,TXN00489528,ACCT100090760,ML_PATTERN_DETECTED,95,2023-09-23 17:32:10.669578
ALT0004472,TXN00499331,ACCT100096053,ML_PATTERN_DETECTED,92,2024-02-27 09:31:40.443617
ALT0004473,TXN00480801,ACCT100038120,ML_PATTERN_DETECTED,73,2023-03-08 04:48:04.516968
ALT0004474,TXN00494876,ACCT100016966,ML_PATTERN_DETECTED,80,2023-04-27 21:10:25.222322
ALT0004475,TXN00494276,ACCT100075193,ML_PATTERN_DETECTED,84,2023-11-07 21:04:34.205904
ALT0004476,TXN00480327,ACCT100094779,ML_PATTERN_DETECTED,67,2024-05-05 23:26:06.111544
ALT0004477,TXN00497510,ACCT100057901,ML_PATTERN_DETECTED,98,2024-09-01 01:41:59.156664
ALT0004478,TXN00496586,ACCT100043362,ML_PATTERN_DETECTED,77,2023-09-06 00:36:15.881986
ALT0004479,TXN00496059,ACCT100084945,ML_PATTERN_DETECTED,56,2023-03-22 01:15:54.073516
ALT0004480,TXN00488786,ACCT100040990,ML_PATTERN_DETECTED,57,2023-03-28 09:06:43.237638
ALT0004481,TXN00479780,ACCT100060380,ML_PATTERN_DETECTED,57,2023-05-31 17:03:26.561740
ALT0004482,TXN00492028,ACCT100071482,ML_PATTERN_DETECTED,74,2024-04-16 04:16:14.924835
ALT0004483,TXN00499401,ACCT100028531,ML_PATTERN_DETECTED,74,2023-05-03 15:13:39.763354
ALT0004484,TXN00488667,ACCT100041800,ML_PATTERN_DETECTED,72,2023-04-20 15:12:15.524653
ALT0004485,TXN00480001,ACCT100056822,ML_PATTERN_DETECTED,73,2024-08-15 17:39:28.848161
ALT0004486,TXN00486333,ACCT100051451,ML_PATTERN_DETECTED,67,2024-01-09 15:12:51.244447
ALT0004487,TXN00499339,ACCT100003099,ML_PATTERN_DETECTED,74,2024-07-08 06:18:21.918305
ALT0004488,TXN00479257,ACCT100089309,ML_PATTERN_DETECTED,68,2024-07-10 17:41:25.398387
ALT0004489,TXN00478976,ACCT100011042,ML_PATTERN_DETECTED,70,2023-12-30 00:16:29.190162
ALT0004490,TXN00494619,ACCT100024961,ML_PATTERN_DETECTED,95,2024-06-08 09:26:52.386646
ALT0004491,TXN00487855,ACCT100001926,ML_PATTERN_DETECTED,64,2024-05-07 19:49:42.715192
ALT0004492,TXN00491662,ACCT100026624,ML_PATTERN_DETECTED,84,2024-01-30 20:46:53.440372
ALT0004493,TXN00492614,ACCT100046081,ML_PATTERN_DETECTED,55,2024-03-29 12:11:03.740007
ALT0004494,TXN00475193,ACCT100095215,ML_PATTERN_DETECTED,79,2023-12-11 23:39:07.724292
ALT0004495,TXN00483486,ACCT100014489,ML_PATTERN_DETECTED,66,2024-03-11 07:49:35.509026
ALT0004496,TXN00492630,ACCT100024812,ML_PATTERN_DETECTED,60,2023-05-26 07:43:07.576247
ALT0004497,TXN00495966,ACCT100043248,ML_PATTERN_DETECTED,68,2023-02-11 18:26:45.474383
ALT0004498,TXN00475256,ACCT100065134,ML_PATTERN_DETECTED,53,2023-09-22 02:22:35.385652
ALT0004499,TXN00483154,ACCT100069929,ML_PATTERN_DETECTED,60,2023-04-23 22:54:34.050207
ALT0004500,TXN00483658,ACCT100040421,ML_PATTERN_DETECTED,98,2023-04-04 02:13:23.757576
ALT0004501,TXN00489707,ACCT100043294,ML_PATTERN_DETECTED,97,2024-09-02 07:41:36.078392
ALT0004502,TXN00490918,ACCT100097623,ML_PATTERN_DETECTED,64,2023-07-27 09:19:13.869262
ALT0004503,TXN00482353,ACCT100073035,ML_PATTERN_DETECTED,66,2024-05-09 20:53:38.861651
ALT0004504,TXN00479929,ACCT100089445,ML_PATTERN_DETECTED,75,2023-11-21 08:12:10.382112
ALT0004505,TXN00489902,ACCT100019881,ML_PATTERN_DETECTED,54,2024-04-15 19:42:17.163477
ALT0004506,TXN00496068,ACCT100009015,ML_PATTERN_DETECTED,77,2023-09-16 03:05:21.317433
ALT0004507,TXN00488454,ACCT100078198,ML_PATTERN_DETECTED,59,2023-01-04 07:46:22.942404
ALT0004508,TXN00480823,ACCT100051621,ML_PATTERN_DETECTED,88,2023-10-03 13:34:46.318146
ALT0004509,TXN00486420,ACCT100017487,ML_PATTERN_DETECTED,53,2024-01-12 15:28:20.822701
ALT0004510,TXN00495727,ACCT100032674,ML_PATTERN_DETECTED,58,2024-02-16 01:04:54.006998
ALT0004511,TXN00484113,ACCT100094384,ML_PATTERN_DETECTED,80,2024-08-01 08:10:46.944649
ALT0004512,TXN00496839,ACCT100054356,ML_PATTERN_DETECTED,71,2023-08-25 17:57:40.602892
ALT0004513,TXN00481882,ACCT100071124,ML_PATTERN_DETECTED,60,2023-10-08 01:51:11.432663
ALT0004514,TXN00497815,ACCT100039130,ML_PATTERN_DETECTED,83,2023-04-02 17:22:53.374299
ALT0004515,TXN00484506,ACCT100092032,ML_PATTERN_DETECTED,89,2024-01-02 19:06:04.788749
ALT0004516,TXN00477353,ACCT100030597,ML_PATTERN_DETECTED,57,2023-05-23 04:36:55.606356
ALT0004517,TXN00489277,ACCT100022918,ML_PATTERN_DETECTED,79,2024-08-20 13:47:52.953636
ALT0004518,TXN00488604,ACCT100007781,ML_PATTERN_DETECTED,55,2024-10-07 16:52:12.736886
ALT0004519,TXN00498800,ACCT100046146,ML_PATTERN_DETECTED,68,2024-09-03 18:06:56.513377
ALT0004520,TXN00494915,ACCT100084807,ML_PATTERN_DETECTED,62,2023-05-05 07:08:30.690254
ALT0004521,TXN00484755,ACCT100035722,ML_PATTERN_DETECTED,73,2023-11-28 07:59:35.568353
ALT0004522,TXN00479395,ACCT100068913,ML_PATTERN_DETECTED,72,2023-11-08 15:57:55.216679
ALT0004523,TXN00491280,ACCT100035700,ML_PATTERN_DETECTED,94,2024-07-08 09:21:53.769242
ALT0004524,TXN00491221,ACCT100052470,ML_PATTERN_DETECTED,74,2024-07-27 18:44:09.235363
ALT0004525,TXN00491397,ACCT100011883,ML_PATTERN_DETECTED,90,2024-11-29 15:33:42.815975
ALT0004526,TXN00493138,ACCT100061866,ML_PATTERN_DETECTED,90,2023-01-07 03:28:35.874046
ALT0004527,TXN00489169,ACCT100066574,ML_PATTERN_DETECTED,76,2023-08-11 14:53:09.276090
ALT0004528,TXN00486274,ACCT100059101,ML_PATTERN_DETECTED,93,2023-09-15 03:31:15.568761
ALT0004529,TXN00492749,ACCT100052047,ML_PATTERN_DETECTED,85,2024-02-18 14:24:18.188372
ALT0004530,TXN00492986,ACCT100062663,ML_PATTERN_DETECTED,57,2023-03-06 23:10:19.187490
ALT0004531,TXN00495603,ACCT100026054,ML_PATTERN_DETECTED,86,2023-08-25 01:00:49.207093
ALT0004532,TXN00477215,ACCT100023138,ML_PATTERN_DETECTED,72,2024-06-09 08:31:02.832772
ALT0004533,TXN00478877,ACCT100037035,ML_PATTERN_DETECTED,87,2023-09-20 19:03:14.695647
ALT0004534,TXN00483576,ACCT100013742,ML_PATTERN_DETECTED,75,2024-12-16 19:38:24.269942
ALT0004535,TXN00483998,ACCT100076945,ML_PATTERN_DETECTED,83,2024-01-15 18:15:53.013932
ALT0004536,TXN00494727,ACCT100005711,ML_PATTERN_DETECTED,89,2023-02-20 19:52:41.063166
ALT0004537,TXN00476114,ACCT100015931,ML_PATTERN_DETECTED,91,2023-02-14 18:33:37.258438
ALT0004538,TXN00485581,ACCT100004232,ML_PATTERN_DETECTED,60,2024-06-06 20:40:33.679424
ALT0004539,TXN00491848,ACCT100093600,ML_PATTERN_DETECTED,87,2024-09-02 12:25:21.864920
ALT0004540,TXN00490359,ACCT100088661,ML_PATTERN_DETECTED,57,2024-09-15 17:42:31.234023
ALT0004541,TXN00482985,ACCT100014650,ML_PATTERN_DETECTED,66,2023-10-19 21:25:43.296889
ALT0004542,TXN00484263,ACCT100058598,ML_PATTERN_DETECTED,87,2024-08-14 02:59:03.805078
ALT0004543,TXN00483550,ACCT100054448,ML_PATTERN_DETECTED,92,2024-04-23 18:27:41.440928
ALT0004544,TXN00484251,ACCT100076442,ML_PATTERN_DETECTED,55,2023-07-14 03:45:00.471214
ALT0004545,TXN00481126,ACCT100064114,ML_PATTERN_DETECTED,65,2023-05-06 08:20:53.456640
ALT0004546,TXN00499443,ACCT100082875,ML_PATTERN_DETECTED,79,2023-12-04 15:24:15.310799
ALT0004547,TXN00488121,ACCT100027921,ML_PATTERN_DETECTED,78,2023-12-30 10:10:31.390489
ALT0004548,TXN00490866,ACCT100026279,ML_PATTERN_DETECTED,67,2023-09-05 14:24:40.188117
ALT0004549,TXN00478301,ACCT100089844,ML_PATTERN_DETECTED,96,2023-02-02 23:48:00.042532
ALT0004550,TXN00489938,ACCT100084648,ML_PATTERN_DETECTED,86,2024-08-07 09:15:21.029371
ALT0004551,TXN00483105,ACCT100010610,ML_PATTERN_DETECTED,61,2023-04-01 14:19:43.055447
ALT0004552,TXN00489750,ACCT100077482,ML_PATTERN_DETECTED,67,2023-04-08 12:14:27.583955
ALT0004553,TXN00492639,ACCT100056416,ML_PATTERN_DETECTED,61,2024-03-17 05:07:25.471072
ALT0004554,TXN00491937,ACCT100055718,ML_PATTERN_DETECTED,87,2024-04-08 23:21:15.359231
ALT0004555,TXN00489912,ACCT100045220,ML_PATTERN_DETECTED,78,2023-12-23 05:04:33.954349
ALT0004556,TXN00493797,ACCT100087294,ML_PATTERN_DETECTED,65,2024-07-11 08:09:53.842108
ALT0004557,TXN00486522,ACCT100075097,ML_PATTERN_DETECTED,84,2024-08-11 00:58:44.214259
ALT0004558,TXN00481183,ACCT100033366,ML_PATTERN_DETECTED,73,2024-08-11 09:26:59.631500
ALT0004559,TXN00497861,ACCT100049059,ML_PATTERN_DETECTED,71,2024-10-18 02:37:34.215904
ALT0004560,TXN00482619,ACCT100011858,ML_PATTERN_DETECTED,55,2024-01-06 20:20:33.244965
ALT0004561,TXN00485882,ACCT100082820,ML_PATTERN_DETECTED,85,2024-03-16 14:20:44.083898
ALT0004562,TXN00476319,ACCT100065043,ML_PATTERN_DETECTED,60,2024-01-02 08:51:24.799741
ALT0004563,TXN00492544,ACCT100023657,ML_PATTERN_DETECTED,76,2024-01-25 11:33:22.951982
ALT0004564,TXN00497055,ACCT100042992,ML_PATTERN_DETECTED,77,2023-03-29 03:32:21.895350
ALT0004565,TXN00479633,ACCT100009868,ML_PATTERN_DETECTED,79,2023-12-06 15:15:59.855196
ALT0004566,TXN00492919,ACCT100065321,ML_PATTERN_DETECTED,91,2024-05-06 19:23:09.796127
ALT0004567,TXN00476153,ACCT100069856,ML_PATTERN_DETECTED,60,2024-04-29 16:51:07.761406
ALT0004568,TXN00484894,ACCT100017458,ML_PATTERN_DETECTED,89,2023-08-18 03:52:04.569180
ALT0004569,TXN00487086,ACCT100093251,ML_PATTERN_DETECTED,87,2024-07-31 02:47:44.396806
ALT0004570,TXN00493831,ACCT100014204,ML_PATTERN_DETECTED,71,2023-01-18 23:50:01.443510
ALT0004571,TXN00496118,ACCT100078132,ML_PATTERN_DETECTED,65,2024-02-12 00:49:38.506580
ALT0004572,TXN00495779,ACCT100000694,ML_PATTERN_DETECTED,54,2023-04-22 10:17:28.240307
ALT0004573,TXN00480657,ACCT100042286,ML_PATTERN_DETECTED,61,2023-09-17 19:57:40.814507
ALT0004574,TXN00485445,ACCT100047956,ML_PATTERN_DETECTED,64,2024-07-29 01:29:12.610925
ALT0004575,TXN00489780,ACCT100019380,ML_PATTERN_DETECTED,91,2024-05-18 07:36:10.657285
ALT0004576,TXN00479238,ACCT100054091,ML_PATTERN_DETECTED,73,2023-09-12 00:07:24.306290
ALT0004577,TXN00486055,ACCT100018299,ML_PATTERN_DETECTED,61,2023-07-05 05:31:11.154029
ALT0004578,TXN00480450,ACCT100090726,ML_PATTERN_DETECTED,78,2023-05-23 18:35:59.362589
ALT0004579,TXN00490192,ACCT100012288,ML_PATTERN_DETECTED,64,2024-05-25 00:04:18.524240
ALT0004580,TXN00498162,ACCT100082669,ML_PATTERN_DETECTED,65,2023-01-03 19:34:22.172169
ALT0004581,TXN00485270,ACCT100060294,ML_PATTERN_DETECTED,60,2023-07-03 23:04:56.681694
ALT0004582,TXN00477875,ACCT100043377,ML_PATTERN_DETECTED,94,2023-06-14 21:41:37.047471
ALT0004583,TXN00484431,ACCT100014054,ML_PATTERN_DETECTED,81,2023-05-06 19:45:00.586204
ALT0004584,TXN00476818,ACCT100023756,ML_PATTERN_DETECTED,73,2023-05-20 16:32:37.199996
ALT0004585,TXN00487235,ACCT100078160,ML_PATTERN_DETECTED,87,2023-01-17 06:25:29.963933
ALT0004586,TXN00492770,ACCT100070313,ML_PATTERN_DETECTED,72,2023-05-31 13:20:26.239536
ALT0004587,TXN00475534,ACCT100088270,ML_PATTERN_DETECTED,75,2023-08-12 21:04:47.441812
ALT0004588,TXN00489039,ACCT100065043,ML_PATTERN_DETECTED,81,2023-10-23 02:35:40.535528
ALT0004589,TXN00487929,ACCT100083519,ML_PATTERN_DETECTED,62,2023-03-08 12:43:53.888216
ALT0004590,TXN00487495,ACCT100068926,ML_PATTERN_DETECTED,77,2023-11-10 01:23:52.953771
ALT0004591,TXN00477991,ACCT100083435,ML_PATTERN_DETECTED,95,2024-09-14 15:40:35.236488
ALT0004592,TXN00486201,ACCT100019410,ML_PATTERN_DETECTED,60,2024-10-15 01:00:01.617743
ALT0004593,TXN00492905,ACCT100081494,ML_PATTERN_DETECTED,78,2023-04-26 14:32:15.713696
ALT0004594,TXN00498805,ACCT100041677,ML_PATTERN_DETECTED,98,2024-08-29 04:18:06.357728
ALT0004595,TXN00493451,ACCT100005707,ML_PATTERN_DETECTED,80,2024-11-12 18:19:52.346321
ALT0004596,TXN00499481,ACCT100073378,ML_PATTERN_DETECTED,54,2023-09-19 01:26:50.494839
ALT0004597,TXN00495149,ACCT100098658,ML_PATTERN_DETECTED,74,2023-01-17 19:26:11.536286
ALT0004598,TXN00491399,ACCT100068584,ML_PATTERN_DETECTED,74,2024-05-18 14:16:19.016211
ALT0004599,TXN00487419,ACCT100089589,ML_PATTERN_DETECTED,91,2024-04-19 15:46:33.004694
ALT0004600,TXN00488026,ACCT100096554,ML_PATTERN_DETECTED,64,2024-09-16 18:09:59.162825
ALT0004601,TXN00494840,ACCT100018436,ML_PATTERN_DETECTED,85,2024-08-29 09:20:25.330089
ALT0004602,TXN00495788,ACCT100075503,ML_PATTERN_DETECTED,74,2023-06-27 11:20:28.714375
ALT0004603,TXN00490136,ACCT100024980,ML_PATTERN_DETECTED,85,2023-10-31 05:05:12.254020
ALT0004604,TXN00476135,ACCT100088673,ML_PATTERN_DETECTED,89,2023-12-28 11:28:43.991219
ALT0004605,TXN00494184,ACCT100005339,ML_PATTERN_DETECTED,67,2023-04-21 22:43:35.305053
ALT0004606,TXN00489112,ACCT100092261,ML_PATTERN_DETECTED,69,2023-02-03 20:39:23.322319
ALT0004607,TXN00487942,ACCT100076897,ML_PATTERN_DETECTED,54,2024-06-21 19:08:54.588175
ALT0004608,TXN00498310,ACCT100009276,ML_PATTERN_DETECTED,76,2023-09-23 08:35:38.499424
ALT0004609,TXN00481429,ACCT100004656,ML_PATTERN_DETECTED,76,2023-10-26 09:17:56.329372
ALT0004610,TXN00499171,ACCT100038478,ML_PATTERN_DETECTED,84,2024-02-11 14:57:52.966482
ALT0004611,TXN00485491,ACCT100094005,ML_PATTERN_DETECTED,95,2023-10-08 18:07:59.631102
ALT0004612,TXN00487921,ACCT100059748,ML_PATTERN_DETECTED,89,2023-12-14 05:48:41.518027
ALT0004613,TXN00487019,ACCT100013374,ML_PATTERN_DETECTED,69,2024-05-10 21:00:55.986547
ALT0004614,TXN00486535,ACCT100049446,ML_PATTERN_DETECTED,85,2023-02-06 03:51:11.487607
ALT0004615,TXN00483891,ACCT100098209,ML_PATTERN_DETECTED,91,2024-04-25 11:13:10.304726
ALT0004616,TXN00484416,ACCT100096324,ML_PATTERN_DETECTED,63,2024-02-19 05:49:08.964757
ALT0004617,TXN00489251,ACCT100046431,ML_PATTERN_DETECTED,50,2024-05-25 07:14:46.946060
ALT0004618,TXN00481778,ACCT100094243,ML_PATTERN_DETECTED,94,2023-07-13 14:20:29.485266
ALT0004619,TXN00491852,ACCT100072478,ML_PATTERN_DETECTED,75,2023-12-23 08:15:24.430766
ALT0004620,TXN00488153,ACCT100071700,ML_PATTERN_DETECTED,88,2023-12-15 08:03:50.230318
ALT0004621,TXN00498314,ACCT100015066,ML_PATTERN_DETECTED,66,2023-02-07 18:03:03.106011
ALT0004622,TXN00475987,ACCT100072679,ML_PATTERN_DETECTED,56,2023-07-22 11:19:07.967953
ALT0004623,TXN00477081,ACCT100049900,ML_PATTERN_DETECTED,50,2024-12-10 00:11:42.130611
ALT0004624,TXN00485209,ACCT100036401,ML_PATTERN_DETECTED,74,2023-08-27 16:40:05.528414
ALT0004625,TXN00486090,ACCT100090407,ML_PATTERN_DETECTED,73,2024-08-31 04:44:18.224116
ALT0004626,TXN00495875,ACCT100054876,ML_PATTERN_DETECTED,60,2024-01-10 12:14:42.157418
ALT0004627,TXN00478282,ACCT100081129,ML_PATTERN_DETECTED,72,2023-05-10 02:32:23.858433
ALT0004628,TXN00484198,ACCT100002563,ML_PATTERN_DETECTED,68,2023-01-25 05:04:11.480081
ALT0004629,TXN00480600,ACCT100063030,ML_PATTERN_DETECTED,64,2024-01-03 01:47:01.071351
ALT0004630,TXN00485940,ACCT100072862,ML_PATTERN_DETECTED,96,2023-01-26 22:42:10.672126
ALT0004631,TXN00480993,ACCT100017049,ML_PATTERN_DETECTED,59,2024-02-09 12:37:23.620078
ALT0004632,TXN00475774,ACCT100004569,ML_PATTERN_DETECTED,91,2024-08-15 11:53:54.965633
ALT0004633,TXN00483126,ACCT100037762,ML_PATTERN_DETECTED,82,2023-10-13 16:43:25.457801
ALT0004634,TXN00488661,ACCT100053848,ML_PATTERN_DETECTED,76,2024-11-09 20:43:30.724559
ALT0004635,TXN00480339,ACCT100050877,ML_PATTERN_DETECTED,98,2023-08-26 08:29:17.068369
ALT0004636,TXN00476092,ACCT100061733,ML_PATTERN_DETECTED,77,2024-12-13 00:56:36.026763
ALT0004637,TXN00483745,ACCT100025132,ML_PATTERN_DETECTED,93,2024-03-06 19:01:48.352668
ALT0004638,TXN00479769,ACCT100003561,ML_PATTERN_DETECTED,72,2024-03-08 02:10:11.880269
ALT0004639,TXN00479578,ACCT100048492,ML_PATTERN_DETECTED,98,2024-05-31 14:28:33.437236
ALT0004640,TXN00486443,ACCT100062157,ML_PATTERN_DETECTED,97,2023-11-03 05:48:46.320364
ALT0004641,TXN00476106,ACCT100043798,ML_PATTERN_DETECTED,71,2024-09-27 01:01:30.228465
ALT0004642,TXN00494464,ACCT100049762,ML_PATTERN_DETECTED,83,2023-05-19 09:21:33.585897
ALT0004643,TXN00493818,ACCT100062546,ML_PATTERN_DETECTED,64,2024-11-13 03:52:34.762655
ALT0004644,TXN00482379,ACCT100064422,ML_PATTERN_DETECTED,71,2024-12-10 03:41:57.020277
ALT0004645,TXN00497176,ACCT100073125,ML_PATTERN_DETECTED,80,2024-12-19 01:16:14.018481
ALT0004646,TXN00488391,ACCT100027704,ML_PATTERN_DETECTED,75,2024-02-23 11:21:45.284909
ALT0004647,TXN00476250,ACCT100013633,ML_PATTERN_DETECTED,59,2024-03-26 04:13:08.135875
ALT0004648,TXN00481329,ACCT100004368,ML_PATTERN_DETECTED,95,2024-07-15 21:23:36.855602
ALT0004649,TXN00482839,ACCT100077815,ML_PATTERN_DETECTED,65,2024-01-17 10:09:14.923198
ALT0004650,TXN00486140,ACCT100059108,ML_PATTERN_DETECTED,86,2023-09-10 11:45:28.130687
ALT0004651,TXN00482616,ACCT100087569,ML_PATTERN_DETECTED,98,2024-06-23 05:26:14.648307
ALT0004652,TXN00499083,ACCT100039686,ML_PATTERN_DETECTED,75,2024-12-18 02:46:31.836994
ALT0004653,TXN00499731,ACCT100000745,ML_PATTERN_DETECTED,85,2023-05-08 22:40:27.254778
ALT0004654,TXN00489111,ACCT100056120,ML_PATTERN_DETECTED,93,2023-05-15 11:57:58.279312
ALT0004655,TXN00493652,ACCT100097550,ML_PATTERN_DETECTED,72,2023-07-18 14:08:43.845275
ALT0004656,TXN00490045,ACCT100093104,ML_PATTERN_DETECTED,74,2024-12-01 08:32:25.401307
ALT0004657,TXN00481163,ACCT100094533,ML_PATTERN_DETECTED,63,2023-04-29 04:34:51.702204
ALT0004658,TXN00478054,ACCT100089305,ML_PATTERN_DETECTED,87,2024-08-31 23:41:08.860241
ALT0004659,TXN00481446,ACCT100074320,ML_PATTERN_DETECTED,50,2024-05-15 23:57:30.168596
ALT0004660,TXN00483361,ACCT100037025,ML_PATTERN_DETECTED,91,2023-09-12 20:45:46.082886
ALT0004661,TXN00480532,ACCT100069932,ML_PATTERN_DETECTED,87,2023-08-23 09:50:16.452249
ALT0004662,TXN00480962,ACCT100022230,ML_PATTERN_DETECTED,87,2023-11-11 23:15:51.807751
ALT0004663,TXN00483985,ACCT100012975,ML_PATTERN_DETECTED,69,2024-01-31 13:13:14.550234
ALT0004664,TXN00493336,ACCT100071123,ML_PATTERN_DETECTED,87,2024-12-06 15:52:17.499336
ALT0004665,TXN00495024,ACCT100016562,ML_PATTERN_DETECTED,84,2023-01-14 04:08:55.668273
ALT0004666,TXN00489913,ACCT100060122,ML_PATTERN_DETECTED,85,2024-01-08 13:13:59.986595
ALT0004667,TXN00486172,ACCT100033550,ML_PATTERN_DETECTED,59,2024-08-06 05:52:13.931753
ALT0004668,TXN00494179,ACCT100030010,ML_PATTERN_DETECTED,97,2023-05-23 15:38:35.741649
ALT0004669,TXN00498125,ACCT100017577,ML_PATTERN_DETECTED,81,2023-12-09 13:30:15.503728
ALT0004670,TXN00482554,ACCT100040984,ML_PATTERN_DETECTED,63,2023-03-02 19:55:14.079718
ALT0004671,TXN00482499,ACCT100079515,ML_PATTERN_DETECTED,91,2023-01-25 01:21:39.675282
ALT0004672,TXN00479153,ACCT100063036,ML_PATTERN_DETECTED,57,2024-06-11 16:57:36.989522
ALT0004673,TXN00499538,ACCT100042061,ML_PATTERN_DETECTED,77,2023-09-08 11:06:58.701297
ALT0004674,TXN00490731,ACCT100028265,ML_PATTERN_DETECTED,71,2024-12-30 09:02:34.923587
ALT0004675,TXN00489929,ACCT100008463,ML_PATTERN_DETECTED,71,2024-05-17 21:21:50.430905
ALT0004676,TXN00477841,ACCT100093096,ML_PATTERN_DETECTED,88,2023-04-23 07:55:59.970138
ALT0004677,TXN00493327,ACCT100040495,ML_PATTERN_DETECTED,76,2024-01-12 00:04:33.687278
ALT0004678,TXN00484676,ACCT100085928,ML_PATTERN_DETECTED,74,2024-11-06 15:35:32.192339
ALT0004679,TXN00497217,ACCT100028203,ML_PATTERN_DETECTED,73,2023-01-03 09:36:52.931902
ALT0004680,TXN00485560,ACCT100011416,ML_PATTERN_DETECTED,89,2024-04-19 09:41:39.744471
ALT0004681,TXN00475166,ACCT100051464,ML_PATTERN_DETECTED,83,2024-07-08 03:41:23.517779
ALT0004682,TXN00494803,ACCT100027922,ML_PATTERN_DETECTED,90,2023-10-25 00:14:07.095953
ALT0004683,TXN00492508,ACCT100025532,ML_PATTERN_DETECTED,80,2024-10-28 12:14:13.751646
ALT0004684,TXN00492474,ACCT100016108,ML_PATTERN_DETECTED,70,2023-05-30 03:29:39.405176
ALT0004685,TXN00483047,ACCT100063575,ML_PATTERN_DETECTED,61,2024-02-26 21:56:43.270676
ALT0004686,TXN00483777,ACCT100066337,ML_PATTERN_DETECTED,73,2023-08-26 21:42:18.105461
ALT0004687,TXN00479420,ACCT100091739,ML_PATTERN_DETECTED,69,2023-03-28 01:33:16.693124
ALT0004688,TXN00484792,ACCT100073204,ML_PATTERN_DETECTED,70,2024-09-09 22:09:03.186647
ALT0004689,TXN00477824,ACCT100043134,ML_PATTERN_DETECTED,72,2024-03-29 12:15:44.512747
ALT0004690,TXN00491781,ACCT100063012,ML_PATTERN_DETECTED,93,2023-12-13 19:23:48.140822
ALT0004691,TXN00491622,ACCT100068733,ML_PATTERN_DETECTED,61,2024-02-07 03:51:19.520837
ALT0004692,TXN00486924,ACCT100028256,ML_PATTERN_DETECTED,66,2023-09-26 22:46:01.635253
ALT0004693,TXN00491534,ACCT100090483,ML_PATTERN_DETECTED,85,2024-08-19 14:27:34.471793
ALT0004694,TXN00478156,ACCT100082955,ML_PATTERN_DETECTED,77,2023-07-30 23:57:54.411472
ALT0004695,TXN00487615,ACCT100050672,ML_PATTERN_DETECTED,56,2024-09-17 01:44:21.800775
ALT0004696,TXN00494746,ACCT100013783,ML_PATTERN_DETECTED,62,2023-09-29 03:44:29.940593
ALT0004697,TXN00482165,ACCT100051442,ML_PATTERN_DETECTED,51,2024-12-28 16:00:39.894803
ALT0004698,TXN00487207,ACCT100091352,ML_PATTERN_DETECTED,78,2024-12-16 11:15:32.834202
ALT0004699,TXN00483196,ACCT100005597,ML_PATTERN_DETECTED,81,2024-07-30 02:40:33.292930
ALT0004700,TXN00496097,ACCT100072809,ML_PATTERN_DETECTED,84,2024-03-28 05:38:28.216600
ALT0004701,TXN00478063,ACCT100053177,ML_PATTERN_DETECTED,82,2024-09-03 11:47:02.025112
ALT0004702,TXN00492599,ACCT100053292,ML_PATTERN_DETECTED,98,2023-03-13 13:12:10.589030
ALT0004703,TXN00495980,ACCT100055096,ML_PATTERN_DETECTED,73,2024-09-11 19:15:37.006626
ALT0004704,TXN00482539,ACCT100059046,ML_PATTERN_DETECTED,68,2023-05-30 20:33:36.165808
ALT0004705,TXN00478889,ACCT100084193,ML_PATTERN_DETECTED,61,2023-12-31 19:03:40.429305
ALT0004706,TXN00488994,ACCT100012879,ML_PATTERN_DETECTED,53,2024-04-23 02:00:10.541145
ALT0004707,TXN00490033,ACCT100017524,ML_PATTERN_DETECTED,52,2024-12-19 13:33:01.238408
ALT0004708,TXN00476552,ACCT100004099,ML_PATTERN_DETECTED,68,2023-04-26 15:13:25.845542
ALT0004709,TXN00478641,ACCT100070425,ML_PATTERN_DETECTED,52,2024-10-26 03:27:32.200164
ALT0004710,TXN00495264,ACCT100082166,ML_PATTERN_DETECTED,51,2024-02-14 03:20:29.661309
ALT0004711,TXN00499811,ACCT100037200,ML_PATTERN_DETECTED,51,2024-02-26 14:29:21.346954
ALT0004712,TXN00487934,ACCT100081810,ML_PATTERN_DETECTED,79,2023-10-25 23:20:19.456172
ALT0004713,TXN00487067,ACCT100042607,ML_PATTERN_DETECTED,69,2023-11-02 08:36:12.951478
ALT0004714,TXN00475910,ACCT100076054,ML_PATTERN_DETECTED,53,2023-07-14 12:30:41.772359
ALT0004715,TXN00492941,ACCT100030101,ML_PATTERN_DETECTED,78,2023-09-04 07:23:02.180623
ALT0004716,TXN00494856,ACCT100041656,ML_PATTERN_DETECTED,74,2024-01-12 12:41:44.419133
ALT0004717,TXN00494007,ACCT100067434,ML_PATTERN_DETECTED,58,2024-12-26 16:53:01.378558
ALT0004718,TXN00489242,ACCT100061920,ML_PATTERN_DETECTED,71,2024-01-12 05:33:21.302302
ALT0004719,TXN00497073,ACCT100056476,ML_PATTERN_DETECTED,83,2023-04-03 19:07:07.201312
ALT0004720,TXN00475275,ACCT100024602,ML_PATTERN_DETECTED,94,2024-05-18 16:27:09.910449
ALT0004721,TXN00484600,ACCT100056010,ML_PATTERN_DETECTED,88,2024-01-29 13:10:00.374641
ALT0004722,TXN00486748,ACCT100014982,ML_PATTERN_DETECTED,70,2024-10-03 12:13:53.712357
ALT0004723,TXN00498031,ACCT100084781,ML_PATTERN_DETECTED,93,2024-04-24 07:25:04.026640
ALT0004724,TXN00498228,ACCT100085621,ML_PATTERN_DETECTED,72,2023-10-01 17:24:59.225169
ALT0004725,TXN00485002,ACCT100081532,ML_PATTERN_DETECTED,65,2023-03-27 17:13:36.655826
ALT0004726,TXN00498663,ACCT100055243,ML_PATTERN_DETECTED,85,2023-03-18 19:43:56.085186
ALT0004727,TXN00485555,ACCT100055980,ML_PATTERN_DETECTED,96,2024-03-05 10:19:57.171880
ALT0004728,TXN00499058,ACCT100062405,ML_PATTERN_DETECTED,60,2024-06-03 07:56:59.395213
ALT0004729,TXN00477297,ACCT100098712,ML_PATTERN_DETECTED,59,2024-04-14 08:30:11.789801
ALT0004730,TXN00487904,ACCT100090806,ML_PATTERN_DETECTED,51,2023-01-03 21:12:53.525900
ALT0004731,TXN00482667,ACCT100083234,ML_PATTERN_DETECTED,68,2023-09-10 08:06:12.403385
ALT0004732,TXN00486860,ACCT100044241,ML_PATTERN_DETECTED,87,2023-02-22 12:49:08.469106
ALT0004733,TXN00480029,ACCT100015018,ML_PATTERN_DETECTED,83,2023-04-26 09:25:30.367398
ALT0004734,TXN00491860,ACCT100061366,ML_PATTERN_DETECTED,66,2024-08-31 10:35:22.193810
ALT0004735,TXN00475566,ACCT100059368,ML_PATTERN_DETECTED,56,2024-03-19 23:57:34.409036
ALT0004736,TXN00480046,ACCT100004335,ML_PATTERN_DETECTED,50,2023-08-30 16:00:02.741438
ALT0004737,TXN00499084,ACCT100071450,ML_PATTERN_DETECTED,53,2023-06-07 17:30:34.703597
ALT0004738,TXN00487002,ACCT100026180,ML_PATTERN_DETECTED,55,2023-09-24 13:20:08.678196
ALT0004739,TXN00487447,ACCT100091425,ML_PATTERN_DETECTED,62,2023-10-17 12:40:58.977245
ALT0004740,TXN00477405,ACCT100012744,ML_PATTERN_DETECTED,67,2023-12-10 23:09:42.938935
ALT0004741,TXN00496221,ACCT100038316,ML_PATTERN_DETECTED,65,2024-12-07 05:06:20.649393
ALT0004742,TXN00484774,ACCT100006166,ML_PATTERN_DETECTED,59,2024-02-29 15:46:02.041443
ALT0004743,TXN00495827,ACCT100098985,ML_PATTERN_DETECTED,63,2023-05-26 07:34:50.330101
ALT0004744,TXN00499203,ACCT100099004,ML_PATTERN_DETECTED,57,2023-02-10 15:42:33.040779
ALT0004745,TXN00493965,ACCT100042638,ML_PATTERN_DETECTED,74,2024-04-06 09:44:20.276379
ALT0004746,TXN00483292,ACCT100042485,ML_PATTERN_DETECTED,83,2023-08-15 22:33:18.439023
ALT0004747,TXN00495539,ACCT100056225,ML_PATTERN_DETECTED,60,2024-07-21 20:36:42.474933
ALT0004748,TXN00487732,ACCT100088402,ML_PATTERN_DETECTED,67,2023-09-13 09:46:55.595518
ALT0004749,TXN00478243,ACCT100006667,ML_PATTERN_DETECTED,52,2023-11-29 21:13:15.544882
ALT0004750,TXN00479349,ACCT100098128,ML_PATTERN_DETECTED,79,2024-09-07 11:55:24.573063
ALT0004751,TXN00477258,ACCT100007993,ML_PATTERN_DETECTED,51,2024-03-19 08:48:56.680667
ALT0004752,TXN00487036,ACCT100012327,ML_PATTERN_DETECTED,85,2024-03-10 08:23:33.194563
ALT0004753,TXN00477351,ACCT100084547,ML_PATTERN_DETECTED,97,2024-01-10 20:00:07.675623
ALT0004754,TXN00494439,ACCT100098674,ML_PATTERN_DETECTED,53,2023-12-29 11:42:19.371742
ALT0004755,TXN00475826,ACCT100086002,ML_PATTERN_DETECTED,69,2024-07-19 11:37:47.146793
ALT0004756,TXN00496995,ACCT100044064,ML_PATTERN_DETECTED,53,2023-03-19 00:04:11.554218
ALT0004757,TXN00477057,ACCT100029681,ML_PATTERN_DETECTED,69,2024-02-12 12:35:33.392265
ALT0004758,TXN00493454,ACCT100007434,ML_PATTERN_DETECTED,55,2023-04-09 13:44:06.205350
ALT0004759,TXN00496896,ACCT100056855,ML_PATTERN_DETECTED,67,2023-06-24 18:48:37.024438
ALT0004760,TXN00481892,ACCT100077581,ML_PATTERN_DETECTED,58,2024-01-08 22:24:05.524335
ALT0004761,TXN00492556,ACCT100028119,ML_PATTERN_DETECTED,92,2023-07-22 10:25:19.802691
ALT0004762,TXN00475358,ACCT100023697,ML_PATTERN_DETECTED,97,2023-09-25 02:32:48.160135
ALT0004763,TXN00482699,ACCT100099194,ML_PATTERN_DETECTED,75,2023-04-29 06:41:22.231569
ALT0004764,TXN00478847,ACCT100022236,ML_PATTERN_DETECTED,66,2024-04-09 09:34:27.325594
ALT0004765,TXN00483879,ACCT100060169,ML_PATTERN_DETECTED,94,2024-10-24 20:51:06.407548
ALT0004766,TXN00490263,ACCT100082652,ML_PATTERN_DETECTED,79,2023-11-02 10:12:58.235507
ALT0004767,TXN00493214,ACCT100031861,ML_PATTERN_DETECTED,70,2024-12-05 03:21:21.647800
ALT0004768,TXN00477137,ACCT100091368,ML_PATTERN_DETECTED,68,2023-10-08 19:07:46.427684
ALT0004769,TXN00492114,ACCT100036558,ML_PATTERN_DETECTED,79,2023-06-15 04:04:01.953969
ALT0004770,TXN00496403,ACCT100059243,ML_PATTERN_DETECTED,73,2024-07-22 13:43:48.000819
ALT0004771,TXN00488139,ACCT100031012,ML_PATTERN_DETECTED,68,2023-02-03 13:06:18.025704
ALT0004772,TXN00494998,ACCT100031319,ML_PATTERN_DETECTED,59,2023-08-23 18:55:12.430488
ALT0004773,TXN00497417,ACCT100049197,ML_PATTERN_DETECTED,84,2023-12-13 18:08:12.264165
ALT0004774,TXN00480902,ACCT100054476,ML_PATTERN_DETECTED,85,2023-07-29 06:16:57.989818
ALT0004775,TXN00496840,ACCT100078240,ML_PATTERN_DETECTED,60,2023-08-24 06:07:14.157431
ALT0004776,TXN00488752,ACCT100050721,ML_PATTERN_DETECTED,79,2023-09-13 02:30:46.730854
ALT0004777,TXN00479799,ACCT100058712,ML_PATTERN_DETECTED,78,2023-04-27 17:17:10.759807
ALT0004778,TXN00496001,ACCT100039882,ML_PATTERN_DETECTED,54,2023-01-08 06:58:09.559963
ALT0004779,TXN00479533,ACCT100020968,ML_PATTERN_DETECTED,92,2024-07-19 19:03:55.715836
ALT0004780,TXN00480113,ACCT100010181,ML_PATTERN_DETECTED,91,2023-06-28 09:53:40.360689
ALT0004781,TXN00488481,ACCT100016120,ML_PATTERN_DETECTED,63,2023-09-01 21:03:23.747894
ALT0004782,TXN00481878,ACCT100075467,ML_PATTERN_DETECTED,83,2023-05-20 09:22:12.417673
ALT0004783,TXN00484846,ACCT100089717,ML_PATTERN_DETECTED,91,2023-03-03 07:56:11.682434
ALT0004784,TXN00481045,ACCT100013056,ML_PATTERN_DETECTED,69,2024-06-14 07:28:42.294589
ALT0004785,TXN00482414,ACCT100051627,ML_PATTERN_DETECTED,51,2024-02-28 01:06:35.498715
ALT0004786,TXN00479365,ACCT100058078,ML_PATTERN_DETECTED,56,2024-10-28 20:40:11.269703
ALT0004787,TXN00475490,ACCT100016295,ML_PATTERN_DETECTED,71,2023-02-01 07:29:19.689259
ALT0004788,TXN00486529,ACCT100027582,ML_PATTERN_DETECTED,84,2024-03-04 05:25:45.374352
ALT0004789,TXN00493918,ACCT100035471,ML_PATTERN_DETECTED,52,2023-04-20 16:14:13.618923
ALT0004790,TXN00499303,ACCT100054994,ML_PATTERN_DETECTED,69,2023-05-15 11:44:55.008628
ALT0004791,TXN00494612,ACCT100062263,ML_PATTERN_DETECTED,62,2023-08-07 18:40:29.774121
ALT0004792,TXN00495240,ACCT100006886,ML_PATTERN_DETECTED,59,2024-11-12 20:11:01.126834
ALT0004793,TXN00493610,ACCT100033757,ML_PATTERN_DETECTED,94,2024-09-09 00:06:15.195146
ALT0004794,TXN00481340,ACCT100092142,ML_PATTERN_DETECTED,59,2023-10-05 06:53:55.132844
ALT0004795,TXN00480464,ACCT100097693,ML_PATTERN_DETECTED,88,2023-06-25 18:23:27.825896
ALT0004796,TXN00491518,ACCT100027644,ML_PATTERN_DETECTED,65,2024-10-16 14:26:58.556571
ALT0004797,TXN00481476,ACCT100064284,ML_PATTERN_DETECTED,82,2023-08-23 10:45:20.057738
ALT0004798,TXN00484474,ACCT100025056,ML_PATTERN_DETECTED,97,2024-04-15 10:44:24.272167
ALT0004799,TXN00482620,ACCT100063051,ML_PATTERN_DETECTED,68,2024-09-22 03:25:58.133733
ALT0004800,TXN00491099,ACCT100016823,ML_PATTERN_DETECTED,76,2023-01-04 05:32:39.499490
ALT0004801,TXN00487025,ACCT100067042,ML_PATTERN_DETECTED,59,2024-10-02 21:11:41.942079
ALT0004802,TXN00477267,ACCT100091662,ML_PATTERN_DETECTED,87,2023-02-11 23:51:31.829112
ALT0004803,TXN00499717,ACCT100027931,ML_PATTERN_DETECTED,78,2024-01-09 04:20:37.153542
ALT0004804,TXN00497596,ACCT100061664,ML_PATTERN_DETECTED,70,2023-03-27 01:10:56.160445
ALT0004805,TXN00481674,ACCT100023070,ML_PATTERN_DETECTED,52,2023-05-29 07:08:37.469792
ALT0004806,TXN00478010,ACCT100056834,ML_PATTERN_DETECTED,89,2024-03-12 08:14:45.584690
ALT0004807,TXN00482830,ACCT100068780,ML_PATTERN_DETECTED,89,2024-11-14 10:16:00.620391
ALT0004808,TXN00475954,ACCT100054539,ML_PATTERN_DETECTED,61,2023-03-04 07:46:26.765230
ALT0004809,TXN00481772,ACCT100024323,ML_PATTERN_DETECTED,61,2023-05-29 19:33:25.002734
ALT0004810,TXN00484884,ACCT100013600,ML_PATTERN_DETECTED,83,2023-06-11 22:02:54.759126
ALT0004811,TXN00496253,ACCT100044945,ML_PATTERN_DETECTED,62,2024-05-24 16:10:11.547988
ALT0004812,TXN00487526,ACCT100029897,ML_PATTERN_DETECTED,98,2023-10-03 05:40:03.957172
ALT0004813,TXN00499826,ACCT100053156,ML_PATTERN_DETECTED,90,2024-11-08 07:06:13.626096
ALT0004814,TXN00489615,ACCT100092049,ML_PATTERN_DETECTED,98,2024-10-25 04:38:04.852977
ALT0004815,TXN00497710,ACCT100079562,ML_PATTERN_DETECTED,89,2023-02-12 01:31:17.277069
ALT0004816,TXN00477195,ACCT100014416,ML_PATTERN_DETECTED,71,2024-01-28 09:53:09.812616
ALT0004817,TXN00489397,ACCT100069560,ML_PATTERN_DETECTED,86,2024-07-22 21:00:54.491016
ALT0004818,TXN00493615,ACCT100065844,ML_PATTERN_DETECTED,85,2023-02-08 12:24:30.478948
ALT0004819,TXN00488936,ACCT100038489,ML_PATTERN_DETECTED,98,2024-04-19 12:34:49.110185
ALT0004820,TXN00493004,ACCT100012663,ML_PATTERN_DETECTED,89,2023-05-13 04:18:29.347292
ALT0004821,TXN00483755,ACCT100004581,ML_PATTERN_DETECTED,90,2024-06-23 16:15:46.631413
ALT0004822,TXN00497327,ACCT100027580,ML_PATTERN_DETECTED,67,2023-03-13 02:22:05.951622
ALT0004823,TXN00481314,ACCT100004837,ML_PATTERN_DETECTED,62,2023-05-23 10:25:07.420631
ALT0004824,TXN00497178,ACCT100086162,ML_PATTERN_DETECTED,62,2023-04-29 11:23:27.122592
ALT0004825,TXN00499714,ACCT100045588,ML_PATTERN_DETECTED,85,2023-11-02 20:54:16.450737
ALT0004826,TXN00496898,ACCT100058917,ML_PATTERN_DETECTED,70,2023-09-14 19:28:04.801107
ALT0004827,TXN00479662,ACCT100055449,ML_PATTERN_DETECTED,59,2023-03-28 02:50:46.954428
ALT0004828,TXN00478385,ACCT100068648,ML_PATTERN_DETECTED,80,2024-01-21 01:58:11.214048
ALT0004829,TXN00498493,ACCT100013227,ML_PATTERN_DETECTED,79,2024-04-16 06:01:35.375962
ALT0004830,TXN00482903,ACCT100050872,ML_PATTERN_DETECTED,91,2024-08-12 14:51:22.795823
ALT0004831,TXN00479171,ACCT100060070,ML_PATTERN_DETECTED,87,2023-12-09 21:06:11.712146
ALT0004832,TXN00476303,ACCT100003156,ML_PATTERN_DETECTED,52,2023-03-13 02:42:15.481548
ALT0004833,TXN00490745,ACCT100042468,ML_PATTERN_DETECTED,94,2024-07-18 04:00:11.668988
ALT0004834,TXN00492748,ACCT100029600,ML_PATTERN_DETECTED,50,2023-02-13 05:33:01.262253
ALT0004835,TXN00489704,ACCT100049941,ML_PATTERN_DETECTED,94,2024-06-29 03:27:09.518184
ALT0004836,TXN00490791,ACCT100032061,ML_PATTERN_DETECTED,69,2023-10-06 19:30:06.156441
ALT0004837,TXN00484879,ACCT100062050,ML_PATTERN_DETECTED,85,2023-11-09 10:32:03.694670
ALT0004838,TXN00488824,ACCT100079982,ML_PATTERN_DETECTED,94,2023-03-04 12:20:06.818569
ALT0004839,TXN00494423,ACCT100094077,ML_PATTERN_DETECTED,54,2024-06-26 03:06:10.704159
ALT0004840,TXN00499395,ACCT100001875,ML_PATTERN_DETECTED,71,2023-04-30 16:31:06.163520
ALT0004841,TXN00479986,ACCT100097831,ML_PATTERN_DETECTED,84,2023-11-09 03:15:33.260282
ALT0004842,TXN00495750,ACCT100063827,ML_PATTERN_DETECTED,73,2024-11-28 14:09:41.734390
ALT0004843,TXN00488967,ACCT100091091,ML_PATTERN_DETECTED,70,2023-01-28 00:12:21.785543
ALT0004844,TXN00483651,ACCT100088607,ML_PATTERN_DETECTED,82,2024-07-09 06:49:33.166234
ALT0004845,TXN00499968,ACCT100016196,ML_PATTERN_DETECTED,68,2024-03-10 13:36:58.996967
ALT0004846,TXN00499377,ACCT100069193,ML_PATTERN_DETECTED,51,2023-07-22 11:24:18.043842
ALT0004847,TXN00484759,ACCT100068627,ML_PATTERN_DETECTED,74,2023-12-20 19:21:44.031128
ALT0004848,TXN00478050,ACCT100026791,ML_PATTERN_DETECTED,71,2023-12-10 23:45:07.835372
ALT0004849,TXN00475007,ACCT100046730,ML_PATTERN_DETECTED,80,2023-03-07 17:43:55.134849
ALT0004850,TXN00499767,ACCT100019626,ML_PATTERN_DETECTED,55,2023-10-22 09:10:16.067084
ALT0004851,TXN00483404,ACCT100008745,ML_PATTERN_DETECTED,60,2023-05-25 00:38:32.761966
ALT0004852,TXN00496418,ACCT100086260,ML_PATTERN_DETECTED,52,2024-01-19 20:40:30.071995
ALT0004853,TXN00476111,ACCT100032181,ML_PATTERN_DETECTED,66,2023-11-22 08:17:34.253833
ALT0004854,TXN00480135,ACCT100046924,ML_PATTERN_DETECTED,90,2024-06-16 11:34:06.656683
ALT0004855,TXN00477406,ACCT100050994,ML_PATTERN_DETECTED,68,2023-09-15 23:40:59.801935
ALT0004856,TXN00498655,ACCT100010253,ML_PATTERN_DETECTED,87,2024-05-04 18:59:03.642842
ALT0004857,TXN00497161,ACCT100022104,ML_PATTERN_DETECTED,70,2024-09-23 23:36:17.413864
ALT0004858,TXN00491971,ACCT100063203,ML_PATTERN_DETECTED,92,2024-10-19 20:22:53.130440
ALT0004859,TXN00485194,ACCT100076747,ML_PATTERN_DETECTED,97,2023-12-22 05:11:02.806901
ALT0004860,TXN00496190,ACCT100010603,ML_PATTERN_DETECTED,96,2024-11-30 23:35:31.557070
ALT0004861,TXN00484789,ACCT100065470,ML_PATTERN_DETECTED,70,2024-03-15 00:00:11.087398
ALT0004862,TXN00480764,ACCT100097079,ML_PATTERN_DETECTED,96,2023-01-19 07:41:54.563136
ALT0004863,TXN00491530,ACCT100090236,ML_PATTERN_DETECTED,69,2024-09-04 20:48:28.895276
ALT0004864,TXN00480997,ACCT100076286,ML_PATTERN_DETECTED,91,2023-03-28 09:25:07.305569
ALT0004865,TXN00487501,ACCT100004560,ML_PATTERN_DETECTED,88,2023-10-10 19:31:57.252819
ALT0004866,TXN00491335,ACCT100023080,ML_PATTERN_DETECTED,93,2023-06-21 18:27:50.952188
ALT0004867,TXN00481497,ACCT100002703,ML_PATTERN_DETECTED,65,2024-05-17 23:30:56.931535
ALT0004868,TXN00491438,ACCT100073156,ML_PATTERN_DETECTED,97,2023-01-05 15:29:46.407440
ALT0004869,TXN00493650,ACCT100014880,ML_PATTERN_DETECTED,55,2024-02-16 07:44:44.611950
ALT0004870,TXN00478420,ACCT100050752,ML_PATTERN_DETECTED,62,2023-06-23 02:10:05.822326
ALT0004871,TXN00497728,ACCT100096149,ML_PATTERN_DETECTED,92,2023-04-15 06:17:55.928919
ALT0004872,TXN00494109,ACCT100074616,ML_PATTERN_DETECTED,71,2024-02-07 09:26:13.543901
ALT0004873,TXN00494582,ACCT100075623,ML_PATTERN_DETECTED,93,2024-01-07 22:30:35.436072
ALT0004874,TXN00495373,ACCT100009880,ML_PATTERN_DETECTED,70,2023-05-04 09:17:54.598920
ALT0004875,TXN00499456,ACCT100048513,ML_PATTERN_DETECTED,95,2024-04-19 14:46:52.995337
ALT0004876,TXN00491746,ACCT100018928,ML_PATTERN_DETECTED,83,2024-04-13 13:19:09.382518
ALT0004877,TXN00477094,ACCT100029340,ML_PATTERN_DETECTED,73,2024-12-01 21:04:21.622885
ALT0004878,TXN00490907,ACCT100026983,ML_PATTERN_DETECTED,87,2023-08-25 02:37:32.462815
ALT0004879,TXN00492854,ACCT100092985,ML_PATTERN_DETECTED,82,2023-06-21 02:58:48.347661
ALT0004880,TXN00488889,ACCT100058987,ML_PATTERN_DETECTED,75,2024-12-12 07:45:09.913378
ALT0004881,TXN00492935,ACCT100049488,ML_PATTERN_DETECTED,74,2023-04-14 21:27:53.937225
ALT0004882,TXN00497271,ACCT100066051,ML_PATTERN_DETECTED,85,2023-09-22 16:49:30.160842
ALT0004883,TXN00482741,ACCT100071468,ML_PATTERN_DETECTED,95,2023-07-16 05:35:20.802070
ALT0004884,TXN00475558,ACCT100093005,ML_PATTERN_DETECTED,58,2024-07-31 20:01:25.263234
ALT0004885,TXN00484299,ACCT100023580,ML_PATTERN_DETECTED,71,2024-05-27 19:33:44.359429
ALT0004886,TXN00481854,ACCT100050513,ML_PATTERN_DETECTED,84,2024-12-25 06:29:36.438204
ALT0004887,TXN00475591,ACCT100014775,ML_PATTERN_DETECTED,91,2023-06-05 05:01:18.136699
ALT0004888,TXN00482168,ACCT100066427,ML_PATTERN_DETECTED,62,2023-01-09 20:50:57.535063
ALT0004889,TXN00496912,ACCT100076648,ML_PATTERN_DETECTED,98,2024-10-04 16:34:45.775824
ALT0004890,TXN00487222,ACCT100014399,ML_PATTERN_DETECTED,80,2024-05-09 04:35:24.861240
ALT0004891,TXN00494187,ACCT100042062,ML_PATTERN_DETECTED,88,2023-08-25 00:11:41.564468
ALT0004892,TXN00496768,ACCT100085825,ML_PATTERN_DETECTED,60,2023-10-31 13:05:28.685227
ALT0004893,TXN00486814,ACCT100018365,ML_PATTERN_DETECTED,96,2024-10-29 01:01:25.606421
ALT0004894,TXN00494664,ACCT100071530,ML_PATTERN_DETECTED,78,2024-05-08 06:03:23.609558
ALT0004895,TXN00481227,ACCT100046394,ML_PATTERN_DETECTED,63,2023-03-28 18:13:20.290679
ALT0004896,TXN00475050,ACCT100063328,ML_PATTERN_DETECTED,81,2024-10-03 21:50:02.632213
ALT0004897,TXN00482757,ACCT100084941,ML_PATTERN_DETECTED,65,2024-05-25 08:00:48.114729
ALT0004898,TXN00492391,ACCT100083978,ML_PATTERN_DETECTED,79,2024-01-13 14:41:58.738621
ALT0004899,TXN00481510,ACCT100088702,ML_PATTERN_DETECTED,89,2023-11-29 22:51:41.146931
ALT0004900,TXN00485080,ACCT100085431,ML_PATTERN_DETECTED,87,2023-05-12 22:12:56.299242
ALT0004901,TXN00496288,ACCT100093352,ML_PATTERN_DETECTED,65,2024-01-20 14:13:10.553687
ALT0004902,TXN00490852,ACCT100058276,ML_PATTERN_DETECTED,52,2024-11-08 05:34:21.695559
ALT0004903,TXN00497691,ACCT100038755,ML_PATTERN_DETECTED,54,2024-12-07 19:46:13.893069
ALT0004904,TXN00493250,ACCT100022001,ML_PATTERN_DETECTED,53,2024-07-15 21:14:19.011492
ALT0004905,TXN00499597,ACCT100061138,ML_PATTERN_DETECTED,78,2024-12-07 00:35:35.599673
ALT0004906,TXN00496130,ACCT100042589,ML_PATTERN_DETECTED,67,2023-08-17 01:27:00.431507
ALT0004907,TXN00497751,ACCT100063895,ML_PATTERN_DETECTED,80,2024-04-05 09:21:03.100212
ALT0004908,TXN00479644,ACCT100044430,ML_PATTERN_DETECTED,64,2024-11-13 02:57:02.793702
ALT0004909,TXN00499934,ACCT100050227,ML_PATTERN_DETECTED,95,2023-02-19 16:32:07.300554
ALT0004910,TXN00499794,ACCT100041990,ML_PATTERN_DETECTED,90,2024-09-30 05:23:37.617345
ALT0004911,TXN00497530,ACCT100091353,ML_PATTERN_DETECTED,89,2024-09-08 14:01:53.419355
ALT0004912,TXN00491708,ACCT100007476,ML_PATTERN_DETECTED,93,2023-03-30 15:34:34.909666
ALT0004913,TXN00497237,ACCT100066248,ML_PATTERN_DETECTED,96,2024-07-23 01:02:50.520647
ALT0004914,TXN00495549,ACCT100094884,ML_PATTERN_DETECTED,96,2024-01-31 14:43:50.176310
ALT0004915,TXN00475308,ACCT100041944,ML_PATTERN_DETECTED,72,2024-02-08 03:12:07.195497
ALT0004916,TXN00482594,ACCT100007793,ML_PATTERN_DETECTED,97,2023-12-09 12:27:48.406778
ALT0004917,TXN00477858,ACCT100047875,ML_PATTERN_DETECTED,74,2024-07-25 21:39:10.410753
ALT0004918,TXN00491554,ACCT100065199,ML_PATTERN_DETECTED,71,2024-06-29 14:02:15.240929
ALT0004919,TXN00477147,ACCT100016540,ML_PATTERN_DETECTED,70,2023-10-14 00:46:43.171274
ALT0004920,TXN00490058,ACCT100064119,ML_PATTERN_DETECTED,81,2023-01-10 17:40:00.560063
ALT0004921,TXN00479087,ACCT100080952,ML_PATTERN_DETECTED,71,2024-07-18 08:37:14.692254
ALT0004922,TXN00478453,ACCT100041209,ML_PATTERN_DETECTED,66,2024-10-17 22:31:23.852734
ALT0004923,TXN00496013,ACCT100030447,ML_PATTERN_DETECTED,87,2023-05-22 06:29:57.251180
ALT0004924,TXN00483673,ACCT100082958,ML_PATTERN_DETECTED,80,2024-11-03 05:49:46.570612
ALT0004925,TXN00493997,ACCT100066573,ML_PATTERN_DETECTED,74,2023-04-21 17:29:08.571489
ALT0004926,TXN00499335,ACCT100049769,ML_PATTERN_DETECTED,72,2024-11-23 20:20:30.811648
ALT0004927,TXN00485197,ACCT100038551,ML_PATTERN_DETECTED,78,2023-01-11 08:19:35.494501
ALT0004928,TXN00489880,ACCT100061438,ML_PATTERN_DETECTED,51,2024-07-29 15:24:39.695807
ALT0004929,TXN00491719,ACCT100068014,ML_PATTERN_DETECTED,54,2023-10-14 04:13:23.500492
ALT0004930,TXN00486126,ACCT100003962,ML_PATTERN_DETECTED,64,2024-01-13 19:03:35.481255
ALT0004931,TXN00490366,ACCT100033023,ML_PATTERN_DETECTED,88,2024-09-23 00:20:25.305302
ALT0004932,TXN00498175,ACCT100089706,ML_PATTERN_DETECTED,73,2024-07-26 20:14:14.120121
ALT0004933,TXN00476470,ACCT100076046,ML_PATTERN_DETECTED,85,2023-04-05 00:49:27.196287
ALT0004934,TXN00492533,ACCT100037722,ML_PATTERN_DETECTED,97,2024-06-10 03:21:32.824606
ALT0004935,TXN00496971,ACCT100086289,ML_PATTERN_DETECTED,90,2023-01-25 17:53:58.381443
ALT0004936,TXN00493233,ACCT100030705,ML_PATTERN_DETECTED,90,2023-06-23 14:13:46.597517
ALT0004937,TXN00477130,ACCT100077269,ML_PATTERN_DETECTED,87,2023-08-19 17:32:06.125085
ALT0004938,TXN00499690,ACCT100053158,ML_PATTERN_DETECTED,98,2023-05-17 06:40:56.714899
ALT0004939,TXN00478444,ACCT100098015,ML_PATTERN_DETECTED,51,2024-10-24 18:30:15.956850
ALT0004940,TXN00491658,ACCT100011631,ML_PATTERN_DETECTED,69,2024-10-03 06:08:20.377454
ALT0004941,TXN00481154,ACCT100010685,ML_PATTERN_DETECTED,89,2024-03-13 05:50:50.480652
ALT0004942,TXN00496628,ACCT100085897,ML_PATTERN_DETECTED,74,2023-07-01 21:18:09.637106
ALT0004943,TXN00495947,ACCT100037634,ML_PATTERN_DETECTED,64,2024-11-13 21:56:01.822145
ALT0004944,TXN00483690,ACCT100091403,ML_PATTERN_DETECTED,51,2024-07-06 23:52:08.335563
ALT0004945,TXN00495673,ACCT100086892,ML_PATTERN_DETECTED,63,2024-05-07 05:02:34.172602
ALT0004946,TXN00496609,ACCT100002239,ML_PATTERN_DETECTED,70,2024-02-01 08:22:30.985459
ALT0004947,TXN00491922,ACCT100008505,ML_PATTERN_DETECTED,93,2023-07-20 13:04:51.072604
ALT0004948,TXN00477393,ACCT100087840,ML_PATTERN_DETECTED,97,2023-09-28 17:49:03.178809
ALT0004949,TXN00478323,ACCT100017798,ML_PATTERN_DETECTED,80,2023-10-22 19:27:36.011123
ALT0004950,TXN00477898,ACCT100017468,ML_PATTERN_DETECTED,71,2023-03-16 21:16:05.708217
ALT0004951,TXN00498154,ACCT100029760,ML_PATTERN_DETECTED,60,2024-01-06 11:12:52.769283
ALT0004952,TXN00483958,ACCT100028751,ML_PATTERN_DETECTED,76,2023-01-08 15:44:12.583485
ALT0004953,TXN00495278,ACCT100087490,ML_PATTERN_DETECTED,77,2024-03-25 21:31:04.908477
ALT0004954,TXN00477774,ACCT100009955,ML_PATTERN_DETECTED,68,2023-02-17 04:32:22.157946
ALT0004955,TXN00496086,ACCT100074305,ML_PATTERN_DETECTED,57,2023-10-11 22:41:27.875489
ALT0004956,TXN00489469,ACCT100020150,ML_PATTERN_DETECTED,75,2023-08-05 22:31:05.568386
ALT0004957,TXN00489909,ACCT100057653,ML_PATTERN_DETECTED,94,2024-04-17 22:21:52.977088
ALT0004958,TXN00483064,ACCT100095710,ML_PATTERN_DETECTED,83,2024-08-17 02:26:06.420709
ALT0004959,TXN00499445,ACCT100052480,ML_PATTERN_DETECTED,68,2024-09-13 12:43:24.750776
ALT0004960,TXN00489100,ACCT100064103,ML_PATTERN_DETECTED,68,2023-07-08 11:20:27.151407
ALT0004961,TXN00496735,ACCT100066770,ML_PATTERN_DETECTED,59,2023-02-16 01:21:40.303466
ALT0004962,TXN00498268,ACCT100020604,ML_PATTERN_DETECTED,78,2023-05-28 14:11:44.670282
ALT0004963,TXN00497311,ACCT100079067,ML_PATTERN_DETECTED,76,2024-02-04 22:41:06.581273
ALT0004964,TXN00486676,ACCT100019466,ML_PATTERN_DETECTED,59,2023-10-19 13:47:33.653951
ALT0004965,TXN00482686,ACCT100084667,ML_PATTERN_DETECTED,50,2023-08-16 11:02:34.960945
ALT0004966,TXN00476744,ACCT100000853,ML_PATTERN_DETECTED,72,2024-03-08 05:15:54.686071
ALT0004967,TXN00481439,ACCT100050530,ML_PATTERN_DETECTED,95,2023-08-20 03:11:13.307412
ALT0004968,TXN00490737,ACCT100088517,ML_PATTERN_DETECTED,89,2023-02-01 00:47:52.336798
ALT0004969,TXN00488704,ACCT100045202,ML_PATTERN_DETECTED,87,2024-02-23 11:12:57.846686
ALT0004970,TXN00490353,ACCT100097333,ML_PATTERN_DETECTED,71,2024-05-01 17:01:13.379151
ALT0004971,TXN00499764,ACCT100006989,ML_PATTERN_DETECTED,88,2023-01-07 14:20:21.590988
ALT0004972,TXN00498877,ACCT100052424,ML_PATTERN_DETECTED,70,2024-05-05 03:04:43.343960
ALT0004973,TXN00483473,ACCT100024455,ML_PATTERN_DETECTED,60,2024-01-30 09:49:59.400112
ALT0004974,TXN00481367,ACCT100080588,ML_PATTERN_DETECTED,76,2024-12-13 05:11:33.787988
ALT0004975,TXN00482837,ACCT100080067,ML_PATTERN_DETECTED,78,2024-06-22 11:45:25.104876
ALT0004976,TXN00498646,ACCT100008162,ML_PATTERN_DETECTED,71,2024-07-25 04:02:13.156640
ALT0004977,TXN00499115,ACCT100030385,ML_PATTERN_DETECTED,62,2024-10-11 10:41:22.447506
ALT0004978,TXN00491251,ACCT100046609,ML_PATTERN_DETECTED,91,2023-06-06 22:35:08.943177
ALT0004979,TXN00498490,ACCT100062965,ML_PATTERN_DETECTED,75,2024-05-08 20:15:53.266556
ALT0004980,TXN00485326,ACCT100042845,ML_PATTERN_DETECTED,63,2024-08-19 21:18:05.758578
ALT0004981,TXN00489781,ACCT100030436,ML_PATTERN_DETECTED,73,2024-11-22 06:20:18.583472
ALT0004982,TXN00492416,ACCT100025026,ML_PATTERN_DETECTED,88,2024-03-09 00:46:35.663116
ALT0004983,TXN00491762,ACCT100082042,ML_PATTERN_DETECTED,82,2024-02-23 23:00:53.940183
ALT0004984,TXN00496131,ACCT100034285,ML_PATTERN_DETECTED,67,2023-07-08 09:11:10.366553
ALT0004985,TXN00488639,ACCT100053224,ML_PATTERN_DETECTED,97,2023-06-03 14:03:50.437450
ALT0004986,TXN00490227,ACCT100082334,ML_PATTERN_DETECTED,63,2024-06-01 20:17:02.221599
ALT0004987,TXN00493617,ACCT100049230,ML_PATTERN_DETECTED,76,2024-05-08 03:26:00.897657
ALT0004988,TXN00481369,ACCT100043912,ML_PATTERN_DETECTED,75,2024-08-03 09:26:16.465766
ALT0004989,TXN00488785,ACCT100010780,ML_PATTERN_DETECTED,83,2023-01-20 06:39:06.214119
ALT0004990,TXN00479811,ACCT100064750,ML_PATTERN_DETECTED,64,2024-08-23 19:27:42.172660
ALT0004991,TXN00479699,ACCT100021449,ML_PATTERN_DETECTED,69,2023-07-30 17:01:52.990511
ALT0004992,TXN00489353,ACCT100051491,ML_PATTERN_DETECTED,80,2023-03-19 07:49:23.324997
ALT0004993,TXN00484067,ACCT100047527,ML_PATTERN_DETECTED,55,2024-03-18 21:57:16.737127
ALT0004994,TXN00489351,ACCT100055102,ML_PATTERN_DETECTED,71,2023-11-29 02:28:51.565418
ALT0004995,TXN00479453,ACCT100087243,ML_PATTERN_DETECTED,74,2023-04-23 15:49:35.457394
ALT0004996,TXN00483188,ACCT100014713,ML_PATTERN_DETECTED,53,2024-03-10 10:27:30.505369
ALT0004997,TXN00486097,ACCT100002571,ML_PATTERN_DETECTED,56,2023-08-22 12:04:08.807232
ALT0004998,TXN00482395,ACCT100081375,ML_PATTERN_DETECTED,70,2023-09-24 21:10:11.419123
ALT0004999,TXN00482841,ACCT100045965,ML_PATTERN_DETECTED,90,2023-07-01 10:55:54.625458
ALT0005000,TXN00492942,ACCT100037884,ML_PATTERN_DETECTED,73,2023-11-01 13:42:07.916910
ALT0005001,TXN00477747,ACCT100077948,ML_PATTERN_DETECTED,74,2024-08-26 01:57:45.386437
ALT0005002,TXN00477183,ACCT100043332,ML_PATTERN_DETECTED,79,2024-09-06 21:30:46.048921
ALT0005003,TXN00482386,ACCT100000134,ML_PATTERN_DETECTED,55,2023-10-21 02:14:01.257443
ALT0005004,TXN00492655,ACCT100074964,ML_PATTERN_DETECTED,79,2023-07-05 01:48:18.049495
ALT0005005,TXN00499430,ACCT100030655,ML_PATTERN_DETECTED,96,2023-12-15 11:39:04.228447
ALT0005006,TXN00488562,ACCT100031410,ML_PATTERN_DETECTED,83,2023-01-20 03:41:14.766081
ALT0005007,TXN00499394,ACCT100081926,ML_PATTERN_DETECTED,51,2024-12-21 18:30:48.770096
ALT0005008,TXN00481172,ACCT100017578,ML_PATTERN_DETECTED,58,2023-08-11 01:53:16.240583
ALT0005009,TXN00483616,ACCT100058565,ML_PATTERN_DETECTED,73,2023-10-20 13:35:07.089594
ALT0005010,TXN00478162,ACCT100036396,ML_PATTERN_DETECTED,61,2023-12-12 12:28:44.848783
ALT0005011,TXN00493409,ACCT100002292,ML_PATTERN_DETECTED,79,2023-01-07 03:17:10.397402
ALT0005012,TXN00493547,ACCT100079625,ML_PATTERN_DETECTED,54,2023-09-22 23:10:44.431689
ALT0005013,TXN00495204,ACCT100047920,ML_PATTERN_DETECTED,53,2023-08-01 22:38:52.770851
ALT0005014,TXN00485497,ACCT100014197,ML_PATTERN_DETECTED,93,2023-08-25 20:53:08.815472
ALT0005015,TXN00495588,ACCT100050249,ML_PATTERN_DETECTED,78,2024-01-18 14:05:50.529708
ALT0005016,TXN00491753,ACCT100073773,ML_PATTERN_DETECTED,89,2023-07-12 19:47:34.262667
ALT0005017,TXN00481869,ACCT100020972,ML_PATTERN_DETECTED,58,2023-04-27 02:51:45.241283
ALT0005018,TXN00483145,ACCT100063044,ML_PATTERN_DETECTED,62,2023-04-06 19:48:40.459962
ALT0005019,TXN00492592,ACCT100051308,ML_PATTERN_DETECTED,77,2024-12-18 07:57:47.269984
ALT0005020,TXN00478972,ACCT100085996,ML_PATTERN_DETECTED,84,2023-12-09 08:13:59.699528
ALT0005021,TXN00494557,ACCT100022369,ML_PATTERN_DETECTED,61,2024-07-28 02:58:04.373741
ALT0005022,TXN00490810,ACCT100050517,ML_PATTERN_DETECTED,84,2023-01-19 07:19:38.421426
ALT0005023,TXN00498155,ACCT100032254,ML_PATTERN_DETECTED,93,2024-04-26 08:45:20.481192
ALT0005024,TXN00488960,ACCT100086015,ML_PATTERN_DETECTED,87,2023-06-02 08:27:17.360978
ALT0005025,TXN00498246,ACCT100030874,ML_PATTERN_DETECTED,85,2023-03-04 21:18:36.212724
ALT0005026,TXN00485081,ACCT100047369,ML_PATTERN_DETECTED,94,2023-02-09 05:18:18.304840
ALT0005027,TXN00476696,ACCT100009473,ML_PATTERN_DETECTED,81,2024-09-12 18:37:31.356283
ALT0005028,TXN00475532,ACCT100046080,ML_PATTERN_DETECTED,73,2023-09-10 11:59:24.994404
ALT0005029,TXN00491316,ACCT100062943,ML_PATTERN_DETECTED,96,2023-12-03 13:57:36.974706
ALT0005030,TXN00485310,ACCT100090930,ML_PATTERN_DETECTED,53,2024-11-28 06:34:26.248490
ALT0005031,TXN00486775,ACCT100010547,ML_PATTERN_DETECTED,78,2023-12-25 22:29:46.986393
ALT0005032,TXN00481547,ACCT100018970,ML_PATTERN_DETECTED,90,2024-03-07 08:54:34.505122
ALT0005033,TXN00477592,ACCT100091289,ML_PATTERN_DETECTED,83,2024-08-05 03:05:24.268490
ALT0005034,TXN00477263,ACCT100091179,ML_PATTERN_DETECTED,50,2024-12-22 22:27:31.869878
ALT0005035,TXN00497387,ACCT100003557,ML_PATTERN_DETECTED,73,2023-11-13 06:47:55.440207
ALT0005036,TXN00485694,ACCT100068912,ML_PATTERN_DETECTED,52,2024-05-21 03:12:16.229926
ALT0005037,TXN00480047,ACCT100072535,ML_PATTERN_DETECTED,50,2024-01-16 18:50:02.971557
ALT0005038,TXN00481303,ACCT100017301,ML_PATTERN_DETECTED,56,2024-06-02 10:31:08.247089
ALT0005039,TXN00498045,ACCT100051356,ML_PATTERN_DETECTED,72,2023-09-27 17:03:52.732817
ALT0005040,TXN00488166,ACCT100058797,ML_PATTERN_DETECTED,82,2024-12-10 12:31:02.285212
ALT0005041,TXN00478961,ACCT100097534,ML_PATTERN_DETECTED,71,2023-10-10 11:20:52.880441
ALT0005042,TXN00491254,ACCT100010366,ML_PATTERN_DETECTED,85,2024-10-28 17:15:16.043036
ALT0005043,TXN00475643,ACCT100053985,ML_PATTERN_DETECTED,76,2024-03-03 09:40:51.022028
ALT0005044,TXN00487884,ACCT100083202,ML_PATTERN_DETECTED,63,2023-08-01 08:39:48.525810
ALT0005045,TXN00488578,ACCT100014253,ML_PATTERN_DETECTED,88,2024-02-02 16:57:50.770729
ALT0005046,TXN00475968,ACCT100097623,ML_PATTERN_DETECTED,95,2023-04-17 04:41:15.616422
ALT0005047,TXN00486022,ACCT100040774,ML_PATTERN_DETECTED,71,2023-05-02 11:49:20.076826
ALT0005048,TXN00476481,ACCT100095393,ML_PATTERN_DETECTED,58,2024-08-30 20:29:54.395381
ALT0005049,TXN00478466,ACCT100031543,ML_PATTERN_DETECTED,90,2024-10-10 21:04:07.621492
ALT0005050,TXN00475431,ACCT100097194,ML_PATTERN_DETECTED,62,2024-02-04 03:15:55.327531
ALT0005051,TXN00487181,ACCT100023456,ML_PATTERN_DETECTED,50,2024-07-16 23:44:06.926027
ALT0005052,TXN00486181,ACCT100055727,ML_PATTERN_DETECTED,95,2024-10-16 12:32:25.015550
ALT0005053,TXN00482425,ACCT100093743,ML_PATTERN_DETECTED,51,2024-08-04 23:17:07.300923
ALT0005054,TXN00477660,ACCT100033217,ML_PATTERN_DETECTED,89,2023-04-16 10:17:10.674529
ALT0005055,TXN00486789,ACCT100053210,ML_PATTERN_DETECTED,78,2023-03-18 21:33:09.516444
ALT0005056,TXN00485470,ACCT100098093,ML_PATTERN_DETECTED,73,2024-07-31 19:00:56.612862
ALT0005057,TXN00488538,ACCT100018319,ML_PATTERN_DETECTED,95,2023-07-24 01:48:06.214207
ALT0005058,TXN00480341,ACCT100002964,ML_PATTERN_DETECTED,86,2023-09-04 11:49:20.966243
ALT0005059,TXN00490456,ACCT100065159,ML_PATTERN_DETECTED,74,2023-08-26 14:30:17.435188
ALT0005060,TXN00485086,ACCT100075589,ML_PATTERN_DETECTED,51,2024-06-26 06:22:53.843642
ALT0005061,TXN00488258,ACCT100019814,ML_PATTERN_DETECTED,78,2024-06-24 18:05:28.797362
ALT0005062,TXN00483531,ACCT100007312,ML_PATTERN_DETECTED,73,2023-06-04 09:33:16.458184
ALT0005063,TXN00493920,ACCT100039770,ML_PATTERN_DETECTED,51,2024-07-02 10:25:37.063459
ALT0005064,TXN00488363,ACCT100046766,ML_PATTERN_DETECTED,72,2023-02-24 00:30:33.243663
ALT0005065,TXN00489650,ACCT100074305,ML_PATTERN_DETECTED,71,2024-08-30 11:46:46.933162
ALT0005066,TXN00487453,ACCT100050879,ML_PATTERN_DETECTED,87,2023-04-04 06:33:29.608298
ALT0005067,TXN00490899,ACCT100075681,ML_PATTERN_DETECTED,58,2023-03-13 03:43:49.545160
ALT0005068,TXN00491704,ACCT100013093,ML_PATTERN_DETECTED,56,2024-02-07 21:24:35.682772
ALT0005069,TXN00491631,ACCT100050733,ML_PATTERN_DETECTED,91,2023-12-20 13:04:00.494560
ALT0005070,TXN00486909,ACCT100094161,ML_PATTERN_DETECTED,64,2023-07-13 20:18:49.922866
ALT0005071,TXN00478895,ACCT100052205,ML_PATTERN_DETECTED,73,2023-01-25 11:05:26.869527
ALT0005072,TXN00490490,ACCT100014067,ML_PATTERN_DETECTED,68,2023-09-09 17:12:38.169567
ALT0005073,TXN00478232,ACCT100005991,ML_PATTERN_DETECTED,88,2024-07-22 17:15:45.087655
ALT0005074,TXN00479217,ACCT100038341,ML_PATTERN_DETECTED,69,2024-07-20 03:56:34.791349
ALT0005075,TXN00490229,ACCT100083422,ML_PATTERN_DETECTED,94,2024-06-28 10:27:40.704122
ALT0005076,TXN00493784,ACCT100090559,ML_PATTERN_DETECTED,58,2023-04-25 16:49:59.482471
ALT0005077,TXN00476572,ACCT100066432,ML_PATTERN_DETECTED,86,2023-07-10 22:25:39.732818
ALT0005078,TXN00486235,ACCT100021760,ML_PATTERN_DETECTED,83,2024-07-08 04:24:45.038111
ALT0005079,TXN00495203,ACCT100092578,ML_PATTERN_DETECTED,50,2024-03-06 13:07:31.680713
ALT0005080,TXN00482086,ACCT100092818,ML_PATTERN_DETECTED,70,2023-08-31 14:07:46.292172
ALT0005081,TXN00498969,ACCT100008338,ML_PATTERN_DETECTED,73,2023-06-11 00:30:55.184377
ALT0005082,TXN00485593,ACCT100089935,ML_PATTERN_DETECTED,84,2023-07-09 09:02:22.772593
ALT0005083,TXN00492981,ACCT100002562,ML_PATTERN_DETECTED,61,2024-03-24 15:19:11.785006
ALT0005084,TXN00480732,ACCT100054357,ML_PATTERN_DETECTED,81,2024-04-19 21:10:12.048065
ALT0005085,TXN00478070,ACCT100097940,ML_PATTERN_DETECTED,57,2024-12-23 22:25:56.901993
ALT0005086,TXN00489725,ACCT100092953,ML_PATTERN_DETECTED,88,2023-07-05 11:59:37.757075
ALT0005087,TXN00475738,ACCT100008539,ML_PATTERN_DETECTED,92,2024-06-21 21:53:57.466128
ALT0005088,TXN00491548,ACCT100027649,ML_PATTERN_DETECTED,96,2023-04-01 18:04:44.596480
ALT0005089,TXN00475447,ACCT100079938,ML_PATTERN_DETECTED,90,2024-11-20 07:20:42.852772
ALT0005090,TXN00476524,ACCT100030411,ML_PATTERN_DETECTED,96,2023-10-04 16:09:36.806441
ALT0005091,TXN00488521,ACCT100089141,ML_PATTERN_DETECTED,52,2023-03-12 05:08:58.669855
ALT0005092,TXN00475283,ACCT100075106,ML_PATTERN_DETECTED,70,2023-12-04 01:10:26.718606
ALT0005093,TXN00492565,ACCT100081299,ML_PATTERN_DETECTED,55,2023-07-03 07:22:34.666816
ALT0005094,TXN00489723,ACCT100072773,ML_PATTERN_DETECTED,83,2024-10-10 19:03:00.522448
ALT0005095,TXN00489440,ACCT100065993,ML_PATTERN_DETECTED,69,2023-07-02 15:02:34.052571
ALT0005096,TXN00496076,ACCT100030773,ML_PATTERN_DETECTED,67,2023-04-05 05:24:14.877962
ALT0005097,TXN00496478,ACCT100068559,ML_PATTERN_DETECTED,91,2024-01-11 22:11:07.485296
ALT0005098,TXN00479508,ACCT100071202,ML_PATTERN_DETECTED,70,2023-05-29 01:09:43.835146
ALT0005099,TXN00477569,ACCT100031809,ML_PATTERN_DETECTED,56,2024-05-15 01:44:17.313345
ALT0005100,TXN00477060,ACCT100072666,ML_PATTERN_DETECTED,55,2023-06-11 08:37:40.465529
ALT0005101,TXN00485548,ACCT100046022,ML_PATTERN_DETECTED,69,2024-10-11 23:56:23.419574
ALT0005102,TXN00488269,ACCT100073488,ML_PATTERN_DETECTED,92,2024-09-22 19:43:28.213230
ALT0005103,TXN00490909,ACCT100029567,ML_PATTERN_DETECTED,97,2024-12-01 03:01:10.800406
ALT0005104,TXN00497141,ACCT100028479,ML_PATTERN_DETECTED,74,2024-06-07 12:34:20.444472
ALT0005105,TXN00488300,ACCT100094992,ML_PATTERN_DETECTED,64,2023-11-08 20:59:37.274840
ALT0005106,TXN00492497,ACCT100076788,ML_PATTERN_DETECTED,70,2023-03-23 05:25:38.750468
ALT0005107,TXN00478427,ACCT100012939,ML_PATTERN_DETECTED,63,2024-11-09 15:59:00.549084
ALT0005108,TXN00484306,ACCT100011304,ML_PATTERN_DETECTED,50,2024-06-03 22:10:01.204702
ALT0005109,TXN00492817,ACCT100068620,ML_PATTERN_DETECTED,93,2023-04-02 09:12:37.817929
ALT0005110,TXN00489992,ACCT100055993,ML_PATTERN_DETECTED,57,2023-12-18 07:04:48.424948
ALT0005111,TXN00484017,ACCT100007933,ML_PATTERN_DETECTED,86,2024-01-16 06:20:08.194985
ALT0005112,TXN00478563,ACCT100092527,ML_PATTERN_DETECTED,86,2024-12-19 22:43:54.865604
ALT0005113,TXN00476951,ACCT100049588,ML_PATTERN_DETECTED,81,2024-09-21 10:17:17.780313
ALT0005114,TXN00476278,ACCT100041705,ML_PATTERN_DETECTED,62,2023-09-05 03:55:34.141314
ALT0005115,TXN00477803,ACCT100001116,ML_PATTERN_DETECTED,70,2023-03-30 07:39:32.339755
ALT0005116,TXN00485546,ACCT100047971,ML_PATTERN_DETECTED,61,2023-12-09 15:22:27.079845
ALT0005117,TXN00480280,ACCT100016030,ML_PATTERN_DETECTED,87,2024-04-04 23:55:59.687947
ALT0005118,TXN00499100,ACCT100089552,ML_PATTERN_DETECTED,62,2024-05-12 19:48:35.327744
ALT0005119,TXN00492140,ACCT100097566,ML_PATTERN_DETECTED,88,2024-05-07 16:36:27.074715
ALT0005120,TXN00484953,ACCT100063733,ML_PATTERN_DETECTED,58,2024-10-01 04:01:40.458081
ALT0005121,TXN00480076,ACCT100074750,ML_PATTERN_DETECTED,68,2023-05-27 06:50:11.753558
ALT0005122,TXN00489493,ACCT100032966,ML_PATTERN_DETECTED,72,2024-04-30 02:35:22.687296
ALT0005123,TXN00479020,ACCT100080939,ML_PATTERN_DETECTED,55,2023-03-09 15:48:38.358672
ALT0005124,TXN00482633,ACCT100088310,ML_PATTERN_DETECTED,75,2023-06-02 15:07:56.286827
ALT0005125,TXN00482996,ACCT100075754,ML_PATTERN_DETECTED,72,2024-06-05 21:27:50.785618
ALT0005126,TXN00476651,ACCT100070608,ML_PATTERN_DETECTED,74,2024-04-09 19:22:15.740942
ALT0005127,TXN00486241,ACCT100049009,ML_PATTERN_DETECTED,87,2023-11-19 09:52:56.990899
ALT0005128,TXN00492760,ACCT100078961,ML_PATTERN_DETECTED,91,2024-11-03 01:38:17.264704
ALT0005129,TXN00498672,ACCT100085900,ML_PATTERN_DETECTED,55,2023-05-26 13:35:26.412567
ALT0005130,TXN00485111,ACCT100087759,ML_PATTERN_DETECTED,72,2024-10-11 12:40:46.179739
ALT0005131,TXN00486466,ACCT100043611,ML_PATTERN_DETECTED,50,2024-09-18 16:16:07.983850
ALT0005132,TXN00479822,ACCT100067009,ML_PATTERN_DETECTED,52,2024-11-24 16:14:16.802207
ALT0005133,TXN00283437,ACCT100058992,HIGH_VALUE_TXN,62,2023-05-12 16:22:21.128355
ALT0005134,TXN00475645,ACCT100091467,ML_PATTERN_DETECTED,81,2024-01-18 07:24:37.892839
ALT0005135,TXN00498771,ACCT100007229,ML_PATTERN_DETECTED,86,2024-09-06 18:35:50.678900
ALT0005136,TXN00488101,ACCT100021357,ML_PATTERN_DETECTED,73,2024-10-10 07:40:19.036824
ALT0005137,TXN00475579,ACCT100003850,ML_PATTERN_DETECTED,77,2023-05-29 11:20:22.291446
ALT0005138,TXN00481935,ACCT100022369,ML_PATTERN_DETECTED,90,2023-05-24 01:48:38.621249
ALT0005139,TXN00492632,ACCT100000840,ML_PATTERN_DETECTED,68,2024-05-12 10:46:04.537839
ALT0005140,TXN00488145,ACCT100049625,ML_PATTERN_DETECTED,50,2024-04-23 09:30:51.373588
ALT0005141,TXN00491203,ACCT100040464,ML_PATTERN_DETECTED,91,2024-07-15 18:53:39.228667
ALT0005142,TXN00479715,ACCT100096461,ML_PATTERN_DETECTED,77,2024-08-09 03:11:06.826876
ALT0005143,TXN00490454,ACCT100035105,ML_PATTERN_DETECTED,67,2023-03-16 07:07:16.767495
ALT0005144,TXN00499961,ACCT100052329,ML_PATTERN_DETECTED,81,2023-06-19 12:00:33.195199
ALT0005145,TXN00494808,ACCT100026363,ML_PATTERN_DETECTED,68,2024-06-11 16:24:12.630238
ALT0005146,TXN00484428,ACCT100005115,ML_PATTERN_DETECTED,65,2024-02-11 20:11:32.027961
ALT0005147,TXN00491196,ACCT100015591,ML_PATTERN_DETECTED,90,2024-10-08 21:24:15.561580
ALT0005148,TXN00496126,ACCT100001136,ML_PATTERN_DETECTED,88,2023-09-06 19:35:20.722661
ALT0005149,TXN00479548,ACCT100065093,ML_PATTERN_DETECTED,78,2024-10-18 06:27:24.290310
ALT0005150,TXN00480586,ACCT100012340,ML_PATTERN_DETECTED,73,2024-05-11 02:57:35.981352
ALT0005151,TXN00485520,ACCT100067502,ML_PATTERN_DETECTED,64,2024-04-02 01:09:29.135029
ALT0005152,TXN00478765,ACCT100075353,ML_PATTERN_DETECTED,90,2023-02-18 13:10:22.096923
ALT0005153,TXN00490563,ACCT100003358,ML_PATTERN_DETECTED,67,2023-12-15 20:43:30.802552
ALT0005154,TXN00496161,ACCT100029704,ML_PATTERN_DETECTED,53,2023-04-06 17:55:47.554548
ALT0005155,TXN00477848,ACCT100021528,ML_PATTERN_DETECTED,94,2023-09-12 23:54:52.487028
ALT0005156,TXN00492646,ACCT100027431,ML_PATTERN_DETECTED,82,2024-08-29 17:11:07.963228
ALT0005157,TXN00493651,ACCT100068706,ML_PATTERN_DETECTED,50,2023-11-12 21:17:26.776872
ALT0005158,TXN00497470,ACCT100000416,ML_PATTERN_DETECTED,50,2023-09-01 09:17:59.198093
ALT0005159,TXN00478212,ACCT100063643,ML_PATTERN_DETECTED,80,2024-08-09 20:28:16.382409
ALT0005160,TXN00481867,ACCT100069293,ML_PATTERN_DETECTED,50,2023-05-19 13:38:17.576508
ALT0005161,TXN00486717,ACCT100099358,ML_PATTERN_DETECTED,92,2024-03-17 18:22:07.456471
ALT0005162,TXN00492138,ACCT100063515,ML_PATTERN_DETECTED,96,2024-06-18 03:23:25.485868
ALT0005163,TXN00492427,ACCT100072427,ML_PATTERN_DETECTED,77,2023-01-25 05:20:18.208815
ALT0005164,TXN00499919,ACCT100051391,ML_PATTERN_DETECTED,60,2023-11-28 04:02:37.314922
ALT0005165,TXN00478336,ACCT100005664,ML_PATTERN_DETECTED,51,2023-08-12 21:30:52.709110
ALT0005166,TXN00478258,ACCT100071589,ML_PATTERN_DETECTED,87,2024-09-16 12:07:05.073671
ALT0005167,TXN00498564,ACCT100058844,ML_PATTERN_DETECTED,73,2024-08-26 01:44:59.111708
ALT0005168,TXN00487774,ACCT100053457,ML_PATTERN_DETECTED,54,2024-04-17 02:08:26.987518
ALT0005169,TXN00484200,ACCT100036004,ML_PATTERN_DETECTED,82,2023-07-14 11:17:33.219215
ALT0005170,TXN00496085,ACCT100030458,ML_PATTERN_DETECTED,77,2023-11-14 06:12:21.636748
ALT0005171,TXN00488477,ACCT100095290,ML_PATTERN_DETECTED,95,2024-04-08 16:53:25.672752
ALT0005172,TXN00496370,ACCT100042639,ML_PATTERN_DETECTED,73,2024-08-19 10:19:46.420963
ALT0005173,TXN00495969,ACCT100010569,ML_PATTERN_DETECTED,70,2023-01-02 07:17:26.146299
ALT0005174,TXN00494224,ACCT100036800,ML_PATTERN_DETECTED,66,2023-03-07 19:03:46.046911
ALT0005175,TXN00478586,ACCT100087809,ML_PATTERN_DETECTED,62,2023-08-28 03:20:21.052437
ALT0005176,TXN00495753,ACCT100023505,ML_PATTERN_DETECTED,50,2024-06-09 13:05:20.049037
ALT0005177,TXN00481912,ACCT100038951,ML_PATTERN_DETECTED,60,2023-06-27 12:46:02.460048
ALT0005178,TXN00488176,ACCT100096446,ML_PATTERN_DETECTED,88,2024-11-05 10:35:26.610276
ALT0005179,TXN00475063,ACCT100047803,ML_PATTERN_DETECTED,93,2023-04-16 21:02:40.131720
ALT0005180,TXN00487168,ACCT100010381,ML_PATTERN_DETECTED,58,2024-11-02 12:55:01.168397
ALT0005181,TXN00491212,ACCT100058371,ML_PATTERN_DETECTED,63,2023-11-20 22:33:07.820337
ALT0005182,TXN00498042,ACCT100047466,ML_PATTERN_DETECTED,62,2023-06-17 05:57:23.312374
ALT0005183,TXN00496188,ACCT100010645,ML_PATTERN_DETECTED,89,2023-07-28 15:15:11.470908
ALT0005184,TXN00477446,ACCT100047112,ML_PATTERN_DETECTED,71,2024-11-20 09:23:33.268927
ALT0005185,TXN00496321,ACCT100091578,ML_PATTERN_DETECTED,86,2023-03-23 04:46:38.149577
ALT0005186,TXN00486401,ACCT100002826,ML_PATTERN_DETECTED,98,2023-04-10 19:01:24.853887
ALT0005187,TXN00479902,ACCT100053612,ML_PATTERN_DETECTED,78,2023-10-17 14:51:54.755172
ALT0005188,TXN00489379,ACCT100022923,ML_PATTERN_DETECTED,60,2023-01-29 03:35:17.067168
ALT0005189,TXN00498759,ACCT100060861,ML_PATTERN_DETECTED,50,2023-12-16 08:57:02.294541
ALT0005190,TXN00481637,ACCT100019120,ML_PATTERN_DETECTED,65,2023-06-29 11:20:27.188804
ALT0005191,TXN00487483,ACCT100035432,ML_PATTERN_DETECTED,56,2024-05-26 20:45:06.479467
ALT0005192,TXN00476147,ACCT100079727,ML_PATTERN_DETECTED,70,2024-05-16 22:03:33.723684
ALT0005193,TXN00493186,ACCT100016721,ML_PATTERN_DETECTED,55,2023-12-26 20:42:50.708362
ALT0005194,TXN00497902,ACCT100025301,ML_PATTERN_DETECTED,91,2023-03-15 04:17:43.468660
ALT0005195,TXN00488891,ACCT100066051,ML_PATTERN_DETECTED,64,2024-03-26 12:17:29.399749
ALT0005196,TXN00476640,ACCT100022032,ML_PATTERN_DETECTED,88,2023-07-19 00:31:04.674290
ALT0005197,TXN00498989,ACCT100082915,ML_PATTERN_DETECTED,93,2023-03-18 19:47:39.870603
ALT0005198,TXN00494269,ACCT100053772,ML_PATTERN_DETECTED,57,2024-03-21 10:51:59.266470
ALT0005199,TXN00491577,ACCT100038722,ML_PATTERN_DETECTED,81,2023-06-07 03:31:25.157931
ALT0005200,TXN00499605,ACCT100054401,ML_PATTERN_DETECTED,87,2024-11-15 03:46:48.267419
ALT0005201,TXN00489270,ACCT100005398,ML_PATTERN_DETECTED,55,2024-08-02 06:55:31.620786
ALT0005202,TXN00494627,ACCT100004133,ML_PATTERN_DETECTED,55,2024-01-13 23:30:33.546454
ALT0005203,TXN00498018,ACCT100088891,ML_PATTERN_DETECTED,64,2023-08-18 02:06:15.093335
ALT0005204,TXN00486364,ACCT100099084,ML_PATTERN_DETECTED,93,2024-02-02 04:10:46.159597
ALT0005205,TXN00498263,ACCT100057824,ML_PATTERN_DETECTED,71,2024-03-23 12:47:28.071646
ALT0005206,TXN00484607,ACCT100010894,ML_PATTERN_DETECTED,83,2024-08-03 17:07:02.205920
ALT0005207,TXN00489690,ACCT100083485,ML_PATTERN_DETECTED,77,2023-04-02 10:55:02.731340
ALT0005208,TXN00495309,ACCT100084153,ML_PATTERN_DETECTED,51,2024-11-02 04:42:58.052588
ALT0005209,TXN00476556,ACCT100010011,ML_PATTERN_DETECTED,91,2024-03-06 03:15:22.886865
ALT0005210,TXN00483425,ACCT100086609,ML_PATTERN_DETECTED,61,2024-04-12 23:54:05.555345
ALT0005211,TXN00483781,ACCT100082250,ML_PATTERN_DETECTED,92,2023-02-10 18:53:16.762024
ALT0005212,TXN00493824,ACCT100096497,ML_PATTERN_DETECTED,61,2023-08-22 08:30:32.097051
ALT0005213,TXN00477963,ACCT100095288,ML_PATTERN_DETECTED,79,2023-04-03 13:52:35.278381
ALT0005214,TXN00487848,ACCT100058491,ML_PATTERN_DETECTED,87,2023-06-22 04:43:54.386322
ALT0005215,TXN00495708,ACCT100024349,ML_PATTERN_DETECTED,62,2024-09-28 13:29:59.802512
ALT0005216,TXN00477936,ACCT100086456,ML_PATTERN_DETECTED,95,2024-07-31 19:13:05.294621
ALT0005217,TXN00481673,ACCT100036061,ML_PATTERN_DETECTED,75,2023-06-13 15:06:33.201766
ALT0005218,TXN00479538,ACCT100009732,ML_PATTERN_DETECTED,87,2023-08-28 00:32:38.279748
ALT0005219,TXN00491094,ACCT100065557,ML_PATTERN_DETECTED,89,2023-02-02 02:43:11.039798
ALT0005220,TXN00476501,ACCT100037246,ML_PATTERN_DETECTED,93,2023-02-23 06:53:02.297638
ALT0005221,TXN00489253,ACCT100033724,ML_PATTERN_DETECTED,76,2024-10-13 14:43:21.399817
ALT0005222,TXN00480812,ACCT100011313,ML_PATTERN_DETECTED,52,2023-06-12 09:37:47.050918
ALT0005223,TXN00490159,ACCT100023104,ML_PATTERN_DETECTED,56,2023-09-25 21:32:20.572817
ALT0005224,TXN00476285,ACCT100051607,ML_PATTERN_DETECTED,90,2023-03-18 12:15:56.545799
ALT0005225,TXN00477428,ACCT100005854,ML_PATTERN_DETECTED,54,2023-12-03 17:11:41.677482
ALT0005226,TXN00495714,ACCT100042384,ML_PATTERN_DETECTED,59,2024-09-21 12:42:25.233112
ALT0005227,TXN00498706,ACCT100021401,ML_PATTERN_DETECTED,86,2024-07-10 07:24:39.674445
ALT0005228,TXN00479953,ACCT100027360,ML_PATTERN_DETECTED,94,2023-05-05 03:28:37.353360
ALT0005229,TXN00486415,ACCT100074270,ML_PATTERN_DETECTED,66,2024-10-17 21:21:07.860935
ALT0005230,TXN00483022,ACCT100058784,ML_PATTERN_DETECTED,86,2023-01-11 04:03:13.223247
ALT0005231,TXN00477945,ACCT100073804,ML_PATTERN_DETECTED,82,2024-09-06 04:59:44.721521
ALT0005232,TXN00484351,ACCT100031628,ML_PATTERN_DETECTED,61,2023-10-13 03:33:43.836117
ALT0005233,TXN00485504,ACCT100020109,ML_PATTERN_DETECTED,58,2024-03-14 18:33:47.764424
ALT0005234,TXN00483589,ACCT100042592,ML_PATTERN_DETECTED,84,2024-06-20 20:56:55.154838
ALT0005235,TXN00498461,ACCT100093930,ML_PATTERN_DETECTED,51,2023-05-19 09:08:31.330228
ALT0005236,TXN00479626,ACCT100031784,ML_PATTERN_DETECTED,63,2024-07-07 19:03:27.167999
ALT0005237,TXN00481896,ACCT100081313,ML_PATTERN_DETECTED,96,2024-10-09 22:16:20.923230
ALT0005238,TXN00480480,ACCT100034598,ML_PATTERN_DETECTED,89,2023-03-24 08:38:50.026582
ALT0005239,TXN00490822,ACCT100097694,ML_PATTERN_DETECTED,73,2024-08-18 17:22:10.603783
ALT0005240,TXN00491616,ACCT100099765,ML_PATTERN_DETECTED,56,2023-04-11 12:54:08.794920
ALT0005241,TXN00487605,ACCT100084384,ML_PATTERN_DETECTED,68,2023-02-12 12:42:11.665901
ALT0005242,TXN00498074,ACCT100083172,ML_PATTERN_DETECTED,56,2023-07-12 16:56:34.938560
ALT0005243,TXN00497813,ACCT100048180,ML_PATTERN_DETECTED,64,2023-09-09 21:46:03.019334
ALT0005244,TXN00499215,ACCT100080657,ML_PATTERN_DETECTED,91,2023-10-02 22:38:33.502542
ALT0005245,TXN00488796,ACCT100044079,ML_PATTERN_DETECTED,60,2024-06-11 10:05:47.225022
ALT0005246,TXN00487649,ACCT100071539,ML_PATTERN_DETECTED,77,2023-03-19 17:38:24.250483
ALT0005247,TXN00492082,ACCT100061283,ML_PATTERN_DETECTED,60,2023-10-05 13:48:16.624409
ALT0005248,TXN00484890,ACCT100074407,ML_PATTERN_DETECTED,77,2023-08-14 00:19:34.068741
ALT0005249,TXN00477949,ACCT100006630,ML_PATTERN_DETECTED,63,2024-12-18 16:15:21.635739
ALT0005250,TXN00480501,ACCT100061607,ML_PATTERN_DETECTED,61,2024-03-30 18:10:21.662333
ALT0005251,TXN00481035,ACCT100030232,ML_PATTERN_DETECTED,79,2023-05-23 03:27:41.745858
ALT0005252,TXN00489206,ACCT100027490,ML_PATTERN_DETECTED,55,2024-07-18 15:14:23.417449
ALT0005253,TXN00479287,ACCT100067560,ML_PATTERN_DETECTED,62,2023-04-14 14:04:38.046473
ALT0005254,TXN00482727,ACCT100059913,ML_PATTERN_DETECTED,91,2023-02-08 18:01:54.853752
ALT0005255,TXN00475786,ACCT100009979,ML_PATTERN_DETECTED,85,2023-01-19 12:48:36.379827
ALT0005256,TXN00477392,ACCT100028859,ML_PATTERN_DETECTED,53,2024-01-01 08:13:17.117961
ALT0005257,TXN00485700,ACCT100076910,ML_PATTERN_DETECTED,60,2023-01-29 07:19:11.670211
ALT0005258,TXN00496176,ACCT100030733,ML_PATTERN_DETECTED,97,2024-07-17 06:53:13.710751
ALT0005259,TXN00480999,ACCT100089043,ML_PATTERN_DETECTED,61,2023-07-21 20:45:53.187287
ALT0005260,TXN00481032,ACCT100001319,ML_PATTERN_DETECTED,95,2024-04-07 00:04:52.706647
ALT0005261,TXN00480784,ACCT100092545,ML_PATTERN_DETECTED,97,2023-01-04 14:47:53.964194
ALT0005262,TXN00483761,ACCT100076441,ML_PATTERN_DETECTED,58,2024-12-01 11:17:40.079874
ALT0005263,TXN00481550,ACCT100068193,ML_PATTERN_DETECTED,90,2024-01-02 18:13:09.412999
ALT0005264,TXN00498635,ACCT100039224,ML_PATTERN_DETECTED,66,2023-09-17 05:18:14.314764
ALT0005265,TXN00476974,ACCT100001538,ML_PATTERN_DETECTED,94,2024-03-11 13:42:59.874850
ALT0005266,TXN00499277,ACCT100019174,ML_PATTERN_DETECTED,65,2023-03-07 08:05:13.803264
ALT0005267,TXN00486281,ACCT100021258,ML_PATTERN_DETECTED,92,2024-06-13 16:53:20.113389
ALT0005268,TXN00491561,ACCT100032974,ML_PATTERN_DETECTED,63,2023-11-10 04:07:19.086886
ALT0005269,TXN00478141,ACCT100079024,ML_PATTERN_DETECTED,73,2023-12-13 10:13:45.223048
ALT0005270,TXN00498651,ACCT100032370,ML_PATTERN_DETECTED,95,2023-11-01 14:05:05.414877
ALT0005271,TXN00475187,ACCT100085700,ML_PATTERN_DETECTED,81,2023-11-01 17:10:18.593042
ALT0005272,TXN00476380,ACCT100054146,ML_PATTERN_DETECTED,72,2023-02-26 23:48:12.458218
ALT0005273,TXN00476976,ACCT100033481,ML_PATTERN_DETECTED,88,2023-09-21 15:28:58.734129
ALT0005274,TXN00486714,ACCT100000613,ML_PATTERN_DETECTED,79,2024-08-20 19:55:08.743939
ALT0005275,TXN00490350,ACCT100031469,ML_PATTERN_DETECTED,97,2024-12-18 13:52:54.429145
ALT0005276,TXN00481465,ACCT100051540,ML_PATTERN_DETECTED,75,2024-04-10 21:53:46.678770
ALT0005277,TXN00481076,ACCT100085016,ML_PATTERN_DETECTED,52,2023-05-03 17:58:13.366388
ALT0005278,TXN00488930,ACCT100077391,ML_PATTERN_DETECTED,74,2024-08-23 03:30:02.479305
ALT0005279,TXN00498075,ACCT100013383,ML_PATTERN_DETECTED,62,2024-04-28 00:38:43.654010
ALT0005280,TXN00495104,ACCT100068908,ML_PATTERN_DETECTED,54,2023-02-04 07:51:35.418973
ALT0005281,TXN00482982,ACCT100033754,ML_PATTERN_DETECTED,84,2023-03-07 08:26:12.337119
ALT0005282,TXN00489496,ACCT100095693,ML_PATTERN_DETECTED,92,2023-07-27 23:40:16.882396
ALT0005283,TXN00475663,ACCT100054678,ML_PATTERN_DETECTED,65,2023-02-24 09:04:09.225388
ALT0005284,TXN00479520,ACCT100063532,ML_PATTERN_DETECTED,52,2024-09-06 04:37:47.076302
ALT0005285,TXN00482242,ACCT100036813,ML_PATTERN_DETECTED,76,2023-04-26 16:53:15.056876
ALT0005286,TXN00490779,ACCT100024197,ML_PATTERN_DETECTED,84,2024-04-05 18:22:26.057237
ALT0005287,TXN00498546,ACCT100044478,ML_PATTERN_DETECTED,73,2024-02-16 01:22:13.076131
ALT0005288,TXN00482836,ACCT100066205,ML_PATTERN_DETECTED,52,2023-08-19 12:03:09.753624
ALT0005289,TXN00482729,ACCT100013643,ML_PATTERN_DETECTED,67,2023-05-06 16:05:01.420630
ALT0005290,TXN00481492,ACCT100064301,ML_PATTERN_DETECTED,90,2024-03-22 02:54:34.544944
ALT0005291,TXN00479324,ACCT100003180,ML_PATTERN_DETECTED,94,2024-12-27 05:01:44.985471
ALT0005292,TXN00476877,ACCT100060312,ML_PATTERN_DETECTED,56,2024-09-05 00:36:24.531654
ALT0005293,TXN00483729,ACCT100086904,ML_PATTERN_DETECTED,97,2023-10-10 04:55:52.582552
ALT0005294,TXN00496621,ACCT100078018,ML_PATTERN_DETECTED,91,2024-01-13 19:22:35.196362
ALT0005295,TXN00497017,ACCT100021138,ML_PATTERN_DETECTED,64,2024-01-20 14:47:41.670887
ALT0005296,TXN00479974,ACCT100082736,ML_PATTERN_DETECTED,81,2023-10-12 08:23:50.779361
ALT0005297,TXN00491745,ACCT100097212,ML_PATTERN_DETECTED,64,2024-05-06 04:25:49.207826
ALT0005298,TXN00490892,ACCT100053935,ML_PATTERN_DETECTED,68,2024-01-26 22:18:52.858386
ALT0005299,TXN00498744,ACCT100038517,ML_PATTERN_DETECTED,63,2024-08-31 14:03:45.294668
ALT0005300,TXN00479219,ACCT100002717,ML_PATTERN_DETECTED,87,2024-04-09 14:46:48.421876
ALT0005301,TXN00493165,ACCT100073316,ML_PATTERN_DETECTED,76,2023-07-22 04:59:25.056608
ALT0005302,TXN00498122,ACCT100088628,ML_PATTERN_DETECTED,88,2023-03-31 02:19:07.470620
ALT0005303,TXN00499855,ACCT100063524,ML_PATTERN_DETECTED,56,2024-07-02 12:52:51.166186
ALT0005304,TXN00498014,ACCT100022228,ML_PATTERN_DETECTED,91,2024-12-03 14:31:25.235543
ALT0005305,TXN00499795,ACCT100060831,ML_PATTERN_DETECTED,51,2023-01-27 06:10:07.347566
ALT0005306,TXN00497578,ACCT100085172,ML_PATTERN_DETECTED,52,2023-08-23 18:14:16.711710
ALT0005307,TXN00489623,ACCT100089513,ML_PATTERN_DETECTED,68,2023-05-08 01:02:11.962104
ALT0005308,TXN00496796,ACCT100099908,ML_PATTERN_DETECTED,54,2024-08-26 19:18:47.856946
ALT0005309,TXN00476310,ACCT100082035,ML_PATTERN_DETECTED,85,2024-11-10 10:08:10.428699
ALT0005310,TXN00495220,ACCT100091426,ML_PATTERN_DETECTED,58,2024-01-16 18:08:58.544141
ALT0005311,TXN00492160,ACCT100098504,ML_PATTERN_DETECTED,79,2024-10-16 00:42:49.495361
ALT0005312,TXN00492724,ACCT100050864,ML_PATTERN_DETECTED,73,2024-01-11 23:02:39.251341
ALT0005313,TXN00489599,ACCT100029916,ML_PATTERN_DETECTED,80,2024-12-14 18:45:09.993349
ALT0005314,TXN00481852,ACCT100002455,ML_PATTERN_DETECTED,59,2024-07-10 16:38:58.886077
ALT0005315,TXN00487050,ACCT100018165,ML_PATTERN_DETECTED,71,2023-09-26 07:26:12.985864
ALT0005316,TXN00484836,ACCT100068710,ML_PATTERN_DETECTED,62,2024-04-10 15:45:35.246963
ALT0005317,TXN00477225,ACCT100093459,ML_PATTERN_DETECTED,82,2023-07-27 09:26:35.995552
ALT0005318,TXN00488314,ACCT100054925,ML_PATTERN_DETECTED,86,2023-07-17 13:12:54.080848
ALT0005319,TXN00495584,ACCT100083688,ML_PATTERN_DETECTED,55,2023-09-18 11:09:18.815496
ALT0005320,TXN00499030,ACCT100041303,ML_PATTERN_DETECTED,55,2023-10-22 12:46:30.039086
ALT0005321,TXN00479589,ACCT100081773,ML_PATTERN_DETECTED,58,2023-09-12 10:26:20.150719
ALT0005322,TXN00476678,ACCT100045327,ML_PATTERN_DETECTED,57,2024-05-06 13:23:47.010676
ALT0005323,TXN00490089,ACCT100077325,ML_PATTERN_DETECTED,74,2023-05-24 11:30:00.299921
ALT0005324,TXN00490863,ACCT100012334,ML_PATTERN_DETECTED,52,2023-11-05 16:56:45.440035
ALT0005325,TXN00490221,ACCT100053199,ML_PATTERN_DETECTED,94,2024-06-07 17:37:50.070298
ALT0005326,TXN00489435,ACCT100080861,ML_PATTERN_DETECTED,91,2024-11-11 11:10:41.117218
ALT0005327,TXN00492715,ACCT100061533,ML_PATTERN_DETECTED,90,2024-12-26 17:38:11.616704
ALT0005328,TXN00486971,ACCT100062433,ML_PATTERN_DETECTED,89,2024-01-26 15:10:11.682960
ALT0005329,TXN00491176,ACCT100099233,ML_PATTERN_DETECTED,91,2024-03-29 23:33:22.870400
ALT0005330,TXN00497238,ACCT100051212,ML_PATTERN_DETECTED,72,2024-07-09 00:00:54.985780
ALT0005331,TXN00484709,ACCT100049770,ML_PATTERN_DETECTED,54,2024-06-25 20:33:58.658194
ALT0005332,TXN00496831,ACCT100043866,ML_PATTERN_DETECTED,78,2024-01-13 11:15:08.958556
ALT0005333,TXN00486524,ACCT100042060,ML_PATTERN_DETECTED,67,2023-07-15 15:15:30.421552
ALT0005334,TXN00480977,ACCT100040735,ML_PATTERN_DETECTED,84,2024-12-14 05:19:07.021159
ALT0005335,TXN00485253,ACCT100031400,ML_PATTERN_DETECTED,66,2023-12-23 05:03:30.157696
ALT0005336,TXN00492139,ACCT100002154,ML_PATTERN_DETECTED,70,2024-02-24 13:34:53.012477
ALT0005337,TXN00494740,ACCT100029368,ML_PATTERN_DETECTED,90,2023-05-10 16:54:35.308031
ALT0005338,TXN00490081,ACCT100026060,ML_PATTERN_DETECTED,86,2023-04-08 07:48:21.749133
ALT0005339,TXN00487647,ACCT100032434,ML_PATTERN_DETECTED,96,2023-04-19 07:15:14.236376
ALT0005340,TXN00488442,ACCT100090371,ML_PATTERN_DETECTED,56,2024-04-20 20:45:20.132126
ALT0005341,TXN00486531,ACCT100097116,ML_PATTERN_DETECTED,97,2023-10-25 11:58:43.339586
ALT0005342,TXN00478416,ACCT100096858,ML_PATTERN_DETECTED,60,2024-11-21 11:08:36.502668
ALT0005343,TXN00492769,ACCT100034810,ML_PATTERN_DETECTED,95,2023-06-07 15:14:09.428468
ALT0005344,TXN00490123,ACCT100067810,ML_PATTERN_DETECTED,54,2024-05-31 13:55:24.495150
ALT0005345,TXN00488978,ACCT100039764,ML_PATTERN_DETECTED,76,2024-10-31 08:05:27.612047
ALT0005346,TXN00488103,ACCT100045859,ML_PATTERN_DETECTED,93,2024-01-22 12:24:39.271911
ALT0005347,TXN00492512,ACCT100032791,ML_PATTERN_DETECTED,81,2024-12-10 08:31:19.136537
ALT0005348,TXN00494103,ACCT100084382,ML_PATTERN_DETECTED,65,2024-02-09 08:48:28.769190
ALT0005349,TXN00486876,ACCT100089724,ML_PATTERN_DETECTED,72,2024-11-15 12:43:42.550078
ALT0005350,TXN00495663,ACCT100095465,ML_PATTERN_DETECTED,83,2023-03-13 14:20:07.647014
ALT0005351,TXN00482133,ACCT100058211,ML_PATTERN_DETECTED,92,2024-01-29 18:48:41.210141
ALT0005352,TXN00488011,ACCT100025190,ML_PATTERN_DETECTED,94,2023-12-18 10:00:05.105639
ALT0005353,TXN00482502,ACCT100050363,ML_PATTERN_DETECTED,51,2024-09-02 22:29:28.550993
ALT0005354,TXN00490260,ACCT100034566,ML_PATTERN_DETECTED,65,2023-03-19 21:26:13.137815
ALT0005355,TXN00490252,ACCT100024014,ML_PATTERN_DETECTED,53,2024-11-06 23:31:28.897264
ALT0005356,TXN00475248,ACCT100035539,ML_PATTERN_DETECTED,94,2024-08-06 12:07:30.069573
ALT0005357,TXN00497439,ACCT100002884,ML_PATTERN_DETECTED,93,2024-05-17 03:19:53.666940
ALT0005358,TXN00490995,ACCT100095352,ML_PATTERN_DETECTED,91,2024-10-06 14:24:14.229570
ALT0005359,TXN00477863,ACCT100090586,ML_PATTERN_DETECTED,88,2023-04-25 12:20:21.628734
ALT0005360,TXN00491198,ACCT100095088,ML_PATTERN_DETECTED,95,2023-05-02 21:08:45.681820
ALT0005361,TXN00498900,ACCT100020419,ML_PATTERN_DETECTED,91,2024-01-11 07:39:02.977240
ALT0005362,TXN00492924,ACCT100079013,ML_PATTERN_DETECTED,76,2023-07-22 12:12:37.500032
ALT0005363,TXN00494354,ACCT100019646,ML_PATTERN_DETECTED,85,2024-03-28 14:35:40.013402
ALT0005364,TXN00497588,ACCT100055509,ML_PATTERN_DETECTED,85,2023-06-18 18:54:42.919079
ALT0005365,TXN00482990,ACCT100034169,ML_PATTERN_DETECTED,86,2023-10-03 07:50:43.300056
ALT0005366,TXN00476660,ACCT100053525,ML_PATTERN_DETECTED,81,2024-11-12 15:43:40.685637
ALT0005367,TXN00498899,ACCT100002695,ML_PATTERN_DETECTED,68,2024-04-17 20:37:31.279801
ALT0005368,TXN00498335,ACCT100038056,ML_PATTERN_DETECTED,95,2024-03-23 07:50:54.750148
ALT0005369,TXN00499347,ACCT100041713,ML_PATTERN_DETECTED,66,2023-12-13 13:16:39.504778
ALT0005370,TXN00499290,ACCT100068824,ML_PATTERN_DETECTED,76,2023-01-04 06:31:15.335962
ALT0005371,TXN00494185,ACCT100099214,ML_PATTERN_DETECTED,69,2023-09-03 19:59:20.482776
ALT0005372,TXN00489348,ACCT100069796,ML_PATTERN_DETECTED,66,2023-04-24 15:48:43.773724
ALT0005373,TXN00478026,ACCT100056864,ML_PATTERN_DETECTED,66,2023-11-18 03:30:01.687084
ALT0005374,TXN00491707,ACCT100055917,ML_PATTERN_DETECTED,57,2024-08-31 12:16:46.301202
ALT0005375,TXN00485340,ACCT100047467,ML_PATTERN_DETECTED,61,2023-10-11 01:28:55.458964
ALT0005376,TXN00478157,ACCT100033942,ML_PATTERN_DETECTED,74,2023-08-16 13:23:53.953417
ALT0005377,TXN00494246,ACCT100015740,ML_PATTERN_DETECTED,57,2024-06-25 16:19:53.782585
ALT0005378,TXN00482825,ACCT100048719,ML_PATTERN_DETECTED,77,2024-10-12 07:04:00.012135
ALT0005379,TXN00478571,ACCT100092613,ML_PATTERN_DETECTED,85,2024-12-01 06:26:12.663534
ALT0005380,TXN00485141,ACCT100081924,ML_PATTERN_DETECTED,78,2024-08-27 12:13:01.377305
ALT0005381,TXN00476026,ACCT100012525,ML_PATTERN_DETECTED,96,2024-03-18 20:21:45.606036
ALT0005382,TXN00495726,ACCT100089238,ML_PATTERN_DETECTED,54,2024-01-09 22:18:40.168254
ALT0005383,TXN00485297,ACCT100078140,ML_PATTERN_DETECTED,61,2024-05-02 06:14:53.769036
ALT0005384,TXN00475387,ACCT100038020,ML_PATTERN_DETECTED,81,2023-10-24 05:00:56.890991
ALT0005385,TXN00482424,ACCT100030493,ML_PATTERN_DETECTED,94,2023-04-08 18:10:02.452407
ALT0005386,TXN00486136,ACCT100083087,ML_PATTERN_DETECTED,73,2024-09-06 15:22:23.555353
ALT0005387,TXN00479286,ACCT100052291,ML_PATTERN_DETECTED,75,2023-01-10 08:19:46.756112
ALT0005388,TXN00489949,ACCT100045301,ML_PATTERN_DETECTED,92,2024-02-09 17:25:12.456867
ALT0005389,TXN00492305,ACCT100097578,ML_PATTERN_DETECTED,69,2024-07-02 03:41:54.027963
ALT0005390,TXN00480805,ACCT100070178,ML_PATTERN_DETECTED,98,2023-04-26 17:25:41.663439
ALT0005391,TXN00495339,ACCT100013867,ML_PATTERN_DETECTED,66,2023-04-28 21:08:38.139302
ALT0005392,TXN00498436,ACCT100043597,ML_PATTERN_DETECTED,97,2023-01-10 14:54:42.026768
ALT0005393,TXN00482019,ACCT100051736,ML_PATTERN_DETECTED,77,2023-09-08 17:37:17.599876
ALT0005394,TXN00499329,ACCT100084689,ML_PATTERN_DETECTED,98,2024-09-29 06:29:15.019342
ALT0005395,TXN00482754,ACCT100089005,ML_PATTERN_DETECTED,68,2023-05-27 06:30:53.212710
ALT0005396,TXN00494005,ACCT100082770,ML_PATTERN_DETECTED,88,2023-05-06 19:56:37.595983
ALT0005397,TXN00491897,ACCT100003097,ML_PATTERN_DETECTED,98,2023-05-26 22:12:04.349328
ALT0005398,TXN00489211,ACCT100000476,ML_PATTERN_DETECTED,82,2024-07-30 09:58:41.506817
ALT0005399,TXN00475621,ACCT100030055,ML_PATTERN_DETECTED,51,2023-01-31 10:50:54.619736
ALT0005400,TXN00497203,ACCT100028786,ML_PATTERN_DETECTED,73,2024-06-19 14:08:13.803788
ALT0005401,TXN00479227,ACCT100055715,ML_PATTERN_DETECTED,60,2024-09-25 13:11:40.903927
ALT0005402,TXN00487227,ACCT100074163,ML_PATTERN_DETECTED,95,2023-04-09 21:49:43.162141
ALT0005403,TXN00484182,ACCT100077995,ML_PATTERN_DETECTED,83,2024-01-15 15:04:36.805697
ALT0005404,TXN00492074,ACCT100023147,ML_PATTERN_DETECTED,59,2023-02-13 03:59:34.522999
ALT0005405,TXN00497244,ACCT100075425,ML_PATTERN_DETECTED,78,2023-03-15 23:58:55.066195
ALT0005406,TXN00486014,ACCT100065274,ML_PATTERN_DETECTED,88,2023-11-08 07:34:23.098341
ALT0005407,TXN00498582,ACCT100045621,ML_PATTERN_DETECTED,96,2023-03-02 08:40:44.250829
ALT0005408,TXN00487231,ACCT100060875,ML_PATTERN_DETECTED,65,2024-04-26 22:52:25.956423
ALT0005409,TXN00499734,ACCT100019827,ML_PATTERN_DETECTED,69,2024-06-10 22:27:34.516690
ALT0005410,TXN00484593,ACCT100091111,ML_PATTERN_DETECTED,52,2024-03-05 07:49:35.851128
ALT0005411,TXN00496269,ACCT100029841,ML_PATTERN_DETECTED,77,2023-08-23 13:23:25.413003
ALT0005412,TXN00487518,ACCT100098282,ML_PATTERN_DETECTED,63,2024-01-23 02:22:54.549242
ALT0005413,TXN00484688,ACCT100068170,ML_PATTERN_DETECTED,97,2024-11-15 10:50:17.907257
ALT0005414,TXN00499522,ACCT100016624,ML_PATTERN_DETECTED,71,2024-08-07 00:03:19.452886
ALT0005415,TXN00484567,ACCT100086328,ML_PATTERN_DETECTED,98,2024-06-22 10:34:20.584380
ALT0005416,TXN00494669,ACCT100094888,ML_PATTERN_DETECTED,68,2023-05-25 23:34:12.192838
ALT0005417,TXN00493854,ACCT100040258,ML_PATTERN_DETECTED,86,2023-09-04 10:49:27.935317
ALT0005418,TXN00487205,ACCT100073262,ML_PATTERN_DETECTED,53,2023-10-01 07:54:34.548454
ALT0005419,TXN00483445,ACCT100054147,ML_PATTERN_DETECTED,76,2023-03-15 05:25:19.868853
ALT0005420,TXN00489033,ACCT100005707,ML_PATTERN_DETECTED,77,2023-04-01 12:44:19.589694
ALT0005421,TXN00493163,ACCT100010733,ML_PATTERN_DETECTED,82,2024-01-07 00:36:41.385405
ALT0005422,TXN00491892,ACCT100026567,ML_PATTERN_DETECTED,77,2024-06-24 17:14:34.928687
ALT0005423,TXN00496202,ACCT100070031,ML_PATTERN_DETECTED,81,2024-05-16 05:57:57.210568
ALT0005424,TXN00483336,ACCT100073054,ML_PATTERN_DETECTED,82,2023-06-25 23:04:57.963359
ALT0005425,TXN00479006,ACCT100012796,ML_PATTERN_DETECTED,85,2023-06-11 21:27:30.588559
ALT0005426,TXN00484243,ACCT100040178,ML_PATTERN_DETECTED,67,2023-05-08 15:23:11.465870
ALT0005427,TXN00482790,ACCT100066424,ML_PATTERN_DETECTED,65,2024-06-11 11:57:05.682704
ALT0005428,TXN00478409,ACCT100076928,ML_PATTERN_DETECTED,59,2024-03-13 11:08:17.957805
ALT0005429,TXN00475925,ACCT100028136,ML_PATTERN_DETECTED,81,2024-01-15 01:08:48.212025
ALT0005430,TXN00482533,ACCT100062060,ML_PATTERN_DETECTED,72,2023-09-19 16:43:14.549153
ALT0005431,TXN00490955,ACCT100041165,ML_PATTERN_DETECTED,80,2024-01-13 12:21:50.330245
ALT0005432,TXN00497069,ACCT100052192,ML_PATTERN_DETECTED,76,2023-03-19 14:02:01.748902
ALT0005433,TXN00482587,ACCT100060215,ML_PATTERN_DETECTED,92,2023-03-24 13:29:29.753425
ALT0005434,TXN00497274,ACCT100033525,ML_PATTERN_DETECTED,70,2023-01-20 01:53:25.567225
ALT0005435,TXN00480105,ACCT100032313,ML_PATTERN_DETECTED,87,2023-04-29 08:29:02.727259
ALT0005436,TXN00491187,ACCT100027837,ML_PATTERN_DETECTED,97,2024-04-22 06:50:19.830588
ALT0005437,TXN00487142,ACCT100096138,ML_PATTERN_DETECTED,86,2024-01-18 23:52:30.447084
ALT0005438,TXN00497096,ACCT100065468,ML_PATTERN_DETECTED,81,2023-03-08 11:22:14.141832
ALT0005439,TXN00485881,ACCT100028089,ML_PATTERN_DETECTED,51,2023-02-19 20:52:09.863026
ALT0005440,TXN00497277,ACCT100092885,ML_PATTERN_DETECTED,60,2024-12-28 07:10:39.190615
ALT0005441,TXN00494412,ACCT100014510,ML_PATTERN_DETECTED,54,2023-01-27 20:20:26.196811
ALT0005442,TXN00482250,ACCT100058473,ML_PATTERN_DETECTED,54,2024-08-16 15:04:47.353234
ALT0005443,TXN00492196,ACCT100028884,ML_PATTERN_DETECTED,98,2023-05-21 18:59:51.018543
ALT0005444,TXN00486210,ACCT100071752,ML_PATTERN_DETECTED,72,2024-11-08 08:42:47.134401
ALT0005445,TXN00498065,ACCT100016993,ML_PATTERN_DETECTED,71,2023-12-19 02:20:58.034681
ALT0005446,TXN00488922,ACCT100082938,ML_PATTERN_DETECTED,64,2024-11-11 10:03:04.568721
ALT0005447,TXN00486706,ACCT100085864,ML_PATTERN_DETECTED,69,2024-07-17 13:16:41.774300
ALT0005448,TXN00475036,ACCT100044049,ML_PATTERN_DETECTED,76,2024-11-11 04:21:58.218908
ALT0005449,TXN00478749,ACCT100089108,ML_PATTERN_DETECTED,80,2024-09-08 11:45:34.598984
ALT0005450,TXN00493436,ACCT100076921,ML_PATTERN_DETECTED,52,2023-06-03 01:29:46.703797
ALT0005451,TXN00485379,ACCT100013677,ML_PATTERN_DETECTED,57,2023-07-21 21:14:57.940967
ALT0005452,TXN00499268,ACCT100053952,ML_PATTERN_DETECTED,95,2023-04-14 17:08:20.330779
ALT0005453,TXN00487791,ACCT100042091,ML_PATTERN_DETECTED,82,2023-12-19 23:24:24.516282
ALT0005454,TXN00483309,ACCT100043074,ML_PATTERN_DETECTED,79,2024-08-03 19:45:07.458411
ALT0005455,TXN00478568,ACCT100013394,ML_PATTERN_DETECTED,79,2023-12-07 04:29:46.054875
ALT0005456,TXN00491760,ACCT100078843,ML_PATTERN_DETECTED,81,2024-01-10 14:16:45.773709
ALT0005457,TXN00494517,ACCT100075956,ML_PATTERN_DETECTED,79,2023-08-05 20:40:47.940702
ALT0005458,TXN00476270,ACCT100027727,ML_PATTERN_DETECTED,69,2023-12-24 22:35:16.863568
ALT0005459,TXN00492088,ACCT100033024,ML_PATTERN_DETECTED,66,2023-12-28 15:52:34.384643
ALT0005460,TXN00485100,ACCT100050646,ML_PATTERN_DETECTED,57,2023-04-25 20:25:06.438471
ALT0005461,TXN00482100,ACCT100077542,ML_PATTERN_DETECTED,72,2024-01-11 20:39:51.265488
ALT0005462,TXN00490279,ACCT100067279,ML_PATTERN_DETECTED,53,2023-04-15 21:09:09.646575
ALT0005463,TXN00481470,ACCT100036905,ML_PATTERN_DETECTED,92,2023-07-12 03:17:09.759496
ALT0005464,TXN00492297,ACCT100015123,ML_PATTERN_DETECTED,97,2023-10-28 09:17:17.721038
ALT0005465,TXN00498488,ACCT100055214,ML_PATTERN_DETECTED,68,2024-09-30 11:59:18.691033
ALT0005466,TXN00493129,ACCT100079038,ML_PATTERN_DETECTED,66,2024-01-21 08:21:46.760732
ALT0005467,TXN00497290,ACCT100049499,ML_PATTERN_DETECTED,94,2023-03-17 00:28:16.914852
ALT0005468,TXN00497114,ACCT100000221,ML_PATTERN_DETECTED,63,2023-07-13 00:49:40.369209
ALT0005469,TXN00480712,ACCT100090997,ML_PATTERN_DETECTED,98,2024-01-28 11:59:25.629942
ALT0005470,TXN00481067,ACCT100073188,ML_PATTERN_DETECTED,62,2024-02-29 22:59:46.242051
ALT0005471,TXN00495011,ACCT100088916,ML_PATTERN_DETECTED,83,2024-06-10 17:46:04.446307
ALT0005472,TXN00497089,ACCT100023958,ML_PATTERN_DETECTED,59,2023-08-04 16:43:35.692169
ALT0005473,TXN00490997,ACCT100002636,ML_PATTERN_DETECTED,61,2023-11-02 19:48:58.194593
ALT0005474,TXN00493288,ACCT100050112,ML_PATTERN_DETECTED,63,2024-01-16 16:03:04.861869
ALT0005475,TXN00485605,ACCT100022108,ML_PATTERN_DETECTED,60,2023-07-08 12:45:23.232345
ALT0005476,TXN00491832,ACCT100081968,ML_PATTERN_DETECTED,98,2024-06-12 04:19:32.667035
ALT0005477,TXN00478406,ACCT100084316,ML_PATTERN_DETECTED,80,2024-10-25 03:45:41.344144
ALT0005478,TXN00496812,ACCT100091141,ML_PATTERN_DETECTED,95,2023-07-11 08:42:04.082534
ALT0005479,TXN00483279,ACCT100007320,ML_PATTERN_DETECTED,80,2024-08-08 11:35:52.729280
ALT0005480,TXN00494782,ACCT100013434,ML_PATTERN_DETECTED,94,2024-10-20 15:49:15.121435
ALT0005481,TXN00496969,ACCT100031529,ML_PATTERN_DETECTED,56,2023-09-17 11:28:03.485945
ALT0005482,TXN00478662,ACCT100043355,ML_PATTERN_DETECTED,64,2024-07-19 14:20:14.106158
ALT0005483,TXN00487079,ACCT100025209,ML_PATTERN_DETECTED,71,2024-11-03 20:27:54.072263
ALT0005484,TXN00487380,ACCT100050791,ML_PATTERN_DETECTED,85,2024-01-11 22:22:22.828771
ALT0005485,TXN00477253,ACCT100079380,ML_PATTERN_DETECTED,78,2024-12-10 05:26:19.123150
ALT0005486,TXN00496723,ACCT100086817,ML_PATTERN_DETECTED,92,2023-09-17 06:06:48.754230
ALT0005487,TXN00492339,ACCT100042745,ML_PATTERN_DETECTED,69,2023-12-03 14:39:27.679084
ALT0005488,TXN00486469,ACCT100094637,ML_PATTERN_DETECTED,70,2024-09-30 17:02:46.500141
ALT0005489,TXN00486583,ACCT100069197,ML_PATTERN_DETECTED,55,2023-11-25 09:40:30.218877
ALT0005490,TXN00499727,ACCT100038408,ML_PATTERN_DETECTED,79,2024-01-11 18:18:44.532729
ALT0005491,TXN00482434,ACCT100074384,ML_PATTERN_DETECTED,75,2023-09-07 15:32:06.247290
ALT0005492,TXN00489910,ACCT100064018,ML_PATTERN_DETECTED,80,2023-12-30 08:26:53.957056
ALT0005493,TXN00482646,ACCT100001285,ML_PATTERN_DETECTED,62,2024-11-18 03:11:38.539022
ALT0005494,TXN00494400,ACCT100021955,ML_PATTERN_DETECTED,96,2024-06-06 21:57:40.264692
ALT0005495,TXN00479411,ACCT100049982,ML_PATTERN_DETECTED,75,2024-05-04 19:37:20.995820
ALT0005496,TXN00494725,ACCT100053967,ML_PATTERN_DETECTED,92,2023-03-07 13:00:38.760972
ALT0005497,TXN00489047,ACCT100068263,ML_PATTERN_DETECTED,87,2023-12-07 05:00:49.600057
ALT0005498,TXN00476436,ACCT100022653,ML_PATTERN_DETECTED,71,2024-05-25 09:41:51.729944
ALT0005499,TXN00499792,ACCT100088361,ML_PATTERN_DETECTED,72,2023-03-11 04:14:33.525655
ALT0005500,TXN00481663,ACCT100067030,ML_PATTERN_DETECTED,67,2023-06-24 02:39:25.980494
ALT0005501,TXN00485612,ACCT100085037,ML_PATTERN_DETECTED,84,2023-08-06 15:04:36.690854
ALT0005502,TXN00497561,ACCT100051043,ML_PATTERN_DETECTED,90,2023-11-16 09:12:24.286411
ALT0005503,TXN00498526,ACCT100024139,ML_PATTERN_DETECTED,67,2024-05-31 03:55:16.246721
ALT0005504,TXN00487631,ACCT100045396,ML_PATTERN_DETECTED,65,2024-12-14 11:38:26.217287
ALT0005505,TXN00494320,ACCT100041448,ML_PATTERN_DETECTED,55,2024-07-16 20:59:21.056288
ALT0005506,TXN00493408,ACCT100080445,ML_PATTERN_DETECTED,60,2024-03-11 00:46:10.816187
ALT0005507,TXN00485452,ACCT100018335,ML_PATTERN_DETECTED,89,2023-05-26 16:20:47.074657
ALT0005508,TXN00477979,ACCT100047610,ML_PATTERN_DETECTED,95,2023-09-22 22:27:15.668249
ALT0005509,TXN00499135,ACCT100040687,ML_PATTERN_DETECTED,69,2024-11-15 15:15:10.083433
ALT0005510,TXN00475524,ACCT100002548,ML_PATTERN_DETECTED,73,2023-04-17 17:26:42.949940
ALT0005511,TXN00483775,ACCT100060015,ML_PATTERN_DETECTED,68,2023-07-09 22:24:14.950336
ALT0005512,TXN00476001,ACCT100023230,ML_PATTERN_DETECTED,81,2023-03-30 02:05:31.233651
ALT0005513,TXN00485227,ACCT100089889,ML_PATTERN_DETECTED,65,2024-06-08 19:04:13.364413
ALT0005514,TXN00475605,ACCT100004418,ML_PATTERN_DETECTED,75,2024-05-10 12:22:13.371271
ALT0005515,TXN00497924,ACCT100081184,ML_PATTERN_DETECTED,72,2024-07-23 03:39:41.452328
ALT0005516,TXN00480422,ACCT100071385,ML_PATTERN_DETECTED,62,2024-01-15 14:23:49.562343
ALT0005517,TXN00482656,ACCT100044323,ML_PATTERN_DETECTED,97,2024-06-04 09:39:08.698000
ALT0005518,TXN00484483,ACCT100087330,ML_PATTERN_DETECTED,61,2024-03-05 14:13:04.985958
ALT0005519,TXN00495946,ACCT100072456,ML_PATTERN_DETECTED,97,2023-07-25 08:34:36.942155
ALT0005520,TXN00486846,ACCT100093135,ML_PATTERN_DETECTED,95,2024-03-09 06:11:40.716895
ALT0005521,TXN00499839,ACCT100077273,ML_PATTERN_DETECTED,92,2024-01-20 18:22:14.528116
ALT0005522,TXN00492728,ACCT100054950,ML_PATTERN_DETECTED,93,2024-02-11 11:16:40.748873
ALT0005523,TXN00484718,ACCT100046577,ML_PATTERN_DETECTED,88,2023-06-12 04:46:24.619028
ALT0005524,TXN00477125,ACCT100060212,ML_PATTERN_DETECTED,91,2024-02-01 21:04:08.876384
ALT0005525,TXN00487329,ACCT100059423,ML_PATTERN_DETECTED,67,2024-03-23 00:01:55.477995
ALT0005526,TXN00476783,ACCT100018373,ML_PATTERN_DETECTED,77,2023-11-03 06:26:00.098493
ALT0005527,TXN00495967,ACCT100067569,ML_PATTERN_DETECTED,74,2024-03-12 06:55:27.508359
ALT0005528,TXN00485075,ACCT100056507,ML_PATTERN_DETECTED,78,2023-03-19 08:06:18.685925
ALT0005529,TXN00495463,ACCT100090618,ML_PATTERN_DETECTED,78,2023-12-23 21:28:31.471625
ALT0005530,TXN00495838,ACCT100067496,ML_PATTERN_DETECTED,73,2024-04-29 08:08:15.031453
ALT0005531,TXN00481931,ACCT100079571,ML_PATTERN_DETECTED,77,2023-08-18 22:49:00.751600
ALT0005532,TXN00489511,ACCT100095931,ML_PATTERN_DETECTED,70,2024-09-05 12:05:35.421127
ALT0005533,TXN00480783,ACCT100025459,ML_PATTERN_DETECTED,67,2023-06-10 12:00:26.298681
ALT0005534,TXN00482556,ACCT100041808,ML_PATTERN_DETECTED,82,2024-07-02 19:05:04.061825
ALT0005535,TXN00492043,ACCT100043086,ML_PATTERN_DETECTED,84,2024-03-30 15:49:43.074136
ALT0005536,TXN00492687,ACCT100041611,ML_PATTERN_DETECTED,62,2023-12-21 21:59:15.022140
ALT0005537,TXN00488554,ACCT100061802,ML_PATTERN_DETECTED,53,2023-10-22 16:40:38.765658
ALT0005538,TXN00484840,ACCT100021844,ML_PATTERN_DETECTED,79,2024-04-24 02:16:14.548699
ALT0005539,TXN00489013,ACCT100084631,ML_PATTERN_DETECTED,72,2023-05-19 19:42:50.154079
ALT0005540,TXN00475765,ACCT100042119,ML_PATTERN_DETECTED,84,2023-10-27 21:56:23.891973
ALT0005541,TXN00493160,ACCT100017409,ML_PATTERN_DETECTED,71,2024-01-28 15:23:02.588430
ALT0005542,TXN00489815,ACCT100058389,ML_PATTERN_DETECTED,62,2023-03-17 13:16:38.793875
ALT0005543,TXN00496011,ACCT100066924,ML_PATTERN_DETECTED,65,2023-01-07 01:24:43.868061
ALT0005544,TXN00481352,ACCT100012421,ML_PATTERN_DETECTED,51,2023-06-11 12:02:21.905087
ALT0005545,TXN00484227,ACCT100035685,ML_PATTERN_DETECTED,89,2023-11-07 08:00:22.928092
ALT0005546,TXN00499415,ACCT100021314,ML_PATTERN_DETECTED,64,2023-02-27 08:44:43.989173
ALT0005547,TXN00479793,ACCT100010839,ML_PATTERN_DETECTED,89,2023-10-22 19:12:23.541208
ALT0005548,TXN00479321,ACCT100081723,ML_PATTERN_DETECTED,72,2024-07-19 07:24:43.160874
ALT0005549,TXN00477642,ACCT100097214,ML_PATTERN_DETECTED,77,2023-06-18 05:29:28.624337
ALT0005550,TXN00496314,ACCT100031125,ML_PATTERN_DETECTED,71,2023-03-23 18:17:51.128990
ALT0005551,TXN00486871,ACCT100016550,ML_PATTERN_DETECTED,73,2024-06-02 16:20:41.128021
ALT0005552,TXN00478524,ACCT100062339,ML_PATTERN_DETECTED,89,2023-12-12 04:28:07.123784
ALT0005553,TXN00481790,ACCT100046811,ML_PATTERN_DETECTED,87,2023-10-22 21:08:02.251669
ALT0005554,TXN00479922,ACCT100078190,ML_PATTERN_DETECTED,64,2024-06-25 13:11:44.324293
ALT0005555,TXN00484562,ACCT100067408,ML_PATTERN_DETECTED,52,2024-07-30 01:24:45.463125
ALT0005556,TXN00479464,ACCT100088450,ML_PATTERN_DETECTED,93,2024-01-02 01:44:59.205536
ALT0005557,TXN00481978,ACCT100058812,ML_PATTERN_DETECTED,81,2023-12-28 14:21:09.527516
ALT0005558,TXN00477744,ACCT100044611,ML_PATTERN_DETECTED,70,2024-01-01 21:43:36.388469
ALT0005559,TXN00490635,ACCT100010779,ML_PATTERN_DETECTED,69,2023-05-08 11:02:02.973617
ALT0005560,TXN00478982,ACCT100006670,ML_PATTERN_DETECTED,62,2023-06-13 15:30:07.624004
ALT0005561,TXN00493743,ACCT100003620,ML_PATTERN_DETECTED,58,2024-11-30 06:27:15.374657
ALT0005562,TXN00475020,ACCT100057129,ML_PATTERN_DETECTED,55,2023-10-24 03:27:30.696731
ALT0005563,TXN00476350,ACCT100058388,ML_PATTERN_DETECTED,81,2024-04-23 23:44:47.303960
ALT0005564,TXN00489294,ACCT100053926,ML_PATTERN_DETECTED,88,2024-07-23 15:43:37.601640
ALT0005565,TXN00480750,ACCT100007123,ML_PATTERN_DETECTED,68,2024-10-20 10:34:50.005833
ALT0005566,TXN00484304,ACCT100079999,ML_PATTERN_DETECTED,63,2023-10-21 19:25:37.218848
ALT0005567,TXN00488925,ACCT100082618,ML_PATTERN_DETECTED,60,2024-09-28 20:01:10.626982
ALT0005568,TXN00482399,ACCT100017178,ML_PATTERN_DETECTED,83,2023-06-03 15:15:28.568676
ALT0005569,TXN00482503,ACCT100009117,ML_PATTERN_DETECTED,54,2024-05-31 16:49:21.923330
ALT0005570,TXN00493483,ACCT100041854,ML_PATTERN_DETECTED,51,2023-12-16 16:59:41.107080
ALT0005571,TXN00487878,ACCT100067437,ML_PATTERN_DETECTED,59,2024-10-20 15:15:55.670037
ALT0005572,TXN00484886,ACCT100026256,ML_PATTERN_DETECTED,75,2023-03-16 08:57:29.709039
ALT0005573,TXN00476273,ACCT100009899,ML_PATTERN_DETECTED,70,2023-04-27 14:03:55.906193
ALT0005574,TXN00493184,ACCT100053774,ML_PATTERN_DETECTED,55,2024-12-18 12:23:35.135745
ALT0005575,TXN00493001,ACCT100059521,ML_PATTERN_DETECTED,74,2024-06-29 20:33:17.203906
ALT0005576,TXN00494933,ACCT100083101,ML_PATTERN_DETECTED,98,2023-09-15 11:12:05.171376
ALT0005577,TXN00490004,ACCT100095389,ML_PATTERN_DETECTED,53,2024-04-27 03:42:49.715765
ALT0005578,TXN00495523,ACCT100028445,ML_PATTERN_DETECTED,75,2023-09-10 09:27:37.209229
ALT0005579,TXN00493704,ACCT100025285,ML_PATTERN_DETECTED,54,2023-01-10 17:53:58.762382
ALT0005580,TXN00492167,ACCT100078697,ML_PATTERN_DETECTED,84,2023-01-02 14:25:26.913553
ALT0005581,TXN00482294,ACCT100053279,ML_PATTERN_DETECTED,79,2024-02-21 00:49:45.430698
ALT0005582,TXN00489581,ACCT100023466,ML_PATTERN_DETECTED,92,2024-07-23 14:26:43.280396
ALT0005583,TXN00485675,ACCT100000498,ML_PATTERN_DETECTED,85,2023-07-19 19:24:55.299927
ALT0005584,TXN00492065,ACCT100059756,ML_PATTERN_DETECTED,70,2023-02-24 00:15:45.241715
ALT0005585,TXN00477894,ACCT100066845,ML_PATTERN_DETECTED,85,2024-08-07 11:31:55.921565
ALT0005586,TXN00483986,ACCT100067884,ML_PATTERN_DETECTED,89,2024-03-17 20:04:51.270999
ALT0005587,TXN00485198,ACCT100058988,ML_PATTERN_DETECTED,90,2024-10-26 11:46:11.223827
ALT0005588,TXN00494660,ACCT100010438,ML_PATTERN_DETECTED,76,2023-04-15 21:12:35.039846
ALT0005589,TXN00495472,ACCT100040158,ML_PATTERN_DETECTED,83,2024-10-18 12:51:54.805609
ALT0005590,TXN00490384,ACCT100047604,ML_PATTERN_DETECTED,69,2024-03-04 02:26:40.505379
ALT0005591,TXN00478774,ACCT100058335,ML_PATTERN_DETECTED,62,2023-03-07 14:23:50.796321
ALT0005592,TXN00496462,ACCT100027848,ML_PATTERN_DETECTED,54,2023-10-27 20:30:40.417016
ALT0005593,TXN00475136,ACCT100075073,ML_PATTERN_DETECTED,68,2024-05-21 22:48:15.388062
ALT0005594,TXN00496626,ACCT100051880,ML_PATTERN_DETECTED,86,2023-05-19 04:14:26.808104
ALT0005595,TXN00486346,ACCT100069035,ML_PATTERN_DETECTED,77,2023-04-25 08:19:38.620137
ALT0005596,TXN00479473,ACCT100025584,ML_PATTERN_DETECTED,65,2024-06-09 00:08:56.286513
ALT0005597,TXN00492702,ACCT100044749,ML_PATTERN_DETECTED,75,2024-08-07 15:33:15.860184
ALT0005598,TXN00491197,ACCT100016681,ML_PATTERN_DETECTED,78,2024-04-23 04:00:19.684035
ALT0005599,TXN00494286,ACCT100014671,ML_PATTERN_DETECTED,61,2023-06-25 20:48:20.181134
ALT0005600,TXN00484321,ACCT100012723,ML_PATTERN_DETECTED,56,2024-02-24 07:43:10.601744
ALT0005601,TXN00493732,ACCT100020882,ML_PATTERN_DETECTED,60,2023-08-30 17:39:20.577489
ALT0005602,TXN00485793,ACCT100020258,ML_PATTERN_DETECTED,60,2023-05-02 07:28:46.441060
ALT0005603,TXN00484828,ACCT100048622,ML_PATTERN_DETECTED,82,2024-06-18 23:01:54.502064
ALT0005604,TXN00478445,ACCT100065106,ML_PATTERN_DETECTED,63,2023-10-23 00:27:38.669809
ALT0005605,TXN00497184,ACCT100044550,ML_PATTERN_DETECTED,91,2024-02-09 12:45:15.772101
ALT0005606,TXN00477673,ACCT100091973,ML_PATTERN_DETECTED,67,2024-03-22 10:20:50.489033
ALT0005607,TXN00484446,ACCT100023588,ML_PATTERN_DETECTED,88,2023-06-24 10:56:32.279898
ALT0005608,TXN00490195,ACCT100039671,ML_PATTERN_DETECTED,82,2024-06-15 21:59:40.877020
ALT0005609,TXN00492080,ACCT100030171,ML_PATTERN_DETECTED,80,2024-11-28 14:06:15.578980
ALT0005610,TXN00487847,ACCT100053010,ML_PATTERN_DETECTED,92,2024-01-09 03:53:12.863545
ALT0005611,TXN00482776,ACCT100068996,ML_PATTERN_DETECTED,68,2024-10-17 10:43:46.431206
ALT0005612,TXN00494038,ACCT100093351,ML_PATTERN_DETECTED,87,2024-05-11 22:17:27.823857
ALT0005613,TXN00497986,ACCT100032489,ML_PATTERN_DETECTED,95,2023-12-02 03:25:34.371053
ALT0005614,TXN00497140,ACCT100005760,ML_PATTERN_DETECTED,69,2023-10-25 21:05:43.426048
ALT0005615,TXN00490759,ACCT100035409,ML_PATTERN_DETECTED,72,2024-04-02 20:03:05.530237
ALT0005616,TXN00493739,ACCT100011052,ML_PATTERN_DETECTED,94,2024-10-09 15:00:28.092397
ALT0005617,TXN00487572,ACCT100033991,ML_PATTERN_DETECTED,76,2023-08-25 21:38:44.009481
ALT0005618,TXN00486186,ACCT100067916,ML_PATTERN_DETECTED,68,2024-05-25 21:21:07.822232
ALT0005619,TXN00484452,ACCT100012283,ML_PATTERN_DETECTED,77,2024-07-29 10:02:53.251137
ALT0005620,TXN00477557,ACCT100089168,ML_PATTERN_DETECTED,70,2023-03-05 06:57:31.981245
ALT0005621,TXN00496093,ACCT100083110,ML_PATTERN_DETECTED,90,2024-04-20 22:35:31.570538
ALT0005622,TXN00477827,ACCT100010861,ML_PATTERN_DETECTED,67,2024-06-05 23:16:03.789109
ALT0005623,TXN00489176,ACCT100027683,ML_PATTERN_DETECTED,78,2023-03-14 02:14:19.810613
ALT0005624,TXN00498440,ACCT100066040,ML_PATTERN_DETECTED,55,2023-03-11 01:15:24.705054
ALT0005625,TXN00478364,ACCT100002567,ML_PATTERN_DETECTED,60,2024-12-28 18:51:07.097759
ALT0005626,TXN00484722,ACCT100099609,ML_PATTERN_DETECTED,73,2023-04-09 18:25:01.408413
ALT0005627,TXN00478211,ACCT100061314,ML_PATTERN_DETECTED,91,2023-04-16 16:48:20.783249
ALT0005628,TXN00477702,ACCT100097699,ML_PATTERN_DETECTED,53,2024-05-03 16:42:14.553998
ALT0005629,TXN00486501,ACCT100062800,ML_PATTERN_DETECTED,55,2023-10-24 05:57:19.183877
ALT0005630,TXN00478520,ACCT100023699,ML_PATTERN_DETECTED,51,2024-08-27 21:24:38.718071
ALT0005631,TXN00492464,ACCT100076733,ML_PATTERN_DETECTED,81,2023-07-28 23:23:29.556635
ALT0005632,TXN00482529,ACCT100039061,ML_PATTERN_DETECTED,67,2024-10-28 17:57:59.968043
ALT0005633,TXN00499289,ACCT100067239,ML_PATTERN_DETECTED,96,2024-05-16 11:23:22.829540
ALT0005634,TXN00493208,ACCT100005752,ML_PATTERN_DETECTED,66,2024-07-31 16:08:51.746867
ALT0005635,TXN00498802,ACCT100040253,ML_PATTERN_DETECTED,68,2023-07-25 06:07:44.725127
ALT0005636,TXN00479428,ACCT100028286,ML_PATTERN_DETECTED,91,2024-09-11 11:16:28.533248
ALT0005637,TXN00485242,ACCT100042508,ML_PATTERN_DETECTED,80,2024-12-24 00:48:15.494570
ALT0005638,TXN00479435,ACCT100065355,ML_PATTERN_DETECTED,70,2024-02-24 13:53:14.046185
ALT0005639,TXN00492960,ACCT100085744,ML_PATTERN_DETECTED,83,2024-12-11 22:03:41.015345
ALT0005640,TXN00492171,ACCT100032108,ML_PATTERN_DETECTED,93,2023-09-18 11:26:37.658952
ALT0005641,TXN00485824,ACCT100053405,ML_PATTERN_DETECTED,96,2023-03-09 00:48:19.031153
ALT0005642,TXN00482563,ACCT100017488,ML_PATTERN_DETECTED,73,2023-10-12 20:33:16.749989
ALT0005643,TXN00490215,ACCT100098363,ML_PATTERN_DETECTED,57,2024-02-28 02:47:22.865251
ALT0005644,TXN00478874,ACCT100070799,ML_PATTERN_DETECTED,95,2024-12-06 23:01:06.893662
ALT0005645,TXN00490272,ACCT100080430,ML_PATTERN_DETECTED,63,2024-11-20 21:13:45.416272
ALT0005646,TXN00482304,ACCT100003782,ML_PATTERN_DETECTED,57,2024-08-16 07:01:36.821783
ALT0005647,TXN00495852,ACCT100041181,ML_PATTERN_DETECTED,69,2023-07-27 06:28:30.030984
ALT0005648,TXN00490338,ACCT100098176,ML_PATTERN_DETECTED,82,2024-10-13 01:02:55.181311
ALT0005649,TXN00487212,ACCT100055911,ML_PATTERN_DETECTED,57,2023-03-25 12:36:15.413062
ALT0005650,TXN00491886,ACCT100080304,ML_PATTERN_DETECTED,95,2023-09-06 19:06:58.214673
ALT0005651,TXN00478530,ACCT100059799,ML_PATTERN_DETECTED,66,2024-02-06 14:29:33.050933
ALT0005652,TXN00478382,ACCT100065269,ML_PATTERN_DETECTED,62,2024-04-10 10:06:52.171091
ALT0005653,TXN00483696,ACCT100010602,ML_PATTERN_DETECTED,75,2024-08-11 14:54:46.070593
ALT0005654,TXN00479410,ACCT100021561,ML_PATTERN_DETECTED,82,2024-10-16 06:36:21.983821
ALT0005655,TXN00496344,ACCT100035752,ML_PATTERN_DETECTED,97,2023-12-07 12:57:07.167891
ALT0005656,TXN00475869,ACCT100048787,ML_PATTERN_DETECTED,96,2023-10-18 01:35:30.861013
ALT0005657,TXN00489018,ACCT100009731,ML_PATTERN_DETECTED,90,2024-01-03 05:46:05.834674
ALT0005658,TXN00479276,ACCT100038574,ML_PATTERN_DETECTED,66,2024-02-08 08:43:41.592979
ALT0005659,TXN00483177,ACCT100078633,ML_PATTERN_DETECTED,80,2023-10-07 00:50:35.880572
ALT0005660,TXN00499363,ACCT100021498,ML_PATTERN_DETECTED,66,2024-06-26 23:13:44.182837
ALT0005661,TXN00476418,ACCT100099707,ML_PATTERN_DETECTED,98,2024-04-15 10:52:44.843636
ALT0005662,TXN00476697,ACCT100074706,ML_PATTERN_DETECTED,58,2023-12-30 08:48:36.841583
ALT0005663,TXN00483846,ACCT100058695,ML_PATTERN_DETECTED,50,2023-03-26 15:07:04.828206
ALT0005664,TXN00489939,ACCT100067623,ML_PATTERN_DETECTED,70,2024-10-22 21:45:34.017350
ALT0005665,TXN00488062,ACCT100072272,ML_PATTERN_DETECTED,58,2023-05-10 14:09:02.834669
ALT0005666,TXN00483988,ACCT100093325,ML_PATTERN_DETECTED,56,2024-06-28 21:42:28.555911
ALT0005667,TXN00478110,ACCT100083047,ML_PATTERN_DETECTED,62,2023-08-16 23:19:00.701577
ALT0005668,TXN00494393,ACCT100059234,ML_PATTERN_DETECTED,75,2024-07-16 08:58:32.585528
ALT0005669,TXN00476679,ACCT100096367,ML_PATTERN_DETECTED,73,2024-04-14 12:36:39.516029
ALT0005670,TXN00496571,ACCT100020554,ML_PATTERN_DETECTED,65,2024-12-27 03:12:57.393124
ALT0005671,TXN00481372,ACCT100029161,ML_PATTERN_DETECTED,77,2024-05-23 00:12:37.212094
ALT0005672,TXN00492911,ACCT100076036,ML_PATTERN_DETECTED,77,2024-10-16 20:24:09.076646
ALT0005673,TXN00479991,ACCT100061660,ML_PATTERN_DETECTED,55,2024-05-29 03:43:44.271879
ALT0005674,TXN00494397,ACCT100070958,ML_PATTERN_DETECTED,75,2024-03-02 05:01:32.466747
ALT0005675,TXN00488369,ACCT100073648,ML_PATTERN_DETECTED,68,2023-07-12 05:19:11.372061
ALT0005676,TXN00488762,ACCT100090886,ML_PATTERN_DETECTED,84,2023-03-15 21:18:03.717600
ALT0005677,TXN00493067,ACCT100021197,ML_PATTERN_DETECTED,78,2023-10-29 06:32:00.201976
ALT0005678,TXN00490708,ACCT100008527,ML_PATTERN_DETECTED,68,2023-02-28 21:29:49.900211
ALT0005679,TXN00488928,ACCT100070006,ML_PATTERN_DETECTED,55,2024-11-20 00:46:02.149601
ALT0005680,TXN00491352,ACCT100093114,ML_PATTERN_DETECTED,56,2024-05-30 06:03:46.907637
ALT0005681,TXN00497772,ACCT100037784,ML_PATTERN_DETECTED,80,2024-08-06 15:43:38.602366
ALT0005682,TXN00483303,ACCT100033463,ML_PATTERN_DETECTED,59,2024-02-27 16:48:16.396817
ALT0005683,TXN00480680,ACCT100031586,ML_PATTERN_DETECTED,51,2024-01-14 02:56:11.365033
ALT0005684,TXN00498385,ACCT100089328,ML_PATTERN_DETECTED,87,2024-08-10 07:22:01.370658
ALT0005685,TXN00491828,ACCT100051535,ML_PATTERN_DETECTED,67,2024-12-10 05:12:01.412090
ALT0005686,TXN00479170,ACCT100080353,ML_PATTERN_DETECTED,75,2024-11-17 13:48:44.686066
ALT0005687,TXN00491968,ACCT100008396,ML_PATTERN_DETECTED,93,2024-04-19 23:26:50.205095
ALT0005688,TXN00490028,ACCT100004579,ML_PATTERN_DETECTED,86,2023-08-24 14:48:04.817441
ALT0005689,TXN00498243,ACCT100071927,ML_PATTERN_DETECTED,60,2024-01-13 04:08:46.414365
ALT0005690,TXN00494665,ACCT100093944,ML_PATTERN_DETECTED,63,2024-01-24 19:34:27.613038
ALT0005691,TXN00494243,ACCT100006360,ML_PATTERN_DETECTED,75,2024-01-20 22:51:33.684198
ALT0005692,TXN00485277,ACCT100074874,ML_PATTERN_DETECTED,90,2023-08-01 17:47:51.781910
ALT0005693,TXN00476206,ACCT100080694,ML_PATTERN_DETECTED,87,2024-06-27 03:04:10.893837
ALT0005694,TXN00489940,ACCT100088383,ML_PATTERN_DETECTED,90,2023-05-08 14:18:36.109026
ALT0005695,TXN00481819,ACCT100042911,ML_PATTERN_DETECTED,71,2023-01-17 16:31:40.031266
ALT0005696,TXN00495516,ACCT100061346,ML_PATTERN_DETECTED,68,2023-11-24 13:12:25.439496
ALT0005697,TXN00487905,ACCT100084382,ML_PATTERN_DETECTED,84,2024-11-26 23:55:06.025803
ALT0005698,TXN00498633,ACCT100001170,ML_PATTERN_DETECTED,60,2023-11-26 18:45:31.145086
ALT0005699,TXN00491793,ACCT100078863,ML_PATTERN_DETECTED,84,2024-06-01 15:52:43.035108
ALT0005700,TXN00475221,ACCT100059115,ML_PATTERN_DETECTED,92,2023-06-29 01:35:28.081746
ALT0005701,TXN00480888,ACCT100091859,ML_PATTERN_DETECTED,80,2024-10-14 21:59:56.873983
ALT0005702,TXN00485749,ACCT100058518,ML_PATTERN_DETECTED,70,2023-09-10 17:42:14.390178
ALT0005703,TXN00499564,ACCT100068257,ML_PATTERN_DETECTED,78,2024-01-13 18:26:28.046448
ALT0005704,TXN00483265,ACCT100034441,ML_PATTERN_DETECTED,55,2024-06-11 12:22:34.745084
ALT0005705,TXN00480149,ACCT100096276,ML_PATTERN_DETECTED,91,2024-10-29 06:59:37.691140
ALT0005706,TXN00492595,ACCT100039333,ML_PATTERN_DETECTED,58,2024-12-05 06:40:50.205405
ALT0005707,TXN00491356,ACCT100075970,ML_PATTERN_DETECTED,68,2023-09-10 15:34:06.292953
ALT0005708,TXN00478119,ACCT100066604,ML_PATTERN_DETECTED,98,2023-05-28 17:48:24.357150
ALT0005709,TXN00488803,ACCT100056113,ML_PATTERN_DETECTED,82,2024-03-26 14:33:24.529977
ALT0005710,TXN00496522,ACCT100001222,ML_PATTERN_DETECTED,77,2024-09-30 22:47:47.995183
ALT0005711,TXN00493344,ACCT100031547,ML_PATTERN_DETECTED,87,2024-04-25 06:39:56.665288
ALT0005712,TXN00487020,ACCT100025966,ML_PATTERN_DETECTED,87,2024-09-20 18:06:30.017867
ALT0005713,TXN00485916,ACCT100073715,ML_PATTERN_DETECTED,91,2023-03-18 13:13:50.590528
ALT0005714,TXN00487159,ACCT100030696,ML_PATTERN_DETECTED,88,2024-11-10 04:20:35.617467
ALT0005715,TXN00496930,ACCT100074418,ML_PATTERN_DETECTED,96,2024-04-05 10:32:30.522072
ALT0005716,TXN00480092,ACCT100001431,ML_PATTERN_DETECTED,85,2024-12-01 01:07:13.201230
ALT0005717,TXN00486381,ACCT100040484,ML_PATTERN_DETECTED,92,2024-10-24 21:55:26.130328
ALT0005718,TXN00488804,ACCT100064674,ML_PATTERN_DETECTED,76,2024-01-24 23:56:44.671813
ALT0005719,TXN00475785,ACCT100001827,ML_PATTERN_DETECTED,85,2023-12-28 00:58:48.658104
ALT0005720,TXN00477666,ACCT100086358,ML_PATTERN_DETECTED,94,2024-07-20 11:12:19.690371
ALT0005721,TXN00483162,ACCT100096907,ML_PATTERN_DETECTED,68,2023-03-06 20:13:11.157302
ALT0005722,TXN00482506,ACCT100000467,ML_PATTERN_DETECTED,90,2023-04-06 14:22:40.293124
ALT0005723,TXN00478835,ACCT100010468,ML_PATTERN_DETECTED,91,2024-05-15 20:21:26.943370
ALT0005724,TXN00492329,ACCT100066326,ML_PATTERN_DETECTED,71,2024-05-25 23:55:46.924574
ALT0005725,TXN00483416,ACCT100088926,ML_PATTERN_DETECTED,97,2023-06-02 20:17:12.685635
ALT0005726,TXN00492037,ACCT100030021,ML_PATTERN_DETECTED,60,2024-03-15 22:01:33.946137
ALT0005727,TXN00487316,ACCT100037754,ML_PATTERN_DETECTED,75,2023-06-02 02:37:11.881642
ALT0005728,TXN00495563,ACCT100085854,ML_PATTERN_DETECTED,75,2023-05-21 16:51:17.533722
ALT0005729,TXN00479795,ACCT100032842,ML_PATTERN_DETECTED,84,2024-10-08 01:16:16.872050
ALT0005730,TXN00482680,ACCT100031833,ML_PATTERN_DETECTED,85,2023-01-03 14:08:24.129183
ALT0005731,TXN00492363,ACCT100094723,ML_PATTERN_DETECTED,84,2024-06-05 13:07:34.251069
ALT0005732,TXN00489675,ACCT100020195,ML_PATTERN_DETECTED,59,2023-04-09 17:42:36.030412
ALT0005733,TXN00487016,ACCT100093681,ML_PATTERN_DETECTED,52,2023-03-13 01:03:37.892321
ALT0005734,TXN00482740,ACCT100057988,ML_PATTERN_DETECTED,75,2024-12-10 19:37:52.343922
ALT0005735,TXN00478953,ACCT100076830,ML_PATTERN_DETECTED,85,2024-03-29 16:49:31.232310
ALT0005736,TXN00497142,ACCT100031277,ML_PATTERN_DETECTED,97,2024-01-25 11:57:49.332808
ALT0005737,TXN00497486,ACCT100032783,ML_PATTERN_DETECTED,62,2023-09-21 11:48:53.703259
ALT0005738,TXN00490891,ACCT100058947,ML_PATTERN_DETECTED,69,2024-03-18 16:16:02.653771
ALT0005739,TXN00495435,ACCT100099213,ML_PATTERN_DETECTED,57,2023-07-24 03:01:47.599205
ALT0005740,TXN00485800,ACCT100000933,ML_PATTERN_DETECTED,60,2024-05-27 14:11:21.126393
ALT0005741,TXN00477185,ACCT100085094,ML_PATTERN_DETECTED,92,2024-11-14 10:55:45.378800
ALT0005742,TXN00483727,ACCT100068290,ML_PATTERN_DETECTED,93,2023-02-09 14:25:26.074201
ALT0005743,TXN00486984,ACCT100052422,ML_PATTERN_DETECTED,50,2024-04-25 12:06:08.297762
ALT0005744,TXN00497390,ACCT100070731,ML_PATTERN_DETECTED,58,2024-08-02 05:52:58.412286
ALT0005745,TXN00496789,ACCT100012407,ML_PATTERN_DETECTED,53,2024-09-08 20:33:07.765169
ALT0005746,TXN00484631,ACCT100057449,ML_PATTERN_DETECTED,91,2024-10-31 05:08:58.727818
ALT0005747,TXN00487230,ACCT100069724,ML_PATTERN_DETECTED,60,2023-09-17 05:09:51.055533
ALT0005748,TXN00475179,ACCT100049080,ML_PATTERN_DETECTED,61,2024-06-13 20:39:04.964154
ALT0005749,TXN00480669,ACCT100005319,ML_PATTERN_DETECTED,71,2024-03-19 07:46:22.377526
ALT0005750,TXN00483999,ACCT100091462,ML_PATTERN_DETECTED,77,2023-11-12 00:41:29.036656
ALT0005751,TXN00498271,ACCT100056399,ML_PATTERN_DETECTED,72,2024-05-01 01:49:56.335010
ALT0005752,TXN00491664,ACCT100045336,ML_PATTERN_DETECTED,73,2023-10-25 21:07:40.404157
ALT0005753,TXN00496617,ACCT100073700,ML_PATTERN_DETECTED,60,2024-06-09 15:45:23.570803
ALT0005754,TXN00483691,ACCT100045525,ML_PATTERN_DETECTED,87,2024-05-08 05:41:26.141351
ALT0005755,TXN00493633,ACCT100089371,ML_PATTERN_DETECTED,94,2024-05-05 03:59:01.515598
ALT0005756,TXN00483357,ACCT100078623,ML_PATTERN_DETECTED,71,2024-06-22 17:37:41.456656
ALT0005757,TXN00494318,ACCT100079946,ML_PATTERN_DETECTED,52,2024-11-27 05:56:44.885119
ALT0005758,TXN00497704,ACCT100026582,ML_PATTERN_DETECTED,76,2024-04-17 23:05:12.366390
ALT0005759,TXN00499570,ACCT100065500,ML_PATTERN_DETECTED,51,2024-12-26 02:46:44.069560
ALT0005760,TXN00487441,ACCT100098137,ML_PATTERN_DETECTED,60,2023-08-31 11:41:13.712273
ALT0005761,TXN00478926,ACCT100087588,ML_PATTERN_DETECTED,65,2024-10-21 11:05:32.345939
ALT0005762,TXN00494518,ACCT100084503,ML_PATTERN_DETECTED,54,2024-09-06 21:33:16.987211
ALT0005763,TXN00488665,ACCT100053074,ML_PATTERN_DETECTED,87,2023-07-10 15:40:07.318113
ALT0005764,TXN00478373,ACCT100044882,ML_PATTERN_DETECTED,68,2023-10-25 09:15:39.191704
ALT0005765,TXN00485276,ACCT100072380,ML_PATTERN_DETECTED,86,2023-04-07 08:12:55.584523
ALT0005766,TXN00491819,ACCT100087371,ML_PATTERN_DETECTED,69,2023-12-31 16:40:29.921407
ALT0005767,TXN00491411,ACCT100095536,ML_PATTERN_DETECTED,72,2023-07-05 05:41:00.935911
ALT0005768,TXN00481824,ACCT100015911,ML_PATTERN_DETECTED,59,2023-05-13 16:56:00.682271
ALT0005769,TXN00495952,ACCT100021257,ML_PATTERN_DETECTED,63,2024-05-23 14:53:53.028151
ALT0005770,TXN00489784,ACCT100083982,ML_PATTERN_DETECTED,71,2023-12-13 16:21:46.671450
ALT0005771,TXN00495017,ACCT100052290,ML_PATTERN_DETECTED,63,2024-10-15 17:12:30.530195
ALT0005772,TXN00491931,ACCT100056384,ML_PATTERN_DETECTED,52,2024-05-02 06:27:07.589376
ALT0005773,TXN00481509,ACCT100047728,ML_PATTERN_DETECTED,78,2024-03-01 16:11:18.924882
ALT0005774,TXN00477260,ACCT100085578,ML_PATTERN_DETECTED,94,2024-04-06 15:26:35.420911
ALT0005775,TXN00484136,ACCT100017850,ML_PATTERN_DETECTED,82,2024-10-17 04:21:54.687364
ALT0005776,TXN00490005,ACCT100016574,ML_PATTERN_DETECTED,54,2023-01-29 14:47:55.527599
ALT0005777,TXN00494850,ACCT100069035,ML_PATTERN_DETECTED,73,2024-06-08 13:53:06.532724
ALT0005778,TXN00493648,ACCT100010856,ML_PATTERN_DETECTED,82,2023-03-30 20:53:16.617291
ALT0005779,TXN00492973,ACCT100097062,ML_PATTERN_DETECTED,66,2023-03-25 15:38:15.920717
ALT0005780,TXN00484574,ACCT100066316,ML_PATTERN_DETECTED,95,2024-10-10 15:51:17.117469
ALT0005781,TXN00483834,ACCT100084777,ML_PATTERN_DETECTED,83,2024-03-05 06:02:39.519646
ALT0005782,TXN00485926,ACCT100089462,ML_PATTERN_DETECTED,69,2024-04-02 17:24:09.983594
ALT0005783,TXN00493933,ACCT100011121,ML_PATTERN_DETECTED,60,2024-02-13 09:45:53.586257
ALT0005784,TXN00481238,ACCT100046929,ML_PATTERN_DETECTED,74,2023-08-30 11:17:42.307569
ALT0005785,TXN00486343,ACCT100052538,ML_PATTERN_DETECTED,63,2023-11-20 21:08:49.143466
ALT0005786,TXN00479790,ACCT100004416,ML_PATTERN_DETECTED,73,2024-07-26 12:46:48.349756
ALT0005787,TXN00498448,ACCT100047247,ML_PATTERN_DETECTED,95,2023-08-27 20:14:05.729594
ALT0005788,TXN00498940,ACCT100092898,ML_PATTERN_DETECTED,72,2023-03-13 22:23:23.818148
ALT0005789,TXN00495508,ACCT100037551,ML_PATTERN_DETECTED,74,2024-01-17 14:23:05.479695
ALT0005790,TXN00487798,ACCT100022608,ML_PATTERN_DETECTED,88,2024-04-18 13:56:44.637827
ALT0005791,TXN00480877,ACCT100009157,ML_PATTERN_DETECTED,73,2023-03-17 17:57:01.579642
ALT0005792,TXN00489614,ACCT100044351,ML_PATTERN_DETECTED,94,2024-07-04 13:56:34.194993
ALT0005793,TXN00481449,ACCT100043256,ML_PATTERN_DETECTED,59,2024-05-21 07:03:58.415617
ALT0005794,TXN00478777,ACCT100019680,ML_PATTERN_DETECTED,58,2023-12-04 20:03:41.535107
ALT0005795,TXN00483146,ACCT100093162,ML_PATTERN_DETECTED,51,2024-04-08 01:35:26.365589
ALT0005796,TXN00481382,ACCT100093663,ML_PATTERN_DETECTED,83,2023-01-18 01:16:48.798945
ALT0005797,TXN00479147,ACCT100018182,ML_PATTERN_DETECTED,62,2023-10-25 12:14:35.255206
ALT0005798,TXN00494345,ACCT100081137,ML_PATTERN_DETECTED,85,2023-05-03 13:41:57.027253
ALT0005799,TXN00476670,ACCT100048423,ML_PATTERN_DETECTED,59,2024-02-12 05:37:13.111424
ALT0005800,TXN00484909,ACCT100043942,ML_PATTERN_DETECTED,50,2023-06-27 11:04:27.608445
ALT0005801,TXN00478479,ACCT100039236,ML_PATTERN_DETECTED,67,2024-06-18 07:19:11.955096
ALT0005802,TXN00497539,ACCT100004815,ML_PATTERN_DETECTED,79,2023-06-23 15:50:57.937085
ALT0005803,TXN00494416,ACCT100085965,ML_PATTERN_DETECTED,62,2024-09-10 23:08:59.123945
ALT0005804,TXN00492387,ACCT100033014,ML_PATTERN_DETECTED,63,2023-03-02 11:52:31.525774
ALT0005805,TXN00483418,ACCT100078536,ML_PATTERN_DETECTED,98,2023-10-30 23:34:39.521971
ALT0005806,TXN00483498,ACCT100091129,ML_PATTERN_DETECTED,78,2023-03-06 11:16:16.875980
ALT0005807,TXN00489563,ACCT100072894,ML_PATTERN_DETECTED,52,2024-06-13 16:21:38.605124
ALT0005808,TXN00493042,ACCT100030594,ML_PATTERN_DETECTED,71,2023-09-12 00:45:06.365851
ALT0005809,TXN00494604,ACCT100058999,ML_PATTERN_DETECTED,56,2024-04-25 13:31:21.638776
ALT0005810,TXN00476680,ACCT100090384,ML_PATTERN_DETECTED,64,2023-08-19 12:32:47.049483
ALT0005811,TXN00497056,ACCT100048299,ML_PATTERN_DETECTED,51,2024-10-07 21:14:16.313496
ALT0005812,TXN00480613,ACCT100020361,ML_PATTERN_DETECTED,55,2023-04-11 01:05:11.971661
ALT0005813,TXN00489512,ACCT100004715,ML_PATTERN_DETECTED,92,2023-11-14 00:30:43.005790
ALT0005814,TXN00477796,ACCT100034642,ML_PATTERN_DETECTED,97,2023-11-09 08:47:48.702858
ALT0005815,TXN00491431,ACCT100080932,ML_PATTERN_DETECTED,61,2023-06-28 11:12:27.092741
ALT0005816,TXN00479550,ACCT100092586,ML_PATTERN_DETECTED,55,2023-12-30 23:24:11.801641
ALT0005817,TXN00478842,ACCT100044211,ML_PATTERN_DETECTED,95,2024-02-26 14:58:09.945602
ALT0005818,TXN00492005,ACCT100031988,ML_PATTERN_DETECTED,68,2024-02-23 06:38:20.687598
ALT0005819,TXN00491008,ACCT100069692,ML_PATTERN_DETECTED,75,2023-11-28 23:32:47.723536
ALT0005820,TXN00484638,ACCT100048484,ML_PATTERN_DETECTED,79,2023-12-06 08:52:08.425558
ALT0005821,TXN00496170,ACCT100054820,ML_PATTERN_DETECTED,50,2024-01-11 01:29:28.215725
ALT0005822,TXN00481109,ACCT100093028,ML_PATTERN_DETECTED,96,2023-04-12 04:16:08.109454
ALT0005823,TXN00476156,ACCT100070721,ML_PATTERN_DETECTED,63,2024-07-26 10:13:29.255457
ALT0005824,TXN00476406,ACCT100043020,ML_PATTERN_DETECTED,95,2023-02-11 10:18:26.260352
ALT0005825,TXN00494786,ACCT100060124,ML_PATTERN_DETECTED,60,2023-06-20 02:29:22.833691
ALT0005826,TXN00496833,ACCT100060273,ML_PATTERN_DETECTED,94,2023-01-25 23:03:25.506426
ALT0005827,TXN00492187,ACCT100021096,ML_PATTERN_DETECTED,79,2023-07-25 14:30:56.396756
ALT0005828,TXN00479101,ACCT100060120,ML_PATTERN_DETECTED,59,2023-10-10 23:39:00.998382
ALT0005829,TXN00495140,ACCT100079439,ML_PATTERN_DETECTED,97,2024-12-15 13:12:19.701553
ALT0005830,TXN00477891,ACCT100051900,ML_PATTERN_DETECTED,57,2023-02-25 00:10:07.738687
ALT0005831,TXN00494594,ACCT100088609,ML_PATTERN_DETECTED,86,2023-08-17 09:50:17.399004
ALT0005832,TXN00493694,ACCT100012654,ML_PATTERN_DETECTED,84,2024-05-02 05:30:53.413673
ALT0005833,TXN00487702,ACCT100014582,ML_PATTERN_DETECTED,62,2023-07-03 20:14:18.181978
ALT0005834,TXN00491395,ACCT100086686,ML_PATTERN_DETECTED,77,2024-07-04 22:45:07.391697
ALT0005835,TXN00495627,ACCT100042946,ML_PATTERN_DETECTED,76,2024-12-12 21:07:38.821635
ALT0005836,TXN00492662,ACCT100054327,ML_PATTERN_DETECTED,72,2024-12-02 12:34:56.727266
ALT0005837,TXN00499702,ACCT100045737,ML_PATTERN_DETECTED,51,2024-03-26 10:10:47.326498
ALT0005838,TXN00481390,ACCT100077798,ML_PATTERN_DETECTED,63,2024-07-16 14:16:53.671700
ALT0005839,TXN00499346,ACCT100041927,ML_PATTERN_DETECTED,87,2023-08-25 11:01:17.376385
ALT0005840,TXN00498597,ACCT100053245,ML_PATTERN_DETECTED,62,2023-07-21 19:42:59.375333
ALT0005841,TXN00499936,ACCT100084954,ML_PATTERN_DETECTED,82,2024-01-16 18:46:35.989714
ALT0005842,TXN00481150,ACCT100047513,ML_PATTERN_DETECTED,98,2023-12-24 02:31:32.059599
ALT0005843,TXN00493060,ACCT100004359,ML_PATTERN_DETECTED,59,2024-11-29 14:03:24.681711
ALT0005844,TXN00485116,ACCT100088458,ML_PATTERN_DETECTED,82,2023-06-14 01:04:36.995013
ALT0005845,TXN00480740,ACCT100077882,ML_PATTERN_DETECTED,81,2023-01-27 12:27:02.999717
ALT0005846,TXN00477249,ACCT100061336,ML_PATTERN_DETECTED,77,2024-03-12 09:38:40.372628
ALT0005847,TXN00498790,ACCT100018312,ML_PATTERN_DETECTED,85,2024-09-18 08:25:34.163951
ALT0005848,TXN00477946,ACCT100033848,ML_PATTERN_DETECTED,54,2024-03-11 23:35:50.183282
ALT0005849,TXN00495357,ACCT100020433,ML_PATTERN_DETECTED,87,2024-04-06 14:12:56.903720
ALT0005850,TXN00488260,ACCT100025375,ML_PATTERN_DETECTED,52,2024-05-30 03:23:49.578362
ALT0005851,TXN00475327,ACCT100052078,ML_PATTERN_DETECTED,97,2024-10-05 06:29:59.338626
ALT0005852,TXN00481136,ACCT100081853,ML_PATTERN_DETECTED,63,2024-02-10 20:08:46.062829
ALT0005853,TXN00478898,ACCT100033219,ML_PATTERN_DETECTED,51,2024-09-19 10:24:15.027182
ALT0005854,TXN00491210,ACCT100016835,ML_PATTERN_DETECTED,96,2023-12-05 16:07:25.379673
ALT0005855,TXN00488543,ACCT100012196,ML_PATTERN_DETECTED,84,2024-03-20 16:32:59.888667
ALT0005856,TXN00489189,ACCT100025096,ML_PATTERN_DETECTED,61,2023-11-19 23:07:52.639031
ALT0005857,TXN00492990,ACCT100004688,ML_PATTERN_DETECTED,96,2024-08-30 21:16:04.060711
ALT0005858,TXN00489701,ACCT100088656,ML_PATTERN_DETECTED,66,2024-12-10 13:20:58.467933
ALT0005859,TXN00479457,ACCT100003762,ML_PATTERN_DETECTED,83,2023-12-14 12:51:01.236761
ALT0005860,TXN00475875,ACCT100034221,ML_PATTERN_DETECTED,65,2023-06-29 04:11:31.311492
ALT0005861,TXN00499281,ACCT100073789,ML_PATTERN_DETECTED,95,2023-06-06 13:25:54.772241
ALT0005862,TXN00487686,ACCT100066597,ML_PATTERN_DETECTED,98,2024-03-29 02:50:29.261742
ALT0005863,TXN00494249,ACCT100066320,ML_PATTERN_DETECTED,95,2023-12-02 09:23:06.418542
ALT0005864,TXN00497690,ACCT100032603,ML_PATTERN_DETECTED,85,2023-01-02 08:28:04.738323
ALT0005865,TXN00485594,ACCT100060573,ML_PATTERN_DETECTED,65,2023-01-30 19:35:47.343198
ALT0005866,TXN00485508,ACCT100036450,ML_PATTERN_DETECTED,98,2023-02-16 23:35:21.631179
ALT0005867,TXN00475347,ACCT100005541,ML_PATTERN_DETECTED,90,2023-12-20 17:42:45.698805
ALT0005868,TXN00477612,ACCT100041517,ML_PATTERN_DETECTED,74,2024-10-01 00:18:43.217433
ALT0005869,TXN00482961,ACCT100021213,ML_PATTERN_DETECTED,53,2023-07-19 18:27:59.794375
ALT0005870,TXN00480662,ACCT100091861,ML_PATTERN_DETECTED,61,2024-03-10 18:32:57.515744
ALT0005871,TXN00494120,ACCT100004482,ML_PATTERN_DETECTED,52,2024-10-10 07:40:14.036299
ALT0005872,TXN00480134,ACCT100038205,ML_PATTERN_DETECTED,91,2023-08-12 03:21:54.006332
ALT0005873,TXN00477451,ACCT100038847,ML_PATTERN_DETECTED,70,2023-05-03 03:59:34.956296
ALT0005874,TXN00495126,ACCT100047797,ML_PATTERN_DETECTED,58,2024-09-19 10:12:48.739285
ALT0005875,TXN00496294,ACCT100005825,ML_PATTERN_DETECTED,52,2024-04-08 08:25:38.221057
ALT0005876,TXN00493085,ACCT100087572,ML_PATTERN_DETECTED,71,2023-11-02 12:41:21.964004
ALT0005877,TXN00495634,ACCT100038326,ML_PATTERN_DETECTED,71,2024-09-16 10:50:52.721923
ALT0005878,TXN00479608,ACCT100024007,ML_PATTERN_DETECTED,92,2024-03-27 16:36:38.448610
ALT0005879,TXN00489319,ACCT100072883,ML_PATTERN_DETECTED,94,2023-04-20 12:17:06.703117
ALT0005880,TXN00491391,ACCT100017233,ML_PATTERN_DETECTED,74,2024-09-19 16:19:56.403455
ALT0005881,TXN00488239,ACCT100001729,ML_PATTERN_DETECTED,68,2024-03-16 05:39:23.552717
ALT0005882,TXN00484100,ACCT100048361,ML_PATTERN_DETECTED,50,2023-03-10 09:28:05.710575
ALT0005883,TXN00483343,ACCT100030171,ML_PATTERN_DETECTED,87,2024-03-16 02:41:38.253083
ALT0005884,TXN00487457,ACCT100039759,ML_PATTERN_DETECTED,64,2023-01-30 01:06:15.058758
ALT0005885,TXN00493097,ACCT100088988,ML_PATTERN_DETECTED,85,2024-04-28 21:10:31.713314
ALT0005886,TXN00491112,ACCT100043004,ML_PATTERN_DETECTED,70,2024-06-04 17:16:23.104611
ALT0005887,TXN00492357,ACCT100056919,ML_PATTERN_DETECTED,57,2023-12-29 01:54:04.440180
ALT0005888,TXN00486721,ACCT100095492,ML_PATTERN_DETECTED,82,2023-07-18 02:26:13.974057
ALT0005889,TXN00482834,ACCT100020798,ML_PATTERN_DETECTED,79,2024-02-07 06:02:07.610171
ALT0005890,TXN00493738,ACCT100090490,ML_PATTERN_DETECTED,71,2023-09-07 16:27:28.888634
ALT0005891,TXN00492225,ACCT100050190,ML_PATTERN_DETECTED,60,2024-09-05 20:29:13.579957
ALT0005892,TXN00483093,ACCT100071020,ML_PATTERN_DETECTED,71,2024-10-20 19:46:32.337616
ALT0005893,TXN00478645,ACCT100058521,ML_PATTERN_DETECTED,74,2024-03-28 23:53:34.450239
ALT0005894,TXN00486376,ACCT100037648,ML_PATTERN_DETECTED,70,2023-03-19 10:28:21.833099
ALT0005895,TXN00475959,ACCT100044767,ML_PATTERN_DETECTED,88,2024-12-30 08:42:23.694927
ALT0005896,TXN00480319,ACCT100028638,ML_PATTERN_DETECTED,69,2024-07-06 01:08:20.883729
ALT0005897,TXN00486663,ACCT100081120,ML_PATTERN_DETECTED,89,2024-06-18 17:11:34.135073
ALT0005898,TXN00486496,ACCT100090487,ML_PATTERN_DETECTED,69,2024-11-06 00:54:47.802791
ALT0005899,TXN00488567,ACCT100039394,ML_PATTERN_DETECTED,89,2024-06-05 20:57:24.105606
ALT0005900,TXN00482624,ACCT100012005,ML_PATTERN_DETECTED,51,2023-10-24 15:22:41.174616
ALT0005901,TXN00477564,ACCT100000893,ML_PATTERN_DETECTED,68,2023-03-18 20:48:09.791250
ALT0005902,TXN00475415,ACCT100000796,ML_PATTERN_DETECTED,98,2023-11-25 23:02:41.301860
ALT0005903,TXN00484983,ACCT100080499,ML_PATTERN_DETECTED,77,2024-08-08 09:22:20.456470
ALT0005904,TXN00494253,ACCT100086074,ML_PATTERN_DETECTED,68,2024-03-01 03:59:19.081186
ALT0005905,TXN00497406,ACCT100036747,ML_PATTERN_DETECTED,95,2023-04-21 00:52:59.786169
ALT0005906,TXN00494491,ACCT100096702,ML_PATTERN_DETECTED,75,2024-06-15 14:05:09.457708
ALT0005907,TXN00499948,ACCT100009068,ML_PATTERN_DETECTED,68,2024-04-27 20:07:56.112356
ALT0005908,TXN00494966,ACCT100064732,ML_PATTERN_DETECTED,52,2024-01-29 12:16:36.719546
ALT0005909,TXN00483453,ACCT100044440,ML_PATTERN_DETECTED,90,2023-06-13 23:55:00.900059
ALT0005910,TXN00499804,ACCT100000645,ML_PATTERN_DETECTED,50,2024-04-26 09:17:07.815414
ALT0005911,TXN00493623,ACCT100087553,ML_PATTERN_DETECTED,67,2024-04-27 21:50:44.873830
ALT0005912,TXN00490978,ACCT100030677,ML_PATTERN_DETECTED,50,2024-08-06 22:53:34.625807
ALT0005913,TXN00492109,ACCT100052981,ML_PATTERN_DETECTED,66,2024-09-21 21:37:57.484171
ALT0005914,TXN00489813,ACCT100041366,ML_PATTERN_DETECTED,82,2024-10-12 14:05:51.079902
ALT0005915,TXN00487901,ACCT100075941,ML_PATTERN_DETECTED,82,2023-04-26 06:01:08.319070
ALT0005916,TXN00475379,ACCT100097512,ML_PATTERN_DETECTED,81,2023-07-11 13:46:37.239814
ALT0005917,TXN00487704,ACCT100024806,ML_PATTERN_DETECTED,68,2023-06-24 11:20:43.670796
ALT0005918,TXN00495151,ACCT100035484,ML_PATTERN_DETECTED,57,2023-01-21 07:30:11.711411
ALT0005919,TXN00497227,ACCT100045012,ML_PATTERN_DETECTED,63,2024-12-17 14:15:25.674648
ALT0005920,TXN00485279,ACCT100083115,ML_PATTERN_DETECTED,73,2023-03-15 13:34:07.649580
ALT0005921,TXN00475355,ACCT100090061,ML_PATTERN_DETECTED,60,2023-06-23 23:39:38.265760
ALT0005922,TXN00491429,ACCT100050464,ML_PATTERN_DETECTED,80,2024-10-19 16:08:42.783001
ALT0005923,TXN00499044,ACCT100003418,ML_PATTERN_DETECTED,62,2023-04-02 01:03:37.451003
ALT0005924,TXN00488014,ACCT100036853,ML_PATTERN_DETECTED,83,2023-11-15 03:39:39.424115
ALT0005925,TXN00481499,ACCT100081574,ML_PATTERN_DETECTED,97,2024-09-10 00:50:14.572857
ALT0005926,TXN00488924,ACCT100081829,ML_PATTERN_DETECTED,73,2024-12-03 19:11:52.725123
ALT0005927,TXN00494471,ACCT100046344,ML_PATTERN_DETECTED,50,2024-04-14 03:32:03.296644
ALT0005928,TXN00493760,ACCT100030385,ML_PATTERN_DETECTED,68,2023-06-25 19:16:21.002669
ALT0005929,TXN00485110,ACCT100054861,ML_PATTERN_DETECTED,81,2024-04-25 13:30:21.954998
ALT0005930,TXN00496751,ACCT100057738,ML_PATTERN_DETECTED,61,2023-08-15 06:29:56.476597
ALT0005931,TXN00488503,ACCT100061268,ML_PATTERN_DETECTED,95,2023-05-23 05:47:57.003917
ALT0005932,TXN00475599,ACCT100016466,ML_PATTERN_DETECTED,98,2023-07-04 13:31:16.768310
ALT0005933,TXN00482404,ACCT100045106,ML_PATTERN_DETECTED,86,2024-08-24 21:18:27.532573
ALT0005934,TXN00489504,ACCT100078182,ML_PATTERN_DETECTED,98,2024-06-25 22:33:49.477581
ALT0005935,TXN00475125,ACCT100014770,ML_PATTERN_DETECTED,59,2023-06-15 08:49:06.882456
ALT0005936,TXN00033690,ACCT100015924,HIGH_VALUE_TXN,95,2024-10-26 22:32:05.337850
ALT0005937,TXN00493463,ACCT100001261,ML_PATTERN_DETECTED,58,2024-07-08 04:04:28.628752
ALT0005938,TXN00498505,ACCT100082631,ML_PATTERN_DETECTED,80,2024-08-10 03:15:59.332839
ALT0005939,TXN00490703,ACCT100063108,ML_PATTERN_DETECTED,69,2023-07-31 01:45:52.721439
ALT0005940,TXN00492678,ACCT100068805,ML_PATTERN_DETECTED,60,2023-05-25 18:05:08.112057
ALT0005941,TXN00485007,ACCT100082392,ML_PATTERN_DETECTED,90,2023-05-27 08:47:44.134462
ALT0005942,TXN00492890,ACCT100077041,ML_PATTERN_DETECTED,94,2023-07-26 19:39:41.430266
ALT0005943,TXN00477340,ACCT100090123,ML_PATTERN_DETECTED,52,2024-03-16 13:44:44.487688
ALT0005944,TXN00482265,ACCT100037303,ML_PATTERN_DETECTED,95,2024-09-05 07:00:09.949084
ALT0005945,TXN00490591,ACCT100075732,ML_PATTERN_DETECTED,85,2023-09-02 12:34:51.045113
ALT0005946,TXN00499502,ACCT100021005,ML_PATTERN_DETECTED,77,2024-08-16 23:47:33.386586
ALT0005947,TXN00481543,ACCT100073539,ML_PATTERN_DETECTED,66,2023-03-30 20:41:11.942121
ALT0005948,TXN00487729,ACCT100032367,ML_PATTERN_DETECTED,97,2024-01-20 17:59:07.752195
ALT0005949,TXN00496133,ACCT100072658,ML_PATTERN_DETECTED,78,2023-11-02 21:35:59.911532
ALT0005950,TXN00480192,ACCT100007137,ML_PATTERN_DETECTED,68,2024-06-15 00:32:02.934768
ALT0005951,TXN00486514,ACCT100017534,ML_PATTERN_DETECTED,88,2024-02-14 23:36:13.858290
ALT0005952,TXN00486098,ACCT100052413,ML_PATTERN_DETECTED,51,2024-01-02 00:50:18.543988
ALT0005953,TXN00497205,ACCT100035124,ML_PATTERN_DETECTED,92,2024-03-19 16:01:52.085505
ALT0005954,TXN00479862,ACCT100011217,ML_PATTERN_DETECTED,55,2024-07-30 09:36:42.939862
ALT0005955,TXN00499915,ACCT100006158,ML_PATTERN_DETECTED,76,2024-08-27 19:40:18.983374
ALT0005956,TXN00497170,ACCT100016189,ML_PATTERN_DETECTED,72,2023-09-22 05:42:43.607028
ALT0005957,TXN00489036,ACCT100056357,ML_PATTERN_DETECTED,61,2023-07-15 05:11:24.313526
ALT0005958,TXN00498909,ACCT100008327,ML_PATTERN_DETECTED,68,2023-08-24 18:08:52.881080
ALT0005959,TXN00493841,ACCT100037073,ML_PATTERN_DETECTED,91,2023-05-31 04:47:33.567212
ALT0005960,TXN00373940,ACCT100089362,HIGH_VALUE_TXN,78,2024-01-19 18:47:32.098200
ALT0005961,TXN00490137,ACCT100011461,ML_PATTERN_DETECTED,85,2023-10-02 19:15:20.011237
ALT0005962,TXN00491588,ACCT100081968,ML_PATTERN_DETECTED,53,2024-05-07 22:02:28.973924
ALT0005963,TXN00478518,ACCT100038055,ML_PATTERN_DETECTED,81,2024-12-26 04:17:04.632998
ALT0005964,TXN00498938,ACCT100023570,ML_PATTERN_DETECTED,73,2023-05-04 02:46:51.911342
ALT0005965,TXN00483767,ACCT100023257,ML_PATTERN_DETECTED,77,2024-11-23 09:58:08.133739
ALT0005966,TXN00478997,ACCT100044687,ML_PATTERN_DETECTED,87,2024-10-05 15:57:16.294813
ALT0005967,TXN00481899,ACCT100049834,ML_PATTERN_DETECTED,65,2023-04-21 23:11:19.226344
ALT0005968,TXN00475743,ACCT100000942,ML_PATTERN_DETECTED,52,2024-12-29 15:49:28.638113
ALT0005969,TXN00492634,ACCT100014845,ML_PATTERN_DETECTED,76,2024-10-20 02:49:51.223499
ALT0005970,TXN00475344,ACCT100045018,ML_PATTERN_DETECTED,71,2024-01-03 12:19:45.774184
ALT0005971,TXN00491782,ACCT100039237,ML_PATTERN_DETECTED,55,2023-08-11 17:29:14.382456
ALT0005972,TXN00480759,ACCT100091506,ML_PATTERN_DETECTED,60,2023-08-26 12:53:04.891666
ALT0005973,TXN00493712,ACCT100041950,ML_PATTERN_DETECTED,79,2024-12-30 03:55:30.688664
ALT0005974,TXN00497686,ACCT100012128,ML_PATTERN_DETECTED,60,2024-08-13 07:05:51.346050
ALT0005975,TXN00497541,ACCT100010742,ML_PATTERN_DETECTED,51,2023-07-14 22:32:29.464944
ALT0005976,TXN00484358,ACCT100065637,ML_PATTERN_DETECTED,87,2023-07-07 03:02:33.077955
ALT0005977,TXN00480336,ACCT100066748,ML_PATTERN_DETECTED,76,2023-04-05 08:21:34.084033
ALT0005978,TXN00475368,ACCT100017376,ML_PATTERN_DETECTED,54,2023-03-19 06:06:53.503272
ALT0005979,TXN00495455,ACCT100035443,ML_PATTERN_DETECTED,59,2023-05-23 10:08:21.929654
ALT0005980,TXN00475264,ACCT100034798,ML_PATTERN_DETECTED,97,2023-11-05 02:05:06.721119
ALT0005981,TXN00482179,ACCT100065682,ML_PATTERN_DETECTED,85,2023-07-03 02:14:06.003620
ALT0005982,TXN00482397,ACCT100022581,ML_PATTERN_DETECTED,73,2023-09-09 11:36:24.297323
ALT0005983,TXN00481302,ACCT100080969,ML_PATTERN_DETECTED,56,2024-05-30 11:43:35.300407
ALT0005984,TXN00487243,ACCT100087612,ML_PATTERN_DETECTED,69,2024-02-08 17:54:42.197250
ALT0005985,TXN00485907,ACCT100033425,ML_PATTERN_DETECTED,84,2023-10-26 09:27:30.256372
ALT0005986,TXN00487709,ACCT100062365,ML_PATTERN_DETECTED,97,2024-08-28 13:22:46.671486
ALT0005987,TXN00493077,ACCT100013495,ML_PATTERN_DETECTED,52,2023-12-13 01:06:17.214700
ALT0005988,TXN00493720,ACCT100042373,ML_PATTERN_DETECTED,76,2023-11-09 00:53:53.448501
ALT0005989,TXN00492656,ACCT100062523,ML_PATTERN_DETECTED,54,2023-05-01 01:09:54.546131
ALT0005990,TXN00490509,ACCT100088180,ML_PATTERN_DETECTED,78,2024-08-17 00:17:03.298625
ALT0005991,TXN00482164,ACCT100052884,ML_PATTERN_DETECTED,67,2023-01-02 02:26:22.553766
ALT0005992,TXN00493710,ACCT100068944,ML_PATTERN_DETECTED,89,2023-10-29 09:19:07.429329
ALT0005993,TXN00477588,ACCT100080306,ML_PATTERN_DETECTED,63,2024-09-15 05:29:55.829074
ALT0005994,TXN00492790,ACCT100000955,ML_PATTERN_DETECTED,63,2023-04-02 19:33:29.004443
ALT0005995,TXN00484480,ACCT100027394,ML_PATTERN_DETECTED,53,2023-03-03 02:27:43.194100
ALT0005996,TXN00488004,ACCT100000325,ML_PATTERN_DETECTED,74,2023-03-04 14:34:48.250929
ALT0005997,TXN00481366,ACCT100080442,ML_PATTERN_DETECTED,65,2023-02-10 12:09:54.375489
ALT0005998,TXN00495284,ACCT100092523,ML_PATTERN_DETECTED,90,2024-08-27 20:06:34.279019
ALT0005999,TXN00494348,ACCT100068907,ML_PATTERN_DETECTED,83,2023-04-08 22:09:14.894327
ALT0006000,TXN00475035,ACCT100045769,ML_PATTERN_DETECTED,85,2024-07-23 03:35:21.589238
ALT0006001,TXN00491489,ACCT100061807,ML_PATTERN_DETECTED,73,2023-10-17 21:20:25.508243
ALT0006002,TXN00495544,ACCT100044453,ML_PATTERN_DETECTED,67,2023-07-22 06:00:30.326083
ALT0006003,TXN00495142,ACCT100049978,ML_PATTERN_DETECTED,96,2023-10-09 19:52:50.582287
ALT0006004,TXN00497889,ACCT100035312,ML_PATTERN_DETECTED,93,2023-01-08 01:02:57.068045
ALT0006005,TXN00496015,ACCT100028964,ML_PATTERN_DETECTED,93,2024-04-21 21:46:24.594643
ALT0006006,TXN00494539,ACCT100011755,ML_PATTERN_DETECTED,50,2023-09-09 02:09:09.726318
ALT0006007,TXN00487746,ACCT100056483,ML_PATTERN_DETECTED,50,2023-06-19 01:02:33.669636
ALT0006008,TXN00488888,ACCT100041773,ML_PATTERN_DETECTED,61,2023-08-03 17:58:35.165359
ALT0006009,TXN00493079,ACCT100043117,ML_PATTERN_DETECTED,96,2024-03-18 22:36:52.486107
ALT0006010,TXN00489436,ACCT100007017,ML_PATTERN_DETECTED,56,2023-02-14 03:59:14.864091
ALT0006011,TXN00488378,ACCT100037087,ML_PATTERN_DETECTED,69,2024-06-20 16:27:26.407981
ALT0006012,TXN00486941,ACCT100098691,ML_PATTERN_DETECTED,92,2024-10-22 23:40:39.767806
ALT0006013,TXN00495620,ACCT100090189,ML_PATTERN_DETECTED,79,2024-10-11 12:17:19.545163
ALT0006014,TXN00494015,ACCT100003614,ML_PATTERN_DETECTED,59,2024-09-18 02:27:11.573607
ALT0006015,TXN00481683,ACCT100082485,ML_PATTERN_DETECTED,53,2023-11-10 12:57:55.009488
ALT0006016,TXN00483636,ACCT100061941,ML_PATTERN_DETECTED,51,2024-10-02 03:52:04.043169
ALT0006017,TXN00479189,ACCT100014418,ML_PATTERN_DETECTED,79,2023-07-10 16:51:35.577611
ALT0006018,TXN00477431,ACCT100017392,ML_PATTERN_DETECTED,50,2024-07-22 19:31:14.669488
ALT0006019,TXN00498355,ACCT100063990,ML_PATTERN_DETECTED,95,2023-05-04 19:54:59.634884
ALT0006020,TXN00482495,ACCT100003058,ML_PATTERN_DETECTED,74,2024-04-25 07:12:51.662086
ALT0006021,TXN00475595,ACCT100041815,ML_PATTERN_DETECTED,83,2024-12-21 10:16:28.782691
ALT0006022,TXN00498093,ACCT100063459,ML_PATTERN_DETECTED,50,2023-06-10 04:27:45.926851
ALT0006023,TXN00480425,ACCT100059834,ML_PATTERN_DETECTED,86,2023-04-27 05:40:42.487592
ALT0006024,TXN00498601,ACCT100087253,ML_PATTERN_DETECTED,63,2024-05-11 17:46:03.038832
ALT0006025,TXN00487917,ACCT100012530,ML_PATTERN_DETECTED,73,2023-11-14 01:14:22.817977
ALT0006026,TXN00482701,ACCT100081528,ML_PATTERN_DETECTED,95,2023-10-29 14:46:13.617999
ALT0006027,TXN00481898,ACCT100006534,ML_PATTERN_DETECTED,93,2024-06-15 07:09:48.914281
ALT0006028,TXN00484942,ACCT100022305,ML_PATTERN_DETECTED,96,2024-08-24 21:19:16.846657
ALT0006029,TXN00485082,ACCT100003612,ML_PATTERN_DETECTED,90,2023-09-25 18:52:18.128173
ALT0006030,TXN00493353,ACCT100069452,ML_PATTERN_DETECTED,61,2024-08-24 17:58:16.882337
ALT0006031,TXN00497373,ACCT100057319,ML_PATTERN_DETECTED,53,2023-03-24 17:03:02.233343
ALT0006032,TXN00489672,ACCT100046526,ML_PATTERN_DETECTED,59,2024-08-01 16:07:59.428626
ALT0006033,TXN00492061,ACCT100001384,ML_PATTERN_DETECTED,91,2023-05-17 13:56:21.390415
ALT0006034,TXN00495694,ACCT100011240,ML_PATTERN_DETECTED,83,2024-05-30 03:05:16.666321
ALT0006035,TXN00482204,ACCT100079289,ML_PATTERN_DETECTED,97,2023-01-08 06:16:17.851506
ALT0006036,TXN00482351,ACCT100043290,ML_PATTERN_DETECTED,78,2023-08-24 20:36:19.889506
ALT0006037,TXN00493833,ACCT100034333,ML_PATTERN_DETECTED,94,2024-10-19 08:58:08.060681
ALT0006038,TXN00495570,ACCT100005054,ML_PATTERN_DETECTED,65,2024-02-11 06:45:49.346023
ALT0006039,TXN00498681,ACCT100030374,ML_PATTERN_DETECTED,71,2024-03-22 11:26:02.514669
ALT0006040,TXN00499226,ACCT100084217,ML_PATTERN_DETECTED,87,2024-06-27 23:08:47.378246
ALT0006041,TXN00479022,ACCT100073111,ML_PATTERN_DETECTED,88,2024-08-21 16:15:59.159113
ALT0006042,TXN00479863,ACCT100087550,ML_PATTERN_DETECTED,74,2024-09-21 21:47:18.136875
ALT0006043,TXN00477650,ACCT100066691,ML_PATTERN_DETECTED,85,2024-04-12 15:21:26.364651
ALT0006044,TXN00482597,ACCT100074726,ML_PATTERN_DETECTED,61,2024-06-23 12:42:44.089361
ALT0006045,TXN00484179,ACCT100097633,ML_PATTERN_DETECTED,68,2023-01-16 13:47:13.557329
ALT0006046,TXN00483793,ACCT100098497,ML_PATTERN_DETECTED,80,2024-10-21 22:14:57.287930
ALT0006047,TXN00486682,ACCT100041964,ML_PATTERN_DETECTED,59,2024-05-05 08:08:57.909326
ALT0006048,TXN00482241,ACCT100054715,ML_PATTERN_DETECTED,50,2024-10-28 16:37:20.188925
ALT0006049,TXN00481840,ACCT100098083,ML_PATTERN_DETECTED,93,2023-03-31 16:01:56.978803
ALT0006050,TXN00493201,ACCT100061295,ML_PATTERN_DETECTED,65,2023-10-09 03:30:38.719488
ALT0006051,TXN00476642,ACCT100085250,ML_PATTERN_DETECTED,68,2023-07-27 17:39:04.251756
ALT0006052,TXN00483135,ACCT100074006,ML_PATTERN_DETECTED,63,2024-10-19 12:09:52.125655
ALT0006053,TXN00494771,ACCT100090107,ML_PATTERN_DETECTED,66,2024-12-07 10:17:59.880826
ALT0006054,TXN00489795,ACCT100061725,ML_PATTERN_DETECTED,92,2024-11-24 15:48:09.317072
ALT0006055,TXN00477329,ACCT100036101,ML_PATTERN_DETECTED,67,2024-08-25 20:13:14.012138
ALT0006056,TXN00487700,ACCT100079535,ML_PATTERN_DETECTED,65,2024-05-27 20:48:12.858788
ALT0006057,TXN00499442,ACCT100060971,ML_PATTERN_DETECTED,86,2023-10-09 19:35:03.505563
ALT0006058,TXN00488309,ACCT100068239,ML_PATTERN_DETECTED,65,2024-05-31 08:40:28.576444
ALT0006059,TXN00483355,ACCT100071761,ML_PATTERN_DETECTED,91,2024-05-25 13:30:35.534621
ALT0006060,TXN00493839,ACCT100013582,ML_PATTERN_DETECTED,65,2023-06-20 14:32:23.564783
ALT0006061,TXN00495638,ACCT100020874,ML_PATTERN_DETECTED,89,2023-12-06 07:52:30.484720
ALT0006062,TXN00499220,ACCT100014276,ML_PATTERN_DETECTED,73,2023-01-26 04:52:15.846690
ALT0006063,TXN00480691,ACCT100057274,ML_PATTERN_DETECTED,95,2023-09-13 21:17:08.532763
ALT0006064,TXN00493316,ACCT100048494,ML_PATTERN_DETECTED,94,2023-09-29 11:35:53.466745
ALT0006065,TXN00477083,ACCT100087748,ML_PATTERN_DETECTED,68,2023-12-07 01:27:28.094792
ALT0006066,TXN00478581,ACCT100028775,ML_PATTERN_DETECTED,52,2024-10-03 11:00:59.441545
ALT0006067,TXN00475592,ACCT100032121,ML_PATTERN_DETECTED,59,2024-03-22 06:45:00.914695
ALT0006068,TXN00492106,ACCT100004436,ML_PATTERN_DETECTED,68,2024-11-14 15:21:06.162160
ALT0006069,TXN00487221,ACCT100091293,ML_PATTERN_DETECTED,54,2024-08-11 03:50:43.488213
ALT0006070,TXN00480869,ACCT100070962,ML_PATTERN_DETECTED,52,2023-08-28 01:46:51.126561
ALT0006071,TXN00486873,ACCT100020274,ML_PATTERN_DETECTED,95,2023-03-14 12:20:19.871427
ALT0006072,TXN00483241,ACCT100041826,ML_PATTERN_DETECTED,87,2023-02-20 02:38:17.854524
ALT0006073,TXN00476101,ACCT100001717,ML_PATTERN_DETECTED,81,2024-05-11 23:16:04.155145
ALT0006074,TXN00480694,ACCT100059787,ML_PATTERN_DETECTED,50,2023-04-27 16:30:27.281895
ALT0006075,TXN00485393,ACCT100065802,ML_PATTERN_DETECTED,82,2024-11-11 15:57:30.544314
ALT0006076,TXN00491349,ACCT100098487,ML_PATTERN_DETECTED,82,2023-06-13 09:13:08.893044
ALT0006077,TXN00480253,ACCT100060425,ML_PATTERN_DETECTED,51,2024-05-11 17:22:23.123101
ALT0006078,TXN00493167,ACCT100069129,ML_PATTERN_DETECTED,59,2024-08-13 10:11:35.703000
ALT0006079,TXN00477553,ACCT100083667,ML_PATTERN_DETECTED,65,2024-10-04 10:52:23.735904
ALT0006080,TXN00484620,ACCT100038963,ML_PATTERN_DETECTED,54,2024-09-19 05:39:43.131836
ALT0006081,TXN00498121,ACCT100042103,ML_PATTERN_DETECTED,67,2024-02-03 06:18:56.497510
ALT0006082,TXN00497059,ACCT100049545,ML_PATTERN_DETECTED,50,2023-04-16 14:48:22.682621
ALT0006083,TXN00476817,ACCT100034588,ML_PATTERN_DETECTED,62,2023-07-23 09:55:00.912782
ALT0006084,TXN00498637,ACCT100034725,ML_PATTERN_DETECTED,57,2024-08-16 00:11:22.404726
ALT0006085,TXN00485134,ACCT100011274,ML_PATTERN_DETECTED,59,2024-02-10 21:00:16.309837
ALT0006086,TXN00489526,ACCT100086222,ML_PATTERN_DETECTED,70,2024-05-15 16:56:40.409652
ALT0006087,TXN00490715,ACCT100036846,ML_PATTERN_DETECTED,67,2024-10-23 19:09:32.427433
ALT0006088,TXN00495630,ACCT100049958,ML_PATTERN_DETECTED,66,2023-03-15 07:02:22.486586
ALT0006089,TXN00487204,ACCT100042520,ML_PATTERN_DETECTED,84,2024-05-05 10:51:22.518792
ALT0006090,TXN00489587,ACCT100079584,ML_PATTERN_DETECTED,79,2024-07-16 15:46:43.718787
ALT0006091,TXN00487592,ACCT100017717,ML_PATTERN_DETECTED,97,2023-10-21 08:35:16.661278
ALT0006092,TXN00478860,ACCT100051635,ML_PATTERN_DETECTED,76,2023-04-02 16:30:55.415407
ALT0006093,TXN00476378,ACCT100003141,ML_PATTERN_DETECTED,89,2023-05-07 18:02:21.154018
ALT0006094,TXN00481678,ACCT100097932,ML_PATTERN_DETECTED,72,2023-11-06 21:22:08.888735
ALT0006095,TXN00494098,ACCT100079626,ML_PATTERN_DETECTED,81,2024-11-25 13:18:19.947427
ALT0006096,TXN00483173,ACCT100052645,ML_PATTERN_DETECTED,95,2023-04-09 13:25:01.921996
ALT0006097,TXN00487263,ACCT100059122,ML_PATTERN_DETECTED,58,2024-12-25 00:21:38.950874
ALT0006098,TXN00489937,ACCT100021583,ML_PATTERN_DETECTED,50,2024-08-02 21:43:59.522798
ALT0006099,TXN00497910,ACCT100081408,ML_PATTERN_DETECTED,52,2023-12-27 05:52:28.914277
ALT0006100,TXN00485525,ACCT100035987,ML_PATTERN_DETECTED,63,2024-04-22 02:31:11.525440
ALT0006101,TXN00485868,ACCT100008591,ML_PATTERN_DETECTED,90,2024-06-25 02:51:20.767131
ALT0006102,TXN00497080,ACCT100062340,ML_PATTERN_DETECTED,89,2024-08-07 09:08:50.389323
ALT0006103,TXN00495606,ACCT100089233,ML_PATTERN_DETECTED,71,2023-10-10 13:19:18.957158
ALT0006104,TXN00477274,ACCT100097689,ML_PATTERN_DETECTED,95,2024-04-03 18:05:48.339846
ALT0006105,TXN00498005,ACCT100015319,ML_PATTERN_DETECTED,69,2024-11-13 08:15:34.768985
ALT0006106,TXN00479869,ACCT100089363,ML_PATTERN_DETECTED,70,2023-12-07 14:37:45.172159
ALT0006107,TXN00493809,ACCT100032017,ML_PATTERN_DETECTED,91,2023-08-13 08:09:04.399889
ALT0006108,TXN00482978,ACCT100024852,ML_PATTERN_DETECTED,75,2024-11-16 17:25:26.214701
ALT0006109,TXN00488829,ACCT100013968,ML_PATTERN_DETECTED,69,2023-03-21 04:31:57.218601
ALT0006110,TXN00498629,ACCT100046702,ML_PATTERN_DETECTED,79,2023-02-23 04:32:44.617012
ALT0006111,TXN00492226,ACCT100045469,ML_PATTERN_DETECTED,73,2024-01-25 19:38:04.436172
ALT0006112,TXN00483558,ACCT100031163,ML_PATTERN_DETECTED,89,2023-05-23 17:01:21.684669
ALT0006113,TXN00488585,ACCT100012376,ML_PATTERN_DETECTED,84,2023-12-19 22:02:16.110045
ALT0006114,TXN00492232,ACCT100026645,ML_PATTERN_DETECTED,90,2023-09-09 11:54:39.356486
ALT0006115,TXN00499943,ACCT100027395,ML_PATTERN_DETECTED,58,2023-03-12 04:57:52.992800
ALT0006116,TXN00494050,ACCT100003891,ML_PATTERN_DETECTED,92,2023-02-12 15:56:43.055106
ALT0006117,TXN00496557,ACCT100058742,ML_PATTERN_DETECTED,75,2024-12-23 11:07:13.648176
ALT0006118,TXN00487504,ACCT100097736,ML_PATTERN_DETECTED,68,2023-09-18 04:53:06.372556
ALT0006119,TXN00492471,ACCT100022827,ML_PATTERN_DETECTED,67,2023-10-09 17:16:19.354534
ALT0006120,TXN00481375,ACCT100093525,ML_PATTERN_DETECTED,55,2023-03-29 23:17:42.856785
ALT0006121,TXN00475419,ACCT100027359,ML_PATTERN_DETECTED,89,2024-06-06 06:04:30.308049
ALT0006122,TXN00489301,ACCT100034517,ML_PATTERN_DETECTED,57,2024-09-03 16:59:32.584319
ALT0006123,TXN00493405,ACCT100040978,ML_PATTERN_DETECTED,85,2024-12-19 18:16:45.729919
ALT0006124,TXN00483492,ACCT100081851,ML_PATTERN_DETECTED,58,2023-06-10 20:47:59.253071
ALT0006125,TXN00497558,ACCT100048002,ML_PATTERN_DETECTED,95,2024-03-30 05:10:12.904225
ALT0006126,TXN00476719,ACCT100099737,ML_PATTERN_DETECTED,73,2023-05-01 03:49:28.775083
ALT0006127,TXN00486435,ACCT100041182,ML_PATTERN_DETECTED,83,2023-12-10 10:03:04.609942
ALT0006128,TXN00499514,ACCT100076881,ML_PATTERN_DETECTED,60,2024-12-28 22:32:01.592077
ALT0006129,TXN00478271,ACCT100024112,ML_PATTERN_DETECTED,77,2023-05-25 11:11:57.825397
ALT0006130,TXN00496033,ACCT100000719,ML_PATTERN_DETECTED,90,2023-09-15 00:09:46.818555
ALT0006131,TXN00487322,ACCT100087648,ML_PATTERN_DETECTED,76,2024-11-22 01:17:02.623740
ALT0006132,TXN00492417,ACCT100020387,ML_PATTERN_DETECTED,85,2024-09-25 00:51:57.132522
ALT0006133,TXN00483887,ACCT100016105,ML_PATTERN_DETECTED,89,2024-01-17 18:26:24.434451
ALT0006134,TXN00477065,ACCT100016917,ML_PATTERN_DETECTED,82,2024-01-05 10:25:45.690108
ALT0006135,TXN00498952,ACCT100078457,ML_PATTERN_DETECTED,91,2024-03-29 20:11:05.105483
ALT0006136,TXN00481474,ACCT100068756,ML_PATTERN_DETECTED,80,2024-10-15 08:42:30.230607
ALT0006137,TXN00488245,ACCT100076111,ML_PATTERN_DETECTED,68,2024-01-01 02:58:41.934883
ALT0006138,TXN00476110,ACCT100022507,ML_PATTERN_DETECTED,70,2023-10-07 22:59:47.750305
ALT0006139,TXN00484757,ACCT100049981,ML_PATTERN_DETECTED,59,2024-01-09 12:42:09.327246
ALT0006140,TXN00489323,ACCT100034989,ML_PATTERN_DETECTED,75,2024-08-03 20:35:11.594260
ALT0006141,TXN00483344,ACCT100009835,ML_PATTERN_DETECTED,50,2023-11-25 15:06:37.823938
ALT0006142,TXN00487665,ACCT100025178,ML_PATTERN_DETECTED,70,2023-02-14 07:18:37.875299
ALT0006143,TXN00484374,ACCT100034463,ML_PATTERN_DETECTED,70,2023-01-23 19:49:34.238648
ALT0006144,TXN00491743,ACCT100013883,ML_PATTERN_DETECTED,61,2023-03-18 16:56:18.717257
ALT0006145,TXN00488573,ACCT100005674,ML_PATTERN_DETECTED,67,2024-01-30 12:19:25.191504
ALT0006146,TXN00478743,ACCT100076227,ML_PATTERN_DETECTED,82,2024-10-10 10:51:55.160489
ALT0006147,TXN00476167,ACCT100038635,ML_PATTERN_DETECTED,80,2024-03-16 04:14:05.597469
ALT0006148,TXN00485932,ACCT100001072,ML_PATTERN_DETECTED,95,2024-03-28 05:45:49.196069
ALT0006149,TXN00479475,ACCT100087052,ML_PATTERN_DETECTED,66,2024-12-09 15:04:53.236471
ALT0006150,TXN00475810,ACCT100014856,ML_PATTERN_DETECTED,56,2024-11-25 03:57:29.212117
ALT0006151,TXN00490116,ACCT100036177,ML_PATTERN_DETECTED,83,2023-06-01 13:28:17.442912
ALT0006152,TXN00482073,ACCT100003364,ML_PATTERN_DETECTED,51,2024-10-30 17:44:21.642002
ALT0006153,TXN00493162,ACCT100019866,ML_PATTERN_DETECTED,73,2023-11-03 03:35:45.508899
ALT0006154,TXN00481386,ACCT100053215,ML_PATTERN_DETECTED,60,2024-07-28 23:45:30.805931
ALT0006155,TXN00497473,ACCT100008256,ML_PATTERN_DETECTED,56,2023-05-09 11:36:13.919566
ALT0006156,TXN00483140,ACCT100001042,ML_PATTERN_DETECTED,50,2024-04-22 02:06:18.680375
ALT0006157,TXN00490651,ACCT100064516,ML_PATTERN_DETECTED,77,2023-02-16 21:31:31.276047
ALT0006158,TXN00495023,ACCT100013699,ML_PATTERN_DETECTED,73,2024-02-20 09:18:03.902918
ALT0006159,TXN00481881,ACCT100053857,ML_PATTERN_DETECTED,91,2023-06-03 00:51:27.200083
ALT0006160,TXN00489053,ACCT100072850,ML_PATTERN_DETECTED,92,2024-03-09 19:02:08.234711
ALT0006161,TXN00488190,ACCT100082438,ML_PATTERN_DETECTED,51,2024-05-20 09:16:33.237899
ALT0006162,TXN00479882,ACCT100034940,ML_PATTERN_DETECTED,70,2024-02-25 04:52:38.938571
ALT0006163,TXN00495127,ACCT100008973,ML_PATTERN_DETECTED,93,2023-05-30 11:44:36.327144
ALT0006164,TXN00487164,ACCT100090560,ML_PATTERN_DETECTED,91,2023-10-24 01:33:04.581060
ALT0006165,TXN00497061,ACCT100021379,ML_PATTERN_DETECTED,73,2024-12-28 14:06:25.086002
ALT0006166,TXN00493349,ACCT100016818,ML_PATTERN_DETECTED,84,2024-01-07 06:54:10.823773
ALT0006167,TXN00487409,ACCT100044323,ML_PATTERN_DETECTED,62,2023-08-24 00:26:58.111780
ALT0006168,TXN00481432,ACCT100022132,ML_PATTERN_DETECTED,68,2023-05-06 23:11:19.950240
ALT0006169,TXN00480300,ACCT100096146,ML_PATTERN_DETECTED,84,2023-11-18 04:59:08.113406
ALT0006170,TXN00495381,ACCT100092091,ML_PATTERN_DETECTED,62,2023-08-11 20:55:09.601141
ALT0006171,TXN00480505,ACCT100000810,ML_PATTERN_DETECTED,92,2024-01-15 02:26:41.111722
ALT0006172,TXN00488198,ACCT100071948,ML_PATTERN_DETECTED,62,2024-07-11 22:46:59.137348
ALT0006173,TXN00479359,ACCT100083875,ML_PATTERN_DETECTED,91,2023-08-24 20:26:57.662580
ALT0006174,TXN00483373,ACCT100077448,ML_PATTERN_DETECTED,84,2024-06-25 09:50:36.298595
ALT0006175,TXN00481736,ACCT100025628,ML_PATTERN_DETECTED,84,2023-06-16 01:41:13.939323
ALT0006176,TXN00493166,ACCT100022932,ML_PATTERN_DETECTED,65,2023-01-14 10:39:43.435978
ALT0006177,TXN00484590,ACCT100089213,ML_PATTERN_DETECTED,97,2023-02-19 11:06:59.896493
ALT0006178,TXN00497106,ACCT100018418,ML_PATTERN_DETECTED,87,2023-02-06 13:23:43.007376
ALT0006179,TXN00476367,ACCT100056711,ML_PATTERN_DETECTED,92,2023-06-18 04:50:07.415527
ALT0006180,TXN00481612,ACCT100060230,ML_PATTERN_DETECTED,87,2023-07-27 16:07:20.985105
ALT0006181,TXN00489839,ACCT100053957,ML_PATTERN_DETECTED,74,2024-01-24 00:46:55.692691
ALT0006182,TXN00488993,ACCT100004546,ML_PATTERN_DETECTED,72,2024-10-31 02:52:58.337319
ALT0006183,TXN00491062,ACCT100078030,ML_PATTERN_DETECTED,50,2023-06-12 01:46:21.444386
ALT0006184,TXN00493823,ACCT100081168,ML_PATTERN_DETECTED,61,2024-07-01 05:36:13.197897
ALT0006185,TXN00480251,ACCT100096815,ML_PATTERN_DETECTED,75,2023-10-19 17:53:09.050525
ALT0006186,TXN00477651,ACCT100035869,ML_PATTERN_DETECTED,93,2024-11-29 03:12:00.620529
ALT0006187,TXN00484220,ACCT100007638,ML_PATTERN_DETECTED,95,2024-06-01 14:47:30.968927
ALT0006188,TXN00490295,ACCT100071267,ML_PATTERN_DETECTED,91,2024-03-30 21:28:27.039469
ALT0006189,TXN00495198,ACCT100071369,ML_PATTERN_DETECTED,53,2023-12-31 15:15:35.159951
ALT0006190,TXN00475234,ACCT100085717,ML_PATTERN_DETECTED,72,2023-09-08 00:48:54.078627
ALT0006191,TXN00494962,ACCT100015505,ML_PATTERN_DETECTED,62,2023-05-04 15:28:29.665880
ALT0006192,TXN00484595,ACCT100067998,ML_PATTERN_DETECTED,77,2023-06-08 01:53:34.080781
ALT0006193,TXN00489715,ACCT100027105,ML_PATTERN_DETECTED,60,2024-10-07 17:34:20.615234
ALT0006194,TXN00486532,ACCT100099001,ML_PATTERN_DETECTED,56,2023-08-27 15:48:57.987664
ALT0006195,TXN00484369,ACCT100078217,ML_PATTERN_DETECTED,86,2024-07-26 18:21:25.928472
ALT0006196,TXN00475241,ACCT100095743,ML_PATTERN_DETECTED,97,2024-01-18 03:10:09.385396
ALT0006197,TXN00499998,ACCT100038016,ML_PATTERN_DETECTED,83,2024-08-22 22:53:20.476482
ALT0006198,TXN00489836,ACCT100044351,ML_PATTERN_DETECTED,83,2023-07-06 08:47:14.487139
ALT0006199,TXN00489121,ACCT100099325,ML_PATTERN_DETECTED,53,2024-01-12 19:02:01.899160
ALT0006200,TXN00499680,ACCT100081866,ML_PATTERN_DETECTED,58,2023-12-09 11:41:03.611708
ALT0006201,TXN00493275,ACCT100078930,ML_PATTERN_DETECTED,66,2024-01-04 03:14:42.964331
ALT0006202,TXN00475863,ACCT100015954,ML_PATTERN_DETECTED,60,2023-07-04 15:42:59.284648
ALT0006203,TXN00477676,ACCT100005592,ML_PATTERN_DETECTED,55,2023-03-10 06:15:27.632031
ALT0006204,TXN00499779,ACCT100006858,ML_PATTERN_DETECTED,79,2024-05-29 15:30:25.061540
ALT0006205,TXN00486079,ACCT100057941,ML_PATTERN_DETECTED,70,2023-12-12 04:54:51.458062
ALT0006206,TXN00491393,ACCT100073049,ML_PATTERN_DETECTED,84,2023-05-08 20:29:47.808580
ALT0006207,TXN00496285,ACCT100038723,ML_PATTERN_DETECTED,73,2023-01-14 20:36:24.835713
ALT0006208,TXN00483880,ACCT100004603,ML_PATTERN_DETECTED,64,2024-09-01 14:31:18.738052
ALT0006209,TXN00486337,ACCT100091817,ML_PATTERN_DETECTED,65,2023-07-07 18:32:14.952841
ALT0006210,TXN00486261,ACCT100028216,ML_PATTERN_DETECTED,94,2023-11-06 03:52:28.580844
ALT0006211,TXN00485396,ACCT100052935,ML_PATTERN_DETECTED,67,2024-07-22 17:39:11.350296
ALT0006212,TXN00476942,ACCT100065981,ML_PATTERN_DETECTED,65,2024-07-03 21:01:57.098831
ALT0006213,TXN00480748,ACCT100026551,ML_PATTERN_DETECTED,87,2024-10-23 20:35:26.066901
ALT0006214,TXN00480364,ACCT100005325,ML_PATTERN_DETECTED,74,2024-10-15 00:05:24.761691
ALT0006215,TXN00488479,ACCT100099170,ML_PATTERN_DETECTED,66,2024-02-21 09:35:13.548543
ALT0006216,TXN00498780,ACCT100047653,ML_PATTERN_DETECTED,67,2024-08-20 19:56:49.435158
ALT0006217,TXN00492494,ACCT100092965,ML_PATTERN_DETECTED,75,2024-03-12 05:10:42.988944
ALT0006218,TXN00483522,ACCT100076531,ML_PATTERN_DETECTED,51,2023-03-04 08:27:04.432278
ALT0006219,TXN00496874,ACCT100072450,ML_PATTERN_DETECTED,64,2023-09-24 20:30:04.688533
ALT0006220,TXN00479525,ACCT100095731,ML_PATTERN_DETECTED,62,2024-01-19 13:23:48.130999
ALT0006221,TXN00475569,ACCT100090210,ML_PATTERN_DETECTED,72,2024-11-08 17:39:16.510540
ALT0006222,TXN00497255,ACCT100058114,ML_PATTERN_DETECTED,66,2024-11-05 23:19:18.641071
ALT0006223,TXN00482987,ACCT100044398,ML_PATTERN_DETECTED,58,2024-10-01 08:09:22.553915
ALT0006224,TXN00481353,ACCT100057550,ML_PATTERN_DETECTED,80,2024-06-12 20:08:20.261049
ALT0006225,TXN00486072,ACCT100047955,ML_PATTERN_DETECTED,59,2023-08-25 18:28:44.883033
ALT0006226,TXN00478963,ACCT100097337,ML_PATTERN_DETECTED,59,2024-10-18 04:02:07.515063
ALT0006227,TXN00479401,ACCT100007018,ML_PATTERN_DETECTED,89,2024-04-06 11:32:03.599630
ALT0006228,TXN00487428,ACCT100025829,ML_PATTERN_DETECTED,70,2024-11-20 09:40:35.906296
ALT0006229,TXN00488021,ACCT100002443,ML_PATTERN_DETECTED,71,2024-07-10 00:40:32.405863
ALT0006230,TXN00498451,ACCT100032068,ML_PATTERN_DETECTED,53,2023-12-19 01:02:25.577555
ALT0006231,TXN00496411,ACCT100058826,ML_PATTERN_DETECTED,59,2024-02-29 12:43:59.612184
ALT0006232,TXN00499391,ACCT100068126,ML_PATTERN_DETECTED,92,2023-01-26 19:48:52.710424
ALT0006233,TXN00499969,ACCT100050864,ML_PATTERN_DETECTED,95,2023-04-06 07:29:57.271403
ALT0006234,TXN00483494,ACCT100084925,ML_PATTERN_DETECTED,53,2024-08-12 11:21:12.469744
ALT0006235,TXN00497810,ACCT100062614,ML_PATTERN_DETECTED,84,2023-01-03 22:08:01.493210
ALT0006236,TXN00490698,ACCT100008595,ML_PATTERN_DETECTED,53,2023-12-11 13:37:42.735916
ALT0006237,TXN00489232,ACCT100078494,ML_PATTERN_DETECTED,89,2024-10-24 03:14:38.955591
ALT0006238,TXN00495948,ACCT100043904,ML_PATTERN_DETECTED,84,2024-10-11 00:58:42.502903
ALT0006239,TXN00488933,ACCT100018095,ML_PATTERN_DETECTED,96,2024-09-22 21:15:00.885018
ALT0006240,TXN00494020,ACCT100016720,ML_PATTERN_DETECTED,67,2023-02-01 23:19:04.610421
ALT0006241,TXN00482687,ACCT100037153,ML_PATTERN_DETECTED,81,2023-10-07 15:56:11.249259
ALT0006242,TXN00478185,ACCT100044894,ML_PATTERN_DETECTED,87,2024-06-26 16:33:47.947106
ALT0006243,TXN00484900,ACCT100083505,ML_PATTERN_DETECTED,66,2024-09-30 13:58:17.551028
ALT0006244,TXN00495025,ACCT100054823,ML_PATTERN_DETECTED,86,2024-12-15 06:29:57.993131
ALT0006245,TXN00496817,ACCT100026009,ML_PATTERN_DETECTED,78,2023-09-21 07:52:43.538141
ALT0006246,TXN00489576,ACCT100083460,ML_PATTERN_DETECTED,72,2023-07-10 23:13:13.069725
ALT0006247,TXN00491445,ACCT100041390,ML_PATTERN_DETECTED,73,2023-05-23 23:04:32.621877
ALT0006248,TXN00489682,ACCT100009073,ML_PATTERN_DETECTED,88,2023-06-24 01:59:09.274398
ALT0006249,TXN00482894,ACCT100040004,ML_PATTERN_DETECTED,77,2023-12-13 21:18:48.362859
ALT0006250,TXN00475064,ACCT100016985,ML_PATTERN_DETECTED,56,2023-11-08 04:58:28.197294
ALT0006251,TXN00490053,ACCT100051214,ML_PATTERN_DETECTED,88,2024-10-04 12:34:15.664681
ALT0006252,TXN00490090,ACCT100015803,ML_PATTERN_DETECTED,56,2024-05-14 10:47:56.912197
ALT0006253,TXN00494497,ACCT100041488,ML_PATTERN_DETECTED,90,2024-08-08 14:48:16.765758
ALT0006254,TXN00489287,ACCT100085763,ML_PATTERN_DETECTED,50,2024-10-02 13:45:00.893736
ALT0006255,TXN00495934,ACCT100027188,ML_PATTERN_DETECTED,84,2023-04-14 04:48:40.907218
ALT0006256,TXN00477883,ACCT100066405,ML_PATTERN_DETECTED,50,2024-03-17 23:47:29.202671
ALT0006257,TXN00488085,ACCT100055432,ML_PATTERN_DETECTED,72,2024-06-21 06:46:42.490294
ALT0006258,TXN00487571,ACCT100026400,ML_PATTERN_DETECTED,60,2024-11-12 16:17:17.288239
ALT0006259,TXN00491713,ACCT100015135,ML_PATTERN_DETECTED,77,2023-04-02 21:06:04.766145
ALT0006260,TXN00478896,ACCT100020066,ML_PATTERN_DETECTED,69,2024-06-12 20:16:10.525893
ALT0006261,TXN00488926,ACCT100093145,ML_PATTERN_DETECTED,56,2023-05-05 05:34:08.351529
ALT0006262,TXN00477155,ACCT100070578,ML_PATTERN_DETECTED,68,2024-03-01 05:55:27.684209
ALT0006263,TXN00493224,ACCT100054554,ML_PATTERN_DETECTED,56,2023-12-31 15:49:56.815275
ALT0006264,TXN00489418,ACCT100099804,ML_PATTERN_DETECTED,72,2023-07-02 10:40:34.915359
ALT0006265,TXN00483012,ACCT100026442,ML_PATTERN_DETECTED,93,2024-05-13 19:40:51.781157
ALT0006266,TXN00487077,ACCT100080817,ML_PATTERN_DETECTED,58,2024-10-19 11:29:23.608290
ALT0006267,TXN00481654,ACCT100012200,ML_PATTERN_DETECTED,50,2023-01-01 09:09:54.539630
ALT0006268,TXN00475684,ACCT100069142,ML_PATTERN_DETECTED,87,2024-04-19 23:52:02.336397
ALT0006269,TXN00488487,ACCT100055861,ML_PATTERN_DETECTED,57,2024-12-17 20:27:53.307576
ALT0006270,TXN00478676,ACCT100028370,ML_PATTERN_DETECTED,91,2023-03-27 21:10:11.839518
ALT0006271,TXN00479784,ACCT100095155,ML_PATTERN_DETECTED,94,2023-05-16 14:37:51.716030
ALT0006272,TXN00486372,ACCT100072571,ML_PATTERN_DETECTED,67,2024-03-17 05:09:08.472688
ALT0006273,TXN00490110,ACCT100012681,ML_PATTERN_DETECTED,73,2023-10-07 07:02:19.545860
ALT0006274,TXN00475398,ACCT100075243,ML_PATTERN_DETECTED,67,2023-01-19 09:40:44.207042
ALT0006275,TXN00491670,ACCT100090781,ML_PATTERN_DETECTED,80,2023-01-17 05:46:10.382251
ALT0006276,TXN00477014,ACCT100084242,ML_PATTERN_DETECTED,54,2024-12-12 04:36:22.037185
ALT0006277,TXN00482598,ACCT100030850,ML_PATTERN_DETECTED,91,2023-04-08 13:07:04.482644
ALT0006278,TXN00483956,ACCT100036908,ML_PATTERN_DETECTED,72,2024-11-02 11:24:34.364348
ALT0006279,TXN00476019,ACCT100024173,ML_PATTERN_DETECTED,68,2024-11-25 06:13:09.073852
ALT0006280,TXN00485407,ACCT100061320,ML_PATTERN_DETECTED,83,2024-03-16 15:51:41.010274
ALT0006281,TXN00498454,ACCT100050381,ML_PATTERN_DETECTED,52,2023-06-02 17:18:26.943882
ALT0006282,TXN00476668,ACCT100071562,ML_PATTERN_DETECTED,70,2024-09-12 22:43:52.423819
ALT0006283,TXN00489958,ACCT100076454,ML_PATTERN_DETECTED,91,2024-03-28 22:58:46.276974
ALT0006284,TXN00498215,ACCT100037505,ML_PATTERN_DETECTED,81,2024-12-12 06:13:58.308021
ALT0006285,TXN00494599,ACCT100077717,ML_PATTERN_DETECTED,60,2023-07-06 17:37:16.373014
ALT0006286,TXN00499011,ACCT100097657,ML_PATTERN_DETECTED,75,2024-11-17 04:35:12.204208
ALT0006287,TXN00499963,ACCT100072671,ML_PATTERN_DETECTED,87,2024-01-05 16:22:14.250801
ALT0006288,TXN00489407,ACCT100081473,ML_PATTERN_DETECTED,58,2023-06-08 07:59:41.917616
ALT0006289,TXN00481738,ACCT100030059,ML_PATTERN_DETECTED,88,2024-04-02 10:51:10.600487
ALT0006290,TXN00488851,ACCT100077931,ML_PATTERN_DETECTED,91,2023-02-04 14:52:37.404957
ALT0006291,TXN00476185,ACCT100014104,ML_PATTERN_DETECTED,84,2023-04-01 15:11:50.803432
ALT0006292,TXN00483036,ACCT100059767,ML_PATTERN_DETECTED,97,2024-01-01 07:23:25.646587
ALT0006293,TXN00499603,ACCT100064948,ML_PATTERN_DETECTED,81,2023-03-14 14:15:05.328909
ALT0006294,TXN00493264,ACCT100016801,ML_PATTERN_DETECTED,88,2024-10-01 10:37:07.369155
ALT0006295,TXN00493583,ACCT100072730,ML_PATTERN_DETECTED,52,2024-04-16 17:26:27.265507
ALT0006296,TXN00487225,ACCT100075172,ML_PATTERN_DETECTED,91,2024-06-14 16:09:18.776622
ALT0006297,TXN00487865,ACCT100099663,ML_PATTERN_DETECTED,81,2023-03-20 17:45:22.360779
ALT0006298,TXN00478826,ACCT100022915,ML_PATTERN_DETECTED,61,2024-10-27 12:33:36.538928
ALT0006299,TXN00489989,ACCT100014981,ML_PATTERN_DETECTED,66,2024-10-27 09:30:45.266935
ALT0006300,TXN00365222,ACCT100080230,HIGH_VALUE_TXN,74,2023-04-05 15:29:35.099094
ALT0006301,TXN00486502,ACCT100012682,ML_PATTERN_DETECTED,83,2023-02-12 19:14:49.278360
ALT0006302,TXN00494492,ACCT100043827,ML_PATTERN_DETECTED,60,2024-08-18 14:39:57.905983
ALT0006303,TXN00495121,ACCT100015074,ML_PATTERN_DETECTED,92,2024-10-20 10:12:29.724829
ALT0006304,TXN00495929,ACCT100053118,ML_PATTERN_DETECTED,90,2024-07-31 13:07:18.751139
ALT0006305,TXN00478556,ACCT100084146,ML_PATTERN_DETECTED,77,2023-12-15 08:04:15.689450
ALT0006306,TXN00490603,ACCT100085951,ML_PATTERN_DETECTED,68,2023-07-19 01:01:55.211095
ALT0006307,TXN00489082,ACCT100077689,ML_PATTERN_DETECTED,89,2023-12-18 22:22:19.370704
ALT0006308,TXN00477526,ACCT100047145,ML_PATTERN_DETECTED,81,2023-09-24 00:29:18.268714
ALT0006309,TXN00485114,ACCT100082556,ML_PATTERN_DETECTED,89,2023-10-25 17:43:09.621010
ALT0006310,TXN00493268,ACCT100095505,ML_PATTERN_DETECTED,89,2024-07-11 19:07:49.216309
ALT0006311,TXN00478422,ACCT100094976,ML_PATTERN_DETECTED,74,2023-12-01 23:30:08.795078
ALT0006312,TXN00490579,ACCT100001293,ML_PATTERN_DETECTED,97,2023-10-13 17:13:49.797250
ALT0006313,TXN00492910,ACCT100040927,ML_PATTERN_DETECTED,80,2023-01-29 03:55:55.953334
ALT0006314,TXN00476071,ACCT100058643,ML_PATTERN_DETECTED,97,2023-09-28 06:58:11.878311
ALT0006315,TXN00479466,ACCT100096668,ML_PATTERN_DETECTED,73,2023-11-12 07:06:30.100426
ALT0006316,TXN00480524,ACCT100014684,ML_PATTERN_DETECTED,71,2024-01-23 15:40:24.806448
ALT0006317,TXN00490486,ACCT100010444,ML_PATTERN_DETECTED,59,2024-04-30 22:52:36.754091
ALT0006318,TXN00481633,ACCT100022693,ML_PATTERN_DETECTED,76,2023-05-15 04:52:12.391271
ALT0006319,TXN00477171,ACCT100024635,ML_PATTERN_DETECTED,57,2023-08-12 21:14:43.946243
ALT0006320,TXN00492676,ACCT100038242,ML_PATTERN_DETECTED,83,2024-11-02 06:48:17.603593
ALT0006321,TXN00483248,ACCT100066407,ML_PATTERN_DETECTED,94,2023-11-06 01:36:58.843397
ALT0006322,TXN00486275,ACCT100010985,ML_PATTERN_DETECTED,71,2023-09-30 16:23:39.038430
ALT0006323,TXN00486916,ACCT100087580,ML_PATTERN_DETECTED,63,2023-07-10 18:49:47.051548
ALT0006324,TXN00493805,ACCT100024529,ML_PATTERN_DETECTED,81,2023-08-04 19:59:08.482898
ALT0006325,TXN00492600,ACCT100020855,ML_PATTERN_DETECTED,98,2023-05-01 14:49:50.036971
ALT0006326,TXN00477533,ACCT100058412,ML_PATTERN_DETECTED,84,2023-04-16 12:47:18.395484
ALT0006327,TXN00487272,ACCT100029847,ML_PATTERN_DETECTED,75,2024-01-29 17:21:27.096252
ALT0006328,TXN00493467,ACCT100011008,ML_PATTERN_DETECTED,81,2024-05-23 16:17:17.443762
ALT0006329,TXN00487870,ACCT100029712,ML_PATTERN_DETECTED,86,2023-03-13 22:15:51.283958
ALT0006330,TXN00497085,ACCT100040479,ML_PATTERN_DETECTED,82,2023-12-04 05:11:49.824204
ALT0006331,TXN00495687,ACCT100073478,ML_PATTERN_DETECTED,57,2024-06-08 15:22:12.183423
ALT0006332,TXN00498515,ACCT100080692,ML_PATTERN_DETECTED,86,2023-04-20 10:06:16.460751
ALT0006333,TXN00495194,ACCT100049980,ML_PATTERN_DETECTED,85,2023-11-22 20:42:08.239669
ALT0006334,TXN00485838,ACCT100062181,ML_PATTERN_DETECTED,81,2023-01-18 04:30:02.147315
ALT0006335,TXN00480984,ACCT100000325,ML_PATTERN_DETECTED,65,2023-02-15 12:12:12.545215
ALT0006336,TXN00478320,ACCT100016108,ML_PATTERN_DETECTED,61,2024-03-26 08:40:44.577276
ALT0006337,TXN00475038,ACCT100019631,ML_PATTERN_DETECTED,93,2024-08-16 19:10:37.811174
ALT0006338,TXN00487852,ACCT100053906,ML_PATTERN_DETECTED,82,2024-05-01 06:05:39.783061
ALT0006339,TXN00485191,ACCT100038210,ML_PATTERN_DETECTED,51,2024-04-02 00:01:00.466675
ALT0006340,TXN00497494,ACCT100075387,ML_PATTERN_DETECTED,57,2023-01-18 11:41:17.287087
ALT0006341,TXN00495460,ACCT100067576,ML_PATTERN_DETECTED,76,2024-11-10 14:05:12.830255
ALT0006342,TXN00475370,ACCT100074960,ML_PATTERN_DETECTED,85,2023-05-15 06:13:36.052998
ALT0006343,TXN00498491,ACCT100064647,ML_PATTERN_DETECTED,74,2023-05-02 11:30:56.811164
ALT0006344,TXN00494250,ACCT100015577,ML_PATTERN_DETECTED,63,2023-11-08 17:19:11.690566
ALT0006345,TXN00499557,ACCT100083946,ML_PATTERN_DETECTED,70,2023-10-25 02:41:44.412490
ALT0006346,TXN00484860,ACCT100045433,ML_PATTERN_DETECTED,66,2024-06-02 00:31:16.925773
ALT0006347,TXN00497288,ACCT100052351,ML_PATTERN_DETECTED,62,2023-09-23 22:33:10.067478
ALT0006348,TXN00497803,ACCT100067844,ML_PATTERN_DETECTED,89,2023-03-13 06:57:29.082016
ALT0006349,TXN00475653,ACCT100088861,ML_PATTERN_DETECTED,92,2023-06-29 16:05:47.613303
ALT0006350,TXN00497382,ACCT100085660,ML_PATTERN_DETECTED,77,2024-10-21 05:32:17.887449
ALT0006351,TXN00483974,ACCT100048420,ML_PATTERN_DETECTED,52,2023-11-13 02:36:25.856961
ALT0006352,TXN00486929,ACCT100041951,ML_PATTERN_DETECTED,66,2024-06-30 10:34:01.581823
ALT0006353,TXN00482519,ACCT100019075,ML_PATTERN_DETECTED,86,2024-09-22 08:34:44.813570
ALT0006354,TXN00498668,ACCT100045378,ML_PATTERN_DETECTED,81,2024-07-24 02:11:17.615501
ALT0006355,TXN00482169,ACCT100062505,ML_PATTERN_DETECTED,50,2023-06-29 15:14:33.072464
ALT0006356,TXN00480262,ACCT100055851,ML_PATTERN_DETECTED,75,2024-06-14 20:33:10.028370
ALT0006357,TXN00497091,ACCT100079745,ML_PATTERN_DETECTED,80,2023-10-09 04:56:31.172567
ALT0006358,TXN00477906,ACCT100040493,ML_PATTERN_DETECTED,57,2024-02-28 11:44:24.648679
ALT0006359,TXN00487985,ACCT100057350,ML_PATTERN_DETECTED,94,2024-02-08 22:41:47.839540
ALT0006360,TXN00499229,ACCT100044694,ML_PATTERN_DETECTED,94,2023-01-25 07:21:13.772656
ALT0006361,TXN00494718,ACCT100042365,ML_PATTERN_DETECTED,75,2024-01-12 21:42:55.509139
ALT0006362,TXN00478196,ACCT100062626,ML_PATTERN_DETECTED,63,2023-12-12 02:49:26.898853
ALT0006363,TXN00481410,ACCT100007291,ML_PATTERN_DETECTED,95,2024-10-02 08:22:47.656867
ALT0006364,TXN00487330,ACCT100005028,ML_PATTERN_DETECTED,73,2024-10-05 03:33:28.978131
ALT0006365,TXN00483970,ACCT100064088,ML_PATTERN_DETECTED,57,2024-05-29 22:07:56.187696
ALT0006366,TXN00477514,ACCT100059446,ML_PATTERN_DETECTED,64,2023-11-09 19:31:49.498240
ALT0006367,TXN00483006,ACCT100041652,ML_PATTERN_DETECTED,73,2023-04-30 14:38:00.596462
ALT0006368,TXN00476034,ACCT100094910,ML_PATTERN_DETECTED,74,2023-08-20 05:32:11.228797
ALT0006369,TXN00477941,ACCT100042661,ML_PATTERN_DETECTED,87,2023-03-24 03:24:45.069007
ALT0006370,TXN00482606,ACCT100007063,ML_PATTERN_DETECTED,70,2024-08-11 02:40:10.690234
ALT0006371,TXN00479114,ACCT100037547,ML_PATTERN_DETECTED,83,2024-07-23 17:18:55.147191
ALT0006372,TXN00494163,ACCT100005728,ML_PATTERN_DETECTED,84,2024-09-23 06:35:12.105559
ALT0006373,TXN00476950,ACCT100008775,ML_PATTERN_DETECTED,96,2024-06-18 21:03:09.188558
ALT0006374,TXN00499049,ACCT100034006,ML_PATTERN_DETECTED,98,2023-07-09 14:03:21.301229
ALT0006375,TXN00496460,ACCT100083112,ML_PATTERN_DETECTED,57,2023-11-26 10:01:24.721743
ALT0006376,TXN00496109,ACCT100089839,ML_PATTERN_DETECTED,63,2023-04-26 21:40:00.839852
ALT0006377,TXN00491289,ACCT100049934,ML_PATTERN_DETECTED,67,2023-01-31 23:47:22.438591
ALT0006378,TXN00489666,ACCT100066824,ML_PATTERN_DETECTED,78,2023-01-05 04:35:31.999080
ALT0006379,TXN00479727,ACCT100003666,ML_PATTERN_DETECTED,78,2024-09-11 09:42:57.236220
ALT0006380,TXN00492235,ACCT100088289,ML_PATTERN_DETECTED,80,2023-10-17 10:04:15.040445
ALT0006381,TXN00494534,ACCT100042625,ML_PATTERN_DETECTED,61,2024-09-04 13:10:13.589745
ALT0006382,TXN00493862,ACCT100033072,ML_PATTERN_DETECTED,96,2024-10-08 02:37:29.792447
ALT0006383,TXN00484268,ACCT100053501,ML_PATTERN_DETECTED,64,2023-08-24 11:51:57.041768
ALT0006384,TXN00483285,ACCT100018926,ML_PATTERN_DETECTED,61,2024-10-24 20:17:28.341762
ALT0006385,TXN00476038,ACCT100088431,ML_PATTERN_DETECTED,84,2024-09-21 15:46:53.744895
ALT0006386,TXN00480901,ACCT100071246,ML_PATTERN_DETECTED,86,2024-03-08 13:18:28.231621
ALT0006387,TXN00487095,ACCT100065613,ML_PATTERN_DETECTED,76,2023-01-07 23:37:47.055597
ALT0006388,TXN00494095,ACCT100002405,ML_PATTERN_DETECTED,68,2024-11-14 18:08:46.896698
ALT0006389,TXN00480184,ACCT100078930,ML_PATTERN_DETECTED,51,2024-03-11 01:55:36.963841
ALT0006390,TXN00490368,ACCT100001846,ML_PATTERN_DETECTED,84,2023-07-20 15:58:03.401611
ALT0006391,TXN00482473,ACCT100020930,ML_PATTERN_DETECTED,68,2024-03-16 03:22:10.038758
ALT0006392,TXN00499879,ACCT100085748,ML_PATTERN_DETECTED,97,2024-10-15 20:22:02.197006
ALT0006393,TXN00494729,ACCT100040784,ML_PATTERN_DETECTED,60,2023-06-07 19:05:41.504625
ALT0006394,TXN00498342,ACCT100092421,ML_PATTERN_DETECTED,52,2023-05-08 19:22:45.029499
ALT0006395,TXN00495524,ACCT100042462,ML_PATTERN_DETECTED,78,2024-03-27 05:04:31.065371
ALT0006396,TXN00476814,ACCT100083664,ML_PATTERN_DETECTED,83,2023-01-08 16:01:29.499725
ALT0006397,TXN00496811,ACCT100098189,ML_PATTERN_DETECTED,89,2024-03-21 06:37:54.891402
ALT0006398,TXN00481091,ACCT100010269,ML_PATTERN_DETECTED,62,2023-12-18 10:41:07.269217
ALT0006399,TXN00493015,ACCT100050413,ML_PATTERN_DETECTED,79,2023-07-27 00:08:43.850509
ALT0006400,TXN00480796,ACCT100016213,ML_PATTERN_DETECTED,81,2024-06-11 10:53:00.136050
ALT0006401,TXN00489521,ACCT100081401,ML_PATTERN_DETECTED,83,2023-02-12 18:30:24.318522
ALT0006402,TXN00488142,ACCT100045297,ML_PATTERN_DETECTED,72,2023-04-19 04:41:53.645581
ALT0006403,TXN00486336,ACCT100054957,ML_PATTERN_DETECTED,53,2023-09-13 02:44:22.873893
ALT0006404,TXN00489223,ACCT100051186,ML_PATTERN_DETECTED,53,2023-07-06 09:05:43.456344
ALT0006405,TXN00486885,ACCT100099170,ML_PATTERN_DETECTED,52,2024-05-19 04:00:17.042905
ALT0006406,TXN00480475,ACCT100052291,ML_PATTERN_DETECTED,53,2023-07-30 03:17:19.826331
ALT0006407,TXN00484117,ACCT100064320,ML_PATTERN_DETECTED,75,2024-03-19 23:31:04.227624
ALT0006408,TXN00481240,ACCT100062696,ML_PATTERN_DETECTED,50,2023-11-21 14:46:11.389109
ALT0006409,TXN00478353,ACCT100018028,ML_PATTERN_DETECTED,52,2024-06-13 16:38:57.174905
ALT0006410,TXN00477234,ACCT100053756,ML_PATTERN_DETECTED,88,2024-06-21 10:59:04.796023
ALT0006411,TXN00478886,ACCT100005365,ML_PATTERN_DETECTED,87,2024-06-07 14:49:48.246148
ALT0006412,TXN00479937,ACCT100038092,ML_PATTERN_DETECTED,71,2024-02-13 05:33:19.295772
ALT0006413,TXN00475784,ACCT100027755,ML_PATTERN_DETECTED,84,2023-10-05 16:03:27.439184
ALT0006414,TXN00496485,ACCT100069880,ML_PATTERN_DETECTED,50,2024-09-13 06:20:35.074858
ALT0006415,TXN00479798,ACCT100035480,ML_PATTERN_DETECTED,65,2023-04-09 20:49:37.214521
ALT0006416,TXN00483440,ACCT100072639,ML_PATTERN_DETECTED,60,2023-09-16 03:54:03.212762
ALT0006417,TXN00494056,ACCT100017316,ML_PATTERN_DETECTED,56,2023-10-18 18:28:58.150498
ALT0006418,TXN00481662,ACCT100054954,ML_PATTERN_DETECTED,71,2024-10-03 14:03:09.144119
ALT0006419,TXN00497790,ACCT100042020,ML_PATTERN_DETECTED,67,2023-11-20 16:06:34.201580
ALT0006420,TXN00485147,ACCT100001341,ML_PATTERN_DETECTED,75,2024-08-21 23:14:16.325709
ALT0006421,TXN00480170,ACCT100047044,ML_PATTERN_DETECTED,51,2024-08-16 05:47:27.136598
ALT0006422,TXN00479061,ACCT100066065,ML_PATTERN_DETECTED,61,2024-02-26 05:20:44.183975
ALT0006423,TXN00480274,ACCT100015539,ML_PATTERN_DETECTED,93,2023-03-11 14:52:18.668227
ALT0006424,TXN00487088,ACCT100013478,ML_PATTERN_DETECTED,81,2024-08-06 08:56:50.331330
ALT0006425,TXN00496358,ACCT100089014,ML_PATTERN_DETECTED,83,2023-08-29 03:23:38.737031
ALT0006426,TXN00483960,ACCT100099714,ML_PATTERN_DETECTED,55,2024-03-16 06:22:54.893589
ALT0006427,TXN00488606,ACCT100084448,ML_PATTERN_DETECTED,91,2023-07-31 21:51:48.992560
ALT0006428,TXN00487995,ACCT100020083,ML_PATTERN_DETECTED,61,2024-10-19 04:09:25.814641
ALT0006429,TXN00493113,ACCT100095553,ML_PATTERN_DETECTED,53,2024-10-28 00:54:54.162715
ALT0006430,TXN00498702,ACCT100066956,ML_PATTERN_DETECTED,77,2023-04-20 13:15:59.738162
ALT0006431,TXN00481135,ACCT100078745,ML_PATTERN_DETECTED,62,2023-10-22 20:23:18.200879
ALT0006432,TXN00488246,ACCT100099985,ML_PATTERN_DETECTED,55,2023-09-22 11:33:59.893618
ALT0006433,TXN00478429,ACCT100003691,ML_PATTERN_DETECTED,67,2023-01-19 22:31:35.066737
ALT0006434,TXN00480813,ACCT100002888,ML_PATTERN_DETECTED,93,2024-07-03 02:02:53.906948
ALT0006435,TXN00498722,ACCT100077407,ML_PATTERN_DETECTED,63,2024-02-02 05:50:46.024984
ALT0006436,TXN00476305,ACCT100031544,ML_PATTERN_DETECTED,51,2023-11-28 14:01:03.613746
ALT0006437,TXN00483236,ACCT100053287,ML_PATTERN_DETECTED,94,2023-07-20 13:41:50.111934
ALT0006438,TXN00482734,ACCT100066342,ML_PATTERN_DETECTED,59,2023-12-13 12:33:47.762062
ALT0006439,TXN00479691,ACCT100080882,ML_PATTERN_DETECTED,73,2024-04-12 10:14:01.094192
ALT0006440,TXN00497565,ACCT100003109,ML_PATTERN_DETECTED,73,2024-11-05 19:31:08.771252
ALT0006441,TXN00480265,ACCT100051465,ML_PATTERN_DETECTED,55,2023-03-01 11:07:28.696938
ALT0006442,TXN00495415,ACCT100016324,ML_PATTERN_DETECTED,92,2023-07-30 04:47:14.833294
ALT0006443,TXN00478302,ACCT100070727,ML_PATTERN_DETECTED,64,2023-07-13 17:14:51.219321
ALT0006444,TXN00498376,ACCT100049379,ML_PATTERN_DETECTED,97,2023-07-15 04:57:35.615875
ALT0006445,TXN00476269,ACCT100028740,ML_PATTERN_DETECTED,85,2024-09-24 02:17:15.477018
ALT0006446,TXN00499109,ACCT100099232,ML_PATTERN_DETECTED,76,2023-01-07 19:01:20.445117
ALT0006447,TXN00499178,ACCT100054737,ML_PATTERN_DETECTED,73,2024-10-10 20:24:38.276617
ALT0006448,TXN00496649,ACCT100021275,ML_PATTERN_DETECTED,70,2024-04-02 14:01:37.125348
ALT0006449,TXN00494037,ACCT100028848,ML_PATTERN_DETECTED,73,2023-10-19 14:28:06.930656
ALT0006450,TXN00478433,ACCT100083161,ML_PATTERN_DETECTED,94,2023-11-25 01:26:19.462108
ALT0006451,TXN00484760,ACCT100029723,ML_PATTERN_DETECTED,93,2024-04-02 07:01:02.017551
ALT0006452,TXN00476853,ACCT100095452,ML_PATTERN_DETECTED,91,2023-09-01 16:50:53.854846
ALT0006453,TXN00478955,ACCT100077349,ML_PATTERN_DETECTED,76,2024-02-28 02:51:06.838072
ALT0006454,TXN00477086,ACCT100008852,ML_PATTERN_DETECTED,74,2023-07-01 23:14:48.655249
ALT0006455,TXN00482160,ACCT100057476,ML_PATTERN_DETECTED,81,2024-05-04 10:36:03.248123
ALT0006456,TXN00476081,ACCT100071583,ML_PATTERN_DETECTED,94,2023-01-14 11:51:51.874415
ALT0006457,TXN00495249,ACCT100046299,ML_PATTERN_DETECTED,59,2024-03-08 08:20:11.850327
ALT0006458,TXN00483564,ACCT100028887,ML_PATTERN_DETECTED,89,2023-02-23 05:33:57.975681
ALT0006459,TXN00494679,ACCT100016252,ML_PATTERN_DETECTED,58,2023-03-26 09:10:00.766850
ALT0006460,TXN00489875,ACCT100095900,ML_PATTERN_DETECTED,64,2023-02-01 00:13:20.793988
ALT0006461,TXN00490206,ACCT100014881,ML_PATTERN_DETECTED,85,2023-02-21 16:53:47.073152
ALT0006462,TXN00489936,ACCT100025527,ML_PATTERN_DETECTED,71,2024-10-18 14:37:47.836286
ALT0006463,TXN00478620,ACCT100055586,ML_PATTERN_DETECTED,95,2024-12-05 01:48:20.059054
ALT0006464,TXN00480473,ACCT100077364,ML_PATTERN_DETECTED,97,2024-07-22 08:04:47.188375
ALT0006465,TXN00478669,ACCT100084775,ML_PATTERN_DETECTED,86,2024-06-02 13:20:14.050732
ALT0006466,TXN00482672,ACCT100088798,ML_PATTERN_DETECTED,70,2024-09-01 06:05:49.709533
ALT0006467,TXN00497911,ACCT100032800,ML_PATTERN_DETECTED,71,2024-04-15 01:37:01.793637
ALT0006468,TXN00487100,ACCT100033938,ML_PATTERN_DETECTED,72,2024-03-11 11:58:45.398208
ALT0006469,TXN00491473,ACCT100085393,ML_PATTERN_DETECTED,60,2024-01-11 07:25:50.745382
ALT0006470,TXN00481844,ACCT100066683,ML_PATTERN_DETECTED,70,2023-12-02 05:53:11.689654
ALT0006471,TXN00481357,ACCT100006352,ML_PATTERN_DETECTED,80,2023-02-04 19:37:31.322415
ALT0006472,TXN00476344,ACCT100089870,ML_PATTERN_DETECTED,76,2023-03-06 19:56:01.695638
ALT0006473,TXN00480565,ACCT100050391,ML_PATTERN_DETECTED,98,2023-06-09 05:42:16.339392
ALT0006474,TXN00496773,ACCT100085383,ML_PATTERN_DETECTED,82,2023-04-12 22:26:51.135988
ALT0006475,TXN00479102,ACCT100002561,ML_PATTERN_DETECTED,91,2023-09-17 19:00:21.923020
ALT0006476,TXN00493125,ACCT100015331,ML_PATTERN_DETECTED,75,2023-02-03 06:12:34.574589
ALT0006477,TXN00498862,ACCT100053882,ML_PATTERN_DETECTED,57,2023-10-15 16:39:18.890452
ALT0006478,TXN00497086,ACCT100007137,ML_PATTERN_DETECTED,50,2024-07-11 09:10:29.870602
ALT0006479,TXN00481833,ACCT100065835,ML_PATTERN_DETECTED,51,2024-05-01 20:07:47.714726
ALT0006480,TXN00476687,ACCT100003550,ML_PATTERN_DETECTED,67,2023-12-14 02:04:37.492377
ALT0006481,TXN00498569,ACCT100037285,ML_PATTERN_DETECTED,80,2023-02-22 21:34:29.647414
ALT0006482,TXN00484549,ACCT100018864,ML_PATTERN_DETECTED,94,2023-05-24 20:10:59.356436
ALT0006483,TXN00497063,ACCT100006964,ML_PATTERN_DETECTED,67,2024-08-26 18:03:42.801546
ALT0006484,TXN00487214,ACCT100030867,ML_PATTERN_DETECTED,69,2023-10-04 12:23:15.946550
ALT0006485,TXN00485553,ACCT100072164,ML_PATTERN_DETECTED,66,2024-10-13 22:07:57.820426
ALT0006486,TXN00481342,ACCT100022878,ML_PATTERN_DETECTED,93,2023-07-08 05:29:51.371927
ALT0006487,TXN00499182,ACCT100017678,ML_PATTERN_DETECTED,87,2023-12-19 14:30:54.988638
ALT0006488,TXN00492183,ACCT100012761,ML_PATTERN_DETECTED,52,2024-12-09 07:22:48.746297
ALT0006489,TXN00490605,ACCT100008561,ML_PATTERN_DETECTED,93,2024-10-04 13:58:42.384768
ALT0006490,TXN00487687,ACCT100035506,ML_PATTERN_DETECTED,83,2023-10-12 04:09:05.626781
ALT0006491,TXN00475209,ACCT100040160,ML_PATTERN_DETECTED,58,2023-07-20 10:47:57.508063
ALT0006492,TXN00496837,ACCT100080066,ML_PATTERN_DETECTED,80,2024-11-18 15:32:02.735127
ALT0006493,TXN00479140,ACCT100069926,ML_PATTERN_DETECTED,96,2024-12-27 15:46:23.061135
ALT0006494,TXN00479496,ACCT100042609,ML_PATTERN_DETECTED,67,2024-04-24 13:07:36.287593
ALT0006495,TXN00489696,ACCT100062171,ML_PATTERN_DETECTED,90,2024-03-11 03:18:47.011041
ALT0006496,TXN00476253,ACCT100090003,ML_PATTERN_DETECTED,62,2023-01-22 13:07:04.451115
ALT0006497,TXN00487480,ACCT100066136,ML_PATTERN_DETECTED,66,2023-10-24 01:24:20.856407
ALT0006498,TXN00475839,ACCT100090255,ML_PATTERN_DETECTED,76,2024-02-18 23:29:35.176353
ALT0006499,TXN00487741,ACCT100006576,ML_PATTERN_DETECTED,85,2023-02-26 12:04:45.438197
ALT0006500,TXN00477174,ACCT100014005,ML_PATTERN_DETECTED,88,2023-04-03 20:09:05.026686
ALT0006501,TXN00476271,ACCT100003768,ML_PATTERN_DETECTED,59,2024-12-08 15:40:19.168119
ALT0006502,TXN00497207,ACCT100024726,ML_PATTERN_DETECTED,55,2023-02-22 23:02:17.923448
ALT0006503,TXN00489329,ACCT100027974,ML_PATTERN_DETECTED,92,2023-08-01 07:05:47.158725
ALT0006504,TXN00491735,ACCT100054662,ML_PATTERN_DETECTED,73,2024-10-27 10:29:23.506161
ALT0006505,TXN00476786,ACCT100063200,ML_PATTERN_DETECTED,57,2023-04-05 04:05:21.258945
ALT0006506,TXN00482354,ACCT100094586,ML_PATTERN_DETECTED,97,2023-09-28 15:32:10.314330
ALT0006507,TXN00495219,ACCT100007313,ML_PATTERN_DETECTED,88,2024-01-07 14:44:30.644291
ALT0006508,TXN00499894,ACCT100033716,ML_PATTERN_DETECTED,71,2023-11-16 09:25:37.908819
ALT0006509,TXN00499209,ACCT100098365,ML_PATTERN_DETECTED,75,2023-05-07 02:04:02.429384
ALT0006510,TXN00489648,ACCT100006357,ML_PATTERN_DETECTED,98,2024-10-11 18:56:34.910976
ALT0006511,TXN00488049,ACCT100098810,ML_PATTERN_DETECTED,51,2024-08-18 11:33:57.514351
ALT0006512,TXN00475335,ACCT100041779,ML_PATTERN_DETECTED,62,2024-05-01 02:35:47.322101
ALT0006513,TXN00495611,ACCT100080410,ML_PATTERN_DETECTED,61,2023-02-27 19:25:28.085731
ALT0006514,TXN00483243,ACCT100047273,ML_PATTERN_DETECTED,65,2024-09-23 02:48:08.358803
ALT0006515,TXN00484107,ACCT100055595,ML_PATTERN_DETECTED,75,2024-10-23 17:09:06.473574
ALT0006516,TXN00476306,ACCT100068851,ML_PATTERN_DETECTED,82,2024-02-24 10:42:29.393036
ALT0006517,TXN00492553,ACCT100016906,ML_PATTERN_DETECTED,57,2024-03-28 10:51:00.489251
ALT0006518,TXN00488997,ACCT100021589,ML_PATTERN_DETECTED,61,2023-07-13 03:13:01.062105
ALT0006519,TXN00480362,ACCT100063957,ML_PATTERN_DETECTED,66,2023-10-08 19:53:46.677037
ALT0006520,TXN00486220,ACCT100025730,ML_PATTERN_DETECTED,53,2024-12-16 18:37:26.842078
ALT0006521,TXN00483910,ACCT100086088,ML_PATTERN_DETECTED,74,2024-03-20 05:00:05.396370
ALT0006522,TXN00477396,ACCT100091816,ML_PATTERN_DETECTED,90,2023-06-28 01:38:16.081554
ALT0006523,TXN00475789,ACCT100050955,ML_PATTERN_DETECTED,78,2023-12-26 21:20:15.643106
ALT0006524,TXN00496911,ACCT100080106,ML_PATTERN_DETECTED,96,2023-09-19 17:36:48.634349
ALT0006525,TXN00491717,ACCT100079281,ML_PATTERN_DETECTED,77,2024-10-26 09:03:25.248640
ALT0006526,TXN00493253,ACCT100095722,ML_PATTERN_DETECTED,93,2024-09-29 03:46:36.223620
ALT0006527,TXN00498366,ACCT100058520,ML_PATTERN_DETECTED,53,2024-01-20 12:36:28.354424
ALT0006528,TXN00483530,ACCT100022295,ML_PATTERN_DETECTED,84,2024-06-21 00:28:01.724324
ALT0006529,TXN00485943,ACCT100005005,ML_PATTERN_DETECTED,84,2024-12-28 11:07:33.792329
ALT0006530,TXN00498113,ACCT100062657,ML_PATTERN_DETECTED,62,2024-07-06 19:40:25.925587
ALT0006531,TXN00497819,ACCT100012895,ML_PATTERN_DETECTED,54,2023-05-15 05:52:08.409506
ALT0006532,TXN00493546,ACCT100008842,ML_PATTERN_DETECTED,68,2024-01-22 08:39:40.058310
ALT0006533,TXN00479394,ACCT100031031,ML_PATTERN_DETECTED,60,2024-11-13 01:53:18.370466
ALT0006534,TXN00484616,ACCT100047007,ML_PATTERN_DETECTED,64,2023-07-21 18:36:54.859327
ALT0006535,TXN00499957,ACCT100053840,ML_PATTERN_DETECTED,61,2023-07-30 00:53:56.348287
ALT0006536,TXN00480312,ACCT100077026,ML_PATTERN_DETECTED,62,2024-10-09 05:58:35.114727
ALT0006537,TXN00495109,ACCT100092136,ML_PATTERN_DETECTED,87,2024-02-20 15:28:39.398559
ALT0006538,TXN00487515,ACCT100014571,ML_PATTERN_DETECTED,75,2024-06-30 18:43:24.147056
ALT0006539,TXN00493225,ACCT100061566,ML_PATTERN_DETECTED,50,2024-07-12 13:39:13.791305
ALT0006540,TXN00479487,ACCT100027747,ML_PATTERN_DETECTED,73,2024-05-11 11:20:53.725667
ALT0006541,TXN00496199,ACCT100089391,ML_PATTERN_DETECTED,80,2023-09-30 21:22:16.818602
ALT0006542,TXN00475088,ACCT100065180,ML_PATTERN_DETECTED,58,2024-06-11 18:28:04.045796
ALT0006543,TXN00495759,ACCT100094984,ML_PATTERN_DETECTED,88,2024-06-08 00:30:50.417878
ALT0006544,TXN00494364,ACCT100037685,ML_PATTERN_DETECTED,75,2024-09-16 15:27:54.359994
ALT0006545,TXN00491804,ACCT100012315,ML_PATTERN_DETECTED,66,2024-07-30 11:21:30.294307
ALT0006546,TXN00482660,ACCT100021959,ML_PATTERN_DETECTED,71,2023-07-27 12:43:38.261382
ALT0006547,TXN00497538,ACCT100004255,ML_PATTERN_DETECTED,53,2023-04-03 11:37:54.521368
ALT0006548,TXN00486540,ACCT100021385,ML_PATTERN_DETECTED,63,2023-05-27 05:30:46.857259
ALT0006549,TXN00494346,ACCT100011353,ML_PATTERN_DETECTED,51,2024-07-30 01:57:04.337846
ALT0006550,TXN00492926,ACCT100013893,ML_PATTERN_DETECTED,81,2024-12-22 12:24:04.472550
ALT0006551,TXN00477013,ACCT100005872,ML_PATTERN_DETECTED,76,2024-09-28 23:06:04.526407
ALT0006552,TXN00498766,ACCT100006344,ML_PATTERN_DETECTED,50,2023-05-08 06:56:36.518675
ALT0006553,TXN00481913,ACCT100016224,ML_PATTERN_DETECTED,66,2023-10-30 18:50:46.774856
ALT0006554,TXN00478324,ACCT100019167,ML_PATTERN_DETECTED,53,2024-10-06 22:35:05.462600
ALT0006555,TXN00476392,ACCT100078455,ML_PATTERN_DETECTED,72,2023-11-23 15:55:13.555125
ALT0006556,TXN00495293,ACCT100051478,ML_PATTERN_DETECTED,76,2023-03-31 18:54:58.662897
ALT0006557,TXN00476320,ACCT100048963,ML_PATTERN_DETECTED,93,2023-03-31 03:37:28.837199
ALT0006558,TXN00477701,ACCT100064439,ML_PATTERN_DETECTED,59,2024-11-19 17:18:21.496816
ALT0006559,TXN00485463,ACCT100066593,ML_PATTERN_DETECTED,92,2024-11-21 08:09:36.541789
ALT0006560,TXN00489829,ACCT100007879,ML_PATTERN_DETECTED,76,2024-03-09 18:08:07.603029
ALT0006561,TXN00478283,ACCT100018212,ML_PATTERN_DETECTED,85,2023-08-05 12:19:26.976209
ALT0006562,TXN00485986,ACCT100054792,ML_PATTERN_DETECTED,85,2024-10-29 19:15:38.901987
ALT0006563,TXN00494216,ACCT100014140,ML_PATTERN_DETECTED,73,2024-03-08 18:16:48.266690
ALT0006564,TXN00484982,ACCT100066853,ML_PATTERN_DETECTED,56,2023-09-18 18:38:33.701647
ALT0006565,TXN00495419,ACCT100017396,ML_PATTERN_DETECTED,87,2023-05-13 23:19:27.054466
ALT0006566,TXN00479557,ACCT100037264,ML_PATTERN_DETECTED,71,2024-02-21 01:56:10.049283
ALT0006567,TXN00476519,ACCT100058070,ML_PATTERN_DETECTED,80,2023-04-07 14:49:36.549657
ALT0006568,TXN00492152,ACCT100000586,ML_PATTERN_DETECTED,73,2023-02-16 07:58:48.635537
ALT0006569,TXN00488976,ACCT100071214,ML_PATTERN_DETECTED,74,2024-08-04 06:49:56.623924
ALT0006570,TXN00494919,ACCT100001601,ML_PATTERN_DETECTED,55,2023-06-06 18:30:54.610963
ALT0006571,TXN00496650,ACCT100074732,ML_PATTERN_DETECTED,77,2023-01-21 07:19:58.869707
ALT0006572,TXN00494830,ACCT100004997,ML_PATTERN_DETECTED,79,2023-04-15 14:48:20.989388
ALT0006573,TXN00475453,ACCT100036251,ML_PATTERN_DETECTED,62,2023-03-31 14:57:19.763060
ALT0006574,TXN00488051,ACCT100018338,ML_PATTERN_DETECTED,68,2024-06-22 18:50:01.064729
ALT0006575,TXN00478784,ACCT100066502,ML_PATTERN_DETECTED,80,2023-10-19 23:07:26.267057
ALT0006576,TXN00475995,ACCT100035987,ML_PATTERN_DETECTED,90,2023-11-05 15:25:01.750540
ALT0006577,TXN00484425,ACCT100016917,ML_PATTERN_DETECTED,93,2024-01-03 02:46:03.375246
ALT0006578,TXN00483422,ACCT100097722,ML_PATTERN_DETECTED,81,2024-03-17 09:18:31.565629
ALT0006579,TXN00493411,ACCT100028949,ML_PATTERN_DETECTED,73,2023-08-18 03:23:25.034802
ALT0006580,TXN00484633,ACCT100038238,ML_PATTERN_DETECTED,64,2024-07-02 06:16:14.351082
ALT0006581,TXN00485817,ACCT100052812,ML_PATTERN_DETECTED,73,2024-03-09 05:17:09.938598
ALT0006582,TXN00487538,ACCT100097604,ML_PATTERN_DETECTED,82,2024-11-19 10:08:29.248592
ALT0006583,TXN00491042,ACCT100023936,ML_PATTERN_DETECTED,67,2023-08-28 06:20:09.187332
ALT0006584,TXN00484487,ACCT100025283,ML_PATTERN_DETECTED,98,2023-05-26 12:03:13.229608
ALT0006585,TXN00489187,ACCT100011465,ML_PATTERN_DETECTED,53,2023-04-25 19:28:46.783977
ALT0006586,TXN00481187,ACCT100074666,ML_PATTERN_DETECTED,66,2023-03-04 16:31:35.217036
ALT0006587,TXN00493194,ACCT100091199,ML_PATTERN_DETECTED,51,2024-08-09 06:09:12.222565
ALT0006588,TXN00488425,ACCT100057157,ML_PATTERN_DETECTED,72,2023-07-14 12:00:22.085081
ALT0006589,TXN00497440,ACCT100097397,ML_PATTERN_DETECTED,78,2023-09-30 03:17:13.172095
ALT0006590,TXN00493647,ACCT100091123,ML_PATTERN_DETECTED,86,2023-08-12 04:12:43.421906
ALT0006591,TXN00495491,ACCT100048736,ML_PATTERN_DETECTED,72,2023-03-14 23:50:18.412248
ALT0006592,TXN00492828,ACCT100049611,ML_PATTERN_DETECTED,94,2023-11-04 02:10:57.321395
ALT0006593,TXN00483840,ACCT100070120,ML_PATTERN_DETECTED,80,2024-12-20 08:40:00.209687
ALT0006594,TXN00491275,ACCT100035414,ML_PATTERN_DETECTED,70,2023-04-21 10:24:03.335260
ALT0006595,TXN00495973,ACCT100012154,ML_PATTERN_DETECTED,56,2023-04-18 18:45:12.555972
ALT0006596,TXN00492514,ACCT100075818,ML_PATTERN_DETECTED,73,2024-04-27 15:53:45.932113
ALT0006597,TXN00495253,ACCT100079907,ML_PATTERN_DETECTED,80,2024-08-11 21:31:33.931689
ALT0006598,TXN00477854,ACCT100054642,ML_PATTERN_DETECTED,95,2024-05-04 21:06:32.819167
ALT0006599,TXN00489869,ACCT100024221,ML_PATTERN_DETECTED,87,2024-06-21 19:00:09.802832
ALT0006600,TXN00485657,ACCT100079026,ML_PATTERN_DETECTED,66,2023-05-04 02:17:18.582447
ALT0006601,TXN00480225,ACCT100078743,ML_PATTERN_DETECTED,75,2024-05-12 12:14:47.322493
ALT0006602,TXN00491986,ACCT100047231,ML_PATTERN_DETECTED,75,2023-11-25 18:36:24.388477
ALT0006603,TXN00499429,ACCT100098975,ML_PATTERN_DETECTED,72,2023-10-03 19:18:56.080201
ALT0006604,TXN00494953,ACCT100083774,ML_PATTERN_DETECTED,53,2024-08-15 17:02:18.463419
ALT0006605,TXN00480116,ACCT100069750,ML_PATTERN_DETECTED,94,2023-02-14 16:44:57.434185
ALT0006606,TXN00488689,ACCT100025676,ML_PATTERN_DETECTED,60,2023-07-10 13:06:14.423715
ALT0006607,TXN00481445,ACCT100001426,ML_PATTERN_DETECTED,79,2023-04-26 01:18:42.251598
ALT0006608,TXN00497083,ACCT100049443,ML_PATTERN_DETECTED,75,2023-11-15 08:51:26.001276
ALT0006609,TXN00491933,ACCT100012338,ML_PATTERN_DETECTED,71,2024-05-31 10:53:17.901391
ALT0006610,TXN00481729,ACCT100060321,ML_PATTERN_DETECTED,67,2023-12-15 23:01:00.112975
ALT0006611,TXN00487793,ACCT100035479,ML_PATTERN_DETECTED,96,2023-02-20 10:04:05.906634
ALT0006612,TXN00482458,ACCT100071600,ML_PATTERN_DETECTED,81,2024-10-24 08:12:11.751527
ALT0006613,TXN00481099,ACCT100033411,ML_PATTERN_DETECTED,93,2024-12-30 18:45:12.283866
ALT0006614,TXN00494504,ACCT100070446,ML_PATTERN_DETECTED,98,2024-11-20 19:55:54.467837
ALT0006615,TXN00483913,ACCT100037489,ML_PATTERN_DETECTED,90,2024-02-23 05:46:57.796442
ALT0006616,TXN00479273,ACCT100024223,ML_PATTERN_DETECTED,66,2024-05-07 00:24:08.507050
ALT0006617,TXN00490613,ACCT100055919,ML_PATTERN_DETECTED,86,2023-04-12 03:07:32.706639
ALT0006618,TXN00483099,ACCT100045891,ML_PATTERN_DETECTED,95,2024-01-08 21:52:34.214677
ALT0006619,TXN00481811,ACCT100083297,ML_PATTERN_DETECTED,82,2023-11-15 11:04:48.572641
ALT0006620,TXN00476653,ACCT100034559,ML_PATTERN_DETECTED,81,2024-08-01 01:20:16.557571
ALT0006621,TXN00477804,ACCT100028617,ML_PATTERN_DETECTED,98,2024-02-07 15:48:31.394709
ALT0006622,TXN00483400,ACCT100011455,ML_PATTERN_DETECTED,78,2024-04-21 05:03:24.025557
ALT0006623,TXN00485290,ACCT100079246,ML_PATTERN_DETECTED,63,2023-02-11 13:53:07.697917
ALT0006624,TXN00491625,ACCT100093664,ML_PATTERN_DETECTED,83,2023-06-26 18:25:44.947550
ALT0006625,TXN00475424,ACCT100027752,ML_PATTERN_DETECTED,89,2023-01-11 08:29:31.940448
ALT0006626,TXN00489835,ACCT100077165,ML_PATTERN_DETECTED,69,2024-02-26 08:20:20.353298
ALT0006627,TXN00494625,ACCT100083595,ML_PATTERN_DETECTED,74,2023-02-26 12:55:46.864683
ALT0006628,TXN00494983,ACCT100057991,ML_PATTERN_DETECTED,96,2024-08-04 05:30:50.987912
ALT0006629,TXN00490105,ACCT100064516,ML_PATTERN_DETECTED,59,2023-03-27 08:26:41.778664
ALT0006630,TXN00485996,ACCT100081762,ML_PATTERN_DETECTED,55,2023-08-01 18:48:46.756888
ALT0006631,TXN00495729,ACCT100005000,ML_PATTERN_DETECTED,76,2024-02-23 21:58:43.765039
ALT0006632,TXN00485825,ACCT100041762,ML_PATTERN_DETECTED,98,2023-02-06 13:10:46.972954
ALT0006633,TXN00476427,ACCT100055262,ML_PATTERN_DETECTED,53,2024-08-06 18:42:39.877803
ALT0006634,TXN00498232,ACCT100087403,ML_PATTERN_DETECTED,89,2024-11-13 10:42:28.103631
ALT0006635,TXN00490628,ACCT100048357,ML_PATTERN_DETECTED,68,2024-06-06 05:49:21.992509
ALT0006636,TXN00498536,ACCT100028039,ML_PATTERN_DETECTED,70,2023-02-26 02:57:20.358807
ALT0006637,TXN00488862,ACCT100062498,ML_PATTERN_DETECTED,76,2024-07-15 18:41:22.810419
ALT0006638,TXN00493237,ACCT100013561,ML_PATTERN_DETECTED,71,2024-02-25 22:43:16.621470
ALT0006639,TXN00478441,ACCT100050307,ML_PATTERN_DETECTED,89,2024-09-23 01:04:16.840465
ALT0006640,TXN00476262,ACCT100070798,ML_PATTERN_DETECTED,84,2023-10-12 13:34:59.420375
ALT0006641,TXN00476781,ACCT100035787,ML_PATTERN_DETECTED,78,2024-04-06 09:19:18.800667
ALT0006642,TXN00477725,ACCT100065152,ML_PATTERN_DETECTED,71,2024-02-12 10:09:01.042329
ALT0006643,TXN00494010,ACCT100051349,ML_PATTERN_DETECTED,80,2024-05-13 10:07:28.606097
ALT0006644,TXN00486959,ACCT100027025,ML_PATTERN_DETECTED,58,2023-03-14 21:10:14.072128
ALT0006645,TXN00479852,ACCT100014604,ML_PATTERN_DETECTED,89,2024-12-13 07:53:25.753404
ALT0006646,TXN00475501,ACCT100033288,ML_PATTERN_DETECTED,52,2024-10-06 19:11:50.703210
ALT0006647,TXN00480060,ACCT100077334,ML_PATTERN_DETECTED,52,2024-02-08 01:43:03.368068
ALT0006648,TXN00486674,ACCT100070504,ML_PATTERN_DETECTED,69,2023-01-25 00:59:52.236241
ALT0006649,TXN00492154,ACCT100072051,ML_PATTERN_DETECTED,55,2023-10-29 09:43:28.188491
ALT0006650,TXN00496396,ACCT100020352,ML_PATTERN_DETECTED,61,2023-09-25 16:50:00.972979
ALT0006651,TXN00481862,ACCT100078298,ML_PATTERN_DETECTED,75,2023-02-04 23:36:18.789763
ALT0006652,TXN00495552,ACCT100042295,ML_PATTERN_DETECTED,86,2024-05-24 09:22:59.968817
ALT0006653,TXN00493717,ACCT100036807,ML_PATTERN_DETECTED,68,2024-06-24 00:59:31.996893
ALT0006654,TXN00487111,ACCT100027804,ML_PATTERN_DETECTED,96,2023-04-04 03:37:39.842475
ALT0006655,TXN00476214,ACCT100024953,ML_PATTERN_DETECTED,80,2023-04-15 01:53:27.588055
ALT0006656,TXN00488594,ACCT100011016,ML_PATTERN_DETECTED,96,2023-02-15 11:55:00.411320
ALT0006657,TXN00498768,ACCT100084471,ML_PATTERN_DETECTED,79,2024-07-21 11:57:11.394423
ALT0006658,TXN00484201,ACCT100037809,ML_PATTERN_DETECTED,53,2023-09-22 22:46:58.340174
ALT0006659,TXN00486788,ACCT100064932,ML_PATTERN_DETECTED,54,2024-12-11 03:06:23.128767
ALT0006660,TXN00481620,ACCT100026812,ML_PATTERN_DETECTED,55,2023-07-01 17:52:02.098203
ALT0006661,TXN00478104,ACCT100042126,ML_PATTERN_DETECTED,86,2023-06-22 02:36:29.452981
ALT0006662,TXN00489764,ACCT100093576,ML_PATTERN_DETECTED,92,2024-03-02 15:22:37.152884
ALT0006663,TXN00499580,ACCT100062641,ML_PATTERN_DETECTED,58,2023-02-20 12:48:30.443360
ALT0006664,TXN00497695,ACCT100024332,ML_PATTERN_DETECTED,61,2023-05-05 08:34:28.391724
ALT0006665,TXN00488832,ACCT100040425,ML_PATTERN_DETECTED,65,2024-03-21 09:09:25.958951
ALT0006666,TXN00491964,ACCT100057134,ML_PATTERN_DETECTED,72,2024-05-08 10:14:10.032559
ALT0006667,TXN00483563,ACCT100083913,ML_PATTERN_DETECTED,66,2024-09-30 15:14:29.432167
ALT0006668,TXN00489358,ACCT100016729,ML_PATTERN_DETECTED,61,2023-12-04 23:23:50.491027
ALT0006669,TXN00478190,ACCT100002614,ML_PATTERN_DETECTED,78,2023-06-23 23:27:03.063195
ALT0006670,TXN00497259,ACCT100014349,ML_PATTERN_DETECTED,53,2024-02-02 11:56:48.006698
ALT0006671,TXN00494392,ACCT100059264,ML_PATTERN_DETECTED,68,2024-09-05 14:58:15.419265
ALT0006672,TXN00494676,ACCT100058453,ML_PATTERN_DETECTED,97,2023-04-24 03:01:29.402461
ALT0006673,TXN00480583,ACCT100066532,ML_PATTERN_DETECTED,84,2023-12-27 04:53:02.778499
ALT0006674,TXN00488847,ACCT100073627,ML_PATTERN_DETECTED,63,2023-07-10 01:33:47.618601
ALT0006675,TXN00494617,ACCT100044960,ML_PATTERN_DETECTED,61,2023-01-12 12:14:47.288585
ALT0006676,TXN00493528,ACCT100088060,ML_PATTERN_DETECTED,85,2023-10-05 03:38:51.376868
ALT0006677,TXN00486891,ACCT100010657,ML_PATTERN_DETECTED,88,2024-09-05 12:03:49.054391
ALT0006678,TXN00481861,ACCT100067611,ML_PATTERN_DETECTED,54,2024-02-04 19:51:37.501283
ALT0006679,TXN00489755,ACCT100048746,ML_PATTERN_DETECTED,67,2024-09-04 04:34:54.068860
ALT0006680,TXN00485752,ACCT100097108,ML_PATTERN_DETECTED,79,2023-05-12 03:16:09.016230
ALT0006681,TXN00484063,ACCT100031612,ML_PATTERN_DETECTED,98,2024-06-03 15:01:44.563687
ALT0006682,TXN00496245,ACCT100048868,ML_PATTERN_DETECTED,90,2024-11-11 17:16:48.203370
ALT0006683,TXN00476283,ACCT100095523,ML_PATTERN_DETECTED,70,2023-09-03 20:51:42.294593
ALT0006684,TXN00492370,ACCT100070880,ML_PATTERN_DETECTED,89,2023-04-10 21:59:30.102337
ALT0006685,TXN00477820,ACCT100023625,ML_PATTERN_DETECTED,63,2024-03-22 23:55:14.306157
ALT0006686,TXN00484966,ACCT100076979,ML_PATTERN_DETECTED,62,2024-06-14 00:36:13.121752
ALT0006687,TXN00482225,ACCT100068132,ML_PATTERN_DETECTED,69,2024-06-02 16:59:02.065384
ALT0006688,TXN00493778,ACCT100014091,ML_PATTERN_DETECTED,75,2024-10-04 08:42:30.780044
ALT0006689,TXN00499769,ACCT100017391,ML_PATTERN_DETECTED,72,2024-03-19 21:26:12.317726
ALT0006690,TXN00486695,ACCT100074311,ML_PATTERN_DETECTED,98,2023-01-12 17:31:36.141101
ALT0006691,TXN00499814,ACCT100002962,ML_PATTERN_DETECTED,90,2023-10-18 00:13:52.689763
ALT0006692,TXN00491758,ACCT100077861,ML_PATTERN_DETECTED,61,2023-05-09 11:59:02.644084
ALT0006693,TXN00476939,ACCT100019379,ML_PATTERN_DETECTED,51,2023-08-01 23:46:48.162521
ALT0006694,TXN00477484,ACCT100066592,ML_PATTERN_DETECTED,57,2024-05-27 18:48:03.322341
ALT0006695,TXN00485153,ACCT100099066,ML_PATTERN_DETECTED,72,2023-11-19 13:41:54.186906
ALT0006696,TXN00499107,ACCT100089225,ML_PATTERN_DETECTED,53,2024-12-29 14:38:11.816772
ALT0006697,TXN00486827,ACCT100080404,ML_PATTERN_DETECTED,92,2023-10-31 21:19:54.603177
ALT0006698,TXN00497984,ACCT100055332,ML_PATTERN_DETECTED,87,2024-04-12 17:18:09.801818
ALT0006699,TXN00490972,ACCT100046930,ML_PATTERN_DETECTED,70,2024-04-27 19:48:38.132092
ALT0006700,TXN00487785,ACCT100070660,ML_PATTERN_DETECTED,88,2024-10-16 00:27:53.480680
ALT0006701,TXN00480118,ACCT100069453,ML_PATTERN_DETECTED,51,2023-02-12 21:07:03.049808
ALT0006702,TXN00488612,ACCT100023397,ML_PATTERN_DETECTED,98,2023-08-17 22:36:22.102394
ALT0006703,TXN00496895,ACCT100040982,ML_PATTERN_DETECTED,91,2023-06-29 12:38:40.930074
ALT0006704,TXN00485376,ACCT100070737,ML_PATTERN_DETECTED,80,2024-05-18 04:56:34.491775
ALT0006705,TXN00499464,ACCT100095983,ML_PATTERN_DETECTED,68,2024-06-21 16:18:25.549058
ALT0006706,TXN00486341,ACCT100073787,ML_PATTERN_DETECTED,86,2024-12-07 00:10:48.316287
ALT0006707,TXN00496357,ACCT100016641,ML_PATTERN_DETECTED,88,2024-03-13 14:59:52.812018
ALT0006708,TXN00487378,ACCT100056283,ML_PATTERN_DETECTED,89,2023-06-06 01:30:58.465726
ALT0006709,TXN00487183,ACCT100047127,ML_PATTERN_DETECTED,87,2024-02-17 20:30:20.570889
ALT0006710,TXN00486840,ACCT100024743,ML_PATTERN_DETECTED,73,2024-03-03 15:00:56.095968
ALT0006711,TXN00487281,ACCT100052234,ML_PATTERN_DETECTED,83,2024-07-04 01:48:25.275984
ALT0006712,TXN00489402,ACCT100002000,ML_PATTERN_DETECTED,82,2023-09-01 08:18:24.669192
ALT0006713,TXN00489756,ACCT100074992,ML_PATTERN_DETECTED,58,2024-10-01 12:02:11.977913
ALT0006714,TXN00476049,ACCT100049579,ML_PATTERN_DETECTED,67,2023-09-09 23:24:38.496389
ALT0006715,TXN00483917,ACCT100095157,ML_PATTERN_DETECTED,64,2023-08-07 20:57:42.839904
ALT0006716,TXN00491239,ACCT100068715,ML_PATTERN_DETECTED,84,2024-05-20 00:27:51.491642
ALT0006717,TXN00479767,ACCT100068303,ML_PATTERN_DETECTED,76,2024-01-30 05:15:35.392575
ALT0006718,TXN00479389,ACCT100052490,ML_PATTERN_DETECTED,83,2023-05-20 17:34:57.976854
ALT0006719,TXN00487233,ACCT100097089,ML_PATTERN_DETECTED,69,2024-02-10 09:27:05.076643
ALT0006720,TXN00488447,ACCT100061527,ML_PATTERN_DETECTED,87,2024-04-05 20:44:00.157730
ALT0006721,TXN00491206,ACCT100078196,ML_PATTERN_DETECTED,54,2024-04-10 06:51:12.527575
ALT0006722,TXN00482865,ACCT100035794,ML_PATTERN_DETECTED,57,2023-11-23 04:23:00.528775
ALT0006723,TXN00476905,ACCT100059623,ML_PATTERN_DETECTED,77,2023-09-05 01:50:57.984208
ALT0006724,TXN00485415,ACCT100033515,ML_PATTERN_DETECTED,73,2023-03-30 12:58:41.986732
ALT0006725,TXN00480961,ACCT100003152,ML_PATTERN_DETECTED,77,2024-09-09 04:50:17.160972
ALT0006726,TXN00498300,ACCT100006498,ML_PATTERN_DETECTED,51,2023-01-07 02:29:15.479933
ALT0006727,TXN00487082,ACCT100037726,ML_PATTERN_DETECTED,68,2023-01-28 15:48:24.885907
ALT0006728,TXN00491684,ACCT100057901,ML_PATTERN_DETECTED,95,2024-08-20 04:14:12.996283
ALT0006729,TXN00491996,ACCT100023032,ML_PATTERN_DETECTED,98,2023-05-25 22:42:17.967483
ALT0006730,TXN00496734,ACCT100073896,ML_PATTERN_DETECTED,81,2024-08-15 16:17:26.589386
ALT0006731,TXN00497190,ACCT100060238,ML_PATTERN_DETECTED,54,2024-12-15 03:28:49.182459
ALT0006732,TXN00480130,ACCT100032475,ML_PATTERN_DETECTED,74,2024-09-16 21:16:51.953142
ALT0006733,TXN00481179,ACCT100095777,ML_PATTERN_DETECTED,92,2023-11-18 23:25:00.763165
ALT0006734,TXN00494472,ACCT100003450,ML_PATTERN_DETECTED,55,2023-02-22 09:27:54.809331
ALT0006735,TXN00478476,ACCT100059721,ML_PATTERN_DETECTED,92,2023-03-13 00:33:53.974833
ALT0006736,TXN00477973,ACCT100054644,ML_PATTERN_DETECTED,92,2024-12-15 12:15:27.404940
ALT0006737,TXN00488409,ACCT100039662,ML_PATTERN_DETECTED,61,2024-12-02 07:37:00.234771
ALT0006738,TXN00480865,ACCT100034485,ML_PATTERN_DETECTED,82,2024-03-05 06:13:21.546227
ALT0006739,TXN00482206,ACCT100094043,ML_PATTERN_DETECTED,55,2024-06-17 04:14:14.952850
ALT0006740,TXN00477647,ACCT100013563,ML_PATTERN_DETECTED,84,2023-10-23 05:51:07.104736
ALT0006741,TXN00478285,ACCT100080252,ML_PATTERN_DETECTED,61,2024-08-09 10:11:30.804977
ALT0006742,TXN00480864,ACCT100063717,ML_PATTERN_DETECTED,96,2024-11-27 07:24:11.262136
ALT0006743,TXN00475758,ACCT100073032,ML_PATTERN_DETECTED,50,2023-06-03 07:33:11.809760
ALT0006744,TXN00494755,ACCT100035024,ML_PATTERN_DETECTED,84,2023-03-11 19:54:29.679920
ALT0006745,TXN00483323,ACCT100001909,ML_PATTERN_DETECTED,78,2023-10-17 02:57:38.946783
ALT0006746,TXN00490340,ACCT100016244,ML_PATTERN_DETECTED,79,2024-08-25 10:02:43.948594
ALT0006747,TXN00486113,ACCT100078659,ML_PATTERN_DETECTED,74,2024-09-21 18:12:51.846787
ALT0006748,TXN00479074,ACCT100040905,ML_PATTERN_DETECTED,72,2023-06-25 04:44:05.604167
ALT0006749,TXN00477959,ACCT100003571,ML_PATTERN_DETECTED,81,2023-09-12 19:17:56.637935
ALT0006750,TXN00481276,ACCT100021331,ML_PATTERN_DETECTED,79,2024-10-26 08:18:25.365279
ALT0006751,TXN00475173,ACCT100096667,ML_PATTERN_DETECTED,79,2024-04-19 22:22:56.829987
ALT0006752,TXN00489231,ACCT100060999,ML_PATTERN_DETECTED,96,2023-03-11 21:56:52.571923
ALT0006753,TXN00494749,ACCT100040880,ML_PATTERN_DETECTED,64,2024-10-23 22:26:05.718148
ALT0006754,TXN00481900,ACCT100041745,ML_PATTERN_DETECTED,71,2023-09-19 12:54:10.239156
ALT0006755,TXN00482463,ACCT100022634,ML_PATTERN_DETECTED,71,2023-09-01 02:44:20.881840
ALT0006756,TXN00481355,ACCT100048067,ML_PATTERN_DETECTED,78,2024-12-04 20:04:39.696508
ALT0006757,TXN00478284,ACCT100049867,ML_PATTERN_DETECTED,52,2023-10-15 06:11:32.842273
ALT0006758,TXN00484779,ACCT100042511,ML_PATTERN_DETECTED,53,2023-03-01 23:38:12.335559
ALT0006759,TXN00488264,ACCT100077897,ML_PATTERN_DETECTED,85,2024-02-14 19:47:57.124313
ALT0006760,TXN00496958,ACCT100001139,ML_PATTERN_DETECTED,56,2024-02-28 14:59:31.321264
ALT0006761,TXN00497887,ACCT100089225,ML_PATTERN_DETECTED,58,2023-08-12 01:41:09.372450
ALT0006762,TXN00488692,ACCT100042612,ML_PATTERN_DETECTED,59,2024-08-26 02:57:56.035120
ALT0006763,TXN00478751,ACCT100098596,ML_PATTERN_DETECTED,68,2023-10-14 23:29:32.635677
ALT0006764,TXN00488672,ACCT100015046,ML_PATTERN_DETECTED,50,2023-06-19 08:24:01.059191
ALT0006765,TXN00480143,ACCT100054702,ML_PATTERN_DETECTED,84,2023-01-31 20:53:40.291750
ALT0006766,TXN00499679,ACCT100094178,ML_PATTERN_DETECTED,62,2023-05-06 14:55:28.607166
ALT0006767,TXN00497733,ACCT100011345,ML_PATTERN_DETECTED,53,2023-04-16 16:00:45.320877
ALT0006768,TXN00477077,ACCT100042846,ML_PATTERN_DETECTED,76,2024-02-25 20:55:01.593006
ALT0006769,TXN00477362,ACCT100032801,ML_PATTERN_DETECTED,78,2024-02-22 16:45:49.644232
ALT0006770,TXN00477742,ACCT100057637,ML_PATTERN_DETECTED,74,2024-10-05 14:41:33.154029
ALT0006771,TXN00497008,ACCT100082773,ML_PATTERN_DETECTED,61,2024-08-13 01:43:00.930377
ALT0006772,TXN00488682,ACCT100089513,ML_PATTERN_DETECTED,53,2023-11-06 18:15:34.864178
ALT0006773,TXN00486069,ACCT100075246,ML_PATTERN_DETECTED,54,2023-10-12 06:06:59.908008
ALT0006774,TXN00497515,ACCT100087650,ML_PATTERN_DETECTED,63,2023-09-16 04:42:02.981742
ALT0006775,TXN00481482,ACCT100010710,ML_PATTERN_DETECTED,68,2023-10-29 00:59:20.349476
ALT0006776,TXN00475540,ACCT100011859,ML_PATTERN_DETECTED,70,2024-01-26 22:00:18.225342
ALT0006777,TXN00496728,ACCT100082885,ML_PATTERN_DETECTED,72,2024-04-09 06:54:49.848327
ALT0006778,TXN00477632,ACCT100057274,ML_PATTERN_DETECTED,82,2023-03-26 20:03:05.269675
ALT0006779,TXN00486861,ACCT100054834,ML_PATTERN_DETECTED,98,2024-06-09 10:51:51.850959
ALT0006780,TXN00492325,ACCT100026075,ML_PATTERN_DETECTED,62,2023-03-28 19:05:36.674958
ALT0006781,TXN00487627,ACCT100049309,ML_PATTERN_DETECTED,61,2024-11-17 17:53:36.295136
ALT0006782,TXN00497098,ACCT100043105,ML_PATTERN_DETECTED,54,2023-03-17 16:56:02.345959
ALT0006783,TXN00476549,ACCT100066662,ML_PATTERN_DETECTED,77,2023-11-26 07:28:01.215721
ALT0006784,TXN00478913,ACCT100067376,ML_PATTERN_DETECTED,63,2023-06-01 14:36:40.104355
ALT0006785,TXN00496794,ACCT100097451,ML_PATTERN_DETECTED,94,2024-11-15 14:33:00.336210
ALT0006786,TXN00480369,ACCT100086578,ML_PATTERN_DETECTED,93,2024-06-19 19:14:07.196471
ALT0006787,TXN00490390,ACCT100035566,ML_PATTERN_DETECTED,93,2024-02-19 12:05:00.120296
ALT0006788,TXN00498324,ACCT100006368,ML_PATTERN_DETECTED,82,2023-04-03 08:29:13.631132
ALT0006789,TXN00496712,ACCT100079364,ML_PATTERN_DETECTED,61,2024-02-10 01:20:07.627160
ALT0006790,TXN00495830,ACCT100088477,ML_PATTERN_DETECTED,81,2023-01-30 07:36:50.693023
ALT0006791,TXN00498978,ACCT100089287,ML_PATTERN_DETECTED,68,2023-02-04 21:54:10.533081
ALT0006792,TXN00491728,ACCT100013194,ML_PATTERN_DETECTED,70,2023-12-23 14:25:59.347049
ALT0006793,TXN00488950,ACCT100092865,ML_PATTERN_DETECTED,88,2024-06-05 15:26:38.287235
ALT0006794,TXN00487604,ACCT100012543,ML_PATTERN_DETECTED,50,2023-09-19 08:42:48.844182
ALT0006795,TXN00482087,ACCT100083782,ML_PATTERN_DETECTED,72,2023-04-28 12:32:56.102135
ALT0006796,TXN00478363,ACCT100080921,ML_PATTERN_DETECTED,90,2023-05-06 04:21:52.008066
ALT0006797,TXN00494350,ACCT100050331,ML_PATTERN_DETECTED,97,2024-07-07 21:06:31.526313
ALT0006798,TXN00486459,ACCT100094991,ML_PATTERN_DETECTED,67,2024-12-18 23:30:54.776643
ALT0006799,TXN00475117,ACCT100009559,ML_PATTERN_DETECTED,67,2024-05-04 22:25:24.448540
ALT0006800,TXN00491226,ACCT100075981,ML_PATTERN_DETECTED,73,2024-01-12 06:00:44.366130
ALT0006801,TXN00483587,ACCT100078631,ML_PATTERN_DETECTED,70,2023-10-31 20:17:30.218777
ALT0006802,TXN00487150,ACCT100057470,ML_PATTERN_DETECTED,83,2023-09-08 05:25:15.766166
ALT0006803,TXN00491152,ACCT100068025,ML_PATTERN_DETECTED,52,2024-06-18 08:16:03.863710
ALT0006804,TXN00494062,ACCT100018279,ML_PATTERN_DETECTED,69,2023-04-27 02:58:03.181567
ALT0006805,TXN00480201,ACCT100052426,ML_PATTERN_DETECTED,71,2024-01-13 04:05:48.691223
ALT0006806,TXN00484073,ACCT100079560,ML_PATTERN_DETECTED,52,2023-07-01 10:37:29.355773
ALT0006807,TXN00495331,ACCT100032351,ML_PATTERN_DETECTED,53,2024-04-11 15:08:48.880341
ALT0006808,TXN00497241,ACCT100029384,ML_PATTERN_DETECTED,67,2024-11-17 01:55:32.621066
ALT0006809,TXN00487773,ACCT100028193,ML_PATTERN_DETECTED,65,2023-08-15 01:59:59.212636
ALT0006810,TXN00487391,ACCT100052645,ML_PATTERN_DETECTED,71,2023-09-16 17:42:51.716130
ALT0006811,TXN00492266,ACCT100077643,ML_PATTERN_DETECTED,87,2023-10-08 19:52:12.843172
ALT0006812,TXN00485952,ACCT100089243,ML_PATTERN_DETECTED,53,2023-02-04 21:15:10.328154
ALT0006813,TXN00475527,ACCT100077368,ML_PATTERN_DETECTED,82,2023-04-05 02:37:01.034026
ALT0006814,TXN00490210,ACCT100079891,ML_PATTERN_DETECTED,56,2023-11-09 07:13:44.767653
ALT0006815,TXN00477403,ACCT100054797,ML_PATTERN_DETECTED,81,2024-09-28 09:37:51.575073
ALT0006816,TXN00487267,ACCT100093642,ML_PATTERN_DETECTED,95,2023-03-02 00:05:35.762313
ALT0006817,TXN00479756,ACCT100091491,ML_PATTERN_DETECTED,92,2024-08-08 09:41:41.023547
ALT0006818,TXN00496098,ACCT100035252,ML_PATTERN_DETECTED,68,2024-04-12 05:58:35.914008
ALT0006819,TXN00491050,ACCT100099626,ML_PATTERN_DETECTED,81,2023-04-03 20:44:29.258285
ALT0006820,TXN00475085,ACCT100081341,ML_PATTERN_DETECTED,67,2023-08-04 01:34:21.718561
ALT0006821,TXN00480077,ACCT100013799,ML_PATTERN_DETECTED,90,2024-05-13 00:07:59.765313
ALT0006822,TXN00494108,ACCT100030812,ML_PATTERN_DETECTED,90,2024-03-23 10:29:47.075850
ALT0006823,TXN00498823,ACCT100014130,ML_PATTERN_DETECTED,58,2024-03-17 16:55:56.952610
ALT0006824,TXN00498234,ACCT100080537,ML_PATTERN_DETECTED,61,2023-12-10 01:50:41.350878
ALT0006825,TXN00493395,ACCT100092563,ML_PATTERN_DETECTED,96,2024-04-17 06:38:58.497324
ALT0006826,TXN00486770,ACCT100020389,ML_PATTERN_DETECTED,83,2023-08-16 19:25:23.988790
ALT0006827,TXN00492111,ACCT100075447,ML_PATTERN_DETECTED,82,2024-07-15 15:42:32.032998
ALT0006828,TXN00475465,ACCT100006899,ML_PATTERN_DETECTED,56,2024-10-29 11:36:48.079027
ALT0006829,TXN00487585,ACCT100024083,ML_PATTERN_DETECTED,54,2024-12-20 22:18:32.738041
ALT0006830,TXN00491761,ACCT100009463,ML_PATTERN_DETECTED,80,2024-05-05 23:38:02.726323
ALT0006831,TXN00483927,ACCT100096360,ML_PATTERN_DETECTED,58,2023-10-20 15:47:25.536456
ALT0006832,TXN00479285,ACCT100035561,ML_PATTERN_DETECTED,67,2023-11-03 16:00:23.711820
ALT0006833,TXN00475977,ACCT100031294,ML_PATTERN_DETECTED,67,2024-07-25 10:31:54.464655
ALT0006834,TXN00492281,ACCT100022769,ML_PATTERN_DETECTED,68,2023-11-29 19:15:09.121400
ALT0006835,TXN00487508,ACCT100091943,ML_PATTERN_DETECTED,61,2024-05-23 11:37:34.815435
ALT0006836,TXN00489866,ACCT100065109,ML_PATTERN_DETECTED,73,2023-05-01 19:17:15.317627
ALT0006837,TXN00476060,ACCT100079397,ML_PATTERN_DETECTED,64,2024-02-11 08:10:01.827319
ALT0006838,TXN00485424,ACCT100099743,ML_PATTERN_DETECTED,63,2024-05-21 00:15:30.384018
ALT0006839,TXN00481693,ACCT100013132,ML_PATTERN_DETECTED,83,2023-08-12 19:47:50.434600
ALT0006840,TXN00480407,ACCT100058745,ML_PATTERN_DETECTED,59,2024-12-21 11:02:28.909386
ALT0006841,TXN00478800,ACCT100030410,ML_PATTERN_DETECTED,94,2023-06-29 00:55:50.826410
ALT0006842,TXN00490133,ACCT100075978,ML_PATTERN_DETECTED,86,2024-10-27 15:23:00.398850
ALT0006843,TXN00486810,ACCT100001723,ML_PATTERN_DETECTED,61,2023-09-28 15:30:26.918613
ALT0006844,TXN00490236,ACCT100081432,ML_PATTERN_DETECTED,59,2024-11-21 04:47:33.802139
ALT0006845,TXN00476345,ACCT100009298,ML_PATTERN_DETECTED,94,2024-11-26 07:09:44.758435
ALT0006846,TXN00485898,ACCT100063359,ML_PATTERN_DETECTED,72,2023-04-29 01:25:37.945523
ALT0006847,TXN00477866,ACCT100012045,ML_PATTERN_DETECTED,86,2024-01-14 22:54:12.934163
ALT0006848,TXN00480285,ACCT100071624,ML_PATTERN_DETECTED,59,2024-04-07 08:55:50.244573
ALT0006849,TXN00478858,ACCT100035240,ML_PATTERN_DETECTED,56,2023-08-01 18:12:16.655068
ALT0006850,TXN00486573,ACCT100096287,ML_PATTERN_DETECTED,52,2024-09-27 21:48:19.986642
ALT0006851,TXN00481257,ACCT100000313,ML_PATTERN_DETECTED,84,2023-01-05 03:29:37.773279
ALT0006852,TXN00491116,ACCT100067806,ML_PATTERN_DETECTED,73,2024-07-02 10:54:09.800294
ALT0006853,TXN00497617,ACCT100039491,ML_PATTERN_DETECTED,65,2024-04-03 03:41:22.562827
ALT0006854,TXN00493114,ACCT100032521,ML_PATTERN_DETECTED,86,2023-11-28 10:07:42.826798
ALT0006855,TXN00485810,ACCT100061484,ML_PATTERN_DETECTED,65,2024-04-29 20:04:30.870451
ALT0006856,TXN00490129,ACCT100007804,ML_PATTERN_DETECTED,80,2023-01-25 05:46:27.516667
ALT0006857,TXN00487083,ACCT100002657,ML_PATTERN_DETECTED,96,2024-06-20 10:47:26.997906
ALT0006858,TXN00494484,ACCT100086204,ML_PATTERN_DETECTED,85,2024-02-05 11:13:30.932554
ALT0006859,TXN00483310,ACCT100088628,ML_PATTERN_DETECTED,73,2024-06-28 03:18:53.164651
ALT0006860,TXN00499962,ACCT100022930,ML_PATTERN_DETECTED,87,2024-06-18 14:38:18.130278
ALT0006861,TXN00492540,ACCT100009957,ML_PATTERN_DETECTED,96,2023-05-27 00:03:52.960254
ALT0006862,TXN00486895,ACCT100013044,ML_PATTERN_DETECTED,78,2024-04-23 20:47:40.648642
ALT0006863,TXN00485831,ACCT100070619,ML_PATTERN_DETECTED,54,2023-01-01 02:01:23.239400
ALT0006864,TXN00497350,ACCT100078500,ML_PATTERN_DETECTED,87,2024-06-19 04:47:00.290098
ALT0006865,TXN00497281,ACCT100092890,ML_PATTERN_DETECTED,66,2024-09-01 06:19:58.777855
ALT0006866,TXN00477443,ACCT100055695,ML_PATTERN_DETECTED,93,2024-08-15 06:33:56.690043
ALT0006867,TXN00494662,ACCT100078558,ML_PATTERN_DETECTED,56,2024-09-03 16:34:25.662269
ALT0006868,TXN00475694,ACCT100086567,ML_PATTERN_DETECTED,62,2023-11-08 08:22:53.242615
ALT0006869,TXN00499495,ACCT100025116,ML_PATTERN_DETECTED,72,2024-05-03 16:52:50.259323
ALT0006870,TXN00486680,ACCT100039255,ML_PATTERN_DETECTED,97,2023-10-08 15:46:15.651009
ALT0006871,TXN00477649,ACCT100027353,ML_PATTERN_DETECTED,54,2023-04-16 22:52:14.379507
ALT0006872,TXN00481129,ACCT100014847,ML_PATTERN_DETECTED,80,2024-06-26 20:58:00.634249
ALT0006873,TXN00476742,ACCT100084713,ML_PATTERN_DETECTED,90,2024-06-04 15:09:56.623047
ALT0006874,TXN00495594,ACCT100087026,ML_PATTERN_DETECTED,77,2023-04-26 20:08:53.275025
ALT0006875,TXN00478617,ACCT100033617,ML_PATTERN_DETECTED,77,2023-10-20 11:52:44.447905
ALT0006876,TXN00497713,ACCT100063154,ML_PATTERN_DETECTED,79,2023-11-13 12:26:06.613151
ALT0006877,TXN00482285,ACCT100071912,ML_PATTERN_DETECTED,55,2023-06-18 00:34:10.068560
ALT0006878,TXN00481608,ACCT100055117,ML_PATTERN_DETECTED,50,2024-06-17 13:09:56.348366
ALT0006879,TXN00498933,ACCT100013392,ML_PATTERN_DETECTED,74,2024-03-25 08:45:22.523672
ALT0006880,TXN00485314,ACCT100061582,ML_PATTERN_DETECTED,55,2024-04-14 17:29:54.668370
ALT0006881,TXN00490449,ACCT100006699,ML_PATTERN_DETECTED,52,2023-06-09 15:56:03.908597
ALT0006882,TXN00479577,ACCT100009026,ML_PATTERN_DETECTED,71,2023-10-09 18:45:07.011948
ALT0006883,TXN00492912,ACCT100032503,ML_PATTERN_DETECTED,51,2024-03-19 03:51:53.275558
ALT0006884,TXN00494396,ACCT100076473,ML_PATTERN_DETECTED,97,2023-06-21 07:35:50.766848
ALT0006885,TXN00491757,ACCT100029863,ML_PATTERN_DETECTED,85,2023-03-27 16:39:05.698834
ALT0006886,TXN00488844,ACCT100018498,ML_PATTERN_DETECTED,69,2024-10-17 20:38:47.027641
ALT0006887,TXN00489791,ACCT100044534,ML_PATTERN_DETECTED,68,2023-11-07 23:54:30.266997
ALT0006888,TXN00484170,ACCT100039314,ML_PATTERN_DETECTED,66,2024-04-03 13:10:25.759590
ALT0006889,TXN00499631,ACCT100014578,ML_PATTERN_DETECTED,79,2023-02-05 00:56:09.366907
ALT0006890,TXN00480230,ACCT100067281,ML_PATTERN_DETECTED,86,2023-04-08 17:03:28.762816
ALT0006891,TXN00488591,ACCT100007486,ML_PATTERN_DETECTED,94,2024-06-08 08:17:14.491655
ALT0006892,TXN00487084,ACCT100072046,ML_PATTERN_DETECTED,71,2024-02-06 16:19:11.006120
ALT0006893,TXN00475329,ACCT100057687,ML_PATTERN_DETECTED,87,2024-03-20 08:52:30.014185
ALT0006894,TXN00497236,ACCT100072665,ML_PATTERN_DETECTED,80,2024-04-19 20:31:05.301639
ALT0006895,TXN00488053,ACCT100081930,ML_PATTERN_DETECTED,91,2024-05-08 12:47:05.569666
ALT0006896,TXN00492542,ACCT100040235,ML_PATTERN_DETECTED,59,2024-12-25 21:51:20.751823
ALT0006897,TXN00476624,ACCT100014733,ML_PATTERN_DETECTED,85,2024-08-31 22:34:21.387000
ALT0006898,TXN00475662,ACCT100064506,ML_PATTERN_DETECTED,70,2024-09-20 05:58:06.999739
ALT0006899,TXN00477626,ACCT100044650,ML_PATTERN_DETECTED,76,2023-07-19 09:42:43.739118
ALT0006900,TXN00489334,ACCT100068372,ML_PATTERN_DETECTED,86,2024-09-12 02:07:35.982409
ALT0006901,TXN00496470,ACCT100090409,ML_PATTERN_DETECTED,77,2024-05-22 13:52:46.094691
ALT0006902,TXN00492845,ACCT100047611,ML_PATTERN_DETECTED,97,2024-10-03 13:27:57.963649
ALT0006903,TXN00493984,ACCT100020816,ML_PATTERN_DETECTED,57,2024-05-15 15:02:24.567803
ALT0006904,TXN00496709,ACCT100065130,ML_PATTERN_DETECTED,70,2024-04-23 22:47:09.094863
ALT0006905,TXN00499127,ACCT100097302,ML_PATTERN_DETECTED,89,2023-03-14 17:15:40.189400
ALT0006906,TXN00478386,ACCT100060427,ML_PATTERN_DETECTED,53,2023-05-03 03:31:57.245996
ALT0006907,TXN00487590,ACCT100092240,ML_PATTERN_DETECTED,81,2024-06-22 17:28:40.023153
ALT0006908,TXN00482730,ACCT100088663,ML_PATTERN_DETECTED,80,2024-03-06 23:20:50.649463
ALT0006909,TXN00478772,ACCT100065600,ML_PATTERN_DETECTED,83,2024-01-22 16:20:08.863481
ALT0006910,TXN00492119,ACCT100030325,ML_PATTERN_DETECTED,90,2023-10-15 08:27:39.586568
ALT0006911,TXN00476534,ACCT100005686,ML_PATTERN_DETECTED,81,2024-12-27 21:13:52.318865
ALT0006912,TXN00046282,ACCT100041017,HIGH_VALUE_TXN,98,2023-09-12 21:14:42.395319
ALT0006913,TXN00477691,ACCT100005137,ML_PATTERN_DETECTED,78,2023-05-12 05:17:07.297078
ALT0006914,TXN00498235,ACCT100008593,ML_PATTERN_DETECTED,61,2024-05-05 23:49:07.454125
ALT0006915,TXN00496100,ACCT100051079,ML_PATTERN_DETECTED,81,2024-08-27 02:51:05.125164
ALT0006916,TXN00499683,ACCT100079445,ML_PATTERN_DETECTED,85,2023-04-09 16:14:42.622154
ALT0006917,TXN00486162,ACCT100024314,ML_PATTERN_DETECTED,80,2023-04-22 23:04:43.929657
ALT0006918,TXN00481143,ACCT100090492,ML_PATTERN_DETECTED,53,2023-09-11 15:32:10.807027
ALT0006919,TXN00495418,ACCT100089580,ML_PATTERN_DETECTED,92,2023-09-14 08:56:56.181519
ALT0006920,TXN00496134,ACCT100098920,ML_PATTERN_DETECTED,76,2023-07-15 18:15:33.434549
ALT0006921,TXN00495087,ACCT100083852,ML_PATTERN_DETECTED,78,2023-08-21 11:52:33.801947
ALT0006922,TXN00492337,ACCT100062989,ML_PATTERN_DETECTED,54,2023-04-26 08:07:33.515898
ALT0006923,TXN00483238,ACCT100068120,ML_PATTERN_DETECTED,92,2024-06-25 10:55:42.395734
ALT0006924,TXN00478517,ACCT100017842,ML_PATTERN_DETECTED,93,2023-08-03 14:06:28.629082
ALT0006925,TXN00495785,ACCT100080299,ML_PATTERN_DETECTED,68,2024-04-16 15:15:06.454531
ALT0006926,TXN00481485,ACCT100032352,ML_PATTERN_DETECTED,69,2024-11-08 19:44:50.717523
ALT0006927,TXN00488191,ACCT100085717,ML_PATTERN_DETECTED,98,2024-11-25 23:55:22.823159
ALT0006928,TXN00488471,ACCT100031683,ML_PATTERN_DETECTED,88,2024-08-10 21:12:00.127094
ALT0006929,TXN00483398,ACCT100030843,ML_PATTERN_DETECTED,92,2024-08-06 21:39:09.132477
ALT0006930,TXN00481263,ACCT100024535,ML_PATTERN_DETECTED,97,2023-05-19 03:36:53.455700
ALT0006931,TXN00499582,ACCT100049015,ML_PATTERN_DETECTED,93,2023-10-06 17:22:08.568619
ALT0006932,TXN00484493,ACCT100017735,ML_PATTERN_DETECTED,93,2023-07-25 21:03:13.929819
ALT0006933,TXN00485528,ACCT100046989,ML_PATTERN_DETECTED,60,2024-01-17 16:12:55.866871
ALT0006934,TXN00494302,ACCT100058360,ML_PATTERN_DETECTED,59,2024-05-11 06:07:58.984733
ALT0006935,TXN00483866,ACCT100025633,ML_PATTERN_DETECTED,66,2023-01-15 12:03:26.177047
ALT0006936,TXN00487532,ACCT100066865,ML_PATTERN_DETECTED,87,2023-09-09 14:58:24.564521
ALT0006937,TXN00475971,ACCT100069470,ML_PATTERN_DETECTED,59,2024-06-14 09:51:39.747342
ALT0006938,TXN00475836,ACCT100052196,ML_PATTERN_DETECTED,86,2023-08-04 15:34:33.979463
ALT0006939,TXN00494872,ACCT100060045,ML_PATTERN_DETECTED,74,2024-11-04 00:18:26.129537
ALT0006940,TXN00499463,ACCT100053596,ML_PATTERN_DETECTED,89,2023-05-06 22:25:53.141318
ALT0006941,TXN00483061,ACCT100098949,ML_PATTERN_DETECTED,58,2024-06-03 11:28:33.193087
ALT0006942,TXN00486307,ACCT100055075,ML_PATTERN_DETECTED,91,2024-07-21 03:35:48.098245
ALT0006943,TXN00496283,ACCT100089022,ML_PATTERN_DETECTED,57,2023-05-03 19:00:32.968313
ALT0006944,TXN00488557,ACCT100055199,ML_PATTERN_DETECTED,86,2024-09-01 19:28:37.507360
ALT0006945,TXN00481601,ACCT100081273,ML_PATTERN_DETECTED,58,2023-09-22 19:27:08.463586
ALT0006946,TXN00481951,ACCT100080395,ML_PATTERN_DETECTED,58,2024-09-11 06:45:40.534174
ALT0006947,TXN00499533,ACCT100070419,ML_PATTERN_DETECTED,88,2024-01-30 16:22:00.503711
ALT0006948,TXN00490941,ACCT100099663,ML_PATTERN_DETECTED,53,2024-03-02 22:31:24.090634
ALT0006949,TXN00487523,ACCT100065483,ML_PATTERN_DETECTED,72,2024-02-08 13:17:41.633820
ALT0006950,TXN00479883,ACCT100050107,ML_PATTERN_DETECTED,64,2023-03-18 21:17:17.154031
ALT0006951,TXN00482448,ACCT100003629,ML_PATTERN_DETECTED,61,2023-08-10 01:58:46.636506
ALT0006952,TXN00490775,ACCT100038679,ML_PATTERN_DETECTED,56,2024-11-02 04:11:07.345258
ALT0006953,TXN00478934,ACCT100027129,ML_PATTERN_DETECTED,85,2024-12-13 08:59:18.231459
ALT0006954,TXN00487840,ACCT100066701,ML_PATTERN_DETECTED,91,2023-10-18 13:43:31.696672
ALT0006955,TXN00496615,ACCT100091239,ML_PATTERN_DETECTED,71,2024-06-25 13:26:44.733648
ALT0006956,TXN00491443,ACCT100090656,ML_PATTERN_DETECTED,78,2024-10-09 21:46:05.858046
ALT0006957,TXN00490673,ACCT100014806,ML_PATTERN_DETECTED,67,2024-04-03 04:01:29.278725
ALT0006958,TXN00493889,ACCT100085632,ML_PATTERN_DETECTED,79,2023-02-28 22:45:19.561025
ALT0006959,TXN00488597,ACCT100025947,ML_PATTERN_DETECTED,70,2023-05-02 10:50:12.529986
ALT0006960,TXN00484390,ACCT100086045,ML_PATTERN_DETECTED,70,2024-03-03 07:27:44.330957
ALT0006961,TXN00499075,ACCT100060322,ML_PATTERN_DETECTED,80,2024-04-02 17:17:29.221207
ALT0006962,TXN00497250,ACCT100024589,ML_PATTERN_DETECTED,54,2023-12-24 22:22:27.068180
ALT0006963,TXN00489009,ACCT100065327,ML_PATTERN_DETECTED,96,2024-10-20 08:01:20.419335
ALT0006964,TXN00478091,ACCT100004785,ML_PATTERN_DETECTED,89,2024-12-06 14:14:12.186334
ALT0006965,TXN00490139,ACCT100073172,ML_PATTERN_DETECTED,50,2024-07-26 15:16:04.058047
ALT0006966,TXN00489491,ACCT100088188,ML_PATTERN_DETECTED,96,2023-09-17 08:45:23.389665
ALT0006967,TXN00486798,ACCT100093013,ML_PATTERN_DETECTED,51,2024-07-15 10:41:45.485059
ALT0006968,TXN00482846,ACCT100095928,ML_PATTERN_DETECTED,53,2023-10-14 04:14:35.057116
ALT0006969,TXN00498278,ACCT100037171,ML_PATTERN_DETECTED,57,2024-04-02 07:38:03.662444
ALT0006970,TXN00493980,ACCT100062385,ML_PATTERN_DETECTED,66,2023-08-10 02:16:36.059993
ALT0006971,TXN00494668,ACCT100082090,ML_PATTERN_DETECTED,70,2023-03-11 01:31:10.381181
ALT0006972,TXN00486053,ACCT100067497,ML_PATTERN_DETECTED,87,2024-03-26 18:27:59.134509
ALT0006973,TXN00485527,ACCT100090769,ML_PATTERN_DETECTED,97,2024-08-14 07:13:43.407443
ALT0006974,TXN00485208,ACCT100048959,ML_PATTERN_DETECTED,62,2023-07-30 13:23:09.308011
ALT0006975,TXN00486161,ACCT100019042,ML_PATTERN_DETECTED,85,2024-03-26 01:55:03.485080
ALT0006976,TXN00498934,ACCT100044325,ML_PATTERN_DETECTED,81,2023-05-23 13:37:21.999575
ALT0006977,TXN00499975,ACCT100073357,ML_PATTERN_DETECTED,63,2024-06-01 11:28:11.269655
ALT0006978,TXN00475506,ACCT100096712,ML_PATTERN_DETECTED,62,2023-12-23 01:30:01.558520
ALT0006979,TXN00493282,ACCT100013349,ML_PATTERN_DETECTED,61,2024-07-18 12:21:17.421780
ALT0006980,TXN00491245,ACCT100059447,ML_PATTERN_DETECTED,51,2023-12-10 18:03:15.125742
ALT0006981,TXN00488163,ACCT100097046,ML_PATTERN_DETECTED,84,2023-10-15 19:38:52.176804
ALT0006982,TXN00490588,ACCT100043445,ML_PATTERN_DETECTED,65,2024-07-13 23:14:17.747582
ALT0006983,TXN00489953,ACCT100004648,ML_PATTERN_DETECTED,65,2023-08-28 09:05:16.494610
ALT0006984,TXN00497115,ACCT100090059,ML_PATTERN_DETECTED,86,2023-09-04 15:29:58.297618
ALT0006985,TXN00478630,ACCT100032718,ML_PATTERN_DETECTED,64,2024-08-25 14:43:18.829014
ALT0006986,TXN00490419,ACCT100091467,ML_PATTERN_DETECTED,79,2024-02-23 01:28:29.438629
ALT0006987,TXN00494646,ACCT100080308,ML_PATTERN_DETECTED,59,2023-05-13 20:31:40.228276
ALT0006988,TXN00496605,ACCT100084930,ML_PATTERN_DETECTED,65,2024-07-01 18:26:14.860841
ALT0006989,TXN00493280,ACCT100088031,ML_PATTERN_DETECTED,64,2023-01-31 09:27:52.258678
ALT0006990,TXN00492900,ACCT100097685,ML_PATTERN_DETECTED,79,2024-01-20 20:57:26.995151
ALT0006991,TXN00477133,ACCT100053438,ML_PATTERN_DETECTED,75,2024-08-03 20:34:34.291656
ALT0006992,TXN00476403,ACCT100038392,ML_PATTERN_DETECTED,91,2024-11-08 21:33:50.687581
ALT0006993,TXN00488620,ACCT100042791,ML_PATTERN_DETECTED,82,2024-11-04 20:00:38.851317
ALT0006994,TXN00486203,ACCT100005407,ML_PATTERN_DETECTED,77,2024-12-14 02:55:44.762733
ALT0006995,TXN00479281,ACCT100034112,ML_PATTERN_DETECTED,98,2024-06-08 20:24:13.074924
ALT0006996,TXN00479686,ACCT100099154,ML_PATTERN_DETECTED,81,2023-12-14 19:42:20.045849
ALT0006997,TXN00479549,ACCT100083388,ML_PATTERN_DETECTED,78,2024-09-03 17:58:29.301950
ALT0006998,TXN00492701,ACCT100021782,ML_PATTERN_DETECTED,65,2024-01-23 02:12:22.026155
ALT0006999,TXN00499695,ACCT100009400,ML_PATTERN_DETECTED,67,2023-08-30 20:45:03.442950
ALT0007000,TXN00488962,ACCT100031205,ML_PATTERN_DETECTED,74,2023-04-26 08:41:02.423496
ALT0007001,TXN00491935,ACCT100012203,ML_PATTERN_DETECTED,76,2023-07-14 04:58:17.295746
ALT0007002,TXN00488434,ACCT100073209,ML_PATTERN_DETECTED,53,2024-09-29 06:56:42.131201
ALT0007003,TXN00476784,ACCT100013037,ML_PATTERN_DETECTED,86,2023-09-04 16:42:16.969784
ALT0007004,TXN00493290,ACCT100015121,ML_PATTERN_DETECTED,63,2024-05-25 11:13:21.108694
ALT0007005,TXN00494841,ACCT100085869,ML_PATTERN_DETECTED,56,2023-08-01 23:12:33.191136
ALT0007006,TXN00487250,ACCT100024650,ML_PATTERN_DETECTED,88,2023-01-09 06:28:54.120807
ALT0007007,TXN00481705,ACCT100005485,ML_PATTERN_DETECTED,93,2024-08-28 01:34:28.561479
ALT0007008,TXN00489942,ACCT100069069,ML_PATTERN_DETECTED,77,2023-08-13 18:47:10.650613
ALT0007009,TXN00483476,ACCT100077871,ML_PATTERN_DETECTED,91,2024-02-19 07:04:19.706228
ALT0007010,TXN00482968,ACCT100067502,ML_PATTERN_DETECTED,67,2023-12-26 21:12:44.251303
ALT0007011,TXN00490477,ACCT100044613,ML_PATTERN_DETECTED,55,2024-02-07 08:24:50.446074
ALT0007012,TXN00487778,ACCT100053721,ML_PATTERN_DETECTED,97,2023-01-06 08:42:35.451095
ALT0007013,TXN00490639,ACCT100041967,ML_PATTERN_DETECTED,81,2023-10-14 06:53:25.007396
ALT0007014,TXN00478456,ACCT100052701,ML_PATTERN_DETECTED,66,2024-01-29 14:00:39.812307
ALT0007015,TXN00483424,ACCT100045167,ML_PATTERN_DETECTED,56,2023-07-02 05:49:28.377152
ALT0007016,TXN00486249,ACCT100096346,ML_PATTERN_DETECTED,60,2023-05-05 07:27:03.609666
ALT0007017,TXN00495713,ACCT100023294,ML_PATTERN_DETECTED,74,2023-05-06 20:31:55.167637
ALT0007018,TXN00490022,ACCT100052172,ML_PATTERN_DETECTED,78,2023-12-07 12:48:02.287461
ALT0007019,TXN00487454,ACCT100060356,ML_PATTERN_DETECTED,97,2024-06-27 15:40:29.642786
ALT0007020,TXN00488915,ACCT100094715,ML_PATTERN_DETECTED,56,2024-08-07 05:02:28.233581
ALT0007021,TXN00496050,ACCT100035517,ML_PATTERN_DETECTED,62,2023-03-14 17:34:10.971291
ALT0007022,TXN00483397,ACCT100094661,ML_PATTERN_DETECTED,91,2024-04-04 07:19:34.094474
ALT0007023,TXN00487055,ACCT100038962,ML_PATTERN_DETECTED,66,2023-11-27 16:52:01.318205
ALT0007024,TXN00492163,ACCT100033063,ML_PATTERN_DETECTED,56,2024-08-04 11:27:36.426348
ALT0007025,TXN00490542,ACCT100076160,ML_PATTERN_DETECTED,85,2024-02-29 15:44:18.229527
ALT0007026,TXN00499291,ACCT100069644,ML_PATTERN_DETECTED,55,2023-03-01 23:29:15.673894
ALT0007027,TXN00483161,ACCT100029888,ML_PATTERN_DETECTED,75,2024-07-03 22:23:19.400256
ALT0007028,TXN00498891,ACCT100092471,ML_PATTERN_DETECTED,79,2023-03-27 07:15:24.635444
ALT0007029,TXN00479398,ACCT100069761,ML_PATTERN_DETECTED,86,2023-10-24 13:40:37.741030
ALT0007030,TXN00481296,ACCT100055475,ML_PATTERN_DETECTED,75,2023-01-12 10:30:45.608961
ALT0007031,TXN00480087,ACCT100022925,ML_PATTERN_DETECTED,74,2024-11-22 08:50:37.651584
ALT0007032,TXN00492716,ACCT100095723,ML_PATTERN_DETECTED,97,2023-08-06 09:12:17.739247
ALT0007033,TXN00486414,ACCT100023517,ML_PATTERN_DETECTED,76,2023-03-03 13:57:08.735027
ALT0007034,TXN00482859,ACCT100013038,ML_PATTERN_DETECTED,97,2024-09-16 17:38:11.139083
ALT0007035,TXN00483951,ACCT100072926,ML_PATTERN_DETECTED,58,2023-05-25 16:28:12.864363
ALT0007036,TXN00499509,ACCT100062164,ML_PATTERN_DETECTED,81,2024-02-10 02:06:31.674863
ALT0007037,TXN00494113,ACCT100074414,ML_PATTERN_DETECTED,74,2023-08-17 15:58:52.428913
ALT0007038,TXN00475769,ACCT100052332,ML_PATTERN_DETECTED,62,2024-11-25 04:06:07.058607
ALT0007039,TXN00487639,ACCT100005594,ML_PATTERN_DETECTED,53,2023-12-22 08:39:57.858193
ALT0007040,TXN00484396,ACCT100059488,ML_PATTERN_DETECTED,84,2023-01-16 07:18:35.910269
ALT0007041,TXN00498095,ACCT100021760,ML_PATTERN_DETECTED,93,2023-03-11 19:25:52.264730
ALT0007042,TXN00490596,ACCT100077321,ML_PATTERN_DETECTED,96,2023-10-01 06:16:04.620931
ALT0007043,TXN00491953,ACCT100073696,ML_PATTERN_DETECTED,93,2023-02-06 10:38:15.276450
ALT0007044,TXN00489152,ACCT100014969,ML_PATTERN_DETECTED,70,2024-10-17 07:45:22.248134
ALT0007045,TXN00494457,ACCT100061745,ML_PATTERN_DETECTED,63,2023-02-03 04:14:36.325023
ALT0007046,TXN00496045,ACCT100028950,ML_PATTERN_DETECTED,74,2024-12-19 19:23:54.472202
ALT0007047,TXN00483035,ACCT100098872,ML_PATTERN_DETECTED,72,2024-04-11 20:50:44.484671
ALT0007048,TXN00487958,ACCT100049706,ML_PATTERN_DETECTED,93,2024-08-25 06:09:51.986562
ALT0007049,TXN00476225,ACCT100096860,ML_PATTERN_DETECTED,81,2023-11-04 04:25:10.865515
ALT0007050,TXN00486149,ACCT100011831,ML_PATTERN_DETECTED,74,2024-11-26 16:37:07.079485
ALT0007051,TXN00477142,ACCT100077476,ML_PATTERN_DETECTED,76,2023-07-19 05:30:36.013824
ALT0007052,TXN00489466,ACCT100012709,ML_PATTERN_DETECTED,70,2023-10-02 18:20:56.673547
ALT0007053,TXN00491540,ACCT100029451,ML_PATTERN_DETECTED,65,2023-02-12 00:43:21.207808
ALT0007054,TXN00476618,ACCT100018996,ML_PATTERN_DETECTED,96,2024-11-10 13:38:36.426419
ALT0007055,TXN00480375,ACCT100008514,ML_PATTERN_DETECTED,98,2023-07-13 13:32:46.224630
ALT0007056,TXN00487762,ACCT100059400,ML_PATTERN_DETECTED,95,2024-01-07 11:15:12.621007
ALT0007057,TXN00499370,ACCT100028495,ML_PATTERN_DETECTED,55,2024-05-01 12:01:20.132895
ALT0007058,TXN00488389,ACCT100024243,ML_PATTERN_DETECTED,59,2023-08-19 22:38:55.075794
ALT0007059,TXN00475309,ACCT100095018,ML_PATTERN_DETECTED,74,2024-04-22 17:52:12.692240
ALT0007060,TXN00483391,ACCT100082560,ML_PATTERN_DETECTED,96,2023-10-15 01:14:49.100503
ALT0007061,TXN00486294,ACCT100029430,ML_PATTERN_DETECTED,71,2023-06-03 07:22:46.079058
ALT0007062,TXN00489562,ACCT100087417,ML_PATTERN_DETECTED,84,2023-12-13 21:41:32.330693
ALT0007063,TXN00478818,ACCT100021293,ML_PATTERN_DETECTED,89,2023-03-28 21:22:28.882510
ALT0007064,TXN00493600,ACCT100091637,ML_PATTERN_DETECTED,91,2023-10-14 18:59:41.479146
ALT0007065,TXN00494325,ACCT100003892,ML_PATTERN_DETECTED,77,2024-06-03 13:51:45.914429
ALT0007066,TXN00481525,ACCT100003277,ML_PATTERN_DETECTED,57,2024-11-12 10:28:16.067102
ALT0007067,TXN00483565,ACCT100048963,ML_PATTERN_DETECTED,78,2023-12-23 10:57:47.556128
ALT0007068,TXN00499830,ACCT100070669,ML_PATTERN_DETECTED,55,2023-05-13 23:01:12.151721
ALT0007069,TXN00497079,ACCT100055652,ML_PATTERN_DETECTED,87,2023-09-06 17:49:25.605019
ALT0007070,TXN00497366,ACCT100061180,ML_PATTERN_DETECTED,64,2024-12-19 03:13:16.716541
ALT0007071,TXN00487735,ACCT100030710,ML_PATTERN_DETECTED,96,2024-06-16 07:54:14.731470
ALT0007072,TXN00483552,ACCT100063562,ML_PATTERN_DETECTED,70,2023-11-27 17:01:47.722135
ALT0007073,TXN00477972,ACCT100055935,ML_PATTERN_DETECTED,83,2024-02-12 03:17:03.962866
ALT0007074,TXN00494978,ACCT100091239,ML_PATTERN_DETECTED,59,2024-09-08 23:02:59.201386
ALT0007075,TXN00492336,ACCT100012792,ML_PATTERN_DETECTED,73,2023-09-04 01:30:35.339637
ALT0007076,TXN00491240,ACCT100093493,ML_PATTERN_DETECTED,78,2024-10-16 01:56:52.099025
ALT0007077,TXN00495915,ACCT100036253,ML_PATTERN_DETECTED,83,2024-03-29 08:54:44.325174
ALT0007078,TXN00493602,ACCT100067664,ML_PATTERN_DETECTED,91,2023-11-06 22:30:34.614927
ALT0007079,TXN00494716,ACCT100097723,ML_PATTERN_DETECTED,96,2024-04-05 12:54:52.574557
ALT0007080,TXN00476105,ACCT100032041,ML_PATTERN_DETECTED,95,2024-06-02 17:21:23.862044
ALT0007081,TXN00491109,ACCT100077966,ML_PATTERN_DETECTED,68,2023-09-21 01:55:59.672650
ALT0007082,TXN00477653,ACCT100082923,ML_PATTERN_DETECTED,50,2024-12-18 00:55:31.993093
ALT0007083,TXN00487866,ACCT100060784,ML_PATTERN_DETECTED,90,2024-03-25 22:54:16.449746
ALT0007084,TXN00486317,ACCT100072632,ML_PATTERN_DETECTED,64,2024-11-17 12:14:13.895217
ALT0007085,TXN00499077,ACCT100054923,ML_PATTERN_DETECTED,88,2023-03-27 10:43:24.500087
ALT0007086,TXN00482878,ACCT100069373,ML_PATTERN_DETECTED,78,2023-02-01 13:26:55.751720
ALT0007087,TXN00497715,ACCT100097562,ML_PATTERN_DETECTED,54,2023-05-18 18:58:30.019731
ALT0007088,TXN00475408,ACCT100027527,ML_PATTERN_DETECTED,64,2024-08-25 01:06:19.596534
ALT0007089,TXN00499620,ACCT100089185,ML_PATTERN_DETECTED,95,2024-08-09 13:55:37.380056
ALT0007090,TXN00496975,ACCT100099767,ML_PATTERN_DETECTED,63,2023-09-02 02:40:10.070787
ALT0007091,TXN00481907,ACCT100038800,ML_PATTERN_DETECTED,81,2024-09-14 13:45:39.308885
ALT0007092,TXN00483431,ACCT100073297,ML_PATTERN_DETECTED,61,2023-08-02 11:55:41.497088
ALT0007093,TXN00481880,ACCT100007557,ML_PATTERN_DETECTED,82,2024-05-16 01:31:39.873364
ALT0007094,TXN00479335,ACCT100031296,ML_PATTERN_DETECTED,97,2023-01-14 07:15:30.936627
ALT0007095,TXN00499670,ACCT100039306,ML_PATTERN_DETECTED,59,2024-06-02 07:26:31.423951
ALT0007096,TXN00496717,ACCT100022309,ML_PATTERN_DETECTED,65,2023-09-29 23:49:07.175082
ALT0007097,TXN00484649,ACCT100054694,ML_PATTERN_DETECTED,85,2024-05-26 16:07:52.386221
ALT0007098,TXN00493857,ACCT100037248,ML_PATTERN_DETECTED,71,2023-01-21 18:16:25.542635
ALT0007099,TXN00485878,ACCT100024822,ML_PATTERN_DETECTED,92,2023-09-12 23:21:28.458315
ALT0007100,TXN00488402,ACCT100061817,ML_PATTERN_DETECTED,70,2024-09-14 13:50:35.526817
ALT0007101,TXN00483920,ACCT100065510,ML_PATTERN_DETECTED,69,2023-11-14 19:22:31.151124
ALT0007102,TXN00496021,ACCT100070226,ML_PATTERN_DETECTED,95,2023-05-20 20:09:05.112202
ALT0007103,TXN00479449,ACCT100051036,ML_PATTERN_DETECTED,79,2023-05-15 21:42:22.568393
ALT0007104,TXN00484379,ACCT100018191,ML_PATTERN_DETECTED,56,2024-07-07 13:08:07.103197
ALT0007105,TXN00482122,ACCT100078871,ML_PATTERN_DETECTED,85,2024-12-09 12:40:12.116797
ALT0007106,TXN00477886,ACCT100014785,ML_PATTERN_DETECTED,83,2023-04-24 20:01:10.969161
ALT0007107,TXN00475435,ACCT100096017,ML_PATTERN_DETECTED,63,2024-08-29 08:05:26.221660
ALT0007108,TXN00483717,ACCT100026909,ML_PATTERN_DETECTED,61,2024-05-10 21:44:47.843068
ALT0007109,TXN00488561,ACCT100087774,ML_PATTERN_DETECTED,67,2024-10-25 13:00:11.879234
ALT0007110,TXN00497314,ACCT100017028,ML_PATTERN_DETECTED,82,2023-06-19 21:21:14.183434
ALT0007111,TXN00481016,ACCT100074241,ML_PATTERN_DETECTED,71,2023-05-02 14:40:43.096654
ALT0007112,TXN00478193,ACCT100038316,ML_PATTERN_DETECTED,76,2024-09-26 23:04:32.139100
ALT0007113,TXN00484624,ACCT100030324,ML_PATTERN_DETECTED,53,2024-06-05 01:49:10.531247
ALT0007114,TXN00487683,ACCT100020052,ML_PATTERN_DETECTED,98,2024-06-09 07:54:41.729113
ALT0007115,TXN00489899,ACCT100034058,ML_PATTERN_DETECTED,50,2023-07-12 08:34:53.634208
ALT0007116,TXN00482789,ACCT100004771,ML_PATTERN_DETECTED,90,2024-04-30 21:10:46.492257
ALT0007117,TXN00492621,ACCT100011892,ML_PATTERN_DETECTED,59,2024-04-30 09:41:46.743596
ALT0007118,TXN00497740,ACCT100038087,ML_PATTERN_DETECTED,97,2023-02-24 10:50:56.017452
ALT0007119,TXN00497532,ACCT100098490,ML_PATTERN_DETECTED,97,2024-05-10 07:32:10.709227
ALT0007120,TXN00498350,ACCT100081736,ML_PATTERN_DETECTED,66,2024-11-07 13:48:27.723427
ALT0007121,TXN00475848,ACCT100072313,ML_PATTERN_DETECTED,52,2023-09-17 09:42:24.151527
ALT0007122,TXN00477227,ACCT100099826,ML_PATTERN_DETECTED,96,2023-05-22 08:50:00.209675
ALT0007123,TXN00488453,ACCT100032324,ML_PATTERN_DETECTED,63,2024-01-08 02:20:35.044648
ALT0007124,TXN00484456,ACCT100019599,ML_PATTERN_DETECTED,72,2024-11-04 23:13:19.503983
ALT0007125,TXN00478851,ACCT100093096,ML_PATTERN_DETECTED,86,2023-07-05 20:29:49.483849
ALT0007126,TXN00499376,ACCT100094662,ML_PATTERN_DETECTED,58,2024-05-22 21:43:53.318099
ALT0007127,TXN00485613,ACCT100021322,ML_PATTERN_DETECTED,89,2023-07-05 11:28:33.690174
ALT0007128,TXN00485579,ACCT100086822,ML_PATTERN_DETECTED,88,2024-08-05 21:07:55.174341
ALT0007129,TXN00477082,ACCT100000215,ML_PATTERN_DETECTED,59,2024-08-18 10:31:28.952095
ALT0007130,TXN00498103,ACCT100000970,ML_PATTERN_DETECTED,86,2024-08-02 06:56:50.408369
ALT0007131,TXN00489630,ACCT100057757,ML_PATTERN_DETECTED,69,2024-07-22 14:27:54.638088
ALT0007132,TXN00491519,ACCT100077124,ML_PATTERN_DETECTED,54,2024-12-24 07:56:28.071903
ALT0007133,TXN00499217,ACCT100070311,ML_PATTERN_DETECTED,70,2023-08-23 15:02:47.068517
ALT0007134,TXN00489439,ACCT100056025,ML_PATTERN_DETECTED,66,2024-08-11 06:49:20.809487
ALT0007135,TXN00499959,ACCT100097533,ML_PATTERN_DETECTED,65,2023-06-06 09:28:15.213596
ALT0007136,TXN00476595,ACCT100052895,ML_PATTERN_DETECTED,52,2023-08-26 03:30:31.264200
ALT0007137,TXN00490986,ACCT100016613,ML_PATTERN_DETECTED,78,2024-11-04 04:39:04.726681
ALT0007138,TXN00498888,ACCT100077400,ML_PATTERN_DETECTED,78,2024-01-05 19:26:55.545633
ALT0007139,TXN00498901,ACCT100027609,ML_PATTERN_DETECTED,91,2024-04-01 20:35:09.696635
ALT0007140,TXN00497934,ACCT100082947,ML_PATTERN_DETECTED,53,2023-02-02 21:00:11.851388
ALT0007141,TXN00491902,ACCT100072917,ML_PATTERN_DETECTED,56,2024-11-15 22:51:36.449851
ALT0007142,TXN00485211,ACCT100053499,ML_PATTERN_DETECTED,78,2024-01-16 15:55:26.561750
ALT0007143,TXN00479299,ACCT100058619,ML_PATTERN_DETECTED,72,2024-03-21 08:12:21.040162
ALT0007144,TXN00475076,ACCT100038797,ML_PATTERN_DETECTED,96,2024-01-08 00:16:17.061350
ALT0007145,TXN00477880,ACCT100050705,ML_PATTERN_DETECTED,61,2024-03-02 14:19:52.910975
ALT0007146,TXN00483354,ACCT100027623,ML_PATTERN_DETECTED,58,2023-05-31 13:38:47.271979
ALT0007147,TXN00483089,ACCT100006810,ML_PATTERN_DETECTED,61,2023-12-07 04:26:37.509801
ALT0007148,TXN00491878,ACCT100047001,ML_PATTERN_DETECTED,68,2023-09-13 14:03:28.042955
ALT0007149,TXN00491500,ACCT100010482,ML_PATTERN_DETECTED,50,2024-05-11 23:54:36.590005
ALT0007150,TXN00481647,ACCT100023277,ML_PATTERN_DETECTED,51,2024-03-23 09:09:39.523546
ALT0007151,TXN00484960,ACCT100029854,ML_PATTERN_DETECTED,82,2023-07-16 04:15:13.676244
ALT0007152,TXN00486556,ACCT100021986,ML_PATTERN_DETECTED,53,2023-03-03 18:29:46.749493
ALT0007153,TXN00489751,ACCT100022189,ML_PATTERN_DETECTED,80,2023-03-30 06:51:33.750077
ALT0007154,TXN00486054,ACCT100020161,ML_PATTERN_DETECTED,63,2024-09-14 20:21:29.318733
ALT0007155,TXN00477617,ACCT100062787,ML_PATTERN_DETECTED,96,2023-08-24 18:30:27.115171
ALT0007156,TXN00494327,ACCT100067188,ML_PATTERN_DETECTED,57,2024-12-05 06:24:50.260136
ALT0007157,TXN00497640,ACCT100014599,ML_PATTERN_DETECTED,95,2023-12-02 07:23:59.236694
ALT0007158,TXN00482393,ACCT100081721,ML_PATTERN_DETECTED,75,2024-08-14 08:36:15.356010
ALT0007159,TXN00491390,ACCT100099930,ML_PATTERN_DETECTED,64,2024-10-16 21:27:37.407774
ALT0007160,TXN00492620,ACCT100001415,ML_PATTERN_DETECTED,64,2023-05-09 23:49:50.400205
ALT0007161,TXN00486701,ACCT100030055,ML_PATTERN_DETECTED,64,2023-08-12 10:43:13.952514
ALT0007162,TXN00492460,ACCT100031245,ML_PATTERN_DETECTED,88,2024-12-24 04:05:45.587678
ALT0007163,TXN00491452,ACCT100055204,ML_PATTERN_DETECTED,75,2023-01-16 21:08:59.679644
ALT0007164,TXN00482139,ACCT100055918,ML_PATTERN_DETECTED,76,2024-05-07 10:55:39.088157
ALT0007165,TXN00499356,ACCT100037218,ML_PATTERN_DETECTED,63,2024-03-31 12:02:27.334307
ALT0007166,TXN00494434,ACCT100089069,ML_PATTERN_DETECTED,56,2024-03-21 20:13:30.892369
ALT0007167,TXN00490930,ACCT100073484,ML_PATTERN_DETECTED,57,2023-11-30 18:58:42.603320
ALT0007168,TXN00482924,ACCT100008732,ML_PATTERN_DETECTED,93,2023-03-21 02:05:46.210960
ALT0007169,TXN00491036,ACCT100075369,ML_PATTERN_DETECTED,85,2024-06-26 04:08:43.970286
ALT0007170,TXN00477628,ACCT100093677,ML_PATTERN_DETECTED,85,2023-04-17 18:05:53.697276
ALT0007171,TXN00482855,ACCT100090770,ML_PATTERN_DETECTED,96,2024-02-08 06:37:46.712954
ALT0007172,TXN00483968,ACCT100040625,ML_PATTERN_DETECTED,72,2024-03-17 08:44:55.785938
ALT0007173,TXN00492209,ACCT100017233,ML_PATTERN_DETECTED,68,2023-10-25 10:53:02.574939
ALT0007174,TXN00497878,ACCT100014268,ML_PATTERN_DETECTED,75,2023-07-05 09:27:45.693266
ALT0007175,TXN00477574,ACCT100029866,ML_PATTERN_DETECTED,79,2024-07-30 02:44:06.911860
ALT0007176,TXN00492420,ACCT100089020,ML_PATTERN_DETECTED,96,2023-06-26 03:45:25.688597
ALT0007177,TXN00480099,ACCT100050250,ML_PATTERN_DETECTED,83,2024-09-02 02:50:57.959711
ALT0007178,TXN00497818,ACCT100013802,ML_PATTERN_DETECTED,66,2024-11-10 07:30:51.105894
ALT0007179,TXN00499525,ACCT100038373,ML_PATTERN_DETECTED,84,2023-09-17 12:39:51.290914
ALT0007180,TXN00489518,ACCT100063274,ML_PATTERN_DETECTED,91,2024-10-23 13:07:40.428965
ALT0007181,TXN00485101,ACCT100034467,ML_PATTERN_DETECTED,66,2024-02-13 15:24:23.936812
ALT0007182,TXN00498319,ACCT100053020,ML_PATTERN_DETECTED,74,2023-06-16 16:49:37.946168
ALT0007183,TXN00488702,ACCT100000134,ML_PATTERN_DETECTED,78,2024-07-10 15:08:08.856791
ALT0007184,TXN00483621,ACCT100093804,ML_PATTERN_DETECTED,80,2024-06-08 23:52:25.410760
ALT0007185,TXN00494417,ACCT100049084,ML_PATTERN_DETECTED,62,2024-10-07 05:07:09.447573
ALT0007186,TXN00493851,ACCT100078593,ML_PATTERN_DETECTED,85,2023-03-21 01:22:26.748723
ALT0007187,TXN00482045,ACCT100077680,ML_PATTERN_DETECTED,73,2023-04-26 23:13:12.485516
ALT0007188,TXN00489867,ACCT100047539,ML_PATTERN_DETECTED,81,2023-03-27 11:16:46.056767
ALT0007189,TXN00484823,ACCT100053603,ML_PATTERN_DETECTED,74,2023-04-28 02:28:04.701155
ALT0007190,TXN00498615,ACCT100084287,ML_PATTERN_DETECTED,76,2024-12-04 12:01:44.943881
ALT0007191,TXN00485791,ACCT100049349,ML_PATTERN_DETECTED,57,2023-05-28 15:18:56.569665
ALT0007192,TXN00482406,ACCT100048443,ML_PATTERN_DETECTED,75,2024-01-23 05:48:32.840060
ALT0007193,TXN00478135,ACCT100021692,ML_PATTERN_DETECTED,79,2023-01-26 21:09:06.741855
ALT0007194,TXN00496893,ACCT100066274,ML_PATTERN_DETECTED,97,2024-12-14 00:43:35.219881
ALT0007195,TXN00484137,ACCT100082874,ML_PATTERN_DETECTED,63,2023-05-22 06:34:39.856448
ALT0007196,TXN00496216,ACCT100075685,ML_PATTERN_DETECTED,62,2023-09-08 04:24:16.522603
ALT0007197,TXN00489817,ACCT100027039,ML_PATTERN_DETECTED,77,2023-04-05 00:03:51.616319
ALT0007198,TXN00477132,ACCT100074877,ML_PATTERN_DETECTED,67,2023-01-02 21:09:36.626456
ALT0007199,TXN00488914,ACCT100066641,ML_PATTERN_DETECTED,65,2024-01-19 02:55:27.936759
ALT0007200,TXN00480893,ACCT100031566,ML_PATTERN_DETECTED,65,2023-10-10 02:37:56.087183
ALT0007201,TXN00492216,ACCT100002876,ML_PATTERN_DETECTED,77,2024-11-03 20:56:41.075280
ALT0007202,TXN00490281,ACCT100003995,ML_PATTERN_DETECTED,73,2024-12-09 19:57:24.505814
ALT0007203,TXN00479021,ACCT100014866,ML_PATTERN_DETECTED,72,2024-04-20 18:49:01.605742
ALT0007204,TXN00481110,ACCT100016212,ML_PATTERN_DETECTED,55,2023-12-26 09:14:45.385146
ALT0007205,TXN00482700,ACCT100072091,ML_PATTERN_DETECTED,82,2023-04-26 22:49:45.340300
ALT0007206,TXN00482530,ACCT100031814,ML_PATTERN_DETECTED,82,2023-07-31 20:57:09.061152
ALT0007207,TXN00498166,ACCT100012697,ML_PATTERN_DETECTED,97,2023-05-05 04:48:55.499249
ALT0007208,TXN00479076,ACCT100008412,ML_PATTERN_DETECTED,55,2024-06-12 02:45:11.200439
ALT0007209,TXN00481190,ACCT100033877,ML_PATTERN_DETECTED,55,2023-10-16 21:43:15.197556
ALT0007210,TXN00488017,ACCT100006521,ML_PATTERN_DETECTED,55,2023-08-19 10:09:33.758399
ALT0007211,TXN00476993,ACCT100037666,ML_PATTERN_DETECTED,78,2023-07-30 10:23:38.092672
ALT0007212,TXN00487566,ACCT100066900,ML_PATTERN_DETECTED,55,2024-02-25 11:42:19.552114
ALT0007213,TXN00490602,ACCT100007869,ML_PATTERN_DETECTED,92,2024-12-20 21:23:20.763761
ALT0007214,TXN00497978,ACCT100011862,ML_PATTERN_DETECTED,76,2024-11-04 23:35:18.509689
ALT0007215,TXN00480781,ACCT100073131,ML_PATTERN_DETECTED,57,2023-04-27 01:38:17.725570
ALT0007216,TXN00479718,ACCT100073231,ML_PATTERN_DETECTED,86,2024-04-19 13:29:15.692244
ALT0007217,TXN00492376,ACCT100035400,ML_PATTERN_DETECTED,82,2023-10-14 11:26:52.019591
ALT0007218,TXN00499848,ACCT100004775,ML_PATTERN_DETECTED,52,2024-10-21 16:02:04.341050
ALT0007219,TXN00496566,ACCT100046035,ML_PATTERN_DETECTED,52,2023-12-02 18:48:15.375385
ALT0007220,TXN00499072,ACCT100068650,ML_PATTERN_DETECTED,90,2023-04-10 09:14:24.437526
ALT0007221,TXN00483069,ACCT100031200,ML_PATTERN_DETECTED,69,2023-12-22 19:15:37.195525
ALT0007222,TXN00486238,ACCT100063797,ML_PATTERN_DETECTED,50,2023-04-17 19:45:19.920867
ALT0007223,TXN00481001,ACCT100010018,ML_PATTERN_DETECTED,76,2024-09-03 17:23:09.722032
ALT0007224,TXN00489925,ACCT100041531,ML_PATTERN_DETECTED,59,2024-04-01 03:51:44.066886
ALT0007225,TXN00489517,ACCT100029539,ML_PATTERN_DETECTED,82,2023-12-23 18:31:21.679732
ALT0007226,TXN00497374,ACCT100032747,ML_PATTERN_DETECTED,54,2024-06-22 21:17:24.593288
ALT0007227,TXN00476222,ACCT100022970,ML_PATTERN_DETECTED,53,2024-11-09 05:10:25.671164
ALT0007228,TXN00476281,ACCT100087143,ML_PATTERN_DETECTED,83,2024-06-09 12:53:26.484652
ALT0007229,TXN00492311,ACCT100015368,ML_PATTERN_DETECTED,59,2023-01-10 02:08:26.524639
ALT0007230,TXN00478039,ACCT100085383,ML_PATTERN_DETECTED,81,2023-09-13 20:47:06.215443
ALT0007231,TXN00493952,ACCT100073755,ML_PATTERN_DETECTED,72,2024-08-25 10:08:31.336433
ALT0007232,TXN00490163,ACCT100092231,ML_PATTERN_DETECTED,58,2023-05-15 03:15:22.558252
ALT0007233,TXN00492036,ACCT100040200,ML_PATTERN_DETECTED,50,2024-01-07 08:56:20.661684
ALT0007234,TXN00489602,ACCT100071238,ML_PATTERN_DETECTED,88,2024-07-09 15:30:29.040908
ALT0007235,TXN00477126,ACCT100067387,ML_PATTERN_DETECTED,62,2023-05-28 07:51:59.524985
ALT0007236,TXN00498388,ACCT100006314,ML_PATTERN_DETECTED,64,2023-02-19 09:11:38.446496
ALT0007237,TXN00485130,ACCT100091175,ML_PATTERN_DETECTED,70,2023-04-13 13:55:52.398685
ALT0007238,TXN00480856,ACCT100071831,ML_PATTERN_DETECTED,50,2023-07-14 16:03:40.593848
ALT0007239,TXN00489181,ACCT100075228,ML_PATTERN_DETECTED,77,2023-04-29 12:26:15.993981
ALT0007240,TXN00487175,ACCT100037859,ML_PATTERN_DETECTED,94,2023-05-25 00:57:34.502479
ALT0007241,TXN00476361,ACCT100011257,ML_PATTERN_DETECTED,98,2024-11-08 18:37:46.537511
ALT0007242,TXN00477731,ACCT100020219,ML_PATTERN_DETECTED,89,2023-05-29 07:32:14.518857
ALT0007243,TXN00489952,ACCT100036576,ML_PATTERN_DETECTED,66,2024-10-31 18:10:50.396733
ALT0007244,TXN00481048,ACCT100009141,ML_PATTERN_DETECTED,85,2023-06-16 07:26:53.937149
ALT0007245,TXN00491575,ACCT100048543,ML_PATTERN_DETECTED,90,2024-08-07 06:42:58.145991
ALT0007246,TXN00495940,ACCT100084351,ML_PATTERN_DETECTED,98,2023-06-06 22:45:14.912169
ALT0007247,TXN00496261,ACCT100001108,ML_PATTERN_DETECTED,61,2024-12-16 06:05:23.517687
ALT0007248,TXN00481568,ACCT100035376,ML_PATTERN_DETECTED,61,2024-03-04 05:34:23.020740
ALT0007249,TXN00498033,ACCT100088245,ML_PATTERN_DETECTED,74,2023-04-07 05:30:58.921405
ALT0007250,TXN00480324,ACCT100015517,ML_PATTERN_DETECTED,97,2024-09-01 10:12:27.666602
ALT0007251,TXN00491205,ACCT100063564,ML_PATTERN_DETECTED,80,2023-10-01 03:39:12.869969
ALT0007252,TXN00480064,ACCT100024980,ML_PATTERN_DETECTED,58,2024-04-20 21:40:58.139319
ALT0007253,TXN00488325,ACCT100005308,ML_PATTERN_DETECTED,79,2024-01-15 16:24:55.602193
ALT0007254,TXN00489249,ACCT100019360,ML_PATTERN_DETECTED,98,2024-07-25 11:38:50.139409
ALT0007255,TXN00493256,ACCT100072200,ML_PATTERN_DETECTED,82,2024-12-30 09:39:22.232247
ALT0007256,TXN00490310,ACCT100047775,ML_PATTERN_DETECTED,64,2023-06-28 17:18:56.622286
ALT0007257,TXN00487679,ACCT100025845,ML_PATTERN_DETECTED,63,2023-04-22 08:54:14.119029
ALT0007258,TXN00494697,ACCT100070694,ML_PATTERN_DETECTED,87,2023-05-03 08:42:34.080538
ALT0007259,TXN00479857,ACCT100025228,ML_PATTERN_DETECTED,76,2023-04-19 12:10:09.026826
ALT0007260,TXN00499699,ACCT100000856,ML_PATTERN_DETECTED,88,2024-12-08 00:41:08.526218
ALT0007261,TXN00480360,ACCT100064605,ML_PATTERN_DETECTED,83,2023-08-14 21:42:24.039785
ALT0007262,TXN00480675,ACCT100022000,ML_PATTERN_DETECTED,82,2024-06-23 15:06:05.026721
ALT0007263,TXN00480595,ACCT100066259,ML_PATTERN_DETECTED,83,2023-01-13 08:22:49.252171
ALT0007264,TXN00482747,ACCT100042553,ML_PATTERN_DETECTED,97,2024-07-23 10:22:10.069732
ALT0007265,TXN00487312,ACCT100077347,ML_PATTERN_DETECTED,50,2023-08-06 06:15:53.031884
ALT0007266,TXN00486266,ACCT100036157,ML_PATTERN_DETECTED,65,2023-03-10 11:53:31.326407
ALT0007267,TXN00496683,ACCT100074078,ML_PATTERN_DETECTED,64,2024-12-16 20:11:23.279592
ALT0007268,TXN00496570,ACCT100098727,ML_PATTERN_DETECTED,52,2023-10-28 23:24:39.980274
ALT0007269,TXN00494787,ACCT100099774,ML_PATTERN_DETECTED,53,2023-08-08 15:52:44.876523
ALT0007270,TXN00477684,ACCT100090875,ML_PATTERN_DETECTED,57,2023-04-12 06:45:47.838990
ALT0007271,TXN00490570,ACCT100042681,ML_PATTERN_DETECTED,66,2023-06-03 14:25:55.616130
ALT0007272,TXN00492229,ACCT100087406,ML_PATTERN_DETECTED,62,2023-05-22 00:14:26.477467
ALT0007273,TXN00479178,ACCT100021412,ML_PATTERN_DETECTED,83,2023-06-29 13:47:28.504959
ALT0007274,TXN00498421,ACCT100096278,ML_PATTERN_DETECTED,86,2023-11-15 01:17:58.273491
ALT0007275,TXN00497988,ACCT100045595,ML_PATTERN_DETECTED,70,2024-06-29 20:00:46.466583
ALT0007276,TXN00481967,ACCT100066228,ML_PATTERN_DETECTED,80,2023-03-17 18:56:58.410527
ALT0007277,TXN00486075,ACCT100051926,ML_PATTERN_DETECTED,95,2024-07-17 23:11:09.893446
ALT0007278,TXN00499364,ACCT100029922,ML_PATTERN_DETECTED,61,2024-01-10 14:04:01.187526
ALT0007279,TXN00489689,ACCT100059243,ML_PATTERN_DETECTED,77,2024-06-26 13:24:04.353014
ALT0007280,TXN00496342,ACCT100079936,ML_PATTERN_DETECTED,60,2024-06-20 21:37:11.825538
ALT0007281,TXN00487435,ACCT100033160,ML_PATTERN_DETECTED,55,2023-05-13 03:25:42.385616
ALT0007282,TXN00491402,ACCT100054324,ML_PATTERN_DETECTED,75,2024-12-07 22:56:29.764942
ALT0007283,TXN00483713,ACCT100048871,ML_PATTERN_DETECTED,96,2023-09-15 19:57:40.256900
ALT0007284,TXN00480656,ACCT100004928,ML_PATTERN_DETECTED,87,2024-07-31 14:27:18.983288
ALT0007285,TXN00495829,ACCT100095304,ML_PATTERN_DETECTED,97,2023-03-30 00:51:27.672427
ALT0007286,TXN00485576,ACCT100062420,ML_PATTERN_DETECTED,67,2023-07-09 10:43:50.083995
ALT0007287,TXN00499708,ACCT100082413,ML_PATTERN_DETECTED,58,2023-03-07 22:58:25.732947
ALT0007288,TXN00499287,ACCT100075637,ML_PATTERN_DETECTED,97,2023-02-07 08:26:41.773129
ALT0007289,TXN00494570,ACCT100087093,ML_PATTERN_DETECTED,69,2023-01-30 15:26:34.122130
ALT0007290,TXN00480940,ACCT100082341,ML_PATTERN_DETECTED,81,2024-11-26 02:50:40.131114
ALT0007291,TXN00484940,ACCT100099682,ML_PATTERN_DETECTED,56,2023-06-19 23:07:41.361305
ALT0007292,TXN00493217,ACCT100011589,ML_PATTERN_DETECTED,93,2024-04-12 23:46:06.052902
ALT0007293,TXN00476527,ACCT100008653,ML_PATTERN_DETECTED,89,2024-03-26 22:30:24.193289
ALT0007294,TXN00492014,ACCT100001056,ML_PATTERN_DETECTED,67,2024-08-07 23:12:16.547699
ALT0007295,TXN00477916,ACCT100049448,ML_PATTERN_DETECTED,73,2023-02-17 13:39:50.715212
ALT0007296,TXN00481551,ACCT100016715,ML_PATTERN_DETECTED,93,2023-07-07 10:12:59.316975
ALT0007297,TXN00486139,ACCT100024861,ML_PATTERN_DETECTED,92,2023-03-22 18:26:26.207311
ALT0007298,TXN00496067,ACCT100097365,ML_PATTERN_DETECTED,81,2023-01-19 19:29:45.796921
ALT0007299,TXN00475433,ACCT100087356,ML_PATTERN_DETECTED,88,2024-06-25 19:38:14.510529
ALT0007300,TXN00485248,ACCT100058976,ML_PATTERN_DETECTED,78,2023-03-26 08:02:28.540299
ALT0007301,TXN00475915,ACCT100077339,ML_PATTERN_DETECTED,63,2023-09-16 10:58:34.745328
ALT0007302,TXN00484636,ACCT100044968,ML_PATTERN_DETECTED,69,2023-01-14 06:16:42.874496
ALT0007303,TXN00480495,ACCT100058886,ML_PATTERN_DETECTED,75,2024-12-26 19:24:09.724524
ALT0007304,TXN00498369,ACCT100038814,ML_PATTERN_DETECTED,62,2024-12-07 01:07:00.135874
ALT0007305,TXN00493277,ACCT100052771,ML_PATTERN_DETECTED,59,2024-09-05 10:08:10.153323
ALT0007306,TXN00490016,ACCT100067869,ML_PATTERN_DETECTED,61,2024-08-11 16:27:30.230236
ALT0007307,TXN00476313,ACCT100004649,ML_PATTERN_DETECTED,64,2024-05-24 23:57:27.013613
ALT0007308,TXN00476895,ACCT100002759,ML_PATTERN_DETECTED,79,2024-09-09 10:31:56.067687
ALT0007309,TXN00485427,ACCT100009947,ML_PATTERN_DETECTED,68,2023-02-16 16:10:23.811835
ALT0007310,TXN00487520,ACCT100032981,ML_PATTERN_DETECTED,66,2023-05-15 08:08:57.503330
ALT0007311,TXN00477173,ACCT100039081,ML_PATTERN_DETECTED,97,2023-12-21 15:35:00.356849
ALT0007312,TXN00476639,ACCT100015632,ML_PATTERN_DETECTED,60,2023-07-25 20:40:59.132975
ALT0007313,TXN00496388,ACCT100067674,ML_PATTERN_DETECTED,65,2024-11-19 15:02:29.849915
ALT0007314,TXN00493153,ACCT100095492,ML_PATTERN_DETECTED,51,2023-08-17 19:53:24.316045
ALT0007315,TXN00485895,ACCT100074400,ML_PATTERN_DETECTED,77,2024-10-09 14:10:35.482570
ALT0007316,TXN00480241,ACCT100067450,ML_PATTERN_DETECTED,50,2024-01-20 09:24:59.926678
ALT0007317,TXN00483810,ACCT100055706,ML_PATTERN_DETECTED,64,2024-11-12 15:56:01.397256
ALT0007318,TXN00496390,ACCT100016516,ML_PATTERN_DETECTED,61,2024-01-03 10:32:20.414200
ALT0007319,TXN00484550,ACCT100047350,ML_PATTERN_DETECTED,64,2023-11-26 16:05:06.071337
ALT0007320,TXN00488703,ACCT100005928,ML_PATTERN_DETECTED,85,2023-09-25 18:24:38.989273
ALT0007321,TXN00478878,ACCT100037003,ML_PATTERN_DETECTED,75,2023-10-07 01:59:46.235534
ALT0007322,TXN00484555,ACCT100001951,ML_PATTERN_DETECTED,74,2023-05-01 05:40:35.368662
ALT0007323,TXN00496043,ACCT100091499,ML_PATTERN_DETECTED,53,2023-05-17 09:30:19.617284
ALT0007324,TXN00483222,ACCT100095943,ML_PATTERN_DETECTED,82,2024-10-16 21:43:19.232856
ALT0007325,TXN00491177,ACCT100053374,ML_PATTERN_DETECTED,59,2023-11-02 13:28:12.471380
ALT0007326,TXN00483763,ACCT100002004,ML_PATTERN_DETECTED,76,2024-05-02 07:32:31.957150
ALT0007327,TXN00494031,ACCT100083730,ML_PATTERN_DETECTED,92,2023-07-07 20:32:27.751753
ALT0007328,TXN00488054,ACCT100097898,ML_PATTERN_DETECTED,54,2023-07-15 20:45:14.075717
ALT0007329,TXN00494347,ACCT100004355,ML_PATTERN_DETECTED,54,2024-04-02 02:28:32.483772
ALT0007330,TXN00489853,ACCT100040895,ML_PATTERN_DETECTED,67,2023-05-07 04:38:52.521141
ALT0007331,TXN00479493,ACCT100021557,ML_PATTERN_DETECTED,63,2023-10-12 10:49:15.023906
ALT0007332,TXN00492132,ACCT100004437,ML_PATTERN_DETECTED,50,2024-07-21 11:26:48.668244
ALT0007333,TXN00485169,ACCT100039064,ML_PATTERN_DETECTED,68,2024-06-12 05:16:38.516013
ALT0007334,TXN00478152,ACCT100046083,ML_PATTERN_DETECTED,81,2024-09-05 20:34:06.749724
ALT0007335,TXN00477497,ACCT100063039,ML_PATTERN_DETECTED,77,2024-10-14 00:30:09.732540
ALT0007336,TXN00478960,ACCT100060537,ML_PATTERN_DETECTED,77,2023-08-24 20:51:20.036543
ALT0007337,TXN00478834,ACCT100035410,ML_PATTERN_DETECTED,71,2023-04-12 18:36:06.860853
ALT0007338,TXN00499409,ACCT100068838,ML_PATTERN_DETECTED,86,2023-12-08 03:34:42.216647
ALT0007339,TXN00496047,ACCT100040123,ML_PATTERN_DETECTED,81,2024-06-04 23:12:13.844521
ALT0007340,TXN00496758,ACCT100010154,ML_PATTERN_DETECTED,82,2023-11-17 07:38:03.180842
ALT0007341,TXN00482958,ACCT100034501,ML_PATTERN_DETECTED,54,2024-05-09 07:22:14.610479
ALT0007342,TXN00486863,ACCT100095802,ML_PATTERN_DETECTED,78,2023-10-30 18:09:04.688975
ALT0007343,TXN00486279,ACCT100083759,ML_PATTERN_DETECTED,90,2023-09-30 20:59:37.714070
ALT0007344,TXN00482082,ACCT100002453,ML_PATTERN_DETECTED,50,2024-01-07 20:15:36.979350
ALT0007345,TXN00493014,ACCT100040320,ML_PATTERN_DETECTED,50,2024-04-07 06:32:40.969027
ALT0007346,TXN00481574,ACCT100054031,ML_PATTERN_DETECTED,88,2024-10-08 00:13:07.594658
ALT0007347,TXN00483490,ACCT100070648,ML_PATTERN_DETECTED,60,2024-07-09 12:44:26.377607
ALT0007348,TXN00478220,ACCT100057447,ML_PATTERN_DETECTED,60,2024-12-30 07:15:50.994493
ALT0007349,TXN00489927,ACCT100017915,ML_PATTERN_DETECTED,59,2023-04-16 05:00:24.015800
ALT0007350,TXN00496079,ACCT100083217,ML_PATTERN_DETECTED,69,2024-06-20 19:10:33.015079
ALT0007351,TXN00486489,ACCT100099099,ML_PATTERN_DETECTED,86,2023-03-10 01:12:42.891869
ALT0007352,TXN00486349,ACCT100074979,ML_PATTERN_DETECTED,75,2024-03-16 10:13:54.126725
ALT0007353,TXN00499656,ACCT100070185,ML_PATTERN_DETECTED,59,2023-07-15 20:10:24.549703
ALT0007354,TXN00485151,ACCT100028053,ML_PATTERN_DETECTED,80,2024-12-05 18:26:57.853292
ALT0007355,TXN00493995,ACCT100014056,ML_PATTERN_DETECTED,70,2024-04-11 07:30:21.731393
ALT0007356,TXN00498588,ACCT100098573,ML_PATTERN_DETECTED,52,2024-10-08 20:11:29.577721
ALT0007357,TXN00475659,ACCT100010892,ML_PATTERN_DETECTED,87,2023-06-09 01:21:13.198026
ALT0007358,TXN00491038,ACCT100077240,ML_PATTERN_DETECTED,88,2023-10-07 08:24:47.636880
ALT0007359,TXN00475549,ACCT100039565,ML_PATTERN_DETECTED,68,2024-10-14 02:23:48.567202
ALT0007360,TXN00485968,ACCT100073901,ML_PATTERN_DETECTED,91,2023-08-02 17:15:12.987755
ALT0007361,TXN00496585,ACCT100097235,ML_PATTERN_DETECTED,84,2023-08-02 19:30:50.938814
ALT0007362,TXN00497870,ACCT100081736,ML_PATTERN_DETECTED,76,2024-08-23 06:28:24.490308
ALT0007363,TXN00483289,ACCT100089051,ML_PATTERN_DETECTED,93,2024-07-20 05:37:43.188972
ALT0007364,TXN00481480,ACCT100073794,ML_PATTERN_DETECTED,65,2023-05-13 06:06:10.362136
ALT0007365,TXN00497323,ACCT100043704,ML_PATTERN_DETECTED,90,2024-04-20 02:34:04.693383
ALT0007366,TXN00484490,ACCT100017682,ML_PATTERN_DETECTED,81,2024-09-12 06:44:00.092100
ALT0007367,TXN00477115,ACCT100074642,ML_PATTERN_DETECTED,88,2023-07-22 22:24:55.478605
ALT0007368,TXN00498056,ACCT100098152,ML_PATTERN_DETECTED,60,2024-11-26 23:54:21.614879
ALT0007369,TXN00485324,ACCT100058533,ML_PATTERN_DETECTED,70,2023-09-24 03:55:27.946929
ALT0007370,TXN00491687,ACCT100059239,ML_PATTERN_DETECTED,85,2023-03-30 18:09:55.245613
ALT0007371,TXN00488308,ACCT100022811,ML_PATTERN_DETECTED,55,2023-11-10 21:05:44.741738
ALT0007372,TXN00497272,ACCT100019654,ML_PATTERN_DETECTED,57,2023-07-06 14:27:01.395446
ALT0007373,TXN00485413,ACCT100072016,ML_PATTERN_DETECTED,89,2024-07-16 02:25:27.784360
ALT0007374,TXN00477389,ACCT100059451,ML_PATTERN_DETECTED,67,2024-07-12 18:36:56.552742
ALT0007375,TXN00486268,ACCT100007007,ML_PATTERN_DETECTED,87,2023-05-01 09:05:22.138076
ALT0007376,TXN00499856,ACCT100026530,ML_PATTERN_DETECTED,64,2023-06-22 10:59:39.777240
ALT0007377,TXN00486990,ACCT100094776,ML_PATTERN_DETECTED,91,2024-09-04 08:04:24.915588
ALT0007378,TXN00490684,ACCT100005939,ML_PATTERN_DETECTED,66,2023-12-09 15:35:43.282522
ALT0007379,TXN00477572,ACCT100061285,ML_PATTERN_DETECTED,78,2024-09-09 15:52:41.269309
ALT0007380,TXN00487385,ACCT100022403,ML_PATTERN_DETECTED,72,2023-02-28 16:26:22.164668
ALT0007381,TXN00493498,ACCT100017111,ML_PATTERN_DETECTED,58,2024-04-03 03:47:35.965250
ALT0007382,TXN00486045,ACCT100079546,ML_PATTERN_DETECTED,88,2023-10-23 19:11:18.866256
ALT0007383,TXN00481726,ACCT100055595,ML_PATTERN_DETECTED,83,2024-05-21 04:23:18.621873
ALT0007384,TXN00485289,ACCT100066035,ML_PATTERN_DETECTED,93,2023-10-26 17:33:25.775362
ALT0007385,TXN00494696,ACCT100048868,ML_PATTERN_DETECTED,81,2023-08-02 23:21:53.536691
ALT0007386,TXN00475689,ACCT100056112,ML_PATTERN_DETECTED,85,2024-03-31 00:32:03.440360
ALT0007387,TXN00475359,ACCT100036893,ML_PATTERN_DETECTED,52,2024-03-18 14:54:12.300910
ALT0007388,TXN00485449,ACCT100034041,ML_PATTERN_DETECTED,58,2023-06-17 11:11:23.840321
ALT0007389,TXN00489979,ACCT100026307,ML_PATTERN_DETECTED,92,2024-05-05 06:14:46.932432
ALT0007390,TXN00499017,ACCT100057363,ML_PATTERN_DETECTED,83,2024-10-16 09:59:14.701268
ALT0007391,TXN00494526,ACCT100031580,ML_PATTERN_DETECTED,79,2023-12-20 11:46:19.724130
ALT0007392,TXN00476564,ACCT100032586,ML_PATTERN_DETECTED,82,2023-04-18 18:08:16.222561
ALT0007393,TXN00493337,ACCT100076221,ML_PATTERN_DETECTED,55,2024-03-10 18:24:10.905223
ALT0007394,TXN00495173,ACCT100088423,ML_PATTERN_DETECTED,64,2024-02-16 18:54:01.037307
ALT0007395,TXN00480155,ACCT100027663,ML_PATTERN_DETECTED,65,2024-09-06 19:43:36.991239
ALT0007396,TXN00481541,ACCT100025772,ML_PATTERN_DETECTED,54,2024-07-31 15:13:04.775270
ALT0007397,TXN00481293,ACCT100053633,ML_PATTERN_DETECTED,56,2024-06-27 21:33:28.237216
ALT0007398,TXN00490817,ACCT100073682,ML_PATTERN_DETECTED,66,2023-11-01 18:52:19.470996
ALT0007399,TXN00481917,ACCT100060909,ML_PATTERN_DETECTED,65,2023-02-18 04:19:20.092634
ALT0007400,TXN00496877,ACCT100097118,ML_PATTERN_DETECTED,96,2024-08-19 07:23:09.054854
ALT0007401,TXN00492283,ACCT100017782,ML_PATTERN_DETECTED,83,2023-09-29 18:45:03.485826
ALT0007402,TXN00477708,ACCT100080140,ML_PATTERN_DETECTED,60,2023-11-04 14:22:39.027353
ALT0007403,TXN00497102,ACCT100039142,ML_PATTERN_DETECTED,89,2024-05-12 22:05:39.306192
ALT0007404,TXN00475410,ACCT100071778,ML_PATTERN_DETECTED,79,2024-09-03 20:50:24.530591
ALT0007405,TXN00498580,ACCT100060135,ML_PATTERN_DETECTED,68,2024-12-19 12:30:29.170525
ALT0007406,TXN00484882,ACCT100090886,ML_PATTERN_DETECTED,96,2024-10-13 04:55:42.083270
ALT0007407,TXN00479141,ACCT100044036,ML_PATTERN_DETECTED,52,2023-09-18 07:40:45.768613
ALT0007408,TXN00498030,ACCT100061460,ML_PATTERN_DETECTED,69,2023-08-29 06:15:55.098901
ALT0007409,TXN00487012,ACCT100082175,ML_PATTERN_DETECTED,65,2023-08-11 02:17:10.053354
ALT0007410,TXN00493005,ACCT100049296,ML_PATTERN_DETECTED,68,2023-08-16 01:24:09.867563
ALT0007411,TXN00490566,ACCT100074374,ML_PATTERN_DETECTED,83,2024-12-22 06:49:30.626301
ALT0007412,TXN00478053,ACCT100063248,ML_PATTERN_DETECTED,86,2023-02-16 11:00:24.339635
ALT0007413,TXN00484685,ACCT100015844,ML_PATTERN_DETECTED,79,2024-05-23 05:43:27.946880
ALT0007414,TXN00479444,ACCT100003896,ML_PATTERN_DETECTED,80,2023-05-28 04:00:18.147424
ALT0007415,TXN00497605,ACCT100074156,ML_PATTERN_DETECTED,55,2023-10-18 00:48:38.484492
ALT0007416,TXN00479255,ACCT100024058,ML_PATTERN_DETECTED,65,2023-11-06 19:41:53.708989
ALT0007417,TXN00482848,ACCT100026316,ML_PATTERN_DETECTED,91,2023-12-31 18:40:20.667013
ALT0007418,TXN00484430,ACCT100060656,ML_PATTERN_DETECTED,95,2024-08-08 07:38:05.181732
ALT0007419,TXN00485658,ACCT100048471,ML_PATTERN_DETECTED,91,2023-08-11 14:07:22.267656
ALT0007420,TXN00489006,ACCT100019124,ML_PATTERN_DETECTED,61,2024-02-02 10:08:36.383868
ALT0007421,TXN00497485,ACCT100046817,ML_PATTERN_DETECTED,63,2024-12-18 08:34:55.729340
ALT0007422,TXN00489115,ACCT100060099,ML_PATTERN_DETECTED,80,2024-03-07 05:56:48.107539
ALT0007423,TXN00483744,ACCT100016391,ML_PATTERN_DETECTED,67,2023-02-21 00:06:13.174565
ALT0007424,TXN00484366,ACCT100061658,ML_PATTERN_DETECTED,69,2024-09-26 04:39:37.941480
ALT0007425,TXN00486710,ACCT100098526,ML_PATTERN_DETECTED,88,2024-04-30 08:07:59.672226
ALT0007426,TXN00479116,ACCT100077785,ML_PATTERN_DETECTED,86,2023-07-09 02:37:23.884550
ALT0007427,TXN00491896,ACCT100039622,ML_PATTERN_DETECTED,68,2024-11-21 16:48:54.764560
ALT0007428,TXN00496519,ACCT100058795,ML_PATTERN_DETECTED,77,2024-08-13 21:40:17.619270
ALT0007429,TXN00490904,ACCT100047019,ML_PATTERN_DETECTED,91,2024-08-23 01:00:55.947069
ALT0007430,TXN00485669,ACCT100070438,ML_PATTERN_DETECTED,56,2023-08-04 17:00:58.057309
ALT0007431,TXN00477026,ACCT100027000,ML_PATTERN_DETECTED,81,2024-11-09 02:10:07.878076
ALT0007432,TXN00498833,ACCT100025068,ML_PATTERN_DETECTED,52,2024-03-05 10:58:21.984676
ALT0007433,TXN00478830,ACCT100058494,ML_PATTERN_DETECTED,58,2023-01-21 00:19:15.362782
ALT0007434,TXN00481056,ACCT100097302,ML_PATTERN_DETECTED,93,2023-04-05 08:40:19.849266
ALT0007435,TXN00495263,ACCT100049204,ML_PATTERN_DETECTED,60,2023-01-30 00:25:35.796342
ALT0007436,TXN00477131,ACCT100098286,ML_PATTERN_DETECTED,83,2024-04-18 02:46:31.059647
ALT0007437,TXN00486835,ACCT100056248,ML_PATTERN_DETECTED,93,2024-09-21 20:56:25.864017
ALT0007438,TXN00494145,ACCT100018569,ML_PATTERN_DETECTED,68,2023-07-06 00:40:11.499541
ALT0007439,TXN00488470,ACCT100006875,ML_PATTERN_DETECTED,60,2024-09-10 17:17:50.809072
ALT0007440,TXN00477470,ACCT100031953,ML_PATTERN_DETECTED,86,2024-02-06 05:25:33.556397
ALT0007441,TXN00481718,ACCT100023042,ML_PATTERN_DETECTED,89,2024-06-05 02:49:23.039843
ALT0007442,TXN00496451,ACCT100029324,ML_PATTERN_DETECTED,89,2023-01-06 04:42:48.907922
ALT0007443,TXN00485078,ACCT100050896,ML_PATTERN_DETECTED,74,2023-02-23 15:10:00.391099
ALT0007444,TXN00495343,ACCT100053709,ML_PATTERN_DETECTED,80,2023-01-05 18:10:04.916489
ALT0007445,TXN00494579,ACCT100038264,ML_PATTERN_DETECTED,76,2023-01-23 22:32:06.783523
ALT0007446,TXN00485803,ACCT100053527,ML_PATTERN_DETECTED,74,2024-01-09 00:30:15.354554
ALT0007447,TXN00489269,ACCT100045371,ML_PATTERN_DETECTED,91,2023-06-09 12:14:00.049883
ALT0007448,TXN00485179,ACCT100024586,ML_PATTERN_DETECTED,70,2024-04-07 19:08:18.228446
ALT0007449,TXN00493221,ACCT100041760,ML_PATTERN_DETECTED,91,2023-03-04 07:34:57.407857
ALT0007450,TXN00490989,ACCT100029827,ML_PATTERN_DETECTED,65,2023-01-25 13:33:07.845694
ALT0007451,TXN00476170,ACCT100026651,ML_PATTERN_DETECTED,81,2023-01-22 13:55:23.021451
ALT0007452,TXN00497487,ACCT100087240,ML_PATTERN_DETECTED,80,2023-01-26 05:19:01.562617
ALT0007453,TXN00485691,ACCT100003409,ML_PATTERN_DETECTED,98,2024-10-27 13:47:49.790277
ALT0007454,TXN00487165,ACCT100052922,ML_PATTERN_DETECTED,75,2023-02-19 00:31:07.869535
ALT0007455,TXN00493749,ACCT100020054,ML_PATTERN_DETECTED,97,2023-05-23 08:48:00.429126
ALT0007456,TXN00477102,ACCT100067724,ML_PATTERN_DETECTED,68,2023-10-25 02:34:52.142375
ALT0007457,TXN00497846,ACCT100093659,ML_PATTERN_DETECTED,64,2024-07-25 23:02:43.411198
ALT0007458,TXN00496431,ACCT100018276,ML_PATTERN_DETECTED,50,2023-12-09 04:59:33.145617
ALT0007459,TXN00482207,ACCT100028189,ML_PATTERN_DETECTED,73,2024-03-07 13:34:44.436307
ALT0007460,TXN00499336,ACCT100062756,ML_PATTERN_DETECTED,52,2023-04-16 13:28:08.838108
ALT0007461,TXN00494383,ACCT100071821,ML_PATTERN_DETECTED,86,2024-11-04 23:09:50.349878
ALT0007462,TXN00477246,ACCT100046450,ML_PATTERN_DETECTED,70,2024-05-19 06:41:56.075286
ALT0007463,TXN00478116,ACCT100042162,ML_PATTERN_DETECTED,54,2023-02-27 20:52:43.193329
ALT0007464,TXN00484790,ACCT100078478,ML_PATTERN_DETECTED,80,2023-12-05 06:02:39.687570
ALT0007465,TXN00495787,ACCT100031143,ML_PATTERN_DETECTED,59,2023-08-26 14:12:26.754753
ALT0007466,TXN00487608,ACCT100024217,ML_PATTERN_DETECTED,72,2023-11-26 00:44:59.837630
ALT0007467,TXN00491837,ACCT100066783,ML_PATTERN_DETECTED,63,2024-09-10 01:41:49.767589
ALT0007468,TXN00497242,ACCT100011791,ML_PATTERN_DETECTED,94,2023-02-27 22:58:45.078295
ALT0007469,TXN00491862,ACCT100010269,ML_PATTERN_DETECTED,56,2023-10-23 14:42:51.523773
ALT0007470,TXN00493223,ACCT100086028,ML_PATTERN_DETECTED,77,2023-01-03 08:21:47.661044
ALT0007471,TXN00475844,ACCT100093716,ML_PATTERN_DETECTED,94,2023-11-11 23:24:02.862133
ALT0007472,TXN00488414,ACCT100083011,ML_PATTERN_DETECTED,58,2023-06-17 16:26:36.600973
ALT0007473,TXN00495813,ACCT100035349,ML_PATTERN_DETECTED,90,2023-12-24 00:15:27.388695
ALT0007474,TXN00492200,ACCT100003258,ML_PATTERN_DETECTED,58,2024-10-17 15:46:33.518604
ALT0007475,TXN00490565,ACCT100013064,ML_PATTERN_DETECTED,60,2024-12-15 20:06:11.952134
ALT0007476,TXN00493881,ACCT100072182,ML_PATTERN_DETECTED,82,2023-08-29 09:17:38.265129
ALT0007477,TXN00496506,ACCT100035894,ML_PATTERN_DETECTED,61,2023-05-27 20:56:59.377405
ALT0007478,TXN00475655,ACCT100034010,ML_PATTERN_DETECTED,91,2024-07-21 23:25:58.685774
ALT0007479,TXN00481676,ACCT100032926,ML_PATTERN_DETECTED,55,2023-09-10 01:39:55.628964
ALT0007480,TXN00493848,ACCT100022828,ML_PATTERN_DETECTED,98,2024-11-08 15:09:31.117553
ALT0007481,TXN00484599,ACCT100017878,ML_PATTERN_DETECTED,93,2023-08-13 03:19:42.133315
ALT0007482,TXN00483435,ACCT100046446,ML_PATTERN_DETECTED,89,2024-02-15 11:16:28.312220
ALT0007483,TXN00492730,ACCT100082738,ML_PATTERN_DETECTED,62,2023-11-05 08:42:49.842191
ALT0007484,TXN00485820,ACCT100010066,ML_PATTERN_DETECTED,83,2023-11-10 01:43:51.247424
ALT0007485,TXN00495987,ACCT100039642,ML_PATTERN_DETECTED,91,2023-10-28 22:27:20.742093
ALT0007486,TXN00484581,ACCT100053840,ML_PATTERN_DETECTED,90,2023-07-08 07:58:57.342396
ALT0007487,TXN00487355,ACCT100021689,ML_PATTERN_DETECTED,74,2023-01-24 16:58:10.604779
ALT0007488,TXN00485790,ACCT100049746,ML_PATTERN_DETECTED,78,2024-10-15 21:08:08.166983
ALT0007489,TXN00492804,ACCT100074887,ML_PATTERN_DETECTED,71,2023-09-23 12:35:17.997590
ALT0007490,TXN00475153,ACCT100035959,ML_PATTERN_DETECTED,92,2024-09-03 23:23:09.728880
ALT0007491,TXN00485053,ACCT100009289,ML_PATTERN_DETECTED,87,2023-12-19 01:01:40.738116
ALT0007492,TXN00499162,ACCT100057078,ML_PATTERN_DETECTED,60,2023-07-22 05:45:02.933029
ALT0007493,TXN00490187,ACCT100094501,ML_PATTERN_DETECTED,64,2023-03-03 12:56:48.420686
ALT0007494,TXN00493642,ACCT100036053,ML_PATTERN_DETECTED,81,2024-07-31 15:56:59.348304
ALT0007495,TXN00492898,ACCT100014130,ML_PATTERN_DETECTED,90,2023-08-10 00:17:35.288500
ALT0007496,TXN00476739,ACCT100020463,ML_PATTERN_DETECTED,98,2023-09-07 09:33:52.907624
ALT0007497,TXN00495081,ACCT100003009,ML_PATTERN_DETECTED,70,2024-03-24 03:51:05.728911
ALT0007498,TXN00487860,ACCT100077135,ML_PATTERN_DETECTED,91,2024-12-07 08:44:40.723282
ALT0007499,TXN00477625,ACCT100033061,ML_PATTERN_DETECTED,53,2024-07-02 15:35:25.537025
ALT0007500,TXN00478486,ACCT100044643,ML_PATTERN_DETECTED,96,2024-09-21 15:19:17.662409
ALT0007501,TXN00499750,ACCT100078214,ML_PATTERN_DETECTED,93,2024-02-27 01:34:59.139858
ALT0007502,TXN00492886,ACCT100000557,ML_PATTERN_DETECTED,91,2023-05-30 16:06:07.708134
ALT0007503,TXN00475901,ACCT100020571,ML_PATTERN_DETECTED,66,2023-01-13 02:17:08.512042
ALT0007504,TXN00489201,ACCT100087902,ML_PATTERN_DETECTED,93,2024-04-14 09:44:47.758274
ALT0007505,TXN00494588,ACCT100012685,ML_PATTERN_DETECTED,84,2023-09-21 10:35:05.977109
ALT0007506,TXN00480649,ACCT100030099,ML_PATTERN_DETECTED,72,2024-05-22 07:28:37.335875
ALT0007507,TXN00484519,ACCT100000619,ML_PATTERN_DETECTED,78,2024-04-23 13:55:09.552347
ALT0007508,TXN00483883,ACCT100085257,ML_PATTERN_DETECTED,72,2024-02-04 03:09:08.425650
ALT0007509,TXN00490850,ACCT100058559,ML_PATTERN_DETECTED,57,2023-06-11 04:51:17.031946
ALT0007510,TXN00475953,ACCT100084842,ML_PATTERN_DETECTED,98,2023-01-19 14:40:49.358117
ALT0007511,TXN00499359,ACCT100071429,ML_PATTERN_DETECTED,80,2024-11-21 16:25:58.299927
ALT0007512,TXN00491263,ACCT100025497,ML_PATTERN_DETECTED,54,2024-08-13 09:59:14.038732
ALT0007513,TXN00495761,ACCT100062055,ML_PATTERN_DETECTED,55,2023-10-16 08:52:57.068402
ALT0007514,TXN00494583,ACCT100063914,ML_PATTERN_DETECTED,65,2024-06-08 19:00:37.170054
ALT0007515,TXN00477719,ACCT100008212,ML_PATTERN_DETECTED,60,2024-12-14 21:04:52.029263
ALT0007516,TXN00475057,ACCT100004493,ML_PATTERN_DETECTED,64,2024-10-24 09:00:19.517576
ALT0007517,TXN00484080,ACCT100008082,ML_PATTERN_DETECTED,70,2023-11-24 02:38:59.721316
ALT0007518,TXN00493187,ACCT100060971,ML_PATTERN_DETECTED,56,2023-01-20 23:55:07.011169
ALT0007519,TXN00484311,ACCT100090641,ML_PATTERN_DETECTED,53,2023-09-21 19:26:23.847817
ALT0007520,TXN00491017,ACCT100036674,ML_PATTERN_DETECTED,53,2024-04-20 04:21:44.490446
ALT0007521,TXN00490347,ACCT100033356,ML_PATTERN_DETECTED,73,2024-02-21 08:47:37.608961
ALT0007522,TXN00488798,ACCT100062019,ML_PATTERN_DETECTED,71,2024-01-19 22:28:09.362254
ALT0007523,TXN00495485,ACCT100095603,ML_PATTERN_DETECTED,67,2024-09-07 08:32:10.852854
ALT0007524,TXN00484635,ACCT100089683,ML_PATTERN_DETECTED,59,2024-09-01 21:19:55.785511
ALT0007525,TXN00491763,ACCT100091322,ML_PATTERN_DETECTED,61,2024-07-09 18:05:50.285732
ALT0007526,TXN00488625,ACCT100019103,ML_PATTERN_DETECTED,86,2024-06-11 12:06:42.529640
ALT0007527,TXN00495505,ACCT100008656,ML_PATTERN_DETECTED,59,2023-03-03 04:55:32.696039
ALT0007528,TXN00479304,ACCT100056288,ML_PATTERN_DETECTED,98,2023-03-17 06:16:12.784187
ALT0007529,TXN00495008,ACCT100048880,ML_PATTERN_DETECTED,94,2023-05-27 14:10:50.703547
ALT0007530,TXN00498092,ACCT100013240,ML_PATTERN_DETECTED,93,2023-08-24 16:21:18.556180
ALT0007531,TXN00489312,ACCT100090517,ML_PATTERN_DETECTED,74,2023-11-07 12:45:54.538543
ALT0007532,TXN00488678,ACCT100086145,ML_PATTERN_DETECTED,68,2024-06-08 05:43:42.653621
ALT0007533,TXN00494565,ACCT100083345,ML_PATTERN_DETECTED,98,2024-04-03 07:27:13.036020
ALT0007534,TXN00498544,ACCT100046564,ML_PATTERN_DETECTED,71,2023-06-18 20:49:24.653004
ALT0007535,TXN00488305,ACCT100038831,ML_PATTERN_DETECTED,63,2024-03-02 09:24:14.429301
ALT0007536,TXN00486273,ACCT100006108,ML_PATTERN_DETECTED,86,2023-05-05 01:39:27.938734
ALT0007537,TXN00493066,ACCT100022298,ML_PATTERN_DETECTED,79,2024-02-08 07:12:41.890991
ALT0007538,TXN00495682,ACCT100083153,ML_PATTERN_DETECTED,87,2024-03-04 04:41:12.929178
ALT0007539,TXN00487089,ACCT100034934,ML_PATTERN_DETECTED,55,2023-03-28 15:08:25.372356
ALT0007540,TXN00485024,ACCT100041095,ML_PATTERN_DETECTED,74,2024-09-06 09:19:11.685968
ALT0007541,TXN00485739,ACCT100089673,ML_PATTERN_DETECTED,90,2023-04-17 00:48:32.921628
ALT0007542,TXN00490988,ACCT100043227,ML_PATTERN_DETECTED,91,2024-08-26 23:53:09.880065
ALT0007543,TXN00477049,ACCT100032885,ML_PATTERN_DETECTED,76,2023-07-16 20:24:27.667341
ALT0007544,TXN00489879,ACCT100007951,ML_PATTERN_DETECTED,82,2023-09-11 04:10:46.789375
ALT0007545,TXN00479145,ACCT100079218,ML_PATTERN_DETECTED,90,2024-12-14 23:49:06.536879
ALT0007546,TXN00498391,ACCT100022183,ML_PATTERN_DETECTED,83,2024-09-09 13:27:39.856827
ALT0007547,TXN00499040,ACCT100036833,ML_PATTERN_DETECTED,78,2023-06-30 00:44:29.635105
ALT0007548,TXN00491637,ACCT100026229,ML_PATTERN_DETECTED,58,2024-09-10 17:38:51.342970
ALT0007549,TXN00493832,ACCT100039581,ML_PATTERN_DETECTED,66,2024-07-17 22:59:46.666425
ALT0007550,TXN00489934,ACCT100097190,ML_PATTERN_DETECTED,91,2023-01-14 00:04:41.464232
ALT0007551,TXN00486742,ACCT100034710,ML_PATTERN_DETECTED,96,2024-02-15 11:20:22.228762
ALT0007552,TXN00496516,ACCT100053031,ML_PATTERN_DETECTED,96,2023-11-20 00:12:25.929693
ALT0007553,TXN00478993,ACCT100030005,ML_PATTERN_DETECTED,57,2023-06-08 23:53:38.960212
ALT0007554,TXN00495462,ACCT100011751,ML_PATTERN_DETECTED,71,2023-11-27 04:24:21.284031
ALT0007555,TXN00494806,ACCT100081924,ML_PATTERN_DETECTED,73,2023-02-18 21:23:08.692404
ALT0007556,TXN00480164,ACCT100000055,ML_PATTERN_DETECTED,73,2023-06-01 19:19:11.655117
ALT0007557,TXN00486734,ACCT100049900,ML_PATTERN_DETECTED,54,2023-06-13 18:07:48.111571
ALT0007558,TXN00485852,ACCT100042548,ML_PATTERN_DETECTED,87,2023-09-09 13:06:00.322461
ALT0007559,TXN00484705,ACCT100059647,ML_PATTERN_DETECTED,71,2024-11-07 13:04:59.040262
ALT0007560,TXN00498594,ACCT100008175,ML_PATTERN_DETECTED,97,2023-10-03 18:29:38.161382
ALT0007561,TXN00477678,ACCT100091675,ML_PATTERN_DETECTED,93,2023-03-25 19:56:02.601789
ALT0007562,TXN00497365,ACCT100085540,ML_PATTERN_DETECTED,55,2023-11-05 14:24:56.160033
ALT0007563,TXN00476612,ACCT100097362,ML_PATTERN_DETECTED,80,2023-04-09 20:00:14.799402
ALT0007564,TXN00482576,ACCT100059884,ML_PATTERN_DETECTED,95,2024-01-27 23:59:52.198925
ALT0007565,TXN00498311,ACCT100021949,ML_PATTERN_DETECTED,79,2023-04-23 14:16:46.636173
ALT0007566,TXN00492603,ACCT100041379,ML_PATTERN_DETECTED,75,2024-08-06 05:05:59.999708
ALT0007567,TXN00476424,ACCT100054672,ML_PATTERN_DETECTED,69,2024-02-09 19:42:30.338997
ALT0007568,TXN00499508,ACCT100027855,ML_PATTERN_DETECTED,75,2024-11-20 17:44:02.435421
ALT0007569,TXN00480696,ACCT100069831,ML_PATTERN_DETECTED,98,2023-09-20 04:18:25.196611
ALT0007570,TXN00496148,ACCT100043613,ML_PATTERN_DETECTED,53,2023-04-15 14:44:25.930768
ALT0007571,TXN00499655,ACCT100026997,ML_PATTERN_DETECTED,54,2024-04-01 03:42:13.930040
ALT0007572,TXN00485935,ACCT100007179,ML_PATTERN_DETECTED,65,2024-05-18 02:07:48.549667
ALT0007573,TXN00490842,ACCT100054943,ML_PATTERN_DETECTED,54,2024-02-03 14:39:46.811074
ALT0007574,TXN00479679,ACCT100003152,ML_PATTERN_DETECTED,91,2024-10-12 22:51:45.284399
ALT0007575,TXN00479861,ACCT100021820,ML_PATTERN_DETECTED,50,2024-03-30 02:25:13.968704
ALT0007576,TXN00486802,ACCT100017180,ML_PATTERN_DETECTED,60,2023-05-03 16:52:01.681549
ALT0007577,TXN00499210,ACCT100031999,ML_PATTERN_DETECTED,53,2023-10-19 10:25:12.355577
ALT0007578,TXN00493777,ACCT100049854,ML_PATTERN_DETECTED,70,2023-07-25 02:24:10.647088
ALT0007579,TXN00493835,ACCT100042942,ML_PATTERN_DETECTED,65,2023-05-25 12:23:12.491997
ALT0007580,TXN00462233,ACCT100078532,HIGH_VALUE_TXN,97,2024-05-10 02:15:06.525053
ALT0007581,TXN00491074,ACCT100025908,ML_PATTERN_DETECTED,50,2024-04-20 16:18:01.147699
ALT0007582,TXN00498386,ACCT100061688,ML_PATTERN_DETECTED,57,2023-05-28 12:20:32.298896
ALT0007583,TXN00487759,ACCT100035077,ML_PATTERN_DETECTED,90,2024-07-03 13:18:33.708638
ALT0007584,TXN00481112,ACCT100061597,ML_PATTERN_DETECTED,52,2023-09-07 01:44:11.452125
ALT0007585,TXN00492820,ACCT100015774,ML_PATTERN_DETECTED,89,2023-10-22 22:51:23.870654
ALT0007586,TXN00490762,ACCT100037823,ML_PATTERN_DETECTED,76,2024-04-13 03:05:45.753241
ALT0007587,TXN00476634,ACCT100088839,ML_PATTERN_DETECTED,53,2023-09-06 12:36:36.626043
ALT0007588,TXN00498733,ACCT100035226,ML_PATTERN_DETECTED,97,2023-01-10 18:22:17.545311
ALT0007589,TXN00482806,ACCT100086354,ML_PATTERN_DETECTED,79,2023-10-19 05:11:10.120224
ALT0007590,TXN00479346,ACCT100051732,ML_PATTERN_DETECTED,73,2023-03-26 01:45:41.113571
ALT0007591,TXN00492263,ACCT100071463,ML_PATTERN_DETECTED,91,2024-07-01 17:01:09.786187
ALT0007592,TXN00499923,ACCT100069585,ML_PATTERN_DETECTED,96,2023-04-14 00:39:14.413246
ALT0007593,TXN00490474,ACCT100023981,ML_PATTERN_DETECTED,95,2023-07-12 12:39:15.147201
ALT0007594,TXN00475672,ACCT100040707,ML_PATTERN_DETECTED,93,2024-06-12 19:10:42.314854
ALT0007595,TXN00495065,ACCT100092306,ML_PATTERN_DETECTED,55,2023-08-28 03:16:27.945959
ALT0007596,TXN00485370,ACCT100000037,ML_PATTERN_DETECTED,75,2024-11-15 17:18:27.867545
ALT0007597,TXN00479880,ACCT100092211,ML_PATTERN_DETECTED,56,2023-08-03 04:01:24.922820
ALT0007598,TXN00481325,ACCT100045067,ML_PATTERN_DETECTED,93,2023-10-21 08:24:28.137099
ALT0007599,TXN00477753,ACCT100043367,ML_PATTERN_DETECTED,66,2023-04-26 23:48:52.448818
ALT0007600,TXN00493753,ACCT100014542,ML_PATTERN_DETECTED,62,2024-05-07 13:09:23.447608
ALT0007601,TXN00486921,ACCT100054979,ML_PATTERN_DETECTED,91,2023-08-29 08:49:07.451139
ALT0007602,TXN00493744,ACCT100005152,ML_PATTERN_DETECTED,52,2024-11-17 13:19:13.469755
ALT0007603,TXN00484332,ACCT100002245,ML_PATTERN_DETECTED,55,2023-01-10 10:51:37.203491
ALT0007604,TXN00490069,ACCT100027846,ML_PATTERN_DETECTED,77,2024-01-22 13:38:24.085814
ALT0007605,TXN00495139,ACCT100019828,ML_PATTERN_DETECTED,65,2024-01-14 03:29:11.547581
ALT0007606,TXN00494812,ACCT100038091,ML_PATTERN_DETECTED,86,2024-12-02 01:57:26.939032
ALT0007607,TXN00480352,ACCT100066473,ML_PATTERN_DETECTED,53,2023-03-24 09:52:33.515658
ALT0007608,TXN00475974,ACCT100019785,ML_PATTERN_DETECTED,54,2024-07-04 21:23:29.378580
ALT0007609,TXN00499579,ACCT100099510,ML_PATTERN_DETECTED,77,2024-02-10 22:10:12.919427
ALT0007610,TXN00487688,ACCT100009526,ML_PATTERN_DETECTED,94,2024-09-26 23:33:21.192005
ALT0007611,TXN00483338,ACCT100098728,ML_PATTERN_DETECTED,71,2023-07-25 12:00:26.867804
ALT0007612,TXN00483065,ACCT100065779,ML_PATTERN_DETECTED,87,2023-08-27 05:48:11.222867
ALT0007613,TXN00492819,ACCT100023321,ML_PATTERN_DETECTED,72,2023-03-21 14:47:39.977468
ALT0007614,TXN00478146,ACCT100019957,ML_PATTERN_DETECTED,54,2023-12-31 23:32:12.177512
ALT0007615,TXN00481748,ACCT100065613,ML_PATTERN_DETECTED,71,2023-12-04 21:19:58.424717
ALT0007616,TXN00480202,ACCT100078392,ML_PATTERN_DETECTED,66,2024-05-04 21:36:20.687690
ALT0007617,TXN00479172,ACCT100076646,ML_PATTERN_DETECTED,56,2023-01-27 04:33:58.601278
ALT0007618,TXN00496640,ACCT100036795,ML_PATTERN_DETECTED,60,2023-09-01 20:44:04.291905
ALT0007619,TXN00493387,ACCT100063644,ML_PATTERN_DETECTED,89,2023-12-17 06:34:23.612786
ALT0007620,TXN00494954,ACCT100097847,ML_PATTERN_DETECTED,82,2023-06-27 07:36:51.222974
ALT0007621,TXN00491734,ACCT100049391,ML_PATTERN_DETECTED,93,2024-05-15 11:31:05.737174
ALT0007622,TXN00481015,ACCT100017520,ML_PATTERN_DETECTED,54,2024-02-05 05:46:41.181082
ALT0007623,TXN00475071,ACCT100016984,ML_PATTERN_DETECTED,58,2024-05-14 01:14:22.175626
ALT0007624,TXN00476195,ACCT100078679,ML_PATTERN_DETECTED,90,2023-08-09 14:37:36.275271
ALT0007625,TXN00475768,ACCT100074781,ML_PATTERN_DETECTED,76,2024-03-28 15:58:15.073243
ALT0007626,TXN00475528,ACCT100006313,ML_PATTERN_DETECTED,86,2023-07-05 00:43:35.126839
ALT0007627,TXN00479776,ACCT100052943,ML_PATTERN_DETECTED,50,2023-03-21 00:31:35.520224
ALT0007628,TXN00490337,ACCT100023028,ML_PATTERN_DETECTED,56,2023-02-22 18:42:31.164397
ALT0007629,TXN00485149,ACCT100050297,ML_PATTERN_DETECTED,58,2024-01-29 23:07:23.637117
ALT0007630,TXN00479975,ACCT100061099,ML_PATTERN_DETECTED,69,2023-11-14 11:40:27.256877
ALT0007631,TXN00499125,ACCT100099742,ML_PATTERN_DETECTED,65,2024-03-24 18:35:01.264463
ALT0007632,TXN00492168,ACCT100018657,ML_PATTERN_DETECTED,75,2024-11-27 06:50:03.714948
ALT0007633,TXN00484921,ACCT100037150,ML_PATTERN_DETECTED,55,2024-09-30 22:27:02.571499
ALT0007634,TXN00488063,ACCT100047718,ML_PATTERN_DETECTED,89,2024-04-04 17:34:06.359874
ALT0007635,TXN00491864,ACCT100000957,ML_PATTERN_DETECTED,57,2024-03-25 21:26:24.938323
ALT0007636,TXN00481376,ACCT100083988,ML_PATTERN_DETECTED,85,2024-05-13 03:35:07.418010
ALT0007637,TXN00479697,ACCT100071597,ML_PATTERN_DETECTED,90,2024-11-13 03:46:37.595573
ALT0007638,TXN00489588,ACCT100059522,ML_PATTERN_DETECTED,85,2023-02-06 19:51:25.640626
ALT0007639,TXN00498153,ACCT100069429,ML_PATTERN_DETECTED,98,2023-01-12 20:19:15.088873
ALT0007640,TXN00485866,ACCT100002932,ML_PATTERN_DETECTED,66,2023-02-09 22:22:00.317861
ALT0007641,TXN00477896,ACCT100077693,ML_PATTERN_DETECTED,81,2023-10-24 08:35:47.924263
ALT0007642,TXN00483072,ACCT100093744,ML_PATTERN_DETECTED,98,2024-10-15 10:37:01.487923
ALT0007643,TXN00498931,ACCT100066245,ML_PATTERN_DETECTED,97,2024-08-08 21:26:07.572909
ALT0007644,TXN00488937,ACCT100084538,ML_PATTERN_DETECTED,94,2024-12-13 06:20:01.323689
ALT0007645,TXN00488346,ACCT100052307,ML_PATTERN_DETECTED,62,2023-09-29 15:58:05.720493
ALT0007646,TXN00479396,ACCT100085333,ML_PATTERN_DETECTED,94,2024-11-06 05:51:07.103404
ALT0007647,TXN00484357,ACCT100078396,ML_PATTERN_DETECTED,93,2023-03-10 16:37:11.032275
ALT0007648,TXN00484265,ACCT100071035,ML_PATTERN_DETECTED,55,2024-09-24 05:50:22.832901
ALT0007649,TXN00496024,ACCT100077814,ML_PATTERN_DETECTED,97,2024-03-09 12:01:05.785583
ALT0007650,TXN00483002,ACCT100020366,ML_PATTERN_DETECTED,55,2023-07-07 06:04:57.042554
ALT0007651,TXN00498176,ACCT100059219,ML_PATTERN_DETECTED,97,2023-10-05 08:05:36.223899
ALT0007652,TXN00480007,ACCT100056951,ML_PATTERN_DETECTED,50,2024-07-27 08:11:44.612356
ALT0007653,TXN00495479,ACCT100097223,ML_PATTERN_DETECTED,64,2024-07-26 12:52:07.707746
ALT0007654,TXN00482058,ACCT100013458,ML_PATTERN_DETECTED,68,2024-08-02 20:46:09.080200
ALT0007655,TXN00476907,ACCT100004324,ML_PATTERN_DETECTED,95,2023-10-30 19:17:51.526803
ALT0007656,TXN00476171,ACCT100063470,ML_PATTERN_DETECTED,88,2023-06-01 00:19:09.170495
ALT0007657,TXN00497230,ACCT100052916,ML_PATTERN_DETECTED,80,2023-02-10 11:18:55.251424
ALT0007658,TXN00478573,ACCT100089795,ML_PATTERN_DETECTED,58,2024-01-08 16:23:54.882913
ALT0007659,TXN00485995,ACCT100050211,ML_PATTERN_DETECTED,66,2023-10-16 11:57:25.011877
ALT0007660,TXN00484985,ACCT100038230,ML_PATTERN_DETECTED,80,2023-10-04 10:53:38.433540
ALT0007661,TXN00486811,ACCT100083656,ML_PATTERN_DETECTED,58,2023-07-19 09:43:48.460384
ALT0007662,TXN00485321,ACCT100050016,ML_PATTERN_DETECTED,72,2024-11-08 19:24:51.647086
ALT0007663,TXN00477489,ACCT100055855,ML_PATTERN_DETECTED,76,2024-08-16 20:00:34.449780
ALT0007664,TXN00491186,ACCT100093447,ML_PATTERN_DETECTED,84,2024-05-13 14:49:24.925662
ALT0007665,TXN00480330,ACCT100073684,ML_PATTERN_DETECTED,81,2023-09-21 19:47:50.282440
ALT0007666,TXN00483313,ACCT100045091,ML_PATTERN_DETECTED,65,2023-03-01 20:06:18.508421
ALT0007667,TXN00483306,ACCT100072488,ML_PATTERN_DETECTED,50,2024-07-27 11:46:33.480192
ALT0007668,TXN00488646,ACCT100058046,ML_PATTERN_DETECTED,52,2023-01-11 00:08:42.808367
ALT0007669,TXN00491413,ACCT100038985,ML_PATTERN_DETECTED,66,2024-09-09 07:28:36.201811
ALT0007670,TXN00475878,ACCT100097929,ML_PATTERN_DETECTED,79,2024-08-03 13:49:56.312741
ALT0007671,TXN00499326,ACCT100090845,ML_PATTERN_DETECTED,66,2024-01-11 11:04:23.257701
ALT0007672,TXN00482880,ACCT100015692,ML_PATTERN_DETECTED,89,2023-05-09 17:10:56.046419
ALT0007673,TXN00489722,ACCT100060325,ML_PATTERN_DETECTED,96,2023-07-04 09:27:57.295498
ALT0007674,TXN00494499,ACCT100006380,ML_PATTERN_DETECTED,87,2023-10-05 14:00:03.194030
ALT0007675,TXN00480950,ACCT100075820,ML_PATTERN_DETECTED,89,2023-11-09 03:17:53.180432
ALT0007676,TXN00488197,ACCT100092997,ML_PATTERN_DETECTED,83,2023-02-01 19:24:04.612217
ALT0007677,TXN00497283,ACCT100015270,ML_PATTERN_DETECTED,63,2023-08-20 12:36:06.254215
ALT0007678,TXN00481196,ACCT100098494,ML_PATTERN_DETECTED,87,2024-05-11 13:12:42.139631
ALT0007679,TXN00485038,ACCT100044965,ML_PATTERN_DETECTED,71,2023-07-29 11:40:11.480650
ALT0007680,TXN00475930,ACCT100066767,ML_PATTERN_DETECTED,95,2023-06-26 10:10:06.741021
ALT0007681,TXN00479971,ACCT100045997,ML_PATTERN_DETECTED,97,2023-07-21 22:40:33.505263
ALT0007682,TXN00493550,ACCT100018711,ML_PATTERN_DETECTED,98,2024-08-02 16:29:09.929101
ALT0007683,TXN00488929,ACCT100038411,ML_PATTERN_DETECTED,64,2023-12-13 13:19:46.568631
ALT0007684,TXN00475483,ACCT100034059,ML_PATTERN_DETECTED,50,2023-10-21 16:47:40.795795
ALT0007685,TXN00494064,ACCT100038034,ML_PATTERN_DETECTED,76,2024-08-23 02:18:19.250246
ALT0007686,TXN00485961,ACCT100069067,ML_PATTERN_DETECTED,97,2024-08-22 00:36:25.840512
ALT0007687,TXN00490112,ACCT100040667,ML_PATTERN_DETECTED,98,2023-07-10 05:51:59.020918
ALT0007688,TXN00489658,ACCT100014050,ML_PATTERN_DETECTED,67,2024-08-26 05:14:19.975299
ALT0007689,TXN00482869,ACCT100007545,ML_PATTERN_DETECTED,60,2024-11-29 16:58:22.451082
ALT0007690,TXN00491811,ACCT100058940,ML_PATTERN_DETECTED,62,2024-07-18 03:27:57.707539
ALT0007691,TXN00494834,ACCT100081928,ML_PATTERN_DETECTED,64,2024-09-25 03:56:34.894478
ALT0007692,TXN00493102,ACCT100076868,ML_PATTERN_DETECTED,63,2024-10-25 12:33:49.170739
ALT0007693,TXN00491455,ACCT100071775,ML_PATTERN_DETECTED,71,2023-05-22 14:25:05.761014
ALT0007694,TXN00487451,ACCT100025771,ML_PATTERN_DETECTED,63,2023-07-01 17:15:15.161514
ALT0007695,TXN00482748,ACCT100003370,ML_PATTERN_DETECTED,68,2023-11-01 22:05:18.403537
ALT0007696,TXN00476412,ACCT100058481,ML_PATTERN_DETECTED,94,2023-03-30 12:01:59.040646
ALT0007697,TXN00491851,ACCT100078509,ML_PATTERN_DETECTED,70,2023-04-17 03:29:54.542435
ALT0007698,TXN00487386,ACCT100071219,ML_PATTERN_DETECTED,75,2024-12-15 23:15:47.341505
ALT0007699,TXN00489923,ACCT100083161,ML_PATTERN_DETECTED,60,2024-09-21 03:40:48.277378
ALT0007700,TXN00495586,ACCT100083734,ML_PATTERN_DETECTED,60,2024-11-17 11:39:16.270654
ALT0007701,TXN00488379,ACCT100039819,ML_PATTERN_DETECTED,52,2023-12-24 16:34:55.421057
ALT0007702,TXN00483130,ACCT100001516,ML_PATTERN_DETECTED,81,2024-08-12 18:51:13.739182
ALT0007703,TXN00482048,ACCT100065965,ML_PATTERN_DETECTED,56,2023-09-19 05:47:36.836476
ALT0007704,TXN00489171,ACCT100075908,ML_PATTERN_DETECTED,56,2024-02-07 02:08:10.064670
ALT0007705,TXN00495355,ACCT100025162,ML_PATTERN_DETECTED,86,2024-10-13 23:26:54.338559
ALT0007706,TXN00483618,ACCT100005586,ML_PATTERN_DETECTED,62,2024-01-02 19:14:26.919644
ALT0007707,TXN00487717,ACCT100043470,ML_PATTERN_DETECTED,79,2023-08-23 19:34:34.087398
ALT0007708,TXN00493963,ACCT100082946,ML_PATTERN_DETECTED,75,2023-03-05 13:10:22.003398
ALT0007709,TXN00499489,ACCT100008434,ML_PATTERN_DETECTED,70,2024-06-30 10:25:37.098783
ALT0007710,TXN00494258,ACCT100021261,ML_PATTERN_DETECTED,56,2023-03-13 04:58:15.501208
ALT0007711,TXN00498208,ACCT100000081,ML_PATTERN_DETECTED,82,2024-01-07 05:00:58.806552
ALT0007712,TXN00496685,ACCT100053834,ML_PATTERN_DETECTED,65,2023-07-25 02:28:41.169329
ALT0007713,TXN00488860,ACCT100030775,ML_PATTERN_DETECTED,85,2023-09-22 12:20:17.812840
ALT0007714,TXN00486634,ACCT100082269,ML_PATTERN_DETECTED,55,2024-01-08 00:16:46.461457
ALT0007715,TXN00496783,ACCT100091062,ML_PATTERN_DETECTED,88,2023-09-26 08:28:36.068410
ALT0007716,TXN00485850,ACCT100044286,ML_PATTERN_DETECTED,94,2024-11-08 03:56:56.200446
ALT0007717,TXN00490070,ACCT100045466,ML_PATTERN_DETECTED,82,2024-01-24 11:17:24.608113
ALT0007718,TXN00491308,ACCT100096112,ML_PATTERN_DETECTED,50,2023-02-21 16:37:42.609799
ALT0007719,TXN00481298,ACCT100066296,ML_PATTERN_DETECTED,66,2023-03-22 23:42:52.377625
ALT0007720,TXN00487411,ACCT100001395,ML_PATTERN_DETECTED,76,2024-12-19 22:37:45.876000
ALT0007721,TXN00497158,ACCT100027591,ML_PATTERN_DETECTED,64,2024-10-25 08:50:48.649128
ALT0007722,TXN00498395,ACCT100006818,ML_PATTERN_DETECTED,71,2023-01-01 11:38:48.609736
ALT0007723,TXN00493875,ACCT100093585,ML_PATTERN_DETECTED,56,2023-01-21 09:18:45.083533
ALT0007724,TXN00479619,ACCT100024661,ML_PATTERN_DETECTED,98,2023-02-05 20:22:13.854642
ALT0007725,TXN00476785,ACCT100026870,ML_PATTERN_DETECTED,97,2024-06-24 07:59:45.115746
ALT0007726,TXN00494780,ACCT100084956,ML_PATTERN_DETECTED,59,2023-02-27 11:09:10.855174
ALT0007727,TXN00477726,ACCT100078028,ML_PATTERN_DETECTED,70,2023-10-18 15:20:01.651993
ALT0007728,TXN00484993,ACCT100037954,ML_PATTERN_DETECTED,67,2024-12-20 00:52:23.999334
ALT0007729,TXN00498060,ACCT100038046,ML_PATTERN_DETECTED,68,2023-09-22 14:08:04.736459
ALT0007730,TXN00444289,ACCT100043787,HIGH_VALUE_TXN,68,2024-05-13 05:13:52.543394
ALT0007731,TXN00491331,ACCT100060499,ML_PATTERN_DETECTED,69,2023-03-08 12:00:05.811318
ALT0007732,TXN00497352,ACCT100075949,ML_PATTERN_DETECTED,73,2023-11-29 21:59:40.526767
ALT0007733,TXN00483848,ACCT100074968,ML_PATTERN_DETECTED,52,2024-12-12 11:18:50.137686
ALT0007734,TXN00498077,ACCT100076453,ML_PATTERN_DETECTED,74,2023-07-29 23:37:26.776253
ALT0007735,TXN00488675,ACCT100098563,ML_PATTERN_DETECTED,64,2023-02-13 16:51:08.213638
ALT0007736,TXN00492451,ACCT100050162,ML_PATTERN_DETECTED,51,2024-03-11 03:42:18.088259
ALT0007737,TXN00497135,ACCT100069773,ML_PATTERN_DETECTED,72,2023-08-01 04:34:25.334931
ALT0007738,TXN00485930,ACCT100003205,ML_PATTERN_DETECTED,95,2023-08-03 16:43:25.645959
ALT0007739,TXN00494705,ACCT100044399,ML_PATTERN_DETECTED,74,2023-06-06 22:05:13.506793
ALT0007740,TXN00491329,ACCT100045286,ML_PATTERN_DETECTED,65,2024-03-22 17:25:43.927984
ALT0007741,TXN00494030,ACCT100004729,ML_PATTERN_DETECTED,64,2023-08-24 04:08:17.682317
ALT0007742,TXN00498017,ACCT100073295,ML_PATTERN_DETECTED,91,2024-12-22 19:04:28.511804
ALT0007743,TXN00476342,ACCT100066366,ML_PATTERN_DETECTED,67,2024-02-07 15:45:11.001953
ALT0007744,TXN00490792,ACCT100087683,ML_PATTERN_DETECTED,70,2023-08-14 23:20:16.582352
ALT0007745,TXN00488875,ACCT100087193,ML_PATTERN_DETECTED,97,2023-04-07 08:29:40.371795
ALT0007746,TXN00493262,ACCT100093762,ML_PATTERN_DETECTED,53,2023-03-23 02:26:51.647171
ALT0007747,TXN00483095,ACCT100071853,ML_PATTERN_DETECTED,89,2023-02-25 01:51:09.066193
ALT0007748,TXN00492165,ACCT100019994,ML_PATTERN_DETECTED,87,2023-09-10 17:45:24.290250
ALT0007749,TXN00484293,ACCT100036058,ML_PATTERN_DETECTED,91,2024-08-12 04:24:21.364538
ALT0007750,TXN00494773,ACCT100095784,ML_PATTERN_DETECTED,69,2023-02-26 13:41:28.696866
ALT0007751,TXN00479628,ACCT100045784,ML_PATTERN_DETECTED,73,2023-05-09 19:09:50.812241
ALT0007752,TXN00491307,ACCT100027540,ML_PATTERN_DETECTED,51,2024-06-17 11:14:26.598088
ALT0007753,TXN00492902,ACCT100046011,ML_PATTERN_DETECTED,82,2024-11-29 01:19:17.493434
ALT0007754,TXN00499590,ACCT100059207,ML_PATTERN_DETECTED,68,2023-03-18 23:02:43.676884
ALT0007755,TXN00497493,ACCT100001924,ML_PATTERN_DETECTED,54,2024-05-14 07:47:52.946197
ALT0007756,TXN00479807,ACCT100077073,ML_PATTERN_DETECTED,65,2023-07-07 00:50:39.854146
ALT0007757,TXN00487466,ACCT100077507,ML_PATTERN_DETECTED,50,2024-06-25 00:12:10.802168
ALT0007758,TXN00489582,ACCT100007732,ML_PATTERN_DETECTED,56,2024-03-23 01:58:14.261613
ALT0007759,TXN00483559,ACCT100084236,ML_PATTERN_DETECTED,66,2024-10-20 20:36:12.416139
ALT0007760,TXN00478646,ACCT100003168,ML_PATTERN_DETECTED,85,2024-02-26 02:13:35.041344
ALT0007761,TXN00485220,ACCT100085368,ML_PATTERN_DETECTED,61,2024-07-28 15:40:12.824115
ALT0007762,TXN00478399,ACCT100011273,ML_PATTERN_DETECTED,76,2023-01-12 12:35:16.050512
ALT0007763,TXN00491181,ACCT100037196,ML_PATTERN_DETECTED,63,2024-12-19 00:51:18.628023
ALT0007764,TXN00490407,ACCT100080325,ML_PATTERN_DETECTED,85,2024-02-07 11:40:20.647976
ALT0007765,TXN00498282,ACCT100079449,ML_PATTERN_DETECTED,78,2024-06-09 04:58:27.380504
ALT0007766,TXN00476505,ACCT100099856,ML_PATTERN_DETECTED,84,2023-01-11 21:19:19.105265
ALT0007767,TXN00489997,ACCT100013740,ML_PATTERN_DETECTED,76,2023-12-02 16:26:20.522591
ALT0007768,TXN00495111,ACCT100099428,ML_PATTERN_DETECTED,86,2023-02-14 00:43:05.439441
ALT0007769,TXN00485369,ACCT100017799,ML_PATTERN_DETECTED,51,2023-03-25 01:41:07.639800
ALT0007770,TXN00497683,ACCT100037638,ML_PATTERN_DETECTED,94,2024-07-20 23:31:18.363174
ALT0007771,TXN00486881,ACCT100034458,ML_PATTERN_DETECTED,55,2024-04-26 02:25:48.914628
ALT0007772,TXN00495525,ACCT100037426,ML_PATTERN_DETECTED,82,2023-12-23 17:16:43.812022
ALT0007773,TXN00492731,ACCT100069752,ML_PATTERN_DETECTED,50,2024-12-03 05:50:13.420005
ALT0007774,TXN00482608,ACCT100034690,ML_PATTERN_DETECTED,77,2024-11-02 01:49:48.058793
ALT0007775,TXN00484702,ACCT100035081,ML_PATTERN_DETECTED,82,2024-03-29 16:27:29.634244
ALT0007776,TXN00489777,ACCT100059871,ML_PATTERN_DETECTED,62,2024-04-24 10:33:48.945965
ALT0007777,TXN00483769,ACCT100016156,ML_PATTERN_DETECTED,81,2024-12-11 23:49:15.108644
ALT0007778,TXN00493116,ACCT100082105,ML_PATTERN_DETECTED,70,2024-04-22 19:41:33.009190
ALT0007779,TXN00481254,ACCT100008792,ML_PATTERN_DETECTED,74,2023-09-30 16:16:51.296520
ALT0007780,TXN00480896,ACCT100095345,ML_PATTERN_DETECTED,94,2024-09-08 14:59:31.253778
ALT0007781,TXN00478897,ACCT100036830,ML_PATTERN_DETECTED,81,2024-11-05 11:38:04.821149
ALT0007782,TXN00490711,ACCT100034929,ML_PATTERN_DETECTED,90,2024-10-01 03:01:12.943670
ALT0007783,TXN00494408,ACCT100063778,ML_PATTERN_DETECTED,96,2024-10-18 03:33:27.602975
ALT0007784,TXN00484482,ACCT100076475,ML_PATTERN_DETECTED,65,2023-12-21 09:46:24.814389
ALT0007785,TXN00492000,ACCT100034300,ML_PATTERN_DETECTED,60,2024-07-30 06:02:04.706383
ALT0007786,TXN00477105,ACCT100026705,ML_PATTERN_DETECTED,81,2023-04-23 02:53:04.099892
ALT0007787,TXN00487431,ACCT100045422,ML_PATTERN_DETECTED,76,2023-09-29 22:47:58.677179
ALT0007788,TXN00497211,ACCT100055092,ML_PATTERN_DETECTED,63,2023-12-26 22:01:54.355529
ALT0007789,TXN00476518,ACCT100011387,ML_PATTERN_DETECTED,87,2023-01-16 11:52:42.999251
ALT0007790,TXN00492429,ACCT100044476,ML_PATTERN_DETECTED,57,2023-12-26 19:15:17.353414
ALT0007791,TXN00488009,ACCT100023010,ML_PATTERN_DETECTED,61,2024-03-05 15:21:07.919012
ALT0007792,TXN00480833,ACCT100042610,ML_PATTERN_DETECTED,65,2024-01-04 15:58:02.415252
ALT0007793,TXN00480455,ACCT100045778,ML_PATTERN_DETECTED,79,2024-09-16 23:45:13.431022
ALT0007794,TXN00490811,ACCT100030993,ML_PATTERN_DETECTED,77,2023-01-27 13:56:39.348322
ALT0007795,TXN00491740,ACCT100064544,ML_PATTERN_DETECTED,62,2024-12-19 21:05:11.529539
ALT0007796,TXN00494333,ACCT100056965,ML_PATTERN_DETECTED,57,2023-03-11 21:19:04.481545
ALT0007797,TXN00477762,ACCT100032440,ML_PATTERN_DETECTED,71,2024-04-20 07:41:52.842876
ALT0007798,TXN00481219,ACCT100068903,ML_PATTERN_DETECTED,87,2023-12-05 09:18:33.953648
ALT0007799,TXN00476645,ACCT100092537,ML_PATTERN_DETECTED,93,2024-06-14 15:36:19.308242
ALT0007800,TXN00481784,ACCT100032713,ML_PATTERN_DETECTED,59,2023-10-12 12:22:35.032820
ALT0007801,TXN00490241,ACCT100072777,ML_PATTERN_DETECTED,52,2024-05-22 19:08:19.855028
ALT0007802,TXN00490360,ACCT100078982,ML_PATTERN_DETECTED,71,2024-04-06 21:26:04.873276
ALT0007803,TXN00480699,ACCT100038699,ML_PATTERN_DETECTED,66,2023-09-14 10:07:49.810492
ALT0007804,TXN00485204,ACCT100026330,ML_PATTERN_DETECTED,85,2024-08-22 07:51:02.621615
ALT0007805,TXN00492347,ACCT100060762,ML_PATTERN_DETECTED,50,2023-07-18 06:33:58.311568
ALT0007806,TXN00485183,ACCT100053980,ML_PATTERN_DETECTED,86,2024-07-18 11:17:05.084040
ALT0007807,TXN00476014,ACCT100080083,ML_PATTERN_DETECTED,84,2023-10-24 13:59:17.959225
ALT0007808,TXN00476937,ACCT100013828,ML_PATTERN_DETECTED,94,2023-02-11 12:34:57.034154
ALT0007809,TXN00495907,ACCT100050524,ML_PATTERN_DETECTED,87,2024-02-14 16:02:48.607193
ALT0007810,TXN00493585,ACCT100072622,ML_PATTERN_DETECTED,65,2024-04-14 18:45:39.274876
ALT0007811,TXN00484165,ACCT100023433,ML_PATTERN_DETECTED,90,2023-10-16 17:00:39.334949
ALT0007812,TXN00487725,ACCT100051684,ML_PATTERN_DETECTED,95,2023-08-20 08:04:37.023200
ALT0007813,TXN00499368,ACCT100050983,ML_PATTERN_DETECTED,59,2024-11-23 14:53:34.892082
ALT0007814,TXN00488025,ACCT100044723,ML_PATTERN_DETECTED,50,2023-02-06 00:27:19.854545
ALT0007815,TXN00477387,ACCT100006657,ML_PATTERN_DETECTED,83,2023-09-23 19:42:25.455399
ALT0007816,TXN00489055,ACCT100050400,ML_PATTERN_DETECTED,61,2023-10-09 17:41:41.040875
ALT0007817,TXN00495190,ACCT100042595,ML_PATTERN_DETECTED,78,2024-02-29 04:56:39.742257
ALT0007818,TXN00489075,ACCT100014333,ML_PATTERN_DETECTED,82,2024-06-01 19:23:03.846462
ALT0007819,TXN00499613,ACCT100024859,ML_PATTERN_DETECTED,53,2024-03-26 16:02:26.896713
ALT0007820,TXN00482661,ACCT100080671,ML_PATTERN_DETECTED,52,2024-12-10 15:04:30.802356
ALT0007821,TXN00478327,ACCT100041627,ML_PATTERN_DETECTED,91,2023-06-07 08:27:37.403368
ALT0007822,TXN00497764,ACCT100030564,ML_PATTERN_DETECTED,62,2023-07-27 00:14:47.243761
ALT0007823,TXN00493543,ACCT100016452,ML_PATTERN_DETECTED,90,2023-03-19 03:57:47.455314
ALT0007824,TXN00477730,ACCT100045199,ML_PATTERN_DETECTED,80,2023-10-11 07:12:54.164642
ALT0007825,TXN00481180,ACCT100081992,ML_PATTERN_DETECTED,78,2023-08-17 12:28:05.032266
ALT0007826,TXN00484140,ACCT100006180,ML_PATTERN_DETECTED,72,2024-07-18 18:49:14.203176
ALT0007827,TXN00482511,ACCT100091615,ML_PATTERN_DETECTED,72,2023-04-23 01:11:19.958211
ALT0007828,TXN00489660,ACCT100083023,ML_PATTERN_DETECTED,65,2024-11-19 04:59:28.419431
ALT0007829,TXN00485409,ACCT100097908,ML_PATTERN_DETECTED,62,2023-05-13 15:07:46.653946
ALT0007830,TXN00478882,ACCT100007086,ML_PATTERN_DETECTED,63,2023-04-28 04:49:02.279412
ALT0007831,TXN00487417,ACCT100015049,ML_PATTERN_DETECTED,60,2023-12-04 05:33:15.640153
ALT0007832,TXN00484046,ACCT100091361,ML_PATTERN_DETECTED,84,2023-08-06 04:39:43.571884
ALT0007833,TXN00476987,ACCT100080464,ML_PATTERN_DETECTED,73,2023-04-12 09:42:00.220840
ALT0007834,TXN00495192,ACCT100051943,ML_PATTERN_DETECTED,70,2023-03-13 10:53:19.525892
ALT0007835,TXN00477308,ACCT100073085,ML_PATTERN_DETECTED,73,2024-07-01 20:30:14.199094
ALT0007836,TXN00497123,ACCT100053695,ML_PATTERN_DETECTED,63,2024-12-04 09:21:06.849451
ALT0007837,TXN00492889,ACCT100021064,ML_PATTERN_DETECTED,65,2024-07-13 17:37:16.968502
ALT0007838,TXN00487210,ACCT100082598,ML_PATTERN_DETECTED,73,2023-03-10 17:27:22.380623
ALT0007839,TXN00495971,ACCT100010791,ML_PATTERN_DETECTED,71,2024-03-10 11:34:14.423792
ALT0007840,TXN00480515,ACCT100045124,ML_PATTERN_DETECTED,94,2023-01-15 01:31:16.609057
ALT0007841,TXN00476912,ACCT100067387,ML_PATTERN_DETECTED,80,2024-01-18 05:54:55.302033
ALT0007842,TXN00497376,ACCT100067608,ML_PATTERN_DETECTED,73,2024-11-04 02:26:41.545814
ALT0007843,TXN00499036,ACCT100053196,ML_PATTERN_DETECTED,52,2024-07-31 16:04:15.048879
ALT0007844,TXN00479963,ACCT100080565,ML_PATTERN_DETECTED,76,2024-11-08 22:37:19.693273
ALT0007845,TXN00492483,ACCT100045679,ML_PATTERN_DETECTED,83,2024-07-12 16:23:33.039972
ALT0007846,TXN00489961,ACCT100014686,ML_PATTERN_DETECTED,65,2023-04-25 23:38:52.723718
ALT0007847,TXN00494596,ACCT100093989,ML_PATTERN_DETECTED,70,2024-12-30 14:18:14.645185
ALT0007848,TXN00493523,ACCT100009783,ML_PATTERN_DETECTED,69,2023-12-25 10:49:44.144389
ALT0007849,TXN00481617,ACCT100014201,ML_PATTERN_DETECTED,94,2023-04-05 04:10:19.894536
ALT0007850,TXN00487022,ACCT100018349,ML_PATTERN_DETECTED,87,2024-03-27 15:40:55.689114
ALT0007851,TXN00488536,ACCT100047712,ML_PATTERN_DETECTED,71,2024-07-23 17:57:38.523587
ALT0007852,TXN00497216,ACCT100074245,ML_PATTERN_DETECTED,86,2024-01-18 18:25:44.373025
ALT0007853,TXN00498705,ACCT100044177,ML_PATTERN_DETECTED,60,2024-09-16 23:45:40.654505
ALT0007854,TXN00488857,ACCT100031399,ML_PATTERN_DETECTED,79,2024-05-06 08:05:07.016453
ALT0007855,TXN00480621,ACCT100025432,ML_PATTERN_DETECTED,91,2024-08-19 19:07:48.743230
ALT0007856,TXN00486125,ACCT100038032,ML_PATTERN_DETECTED,70,2023-10-29 05:26:35.756257
ALT0007857,TXN00486808,ACCT100039961,ML_PATTERN_DETECTED,58,2024-09-08 01:37:46.131054
ALT0007858,TXN00480236,ACCT100087411,ML_PATTERN_DETECTED,55,2023-10-30 21:26:00.828605
ALT0007859,TXN00482976,ACCT100036680,ML_PATTERN_DETECTED,92,2024-01-18 02:31:08.677274
ALT0007860,TXN00483627,ACCT100019760,ML_PATTERN_DETECTED,98,2023-10-18 19:06:44.904144
ALT0007861,TXN00478235,ACCT100092867,ML_PATTERN_DETECTED,89,2024-11-24 04:09:54.006915
ALT0007862,TXN00485137,ACCT100091735,ML_PATTERN_DETECTED,93,2024-03-28 07:02:01.958033
ALT0007863,TXN00481884,ACCT100093014,ML_PATTERN_DETECTED,75,2023-04-04 21:47:41.413757
ALT0007864,TXN00484007,ACCT100038533,ML_PATTERN_DETECTED,92,2023-08-26 07:28:44.039780
ALT0007865,TXN00494190,ACCT100087985,ML_PATTERN_DETECTED,93,2023-02-06 12:38:14.206923
ALT0007866,TXN00485522,ACCT100021439,ML_PATTERN_DETECTED,53,2023-06-18 03:43:26.183006
ALT0007867,TXN00494587,ACCT100077841,ML_PATTERN_DETECTED,80,2024-01-07 00:56:22.489532
ALT0007868,TXN00488080,ACCT100024414,ML_PATTERN_DETECTED,72,2024-03-19 22:46:34.196227
ALT0007869,TXN00491874,ACCT100075636,ML_PATTERN_DETECTED,76,2024-10-13 08:37:54.253661
ALT0007870,TXN00486019,ACCT100034475,ML_PATTERN_DETECTED,67,2024-07-01 00:03:38.281121
ALT0007871,TXN00475031,ACCT100063617,ML_PATTERN_DETECTED,94,2024-09-02 16:25:07.158768
ALT0007872,TXN00499744,ACCT100085934,ML_PATTERN_DETECTED,84,2024-11-06 11:25:49.215359
ALT0007873,TXN00482723,ACCT100015074,ML_PATTERN_DETECTED,62,2024-05-29 13:23:38.485068
ALT0007874,TXN00494398,ACCT100031413,ML_PATTERN_DETECTED,79,2023-12-30 00:44:59.055412
ALT0007875,TXN00489014,ACCT100026108,ML_PATTERN_DETECTED,58,2024-04-02 19:54:12.444985
ALT0007876,TXN00480139,ACCT100003484,ML_PATTERN_DETECTED,70,2023-09-22 08:31:49.460151
ALT0007877,TXN00492510,ACCT100035891,ML_PATTERN_DETECTED,79,2024-08-22 20:24:14.023447
ALT0007878,TXN00476201,ACCT100016304,ML_PATTERN_DETECTED,76,2024-04-05 06:49:31.755751
ALT0007879,TXN00479848,ACCT100022011,ML_PATTERN_DETECTED,70,2024-06-05 11:12:57.122560
ALT0007880,TXN00489408,ACCT100047901,ML_PATTERN_DETECTED,52,2023-10-26 09:04:07.409877
ALT0007881,TXN00493564,ACCT100064845,ML_PATTERN_DETECTED,93,2024-12-08 05:42:53.325426
ALT0007882,TXN00488854,ACCT100051847,ML_PATTERN_DETECTED,54,2023-10-16 05:45:24.416436
ALT0007883,TXN00490262,ACCT100099388,ML_PATTERN_DETECTED,63,2023-05-05 14:04:59.783994
ALT0007884,TXN00491268,ACCT100047860,ML_PATTERN_DETECTED,68,2023-05-10 02:04:03.480984
ALT0007885,TXN00476994,ACCT100075335,ML_PATTERN_DETECTED,97,2024-07-13 11:41:46.268204
ALT0007886,TXN00482849,ACCT100095176,ML_PATTERN_DETECTED,61,2023-05-27 01:38:38.191442
ALT0007887,TXN00499256,ACCT100010637,ML_PATTERN_DETECTED,61,2024-10-25 18:11:04.337169
ALT0007888,TXN00493037,ACCT100088558,ML_PATTERN_DETECTED,65,2024-02-19 19:31:33.710029
ALT0007889,TXN00499252,ACCT100081221,ML_PATTERN_DETECTED,76,2023-11-03 06:28:01.194050
ALT0007890,TXN00490298,ACCT100008608,ML_PATTERN_DETECTED,92,2023-12-09 07:20:08.686809
ALT0007891,TXN00495831,ACCT100046301,ML_PATTERN_DETECTED,68,2023-11-21 03:45:34.843046
ALT0007892,TXN00489019,ACCT100075667,ML_PATTERN_DETECTED,83,2024-10-18 11:42:20.983062
ALT0007893,TXN00489455,ACCT100033172,ML_PATTERN_DETECTED,67,2024-06-22 23:57:41.637526
ALT0007894,TXN00481071,ACCT100041698,ML_PATTERN_DETECTED,65,2024-07-13 05:16:48.597212
ALT0007895,TXN00497847,ACCT100013454,ML_PATTERN_DETECTED,51,2023-06-23 00:10:17.406944
ALT0007896,TXN00494700,ACCT100040749,ML_PATTERN_DETECTED,87,2024-02-02 16:17:51.909758
ALT0007897,TXN00497163,ACCT100070990,ML_PATTERN_DETECTED,67,2023-11-24 07:17:36.530767
ALT0007898,TXN00495891,ACCT100069338,ML_PATTERN_DETECTED,64,2023-03-22 17:55:27.003095
ALT0007899,TXN00479064,ACCT100026230,ML_PATTERN_DETECTED,86,2024-02-11 12:21:41.338232
ALT0007900,TXN00478007,ACCT100076700,ML_PATTERN_DETECTED,63,2023-12-12 15:30:31.532021
ALT0007901,TXN00490244,ACCT100011942,ML_PATTERN_DETECTED,59,2023-01-14 02:54:26.357692
ALT0007902,TXN00483128,ACCT100043163,ML_PATTERN_DETECTED,60,2024-07-07 01:16:31.438627
ALT0007903,TXN00479979,ACCT100055208,ML_PATTERN_DETECTED,56,2024-12-26 16:21:38.854329
ALT0007904,TXN00499646,ACCT100060256,ML_PATTERN_DETECTED,75,2023-12-12 23:04:31.967576
ALT0007905,TXN00492584,ACCT100003062,ML_PATTERN_DETECTED,75,2023-05-25 13:56:00.468268
ALT0007906,TXN00483677,ACCT100016100,ML_PATTERN_DETECTED,52,2024-12-17 17:25:42.170400
ALT0007907,TXN00478527,ACCT100058004,ML_PATTERN_DETECTED,51,2024-10-09 10:01:33.857118
ALT0007908,TXN00484801,ACCT100093600,ML_PATTERN_DETECTED,64,2023-06-30 04:24:45.204214
ALT0007909,TXN00481689,ACCT100096529,ML_PATTERN_DETECTED,94,2024-06-15 10:11:04.884345
ALT0007910,TXN00491145,ACCT100059512,ML_PATTERN_DETECTED,93,2024-09-12 07:33:38.446882
ALT0007911,TXN00487830,ACCT100068879,ML_PATTERN_DETECTED,67,2023-02-16 05:13:34.565083
ALT0007912,TXN00496852,ACCT100000310,ML_PATTERN_DETECTED,88,2024-12-11 09:56:28.878557
ALT0007913,TXN00487871,ACCT100099684,ML_PATTERN_DETECTED,77,2024-03-31 19:13:21.405152
ALT0007914,TXN00493544,ACCT100052961,ML_PATTERN_DETECTED,81,2024-10-03 12:54:41.424475
ALT0007915,TXN00492954,ACCT100003636,ML_PATTERN_DETECTED,87,2023-07-08 00:02:57.940735
ALT0007916,TXN00493421,ACCT100000128,ML_PATTERN_DETECTED,56,2023-06-10 00:52:29.431854
ALT0007917,TXN00484328,ACCT100082452,ML_PATTERN_DETECTED,72,2024-07-30 17:29:47.675153
ALT0007918,TXN00490233,ACCT100076602,ML_PATTERN_DETECTED,81,2023-12-13 08:20:19.758743
ALT0007919,TXN00484853,ACCT100086507,ML_PATTERN_DETECTED,78,2024-09-15 21:38:26.856838
ALT0007920,TXN00490657,ACCT100010770,ML_PATTERN_DETECTED,51,2024-12-07 18:36:05.427763
ALT0007921,TXN00478932,ACCT100019327,ML_PATTERN_DETECTED,98,2024-05-12 20:10:53.939543
ALT0007922,TXN00479700,ACCT100082579,ML_PATTERN_DETECTED,65,2023-04-09 19:38:23.275376
ALT0007923,TXN00488041,ACCT100024482,ML_PATTERN_DETECTED,82,2024-02-01 19:54:22.584560
ALT0007924,TXN00489833,ACCT100015797,ML_PATTERN_DETECTED,69,2023-02-27 14:09:42.267533
ALT0007925,TXN00488648,ACCT100073145,ML_PATTERN_DETECTED,81,2023-03-03 10:12:17.344247
ALT0007926,TXN00477037,ACCT100004618,ML_PATTERN_DETECTED,52,2023-01-05 03:38:32.284938
ALT0007927,TXN00485332,ACCT100049997,ML_PATTERN_DETECTED,97,2023-06-28 19:46:39.045089
ALT0007928,TXN00482631,ACCT100046899,ML_PATTERN_DETECTED,78,2023-04-27 22:20:05.738462
ALT0007929,TXN00482601,ACCT100081666,ML_PATTERN_DETECTED,82,2023-09-02 22:55:52.552208
ALT0007930,TXN00498190,ACCT100025472,ML_PATTERN_DETECTED,67,2024-07-12 13:46:47.518534
ALT0007931,TXN00480963,ACCT100047607,ML_PATTERN_DETECTED,98,2023-11-22 08:33:16.075299
ALT0007932,TXN00487283,ACCT100018202,ML_PATTERN_DETECTED,78,2023-12-25 20:17:22.229728
ALT0007933,TXN00481595,ACCT100077561,ML_PATTERN_DETECTED,71,2023-09-20 21:23:19.096568
ALT0007934,TXN00495636,ACCT100056913,ML_PATTERN_DETECTED,51,2024-01-16 09:31:02.424700
ALT0007935,TXN00484004,ACCT100079003,ML_PATTERN_DETECTED,55,2023-10-21 03:33:41.807590
ALT0007936,TXN00479419,ACCT100036718,ML_PATTERN_DETECTED,55,2024-03-08 12:03:19.150061
ALT0007937,TXN00483644,ACCT100007493,ML_PATTERN_DETECTED,66,2024-01-07 17:26:25.017924
ALT0007938,TXN00483113,ACCT100093395,ML_PATTERN_DETECTED,51,2024-07-30 12:29:55.151480
ALT0007939,TXN00485481,ACCT100060342,ML_PATTERN_DETECTED,63,2024-04-25 11:14:51.868376
ALT0007940,TXN00479017,ACCT100021577,ML_PATTERN_DETECTED,68,2024-03-29 06:55:02.108127
ALT0007941,TXN00492528,ACCT100032567,ML_PATTERN_DETECTED,52,2024-03-16 13:51:37.295850
ALT0007942,TXN00499759,ACCT100066372,ML_PATTERN_DETECTED,88,2023-02-09 02:00:34.062921
ALT0007943,TXN00480124,ACCT100082492,ML_PATTERN_DETECTED,95,2023-06-14 19:36:44.545546
ALT0007944,TXN00483194,ACCT100026599,ML_PATTERN_DETECTED,58,2023-09-19 14:34:11.313488
ALT0007945,TXN00492768,ACCT100018364,ML_PATTERN_DETECTED,88,2023-01-22 17:48:39.413383
ALT0007946,TXN00483822,ACCT100028034,ML_PATTERN_DETECTED,53,2023-05-16 10:25:39.944729
ALT0007947,TXN00483818,ACCT100005003,ML_PATTERN_DETECTED,72,2024-07-04 20:57:29.491611
ALT0007948,TXN00481538,ACCT100035637,ML_PATTERN_DETECTED,97,2023-08-27 06:12:25.613668
ALT0007949,TXN00478528,ACCT100077796,ML_PATTERN_DETECTED,76,2023-03-06 06:13:24.048610
ALT0007950,TXN00479202,ACCT100032340,ML_PATTERN_DETECTED,60,2023-01-28 15:06:18.638549
ALT0007951,TXN00492859,ACCT100047332,ML_PATTERN_DETECTED,93,2023-09-02 17:40:33.697169
ALT0007952,TXN00487629,ACCT100083108,ML_PATTERN_DETECTED,58,2024-09-08 04:30:39.746280
ALT0007953,TXN00494906,ACCT100020452,ML_PATTERN_DETECTED,89,2023-06-26 12:39:15.321704
ALT0007954,TXN00496018,ACCT100013418,ML_PATTERN_DETECTED,78,2024-02-01 20:53:24.832596
ALT0007955,TXN00476142,ACCT100049027,ML_PATTERN_DETECTED,79,2024-10-23 22:59:33.061787
ALT0007956,TXN00487775,ACCT100076481,ML_PATTERN_DETECTED,66,2023-02-12 16:54:47.584583
ALT0007957,TXN00490113,ACCT100021749,ML_PATTERN_DETECTED,74,2024-05-16 19:53:54.099988
ALT0007958,TXN00490205,ACCT100083439,ML_PATTERN_DETECTED,62,2023-10-20 08:46:16.120059
ALT0007959,TXN00488932,ACCT100036051,ML_PATTERN_DETECTED,82,2024-08-22 13:36:44.815821
ALT0007960,TXN00485617,ACCT100020743,ML_PATTERN_DETECTED,70,2024-08-17 02:13:08.748522
ALT0007961,TXN00478923,ACCT100054341,ML_PATTERN_DETECTED,54,2024-08-10 02:15:50.291013
ALT0007962,TXN00475144,ACCT100051214,ML_PATTERN_DETECTED,96,2023-07-01 19:15:46.918635
ALT0007963,TXN00476067,ACCT100000433,ML_PATTERN_DETECTED,98,2024-01-18 16:03:56.059679
ALT0007964,TXN00493078,ACCT100093447,ML_PATTERN_DETECTED,52,2024-08-05 13:13:09.707001
ALT0007965,TXN00492205,ACCT100088824,ML_PATTERN_DETECTED,84,2023-04-06 11:39:12.601537
ALT0007966,TXN00496019,ACCT100026245,ML_PATTERN_DETECTED,58,2023-07-22 15:45:41.515657
ALT0007967,TXN00487715,ACCT100025454,ML_PATTERN_DETECTED,54,2023-06-23 04:17:47.846144
ALT0007968,TXN00484812,ACCT100010663,ML_PATTERN_DETECTED,60,2023-07-03 22:36:30.585487
ALT0007969,TXN00489332,ACCT100099729,ML_PATTERN_DETECTED,77,2023-03-24 06:14:02.533114
ALT0007970,TXN00486848,ACCT100012613,ML_PATTERN_DETECTED,98,2023-11-07 21:55:48.210926
ALT0007971,TXN00481228,ACCT100072149,ML_PATTERN_DETECTED,76,2023-10-30 13:00:33.600946
ALT0007972,TXN00476723,ACCT100070598,ML_PATTERN_DETECTED,56,2023-12-20 12:30:47.905268
ALT0007973,TXN00482966,ACCT100098159,ML_PATTERN_DETECTED,79,2024-03-05 22:23:15.558457
ALT0007974,TXN00499772,ACCT100031669,ML_PATTERN_DETECTED,56,2023-12-03 05:17:23.713329
ALT0007975,TXN00476536,ACCT100089324,ML_PATTERN_DETECTED,53,2023-03-02 01:22:37.729810
ALT0007976,TXN00499310,ACCT100094993,ML_PATTERN_DETECTED,83,2023-11-30 01:46:25.960463
ALT0007977,TXN00490616,ACCT100020843,ML_PATTERN_DETECTED,66,2023-06-28 00:19:28.603266
ALT0007978,TXN00484149,ACCT100098429,ML_PATTERN_DETECTED,84,2024-07-09 17:47:52.365819
ALT0007979,TXN00487672,ACCT100098592,ML_PATTERN_DETECTED,74,2023-01-21 20:05:01.494929
ALT0007980,TXN00476752,ACCT100042792,ML_PATTERN_DETECTED,97,2024-12-12 02:05:53.304325
ALT0007981,TXN00496608,ACCT100068763,ML_PATTERN_DETECTED,59,2024-04-22 22:21:46.736888
ALT0007982,TXN00496187,ACCT100001019,ML_PATTERN_DETECTED,96,2023-09-26 16:04:05.376453
ALT0007983,TXN00485375,ACCT100023039,ML_PATTERN_DETECTED,57,2023-08-11 04:18:44.381362
ALT0007984,TXN00481760,ACCT100085705,ML_PATTERN_DETECTED,71,2024-04-30 22:28:09.131841
ALT0007985,TXN00483342,ACCT100069372,ML_PATTERN_DETECTED,52,2024-09-13 22:47:41.278752
ALT0007986,TXN00488435,ACCT100026944,ML_PATTERN_DETECTED,75,2023-01-27 17:23:01.995944
ALT0007987,TXN00490777,ACCT100056374,ML_PATTERN_DETECTED,69,2024-07-13 09:11:04.874103
ALT0007988,TXN00478603,ACCT100075770,ML_PATTERN_DETECTED,98,2023-09-19 22:19:58.466468
ALT0007989,TXN00482115,ACCT100096163,ML_PATTERN_DETECTED,65,2023-10-27 19:14:29.611932
ALT0007990,TXN00489516,ACCT100028839,ML_PATTERN_DETECTED,55,2024-06-26 17:32:04.064796
ALT0007991,TXN00476724,ACCT100057383,ML_PATTERN_DETECTED,57,2023-01-29 01:38:21.432932
ALT0007992,TXN00494313,ACCT100068691,ML_PATTERN_DETECTED,74,2024-07-26 21:57:24.961438
ALT0007993,TXN00493294,ACCT100029954,ML_PATTERN_DETECTED,93,2023-11-20 07:24:24.385597
ALT0007994,TXN00481745,ACCT100046086,ML_PATTERN_DETECTED,54,2024-12-07 06:36:54.867394
ALT0007995,TXN00497051,ACCT100093299,ML_PATTERN_DETECTED,51,2023-12-11 16:25:20.322912
ALT0007996,TXN00496803,ACCT100069780,ML_PATTERN_DETECTED,96,2023-08-07 11:09:51.715915
ALT0007997,TXN00481746,ACCT100015069,ML_PATTERN_DETECTED,87,2024-05-29 12:29:51.832591
ALT0007998,TXN00479412,ACCT100085520,ML_PATTERN_DETECTED,62,2024-09-27 17:02:21.183166
ALT0007999,TXN00494576,ACCT100074859,ML_PATTERN_DETECTED,93,2023-08-19 07:26:03.898931
ALT0008000,TXN00487280,ACCT100082674,ML_PATTERN_DETECTED,63,2024-04-05 03:57:42.210994
ALT0008001,TXN00488208,ACCT100074180,ML_PATTERN_DETECTED,51,2024-09-03 14:08:13.434180
ALT0008002,TXN00475233,ACCT100096246,ML_PATTERN_DETECTED,81,2023-09-10 03:01:32.594378
ALT0008003,TXN00493917,ACCT100046387,ML_PATTERN_DETECTED,96,2024-02-04 13:33:42.832541
ALT0008004,TXN00497223,ACCT100081916,ML_PATTERN_DETECTED,56,2023-01-25 20:26:22.084682
ALT0008005,TXN00493737,ACCT100094661,ML_PATTERN_DETECTED,82,2024-06-22 23:32:39.906885
ALT0008006,TXN00494925,ACCT100060770,ML_PATTERN_DETECTED,94,2024-10-11 18:37:25.978531
ALT0008007,TXN00484670,ACCT100030091,ML_PATTERN_DETECTED,69,2024-01-07 19:09:16.129411
ALT0008008,TXN00489665,ACCT100079068,ML_PATTERN_DETECTED,76,2024-12-03 03:26:10.498045
ALT0008009,TXN00481178,ACCT100074219,ML_PATTERN_DETECTED,79,2023-02-09 15:12:33.675455
ALT0008010,TXN00493845,ACCT100082810,ML_PATTERN_DETECTED,58,2024-02-03 00:39:42.434063
ALT0008011,TXN00475497,ACCT100049477,ML_PATTERN_DETECTED,91,2024-02-07 11:01:43.187472
ALT0008012,TXN00499470,ACCT100070405,ML_PATTERN_DETECTED,54,2023-12-05 05:41:27.902897
ALT0008013,TXN00488939,ACCT100008880,ML_PATTERN_DETECTED,78,2024-09-10 19:13:02.108993
ALT0008014,TXN00477857,ACCT100029274,ML_PATTERN_DETECTED,58,2023-07-01 05:43:10.802748
ALT0008015,TXN00486396,ACCT100012134,ML_PATTERN_DETECTED,95,2024-04-03 01:37:27.931488
ALT0008016,TXN00496295,ACCT100083618,ML_PATTERN_DETECTED,50,2024-12-13 22:30:48.252746
ALT0008017,TXN00498631,ACCT100001115,ML_PATTERN_DETECTED,90,2024-02-15 10:23:53.238919
ALT0008018,TXN00477996,ACCT100097104,ML_PATTERN_DETECTED,81,2024-10-11 09:12:25.100058
ALT0008019,TXN00494751,ACCT100092678,ML_PATTERN_DETECTED,58,2024-05-16 05:34:19.514306
ALT0008020,TXN00491195,ACCT100068309,ML_PATTERN_DETECTED,95,2023-08-17 07:50:55.161044
ALT0008021,TXN00478701,ACCT100047791,ML_PATTERN_DETECTED,54,2024-03-20 08:49:30.757849
ALT0008022,TXN00487542,ACCT100075678,ML_PATTERN_DETECTED,84,2023-08-29 09:10:04.641204
ALT0008023,TXN00492442,ACCT100009439,ML_PATTERN_DETECTED,70,2024-09-22 23:32:54.138912
ALT0008024,TXN00478994,ACCT100069521,ML_PATTERN_DETECTED,72,2023-05-06 14:53:39.253137
ALT0008025,TXN00496662,ACCT100031436,ML_PATTERN_DETECTED,88,2024-05-17 16:03:21.640277
ALT0008026,TXN00483190,ACCT100083645,ML_PATTERN_DETECTED,75,2024-01-22 08:15:54.914060
ALT0008027,TXN00476866,ACCT100017436,ML_PATTERN_DETECTED,85,2024-12-03 07:10:31.416848
ALT0008028,TXN00498485,ACCT100004233,ML_PATTERN_DETECTED,90,2024-11-20 03:16:51.932293
ALT0008029,TXN00477400,ACCT100091575,ML_PATTERN_DETECTED,86,2023-09-13 02:46:08.744011
ALT0008030,TXN00476684,ACCT100010279,ML_PATTERN_DETECTED,98,2023-07-06 04:50:54.492736
ALT0008031,TXN00476927,ACCT100017001,ML_PATTERN_DETECTED,80,2024-08-21 02:05:38.820773
ALT0008032,TXN00496467,ACCT100080488,ML_PATTERN_DETECTED,71,2023-03-06 14:05:39.329218
ALT0008033,TXN00481850,ACCT100029707,ML_PATTERN_DETECTED,90,2023-04-21 21:16:19.046590
ALT0008034,TXN00477015,ACCT100044009,ML_PATTERN_DETECTED,72,2024-11-22 23:57:10.596732
ALT0008035,TXN00489506,ACCT100058087,ML_PATTERN_DETECTED,74,2024-08-28 14:26:25.086948
ALT0008036,TXN00493757,ACCT100046758,ML_PATTERN_DETECTED,85,2023-12-08 06:48:57.396237
ALT0008037,TXN00487742,ACCT100066852,ML_PATTERN_DETECTED,53,2023-04-03 19:25:02.535258
ALT0008038,TXN00492507,ACCT100065062,ML_PATTERN_DETECTED,77,2024-05-13 03:30:54.310784
ALT0008039,TXN00489908,ACCT100068784,ML_PATTERN_DETECTED,90,2023-05-02 20:32:03.645602
ALT0008040,TXN00486800,ACCT100096999,ML_PATTERN_DETECTED,75,2023-12-14 20:22:08.561328
ALT0008041,TXN00489683,ACCT100016846,ML_PATTERN_DETECTED,56,2024-10-11 05:31:41.605125
ALT0008042,TXN00494245,ACCT100077641,ML_PATTERN_DETECTED,96,2024-09-01 13:16:47.160806
ALT0008043,TXN00499835,ACCT100051404,ML_PATTERN_DETECTED,79,2023-01-21 22:25:20.570590
ALT0008044,TXN00479393,ACCT100020602,ML_PATTERN_DETECTED,66,2023-04-24 06:34:54.492581
ALT0008045,TXN00480841,ACCT100051882,ML_PATTERN_DETECTED,86,2024-03-07 21:55:41.206396
ALT0008046,TXN00494422,ACCT100098615,ML_PATTERN_DETECTED,68,2024-05-19 11:16:06.260643
ALT0008047,TXN00497232,ACCT100046254,ML_PATTERN_DETECTED,58,2023-01-29 06:26:12.256616
ALT0008048,TXN00478009,ACCT100077616,ML_PATTERN_DETECTED,93,2023-10-13 08:59:10.014848
ALT0008049,TXN00491149,ACCT100011524,ML_PATTERN_DETECTED,92,2023-10-20 20:40:04.411686
ALT0008050,TXN00478974,ACCT100073170,ML_PATTERN_DETECTED,91,2023-09-02 19:21:36.537793
ALT0008051,TXN00499104,ACCT100027110,ML_PATTERN_DETECTED,62,2024-01-21 12:47:09.075800
ALT0008052,TXN00490491,ACCT100095186,ML_PATTERN_DETECTED,85,2023-06-25 22:46:10.277681
ALT0008053,TXN00479639,ACCT100075923,ML_PATTERN_DETECTED,58,2023-11-21 20:55:16.060920
ALT0008054,TXN00487232,ACCT100036298,ML_PATTERN_DETECTED,64,2023-11-04 03:41:09.536145
ALT0008055,TXN00493766,ACCT100062363,ML_PATTERN_DETECTED,80,2024-09-06 09:36:22.278786
ALT0008056,TXN00495147,ACCT100064148,ML_PATTERN_DETECTED,61,2023-04-21 16:34:21.946954
ALT0008057,TXN00496638,ACCT100041996,ML_PATTERN_DETECTED,72,2023-11-28 05:03:33.186607
ALT0008058,TXN00477867,ACCT100088153,ML_PATTERN_DETECTED,66,2024-01-04 19:01:08.683877
ALT0008059,TXN00484475,ACCT100074682,ML_PATTERN_DETECTED,94,2023-01-25 14:22:00.930204
ALT0008060,TXN00489653,ACCT100032634,ML_PATTERN_DETECTED,81,2024-03-31 19:39:38.672440
ALT0008061,TXN00490096,ACCT100009971,ML_PATTERN_DETECTED,85,2024-06-15 14:22:29.092062
ALT0008062,TXN00492064,ACCT100099000,ML_PATTERN_DETECTED,51,2023-05-12 08:23:49.246821
ALT0008063,TXN00498620,ACCT100033962,ML_PATTERN_DETECTED,93,2023-01-12 21:10:21.622301
ALT0008064,TXN00476641,ACCT100039399,ML_PATTERN_DETECTED,85,2024-10-26 02:33:39.148805
ALT0008065,TXN00488768,ACCT100087654,ML_PATTERN_DETECTED,82,2023-05-20 08:55:56.223882
ALT0008066,TXN00481310,ACCT100098736,ML_PATTERN_DETECTED,51,2024-10-19 08:57:30.667587
ALT0008067,TXN00485998,ACCT100069441,ML_PATTERN_DETECTED,85,2024-05-13 21:44:19.138908
ALT0008068,TXN00490434,ACCT100075181,ML_PATTERN_DETECTED,64,2024-07-11 21:19:56.711104
ALT0008069,TXN00478572,ACCT100036868,ML_PATTERN_DETECTED,70,2023-10-05 10:35:39.024953
ALT0008070,TXN00486867,ACCT100054984,ML_PATTERN_DETECTED,81,2024-04-19 09:44:38.932389
ALT0008071,TXN00499270,ACCT100043267,ML_PATTERN_DETECTED,71,2023-09-11 21:20:38.029975
ALT0008072,TXN00479404,ACCT100050816,ML_PATTERN_DETECTED,89,2024-02-15 09:23:02.170756
ALT0008073,TXN00486752,ACCT100092137,ML_PATTERN_DETECTED,70,2023-02-17 20:30:40.691761
ALT0008074,TXN00489858,ACCT100059020,ML_PATTERN_DETECTED,73,2023-05-18 12:05:24.309166
ALT0008075,TXN00475634,ACCT100052815,ML_PATTERN_DETECTED,91,2024-03-08 12:23:47.857628
ALT0008076,TXN00497547,ACCT100080307,ML_PATTERN_DETECTED,71,2024-07-10 06:05:00.990989
ALT0008077,TXN00475297,ACCT100008548,ML_PATTERN_DETECTED,75,2023-10-20 00:36:22.660060
ALT0008078,TXN00497917,ACCT100060410,ML_PATTERN_DETECTED,51,2024-09-01 12:34:13.525226
ALT0008079,TXN00494793,ACCT100091918,ML_PATTERN_DETECTED,79,2024-03-23 00:41:56.992689
ALT0008080,TXN00478703,ACCT100070824,ML_PATTERN_DETECTED,63,2024-10-07 07:27:56.472380
ALT0008081,TXN00498038,ACCT100079538,ML_PATTERN_DETECTED,83,2024-11-01 05:44:13.699466
ALT0008082,TXN00489845,ACCT100055535,ML_PATTERN_DETECTED,91,2024-06-24 05:12:09.287149
ALT0008083,TXN00491813,ACCT100080765,ML_PATTERN_DETECTED,63,2024-05-16 07:51:48.194538
ALT0008084,TXN00481703,ACCT100074459,ML_PATTERN_DETECTED,60,2024-05-27 02:15:26.394585
ALT0008085,TXN00482248,ACCT100065429,ML_PATTERN_DETECTED,53,2023-06-27 02:22:38.005552
ALT0008086,TXN00498307,ACCT100027996,ML_PATTERN_DETECTED,98,2024-03-25 21:22:07.131910
ALT0008087,TXN00480918,ACCT100059783,ML_PATTERN_DETECTED,79,2023-09-07 05:06:25.493024
ALT0008088,TXN00480401,ACCT100084460,ML_PATTERN_DETECTED,82,2023-07-15 06:51:57.082519
ALT0008089,TXN00480178,ACCT100061705,ML_PATTERN_DETECTED,97,2024-02-11 21:29:57.008459
ALT0008090,TXN00492262,ACCT100019479,ML_PATTERN_DETECTED,50,2024-04-11 15:25:53.651056
ALT0008091,TXN00478969,ACCT100077057,ML_PATTERN_DETECTED,71,2024-05-26 10:41:24.360116
ALT0008092,TXN00493683,ACCT100011941,ML_PATTERN_DETECTED,61,2023-07-03 06:15:49.874587
ALT0008093,TXN00497991,ACCT100090565,ML_PATTERN_DETECTED,90,2023-01-14 23:47:00.003937
ALT0008094,TXN00484847,ACCT100069673,ML_PATTERN_DETECTED,82,2023-01-10 05:44:56.309151
ALT0008095,TXN00490046,ACCT100035377,ML_PATTERN_DETECTED,89,2023-01-01 07:45:53.567335
ALT0008096,TXN00481176,ACCT100029467,ML_PATTERN_DETECTED,92,2023-01-26 15:55:42.760964
ALT0008097,TXN00484437,ACCT100009006,ML_PATTERN_DETECTED,94,2023-04-05 09:12:03.380392
ALT0008098,TXN00494551,ACCT100096676,ML_PATTERN_DETECTED,95,2023-08-01 21:47:30.852933
ALT0008099,TXN00489970,ACCT100035978,ML_PATTERN_DETECTED,73,2023-01-14 06:09:09.847137
ALT0008100,TXN00477914,ACCT100067536,ML_PATTERN_DETECTED,67,2023-12-13 21:42:24.395948
ALT0008101,TXN00499047,ACCT100078422,ML_PATTERN_DETECTED,66,2024-03-10 06:03:38.250130
ALT0008102,TXN00480718,ACCT100028965,ML_PATTERN_DETECTED,65,2024-11-25 16:52:12.494332
ALT0008103,TXN00489559,ACCT100059569,ML_PATTERN_DETECTED,88,2024-06-11 06:31:17.461221
ALT0008104,TXN00493345,ACCT100072690,ML_PATTERN_DETECTED,91,2023-06-04 10:58:12.431726
ALT0008105,TXN00492058,ACCT100024381,ML_PATTERN_DETECTED,72,2023-12-06 08:30:17.937185
ALT0008106,TXN00485969,ACCT100013633,ML_PATTERN_DETECTED,56,2023-12-13 19:55:12.984526
ALT0008107,TXN00485257,ACCT100036223,ML_PATTERN_DETECTED,72,2024-01-24 00:41:46.309017
ALT0008108,TXN00488696,ACCT100093778,ML_PATTERN_DETECTED,89,2023-01-03 20:28:49.961151
ALT0008109,TXN00483364,ACCT100073748,ML_PATTERN_DETECTED,78,2024-05-09 07:38:36.897102
ALT0008110,TXN00491513,ACCT100058448,ML_PATTERN_DETECTED,75,2023-12-17 18:59:46.399478
ALT0008111,TXN00476251,ACCT100042387,ML_PATTERN_DETECTED,65,2024-11-26 06:33:27.327285
ALT0008112,TXN00482541,ACCT100020671,ML_PATTERN_DETECTED,60,2024-07-10 06:15:22.293481
ALT0008113,TXN00498704,ACCT100073992,ML_PATTERN_DETECTED,94,2023-05-01 12:56:51.851750
ALT0008114,TXN00491224,ACCT100061921,ML_PATTERN_DETECTED,58,2023-03-23 03:56:46.430747
ALT0008115,TXN00498062,ACCT100082350,ML_PATTERN_DETECTED,71,2024-05-22 18:11:03.012765
ALT0008116,TXN00484478,ACCT100007744,ML_PATTERN_DETECTED,64,2024-08-19 06:14:53.584823
ALT0008117,TXN00495323,ACCT100089452,ML_PATTERN_DETECTED,95,2023-03-09 05:40:31.730360
ALT0008118,TXN00493080,ACCT100048404,ML_PATTERN_DETECTED,87,2023-12-20 16:27:51.071791
ALT0008119,TXN00481074,ACCT100093693,ML_PATTERN_DETECTED,96,2024-08-29 06:02:19.360539
ALT0008120,TXN00476321,ACCT100077345,ML_PATTERN_DETECTED,50,2024-01-25 06:25:12.392004
ALT0008121,TXN00482042,ACCT100000293,ML_PATTERN_DETECTED,84,2024-11-11 03:51:13.199499
ALT0008122,TXN00482643,ACCT100079354,ML_PATTERN_DETECTED,67,2024-12-03 00:20:09.274563
ALT0008123,TXN00487014,ACCT100019270,ML_PATTERN_DETECTED,86,2023-02-21 21:40:05.647344
ALT0008124,TXN00478277,ACCT100078517,ML_PATTERN_DETECTED,65,2024-01-17 19:10:36.694511
ALT0008125,TXN00493434,ACCT100077403,ML_PATTERN_DETECTED,89,2023-02-05 02:18:41.723357
ALT0008126,TXN00476083,ACCT100056325,ML_PATTERN_DETECTED,63,2024-05-11 20:11:11.841717
ALT0008127,TXN00483734,ACCT100069470,ML_PATTERN_DETECTED,78,2024-12-13 13:39:25.445395
ALT0008128,TXN00494730,ACCT100051803,ML_PATTERN_DETECTED,87,2023-07-02 11:22:52.420683
ALT0008129,TXN00483721,ACCT100068821,ML_PATTERN_DETECTED,70,2023-06-12 03:51:21.454486
ALT0008130,TXN00491202,ACCT100077523,ML_PATTERN_DETECTED,68,2023-06-19 05:10:01.420805
ALT0008131,TXN00475374,ACCT100025035,ML_PATTERN_DETECTED,61,2023-02-25 03:22:25.198016
ALT0008132,TXN00483602,ACCT100069287,ML_PATTERN_DETECTED,98,2023-11-18 09:18:29.502567
ALT0008133,TXN00488534,ACCT100079539,ML_PATTERN_DETECTED,76,2023-08-07 02:56:35.020660
ALT0008134,TXN00487114,ACCT100017507,ML_PATTERN_DETECTED,68,2024-07-09 07:29:30.516812
ALT0008135,TXN00485829,ACCT100090703,ML_PATTERN_DETECTED,54,2024-10-20 21:03:36.587564
ALT0008136,TXN00497537,ACCT100048767,ML_PATTERN_DETECTED,56,2023-03-03 13:26:44.524170
ALT0008137,TXN00495912,ACCT100072522,ML_PATTERN_DETECTED,64,2023-12-06 10:46:41.236637
ALT0008138,TXN00475287,ACCT100092259,ML_PATTERN_DETECTED,81,2024-12-10 01:39:43.809812
ALT0008139,TXN00478428,ACCT100080499,ML_PATTERN_DETECTED,55,2023-12-25 22:30:09.054483
ALT0008140,TXN00480885,ACCT100096765,ML_PATTERN_DETECTED,84,2024-11-30 03:37:19.059435
ALT0008141,TXN00493401,ACCT100035987,ML_PATTERN_DETECTED,81,2024-03-14 02:16:39.594850
ALT0008142,TXN00497717,ACCT100054382,ML_PATTERN_DETECTED,59,2023-12-29 06:01:24.455717
ALT0008143,TXN00480635,ACCT100028580,ML_PATTERN_DETECTED,73,2023-05-08 04:28:55.034100
ALT0008144,TXN00489732,ACCT100017661,ML_PATTERN_DETECTED,58,2024-06-29 01:05:20.357098
ALT0008145,TXN00491985,ACCT100018738,ML_PATTERN_DETECTED,63,2023-09-24 10:57:38.910922
ALT0008146,TXN00493688,ACCT100093302,ML_PATTERN_DETECTED,76,2023-09-13 08:21:42.285649
ALT0008147,TXN00485423,ACCT100068760,ML_PATTERN_DETECTED,78,2023-11-10 23:13:06.927191
ALT0008148,TXN00488883,ACCT100032969,ML_PATTERN_DETECTED,76,2024-10-30 12:58:06.111873
ALT0008149,TXN00496026,ACCT100029052,ML_PATTERN_DETECTED,80,2024-05-07 17:15:35.462154
ALT0008150,TXN00478262,ACCT100065144,ML_PATTERN_DETECTED,72,2023-08-04 05:26:30.315381
ALT0008151,TXN00486495,ACCT100099067,ML_PATTERN_DETECTED,53,2024-12-06 17:43:50.639416
ALT0008152,TXN00492031,ACCT100069308,ML_PATTERN_DETECTED,92,2024-02-19 10:59:07.138519
ALT0008153,TXN00488302,ACCT100007711,ML_PATTERN_DETECTED,93,2023-09-10 14:55:31.689757
ALT0008154,TXN00485150,ACCT100045222,ML_PATTERN_DETECTED,58,2023-10-01 05:05:25.717056
ALT0008155,TXN00485249,ACCT100006440,ML_PATTERN_DETECTED,72,2024-05-27 17:17:26.593498
ALT0008156,TXN00496982,ACCT100088932,ML_PATTERN_DETECTED,82,2023-07-09 10:41:01.588327
ALT0008157,TXN00478597,ACCT100088984,ML_PATTERN_DETECTED,92,2023-09-15 05:22:41.512998
ALT0008158,TXN00490343,ACCT100089522,ML_PATTERN_DETECTED,72,2024-06-27 12:31:11.416441
ALT0008159,TXN00477921,ACCT100042105,ML_PATTERN_DETECTED,89,2024-04-03 09:27:57.774897
ALT0008160,TXN00498443,ACCT100039070,ML_PATTERN_DETECTED,72,2024-04-29 12:19:03.516230
ALT0008161,TXN00484248,ACCT100024370,ML_PATTERN_DETECTED,97,2023-02-21 17:34:18.567451
ALT0008162,TXN00477907,ACCT100075974,ML_PATTERN_DETECTED,61,2023-05-23 00:51:36.537448
ALT0008163,TXN00479319,ACCT100038185,ML_PATTERN_DETECTED,67,2024-03-21 15:57:16.475839
ALT0008164,TXN00477287,ACCT100081001,ML_PATTERN_DETECTED,85,2023-10-02 11:09:42.927935
ALT0008165,TXN00475077,ACCT100014856,ML_PATTERN_DETECTED,56,2024-05-22 06:32:44.941388
ALT0008166,TXN00492504,ACCT100094703,ML_PATTERN_DETECTED,96,2024-11-20 09:52:35.441103
ALT0008167,TXN00475349,ACCT100028018,ML_PATTERN_DETECTED,90,2023-07-15 07:37:17.521646
ALT0008168,TXN00484841,ACCT100025199,ML_PATTERN_DETECTED,72,2023-06-16 19:12:40.789945
ALT0008169,TXN00480298,ACCT100073251,ML_PATTERN_DETECTED,85,2023-08-16 02:24:17.699991
ALT0008170,TXN00483652,ACCT100045114,ML_PATTERN_DETECTED,87,2024-08-23 02:21:55.562424
ALT0008171,TXN00498191,ACCT100023032,ML_PATTERN_DETECTED,77,2023-11-11 05:34:18.502647
ALT0008172,TXN00497843,ACCT100021929,ML_PATTERN_DETECTED,52,2023-06-13 07:42:39.475005
ALT0008173,TXN00488654,ACCT100018969,ML_PATTERN_DETECTED,79,2023-06-12 08:09:05.203832
ALT0008174,TXN00484232,ACCT100074288,ML_PATTERN_DETECTED,69,2024-03-15 16:35:50.730747
ALT0008175,TXN00491839,ACCT100073947,ML_PATTERN_DETECTED,66,2024-01-30 08:18:21.057056
ALT0008176,TXN00489391,ACCT100034522,ML_PATTERN_DETECTED,94,2023-06-13 12:58:38.567060
ALT0008177,TXN00478142,ACCT100014116,ML_PATTERN_DETECTED,74,2024-07-30 08:03:19.549235
ALT0008178,TXN00481388,ACCT100067848,ML_PATTERN_DETECTED,57,2023-06-25 03:04:07.254722
ALT0008179,TXN00477956,ACCT100031739,ML_PATTERN_DETECTED,52,2023-07-28 07:36:29.977091
ALT0008180,TXN00497671,ACCT100071922,ML_PATTERN_DETECTED,71,2024-03-17 03:41:19.770694
ALT0008181,TXN00483679,ACCT100087613,ML_PATTERN_DETECTED,87,2023-12-21 08:32:17.768624
ALT0008182,TXN00498293,ACCT100007962,ML_PATTERN_DETECTED,88,2023-02-19 10:47:23.990232
ALT0008183,TXN00490027,ACCT100083939,ML_PATTERN_DETECTED,56,2023-11-19 00:13:40.806998
ALT0008184,TXN00497218,ACCT100000395,ML_PATTERN_DETECTED,62,2024-04-11 07:18:51.416605
ALT0008185,TXN00485871,ACCT100034654,ML_PATTERN_DETECTED,87,2024-09-01 19:55:09.207414
ALT0008186,TXN00493999,ACCT100054601,ML_PATTERN_DETECTED,60,2023-02-28 18:02:27.695057
ALT0008187,TXN00489280,ACCT100058144,ML_PATTERN_DETECTED,66,2023-12-17 13:34:27.017474
ALT0008188,TXN00496209,ACCT100069184,ML_PATTERN_DETECTED,87,2024-02-21 07:46:47.253031
ALT0008189,TXN00479905,ACCT100006898,ML_PATTERN_DETECTED,59,2023-10-15 02:29:17.350384
ALT0008190,TXN00489259,ACCT100006203,ML_PATTERN_DETECTED,90,2024-11-11 20:24:18.538210
ALT0008191,TXN00489670,ACCT100076599,ML_PATTERN_DETECTED,83,2024-09-21 06:34:35.067966
ALT0008192,TXN00476183,ACCT100051651,ML_PATTERN_DETECTED,53,2023-09-10 02:50:51.076321
ALT0008193,TXN00478351,ACCT100095115,ML_PATTERN_DETECTED,75,2024-04-30 12:24:51.324407
ALT0008194,TXN00497919,ACCT100072876,ML_PATTERN_DETECTED,74,2024-09-26 18:04:01.487124
ALT0008195,TXN00478217,ACCT100023257,ML_PATTERN_DETECTED,82,2023-09-24 10:00:26.018755
ALT0008196,TXN00488081,ACCT100078217,ML_PATTERN_DETECTED,95,2023-11-18 18:14:02.059292
ALT0008197,TXN00492081,ACCT100068087,ML_PATTERN_DETECTED,52,2024-09-03 10:26:22.719158
ALT0008198,TXN00476390,ACCT100049382,ML_PATTERN_DETECTED,93,2024-10-02 14:03:46.955696
ALT0008199,TXN00489472,ACCT100025130,ML_PATTERN_DETECTED,95,2024-10-04 20:28:42.670343
ALT0008200,TXN00479970,ACCT100003481,ML_PATTERN_DETECTED,84,2024-09-16 05:46:33.259349
ALT0008201,TXN00489924,ACCT100020857,ML_PATTERN_DETECTED,64,2023-03-07 09:17:45.334525
ALT0008202,TXN00496394,ACCT100096190,ML_PATTERN_DETECTED,84,2024-08-20 10:23:55.583697
ALT0008203,TXN00495256,ACCT100034136,ML_PATTERN_DETECTED,74,2024-03-02 14:33:50.358846
ALT0008204,TXN00499700,ACCT100037302,ML_PATTERN_DETECTED,78,2023-07-21 18:08:30.435982
ALT0008205,TXN00484797,ACCT100098886,ML_PATTERN_DETECTED,69,2024-01-23 11:07:40.351753
ALT0008206,TXN00481234,ACCT100025697,ML_PATTERN_DETECTED,66,2023-03-21 07:37:42.002674
ALT0008207,TXN00475556,ACCT100014867,ML_PATTERN_DETECTED,83,2024-07-28 13:27:01.888804
ALT0008208,TXN00492759,ACCT100005011,ML_PATTERN_DETECTED,96,2023-02-03 17:27:20.098271
ALT0008209,TXN00494691,ACCT100067668,ML_PATTERN_DETECTED,65,2023-03-17 19:36:43.515088
ALT0008210,TXN00130412,ACCT100002286,HIGH_VALUE_TXN,62,2023-05-30 04:12:43.737866
ALT0008211,TXN00487806,ACCT100047063,ML_PATTERN_DETECTED,72,2023-06-02 06:31:48.151169
ALT0008212,TXN00493254,ACCT100031412,ML_PATTERN_DETECTED,70,2024-08-16 16:39:16.038953
ALT0008213,TXN00497185,ACCT100033093,ML_PATTERN_DETECTED,67,2023-04-11 08:47:17.027749
ALT0008214,TXN00489705,ACCT100055279,ML_PATTERN_DETECTED,81,2023-12-04 12:30:09.675031
ALT0008215,TXN00476591,ACCT100006696,ML_PATTERN_DETECTED,75,2023-12-21 09:11:55.334120
ALT0008216,TXN00497496,ACCT100088376,ML_PATTERN_DETECTED,81,2023-12-20 00:05:45.079289
ALT0008217,TXN00484715,ACCT100017187,ML_PATTERN_DETECTED,67,2024-06-29 10:06:23.884645
ALT0008218,TXN00493428,ACCT100098624,ML_PATTERN_DETECTED,65,2023-12-05 08:41:22.646506
ALT0008219,TXN00477435,ACCT100063039,ML_PATTERN_DETECTED,78,2023-06-23 21:44:32.944078
ALT0008220,TXN00497583,ACCT100066864,ML_PATTERN_DETECTED,68,2023-02-01 23:51:15.043139
ALT0008221,TXN00482335,ACCT100060325,ML_PATTERN_DETECTED,83,2023-06-15 00:38:24.403695
ALT0008222,TXN00498776,ACCT100037121,ML_PATTERN_DETECTED,54,2023-04-18 23:03:22.504473
ALT0008223,TXN00494357,ACCT100003800,ML_PATTERN_DETECTED,63,2024-01-25 23:39:25.798711
ALT0008224,TXN00482063,ACCT100000631,ML_PATTERN_DETECTED,96,2023-02-08 11:14:54.638872
ALT0008225,TXN00485295,ACCT100011660,ML_PATTERN_DETECTED,73,2024-04-12 18:42:11.439326
ALT0008226,TXN00496313,ACCT100069427,ML_PATTERN_DETECTED,81,2024-10-23 22:27:46.693961
ALT0008227,TXN00484005,ACCT100015888,ML_PATTERN_DETECTED,56,2024-12-15 20:36:56.177902
ALT0008228,TXN00499328,ACCT100028997,ML_PATTERN_DETECTED,54,2024-09-07 13:45:32.632484
ALT0008229,TXN00478748,ACCT100080106,ML_PATTERN_DETECTED,61,2023-07-19 01:43:19.952480
ALT0008230,TXN00488274,ACCT100030382,ML_PATTERN_DETECTED,76,2023-01-15 14:59:10.969831
ALT0008231,TXN00482648,ACCT100072147,ML_PATTERN_DETECTED,98,2023-12-16 17:08:16.038472
ALT0008232,TXN00488835,ACCT100083932,ML_PATTERN_DETECTED,97,2024-11-30 06:17:39.188291
ALT0008233,TXN00490038,ACCT100077648,ML_PATTERN_DETECTED,91,2024-04-24 01:12:32.805040
ALT0008234,TXN00489566,ACCT100037362,ML_PATTERN_DETECTED,75,2024-09-04 15:34:33.884283
ALT0008235,TXN00488155,ACCT100008299,ML_PATTERN_DETECTED,57,2023-05-05 23:04:20.384179
ALT0008236,TXN00482596,ACCT100031833,ML_PATTERN_DETECTED,91,2023-01-29 09:22:22.173038
ALT0008237,TXN00492302,ACCT100046665,ML_PATTERN_DETECTED,96,2024-01-21 08:50:50.022612
ALT0008238,TXN00476931,ACCT100021898,ML_PATTERN_DETECTED,61,2023-09-13 01:46:59.831455
ALT0008239,TXN00489255,ACCT100041486,ML_PATTERN_DETECTED,96,2023-02-26 07:35:23.190661
ALT0008240,TXN00488262,ACCT100039013,ML_PATTERN_DETECTED,76,2023-07-18 18:25:56.092902
ALT0008241,TXN00495286,ACCT100010744,ML_PATTERN_DETECTED,55,2023-02-05 03:09:23.495016
ALT0008242,TXN00476488,ACCT100092739,ML_PATTERN_DETECTED,76,2024-01-24 13:52:36.220822
ALT0008243,TXN00486366,ACCT100020880,ML_PATTERN_DETECTED,73,2024-08-12 23:20:39.842743
ALT0008244,TXN00492896,ACCT100041768,ML_PATTERN_DETECTED,51,2023-09-27 16:03:01.801212
ALT0008245,TXN00475699,ACCT100030757,ML_PATTERN_DETECTED,90,2023-04-03 20:40:16.564433
ALT0008246,TXN00483524,ACCT100057162,ML_PATTERN_DETECTED,89,2023-10-27 13:16:51.816367
ALT0008247,TXN00493697,ACCT100068941,ML_PATTERN_DETECTED,59,2024-03-05 01:45:05.664889
ALT0008248,TXN00493215,ACCT100035503,ML_PATTERN_DETECTED,97,2024-08-12 14:33:17.648292
ALT0008249,TXN00486997,ACCT100059007,ML_PATTERN_DETECTED,58,2023-06-25 07:50:38.619205
ALT0008250,TXN00496197,ACCT100065112,ML_PATTERN_DETECTED,94,2024-03-27 05:01:13.341424
ALT0008251,TXN00485202,ACCT100000540,ML_PATTERN_DETECTED,85,2023-11-30 23:08:50.414631
ALT0008252,TXN00477034,ACCT100069965,ML_PATTERN_DETECTED,85,2023-08-07 14:57:42.568827
ALT0008253,TXN00491847,ACCT100074990,ML_PATTERN_DETECTED,89,2024-04-05 00:07:28.336701
ALT0008254,TXN00488956,ACCT100019889,ML_PATTERN_DETECTED,81,2024-02-19 16:13:06.391573
ALT0008255,TXN00496738,ACCT100099539,ML_PATTERN_DETECTED,91,2023-11-28 00:44:36.036037
ALT0008256,TXN00497461,ACCT100029604,ML_PATTERN_DETECTED,66,2024-12-16 14:42:18.757969
ALT0008257,TXN00488836,ACCT100056937,ML_PATTERN_DETECTED,89,2024-04-21 00:11:09.218323
ALT0008258,TXN00491414,ACCT100087355,ML_PATTERN_DETECTED,76,2023-06-12 00:01:29.382369
ALT0008259,TXN00496063,ACCT100011092,ML_PATTERN_DETECTED,67,2024-06-23 00:47:46.093042
ALT0008260,TXN00477312,ACCT100009339,ML_PATTERN_DETECTED,66,2024-03-13 09:56:32.023269
ALT0008261,TXN00440905,ACCT100053507,HIGH_VALUE_TXN,63,2024-03-14 08:26:41.678086
ALT0008262,TXN00493556,ACCT100083045,ML_PATTERN_DETECTED,93,2023-02-03 12:29:15.101033
ALT0008263,TXN00496272,ACCT100015565,ML_PATTERN_DETECTED,98,2024-09-10 02:52:20.134608
ALT0008264,TXN00499607,ACCT100019461,ML_PATTERN_DETECTED,62,2023-03-20 11:36:06.868704
ALT0008265,TXN00499136,ACCT100071412,ML_PATTERN_DETECTED,96,2023-06-22 16:39:32.101682
ALT0008266,TXN00491026,ACCT100010332,ML_PATTERN_DETECTED,86,2024-10-09 21:25:41.660293
ALT0008267,TXN00492814,ACCT100081987,ML_PATTERN_DETECTED,51,2024-12-16 12:27:55.601762
ALT0008268,TXN00487512,ACCT100076059,ML_PATTERN_DETECTED,74,2023-10-17 17:28:34.866430
ALT0008269,TXN00478237,ACCT100056558,ML_PATTERN_DETECTED,76,2023-05-05 23:47:04.792194
ALT0008270,TXN00492143,ACCT100041032,ML_PATTERN_DETECTED,95,2024-03-24 21:33:14.369334
ALT0008271,TXN00479703,ACCT100078361,ML_PATTERN_DETECTED,89,2024-11-07 01:15:49.325848
ALT0008272,TXN00498581,ACCT100040805,ML_PATTERN_DETECTED,84,2023-12-12 17:19:23.565991
ALT0008273,TXN00491433,ACCT100097643,ML_PATTERN_DETECTED,55,2024-04-29 04:06:10.297777
ALT0008274,TXN00491191,ACCT100032830,ML_PATTERN_DETECTED,77,2023-11-15 21:29:20.134611
ALT0008275,TXN00494140,ACCT100093692,ML_PATTERN_DETECTED,82,2023-12-18 03:42:48.192929
ALT0008276,TXN00499754,ACCT100083580,ML_PATTERN_DETECTED,92,2024-05-07 06:52:36.410745
ALT0008277,TXN00486472,ACCT100030888,ML_PATTERN_DETECTED,92,2024-03-02 15:50:03.766514
ALT0008278,TXN00490160,ACCT100018870,ML_PATTERN_DETECTED,56,2023-04-30 19:15:04.196889
ALT0008279,TXN00489535,ACCT100058740,ML_PATTERN_DETECTED,53,2024-10-28 20:51:07.519435
ALT0008280,TXN00476819,ACCT100027200,ML_PATTERN_DETECTED,56,2024-05-21 07:48:54.034963
ALT0008281,TXN00491385,ACCT100017152,ML_PATTERN_DETECTED,67,2024-06-18 18:50:27.507366
ALT0008282,TXN00487596,ACCT100057817,ML_PATTERN_DETECTED,64,2024-11-15 13:23:14.472356
ALT0008283,TXN00475366,ACCT100004906,ML_PATTERN_DETECTED,84,2023-05-30 03:16:04.344334
ALT0008284,TXN00476161,ACCT100075392,ML_PATTERN_DETECTED,65,2024-09-07 21:41:44.451604
ALT0008285,TXN00483518,ACCT100047348,ML_PATTERN_DETECTED,93,2023-08-01 11:05:52.569142
ALT0008286,TXN00494810,ACCT100012293,ML_PATTERN_DETECTED,59,2024-02-17 18:07:30.583409
ALT0008287,TXN00482108,ACCT100017214,ML_PATTERN_DETECTED,65,2023-04-10 11:37:22.558998
ALT0008288,TXN00477447,ACCT100014831,ML_PATTERN_DETECTED,66,2023-11-20 04:29:11.747651
ALT0008289,TXN00484282,ACCT100033682,ML_PATTERN_DETECTED,65,2024-05-27 02:58:12.658410
ALT0008290,TXN00493133,ACCT100082783,ML_PATTERN_DETECTED,69,2024-09-10 01:53:45.800764
ALT0008291,TXN00493419,ACCT100029296,ML_PATTERN_DETECTED,85,2024-10-06 10:07:53.191580
ALT0008292,TXN00491211,ACCT100021866,ML_PATTERN_DETECTED,86,2024-05-01 05:13:57.280591
ALT0008293,TXN00477860,ACCT100041577,ML_PATTERN_DETECTED,51,2024-02-18 09:20:33.936022
ALT0008294,TXN00491190,ACCT100031649,ML_PATTERN_DETECTED,82,2024-02-23 15:30:25.814991
ALT0008295,TXN00481317,ACCT100000853,ML_PATTERN_DETECTED,96,2023-10-28 07:35:00.781672
ALT0008296,TXN00475986,ACCT100099258,ML_PATTERN_DETECTED,70,2024-08-03 02:53:49.463990
ALT0008297,TXN00482879,ACCT100020068,ML_PATTERN_DETECTED,61,2023-09-27 16:42:26.346072
ALT0008298,TXN00497656,ACCT100017022,ML_PATTERN_DETECTED,69,2024-04-20 19:45:17.596850
ALT0008299,TXN00499517,ACCT100072298,ML_PATTERN_DETECTED,73,2024-09-29 20:13:04.011881
ALT0008300,TXN00490574,ACCT100088774,ML_PATTERN_DETECTED,95,2024-10-31 08:09:31.635084
ALT0008301,TXN00493816,ACCT100002001,ML_PATTERN_DETECTED,71,2023-11-19 13:45:02.678127
ALT0008302,TXN00488411,ACCT100048557,ML_PATTERN_DETECTED,75,2024-04-16 20:55:22.428308
ALT0008303,TXN00499638,ACCT100005984,ML_PATTERN_DETECTED,89,2024-01-01 08:27:50.722038
ALT0008304,TXN00480684,ACCT100014734,ML_PATTERN_DETECTED,82,2024-06-17 12:27:36.844878
ALT0008305,TXN00491584,ACCT100012724,ML_PATTERN_DETECTED,71,2024-02-17 10:54:17.015092
ALT0008306,TXN00489846,ACCT100022662,ML_PATTERN_DETECTED,82,2023-01-18 21:55:28.148271
ALT0008307,TXN00490408,ACCT100045234,ML_PATTERN_DETECTED,91,2024-01-20 14:29:34.469559
ALT0008308,TXN00484340,ACCT100025692,ML_PATTERN_DETECTED,78,2024-07-14 19:08:52.668437
ALT0008309,TXN00493951,ACCT100007978,ML_PATTERN_DETECTED,81,2023-04-11 16:46:14.122297
ALT0008310,TXN00495481,ACCT100013347,ML_PATTERN_DETECTED,86,2023-08-19 22:32:04.688406
ALT0008311,TXN00475189,ACCT100012527,ML_PATTERN_DETECTED,50,2024-05-28 23:32:40.230603
ALT0008312,TXN00485496,ACCT100049786,ML_PATTERN_DETECTED,59,2023-01-02 10:18:02.018209
ALT0008313,TXN00485763,ACCT100093751,ML_PATTERN_DETECTED,78,2024-06-28 12:13:00.522436
ALT0008314,TXN00492874,ACCT100087316,ML_PATTERN_DETECTED,90,2023-01-21 03:42:17.297666
ALT0008315,TXN00490963,ACCT100000762,ML_PATTERN_DETECTED,58,2024-10-03 11:36:19.926854
ALT0008316,TXN00476900,ACCT100055261,ML_PATTERN_DETECTED,65,2023-04-23 19:53:41.092157
ALT0008317,TXN00481205,ACCT100083202,ML_PATTERN_DETECTED,86,2023-03-21 15:10:01.021672
ALT0008318,TXN00476542,ACCT100058491,ML_PATTERN_DETECTED,82,2023-10-18 19:52:59.105085
ALT0008319,TXN00476932,ACCT100038752,ML_PATTERN_DETECTED,56,2023-10-10 07:59:16.013323
ALT0008320,TXN00490772,ACCT100011582,ML_PATTERN_DETECTED,85,2023-01-27 18:37:09.241818
ALT0008321,TXN00475990,ACCT100053126,ML_PATTERN_DETECTED,67,2024-08-14 09:09:48.804463
ALT0008322,TXN00485004,ACCT100076391,ML_PATTERN_DETECTED,75,2024-10-15 08:37:45.911386
ALT0008323,TXN00476731,ACCT100083990,ML_PATTERN_DETECTED,71,2023-04-05 08:41:15.040478
ALT0008324,TXN00475010,ACCT100020718,ML_PATTERN_DETECTED,82,2024-09-01 12:58:07.846447
ALT0008325,TXN00009279,ACCT100023741,HIGH_VALUE_TXN,80,2023-08-20 21:17:31.134919
ALT0008326,TXN00491165,ACCT100004532,ML_PATTERN_DETECTED,86,2024-02-29 00:43:31.460132
ALT0008327,TXN00478410,ACCT100005993,ML_PATTERN_DETECTED,62,2024-11-22 14:43:37.334223
ALT0008328,TXN00491498,ACCT100007504,ML_PATTERN_DETECTED,89,2023-02-14 09:05:15.756751
ALT0008329,TXN00483774,ACCT100078174,ML_PATTERN_DETECTED,71,2024-09-15 05:18:41.937934
ALT0008330,TXN00485572,ACCT100083412,ML_PATTERN_DETECTED,90,2023-04-04 10:26:26.714481
ALT0008331,TXN00477092,ACCT100058732,ML_PATTERN_DETECTED,62,2023-05-10 13:08:08.959649
ALT0008332,TXN00495131,ACCT100046807,ML_PATTERN_DETECTED,82,2024-12-23 09:03:27.520286
ALT0008333,TXN00480800,ACCT100012523,ML_PATTERN_DETECTED,50,2023-10-14 14:27:18.362921
ALT0008334,TXN00478613,ACCT100036449,ML_PATTERN_DETECTED,77,2023-10-31 17:47:08.519338
ALT0008335,TXN00487488,ACCT100024907,ML_PATTERN_DETECTED,73,2024-03-24 05:41:32.300749
ALT0008336,TXN00486982,ACCT100085828,ML_PATTERN_DETECTED,78,2023-11-10 09:18:41.565385
ALT0008337,TXN00484679,ACCT100096072,ML_PATTERN_DETECTED,93,2023-07-10 22:02:01.764020
ALT0008338,TXN00496393,ACCT100071467,ML_PATTERN_DETECTED,56,2024-10-07 07:11:39.733928
ALT0008339,TXN00477219,ACCT100065646,ML_PATTERN_DETECTED,67,2023-06-15 20:46:51.170897
ALT0008340,TXN00499867,ACCT100093871,ML_PATTERN_DETECTED,55,2024-03-21 12:17:01.769841
ALT0008341,TXN00488618,ACCT100080761,ML_PATTERN_DETECTED,89,2024-01-15 07:55:43.787695
ALT0008342,TXN00497564,ACCT100095420,ML_PATTERN_DETECTED,63,2024-06-25 21:13:59.235991
ALT0008343,TXN00494703,ACCT100048464,ML_PATTERN_DETECTED,59,2023-08-13 09:49:04.180278
ALT0008344,TXN00487136,ACCT100053813,ML_PATTERN_DETECTED,93,2024-03-17 23:55:20.983042
ALT0008345,TXN00484020,ACCT100028224,ML_PATTERN_DETECTED,78,2023-09-10 11:32:21.084440
ALT0008346,TXN00486908,ACCT100031791,ML_PATTERN_DETECTED,64,2023-02-23 19:27:38.768356
ALT0008347,TXN00493914,ACCT100034582,ML_PATTERN_DETECTED,56,2024-09-18 03:57:12.208361
ALT0008348,TXN00481491,ACCT100032229,ML_PATTERN_DETECTED,92,2024-05-02 22:11:07.324150
ALT0008349,TXN00482472,ACCT100006029,ML_PATTERN_DETECTED,52,2024-08-30 07:19:21.477699
ALT0008350,TXN00486893,ACCT100025564,ML_PATTERN_DETECTED,73,2023-08-23 20:13:49.830750
ALT0008351,TXN00498809,ACCT100032041,ML_PATTERN_DETECTED,74,2023-08-11 04:22:20.002257
ALT0008352,TXN00492554,ACCT100042032,ML_PATTERN_DETECTED,57,2023-07-25 05:16:44.625783
ALT0008353,TXN00483275,ACCT100083565,ML_PATTERN_DETECTED,57,2023-12-10 20:37:35.093143
ALT0008354,TXN00478397,ACCT100087790,ML_PATTERN_DETECTED,85,2023-08-31 05:11:07.918276
ALT0008355,TXN00489133,ACCT100096218,ML_PATTERN_DETECTED,62,2024-11-10 11:24:17.158578
ALT0008356,TXN00496849,ACCT100015182,ML_PATTERN_DETECTED,60,2024-07-13 20:19:35.472476
ALT0008357,TXN00498988,ACCT100051608,ML_PATTERN_DETECTED,82,2023-01-13 10:17:41.496101
ALT0008358,TXN00483806,ACCT100029454,ML_PATTERN_DETECTED,76,2024-12-25 07:58:06.990937
ALT0008359,TXN00498178,ACCT100055167,ML_PATTERN_DETECTED,54,2024-03-05 06:03:30.451234
ALT0008360,TXN00499812,ACCT100088390,ML_PATTERN_DETECTED,98,2023-07-09 08:13:24.201410
ALT0008361,TXN00483551,ACCT100069421,ML_PATTERN_DETECTED,52,2023-08-02 10:35:34.795717
ALT0008362,TXN00488344,ACCT100051114,ML_PATTERN_DETECTED,86,2024-02-22 02:36:34.883784
ALT0008363,TXN00488465,ACCT100006680,ML_PATTERN_DETECTED,84,2023-05-31 05:15:34.776724
ALT0008364,TXN00475361,ACCT100062124,ML_PATTERN_DETECTED,61,2024-08-15 05:36:12.686870
ALT0008365,TXN00492015,ACCT100007919,ML_PATTERN_DETECTED,87,2024-08-09 07:36:33.934112
ALT0008366,TXN00487752,ACCT100048695,ML_PATTERN_DETECTED,67,2024-02-07 11:34:26.670542
ALT0008367,TXN00492945,ACCT100013405,ML_PATTERN_DETECTED,70,2023-04-24 04:38:17.091656
ALT0008368,TXN00496573,ACCT100048404,ML_PATTERN_DETECTED,56,2023-06-03 04:54:04.458329
ALT0008369,TXN00493566,ACCT100089273,ML_PATTERN_DETECTED,60,2024-08-14 01:06:10.328433
ALT0008370,TXN00489758,ACCT100012552,ML_PATTERN_DETECTED,85,2023-02-11 22:38:17.252129
ALT0008371,TXN00490674,ACCT100037087,ML_PATTERN_DETECTED,77,2024-03-09 13:15:02.765607
ALT0008372,TXN00494688,ACCT100028064,ML_PATTERN_DETECTED,64,2024-06-03 04:20:26.390207
ALT0008373,TXN00483687,ACCT100077444,ML_PATTERN_DETECTED,80,2024-12-27 05:10:37.918449
ALT0008374,TXN00498039,ACCT100073881,ML_PATTERN_DETECTED,51,2024-07-30 18:55:06.053351
ALT0008375,TXN00486793,ACCT100022820,ML_PATTERN_DETECTED,74,2024-03-20 03:25:14.353927
ALT0008376,TXN00485618,ACCT100021226,ML_PATTERN_DETECTED,61,2024-05-27 15:49:24.114173
ALT0008377,TXN00484473,ACCT100098164,ML_PATTERN_DETECTED,56,2024-04-24 16:48:10.817243
ALT0008378,TXN00487924,ACCT100089039,ML_PATTERN_DETECTED,60,2024-12-05 22:24:30.879693
ALT0008379,TXN00480269,ACCT100085258,ML_PATTERN_DETECTED,59,2024-05-22 03:51:21.197745
ALT0008380,TXN00485937,ACCT100044031,ML_PATTERN_DETECTED,96,2023-03-10 16:01:23.534362
ALT0008381,TXN00482863,ACCT100023703,ML_PATTERN_DETECTED,82,2024-11-18 07:44:42.763190
ALT0008382,TXN00490032,ACCT100048790,ML_PATTERN_DETECTED,93,2023-11-27 23:03:06.536331
ALT0008383,TXN00499158,ACCT100097265,ML_PATTERN_DETECTED,50,2023-03-18 17:36:48.971816
ALT0008384,TXN00490134,ACCT100012848,ML_PATTERN_DETECTED,78,2024-10-20 11:14:38.181844
ALT0008385,TXN00493842,ACCT100014474,ML_PATTERN_DETECTED,75,2023-05-07 22:55:59.450604
ALT0008386,TXN00491568,ACCT100048368,ML_PATTERN_DETECTED,98,2023-10-16 12:30:27.480394
ALT0008387,TXN00494474,ACCT100053100,ML_PATTERN_DETECTED,52,2024-09-10 22:49:09.299061
ALT0008388,TXN00489470,ACCT100086348,ML_PATTERN_DETECTED,56,2024-09-13 12:40:43.588316
ALT0008389,TXN00491418,ACCT100060288,ML_PATTERN_DETECTED,51,2024-12-23 13:09:10.131273
ALT0008390,TXN00486559,ACCT100040248,ML_PATTERN_DETECTED,97,2024-09-23 19:27:37.462785
ALT0008391,TXN00493665,ACCT100075040,ML_PATTERN_DETECTED,74,2023-01-15 01:55:02.901564
ALT0008392,TXN00494199,ACCT100013828,ML_PATTERN_DETECTED,54,2024-06-27 17:46:35.555808
ALT0008393,TXN00476078,ACCT100070606,ML_PATTERN_DETECTED,76,2023-12-19 22:43:11.544228
ALT0008394,TXN00485720,ACCT100087414,ML_PATTERN_DETECTED,57,2023-03-14 07:30:36.389782
ALT0008395,TXN00495364,ACCT100051816,ML_PATTERN_DETECTED,76,2023-04-14 07:58:24.163881
ALT0008396,TXN00476364,ACCT100066736,ML_PATTERN_DETECTED,64,2024-01-17 23:41:23.527171
ALT0008397,TXN00480797,ACCT100034791,ML_PATTERN_DETECTED,54,2023-07-11 06:14:16.040408
ALT0008398,TXN00484161,ACCT100067644,ML_PATTERN_DETECTED,79,2024-09-25 15:21:18.336540
ALT0008399,TXN00476569,ACCT100037594,ML_PATTERN_DETECTED,93,2023-08-08 00:22:46.882349
ALT0008400,TXN00494225,ACCT100010906,ML_PATTERN_DETECTED,66,2023-12-28 21:36:48.672091
ALT0008401,TXN00476788,ACCT100060340,ML_PATTERN_DETECTED,52,2023-04-17 23:40:25.584536
ALT0008402,TXN00485966,ACCT100040990,ML_PATTERN_DETECTED,73,2023-07-11 02:34:16.936943
ALT0008403,TXN00482125,ACCT100091407,ML_PATTERN_DETECTED,71,2024-11-05 07:34:59.295511
ALT0008404,TXN00496859,ACCT100040791,ML_PATTERN_DETECTED,87,2024-04-21 12:48:59.640764
ALT0008405,TXN00496563,ACCT100058425,ML_PATTERN_DETECTED,72,2024-07-15 22:14:00.394156
ALT0008406,TXN00497884,ACCT100056418,ML_PATTERN_DETECTED,76,2023-08-09 00:16:39.530983
ALT0008407,TXN00484019,ACCT100062909,ML_PATTERN_DETECTED,54,2024-10-19 05:11:19.020693
ALT0008408,TXN00476434,ACCT100023521,ML_PATTERN_DETECTED,54,2023-09-18 13:10:45.254146
ALT0008409,TXN00485859,ACCT100012418,ML_PATTERN_DETECTED,61,2023-03-07 17:03:08.102770
ALT0008410,TXN00496316,ACCT100078529,ML_PATTERN_DETECTED,84,2023-09-17 11:26:22.039846
ALT0008411,TXN00495212,ACCT100044953,ML_PATTERN_DETECTED,85,2023-01-09 08:29:11.373440
ALT0008412,TXN00476186,ACCT100017095,ML_PATTERN_DETECTED,86,2023-06-17 18:10:33.398121
ALT0008413,TXN00499161,ACCT100058113,ML_PATTERN_DETECTED,66,2024-04-17 05:58:57.004668
ALT0008414,TXN00488443,ACCT100033897,ML_PATTERN_DETECTED,61,2024-01-08 23:23:54.813149
ALT0008415,TXN00481011,ACCT100028188,ML_PATTERN_DETECTED,60,2024-01-09 03:20:38.362398
ALT0008416,TXN00485382,ACCT100045208,ML_PATTERN_DETECTED,71,2024-10-03 09:58:04.023531
ALT0008417,TXN00492982,ACCT100073063,ML_PATTERN_DETECTED,66,2024-08-05 18:16:56.309946
ALT0008418,TXN00494593,ACCT100077075,ML_PATTERN_DETECTED,85,2023-09-18 09:46:00.621757
ALT0008419,TXN00487922,ACCT100085449,ML_PATTERN_DETECTED,74,2023-12-26 09:26:00.767403
ALT0008420,TXN00499103,ACCT100038417,ML_PATTERN_DETECTED,56,2024-11-20 00:09:13.977623
ALT0008421,TXN00488529,ACCT100051712,ML_PATTERN_DETECTED,76,2024-08-20 18:11:46.544497
ALT0008422,TXN00493534,ACCT100099346,ML_PATTERN_DETECTED,60,2023-01-29 19:58:54.528756
ALT0008423,TXN00499065,ACCT100088727,ML_PATTERN_DETECTED,94,2023-05-15 13:28:01.545827
ALT0008424,TXN00488002,ACCT100021220,ML_PATTERN_DETECTED,90,2024-02-06 10:30:35.691496
ALT0008425,TXN00486026,ACCT100063896,ML_PATTERN_DETECTED,94,2023-06-24 06:37:48.350595
ALT0008426,TXN00481915,ACCT100099993,ML_PATTERN_DETECTED,87,2024-07-20 04:21:27.848275
ALT0008427,TXN00491695,ACCT100068174,ML_PATTERN_DETECTED,80,2023-07-29 01:42:58.949915
ALT0008428,TXN00497508,ACCT100028739,ML_PATTERN_DETECTED,88,2024-03-29 05:27:44.251360
ALT0008429,TXN00495786,ACCT100059525,ML_PATTERN_DETECTED,73,2023-05-18 00:28:34.563545
ALT0008430,TXN00492866,ACCT100025343,ML_PATTERN_DETECTED,98,2023-09-28 04:14:32.900484
ALT0008431,TXN00497488,ACCT100029822,ML_PATTERN_DETECTED,80,2024-07-31 20:53:24.381212
ALT0008432,TXN00494297,ACCT100024112,ML_PATTERN_DETECTED,79,2024-01-03 09:30:11.361279
ALT0008433,TXN00476263,ACCT100031004,ML_PATTERN_DETECTED,66,2024-06-28 18:34:27.335084
ALT0008434,TXN00487137,ACCT100040375,ML_PATTERN_DETECTED,85,2024-02-09 02:31:11.338748
ALT0008435,TXN00485146,ACCT100069274,ML_PATTERN_DETECTED,95,2024-09-11 00:15:04.754959
ALT0008436,TXN00481024,ACCT100017079,ML_PATTERN_DETECTED,75,2023-02-02 15:28:42.464288
ALT0008437,TXN00494193,ACCT100025556,ML_PATTERN_DETECTED,90,2024-02-19 17:52:50.491450
ALT0008438,TXN00479889,ACCT100032684,ML_PATTERN_DETECTED,57,2023-02-28 02:26:03.787808
ALT0008439,TXN00481415,ACCT100077573,ML_PATTERN_DETECTED,84,2024-11-18 17:41:07.385451
ALT0008440,TXN00489649,ACCT100002374,ML_PATTERN_DETECTED,93,2023-03-10 04:32:15.309391
ALT0008441,TXN00490614,ACCT100005996,ML_PATTERN_DETECTED,57,2023-05-04 11:02:04.867794
ALT0008442,TXN00491553,ACCT100030605,ML_PATTERN_DETECTED,64,2024-11-15 15:12:33.556261
ALT0008443,TXN00481191,ACCT100033775,ML_PATTERN_DETECTED,72,2023-10-19 00:32:34.874391
ALT0008444,TXN00483254,ACCT100019587,ML_PATTERN_DETECTED,59,2023-05-21 15:06:19.510377
ALT0008445,TXN00479951,ACCT100039979,ML_PATTERN_DETECTED,64,2023-07-29 03:21:32.318321
ALT0008446,TXN00482049,ACCT100082332,ML_PATTERN_DETECTED,98,2024-05-09 14:15:01.991154
ALT0008447,TXN00483570,ACCT100030713,ML_PATTERN_DETECTED,67,2023-03-08 11:19:39.643641
ALT0008448,TXN00494359,ACCT100098485,ML_PATTERN_DETECTED,55,2023-05-29 16:46:41.102381
ALT0008449,TXN00497743,ACCT100008307,ML_PATTERN_DETECTED,95,2024-04-15 17:51:33.725535
ALT0008450,TXN00492181,ACCT100003314,ML_PATTERN_DETECTED,94,2024-04-08 04:42:32.726069
ALT0008451,TXN00487049,ACCT100066007,ML_PATTERN_DETECTED,98,2024-12-14 10:32:14.447336
ALT0008452,TXN00489308,ACCT100059250,ML_PATTERN_DETECTED,94,2024-06-23 02:38:23.382465
ALT0008453,TXN00491689,ACCT100067445,ML_PATTERN_DETECTED,73,2024-01-21 21:59:57.651277
ALT0008454,TXN00496036,ACCT100018870,ML_PATTERN_DETECTED,82,2023-01-08 02:14:13.637807
ALT0008455,TXN00485523,ACCT100089998,ML_PATTERN_DETECTED,95,2024-10-09 16:27:20.287328
ALT0008456,TXN00488315,ACCT100008929,ML_PATTERN_DETECTED,60,2023-11-24 21:43:45.588152
ALT0008457,TXN00495939,ACCT100038299,ML_PATTERN_DETECTED,95,2024-12-29 10:51:38.784453
ALT0008458,TXN00495613,ACCT100083742,ML_PATTERN_DETECTED,92,2024-05-18 19:26:19.356068
ALT0008459,TXN00494254,ACCT100097577,ML_PATTERN_DETECTED,63,2023-09-03 22:42:44.008430
ALT0008460,TXN00481053,ACCT100080150,ML_PATTERN_DETECTED,93,2023-08-21 06:16:58.856432
ALT0008461,TXN00493976,ACCT100070726,ML_PATTERN_DETECTED,96,2024-05-16 05:20:13.578218
ALT0008462,TXN00491125,ACCT100081574,ML_PATTERN_DETECTED,62,2024-11-20 14:18:04.975228
ALT0008463,TXN00482683,ACCT100017895,ML_PATTERN_DETECTED,54,2023-05-13 05:25:48.096921
ALT0008464,TXN00477750,ACCT100044592,ML_PATTERN_DETECTED,65,2024-04-07 20:02:37.686391
ALT0008465,TXN00492539,ACCT100020620,ML_PATTERN_DETECTED,95,2024-11-27 22:01:17.437744
ALT0008466,TXN00487344,ACCT100029824,ML_PATTERN_DETECTED,91,2024-11-28 22:12:31.593673
ALT0008467,TXN00477002,ACCT100066459,ML_PATTERN_DETECTED,97,2024-06-30 18:40:33.388524
ALT0008468,TXN00497295,ACCT100012272,ML_PATTERN_DETECTED,74,2023-05-11 16:22:00.590819
ALT0008469,TXN00491424,ACCT100093288,ML_PATTERN_DETECTED,96,2024-03-20 22:13:36.351972
ALT0008470,TXN00485446,ACCT100065165,ML_PATTERN_DETECTED,82,2023-05-21 05:37:47.275325
ALT0008471,TXN00476218,ACCT100014487,ML_PATTERN_DETECTED,89,2023-06-18 01:27:06.724592
ALT0008472,TXN00487623,ACCT100094919,ML_PATTERN_DETECTED,88,2024-11-10 04:54:38.062471
ALT0008473,TXN00479800,ACCT100017088,ML_PATTERN_DETECTED,58,2023-02-01 23:49:33.426844
ALT0008474,TXN00482862,ACCT100034894,ML_PATTERN_DETECTED,67,2024-09-01 07:48:14.041504
ALT0008475,TXN00490728,ACCT100095943,ML_PATTERN_DETECTED,79,2024-06-24 03:23:07.643297
ALT0008476,TXN00498916,ACCT100085755,ML_PATTERN_DETECTED,64,2024-04-25 09:24:27.449327
ALT0008477,TXN00486137,ACCT100028884,ML_PATTERN_DETECTED,75,2024-11-15 10:22:30.626334
ALT0008478,TXN00478735,ACCT100099513,ML_PATTERN_DETECTED,54,2024-10-13 18:22:23.639077
ALT0008479,TXN00492850,ACCT100074188,ML_PATTERN_DETECTED,71,2024-08-31 07:14:23.463910
ALT0008480,TXN00481780,ACCT100036135,ML_PATTERN_DETECTED,51,2023-08-14 02:13:04.294259
ALT0008481,TXN00479689,ACCT100087036,ML_PATTERN_DETECTED,80,2024-07-09 19:02:02.720183
ALT0008482,TXN00484947,ACCT100070101,ML_PATTERN_DETECTED,96,2024-01-07 05:48:55.601692
ALT0008483,TXN00488790,ACCT100052814,ML_PATTERN_DETECTED,90,2023-05-03 23:47:13.503823
ALT0008484,TXN00493721,ACCT100083966,ML_PATTERN_DETECTED,84,2024-01-21 07:45:52.458394
ALT0008485,TXN00488068,ACCT100039884,ML_PATTERN_DETECTED,97,2023-04-03 09:08:49.705324
ALT0008486,TXN00497107,ACCT100057899,ML_PATTERN_DETECTED,56,2023-11-01 07:20:37.262541
ALT0008487,TXN00489560,ACCT100024148,ML_PATTERN_DETECTED,54,2023-01-03 18:49:11.007510
ALT0008488,TXN00478068,ACCT100094422,ML_PATTERN_DETECTED,82,2023-09-01 03:02:54.185201
ALT0008489,TXN00491544,ACCT100075243,ML_PATTERN_DETECTED,66,2023-06-20 00:11:31.827037
ALT0008490,TXN00498816,ACCT100062200,ML_PATTERN_DETECTED,88,2024-11-07 09:19:10.023100
ALT0008491,TXN00498775,ACCT100025317,ML_PATTERN_DETECTED,77,2023-10-09 08:59:40.732819
ALT0008492,TXN00485428,ACCT100085827,ML_PATTERN_DETECTED,64,2023-12-07 22:04:37.395051
ALT0008493,TXN00479947,ACCT100003884,ML_PATTERN_DETECTED,52,2024-02-04 15:56:38.098022
ALT0008494,TXN00495628,ACCT100074509,ML_PATTERN_DETECTED,76,2023-01-28 13:21:51.334710
ALT0008495,TXN00477562,ACCT100090175,ML_PATTERN_DETECTED,96,2024-07-27 02:33:10.494916
ALT0008496,TXN00477584,ACCT100031227,ML_PATTERN_DETECTED,64,2023-02-03 18:04:28.459952
ALT0008497,TXN00488405,ACCT100091328,ML_PATTERN_DETECTED,92,2024-03-04 21:46:14.512863
ALT0008498,TXN00485192,ACCT100069718,ML_PATTERN_DETECTED,71,2024-05-02 14:18:15.895884
ALT0008499,TXN00482625,ACCT100061965,ML_PATTERN_DETECTED,72,2024-03-23 13:07:10.304614
ALT0008500,TXN00480386,ACCT100051142,ML_PATTERN_DETECTED,51,2024-05-12 21:16:40.675319
ALT0008501,TXN00480938,ACCT100005439,ML_PATTERN_DETECTED,71,2023-05-15 23:43:32.371742
ALT0008502,TXN00491882,ACCT100035342,ML_PATTERN_DETECTED,57,2024-05-28 00:24:12.392539
ALT0008503,TXN00494879,ACCT100067575,ML_PATTERN_DETECTED,52,2023-01-03 18:19:12.819937
ALT0008504,TXN00499023,ACCT100099383,ML_PATTERN_DETECTED,82,2023-08-30 03:23:39.927465
ALT0008505,TXN00498742,ACCT100017342,ML_PATTERN_DETECTED,64,2024-07-05 07:00:23.699621
ALT0008506,TXN00495807,ACCT100063847,ML_PATTERN_DETECTED,65,2023-07-31 19:30:39.393390
ALT0008507,TXN00477159,ACCT100025173,ML_PATTERN_DETECTED,62,2023-09-14 19:13:31.834918
ALT0008508,TXN00493608,ACCT100058670,ML_PATTERN_DETECTED,54,2023-12-27 05:12:49.362542
ALT0008509,TXN00490485,ACCT100051952,ML_PATTERN_DETECTED,94,2024-11-15 10:39:32.242362
ALT0008510,TXN00498150,ACCT100036704,ML_PATTERN_DETECTED,70,2023-08-26 23:22:50.569747
ALT0008511,TXN00476241,ACCT100023360,ML_PATTERN_DETECTED,55,2023-05-31 13:17:43.912273
ALT0008512,TXN00485809,ACCT100092688,ML_PATTERN_DETECTED,65,2023-05-14 11:51:04.024055
ALT0008513,TXN00479844,ACCT100070448,ML_PATTERN_DETECTED,54,2024-08-01 03:52:15.584820
ALT0008514,TXN00484668,ACCT100047203,ML_PATTERN_DETECTED,50,2024-11-25 03:12:21.388094
ALT0008515,TXN00482357,ACCT100033707,ML_PATTERN_DETECTED,62,2024-05-30 08:26:28.860264
ALT0008516,TXN00486135,ACCT100080584,ML_PATTERN_DETECTED,62,2024-04-02 05:35:04.425944
ALT0008517,TXN00491282,ACCT100072490,ML_PATTERN_DETECTED,82,2023-02-03 20:19:31.875229
ALT0008518,TXN00485616,ACCT100036781,ML_PATTERN_DETECTED,86,2024-11-22 13:54:49.252561
ALT0008519,TXN00497014,ACCT100044895,ML_PATTERN_DETECTED,89,2023-06-11 23:37:46.659887
ALT0008520,TXN00499402,ACCT100015495,ML_PATTERN_DETECTED,97,2023-04-17 16:56:05.485183
ALT0008521,TXN00476715,ACCT100035670,ML_PATTERN_DETECTED,85,2024-02-14 11:24:09.053742
ALT0008522,TXN00495541,ACCT100060186,ML_PATTERN_DETECTED,82,2024-09-30 22:58:36.619978
ALT0008523,TXN00480908,ACCT100067141,ML_PATTERN_DETECTED,58,2023-02-02 02:51:21.122100
ALT0008524,TXN00484388,ACCT100081222,ML_PATTERN_DETECTED,72,2024-09-13 01:01:40.935579
ALT0008525,TXN00488230,ACCT100005671,ML_PATTERN_DETECTED,91,2023-09-28 05:19:42.387486
ALT0008526,TXN00488488,ACCT100055443,ML_PATTERN_DETECTED,91,2024-10-18 08:44:32.257481
ALT0008527,TXN00493242,ACCT100045915,ML_PATTERN_DETECTED,91,2024-11-20 01:42:03.228440
ALT0008528,TXN00480198,ACCT100027285,ML_PATTERN_DETECTED,84,2024-06-04 04:05:27.711048
ALT0008529,TXN00490554,ACCT100053477,ML_PATTERN_DETECTED,78,2023-03-07 21:38:32.814494
ALT0008530,TXN00485750,ACCT100031532,ML_PATTERN_DETECTED,87,2023-07-26 20:01:17.249086
ALT0008531,TXN00497795,ACCT100063825,ML_PATTERN_DETECTED,85,2023-05-10 11:15:05.613370
ALT0008532,TXN00494536,ACCT100026542,ML_PATTERN_DETECTED,55,2024-05-07 22:01:28.158629
ALT0008533,TXN00486190,ACCT100041303,ML_PATTERN_DETECTED,88,2024-12-01 01:47:02.927146
ALT0008534,TXN00481392,ACCT100045954,ML_PATTERN_DETECTED,69,2023-11-18 12:26:45.962744
ALT0008535,TXN00499972,ACCT100062031,ML_PATTERN_DETECTED,51,2024-10-17 18:46:13.147305
ALT0008536,TXN00475950,ACCT100081597,ML_PATTERN_DETECTED,73,2024-09-28 08:14:25.670061
ALT0008537,TXN00498864,ACCT100030224,ML_PATTERN_DETECTED,72,2024-06-13 00:53:57.750535
ALT0008538,TXN00493604,ACCT100096398,ML_PATTERN_DETECTED,74,2023-01-15 07:15:32.519593
ALT0008539,TXN00489933,ACCT100005215,ML_PATTERN_DETECTED,85,2023-10-09 21:01:58.892495
ALT0008540,TXN00481671,ACCT100074135,ML_PATTERN_DETECTED,59,2024-09-06 21:58:43.532912
ALT0008541,TXN00487069,ACCT100036263,ML_PATTERN_DETECTED,60,2024-10-10 07:44:40.136278
ALT0008542,TXN00484809,ACCT100035590,ML_PATTERN_DETECTED,77,2024-01-06 19:37:11.422514
ALT0008543,TXN00486485,ACCT100074995,ML_PATTERN_DETECTED,75,2024-03-08 20:41:13.058501
ALT0008544,TXN00485425,ACCT100090818,ML_PATTERN_DETECTED,51,2024-03-06 05:18:48.581398
ALT0008545,TXN00486015,ACCT100093301,ML_PATTERN_DETECTED,93,2023-05-23 08:37:05.877350
ALT0008546,TXN00494975,ACCT100067522,ML_PATTERN_DETECTED,95,2024-02-20 00:42:11.737305
ALT0008547,TXN00485884,ACCT100039651,ML_PATTERN_DETECTED,56,2023-03-30 21:09:12.215764
ALT0008548,TXN00480881,ACCT100003204,ML_PATTERN_DETECTED,93,2023-09-02 16:43:28.256651
ALT0008549,TXN00477901,ACCT100006260,ML_PATTERN_DETECTED,79,2024-10-21 18:57:25.338520
ALT0008550,TXN00489365,ACCT100012351,ML_PATTERN_DETECTED,81,2024-06-16 16:13:05.638108
ALT0008551,TXN00488162,ACCT100053247,ML_PATTERN_DETECTED,56,2023-07-21 09:40:12.937268
ALT0008552,TXN00481904,ACCT100051697,ML_PATTERN_DETECTED,58,2023-05-24 12:34:02.229290
ALT0008553,TXN00477685,ACCT100090338,ML_PATTERN_DETECTED,86,2024-05-07 04:12:55.164179
ALT0008554,TXN00483837,ACCT100021422,ML_PATTERN_DETECTED,76,2024-01-14 15:31:28.049069
ALT0008555,TXN00497199,ACCT100042948,ML_PATTERN_DETECTED,71,2024-12-08 16:09:13.291559
ALT0008556,TXN00477805,ACCT100003938,ML_PATTERN_DETECTED,90,2024-08-17 05:24:33.430944
ALT0008557,TXN00479384,ACCT100016660,ML_PATTERN_DETECTED,81,2024-06-04 13:44:48.856165
ALT0008558,TXN00480054,ACCT100040901,ML_PATTERN_DETECTED,96,2023-03-02 03:00:30.113539
ALT0008559,TXN00496664,ACCT100085218,ML_PATTERN_DETECTED,95,2023-11-17 21:49:19.938146
ALT0008560,TXN00482407,ACCT100015194,ML_PATTERN_DETECTED,73,2023-06-13 13:11:53.745323
ALT0008561,TXN00484360,ACCT100044075,ML_PATTERN_DETECTED,71,2024-01-13 04:56:08.955511
ALT0008562,TXN00499408,ACCT100057339,ML_PATTERN_DETECTED,52,2024-08-22 12:27:54.263038
ALT0008563,TXN00483077,ACCT100005777,ML_PATTERN_DETECTED,92,2024-07-08 14:25:44.183730
ALT0008564,TXN00484088,ACCT100062297,ML_PATTERN_DETECTED,97,2023-01-10 05:55:17.393855
ALT0008565,TXN00487373,ACCT100092539,ML_PATTERN_DETECTED,63,2024-05-15 18:54:57.087699
ALT0008566,TXN00496854,ACCT100055515,ML_PATTERN_DETECTED,78,2023-09-15 16:44:18.979342
ALT0008567,TXN00495647,ACCT100099525,ML_PATTERN_DETECTED,83,2024-08-29 13:50:48.178447
ALT0008568,TXN00479573,ACCT100062470,ML_PATTERN_DETECTED,65,2024-11-02 22:05:47.313042
ALT0008569,TXN00498599,ACCT100070847,ML_PATTERN_DETECTED,51,2024-04-12 04:26:19.441837
ALT0008570,TXN00491314,ACCT100037397,ML_PATTERN_DETECTED,79,2024-11-15 17:41:38.114796
ALT0008571,TXN00478493,ACCT100064595,ML_PATTERN_DETECTED,84,2024-08-24 01:34:16.836817
ALT0008572,TXN00484460,ACCT100092521,ML_PATTERN_DETECTED,61,2024-06-14 08:11:54.552330
ALT0008573,TXN00488783,ACCT100054885,ML_PATTERN_DETECTED,88,2024-02-12 11:14:17.806760
ALT0008574,TXN00499008,ACCT100021685,ML_PATTERN_DETECTED,95,2024-05-04 18:44:43.115658
ALT0008575,TXN00485269,ACCT100014344,ML_PATTERN_DETECTED,53,2024-11-17 11:41:03.685772
ALT0008576,TXN00481080,ACCT100091800,ML_PATTERN_DETECTED,89,2024-11-26 13:10:55.186406
ALT0008577,TXN00491161,ACCT100011556,ML_PATTERN_DETECTED,77,2024-07-07 00:12:31.246500
ALT0008578,TXN00477769,ACCT100082385,ML_PATTERN_DETECTED,65,2024-12-30 19:48:11.455829
ALT0008579,TXN00476969,ACCT100045584,ML_PATTERN_DETECTED,64,2024-01-28 00:33:26.455349
ALT0008580,TXN00497549,ACCT100006535,ML_PATTERN_DETECTED,71,2023-10-12 10:04:27.220113
ALT0008581,TXN00491375,ACCT100058430,ML_PATTERN_DETECTED,81,2024-10-08 11:27:10.261337
ALT0008582,TXN00497741,ACCT100040962,ML_PATTERN_DETECTED,75,2024-02-28 02:37:29.559709
ALT0008583,TXN00498670,ACCT100098879,ML_PATTERN_DETECTED,60,2023-05-03 01:06:42.641716
ALT0008584,TXN00481046,ACCT100070743,ML_PATTERN_DETECTED,69,2024-09-11 00:46:22.910928
ALT0008585,TXN00477504,ACCT100027179,ML_PATTERN_DETECTED,92,2024-04-15 19:30:21.650678
ALT0008586,TXN00490632,ACCT100002611,ML_PATTERN_DETECTED,71,2024-11-27 11:07:24.559909
ALT0008587,TXN00486784,ACCT100015433,ML_PATTERN_DETECTED,63,2024-09-17 20:35:19.770889
ALT0008588,TXN00497872,ACCT100007492,ML_PATTERN_DETECTED,92,2024-04-25 20:43:21.977290
ALT0008589,TXN00478292,ACCT100076136,ML_PATTERN_DETECTED,75,2024-01-31 07:42:32.327165
ALT0008590,TXN00487124,ACCT100034480,ML_PATTERN_DETECTED,88,2023-02-18 20:52:47.034757
ALT0008591,TXN00475129,ACCT100012790,ML_PATTERN_DETECTED,79,2024-05-01 00:51:27.894815
ALT0008592,TXN00489876,ACCT100021418,ML_PATTERN_DETECTED,67,2023-05-14 09:00:23.947210
ALT0008593,TXN00497235,ACCT100072252,ML_PATTERN_DETECTED,69,2023-03-15 00:27:53.303295
ALT0008594,TXN00484603,ACCT100062054,ML_PATTERN_DETECTED,53,2023-05-31 13:39:20.145406
ALT0008595,TXN00476801,ACCT100084543,ML_PATTERN_DETECTED,94,2024-11-10 14:38:00.114655
ALT0008596,TXN00495937,ACCT100059936,ML_PATTERN_DETECTED,77,2024-10-14 15:41:59.881052
ALT0008597,TXN00499164,ACCT100015081,ML_PATTERN_DETECTED,87,2023-10-03 20:04:25.707279
ALT0008598,TXN00499312,ACCT100035466,ML_PATTERN_DETECTED,55,2024-04-19 01:50:17.421358
ALT0008599,TXN00492891,ACCT100091129,ML_PATTERN_DETECTED,92,2023-11-09 09:07:10.935345
ALT0008600,TXN00484706,ACCT100051787,ML_PATTERN_DETECTED,97,2023-08-29 16:16:30.596941
ALT0008601,TXN00478914,ACCT100089241,ML_PATTERN_DETECTED,73,2023-06-10 15:05:09.584337
ALT0008602,TXN00499500,ACCT100062185,ML_PATTERN_DETECTED,93,2023-09-24 05:29:24.945062
ALT0008603,TXN00491193,ACCT100085477,ML_PATTERN_DETECTED,84,2023-08-19 04:55:47.796074
ALT0008604,TXN00482089,ACCT100015879,ML_PATTERN_DETECTED,61,2023-11-09 06:54:43.880009
ALT0008605,TXN00479931,ACCT100067684,ML_PATTERN_DETECTED,87,2024-12-20 09:57:06.913170
ALT0008606,TXN00494058,ACCT100030352,ML_PATTERN_DETECTED,64,2024-12-04 06:56:48.206459
ALT0008607,TXN00483029,ACCT100076518,ML_PATTERN_DETECTED,90,2024-09-18 16:34:19.288870
ALT0008608,TXN00495657,ACCT100009581,ML_PATTERN_DETECTED,78,2023-08-05 22:49:02.194148
ALT0008609,TXN00497777,ACCT100062777,ML_PATTERN_DETECTED,74,2024-10-24 23:02:35.753261
ALT0008610,TXN00480182,ACCT100036222,ML_PATTERN_DETECTED,51,2023-02-26 01:56:50.078578
ALT0008611,TXN00478604,ACCT100083856,ML_PATTERN_DETECTED,84,2023-07-22 02:33:08.780424
ALT0008612,TXN00493736,ACCT100016095,ML_PATTERN_DETECTED,82,2023-07-16 19:02:56.849325
ALT0008613,TXN00485447,ACCT100083746,ML_PATTERN_DETECTED,56,2023-11-19 06:25:58.191126
ALT0008614,TXN00491364,ACCT100040740,ML_PATTERN_DETECTED,78,2023-09-01 18:12:12.756467
ALT0008615,TXN00475625,ACCT100061237,ML_PATTERN_DETECTED,90,2023-02-01 23:14:35.575582
ALT0008616,TXN00480039,ACCT100044505,ML_PATTERN_DETECTED,75,2024-05-08 20:38:24.671844
ALT0008617,TXN00481444,ACCT100071449,ML_PATTERN_DETECTED,63,2024-10-03 10:29:26.552577
ALT0008618,TXN00495100,ACCT100092100,ML_PATTERN_DETECTED,95,2024-01-24 23:25:11.713205
ALT0008619,TXN00499534,ACCT100075101,ML_PATTERN_DETECTED,51,2023-02-11 13:13:54.860151
ALT0008620,TXN00481962,ACCT100058022,ML_PATTERN_DETECTED,68,2023-02-03 17:33:12.064467
ALT0008621,TXN00479878,ACCT100044479,ML_PATTERN_DETECTED,50,2023-12-03 18:24:13.972047
ALT0008622,TXN00497000,ACCT100032674,ML_PATTERN_DETECTED,84,2023-08-04 07:14:53.506032
ALT0008623,TXN00485645,ACCT100052353,ML_PATTERN_DETECTED,66,2024-12-06 08:33:32.300079
ALT0008624,TXN00497892,ACCT100051760,ML_PATTERN_DETECTED,95,2023-08-05 09:17:18.747122
ALT0008625,TXN00497701,ACCT100064032,ML_PATTERN_DETECTED,94,2023-05-18 22:48:32.522284
ALT0008626,TXN00483512,ACCT100053890,ML_PATTERN_DETECTED,56,2023-04-26 13:12:42.497751
ALT0008627,TXN00475196,ACCT100082357,ML_PATTERN_DETECTED,65,2023-05-24 04:43:05.826624
ALT0008628,TXN00495881,ACCT100071177,ML_PATTERN_DETECTED,57,2024-04-29 07:09:06.663655
ALT0008629,TXN00490848,ACCT100038882,ML_PATTERN_DETECTED,64,2024-05-08 12:12:02.011845
ALT0008630,TXN00488348,ACCT100073131,ML_PATTERN_DETECTED,89,2023-12-08 22:35:35.799808
ALT0008631,TXN00478947,ACCT100071220,ML_PATTERN_DETECTED,60,2023-03-25 07:06:06.841653
ALT0008632,TXN00492964,ACCT100090412,ML_PATTERN_DETECTED,56,2023-05-07 17:46:29.657980
ALT0008633,TXN00495048,ACCT100097962,ML_PATTERN_DETECTED,89,2024-05-28 22:40:14.110232
ALT0008634,TXN00491304,ACCT100081216,ML_PATTERN_DETECTED,85,2023-03-27 09:20:59.278848
ALT0008635,TXN00479928,ACCT100080374,ML_PATTERN_DETECTED,73,2023-07-22 08:25:15.999554
ALT0008636,TXN00494089,ACCT100030975,ML_PATTERN_DETECTED,71,2024-12-23 04:44:25.313233
ALT0008637,TXN00490376,ACCT100036534,ML_PATTERN_DETECTED,68,2024-06-11 00:15:22.606633
ALT0008638,TXN00477189,ACCT100074745,ML_PATTERN_DETECTED,82,2023-05-13 17:16:35.417603
ALT0008639,TXN00488473,ACCT100054002,ML_PATTERN_DETECTED,76,2024-09-11 21:58:07.067977
ALT0008640,TXN00477537,ACCT100021145,ML_PATTERN_DETECTED,63,2023-06-10 16:50:48.480998
ALT0008641,TXN00487698,ACCT100069086,ML_PATTERN_DETECTED,91,2024-11-20 11:45:57.355353
ALT0008642,TXN00485938,ACCT100082568,ML_PATTERN_DETECTED,76,2023-06-13 11:16:25.506955
ALT0008643,TXN00480094,ACCT100035260,ML_PATTERN_DETECTED,66,2024-03-31 15:11:11.837165
ALT0008644,TXN00490626,ACCT100074684,ML_PATTERN_DETECTED,89,2023-04-20 08:10:29.434970
ALT0008645,TXN00481246,ACCT100068403,ML_PATTERN_DETECTED,84,2023-10-31 17:02:05.416798
ALT0008646,TXN00495641,ACCT100020454,ML_PATTERN_DETECTED,70,2023-07-01 12:36:27.317792
ALT0008647,TXN00496775,ACCT100027383,ML_PATTERN_DETECTED,96,2024-01-31 22:20:49.524736
ALT0008648,TXN00498119,ACCT100093047,ML_PATTERN_DETECTED,78,2023-01-17 23:53:44.641927
ALT0008649,TXN00497111,ACCT100086349,ML_PATTERN_DETECTED,80,2024-09-19 23:44:23.081974
ALT0008650,TXN00494444,ACCT100021338,ML_PATTERN_DETECTED,75,2023-12-25 17:10:52.506588
ALT0008651,TXN00498068,ACCT100081000,ML_PATTERN_DETECTED,54,2024-12-12 00:19:01.285097
ALT0008652,TXN00483674,ACCT100086481,ML_PATTERN_DETECTED,68,2023-02-23 03:52:29.976115
ALT0008653,TXN00496380,ACCT100066547,ML_PATTERN_DETECTED,88,2023-12-28 11:58:33.229389
ALT0008654,TXN00492500,ACCT100049051,ML_PATTERN_DETECTED,94,2023-08-30 07:53:48.227600
ALT0008655,TXN00499544,ACCT100026867,ML_PATTERN_DETECTED,60,2023-11-07 08:56:43.279327
ALT0008656,TXN00485158,ACCT100065024,ML_PATTERN_DETECTED,75,2024-01-05 01:48:35.908376
ALT0008657,TXN00480514,ACCT100045036,ML_PATTERN_DETECTED,91,2023-02-18 10:16:57.450753
ALT0008658,TXN00487937,ACCT100044836,ML_PATTERN_DETECTED,90,2024-07-17 00:24:45.885649
ALT0008659,TXN00484956,ACCT100075601,ML_PATTERN_DETECTED,59,2024-06-29 05:10:54.141371
ALT0008660,TXN00498161,ACCT100081046,ML_PATTERN_DETECTED,50,2024-07-12 15:31:27.100752
ALT0008661,TXN00490055,ACCT100073716,ML_PATTERN_DETECTED,74,2024-09-25 11:30:06.990277
ALT0008662,TXN00495296,ACCT100074550,ML_PATTERN_DETECTED,79,2023-01-28 12:33:59.110054
ALT0008663,TXN00478805,ACCT100022707,ML_PATTERN_DETECTED,56,2024-09-09 19:26:05.412189
ALT0008664,TXN00487533,ACCT100044373,ML_PATTERN_DETECTED,87,2023-05-28 20:22:11.831322
ALT0008665,TXN00478425,ACCT100042525,ML_PATTERN_DETECTED,71,2024-11-05 21:36:19.685467
ALT0008666,TXN00475958,ACCT100075111,ML_PATTERN_DETECTED,85,2024-05-26 06:08:27.773123
ALT0008667,TXN00480311,ACCT100044436,ML_PATTERN_DETECTED,66,2023-08-03 23:07:01.787943
ALT0008668,TXN00493722,ACCT100005910,ML_PATTERN_DETECTED,67,2024-09-29 08:30:19.261015
ALT0008669,TXN00483516,ACCT100050371,ML_PATTERN_DETECTED,82,2024-09-14 23:30:28.995148
ALT0008670,TXN00481259,ACCT100065542,ML_PATTERN_DETECTED,87,2023-06-14 04:59:22.204855
ALT0008671,TXN00485660,ACCT100066972,ML_PATTERN_DETECTED,58,2024-09-07 12:50:32.808631
ALT0008672,TXN00497779,ACCT100051572,ML_PATTERN_DETECTED,86,2024-07-09 00:28:54.474748
ALT0008673,TXN00487117,ACCT100048324,ML_PATTERN_DETECTED,50,2024-09-07 21:28:15.154059
ALT0008674,TXN00490301,ACCT100048189,ML_PATTERN_DETECTED,64,2023-06-04 06:28:05.116575
ALT0008675,TXN00475882,ACCT100020193,ML_PATTERN_DETECTED,53,2023-11-01 17:58:31.142406
ALT0008676,TXN00486151,ACCT100090055,ML_PATTERN_DETECTED,70,2023-01-15 07:44:27.102151
ALT0008677,TXN00494189,ACCT100067512,ML_PATTERN_DETECTED,98,2024-07-02 05:01:31.179792
ALT0008678,TXN00498328,ACCT100038516,ML_PATTERN_DETECTED,83,2023-05-20 11:22:12.929398
ALT0008679,TXN00482145,ACCT100037841,ML_PATTERN_DETECTED,64,2024-10-09 06:06:54.632961
ALT0008680,TXN00494630,ACCT100088911,ML_PATTERN_DETECTED,86,2023-06-15 00:42:49.392441
ALT0008681,TXN00476291,ACCT100009328,ML_PATTERN_DETECTED,90,2023-09-05 18:26:30.469509
ALT0008682,TXN00483499,ACCT100079219,ML_PATTERN_DETECTED,92,2023-08-09 12:10:21.267110
ALT0008683,TXN00492310,ACCT100089181,ML_PATTERN_DETECTED,78,2023-03-10 08:13:15.233131
ALT0008684,TXN00485062,ACCT100021534,ML_PATTERN_DETECTED,88,2024-01-28 06:25:39.002655
ALT0008685,TXN00497957,ACCT100028485,ML_PATTERN_DETECTED,82,2023-05-24 09:55:41.059464
ALT0008686,TXN00499025,ACCT100070919,ML_PATTERN_DETECTED,85,2024-01-29 10:59:03.819240
ALT0008687,TXN00476096,ACCT100024986,ML_PATTERN_DETECTED,55,2023-01-12 22:57:51.532055
ALT0008688,TXN00477902,ACCT100071280,ML_PATTERN_DETECTED,80,2024-10-05 23:10:11.833461
ALT0008689,TXN00491628,ACCT100016246,ML_PATTERN_DETECTED,91,2023-09-06 02:24:20.795589
ALT0008690,TXN00475418,ACCT100057174,ML_PATTERN_DETECTED,71,2023-01-19 13:55:35.528982
ALT0008691,TXN00496164,ACCT100046134,ML_PATTERN_DETECTED,86,2023-06-06 13:56:04.119638
ALT0008692,TXN00499817,ACCT100047988,ML_PATTERN_DETECTED,56,2024-12-03 14:37:55.919808
ALT0008693,TXN00496025,ACCT100071826,ML_PATTERN_DETECTED,70,2023-06-05 20:44:27.912392
ALT0008694,TXN00499018,ACCT100021097,ML_PATTERN_DETECTED,60,2024-06-27 13:04:37.847811
ALT0008695,TXN00498999,ACCT100031947,ML_PATTERN_DETECTED,93,2024-07-09 05:27:23.970499
ALT0008696,TXN00485802,ACCT100029177,ML_PATTERN_DETECTED,74,2024-06-26 22:05:02.441536
ALT0008697,TXN00480954,ACCT100099329,ML_PATTERN_DETECTED,82,2023-01-16 07:57:56.236671
ALT0008698,TXN00498673,ACCT100025061,ML_PATTERN_DETECTED,86,2024-08-22 12:51:41.679682
ALT0008699,TXN00488165,ACCT100047230,ML_PATTERN_DETECTED,87,2023-09-25 11:10:13.714145
ALT0008700,TXN00496213,ACCT100083181,ML_PATTERN_DETECTED,64,2023-10-03 04:40:25.850362
ALT0008701,TXN00497974,ACCT100000228,ML_PATTERN_DETECTED,50,2023-03-21 04:18:17.030391
ALT0008702,TXN00494144,ACCT100047216,ML_PATTERN_DETECTED,52,2024-10-29 13:38:01.288080
ALT0008703,TXN00496310,ACCT100061415,ML_PATTERN_DETECTED,86,2024-12-01 13:00:34.667196
ALT0008704,TXN00499989,ACCT100058662,ML_PATTERN_DETECTED,62,2024-04-10 15:18:55.585009
ALT0008705,TXN00483534,ACCT100048994,ML_PATTERN_DETECTED,78,2023-03-03 17:23:32.002895
ALT0008706,TXN00488589,ACCT100060245,ML_PATTERN_DETECTED,52,2024-06-06 09:47:19.017531
ALT0008707,TXN00494221,ACCT100070090,ML_PATTERN_DETECTED,63,2024-01-06 11:38:14.803875
ALT0008708,TXN00487833,ACCT100005932,ML_PATTERN_DETECTED,63,2024-01-20 12:31:48.891160
ALT0008709,TXN00499191,ACCT100071765,ML_PATTERN_DETECTED,69,2024-05-31 06:33:18.360486
ALT0008710,TXN00484426,ACCT100039549,ML_PATTERN_DETECTED,74,2023-12-06 05:29:49.130320
ALT0008711,TXN00499674,ACCT100070326,ML_PATTERN_DETECTED,69,2023-12-16 01:46:40.796744
ALT0008712,TXN00475124,ACCT100039962,ML_PATTERN_DETECTED,74,2023-06-21 22:20:11.274955
ALT0008713,TXN00487379,ACCT100050955,ML_PATTERN_DETECTED,81,2023-11-08 22:10:57.524858
ALT0008714,TXN00482223,ACCT100010065,ML_PATTERN_DETECTED,50,2023-03-10 04:40:52.261805
ALT0008715,TXN00484202,ACCT100034827,ML_PATTERN_DETECTED,67,2024-12-20 11:55:06.928792
ALT0008716,TXN00476571,ACCT100026086,ML_PATTERN_DETECTED,93,2023-01-29 21:24:42.578194
ALT0008717,TXN00476184,ACCT100073700,ML_PATTERN_DETECTED,61,2023-02-07 04:57:47.186801
ALT0008718,TXN00481283,ACCT100021453,ML_PATTERN_DETECTED,94,2023-11-04 21:42:07.308810
ALT0008719,TXN00477182,ACCT100098115,ML_PATTERN_DETECTED,79,2024-03-04 05:45:41.444835
ALT0008720,TXN00498519,ACCT100038202,ML_PATTERN_DETECTED,94,2023-04-10 18:03:34.192129
ALT0008721,TXN00499423,ACCT100018703,ML_PATTERN_DETECTED,63,2024-05-31 11:02:24.806881
ALT0008722,TXN00487255,ACCT100065831,ML_PATTERN_DETECTED,63,2023-03-23 07:55:10.479424
ALT0008723,TXN00497466,ACCT100061973,ML_PATTERN_DETECTED,52,2024-10-30 19:21:27.647465
ALT0008724,TXN00496391,ACCT100011271,ML_PATTERN_DETECTED,84,2023-10-12 20:40:33.378709
ALT0008725,TXN00477342,ACCT100063118,ML_PATTERN_DETECTED,62,2023-07-29 19:14:21.653434
ALT0008726,TXN00498614,ACCT100001186,ML_PATTERN_DETECTED,92,2024-01-22 21:49:48.296217
ALT0008727,TXN00487062,ACCT100008226,ML_PATTERN_DETECTED,56,2024-01-15 14:18:15.131708
ALT0008728,TXN00480866,ACCT100057560,ML_PATTERN_DETECTED,52,2023-01-09 19:12:16.761298
ALT0008729,TXN00484279,ACCT100027822,ML_PATTERN_DETECTED,81,2024-03-30 21:04:24.359688
ALT0008730,TXN00490494,ACCT100097649,ML_PATTERN_DETECTED,74,2024-02-20 20:33:51.143397
ALT0008731,TXN00477384,ACCT100047897,ML_PATTERN_DETECTED,72,2023-11-01 06:51:28.755316
ALT0008732,TXN00493092,ACCT100028124,ML_PATTERN_DETECTED,73,2023-05-15 02:11:34.387840
ALT0008733,TXN00492927,ACCT100056121,ML_PATTERN_DETECTED,80,2024-12-05 09:56:56.252794
ALT0008734,TXN00494399,ACCT100034556,ML_PATTERN_DETECTED,90,2023-08-03 18:06:45.010679
ALT0008735,TXN00493957,ACCT100015267,ML_PATTERN_DETECTED,59,2023-12-11 11:41:45.309277
ALT0008736,TXN00478694,ACCT100012625,ML_PATTERN_DETECTED,63,2023-02-27 19:25:43.009679
ALT0008737,TXN00482720,ACCT100015082,ML_PATTERN_DETECTED,56,2023-01-28 14:24:37.886859
ALT0008738,TXN00476275,ACCT100039342,ML_PATTERN_DETECTED,92,2023-01-13 04:10:09.109532
ALT0008739,TXN00481561,ACCT100036539,ML_PATTERN_DETECTED,72,2023-07-19 13:10:25.032529
ALT0008740,TXN00482744,ACCT100042944,ML_PATTERN_DETECTED,93,2024-12-24 04:18:57.670428
ALT0008741,TXN00480683,ACCT100008934,ML_PATTERN_DETECTED,61,2024-01-10 23:00:57.772165
ALT0008742,TXN00493478,ACCT100005774,ML_PATTERN_DETECTED,51,2024-04-27 01:23:46.799046
ALT0008743,TXN00478224,ACCT100085980,ML_PATTERN_DETECTED,78,2024-02-10 21:20:07.821978
ALT0008744,TXN00477694,ACCT100012025,ML_PATTERN_DETECTED,62,2024-01-13 06:17:52.905265
ALT0008745,TXN00498037,ACCT100094129,ML_PATTERN_DETECTED,93,2024-10-13 19:07:03.943343
ALT0008746,TXN00483242,ACCT100074978,ML_PATTERN_DETECTED,94,2024-10-08 03:45:22.422365
ALT0008747,TXN00483031,ACCT100017727,ML_PATTERN_DETECTED,57,2023-05-02 16:15:11.394032
ALT0008748,TXN00486351,ACCT100092510,ML_PATTERN_DETECTED,73,2023-08-02 13:51:35.578505
ALT0008749,TXN00489793,ACCT100011410,ML_PATTERN_DETECTED,56,2023-12-19 04:23:35.306887
ALT0008750,TXN00491425,ACCT100012126,ML_PATTERN_DETECTED,57,2023-04-14 04:55:30.602140
ALT0008751,TXN00490592,ACCT100063634,ML_PATTERN_DETECTED,65,2023-11-11 09:20:21.605713
ALT0008752,TXN00489608,ACCT100075861,ML_PATTERN_DETECTED,84,2023-01-16 15:15:11.978175
ALT0008753,TXN00478813,ACCT100030338,ML_PATTERN_DETECTED,92,2023-11-10 12:19:25.745799
ALT0008754,TXN00487369,ACCT100041536,ML_PATTERN_DETECTED,51,2023-12-27 02:53:07.535229
ALT0008755,TXN00489796,ACCT100008845,ML_PATTERN_DETECTED,50,2024-06-01 14:23:41.341781
ALT0008756,TXN00488311,ACCT100031975,ML_PATTERN_DETECTED,77,2023-10-29 19:46:24.294943
ALT0008757,TXN00487301,ACCT100034851,ML_PATTERN_DETECTED,50,2023-11-14 07:12:26.375252
ALT0008758,TXN00475216,ACCT100079474,ML_PATTERN_DETECTED,81,2024-10-15 13:13:02.524062
ALT0008759,TXN00475466,ACCT100036173,ML_PATTERN_DETECTED,75,2023-03-29 03:04:04.285699
ALT0008760,TXN00482107,ACCT100082211,ML_PATTERN_DETECTED,52,2023-08-24 07:37:40.642115
ALT0008761,TXN00486233,ACCT100014153,ML_PATTERN_DETECTED,90,2024-09-11 19:46:55.173583
ALT0008762,TXN00484146,ACCT100096324,ML_PATTERN_DETECTED,77,2024-04-14 06:49:04.915552
ALT0008763,TXN00481308,ACCT100042879,ML_PATTERN_DETECTED,83,2023-07-10 23:52:13.269534
ALT0008764,TXN00492118,ACCT100078089,ML_PATTERN_DETECTED,54,2024-05-18 06:13:27.525206
ALT0008765,TXN00477306,ACCT100010206,ML_PATTERN_DETECTED,87,2023-05-19 01:43:30.484004
ALT0008766,TXN00480971,ACCT100043806,ML_PATTERN_DETECTED,81,2024-03-13 09:43:31.558791
ALT0008767,TXN00489551,ACCT100073451,ML_PATTERN_DETECTED,70,2023-04-14 00:39:56.606780
ALT0008768,TXN00499269,ACCT100087896,ML_PATTERN_DETECTED,71,2024-05-09 15:31:24.601877
ALT0008769,TXN00486945,ACCT100096160,ML_PATTERN_DETECTED,60,2023-08-13 05:25:21.815094
ALT0008770,TXN00492944,ACCT100002790,ML_PATTERN_DETECTED,74,2024-08-14 18:13:57.664713
ALT0008771,TXN00475885,ACCT100043914,ML_PATTERN_DETECTED,52,2023-08-29 06:51:34.810427
ALT0008772,TXN00493195,ACCT100049935,ML_PATTERN_DETECTED,92,2023-10-17 05:11:41.694913
ALT0008773,TXN00478407,ACCT100090092,ML_PATTERN_DETECTED,91,2024-06-20 18:12:08.869391
ALT0008774,TXN00486521,ACCT100095366,ML_PATTERN_DETECTED,68,2024-09-23 19:18:13.329110
ALT0008775,TXN00479913,ACCT100030502,ML_PATTERN_DETECTED,63,2023-05-15 19:04:16.928281
ALT0008776,TXN00498991,ACCT100028574,ML_PATTERN_DETECTED,61,2023-11-09 15:26:19.728462
ALT0008777,TXN00477722,ACCT100039736,ML_PATTERN_DETECTED,70,2023-12-15 16:58:25.415332
ALT0008778,TXN00493799,ACCT100047331,ML_PATTERN_DETECTED,86,2024-09-27 05:20:29.561490
ALT0008779,TXN00478067,ACCT100052381,ML_PATTERN_DETECTED,63,2024-07-03 00:11:16.009475
ALT0008780,TXN00483368,ACCT100041528,ML_PATTERN_DETECTED,58,2023-03-16 18:19:51.364043
ALT0008781,TXN00476158,ACCT100078035,ML_PATTERN_DETECTED,84,2023-11-21 04:52:16.411381
ALT0008782,TXN00476033,ACCT100079017,ML_PATTERN_DETECTED,68,2024-06-12 08:57:14.410555
ALT0008783,TXN00487241,ACCT100047834,ML_PATTERN_DETECTED,98,2023-08-29 13:58:47.465472
ALT0008784,TXN00488902,ACCT100044536,ML_PATTERN_DETECTED,68,2023-05-18 03:40:32.285003
ALT0008785,TXN00481166,ACCT100000024,ML_PATTERN_DETECTED,82,2023-01-01 21:18:19.815274
ALT0008786,TXN00490934,ACCT100041005,ML_PATTERN_DETECTED,71,2024-12-23 02:17:12.378893
ALT0008787,TXN00487295,ACCT100062701,ML_PATTERN_DETECTED,94,2023-11-21 10:41:37.992767
ALT0008788,TXN00483788,ACCT100095651,ML_PATTERN_DETECTED,71,2023-01-26 20:19:24.828506
ALT0008789,TXN00497895,ACCT100062829,ML_PATTERN_DETECTED,53,2023-06-19 22:21:47.522939
ALT0008790,TXN00493140,ACCT100032778,ML_PATTERN_DETECTED,77,2023-01-17 20:01:49.763988
ALT0008791,TXN00476717,ACCT100041493,ML_PATTERN_DETECTED,89,2023-10-12 10:53:48.823999
ALT0008792,TXN00489228,ACCT100007121,ML_PATTERN_DETECTED,98,2023-05-31 02:20:33.536454
ALT0008793,TXN00491641,ACCT100038510,ML_PATTERN_DETECTED,61,2023-10-16 10:51:23.404565
ALT0008794,TXN00485830,ACCT100003212,ML_PATTERN_DETECTED,92,2024-04-04 03:06:11.912894
ALT0008795,TXN00491894,ACCT100090666,ML_PATTERN_DETECTED,55,2023-09-14 01:12:28.300977
ALT0008796,TXN00482574,ACCT100044086,ML_PATTERN_DETECTED,86,2024-10-15 20:27:20.549615
ALT0008797,TXN00493802,ACCT100049428,ML_PATTERN_DETECTED,67,2023-07-11 03:15:41.261695
ALT0008798,TXN00493074,ACCT100061459,ML_PATTERN_DETECTED,56,2024-09-18 08:49:06.292756
ALT0008799,TXN00497674,ACCT100026460,ML_PATTERN_DETECTED,86,2024-03-30 19:46:36.517739
ALT0008800,TXN00478510,ACCT100020383,ML_PATTERN_DETECTED,79,2023-05-14 12:24:19.967464
ALT0008801,TXN00481607,ACCT100036463,ML_PATTERN_DETECTED,60,2023-10-23 21:48:55.270764
ALT0008802,TXN00475078,ACCT100060545,ML_PATTERN_DETECTED,54,2023-03-15 21:12:16.912469
ALT0008803,TXN00489635,ACCT100079967,ML_PATTERN_DETECTED,75,2023-01-13 02:43:52.580964
ALT0008804,TXN00478168,ACCT100079809,ML_PATTERN_DETECTED,90,2024-06-23 13:30:35.712334
ALT0008805,TXN00479828,ACCT100057936,ML_PATTERN_DETECTED,92,2024-04-16 05:38:34.083856
ALT0008806,TXN00479866,ACCT100024249,ML_PATTERN_DETECTED,94,2023-04-26 10:58:22.289777
ALT0008807,TXN00476124,ACCT100093681,ML_PATTERN_DETECTED,54,2024-02-23 19:30:19.179721
ALT0008808,TXN00491183,ACCT100031040,ML_PATTERN_DETECTED,94,2024-02-27 09:37:06.625202
ALT0008809,TXN00476773,ACCT100094118,ML_PATTERN_DETECTED,87,2024-02-04 21:48:23.186454
ALT0008810,TXN00489465,ACCT100073704,ML_PATTERN_DETECTED,78,2023-09-06 11:30:46.634825
ALT0008811,TXN00485813,ACCT100077761,ML_PATTERN_DETECTED,55,2023-02-14 22:38:05.872661
ALT0008812,TXN00498370,ACCT100000755,ML_PATTERN_DETECTED,89,2024-09-26 07:14:36.339814
ALT0008813,TXN00475108,ACCT100019555,ML_PATTERN_DETECTED,62,2024-05-08 16:36:55.433383
ALT0008814,TXN00497823,ACCT100069604,ML_PATTERN_DETECTED,64,2023-10-31 05:30:02.123175
ALT0008815,TXN00491303,ACCT100072567,ML_PATTERN_DETECTED,92,2024-10-20 10:50:34.322038
ALT0008816,TXN00492490,ACCT100038959,ML_PATTERN_DETECTED,66,2023-09-25 04:08:00.587958
ALT0008817,TXN00497804,ACCT100003620,ML_PATTERN_DETECTED,86,2024-03-22 21:08:11.394342
ALT0008818,TXN00476655,ACCT100070986,ML_PATTERN_DETECTED,74,2023-03-21 17:57:30.775414
ALT0008819,TXN00477164,ACCT100071931,ML_PATTERN_DETECTED,80,2024-01-16 13:55:53.252682
ALT0008820,TXN00481277,ACCT100034393,ML_PATTERN_DETECTED,70,2024-02-26 05:04:26.760189
ALT0008821,TXN00477943,ACCT100026017,ML_PATTERN_DETECTED,50,2023-02-17 04:38:30.265970
ALT0008822,TXN00475346,ACCT100092451,ML_PATTERN_DETECTED,64,2023-04-30 19:23:27.545528
ALT0008823,TXN00492879,ACCT100015802,ML_PATTERN_DETECTED,57,2023-03-11 14:34:12.901880
ALT0008824,TXN00496688,ACCT100094269,ML_PATTERN_DETECTED,53,2023-01-03 12:16:16.704521
ALT0008825,TXN00488963,ACCT100044203,ML_PATTERN_DETECTED,91,2023-11-23 08:08:38.875238
ALT0008826,TXN00487813,ACCT100005797,ML_PATTERN_DETECTED,98,2023-09-11 03:32:47.494244
ALT0008827,TXN00493430,ACCT100064727,ML_PATTERN_DETECTED,77,2024-04-09 10:18:51.214738
ALT0008828,TXN00495348,ACCT100020473,ML_PATTERN_DETECTED,64,2023-08-15 08:30:49.404428
ALT0008829,TXN00481661,ACCT100043027,ML_PATTERN_DETECTED,94,2023-09-24 18:33:05.287898
ALT0008830,TXN00478888,ACCT100068538,ML_PATTERN_DETECTED,51,2023-01-02 16:54:48.794741
ALT0008831,TXN00490238,ACCT100028508,ML_PATTERN_DETECTED,76,2024-04-20 18:44:17.338103
ALT0008832,TXN00484632,ACCT100007574,ML_PATTERN_DETECTED,62,2023-04-18 07:37:55.105352
ALT0008833,TXN00487936,ACCT100017281,ML_PATTERN_DETECTED,80,2023-09-25 02:13:12.995537
ALT0008834,TXN00491016,ACCT100050213,ML_PATTERN_DETECTED,64,2023-05-11 10:15:32.345480
ALT0008835,TXN00489916,ACCT100034714,ML_PATTERN_DETECTED,71,2023-05-08 00:36:02.312090
ALT0008836,TXN00480891,ACCT100049276,ML_PATTERN_DETECTED,86,2024-09-11 08:10:18.149452
ALT0008837,TXN00499204,ACCT100069196,ML_PATTERN_DETECTED,66,2023-06-13 05:52:09.640082
ALT0008838,TXN00491816,ACCT100086307,ML_PATTERN_DETECTED,83,2024-01-07 09:25:41.452719
ALT0008839,TXN00475397,ACCT100047740,ML_PATTERN_DETECTED,51,2024-06-30 19:18:46.334155
ALT0008840,TXN00490552,ACCT100027421,ML_PATTERN_DETECTED,96,2023-10-11 17:54:48.747710
ALT0008841,TXN00489050,ACCT100018910,ML_PATTERN_DETECTED,59,2023-03-28 21:57:13.714839
ALT0008842,TXN00487192,ACCT100081290,ML_PATTERN_DETECTED,88,2024-12-15 02:15:59.099079
ALT0008843,TXN00492752,ACCT100092029,ML_PATTERN_DETECTED,69,2023-01-19 16:27:23.767563
ALT0008844,TXN00491342,ACCT100031106,ML_PATTERN_DETECTED,82,2024-06-25 02:19:29.638548
ALT0008845,TXN00486245,ACCT100020387,ML_PATTERN_DETECTED,84,2024-11-02 10:54:00.483125
ALT0008846,TXN00483675,ACCT100040221,ML_PATTERN_DETECTED,67,2023-07-15 09:51:22.784275
ALT0008847,TXN00491087,ACCT100011722,ML_PATTERN_DETECTED,93,2023-02-19 21:43:26.614546
ALT0008848,TXN00481554,ACCT100047218,ML_PATTERN_DETECTED,89,2024-05-07 17:51:44.469349
ALT0008849,TXN00481469,ACCT100083065,ML_PATTERN_DETECTED,81,2024-06-05 02:59:21.136412
ALT0008850,TXN00475314,ACCT100088099,ML_PATTERN_DETECTED,71,2024-12-16 14:03:53.905388
ALT0008851,TXN00489892,ACCT100069104,ML_PATTERN_DETECTED,91,2023-07-15 23:43:07.861153
ALT0008852,TXN00487239,ACCT100046826,ML_PATTERN_DETECTED,72,2023-07-11 22:32:11.983922
ALT0008853,TXN00482507,ACCT100081761,ML_PATTERN_DETECTED,67,2023-06-06 13:39:17.950422
ALT0008854,TXN00487790,ACCT100026602,ML_PATTERN_DETECTED,68,2024-03-05 12:02:57.242841
ALT0008855,TXN00493314,ACCT100033289,ML_PATTERN_DETECTED,87,2023-12-19 13:36:02.731744
ALT0008856,TXN00483899,ACCT100019755,ML_PATTERN_DETECTED,57,2023-10-05 20:57:58.240718
ALT0008857,TXN00476838,ACCT100051178,ML_PATTERN_DETECTED,57,2024-04-01 22:18:51.313461
ALT0008858,TXN00488431,ACCT100063281,ML_PATTERN_DETECTED,50,2024-05-10 23:33:04.171144
ALT0008859,TXN00480151,ACCT100067358,ML_PATTERN_DETECTED,91,2023-12-24 05:37:13.941173
ALT0008860,TXN00499986,ACCT100057964,ML_PATTERN_DETECTED,96,2024-02-19 10:47:19.129720
ALT0008861,TXN00480914,ACCT100072659,ML_PATTERN_DETECTED,76,2023-08-23 03:11:28.437022
ALT0008862,TXN00495623,ACCT100063403,ML_PATTERN_DETECTED,67,2023-09-06 01:34:46.646925
ALT0008863,TXN00493087,ACCT100061882,ML_PATTERN_DETECTED,51,2023-07-15 08:25:53.271194
ALT0008864,TXN00482531,ACCT100018201,ML_PATTERN_DETECTED,65,2024-05-29 15:31:13.745668
ALT0008865,TXN00498194,ACCT100067646,ML_PATTERN_DETECTED,67,2024-03-07 16:13:33.733739
ALT0008866,TXN00476636,ACCT100088971,ML_PATTERN_DETECTED,83,2023-02-10 03:12:26.107474
ALT0008867,TXN00494438,ACCT100059716,ML_PATTERN_DETECTED,80,2023-10-29 19:58:50.547260
ALT0008868,TXN00489724,ACCT100024328,ML_PATTERN_DETECTED,96,2023-07-29 00:40:12.964014
ALT0008869,TXN00492733,ACCT100002310,ML_PATTERN_DETECTED,68,2023-03-20 23:57:45.933630
ALT0008870,TXN00479562,ACCT100003579,ML_PATTERN_DETECTED,85,2024-10-06 13:52:08.801511
ALT0008871,TXN00492683,ACCT100001210,ML_PATTERN_DETECTED,55,2023-07-04 04:11:45.551097
ALT0008872,TXN00494158,ACCT100027730,ML_PATTERN_DETECTED,53,2024-07-23 05:01:14.136028
ALT0008873,TXN00482097,ACCT100080464,ML_PATTERN_DETECTED,86,2023-10-20 15:56:11.453385
ALT0008874,TXN00485039,ACCT100087416,ML_PATTERN_DETECTED,98,2024-09-23 19:55:46.699933
ALT0008875,TXN00495866,ACCT100075840,ML_PATTERN_DETECTED,70,2024-09-13 12:44:57.448828
ALT0008876,TXN00497239,ACCT100088653,ML_PATTERN_DETECTED,69,2023-03-08 03:45:54.998110
ALT0008877,TXN00479770,ACCT100047798,ML_PATTERN_DETECTED,92,2024-12-13 12:04:08.127377
ALT0008878,TXN00495794,ACCT100020099,ML_PATTERN_DETECTED,84,2024-12-08 16:04:49.008118
ALT0008879,TXN00489573,ACCT100029646,ML_PATTERN_DETECTED,52,2023-09-02 14:32:14.989574
ALT0008880,TXN00475402,ACCT100079842,ML_PATTERN_DETECTED,52,2024-09-15 10:19:44.387826
ALT0008881,TXN00497756,ACCT100002191,ML_PATTERN_DETECTED,58,2024-01-20 13:28:01.554370
ALT0008882,TXN00481906,ACCT100010691,ML_PATTERN_DETECTED,63,2024-04-07 08:03:51.719511
ALT0008883,TXN00475112,ACCT100091912,ML_PATTERN_DETECTED,52,2024-07-23 09:42:33.218062
ALT0008884,TXN00481688,ACCT100075513,ML_PATTERN_DETECTED,66,2023-08-30 00:19:40.988435
ALT0008885,TXN00475130,ACCT100012144,ML_PATTERN_DETECTED,96,2023-12-02 11:11:47.046590
ALT0008886,TXN00485849,ACCT100035835,ML_PATTERN_DETECTED,52,2024-06-03 03:24:15.419191
ALT0008887,TXN00485754,ACCT100059613,ML_PATTERN_DETECTED,54,2023-02-19 10:23:40.336539
ALT0008888,TXN00478131,ACCT100093213,ML_PATTERN_DETECTED,58,2024-01-24 20:15:11.033688
ALT0008889,TXN00499282,ACCT100051817,ML_PATTERN_DETECTED,66,2023-08-23 14:09:29.466923
ALT0008890,TXN00483239,ACCT100085477,ML_PATTERN_DETECTED,97,2023-12-16 07:40:32.462817
ALT0008891,TXN00485387,ACCT100002988,ML_PATTERN_DETECTED,95,2024-05-09 12:12:08.425884
ALT0008892,TXN00485863,ACCT100032180,ML_PATTERN_DETECTED,69,2023-10-20 08:16:56.381412
ALT0008893,TXN00478690,ACCT100031040,ML_PATTERN_DETECTED,72,2023-09-03 10:42:21.530636
ALT0008894,TXN00481304,ACCT100071214,ML_PATTERN_DETECTED,82,2023-09-16 08:43:45.805183
ALT0008895,TXN00488943,ACCT100050405,ML_PATTERN_DETECTED,53,2024-04-27 09:17:52.734308
ALT0008896,TXN00479735,ACCT100030478,ML_PATTERN_DETECTED,92,2023-01-15 19:12:57.107166
ALT0008897,TXN00482035,ACCT100024269,ML_PATTERN_DETECTED,75,2023-11-09 17:58:00.944203
ALT0008898,TXN00475202,ACCT100053939,ML_PATTERN_DETECTED,57,2023-11-13 12:59:06.028948
ALT0008899,TXN00479422,ACCT100096168,ML_PATTERN_DETECTED,65,2024-02-03 13:10:24.936206
ALT0008900,TXN00496976,ACCT100050515,ML_PATTERN_DETECTED,93,2024-12-21 09:39:27.417505
ALT0008901,TXN00488350,ACCT100099633,ML_PATTERN_DETECTED,73,2024-07-19 11:51:03.166952
ALT0008902,TXN00493303,ACCT100044009,ML_PATTERN_DETECTED,98,2024-12-30 01:16:17.481382
ALT0008903,TXN00497882,ACCT100055813,ML_PATTERN_DETECTED,91,2024-12-05 03:59:59.097040
ALT0008904,TXN00483714,ACCT100081552,ML_PATTERN_DETECTED,92,2024-04-01 08:03:39.847913
ALT0008905,TXN00475881,ACCT100099752,ML_PATTERN_DETECTED,50,2023-07-05 02:42:57.798653
ALT0008906,TXN00489629,ACCT100069958,ML_PATTERN_DETECTED,97,2024-10-31 19:25:24.326806
ALT0008907,TXN00485085,ACCT100057103,ML_PATTERN_DETECTED,51,2024-04-22 23:52:11.054423
ALT0008908,TXN00499834,ACCT100076038,ML_PATTERN_DETECTED,64,2024-08-18 10:16:39.222374
ALT0008909,TXN00491790,ACCT100032018,ML_PATTERN_DETECTED,59,2024-07-05 15:54:00.275776
ALT0008910,TXN00486065,ACCT100076486,ML_PATTERN_DETECTED,81,2023-09-10 21:24:12.270382
ALT0008911,TXN00492087,ACCT100004681,ML_PATTERN_DETECTED,98,2023-12-31 04:50:08.514028
ALT0008912,TXN00486448,ACCT100010415,ML_PATTERN_DETECTED,82,2024-05-24 13:48:15.606351
ALT0008913,TXN00480590,ACCT100073755,ML_PATTERN_DETECTED,72,2023-04-18 11:51:50.207122
ALT0008914,TXN00490884,ACCT100059714,ML_PATTERN_DETECTED,69,2023-04-08 23:31:10.199331
ALT0008915,TXN00484744,ACCT100088734,ML_PATTERN_DETECTED,69,2023-07-07 00:15:58.636021
ALT0008916,TXN00483210,ACCT100054745,ML_PATTERN_DETECTED,91,2024-02-17 01:55:00.062237
ALT0008917,TXN00475985,ACCT100054284,ML_PATTERN_DETECTED,54,2023-12-25 05:10:40.425128
ALT0008918,TXN00498579,ACCT100081621,ML_PATTERN_DETECTED,71,2023-10-18 07:31:21.837075
ALT0008919,TXN00479796,ACCT100081058,ML_PATTERN_DETECTED,61,2024-10-09 12:02:50.431762
ALT0008920,TXN00480944,ACCT100082653,ML_PATTERN_DETECTED,98,2023-12-17 02:53:20.007016
ALT0008921,TXN00493902,ACCT100098520,ML_PATTERN_DETECTED,61,2023-09-23 12:51:54.841830
ALT0008922,TXN00478305,ACCT100075379,ML_PATTERN_DETECTED,90,2024-10-22 15:43:16.742526
ALT0008923,TXN00479363,ACCT100043358,ML_PATTERN_DETECTED,88,2023-09-01 10:36:49.143405
ALT0008924,TXN00496172,ACCT100010241,ML_PATTERN_DETECTED,95,2023-01-09 20:46:28.936757
ALT0008925,TXN00478127,ACCT100010204,ML_PATTERN_DETECTED,66,2023-12-30 00:48:35.308767
ALT0008926,TXN00498427,ACCT100041840,ML_PATTERN_DETECTED,91,2023-12-31 17:38:07.383126
ALT0008927,TXN00489964,ACCT100074504,ML_PATTERN_DETECTED,83,2024-11-08 06:56:39.698634
ALT0008928,TXN00489165,ACCT100022837,ML_PATTERN_DETECTED,81,2024-12-07 17:33:57.830150
ALT0008929,TXN00478295,ACCT100042675,ML_PATTERN_DETECTED,67,2024-12-22 19:03:16.819490
ALT0008930,TXN00482868,ACCT100053879,ML_PATTERN_DETECTED,79,2024-06-07 05:48:04.552381
ALT0008931,TXN00479948,ACCT100001278,ML_PATTERN_DETECTED,75,2024-08-22 16:24:16.076591
ALT0008932,TXN00498284,ACCT100055495,ML_PATTERN_DETECTED,61,2024-10-25 17:33:10.847316
ALT0008933,TXN00497082,ACCT100091626,ML_PATTERN_DETECTED,95,2023-09-07 01:15:16.924113
ALT0008934,TXN00489906,ACCT100082466,ML_PATTERN_DETECTED,87,2024-09-30 21:31:46.418298
ALT0008935,TXN00498765,ACCT100086579,ML_PATTERN_DETECTED,58,2023-03-03 04:18:26.290995
ALT0008936,TXN00488622,ACCT100067602,ML_PATTERN_DETECTED,98,2023-10-12 10:52:50.145298
ALT0008937,TXN00486761,ACCT100008886,ML_PATTERN_DETECTED,54,2024-02-27 17:11:25.797050
ALT0008938,TXN00488291,ACCT100053652,ML_PATTERN_DETECTED,95,2024-03-26 11:41:29.221760
ALT0008939,TXN00487091,ACCT100091402,ML_PATTERN_DETECTED,65,2024-05-14 01:37:49.977138
ALT0008940,TXN00483633,ACCT100074180,ML_PATTERN_DETECTED,77,2024-01-07 02:21:35.577239
ALT0008941,TXN00497744,ACCT100045547,ML_PATTERN_DETECTED,67,2023-06-10 03:35:18.589396
ALT0008942,TXN00497070,ACCT100029259,ML_PATTERN_DETECTED,64,2023-01-17 07:15:49.424302
ALT0008943,TXN00490675,ACCT100095653,ML_PATTERN_DETECTED,53,2024-06-28 06:18:28.566480
ALT0008944,TXN00482270,ACCT100059165,ML_PATTERN_DETECTED,77,2023-08-07 15:09:00.533190
ALT0008945,TXN00490126,ACCT100028206,ML_PATTERN_DETECTED,57,2023-07-03 19:03:12.664637
ALT0008946,TXN00486290,ACCT100007017,ML_PATTERN_DETECTED,57,2024-12-11 07:49:13.515617
ALT0008947,TXN00495030,ACCT100066246,ML_PATTERN_DETECTED,83,2024-06-30 21:35:46.731632
ALT0008948,TXN00488528,ACCT100026642,ML_PATTERN_DETECTED,95,2023-03-07 08:26:50.328605
ALT0008949,TXN00487013,ACCT100067452,ML_PATTERN_DETECTED,77,2024-01-28 13:23:23.630641
ALT0008950,TXN00481454,ACCT100035035,ML_PATTERN_DETECTED,90,2023-02-24 08:16:36.318030
ALT0008951,TXN00492825,ACCT100025311,ML_PATTERN_DETECTED,94,2024-04-24 01:29:12.470941
ALT0008952,TXN00486739,ACCT100084199,ML_PATTERN_DETECTED,71,2023-03-21 08:49:17.629080
ALT0008953,TXN00483314,ACCT100084281,ML_PATTERN_DETECTED,54,2024-11-24 12:20:46.289764
ALT0008954,TXN00481796,ACCT100077135,ML_PATTERN_DETECTED,68,2024-07-12 14:01:02.964161
ALT0008955,TXN00490503,ACCT100043170,ML_PATTERN_DETECTED,83,2024-07-14 09:27:59.300333
ALT0008956,TXN00484041,ACCT100014603,ML_PATTERN_DETECTED,83,2023-04-26 13:15:57.968816
ALT0008957,TXN00484554,ACCT100085324,ML_PATTERN_DETECTED,62,2024-02-20 16:12:22.944933
ALT0008958,TXN00486980,ACCT100005825,ML_PATTERN_DETECTED,54,2023-02-07 06:32:44.696382
ALT0008959,TXN00482991,ACCT100076898,ML_PATTERN_DETECTED,72,2023-07-31 01:18:55.042128
ALT0008960,TXN00495426,ACCT100066829,ML_PATTERN_DETECTED,62,2023-09-29 15:42:06.495673
ALT0008961,TXN00475252,ACCT100091298,ML_PATTERN_DETECTED,68,2024-09-11 18:56:32.686686
ALT0008962,TXN00486962,ACCT100029484,ML_PATTERN_DETECTED,70,2023-03-01 07:03:50.484740
ALT0008963,TXN00481141,ACCT100067183,ML_PATTERN_DETECTED,52,2024-03-20 02:08:53.829983
ALT0008964,TXN00482713,ACCT100047902,ML_PATTERN_DETECTED,71,2024-08-19 09:08:42.857368
ALT0008965,TXN00478868,ACCT100033333,ML_PATTERN_DETECTED,97,2023-01-15 18:39:45.216421
ALT0008966,TXN00493924,ACCT100022541,ML_PATTERN_DETECTED,51,2023-02-23 21:10:23.657486
ALT0008967,TXN00489884,ACCT100022680,ML_PATTERN_DETECTED,94,2023-12-10 21:11:36.213632
ALT0008968,TXN00482025,ACCT100020134,ML_PATTERN_DETECTED,95,2023-05-27 02:29:47.554507
ALT0008969,TXN00480900,ACCT100042013,ML_PATTERN_DETECTED,61,2023-02-18 03:03:50.458120
ALT0008970,TXN00486248,ACCT100067826,ML_PATTERN_DETECTED,95,2023-09-25 10:01:07.076887
ALT0008971,TXN00481023,ACCT100096090,ML_PATTERN_DETECTED,78,2024-02-11 11:24:16.518370
ALT0008972,TXN00496736,ACCT100034462,ML_PATTERN_DETECTED,95,2023-05-02 15:27:11.603611
ALT0008973,TXN00492493,ACCT100082449,ML_PATTERN_DETECTED,91,2023-10-17 07:46:39.380129
ALT0008974,TXN00487337,ACCT100085413,ML_PATTERN_DETECTED,67,2024-02-06 08:00:10.706525
ALT0008975,TXN00483676,ACCT100093301,ML_PATTERN_DETECTED,50,2023-09-27 18:13:15.504206
ALT0008976,TXN00476087,ACCT100050039,ML_PATTERN_DETECTED,64,2024-02-25 04:10:34.925147
ALT0008977,TXN00483933,ACCT100078424,ML_PATTERN_DETECTED,78,2024-01-10 17:19:59.172151
ALT0008978,TXN00475416,ACCT100055562,ML_PATTERN_DETECTED,74,2023-05-03 18:12:24.536789
ALT0008979,TXN00488537,ACCT100067768,ML_PATTERN_DETECTED,70,2023-08-19 21:53:52.174138
ALT0008980,TXN00486156,ACCT100085237,ML_PATTERN_DETECTED,54,2023-03-12 19:19:58.618684
ALT0008981,TXN00475565,ACCT100036182,ML_PATTERN_DETECTED,51,2023-12-02 22:21:54.509228
ALT0008982,TXN00476258,ACCT100084476,ML_PATTERN_DETECTED,68,2024-02-12 09:16:42.094917
ALT0008983,TXN00498976,ACCT100029118,ML_PATTERN_DETECTED,52,2024-03-21 02:20:40.480375
ALT0008984,TXN00492444,ACCT100095652,ML_PATTERN_DETECTED,70,2023-02-20 15:53:24.552620
ALT0008985,TXN00480248,ACCT100002432,ML_PATTERN_DETECTED,66,2024-10-05 01:49:05.970684
ALT0008986,TXN00480853,ACCT100050068,ML_PATTERN_DETECTED,57,2024-12-13 08:23:59.728260
ALT0008987,TXN00478199,ACCT100095848,ML_PATTERN_DETECTED,97,2024-08-21 05:09:40.865811
ALT0008988,TXN00489558,ACCT100013474,ML_PATTERN_DETECTED,72,2024-06-13 16:22:23.108059
ALT0008989,TXN00491965,ACCT100032200,ML_PATTERN_DETECTED,76,2023-09-02 13:29:59.661050
ALT0008990,TXN00485097,ACCT100000316,ML_PATTERN_DETECTED,76,2024-12-02 20:44:54.330547
ALT0008991,TXN00499029,ACCT100086376,ML_PATTERN_DETECTED,92,2023-04-02 11:48:33.427659
ALT0008992,TXN00494864,ACCT100079596,ML_PATTERN_DETECTED,91,2024-02-21 09:12:48.143871
ALT0008993,TXN00489708,ACCT100009816,ML_PATTERN_DETECTED,60,2024-11-09 10:07:21.069545
ALT0008994,TXN00483706,ACCT100000587,ML_PATTERN_DETECTED,82,2024-09-08 07:26:45.062181
ALT0008995,TXN00482212,ACCT100040958,ML_PATTERN_DETECTED,77,2023-05-23 21:25:03.310280
ALT0008996,TXN00485371,ACCT100004077,ML_PATTERN_DETECTED,69,2024-03-27 18:06:35.577712
ALT0008997,TXN00486665,ACCT100016464,ML_PATTERN_DETECTED,79,2024-02-13 13:31:25.370619
ALT0008998,TXN00498034,ACCT100071646,ML_PATTERN_DETECTED,86,2023-11-22 16:26:24.023068
ALT0008999,TXN00495227,ACCT100087630,ML_PATTERN_DETECTED,98,2024-10-16 07:45:53.598836
ALT0009000,TXN00486088,ACCT100099270,ML_PATTERN_DETECTED,64,2024-04-20 03:49:33.731244
ALT0009001,TXN00498349,ACCT100099920,ML_PATTERN_DETECTED,69,2023-02-24 02:50:25.412341
ALT0009002,TXN00475237,ACCT100094216,ML_PATTERN_DETECTED,78,2024-07-08 15:37:16.824133
ALT0009003,TXN00477604,ACCT100039760,ML_PATTERN_DETECTED,53,2023-03-03 04:29:21.566177
ALT0009004,TXN00478426,ACCT100098665,ML_PATTERN_DETECTED,74,2024-08-04 08:50:16.682457
ALT0009005,TXN00483647,ACCT100083577,ML_PATTERN_DETECTED,70,2024-04-11 03:29:50.658711
ALT0009006,TXN00495090,ACCT100096834,ML_PATTERN_DETECTED,56,2023-04-26 01:35:56.429991
ALT0009007,TXN00477605,ACCT100024689,ML_PATTERN_DETECTED,63,2023-07-18 16:27:12.679021
ALT0009008,TXN00480466,ACCT100093493,ML_PATTERN_DETECTED,75,2023-10-26 12:56:10.466884
ALT0009009,TXN00486093,ACCT100065036,ML_PATTERN_DETECTED,87,2024-01-09 13:59:34.661371
ALT0009010,TXN00478474,ACCT100025094,ML_PATTERN_DETECTED,50,2024-01-22 09:12:40.599834
ALT0009011,TXN00476824,ACCT100052337,ML_PATTERN_DETECTED,86,2024-04-17 19:18:22.301635
ALT0009012,TXN00496528,ACCT100080021,ML_PATTERN_DETECTED,50,2024-08-13 01:46:41.098531
ALT0009013,TXN00487356,ACCT100072374,ML_PATTERN_DETECTED,62,2024-09-15 11:41:11.100777
ALT0009014,TXN00482586,ACCT100017132,ML_PATTERN_DETECTED,96,2024-03-21 01:00:16.996175
ALT0009015,TXN00485380,ACCT100094836,ML_PATTERN_DETECTED,51,2023-10-19 05:42:37.523648
ALT0009016,TXN00482779,ACCT100068795,ML_PATTERN_DETECTED,74,2024-02-23 00:48:35.034871
ALT0009017,TXN00486009,ACCT100023012,ML_PATTERN_DETECTED,64,2024-02-08 19:31:29.599750
ALT0009018,TXN00489698,ACCT100046157,ML_PATTERN_DETECTED,62,2023-10-01 03:50:07.554022
ALT0009019,TXN00498758,ACCT100044744,ML_PATTERN_DETECTED,59,2024-12-13 08:49:59.332508
ALT0009020,TXN00477544,ACCT100036867,ML_PATTERN_DETECTED,81,2024-03-29 16:44:42.854147
ALT0009021,TXN00484911,ACCT100092952,ML_PATTERN_DETECTED,61,2024-12-12 07:59:18.678508
ALT0009022,TXN00479745,ACCT100041408,ML_PATTERN_DETECTED,59,2023-07-08 22:40:57.589767
ALT0009023,TXN00479436,ACCT100017625,ML_PATTERN_DETECTED,72,2024-07-20 10:22:40.016238
ALT0009024,TXN00475325,ACCT100079195,ML_PATTERN_DETECTED,98,2024-08-07 21:15:14.924322
ALT0009025,TXN00475305,ACCT100041137,ML_PATTERN_DETECTED,70,2023-12-07 00:16:35.858423
ALT0009026,TXN00485448,ACCT100077656,ML_PATTERN_DETECTED,81,2023-04-04 15:03:36.236243
ALT0009027,TXN00492908,ACCT100099954,ML_PATTERN_DETECTED,74,2023-06-18 09:11:26.491285
ALT0009028,TXN00492865,ACCT100088024,ML_PATTERN_DETECTED,79,2023-12-15 14:09:19.105654
ALT0009029,TXN00494391,ACCT100033739,ML_PATTERN_DETECTED,59,2024-10-20 13:09:46.720319
ALT0009030,TXN00490519,ACCT100016210,ML_PATTERN_DETECTED,58,2023-11-11 22:34:55.492944
ALT0009031,TXN00488564,ACCT100064477,ML_PATTERN_DETECTED,72,2024-03-25 21:53:13.858356
ALT0009032,TXN00480485,ACCT100018767,ML_PATTERN_DETECTED,50,2024-02-14 04:22:20.512119
ALT0009033,TXN00490168,ACCT100034265,ML_PATTERN_DETECTED,62,2023-08-01 21:07:35.123886
ALT0009034,TXN00490282,ACCT100019519,ML_PATTERN_DETECTED,88,2024-01-13 12:33:46.981384
ALT0009035,TXN00477035,ACCT100050595,ML_PATTERN_DETECTED,69,2024-05-07 10:13:51.969882
ALT0009036,TXN00497651,ACCT100077176,ML_PATTERN_DETECTED,80,2024-10-21 18:43:05.218045
ALT0009037,TXN00482452,ACCT100048140,ML_PATTERN_DETECTED,74,2024-03-03 15:44:02.796680
ALT0009038,TXN00494645,ACCT100044202,ML_PATTERN_DETECTED,76,2023-11-20 14:52:26.418612
ALT0009039,TXN00487194,ACCT100093698,ML_PATTERN_DETECTED,63,2024-09-21 04:25:22.871636
ALT0009040,TXN00492619,ACCT100034993,ML_PATTERN_DETECTED,79,2024-02-19 17:04:42.568901
ALT0009041,TXN00480757,ACCT100079865,ML_PATTERN_DETECTED,80,2023-01-09 08:28:18.844346
ALT0009042,TXN00487118,ACCT100002797,ML_PATTERN_DETECTED,81,2023-08-08 17:24:54.030899
ALT0009043,TXN00479300,ACCT100083892,ML_PATTERN_DETECTED,55,2023-12-02 13:34:59.510671
ALT0009044,TXN00482092,ACCT100014931,ML_PATTERN_DETECTED,53,2023-05-23 09:30:26.078330
ALT0009045,TXN00481012,ACCT100026188,ML_PATTERN_DETECTED,74,2023-11-25 00:54:26.677467
ALT0009046,TXN00497418,ACCT100063887,ML_PATTERN_DETECTED,71,2023-10-22 13:39:42.125419
ALT0009047,TXN00493520,ACCT100009441,ML_PATTERN_DETECTED,71,2023-04-07 07:25:35.718871
ALT0009048,TXN00494766,ACCT100012416,ML_PATTERN_DETECTED,85,2024-10-31 23:58:05.937284
ALT0009049,TXN00499654,ACCT100037865,ML_PATTERN_DETECTED,83,2023-09-02 07:28:56.092104
ALT0009050,TXN00483753,ACCT100054778,ML_PATTERN_DETECTED,61,2023-02-08 22:16:04.744994
ALT0009051,TXN00495312,ACCT100038954,ML_PATTERN_DETECTED,52,2023-04-19 09:39:38.757775
ALT0009052,TXN00499452,ACCT100046146,ML_PATTERN_DETECTED,97,2023-07-14 11:11:38.368575
ALT0009053,TXN00488935,ACCT100036793,ML_PATTERN_DETECTED,60,2023-09-25 09:28:14.202765
ALT0009054,TXN00481004,ACCT100009373,ML_PATTERN_DETECTED,79,2024-05-02 09:52:39.270302
ALT0009055,TXN00492458,ACCT100065243,ML_PATTERN_DETECTED,52,2024-01-29 05:21:36.932191
ALT0009056,TXN00488547,ACCT100045261,ML_PATTERN_DETECTED,51,2023-11-02 19:32:19.528832
ALT0009057,TXN00491972,ACCT100001142,ML_PATTERN_DETECTED,88,2023-12-29 15:44:34.683773
ALT0009058,TXN00493109,ACCT100068330,ML_PATTERN_DETECTED,51,2023-10-07 04:43:24.454978
ALT0009059,TXN00480333,ACCT100072931,ML_PATTERN_DETECTED,56,2024-06-05 17:57:39.647143
ALT0009060,TXN00479266,ACCT100096517,ML_PATTERN_DETECTED,86,2024-12-08 19:13:35.468497
ALT0009061,TXN00477600,ACCT100086680,ML_PATTERN_DETECTED,66,2024-06-16 09:48:56.158975
ALT0009062,TXN00480965,ACCT100006142,ML_PATTERN_DETECTED,92,2023-05-12 08:37:40.202910
ALT0009063,TXN00488684,ACCT100043109,ML_PATTERN_DETECTED,96,2024-01-08 05:27:26.742208
ALT0009064,TXN00485897,ACCT100079710,ML_PATTERN_DETECTED,68,2023-03-01 09:22:06.945513
ALT0009065,TXN00496053,ACCT100005496,ML_PATTERN_DETECTED,80,2023-08-13 00:19:34.813599
ALT0009066,TXN00488588,ACCT100037324,ML_PATTERN_DETECTED,92,2024-07-06 13:48:49.144825
ALT0009067,TXN00493884,ACCT100042649,ML_PATTERN_DETECTED,67,2024-12-27 21:48:12.832433
ALT0009068,TXN00481421,ACCT100094921,ML_PATTERN_DETECTED,60,2023-08-15 11:29:10.637212
ALT0009069,TXN00475061,ACCT100003189,ML_PATTERN_DETECTED,82,2024-09-20 23:30:16.512421
ALT0009070,TXN00496422,ACCT100019454,ML_PATTERN_DETECTED,76,2023-10-31 01:17:53.364218
ALT0009071,TXN00475420,ACCT100003389,ML_PATTERN_DETECTED,71,2023-04-04 19:06:32.999199
ALT0009072,TXN00498576,ACCT100056519,ML_PATTERN_DETECTED,95,2023-03-03 02:01:03.605245
ALT0009073,TXN00493508,ACCT100081703,ML_PATTERN_DETECTED,50,2024-11-13 20:06:55.800291
ALT0009074,TXN00499818,ACCT100043686,ML_PATTERN_DETECTED,60,2024-12-05 21:45:02.444921
ALT0009075,TXN00480814,ACCT100099744,ML_PATTERN_DETECTED,95,2024-07-16 01:36:22.682597
ALT0009076,TXN00491045,ACCT100095631,ML_PATTERN_DETECTED,79,2024-04-26 13:09:41.692285
ALT0009077,TXN00492765,ACCT100047909,ML_PATTERN_DETECTED,93,2024-02-15 01:24:38.690496
ALT0009078,TXN00475796,ACCT100066312,ML_PATTERN_DETECTED,74,2024-07-19 07:34:01.864472
ALT0009079,TXN00479997,ACCT100012079,ML_PATTERN_DETECTED,89,2024-01-11 13:17:36.507752
ALT0009080,TXN00479519,ACCT100074837,ML_PATTERN_DETECTED,81,2023-02-02 01:07:11.579112
ALT0009081,TXN00486322,ACCT100094710,ML_PATTERN_DETECTED,57,2023-10-07 14:05:51.644028
ALT0009082,TXN00486264,ACCT100074087,ML_PATTERN_DETECTED,66,2023-10-10 01:43:39.035587
ALT0009083,TXN00490043,ACCT100083466,ML_PATTERN_DETECTED,80,2023-07-13 00:44:46.727645
ALT0009084,TXN00490023,ACCT100035050,ML_PATTERN_DETECTED,52,2023-08-19 08:27:35.275576
ALT0009085,TXN00494739,ACCT100077083,ML_PATTERN_DETECTED,56,2024-09-24 21:30:54.954202
ALT0009086,TXN00495446,ACCT100007983,ML_PATTERN_DETECTED,87,2023-12-10 18:21:12.753400
ALT0009087,TXN00496536,ACCT100007304,ML_PATTERN_DETECTED,65,2023-01-30 03:38:41.308698
ALT0009088,TXN00499130,ACCT100036928,ML_PATTERN_DETECTED,82,2023-09-24 18:18:03.916309
ALT0009089,TXN00486740,ACCT100011065,ML_PATTERN_DETECTED,63,2024-08-09 18:18:43.497829
ALT0009090,TXN00484417,ACCT100032981,ML_PATTERN_DETECTED,56,2023-04-21 09:42:53.536910
ALT0009091,TXN00475083,ACCT100053833,ML_PATTERN_DETECTED,52,2023-05-29 00:55:00.311645
ALT0009092,TXN00494606,ACCT100052403,ML_PATTERN_DETECTED,56,2024-09-29 12:58:17.261389
ALT0009093,TXN00491678,ACCT100074070,ML_PATTERN_DETECTED,83,2024-10-20 20:00:26.599570
ALT0009094,TXN00494261,ACCT100046541,ML_PATTERN_DETECTED,91,2024-09-24 14:31:08.129215
ALT0009095,TXN00490919,ACCT100081610,ML_PATTERN_DETECTED,62,2024-02-10 16:18:23.407975
ALT0009096,TXN00497937,ACCT100055281,ML_PATTERN_DETECTED,82,2024-04-22 20:35:30.713439
ALT0009097,TXN00489749,ACCT100033768,ML_PATTERN_DETECTED,58,2024-08-16 12:00:01.910666
ALT0009098,TXN00477532,ACCT100084563,ML_PATTERN_DETECTED,70,2024-04-26 10:48:27.921643
ALT0009099,TXN00490149,ACCT100033553,ML_PATTERN_DETECTED,85,2024-12-04 09:55:52.727588
ALT0009100,TXN00483738,ACCT100055191,ML_PATTERN_DETECTED,66,2024-09-19 10:00:18.643963
ALT0009101,TXN00485377,ACCT100023163,ML_PATTERN_DETECTED,96,2024-09-11 04:15:12.213919
ALT0009102,TXN00477987,ACCT100093822,ML_PATTERN_DETECTED,63,2024-05-31 01:59:02.628379
ALT0009103,TXN00495845,ACCT100047035,ML_PATTERN_DETECTED,98,2023-10-05 01:53:06.615967
ALT0009104,TXN00490640,ACCT100076026,ML_PATTERN_DETECTED,87,2023-10-20 11:01:56.530583
ALT0009105,TXN00478945,ACCT100077750,ML_PATTERN_DETECTED,97,2023-10-02 21:12:46.698085
ALT0009106,TXN00489306,ACCT100019849,ML_PATTERN_DETECTED,50,2024-08-25 13:43:08.503213
ALT0009107,TXN00494600,ACCT100073523,ML_PATTERN_DETECTED,50,2024-01-31 09:16:45.666370
ALT0009108,TXN00481514,ACCT100032082,ML_PATTERN_DETECTED,80,2024-04-07 11:58:07.551611
ALT0009109,TXN00487880,ACCT100087046,ML_PATTERN_DETECTED,75,2024-06-03 03:11:51.297638
ALT0009110,TXN00487743,ACCT100003190,ML_PATTERN_DETECTED,81,2024-03-11 01:20:05.889393
ALT0009111,TXN00489150,ACCT100084423,ML_PATTERN_DETECTED,82,2024-04-08 10:27:49.547185
ALT0009112,TXN00475373,ACCT100008259,ML_PATTERN_DETECTED,94,2023-07-01 17:12:48.149906
ALT0009113,TXN00495933,ACCT100037975,ML_PATTERN_DETECTED,89,2023-08-10 16:44:54.919514
ALT0009114,TXN00480216,ACCT100031555,ML_PATTERN_DETECTED,72,2023-04-16 22:02:32.228539
ALT0009115,TXN00485104,ACCT100037950,ML_PATTERN_DETECTED,65,2024-06-26 23:52:36.464137
ALT0009116,TXN00479641,ACCT100001048,ML_PATTERN_DETECTED,96,2023-11-07 10:20:49.202269
ALT0009117,TXN00487399,ACCT100098310,ML_PATTERN_DETECTED,56,2023-09-04 22:31:05.890281
ALT0009118,TXN00494720,ACCT100027937,ML_PATTERN_DETECTED,62,2024-05-22 10:33:48.656380
ALT0009119,TXN00481758,ACCT100037475,ML_PATTERN_DETECTED,73,2023-12-10 09:37:11.976581
ALT0009120,TXN00477479,ACCT100097454,ML_PATTERN_DETECTED,92,2023-04-09 16:39:48.307580
ALT0009121,TXN00498527,ACCT100056801,ML_PATTERN_DETECTED,83,2023-02-04 19:50:55.340219
ALT0009122,TXN00494791,ACCT100045890,ML_PATTERN_DETECTED,92,2023-01-24 03:52:05.723155
ALT0009123,TXN00495704,ACCT100055395,ML_PATTERN_DETECTED,88,2024-05-08 05:03:34.665499
ALT0009124,TXN00498622,ACCT100029599,ML_PATTERN_DETECTED,97,2024-06-08 18:33:52.727198
ALT0009125,TXN00485402,ACCT100006896,ML_PATTERN_DETECTED,55,2024-10-02 08:07:35.117229
ALT0009126,TXN00481963,ACCT100078059,ML_PATTERN_DETECTED,95,2023-08-23 02:56:55.611741
ALT0009127,TXN00485674,ACCT100011527,ML_PATTERN_DETECTED,73,2024-12-09 10:33:03.704849
ALT0009128,TXN00479059,ACCT100071176,ML_PATTERN_DETECTED,98,2024-04-10 03:40:22.550870
ALT0009129,TXN00491133,ACCT100014079,ML_PATTERN_DETECTED,72,2023-04-14 07:04:46.556095
ALT0009130,TXN00494946,ACCT100088383,ML_PATTERN_DETECTED,85,2024-02-07 10:28:09.738987
ALT0009131,TXN00486913,ACCT100041957,ML_PATTERN_DETECTED,53,2024-04-12 08:59:36.927513
ALT0009132,TXN00480308,ACCT100073521,ML_PATTERN_DETECTED,86,2024-11-20 23:46:42.354835
ALT0009133,TXN00496173,ACCT100069925,ML_PATTERN_DETECTED,55,2024-02-20 11:49:28.416135
ALT0009134,TXN00487968,ACCT100060679,ML_PATTERN_DETECTED,51,2023-10-24 04:39:50.680368
ALT0009135,TXN00480183,ACCT100073210,ML_PATTERN_DETECTED,77,2023-08-11 15:04:41.537032
ALT0009136,TXN00498072,ACCT100070405,ML_PATTERN_DETECTED,82,2023-07-08 18:15:09.172926
ALT0009137,TXN00477145,ACCT100055783,ML_PATTERN_DETECTED,62,2024-07-03 23:47:29.923793
ALT0009138,TXN00498510,ACCT100017530,ML_PATTERN_DETECTED,64,2024-06-29 17:12:10.089743
ALT0009139,TXN00483648,ACCT100050625,ML_PATTERN_DETECTED,84,2024-11-02 09:15:40.889862
ALT0009140,TXN00495721,ACCT100003891,ML_PATTERN_DETECTED,90,2023-11-25 20:10:44.856620
ALT0009141,TXN00475601,ACCT100014763,ML_PATTERN_DETECTED,75,2023-04-22 07:56:37.271911
ALT0009142,TXN00488643,ACCT100063397,ML_PATTERN_DETECTED,78,2024-12-16 21:57:18.463046
ALT0009143,TXN00488460,ACCT100089403,ML_PATTERN_DETECTED,59,2023-04-16 13:34:35.383804
ALT0009144,TXN00482610,ACCT100064164,ML_PATTERN_DETECTED,55,2023-02-27 01:09:12.683866
ALT0009145,TXN00478182,ACCT100056008,ML_PATTERN_DETECTED,91,2023-01-07 04:04:39.744922
ALT0009146,TXN00489859,ACCT100096391,ML_PATTERN_DETECTED,90,2023-07-01 02:16:26.415812
ALT0009147,TXN00493031,ACCT100089649,ML_PATTERN_DETECTED,90,2024-07-22 05:56:13.186622
ALT0009148,TXN00495370,ACCT100058367,ML_PATTERN_DETECTED,97,2024-07-03 12:56:17.302384
ALT0009149,TXN00494799,ACCT100012878,ML_PATTERN_DETECTED,88,2023-12-20 06:12:42.898744
ALT0009150,TXN00483513,ACCT100062474,ML_PATTERN_DETECTED,64,2024-06-17 17:58:39.484834
ALT0009151,TXN00477047,ACCT100050898,ML_PATTERN_DETECTED,83,2024-04-26 08:29:51.236613
ALT0009152,TXN00494231,ACCT100006440,ML_PATTERN_DETECTED,74,2023-12-13 08:28:54.230970
ALT0009153,TXN00489140,ACCT100055162,ML_PATTERN_DETECTED,68,2023-12-04 11:46:02.718041
ALT0009154,TXN00497775,ACCT100042264,ML_PATTERN_DETECTED,61,2023-11-26 01:06:18.223665
ALT0009155,TXN00476223,ACCT100030844,ML_PATTERN_DETECTED,58,2023-04-10 21:40:09.326752
ALT0009156,TXN00484455,ACCT100006341,ML_PATTERN_DETECTED,68,2024-08-19 08:37:02.321875
ALT0009157,TXN00485235,ACCT100076786,ML_PATTERN_DETECTED,87,2024-06-12 12:49:04.962594
ALT0009158,TXN00479252,ACCT100083397,ML_PATTERN_DETECTED,79,2023-11-20 08:50:53.371473
ALT0009159,TXN00494754,ACCT100077842,ML_PATTERN_DETECTED,65,2024-06-14 03:26:11.740407
ALT0009160,TXN00487802,ACCT100025115,ML_PATTERN_DETECTED,67,2024-10-11 13:44:31.594249
ALT0009161,TXN00498501,ACCT100010003,ML_PATTERN_DETECTED,50,2023-03-10 11:15:07.897375
ALT0009162,TXN00477080,ACCT100055866,ML_PATTERN_DETECTED,97,2023-04-14 14:22:43.739928
ALT0009163,TXN00490507,ACCT100009177,ML_PATTERN_DETECTED,92,2023-12-10 16:25:39.504923
ALT0009164,TXN00494733,ACCT100054019,ML_PATTERN_DETECTED,94,2023-10-17 23:34:21.198200
ALT0009165,TXN00489092,ACCT100015057,ML_PATTERN_DETECTED,81,2024-06-13 10:35:53.009339
ALT0009166,TXN00495324,ACCT100030318,ML_PATTERN_DETECTED,68,2024-12-13 08:31:50.960208
ALT0009167,TXN00484002,ACCT100044773,ML_PATTERN_DETECTED,69,2024-06-18 15:02:47.406679
ALT0009168,TXN00490546,ACCT100086472,ML_PATTERN_DETECTED,69,2024-03-14 19:07:58.138414
ALT0009169,TXN00496774,ACCT100010683,ML_PATTERN_DETECTED,65,2024-04-10 05:52:11.598404
ALT0009170,TXN00484509,ACCT100069022,ML_PATTERN_DETECTED,53,2023-02-18 04:23:51.100727
ALT0009171,TXN00498126,ACCT100087321,ML_PATTERN_DETECTED,54,2023-05-21 01:30:11.938935
ALT0009172,TXN00494891,ACCT100047121,ML_PATTERN_DETECTED,65,2023-01-26 23:05:44.928366
ALT0009173,TXN00483778,ACCT100065982,ML_PATTERN_DETECTED,50,2023-05-14 17:01:22.139068
ALT0009174,TXN00479080,ACCT100013151,ML_PATTERN_DETECTED,75,2023-08-31 19:13:11.244200
ALT0009175,TXN00479570,ACCT100098230,ML_PATTERN_DETECTED,87,2024-08-26 22:32:13.491692
ALT0009176,TXN00475514,ACCT100071472,ML_PATTERN_DETECTED,70,2024-01-01 10:23:09.019459
ALT0009177,TXN00498979,ACCT100057889,ML_PATTERN_DETECTED,75,2023-01-17 07:25:51.226708
ALT0009178,TXN00483921,ACCT100024243,ML_PATTERN_DETECTED,60,2023-10-31 09:51:17.899429
ALT0009179,TXN00486460,ACCT100009766,ML_PATTERN_DETECTED,67,2023-07-14 10:41:24.423959
ALT0009180,TXN00493538,ACCT100048329,ML_PATTERN_DETECTED,88,2024-12-09 00:35:38.868286
ALT0009181,TXN00480329,ACCT100023228,ML_PATTERN_DETECTED,80,2023-11-12 10:30:01.037132
ALT0009182,TXN00485301,ACCT100062325,ML_PATTERN_DETECTED,83,2024-06-08 15:57:33.841560
ALT0009183,TXN00480406,ACCT100041914,ML_PATTERN_DETECTED,60,2023-03-27 18:44:09.335703
ALT0009184,TXN00485074,ACCT100088596,ML_PATTERN_DETECTED,98,2024-10-18 00:28:13.825829
ALT0009185,TXN00498054,ACCT100026260,ML_PATTERN_DETECTED,50,2024-07-30 22:49:24.977341
ALT0009186,TXN00499410,ACCT100058034,ML_PATTERN_DETECTED,88,2024-10-25 06:28:24.711373
ALT0009187,TXN00481895,ACCT100015108,ML_PATTERN_DETECTED,65,2024-05-09 05:48:02.755014
ALT0009188,TXN00489320,ACCT100057229,ML_PATTERN_DETECTED,71,2023-03-06 11:17:58.126246
ALT0009189,TXN00489718,ACCT100029131,ML_PATTERN_DETECTED,92,2024-01-01 22:43:38.754618
ALT0009190,TXN00488183,ACCT100056631,ML_PATTERN_DETECTED,60,2024-08-04 13:51:42.742634
ALT0009191,TXN00476743,ACCT100002796,ML_PATTERN_DETECTED,94,2024-03-21 00:54:35.525801
ALT0009192,TXN00492987,ACCT100010349,ML_PATTERN_DETECTED,63,2024-08-10 00:49:33.318579
ALT0009193,TXN00490375,ACCT100049529,ML_PATTERN_DETECTED,73,2024-10-09 00:30:08.380357
ALT0009194,TXN00476005,ACCT100034835,ML_PATTERN_DETECTED,80,2023-02-27 21:55:46.837024
ALT0009195,TXN00482635,ACCT100002373,ML_PATTERN_DETECTED,66,2023-03-19 06:34:45.612660
ALT0009196,TXN00477577,ACCT100024760,ML_PATTERN_DETECTED,97,2024-12-29 23:25:54.231339
ALT0009197,TXN00494059,ACCT100026030,ML_PATTERN_DETECTED,82,2024-07-19 21:24:41.818436
ALT0009198,TXN00489645,ACCT100097815,ML_PATTERN_DETECTED,90,2024-05-01 16:27:04.300615
ALT0009199,TXN00479764,ACCT100038331,ML_PATTERN_DETECTED,81,2023-12-18 18:41:39.794990
ALT0009200,TXN00491516,ACCT100097567,ML_PATTERN_DETECTED,72,2023-08-10 23:02:28.234068
ALT0009201,TXN00495810,ACCT100089076,ML_PATTERN_DETECTED,85,2024-04-04 01:58:03.289354
ALT0009202,TXN00497039,ACCT100032639,ML_PATTERN_DETECTED,82,2024-01-16 21:37:32.124743
ALT0009203,TXN00492948,ACCT100066132,ML_PATTERN_DETECTED,85,2023-06-26 19:23:39.091566
ALT0009204,TXN00489814,ACCT100067154,ML_PATTERN_DETECTED,59,2024-04-03 20:05:47.927181
ALT0009205,TXN00475393,ACCT100024767,ML_PATTERN_DETECTED,55,2023-05-28 00:56:28.480875
ALT0009206,TXN00496224,ACCT100076975,ML_PATTERN_DETECTED,93,2023-01-16 21:10:13.964876
ALT0009207,TXN00483861,ACCT100008762,ML_PATTERN_DETECTED,89,2024-11-24 04:00:02.649921
ALT0009208,TXN00479748,ACCT100092213,ML_PATTERN_DETECTED,91,2023-05-08 16:38:27.315495
ALT0009209,TXN00477491,ACCT100096202,ML_PATTERN_DETECTED,88,2023-02-02 19:38:47.252999
ALT0009210,TXN00479571,ACCT100038960,ML_PATTERN_DETECTED,56,2024-05-25 11:12:25.659899
ALT0009211,TXN00485833,ACCT100082513,ML_PATTERN_DETECTED,55,2023-09-12 04:28:09.323694
ALT0009212,TXN00493255,ACCT100066328,ML_PATTERN_DETECTED,57,2023-09-28 09:12:37.807117
ALT0009213,TXN00495798,ACCT100072959,ML_PATTERN_DETECTED,87,2024-11-01 05:40:07.788459
ALT0009214,TXN00483560,ACCT100027755,ML_PATTERN_DETECTED,93,2024-06-13 09:45:03.833971
ALT0009215,TXN00475232,ACCT100037835,ML_PATTERN_DETECTED,57,2023-07-25 20:45:06.292666
ALT0009216,TXN00475946,ACCT100043697,ML_PATTERN_DETECTED,89,2023-07-11 16:52:55.281793
ALT0009217,TXN00486738,ACCT100000223,ML_PATTERN_DETECTED,72,2024-08-29 19:25:53.522733
ALT0009218,TXN00479968,ACCT100004749,ML_PATTERN_DETECTED,57,2024-09-28 06:59:03.602954
ALT0009219,TXN00497523,ACCT100095996,ML_PATTERN_DETECTED,98,2023-03-18 05:03:52.230069
ALT0009220,TXN00493313,ACCT100071783,ML_PATTERN_DETECTED,69,2023-04-06 22:49:27.085819
ALT0009221,TXN00482309,ACCT100059630,ML_PATTERN_DETECTED,82,2023-11-09 06:42:50.443556
ALT0009222,TXN00492605,ACCT100041383,ML_PATTERN_DETECTED,76,2023-05-03 00:26:12.324393
ALT0009223,TXN00491983,ACCT100056221,ML_PATTERN_DETECTED,55,2023-11-06 23:03:51.122019
ALT0009224,TXN00497830,ACCT100038574,ML_PATTERN_DETECTED,87,2024-04-18 02:21:10.617203
ALT0009225,TXN00479716,ACCT100077461,ML_PATTERN_DETECTED,74,2024-12-03 04:31:00.147369
ALT0009226,TXN00479229,ACCT100061578,ML_PATTERN_DETECTED,68,2023-03-23 07:12:35.223822
ALT0009227,TXN00482147,ACCT100063367,ML_PATTERN_DETECTED,69,2024-08-08 00:24:42.217208
ALT0009228,TXN00494860,ACCT100003451,ML_PATTERN_DETECTED,74,2023-04-27 10:12:25.647297
ALT0009229,TXN00479481,ACCT100072322,ML_PATTERN_DETECTED,75,2024-07-22 13:00:02.214204
ALT0009230,TXN00497866,ACCT100085924,ML_PATTERN_DETECTED,52,2023-08-03 00:54:27.081334
ALT0009231,TXN00484696,ACCT100066023,ML_PATTERN_DETECTED,64,2023-05-20 09:10:35.915511
ALT0009232,TXN00482478,ACCT100079599,ML_PATTERN_DETECTED,94,2023-02-13 12:19:12.325357
ALT0009233,TXN00486622,ACCT100007145,ML_PATTERN_DETECTED,51,2024-03-29 15:05:42.585628
ALT0009234,TXN00481988,ACCT100055075,ML_PATTERN_DETECTED,83,2023-01-31 17:01:26.073514
ALT0009235,TXN00493621,ACCT100084706,ML_PATTERN_DETECTED,64,2024-08-20 15:00:22.779710
ALT0009236,TXN00478609,ACCT100085709,ML_PATTERN_DETECTED,89,2023-12-19 01:44:57.427394
ALT0009237,TXN00491494,ACCT100091524,ML_PATTERN_DETECTED,61,2023-08-15 03:24:15.965524
ALT0009238,TXN00483300,ACCT100089293,ML_PATTERN_DETECTED,92,2024-09-16 22:33:10.871384
ALT0009239,TXN00480374,ACCT100065774,ML_PATTERN_DETECTED,67,2023-04-06 07:44:23.501544
ALT0009240,TXN00477327,ACCT100083314,ML_PATTERN_DETECTED,70,2023-02-10 15:25:58.328475
ALT0009241,TXN00498432,ACCT100040283,ML_PATTERN_DETECTED,89,2024-10-10 06:54:37.990654
ALT0009242,TXN00487547,ACCT100009946,ML_PATTERN_DETECTED,93,2023-02-17 21:43:52.479552
ALT0009243,TXN00475630,ACCT100069881,ML_PATTERN_DETECTED,89,2024-06-10 08:46:10.921486
ALT0009244,TXN00475059,ACCT100048811,ML_PATTERN_DETECTED,62,2024-09-16 13:37:39.675629
ALT0009245,TXN00497896,ACCT100009840,ML_PATTERN_DETECTED,66,2023-10-23 18:34:46.325683
ALT0009246,TXN00483290,ACCT100074639,ML_PATTERN_DETECTED,64,2023-10-20 20:01:50.019261
ALT0009247,TXN00482272,ACCT100063299,ML_PATTERN_DETECTED,81,2024-05-25 08:02:34.526993
ALT0009248,TXN00488968,ACCT100067677,ML_PATTERN_DETECTED,85,2024-09-07 13:59:52.081940
ALT0009249,TXN00490890,ACCT100020081,ML_PATTERN_DETECTED,56,2023-03-09 21:46:00.132060
ALT0009250,TXN00478359,ACCT100021321,ML_PATTERN_DETECTED,63,2023-11-14 18:30:59.996099
ALT0009251,TXN00478925,ACCT100055493,ML_PATTERN_DETECTED,87,2024-05-20 09:44:23.159885
ALT0009252,TXN00485468,ACCT100057182,ML_PATTERN_DETECTED,90,2023-12-06 15:50:41.700627
ALT0009253,TXN00490538,ACCT100084517,ML_PATTERN_DETECTED,68,2023-10-26 19:45:35.978574
ALT0009254,TXN00482341,ACCT100018505,ML_PATTERN_DETECTED,84,2024-03-08 09:40:16.090650
ALT0009255,TXN00498094,ACCT100002456,ML_PATTERN_DETECTED,87,2024-04-10 17:07:38.262359
ALT0009256,TXN00486470,ACCT100058962,ML_PATTERN_DETECTED,82,2024-06-26 00:51:10.967696
ALT0009257,TXN00492177,ACCT100050821,ML_PATTERN_DETECTED,82,2023-06-22 13:41:46.947588
ALT0009258,TXN00486236,ACCT100030956,ML_PATTERN_DETECTED,64,2023-11-04 16:41:19.777144
ALT0009259,TXN00479263,ACCT100042626,ML_PATTERN_DETECTED,51,2024-01-28 07:37:37.187228
ALT0009260,TXN00498114,ACCT100045063,ML_PATTERN_DETECTED,74,2024-06-17 17:32:52.699060
ALT0009261,TXN00494161,ACCT100089660,ML_PATTERN_DETECTED,95,2024-12-01 19:37:08.697776
ALT0009262,TXN00489184,ACCT100014012,ML_PATTERN_DETECTED,62,2023-08-09 19:31:38.289819
ALT0009263,TXN00498226,ACCT100050862,ML_PATTERN_DETECTED,63,2024-06-04 12:57:03.871600
ALT0009264,TXN00477609,ACCT100097510,ML_PATTERN_DETECTED,88,2023-02-19 14:13:59.623355
ALT0009265,TXN00493023,ACCT100048891,ML_PATTERN_DETECTED,94,2024-12-03 04:51:44.565528
ALT0009266,TXN00480650,ACCT100029239,ML_PATTERN_DETECTED,86,2024-05-02 00:03:53.940364
ALT0009267,TXN00490274,ACCT100056955,ML_PATTERN_DETECTED,52,2024-08-10 05:28:57.993884
ALT0009268,TXN00481968,ACCT100030138,ML_PATTERN_DETECTED,89,2023-06-17 12:05:14.161519
ALT0009269,TXN00493781,ACCT100072648,ML_PATTERN_DETECTED,97,2023-11-26 10:16:48.491093
ALT0009270,TXN00486843,ACCT100082003,ML_PATTERN_DETECTED,77,2024-02-16 11:59:56.904395
ALT0009271,TXN00478736,ACCT100049091,ML_PATTERN_DETECTED,85,2023-12-26 04:52:04.651941
ALT0009272,TXN00485443,ACCT100019191,ML_PATTERN_DETECTED,85,2024-08-18 03:29:19.824008
ALT0009273,TXN00490721,ACCT100020479,ML_PATTERN_DETECTED,55,2024-01-04 07:03:21.310953
ALT0009274,TXN00495390,ACCT100042119,ML_PATTERN_DETECTED,85,2024-11-05 08:46:25.944541
ALT0009275,TXN00481207,ACCT100048719,ML_PATTERN_DETECTED,70,2024-05-12 12:34:11.390513
ALT0009276,TXN00484767,ACCT100046709,ML_PATTERN_DETECTED,67,2023-03-15 07:49:17.548760
ALT0009277,TXN00482547,ACCT100040574,ML_PATTERN_DETECTED,63,2024-12-12 01:26:19.033808
ALT0009278,TXN00488764,ACCT100044992,ML_PATTERN_DETECTED,72,2024-10-15 21:28:57.509958
ALT0009279,TXN00493322,ACCT100080301,ML_PATTERN_DETECTED,79,2023-04-12 15:35:45.900544
ALT0009280,TXN00480890,ACCT100046983,ML_PATTERN_DETECTED,71,2023-09-03 14:02:53.812385
ALT0009281,TXN00485959,ACCT100053994,ML_PATTERN_DETECTED,66,2024-05-24 20:53:08.119650
ALT0009282,TXN00497269,ACCT100019204,ML_PATTERN_DETECTED,60,2024-08-09 16:54:58.532347
ALT0009283,TXN00496614,ACCT100046539,ML_PATTERN_DETECTED,91,2023-03-01 05:23:20.337651
ALT0009284,TXN00475596,ACCT100007543,ML_PATTERN_DETECTED,92,2024-09-18 11:01:07.634717
ALT0009285,TXN00497131,ACCT100098647,ML_PATTERN_DETECTED,55,2024-10-06 09:05:26.760247
ALT0009286,TXN00482282,ACCT100059061,ML_PATTERN_DETECTED,89,2023-02-22 13:13:09.707361
ALT0009287,TXN00495812,ACCT100037714,ML_PATTERN_DETECTED,73,2023-11-27 01:06:02.331372
ALT0009288,TXN00487675,ACCT100011988,ML_PATTERN_DETECTED,63,2023-08-12 06:53:08.482202
ALT0009289,TXN00481168,ACCT100022844,ML_PATTERN_DETECTED,66,2024-02-07 16:20:00.898548
ALT0009290,TXN00492775,ACCT100089747,ML_PATTERN_DETECTED,55,2024-08-03 17:56:26.547292
ALT0009291,TXN00489431,ACCT100081231,ML_PATTERN_DETECTED,86,2023-07-13 16:47:10.642660
ALT0009292,TXN00497154,ACCT100036435,ML_PATTERN_DETECTED,62,2023-08-15 16:20:30.414967
ALT0009293,TXN00484489,ACCT100073400,ML_PATTERN_DETECTED,56,2023-12-06 21:18:31.597060
ALT0009294,TXN00478599,ACCT100059628,ML_PATTERN_DETECTED,70,2023-09-10 03:39:11.522494
ALT0009295,TXN00482359,ACCT100078924,ML_PATTERN_DETECTED,71,2023-10-31 20:03:18.834754
ALT0009296,TXN00478632,ACCT100041061,ML_PATTERN_DETECTED,75,2024-09-09 20:43:24.083816
ALT0009297,TXN00493795,ACCT100085499,ML_PATTERN_DETECTED,95,2023-11-17 01:44:25.864416
ALT0009298,TXN00493655,ACCT100051776,ML_PATTERN_DETECTED,51,2023-04-10 03:54:47.351529
ALT0009299,TXN00477429,ACCT100088184,ML_PATTERN_DETECTED,94,2023-04-13 17:12:47.626261
ALT0009300,TXN00491705,ACCT100007536,ML_PATTERN_DETECTED,92,2024-06-03 15:45:16.243080
ALT0009301,TXN00487320,ACCT100097692,ML_PATTERN_DETECTED,53,2023-02-22 04:44:48.607728
ALT0009302,TXN00481851,ACCT100030292,ML_PATTERN_DETECTED,51,2023-08-09 02:23:28.717959
ALT0009303,TXN00491909,ACCT100079085,ML_PATTERN_DETECTED,76,2024-07-13 12:13:40.439677
ALT0009304,TXN00486499,ACCT100068966,ML_PATTERN_DETECTED,79,2023-06-27 23:36:14.151425
ALT0009305,TXN00482480,ACCT100010989,ML_PATTERN_DETECTED,74,2023-09-24 14:05:07.685147
ALT0009306,TXN00486889,ACCT100083300,ML_PATTERN_DETECTED,57,2024-07-13 22:47:37.220921
ALT0009307,TXN00483995,ACCT100018940,ML_PATTERN_DETECTED,54,2024-10-02 20:47:25.178154
ALT0009308,TXN00498291,ACCT100013918,ML_PATTERN_DETECTED,90,2023-10-27 00:48:53.638552
ALT0009309,TXN00486845,ACCT100075425,ML_PATTERN_DETECTED,51,2024-01-22 21:08:49.210624
ALT0009310,TXN00476550,ACCT100085023,ML_PATTERN_DETECTED,73,2024-01-13 14:14:09.560077
ALT0009311,TXN00491812,ACCT100003001,ML_PATTERN_DETECTED,52,2023-02-25 06:26:13.411433
ALT0009312,TXN00492661,ACCT100056435,ML_PATTERN_DETECTED,90,2023-08-15 21:53:14.956725
ALT0009313,TXN00478423,ACCT100072728,ML_PATTERN_DETECTED,68,2023-03-09 01:56:50.168337
ALT0009314,TXN00488299,ACCT100040312,ML_PATTERN_DETECTED,76,2023-12-03 01:07:53.782488
ALT0009315,TXN00490476,ACCT100012181,ML_PATTERN_DETECTED,69,2024-08-11 12:50:59.078623
ALT0009316,TXN00488499,ACCT100085677,ML_PATTERN_DETECTED,87,2023-11-27 05:54:07.059335
ALT0009317,TXN00496578,ACCT100001738,ML_PATTERN_DETECTED,98,2024-02-17 10:38:50.732401
ALT0009318,TXN00499321,ACCT100000196,ML_PATTERN_DETECTED,83,2024-09-11 13:21:41.376520
ALT0009319,TXN00482069,ACCT100055519,ML_PATTERN_DETECTED,91,2024-04-24 14:01:59.185359
ALT0009320,TXN00488549,ACCT100095308,ML_PATTERN_DETECTED,50,2023-07-06 08:50:34.941314
ALT0009321,TXN00490947,ACCT100001084,ML_PATTERN_DETECTED,64,2023-05-01 18:22:48.548666
ALT0009322,TXN00497759,ACCT100099456,ML_PATTERN_DETECTED,78,2023-05-09 08:25:03.829966
ALT0009323,TXN00487287,ACCT100078370,ML_PATTERN_DETECTED,59,2023-10-23 08:20:23.323687
ALT0009324,TXN00497320,ACCT100017610,ML_PATTERN_DETECTED,86,2023-07-21 10:37:29.097526
ALT0009325,TXN00482016,ACCT100014756,ML_PATTERN_DETECTED,64,2024-06-23 18:16:47.707066
ALT0009326,TXN00493853,ACCT100040218,ML_PATTERN_DETECTED,74,2024-10-01 16:45:29.481281
ALT0009327,TXN00496905,ACCT100073085,ML_PATTERN_DETECTED,51,2024-03-08 00:52:44.756982
ALT0009328,TXN00486576,ACCT100079083,ML_PATTERN_DETECTED,76,2023-05-26 08:18:37.296249
ALT0009329,TXN00493307,ACCT100085227,ML_PATTERN_DETECTED,67,2024-08-28 07:54:17.025501
ALT0009330,TXN00489974,ACCT100001255,ML_PATTERN_DETECTED,51,2023-11-20 12:11:43.771954
ALT0009331,TXN00483770,ACCT100033360,ML_PATTERN_DETECTED,81,2024-11-24 23:10:30.816389
ALT0009332,TXN00483447,ACCT100020833,ML_PATTERN_DETECTED,80,2023-12-05 16:25:19.762741
ALT0009333,TXN00497959,ACCT100087178,ML_PATTERN_DETECTED,94,2024-09-09 19:02:01.193559
ALT0009334,TXN00475032,ACCT100043838,ML_PATTERN_DETECTED,79,2023-04-30 01:33:52.538880
ALT0009335,TXN00491636,ACCT100016249,ML_PATTERN_DETECTED,89,2023-11-18 06:40:54.188075
ALT0009336,TXN00478799,ACCT100026991,ML_PATTERN_DETECTED,52,2024-06-03 21:22:56.263420
ALT0009337,TXN00485956,ACCT100064355,ML_PATTERN_DETECTED,66,2023-03-18 09:30:21.922773
ALT0009338,TXN00487598,ACCT100090609,ML_PATTERN_DETECTED,52,2024-01-10 14:51:39.579748
ALT0009339,TXN00490513,ACCT100043675,ML_PATTERN_DETECTED,89,2023-02-07 23:03:18.581909
ALT0009340,TXN00478555,ACCT100083187,ML_PATTERN_DETECTED,54,2023-09-02 09:20:00.744510
ALT0009341,TXN00494878,ACCT100063066,ML_PATTERN_DETECTED,74,2023-03-17 00:49:28.711732
ALT0009342,TXN00481101,ACCT100097814,ML_PATTERN_DETECTED,76,2023-12-08 16:30:06.032711
ALT0009343,TXN00497627,ACCT100026897,ML_PATTERN_DETECTED,55,2023-07-12 12:58:18.976684
ALT0009344,TXN00476268,ACCT100010037,ML_PATTERN_DETECTED,60,2024-07-30 04:59:23.530982
ALT0009345,TXN00499513,ACCT100017874,ML_PATTERN_DETECTED,84,2024-02-29 14:34:00.741130
ALT0009346,TXN00493218,ACCT100047351,ML_PATTERN_DETECTED,85,2024-01-25 02:03:07.674428
ALT0009347,TXN00494731,ACCT100015408,ML_PATTERN_DETECTED,67,2023-04-28 16:03:19.800449
ALT0009348,TXN00480328,ACCT100059991,ML_PATTERN_DETECTED,82,2024-09-26 14:26:32.806975
ALT0009349,TXN00480765,ACCT100035476,ML_PATTERN_DETECTED,73,2023-11-11 19:41:05.374360
ALT0009350,TXN00490604,ACCT100075948,ML_PATTERN_DETECTED,61,2024-11-29 10:37:16.614146
ALT0009351,TXN00498687,ACCT100052903,ML_PATTERN_DETECTED,62,2023-08-03 21:34:40.620934
ALT0009352,TXN00481063,ACCT100085557,ML_PATTERN_DETECTED,58,2023-10-27 10:52:49.241935
ALT0009353,TXN00499633,ACCT100092281,ML_PATTERN_DETECTED,94,2024-11-22 16:55:05.594135
ALT0009354,TXN00483308,ACCT100058090,ML_PATTERN_DETECTED,97,2023-07-30 10:56:32.291111
ALT0009355,TXN00494180,ACCT100061555,ML_PATTERN_DETECTED,69,2024-10-11 06:59:52.107085
ALT0009356,TXN00476091,ACCT100059674,ML_PATTERN_DETECTED,66,2023-01-01 11:23:17.085314
ALT0009357,TXN00483434,ACCT100020455,ML_PATTERN_DETECTED,96,2024-08-23 17:09:59.447353
ALT0009358,TXN00475499,ACCT100053839,ML_PATTERN_DETECTED,82,2023-04-26 14:20:54.079700
ALT0009359,TXN00486438,ACCT100094386,ML_PATTERN_DETECTED,59,2023-02-22 18:54:02.528316
ALT0009360,TXN00493928,ACCT100075802,ML_PATTERN_DETECTED,90,2023-05-09 14:34:59.979614
ALT0009361,TXN00483538,ACCT100021460,ML_PATTERN_DETECTED,84,2024-09-29 16:49:17.083137
ALT0009362,TXN00499350,ACCT100047220,ML_PATTERN_DETECTED,56,2024-11-17 19:58:40.970846
ALT0009363,TXN00477751,ACCT100050976,ML_PATTERN_DETECTED,78,2023-07-13 17:53:35.963902
ALT0009364,TXN00498055,ACCT100039671,ML_PATTERN_DETECTED,58,2023-09-14 08:56:04.790210
ALT0009365,TXN00475097,ACCT100034601,ML_PATTERN_DETECTED,79,2023-10-19 15:48:23.905510
ALT0009366,TXN00478017,ACCT100081603,ML_PATTERN_DETECTED,85,2024-02-07 23:33:27.482325
ALT0009367,TXN00483632,ACCT100082945,ML_PATTERN_DETECTED,93,2023-05-09 15:26:41.385713
ALT0009368,TXN00475042,ACCT100068703,ML_PATTERN_DETECTED,64,2024-11-19 14:53:57.577608
ALT0009369,TXN00482573,ACCT100002059,ML_PATTERN_DETECTED,77,2023-11-26 10:04:43.543150
ALT0009370,TXN00489442,ACCT100014953,ML_PATTERN_DETECTED,58,2023-11-14 05:39:44.000049
ALT0009371,TXN00496055,ACCT100030646,ML_PATTERN_DETECTED,54,2024-08-18 19:38:26.704054
ALT0009372,TXN00475862,ACCT100063585,ML_PATTERN_DETECTED,54,2024-06-07 16:35:23.903159
ALT0009373,TXN00491731,ACCT100008186,ML_PATTERN_DETECTED,80,2024-11-02 08:03:27.635153
ALT0009374,TXN00496378,ACCT100037304,ML_PATTERN_DETECTED,53,2024-09-15 09:26:53.583072
ALT0009375,TXN00487749,ACCT100080640,ML_PATTERN_DETECTED,95,2024-03-10 16:08:51.271336
ALT0009376,TXN00493045,ACCT100099272,ML_PATTERN_DETECTED,76,2023-02-02 09:07:19.605034
ALT0009377,TXN00476444,ACCT100046032,ML_PATTERN_DETECTED,89,2023-04-06 06:50:11.458926
ALT0009378,TXN00498827,ACCT100029616,ML_PATTERN_DETECTED,88,2023-08-28 23:41:49.747121
ALT0009379,TXN00492888,ACCT100072614,ML_PATTERN_DETECTED,89,2023-06-19 18:14:52.072290
ALT0009380,TXN00486614,ACCT100056906,ML_PATTERN_DETECTED,55,2023-01-10 22:07:54.126095
ALT0009381,TXN00479833,ACCT100070758,ML_PATTERN_DETECTED,73,2023-07-04 05:37:23.935150
ALT0009382,TXN00496942,ACCT100041307,ML_PATTERN_DETECTED,93,2024-12-09 18:27:41.005223
ALT0009383,TXN00488531,ACCT100026139,ML_PATTERN_DETECTED,92,2024-09-23 11:36:18.066883
ALT0009384,TXN00489099,ACCT100012277,ML_PATTERN_DETECTED,76,2023-09-04 15:53:33.316498
ALT0009385,TXN00482821,ACCT100031426,ML_PATTERN_DETECTED,68,2023-10-30 12:14:25.165832
ALT0009386,TXN00488497,ACCT100050808,ML_PATTERN_DETECTED,96,2024-07-13 22:22:56.332827
ALT0009387,TXN00486847,ACCT100024196,ML_PATTERN_DETECTED,62,2024-06-03 23:18:29.250099
ALT0009388,TXN00489907,ACCT100071667,ML_PATTERN_DETECTED,87,2024-12-19 15:41:13.660057
ALT0009389,TXN00496763,ACCT100050680,ML_PATTERN_DETECTED,58,2023-03-04 14:01:33.259209
ALT0009390,TXN00493706,ACCT100043273,ML_PATTERN_DETECTED,91,2023-05-07 07:12:21.743138
ALT0009391,TXN00479849,ACCT100056083,ML_PATTERN_DETECTED,53,2023-03-12 18:27:58.442196
ALT0009392,TXN00487467,ACCT100083634,ML_PATTERN_DETECTED,54,2023-06-23 16:06:28.965456
ALT0009393,TXN00499952,ACCT100072165,ML_PATTERN_DETECTED,58,2023-10-06 17:43:53.903947
ALT0009394,TXN00486439,ACCT100041409,ML_PATTERN_DETECTED,78,2023-05-27 03:06:47.338694
ALT0009395,TXN00489474,ACCT100083906,ML_PATTERN_DETECTED,70,2023-01-03 07:28:59.224398
ALT0009396,TXN00484690,ACCT100061570,ML_PATTERN_DETECTED,94,2023-10-24 02:09:12.330332
ALT0009397,TXN00482232,ACCT100062380,ML_PATTERN_DETECTED,82,2024-08-11 04:29:50.256696
ALT0009398,TXN00480516,ACCT100030054,ML_PATTERN_DETECTED,83,2024-07-11 07:58:37.803761
ALT0009399,TXN00476915,ACCT100074865,ML_PATTERN_DETECTED,73,2023-12-29 02:08:00.002137
ALT0009400,TXN00494430,ACCT100064378,ML_PATTERN_DETECTED,59,2024-09-21 14:55:17.079409
ALT0009401,TXN00484324,ACCT100045366,ML_PATTERN_DETECTED,69,2023-08-25 12:33:29.844367
ALT0009402,TXN00494053,ACCT100059662,ML_PATTERN_DETECTED,80,2024-01-20 07:16:35.266527
ALT0009403,TXN00499866,ACCT100078379,ML_PATTERN_DETECTED,70,2024-06-28 09:21:44.330757
ALT0009404,TXN00476582,ACCT100022462,ML_PATTERN_DETECTED,81,2024-09-24 15:21:25.747716
ALT0009405,TXN00498840,ACCT100058116,ML_PATTERN_DETECTED,79,2023-11-05 05:56:34.059241
ALT0009406,TXN00482350,ACCT100090301,ML_PATTERN_DETECTED,79,2023-07-26 13:21:48.708102
ALT0009407,TXN00499121,ACCT100078393,ML_PATTERN_DETECTED,82,2024-03-23 00:52:23.107874
ALT0009408,TXN00497305,ACCT100073649,ML_PATTERN_DETECTED,83,2024-05-10 18:27:13.174187
ALT0009409,TXN00489523,ACCT100080088,ML_PATTERN_DETECTED,78,2023-02-22 10:01:57.650205
ALT0009410,TXN00475570,ACCT100050110,ML_PATTERN_DETECTED,79,2023-01-07 11:18:30.710608
ALT0009411,TXN00481194,ACCT100088374,ML_PATTERN_DETECTED,80,2023-04-12 12:58:37.055583
ALT0009412,TXN00475874,ACCT100088760,ML_PATTERN_DETECTED,74,2024-07-19 13:25:59.085999
ALT0009413,TXN00495363,ACCT100018620,ML_PATTERN_DETECTED,82,2023-09-27 06:11:11.503569
ALT0009414,TXN00490128,ACCT100015249,ML_PATTERN_DETECTED,61,2023-05-21 15:31:27.732354
ALT0009415,TXN00494613,ACCT100020711,ML_PATTERN_DETECTED,54,2023-03-25 01:54:29.339468
ALT0009416,TXN00484925,ACCT100007660,ML_PATTERN_DETECTED,55,2023-01-15 17:44:05.298138
ALT0009417,TXN00484749,ACCT100035581,ML_PATTERN_DETECTED,66,2024-11-01 01:06:51.721172
ALT0009418,TXN00476280,ACCT100072047,ML_PATTERN_DETECTED,59,2024-12-13 10:33:08.098554
ALT0009419,TXN00484172,ACCT100043075,ML_PATTERN_DETECTED,98,2024-07-28 04:43:55.986754
ALT0009420,TXN00480097,ACCT100043184,ML_PATTERN_DETECTED,97,2023-08-15 17:07:34.712037
ALT0009421,TXN00499093,ACCT100028070,ML_PATTERN_DETECTED,57,2024-05-13 08:46:36.349606
ALT0009422,TXN00477636,ACCT100020419,ML_PATTERN_DETECTED,54,2023-03-09 04:12:29.577915
ALT0009423,TXN00476662,ACCT100044182,ML_PATTERN_DETECTED,69,2024-02-22 23:58:00.693200
ALT0009424,TXN00492254,ACCT100035008,ML_PATTERN_DETECTED,71,2023-07-05 16:10:15.037389
ALT0009425,TXN00495427,ACCT100048510,ML_PATTERN_DETECTED,90,2023-01-11 23:20:30.541983
ALT0009426,TXN00477007,ACCT100055686,ML_PATTERN_DETECTED,96,2024-09-13 18:16:23.944688
ALT0009427,TXN00484534,ACCT100019152,ML_PATTERN_DETECTED,81,2023-12-11 00:58:52.381377
ALT0009428,TXN00489674,ACCT100022755,ML_PATTERN_DETECTED,73,2023-01-14 20:05:55.833320
ALT0009429,TXN00483471,ACCT100032367,ML_PATTERN_DETECTED,50,2023-06-07 23:48:04.830559
ALT0009430,TXN00478803,ACCT100095033,ML_PATTERN_DETECTED,83,2023-12-06 03:50:22.939197
ALT0009431,TXN00487040,ACCT100038471,ML_PATTERN_DETECTED,90,2023-07-05 17:50:36.429947
ALT0009432,TXN00483070,ACCT100052121,ML_PATTERN_DETECTED,68,2024-06-25 04:11:31.387818
ALT0009433,TXN00482466,ACCT100032513,ML_PATTERN_DETECTED,68,2024-06-20 12:57:57.424814
ALT0009434,TXN00491854,ACCT100083270,ML_PATTERN_DETECTED,78,2024-05-29 05:49:53.662556
ALT0009435,TXN00483456,ACCT100075235,ML_PATTERN_DETECTED,64,2024-01-15 07:21:48.071696
ALT0009436,TXN00482528,ACCT100068244,ML_PATTERN_DETECTED,83,2023-06-30 23:58:09.831761
ALT0009437,TXN00490479,ACCT100052436,ML_PATTERN_DETECTED,57,2024-09-24 05:12:22.579307
ALT0009438,TXN00492747,ACCT100022071,ML_PATTERN_DETECTED,75,2023-05-28 08:30:07.333431
ALT0009439,TXN00482793,ACCT100002527,ML_PATTERN_DETECTED,51,2024-03-18 12:34:10.255604
ALT0009440,TXN00489638,ACCT100097595,ML_PATTERN_DETECTED,62,2024-08-06 01:50:08.520182
ALT0009441,TXN00499846,ACCT100032804,ML_PATTERN_DETECTED,58,2024-08-02 21:20:46.043890
ALT0009442,TXN00477766,ACCT100062775,ML_PATTERN_DETECTED,92,2023-11-22 22:20:37.311854
ALT0009443,TXN00486164,ACCT100038496,ML_PATTERN_DETECTED,83,2023-01-21 13:50:21.998374
ALT0009444,TXN00475898,ACCT100023254,ML_PATTERN_DETECTED,89,2024-11-05 05:02:04.460855
ALT0009445,TXN00480310,ACCT100048806,ML_PATTERN_DETECTED,50,2024-04-27 10:51:52.384120
ALT0009446,TXN00484943,ACCT100005116,ML_PATTERN_DETECTED,62,2024-05-14 02:05:56.279423
ALT0009447,TXN00495664,ACCT100061310,ML_PATTERN_DETECTED,57,2024-05-25 19:40:40.771537
ALT0009448,TXN00493759,ACCT100001602,ML_PATTERN_DETECTED,62,2024-12-19 00:35:34.500657
ALT0009449,TXN00499133,ACCT100028829,ML_PATTERN_DETECTED,63,2024-06-27 21:47:31.008282
ALT0009450,TXN00488900,ACCT100040848,ML_PATTERN_DETECTED,76,2024-04-05 12:25:58.868735
ALT0009451,TXN00493563,ACCT100079041,ML_PATTERN_DETECTED,83,2023-10-24 11:54:05.463200
ALT0009452,TXN00498718,ACCT100068886,ML_PATTERN_DETECTED,52,2024-11-04 08:24:50.912240
ALT0009453,TXN00481333,ACCT100044044,ML_PATTERN_DETECTED,90,2024-07-23 13:24:49.823656
ALT0009454,TXN00476587,ACCT100005605,ML_PATTERN_DETECTED,73,2024-04-07 02:56:59.717986
ALT0009455,TXN00480148,ACCT100020573,ML_PATTERN_DETECTED,85,2023-10-17 11:49:57.983785
ALT0009456,TXN00499823,ACCT100038883,ML_PATTERN_DETECTED,65,2024-01-23 21:02:01.543820
ALT0009457,TXN00498002,ACCT100039495,ML_PATTERN_DETECTED,65,2023-01-29 16:20:24.309689
ALT0009458,TXN00481399,ACCT100051046,ML_PATTERN_DETECTED,77,2024-06-20 05:55:34.057585
ALT0009459,TXN00484525,ACCT100019146,ML_PATTERN_DETECTED,98,2024-02-14 23:35:33.209496
ALT0009460,TXN00489178,ACCT100027931,ML_PATTERN_DETECTED,71,2023-01-01 09:10:23.761404
ALT0009461,TXN00495850,ACCT100041437,ML_PATTERN_DETECTED,57,2023-03-03 20:58:32.451117
ALT0009462,TXN00493869,ACCT100065400,ML_PATTERN_DETECTED,72,2023-05-16 14:47:14.959102
ALT0009463,TXN00497840,ACCT100052765,ML_PATTERN_DETECTED,89,2024-01-26 16:32:56.712443
ALT0009464,TXN00492241,ACCT100033547,ML_PATTERN_DETECTED,53,2024-05-25 02:13:00.286394
ALT0009465,TXN00482264,ACCT100012995,ML_PATTERN_DETECTED,78,2023-04-19 01:18:45.470853
ALT0009466,TXN00476913,ACCT100058387,ML_PATTERN_DETECTED,71,2024-04-01 20:33:04.304986
ALT0009467,TXN00493988,ACCT100091124,ML_PATTERN_DETECTED,64,2023-03-07 20:25:14.938623
ALT0009468,TXN00496722,ACCT100090389,ML_PATTERN_DETECTED,95,2024-10-07 13:49:12.142918
ALT0009469,TXN00496778,ACCT100020179,ML_PATTERN_DETECTED,94,2024-09-11 10:16:34.030585
ALT0009470,TXN00476973,ACCT100018185,ML_PATTERN_DETECTED,66,2024-05-16 16:22:31.496959
ALT0009471,TXN00497276,ACCT100008070,ML_PATTERN_DETECTED,53,2023-12-17 23:16:28.056783
ALT0009472,TXN00492641,ACCT100092209,ML_PATTERN_DETECTED,64,2023-07-14 02:29:30.561425
ALT0009473,TXN00495684,ACCT100043348,ML_PATTERN_DETECTED,66,2023-12-16 01:20:50.766272
ALT0009474,TXN00479911,ACCT100039509,ML_PATTERN_DETECTED,51,2024-06-23 17:36:25.986493
ALT0009475,TXN00479075,ACCT100091943,ML_PATTERN_DETECTED,56,2023-05-22 13:27:28.219989
ALT0009476,TXN00497278,ACCT100035116,ML_PATTERN_DETECTED,87,2024-05-21 18:04:23.981642
ALT0009477,TXN00482629,ACCT100082383,ML_PATTERN_DETECTED,87,2024-04-07 12:57:19.132591
ALT0009478,TXN00490506,ACCT100009327,ML_PATTERN_DETECTED,62,2024-10-01 02:26:26.696504
ALT0009479,TXN00477876,ACCT100091564,ML_PATTERN_DETECTED,97,2024-05-12 09:41:58.145921
ALT0009480,TXN00489624,ACCT100016026,ML_PATTERN_DETECTED,69,2024-04-12 00:25:26.370013
ALT0009481,TXN00476738,ACCT100098323,ML_PATTERN_DETECTED,62,2024-06-13 15:07:40.093227
ALT0009482,TXN00481902,ACCT100001101,ML_PATTERN_DETECTED,58,2024-07-17 20:28:53.294321
ALT0009483,TXN00485818,ACCT100094709,ML_PATTERN_DETECTED,80,2023-11-18 05:56:00.752700
ALT0009484,TXN00495710,ACCT100098868,ML_PATTERN_DETECTED,59,2024-09-13 18:42:36.759979
ALT0009485,TXN00498105,ACCT100038715,ML_PATTERN_DETECTED,96,2024-11-30 17:29:31.950699
ALT0009486,TXN00481974,ACCT100044161,ML_PATTERN_DETECTED,65,2024-05-16 17:09:18.775343
ALT0009487,TXN00496416,ACCT100081247,ML_PATTERN_DETECTED,62,2023-10-07 09:04:30.432265
ALT0009488,TXN00481655,ACCT100097156,ML_PATTERN_DETECTED,56,2024-07-23 21:10:39.231421
ALT0009489,TXN00489462,ACCT100017094,ML_PATTERN_DETECTED,76,2023-05-09 06:01:31.828350
ALT0009490,TXN00486436,ACCT100047118,ML_PATTERN_DETECTED,85,2023-06-17 06:31:09.169836
ALT0009491,TXN00476541,ACCT100053798,ML_PATTERN_DETECTED,79,2023-05-06 20:40:20.110960
ALT0009492,TXN00479331,ACCT100020914,ML_PATTERN_DETECTED,68,2024-09-01 16:37:40.816527
ALT0009493,TXN00482475,ACCT100009737,ML_PATTERN_DETECTED,57,2023-12-18 23:09:08.619103
ALT0009494,TXN00475648,ACCT100092744,ML_PATTERN_DETECTED,66,2024-09-18 03:57:53.760393
ALT0009495,TXN00495063,ACCT100094001,ML_PATTERN_DETECTED,54,2023-01-15 22:40:21.478991
ALT0009496,TXN00496206,ACCT100061379,ML_PATTERN_DETECTED,90,2024-11-08 14:42:22.435535
ALT0009497,TXN00488012,ACCT100032262,ML_PATTERN_DETECTED,83,2023-04-25 16:09:07.324311
ALT0009498,TXN00478977,ACCT100056820,ML_PATTERN_DETECTED,61,2024-08-12 16:45:30.834836
ALT0009499,TXN00475712,ACCT100006961,ML_PATTERN_DETECTED,74,2023-03-18 23:09:39.100348
ALT0009500,TXN00491163,ACCT100048970,ML_PATTERN_DETECTED,88,2023-02-22 09:03:18.357890
ALT0009501,TXN00485529,ACCT100014282,ML_PATTERN_DETECTED,71,2024-08-01 19:10:29.654853
ALT0009502,TXN00479290,ACCT100046185,ML_PATTERN_DETECTED,98,2023-11-03 05:08:06.364401
ALT0009503,TXN00475706,ACCT100042059,ML_PATTERN_DETECTED,88,2024-06-28 11:18:29.088873
ALT0009504,TXN00496446,ACCT100011298,ML_PATTERN_DETECTED,72,2023-03-17 12:42:00.802442
ALT0009505,TXN00481546,ACCT100079460,ML_PATTERN_DETECTED,50,2024-09-08 03:01:27.457900
ALT0009506,TXN00491098,ACCT100081738,ML_PATTERN_DETECTED,56,2024-10-02 23:11:19.328645
ALT0009507,TXN00493872,ACCT100098558,ML_PATTERN_DETECTED,63,2023-08-21 05:29:29.840056
ALT0009508,TXN00355797,ACCT100023289,HIGH_VALUE_TXN,84,2024-10-06 07:39:35.796387
ALT0009509,TXN00478561,ACCT100011784,ML_PATTERN_DETECTED,73,2024-08-09 17:43:53.964660
ALT0009510,TXN00494595,ACCT100028893,ML_PATTERN_DETECTED,51,2024-04-02 00:15:23.470505
ALT0009511,TXN00480222,ACCT100018068,ML_PATTERN_DETECTED,63,2023-09-27 16:46:44.514976
ALT0009512,TXN00497785,ACCT100072880,ML_PATTERN_DETECTED,54,2023-11-02 23:01:26.145530
ALT0009513,TXN00482151,ACCT100018021,ML_PATTERN_DETECTED,98,2024-10-23 00:24:45.741659
ALT0009514,TXN00477842,ACCT100002446,ML_PATTERN_DETECTED,77,2024-08-13 11:13:38.018429
ALT0009515,TXN00479994,ACCT100027147,ML_PATTERN_DETECTED,95,2024-09-01 11:30:19.589107
ALT0009516,TXN00498063,ACCT100065239,ML_PATTERN_DETECTED,85,2023-10-30 04:03:37.078473
ALT0009517,TXN00489226,ACCT100097968,ML_PATTERN_DETECTED,50,2024-04-28 21:42:44.447177
ALT0009518,TXN00496515,ACCT100057672,ML_PATTERN_DETECTED,66,2024-09-25 05:25:52.839821
ALT0009519,TXN00484193,ACCT100073086,ML_PATTERN_DETECTED,74,2024-01-07 12:06:20.573215
ALT0009520,TXN00486872,ACCT100059682,ML_PATTERN_DETECTED,50,2024-10-21 08:17:52.021839
ALT0009521,TXN00490788,ACCT100036056,ML_PATTERN_DETECTED,90,2024-11-07 22:01:26.752081
ALT0009522,TXN00483646,ACCT100096398,ML_PATTERN_DETECTED,50,2024-04-08 19:47:52.920004
ALT0009523,TXN00499617,ACCT100022921,ML_PATTERN_DETECTED,86,2024-07-14 03:12:33.634513
ALT0009524,TXN00486222,ACCT100013180,ML_PATTERN_DETECTED,61,2023-02-28 09:03:58.723861
ALT0009525,TXN00482520,ACCT100027263,ML_PATTERN_DETECTED,86,2024-11-15 06:18:40.112467
ALT0009526,TXN00481249,ACCT100019478,ML_PATTERN_DETECTED,66,2024-09-05 08:48:25.283401
ALT0009527,TXN00477755,ACCT100062649,ML_PATTERN_DETECTED,77,2023-07-26 01:34:31.589747
ALT0009528,TXN00493998,ACCT100081666,ML_PATTERN_DETECTED,98,2024-08-25 12:49:58.199145
ALT0009529,TXN00484990,ACCT100022313,ML_PATTERN_DETECTED,64,2024-05-26 09:54:30.846074
ALT0009530,TXN00483444,ACCT100083794,ML_PATTERN_DETECTED,63,2024-01-30 05:19:26.333734
ALT0009531,TXN00493955,ACCT100068621,ML_PATTERN_DETECTED,93,2023-04-11 15:52:22.869438
ALT0009532,TXN00497521,ACCT100052269,ML_PATTERN_DETECTED,83,2024-09-15 11:38:15.016681
ALT0009533,TXN00485982,ACCT100026739,ML_PATTERN_DETECTED,92,2023-03-06 15:47:40.579299
ALT0009534,TXN00484126,ACCT100077813,ML_PATTERN_DETECTED,75,2023-11-17 09:15:15.674153
ALT0009535,TXN00498769,ACCT100097254,ML_PATTERN_DETECTED,62,2023-11-26 14:11:03.796189
ALT0009536,TXN00498462,ACCT100055086,ML_PATTERN_DETECTED,74,2023-04-15 23:51:15.825596
ALT0009537,TXN00491957,ACCT100065586,ML_PATTERN_DETECTED,91,2023-08-07 12:39:31.113358
ALT0009538,TXN00475200,ACCT100078348,ML_PATTERN_DETECTED,88,2023-08-08 06:37:46.851938
ALT0009539,TXN00490212,ACCT100016268,ML_PATTERN_DETECTED,87,2024-11-18 01:02:14.877607
ALT0009540,TXN00480030,ACCT100005745,ML_PATTERN_DETECTED,82,2023-05-06 15:13:15.532545
ALT0009541,TXN00475459,ACCT100073158,ML_PATTERN_DETECTED,78,2023-10-24 23:29:03.615872
ALT0009542,TXN00494288,ACCT100002869,ML_PATTERN_DETECTED,54,2024-04-01 23:27:50.886980
ALT0009543,TXN00487726,ACCT100073874,ML_PATTERN_DETECTED,87,2023-05-06 00:30:49.974932
ALT0009544,TXN00499550,ACCT100070066,ML_PATTERN_DETECTED,60,2023-12-22 22:58:15.708509
ALT0009545,TXN00478281,ACCT100042806,ML_PATTERN_DETECTED,98,2024-01-21 09:56:06.132386
ALT0009546,TXN00497554,ACCT100082502,ML_PATTERN_DETECTED,52,2023-03-16 02:40:49.303319
ALT0009547,TXN00499793,ACCT100002790,ML_PATTERN_DETECTED,54,2023-09-02 01:41:42.729707
ALT0009548,TXN00483353,ACCT100023207,ML_PATTERN_DETECTED,69,2023-01-16 21:54:04.257957
ALT0009549,TXN00486546,ACCT100090080,ML_PATTERN_DETECTED,59,2024-09-14 12:04:08.165860
ALT0009550,TXN00487638,ACCT100062097,ML_PATTERN_DETECTED,77,2024-03-15 12:48:57.854001
ALT0009551,TXN00484008,ACCT100092677,ML_PATTERN_DETECTED,53,2024-08-22 16:24:15.513954
ALT0009552,TXN00475698,ACCT100036670,ML_PATTERN_DETECTED,62,2023-12-03 11:53:14.775224
ALT0009553,TXN00495843,ACCT100036553,ML_PATTERN_DETECTED,81,2023-12-10 02:44:29.974143
ALT0009554,TXN00488723,ACCT100027655,ML_PATTERN_DETECTED,67,2023-04-24 17:18:01.208318
ALT0009555,TXN00477296,ACCT100035168,ML_PATTERN_DETECTED,81,2023-11-21 03:11:35.066548
ALT0009556,TXN00481022,ACCT100084101,ML_PATTERN_DETECTED,69,2023-03-20 23:39:15.664702
ALT0009557,TXN00488129,ACCT100060394,ML_PATTERN_DETECTED,76,2023-01-05 02:55:13.352524
ALT0009558,TXN00483882,ACCT100028318,ML_PATTERN_DETECTED,68,2024-11-12 04:33:21.417228
ALT0009559,TXN00499175,ACCT100032127,ML_PATTERN_DETECTED,87,2024-02-25 19:02:49.587085
ALT0009560,TXN00497928,ACCT100026729,ML_PATTERN_DETECTED,80,2023-06-30 11:58:53.014571
ALT0009561,TXN00492818,ACCT100092972,ML_PATTERN_DETECTED,86,2023-06-01 10:28:35.071803
ALT0009562,TXN00489783,ACCT100076385,ML_PATTERN_DETECTED,60,2024-05-16 11:24:06.264924
ALT0009563,TXN00481888,ACCT100009291,ML_PATTERN_DETECTED,59,2023-05-24 04:19:10.433677
ALT0009564,TXN00493082,ACCT100074690,ML_PATTERN_DETECTED,72,2023-05-24 23:23:38.118301
ALT0009565,TXN00497333,ACCT100047600,ML_PATTERN_DETECTED,85,2023-10-13 22:18:33.011279
ALT0009566,TXN00476413,ACCT100089744,ML_PATTERN_DETECTED,81,2023-09-11 17:26:43.010824
ALT0009567,TXN00485557,ACCT100011725,ML_PATTERN_DETECTED,78,2023-09-05 09:58:58.983042
ALT0009568,TXN00485653,ACCT100024296,ML_PATTERN_DETECTED,70,2024-08-08 09:11:14.872382
ALT0009569,TXN00477338,ACCT100067489,ML_PATTERN_DETECTED,75,2023-05-13 07:02:16.811850
ALT0009570,TXN00496757,ACCT100002366,ML_PATTERN_DETECTED,97,2023-04-15 14:37:35.834624
ALT0009571,TXN00485245,ACCT100020101,ML_PATTERN_DETECTED,55,2023-08-15 23:32:40.560972
ALT0009572,TXN00494148,ACCT100033458,ML_PATTERN_DETECTED,75,2023-10-26 22:43:16.565652
ALT0009573,TXN00485510,ACCT100066866,ML_PATTERN_DETECTED,61,2024-01-31 00:27:02.276608
ALT0009574,TXN00483521,ACCT100057032,ML_PATTERN_DETECTED,50,2024-09-30 09:58:10.498726
ALT0009575,TXN00496933,ACCT100061841,ML_PATTERN_DETECTED,88,2023-11-14 15:19:39.012943
ALT0009576,TXN00480245,ACCT100083319,ML_PATTERN_DETECTED,85,2024-04-24 21:35:24.691230
ALT0009577,TXN00491806,ACCT100016198,ML_PATTERN_DETECTED,74,2024-12-27 20:12:29.982641
ALT0009578,TXN00491651,ACCT100021392,ML_PATTERN_DETECTED,85,2024-08-31 20:46:40.539958
ALT0009579,TXN00487073,ACCT100092061,ML_PATTERN_DETECTED,94,2024-12-24 10:45:45.533664
ALT0009580,TXN00487364,ACCT100037187,ML_PATTERN_DETECTED,87,2024-06-12 20:04:46.192006
ALT0009581,TXN00475610,ACCT100029774,ML_PATTERN_DETECTED,52,2024-09-11 01:59:53.139472
ALT0009582,TXN00486011,ACCT100070014,ML_PATTERN_DETECTED,95,2024-04-24 16:16:10.946922
ALT0009583,TXN00481765,ACCT100086954,ML_PATTERN_DETECTED,73,2024-06-24 07:01:56.895029
ALT0009584,TXN00484910,ACCT100037348,ML_PATTERN_DETECTED,97,2024-11-19 18:30:41.426959
ALT0009585,TXN00478415,ACCT100065362,ML_PATTERN_DETECTED,63,2024-09-24 07:01:57.100063
ALT0009586,TXN00485065,ACCT100099322,ML_PATTERN_DETECTED,62,2023-04-02 10:57:38.384053
ALT0009587,TXN00491398,ACCT100001906,ML_PATTERN_DETECTED,82,2024-06-26 15:09:44.808103
ALT0009588,TXN00492994,ACCT100059131,ML_PATTERN_DETECTED,58,2024-05-01 18:04:48.929219
ALT0009589,TXN00480416,ACCT100005679,ML_PATTERN_DETECTED,81,2023-04-24 02:42:37.312594
ALT0009590,TXN00491277,ACCT100005341,ML_PATTERN_DETECTED,81,2023-09-29 07:48:12.332087
ALT0009591,TXN00483579,ACCT100090904,ML_PATTERN_DETECTED,51,2024-06-24 09:01:02.107465
ALT0009592,TXN00483742,ACCT100055197,ML_PATTERN_DETECTED,60,2024-11-28 08:58:45.021226
ALT0009593,TXN00478729,ACCT100068371,ML_PATTERN_DETECTED,84,2024-03-29 19:01:25.528929
ALT0009594,TXN00493318,ACCT100063592,ML_PATTERN_DETECTED,96,2023-06-02 15:04:48.155001
ALT0009595,TXN00475377,ACCT100012956,ML_PATTERN_DETECTED,93,2023-11-08 21:02:20.423836
ALT0009596,TXN00486792,ACCT100053820,ML_PATTERN_DETECTED,53,2024-04-27 18:19:28.847600
ALT0009597,TXN00482628,ACCT100050497,ML_PATTERN_DETECTED,52,2024-05-27 19:37:27.668914
ALT0009598,TXN00485333,ACCT100088907,ML_PATTERN_DETECTED,78,2024-04-14 11:26:42.965576
ALT0009599,TXN00491495,ACCT100050674,ML_PATTERN_DETECTED,53,2024-07-03 01:01:11.460477
ALT0009600,TXN00491357,ACCT100069281,ML_PATTERN_DETECTED,93,2023-05-19 20:35:55.577729
ALT0009601,TXN00479829,ACCT100083009,ML_PATTERN_DETECTED,50,2023-01-25 20:42:52.299919
ALT0009602,TXN00491129,ACCT100067483,ML_PATTERN_DETECTED,52,2024-10-19 00:44:10.137264
ALT0009603,TXN00480091,ACCT100094442,ML_PATTERN_DETECTED,71,2024-07-30 09:42:35.198908
ALT0009604,TXN00498459,ACCT100026718,ML_PATTERN_DETECTED,89,2024-05-05 20:05:33.241775
ALT0009605,TXN00489832,ACCT100008049,ML_PATTERN_DETECTED,83,2024-04-14 06:26:58.094215
ALT0009606,TXN00476174,ACCT100070409,ML_PATTERN_DETECTED,92,2023-08-21 12:34:16.007274
ALT0009607,TXN00487537,ACCT100094921,ML_PATTERN_DETECTED,54,2024-08-26 17:54:46.722816
ALT0009608,TXN00499843,ACCT100002805,ML_PATTERN_DETECTED,72,2023-05-15 07:56:30.070204
ALT0009609,TXN00484361,ACCT100057865,ML_PATTERN_DETECTED,76,2024-12-30 23:38:13.912932
ALT0009610,TXN00490166,ACCT100092185,ML_PATTERN_DETECTED,68,2023-04-18 02:48:05.409358
ALT0009611,TXN00475851,ACCT100035180,ML_PATTERN_DETECTED,84,2023-03-14 03:05:29.599031
ALT0009612,TXN00482536,ACCT100021098,ML_PATTERN_DETECTED,84,2024-11-29 11:46:18.306855
ALT0009613,TXN00483271,ACCT100090077,ML_PATTERN_DETECTED,74,2024-02-13 18:56:19.913029
ALT0009614,TXN00493404,ACCT100048459,ML_PATTERN_DETECTED,76,2024-12-16 07:44:42.860265
ALT0009615,TXN00477441,ACCT100098788,ML_PATTERN_DETECTED,65,2023-04-17 14:46:12.788747
ALT0009616,TXN00475033,ACCT100056445,ML_PATTERN_DETECTED,92,2024-10-01 21:40:26.994362
ALT0009617,TXN00490396,ACCT100069001,ML_PATTERN_DETECTED,95,2023-11-30 13:00:48.475325
ALT0009618,TXN00477939,ACCT100000489,ML_PATTERN_DETECTED,89,2023-03-22 09:14:36.224269
ALT0009619,TXN00497693,ACCT100004736,ML_PATTERN_DETECTED,87,2024-09-27 09:34:53.659805
ALT0009620,TXN00490714,ACCT100058881,ML_PATTERN_DETECTED,66,2023-06-12 14:34:55.943017
ALT0009621,TXN00497722,ACCT100062144,ML_PATTERN_DETECTED,61,2023-04-15 10:28:53.079644
ALT0009622,TXN00478027,ACCT100019956,ML_PATTERN_DETECTED,80,2024-03-14 21:19:12.961006
ALT0009623,TXN00487085,ACCT100018379,ML_PATTERN_DETECTED,75,2023-11-25 06:51:16.378784
ALT0009624,TXN00481337,ACCT100005088,ML_PATTERN_DETECTED,72,2024-07-21 17:32:41.450648
ALT0009625,TXN00495168,ACCT100026124,ML_PATTERN_DETECTED,98,2023-11-22 14:06:01.828817
ALT0009626,TXN00477964,ACCT100003038,ML_PATTERN_DETECTED,62,2023-10-05 11:09:55.143220
ALT0009627,TXN00496882,ACCT100001987,ML_PATTERN_DETECTED,91,2023-05-22 17:18:20.387581
ALT0009628,TXN00485391,ACCT100016308,ML_PATTERN_DETECTED,55,2023-08-03 14:19:55.262636
ALT0009629,TXN00494622,ACCT100026120,ML_PATTERN_DETECTED,80,2024-03-08 11:36:35.544237
ALT0009630,TXN00487646,ACCT100096213,ML_PATTERN_DETECTED,66,2023-05-03 17:14:39.404518
ALT0009631,TXN00479936,ACCT100058015,ML_PATTERN_DETECTED,57,2024-10-03 21:25:42.530637
ALT0009632,TXN00476601,ACCT100033101,ML_PATTERN_DETECTED,86,2024-09-28 23:46:44.069794
ALT0009633,TXN00479310,ACCT100062206,ML_PATTERN_DETECTED,54,2024-10-21 12:23:49.759330
ALT0009634,TXN00476480,ACCT100083418,ML_PATTERN_DETECTED,71,2023-10-31 01:58:31.278935
ALT0009635,TXN00490428,ACCT100079995,ML_PATTERN_DETECTED,59,2023-07-18 10:13:35.983522
ALT0009636,TXN00490859,ACCT100068009,ML_PATTERN_DETECTED,92,2024-01-21 13:06:03.765651
ALT0009637,TXN00496946,ACCT100027276,ML_PATTERN_DETECTED,68,2023-12-03 14:28:55.473657
ALT0009638,TXN00490466,ACCT100053759,ML_PATTERN_DETECTED,58,2024-05-19 21:37:07.907987
ALT0009639,TXN00484346,ACCT100009081,ML_PATTERN_DETECTED,59,2024-10-03 14:45:18.157130
ALT0009640,TXN00475291,ACCT100061795,ML_PATTERN_DETECTED,74,2023-03-01 08:55:09.436538
ALT0009641,TXN00490734,ACCT100043497,ML_PATTERN_DETECTED,64,2024-03-06 07:06:49.304823
ALT0009642,TXN00497752,ACCT100072340,ML_PATTERN_DETECTED,93,2024-08-20 23:30:43.572428
ALT0009643,TXN00483139,ACCT100044843,ML_PATTERN_DETECTED,64,2024-01-10 22:45:41.467278
ALT0009644,TXN00491685,ACCT100095154,ML_PATTERN_DETECTED,78,2024-12-20 04:59:48.070889
ALT0009645,TXN00491546,ACCT100080075,ML_PATTERN_DETECTED,69,2024-12-08 17:11:47.023553
ALT0009646,TXN00476930,ACCT100070891,ML_PATTERN_DETECTED,72,2023-10-25 05:49:36.242759
ALT0009647,TXN00496077,ACCT100066282,ML_PATTERN_DETECTED,84,2024-07-05 12:34:58.746354
ALT0009648,TXN00478633,ACCT100024701,ML_PATTERN_DETECTED,62,2023-10-31 10:57:04.758507
ALT0009649,TXN00483307,ACCT100028459,ML_PATTERN_DETECTED,54,2023-12-08 23:49:05.210661
ALT0009650,TXN00496764,ACCT100097654,ML_PATTERN_DETECTED,97,2023-11-14 14:18:52.753810
ALT0009651,TXN00486650,ACCT100026702,ML_PATTERN_DETECTED,72,2023-03-16 19:21:28.082793
ALT0009652,TXN00481874,ACCT100055584,ML_PATTERN_DETECTED,50,2023-08-15 12:06:32.118782
ALT0009653,TXN00499589,ACCT100025050,ML_PATTERN_DETECTED,73,2024-01-16 18:36:23.826312
ALT0009654,TXN00499404,ACCT100013802,ML_PATTERN_DETECTED,52,2024-04-20 05:07:57.979215
ALT0009655,TXN00490643,ACCT100010462,ML_PATTERN_DETECTED,58,2024-08-07 12:58:12.622155
ALT0009656,TXN00475701,ACCT100024225,ML_PATTERN_DETECTED,71,2024-02-12 16:50:05.212795
ALT0009657,TXN00489612,ACCT100045365,ML_PATTERN_DETECTED,76,2024-05-19 17:58:18.563191
ALT0009658,TXN00484558,ACCT100036715,ML_PATTERN_DETECTED,61,2024-08-09 18:56:27.003442
ALT0009659,TXN00483592,ACCT100002169,ML_PATTERN_DETECTED,60,2023-01-09 05:14:58.687515
ALT0009660,TXN00479011,ACCT100066182,ML_PATTERN_DETECTED,74,2024-01-17 15:11:11.279772
ALT0009661,TXN00482931,ACCT100023060,ML_PATTERN_DETECTED,88,2024-07-05 00:53:34.236310
ALT0009662,TXN00491700,ACCT100050156,ML_PATTERN_DETECTED,88,2024-11-09 11:01:42.890414
ALT0009663,TXN00488763,ACCT100036133,ML_PATTERN_DETECTED,55,2023-02-28 08:22:13.303633
ALT0009664,TXN00499536,ACCT100075445,ML_PATTERN_DETECTED,67,2024-03-27 12:40:11.609768
ALT0009665,TXN00484952,ACCT100097037,ML_PATTERN_DETECTED,61,2024-03-31 09:20:46.632367
ALT0009666,TXN00488027,ACCT100075925,ML_PATTERN_DETECTED,93,2024-01-06 16:56:45.863008
ALT0009667,TXN00486483,ACCT100077047,ML_PATTERN_DETECTED,96,2024-07-18 09:57:17.172085
ALT0009668,TXN00479192,ACCT100072431,ML_PATTERN_DETECTED,95,2024-09-25 07:23:16.247669
ALT0009669,TXN00491019,ACCT100069538,ML_PATTERN_DETECTED,55,2024-02-18 23:06:58.460048
ALT0009670,TXN00477386,ACCT100098480,ML_PATTERN_DETECTED,87,2023-01-16 02:44:22.702625
ALT0009671,TXN00485836,ACCT100010051,ML_PATTERN_DETECTED,93,2023-12-14 04:30:35.354276
ALT0009672,TXN00477017,ACCT100033752,ML_PATTERN_DETECTED,54,2024-05-07 14:59:24.954870
ALT0009673,TXN00490999,ACCT100003378,ML_PATTERN_DETECTED,63,2023-01-12 17:29:56.855265
ALT0009674,TXN00480172,ACCT100021624,ML_PATTERN_DETECTED,89,2024-01-18 04:25:20.194145
ALT0009675,TXN00488872,ACCT100014118,ML_PATTERN_DETECTED,86,2023-08-16 23:43:37.872559
ALT0009676,TXN00484218,ACCT100021391,ML_PATTERN_DETECTED,55,2023-11-06 16:29:11.580792
ALT0009677,TXN00477123,ACCT100049674,ML_PATTERN_DETECTED,52,2023-11-08 22:54:15.922070
ALT0009678,TXN00483764,ACCT100003291,ML_PATTERN_DETECTED,93,2024-10-18 06:01:38.639167
ALT0009679,TXN00480031,ACCT100054092,ML_PATTERN_DETECTED,57,2024-08-09 02:11:08.060307
ALT0009680,TXN00496787,ACCT100029744,ML_PATTERN_DETECTED,91,2024-05-08 18:17:43.571684
ALT0009681,TXN00479053,ACCT100025651,ML_PATTERN_DETECTED,50,2023-09-17 16:31:13.578385
ALT0009682,TXN00485140,ACCT100079089,ML_PATTERN_DETECTED,70,2024-04-02 04:07:47.533726
ALT0009683,TXN00478498,ACCT100024743,ML_PATTERN_DETECTED,96,2024-06-13 19:01:55.916215
ALT0009684,TXN00479301,ACCT100037499,ML_PATTERN_DETECTED,72,2023-09-14 09:59:15.986627
ALT0009685,TXN00494560,ACCT100041693,ML_PATTERN_DETECTED,57,2024-04-28 12:44:30.735062
ALT0009686,TXN00496696,ACCT100063709,ML_PATTERN_DETECTED,86,2023-08-31 22:39:49.911824
ALT0009687,TXN00499653,ACCT100070589,ML_PATTERN_DETECTED,67,2023-08-03 10:43:28.993495
ALT0009688,TXN00495005,ACCT100031987,ML_PATTERN_DETECTED,51,2024-08-09 08:11:29.658621
ALT0009689,TXN00491451,ACCT100015698,ML_PATTERN_DETECTED,67,2023-07-13 17:11:22.880676
ALT0009690,TXN00481350,ACCT100076656,ML_PATTERN_DETECTED,55,2023-04-17 04:50:05.015216
ALT0009691,TXN00476302,ACCT100054478,ML_PATTERN_DETECTED,80,2023-12-25 19:37:29.396913
ALT0009692,TXN00482405,ACCT100052704,ML_PATTERN_DETECTED,83,2023-01-15 11:50:47.084793
ALT0009693,TXN00493389,ACCT100005073,ML_PATTERN_DETECTED,59,2023-12-06 20:09:53.909744
ALT0009694,TXN00482692,ACCT100036245,ML_PATTERN_DETECTED,88,2024-10-21 17:07:15.242627
ALT0009695,TXN00488859,ACCT100005821,ML_PATTERN_DETECTED,75,2023-09-24 23:01:54.579612
ALT0009696,TXN00493177,ACCT100000732,ML_PATTERN_DETECTED,64,2024-03-30 15:52:54.593946
ALT0009697,TXN00493896,ACCT100008197,ML_PATTERN_DETECTED,59,2024-03-07 22:06:32.831776
ALT0009698,TXN00476047,ACCT100021168,ML_PATTERN_DETECTED,52,2023-08-25 07:05:54.837071
ALT0009699,TXN00499185,ACCT100010656,ML_PATTERN_DETECTED,98,2023-12-18 10:05:40.384836
ALT0009700,TXN00497420,ACCT100037412,ML_PATTERN_DETECTED,76,2024-11-10 21:46:48.718644
ALT0009701,TXN00483574,ACCT100031273,ML_PATTERN_DETECTED,77,2024-02-26 18:43:12.787635
ALT0009702,TXN00476031,ACCT100012668,ML_PATTERN_DETECTED,70,2024-06-03 15:00:22.842180
ALT0009703,TXN00478552,ACCT100070935,ML_PATTERN_DETECTED,78,2023-04-16 11:54:54.702713
ALT0009704,TXN00489530,ACCT100009709,ML_PATTERN_DETECTED,66,2023-08-11 06:07:57.160880
ALT0009705,TXN00488211,ACCT100098771,ML_PATTERN_DETECTED,94,2024-07-16 03:22:22.310840
ALT0009706,TXN00486726,ACCT100011123,ML_PATTERN_DETECTED,82,2024-12-07 18:48:08.684632
ALT0009707,TXN00475939,ACCT100074320,ML_PATTERN_DETECTED,59,2023-08-06 00:21:33.707664
ALT0009708,TXN00476835,ACCT100034911,ML_PATTERN_DETECTED,73,2023-03-11 03:39:15.268030
ALT0009709,TXN00493501,ACCT100093243,ML_PATTERN_DETECTED,86,2024-07-06 20:23:53.994577
ALT0009710,TXN00490448,ACCT100086207,ML_PATTERN_DETECTED,91,2023-09-15 21:11:54.104926
ALT0009711,TXN00496341,ACCT100014684,ML_PATTERN_DETECTED,70,2023-06-25 03:28:33.560771
ALT0009712,TXN00481391,ACCT100064832,ML_PATTERN_DETECTED,98,2023-02-13 16:04:21.635998
ALT0009713,TXN00485337,ACCT100031197,ML_PATTERN_DETECTED,52,2023-04-04 21:24:13.778880
ALT0009714,TXN00491676,ACCT100057381,ML_PATTERN_DETECTED,78,2023-01-15 11:54:48.379526
ALT0009715,TXN00490345,ACCT100028288,ML_PATTERN_DETECTED,52,2024-01-18 05:50:40.162350
ALT0009716,TXN00492821,ACCT100069105,ML_PATTERN_DETECTED,97,2024-05-05 06:49:31.992737
ALT0009717,TXN00491362,ACCT100082603,ML_PATTERN_DETECTED,54,2024-12-20 06:59:40.415430
ALT0009718,TXN00495319,ACCT100063591,ML_PATTERN_DETECTED,80,2023-04-29 11:13:53.543114
ALT0009719,TXN00484045,ACCT100030769,ML_PATTERN_DETECTED,87,2023-12-01 19:15:36.154626
ALT0009720,TXN00497330,ACCT100081102,ML_PATTERN_DETECTED,64,2024-01-07 22:02:40.633942
ALT0009721,TXN00480437,ACCT100014609,ML_PATTERN_DETECTED,67,2023-05-31 05:05:33.163013
ALT0009722,TXN00498312,ACCT100071875,ML_PATTERN_DETECTED,98,2023-08-20 19:24:20.519650
ALT0009723,TXN00490268,ACCT100094689,ML_PATTERN_DETECTED,51,2023-12-29 09:29:55.334260
ALT0009724,TXN00483086,ACCT100043814,ML_PATTERN_DETECTED,58,2024-01-21 00:56:12.978745
ALT0009725,TXN00490799,ACCT100002177,ML_PATTERN_DETECTED,53,2024-11-25 18:26:07.880164
ALT0009726,TXN00496117,ACCT100059258,ML_PATTERN_DETECTED,79,2023-10-26 20:07:36.552439
ALT0009727,TXN00491867,ACCT100034759,ML_PATTERN_DETECTED,63,2024-06-26 16:00:43.947242
ALT0009728,TXN00483657,ACCT100059710,ML_PATTERN_DETECTED,93,2024-12-28 05:07:10.344336
ALT0009729,TXN00482523,ACCT100018970,ML_PATTERN_DETECTED,65,2024-05-31 12:06:04.435069
ALT0009730,TXN00478999,ACCT100069446,ML_PATTERN_DETECTED,72,2024-06-06 16:54:27.894284
ALT0009731,TXN00479955,ACCT100011780,ML_PATTERN_DETECTED,95,2023-07-27 08:10:13.008688
ALT0009732,TXN00490311,ACCT100039951,ML_PATTERN_DETECTED,76,2023-08-24 15:23:29.935883
ALT0009733,TXN00499526,ACCT100059068,ML_PATTERN_DETECTED,92,2024-01-01 03:07:45.470952
ALT0009734,TXN00482737,ACCT100071549,ML_PATTERN_DETECTED,86,2024-03-04 11:31:11.501208
ALT0009735,TXN00492677,ACCT100052353,ML_PATTERN_DETECTED,98,2023-12-12 04:36:33.282750
ALT0009736,TXN00486239,ACCT100019768,ML_PATTERN_DETECTED,70,2023-05-01 13:39:00.645222
ALT0009737,TXN00496056,ACCT100079129,ML_PATTERN_DETECTED,87,2024-10-22 21:46:59.871729
ALT0009738,TXN00479698,ACCT100048103,ML_PATTERN_DETECTED,83,2023-05-23 20:07:57.373096
ALT0009739,TXN00475761,ACCT100005668,ML_PATTERN_DETECTED,58,2023-01-14 19:44:36.015060
ALT0009740,TXN00495565,ACCT100023131,ML_PATTERN_DETECTED,51,2024-12-04 14:08:44.840855
ALT0009741,TXN00482831,ACCT100066137,ML_PATTERN_DETECTED,56,2023-11-26 13:21:34.714668
ALT0009742,TXN00486344,ACCT100060816,ML_PATTERN_DETECTED,78,2024-12-08 18:15:24.831768
ALT0009743,TXN00483380,ACCT100075478,ML_PATTERN_DETECTED,58,2023-11-13 18:00:09.780751
ALT0009744,TXN00493090,ACCT100042610,ML_PATTERN_DETECTED,62,2024-02-10 12:01:10.574898
ALT0009745,TXN00494335,ACCT100031419,ML_PATTERN_DETECTED,69,2023-10-28 05:30:00.241540
ALT0009746,TXN00485505,ACCT100036717,ML_PATTERN_DETECTED,69,2023-11-16 03:42:33.104447
ALT0009747,TXN00498425,ACCT100069652,ML_PATTERN_DETECTED,53,2024-04-02 12:27:51.902749
ALT0009748,TXN00479416,ACCT100022461,ML_PATTERN_DETECTED,59,2024-03-11 01:48:41.063525
ALT0009749,TXN00478055,ACCT100079837,ML_PATTERN_DETECTED,95,2023-05-31 15:30:34.770670
ALT0009750,TXN00482873,ACCT100007457,ML_PATTERN_DETECTED,66,2024-10-21 15:58:21.644500
ALT0009751,TXN00476954,ACCT100015613,ML_PATTERN_DETECTED,66,2023-08-23 12:23:46.172293
ALT0009752,TXN00485499,ACCT100003424,ML_PATTERN_DETECTED,58,2024-02-28 21:15:07.619805
ALT0009753,TXN00486094,ACCT100085638,ML_PATTERN_DETECTED,59,2023-12-19 14:41:20.432742
ALT0009754,TXN00495964,ACCT100054667,ML_PATTERN_DETECTED,80,2023-07-01 21:40:03.591540
ALT0009755,TXN00483119,ACCT100096103,ML_PATTERN_DETECTED,67,2024-03-15 11:09:45.482522
ALT0009756,TXN00496407,ACCT100063572,ML_PATTERN_DETECTED,91,2023-12-18 04:47:26.654741
ALT0009757,TXN00480912,ACCT100078480,ML_PATTERN_DETECTED,54,2024-12-26 09:59:02.834181
ALT0009758,TXN00489331,ACCT100055178,ML_PATTERN_DETECTED,92,2024-07-05 00:26:51.530175
ALT0009759,TXN00492737,ACCT100058770,ML_PATTERN_DETECTED,83,2023-11-21 10:30:01.706564
ALT0009760,TXN00493283,ACCT100061711,ML_PATTERN_DETECTED,90,2023-10-14 19:20:23.507037
ALT0009761,TXN00479333,ACCT100048341,ML_PATTERN_DETECTED,74,2023-03-05 01:44:07.030877
ALT0009762,TXN00496042,ACCT100093240,ML_PATTERN_DETECTED,89,2024-10-14 16:34:13.270377
ALT0009763,TXN00481618,ACCT100021231,ML_PATTERN_DETECTED,86,2023-01-30 04:57:04.211547
ALT0009764,TXN00489575,ACCT100068717,ML_PATTERN_DETECTED,72,2024-06-27 22:29:51.918747
ALT0009765,TXN00497894,ACCT100067465,ML_PATTERN_DETECTED,62,2023-01-13 20:25:52.635086
ALT0009766,TXN00497730,ACCT100056794,ML_PATTERN_DETECTED,87,2024-09-30 12:44:57.417678
ALT0009767,TXN00492843,ACCT100041314,ML_PATTERN_DETECTED,77,2023-03-21 08:33:11.310961
ALT0009768,TXN00497923,ACCT100083093,ML_PATTERN_DETECTED,55,2023-02-22 09:32:33.412033
ALT0009769,TXN00487535,ACCT100098978,ML_PATTERN_DETECTED,61,2023-07-06 13:44:42.679954
ALT0009770,TXN00483642,ACCT100002820,ML_PATTERN_DETECTED,72,2023-10-24 13:54:06.321565
ALT0009771,TXN00497638,ACCT100028010,ML_PATTERN_DETECTED,69,2023-05-28 22:31:48.838251
ALT0009772,TXN00496352,ACCT100029323,ML_PATTERN_DETECTED,81,2023-02-24 01:43:04.019014
ALT0009773,TXN00480220,ACCT100015408,ML_PATTERN_DETECTED,83,2024-01-18 11:32:25.825147
ALT0009774,TXN00490585,ACCT100012894,ML_PATTERN_DETECTED,63,2023-11-12 04:24:31.338223
ALT0009775,TXN00496480,ACCT100025980,ML_PATTERN_DETECTED,81,2024-09-27 19:01:12.606185
ALT0009776,TXN00477522,ACCT100051490,ML_PATTERN_DETECTED,64,2023-09-04 04:22:28.066620
ALT0009777,TXN00481448,ACCT100087442,ML_PATTERN_DETECTED,69,2023-11-10 11:19:39.840847
ALT0009778,TXN00486755,ACCT100065931,ML_PATTERN_DETECTED,56,2024-12-22 04:52:43.652706
ALT0009779,TXN00480809,ACCT100067879,ML_PATTERN_DETECTED,58,2024-07-10 18:46:27.706374
ALT0009780,TXN00488629,ACCT100064338,ML_PATTERN_DETECTED,51,2024-08-07 04:12:37.277979
ALT0009781,TXN00486838,ACCT100070501,ML_PATTERN_DETECTED,86,2024-01-21 03:02:16.480303
ALT0009782,TXN00488948,ACCT100061097,ML_PATTERN_DETECTED,79,2024-12-27 14:52:05.122694
ALT0009783,TXN00498532,ACCT100087284,ML_PATTERN_DETECTED,70,2024-10-31 05:03:07.567154
ALT0009784,TXN00493053,ACCT100068675,ML_PATTERN_DETECTED,56,2023-11-21 14:32:25.413395
ALT0009785,TXN00491841,ACCT100003421,ML_PATTERN_DETECTED,83,2024-10-08 03:00:12.936848
ALT0009786,TXN00035492,ACCT100053311,HIGH_VALUE_TXN,53,2024-04-10 08:55:11.867100
ALT0009787,TXN00486658,ACCT100059791,ML_PATTERN_DETECTED,55,2024-07-21 18:12:38.362786
ALT0009788,TXN00490444,ACCT100087496,ML_PATTERN_DETECTED,72,2024-08-16 07:03:35.022238
ALT0009789,TXN00495927,ACCT100089543,ML_PATTERN_DETECTED,63,2024-08-11 08:30:13.617361
ALT0009790,TXN00476813,ACCT100097984,ML_PATTERN_DETECTED,60,2024-09-04 03:56:24.383117
ALT0009791,TXN00479037,ACCT100022445,ML_PATTERN_DETECTED,70,2023-10-28 20:15:36.826669
ALT0009792,TXN00484659,ACCT100011460,ML_PATTERN_DETECTED,80,2024-06-09 06:34:10.048568
ALT0009793,TXN00487931,ACCT100016725,ML_PATTERN_DETECTED,67,2023-03-13 07:05:02.662443
ALT0009794,TXN00485068,ACCT100020733,ML_PATTERN_DETECTED,74,2023-09-28 07:13:56.204288
ALT0009795,TXN00476516,ACCT100017307,ML_PATTERN_DETECTED,51,2023-09-17 13:39:55.184302
ALT0009796,TXN00493072,ACCT100046761,ML_PATTERN_DETECTED,75,2024-04-04 12:38:55.724017
ALT0009797,TXN00485142,ACCT100084582,ML_PATTERN_DETECTED,85,2023-01-03 07:52:15.542503
ALT0009798,TXN00488525,ACCT100050935,ML_PATTERN_DETECTED,61,2023-08-07 00:43:27.767156
ALT0009799,TXN00495457,ACCT100066393,ML_PATTERN_DETECTED,54,2023-02-13 23:30:57.584753
ALT0009800,TXN00494256,ACCT100020395,ML_PATTERN_DETECTED,66,2024-04-03 03:36:23.195779
ALT0009801,TXN00498918,ACCT100019792,ML_PATTERN_DETECTED,89,2024-09-18 00:19:00.817255
ALT0009802,TXN00487513,ACCT100032365,ML_PATTERN_DETECTED,73,2024-06-03 21:21:14.476793
ALT0009803,TXN00484028,ACCT100004812,ML_PATTERN_DETECTED,69,2024-06-25 00:15:09.037846
ALT0009804,TXN00476012,ACCT100045641,ML_PATTERN_DETECTED,90,2023-09-25 09:36:39.337655
ALT0009805,TXN00491943,ACCT100092261,ML_PATTERN_DETECTED,55,2023-07-30 01:34:49.850575
ALT0009806,TXN00493709,ACCT100042435,ML_PATTERN_DETECTED,90,2023-09-15 21:43:07.574042
ALT0009807,TXN00488226,ACCT100057393,ML_PATTERN_DETECTED,68,2023-08-19 01:46:25.158648
ALT0009808,TXN00498118,ACCT100043711,ML_PATTERN_DETECTED,71,2024-07-19 13:40:55.305980
ALT0009809,TXN00486082,ACCT100061544,ML_PATTERN_DETECTED,72,2023-01-26 08:05:52.182503
ALT0009810,TXN00482281,ACCT100025908,ML_PATTERN_DETECTED,69,2024-09-23 06:59:56.218116
ALT0009811,TXN00481054,ACCT100026712,ML_PATTERN_DETECTED,75,2024-05-25 20:33:52.418462
ALT0009812,TXN00475280,ACCT100047089,ML_PATTERN_DETECTED,96,2024-08-27 02:00:16.097266
ALT0009813,TXN00478937,ACCT100045546,ML_PATTERN_DETECTED,87,2023-05-03 04:21:16.654537
ALT0009814,TXN00489167,ACCT100008858,ML_PATTERN_DETECTED,83,2023-05-08 08:03:32.397410
ALT0009815,TXN00492607,ACCT100048424,ML_PATTERN_DETECTED,87,2024-03-23 22:31:15.389979
ALT0009816,TXN00478640,ACCT100032902,ML_PATTERN_DETECTED,56,2024-05-06 16:01:07.428363
ALT0009817,TXN00481814,ACCT100097722,ML_PATTERN_DETECTED,54,2023-06-21 19:46:29.002146
ALT0009818,TXN00482410,ACCT100058993,ML_PATTERN_DETECTED,57,2024-01-12 07:21:54.015697
ALT0009819,TXN00485441,ACCT100052352,ML_PATTERN_DETECTED,56,2023-10-28 23:04:48.623182
ALT0009820,TXN00486978,ACCT100085291,ML_PATTERN_DETECTED,58,2023-09-19 22:34:35.778859
ALT0009821,TXN00487635,ACCT100085735,ML_PATTERN_DETECTED,65,2023-03-03 14:58:48.453195
ALT0009822,TXN00482762,ACCT100032585,ML_PATTERN_DETECTED,61,2024-01-30 17:20:23.448631
ALT0009823,TXN00499757,ACCT100087327,ML_PATTERN_DETECTED,90,2024-06-23 04:49:22.879233
ALT0009824,TXN00492761,ACCT100053950,ML_PATTERN_DETECTED,96,2023-05-18 18:35:54.270650
ALT0009825,TXN00486399,ACCT100086644,ML_PATTERN_DETECTED,95,2023-09-22 04:26:43.455020
ALT0009826,TXN00481682,ACCT100054826,ML_PATTERN_DETECTED,90,2024-08-16 02:47:07.485594
ALT0009827,TXN00496081,ACCT100078378,ML_PATTERN_DETECTED,81,2024-04-09 07:37:18.257173
ALT0009828,TXN00496589,ACCT100022910,ML_PATTERN_DETECTED,87,2023-11-27 20:58:33.646713
ALT0009829,TXN00492320,ACCT100017660,ML_PATTERN_DETECTED,91,2024-01-24 17:33:49.744323
ALT0009830,TXN00499462,ACCT100077746,ML_PATTERN_DETECTED,66,2023-07-13 05:51:28.142968
ALT0009831,TXN00495267,ACCT100001450,ML_PATTERN_DETECTED,86,2024-09-13 11:50:16.300245
ALT0009832,TXN00479415,ACCT100001628,ML_PATTERN_DETECTED,89,2024-03-10 13:41:55.127616
ALT0009833,TXN00487108,ACCT100033608,ML_PATTERN_DETECTED,80,2024-07-19 04:44:29.686247
ALT0009834,TXN00496909,ACCT100049108,ML_PATTERN_DETECTED,60,2024-11-05 06:31:54.028461
ALT0009835,TXN00484378,ACCT100086724,ML_PATTERN_DETECTED,61,2023-10-08 04:02:07.972594
ALT0009836,TXN00480117,ACCT100098285,ML_PATTERN_DETECTED,72,2023-12-23 09:23:49.409844
ALT0009837,TXN00482674,ACCT100030844,ML_PATTERN_DETECTED,54,2024-03-25 03:31:11.723206
ALT0009838,TXN00482893,ACCT100035940,ML_PATTERN_DETECTED,71,2024-09-30 04:32:23.150381
ALT0009839,TXN00480579,ACCT100038043,ML_PATTERN_DETECTED,66,2024-10-27 13:39:57.036489
ALT0009840,TXN00483680,ACCT100073407,ML_PATTERN_DETECTED,92,2024-05-24 05:25:56.695384
ALT0009841,TXN00497254,ACCT100012070,ML_PATTERN_DETECTED,65,2024-08-04 20:08:10.198983
ALT0009842,TXN00482362,ACCT100009932,ML_PATTERN_DETECTED,91,2024-11-05 22:24:18.142845
ALT0009843,TXN00483626,ACCT100036663,ML_PATTERN_DETECTED,72,2024-09-15 21:31:25.891309
ALT0009844,TXN00483004,ACCT100032583,ML_PATTERN_DETECTED,63,2023-12-09 11:29:51.699062
ALT0009845,TXN00499900,ACCT100078592,ML_PATTERN_DETECTED,71,2023-08-10 20:38:30.579315
ALT0009846,TXN00476631,ACCT100005117,ML_PATTERN_DETECTED,64,2024-03-07 03:37:13.355858
ALT0009847,TXN00499686,ACCT100097139,ML_PATTERN_DETECTED,76,2024-03-21 07:05:54.781837
ALT0009848,TXN00489966,ACCT100040533,ML_PATTERN_DETECTED,94,2023-05-09 23:34:25.985227
ALT0009849,TXN00493050,ACCT100055425,ML_PATTERN_DETECTED,97,2023-05-04 06:12:30.964229
ALT0009850,TXN00490958,ACCT100006004,ML_PATTERN_DETECTED,62,2023-12-15 00:17:34.763911
ALT0009851,TXN00475526,ACCT100012828,ML_PATTERN_DETECTED,72,2023-03-28 14:51:46.820943
ALT0009852,TXN00492042,ACCT100040829,ML_PATTERN_DETECTED,53,2024-09-12 15:53:43.450228
ALT0009853,TXN00490912,ACCT100095862,ML_PATTERN_DETECTED,72,2024-08-08 10:53:21.569952
ALT0009854,TXN00497720,ACCT100067092,ML_PATTERN_DETECTED,80,2024-06-23 08:09:57.566861
ALT0009855,TXN00491910,ACCT100019130,ML_PATTERN_DETECTED,95,2023-11-06 00:35:37.583879
ALT0009856,TXN00485517,ACCT100055752,ML_PATTERN_DETECTED,69,2023-06-23 00:01:53.587932
ALT0009857,TXN00490107,ACCT100076120,ML_PATTERN_DETECTED,58,2024-07-26 17:36:10.328483
ALT0009858,TXN00486205,ACCT100069614,ML_PATTERN_DETECTED,73,2023-03-03 09:31:30.697753
ALT0009859,TXN00480671,ACCT100083741,ML_PATTERN_DETECTED,74,2023-03-01 02:33:50.464944
ALT0009860,TXN00486237,ACCT100099252,ML_PATTERN_DETECTED,82,2023-06-22 23:38:27.375342
ALT0009861,TXN00486175,ACCT100044643,ML_PATTERN_DETECTED,61,2024-03-06 04:09:35.817315
ALT0009862,TXN00482198,ACCT100059792,ML_PATTERN_DETECTED,72,2023-10-03 00:09:00.468587
ALT0009863,TXN00475624,ACCT100005299,ML_PATTERN_DETECTED,51,2023-12-20 13:30:15.426781
ALT0009864,TXN00482486,ACCT100079145,ML_PATTERN_DETECTED,88,2024-01-31 13:54:08.162438
ALT0009865,TXN00499777,ACCT100052235,ML_PATTERN_DETECTED,94,2023-04-26 03:56:02.064797
ALT0009866,TXN00485939,ACCT100000879,ML_PATTERN_DETECTED,59,2023-09-10 12:56:22.963360
ALT0009867,TXN00475730,ACCT100084022,ML_PATTERN_DETECTED,75,2023-02-09 22:48:47.616494
ALT0009868,TXN00487335,ACCT100057467,ML_PATTERN_DETECTED,72,2024-03-26 23:53:44.682847
ALT0009869,TXN00485088,ACCT100047566,ML_PATTERN_DETECTED,70,2024-02-21 20:25:32.455977
ALT0009870,TXN00486154,ACCT100030237,ML_PATTERN_DETECTED,55,2024-05-14 20:33:59.301021
ALT0009871,TXN00492117,ACCT100088737,ML_PATTERN_DETECTED,67,2023-09-15 00:06:53.849316
ALT0009872,TXN00475131,ACCT100058903,ML_PATTERN_DETECTED,84,2023-07-17 16:46:04.920959
ALT0009873,TXN00484459,ACCT100071804,ML_PATTERN_DETECTED,74,2023-01-24 14:48:25.314439
ALT0009874,TXN00478114,ACCT100081381,ML_PATTERN_DETECTED,71,2023-10-21 06:20:40.625698
ALT0009875,TXN00479009,ACCT100069387,ML_PATTERN_DETECTED,75,2023-06-12 19:05:08.463845
ALT0009876,TXN00477245,ACCT100090839,ML_PATTERN_DETECTED,76,2023-03-27 22:31:45.796713
ALT0009877,TXN00490496,ACCT100032424,ML_PATTERN_DETECTED,91,2024-10-04 06:52:39.910492
ALT0009878,TXN00485266,ACCT100059682,ML_PATTERN_DETECTED,61,2024-02-13 01:12:25.813917
ALT0009879,TXN00495001,ACCT100069087,ML_PATTERN_DETECTED,78,2024-04-15 01:32:39.143788
ALT0009880,TXN00477784,ACCT100008595,ML_PATTERN_DETECTED,87,2024-12-23 19:58:03.988273
ALT0009881,TXN00495108,ACCT100022845,ML_PATTERN_DETECTED,84,2023-05-27 06:33:46.034980
ALT0009882,TXN00488031,ACCT100080314,ML_PATTERN_DETECTED,84,2023-08-05 19:21:31.100196
ALT0009883,TXN00497511,ACCT100098910,ML_PATTERN_DETECTED,55,2024-09-05 12:14:59.207142
ALT0009884,TXN00499068,ACCT100080371,ML_PATTERN_DETECTED,84,2024-07-20 23:22:31.979595
ALT0009885,TXN00476903,ACCT100001471,ML_PATTERN_DETECTED,53,2024-09-13 12:51:21.411162
ALT0009886,TXN00477303,ACCT100078213,ML_PATTERN_DETECTED,75,2023-09-08 02:00:35.046771
ALT0009887,TXN00494167,ACCT100039600,ML_PATTERN_DETECTED,82,2023-09-05 12:13:08.741439
ALT0009888,TXN00488759,ACCT100012910,ML_PATTERN_DETECTED,84,2024-12-21 18:13:48.385691
ALT0009889,TXN00485821,ACCT100014507,ML_PATTERN_DETECTED,90,2023-05-05 07:24:14.902184
ALT0009890,TXN00482237,ACCT100027273,ML_PATTERN_DETECTED,55,2023-10-11 01:39:04.699881
ALT0009891,TXN00498007,ACCT100069503,ML_PATTERN_DETECTED,72,2023-05-09 22:15:51.002782
ALT0009892,TXN00482068,ACCT100026053,ML_PATTERN_DETECTED,97,2023-06-19 20:17:52.659050
ALT0009893,TXN00490198,ACCT100048915,ML_PATTERN_DETECTED,85,2023-02-02 18:14:17.274786
ALT0009894,TXN00475481,ACCT100011766,ML_PATTERN_DETECTED,59,2023-08-22 12:39:49.803637
ALT0009895,TXN00495000,ACCT100057671,ML_PATTERN_DETECTED,56,2023-02-27 09:39:52.722980
ALT0009896,TXN00496925,ACCT100064421,ML_PATTERN_DETECTED,64,2023-08-09 10:14:05.190781
ALT0009897,TXN00490661,ACCT100087544,ML_PATTERN_DETECTED,63,2024-08-12 20:42:18.838772
ALT0009898,TXN00498636,ACCT100054537,ML_PATTERN_DETECTED,59,2024-04-06 17:30:43.965611
ALT0009899,TXN00489721,ACCT100049258,ML_PATTERN_DETECTED,64,2024-06-25 02:38:45.822678
ALT0009900,TXN00477690,ACCT100023337,ML_PATTERN_DETECTED,88,2023-08-27 03:00:24.303203
ALT0009901,TXN00481089,ACCT100082686,ML_PATTERN_DETECTED,54,2024-04-05 02:43:57.867517
ALT0009902,TXN00478709,ACCT100051852,ML_PATTERN_DETECTED,66,2023-09-21 14:06:08.632019
ALT0009903,TXN00494681,ACCT100052167,ML_PATTERN_DETECTED,58,2023-10-13 15:57:29.060593
ALT0009904,TXN00499825,ACCT100069214,ML_PATTERN_DETECTED,52,2024-07-24 15:06:17.228222
ALT0009905,TXN00479682,ACCT100073360,ML_PATTERN_DETECTED,97,2023-01-23 11:51:25.404205
ALT0009906,TXN00485366,ACCT100084072,ML_PATTERN_DETECTED,85,2023-07-14 03:03:48.862942
ALT0009907,TXN00482391,ACCT100077502,ML_PATTERN_DETECTED,82,2023-12-19 00:58:54.792450
ALT0009908,TXN00484406,ACCT100099185,ML_PATTERN_DETECTED,66,2024-07-29 08:22:50.912506
ALT0009909,TXN00489610,ACCT100097713,ML_PATTERN_DETECTED,79,2023-07-14 23:06:57.902084
ALT0009910,TXN00497994,ACCT100000896,ML_PATTERN_DETECTED,87,2023-01-10 20:54:25.266493
ALT0009911,TXN00494264,ACCT100092530,ML_PATTERN_DETECTED,75,2023-01-18 13:58:14.758203
ALT0009912,TXN00485558,ACCT100015630,ML_PATTERN_DETECTED,60,2023-01-31 04:32:01.548912
ALT0009913,TXN00489922,ACCT100070093,ML_PATTERN_DETECTED,57,2024-04-10 01:17:51.831010
ALT0009914,TXN00482993,ACCT100050986,ML_PATTERN_DETECTED,72,2023-07-26 17:12:00.401766
ALT0009915,TXN00498737,ACCT100079606,ML_PATTERN_DETECTED,56,2023-03-29 11:26:36.463374
ALT0009916,TXN00480708,ACCT100018589,ML_PATTERN_DETECTED,64,2024-08-30 23:43:19.112008
ALT0009917,TXN00494707,ACCT100069988,ML_PATTERN_DETECTED,56,2023-02-13 18:41:02.334482
ALT0009918,TXN00483470,ACCT100006489,ML_PATTERN_DETECTED,72,2024-07-03 16:26:57.482607
ALT0009919,TXN00478940,ACCT100061531,ML_PATTERN_DETECTED,69,2024-09-05 03:01:59.229745
ALT0009920,TXN00485223,ACCT100062595,ML_PATTERN_DETECTED,50,2024-10-30 05:46:51.036769
ALT0009921,TXN00493958,ACCT100049217,ML_PATTERN_DETECTED,68,2023-11-15 05:20:18.329617
ALT0009922,TXN00490826,ACCT100046709,ML_PATTERN_DETECTED,78,2023-10-27 10:29:17.488616
ALT0009923,TXN00499966,ACCT100070892,ML_PATTERN_DETECTED,55,2024-07-12 10:10:14.417624
ALT0009924,TXN00476514,ACCT100032290,ML_PATTERN_DETECTED,76,2024-09-21 06:24:04.433379
ALT0009925,TXN00494631,ACCT100061546,ML_PATTERN_DETECTED,82,2024-11-04 21:29:58.859828
ALT0009926,TXN00484050,ACCT100052386,ML_PATTERN_DETECTED,77,2024-06-29 15:50:13.956329
ALT0009927,TXN00497088,ACCT100025075,ML_PATTERN_DETECTED,56,2024-03-29 11:14:22.250813
ALT0009928,TXN00479462,ACCT100054183,ML_PATTERN_DETECTED,82,2024-09-04 07:29:50.906158
ALT0009929,TXN00498181,ACCT100046393,ML_PATTERN_DETECTED,96,2023-05-26 00:06:28.733103
ALT0009930,TXN00494920,ACCT100048150,ML_PATTERN_DETECTED,51,2024-09-03 03:45:18.697067
ALT0009931,TXN00496821,ACCT100058269,ML_PATTERN_DETECTED,81,2023-02-06 16:43:44.830492
ALT0009932,TXN00492255,ACCT100045141,ML_PATTERN_DETECTED,83,2024-06-26 16:29:08.711894
ALT0009933,TXN00496412,ACCT100025125,ML_PATTERN_DETECTED,97,2024-11-15 09:01:58.490125
ALT0009934,TXN00476492,ACCT100007382,ML_PATTERN_DETECTED,92,2024-11-05 17:04:57.117718
ALT0009935,TXN00492022,ACCT100090449,ML_PATTERN_DETECTED,78,2024-05-12 16:11:38.745202
ALT0009936,TXN00487470,ACCT100061726,ML_PATTERN_DETECTED,60,2024-11-12 03:50:57.933736
ALT0009937,TXN00489220,ACCT100078226,ML_PATTERN_DETECTED,52,2023-12-25 04:00:28.401284
ALT0009938,TXN00480615,ACCT100020380,ML_PATTERN_DETECTED,67,2024-05-17 15:11:24.213299
ALT0009939,TXN00478125,ACCT100015809,ML_PATTERN_DETECTED,71,2024-08-29 12:29:27.804696
ALT0009940,TXN00476229,ACCT100089574,ML_PATTERN_DETECTED,79,2024-12-19 11:30:20.046505
ALT0009941,TXN00483232,ACCT100047102,ML_PATTERN_DETECTED,53,2023-07-31 21:17:48.894066
ALT0009942,TXN00481123,ACCT100083321,ML_PATTERN_DETECTED,62,2023-04-22 00:02:08.830934
ALT0009943,TXN00494753,ACCT100039442,ML_PATTERN_DETECTED,87,2024-04-19 03:48:32.798206
ALT0009944,TXN00477419,ACCT100001466,ML_PATTERN_DETECTED,96,2023-10-06 16:52:25.442964
ALT0009945,TXN00480535,ACCT100013773,ML_PATTERN_DETECTED,54,2023-05-13 11:13:05.778747
ALT0009946,TXN00484608,ACCT100070848,ML_PATTERN_DETECTED,76,2023-12-04 07:22:12.098453
ALT0009947,TXN00479414,ACCT100011975,ML_PATTERN_DETECTED,57,2024-02-21 10:13:09.064610
ALT0009948,TXN00481321,ACCT100056498,ML_PATTERN_DETECTED,73,2023-03-06 04:52:53.699272
ALT0009949,TXN00485073,ACCT100061786,ML_PATTERN_DETECTED,75,2023-05-31 08:48:42.242921
ALT0009950,TXN00499640,ACCT100007911,ML_PATTERN_DETECTED,98,2023-06-17 04:51:52.482606
ALT0009951,TXN00487502,ACCT100022435,ML_PATTERN_DETECTED,72,2023-11-26 15:17:46.825861
ALT0009952,TXN00481268,ACCT100052787,ML_PATTERN_DETECTED,78,2024-06-09 18:57:14.179924
ALT0009953,TXN00475607,ACCT100000241,ML_PATTERN_DETECTED,89,2024-09-23 17:20:07.316484
ALT0009954,TXN00493377,ACCT100025810,ML_PATTERN_DETECTED,77,2024-04-15 04:34:19.116754
ALT0009955,TXN00486118,ACCT100087057,ML_PATTERN_DETECTED,66,2023-03-26 13:43:15.975120
ALT0009956,TXN00478547,ACCT100091778,ML_PATTERN_DETECTED,54,2024-06-25 08:44:52.365263
ALT0009957,TXN00491138,ACCT100004203,ML_PATTERN_DETECTED,89,2023-11-06 02:36:44.883022
ALT0009958,TXN00492613,ACCT100036563,ML_PATTERN_DETECTED,74,2023-07-08 16:41:51.496766
ALT0009959,TXN00494003,ACCT100017402,ML_PATTERN_DETECTED,90,2023-06-04 10:53:48.511958
ALT0009960,TXN00499227,ACCT100087757,ML_PATTERN_DETECTED,71,2024-12-26 02:12:04.259570
ALT0009961,TXN00479242,ACCT100005930,ML_PATTERN_DETECTED,94,2024-03-26 15:28:29.816761
ALT0009962,TXN00485244,ACCT100005710,ML_PATTERN_DETECTED,62,2024-10-29 00:23:03.182413
ALT0009963,TXN00486894,ACCT100009529,ML_PATTERN_DETECTED,64,2024-06-24 18:48:46.875216
ALT0009964,TXN00497630,ACCT100099037,ML_PATTERN_DETECTED,79,2023-05-22 07:50:58.803154
ALT0009965,TXN00494635,ACCT100075782,ML_PATTERN_DETECTED,96,2024-02-23 20:19:43.250978
ALT0009966,TXN00484969,ACCT100057937,ML_PATTERN_DETECTED,60,2024-02-06 07:52:39.356844
ALT0009967,TXN00498590,ACCT100058005,ML_PATTERN_DETECTED,75,2023-07-10 14:56:35.164857
ALT0009968,TXN00478987,ACCT100030105,ML_PATTERN_DETECTED,57,2023-09-26 22:59:25.118751
ALT0009969,TXN00495537,ACCT100064254,ML_PATTERN_DETECTED,80,2023-11-30 14:04:36.986514
ALT0009970,TXN00499010,ACCT100083277,ML_PATTERN_DETECTED,74,2024-03-01 09:22:02.925131
ALT0009971,TXN00478862,ACCT100078455,ML_PATTERN_DETECTED,85,2024-12-28 22:40:12.904287
ALT0009972,TXN00498495,ACCT100090448,ML_PATTERN_DETECTED,55,2024-01-09 08:47:07.365041
ALT0009973,TXN00488810,ACCT100020152,ML_PATTERN_DETECTED,64,2024-09-09 00:07:04.559200
ALT0009974,TXN00487482,ACCT100090828,ML_PATTERN_DETECTED,95,2023-01-23 21:08:32.327292
ALT0009975,TXN00487522,ACCT100078402,ML_PATTERN_DETECTED,91,2023-04-07 11:46:52.051231
ALT0009976,TXN00477292,ACCT100009831,ML_PATTERN_DETECTED,88,2023-11-21 19:57:22.471916
ALT0009977,TXN00478024,ACCT100039197,ML_PATTERN_DETECTED,84,2023-10-08 13:47:08.878817
ALT0009978,TXN00497265,ACCT100080954,ML_PATTERN_DETECTED,81,2024-12-11 11:09:21.844077
ALT0009979,TXN00480553,ACCT100028599,ML_PATTERN_DETECTED,94,2023-11-03 10:40:50.257201
ALT0009980,TXN00487478,ACCT100006003,ML_PATTERN_DETECTED,83,2023-05-17 20:54:04.286560
ALT0009981,TXN00481271,ACCT100065241,ML_PATTERN_DETECTED,76,2024-04-20 07:51:12.741590
ALT0009982,TXN00486820,ACCT100048231,ML_PATTERN_DETECTED,86,2024-07-05 04:24:44.887588
ALT0009983,TXN00495187,ACCT100053491,ML_PATTERN_DETECTED,92,2023-09-21 03:25:06.743819
ALT0009984,TXN00485372,ACCT100009406,ML_PATTERN_DETECTED,55,2023-12-25 21:10:41.145722
ALT0009985,TXN00482843,ACCT100021892,ML_PATTERN_DETECTED,92,2023-04-30 12:24:49.212740
ALT0009986,TXN00492067,ACCT100023485,ML_PATTERN_DETECTED,63,2023-06-06 00:53:41.376945
ALT0009987,TXN00488177,ACCT100015129,ML_PATTERN_DETECTED,82,2024-07-15 01:46:00.286596
ALT0009988,TXN00498423,ACCT100005242,ML_PATTERN_DETECTED,61,2023-01-01 16:42:43.464871
ALT0009989,TXN00483989,ACCT100098163,ML_PATTERN_DETECTED,60,2024-10-12 07:43:41.779462
ALT0009990,TXN00487885,ACCT100094543,ML_PATTERN_DETECTED,91,2023-07-26 09:13:45.094790
ALT0009991,TXN00482476,ACCT100071926,ML_PATTERN_DETECTED,55,2024-10-17 15:36:52.858719
ALT0009992,TXN00482148,ACCT100004049,ML_PATTERN_DETECTED,68,2024-02-02 04:52:46.371616
ALT0009993,TXN00493876,ACCT100038152,ML_PATTERN_DETECTED,76,2024-04-16 08:25:58.522978
ALT0009994,TXN00489877,ACCT100001946,ML_PATTERN_DETECTED,56,2023-01-19 16:25:26.244572
ALT0009995,TXN00498701,ACCT100001086,ML_PATTERN_DETECTED,86,2023-04-07 05:38:24.309137
ALT0009996,TXN00492789,ACCT100076244,ML_PATTERN_DETECTED,64,2023-03-03 19:07:45.381186
ALT0009997,TXN00475105,ACCT100069129,ML_PATTERN_DETECTED,68,2023-01-15 16:54:52.149913
ALT0009998,TXN00495757,ACCT100012187,ML_PATTERN_DETECTED,98,2024-10-08 20:52:23.205432
ALT0009999,TXN00483328,ACCT100090085,ML_PATTERN_DETECTED,73,2023-05-29 21:21:06.232095
ALT0010000,TXN00478525,ACCT100037974,ML_PATTERN_DETECTED,85,2024-08-11 08:15:45.611335
ALT0010001,TXN00481157,ACCT100076413,ML_PATTERN_DETECTED,67,2023-12-21 22:21:41.948963
ALT0010002,TXN00480804,ACCT100084400,ML_PATTERN_DETECTED,70,2023-09-27 17:16:09.103159
ALT0010003,TXN00499259,ACCT100069836,ML_PATTERN_DETECTED,87,2023-01-19 06:06:30.736388
ALT0010004,TXN00492389,ACCT100081466,ML_PATTERN_DETECTED,78,2023-06-25 10:08:39.683542
ALT0010005,TXN00487556,ACCT100048052,ML_PATTERN_DETECTED,90,2023-04-15 08:48:55.819273
ALT0010006,TXN00481062,ACCT100072676,ML_PATTERN_DETECTED,95,2024-05-26 21:49:35.157478
ALT0010007,TXN00497130,ACCT100068202,ML_PATTERN_DETECTED,73,2024-10-13 20:31:16.245884
ALT0010008,TXN00483091,ACCT100073856,ML_PATTERN_DETECTED,97,2023-11-18 05:11:27.014899
ALT0010009,TXN00499762,ACCT100065232,ML_PATTERN_DETECTED,74,2023-03-28 21:17:58.880641
ALT0010010,TXN00496246,ACCT100076074,ML_PATTERN_DETECTED,76,2023-04-14 22:03:32.754777
ALT0010011,TXN00479014,ACCT100069669,ML_PATTERN_DETECTED,78,2023-06-16 22:34:11.335103
ALT0010012,TXN00491766,ACCT100097645,ML_PATTERN_DETECTED,93,2023-12-05 18:30:59.683306
ALT0010013,TXN00484807,ACCT100026297,ML_PATTERN_DETECTED,58,2023-08-06 02:26:19.581149
ALT0010014,TXN00477961,ACCT100043275,ML_PATTERN_DETECTED,53,2023-12-08 05:39:48.429849
ALT0010015,TXN00492224,ACCT100040302,ML_PATTERN_DETECTED,57,2023-08-28 00:03:31.432793
ALT0010016,TXN00496913,ACCT100045715,ML_PATTERN_DETECTED,50,2023-11-02 10:04:19.886540
ALT0010017,TXN00494208,ACCT100044412,ML_PATTERN_DETECTED,82,2023-06-02 04:41:09.020380
ALT0010018,TXN00487462,ACCT100009971,ML_PATTERN_DETECTED,73,2023-06-19 02:59:22.793655
ALT0010019,TXN00477517,ACCT100014529,ML_PATTERN_DETECTED,89,2024-12-11 10:43:28.536458
ALT0010020,TXN00497546,ACCT100072490,ML_PATTERN_DETECTED,73,2024-01-15 10:41:15.575125
ALT0010021,TXN00493814,ACCT100071063,ML_PATTERN_DETECTED,60,2024-07-01 21:43:24.029150
