ACCOUNT_ID,CUSTOMER_ID,ACCOUNT_TYPE,ACCOUNT_STATUS,OPEN_DATE,CURRENT_BALANCE,CURRENCY,NUM_SIGNATORIES,EXPECTED_MONTHLY_TXN,ACCOUNT_RISK_RATING,NUM_LINKED_ACCOUNTS,DEBIT_CARD_ISSUED,INTERNET_BANKING
ACCT100000001,CUST0002108,NRO,DORMANT,2013-11-06,61451.47,INR,2,80314.09,4,3,1,1
ACCT100000002,CUST0007582,NRE,ACTIVE,2021-11-23,1524760.28,INR,1,50038.99,6,1,1,1
ACCT100000003,CUST0005517,SAVINGS,ACTIVE,2021-01-22,5535.75,USD,1,19055.02,5,1,1,1
ACCT100000004,CUST0000148,NRO,ACTIVE,2014-06-13,429631.01,INR,1,75323.97,4,2,1,1
ACCT100000005,CUST0007624,CURRENT,ACTIVE,2017-02-22,310474.66,INR,1,26422.3,3,4,1,0
ACCT100000006,CUST0001672,TRUST,DORMANT,2020-01-09,252771.71,INR,2,133073.48,9,2,1,1
ACCT100000007,CUST0005603,NRE,ACTIVE,2015-01-15,36283.22,INR,1,157268.97,7,2,1,1
ACCT100000008,CUST0006220,SAVINGS,ACTIVE,2013-03-19,1223.67,INR,1,50311.88,5,4,1,0
ACCT100000009,CUST0001429,CURRENT,DORMANT,2017-11-26,820624.85,INR,1,587746.22,4,1,0,0
ACCT100000010,CUST0006285,CURRENT,ACTIVE,2021-07-25,217755.81,INR,2,11946.95,1,1,1,0
ACCT100000011,CUST0005878,SALARY,ACTIVE,2018-06-30,21813.7,USD,2,3707.9,1,2,1,1
ACCT100000012,CUST0005150,CURRENT,ACTIVE,2012-02-13,7928.09,INR,1,5820.57,4,3,1,1
ACCT100000013,CUST0000478,SAVINGS,ACTIVE,2021-09-18,146644.46,INR,3,36923.94,5,1,1,1
ACCT100000014,CUST0007729,NRE,ACTIVE,2017-02-27,141252.75,GBP,2,63076.74,4,2,1,0
ACCT100000015,CUST0005306,SALARY,ACTIVE,2013-06-16,11217.08,USD,1,36313.12,5,2,1,0
ACCT100000016,CUST0005934,NRE,ACTIVE,2018-11-01,4273183.49,INR,2,205685.39,5,2,1,1
ACCT100000017,CUST0004098,SALARY,ACTIVE,2021-01-04,17563.4,AED,3,1066.41,3,1,0,1
ACCT100000018,CUST0000915,SALARY,ACTIVE,2013-10-05,54196.77,INR,1,8167.21,1,1,1,1
ACCT100000019,CUST0003867,SAVINGS,ACTIVE,2018-01-04,2010.95,USD,2,6080.48,4,3,1,1
ACCT100000020,CUST0001159,SAVINGS,ACTIVE,2013-04-09,13106.36,INR,1,40717.51,1,3,1,1
ACCT100000021,CUST0002738,NRE,ACTIVE,2018-08-28,82232.58,INR,2,5637.28,5,1,1,1
ACCT100000022,CUST0005339,NRO,DORMANT,2015-12-11,55154.95,SGD,1,14388.25,6,1,1,1
ACCT100000023,CUST0001333,CURRENT,BLOCKED,2016-03-12,55068.01,SGD,1,59366.11,4,1,1,1
ACCT100000024,CUST0007242,SHELL,ACTIVE,2016-11-15,1225291.1,USD,1,238712.86,10,3,1,0
ACCT100000025,CUST0001833,SAVINGS,BLOCKED,2012-10-11,18777.52,INR,2,3339.53,2,3,1,1
ACCT100000026,CUST0005260,SALARY,CLOSED,2020-07-25,9483.71,SGD,1,1743.86,1,2,1,1
ACCT100000027,CUST0006545,SALARY,ACTIVE,2014-05-08,7069.62,INR,1,8990.38,3,1,1,1
ACCT100000028,CUST0004040,SALARY,ACTIVE,2012-05-04,43865.07,USD,1,6327.6,1,3,1,1
ACCT100000029,CUST0007992,CURRENT,ACTIVE,2014-09-21,221168.05,USD,1,19866.81,2,1,1,1
ACCT100000030,CUST0003661,SAVINGS,DORMANT,2012-09-12,8932.5,INR,1,63624.55,3,1,0,1
ACCT100000031,CUST0004216,CURRENT,ACTIVE,2013-10-15,1525141.38,INR,1,20235.33,3,3,0,1
ACCT100000032,CUST0006677,SAVINGS,ACTIVE,2015-12-01,247.09,INR,1,13428.39,1,3,1,1
ACCT100000033,CUST0007676,SAVINGS,ACTIVE,2018-09-04,34662.85,INR,1,4369.91,3,1,1,1
ACCT100000034,CUST0002889,SALARY,ACTIVE,2016-11-25,882.2,INR,1,4665.99,1,1,1,1
ACCT100000035,CUST0003813,SHELL,DORMANT,2012-12-20,2973500.74,INR,1,131147.69,8,4,0,1
ACCT100000036,CUST0006414,SALARY,ACTIVE,2019-06-26,170973.57,INR,2,993.36,5,2,1,1
ACCT100000037,CUST0007532,SAVINGS,ACTIVE,2013-06-05,40443.94,GBP,2,14168.95,2,1,1,1
ACCT100000038,CUST0004118,CURRENT,ACTIVE,2019-10-28,818281.09,AED,3,33563.24,4,1,1,1
ACCT100000039,CUST0001929,SALARY,CLOSED,2018-06-03,16655.1,INR,1,4503.65,2,5,0,1
ACCT100000040,CUST0005126,SALARY,ACTIVE,2017-09-28,139448.49,USD,2,4321.43,5,3,1,1
ACCT100000041,CUST0002170,nre,ACTIVE,2018-04-08,67699.21,INR,1,16695.41,5,3,1,1
ACCT100000042,CUST0007852,SAVINGS,ACTIVE,2021-01-26,6848.28,SGD,2,3636.88,1,1,1,1
ACCT100000043,CUST0002038,CURRENT,ACTIVE,2019-12-16,58554.79,INR,1,9968.35,3,2,0,1
ACCT100000044,CUST0001040,CURRENT,ACTIVE,2014-07-05,1294270.04,AED,1,2213.31,1,1,1,1
ACCT100000045,CUST0001762,SAVINGS,ACTIVE,2018-04-02,65031.91,USD,1,60272.27,1,1,1,1
ACCT100000046,CUST0002348,SAVINGS,CLOSED,2014-11-08,877.97,AED,3,4882.84,3,1,1,1
ACCT100000047,CUST0002845,TRUST,ACTIVE,2021-09-26,1622012.78,INR,2,97017.81,10,2,1,1
ACCT100000048,CUST0004629,CURRENT,ACTIVE,2016-06-14,307731.83,INR,1,84423.35,3,3,1,1
ACCT100000049,CUST0005698,SALARY,ACTIVE,2020-01-02,2701.18,USD,3,4478.68,2,3,1,1
ACCT100000050,CUST0007752,CURRENT,ACTIVE,2013-04-04,122210.27,INR,1,50486.08,1,1,1,1
ACCT100000051,CUST0006436,SHELL,ACTIVE,2020-04-25,1072344.4,USD,1,913241.18,8,2,1,1
ACCT100000052,CUST0006275,NRO,ACTIVE,2020-12-27,50303.65,INR,1,110196.43,7,1,1,1
ACCT100000053,CUST0007097,SAVINGS,ACTIVE,2012-05-05,9865.88,INR,2,10768.98,1,2,1,1
ACCT100000054,CUST0003825,NRE,ACTIVE,2021-08-20,9933.65,INR,1,34083.01,5,1,1,1
ACCT100000055,CUST0001841,SALARY,ACTIVE,2013-11-02,5796.59,INR,3,5536.12,5,1,1,1
ACCT100000056,CUST0004137,CURRENT,ACTIVE,2018-05-10,33200.78,INR,2,46461.02,2,2,1,1
ACCT100000057,CUST0002789,CURRENT,CLOSED,2021-02-07,32486.46,INR,1,5635.19,2,5,0,1
ACCT100000058,CUST0002652,CURRENT,ACTIVE,2019-06-20,38297.25,AED,2,216327.36,3,5,1,1
ACCT100000059,CUST0006578,savings,ACTIVE,2013-12-20,296876.0,INR,1,14561.22,3,2,1,0
ACCT100000060,CUST0005134,CURRENT,ACTIVE,2018-12-22,85818.16,AED,1,34389.69,5,1,1,1
ACCT100000061,CUST0007063,CURRENT,ACTIVE,2018-10-12,194999.85,USD,1,13687.86,3,1,0,1
ACCT100000062,CUST0001648,current,ACTIVE,2017-06-24,134991.88,INR,2,55505.37,1,2,1,0
ACCT100000063,CUST0006978,SALARY,ACTIVE,2018-12-20,12294.48,INR,1,5614.0,4,3,0,1
ACCT100000064,CUST0005800,SAVINGS,ACTIVE,2016-01-09,202535.24,INR,2,1492.72,3,4,0,1
ACCT100000065,CUST0001685,shell,ACTIVE,2021-10-15,7682434.2,USD,1,303366.52,7,3,1,1
ACCT100000066,CUST0002781,SAVINGS,ACTIVE,2013-11-13,66509.56,GBP,3,12963.58,5,2,1,1
ACCT100000067,CUST0001249,salary,ACTIVE,2016-09-28,16838.98,AED,1,2536.47,1,1,1,1
ACCT100000068,CUST0006955,CURRENT,ACTIVE,2015-02-26,48581.75,INR,3,293941.48,1,3,1,0
ACCT100000069,CUST0001966,SAVINGS,ACTIVE,2019-08-08,36098.71,USD,1,238392.37,5,3,1,0
ACCT100000070,CUST0004528, SAVINGS ,ACTIVE,2016-07-13,1369.23,INR,1,15083.78,1,1,1,1
ACCT100000071,CUST0000985,SALARY,ACTIVE,2019-12-31,13269.23,INR,1,1605.46,5,3,1,1
ACCT100000072,CUST0005317,CURRENT,ACTIVE,2018-07-10,263262.89,AED,2,19437.09,3,1,0,1
ACCT100000073,CUST0004382,NRE,ACTIVE,2013-09-18,20669.53,SGD,1,170305.81,6,1,1,1
ACCT100000074,CUST0006056,salary,ACTIVE,2017-06-09,1266.99,INR,1,15213.93,2,1,1,1
ACCT100000075,CUST0006442,SAVINGS,ACTIVE,2018-10-09,6505.28,AED,2,37691.29,4,1,1,0
ACCT100000076,CUST0002012,TRUST,DORMANT,2016-03-01,100221.72,INR,1,2472705.89,10,1,1,1
ACCT100000077,CUST0005617,SAVINGS,ACTIVE,2012-09-01,48495.07,GBP,1,28835.33,5,2,0,1
ACCT100000078,CUST0000499,SAVINGS,ACTIVE,2016-01-02,30572.74,INR,1,1649.1,3,4,1,1
ACCT100000079,CUST0001048,current,ACTIVE,2015-12-09,466100.91,USD,1,7590.51,3,1,0,1
ACCT100000080,CUST0000209,CURRENT,ACTIVE,2017-02-09,8837.86,USD,1,21491.4,5,2,1,1
ACCT100000081,CUST0006459,CURRENT,ACTIVE,2013-02-27,58378.04,SGD,1,248678.83,3,3,0,1
ACCT100000082,CUST0000193,SAVINGS,ACTIVE,2015-08-08,222690.84,AED,1,106666.47,1,2,0,1
ACCT100000083,CUST0002614,SAVINGS,ACTIVE,2020-04-23,176603.82,INR,2,29748.05,3,1,1,0
ACCT100000084,CUST0001851,TRUST,ACTIVE,2015-05-26,30978.8,SGD,1,122703.39,8,2,1,1
ACCT100000085,CUST0004330,nre,ACTIVE,2016-10-02,10092.56,INR,2,50748.28,4,1,1,1
ACCT100000086,CUST0004990,SAVINGS,ACTIVE,2020-04-24,43361.04,INR,1,2673.18,5,2,1,1
ACCT100000087,CUST0002383,SAVINGS,ACTIVE,2019-01-03,3203.22,USD,1,9782.79,1,1,1,1
ACCT100000088,CUST0005436,SALARY,DORMANT,2015-10-28,4708.99,INR,1,11523.48,2,1,1,1
ACCT100000089,CUST0005104,NRO,ACTIVE,2017-04-19,273304.85,INR,3,28166.95,7,2,1,1
ACCT100000090,CUST0005670,SAVINGS,ACTIVE,2014-07-14,19053.26,GBP,1,8645.1,2,1,1,1
ACCT100000091,CUST0003777,SALARY,ACTIVE,2020-03-31,77006.08,INR,2,9680.07,4,1,0,1
ACCT100000092,CUST0001928,CURRENT,ACTIVE,2019-12-27,8230.67,INR,2,116434.72,4,1,1,1
ACCT100000093,CUST0004068,CURRENT,ACTIVE,2020-12-04,64785.83,INR,1,7298.64,1,2,1,1
ACCT100000094,CUST0002571,NRE,BLOCKED,2021-04-18,92294.93,GBP,1,26255.98,5,1,1,1
ACCT100000095,CUST0007082,SALARY,DORMANT,2018-03-09,27639.38,USD,2,7583.05,4,1,1,1
ACCT100000096,CUST0004340,SALARY,ACTIVE,2015-04-02,19476.95,INR,2,4280.82,1,4,1,1
ACCT100000097,CUST0006839,CURRENT,ACTIVE,2016-11-01,92091.5,INR,1,81895.97,3,1,0,0
ACCT100000098,CUST0004521,CURRENT,ACTIVE,2021-02-20,368596.09,SGD,3,655043.0,2,1,1,1
ACCT100000099,CUST0001516,SALARY,ACTIVE,2020-03-08,41426.97,INR,2,3924.67,5,1,1,1
ACCT100000100,CUST0003566,NRO,ACTIVE,2012-02-11,972782.01,USD,1,681212.28,7,1,0,1
ACCT100000101,CUST0000229,SAVINGS,ACTIVE,2019-01-04,13753.49,INR,2,16751.54,3,1,1,1
ACCT100000102,CUST0000643,CURRENT,DORMANT,2016-08-21,190795.36,AED,1,43325.32,5,2,1,0
ACCT100000103,CUST0001675,SALARY,DORMANT,2019-04-19,5647.04,INR,1,18511.26,1,1,0,1
ACCT100000104,CUST0002364,SAVINGS,DORMANT,2021-06-28,7983.52,INR,1,3398.69,4,2,1,1
ACCT100000105,CUST0005770,SAVINGS,ACTIVE,2015-03-02,3464.95,INR,1,25684.0,1,1,1,1
ACCT100000106,CUST0000140,SAVINGS,ACTIVE,2013-03-27,591799.11,INR,1,39490.42,1,2,1,1
ACCT100000107,CUST0006084,SALARY,ACTIVE,2015-12-08,3187.69,USD,2,13402.33,2,4,1,1
ACCT100000108,CUST0007976,SAVINGS,ACTIVE,2014-05-21,87284.83,AED,2,17561.51,4,1,1,1
ACCT100000109,CUST0006183,CURRENT,ACTIVE,2014-01-23,135169.15,USD,2,29719.38,4,2,1,1
ACCT100000110,CUST0004608,SAVINGS,ACTIVE,2017-06-26,31241.92,INR,1,4293.73,2,1,0,1
ACCT100000111,CUST0002064,SAVINGS,ACTIVE,2015-11-23,26822.5,INR,1,14010.48,5,1,1,1
ACCT100000112,CUST0002932,NRE,ACTIVE,2012-07-25,183762.04,GBP,2,59518.82,6,2,1,1
ACCT100000113,CUST0007523,CURRENT,ACTIVE,2014-07-29,25485.2,AED,1,525687.19,5,1,0,1
ACCT100000114,CUST0001433,SAVINGS,ACTIVE,2017-02-27,191991.27,INR,1,71709.75,2,3,1,1
ACCT100000115,CUST0005020,SAVINGS,ACTIVE,2014-05-09,4208.15,AED,1,9797.31,2,3,1,1
ACCT100000116,CUST0004348,TRUST,ACTIVE,2015-07-28,506419.61,INR,1,242593.65,7,1,1,1
ACCT100000117,CUST0001799,CURRENT,ACTIVE,2015-11-29,70551.23,SGD,1,34110.65,5,1,1,1
ACCT100000118,CUST0003920,NRE,CLOSED,2018-02-19,447834.36,SGD,2,78571.59,5,1,1,1
ACCT100000119,CUST0006993,CURRENT,BLOCKED,2017-05-21,249478.6,USD,2,4706.11,3,2,1,1
ACCT100000120,CUST0005493,SAVINGS,ACTIVE,2017-09-06,10735.0,INR,3,689757.93,5,2,0,0
ACCT100000121,CUST0004348,CURRENT,ACTIVE,2019-04-29,52627.74,GBP,1,93464.68,4,3,1,1
ACCT100000122,CUST0000669,SAVINGS,DORMANT,2012-08-08,5566.2,USD,1,13635.49,3,3,0,1
ACCT100000123,CUST0003275,NRO,ACTIVE,2013-04-13,357889.85,AED,1,272352.24,7,2,1,1
ACCT100000124,CUST0006226,SAVINGS,ACTIVE,2012-10-07,76373.12,INR,1,17916.25,5,1,1,1
ACCT100000125,CUST0007802,SALARY,ACTIVE,2015-05-28,6050.15,SGD,1,28084.72,2,3,1,1
ACCT100000126,CUST0007500,SHELL,ACTIVE,2019-08-21,1669775.16,INR,1,2908492.41,9,1,1,1
ACCT100000127,CUST0006847,NRO,ACTIVE,2021-03-22,154424.52,USD,1,96707.75,5,1,0,0
ACCT100000128,CUST0001163, NRO ,ACTIVE,2014-01-08,95490.52,INR,1,16959.63,5,1,1,0
ACCT100000129,CUST0007041,SAVINGS,ACTIVE,2018-12-03,103756.51,SGD,1,3956.53,2,1,1,1
ACCT100000130,CUST0001663,CURRENT,ACTIVE,2021-10-09,1144495.61,USD,1,22929.09,1,4,1,1
ACCT100000131,CUST0004892,SAVINGS,ACTIVE,2014-08-07,2481.2,AED,1,3590.7,4,5,1,1
ACCT100000132,CUST0005239,SALARY,ACTIVE,2012-02-12,18016.25,USD,1,24364.58,1,2,1,1
ACCT100000133,CUST0004142,SALARY,ACTIVE,2019-12-23,1918.12,INR,1,5313.93,2,1,1,1
ACCT100000134,CUST0005458,SAVINGS,ACTIVE,2013-02-15,3146.72,INR,1,22638.94,3,4,1,1
ACCT100000135,CUST0002563,CURRENT,ACTIVE,2014-04-08,35046.6,INR,2,40183.69,5,1,1,1
ACCT100000136,CUST0004238,CURRENT,ACTIVE,2016-07-06,20775.29,SGD,2,32508.6,2,1,1,1
ACCT100000137,CUST0002727,SALARY,ACTIVE,2020-05-18,974.6,INR,1,4275.63,5,1,1,1
ACCT100000138,CUST0000537,SAVINGS,ACTIVE,2018-06-10,126235.77,INR,1,7758.37,3,3,1,1
ACCT100000139,CUST0003235,TRUST,ACTIVE,2020-01-31,349050.76,USD,1,270147.14,7,4,1,1
ACCT100000140,CUST0005406,SAVINGS,ACTIVE,2015-09-23,12317.97,INR,2,13063.39,4,2,1,1
ACCT100000141,CUST0004008,current,ACTIVE,2017-03-06,46595.51,INR,2,167437.96,2,1,1,1
ACCT100000142,CUST0005076,SAVINGS,ACTIVE,2016-05-16,66997.49,AED,1,17903.04,5,2,0,1
ACCT100000143,CUST0007775,CURRENT,ACTIVE,2018-07-08,19216.98,USD,2,44307.97,4,1,0,1
ACCT100000144,CUST0000122,SALARY,ACTIVE,2019-07-11,8547.89,SGD,2,82588.17,3,3,1,0
ACCT100000145,CUST0004839,NRE,ACTIVE,2015-11-27,7952.76,INR,3,69476.74,7,1,0,1
ACCT100000146,CUST0000907,CURRENT,ACTIVE,2017-07-28,42896.57,INR,1,9412.77,4,2,1,0
ACCT100000147,CUST0002626,CURRENT,ACTIVE,2015-03-28,3420.3,INR,1,269038.02,2,1,1,1
ACCT100000148,CUST0004135,CURRENT,ACTIVE,2012-03-29,126495.76,USD,3,29097.16,2,1,1,1
ACCT100000149,CUST0005404,SAVINGS,ACTIVE,2020-11-22,5904.62,USD,2,71209.59,3,2,1,1
ACCT100000150,CUST0007360,salary,ACTIVE,2013-07-18,8619.25,INR,3,3351.25,4,2,1,0
ACCT100000151,CUST0006375,NRO,BLOCKED,2013-02-18,18156.17,INR,1,6052.61,4,1,0,1
ACCT100000152,CUST0001667,CURRENT,ACTIVE,2013-12-09,37090.6,USD,1,55553.15,4,1,1,1
ACCT100000153,CUST0004473,SALARY,ACTIVE,2017-05-23,101382.36,USD,1,2266.44,2,2,1,1
ACCT100000154,CUST0007252,CURRENT,ACTIVE,2012-10-30,28039.46,USD,1,18031.58,5,5,1,1
ACCT100000155,CUST0000586,SAVINGS,CLOSED,2021-04-22,5227.23,INR,3,6632.92,1,4,1,1
ACCT100000156,CUST0003292,CURRENT,ACTIVE,2019-06-28,16095.89,INR,1,9477.51,3,1,1,0
ACCT100000157,CUST0002423,SAVINGS,ACTIVE,2021-10-25,26178.45,INR,1,3275.08,4,2,1,1
ACCT100000158,CUST0001905,SALARY,ACTIVE,2013-10-27,172557.85,INR,1,10293.22,3,2,0,1
ACCT100000159,CUST0001798,CURRENT,ACTIVE,2014-05-23,20312.07,INR,1,72364.32,1,1,1,1
ACCT100000160,CUST0006637,SALARY,ACTIVE,2019-03-14,9735.89,INR,1,12966.99,3,1,1,1
ACCT100000161,CUST0003053,CURRENT,ACTIVE,2019-03-06,1250.17,INR,1,11241.26,5,4,1,1
ACCT100000162,CUST0006308,NRE,ACTIVE,2018-04-26,49384.38,SGD,2,161307.4,5,1,1,0
ACCT100000163,CUST0003971,SHELL,ACTIVE,2019-06-06,615255.91,USD,3,307812.9,9,1,1,0
ACCT100000164,CUST0006101,NRO,ACTIVE,2018-05-29,205703.09,SGD,1,39961.89,4,1,1,1
ACCT100000165,CUST0005719,SALARY,ACTIVE,2019-04-19,1334.55,AED,1,5011.34,4,2,1,1
ACCT100000166,CUST0006676,SAVINGS,ACTIVE,2015-12-12,159438.23,INR,2,51107.66,3,1,0,0
ACCT100000167,CUST0001478,SALARY,ACTIVE,2013-09-20,4049.76,USD,2,9734.52,3,2,0,1
ACCT100000168,CUST0007412,SALARY,ACTIVE,2020-06-08,52987.19,AED,1,8901.91,4,2,1,1
ACCT100000169,CUST0002169,SALARY,BLOCKED,2014-05-06,397.18,INR,1,6093.12,2,1,1,1
ACCT100000170,CUST0007609,SAVINGS,ACTIVE,2012-11-27,2040.47,USD,1,7452.31,1,1,1,1
ACCT100000171,CUST0005684,CURRENT,ACTIVE,2014-09-28,954886.7,INR,2,8064.07,5,4,1,0
ACCT100000172,CUST0005897,CURRENT,ACTIVE,2013-02-19,10483.47,AED,1,45103.25,1,1,0,1
ACCT100000173,CUST0006761,SAVINGS,ACTIVE,2012-09-05,7754.65,INR,3,17816.92,4,3,1,1
ACCT100000174,CUST0000075,current,ACTIVE,2019-06-27,345097.71,USD,1,50219.51,4,1,1,1
ACCT100000175,CUST0007659, NRO ,ACTIVE,2016-08-29,39846.65,INR,2,127548.21,5,2,1,1
ACCT100000176,CUST0004420,NRE,ACTIVE,2021-11-12,211260.64,INR,1,96537.43,5,1,0,1
ACCT100000177,CUST0007622,SALARY,DORMANT,2015-04-30,4405.26,USD,1,479.13,5,1,1,1
ACCT100000178,CUST0000306,SALARY,ACTIVE,2018-12-09,5105.15,INR,1,9620.1,5,1,1,1
ACCT100000179,CUST0003718,NRE,ACTIVE,2018-04-22,12036.87,INR,1,73539.23,7,1,1,1
ACCT100000180,CUST0001579,SALARY,BLOCKED,2016-04-09,8939.7,GBP,1,5620.25,2,4,1,1
ACCT100000181,CUST0000824,NRO,ACTIVE,2018-08-25,466858.14,INR,2,156095.35,4,1,1,1
ACCT100000182,CUST0001041,NRE,ACTIVE,2016-05-27,464039.7,INR,1,102856.58,5,4,0,1
ACCT100000183,CUST0002848,NRE,ACTIVE,2015-05-12,658815.19,INR,1,878370.19,6,1,1,1
ACCT100000184,CUST0007128,CURRENT,DORMANT,2021-01-30,34278.57,INR,2,14497.0,5,2,1,1
ACCT100000185,CUST0000267,CURRENT,ACTIVE,2021-02-19,215601.11,USD,1,48430.81,5,2,1,1
ACCT100000186,CUST0003307,CURRENT,ACTIVE,2020-11-01,68225.67,SGD,3,258086.37,2,5,1,1
ACCT100000187,CUST0001178,CURRENT,ACTIVE,2012-03-29,2152.34,AED,1,46951.67,4,4,1,1
ACCT100000188,CUST0004242,SALARY,ACTIVE,2019-07-21,5714.9,INR,2,10252.11,4,1,1,1
ACCT100000189,CUST0006686,CURRENT,ACTIVE,2019-05-22,1582.8,INR,2,43561.06,2,2,1,1
ACCT100000190,CUST0007872,SAVINGS,ACTIVE,2021-02-14,46447.02,INR,1,43156.55,1,2,1,1
ACCT100000191,CUST0004459,NRO,ACTIVE,2017-09-09,34672.6,USD,1,89185.32,7,1,0,1
ACCT100000192,CUST0007840,SAVINGS,ACTIVE,2012-10-29,10088.83,USD,1,6457.55,1,2,1,1
ACCT100000193,CUST0005689,TRUST,DORMANT,2018-11-30,8805335.11,INR,1,381400.05,10,2,1,0
ACCT100000194,CUST0000062,NRO,ACTIVE,2016-09-04,50052.29,INR,2,327997.67,4,3,1,0
ACCT100000195,CUST0000391,SALARY,ACTIVE,2021-04-02,19819.17,AED,1,10546.4,1,2,1,1
ACCT100000196,CUST0007045,NRE,ACTIVE,2016-09-11,253674.1,INR,1,1141573.64,5,1,1,0
ACCT100000197,CUST0005882,SALARY,ACTIVE,2013-05-21,6326.31,INR,1,7184.86,3,3,0,1
ACCT100000198,CUST0004934,SALARY,ACTIVE,2012-07-23,2078.58,INR,2,9363.34,1,4,1,1
ACCT100000199,CUST0004238,SALARY,ACTIVE,2016-03-16,122038.57,INR,1,19165.11,1,1,0,1
ACCT100000200,CUST0002004,SAVINGS,ACTIVE,2020-08-31,113605.11,USD,2,117762.11,3,2,1,1
ACCT100000201,CUST0000851,NRE,DORMANT,2016-08-13,175938.38,USD,1,33393.18,4,1,1,1
ACCT100000202,CUST0006113, NRE ,ACTIVE,2016-07-24,836703.45,USD,1,873621.18,7,3,1,1
ACCT100000203,CUST0000103,CURRENT,ACTIVE,2021-01-29,2078.33,GBP,1,170581.03,1,2,0,0
ACCT100000204,CUST0001838,SAVINGS,ACTIVE,2021-09-26,44454.82,USD,1,62096.8,2,1,0,1
ACCT100000205,CUST0001036,CURRENT,ACTIVE,2015-12-03,63859.31,INR,1,20875.64,4,3,0,1
ACCT100000206,CUST0006527,CURRENT,ACTIVE,2019-03-19,691294.48,AED,2,11757.96,2,3,1,1
ACCT100000207,CUST0007251,SAVINGS,ACTIVE,2018-12-12,4720.13,AED,1,2891.47,1,2,1,1
ACCT100000208,CUST0005105,SALARY,ACTIVE,2019-07-21,4377.23,USD,1,13746.47,2,1,1,1
ACCT100000209,CUST0005112,SAVINGS,ACTIVE,2013-12-23,7155.59,AED,1,130070.28,1,1,0,1
ACCT100000210,CUST0001511,SALARY,ACTIVE,2016-01-09,13263.98,INR,1,6767.75,1,3,0,1
ACCT100000211,CUST0003122,salary,ACTIVE,2013-10-28,9456.95,GBP,1,2445.0,4,1,1,0
ACCT100000212,CUST0004972,NRE,ACTIVE,2017-06-20,275543.68,USD,2,39677.57,4,1,1,1
ACCT100000213,CUST0002895,CURRENT,ACTIVE,2018-11-12,10119.6,GBP,1,30776.82,5,2,1,1
ACCT100000214,CUST0001097,NRO,ACTIVE,2012-12-17,31907.34,GBP,1,460994.11,6,1,0,1
ACCT100000215,CUST0003497,SALARY,ACTIVE,2015-01-10,27769.22,INR,2,10847.89,5,1,1,1
ACCT100000216,CUST0005585,SAVINGS,ACTIVE,2020-05-19,106469.29,INR,1,20462.18,5,1,0,0
ACCT100000217,CUST0000520,CURRENT,ACTIVE,2020-08-14,179643.17,AED,1,27274.95,4,2,1,1
ACCT100000218,CUST0001795,TRUST,ACTIVE,2014-04-26,18713.17,USD,1,536331.22,7,3,1,1
ACCT100000219,CUST0001844,TRUST,DORMANT,2019-08-31,336933.64,INR,1,540700.72,8,3,1,0
ACCT100000220,CUST0001870,SALARY,ACTIVE,2021-09-13,34958.82,INR,1,4739.26,5,1,1,1
ACCT100000221,CUST0001163,SALARY,ACTIVE,2016-07-24,1751.95,INR,1,45669.36,1,1,1,1
ACCT100000222,CUST0001584, SAVINGS ,ACTIVE,2017-07-15,27182.51,INR,2,4218.57,5,5,0,0
ACCT100000223,CUST0005260,CURRENT,ACTIVE,2020-02-27,5395.23,SGD,1,22254.7,4,1,1,1
ACCT100000224,CUST0001269,CURRENT,ACTIVE,2017-06-08,43047.53,AED,1,19933.56,4,3,1,1
ACCT100000225,CUST0005939,CURRENT,ACTIVE,2018-07-22,748046.83,INR,1,32447.81,1,1,1,1
ACCT100000226,CUST0001540,salary,ACTIVE,2014-08-04,4541.2,INR,1,13568.23,2,2,1,1
ACCT100000227,CUST0002674,SAVINGS,ACTIVE,2013-02-23,50011.39,INR,3,11646.83,1,1,1,1
ACCT100000228,CUST0004753,SAVINGS,ACTIVE,2016-09-28,13236.45,AED,1,13193.43,5,1,1,0
ACCT100000229,CUST0006003,current,ACTIVE,2015-03-29,199925.53,INR,3,12034.42,1,1,1,1
ACCT100000230,CUST0004893,SALARY,ACTIVE,2018-04-23,209917.52,INR,1,8240.82,1,2,1,1
ACCT100000231,CUST0007790,CURRENT,ACTIVE,2012-12-17,2683.68,SGD,1,160728.49,3,1,1,1
ACCT100000232,CUST0002455,SALARY,CLOSED,2014-06-19,3264.97,USD,1,8124.96,5,1,1,1
ACCT100000233,CUST0005182,SAVINGS,ACTIVE,2013-06-09,12246.1,INR,2,18162.51,5,5,1,1
ACCT100000234,CUST0005624,SHELL,ACTIVE,2018-07-21,2537806.3,INR,1,227263.13,8,1,0,1
ACCT100000235,CUST0006784,CURRENT,ACTIVE,2013-09-15,33026.29,INR,1,43767.32,5,1,0,0
ACCT100000236,CUST0006223,CURRENT,ACTIVE,2018-07-09,2756007.16,INR,1,33479.13,2,3,0,1
ACCT100000237,CUST0000140, CURRENT ,ACTIVE,2018-10-21,6609.69,INR,1,54951.45,3,1,1,1
ACCT100000238,CUST0006704,NRE,DORMANT,2013-11-27,331957.37,USD,3,364603.23,5,1,1,0
ACCT100000239,CUST0004513,SAVINGS,ACTIVE,2021-04-19,15336.63,INR,1,35077.1,4,2,1,1
ACCT100000240,CUST0005517,CURRENT,ACTIVE,2014-08-10,61437.16,INR,1,63275.26,4,1,0,1
ACCT100000241,CUST0003423,SAVINGS,ACTIVE,2012-08-07,31061.32,SGD,3,24344.51,5,2,1,1
ACCT100000242,CUST0001994,SAVINGS,ACTIVE,2013-11-10,70901.58,INR,1,7152.42,3,1,1,1
ACCT100000243,CUST0000483,CURRENT,ACTIVE,2012-11-11,12286.84,INR,1,92016.63,5,1,1,0
ACCT100000244,CUST0003238,SAVINGS,ACTIVE,2013-01-15,1836.21,INR,1,85872.8,3,1,1,1
ACCT100000245,CUST0005241,SHELL,DORMANT,2019-06-29,13968.93,INR,2,381810.11,10,3,1,1
ACCT100000246,CUST0003828,SAVINGS,ACTIVE,2018-03-28,5130.32,USD,3,3108.26,1,1,0,1
ACCT100000247,CUST0004311,SHELL,DORMANT,2015-07-27,11304627.44,GBP,1,157869.11,8,2,1,1
ACCT100000248,CUST0001007,CURRENT,CLOSED,2013-11-11,8617.03,INR,1,70306.22,1,1,1,1
ACCT100000249,CUST0002765,SAVINGS,ACTIVE,2018-05-14,9401.71,INR,3,594.33,3,3,1,1
ACCT100000250,CUST0004210,SAVINGS,ACTIVE,2020-05-11,76697.8,USD,2,15203.83,1,4,1,1
ACCT100000251,CUST0001503,CURRENT,ACTIVE,2017-12-01,5552.91,INR,1,19216.74,2,1,1,1
ACCT100000252,CUST0004274,SALARY,ACTIVE,2017-03-19,7703.9,GBP,1,33121.9,3,2,1,1
ACCT100000253,CUST0000893,SALARY,ACTIVE,2016-04-22,8731.15,INR,1,9750.84,5,2,1,1
ACCT100000254,CUST0005607,SAVINGS,ACTIVE,2020-01-17,2760.77,INR,1,11816.49,3,1,1,1
ACCT100000255,CUST0006412,SAVINGS,ACTIVE,2021-05-26,7471.01,INR,1,5210.29,3,3,1,1
ACCT100000256,CUST0007895,NRO,ACTIVE,2016-12-08,1648660.73,INR,1,59031.92,6,1,1,0
ACCT100000257,CUST0004890,CURRENT,ACTIVE,2019-10-08,197285.31,USD,1,2894.7,3,1,1,1
ACCT100000258,CUST0004447,CURRENT,ACTIVE,2014-11-09,149914.79,USD,3,257136.7,1,2,0,1
ACCT100000259,CUST0005851,SALARY,ACTIVE,2020-07-02,797.35,USD,3,19828.79,1,1,1,1
ACCT100000260,CUST0002003, CURRENT ,ACTIVE,2012-09-05,92796.38,USD,1,107198.06,1,4,0,1
ACCT100000261,CUST0000113,NRO,ACTIVE,2021-02-24,967948.47,INR,1,521279.08,4,2,1,0
ACCT100000262,CUST0005581,SAVINGS,ACTIVE,2012-08-13,7843.78,INR,1,57491.54,5,3,1,0
ACCT100000263,CUST0003422,CURRENT,ACTIVE,2015-07-22,31817.13,SGD,2,174652.79,2,1,1,1
ACCT100000264,CUST0002625,SAVINGS,ACTIVE,2017-08-25,468.61,USD,2,23164.17,5,2,1,1
ACCT100000265,CUST0004611,SAVINGS,ACTIVE,2012-03-12,190410.93,INR,1,12029.15,4,1,1,1
ACCT100000266,CUST0001160,SAVINGS,CLOSED,2018-01-30,104928.03,INR,1,15375.65,3,3,1,1
ACCT100000267,CUST0007035,SAVINGS,BLOCKED,2012-09-24,12406.12,INR,1,11507.62,2,1,1,1
ACCT100000268,CUST0000766,SALARY,ACTIVE,2013-02-08,14787.01,USD,1,2831.69,1,1,0,1
ACCT100000269,CUST0005210,NRO,ACTIVE,2012-07-18,148875.12,INR,1,835464.79,5,3,1,1
ACCT100000270,CUST0005065,CURRENT,ACTIVE,2015-10-02,126966.33,AED,2,13464.04,4,1,1,1
ACCT100000271,CUST0003230,SALARY,DORMANT,2013-07-19,11617.64,INR,1,11311.27,4,1,1,0
ACCT100000272,CUST0005931,SAVINGS,ACTIVE,2017-12-14,22120.53,INR,1,8823.96,2,2,1,1
ACCT100000273,CUST0001422,SAVINGS,ACTIVE,2018-04-08,2798.37,GBP,1,4334.81,2,4,1,1
ACCT100000274,CUST0000017,SALARY,ACTIVE,2021-09-09,23515.05,INR,2,17794.15,2,1,0,1
ACCT100000275,CUST0003445,NRO,ACTIVE,2015-12-22,734929.42,AED,2,113260.88,4,1,1,1
ACCT100000276,CUST0002759,SAVINGS,ACTIVE,2016-04-20,8164.74,INR,1,6045.53,3,4,1,1
ACCT100000277,CUST0006142,SALARY,ACTIVE,2018-06-09,17661.64,INR,1,1831.61,5,1,0,1
ACCT100000278,CUST0001960,SALARY,ACTIVE,2014-12-04,9338.02,INR,1,46470.87,1,2,1,1
ACCT100000279,CUST0001730,salary,ACTIVE,2018-06-23,3468.52,GBP,1,3431.38,5,3,1,1
ACCT100000280,CUST0007637,CURRENT,ACTIVE,2019-06-15,143888.73,INR,1,52149.48,3,1,1,1
ACCT100000281,CUST0007048,SHELL,ACTIVE,2017-01-14,592040.0,INR,1,584552.36,9,1,1,1
ACCT100000282,CUST0003558,SAVINGS,ACTIVE,2014-05-24,18738.84,INR,1,4003.23,5,1,1,1
ACCT100000283,CUST0005368,CURRENT,ACTIVE,2017-06-26,1480648.41,INR,1,20990.05,2,1,1,1
ACCT100000284,CUST0003206,SALARY,ACTIVE,2015-03-05,51240.88,INR,2,3676.56,5,2,1,1
ACCT100000285,CUST0002962,SAVINGS,DORMANT,2012-08-25,1812.88,USD,1,18051.44,3,3,1,1
ACCT100000286,CUST0005351,CURRENT,ACTIVE,2015-03-10,16850.61,INR,1,15072.61,3,3,1,1
ACCT100000287,CUST0006466,CURRENT,ACTIVE,2014-11-03,22646.65,INR,1,14338.18,4,3,1,1
ACCT100000288,CUST0006274,SAVINGS,ACTIVE,2016-11-29,5914.22,GBP,1,16434.5,1,2,0,1
ACCT100000289,CUST0006588,SAVINGS,ACTIVE,2015-08-05,7779.45,INR,1,1766.04,4,1,1,0
ACCT100000290,CUST0000636,SHELL,ACTIVE,2012-10-18,2815105.07,INR,1,898788.12,10,2,1,1
ACCT100000291,CUST0006531,SAVINGS,BLOCKED,2017-01-19,83245.63,SGD,1,22719.41,5,1,1,1
ACCT100000292,CUST0004317,SAVINGS,DORMANT,2012-04-01,248701.18,GBP,2,1731.29,3,1,0,1
ACCT100000293,CUST0002161,SAVINGS,ACTIVE,2019-11-19,39916.67,INR,1,9854.51,4,3,1,1
ACCT100000294,CUST0003335,current,ACTIVE,2014-06-19,281607.28,INR,1,119506.53,5,1,1,1
ACCT100000295,CUST0001711, SALARY ,ACTIVE,2014-11-08,57042.11,INR,2,13550.33,3,2,1,1
ACCT100000296,CUST0003102,savings,BLOCKED,2013-08-29,9520.35,INR,1,11166.35,5,2,1,1
ACCT100000297,CUST0003619,SALARY,ACTIVE,2017-07-31,3892.76,AED,2,455.77,5,1,0,1
ACCT100000298,CUST0005435,CURRENT,ACTIVE,2015-01-25,1081774.3,USD,1,82225.27,4,2,1,1
ACCT100000299,CUST0006609,CURRENT,ACTIVE,2021-07-14,338994.0,INR,2,170975.07,1,1,1,1
ACCT100000300,CUST0000446,SAVINGS,ACTIVE,2014-04-10,1431.02,AED,1,20035.1,5,1,1,1
ACCT100000301,CUST0002991,NRO,ACTIVE,2014-12-10,69921.14,INR,2,194036.85,7,1,1,1
ACCT100000302,CUST0007121,current,CLOSED,2015-08-24,636481.3,USD,1,61246.99,5,1,1,1
ACCT100000303,CUST0006929,SAVINGS,CLOSED,2013-08-19,103658.37,USD,3,19715.04,3,1,1,1
ACCT100000304,CUST0006130,NRE,ACTIVE,2019-07-26,80835.81,INR,1,54105.96,6,3,1,1
ACCT100000305,CUST0007989,nre,ACTIVE,2015-12-19,334611.43,AED,2,178240.92,4,1,1,1
ACCT100000306,CUST0004927,CURRENT,ACTIVE,2021-06-08,17330.44,INR,1,15068.4,1,1,1,1
ACCT100000307,CUST0000637,SALARY,ACTIVE,2012-07-17,3857.69,INR,2,4402.57,3,3,1,1
ACCT100000308,CUST0007082,salary,ACTIVE,2018-03-26,83975.46,INR,1,5472.67,2,2,0,0
ACCT100000309,CUST0000176,SAVINGS,ACTIVE,2018-05-14,9334.59,INR,1,11091.33,4,1,1,1
ACCT100000310,CUST0000574,SHELL,DORMANT,2019-10-03,1885964.68,USD,1,463805.54,8,1,1,1
ACCT100000311,CUST0005219,NRE,ACTIVE,2017-10-01,1809456.04,INR,1,523484.17,5,1,1,0
ACCT100000312,CUST0001799,SALARY,ACTIVE,2020-04-21,22348.16,AED,1,6263.42,4,2,0,1
ACCT100000313,CUST0004211,NRE,ACTIVE,2017-11-08,119672.89,USD,1,83094.18,7,2,1,1
ACCT100000314,CUST0002791,TRUST,ACTIVE,2018-10-09,17413226.48,INR,1,208805.06,9,4,1,1
ACCT100000315,CUST0000695,SALARY,ACTIVE,2013-05-04,31637.34,USD,1,4066.18,5,3,1,1
ACCT100000316,CUST0002277,salary,ACTIVE,2012-08-06,1915.14,INR,3,8682.06,1,1,1,1
ACCT100000317,CUST0005588,SAVINGS,DORMANT,2020-05-01,30050.42,AED,1,118173.92,2,2,1,1
ACCT100000318,CUST0000166,CURRENT,ACTIVE,2018-06-08,485396.63,GBP,2,16155.36,5,1,1,1
ACCT100000319,CUST0003930,CURRENT,DORMANT,2014-08-13,85985.93,INR,1,16792.74,4,3,1,1
ACCT100000320,CUST0002373,SAVINGS,DORMANT,2012-05-18,100512.63,INR,1,23201.43,4,1,1,0
ACCT100000321,CUST0003582,CURRENT,ACTIVE,2017-10-06,55169.01,GBP,1,20142.84,3,2,1,1
ACCT100000322,CUST0005877,CURRENT,CLOSED,2016-04-22,52309.06,USD,2,27045.09,5,1,0,1
ACCT100000323,CUST0007207,CURRENT,ACTIVE,2017-01-05,27252.82,USD,1,17095.91,3,1,0,1
ACCT100000324,CUST0004509,TRUST,DORMANT,2021-08-15,25314.93,USD,1,111460.46,7,3,1,1
ACCT100000325,CUST0002560,SALARY,BLOCKED,2020-12-23,10838.44,INR,3,39756.73,1,2,1,0
ACCT100000326,CUST0006990,CURRENT,ACTIVE,2016-11-03,188738.84,USD,1,21311.38,1,3,0,1
ACCT100000327,CUST0006813,current,ACTIVE,2019-09-10,36032.18,SGD,1,70981.96,1,4,0,1
ACCT100000328,CUST0000109,NRE,DORMANT,2013-03-12,44179.18,INR,1,643167.06,6,1,1,1
ACCT100000329,CUST0002919,SALARY,ACTIVE,2018-05-04,104586.01,INR,1,90421.09,4,2,1,1
ACCT100000330,CUST0007910,nro,ACTIVE,2021-03-25,10613.34,INR,2,221688.77,5,2,1,1
ACCT100000331,CUST0005559,SALARY,ACTIVE,2017-05-24,6429.28,INR,1,49867.66,2,2,1,0
ACCT100000332,CUST0007375,NRO,ACTIVE,2013-10-26,12235.97,INR,2,82524.86,5,1,1,1
ACCT100000333,CUST0001084,CURRENT,ACTIVE,2014-12-27,40016.77,INR,1,32450.16,3,1,1,1
ACCT100000334,CUST0004586,NRE,ACTIVE,2012-12-26,160706.11,SGD,2,35459.1,5,2,1,0
ACCT100000335,CUST0004348,SAVINGS,ACTIVE,2014-01-09,29851.13,INR,3,6049.97,2,4,1,1
ACCT100000336,CUST0000194,SALARY,ACTIVE,2017-04-04,393831.56,USD,1,16075.56,1,1,1,1
ACCT100000337,CUST0004100,CURRENT,ACTIVE,2020-07-28,6446.34,INR,2,48063.55,2,2,1,1
ACCT100000338,CUST0004628,CURRENT,ACTIVE,2017-01-19,8049.14,USD,3,53085.29,1,2,1,1
ACCT100000339,CUST0001894,SALARY,ACTIVE,2016-05-12,2867.25,INR,2,3173.17,2,1,1,1
ACCT100000340,CUST0004019,SALARY,ACTIVE,2019-11-29,65658.01,SGD,3,2003.19,3,1,1,1
ACCT100000341,CUST0002770,SALARY,ACTIVE,2012-07-06,4251.87,INR,3,62988.65,5,2,1,1
ACCT100000342,CUST0005354, SAVINGS ,DORMANT,2018-12-08,308.47,SGD,2,45800.35,3,1,0,1
ACCT100000343,CUST0007366,CURRENT,ACTIVE,2021-09-16,32835.5,USD,1,115373.76,4,1,1,1
ACCT100000344,CUST0004663,TRUST,ACTIVE,2020-10-25,105297.38,USD,1,295840.29,10,1,0,1
ACCT100000345,CUST0001582,NRE,BLOCKED,2014-08-10,45266.08,USD,1,52053.83,5,1,1,1
ACCT100000346,CUST0007215,CURRENT,ACTIVE,2021-07-02,59514.57,AED,2,32865.91,1,2,1,1
ACCT100000347,CUST0000598,SALARY,ACTIVE,2015-07-02,50774.57,USD,1,3135.96,5,1,0,1
ACCT100000348,CUST0007244,SAVINGS,ACTIVE,2013-12-12,121755.33,USD,2,6763.38,3,4,0,1
ACCT100000349,CUST0004422,SAVINGS,ACTIVE,2016-04-18,1003.43,GBP,1,13422.23,5,3,0,1
ACCT100000350,CUST0005006,NRO,ACTIVE,2019-01-09,573955.13,SGD,1,65942.22,4,2,1,1
ACCT100000351,CUST0007378,CURRENT,ACTIVE,2013-02-23,203231.74,INR,2,12899.78,3,3,1,1
ACCT100000352,CUST0004055,TRUST,DORMANT,2015-04-08,203955.13,INR,2,581211.43,8,1,0,1
ACCT100000353,CUST0007636,SAVINGS,ACTIVE,2018-05-30,38680.03,INR,2,7698.91,2,2,1,1
ACCT100000354,CUST0005587,NRE,ACTIVE,2014-02-09,60245.74,INR,1,36314.53,6,2,0,1
ACCT100000355,CUST0003461,SAVINGS,ACTIVE,2016-01-30,554.88,USD,1,6369.22,4,3,1,1
ACCT100000356,CUST0002848,SAVINGS,ACTIVE,2012-07-17,12172.93,INR,1,4750.07,2,4,1,0
ACCT100000357,CUST0000378,SAVINGS,ACTIVE,2015-08-02,13284.27,GBP,1,4162.17,1,3,1,1
ACCT100000358,CUST0003930,SAVINGS,ACTIVE,2021-06-03,1045.09,INR,2,8086.71,2,1,1,1
ACCT100000359,CUST0007409,SAVINGS,ACTIVE,2017-09-06,31969.66,USD,2,6407.45,2,1,0,1
ACCT100000360,CUST0004778,SAVINGS,CLOSED,2018-04-20,233587.89,USD,1,11908.7,1,1,0,1
ACCT100000361,CUST0004084,NRO,ACTIVE,2021-07-21,229162.5,INR,1,33560.88,6,3,1,1
ACCT100000362,CUST0007080,NRO,ACTIVE,2012-10-23,128130.12,INR,3,286464.54,4,1,1,1
ACCT100000363,CUST0004086,SAVINGS,BLOCKED,2021-03-23,110841.62,INR,1,5775.84,2,2,1,1
ACCT100000364,CUST0000404,CURRENT,DORMANT,2016-11-22,708358.46,AED,2,20166.91,2,4,1,1
ACCT100000365,CUST0006957,SALARY,ACTIVE,2020-10-04,1198.15,INR,2,1459.25,2,4,1,1
ACCT100000366,CUST0003724,SALARY,ACTIVE,2018-04-02,2317.52,INR,3,1949.57,5,1,0,0
ACCT100000367,CUST0000242,SAVINGS,ACTIVE,2020-04-17,10072.86,INR,1,39230.69,3,5,1,1
ACCT100000368,CUST0007406,NRO,ACTIVE,2021-09-22,100215.63,INR,1,93909.58,4,1,1,1
ACCT100000369,CUST0001162,CURRENT,ACTIVE,2016-03-30,3162.75,AED,1,235158.67,4,1,1,0
ACCT100000370,CUST0004981,CURRENT,ACTIVE,2013-07-08,169887.01,AED,1,24710.08,2,2,1,1
ACCT100000371,CUST0006634,SAVINGS,ACTIVE,2013-10-24,7836.5,INR,1,17499.56,4,2,1,1
ACCT100000372,CUST0006530,current,ACTIVE,2012-06-15,84667.25,USD,1,37477.24,5,4,1,1
ACCT100000373,CUST0000952,SALARY,DORMANT,2020-09-02,6104.7,INR,1,1835.06,1,1,1,1
ACCT100000374,CUST0004752,CURRENT,ACTIVE,2014-12-16,640578.87,INR,1,28051.71,3,1,1,1
ACCT100000375,CUST0001069,NRO,ACTIVE,2018-11-20,42166.5,INR,1,23853.98,6,1,0,0
ACCT100000376,CUST0001967,SAVINGS,ACTIVE,2018-09-17,14033.49,INR,1,2644.31,1,3,0,0
ACCT100000377,CUST0004265,SAVINGS,ACTIVE,2016-11-17,36749.33,INR,1,83346.98,3,2,1,1
ACCT100000378,CUST0006444,CURRENT,ACTIVE,2020-08-31,36241.28,AED,1,61133.04,1,1,1,1
ACCT100000379,CUST0007866,SALARY,ACTIVE,2015-08-25,5834.76,INR,1,4693.01,2,1,1,1
ACCT100000380,CUST0007351,CURRENT,ACTIVE,2018-07-09,371509.87,INR,1,23895.82,3,1,1,1
ACCT100000381,CUST0003539,NRO,ACTIVE,2012-09-07,64847.27,INR,1,817092.01,6,1,1,1
ACCT100000382,CUST0002261,SAVINGS,ACTIVE,2017-12-15,10462.96,INR,1,11052.24,3,1,1,1
ACCT100000383,CUST0002329,SAVINGS,DORMANT,2020-03-03,16076.27,SGD,1,7043.62,2,3,1,1
ACCT100000384,CUST0003059,NRO,ACTIVE,2021-08-05,142855.64,INR,2,892229.74,6,2,1,1
ACCT100000385,CUST0001523,CURRENT,ACTIVE,2017-04-09,60296.15,INR,1,25990.93,4,4,1,1
ACCT100000386,CUST0007436,SALARY,ACTIVE,2018-10-09,841.81,GBP,2,20230.52,5,1,1,0
ACCT100000387,CUST0001938,CURRENT,ACTIVE,2015-02-27,271397.77,INR,1,74487.19,4,3,1,1
ACCT100000388,CUST0004545,CURRENT,ACTIVE,2013-10-30,23921.38,GBP,3,11404.8,1,1,1,1
ACCT100000389,CUST0002025,SAVINGS,ACTIVE,2014-05-14,93168.22,INR,1,24018.89,4,3,0,0
ACCT100000390,CUST0000847,NRO,ACTIVE,2012-08-29,165467.39,INR,2,11274.63,7,2,1,0
ACCT100000391,CUST0003510,NRE,ACTIVE,2018-12-17,233825.9,INR,1,886344.38,7,3,1,0
ACCT100000392,CUST0005440,CURRENT,ACTIVE,2013-10-03,4670.36,INR,1,22358.8,4,2,1,1
ACCT100000393,CUST0002239,SAVINGS,ACTIVE,2020-04-12,4279.64,AED,1,17092.87,5,4,1,1
ACCT100000394,CUST0005647,SAVINGS,ACTIVE,2019-12-23,4545.83,GBP,1,11454.98,4,1,1,1
ACCT100000395,CUST0001400,SAVINGS,ACTIVE,2017-07-24,9257.83,USD,1,21791.21,5,1,1,1
ACCT100000396,CUST0003653,CURRENT,ACTIVE,2017-02-08,7892.9,INR,1,144137.87,1,1,0,1
ACCT100000397,CUST0005841,SAVINGS,ACTIVE,2017-04-03,18168.52,USD,1,22944.34,2,1,1,1
ACCT100000398,CUST0002403,CURRENT,ACTIVE,2018-01-01,878484.08,USD,1,23471.63,5,1,1,1
ACCT100000399,CUST0006109,SAVINGS,ACTIVE,2019-01-28,3763.59,SGD,2,41112.28,5,1,0,1
ACCT100000400,CUST0004998,SAVINGS,ACTIVE,2017-09-27,149774.54,USD,1,22517.68,1,3,1,1
ACCT100000401,CUST0004253,CURRENT,ACTIVE,2014-10-09,13399.84,INR,1,126799.62,2,4,1,1
ACCT100000402,CUST0005018,SAVINGS,DORMANT,2016-07-04,916.23,INR,1,97790.66,5,3,1,1
ACCT100000403,CUST0005880,SAVINGS,ACTIVE,2018-09-13,1940.35,INR,2,194136.8,1,2,1,1
ACCT100000404,CUST0001611,SAVINGS,ACTIVE,2019-07-12,5461.85,INR,1,22310.46,4,1,1,1
ACCT100000405,CUST0000363,NRE,ACTIVE,2015-08-03,28242.65,SGD,1,79361.93,6,1,1,1
ACCT100000406,CUST0007809,SHELL,DORMANT,2021-04-23,1029292.86,AED,1,2079936.27,10,2,1,0
ACCT100000407,CUST0000464,NRE,BLOCKED,2017-06-27,63062.34,INR,1,50260.86,6,3,1,1
ACCT100000408,CUST0000413,CURRENT,ACTIVE,2014-03-13,498033.31,AED,1,53738.63,5,1,1,1
ACCT100000409,CUST0001228,NRE,ACTIVE,2016-12-06,1087580.1,USD,2,52236.32,5,2,1,1
ACCT100000410,CUST0003983,SAVINGS,ACTIVE,2018-09-13,18463.16,SGD,1,10197.34,5,1,0,1
ACCT100000411,CUST0000814,CURRENT,DORMANT,2017-06-18,72605.5,AED,1,93135.91,3,1,0,0
ACCT100000412,CUST0002240,CURRENT,BLOCKED,2012-09-15,9571.62,AED,1,42324.97,3,2,0,1
ACCT100000413,CUST0001445,SAVINGS,ACTIVE,2020-08-14,14130.81,INR,1,14355.28,3,2,1,1
ACCT100000414,CUST0002487,TRUST,ACTIVE,2021-11-03,171639.41,USD,2,323157.71,9,1,0,1
ACCT100000415,CUST0007992,CURRENT,ACTIVE,2012-03-12,95739.02,INR,3,16666.61,2,2,1,1
ACCT100000416,CUST0007242,SHELL,DORMANT,2017-05-11,1878640.25,INR,1,113610.96,10,3,0,1
ACCT100000417,CUST0002705,SAVINGS,ACTIVE,2021-05-03,9034.61,INR,1,4497.13,2,2,1,1
ACCT100000418,CUST0003791,SHELL,DORMANT,2019-09-18,5245874.91,INR,3,638976.06,9,2,1,0
ACCT100000419,CUST0005887,SALARY,ACTIVE,2021-08-20,72385.55,INR,1,1314.75,5,3,1,1
ACCT100000420,CUST0005746,CURRENT,ACTIVE,2019-07-01,42983.97,AED,3,7699.1,5,1,1,0
ACCT100000421,CUST0007641,NRE,ACTIVE,2018-01-30,7837833.92,USD,1,312174.03,7,1,0,1
ACCT100000422,CUST0000712,CURRENT,ACTIVE,2013-05-08,62989.32,GBP,1,2243.73,2,3,1,1
ACCT100000423,CUST0006073,NRE,ACTIVE,2020-10-08,279101.09,GBP,2,72339.19,4,4,1,1
ACCT100000424,CUST0005910,CURRENT,ACTIVE,2018-10-12,87706.25,INR,3,8903.94,5,4,1,1
ACCT100000425,CUST0000135,CURRENT,ACTIVE,2016-02-15,104068.6,AED,1,69604.85,3,1,1,1
ACCT100000426,CUST0000585,SALARY,ACTIVE,2015-05-29,1230.39,INR,1,30000.97,5,5,0,0
ACCT100000427,CUST0006915,NRE,ACTIVE,2016-08-12,145027.87,INR,1,352567.67,5,1,1,1
ACCT100000428,CUST0002486,SAVINGS,ACTIVE,2012-03-05,3871.31,INR,3,3657.57,3,2,1,1
ACCT100000429,CUST0005816,CURRENT,BLOCKED,2018-10-25,44636.43,USD,1,51051.2,1,1,1,1
ACCT100000430,CUST0003264,SAVINGS,ACTIVE,2018-05-10,72577.17,INR,1,11412.9,1,1,1,1
ACCT100000431,CUST0004873,TRUST,ACTIVE,2021-09-02,1455662.97,AED,1,47738.76,7,2,1,0
ACCT100000432,CUST0005707,SHELL,ACTIVE,2012-08-19,1075495.52,INR,2,1151054.47,7,2,0,1
ACCT100000433,CUST0007218,NRO,ACTIVE,2020-12-23,216208.82,USD,2,63426.37,5,1,1,1
ACCT100000434,CUST0006215,CURRENT,BLOCKED,2013-01-09,2763.01,USD,1,6246.55,1,2,1,1
ACCT100000435,CUST0005433,NRE,ACTIVE,2018-08-08,92062.96,INR,1,75081.98,5,3,1,1
ACCT100000436,CUST0003080,TRUST,ACTIVE,2021-09-27,66458.89,USD,1,354267.93,8,1,1,1
ACCT100000437,CUST0003447,NRO,ACTIVE,2019-10-27,9867.32,SGD,1,173545.21,4,1,1,1
ACCT100000438,CUST0005429,CURRENT,ACTIVE,2012-10-01,32837.41,INR,1,27428.79,4,3,1,1
ACCT100000439,CUST0006219,SAVINGS,ACTIVE,2019-07-20,65634.07,INR,1,900.34,5,3,1,1
ACCT100000440,CUST0005539,NRO,DORMANT,2012-04-25,115917.65,INR,3,69574.25,4,1,1,1
ACCT100000441,CUST0001137,nre,ACTIVE,2020-08-02,22091.14,INR,3,288209.26,6,1,1,1
ACCT100000442,CUST0002225,CURRENT,ACTIVE,2013-11-02,100508.74,SGD,1,4005.21,5,3,0,1
ACCT100000443,CUST0005110,CURRENT,ACTIVE,2018-09-01,157802.31,INR,1,3619.81,2,1,0,0
ACCT100000444,CUST0003224,SHELL,DORMANT,2012-06-17,10835473.0,SGD,1,394089.15,9,1,1,1
ACCT100000445,CUST0002126,SALARY,ACTIVE,2013-12-16,319.79,INR,1,42462.13,1,1,0,1
ACCT100000446,CUST0005895,SAVINGS,ACTIVE,2018-11-27,6727.48,INR,2,11665.69,3,1,1,0
ACCT100000447,CUST0006952,SAVINGS,ACTIVE,2016-05-14,5963.09,USD,3,42070.97,2,1,1,1
ACCT100000448,CUST0007859,SAVINGS,ACTIVE,2012-03-19,68703.21,USD,2,11264.62,4,1,1,1
ACCT100000449,CUST0000420,SALARY,ACTIVE,2020-02-03,1561.42,INR,1,7824.31,1,2,0,1
ACCT100000450,CUST0000162,SAVINGS,ACTIVE,2019-11-29,30081.69,AED,1,3739.21,1,2,0,1
ACCT100000451,CUST0006474,NRE,ACTIVE,2019-06-03,161656.84,AED,1,100699.49,6,2,1,0
ACCT100000452,CUST0001381,CURRENT,ACTIVE,2017-06-29,16464.58,INR,1,27829.2,2,2,1,1
ACCT100000453,CUST0007861,CURRENT,ACTIVE,2019-03-22,25602.75,INR,1,23110.63,3,3,0,1
ACCT100000454,CUST0002941,NRE,ACTIVE,2018-08-19,34233.15,INR,1,50117.17,7,1,1,1
ACCT100000455,CUST0000067,SAVINGS,ACTIVE,2018-06-23,11894.69,USD,1,5391.41,1,1,0,1
ACCT100000456,CUST0005793,CURRENT,DORMANT,2014-07-21,47974.04,INR,1,180964.46,3,4,1,1
ACCT100000457,CUST0005990,CURRENT,ACTIVE,2014-05-24,16279.27,INR,3,14517.64,3,1,1,1
ACCT100000458,CUST0002896,SAVINGS,ACTIVE,2015-06-01,812.32,INR,1,24501.39,4,1,1,1
ACCT100000459,CUST0007414,savings,ACTIVE,2012-11-14,100563.34,AED,1,22555.09,2,1,1,0
ACCT100000460,CUST0006386, SALARY ,ACTIVE,2012-09-07,14475.98,AED,2,9603.72,2,1,0,1
ACCT100000461,CUST0000872,SALARY,ACTIVE,2014-11-01,26251.13,GBP,1,4719.23,4,3,0,1
ACCT100000462,CUST0004418,SAVINGS,ACTIVE,2017-02-19,11506.36,USD,1,38830.98,2,1,1,1
ACCT100000463,CUST0000618,TRUST,ACTIVE,2018-10-13,998498.65,INR,1,1248394.92,9,1,1,1
ACCT100000464,CUST0002358,SAVINGS,ACTIVE,2015-10-02,935.92,INR,3,4513.04,3,1,1,1
ACCT100000465,CUST0002813,SALARY,ACTIVE,2017-03-21,8789.56,INR,2,8100.24,2,1,1,1
ACCT100000466,CUST0005953, CURRENT ,ACTIVE,2018-12-20,16095.29,INR,1,21380.61,3,1,1,1
ACCT100000467,CUST0005317,SALARY,ACTIVE,2020-05-02,3846.82,USD,1,22755.66,4,2,0,1
ACCT100000468,CUST0007674,NRE,ACTIVE,2020-02-18,713994.9,INR,1,72633.03,5,1,1,1
ACCT100000469,CUST0003368,SAVINGS,ACTIVE,2014-04-15,1685.79,INR,3,19903.26,1,1,1,1
ACCT100000470,CUST0006992,NRE,ACTIVE,2014-04-14,856936.33,AED,1,94515.22,4,1,1,1
ACCT100000471,CUST0006080,SAVINGS,ACTIVE,2021-07-26,4947.01,INR,1,6933.97,4,1,0,1
ACCT100000472,CUST0007278,CURRENT,DORMANT,2016-07-25,25940.45,AED,1,95070.38,4,2,0,1
ACCT100000473,CUST0004746,CURRENT,ACTIVE,2014-03-04,54847.43,INR,1,30997.88,5,1,1,1
ACCT100000474,CUST0000978,CURRENT,ACTIVE,2016-03-16,57295.3,USD,1,18167.93,1,1,1,1
ACCT100000475,CUST0002062,SAVINGS,ACTIVE,2019-12-24,45354.89,INR,2,91124.55,2,4,1,1
ACCT100000476,CUST0001149,SALARY,DORMANT,2016-08-05,2102.92,USD,1,6118.13,4,2,1,1
ACCT100000477,CUST0004043,CURRENT,ACTIVE,2015-04-11,9929.56,AED,2,184117.14,4,2,0,1
ACCT100000478,CUST0000051,CURRENT,ACTIVE,2020-05-12,73406.05,INR,1,68431.58,2,1,1,0
ACCT100000479,CUST0007899,SAVINGS,ACTIVE,2017-12-07,7295.73,USD,2,16624.41,3,1,0,1
ACCT100000480,CUST0000897,salary,DORMANT,2021-11-28,6401.24,SGD,1,9519.94,1,1,1,1
ACCT100000481,CUST0003865,SALARY,ACTIVE,2012-01-24,1439.74,GBP,3,6542.45,5,2,1,1
ACCT100000482,CUST0005242,SAVINGS,ACTIVE,2016-07-20,21120.18,AED,1,5119.23,4,1,1,1
ACCT100000483,CUST0002530,CURRENT,ACTIVE,2017-08-01,12097.17,INR,1,16876.87,3,1,1,1
ACCT100000484,CUST0004630,SALARY,ACTIVE,2021-06-02,68019.09,INR,1,3335.61,3,1,1,1
ACCT100000485,CUST0000548,SAVINGS,ACTIVE,2012-08-14,2044.37,INR,2,57414.1,3,1,1,1
ACCT100000486,CUST0007963, SAVINGS ,ACTIVE,2021-07-05,3400.05,AED,3,31093.73,3,2,0,1
ACCT100000487,CUST0002286, SAVINGS ,ACTIVE,2014-07-13,5617.97,INR,1,10294.44,1,1,1,1
ACCT100000488,CUST0003605,CURRENT,ACTIVE,2015-11-29,149999.24,INR,1,2650.58,1,1,1,1
ACCT100000489,CUST0005535,CURRENT,DORMANT,2019-09-13,21088.78,SGD,1,67734.42,5,1,1,1
ACCT100000490,CUST0000477,SAVINGS,ACTIVE,2013-01-23,1052.25,USD,1,8678.36,3,4,0,0
ACCT100000491,CUST0007814,SHELL,ACTIVE,2018-06-29,1236012.81,INR,1,666484.12,8,3,0,1
ACCT100000492,CUST0007988,SALARY,ACTIVE,2018-08-30,18175.17,INR,1,38608.79,2,2,1,0
ACCT100000493,CUST0005979,SAVINGS,CLOSED,2012-12-09,5182.98,INR,2,19983.0,4,1,0,1
ACCT100000494,CUST0003408, NRE ,ACTIVE,2020-03-24,478019.35,USD,1,280985.37,6,3,0,1
ACCT100000495,CUST0001160,CURRENT,ACTIVE,2018-01-04,396931.19,INR,1,25260.43,5,1,0,1
ACCT100000496,CUST0004158,CURRENT,ACTIVE,2015-01-10,17024.23,INR,1,12609.04,1,4,1,1
ACCT100000497,CUST0004831,SAVINGS,ACTIVE,2017-01-22,9831.16,INR,1,15364.34,3,1,1,1
ACCT100000498,CUST0002954,CURRENT,ACTIVE,2018-10-21,24352.96,INR,1,82536.1,1,5,1,1
ACCT100000499,CUST0001991,SAVINGS,ACTIVE,2016-09-03,16195.86,INR,1,40491.04,1,1,1,1
ACCT100000500,CUST0003187, SALARY ,ACTIVE,2021-08-14,26308.07,AED,1,1590.07,4,3,1,1
ACCT100000501,CUST0004008,CURRENT,ACTIVE,2021-02-15,369228.62,INR,2,12907.78,3,1,1,1
ACCT100000502,CUST0004304,SAVINGS,ACTIVE,2019-03-18,9454.96,INR,2,10493.17,2,3,0,0
ACCT100000503,CUST0002083,SALARY,ACTIVE,2019-10-07,30497.55,USD,2,5029.13,1,1,0,1
ACCT100000504,CUST0003581,SALARY,ACTIVE,2019-12-30,201739.63,USD,1,10177.65,1,1,1,1
ACCT100000505,CUST0007126,SALARY,ACTIVE,2021-04-30,18019.16,INR,2,1217.53,4,1,1,1
ACCT100000506,CUST0002517,NRE,ACTIVE,2017-10-29,16920.86,INR,1,512957.3,5,3,1,1
ACCT100000507,CUST0002842,SALARY,ACTIVE,2020-06-13,2786.8,USD,1,1797.89,2,3,1,1
ACCT100000508,CUST0001008,TRUST,ACTIVE,2012-07-25,374260.76,INR,1,75882.71,8,2,0,1
ACCT100000509,CUST0000586,SALARY,ACTIVE,2020-09-30,496037.49,INR,1,7856.36,1,1,1,0
ACCT100000510,CUST0002888,NRO,ACTIVE,2012-08-25,102059.88,AED,1,18502.0,7,1,0,1
ACCT100000511,CUST0000320,TRUST,ACTIVE,2016-07-29,593719.78,SGD,1,788801.53,9,1,1,1
ACCT100000512,CUST0001901,SAVINGS,ACTIVE,2020-05-04,201135.11,INR,3,13056.81,5,2,0,1
ACCT100000513,CUST0002814,SALARY,BLOCKED,2020-11-29,210940.09,INR,1,10913.78,3,1,1,1
ACCT100000514,CUST0003288,SALARY,ACTIVE,2019-06-15,157425.36,USD,1,1472.92,5,2,1,1
ACCT100000515,CUST0007940,NRO,ACTIVE,2013-05-01,242960.25,INR,3,94525.34,7,1,1,1
ACCT100000516,CUST0005703,CURRENT,ACTIVE,2019-05-03,27873.87,INR,1,22562.15,1,1,1,0
ACCT100000517,CUST0001668,CURRENT,ACTIVE,2019-03-07,486402.79,GBP,1,7985.85,3,4,1,1
ACCT100000518,CUST0003177,SAVINGS,ACTIVE,2017-09-08,71478.55,SGD,1,10421.28,1,1,1,1
ACCT100000519,CUST0005648,NRE,ACTIVE,2013-07-07,27738.27,INR,1,1257579.12,7,2,1,0
ACCT100000520,CUST0000876,SAVINGS,ACTIVE,2016-03-08,16449.7,INR,3,2130.01,1,1,1,1
ACCT100000521,CUST0004365,TRUST,ACTIVE,2019-10-31,261812.29,INR,1,2414382.95,10,1,1,0
ACCT100000522,CUST0007395,SALARY,ACTIVE,2014-08-04,1815.85,INR,1,48447.46,4,1,0,1
ACCT100000523,CUST0002738,CURRENT,ACTIVE,2018-12-23,20546.27,INR,1,7315.85,3,3,1,1
ACCT100000524,CUST0000323,NRE,ACTIVE,2017-12-05,163177.14,INR,1,368643.31,7,1,1,1
ACCT100000525,CUST0003488,NRE,ACTIVE,2013-07-01,91788.27,AED,2,212040.54,4,1,1,1
ACCT100000526,CUST0000515,SAVINGS,ACTIVE,2018-10-11,39477.86,SGD,1,46278.98,4,1,1,1
ACCT100000527,CUST0003424,CURRENT,ACTIVE,2013-03-17,10613.28,INR,1,54025.84,4,2,0,1
ACCT100000528,CUST0005215,SAVINGS,ACTIVE,2017-10-04,8269.23,USD,1,2178.54,3,1,1,1
ACCT100000529,CUST0007912,CURRENT,BLOCKED,2013-09-22,12325.11,INR,3,30800.92,1,3,1,0
ACCT100000530,CUST0000550,SALARY,ACTIVE,2014-01-08,1040.8,INR,1,7003.98,1,3,0,0
ACCT100000531,CUST0006339, CURRENT ,ACTIVE,2019-08-14,23062.76,INR,1,67197.18,3,1,0,1
ACCT100000532,CUST0004590,SAVINGS,ACTIVE,2019-02-01,5062.19,SGD,2,17570.83,2,2,0,0
ACCT100000533,CUST0005415,SALARY,ACTIVE,2014-07-19,37221.18,INR,2,3362.99,1,3,1,1
ACCT100000534,CUST0001209,TRUST,DORMANT,2016-04-24,589378.98,INR,1,518569.02,9,1,0,1
ACCT100000535,CUST0004663, CURRENT ,ACTIVE,2019-12-11,79028.96,AED,2,1662.98,3,3,1,1
ACCT100000536,CUST0007067,NRO,ACTIVE,2020-06-17,113710.51,SGD,2,36681.19,6,1,1,1
ACCT100000537,CUST0006672,NRO,DORMANT,2019-01-07,33706.04,INR,2,56346.5,4,1,1,1
ACCT100000538,CUST0006532,SALARY,ACTIVE,2016-03-04,1620.17,USD,1,12864.77,2,1,0,1
ACCT100000539,CUST0007986,SAVINGS,CLOSED,2015-06-29,27758.6,INR,1,29349.18,3,1,1,0
ACCT100000540,CUST0005351,SALARY,ACTIVE,2016-12-06,544.29,SGD,1,2336.77,3,3,1,1
ACCT100000541,CUST0002350,SALARY,ACTIVE,2015-04-21,2823.19,USD,3,20447.6,3,1,1,1
ACCT100000542,CUST0001659,SALARY,CLOSED,2019-04-13,31802.3,GBP,1,4405.81,2,1,1,0
ACCT100000543,CUST0003498,CURRENT,ACTIVE,2020-09-29,22814.38,USD,1,84915.86,2,5,0,1
ACCT100000544,CUST0004913,NRE,ACTIVE,2012-08-17,746260.0,INR,2,34829.87,7,1,0,1
ACCT100000545,CUST0005974,NRO,ACTIVE,2013-01-19,629048.58,INR,1,263295.83,6,1,0,1
ACCT100000546,CUST0001452,SALARY,BLOCKED,2014-06-24,9246.93,INR,1,33570.08,1,1,1,1
ACCT100000547,CUST0004000,SAVINGS,ACTIVE,2013-10-22,97837.14,USD,3,27588.36,5,1,0,1
ACCT100000548,CUST0000072, NRE ,CLOSED,2017-02-04,26388.95,INR,2,324059.31,4,3,1,1
ACCT100000549,CUST0003374,SAVINGS,DORMANT,2012-06-28,1188.69,USD,1,4234.35,4,1,1,0
ACCT100000550,CUST0000858,NRE,ACTIVE,2020-05-30,106670.31,AED,3,34572.24,4,1,1,1
ACCT100000551,CUST0006396,SALARY,ACTIVE,2020-04-19,118855.36,USD,1,5507.29,5,2,1,1
ACCT100000552,CUST0002809,CURRENT,ACTIVE,2018-03-13,30373.74,INR,2,55667.73,4,5,0,1
ACCT100000553,CUST0002252,SALARY,ACTIVE,2019-01-01,66015.8,INR,1,2523.38,3,2,1,1
ACCT100000554,CUST0005063, NRE ,BLOCKED,2018-12-07,518275.31,AED,2,447540.92,7,2,1,1
ACCT100000555,CUST0003877,CURRENT,ACTIVE,2013-10-04,241457.78,INR,3,23645.16,3,2,1,1
ACCT100000556,CUST0003543,CURRENT,ACTIVE,2014-12-11,16165.62,INR,1,65364.34,1,1,1,1
ACCT100000557,CUST0007170,SAVINGS,ACTIVE,2018-07-29,63607.37,AED,1,149132.65,4,1,1,1
ACCT100000558,CUST0001733,CURRENT,ACTIVE,2014-09-25,1434.31,AED,1,75712.78,2,2,0,1
ACCT100000559,CUST0005457,CURRENT,ACTIVE,2017-02-24,84408.21,USD,3,50494.78,1,4,0,1
ACCT100000560,CUST0001215,SAVINGS,ACTIVE,2019-11-09,42250.65,AED,1,11868.86,5,2,0,1
ACCT100000561,CUST0001675,SALARY,ACTIVE,2012-10-21,11287.06,SGD,1,32698.83,2,1,1,1
ACCT100000562,CUST0007420,NRO,ACTIVE,2012-01-14,1527782.97,USD,1,61155.63,4,2,0,0
ACCT100000563,CUST0005778,NRE,ACTIVE,2013-03-29,1569231.58,INR,2,14270.89,7,2,1,1
ACCT100000564,CUST0004273,CURRENT,ACTIVE,2013-12-22,99197.49,USD,1,9545.2,4,1,1,1
ACCT100000565,CUST0000728,SAVINGS,ACTIVE,2014-07-17,3377.98,GBP,1,5566.55,3,1,1,1
ACCT100000566,CUST0000724,CURRENT,ACTIVE,2018-01-20,13428.17,INR,1,76668.81,4,3,0,0
ACCT100000567,CUST0000142,SAVINGS,ACTIVE,2019-07-11,14157.43,INR,2,5300.49,4,3,0,1
ACCT100000568,CUST0003990,SALARY,DORMANT,2014-11-02,78278.71,SGD,1,6319.06,3,1,0,1
ACCT100000569,CUST0000986,SAVINGS,ACTIVE,2013-10-14,11806.66,GBP,2,25226.29,5,4,1,0
ACCT100000570,CUST0005749,SAVINGS,ACTIVE,2012-12-27,2986.77,GBP,2,38526.59,1,1,1,1
ACCT100000571,CUST0003665, CURRENT ,DORMANT,2020-01-05,209000.14,AED,2,31734.46,5,1,1,1
ACCT100000572,CUST0003097,SAVINGS,ACTIVE,2014-08-01,321588.41,INR,2,5095.04,3,1,0,1
ACCT100000573,CUST0002448,SAVINGS,ACTIVE,2013-06-24,1110.23,INR,1,14091.77,2,2,1,1
ACCT100000574,CUST0004391,TRUST,ACTIVE,2019-02-22,133508.85,AED,1,3411154.49,7,1,1,1
ACCT100000575,CUST0005086,SAVINGS,ACTIVE,2014-03-22,86438.83,INR,1,4669.44,4,1,1,1
ACCT100000576,CUST0005589,NRO,ACTIVE,2017-06-04,134751.68,INR,1,220676.3,5,1,1,1
ACCT100000577,CUST0000030,SAVINGS,ACTIVE,2019-01-22,113806.13,USD,2,12888.59,5,3,1,1
ACCT100000578,CUST0004835,NRO,ACTIVE,2012-08-27,31772.47,INR,1,121196.93,6,1,1,1
ACCT100000579,CUST0000277,SAVINGS,ACTIVE,2016-02-25,4774.96,USD,2,7011.44,5,1,1,1
ACCT100000580,CUST0006216,SAVINGS,ACTIVE,2019-12-23,16676.06,AED,2,27295.47,4,5,1,1
ACCT100000581,CUST0002731,SAVINGS,ACTIVE,2017-02-22,8132.22,SGD,2,2033.11,5,1,1,1
ACCT100000582,CUST0000221,CURRENT,ACTIVE,2020-11-05,38019.42,AED,3,247746.97,1,2,1,1
ACCT100000583,CUST0007391,SAVINGS,ACTIVE,2017-12-25,10039.1,SGD,1,5644.76,5,1,1,0
ACCT100000584,CUST0006333,SALARY,ACTIVE,2013-03-11,202.34,INR,2,3920.02,2,2,1,1
ACCT100000585,CUST0005353,CURRENT,ACTIVE,2012-12-23,30908.82,INR,1,67165.71,3,1,1,1
ACCT100000586,CUST0003688,CURRENT,ACTIVE,2019-12-23,38377.85,USD,2,25517.54,5,1,0,1
ACCT100000587,CUST0001427,SALARY,ACTIVE,2021-06-09,21746.02,INR,2,567.68,2,1,1,1
ACCT100000588,CUST0002580,CURRENT,ACTIVE,2020-08-08,44040.94,USD,1,24104.93,2,2,0,0
ACCT100000589,CUST0007599,SAVINGS,ACTIVE,2013-01-15,2779.03,INR,1,26658.28,3,2,1,1
ACCT100000590,CUST0006424,CURRENT,ACTIVE,2018-03-19,8978.73,GBP,1,2980.77,4,2,1,1
ACCT100000591,CUST0004672,CURRENT,ACTIVE,2015-05-04,64077.28,AED,1,16164.59,4,1,1,1
ACCT100000592,CUST0003988,SAVINGS,ACTIVE,2016-05-21,2890.67,INR,1,61510.09,5,1,0,1
ACCT100000593,CUST0003922,CURRENT,ACTIVE,2015-02-09,1587.9,INR,3,38431.64,1,1,1,1
ACCT100000594,CUST0003065,SAVINGS,ACTIVE,2015-05-03,47977.12,INR,1,8300.69,4,4,1,1
ACCT100000595,CUST0001384,CURRENT,ACTIVE,2014-12-01,38368.5,INR,1,16143.4,2,3,1,1
ACCT100000596,CUST0006209,NRE,ACTIVE,2020-08-31,506083.95,USD,1,876401.41,7,1,1,0
ACCT100000597,CUST0003399,SAVINGS,ACTIVE,2014-02-22,21555.57,INR,1,20551.92,5,5,0,1
ACCT100000598,CUST0001305,SAVINGS,DORMANT,2017-10-24,3197.43,SGD,1,7451.35,3,3,1,1
ACCT100000599,CUST0000858,CURRENT,ACTIVE,2018-05-01,8502.03,USD,1,13499.57,5,1,0,1
ACCT100000600,CUST0007018,NRO,ACTIVE,2020-01-10,404070.89,USD,1,191872.9,5,1,1,1
ACCT100000601,CUST0003769,SALARY,ACTIVE,2021-10-30,40192.67,INR,1,15087.38,5,3,1,1
ACCT100000602,CUST0004939,SALARY,ACTIVE,2017-10-31,6853.18,INR,2,4039.56,3,3,1,1
ACCT100000603,CUST0007073,SALARY,ACTIVE,2015-01-14,2213.32,INR,3,1579.76,4,1,1,0
ACCT100000604,CUST0001257,NRE,ACTIVE,2016-11-17,464863.44,INR,1,171279.06,6,1,1,1
ACCT100000605,CUST0005193,CURRENT,ACTIVE,2016-11-12,3813.47,AED,1,8304.37,1,2,1,1
ACCT100000606,CUST0005036,SALARY,ACTIVE,2012-06-02,6875.05,USD,1,7606.49,1,1,1,0
ACCT100000607,CUST0003455,TRUST,DORMANT,2019-04-17,2102189.61,INR,1,70422.24,7,3,1,1
ACCT100000608,CUST0005565,CURRENT,ACTIVE,2013-11-29,42069.08,USD,1,97934.62,4,2,1,1
ACCT100000609,CUST0002534,CURRENT,ACTIVE,2017-11-16,23124.85,GBP,1,5693.72,4,2,1,1
ACCT100000610,CUST0004579,SAVINGS,ACTIVE,2017-07-03,5077.39,INR,1,81765.16,1,1,0,1
ACCT100000611,CUST0007855,SAVINGS,ACTIVE,2018-06-20,17197.22,INR,1,14403.33,2,1,0,1
ACCT100000612,CUST0003534,salary,CLOSED,2019-04-07,66463.3,USD,1,1267.93,5,3,1,1
ACCT100000613,CUST0007759,SALARY,ACTIVE,2018-10-30,13695.02,AED,1,17389.95,1,1,1,1
ACCT100000614,CUST0002848,SALARY,ACTIVE,2018-03-14,28499.18,INR,2,2592.59,2,2,1,1
ACCT100000615,CUST0005845,SAVINGS,BLOCKED,2021-05-27,51888.89,AED,1,18244.56,5,1,1,1
ACCT100000616,CUST0005868,NRE,ACTIVE,2017-01-31,1469307.2,USD,1,325966.6,4,2,1,0
ACCT100000617,CUST0001385,CURRENT,ACTIVE,2019-10-14,12720.34,INR,1,55075.14,1,4,1,0
ACCT100000618,CUST0003460,SALARY,ACTIVE,2016-01-13,44987.47,INR,1,21088.17,2,4,1,1
ACCT100000619,CUST0004591,NRE,ACTIVE,2021-10-11,740836.54,INR,2,62650.59,4,5,0,1
ACCT100000620,CUST0007489, SALARY ,ACTIVE,2018-11-16,964.95,SGD,1,10496.55,4,2,1,1
ACCT100000621,CUST0002557, SAVINGS ,ACTIVE,2014-01-26,9101.57,INR,1,9421.03,3,1,1,1
ACCT100000622,CUST0006863,CURRENT,ACTIVE,2015-01-04,105049.12,INR,1,7406.42,4,2,1,1
ACCT100000623,CUST0000414,SAVINGS,ACTIVE,2012-12-06,14705.94,INR,1,6731.42,4,3,0,0
ACCT100000624,CUST0004978,SALARY,ACTIVE,2016-04-15,26851.72,AED,1,3088.86,4,1,1,1
ACCT100000625,CUST0004579,SAVINGS,ACTIVE,2014-04-04,43375.63,INR,3,22941.72,3,1,1,1
ACCT100000626,CUST0007002,SHELL,ACTIVE,2014-05-15,562241.94,INR,1,118161.21,9,3,1,1
ACCT100000627,CUST0007170,SALARY,ACTIVE,2019-11-23,4375.79,INR,1,4722.05,1,1,1,1
ACCT100000628,CUST0004912,CURRENT,ACTIVE,2021-03-13,32997.05,GBP,3,11538.49,2,1,1,0
ACCT100000629,CUST0005382,CURRENT,ACTIVE,2019-11-19,7731.88,INR,1,20058.62,1,3,1,1
ACCT100000630,CUST0002627,SALARY,ACTIVE,2017-12-27,1333.73,USD,1,58988.36,1,1,1,1
ACCT100000631,CUST0003544,SALARY,ACTIVE,2020-11-23,29580.82,INR,1,10124.44,5,4,1,1
ACCT100000632,CUST0002630,savings,ACTIVE,2012-07-24,61948.57,INR,3,13820.24,4,4,0,1
ACCT100000633,CUST0002850,SALARY,ACTIVE,2020-02-18,1886.05,AED,1,4952.77,1,1,0,1
ACCT100000634,CUST0005763,NRO,ACTIVE,2018-12-07,197610.81,AED,1,43317.48,5,1,1,1
ACCT100000635,CUST0007031,NRE,ACTIVE,2019-10-20,238886.93,INR,1,54120.65,4,3,1,1
ACCT100000636,CUST0007461,SAVINGS,DORMANT,2020-11-12,1770.52,INR,2,2129.52,2,1,0,1
ACCT100000637,CUST0004278,CURRENT,ACTIVE,2021-03-13,895414.49,INR,1,41928.21,2,3,0,1
ACCT100000638,CUST0006486,NRE,ACTIVE,2019-09-12,112403.27,USD,1,24105.63,4,2,0,1
ACCT100000639,CUST0003814,CURRENT,ACTIVE,2016-06-08,88816.64,INR,1,8333.44,4,1,1,0
ACCT100000640,CUST0002838,NRE,ACTIVE,2015-10-22,262987.82,USD,3,88603.4,4,1,1,1
ACCT100000641,CUST0003440,SALARY,ACTIVE,2016-05-18,12409.22,INR,1,9867.32,1,1,0,1
ACCT100000642,CUST0000509,SAVINGS,DORMANT,2013-09-16,34960.69,INR,1,58343.35,2,1,1,1
ACCT100000643,CUST0001410,salary,ACTIVE,2020-01-27,111530.33,INR,1,20242.76,1,1,0,1
ACCT100000644,CUST0005766,NRE,CLOSED,2021-12-02,3367515.74,USD,1,216037.31,5,2,1,1
ACCT100000645,CUST0001702,NRO,ACTIVE,2020-10-14,136268.33,GBP,1,101246.59,5,3,1,0
ACCT100000646,CUST0000836,SAVINGS,ACTIVE,2016-06-15,26457.53,USD,2,22318.71,2,2,0,1
ACCT100000647,CUST0006073,SHELL,ACTIVE,2013-03-17,13010994.04,INR,1,377348.98,7,1,1,0
ACCT100000648,CUST0001670,CURRENT,ACTIVE,2020-12-02,46636.92,AED,1,9475.56,5,1,1,1
ACCT100000649,CUST0004642,SAVINGS,ACTIVE,2016-01-24,4364.75,INR,1,10030.21,3,2,1,1
ACCT100000650,CUST0007007,SALARY,BLOCKED,2014-06-09,5272.08,USD,1,5806.75,3,1,1,1
ACCT100000651,CUST0003305,SALARY,ACTIVE,2012-01-18,9693.23,INR,2,27183.65,5,1,1,1
ACCT100000652,CUST0002868,SALARY,ACTIVE,2020-02-07,4886.45,USD,1,18113.21,4,5,1,1
ACCT100000653,CUST0003556,SAVINGS,ACTIVE,2019-01-31,119439.53,INR,1,5127.64,5,1,0,1
ACCT100000654,CUST0003065,SAVINGS,ACTIVE,2015-11-23,6064.68,INR,1,24782.67,2,1,1,0
ACCT100000655,CUST0004230,SALARY,ACTIVE,2014-02-19,1630.55,INR,2,4947.28,1,1,0,0
ACCT100000656,CUST0001856,current,ACTIVE,2021-10-30,49678.53,INR,1,101040.17,4,1,1,1
ACCT100000657,CUST0005760,SAVINGS,BLOCKED,2015-05-29,53340.0,USD,1,15672.56,5,3,0,1
ACCT100000658,CUST0002363,TRUST,DORMANT,2016-08-23,979399.74,USD,2,150420.31,9,3,1,1
ACCT100000659,CUST0003112,TRUST,DORMANT,2015-04-01,211746.83,INR,1,262068.97,9,3,1,1
ACCT100000660,CUST0002576,SALARY,ACTIVE,2016-09-22,9950.83,AED,2,803.83,5,2,1,1
ACCT100000661,CUST0004674,SAVINGS,ACTIVE,2019-08-14,16774.34,INR,1,9911.87,1,1,1,1
ACCT100000662,CUST0003594,SHELL,DORMANT,2013-07-03,126390.21,USD,1,340769.66,8,1,1,1
ACCT100000663,CUST0003410,SAVINGS,ACTIVE,2016-11-02,10256.6,INR,1,10500.81,5,1,1,1
ACCT100000664,CUST0006302,SAVINGS,ACTIVE,2015-04-18,3061.85,AED,1,55506.4,1,1,1,1
ACCT100000665,CUST0003745,NRO,ACTIVE,2019-04-25,10814.64,USD,1,245180.85,5,1,1,1
ACCT100000666,CUST0004164,SAVINGS,ACTIVE,2016-03-12,170273.6,INR,1,530.08,1,1,1,1
ACCT100000667,CUST0003623,SALARY,ACTIVE,2016-07-23,4581.15,INR,3,4591.92,1,2,1,1
ACCT100000668,CUST0004612, SAVINGS ,DORMANT,2014-11-08,21125.2,INR,2,4357.76,3,2,1,1
ACCT100000669,CUST0000320,CURRENT,ACTIVE,2014-08-11,71395.3,INR,2,116473.87,5,1,1,1
ACCT100000670,CUST0004059,CURRENT,ACTIVE,2017-06-17,78730.73,AED,1,5047.07,4,3,1,1
ACCT100000671,CUST0004196,CURRENT,ACTIVE,2021-10-02,187237.39,USD,1,123576.52,3,3,1,1
ACCT100000672,CUST0005145,CURRENT,ACTIVE,2013-02-14,14144.78,INR,2,29231.18,5,2,0,1
ACCT100000673,CUST0007695,SAVINGS,ACTIVE,2020-09-09,28677.6,USD,3,8089.61,1,4,1,0
ACCT100000674,CUST0007626,SAVINGS,ACTIVE,2021-10-03,26866.71,INR,1,13442.4,3,1,1,1
ACCT100000675,CUST0004742,SHELL,ACTIVE,2015-11-26,1295227.88,INR,1,77479.25,9,4,0,1
ACCT100000676,CUST0000581,SAVINGS,ACTIVE,2013-06-16,14708.08,INR,1,12827.9,2,1,1,0
ACCT100000677,CUST0003148,SAVINGS,ACTIVE,2021-10-21,26331.31,INR,1,3012.08,4,4,1,1
ACCT100000678,CUST0000171,SAVINGS,ACTIVE,2018-09-17,40127.8,USD,2,72456.99,4,4,1,1
ACCT100000679,CUST0000987,CURRENT,CLOSED,2020-10-22,107518.02,INR,1,20502.52,2,1,1,1
ACCT100000680,CUST0007603,SAVINGS,ACTIVE,2016-07-20,20392.61,INR,1,42637.63,2,4,1,1
ACCT100000681,CUST0007055,CURRENT,ACTIVE,2015-06-07,1435005.46,INR,1,35963.09,2,1,1,1
ACCT100000682,CUST0000462,CURRENT,ACTIVE,2013-11-18,8445.97,INR,2,2188.96,4,1,1,1
ACCT100000683,CUST0007351,NRO,ACTIVE,2018-01-27,54170.78,INR,1,1064726.91,6,2,1,1
ACCT100000684,CUST0003459,CURRENT,DORMANT,2012-03-17,53003.58,INR,1,82247.9,5,2,1,1
ACCT100000685,CUST0005258,NRE,ACTIVE,2019-10-17,67255.16,INR,1,69844.46,5,2,1,1
ACCT100000686,CUST0000024,SALARY,ACTIVE,2014-06-22,5135.04,USD,1,1044.71,2,1,1,1
ACCT100000687,CUST0006519,TRUST,ACTIVE,2018-10-16,44194.84,INR,1,51446.28,7,3,1,1
ACCT100000688,CUST0005930,CURRENT,ACTIVE,2020-09-28,13404.22,INR,2,50318.43,5,1,1,1
ACCT100000689,CUST0007764,TRUST,DORMANT,2018-03-14,147496.43,INR,1,60664.68,8,1,1,1
ACCT100000690,CUST0006393,SALARY,ACTIVE,2013-02-10,8189.73,USD,1,3279.7,4,1,1,0
ACCT100000691,CUST0003138,current,ACTIVE,2019-11-22,50377.67,INR,1,98070.29,4,1,1,1
ACCT100000692,CUST0005838,CURRENT,ACTIVE,2015-09-25,7954.84,INR,1,142505.9,1,1,1,1
ACCT100000693,CUST0005770,SALARY,ACTIVE,2016-09-03,2823.89,USD,1,6131.55,4,1,0,1
ACCT100000694,CUST0000498,NRO,ACTIVE,2015-09-17,100546.03,SGD,1,69338.72,5,3,1,1
ACCT100000695,CUST0002473,CURRENT,ACTIVE,2020-09-15,74317.91,INR,1,45735.52,4,3,1,0
ACCT100000696,CUST0003733,TRUST,DORMANT,2013-03-13,356398.69,INR,2,1499719.92,8,2,0,0
ACCT100000697,CUST0006837,CURRENT,ACTIVE,2018-08-30,9107.52,AED,2,158788.93,2,1,0,1
ACCT100000698,CUST0000197,NRE,CLOSED,2019-11-04,94945.3,USD,1,1023758.06,5,4,1,0
ACCT100000699,CUST0005689,NRO,ACTIVE,2015-11-12,98762.26,INR,1,167899.14,4,3,1,1
ACCT100000700,CUST0003988,SAVINGS,ACTIVE,2012-06-02,21092.7,INR,1,8454.55,1,1,1,0
ACCT100000701,CUST0003952, SAVINGS ,ACTIVE,2016-01-29,34273.55,INR,1,17720.16,5,4,1,1
ACCT100000702,CUST0007958,SALARY,ACTIVE,2018-01-30,6828.84,INR,1,36811.79,1,4,0,1
ACCT100000703,CUST0007218,SALARY,CLOSED,2014-03-29,8448.75,INR,1,4345.82,3,2,1,1
ACCT100000704,CUST0003272,NRE,DORMANT,2016-08-17,114130.9,INR,1,79853.08,7,1,0,1
ACCT100000705,CUST0004232,CURRENT,ACTIVE,2013-12-02,76054.04,INR,1,41050.05,1,1,1,1
ACCT100000706,CUST0003792,SALARY,ACTIVE,2013-12-23,15017.67,INR,1,24141.22,3,1,1,0
ACCT100000707,CUST0006540,SAVINGS,ACTIVE,2020-08-13,5387.51,INR,1,3966.13,4,2,0,1
ACCT100000708,CUST0002779,CURRENT,ACTIVE,2018-03-07,40699.45,INR,1,12965.39,4,1,1,1
ACCT100000709,CUST0006941,SAVINGS,DORMANT,2019-10-31,118273.71,INR,2,2427.35,2,4,1,1
ACCT100000710,CUST0002527,SALARY,ACTIVE,2013-07-27,28990.03,AED,3,1596.91,1,1,1,1
ACCT100000711,CUST0004734,SHELL,ACTIVE,2017-10-23,18189.01,AED,1,788011.85,8,1,1,1
ACCT100000712,CUST0001702,SAVINGS,ACTIVE,2015-04-16,38934.21,AED,2,14652.81,4,2,1,1
ACCT100000713,CUST0003689,SAVINGS,ACTIVE,2015-10-09,10198.0,USD,1,21441.55,5,2,1,1
ACCT100000714,CUST0007242,CURRENT,ACTIVE,2018-05-30,975593.23,INR,1,33175.15,3,1,1,0
ACCT100000715,CUST0005087,CURRENT,ACTIVE,2015-10-12,247286.94,INR,1,47673.14,2,2,1,1
ACCT100000716,CUST0006298,CURRENT,ACTIVE,2021-04-19,81062.83,AED,2,6421.05,4,2,1,1
ACCT100000717,CUST0001418,SAVINGS,ACTIVE,2015-11-19,45186.04,AED,1,32129.48,2,1,1,1
ACCT100000718,CUST0002927,SAVINGS,ACTIVE,2014-06-11,250333.54,INR,3,16807.06,4,1,1,1
ACCT100000719,CUST0004793,trust,ACTIVE,2021-10-12,490045.99,GBP,1,335761.54,8,1,1,1
ACCT100000720,CUST0007987,current,DORMANT,2016-06-16,5198.37,SGD,1,16080.91,4,1,0,1
ACCT100000721,CUST0002841,CURRENT,ACTIVE,2020-08-03,79433.95,USD,1,65112.1,1,1,1,1
ACCT100000722,CUST0007217,CURRENT,ACTIVE,2020-04-27,74893.2,USD,1,16245.95,3,1,1,1
ACCT100000723,CUST0002809,SAVINGS,ACTIVE,2012-07-18,27616.14,INR,1,95883.4,3,1,0,1
ACCT100000724,CUST0002634,savings,ACTIVE,2014-12-04,5382.13,INR,1,11131.49,2,3,1,1
ACCT100000725,CUST0002532,SAVINGS,ACTIVE,2018-08-24,41628.76,INR,1,9409.36,2,4,0,1
ACCT100000726,CUST0002447,CURRENT,ACTIVE,2013-12-10,111753.52,INR,1,51994.75,4,1,1,1
ACCT100000727,CUST0002090,SALARY,ACTIVE,2018-02-01,1844.02,INR,1,1540.61,5,4,1,1
ACCT100000728,CUST0003318,SAVINGS,ACTIVE,2013-04-16,6720.8,AED,1,1773.04,2,3,1,1
ACCT100000729,CUST0006421,CURRENT,DORMANT,2019-06-19,53623.23,INR,3,40095.5,2,3,1,1
ACCT100000730,CUST0004123,SALARY,ACTIVE,2016-03-01,10617.23,INR,2,68031.32,5,1,1,1
ACCT100000731,CUST0001104,savings,ACTIVE,2018-03-05,2059.07,AED,2,5319.3,5,1,1,0
ACCT100000732,CUST0001087,CURRENT,ACTIVE,2013-06-01,56482.83,SGD,2,57965.96,4,1,1,1
ACCT100000733,CUST0002227,SALARY,ACTIVE,2013-04-07,9047.93,INR,1,9616.76,2,1,1,0
ACCT100000734,CUST0000672,SALARY,ACTIVE,2014-01-15,3586.72,INR,2,43384.84,3,2,1,1
ACCT100000735,CUST0002572,CURRENT,ACTIVE,2015-04-02,28109.0,USD,3,24848.48,5,2,1,1
ACCT100000736,CUST0001768,NRO,ACTIVE,2013-04-29,24573.45,INR,2,139380.82,7,1,0,1
ACCT100000737,CUST0006552,SAVINGS,DORMANT,2018-01-07,19643.05,INR,1,31254.82,2,2,0,1
ACCT100000738,CUST0005705,CURRENT,DORMANT,2019-06-20,9301.47,INR,2,5268.58,4,1,1,1
ACCT100000739,CUST0004267, SALARY ,ACTIVE,2017-12-27,12686.06,USD,1,47990.79,2,2,1,1
ACCT100000740,CUST0001629,savings,CLOSED,2016-03-26,31511.24,USD,1,12209.13,3,2,1,1
ACCT100000741,CUST0007978,SAVINGS,ACTIVE,2017-08-08,3431.86,INR,1,8334.84,5,3,1,1
ACCT100000742,CUST0000075,CURRENT,DORMANT,2017-06-26,11963.65,SGD,1,6480.84,2,2,1,1
ACCT100000743,CUST0003038,CURRENT,ACTIVE,2012-03-10,178734.4,USD,2,6879.87,1,4,1,1
ACCT100000744,CUST0001384,CURRENT,ACTIVE,2017-03-11,87902.78,INR,3,8010.41,4,3,0,1
ACCT100000745,CUST0000283,SALARY,ACTIVE,2015-09-03,122359.24,SGD,1,8900.55,1,1,1,1
ACCT100000746,CUST0007742,CURRENT,ACTIVE,2012-03-22,58968.64,INR,1,1440415.02,5,1,1,1
ACCT100000747,CUST0005491,SAVINGS,ACTIVE,2012-03-10,20489.38,INR,1,16283.59,5,1,1,1
ACCT100000748,CUST0001738,SAVINGS,DORMANT,2020-03-11,42543.16,INR,3,36531.97,1,1,1,1
ACCT100000749,CUST0003598,CURRENT,ACTIVE,2015-03-14,11829.21,INR,2,1433.4,5,1,0,0
ACCT100000750,CUST0000983,TRUST,ACTIVE,2021-05-24,243978.97,SGD,3,434941.88,8,5,1,0
ACCT100000751,CUST0006649,SAVINGS,ACTIVE,2019-01-28,56206.38,INR,2,19102.86,1,1,1,1
ACCT100000752,CUST0000312,SAVINGS,DORMANT,2018-11-21,31852.6,SGD,2,3043.32,1,3,0,1
ACCT100000753,CUST0001026,NRE,ACTIVE,2014-04-23,24448.31,INR,1,40127.4,7,3,1,1
ACCT100000754,CUST0004421,nre,ACTIVE,2013-12-05,97086.23,USD,1,401613.0,7,2,1,1
ACCT100000755,CUST0001554,NRO,DORMANT,2018-02-28,334173.16,AED,1,1177192.45,6,3,0,1
ACCT100000756,CUST0006505,CURRENT,ACTIVE,2015-11-28,81366.66,INR,1,50321.56,1,1,0,1
ACCT100000757,CUST0000360,SAVINGS,ACTIVE,2014-08-14,39567.26,INR,1,18265.57,3,1,1,1
ACCT100000758,CUST0000321,SAVINGS,ACTIVE,2018-05-20,520.7,INR,1,61326.75,4,5,1,1
ACCT100000759,CUST0002948,trust,DORMANT,2016-06-18,1142437.04,INR,1,34300.32,10,4,1,1
ACCT100000760,CUST0006063,NRO,DORMANT,2019-10-17,32517.72,INR,1,30314.53,5,4,1,1
ACCT100000761,CUST0000966,SALARY,ACTIVE,2017-05-09,6784.22,INR,1,14522.0,3,2,1,1
ACCT100000762,CUST0000449,SAVINGS,ACTIVE,2017-02-18,3375.4,INR,2,2941.29,2,3,0,1
ACCT100000763,CUST0000454,SAVINGS,ACTIVE,2021-11-06,6564.01,INR,1,51705.79,4,1,1,0
ACCT100000764,CUST0005563,SAVINGS,ACTIVE,2014-09-29,4388.44,USD,1,14207.06,1,2,1,1
ACCT100000765,CUST0002720,SALARY,ACTIVE,2015-12-03,24274.15,INR,1,2265.64,5,1,0,1
ACCT100000766,CUST0000043,SHELL,ACTIVE,2014-03-05,8916410.45,INR,1,2676059.63,9,1,1,0
ACCT100000767,CUST0006054,SALARY,ACTIVE,2018-02-21,139842.53,INR,1,2682.7,4,1,1,0
ACCT100000768,CUST0007407,NRE,BLOCKED,2020-01-18,28580.85,INR,3,131429.08,4,1,1,1
ACCT100000769,CUST0007118,NRE,ACTIVE,2018-01-26,110416.0,INR,1,195048.57,5,1,0,1
ACCT100000770,CUST0007837,SAVINGS,ACTIVE,2019-12-24,395.7,GBP,1,5354.72,5,3,0,1
ACCT100000771,CUST0006725,SALARY,ACTIVE,2020-05-06,18276.09,INR,1,14852.97,3,1,0,1
ACCT100000772,CUST0007086, SALARY ,ACTIVE,2021-05-12,5602.19,INR,1,12856.08,5,1,1,1
ACCT100000773,CUST0004481, CURRENT ,ACTIVE,2021-07-15,232441.96,INR,1,9471.95,1,2,1,1
ACCT100000774,CUST0007263,SALARY,ACTIVE,2015-11-17,16298.32,USD,2,3665.77,5,1,1,0
ACCT100000775,CUST0007552,SAVINGS,ACTIVE,2015-05-06,1385.96,INR,1,41037.65,3,1,0,1
ACCT100000776,CUST0003974,NRE,ACTIVE,2015-06-26,68333.85,AED,2,64971.09,7,3,1,1
ACCT100000777,CUST0006781,CURRENT,DORMANT,2014-02-03,92084.96,USD,1,27248.5,3,1,1,1
ACCT100000778,CUST0000292,CURRENT,ACTIVE,2014-01-10,22277.69,GBP,1,347226.93,3,2,0,1
ACCT100000779,CUST0005116,SALARY,ACTIVE,2014-04-01,25233.45,INR,1,28949.19,1,3,1,1
ACCT100000780,CUST0000064,NRE,ACTIVE,2019-03-03,13328.75,USD,1,154019.6,6,1,1,1
ACCT100000781,CUST0004321,SALARY,ACTIVE,2021-11-15,5509.57,INR,1,4224.16,4,1,1,1
ACCT100000782,CUST0005979,CURRENT,ACTIVE,2015-01-26,234367.69,USD,2,48614.2,4,1,0,1
ACCT100000783,CUST0000330,TRUST,DORMANT,2018-01-20,61099.51,INR,1,106809.56,7,4,1,1
ACCT100000784,CUST0003227,SALARY,ACTIVE,2016-05-19,8264.72,INR,3,1781.58,2,2,1,1
ACCT100000785,CUST0003201,CURRENT,ACTIVE,2012-01-31,307735.07,INR,1,17234.66,1,1,1,1
ACCT100000786,CUST0002077,CURRENT,ACTIVE,2017-02-12,31073.55,INR,2,24119.89,4,2,1,1
ACCT100000787,CUST0004690,SAVINGS,ACTIVE,2018-03-12,25782.46,USD,1,9071.6,4,1,1,1
ACCT100000788,CUST0006094,SAVINGS,ACTIVE,2015-09-18,60494.0,INR,1,14354.38,5,1,0,1
ACCT100000789,CUST0007897,SALARY,ACTIVE,2012-01-21,1302.83,INR,1,1390.59,1,2,0,1
ACCT100000790,CUST0002502,CURRENT,ACTIVE,2015-02-24,38383.37,USD,1,34559.22,4,4,1,1
ACCT100000791,CUST0003360,SAVINGS,ACTIVE,2015-03-20,126468.64,INR,1,33495.25,4,1,1,1
ACCT100000792,CUST0000642, SAVINGS ,ACTIVE,2012-03-07,12020.45,INR,1,466400.35,1,1,1,1
ACCT100000793,CUST0006552,NRE,ACTIVE,2016-12-23,709666.29,USD,1,178550.54,5,1,1,1
ACCT100000794,CUST0003812,SAVINGS,ACTIVE,2020-03-26,6393.26,INR,1,7669.46,3,1,0,1
ACCT100000795,CUST0003216,CURRENT,ACTIVE,2013-03-28,40944.9,INR,1,11591.68,5,1,1,1
ACCT100000796,CUST0005841,SHELL,DORMANT,2015-02-24,17840630.45,AED,1,206261.99,7,3,1,1
ACCT100000797,CUST0000564,CURRENT,ACTIVE,2013-03-08,190036.58,INR,1,7983.25,4,1,1,1
ACCT100000798,CUST0005402,CURRENT,BLOCKED,2017-02-08,168035.9,USD,2,58902.04,4,3,1,1
ACCT100000799,CUST0004609,SAVINGS,ACTIVE,2015-11-18,40499.55,SGD,1,24194.27,2,3,1,1
ACCT100000800,CUST0004760,CURRENT,DORMANT,2012-10-20,39188.8,AED,1,19919.4,1,1,1,1
ACCT100000801,CUST0000540,CURRENT,ACTIVE,2018-12-11,89344.02,INR,1,26018.07,2,4,0,1
ACCT100000802,CUST0004129,NRO,ACTIVE,2017-08-08,50634.6,INR,3,249591.95,7,4,1,1
ACCT100000803,CUST0000230,CURRENT,ACTIVE,2018-09-20,3433.04,INR,2,29012.59,2,2,1,1
ACCT100000804,CUST0007978,NRO,ACTIVE,2013-08-16,185307.48,INR,1,219832.3,4,2,1,0
ACCT100000805,CUST0000434,NRE,ACTIVE,2020-08-17,9314552.18,USD,1,72897.93,7,5,1,1
ACCT100000806,CUST0005259, SAVINGS ,ACTIVE,2018-04-06,1261.01,AED,2,18471.83,4,3,1,1
ACCT100000807,CUST0002622,SHELL,ACTIVE,2019-01-09,78041.17,INR,1,1742275.62,7,2,1,1
ACCT100000808,CUST0004352,SAVINGS,ACTIVE,2020-05-14,3692.32,INR,3,7371.43,5,1,1,0
ACCT100000809,CUST0004196,SAVINGS,ACTIVE,2012-06-05,101075.8,USD,2,18099.16,3,4,1,1
ACCT100000810,CUST0002383,CURRENT,ACTIVE,2012-07-04,35847.35,AED,1,8975.5,1,2,0,1
ACCT100000811,CUST0004911,CURRENT,ACTIVE,2018-12-07,24889.03,SGD,1,4183.58,4,1,1,1
ACCT100000812,CUST0006790,SAVINGS,ACTIVE,2017-04-22,22820.09,INR,2,2027.35,4,2,1,1
ACCT100000813,CUST0002058,CURRENT,ACTIVE,2020-09-24,41699.81,USD,1,24920.18,4,1,1,1
ACCT100000814,CUST0003402,TRUST,DORMANT,2019-08-14,693445.12,INR,1,600275.63,7,3,1,1
ACCT100000815,CUST0000049,SALARY,ACTIVE,2012-10-27,14666.36,USD,2,8265.85,4,1,1,0
ACCT100000816,CUST0005000,SAVINGS,ACTIVE,2015-05-21,367.1,INR,1,6904.71,2,2,1,1
ACCT100000817,CUST0004509,NRO,ACTIVE,2015-03-26,226617.77,INR,1,962781.0,5,1,1,0
ACCT100000818,CUST0001837,SAVINGS,ACTIVE,2014-03-28,3916.58,INR,1,27228.32,4,3,1,1
ACCT100000819,CUST0001804,CURRENT,ACTIVE,2014-06-28,10733.24,INR,1,35105.63,5,3,0,1
ACCT100000820,CUST0002163,CURRENT,ACTIVE,2020-10-24,33958.04,INR,1,77547.04,4,2,1,1
ACCT100000821,CUST0000678,SALARY,ACTIVE,2020-08-16,737.51,INR,1,18562.09,3,1,1,1
ACCT100000822,CUST0006455,SALARY,ACTIVE,2020-06-23,16053.82,AED,1,14491.63,1,3,1,1
ACCT100000823,CUST0005197,SALARY,ACTIVE,2015-02-15,23763.31,INR,1,515.77,4,1,1,1
ACCT100000824,CUST0005581,SALARY,ACTIVE,2017-09-23,58816.54,AED,1,1831.21,5,3,1,0
ACCT100000825,CUST0004916,NRE,ACTIVE,2015-12-21,135293.27,INR,1,233793.96,5,3,1,1
ACCT100000826,CUST0001007,SAVINGS,ACTIVE,2014-04-09,4206.86,INR,1,9239.91,3,1,1,0
ACCT100000827,CUST0007760,SHELL,ACTIVE,2014-07-27,118771.93,USD,1,3582179.92,7,1,1,1
ACCT100000828,CUST0000596,current,ACTIVE,2021-09-23,112158.04,INR,2,118508.38,2,3,1,1
ACCT100000829,CUST0000146,SALARY,DORMANT,2015-04-20,5637.58,SGD,1,3503.41,2,4,1,0
ACCT100000830,CUST0001218,SALARY,ACTIVE,2021-10-16,267.72,INR,1,8731.14,3,1,1,1
ACCT100000831,CUST0002129,NRO,ACTIVE,2016-08-21,53931.3,INR,2,227127.38,5,1,0,0
ACCT100000832,CUST0003392,SALARY,ACTIVE,2012-04-10,59403.58,INR,1,47043.31,1,1,1,1
ACCT100000833,CUST0002535,SAVINGS,ACTIVE,2019-10-17,114114.59,GBP,1,68867.23,2,4,0,1
ACCT100000834,CUST0004303,NRO,ACTIVE,2015-03-01,26512.69,USD,1,149144.9,7,2,1,1
ACCT100000835,CUST0001153,SAVINGS,BLOCKED,2020-04-23,5578.08,INR,1,28003.92,3,3,1,1
ACCT100000836,CUST0006757,CURRENT,ACTIVE,2016-03-15,31847.3,INR,1,7426.65,1,1,0,1
ACCT100000837,CUST0007621,SAVINGS,DORMANT,2015-12-23,6947.25,INR,1,17719.6,1,1,1,1
ACCT100000838,CUST0000959,SAVINGS,ACTIVE,2015-07-24,104146.5,INR,3,13539.12,5,3,0,0
ACCT100000839,CUST0007116,SAVINGS,DORMANT,2019-06-14,16344.6,INR,2,25211.6,5,2,1,1
ACCT100000840,CUST0001676,NRO,BLOCKED,2017-01-09,159254.58,USD,1,15946.1,5,3,1,1
ACCT100000841,CUST0007561,CURRENT,ACTIVE,2013-02-09,12306.8,INR,1,37675.32,4,2,0,1
ACCT100000842,CUST0001168,CURRENT,ACTIVE,2012-05-06,31167.28,INR,2,18573.29,3,1,0,1
ACCT100000843,CUST0004649,SALARY,ACTIVE,2016-05-04,1048.57,INR,2,2708.77,4,2,1,1
ACCT100000844,CUST0001521,NRE,ACTIVE,2017-07-29,278948.52,INR,1,684848.95,7,2,0,1
ACCT100000845,CUST0005782,NRE,ACTIVE,2020-03-05,204676.29,AED,1,470389.16,7,2,1,1
ACCT100000846,CUST0004494,SALARY,ACTIVE,2020-01-07,18864.29,INR,2,6598.29,2,3,1,1
ACCT100000847,CUST0001779,SALARY,ACTIVE,2018-05-25,98275.15,USD,1,995.27,3,3,0,1
ACCT100000848,CUST0005471,SALARY,ACTIVE,2013-10-07,5754.89,INR,1,24818.36,5,2,0,1
ACCT100000849,CUST0000561,NRE,ACTIVE,2018-10-13,555486.78,INR,1,74365.87,7,5,0,1
ACCT100000850,CUST0004408,CURRENT,ACTIVE,2014-11-05,43842.17,INR,1,15168.01,4,2,1,1
ACCT100000851,CUST0002874,SAVINGS,ACTIVE,2015-04-25,73104.64,SGD,2,14595.65,2,1,0,0
ACCT100000852,CUST0001270,SAVINGS,ACTIVE,2015-12-21,7777.48,INR,1,11108.98,1,4,1,1
ACCT100000853,CUST0007541,SALARY,ACTIVE,2021-02-27,2823.76,GBP,1,8079.4,4,1,1,1
ACCT100000854,CUST0002822,SAVINGS,DORMANT,2013-07-09,2453.88,AED,1,1321.48,3,3,1,1
ACCT100000855,CUST0006256,SAVINGS,ACTIVE,2012-09-23,42513.14,INR,1,68639.02,2,1,1,1
ACCT100000856,CUST0006531,TRUST,ACTIVE,2021-11-25,155546.14,USD,1,221379.31,10,2,1,0
ACCT100000857,CUST0002025,CURRENT,ACTIVE,2019-11-18,4359.15,USD,1,22349.62,5,1,1,1
ACCT100000858,CUST0001360,NRO,ACTIVE,2021-05-08,130659.94,INR,1,169789.92,7,1,1,1
ACCT100000859,CUST0002906,SALARY,ACTIVE,2014-05-04,5107.09,INR,1,15211.81,1,1,0,1
ACCT100000860,CUST0000806,CURRENT,ACTIVE,2016-03-06,3212.54,INR,1,77601.42,4,3,1,1
ACCT100000861,CUST0007840,SAVINGS,ACTIVE,2019-12-14,884.97,INR,1,11463.8,1,2,0,1
ACCT100000862,CUST0000793,NRE,BLOCKED,2018-02-06,406535.15,INR,1,73659.5,5,1,0,1
ACCT100000863,CUST0001926,NRO,ACTIVE,2012-06-01,121483.63,SGD,2,43024.58,7,1,1,1
ACCT100000864,CUST0003187,SAVINGS,ACTIVE,2019-01-26,10423.97,SGD,1,88944.56,3,1,1,1
ACCT100000865,CUST0000751,SALARY,ACTIVE,2013-05-30,14862.99,INR,1,11380.69,2,2,1,1
ACCT100000866,CUST0004044,SALARY,ACTIVE,2018-10-16,116490.27,INR,1,7030.85,3,1,0,1
ACCT100000867,CUST0005922,TRUST,DORMANT,2012-01-07,3852444.5,AED,1,309513.98,9,4,1,1
ACCT100000868,CUST0005108,SALARY,ACTIVE,2012-08-20,5321.44,USD,2,18907.58,4,2,0,1
ACCT100000869,CUST0002657,SAVINGS,ACTIVE,2021-08-24,113166.85,USD,1,31174.72,4,1,0,1
ACCT100000870,CUST0000037,SALARY,ACTIVE,2016-11-12,16681.27,INR,2,5833.4,3,4,1,1
ACCT100000871,CUST0006076,CURRENT,ACTIVE,2014-06-20,20482.07,INR,1,53310.74,3,1,1,1
ACCT100000872,CUST0007629,CURRENT,ACTIVE,2019-02-14,7249.47,INR,2,314469.06,2,4,1,1
ACCT100000873,CUST0006791,SALARY,ACTIVE,2014-03-07,12534.27,GBP,1,146.57,2,2,1,1
ACCT100000874,CUST0004836,TRUST,BLOCKED,2020-02-27,732304.81,INR,1,981578.29,7,1,1,1
ACCT100000875,CUST0005723,NRE,ACTIVE,2012-09-22,14929.04,AED,2,74287.89,5,3,0,1
ACCT100000876,CUST0000058,SALARY,ACTIVE,2016-03-06,16315.59,INR,2,5290.95,3,2,1,1
ACCT100000877,CUST0007776,SAVINGS,ACTIVE,2018-05-10,2384.41,USD,1,3453.39,4,1,1,1
ACCT100000878,CUST0001172,SAVINGS,ACTIVE,2017-12-13,15577.99,INR,2,9667.2,4,1,1,1
ACCT100000879,CUST0004131,SALARY,ACTIVE,2016-05-10,28322.11,INR,1,20191.89,4,1,1,0
ACCT100000880,CUST0005709,SAVINGS,ACTIVE,2018-05-03,28712.82,AED,1,104423.63,2,1,1,1
ACCT100000881,CUST0001234,SALARY,ACTIVE,2017-02-02,5917.18,INR,1,2071.83,2,1,1,1
ACCT100000882,CUST0000275,CURRENT,DORMANT,2017-04-14,78308.27,INR,1,20342.25,3,1,0,1
ACCT100000883,CUST0003913,SAVINGS,ACTIVE,2013-06-03,799.23,INR,1,40872.42,5,1,0,1
ACCT100000884,CUST0001675,savings,ACTIVE,2019-04-01,65137.74,INR,2,126716.35,5,4,1,1
ACCT100000885,CUST0004660,SAVINGS,CLOSED,2019-03-12,78542.72,USD,1,2052.54,4,3,1,1
ACCT100000886,CUST0006329,SALARY,ACTIVE,2013-09-04,4480.04,GBP,2,13664.55,2,1,1,1
ACCT100000887,CUST0007476,CURRENT,ACTIVE,2019-03-01,294336.03,INR,1,237744.81,5,2,1,0
ACCT100000888,CUST0005773,SAVINGS,ACTIVE,2015-06-03,14631.94,AED,2,10019.08,1,3,1,1
ACCT100000889,CUST0005708,SAVINGS,CLOSED,2013-07-05,80312.16,SGD,1,40598.36,2,3,1,1
ACCT100000890,CUST0000922,SALARY,ACTIVE,2013-01-23,379.45,INR,2,18387.44,2,1,0,1
ACCT100000891,CUST0003766,NRE,ACTIVE,2015-10-05,40741.74,INR,1,465527.49,7,1,1,1
ACCT100000892,CUST0001373,SALARY,BLOCKED,2012-06-26,967.97,INR,3,44649.0,2,2,1,1
ACCT100000893,CUST0001809,CURRENT,ACTIVE,2016-10-08,8807.19,INR,1,18691.9,3,1,1,1
ACCT100000894,CUST0000007,CURRENT,ACTIVE,2020-02-25,210145.91,INR,1,21858.04,1,3,1,1
ACCT100000895,CUST0004243,CURRENT,DORMANT,2021-03-13,30623.12,AED,1,211528.77,4,2,1,1
ACCT100000896,CUST0007302,NRO,ACTIVE,2018-04-17,50715.1,INR,1,18367.3,4,1,0,1
ACCT100000897,CUST0005451,SAVINGS,ACTIVE,2018-03-25,3751.4,INR,3,7113.52,1,2,1,1
ACCT100000898,CUST0004778,CURRENT,ACTIVE,2016-08-12,105843.6,AED,1,9067.5,3,1,1,0
ACCT100000899,CUST0006536,CURRENT,ACTIVE,2015-02-23,18417.67,USD,1,165148.88,4,3,1,1
ACCT100000900,CUST0000488,SALARY,ACTIVE,2016-04-10,5118.62,INR,1,3347.27,4,2,1,1
ACCT100000901,CUST0004712,SALARY,ACTIVE,2018-08-20,3045.94,AED,2,4097.97,3,1,1,1
ACCT100000902,CUST0000360,CURRENT,ACTIVE,2012-05-25,624041.8,INR,1,25801.81,1,3,0,1
ACCT100000903,CUST0006608,SHELL,DORMANT,2016-10-03,629594.23,USD,1,150190.19,9,2,1,1
ACCT100000904,CUST0007118,SAVINGS,ACTIVE,2017-03-24,17207.68,INR,3,3689.64,4,3,0,1
ACCT100000905,CUST0006302,savings,ACTIVE,2021-04-13,29343.85,INR,1,25583.16,4,2,0,1
ACCT100000906,CUST0004323,SALARY,ACTIVE,2019-07-15,1094.82,USD,1,1472.93,1,2,0,1
ACCT100000907,CUST0002728,SAVINGS,ACTIVE,2018-02-03,4071.4,AED,1,14343.9,2,2,1,0
ACCT100000908,CUST0002946,SHELL,DORMANT,2012-07-17,634443.56,INR,2,644549.84,7,1,0,1
ACCT100000909,CUST0003046,NRE,ACTIVE,2019-06-01,1460603.09,SGD,1,430885.44,4,1,0,1
ACCT100000910,CUST0002428,SALARY,ACTIVE,2019-01-27,30232.97,USD,1,6414.53,2,4,1,1
ACCT100000911,CUST0000580,SALARY,ACTIVE,2013-06-13,4457.68,INR,1,16224.76,5,4,1,1
ACCT100000912,CUST0007984,NRE,ACTIVE,2019-08-14,51224.47,INR,2,742129.76,6,1,1,1
ACCT100000913,CUST0005531,SALARY,ACTIVE,2015-01-16,118020.95,SGD,1,5163.2,3,1,1,1
ACCT100000914,CUST0007275,CURRENT,ACTIVE,2018-10-19,9893.28,INR,3,11415.07,4,1,1,1
ACCT100000915,CUST0002446,CURRENT,ACTIVE,2014-04-09,6298.39,AED,2,17736.9,2,1,0,1
ACCT100000916,CUST0006450,CURRENT,DORMANT,2018-12-13,51170.38,GBP,1,22566.99,2,4,0,1
ACCT100000917,CUST0006405,SALARY,ACTIVE,2014-04-29,11146.29,INR,1,5856.16,4,2,1,1
ACCT100000918,CUST0002515,SAVINGS,ACTIVE,2012-02-01,3520.41,INR,1,3537.43,4,3,0,1
ACCT100000919,CUST0005397,CURRENT,ACTIVE,2020-08-21,42162.89,INR,1,14192.63,4,1,1,0
ACCT100000920,CUST0002665,SAVINGS,BLOCKED,2018-12-09,23151.38,AED,1,3501.11,2,2,1,1
ACCT100000921,CUST0007984,TRUST,DORMANT,2018-08-10,521201.58,AED,2,11426.6,8,1,1,1
ACCT100000922,CUST0003043,SALARY,ACTIVE,2015-11-06,6916.34,INR,2,27802.98,5,2,1,1
ACCT100000923,CUST0007297,CURRENT,ACTIVE,2017-11-24,20187.21,AED,1,4078.34,3,1,0,1
ACCT100000924,CUST0004979,SAVINGS,ACTIVE,2016-01-10,10061.44,AED,2,39267.35,3,4,1,1
ACCT100000925,CUST0003049,SAVINGS,BLOCKED,2020-09-06,3106.97,INR,1,31294.37,2,1,1,1
ACCT100000926,CUST0000063,NRE,ACTIVE,2013-03-23,71362.53,USD,2,85877.5,5,1,1,0
ACCT100000927,CUST0003640,CURRENT,DORMANT,2014-11-18,58669.87,AED,1,45531.83,3,1,0,0
ACCT100000928,CUST0001777,SAVINGS,ACTIVE,2018-11-24,25869.15,INR,1,4593.99,1,2,1,1
ACCT100000929,CUST0002315,SALARY,ACTIVE,2017-05-18,5613.49,INR,1,14550.6,1,1,1,1
ACCT100000930,CUST0003594,SAVINGS,ACTIVE,2019-09-12,24785.67,INR,1,12229.37,4,4,1,1
ACCT100000931,CUST0006865,CURRENT,BLOCKED,2017-02-11,70110.19,INR,1,172697.75,2,1,1,1
ACCT100000932,CUST0007271,CURRENT,ACTIVE,2016-11-25,1044899.65,INR,1,81423.73,4,4,0,1
ACCT100000933,CUST0001894,NRO,ACTIVE,2020-06-29,559608.15,USD,2,325568.55,6,3,1,1
ACCT100000934,CUST0003875,SHELL,ACTIVE,2013-08-30,4761.4,USD,1,423995.74,8,2,1,1
ACCT100000935,CUST0006687,SAVINGS,ACTIVE,2017-03-17,5637.64,INR,1,11361.71,5,4,1,1
ACCT100000936,CUST0004996,SALARY,DORMANT,2015-08-07,15774.35,USD,1,2810.9,1,3,0,0
ACCT100000937,CUST0001140,NRO,ACTIVE,2019-04-04,52068.68,INR,1,112360.04,7,1,0,1
ACCT100000938,CUST0001481,CURRENT,ACTIVE,2014-08-22,2398614.27,SGD,1,217919.97,2,3,1,1
ACCT100000939,CUST0007836,CURRENT,ACTIVE,2012-03-18,169180.05,INR,1,9991.56,1,4,1,1
ACCT100000940,CUST0004314,SAVINGS,ACTIVE,2014-04-04,701.79,GBP,2,7937.72,4,3,1,1
ACCT100000941,CUST0004506,SALARY,ACTIVE,2013-03-18,2726.63,GBP,2,4402.06,4,1,1,1
ACCT100000942,CUST0001974,SAVINGS,ACTIVE,2013-06-27,9456.03,INR,2,59975.98,5,4,1,1
ACCT100000943,CUST0006142,SAVINGS,DORMANT,2017-09-27,104116.85,INR,2,2481.56,3,3,1,1
ACCT100000944,CUST0007180,SAVINGS,ACTIVE,2019-04-12,52057.58,INR,1,18712.14,1,1,0,1
ACCT100000945,CUST0003620,TRUST,ACTIVE,2019-09-25,203609.99,USD,1,846027.45,7,2,1,1
ACCT100000946,CUST0001499,NRO,ACTIVE,2016-05-15,100259.81,INR,1,45752.88,5,1,1,1
ACCT100000947,CUST0003314,TRUST,DORMANT,2016-08-19,391935.78,INR,1,56350.75,10,1,1,1
ACCT100000948,CUST0003819,TRUST,ACTIVE,2012-11-12,225036.69,AED,1,53766.75,8,1,1,1
ACCT100000949,CUST0004090,SALARY,ACTIVE,2018-05-19,28488.96,AED,1,4457.79,2,1,0,1
ACCT100000950,CUST0006032,SALARY,ACTIVE,2017-12-16,11161.32,INR,1,4671.23,2,1,1,1
ACCT100000951,CUST0000730,NRE,ACTIVE,2015-10-01,325137.49,SGD,2,95578.8,7,1,1,1
ACCT100000952,CUST0005189,TRUST,BLOCKED,2013-04-23,355056.72,INR,2,1101372.36,8,2,1,1
ACCT100000953,CUST0004402,SALARY,ACTIVE,2014-08-13,4590.04,INR,1,13554.99,2,1,1,1
ACCT100000954,CUST0003041,SAVINGS,ACTIVE,2017-05-18,1166.01,INR,1,6649.96,5,4,1,1
ACCT100000955,CUST0000209,savings,ACTIVE,2016-03-30,118383.46,INR,1,5425.47,2,2,1,1
ACCT100000956,CUST0002486,SALARY,BLOCKED,2013-12-09,108779.36,INR,2,1592.85,5,1,1,1
ACCT100000957,CUST0000137,SAVINGS,ACTIVE,2019-09-05,16246.89,INR,2,11083.84,3,2,1,1
ACCT100000958,CUST0000592,SALARY,DORMANT,2017-07-27,9021.47,AED,1,3481.87,3,1,0,1
ACCT100000959,CUST0006700,TRUST,ACTIVE,2020-04-21,37898.05,INR,1,63798.9,9,1,1,1
ACCT100000960,CUST0001038,SAVINGS,ACTIVE,2021-06-24,10524.15,INR,1,37543.58,3,5,1,1
ACCT100000961,CUST0004811,SAVINGS,CLOSED,2021-03-20,58783.25,USD,1,75318.74,1,2,1,1
ACCT100000962,CUST0003125,TRUST,ACTIVE,2014-02-18,930147.84,INR,1,507188.91,8,2,0,0
ACCT100000963,CUST0005481,CURRENT,ACTIVE,2016-01-13,5937.09,USD,1,89250.24,1,1,0,1
ACCT100000964,CUST0005732,SAVINGS,ACTIVE,2015-06-30,222657.89,INR,1,39285.29,3,1,1,1
ACCT100000965,CUST0001712,SAVINGS,DORMANT,2016-03-04,4045.56,AED,1,4742.67,5,1,0,1
ACCT100000966,CUST0004352,NRO,ACTIVE,2018-10-13,53178.66,INR,1,79606.61,4,2,0,1
ACCT100000967,CUST0003766,CURRENT,ACTIVE,2016-08-21,324229.8,USD,1,47657.8,3,5,1,1
ACCT100000968,CUST0007683,SALARY,ACTIVE,2013-06-05,29822.33,INR,1,625.77,4,4,1,1
ACCT100000969,CUST0003191,CURRENT,ACTIVE,2013-09-26,30644.41,INR,1,55336.45,4,1,1,1
ACCT100000970,CUST0007572,CURRENT,DORMANT,2020-06-25,11887.2,INR,2,7942.83,4,1,1,1
ACCT100000971,CUST0006390, NRE ,ACTIVE,2012-04-16,1981185.64,INR,1,442090.18,7,1,1,1
ACCT100000972,CUST0007647,CURRENT,ACTIVE,2015-04-28,19825.19,USD,1,38534.34,2,1,0,1
ACCT100000973,CUST0001590,CURRENT,ACTIVE,2018-07-07,35036.8,INR,1,204670.82,4,1,1,1
ACCT100000974,CUST0001007,CURRENT,ACTIVE,2019-08-19,28273.14,AED,1,16181.12,1,4,1,1
ACCT100000975,CUST0007684,SALARY,BLOCKED,2016-05-26,18163.48,USD,1,13371.21,1,2,1,1
ACCT100000976,CUST0006784,CURRENT,ACTIVE,2014-09-14,56475.48,INR,1,3506.73,3,1,1,1
ACCT100000977,CUST0007775,CURRENT,ACTIVE,2017-10-03,167046.69,INR,1,199322.1,1,1,0,1
ACCT100000978,CUST0003435,CURRENT,ACTIVE,2012-08-12,193095.54,INR,1,72633.86,2,3,0,1
ACCT100000979,CUST0005675,CURRENT,ACTIVE,2020-04-27,16804.42,USD,1,51269.14,2,2,1,1
ACCT100000980,CUST0000402,SAVINGS,ACTIVE,2020-08-12,3038.89,USD,1,33583.82,1,2,1,0
ACCT100000981,CUST0003778, SAVINGS ,ACTIVE,2016-02-16,70874.27,INR,1,7021.8,2,1,0,1
ACCT100000982,CUST0007024, NRE ,ACTIVE,2014-02-22,44865.64,SGD,1,255400.94,6,1,1,1
ACCT100000983,CUST0006222,SAVINGS,ACTIVE,2017-06-02,14584.56,SGD,1,30619.75,2,2,1,0
ACCT100000984,CUST0006886,NRE,ACTIVE,2021-05-29,87909.67,INR,2,81029.78,4,1,1,1
ACCT100000985,CUST0002905,CURRENT,ACTIVE,2013-03-29,22157.84,SGD,1,11013.49,4,2,1,1
ACCT100000986,CUST0004430,NRO,BLOCKED,2015-02-10,177992.88,INR,1,151899.83,4,1,1,1
ACCT100000987,CUST0004294,CURRENT,ACTIVE,2018-04-06,52018.02,INR,1,14043.27,4,2,0,1
ACCT100000988,CUST0006873,SAVINGS,ACTIVE,2016-03-27,32907.95,AED,1,9002.84,1,1,1,0
ACCT100000989,CUST0006440,SAVINGS,ACTIVE,2014-10-06,30510.81,USD,1,2227.76,4,1,1,1
ACCT100000990,CUST0000158,CURRENT,ACTIVE,2012-08-20,20834.84,INR,3,131741.61,4,4,1,1
ACCT100000991,CUST0000791,SAVINGS,ACTIVE,2020-01-07,385321.77,AED,2,10878.9,2,2,1,1
ACCT100000992,CUST0004643,NRE,CLOSED,2015-08-16,29802.08,GBP,1,78089.93,4,1,1,0
ACCT100000993,CUST0007084,SHELL,DORMANT,2015-07-31,538108.98,USD,1,561352.21,9,1,1,1
ACCT100000994,CUST0004504,CURRENT,ACTIVE,2013-05-08,1126212.86,GBP,1,57620.96,1,1,1,1
ACCT100000995,CUST0007073,CURRENT,ACTIVE,2016-01-06,57875.87,INR,1,26113.79,2,2,0,0
ACCT100000996,CUST0005193,SALARY,ACTIVE,2019-05-10,4837.88,INR,1,8307.27,2,2,1,0
ACCT100000997,CUST0000634,CURRENT,ACTIVE,2014-04-25,202735.03,INR,1,31456.4,3,1,1,0
ACCT100000998,CUST0001840, SAVINGS ,BLOCKED,2017-04-01,160642.68,INR,1,6305.09,1,3,1,0
ACCT100000999,CUST0004952,CURRENT,ACTIVE,2012-12-04,12795.06,INR,1,33264.49,5,3,0,1
ACCT100001000,CUST0006034,NRE,BLOCKED,2021-06-06,544842.4,INR,1,281738.84,7,3,1,1
ACCT100001001,CUST0002413,SAVINGS,ACTIVE,2015-01-13,41554.61,INR,1,10226.74,2,5,1,1
ACCT100001002,CUST0000487,SAVINGS,BLOCKED,2020-04-24,10523.64,INR,1,6914.03,1,2,0,1
ACCT100001003,CUST0004957, SHELL ,ACTIVE,2012-04-12,2903682.38,AED,1,64862.84,9,3,1,1
ACCT100001004,CUST0001847,savings,ACTIVE,2013-10-09,32997.69,INR,2,27505.7,5,3,1,1
ACCT100001005,CUST0007690, NRO ,ACTIVE,2020-04-22,87283.58,INR,1,87156.47,7,4,1,0
ACCT100001006,CUST0007164,NRO,BLOCKED,2019-06-10,259927.45,INR,1,71294.5,6,4,0,1
ACCT100001007,CUST0002157,SALARY,ACTIVE,2016-03-28,863.45,INR,2,6876.19,2,3,0,1
ACCT100001008,CUST0001843,CURRENT,DORMANT,2012-07-08,144416.38,INR,1,5169.03,4,5,0,1
ACCT100001009,CUST0004718,TRUST,DORMANT,2015-10-03,252413.0,INR,1,319334.47,7,1,1,1
ACCT100001010,CUST0007643,TRUST,ACTIVE,2013-11-02,2057209.03,INR,2,380719.0,10,1,1,1
ACCT100001011,CUST0000380,SALARY,ACTIVE,2021-08-18,24485.16,SGD,2,77539.11,1,1,0,0
ACCT100001012,CUST0001165,salary,ACTIVE,2014-11-02,144551.1,INR,1,6715.44,1,3,1,1
ACCT100001013,CUST0005646,NRO,ACTIVE,2021-10-06,15681.72,USD,1,136736.81,7,4,1,0
ACCT100001014,CUST0007278,SAVINGS,ACTIVE,2012-01-29,19138.85,USD,2,17452.9,1,1,0,1
ACCT100001015,CUST0007014,SALARY,ACTIVE,2015-02-05,4926.03,INR,1,7565.67,2,1,1,1
ACCT100001016,CUST0002927,NRO,ACTIVE,2013-08-10,219314.59,USD,2,29325.71,5,1,1,0
ACCT100001017,CUST0007392,NRO,ACTIVE,2012-11-18,21820.3,INR,1,31530.4,6,1,1,1
ACCT100001018,CUST0000991,SHELL,DORMANT,2014-02-24,238383.07,INR,1,206697.55,8,3,1,1
ACCT100001019,CUST0005152,SALARY,ACTIVE,2017-10-07,30760.74,INR,3,97886.98,1,2,1,1
ACCT100001020,CUST0002074,SAVINGS,ACTIVE,2020-04-01,6928.98,INR,1,72021.02,4,3,0,1
ACCT100001021,CUST0007219,SALARY,ACTIVE,2018-04-03,10526.9,INR,2,26317.23,3,2,1,1
ACCT100001022,CUST0002852,SHELL,ACTIVE,2018-07-15,218343.75,INR,1,732681.85,9,2,1,1
ACCT100001023,CUST0003131,SALARY,ACTIVE,2019-11-17,26731.24,INR,1,4919.75,2,1,1,1
ACCT100001024,CUST0001402,CURRENT,ACTIVE,2021-09-01,58385.68,USD,2,13753.53,2,1,1,0
ACCT100001025,CUST0005864,SAVINGS,ACTIVE,2021-06-20,116892.69,USD,2,5804.28,1,2,1,1
ACCT100001026,CUST0002036,CURRENT,ACTIVE,2021-06-27,211512.9,AED,1,532.68,5,2,1,1
ACCT100001027,CUST0000616,SALARY,ACTIVE,2021-01-07,452.8,INR,1,10714.52,1,2,1,0
ACCT100001028,CUST0001941,SAVINGS,ACTIVE,2014-12-02,49570.91,INR,1,27866.38,3,1,1,1
ACCT100001029,CUST0000141,SALARY,ACTIVE,2015-11-03,85817.29,SGD,1,3250.68,2,1,1,1
ACCT100001030,CUST0006800,SALARY,ACTIVE,2018-12-31,2644.64,INR,1,16776.48,3,1,1,1
ACCT100001031,CUST0001327,SAVINGS,DORMANT,2013-02-09,144716.56,USD,1,4212.96,2,3,1,1
ACCT100001032,CUST0006709,CURRENT,ACTIVE,2020-07-26,9095.23,INR,3,47177.17,3,1,1,1
ACCT100001033,CUST0001694,NRO,ACTIVE,2016-01-12,2341185.74,SGD,1,15116.3,7,1,1,1
ACCT100001034,CUST0005456,NRE,DORMANT,2017-01-18,2404394.05,INR,2,236117.32,7,1,1,1
ACCT100001035,CUST0003136,SALARY,ACTIVE,2015-08-31,2365.62,INR,2,3662.66,4,2,1,1
ACCT100001036,CUST0007066,SALARY,ACTIVE,2014-09-03,4565.53,USD,1,37012.04,3,4,0,1
ACCT100001037,CUST0000671,SAVINGS,ACTIVE,2020-07-30,102865.63,AED,2,3158.23,5,2,1,1
ACCT100001038,CUST0003179,SAVINGS,ACTIVE,2014-03-28,23508.91,INR,1,80116.57,4,1,1,0
ACCT100001039,CUST0000022,CURRENT,BLOCKED,2020-09-27,123045.77,INR,1,13468.72,2,1,1,1
ACCT100001040,CUST0001387,CURRENT,ACTIVE,2017-03-14,139346.34,USD,1,136067.3,2,1,0,1
ACCT100001041,CUST0004448,SAVINGS,DORMANT,2016-10-27,35794.0,SGD,1,87222.71,2,1,1,1
ACCT100001042,CUST0004268, SALARY ,ACTIVE,2017-05-12,2743.82,USD,2,8372.31,1,3,1,1
ACCT100001043,CUST0003424,SALARY,ACTIVE,2015-04-08,3881.45,GBP,1,8712.92,5,3,1,0
ACCT100001044,CUST0001106,SALARY,ACTIVE,2019-11-20,2067.17,INR,1,14411.69,3,2,1,1
ACCT100001045,CUST0003300, SAVINGS ,DORMANT,2017-07-28,4386.46,AED,2,39885.2,2,1,0,1
ACCT100001046,CUST0005658,SAVINGS,ACTIVE,2021-04-25,78722.98,INR,1,107827.44,3,4,1,0
ACCT100001047,CUST0002015,TRUST,DORMANT,2018-06-06,3000461.66,USD,1,155230.28,8,2,1,1
ACCT100001048,CUST0002792,NRE,ACTIVE,2016-03-17,803179.54,INR,1,2930736.71,5,1,1,1
ACCT100001049,CUST0007929,CURRENT,ACTIVE,2014-01-21,37997.73,INR,1,115122.23,3,1,1,1
ACCT100001050,CUST0005313,SAVINGS,ACTIVE,2013-01-10,2283.03,INR,1,32867.98,4,1,0,1
ACCT100001051,CUST0004233,SAVINGS,ACTIVE,2015-07-19,480.5,AED,1,6770.79,3,1,1,0
ACCT100001052,CUST0001250,SAVINGS,ACTIVE,2015-11-08,35988.18,INR,1,2658.03,5,1,1,1
ACCT100001053,CUST0003277,CURRENT,ACTIVE,2016-04-19,294513.45,INR,1,24570.87,2,5,0,1
ACCT100001054,CUST0002482,SAVINGS,ACTIVE,2014-02-17,214377.77,AED,1,11011.32,5,3,1,1
ACCT100001055,CUST0002225,CURRENT,ACTIVE,2014-06-23,139888.38,INR,1,483987.35,2,1,0,1
ACCT100001056,CUST0002952,SAVINGS,ACTIVE,2020-12-10,24750.11,INR,1,2460.09,4,5,1,0
ACCT100001057,CUST0000591,SALARY,ACTIVE,2019-05-11,18145.87,USD,1,3371.88,2,5,1,1
ACCT100001058,CUST0006732, SAVINGS ,ACTIVE,2019-09-17,9620.52,INR,1,64763.96,3,4,1,1
ACCT100001059,CUST0007598,CURRENT,ACTIVE,2017-12-27,196925.93,INR,3,124697.85,4,1,0,1
ACCT100001060,CUST0003260,SALARY,CLOSED,2016-11-19,16574.86,INR,1,2850.31,4,3,1,1
ACCT100001061,CUST0003219,SAVINGS,ACTIVE,2019-01-11,92404.16,INR,1,107619.92,4,2,1,0
ACCT100001062,CUST0003440,SHELL,DORMANT,2016-06-26,153571.21,INR,2,220437.09,8,3,1,1
ACCT100001063,CUST0002938,savings,ACTIVE,2018-05-20,34112.79,USD,2,7141.16,2,1,1,1
ACCT100001064,CUST0004367,SAVINGS,ACTIVE,2021-04-15,2565.55,USD,2,60711.43,4,2,1,0
ACCT100001065,CUST0000473,SALARY,ACTIVE,2013-09-02,144736.86,INR,2,8113.27,2,1,1,1
ACCT100001066,CUST0001819,CURRENT,ACTIVE,2019-12-10,15868.91,USD,1,8533.67,5,1,0,1
ACCT100001067,CUST0006482,TRUST,DORMANT,2021-04-20,169755.97,USD,2,188072.66,7,1,1,1
ACCT100001068,CUST0006085,SAVINGS,ACTIVE,2017-12-15,381730.21,INR,1,4729.62,5,2,1,1
ACCT100001069,CUST0004845,CURRENT,BLOCKED,2012-12-08,557005.64,SGD,1,105526.76,5,1,1,1
ACCT100001070,CUST0006591,SALARY,ACTIVE,2012-06-18,93053.2,INR,1,71208.49,1,1,1,1
ACCT100001071,CUST0004908,CURRENT,CLOSED,2021-03-10,19076.78,INR,3,57872.25,5,1,1,0
ACCT100001072,CUST0007287,CURRENT,ACTIVE,2014-02-07,37750.87,USD,3,38534.63,5,1,1,1
ACCT100001073,CUST0003514,CURRENT,ACTIVE,2013-02-28,29360.59,INR,1,35501.42,3,1,1,1
ACCT100001074,CUST0000167,NRE,ACTIVE,2017-05-04,117255.45,INR,1,317275.04,7,1,0,1
ACCT100001075,CUST0006852,SAVINGS,ACTIVE,2016-12-25,563204.89,INR,1,4629.01,5,3,1,0
ACCT100001076,CUST0001130, CURRENT ,DORMANT,2019-06-07,3068.88,USD,2,24052.97,5,2,1,1
ACCT100001077,CUST0000274,SALARY,DORMANT,2021-05-28,25149.28,INR,1,135442.91,4,3,1,0
ACCT100001078,CUST0003830,NRO,ACTIVE,2021-04-26,358103.82,INR,2,172198.36,6,2,1,1
ACCT100001079,CUST0001334,SAVINGS,ACTIVE,2015-12-10,149475.91,AED,1,9953.25,1,4,1,1
ACCT100001080,CUST0006653,SAVINGS,ACTIVE,2013-12-28,245392.18,INR,1,4123.64,4,1,1,1
ACCT100001081,CUST0000944,NRE,ACTIVE,2017-09-30,667249.55,INR,1,108907.07,5,2,0,1
ACCT100001082,CUST0004425, SAVINGS ,ACTIVE,2019-04-24,14658.44,INR,1,2305.26,2,3,1,1
ACCT100001083,CUST0005405,SAVINGS,ACTIVE,2021-07-25,1964.57,INR,3,49105.63,2,1,1,1
ACCT100001084,CUST0003102,CURRENT,BLOCKED,2015-05-05,112095.92,INR,1,11143.51,3,3,1,1
ACCT100001085,CUST0003909,NRE,ACTIVE,2017-03-12,51542.51,INR,1,125704.29,7,1,1,1
ACCT100001086,CUST0000336,SAVINGS,ACTIVE,2017-10-25,133329.67,USD,1,16957.19,2,5,1,0
ACCT100001087,CUST0005145,NRE,ACTIVE,2016-06-12,3085245.93,INR,1,77298.48,7,1,1,1
ACCT100001088,CUST0006495,CURRENT,ACTIVE,2017-12-05,182912.67,SGD,1,7169.23,3,2,1,1
ACCT100001089,CUST0004570,TRUST,DORMANT,2019-09-15,2021480.86,INR,1,3355115.0,9,1,0,0
ACCT100001090,CUST0003931,SAVINGS,CLOSED,2019-09-13,3213.72,INR,1,7728.27,1,1,1,1
ACCT100001091,CUST0005531,CURRENT,ACTIVE,2018-12-06,13516.35,INR,3,110907.05,4,1,1,1
ACCT100001092,CUST0003558,SAVINGS,ACTIVE,2012-06-10,2406.31,SGD,1,14412.01,5,1,1,1
ACCT100001093,CUST0006430,NRO,ACTIVE,2021-03-01,249584.06,AED,1,57154.63,6,1,1,1
ACCT100001094,CUST0005800,SAVINGS,ACTIVE,2014-07-22,2418.2,INR,2,3186.01,5,1,1,1
ACCT100001095,CUST0003360,SAVINGS,ACTIVE,2015-08-12,2709.47,INR,1,22202.56,4,2,1,1
ACCT100001096,CUST0003869,SALARY,ACTIVE,2013-07-10,10776.68,INR,2,1900.23,3,5,1,1
ACCT100001097,CUST0006372,TRUST,ACTIVE,2020-04-13,242200.92,INR,1,64138.2,9,2,1,1
ACCT100001098,CUST0007081, SALARY ,ACTIVE,2016-02-20,13949.56,INR,1,21728.75,1,1,1,0
ACCT100001099,CUST0002400,trust,DORMANT,2017-07-29,1115960.89,INR,1,511512.65,8,1,0,0
ACCT100001100,CUST0005259,SALARY,ACTIVE,2014-10-17,191.22,INR,1,10517.62,1,5,1,1
ACCT100001101,CUST0000616,SAVINGS,CLOSED,2020-09-29,12794.76,AED,1,18300.31,1,2,1,1
ACCT100001102,CUST0003244,SALARY,ACTIVE,2016-12-04,24368.2,USD,1,5533.61,3,1,1,0
ACCT100001103,CUST0007389,SAVINGS,ACTIVE,2020-02-29,40714.4,AED,1,12246.99,3,2,1,1
ACCT100001104,CUST0001186,CURRENT,ACTIVE,2018-02-07,891974.75,INR,1,19150.04,4,2,1,0
ACCT100001105,CUST0001492,NRE,ACTIVE,2014-08-03,136431.05,SGD,1,504582.72,4,3,0,0
ACCT100001106,CUST0001231,SAVINGS,ACTIVE,2018-02-23,18643.16,USD,1,2856.59,3,3,1,1
ACCT100001107,CUST0007895,CURRENT,ACTIVE,2018-05-25,100854.28,INR,1,102956.41,2,2,0,1
ACCT100001108,CUST0000546,SHELL,ACTIVE,2013-01-28,3102757.65,SGD,1,692487.47,9,3,1,1
ACCT100001109,CUST0006172,SAVINGS,ACTIVE,2015-06-30,25681.5,GBP,1,1597.68,2,3,1,0
ACCT100001110,CUST0006844,salary,ACTIVE,2017-12-22,5472.1,INR,3,31130.05,5,1,1,1
ACCT100001111,CUST0002807, CURRENT ,ACTIVE,2018-01-29,20105.96,INR,1,603478.38,1,1,1,1
ACCT100001112,CUST0000566,CURRENT,ACTIVE,2012-02-19,34271.87,AED,1,17661.34,5,1,1,1
ACCT100001113,CUST0007707,SAVINGS,ACTIVE,2018-09-16,2418.41,INR,1,22336.97,4,1,0,1
ACCT100001114,CUST0003758,CURRENT,CLOSED,2013-02-26,34221.93,INR,1,22078.93,2,1,0,1
ACCT100001115,CUST0000982,SALARY,CLOSED,2012-10-08,6650.36,SGD,2,5102.58,4,1,0,0
ACCT100001116,CUST0004232,SALARY,ACTIVE,2018-04-27,2369.29,INR,1,6755.53,5,2,0,1
ACCT100001117,CUST0003101,NRE,ACTIVE,2019-01-19,24845.2,AED,1,25736.91,5,1,1,0
ACCT100001118,CUST0007161,CURRENT,ACTIVE,2012-01-14,21420.55,USD,3,34172.56,3,1,0,1
ACCT100001119,CUST0001299,CURRENT,ACTIVE,2018-03-06,8823.47,USD,1,138680.66,1,2,1,1
ACCT100001120,CUST0003056,SAVINGS,ACTIVE,2020-11-12,10129.13,USD,1,10882.6,3,1,1,1
ACCT100001121,CUST0007200,CURRENT,ACTIVE,2014-05-30,47502.23,INR,1,28518.74,2,2,1,1
ACCT100001122,CUST0001409, SAVINGS ,ACTIVE,2021-05-30,26330.29,USD,1,30039.78,5,2,1,1
ACCT100001123,CUST0000826,SAVINGS,ACTIVE,2021-04-20,2610.36,INR,2,3595.23,3,4,0,1
ACCT100001124,CUST0005497,SAVINGS,ACTIVE,2016-04-06,127843.93,INR,1,26084.16,3,2,1,1
ACCT100001125,CUST0002970,SAVINGS,ACTIVE,2021-11-21,8782.43,INR,3,6513.64,2,5,1,1
ACCT100001126,CUST0007730,current,ACTIVE,2018-04-02,33873.25,INR,1,59650.33,5,4,1,1
ACCT100001127,CUST0005639,CURRENT,ACTIVE,2020-03-23,79509.63,INR,1,43274.58,2,2,1,1
ACCT100001128,CUST0007002,SAVINGS,ACTIVE,2017-10-18,142546.17,SGD,1,4261.61,1,3,0,1
ACCT100001129,CUST0000756,CURRENT,ACTIVE,2013-12-31,124903.32,INR,2,25156.66,3,3,1,1
ACCT100001130,CUST0003803,SAVINGS,ACTIVE,2016-09-09,3177.06,INR,1,15453.56,1,1,1,1
ACCT100001131,CUST0001171,SAVINGS,ACTIVE,2016-04-10,5134.8,INR,2,7959.84,2,1,1,1
ACCT100001132,CUST0006340,SAVINGS,DORMANT,2019-09-14,5860.46,SGD,3,5481.94,4,1,1,1
ACCT100001133,CUST0000442,SAVINGS,ACTIVE,2018-06-30,15844.62,USD,1,16461.76,5,1,1,1
ACCT100001134,CUST0005228,SALARY,ACTIVE,2017-05-23,57913.13,SGD,1,4282.6,1,3,1,1
ACCT100001135,CUST0004123,SALARY,ACTIVE,2019-12-09,116688.1,SGD,1,3904.03,2,1,1,1
ACCT100001136,CUST0007205,SAVINGS,ACTIVE,2014-12-08,21406.0,SGD,1,17064.8,4,1,1,1
ACCT100001137,CUST0000078,SALARY,ACTIVE,2012-01-20,1024.78,INR,1,50750.19,2,2,1,1
ACCT100001138,CUST0006152,SALARY,DORMANT,2012-01-22,9387.59,INR,1,15169.81,1,2,0,0
ACCT100001139,CUST0002305,NRE,ACTIVE,2020-08-14,464613.34,INR,3,80414.61,6,1,1,1
ACCT100001140,CUST0003558,SAVINGS,DORMANT,2016-06-09,32587.82,INR,2,6471.06,1,1,1,1
ACCT100001141,CUST0007645, CURRENT ,ACTIVE,2016-03-16,284054.45,INR,1,33954.05,1,1,1,0
ACCT100001142,CUST0002018,SAVINGS,ACTIVE,2013-03-17,35586.12,USD,3,31097.72,5,1,0,1
ACCT100001143,CUST0002503,NRO,ACTIVE,2014-02-06,95539.55,AED,1,290551.15,7,2,1,1
ACCT100001144,CUST0001861,SALARY,BLOCKED,2013-05-18,5486.47,USD,2,272969.0,1,1,0,1
ACCT100001145,CUST0002516,SAVINGS,ACTIVE,2016-03-26,6214.76,INR,1,77848.59,2,1,1,1
ACCT100001146,CUST0007382,CURRENT,ACTIVE,2020-11-21,40622.39,INR,3,200734.17,2,3,1,1
ACCT100001147,CUST0005380,savings,ACTIVE,2015-01-13,9937.48,INR,1,43259.99,1,1,1,1
ACCT100001148,CUST0006081,SHELL,ACTIVE,2021-02-25,79769.75,INR,1,817724.3,8,1,1,1
ACCT100001149,CUST0000928,NRE,ACTIVE,2019-06-19,37522.35,SGD,1,3065351.39,5,2,1,1
ACCT100001150,CUST0001386,CURRENT,ACTIVE,2021-06-20,508501.27,INR,1,6919.84,5,3,0,0
ACCT100001151,CUST0002771,CURRENT,ACTIVE,2013-02-12,196289.98,INR,1,5316.49,3,3,0,1
ACCT100001152,CUST0001001,CURRENT,ACTIVE,2019-09-17,289758.56,USD,1,17698.61,3,4,0,1
ACCT100001153,CUST0006679,SALARY,ACTIVE,2012-10-07,4802.17,INR,3,13195.06,2,2,1,1
ACCT100001154,CUST0005887,CURRENT,ACTIVE,2012-11-25,205900.5,SGD,3,91914.86,2,1,1,1
ACCT100001155,CUST0007698,SAVINGS,ACTIVE,2016-08-23,1407.29,USD,1,13923.56,1,1,1,1
ACCT100001156,CUST0000376,SAVINGS,DORMANT,2018-10-04,6940.87,INR,1,12876.71,1,1,0,1
ACCT100001157,CUST0006022, NRE ,ACTIVE,2019-04-12,138346.5,INR,1,20466.76,7,2,1,1
ACCT100001158,CUST0005819,SAVINGS,ACTIVE,2019-04-27,123506.53,INR,2,21809.18,3,2,1,1
ACCT100001159,CUST0002255,CURRENT,ACTIVE,2016-10-06,81434.41,SGD,1,10505.29,2,2,1,1
ACCT100001160,CUST0000128,CURRENT,ACTIVE,2021-07-09,59270.32,AED,1,8664.7,1,1,0,1
ACCT100001161,CUST0004217, SALARY ,BLOCKED,2014-12-19,7174.81,SGD,1,43595.22,4,2,1,1
ACCT100001162,CUST0003980,SAVINGS,BLOCKED,2021-08-17,534.59,USD,2,4120.92,5,2,0,1
ACCT100001163,CUST0007133,SAVINGS,ACTIVE,2013-04-25,20461.23,SGD,2,584.19,4,2,0,1
ACCT100001164,CUST0002350,SALARY,ACTIVE,2014-10-13,4148.69,INR,1,12719.94,5,1,1,1
ACCT100001165,CUST0007832,CURRENT,ACTIVE,2014-09-11,202987.05,GBP,1,13368.7,2,3,1,1
ACCT100001166,CUST0001037,SAVINGS,BLOCKED,2015-05-06,1527.48,USD,1,6531.32,5,3,1,1
ACCT100001167,CUST0002599,CURRENT,ACTIVE,2016-12-22,18353.98,GBP,1,69950.84,5,3,1,1
ACCT100001168,CUST0002398,CURRENT,ACTIVE,2014-05-31,29755.32,INR,1,86421.3,2,1,0,1
ACCT100001169,CUST0000713,CURRENT,DORMANT,2016-08-13,193962.11,AED,1,27890.97,2,1,1,1
ACCT100001170,CUST0004738,SAVINGS,ACTIVE,2018-01-11,7056.56,INR,1,1007.59,5,1,0,1
ACCT100001171,CUST0002634,SAVINGS,ACTIVE,2012-11-12,8305.63,USD,1,14346.3,1,1,0,1
ACCT100001172,CUST0000267,SAVINGS,ACTIVE,2017-05-18,8412.02,INR,1,18906.46,3,2,1,1
ACCT100001173,CUST0005454,SAVINGS,BLOCKED,2015-04-02,7067.76,INR,1,17689.36,5,1,0,1
ACCT100001174,CUST0004295,SALARY,ACTIVE,2019-11-02,34528.46,USD,2,29140.03,3,2,1,1
ACCT100001175,CUST0005687,SALARY,ACTIVE,2020-01-15,23412.16,INR,1,6121.46,4,1,1,1
ACCT100001176,CUST0002968,NRO,ACTIVE,2012-08-08,4810.47,INR,1,164655.46,4,2,1,0
ACCT100001177,CUST0003526,SAVINGS,ACTIVE,2012-12-18,106471.24,INR,2,922.4,3,3,1,1
ACCT100001178,CUST0002807,SALARY,ACTIVE,2013-04-21,7271.05,SGD,1,5971.71,1,1,1,1
ACCT100001179,CUST0003080,SALARY,ACTIVE,2014-09-29,137991.43,USD,1,159535.14,5,1,1,0
ACCT100001180,CUST0001129,SALARY,ACTIVE,2016-05-23,27978.92,INR,1,67212.7,4,1,1,1
ACCT100001181,CUST0002265,CURRENT,ACTIVE,2017-04-14,25410.9,USD,1,3867.51,1,3,1,0
ACCT100001182,CUST0005042,CURRENT,ACTIVE,2012-04-17,67102.52,INR,1,9346.86,5,2,1,1
ACCT100001183,CUST0007109,SAVINGS,ACTIVE,2018-11-01,52858.18,INR,1,73652.71,4,1,1,1
ACCT100001184,CUST0001280,SHELL,ACTIVE,2017-04-24,91088.73,INR,3,1329359.89,9,1,1,0
ACCT100001185,CUST0002585,SAVINGS,ACTIVE,2013-08-11,20143.13,INR,1,81451.27,5,4,0,1
ACCT100001186,CUST0000497,salary,ACTIVE,2019-03-19,6662.4,USD,2,12080.99,2,1,1,1
ACCT100001187,CUST0006660,NRO,ACTIVE,2012-05-20,593781.46,SGD,2,16405.97,6,1,1,1
ACCT100001188,CUST0006211,NRO,ACTIVE,2020-08-25,280317.44,USD,1,68931.74,7,2,0,1
ACCT100001189,CUST0002567,TRUST,ACTIVE,2015-06-08,47692.88,INR,1,148861.2,9,1,1,1
ACCT100001190,CUST0004396,SALARY,CLOSED,2014-06-06,9397.8,INR,1,8812.73,1,1,1,1
ACCT100001191,CUST0005910,SAVINGS,ACTIVE,2019-04-02,59234.53,AED,3,9831.72,5,1,1,1
ACCT100001192,CUST0004056,CURRENT,ACTIVE,2017-06-27,3690.74,INR,1,22511.19,3,1,1,1
ACCT100001193,CUST0007994,CURRENT,ACTIVE,2016-10-07,13561.89,USD,1,20771.56,4,2,1,1
ACCT100001194,CUST0004306,SALARY,ACTIVE,2014-12-05,41007.75,USD,1,14046.12,1,3,0,1
ACCT100001195,CUST0005627,CURRENT,ACTIVE,2018-09-29,2236.65,INR,1,249672.35,3,3,1,1
ACCT100001196,CUST0006161,NRE,ACTIVE,2016-10-12,53164.14,INR,1,86055.07,5,2,0,1
ACCT100001197,CUST0002184,CURRENT,ACTIVE,2015-09-23,2284.62,INR,1,9525.38,3,1,0,1
ACCT100001198,CUST0005049,NRE,ACTIVE,2015-04-26,98080.02,INR,1,30098.89,6,1,1,1
ACCT100001199,CUST0000335,TRUST,ACTIVE,2018-07-01,301330.55,INR,1,428583.8,8,1,1,1
ACCT100001200,CUST0005024,SALARY,ACTIVE,2014-04-30,1793.29,USD,1,11806.69,3,3,1,1
ACCT100001201,CUST0001578,NRE,ACTIVE,2020-10-14,349920.72,INR,1,30281.88,7,2,1,0
ACCT100001202,CUST0003498,SALARY,DORMANT,2018-07-14,34023.26,AED,1,5231.87,5,1,0,1
ACCT100001203,CUST0002294, NRE ,ACTIVE,2018-02-24,45223.59,INR,1,431385.42,5,1,1,0
ACCT100001204,CUST0005160,savings,ACTIVE,2018-07-20,8889.93,INR,1,26900.8,1,1,1,1
ACCT100001205,CUST0002760,SHELL,DORMANT,2017-11-10,497846.0,INR,2,580533.95,8,2,0,1
ACCT100001206,CUST0005340,NRE,ACTIVE,2012-03-06,420111.3,AED,3,363931.34,4,1,1,1
ACCT100001207,CUST0004757,NRE,ACTIVE,2021-10-28,10259.71,INR,1,911087.18,4,1,1,1
ACCT100001208,CUST0003691,SAVINGS,ACTIVE,2014-09-21,5965.81,INR,2,44128.95,5,1,1,1
ACCT100001209,CUST0006468,CURRENT,ACTIVE,2016-10-06,25453.58,AED,1,26131.25,5,1,1,1
ACCT100001210,CUST0001699,SAVINGS,ACTIVE,2012-02-08,37131.97,INR,1,21255.3,1,1,1,1
ACCT100001211,CUST0006061,SAVINGS,ACTIVE,2013-10-02,4964.42,INR,1,7112.24,1,1,1,1
ACCT100001212,CUST0002309,NRO,ACTIVE,2017-09-11,326969.79,AED,1,181779.38,5,1,1,1
ACCT100001213,CUST0003156,SALARY,ACTIVE,2015-12-29,27355.25,AED,1,5438.95,4,1,1,1
ACCT100001214,CUST0001545,NRO,ACTIVE,2018-07-14,70156.11,INR,3,97296.99,7,1,0,0
ACCT100001215,CUST0004480, CURRENT ,ACTIVE,2020-12-27,479283.65,AED,2,5750.61,4,1,1,0
ACCT100001216,CUST0006639,NRO,ACTIVE,2012-03-11,393618.37,SGD,2,58663.03,7,3,1,1
ACCT100001217,CUST0007178,TRUST,ACTIVE,2014-01-25,59409.3,INR,1,143280.96,8,1,1,1
ACCT100001218,CUST0007198,SALARY,ACTIVE,2012-01-07,22107.42,INR,2,3911.52,2,5,1,1
ACCT100001219,CUST0004014,CURRENT,ACTIVE,2019-09-28,99492.8,USD,1,32374.2,4,2,1,1
ACCT100001220,CUST0004670, SAVINGS ,DORMANT,2014-01-25,336609.9,INR,1,39413.63,4,1,1,1
ACCT100001221,CUST0003330,nro,ACTIVE,2016-05-26,10136.65,INR,2,104434.22,6,1,1,1
ACCT100001222,CUST0000437,NRE,ACTIVE,2018-12-11,875026.15,INR,1,251016.5,6,3,1,1
ACCT100001223,CUST0006065,CURRENT,ACTIVE,2012-10-09,56949.67,USD,2,8730.64,3,1,1,1
ACCT100001224,CUST0003073,SALARY,ACTIVE,2012-05-31,13368.29,INR,1,2638.89,5,1,1,1
ACCT100001225,CUST0007885,SALARY,BLOCKED,2013-04-21,6395.88,INR,1,14324.76,5,2,1,1
ACCT100001226,CUST0005592,SAVINGS,ACTIVE,2016-11-12,68669.93,GBP,1,19160.56,3,3,1,1
ACCT100001227,CUST0005522,TRUST,DORMANT,2012-11-30,2794559.49,INR,1,692559.61,8,1,0,1
ACCT100001228,CUST0007851,SAVINGS,ACTIVE,2014-12-22,8119.65,SGD,1,7528.1,4,1,1,1
ACCT100001229,CUST0002677,NRE,ACTIVE,2021-06-27,95104.72,INR,1,94248.97,5,5,1,1
ACCT100001230,CUST0001697,CURRENT,ACTIVE,2018-12-06,844.94,INR,2,19838.42,2,1,0,1
ACCT100001231,CUST0000948,NRE,ACTIVE,2020-11-06,651224.84,USD,2,21734.34,6,1,1,1
ACCT100001232,CUST0000773,SALARY,ACTIVE,2017-06-21,10441.29,AED,2,19709.74,3,4,1,1
ACCT100001233,CUST0001146,SAVINGS,ACTIVE,2012-09-02,23606.99,INR,1,2200.56,1,2,1,1
ACCT100001234,CUST0001509, CURRENT ,DORMANT,2014-03-21,19376.51,INR,1,108918.37,1,4,0,0
ACCT100001235,CUST0001148,NRO,ACTIVE,2019-02-14,54234.09,INR,1,51845.49,6,1,0,1
ACCT100001236,CUST0001538,SAVINGS,ACTIVE,2013-07-03,1463.97,USD,1,10914.91,1,3,1,1
ACCT100001237,CUST0003302,SAVINGS,ACTIVE,2014-07-09,15720.75,INR,1,6003.25,2,1,1,1
ACCT100001238,CUST0001955,CURRENT,DORMANT,2016-02-22,39104.33,AED,2,23842.4,1,2,0,1
ACCT100001239,CUST0004817,NRE,ACTIVE,2020-09-20,270785.08,GBP,1,561747.83,4,2,1,1
ACCT100001240,CUST0005985,SALARY,ACTIVE,2017-04-19,207590.89,INR,1,7755.51,5,4,1,1
ACCT100001241,CUST0001033,SHELL,DORMANT,2014-04-27,1210060.66,INR,2,686551.81,8,1,1,1
ACCT100001242,CUST0003935,NRO,DORMANT,2013-05-11,409072.88,USD,1,50323.37,6,2,1,1
ACCT100001243,CUST0002375,SAVINGS,ACTIVE,2014-10-30,38566.08,GBP,1,2035.36,4,1,1,1
ACCT100001244,CUST0004880,NRE,ACTIVE,2016-10-23,532025.89,INR,1,82665.92,4,1,1,0
ACCT100001245,CUST0003742,SALARY,ACTIVE,2014-12-03,26888.36,INR,1,9133.53,1,1,1,0
ACCT100001246,CUST0001800,SAVINGS,ACTIVE,2014-09-26,27328.06,USD,3,38289.82,1,1,1,1
ACCT100001247,CUST0006575,NRE,DORMANT,2020-01-18,1840375.45,USD,1,33551.22,5,1,0,0
ACCT100001248,CUST0001880,SAVINGS,ACTIVE,2013-12-29,75332.58,INR,2,10002.41,1,4,1,1
ACCT100001249,CUST0003855,CURRENT,ACTIVE,2013-05-05,132202.29,INR,2,25209.85,5,1,1,1
ACCT100001250,CUST0003085,SAVINGS,ACTIVE,2020-07-06,17594.03,INR,3,36929.01,5,1,1,1
ACCT100001251,CUST0002937, CURRENT ,ACTIVE,2015-07-26,8043.2,INR,2,84421.8,5,1,1,1
ACCT100001252,CUST0001807,CURRENT,ACTIVE,2019-07-31,203235.28,INR,1,200254.67,4,1,0,1
ACCT100001253,CUST0006051,SALARY,ACTIVE,2020-08-18,5826.96,INR,2,24675.03,4,1,1,1
ACCT100001254,CUST0006773,NRE,ACTIVE,2013-01-28,668222.12,GBP,1,41611.47,5,2,1,1
ACCT100001255,CUST0007467,SAVINGS,BLOCKED,2021-01-28,11956.08,USD,1,135700.71,4,1,1,1
ACCT100001256,CUST0001738,CURRENT,CLOSED,2014-03-12,68142.04,INR,1,51851.2,1,1,1,1
ACCT100001257,CUST0002819,SAVINGS,ACTIVE,2018-07-11,19144.29,INR,2,9785.86,2,1,1,1
ACCT100001258,CUST0006305,SAVINGS,ACTIVE,2017-05-10,2070.68,GBP,2,12699.97,1,4,0,1
ACCT100001259,CUST0007580,SHELL,ACTIVE,2018-11-25,1336214.97,USD,1,77221.75,8,2,0,1
ACCT100001260,CUST0006363,SALARY,ACTIVE,2021-08-02,9196.25,USD,1,23643.43,5,1,1,1
ACCT100001261,CUST0007637,CURRENT,ACTIVE,2020-04-25,42444.18,INR,1,12514.39,2,4,0,1
ACCT100001262,CUST0003855,CURRENT,ACTIVE,2019-05-26,769353.46,INR,1,905259.1,4,1,0,1
ACCT100001263,CUST0004744,NRE,ACTIVE,2012-09-05,56755.73,INR,1,105667.61,7,1,1,1
ACCT100001264,CUST0001979,SALARY,ACTIVE,2020-09-26,3655.48,AED,1,30740.33,4,1,0,1
ACCT100001265,CUST0001159,SALARY,ACTIVE,2021-04-03,7281.72,INR,1,1193.87,3,1,1,1
ACCT100001266,CUST0002078,TRUST,DORMANT,2012-07-30,2414622.88,SGD,1,328274.62,8,1,1,1
ACCT100001267,CUST0006419,NRO,ACTIVE,2012-04-14,33812.52,INR,1,30041.56,4,1,0,1
ACCT100001268,CUST0006670,SAVINGS,DORMANT,2013-08-20,134214.99,SGD,1,7300.51,4,1,1,1
ACCT100001269,CUST0007966,CURRENT,ACTIVE,2012-11-04,3553061.27,INR,2,114943.79,5,4,0,1
ACCT100001270,CUST0007504,SALARY,ACTIVE,2019-05-13,182823.3,USD,1,1339.52,2,1,0,1
ACCT100001271,CUST0003894,CURRENT,ACTIVE,2018-06-19,6938.43,INR,1,116098.77,2,1,1,0
ACCT100001272,CUST0002456,SAVINGS,ACTIVE,2012-03-12,2958.52,INR,2,22784.06,5,1,1,1
ACCT100001273,CUST0007168,NRO,ACTIVE,2018-12-24,168572.13,AED,1,197140.56,6,1,1,0
ACCT100001274,CUST0005651,NRO,ACTIVE,2017-09-30,73758.14,USD,2,36710.02,5,2,0,1
ACCT100001275,CUST0007571,NRE,ACTIVE,2014-01-23,115154.82,USD,1,69161.8,7,1,1,1
ACCT100001276,CUST0006264,TRUST,DORMANT,2014-04-15,164987.51,INR,2,850424.36,8,2,1,1
ACCT100001277,CUST0005780,SALARY,DORMANT,2019-02-12,8308.43,INR,3,193881.5,2,1,1,1
ACCT100001278,CUST0005944,CURRENT,ACTIVE,2020-06-20,122423.48,INR,1,26323.99,5,2,1,1
ACCT100001279,CUST0000652,CURRENT,BLOCKED,2013-04-11,27137.82,INR,1,558163.31,1,3,1,1
ACCT100001280,CUST0006702,NRE,ACTIVE,2018-02-04,93333.05,INR,1,201919.26,6,3,0,1
ACCT100001281,CUST0006517,NRO,ACTIVE,2019-06-01,1194767.27,USD,1,774679.24,7,1,1,1
ACCT100001282,CUST0004665,SALARY,ACTIVE,2020-08-14,3880.45,SGD,2,17696.59,5,5,1,1
ACCT100001283,CUST0002994,SALARY,ACTIVE,2018-01-27,1474.66,INR,3,2796.52,1,1,1,1
ACCT100001284,CUST0007591,NRO,ACTIVE,2017-04-13,508718.86,AED,1,51064.79,5,2,1,1
ACCT100001285,CUST0004115,NRE,ACTIVE,2016-12-21,15401.86,INR,3,560419.88,7,1,0,1
ACCT100001286,CUST0003835,NRO,BLOCKED,2019-05-24,48301.95,INR,1,24831.29,7,2,1,1
ACCT100001287,CUST0000141,NRO,ACTIVE,2012-05-25,14291.04,INR,2,441177.25,4,1,0,1
ACCT100001288,CUST0000984,CURRENT,ACTIVE,2016-02-23,27214.38,INR,2,174975.82,2,2,1,1
ACCT100001289,CUST0006948,SAVINGS,BLOCKED,2021-10-18,6631.48,USD,3,31211.55,5,3,1,1
ACCT100001290,CUST0006114,SALARY,ACTIVE,2018-10-26,91540.48,GBP,2,1294.6,5,1,0,1
ACCT100001291,CUST0004120,TRUST,DORMANT,2014-11-19,2205277.97,INR,1,386773.38,7,1,1,1
ACCT100001292,CUST0007003,NRO,ACTIVE,2018-08-09,10484.84,USD,1,318629.03,6,2,1,0
ACCT100001293,CUST0006897,NRO,ACTIVE,2020-11-10,41456.7,INR,1,238986.19,5,2,1,1
ACCT100001294,CUST0002666,NRO,ACTIVE,2016-01-08,9519.14,GBP,2,43278.1,4,3,1,0
ACCT100001295,CUST0004563,CURRENT,BLOCKED,2015-08-18,56021.94,USD,2,12339.58,5,1,0,1
ACCT100001296,CUST0001175,TRUST,ACTIVE,2018-10-05,326728.36,AED,1,415090.2,9,2,1,1
ACCT100001297,CUST0002547,SALARY,ACTIVE,2019-03-22,960.85,INR,1,29978.4,2,1,1,0
ACCT100001298,CUST0005821,NRE,ACTIVE,2014-04-25,4626463.77,USD,1,4620.63,5,1,1,1
ACCT100001299,CUST0001641,SAVINGS,ACTIVE,2017-10-21,6258.11,INR,3,9233.24,5,1,1,1
ACCT100001300,CUST0005671,CURRENT,ACTIVE,2017-06-12,7085.21,INR,1,33381.84,4,1,1,1
ACCT100001301,CUST0006109,SAVINGS,ACTIVE,2012-10-28,12394.96,INR,3,6091.91,4,2,1,1
ACCT100001302,CUST0007528,SAVINGS,ACTIVE,2021-09-01,140500.79,INR,1,8230.47,1,1,1,1
ACCT100001303,CUST0004133,NRE,ACTIVE,2018-08-29,31222.93,INR,2,14610.95,5,4,1,1
ACCT100001304,CUST0003092,TRUST,BLOCKED,2021-01-18,2061763.93,INR,3,281740.59,7,2,0,1
ACCT100001305,CUST0001562,CURRENT,ACTIVE,2014-10-19,60246.23,INR,1,66371.31,2,3,1,1
ACCT100001306,CUST0005967,CURRENT,ACTIVE,2018-03-29,5912.4,USD,1,24706.27,5,2,1,1
ACCT100001307,CUST0000766,TRUST,BLOCKED,2014-04-09,96730.8,INR,2,15218.78,8,2,1,0
ACCT100001308,CUST0001144,NRE,ACTIVE,2018-01-23,102922.36,AED,1,676031.84,4,3,1,1
ACCT100001309,CUST0005836,SAVINGS,ACTIVE,2016-10-07,3692.48,INR,1,10531.91,2,3,1,1
ACCT100001310,CUST0005457,SAVINGS,ACTIVE,2012-06-11,1130.62,INR,1,62037.59,2,4,1,1
ACCT100001311,CUST0001349,TRUST,DORMANT,2020-05-29,146901.19,INR,2,284693.58,9,1,0,1
ACCT100001312,CUST0003564,CURRENT,ACTIVE,2012-12-14,532627.2,USD,1,28023.15,3,1,1,1
ACCT100001313,CUST0007897,SALARY,ACTIVE,2019-05-19,15800.69,INR,2,6391.61,3,1,1,1
ACCT100001314,CUST0000055,CURRENT,ACTIVE,2014-11-08,135242.52,INR,2,5714.59,3,3,1,1
ACCT100001315,CUST0000058,SALARY,ACTIVE,2021-06-14,8176.94,USD,1,3577.23,4,2,1,1
ACCT100001316,CUST0000745,NRO,ACTIVE,2016-03-23,147232.75,INR,1,112172.02,7,3,1,0
ACCT100001317,CUST0000268,SHELL,ACTIVE,2017-09-14,173268.04,INR,1,1450588.61,7,1,1,1
ACCT100001318,CUST0002471,CURRENT,ACTIVE,2016-08-18,301028.25,AED,1,52949.9,2,3,1,1
ACCT100001319,CUST0001475,CURRENT,ACTIVE,2020-09-01,225292.8,INR,2,23348.23,5,3,0,0
ACCT100001320,CUST0000035,NRO,ACTIVE,2014-12-01,14448.65,INR,1,72221.56,6,1,1,1
ACCT100001321,CUST0003958,CURRENT,ACTIVE,2014-03-08,132600.82,USD,1,19444.75,1,4,1,1
ACCT100001322,CUST0005975,CURRENT,ACTIVE,2016-10-13,20859.53,USD,1,760905.54,3,1,1,1
ACCT100001323,CUST0006584, TRUST ,DORMANT,2012-05-21,87648.52,INR,3,3441560.85,10,1,1,0
ACCT100001324,CUST0004352,SALARY,ACTIVE,2019-02-13,144529.29,INR,1,2369.78,4,1,1,1
ACCT100001325,CUST0003391,current,ACTIVE,2017-11-30,13197.28,INR,2,52485.25,2,1,0,1
ACCT100001326,CUST0001551,NRE,ACTIVE,2019-12-28,1232395.1,USD,1,95918.13,5,2,1,0
ACCT100001327,CUST0001583,CURRENT,ACTIVE,2021-07-24,3669.41,INR,1,23221.17,3,1,1,1
ACCT100001328,CUST0007250,SALARY,ACTIVE,2018-06-12,13503.26,USD,1,45389.48,4,2,0,1
ACCT100001329,CUST0002498,SALARY,ACTIVE,2015-01-18,1132.96,INR,1,14108.25,1,4,0,1
ACCT100001330,CUST0005401,SALARY,ACTIVE,2015-09-10,2193.35,INR,2,1518.46,4,4,1,0
ACCT100001331,CUST0003378,SAVINGS,ACTIVE,2021-08-25,1853.55,INR,1,23185.57,4,1,1,1
ACCT100001332,CUST0002792,SHELL,ACTIVE,2016-04-14,685778.63,USD,1,312637.06,10,1,0,0
ACCT100001333,CUST0007813,NRE,ACTIVE,2015-07-08,387969.06,INR,1,71206.22,7,1,1,1
ACCT100001334,CUST0003200,SALARY,ACTIVE,2014-09-19,5195.6,INR,1,4632.08,2,3,1,1
ACCT100001335,CUST0002493,SALARY,ACTIVE,2017-02-18,3707.32,INR,1,3496.77,5,2,1,1
ACCT100001336,CUST0007887,CURRENT,ACTIVE,2016-11-14,8982.07,INR,1,55931.95,1,1,0,1
ACCT100001337,CUST0007293,CURRENT,DORMANT,2013-07-18,1166802.26,INR,1,117566.73,4,1,1,1
ACCT100001338,CUST0005229,CURRENT,DORMANT,2015-04-18,41363.17,INR,3,1850.94,1,1,1,1
ACCT100001339,CUST0003482,SAVINGS,CLOSED,2019-08-15,2191.53,INR,1,3740.67,4,1,0,1
ACCT100001340,CUST0007546,TRUST,ACTIVE,2013-11-28,326626.46,GBP,2,714638.08,7,1,1,1
ACCT100001341,CUST0004849,CURRENT,ACTIVE,2017-10-16,1083763.74,GBP,1,56719.79,3,1,0,1
ACCT100001342,CUST0007219,SAVINGS,ACTIVE,2016-02-18,4258.17,SGD,2,5317.47,3,1,0,1
ACCT100001343,CUST0003671,CURRENT,CLOSED,2017-07-09,22593.51,INR,1,3153.44,2,2,1,1
ACCT100001344,CUST0000131,CURRENT,ACTIVE,2019-01-05,17133.37,INR,1,17742.54,4,2,1,0
ACCT100001345,CUST0003697,SAVINGS,ACTIVE,2017-10-01,1886.22,USD,1,10286.85,4,3,1,1
ACCT100001346,CUST0005778,SAVINGS,BLOCKED,2015-11-02,20502.88,INR,2,20011.39,3,3,1,1
ACCT100001347,CUST0002568,SAVINGS,ACTIVE,2016-12-22,20545.52,INR,2,34435.96,1,2,0,1
ACCT100001348,CUST0001146,SAVINGS,ACTIVE,2015-05-12,4403.43,SGD,2,4423.27,2,3,1,1
ACCT100001349,CUST0005857,SAVINGS,ACTIVE,2014-01-30,177686.74,INR,1,10385.07,5,2,1,1
ACCT100001350,CUST0003514, NRO ,ACTIVE,2020-01-02,388579.1,USD,1,186605.29,4,1,1,0
ACCT100001351,CUST0003244,NRE,ACTIVE,2013-10-10,78308.92,INR,1,196989.54,4,1,0,1
ACCT100001352,CUST0001586,NRO,DORMANT,2021-10-02,248653.21,USD,1,179544.11,5,4,0,1
ACCT100001353,CUST0007647,SAVINGS,CLOSED,2017-12-03,33821.01,USD,3,1433.72,4,1,1,1
ACCT100001354,CUST0002498,SALARY,ACTIVE,2015-09-13,29543.07,INR,1,46210.8,4,3,0,1
ACCT100001355,CUST0003121,NRO,ACTIVE,2017-10-11,308577.36,INR,1,27097.3,5,3,1,1
ACCT100001356,CUST0002451,TRUST,ACTIVE,2017-08-13,766868.52,INR,1,1309769.47,10,1,1,1
ACCT100001357,CUST0001602,SAVINGS,ACTIVE,2013-01-19,35358.62,USD,2,5545.25,4,1,1,1
ACCT100001358,CUST0001704,CURRENT,ACTIVE,2015-06-21,1087525.03,INR,1,25822.24,4,1,1,1
ACCT100001359,CUST0003524,CURRENT,ACTIVE,2017-04-03,29892.01,INR,1,58216.57,1,2,1,1
ACCT100001360,CUST0003728,SAVINGS,ACTIVE,2021-05-03,12972.4,INR,3,39305.48,3,2,1,1
ACCT100001361,CUST0006119,SAVINGS,CLOSED,2012-11-07,13089.94,INR,3,1166.35,1,1,1,1
ACCT100001362,CUST0001023,CURRENT,ACTIVE,2014-01-01,12681.13,USD,1,2867.6,3,1,1,1
ACCT100001363,CUST0004328,SALARY,DORMANT,2012-06-20,14162.78,INR,3,2821.84,4,5,1,1
ACCT100001364,CUST0007780,SALARY,ACTIVE,2020-05-17,11148.88,INR,2,14675.82,4,2,1,1
ACCT100001365,CUST0004620,SALARY,ACTIVE,2017-07-04,37790.33,INR,2,3716.99,4,2,1,1
ACCT100001366,CUST0000256,nre,ACTIVE,2021-10-10,57864.14,INR,1,245782.33,5,3,1,1
ACCT100001367,CUST0002300,SALARY,ACTIVE,2020-12-30,1299.28,INR,1,17831.08,4,1,1,1
ACCT100001368,CUST0006501,NRE,ACTIVE,2019-06-25,868531.03,INR,1,83784.69,6,4,1,1
ACCT100001369,CUST0002971,SHELL,ACTIVE,2019-12-02,634500.92,AED,1,620623.18,8,1,1,1
ACCT100001370,CUST0001413,SALARY,DORMANT,2016-02-29,4514.47,INR,1,29961.38,2,1,1,0
ACCT100001371,CUST0003247,NRE,ACTIVE,2012-04-14,2326187.3,AED,1,135268.61,7,1,1,1
ACCT100001372,CUST0003593,NRE,ACTIVE,2012-09-30,1304905.64,INR,1,113781.02,4,1,1,1
ACCT100001373,CUST0004375,NRO,ACTIVE,2018-01-30,489808.25,INR,3,1011658.0,7,1,1,0
ACCT100001374,CUST0006103,CURRENT,ACTIVE,2018-06-01,11197.76,USD,1,29101.0,1,2,0,1
ACCT100001375,CUST0007231,NRO,ACTIVE,2019-11-08,17268.73,AED,1,287282.66,5,2,0,1
ACCT100001376,CUST0000391,current,ACTIVE,2015-08-30,245271.05,INR,1,31404.32,1,4,1,1
ACCT100001377,CUST0003954,SALARY,ACTIVE,2021-06-13,43538.02,GBP,1,10362.24,5,4,1,1
ACCT100001378,CUST0005586,CURRENT,DORMANT,2021-11-20,174599.7,INR,1,17476.2,4,2,0,1
ACCT100001379,CUST0003253, SHELL ,ACTIVE,2014-06-21,439121.75,GBP,1,396243.48,9,1,1,1
ACCT100001380,CUST0005687,SAVINGS,ACTIVE,2012-08-27,96793.61,INR,2,8613.65,1,3,1,1
ACCT100001381,CUST0001491,SAVINGS,DORMANT,2014-10-17,64845.32,SGD,1,8880.79,5,1,1,1
ACCT100001382,CUST0002048,SAVINGS,DORMANT,2016-04-07,111753.41,INR,1,2377.45,3,1,1,0
ACCT100001383,CUST0001791,CURRENT,ACTIVE,2012-08-18,32678.81,INR,1,42606.65,5,1,1,1
ACCT100001384,CUST0000926,NRE,ACTIVE,2015-05-16,230867.45,INR,3,226221.55,6,1,0,1
ACCT100001385,CUST0002414,SHELL,ACTIVE,2016-03-03,391252.1,SGD,1,950525.22,7,4,1,1
ACCT100001386,CUST0000947,SALARY,ACTIVE,2021-04-16,102541.83,INR,1,18905.49,3,1,1,1
ACCT100001387,CUST0000110,SALARY,ACTIVE,2020-01-01,5469.41,INR,1,41213.29,5,1,0,1
ACCT100001388,CUST0000339,CURRENT,ACTIVE,2014-08-29,9128.73,USD,1,165863.14,5,1,0,1
ACCT100001389,CUST0000341,NRO,DORMANT,2015-11-16,109445.51,INR,2,218182.47,7,1,1,0
ACCT100001390,CUST0000649,CURRENT,ACTIVE,2019-04-24,90012.85,INR,1,16284.67,1,1,1,1
ACCT100001391,CUST0003178,SAVINGS,ACTIVE,2018-03-16,5486.86,INR,2,15312.05,2,2,1,1
ACCT100001392,CUST0007839,SAVINGS,ACTIVE,2017-06-18,1638.12,SGD,1,17564.25,1,4,1,1
ACCT100001393,CUST0002309,NRO,DORMANT,2018-10-07,12100.49,USD,1,83039.99,5,5,0,1
ACCT100001394,CUST0007613,SAVINGS,ACTIVE,2017-12-25,46233.74,AED,1,4980.08,5,1,0,1
ACCT100001395,CUST0005214,current,DORMANT,2014-11-17,314070.75,INR,1,31884.42,4,4,0,1
ACCT100001396,CUST0004727,CURRENT,ACTIVE,2012-10-21,56509.82,AED,1,8217.64,1,4,1,1
ACCT100001397,CUST0002395,SAVINGS,DORMANT,2019-03-01,26960.47,USD,2,4365.15,4,1,1,1
ACCT100001398,CUST0002133,SALARY,ACTIVE,2016-02-08,136444.01,AED,1,16497.22,2,2,1,1
ACCT100001399,CUST0003805,NRO,ACTIVE,2016-05-31,45308.52,INR,1,381424.89,5,1,1,1
ACCT100001400,CUST0006324,CURRENT,ACTIVE,2013-02-25,131622.16,INR,3,17970.74,3,1,1,1
ACCT100001401,CUST0005987,SAVINGS,ACTIVE,2017-11-24,9692.68,USD,1,33401.39,3,1,1,1
ACCT100001402,CUST0005281,SALARY,ACTIVE,2016-02-20,40087.73,AED,1,10230.32,2,1,1,0
ACCT100001403,CUST0006586,SALARY,ACTIVE,2019-03-05,4229.86,INR,1,115509.76,1,1,1,1
ACCT100001404,CUST0000721,SALARY,ACTIVE,2014-04-13,2298.12,USD,3,79002.26,1,3,1,1
ACCT100001405,CUST0005731,SAVINGS,BLOCKED,2015-01-26,23084.75,INR,1,11270.45,5,1,0,1
ACCT100001406,CUST0006313,SAVINGS,ACTIVE,2014-03-02,29503.87,INR,1,6586.12,1,2,0,1
ACCT100001407,CUST0001397,SAVINGS,DORMANT,2017-03-22,14796.56,INR,1,10148.39,4,2,0,1
ACCT100001408,CUST0000529,TRUST,ACTIVE,2019-11-18,34952.77,INR,1,312476.49,10,1,1,1
ACCT100001409,CUST0007732,SALARY,ACTIVE,2017-09-02,3673.59,INR,2,3777.94,4,1,1,0
ACCT100001410,CUST0001547,CURRENT,ACTIVE,2013-02-23,12301.89,SGD,1,12532.8,3,1,0,1
ACCT100001411,CUST0004071,SAVINGS,ACTIVE,2013-05-20,22161.48,USD,1,13854.74,1,1,0,1
ACCT100001412,CUST0007216,SALARY,ACTIVE,2021-01-22,4926.22,USD,3,32944.55,3,1,1,1
ACCT100001413,CUST0007711,NRE,ACTIVE,2016-08-12,3450172.98,GBP,2,20053.24,7,3,1,1
ACCT100001414,CUST0005053,NRE,DORMANT,2015-10-10,300182.95,SGD,1,125635.22,7,1,1,1
ACCT100001415,CUST0005240,SAVINGS,ACTIVE,2018-03-23,69066.06,AED,1,15344.65,4,4,1,1
ACCT100001416,CUST0004857,NRE,ACTIVE,2012-10-11,98064.55,SGD,1,514823.76,4,1,1,1
ACCT100001417,CUST0000632,SAVINGS,ACTIVE,2016-08-13,37841.63,AED,1,8567.33,1,1,1,1
ACCT100001418,CUST0007725,NRE,ACTIVE,2016-09-27,171852.24,INR,1,734516.01,7,1,1,1
ACCT100001419,CUST0003487,SAVINGS,BLOCKED,2020-11-22,21111.72,AED,1,576.09,1,3,1,1
ACCT100001420,CUST0007936,SAVINGS,ACTIVE,2021-03-11,105493.85,USD,1,12978.18,1,1,1,1
ACCT100001421,CUST0002880,NRE,ACTIVE,2017-09-01,2085126.33,USD,1,238689.45,5,2,1,1
ACCT100001422,CUST0005639,SALARY,DORMANT,2013-08-03,32646.95,INR,1,18516.32,4,2,1,1
ACCT100001423,CUST0003380,SAVINGS,DORMANT,2019-03-27,16974.32,AED,1,12120.21,5,2,1,1
ACCT100001424,CUST0005213,SAVINGS,ACTIVE,2019-09-27,4636.97,AED,1,3553.91,5,2,1,1
ACCT100001425,CUST0005738,SAVINGS,ACTIVE,2015-01-05,36167.18,INR,1,1254.54,2,2,1,1
ACCT100001426,CUST0005694,NRE,ACTIVE,2017-09-09,38318.96,INR,1,41391.46,5,1,1,1
ACCT100001427,CUST0000102,SALARY,ACTIVE,2018-03-05,20946.14,INR,1,524.57,3,4,1,1
ACCT100001428,CUST0005908,SAVINGS,ACTIVE,2014-06-24,7698.17,USD,1,15302.9,1,1,0,1
ACCT100001429,CUST0000572,SAVINGS,ACTIVE,2018-03-28,3014.41,USD,1,21210.88,2,1,1,1
ACCT100001430,CUST0003307,CURRENT,ACTIVE,2021-08-11,80900.04,INR,1,266473.7,4,2,1,1
ACCT100001431,CUST0000299,SAVINGS,ACTIVE,2012-06-06,3533.29,AED,2,11767.23,1,2,1,1
ACCT100001432,CUST0005874,CURRENT,ACTIVE,2012-12-14,28819.08,USD,3,25056.49,4,1,1,1
ACCT100001433,CUST0004149,NRE,ACTIVE,2020-10-10,103699.69,INR,1,153390.83,4,2,1,1
ACCT100001434,CUST0003002,CURRENT,ACTIVE,2015-06-30,67867.44,INR,1,108987.65,3,4,1,1
ACCT100001435,CUST0002441,NRE,DORMANT,2014-02-24,2959721.24,AED,2,97359.77,5,1,1,1
ACCT100001436,CUST0003681, SALARY ,ACTIVE,2014-06-15,136418.76,AED,2,18781.2,5,2,1,1
ACCT100001437,CUST0006115,CURRENT,ACTIVE,2018-02-16,20067.14,USD,1,21155.94,3,5,1,1
ACCT100001438,CUST0001390,NRO,DORMANT,2016-01-04,29973.05,INR,1,120426.64,7,2,1,1
ACCT100001439,CUST0005443,CURRENT,ACTIVE,2021-04-09,77087.87,INR,1,63312.16,3,2,0,1
ACCT100001440,CUST0002519,SALARY,ACTIVE,2016-08-19,15750.84,AED,1,61023.54,1,1,1,1
ACCT100001441,CUST0005865,NRE,DORMANT,2012-01-12,57589.21,INR,3,12231.21,5,4,1,1
ACCT100001442,CUST0003307,NRO,ACTIVE,2020-06-29,5829.18,INR,3,246783.72,5,1,1,1
ACCT100001443,CUST0007995,savings,ACTIVE,2014-02-16,6464.1,INR,2,2161.03,5,1,1,1
ACCT100001444,CUST0000405,SAVINGS,ACTIVE,2019-01-02,22890.57,USD,1,13337.23,1,3,0,1
ACCT100001445,CUST0004013,CURRENT,ACTIVE,2018-10-26,12989.39,SGD,1,68046.2,3,2,1,1
ACCT100001446,CUST0007915,NRO,ACTIVE,2019-08-08,131265.93,INR,3,48792.35,5,1,1,0
ACCT100001447,CUST0006563,CURRENT,ACTIVE,2019-03-22,20117.64,USD,2,84282.46,3,3,1,1
ACCT100001448,CUST0000674,SAVINGS,ACTIVE,2018-11-10,29106.16,AED,2,15890.69,5,2,1,1
ACCT100001449,CUST0006909,SAVINGS,ACTIVE,2021-05-19,254149.75,INR,1,17070.05,1,1,0,1
ACCT100001450,CUST0002005,SALARY,ACTIVE,2019-06-03,7354.9,INR,1,8929.6,2,2,1,1
ACCT100001451,CUST0004964,SALARY,ACTIVE,2019-09-06,38438.0,GBP,3,3899.67,2,2,1,0
ACCT100001452,CUST0001603,NRE,ACTIVE,2017-02-06,609286.95,GBP,1,247162.69,5,1,1,1
ACCT100001453,CUST0004038,CURRENT,ACTIVE,2020-03-24,9037.32,USD,1,100043.29,4,2,1,1
ACCT100001454,CUST0005412,NRO,ACTIVE,2017-06-18,37551.92,USD,1,14867.08,7,1,1,1
ACCT100001455,CUST0000363,SAVINGS,ACTIVE,2019-07-14,22672.54,INR,2,13113.05,2,1,1,1
ACCT100001456,CUST0003967,SALARY,ACTIVE,2013-04-27,29894.23,INR,1,10089.03,1,3,1,0
ACCT100001457,CUST0002278,CURRENT,ACTIVE,2021-06-16,3565.45,INR,2,6883.31,5,3,1,1
ACCT100001458,CUST0001262,NRO,ACTIVE,2012-07-05,144328.83,GBP,1,37871.7,4,3,1,0
ACCT100001459,CUST0006765,NRO,ACTIVE,2015-11-12,11420.1,INR,2,21834.86,6,1,1,1
ACCT100001460,CUST0006911,SHELL,ACTIVE,2016-07-10,109127.92,INR,1,2115493.77,8,2,1,0
ACCT100001461,CUST0001186,CURRENT,ACTIVE,2013-01-04,20924.34,INR,1,449618.39,4,3,0,1
ACCT100001462,CUST0001414,CURRENT,ACTIVE,2015-06-10,43140.25,USD,1,79179.85,4,3,0,1
ACCT100001463,CUST0005035,savings,ACTIVE,2012-09-24,101512.52,INR,1,67209.23,4,1,1,1
ACCT100001464,CUST0001839,SALARY,BLOCKED,2016-04-19,12630.95,USD,3,12907.94,5,2,1,1
ACCT100001465,CUST0006019,NRE,ACTIVE,2019-02-25,326884.08,INR,1,292649.04,6,1,1,1
ACCT100001466,CUST0002179,NRO,ACTIVE,2020-07-29,16135.51,AED,1,628341.8,6,1,1,0
ACCT100001467,CUST0005284,SHELL,DORMANT,2015-05-29,255443.79,INR,1,718373.11,8,4,1,1
ACCT100001468,CUST0007476,SALARY,ACTIVE,2020-05-16,7273.7,SGD,2,20704.92,1,1,1,1
ACCT100001469,CUST0000339,SAVINGS,BLOCKED,2012-10-05,10614.26,AED,1,21699.24,3,1,1,0
ACCT100001470,CUST0005328,SALARY,ACTIVE,2013-02-20,42304.8,INR,1,5748.98,1,4,1,1
ACCT100001471,CUST0002250,CURRENT,ACTIVE,2021-05-24,129098.27,INR,1,52390.67,4,2,0,1
ACCT100001472,CUST0007841, CURRENT ,ACTIVE,2015-11-24,281835.12,INR,1,8113.66,5,1,1,1
ACCT100001473,CUST0004225,SALARY,ACTIVE,2019-03-16,6010.66,INR,1,16931.35,5,1,1,0
ACCT100001474,CUST0000328,SAVINGS,DORMANT,2014-10-27,2500.11,INR,1,25978.17,2,3,0,1
ACCT100001475,CUST0005085,CURRENT,ACTIVE,2013-05-31,985841.55,USD,1,161171.37,5,1,1,1
ACCT100001476,CUST0001324, SAVINGS ,ACTIVE,2013-11-06,5475.81,AED,1,22531.77,2,1,0,1
ACCT100001477,CUST0003490,NRO,BLOCKED,2012-10-24,13804.54,INR,1,160594.55,5,1,1,1
ACCT100001478,CUST0006821,SAVINGS,ACTIVE,2019-10-17,8619.62,INR,1,7224.92,3,5,1,1
ACCT100001479,CUST0004215,TRUST,ACTIVE,2014-07-23,743451.67,INR,1,363306.88,10,2,1,1
ACCT100001480,CUST0002187,SHELL,BLOCKED,2019-11-16,2026268.07,AED,1,408317.94,9,1,1,1
ACCT100001481,CUST0002867, SAVINGS ,ACTIVE,2016-03-12,35289.1,INR,1,25788.19,2,3,1,1
ACCT100001482,CUST0000509,SAVINGS,CLOSED,2019-03-18,40930.47,INR,1,14404.73,3,1,1,0
ACCT100001483,CUST0006411,SAVINGS,DORMANT,2017-09-02,89107.9,USD,1,16033.36,4,1,1,1
ACCT100001484,CUST0000488,SAVINGS,DORMANT,2013-11-17,7109.36,INR,1,6030.61,3,3,1,1
ACCT100001485,CUST0004978,NRO,ACTIVE,2019-07-03,84024.54,INR,1,134162.64,5,1,1,1
ACCT100001486,CUST0007191,SALARY,DORMANT,2013-07-26,66200.22,INR,2,3318.46,2,1,1,1
ACCT100001487,CUST0006564,SAVINGS,ACTIVE,2013-08-10,16726.94,INR,1,12582.78,5,1,0,1
ACCT100001488,CUST0000052,TRUST,BLOCKED,2015-10-24,526078.46,USD,1,556645.28,9,1,1,1
ACCT100001489,CUST0003693,SALARY,DORMANT,2015-04-14,1223034.95,USD,1,26759.4,2,5,0,1
ACCT100001490,CUST0007357,TRUST,ACTIVE,2013-03-07,1047699.4,INR,1,230955.02,10,1,1,1
ACCT100001491,CUST0007268,SALARY,ACTIVE,2012-02-22,3823.34,INR,1,7162.76,3,1,0,1
ACCT100001492,CUST0000032,CURRENT,ACTIVE,2019-10-18,398529.19,INR,1,24462.51,2,3,0,1
ACCT100001493,CUST0004847,SAVINGS,ACTIVE,2021-11-13,19087.81,INR,1,17817.84,1,3,1,1
ACCT100001494,CUST0000841,SAVINGS,ACTIVE,2015-12-22,61425.52,INR,1,4597.93,5,2,0,1
ACCT100001495,CUST0006964,SALARY,ACTIVE,2016-08-21,1121.3,AED,1,1578.47,2,2,0,1
ACCT100001496,CUST0003172,CURRENT,ACTIVE,2013-05-26,25732.72,INR,1,20361.27,5,1,0,0
ACCT100001497,CUST0002781,SALARY,ACTIVE,2017-08-02,98336.53,USD,2,27766.85,4,3,1,1
ACCT100001498,CUST0007270,TRUST,DORMANT,2017-01-10,53718.44,SGD,1,28558.24,7,1,0,1
ACCT100001499,CUST0007819,NRO,ACTIVE,2018-07-18,107767.57,GBP,1,14701.3,7,1,1,1
ACCT100001500,CUST0007204,CURRENT,ACTIVE,2021-02-18,87336.49,USD,1,14421.08,1,5,0,1
ACCT100001501,CUST0005118,CURRENT,ACTIVE,2018-06-17,2906.63,INR,1,186103.45,3,2,1,0
ACCT100001502,CUST0002869,SAVINGS,ACTIVE,2021-02-16,27419.87,USD,1,2636.53,2,3,1,0
ACCT100001503,CUST0004612,TRUST,ACTIVE,2016-12-22,434344.4,GBP,1,853673.46,9,1,1,0
ACCT100001504,CUST0007842,NRO,ACTIVE,2018-09-26,284528.32,USD,2,22666.26,7,1,1,1
ACCT100001505,CUST0006827,TRUST,ACTIVE,2016-02-29,101375.41,INR,1,386355.48,8,1,1,1
ACCT100001506,CUST0004917,SAVINGS,ACTIVE,2018-01-26,59686.21,INR,1,26963.79,1,1,0,1
ACCT100001507,CUST0007994,CURRENT,ACTIVE,2018-12-28,30873.23,INR,1,142937.06,3,1,1,1
ACCT100001508,CUST0004034, CURRENT ,ACTIVE,2016-12-24,15479.49,AED,1,97482.69,3,1,0,0
ACCT100001509,CUST0001717,CURRENT,ACTIVE,2012-03-20,332225.63,USD,1,42696.05,4,2,1,1
ACCT100001510,CUST0004693,SAVINGS,ACTIVE,2014-05-25,38206.52,INR,2,10180.56,2,2,1,1
ACCT100001511,CUST0004286,NRE,ACTIVE,2014-01-21,58953.94,INR,2,617693.2,4,3,1,1
ACCT100001512,CUST0003930,SAVINGS,ACTIVE,2014-05-07,3205.88,AED,1,8703.36,4,3,1,1
ACCT100001513,CUST0003392,CURRENT,ACTIVE,2012-12-26,30150.2,INR,1,152927.87,4,4,1,1
ACCT100001514,CUST0007093,SALARY,ACTIVE,2021-09-14,45990.91,INR,2,3252.32,1,1,0,0
ACCT100001515,CUST0004490,TRUST,ACTIVE,2019-02-15,1620332.2,GBP,3,86044.54,10,1,1,0
ACCT100001516,CUST0006329,SALARY,ACTIVE,2019-03-12,2036.86,USD,2,5859.93,4,1,1,1
ACCT100001517,CUST0003531,SALARY,BLOCKED,2019-07-05,1927.02,USD,2,79722.53,5,2,0,1
ACCT100001518,CUST0006209,SAVINGS,ACTIVE,2017-12-06,35739.9,INR,2,4620.54,2,1,1,1
ACCT100001519,CUST0007230,SALARY,ACTIVE,2015-04-03,218523.9,INR,1,8756.98,4,1,0,0
ACCT100001520,CUST0004058,SAVINGS,ACTIVE,2014-01-28,9409.04,INR,1,22543.43,5,1,1,1
ACCT100001521,CUST0001550,salary,ACTIVE,2017-04-29,133210.32,INR,2,46733.4,1,1,0,1
ACCT100001522,CUST0002901,CURRENT,ACTIVE,2019-01-24,106669.04,INR,1,20576.74,4,1,0,0
ACCT100001523,CUST0004072,savings,ACTIVE,2019-02-07,744.57,INR,3,2550.46,1,2,1,0
ACCT100001524,CUST0000108,NRE,ACTIVE,2012-09-16,29048.7,INR,2,101842.16,5,2,1,1
ACCT100001525,CUST0006403,SALARY,ACTIVE,2017-10-08,8668.83,INR,1,8517.24,5,5,1,1
ACCT100001526,CUST0005077,SAVINGS,ACTIVE,2015-11-14,72985.19,INR,2,1183.62,4,2,0,0
ACCT100001527,CUST0000261,CURRENT,ACTIVE,2020-04-22,92324.48,AED,1,13220.23,4,3,1,1
ACCT100001528,CUST0002474,SALARY,ACTIVE,2019-03-18,60688.09,INR,1,7314.58,1,5,0,1
ACCT100001529,CUST0001714,SALARY,ACTIVE,2017-04-10,3847.22,AED,1,240400.19,5,1,1,0
ACCT100001530,CUST0002024,CURRENT,ACTIVE,2018-12-26,21228.95,INR,2,22319.12,4,1,1,1
ACCT100001531,CUST0000464,CURRENT,ACTIVE,2015-09-07,60830.62,INR,1,469958.29,5,2,1,1
ACCT100001532,CUST0004415,SAVINGS,ACTIVE,2015-10-23,8713.24,SGD,2,9297.11,1,2,0,1
ACCT100001533,CUST0007779,SAVINGS,ACTIVE,2019-01-17,37113.45,INR,2,5872.02,5,2,1,0
ACCT100001534,CUST0006382,SAVINGS,ACTIVE,2019-02-21,10327.72,SGD,1,10985.1,1,1,1,1
ACCT100001535,CUST0006786,CURRENT,ACTIVE,2017-12-05,95731.4,GBP,1,55437.46,4,1,1,1
ACCT100001536,CUST0002635,current,ACTIVE,2021-09-20,144879.68,USD,1,5589.83,5,3,1,1
ACCT100001537,CUST0001095,SALARY,ACTIVE,2015-05-27,31349.95,INR,1,2695.96,3,1,0,1
ACCT100001538,CUST0006788,SAVINGS,ACTIVE,2021-03-14,21378.59,AED,1,8217.75,2,1,1,1
ACCT100001539,CUST0004412,TRUST,DORMANT,2014-04-22,158573.49,INR,3,299747.32,7,3,1,1
ACCT100001540,CUST0001830,SALARY,ACTIVE,2021-03-05,32070.07,AED,2,11486.87,2,1,1,1
ACCT100001541,CUST0000232,SAVINGS,ACTIVE,2013-08-08,171.68,GBP,1,5141.22,4,1,1,1
ACCT100001542,CUST0006536,CURRENT,BLOCKED,2014-09-02,18800.09,INR,1,20016.5,3,2,1,1
ACCT100001543,CUST0000220,SHELL,DORMANT,2020-09-26,110275.06,INR,1,2343363.86,10,1,1,1
ACCT100001544,CUST0006969,TRUST,DORMANT,2021-03-16,402909.79,GBP,3,550805.47,8,5,1,1
ACCT100001545,CUST0004916,SAVINGS,ACTIVE,2014-02-03,12148.77,USD,1,9548.09,4,1,1,1
ACCT100001546,CUST0003427,NRE,ACTIVE,2017-12-22,961957.83,USD,1,479379.43,5,1,1,1
ACCT100001547,CUST0002122,SALARY,ACTIVE,2012-01-27,3963.83,USD,1,2917.57,2,1,0,0
ACCT100001548,CUST0007108,SAVINGS,ACTIVE,2012-11-18,113732.75,INR,2,64422.71,5,2,1,1
ACCT100001549,CUST0001404,NRE,BLOCKED,2014-04-17,77937.49,INR,1,242609.59,5,2,1,1
ACCT100001550,CUST0003822,SALARY,ACTIVE,2017-02-18,27216.29,INR,1,28264.32,4,2,1,1
ACCT100001551,CUST0005822,SAVINGS,ACTIVE,2019-09-17,29998.9,INR,2,35920.94,3,1,1,0
ACCT100001552,CUST0004963,NRE,ACTIVE,2015-03-17,315910.46,GBP,1,269260.88,4,1,1,1
ACCT100001553,CUST0002653,NRE,ACTIVE,2013-03-24,63452.99,AED,1,26328.54,6,1,1,1
ACCT100001554,CUST0002125,SAVINGS,ACTIVE,2012-11-04,50149.15,INR,1,35307.24,2,4,1,1
ACCT100001555,CUST0005521,SAVINGS,ACTIVE,2021-04-16,17440.78,GBP,1,8696.2,3,1,1,0
ACCT100001556,CUST0007484, SAVINGS ,ACTIVE,2014-04-17,2576.71,INR,1,9487.01,4,3,0,1
ACCT100001557,CUST0006675,CURRENT,ACTIVE,2018-08-30,36024.42,USD,1,57471.98,2,2,0,1
ACCT100001558,CUST0000563,SAVINGS,ACTIVE,2019-09-11,267970.2,INR,1,73766.79,2,2,1,0
ACCT100001559,CUST0006858,NRE,ACTIVE,2021-07-05,29297.01,GBP,1,143226.73,4,3,0,1
ACCT100001560,CUST0007963,SALARY,ACTIVE,2014-10-15,313.57,AED,1,3816.12,5,1,1,0
ACCT100001561,CUST0006219,SAVINGS,ACTIVE,2019-04-30,12831.51,USD,1,10484.56,5,2,1,0
ACCT100001562,CUST0001526,SALARY,ACTIVE,2018-06-30,19062.08,SGD,1,114887.74,1,1,1,1
ACCT100001563,CUST0003727,TRUST,DORMANT,2016-08-25,19184262.73,INR,1,444657.34,9,3,0,0
ACCT100001564,CUST0002564,CURRENT,ACTIVE,2020-04-29,48639.52,AED,2,27069.92,2,1,1,0
ACCT100001565,CUST0004627, SAVINGS ,ACTIVE,2018-08-30,7475.81,INR,1,4536.18,4,1,0,1
ACCT100001566,CUST0006398,NRO,ACTIVE,2013-12-02,45670.67,SGD,1,37292.66,5,1,1,0
ACCT100001567,CUST0002520,SALARY,ACTIVE,2017-10-12,8508.69,INR,1,3840.14,1,5,1,1
ACCT100001568,CUST0007145,CURRENT,ACTIVE,2018-06-08,36200.27,INR,1,23751.66,4,2,1,1
ACCT100001569,CUST0000320,CURRENT,DORMANT,2018-02-04,128325.36,INR,1,29225.34,1,1,1,0
ACCT100001570,CUST0005789,SAVINGS,ACTIVE,2014-03-26,57889.81,INR,1,5519.64,3,2,0,0
ACCT100001571,CUST0002308,SAVINGS,ACTIVE,2016-07-26,97406.93,USD,1,6770.26,5,4,1,1
ACCT100001572,CUST0002949,NRO,ACTIVE,2020-07-06,61687.84,INR,1,65158.01,6,1,1,1
ACCT100001573,CUST0004380,SHELL,DORMANT,2012-01-23,3895346.69,INR,1,3851664.94,7,3,0,1
ACCT100001574,CUST0001797,TRUST,ACTIVE,2015-07-11,2951753.17,INR,1,89408.02,7,2,1,0
ACCT100001575,CUST0006304,SAVINGS,ACTIVE,2012-01-21,7807.07,INR,3,6120.35,3,1,1,1
ACCT100001576,CUST0005158,CURRENT,ACTIVE,2016-02-14,1500348.41,INR,1,112888.03,3,2,1,1
ACCT100001577,CUST0003945,SAVINGS,DORMANT,2013-09-10,16249.54,USD,1,78337.97,5,2,1,1
ACCT100001578,CUST0004952,CURRENT,ACTIVE,2017-09-20,32129.0,INR,1,47798.5,3,3,0,1
ACCT100001579,CUST0007181,CURRENT,ACTIVE,2019-12-16,575456.25,USD,1,7174.16,3,1,0,1
ACCT100001580,CUST0004213,TRUST,ACTIVE,2016-11-26,871799.1,USD,1,2696545.99,8,1,1,1
ACCT100001581,CUST0004123,TRUST,CLOSED,2014-10-18,1884458.73,INR,3,216998.05,9,1,1,1
ACCT100001582,CUST0005482,SAVINGS,ACTIVE,2021-03-03,23442.98,SGD,1,59278.91,1,2,1,1
ACCT100001583,CUST0003511,CURRENT,ACTIVE,2018-01-02,322310.54,INR,2,7532.17,5,1,1,1
ACCT100001584,CUST0001682,SALARY,ACTIVE,2015-11-19,30976.03,INR,1,6037.72,2,3,1,0
ACCT100001585,CUST0007654,SAVINGS,ACTIVE,2014-12-30,2840.46,AED,2,2899.74,4,1,1,1
ACCT100001586,CUST0001886,SAVINGS,ACTIVE,2020-09-14,7182.73,INR,1,1058.39,3,1,1,1
ACCT100001587,CUST0000929,SAVINGS,ACTIVE,2020-07-18,4648.11,INR,1,33243.5,3,4,1,1
ACCT100001588,CUST0007918,SALARY,ACTIVE,2014-04-29,4150.88,INR,3,56699.86,2,1,0,1
ACCT100001589,CUST0006954,CURRENT,ACTIVE,2016-04-19,795839.85,SGD,3,12900.64,1,1,1,1
ACCT100001590,CUST0003297,SALARY,ACTIVE,2019-09-21,51870.29,INR,2,21432.1,4,1,1,0
ACCT100001591,CUST0004657,CURRENT,ACTIVE,2021-09-08,28762.25,USD,1,150368.7,2,1,1,1
ACCT100001592,CUST0007998, NRE ,ACTIVE,2021-10-06,486145.4,USD,1,1042837.5,7,2,1,1
ACCT100001593,CUST0003538,SAVINGS,ACTIVE,2014-10-05,34244.6,INR,1,11102.74,4,3,1,1
ACCT100001594,CUST0003262,SAVINGS,ACTIVE,2018-02-15,10418.75,SGD,1,10140.09,3,1,0,1
ACCT100001595,CUST0003797,CURRENT,ACTIVE,2015-11-09,72628.26,INR,1,21345.27,4,1,0,1
ACCT100001596,CUST0007165,CURRENT,ACTIVE,2016-12-01,66325.33,USD,1,55620.06,2,3,1,0
ACCT100001597,CUST0004205,SAVINGS,ACTIVE,2020-10-21,44893.05,USD,1,4400.42,3,1,1,1
ACCT100001598,CUST0001901,NRE,ACTIVE,2020-11-16,81738.82,INR,1,5111.04,4,3,0,1
ACCT100001599,CUST0000786,CURRENT,ACTIVE,2018-06-17,11061.39,SGD,1,14065.09,2,3,1,1
ACCT100001600,CUST0007328,NRE,ACTIVE,2020-09-22,9237.32,USD,1,82154.05,4,3,1,1
ACCT100001601,CUST0001958,CURRENT,ACTIVE,2013-08-06,86611.85,INR,1,210257.39,5,3,0,1
ACCT100001602,CUST0006625,SALARY,DORMANT,2018-09-13,13666.25,USD,3,10408.55,1,1,0,1
ACCT100001603,CUST0004668,SAVINGS,ACTIVE,2020-11-30,499425.12,INR,1,10884.54,5,1,1,0
ACCT100001604,CUST0001616,NRE,ACTIVE,2018-10-13,579803.0,INR,2,200155.1,6,1,1,1
ACCT100001605,CUST0006857,SAVINGS,ACTIVE,2013-04-28,11944.99,INR,1,29115.65,4,1,1,1
ACCT100001606,CUST0007160, SAVINGS ,BLOCKED,2017-08-01,25628.5,INR,3,21577.57,3,2,1,1
ACCT100001607,CUST0003177,current,ACTIVE,2013-10-31,236369.31,USD,1,6001.33,3,3,1,1
ACCT100001608,CUST0006172,SAVINGS,ACTIVE,2013-08-22,14960.39,USD,2,54072.44,3,1,0,1
ACCT100001609,CUST0006299,SAVINGS,ACTIVE,2020-05-01,4983.68,GBP,1,15151.49,5,3,0,1
ACCT100001610,CUST0003083,SALARY,ACTIVE,2017-08-29,1651.15,INR,3,8816.45,5,3,1,1
ACCT100001611,CUST0006432,CURRENT,ACTIVE,2015-12-20,274162.96,INR,1,70270.72,4,2,1,1
ACCT100001612,CUST0005021,SALARY,ACTIVE,2020-02-21,75139.76,INR,1,55430.42,2,1,1,1
ACCT100001613,CUST0006344,SAVINGS,ACTIVE,2019-06-29,7496.65,INR,1,3727.74,2,1,1,1
ACCT100001614,CUST0003078,CURRENT,ACTIVE,2015-10-10,71388.8,INR,1,42391.15,4,1,1,1
ACCT100001615,CUST0001898,CURRENT,ACTIVE,2016-03-28,23584.38,INR,1,31494.6,1,4,0,1
ACCT100001616,CUST0001027, CURRENT ,ACTIVE,2012-09-19,1998797.74,INR,3,33606.15,1,1,1,0
ACCT100001617,CUST0002167,SHELL,DORMANT,2014-06-02,343619.91,INR,1,274439.35,9,3,0,1
ACCT100001618,CUST0007527,CURRENT,ACTIVE,2016-05-31,85373.14,GBP,1,34200.64,2,1,1,1
ACCT100001619,CUST0006828,CURRENT,ACTIVE,2014-12-26,221646.03,INR,1,11299.61,2,1,1,1
ACCT100001620,CUST0002823,TRUST,ACTIVE,2013-08-10,1046219.74,USD,1,395443.61,8,4,1,0
ACCT100001621,CUST0006087,SAVINGS,ACTIVE,2013-10-09,44533.69,SGD,1,10260.34,3,1,1,1
ACCT100001622,CUST0000515,CURRENT,ACTIVE,2020-09-26,24117.72,INR,1,53564.04,5,2,1,1
ACCT100001623,CUST0005960,SAVINGS,ACTIVE,2015-09-21,53441.93,AED,2,29702.92,1,2,0,1
ACCT100001624,CUST0003546,CURRENT,ACTIVE,2015-08-12,243811.47,INR,1,73056.99,4,2,1,1
ACCT100001625,CUST0001439,SAVINGS,ACTIVE,2018-03-19,34656.13,INR,1,5044.46,3,2,1,0
ACCT100001626,CUST0004187,CURRENT,CLOSED,2013-09-28,5427.69,USD,1,35972.05,3,1,0,0
ACCT100001627,CUST0004144,SAVINGS,ACTIVE,2013-08-22,1222.95,INR,1,15576.64,3,3,1,1
ACCT100001628,CUST0006822,TRUST,ACTIVE,2019-05-31,433495.2,INR,2,187176.71,8,1,1,0
ACCT100001629,CUST0001793,SAVINGS,ACTIVE,2020-11-29,2044.22,INR,1,10087.88,3,3,1,1
ACCT100001630,CUST0002849,CURRENT,ACTIVE,2020-10-06,38227.07,USD,2,18136.11,2,3,1,1
ACCT100001631,CUST0004561,SALARY,ACTIVE,2015-01-16,79969.79,INR,1,21068.44,5,1,1,1
ACCT100001632,CUST0004448,SALARY,DORMANT,2020-11-13,18061.0,INR,1,3679.91,2,1,1,1
ACCT100001633,CUST0002409,CURRENT,ACTIVE,2013-03-13,7451.24,INR,1,84734.69,1,4,1,1
ACCT100001634,CUST0006441,savings,ACTIVE,2019-02-19,2479.38,USD,1,22534.09,5,5,1,1
ACCT100001635,CUST0000760,CURRENT,ACTIVE,2015-11-27,280524.83,INR,1,121693.61,1,1,1,1
ACCT100001636,CUST0005880,SAVINGS,ACTIVE,2017-06-28,16253.16,INR,1,5505.98,2,1,1,1
ACCT100001637,CUST0005285,CURRENT,ACTIVE,2013-05-30,238385.96,USD,3,12119.31,2,1,1,1
ACCT100001638,CUST0004693,SALARY,ACTIVE,2018-03-31,9897.26,INR,1,6716.25,2,2,1,1
ACCT100001639,CUST0001493,SHELL,ACTIVE,2014-01-16,30898.95,INR,1,196155.1,10,3,0,1
ACCT100001640,CUST0002652,SALARY,ACTIVE,2020-01-25,213826.38,GBP,1,19162.65,4,1,0,1
ACCT100001641,CUST0006598,TRUST,CLOSED,2017-11-14,244542.48,INR,2,205574.54,9,3,0,1
ACCT100001642,CUST0007012,SAVINGS,CLOSED,2017-12-22,2835.68,USD,1,14801.62,1,3,1,1
ACCT100001643,CUST0001989,NRE,ACTIVE,2019-05-16,587357.23,INR,1,618197.0,6,3,1,1
ACCT100001644,CUST0003304,CURRENT,ACTIVE,2016-03-01,273358.66,INR,1,268621.77,4,2,1,1
ACCT100001645,CUST0007523,SALARY,ACTIVE,2020-04-16,109840.37,INR,2,1756.29,1,3,1,0
ACCT100001646,CUST0005986,CURRENT,ACTIVE,2021-05-10,28986.53,INR,2,33355.62,4,1,1,1
ACCT100001647,CUST0001080,SAVINGS,ACTIVE,2012-02-12,1556.82,INR,3,11309.03,3,2,1,1
ACCT100001648,CUST0005961,CURRENT,ACTIVE,2014-07-25,129345.34,INR,1,9801.18,3,1,1,1
ACCT100001649,CUST0001910,SALARY,DORMANT,2019-02-12,20725.21,AED,1,730.16,4,2,0,0
ACCT100001650,CUST0007798,SALARY,ACTIVE,2020-10-29,3098.62,INR,2,2218.38,5,1,1,1
ACCT100001651,CUST0000931,SALARY,ACTIVE,2014-08-10,5381.49,INR,1,6984.9,3,2,1,1
ACCT100001652,CUST0003253,CURRENT,DORMANT,2013-02-07,20997.67,INR,1,68227.3,4,1,1,1
ACCT100001653,CUST0007562, NRE ,ACTIVE,2018-10-09,346822.25,INR,2,6498.28,7,3,1,0
ACCT100001654,CUST0002805,NRE,ACTIVE,2013-04-08,223491.39,USD,2,9626.33,7,3,1,0
ACCT100001655,CUST0006813,SALARY,ACTIVE,2016-02-17,29210.24,AED,1,13704.88,2,1,0,1
ACCT100001656,CUST0001271,savings,ACTIVE,2013-12-30,2030.54,INR,1,55298.6,2,1,1,1
ACCT100001657,CUST0004784,CURRENT,ACTIVE,2013-03-12,82282.04,USD,1,74825.74,4,1,1,1
ACCT100001658,CUST0004942,NRO,ACTIVE,2016-01-25,119165.25,INR,1,318160.24,4,4,1,1
ACCT100001659,CUST0003398,CURRENT,ACTIVE,2015-05-01,1239527.59,GBP,2,189244.34,3,1,1,1
ACCT100001660,CUST0004438,CURRENT,ACTIVE,2021-03-20,22995.11,INR,1,6116.44,4,1,0,1
ACCT100001661,CUST0007952,NRE,CLOSED,2015-10-26,109445.15,INR,2,21084.02,4,4,1,1
ACCT100001662,CUST0002963,TRUST,ACTIVE,2017-10-24,834082.52,INR,3,807131.64,8,1,0,0
ACCT100001663,CUST0005929,TRUST,DORMANT,2020-01-19,425385.58,GBP,1,510992.79,8,1,1,1
ACCT100001664,CUST0004215,SAVINGS,ACTIVE,2020-11-27,247.38,USD,1,9556.57,1,1,0,1
ACCT100001665,CUST0005067,SAVINGS,ACTIVE,2013-12-23,5099.96,INR,1,20739.0,1,5,1,0
ACCT100001666,CUST0001596,CURRENT,ACTIVE,2018-06-30,101581.05,INR,2,8445.02,3,2,1,1
ACCT100001667,CUST0000286,SALARY,ACTIVE,2016-04-06,4485.61,INR,1,35797.95,1,2,0,1
ACCT100001668,CUST0007109,NRE,ACTIVE,2018-11-22,248460.16,AED,1,117986.47,4,2,1,1
ACCT100001669,CUST0003760,SALARY,ACTIVE,2014-01-19,106569.97,INR,1,6119.94,1,1,1,1
ACCT100001670,CUST0001508,SAVINGS,ACTIVE,2014-08-04,1781.08,AED,1,21748.15,4,2,1,1
ACCT100001671,CUST0001543,CURRENT,ACTIVE,2021-08-15,89646.81,INR,1,6038.01,3,5,1,0
ACCT100001672,CUST0007990,SAVINGS,ACTIVE,2021-01-04,4390.51,USD,2,3381.84,3,1,1,1
ACCT100001673,CUST0007885,NRE,ACTIVE,2012-06-28,377741.99,AED,1,8709.31,7,1,1,1
ACCT100001674,CUST0006735,SAVINGS,DORMANT,2016-05-20,773368.29,INR,1,57669.71,3,2,1,1
ACCT100001675,CUST0000068,SALARY,ACTIVE,2020-11-14,1135.59,INR,1,2693.27,5,2,1,1
ACCT100001676,CUST0007232,CURRENT,ACTIVE,2019-03-18,1664.22,INR,1,7166.0,2,2,1,1
ACCT100001677,CUST0000675,CURRENT,ACTIVE,2015-04-30,3290.98,INR,1,42475.42,3,1,1,1
ACCT100001678,CUST0007865,SAVINGS,ACTIVE,2013-01-18,264505.84,SGD,2,10364.57,1,2,1,1
ACCT100001679,CUST0007538,SALARY,ACTIVE,2017-03-17,897.7,SGD,2,1782.75,3,1,1,1
ACCT100001680,CUST0001349,CURRENT,ACTIVE,2017-05-20,20141.36,INR,3,20067.98,1,2,0,0
ACCT100001681,CUST0002040,SALARY,ACTIVE,2013-07-03,37051.21,AED,1,17435.18,2,1,1,1
ACCT100001682,CUST0003581,CURRENT,ACTIVE,2020-11-13,85531.83,INR,1,62781.57,5,2,1,1
ACCT100001683,CUST0007501,CURRENT,BLOCKED,2012-07-06,24738.65,INR,2,40535.51,3,1,1,1
ACCT100001684,CUST0003937,CURRENT,ACTIVE,2017-08-28,63379.72,AED,1,22979.82,2,2,1,1
ACCT100001685,CUST0001876,CURRENT,ACTIVE,2018-08-13,157882.95,SGD,1,4118.0,1,1,1,0
ACCT100001686,CUST0001523,SALARY,ACTIVE,2012-01-08,6909.65,INR,1,17816.09,3,4,1,1
ACCT100001687,CUST0000751,NRO,ACTIVE,2018-11-24,60407.05,USD,3,809169.96,6,1,0,1
ACCT100001688,CUST0002888,CURRENT,ACTIVE,2015-07-28,84350.06,USD,1,18328.36,2,1,1,1
ACCT100001689,CUST0002991,SALARY,ACTIVE,2019-01-03,112681.59,SGD,1,12830.99,5,1,1,1
ACCT100001690,CUST0005822,NRO,ACTIVE,2015-07-15,48511.95,USD,1,121244.78,7,2,1,1
ACCT100001691,CUST0004881,SAVINGS,ACTIVE,2015-02-13,6228.2,USD,1,2906.41,3,2,1,1
ACCT100001692,CUST0006341,SALARY,ACTIVE,2016-03-10,17753.89,USD,1,56660.72,1,2,0,1
ACCT100001693,CUST0001983,SAVINGS,ACTIVE,2020-08-14,9580.62,AED,1,46481.63,5,1,0,1
ACCT100001694,CUST0002752,NRE,ACTIVE,2015-06-10,180461.6,AED,1,1274067.4,7,1,1,1
ACCT100001695,CUST0000991,CURRENT,ACTIVE,2016-07-08,74824.74,INR,1,4941.42,5,1,1,1
ACCT100001696,CUST0002806,CURRENT,BLOCKED,2017-12-15,1690.89,USD,3,18051.17,2,2,1,0
ACCT100001697,CUST0002235,current,ACTIVE,2018-02-08,3697.86,INR,1,12875.79,1,2,0,1
ACCT100001698,CUST0003272,SALARY,ACTIVE,2018-04-10,1064.94,INR,1,22490.07,2,1,1,1
ACCT100001699,CUST0006082,SHELL,DORMANT,2018-07-14,590400.9,SGD,1,53270.42,8,1,1,1
ACCT100001700,CUST0003841,CURRENT,ACTIVE,2017-11-18,11034.65,INR,1,10025.59,1,3,0,1
ACCT100001701,CUST0006746,NRE,ACTIVE,2014-08-04,342633.16,USD,1,89133.8,6,1,1,0
ACCT100001702,CUST0002823,SHELL,ACTIVE,2016-09-15,2556028.91,INR,2,228321.62,10,1,1,1
ACCT100001703,CUST0001292,NRE,ACTIVE,2014-08-13,217776.23,INR,1,276036.7,6,3,0,1
ACCT100001704,CUST0005582,NRE,ACTIVE,2015-06-16,7527529.52,GBP,2,118133.16,4,2,1,1
ACCT100001705,CUST0007639,SAVINGS,ACTIVE,2015-03-31,41955.31,USD,1,21821.68,5,5,0,1
ACCT100001706,CUST0007321,SAVINGS,ACTIVE,2019-12-09,15331.4,INR,1,98118.77,4,2,1,0
ACCT100001707,CUST0006169,SALARY,ACTIVE,2020-06-12,25147.09,INR,1,7803.73,4,2,1,1
ACCT100001708,CUST0007759,NRO,DORMANT,2016-06-02,69532.69,INR,1,108310.8,7,2,0,1
ACCT100001709,CUST0003812,SAVINGS,ACTIVE,2014-06-26,36058.1,INR,1,101530.78,4,1,1,1
ACCT100001710,CUST0006376,NRE,BLOCKED,2021-06-26,171828.81,INR,1,338747.98,6,2,1,1
ACCT100001711,CUST0001302,SAVINGS,ACTIVE,2019-12-03,260.11,SGD,3,6961.28,2,1,1,1
ACCT100001712,CUST0005899,CURRENT,ACTIVE,2019-06-06,103400.31,INR,2,33403.92,4,2,1,0
ACCT100001713,CUST0003098,NRE,ACTIVE,2020-07-29,220680.96,AED,1,123279.75,6,1,1,1
ACCT100001714,CUST0004221,SAVINGS,DORMANT,2018-09-05,29296.62,AED,1,6321.41,3,1,1,0
ACCT100001715,CUST0006260,SALARY,ACTIVE,2012-11-27,120815.41,INR,1,251975.9,3,2,1,1
ACCT100001716,CUST0000120,NRE,ACTIVE,2018-09-18,800533.45,INR,1,35075.45,4,3,0,1
ACCT100001717,CUST0006569,SALARY,DORMANT,2020-09-23,6185.26,INR,1,106101.67,2,2,1,1
ACCT100001718,CUST0004504,SAVINGS,BLOCKED,2020-07-17,5317.35,INR,2,44582.42,1,1,1,1
ACCT100001719,CUST0001343,SALARY,ACTIVE,2015-02-25,7767.59,INR,2,6831.21,3,3,1,1
ACCT100001720,CUST0002900,SAVINGS,ACTIVE,2016-03-03,28140.26,GBP,1,10201.77,2,3,0,1
ACCT100001721,CUST0001414,SAVINGS,DORMANT,2015-02-20,2260.46,INR,1,28506.29,5,2,0,1
ACCT100001722,CUST0003481,CURRENT,ACTIVE,2019-10-20,26268.76,INR,1,177687.31,1,2,0,1
ACCT100001723,CUST0003215,NRE,ACTIVE,2014-06-15,173141.59,SGD,1,5737.71,7,1,0,1
ACCT100001724,CUST0004020,SAVINGS,ACTIVE,2014-04-10,1241.78,USD,1,18623.81,3,3,1,1
ACCT100001725,CUST0004814,CURRENT,ACTIVE,2021-10-07,5258.88,USD,1,59563.6,4,1,1,1
ACCT100001726,CUST0006745,NRO,ACTIVE,2019-12-31,112265.53,INR,2,10362.21,4,3,0,1
ACCT100001727,CUST0004473,CURRENT,ACTIVE,2017-08-13,25607.2,AED,1,67021.2,2,2,1,1
ACCT100001728,CUST0002913,CURRENT,ACTIVE,2019-07-04,191925.03,INR,2,18639.11,3,2,1,0
ACCT100001729,CUST0005247,SAVINGS,ACTIVE,2014-09-13,56309.17,INR,1,11668.89,5,1,0,1
ACCT100001730,CUST0000949,SHELL,DORMANT,2016-06-23,443746.9,GBP,2,21802.52,8,2,1,1
ACCT100001731,CUST0003153,SAVINGS,ACTIVE,2013-02-24,1921.14,INR,1,42365.13,4,3,0,1
ACCT100001732,CUST0004336,CURRENT,DORMANT,2015-02-24,28869.39,INR,3,18877.34,3,1,0,1
ACCT100001733,CUST0006079, SALARY ,ACTIVE,2015-11-24,16565.05,USD,1,57098.54,3,2,0,1
ACCT100001734,CUST0004769,CURRENT,ACTIVE,2021-11-17,19024.12,INR,1,12431.93,1,1,0,0
ACCT100001735,CUST0006805,NRE,ACTIVE,2014-09-20,369006.72,AED,2,193678.16,5,1,0,1
ACCT100001736,CUST0004447,SALARY,ACTIVE,2020-11-03,4841.11,USD,1,14285.99,1,4,1,1
ACCT100001737,CUST0003595,CURRENT,ACTIVE,2018-11-20,50303.77,SGD,1,9507.07,2,2,0,1
ACCT100001738,CUST0001498,TRUST,DORMANT,2019-09-14,1408671.54,INR,1,422133.95,8,1,1,1
ACCT100001739,CUST0006817,CURRENT,ACTIVE,2013-01-04,16006.31,USD,1,28815.17,2,1,0,1
ACCT100001740,CUST0005881,TRUST,DORMANT,2020-06-27,404549.89,USD,2,692840.01,8,1,1,1
ACCT100001741,CUST0006634,SAVINGS,ACTIVE,2016-02-09,43053.52,AED,1,8296.48,2,4,0,1
ACCT100001742,CUST0002637,SAVINGS,ACTIVE,2018-08-25,23628.89,INR,1,78528.7,4,1,0,1
ACCT100001743,CUST0005342,SAVINGS,CLOSED,2020-11-14,73591.75,USD,1,5266.03,5,3,1,1
ACCT100001744,CUST0007529,SAVINGS,DORMANT,2014-11-04,7239.94,SGD,1,33834.48,2,2,1,1
ACCT100001745,CUST0007649,SAVINGS,BLOCKED,2013-12-07,13138.39,SGD,1,1487.37,3,1,0,1
ACCT100001746,CUST0006679,CURRENT,ACTIVE,2020-03-01,11664.27,INR,2,4437.48,2,1,1,1
ACCT100001747,CUST0004874, NRE ,ACTIVE,2017-02-13,60384.16,INR,3,7856.0,4,3,1,1
ACCT100001748,CUST0003334,CURRENT,ACTIVE,2018-09-10,10597.58,USD,2,25131.13,5,1,1,1
ACCT100001749,CUST0001250,SAVINGS,ACTIVE,2013-06-06,4785.4,AED,1,11388.46,5,1,1,0
ACCT100001750,CUST0004646,SAVINGS,BLOCKED,2015-01-18,18909.7,SGD,1,50074.79,5,1,1,1
ACCT100001751,CUST0000606,SALARY,ACTIVE,2020-10-11,781.28,INR,3,1786.74,4,1,1,0
ACCT100001752,CUST0007521,SAVINGS,BLOCKED,2016-08-10,5750.85,INR,1,1016.95,3,1,1,1
ACCT100001753,CUST0007800,CURRENT,DORMANT,2019-04-17,75885.38,USD,1,10245.59,2,2,1,1
ACCT100001754,CUST0004462,SAVINGS,ACTIVE,2015-07-23,28259.28,AED,1,13251.5,2,1,0,1
ACCT100001755,CUST0006400,CURRENT,ACTIVE,2014-04-14,37020.06,INR,1,7569.35,1,1,0,1
ACCT100001756,CUST0006549,SHELL,DORMANT,2018-11-16,1100824.96,INR,1,63803.38,10,3,1,1
ACCT100001757,CUST0006784,SHELL,DORMANT,2021-11-17,1303859.79,USD,2,265304.17,9,2,1,1
ACCT100001758,CUST0001223,SALARY,ACTIVE,2021-02-06,22484.71,INR,1,8547.04,2,1,0,1
ACCT100001759,CUST0007530,SAVINGS,ACTIVE,2020-01-29,16251.19,SGD,1,35926.17,5,1,0,1
ACCT100001760,CUST0005962,NRO,ACTIVE,2017-01-31,20887.63,INR,1,25416.76,5,1,1,1
ACCT100001761,CUST0000946,SAVINGS,ACTIVE,2012-05-22,21456.05,USD,1,18759.57,2,1,1,1
ACCT100001762,CUST0001031,CURRENT,ACTIVE,2013-11-16,1208491.59,INR,3,8661.55,4,1,1,1
ACCT100001763,CUST0005065,NRO,ACTIVE,2017-12-30,383748.41,INR,2,14050.91,6,1,0,1
ACCT100001764,CUST0002182,CURRENT,ACTIVE,2016-10-08,126648.36,INR,2,28420.53,1,4,1,1
ACCT100001765,CUST0004356,SAVINGS,ACTIVE,2015-03-16,209461.59,USD,1,14771.04,2,2,0,1
ACCT100001766,CUST0004767,SALARY,ACTIVE,2015-01-09,10653.58,INR,2,1124.31,1,1,0,1
ACCT100001767,CUST0006362,NRE,ACTIVE,2013-04-25,98194.98,INR,1,61336.23,7,1,0,1
ACCT100001768,CUST0002249,SALARY,ACTIVE,2014-12-19,2211.41,INR,1,3874.94,5,1,0,0
ACCT100001769,CUST0006977,SAVINGS,ACTIVE,2021-01-28,7311.38,INR,2,5295.44,2,3,0,1
ACCT100001770,CUST0003814,SAVINGS,ACTIVE,2020-06-14,8165.38,USD,2,5182.38,2,2,1,0
ACCT100001771,CUST0003149,SAVINGS,ACTIVE,2018-06-12,125387.83,INR,2,4498.37,5,2,1,1
ACCT100001772,CUST0006715,SAVINGS,ACTIVE,2013-10-03,420.54,INR,1,31703.13,5,4,0,1
ACCT100001773,CUST0001630,TRUST,ACTIVE,2020-10-26,169514.23,INR,3,116737.28,9,2,1,1
ACCT100001774,CUST0003157,current,ACTIVE,2012-08-26,10004.93,USD,1,10799.51,4,2,1,1
ACCT100001775,CUST0003067,TRUST,DORMANT,2017-11-28,92054.76,USD,3,385130.9,7,4,1,1
ACCT100001776,CUST0003652,SALARY,ACTIVE,2012-08-04,14528.19,INR,2,40846.14,1,1,0,1
ACCT100001777,CUST0004552,SALARY,ACTIVE,2013-10-03,2077.98,INR,1,15513.31,5,3,1,1
ACCT100001778,CUST0002960,NRO,ACTIVE,2014-06-20,26531.56,AED,1,59949.69,6,3,0,1
ACCT100001779,CUST0000969,SHELL,ACTIVE,2020-10-29,199781.35,INR,1,1761188.34,10,1,1,1
ACCT100001780,CUST0004668,TRUST,ACTIVE,2016-04-23,707296.14,INR,1,138290.27,9,2,0,1
ACCT100001781,CUST0005869,CURRENT,ACTIVE,2021-08-20,2217.55,USD,3,113939.92,2,2,0,1
ACCT100001782,CUST0004942,SALARY,ACTIVE,2012-10-14,10193.92,INR,1,38596.74,4,1,1,1
ACCT100001783,CUST0004809,CURRENT,ACTIVE,2021-09-05,52617.6,INR,1,60385.77,4,1,1,1
ACCT100001784,CUST0004704,SALARY,ACTIVE,2021-04-07,60863.66,INR,1,11518.22,2,4,0,1
ACCT100001785,CUST0005540,CURRENT,ACTIVE,2014-09-30,94642.6,USD,1,23202.74,1,2,0,1
ACCT100001786,CUST0006684,SAVINGS,ACTIVE,2012-04-09,50159.69,INR,2,12558.79,1,2,1,1
ACCT100001787,CUST0003920,NRO,ACTIVE,2015-04-08,238274.03,INR,1,69803.29,4,1,0,1
ACCT100001788,CUST0001740,CURRENT,ACTIVE,2021-07-30,11520.32,INR,1,5801.55,5,1,0,1
ACCT100001789,CUST0003360,CURRENT,DORMANT,2012-05-20,6535.96,INR,1,601682.77,4,2,1,1
ACCT100001790,CUST0007535,CURRENT,ACTIVE,2015-09-07,86489.64,INR,1,31997.91,4,3,1,1
ACCT100001791,CUST0002740,CURRENT,ACTIVE,2019-01-19,47657.2,INR,2,6140.69,4,2,1,0
ACCT100001792,CUST0003190,current,ACTIVE,2021-07-29,76407.57,INR,1,38492.35,1,5,1,0
ACCT100001793,CUST0006929,SALARY,ACTIVE,2013-05-18,68536.63,INR,1,251.74,5,2,1,0
ACCT100001794,CUST0000010,CURRENT,ACTIVE,2019-05-08,50188.18,INR,1,5380.69,1,1,1,1
ACCT100001795,CUST0000498,SAVINGS,DORMANT,2018-11-17,5939.16,USD,1,104514.45,2,1,0,1
ACCT100001796,CUST0004267,CURRENT,ACTIVE,2015-05-07,66953.56,INR,1,27188.2,2,4,1,1
ACCT100001797,CUST0003128,CURRENT,ACTIVE,2015-10-18,32313.48,AED,1,235417.23,3,1,1,1
ACCT100001798,CUST0005189,SALARY,ACTIVE,2016-11-27,206124.36,INR,1,4256.28,2,1,1,1
ACCT100001799,CUST0006522,SALARY,ACTIVE,2012-01-10,320591.28,USD,1,8851.73,4,1,1,1
ACCT100001800,CUST0004761,SALARY,ACTIVE,2016-12-30,11957.42,INR,2,2529.53,4,1,0,1
ACCT100001801,CUST0006719,NRO,ACTIVE,2019-09-05,67971.06,SGD,1,637694.82,5,1,0,1
ACCT100001802,CUST0007835,SAVINGS,DORMANT,2017-10-01,49383.47,GBP,1,13082.8,1,1,1,1
ACCT100001803,CUST0007979, CURRENT ,CLOSED,2012-12-01,240979.05,GBP,1,71898.75,5,1,0,1
ACCT100001804,CUST0002568,SALARY,ACTIVE,2014-07-29,17845.44,INR,3,8627.35,4,1,1,0
ACCT100001805,CUST0007597,CURRENT,BLOCKED,2018-04-07,15058.18,INR,1,46447.17,3,1,1,1
ACCT100001806,CUST0007510,SALARY,ACTIVE,2014-04-19,6355.72,AED,1,1384.65,3,3,1,1
ACCT100001807,CUST0004577,NRO,ACTIVE,2020-04-30,73143.64,INR,1,412227.05,6,2,1,1
ACCT100001808,CUST0007752,SAVINGS,ACTIVE,2015-03-24,11707.73,USD,2,17702.8,2,1,1,1
ACCT100001809,CUST0002695,CURRENT,BLOCKED,2012-05-18,4877.78,USD,1,64431.02,5,1,1,1
ACCT100001810,CUST0003807,CURRENT,CLOSED,2021-06-30,217703.69,USD,3,48151.42,5,5,0,0
ACCT100001811,CUST0000321,current,ACTIVE,2020-08-31,439981.35,INR,1,434607.46,4,1,1,1
ACCT100001812,CUST0007410,SAVINGS,ACTIVE,2021-09-03,25524.7,SGD,1,44150.53,5,2,1,1
ACCT100001813,CUST0002149,SALARY,ACTIVE,2013-05-03,37092.28,INR,1,6257.8,2,3,1,1
ACCT100001814,CUST0004529,SALARY,ACTIVE,2017-05-12,15341.29,USD,1,1837.84,1,1,1,1
ACCT100001815,CUST0006072,CURRENT,ACTIVE,2020-01-25,17126.98,USD,1,10901.72,1,1,0,1
ACCT100001816,CUST0006892,NRO,ACTIVE,2020-08-12,94168.54,INR,1,221501.65,7,1,1,1
ACCT100001817,CUST0001774,SALARY,ACTIVE,2021-06-08,1856.31,AED,2,3193.75,4,1,1,0
ACCT100001818,CUST0005436,SALARY,ACTIVE,2019-12-12,47615.14,INR,2,28218.23,1,1,1,1
ACCT100001819,CUST0006275,SAVINGS,CLOSED,2017-09-14,292698.77,USD,1,907.44,4,2,0,0
ACCT100001820,CUST0007004,SHELL,DORMANT,2016-07-26,112007.39,USD,1,1012718.14,8,1,1,1
ACCT100001821,CUST0005962,CURRENT,ACTIVE,2013-10-19,96724.17,SGD,2,87530.47,1,1,1,1
ACCT100001822,CUST0000226,SAVINGS,ACTIVE,2014-04-11,239276.05,SGD,3,42754.11,5,1,1,0
ACCT100001823,CUST0003414,SAVINGS,ACTIVE,2016-06-17,16247.97,AED,1,17303.19,3,1,1,0
ACCT100001824,CUST0000630,CURRENT,ACTIVE,2020-06-14,480629.19,USD,1,11261.82,1,1,1,1
ACCT100001825,CUST0002044,SAVINGS,ACTIVE,2012-06-02,156245.4,USD,1,900.5,2,1,1,0
ACCT100001826,CUST0002949,SAVINGS,ACTIVE,2013-10-09,7624.28,INR,1,18851.81,2,1,1,1
ACCT100001827,CUST0007265,SALARY,DORMANT,2013-06-22,701.62,AED,1,3455.12,2,1,1,1
ACCT100001828,CUST0005105,CURRENT,ACTIVE,2017-02-07,88561.38,USD,1,4151.45,1,4,1,1
ACCT100001829,CUST0007867,CURRENT,ACTIVE,2016-07-26,94463.06,INR,1,277324.27,4,1,1,1
ACCT100001830,CUST0003235,TRUST,DORMANT,2019-10-07,145930.5,AED,2,341382.64,8,5,1,1
ACCT100001831,CUST0007800,SALARY,ACTIVE,2020-10-11,138130.87,AED,1,6495.7,5,1,0,1
ACCT100001832,CUST0000123,SAVINGS,DORMANT,2017-10-23,185535.03,AED,1,14394.37,3,1,0,1
ACCT100001833,CUST0002720,CURRENT,ACTIVE,2015-06-12,1331687.49,SGD,1,3468.81,1,1,0,1
ACCT100001834,CUST0004793,TRUST,ACTIVE,2021-10-19,466517.09,SGD,1,287017.16,10,2,0,1
ACCT100001835,CUST0003607,CURRENT,ACTIVE,2012-08-30,34554.27,INR,1,32581.13,1,1,0,1
ACCT100001836,CUST0003096,CURRENT,ACTIVE,2013-06-03,114330.54,INR,1,26514.4,1,4,0,1
ACCT100001837,CUST0004084,SAVINGS,ACTIVE,2018-02-25,102833.77,INR,1,9900.65,1,1,1,1
ACCT100001838,CUST0006205,CURRENT,ACTIVE,2012-01-07,117720.04,INR,1,45868.63,5,3,0,1
ACCT100001839,CUST0005719,NRE,ACTIVE,2012-05-05,433719.39,INR,1,57549.78,6,1,1,1
ACCT100001840,CUST0006626,NRE,ACTIVE,2015-10-12,46749.49,GBP,1,73243.18,6,1,1,1
ACCT100001841,CUST0000418,SAVINGS,CLOSED,2019-02-05,81695.04,INR,1,13702.34,4,1,1,1
ACCT100001842,CUST0005761,TRUST,ACTIVE,2016-01-13,185389.77,USD,1,159767.62,8,2,0,0
ACCT100001843,CUST0007415,CURRENT,ACTIVE,2018-01-25,231504.44,INR,2,1043098.17,1,3,1,0
ACCT100001844,CUST0001881,SALARY,ACTIVE,2019-07-04,2169.47,INR,1,4012.84,4,2,1,1
ACCT100001845,CUST0003326,SALARY,ACTIVE,2019-07-18,138030.39,INR,1,10097.91,5,1,1,1
ACCT100001846,CUST0000993,SAVINGS,ACTIVE,2015-05-03,18054.68,INR,1,4495.99,5,1,1,1
ACCT100001847,CUST0004511,NRO,ACTIVE,2015-07-02,71141.44,INR,2,62028.66,7,2,1,1
ACCT100001848,CUST0005709,SALARY,ACTIVE,2013-07-01,14725.83,INR,1,9456.53,4,1,0,1
ACCT100001849,CUST0004094,SALARY,ACTIVE,2016-03-10,2990.52,INR,1,3167.77,1,2,1,0
ACCT100001850,CUST0000245,SALARY,ACTIVE,2015-03-31,3082.25,INR,1,2787.19,3,1,1,1
ACCT100001851,CUST0006429,SALARY,ACTIVE,2016-07-28,1258.6,INR,1,3313.82,3,1,1,1
ACCT100001852,CUST0003797,SAVINGS,ACTIVE,2018-02-02,25595.57,INR,2,18768.23,5,3,1,0
ACCT100001853,CUST0002703,NRE,BLOCKED,2020-07-07,1042260.6,USD,1,62146.12,5,1,0,1
ACCT100001854,CUST0007381,CURRENT,BLOCKED,2021-07-26,70469.26,USD,3,43771.35,3,2,0,1
ACCT100001855,CUST0000051,CURRENT,ACTIVE,2015-03-10,93626.56,AED,1,30423.28,1,1,0,1
ACCT100001856,CUST0002146,SAVINGS,ACTIVE,2017-05-09,3623.21,GBP,1,3591.41,4,4,1,1
ACCT100001857,CUST0007044,SAVINGS,BLOCKED,2019-03-21,19800.85,INR,1,2758.76,5,2,1,1
ACCT100001858,CUST0001387,NRE,ACTIVE,2018-12-18,133054.91,INR,1,187721.65,6,3,1,0
ACCT100001859,CUST0003314,CURRENT,ACTIVE,2013-10-05,114354.8,INR,1,207186.19,5,2,1,1
ACCT100001860,CUST0003243,SALARY,ACTIVE,2015-05-16,1374.36,INR,1,4423.25,5,1,0,1
ACCT100001861,CUST0005767,CURRENT,ACTIVE,2012-05-07,27504.61,USD,1,14840.33,2,1,1,1
ACCT100001862,CUST0007902,nro,ACTIVE,2018-09-12,123060.38,AED,1,168107.16,7,1,1,1
ACCT100001863,CUST0000764,CURRENT,ACTIVE,2021-06-17,6906.41,USD,1,11914.56,5,4,0,0
ACCT100001864,CUST0004525, CURRENT ,ACTIVE,2019-11-01,161011.28,INR,3,11968.6,4,1,0,1
ACCT100001865,CUST0006527,NRE,DORMANT,2013-04-20,313342.51,AED,2,256592.74,5,1,1,1
ACCT100001866,CUST0004989,SALARY,ACTIVE,2013-11-03,164.12,GBP,1,2715.96,1,3,0,1
ACCT100001867,CUST0002531,SALARY,ACTIVE,2014-11-18,1793.83,USD,1,18436.95,3,1,1,1
ACCT100001868,CUST0006162, SALARY ,ACTIVE,2021-08-07,13701.45,GBP,1,37904.11,1,1,1,1
ACCT100001869,CUST0000867,SHELL,DORMANT,2016-04-02,18139644.05,INR,1,401051.48,8,4,1,1
ACCT100001870,CUST0005215,CURRENT,DORMANT,2015-06-06,115223.03,USD,1,26141.98,3,2,1,0
ACCT100001871,CUST0005121,CURRENT,ACTIVE,2014-09-15,488.98,INR,1,16877.64,4,2,1,1
ACCT100001872,CUST0001278, SAVINGS ,ACTIVE,2015-01-19,4849.02,INR,1,10448.73,3,2,1,1
ACCT100001873,CUST0004656,CURRENT,ACTIVE,2018-07-26,89884.89,USD,1,33687.89,1,5,0,1
ACCT100001874,CUST0000058,SAVINGS,ACTIVE,2015-06-02,1955.04,INR,2,5461.52,2,1,1,1
ACCT100001875,CUST0000295,CURRENT,ACTIVE,2012-05-07,152011.43,INR,2,13672.02,3,3,0,1
ACCT100001876,CUST0004608,SAVINGS,DORMANT,2017-08-17,18446.81,USD,2,3233.21,1,2,0,1
ACCT100001877,CUST0006283,SALARY,ACTIVE,2013-12-28,96386.23,SGD,2,5728.67,1,1,1,1
ACCT100001878,CUST0006981,SAVINGS,ACTIVE,2020-01-15,3944.94,SGD,1,38254.8,2,1,1,1
ACCT100001879,CUST0003767,SAVINGS,ACTIVE,2013-03-28,43135.95,INR,1,7167.18,5,1,1,1
ACCT100001880,CUST0002339,CURRENT,ACTIVE,2019-06-27,125751.01,INR,1,90490.78,2,3,1,1
ACCT100001881,CUST0005147,CURRENT,ACTIVE,2018-01-09,968470.62,AED,3,123444.9,4,1,1,1
ACCT100001882,CUST0000322,CURRENT,ACTIVE,2017-09-02,234512.04,AED,1,23674.97,2,1,1,1
ACCT100001883,CUST0001649,CURRENT,ACTIVE,2017-09-26,59237.21,USD,1,38177.94,2,1,1,1
ACCT100001884,CUST0001758,SAVINGS,ACTIVE,2018-06-26,1740.54,INR,1,23986.06,3,2,1,1
ACCT100001885,CUST0002870,SAVINGS,ACTIVE,2018-09-14,4939.51,INR,1,3089.03,2,1,1,1
ACCT100001886,CUST0000779,SAVINGS,ACTIVE,2014-10-23,38218.83,USD,3,15697.79,3,1,0,0
ACCT100001887,CUST0002289,NRO,ACTIVE,2017-09-04,103394.4,INR,1,32279.78,7,1,1,1
ACCT100001888,CUST0004079, NRE ,ACTIVE,2013-12-30,845319.13,SGD,1,89395.89,6,1,1,1
ACCT100001889,CUST0006486,CURRENT,ACTIVE,2019-01-31,10207.67,INR,2,53790.89,4,2,1,0
ACCT100001890,CUST0000127,SAVINGS,ACTIVE,2018-06-09,9412.39,INR,1,6261.77,5,2,1,1
ACCT100001891,CUST0007251,CURRENT,ACTIVE,2021-06-22,412699.4,USD,2,16454.92,2,5,1,1
ACCT100001892,CUST0000595,SAVINGS,ACTIVE,2016-02-12,25324.06,USD,1,21242.87,5,1,1,1
ACCT100001893,CUST0003206,NRO,ACTIVE,2015-08-31,92047.27,INR,1,73745.41,5,3,0,1
ACCT100001894,CUST0000617,SALARY,ACTIVE,2018-01-24,580.22,INR,1,12128.83,3,2,1,1
ACCT100001895,CUST0001594,TRUST,DORMANT,2013-07-25,141163.26,AED,2,123808.86,10,2,1,1
ACCT100001896,CUST0003165,TRUST,DORMANT,2018-03-16,105848.77,INR,3,1136643.06,9,1,1,1
ACCT100001897,CUST0007807,CURRENT,ACTIVE,2019-09-13,509857.68,SGD,1,11698.34,5,1,1,1
ACCT100001898,CUST0007456,CURRENT,ACTIVE,2018-04-30,363081.25,INR,1,10175.28,3,3,1,0
ACCT100001899,CUST0003045,CURRENT,ACTIVE,2013-12-09,41322.32,INR,1,14335.79,1,3,1,0
ACCT100001900,CUST0006057,NRE,DORMANT,2017-04-01,197568.13,INR,2,107998.79,7,1,1,1
ACCT100001901,CUST0003621,TRUST,ACTIVE,2014-06-27,533098.14,INR,2,168219.88,9,1,0,1
ACCT100001902,CUST0000947,SAVINGS,ACTIVE,2015-10-21,25051.83,INR,1,8716.97,4,2,1,0
ACCT100001903,CUST0006791,NRE,ACTIVE,2015-05-29,205708.35,INR,1,582254.07,5,5,1,1
ACCT100001904,CUST0001693,SAVINGS,ACTIVE,2014-05-26,48040.26,INR,1,68567.53,1,2,1,1
ACCT100001905,CUST0004136,SAVINGS,ACTIVE,2019-09-16,14556.41,USD,1,7110.4,3,2,0,1
ACCT100001906,CUST0004520,SAVINGS,ACTIVE,2018-08-14,1641.15,USD,2,29548.9,3,1,1,1
ACCT100001907,CUST0004854,SALARY,ACTIVE,2014-10-18,3457.83,INR,1,12378.47,1,2,1,1
ACCT100001908,CUST0000821,SAVINGS,ACTIVE,2012-12-24,19693.6,INR,1,1284.19,5,1,1,0
ACCT100001909,CUST0007835,CURRENT,ACTIVE,2020-11-15,648876.94,SGD,1,50081.27,2,1,1,1
ACCT100001910,CUST0006090, CURRENT ,ACTIVE,2017-11-01,361283.02,INR,1,30510.03,1,1,1,1
ACCT100001911,CUST0001476,NRE,ACTIVE,2013-09-04,11449.78,INR,1,62132.65,4,1,0,1
ACCT100001912,CUST0003563, CURRENT ,ACTIVE,2018-10-19,30884.68,INR,1,24741.6,3,1,1,1
ACCT100001913,CUST0007723,CURRENT,ACTIVE,2012-11-24,13229.49,INR,1,44102.11,5,1,1,1
ACCT100001914,CUST0000109,SALARY,ACTIVE,2012-09-10,22126.17,AED,1,40057.89,4,3,0,0
ACCT100001915,CUST0006292,SAVINGS,ACTIVE,2018-05-28,20531.82,GBP,3,4604.65,5,1,1,0
ACCT100001916,CUST0005036,TRUST,ACTIVE,2021-05-27,232568.46,INR,1,889060.65,9,1,0,1
ACCT100001917,CUST0004890,CURRENT,ACTIVE,2018-10-24,73035.51,INR,1,24000.25,3,1,1,1
ACCT100001918,CUST0003144,SALARY,ACTIVE,2018-04-23,18138.46,INR,2,38309.6,2,1,0,1
ACCT100001919,CUST0006126,SALARY,ACTIVE,2016-05-03,6952.0,INR,1,17192.35,2,2,1,1
ACCT100001920,CUST0004343,SALARY,ACTIVE,2018-09-10,26786.75,INR,1,21292.95,4,1,1,1
ACCT100001921,CUST0007085,CURRENT,ACTIVE,2013-02-26,378730.95,INR,1,41090.81,4,1,1,1
ACCT100001922,CUST0007588,NRO,CLOSED,2014-02-26,1018986.04,USD,1,23288.65,6,2,0,0
ACCT100001923,CUST0007334,NRE,ACTIVE,2013-08-19,76501.75,USD,1,18259.48,6,2,1,0
ACCT100001924,CUST0003319,SALARY,ACTIVE,2021-09-03,132145.29,USD,1,1581.04,4,1,1,0
ACCT100001925,CUST0005510,CURRENT,ACTIVE,2015-10-28,438088.82,INR,1,120608.08,1,3,1,1
ACCT100001926,CUST0007292,SALARY,ACTIVE,2012-04-20,4057.74,USD,3,15781.97,1,1,1,1
ACCT100001927,CUST0001850,SAVINGS,ACTIVE,2018-11-20,84625.25,INR,3,40600.18,1,3,1,1
ACCT100001928,CUST0007838,CURRENT,ACTIVE,2015-07-24,48904.61,INR,1,340411.57,3,2,1,0
ACCT100001929,CUST0005629, SALARY ,ACTIVE,2019-11-28,133106.87,INR,1,3236.55,1,3,1,1
ACCT100001930,CUST0004128,TRUST,ACTIVE,2015-08-04,331621.83,INR,1,85973.08,7,1,1,1
ACCT100001931,CUST0002232,SALARY,ACTIVE,2012-10-25,86414.36,INR,1,3003.4,1,2,1,1
ACCT100001932,CUST0000650,SAVINGS,ACTIVE,2016-12-16,33385.46,INR,2,7544.21,1,1,1,0
ACCT100001933,CUST0002915,SAVINGS,ACTIVE,2018-07-27,10396.25,INR,1,15223.27,3,2,1,1
ACCT100001934,CUST0006634,SAVINGS,ACTIVE,2017-08-13,4910.88,INR,1,3906.66,5,1,1,1
ACCT100001935,CUST0003483,CURRENT,ACTIVE,2021-08-07,13778.44,SGD,3,49118.12,4,1,1,0
ACCT100001936,CUST0000985,SAVINGS,ACTIVE,2019-01-29,10534.76,SGD,1,3327.05,5,1,0,0
ACCT100001937,CUST0001586,TRUST,ACTIVE,2016-06-18,208647.55,INR,1,32537.16,9,2,1,1
ACCT100001938,CUST0002781,SALARY,ACTIVE,2015-08-18,24012.3,INR,1,4166.54,1,3,1,1
ACCT100001939,CUST0007118,TRUST,DORMANT,2013-09-04,290185.36,INR,1,499111.47,10,1,1,0
ACCT100001940,CUST0005413,CURRENT,ACTIVE,2020-08-11,482403.4,INR,1,9163.0,1,1,1,1
ACCT100001941,CUST0004028,SALARY,ACTIVE,2013-02-04,18589.63,INR,1,6900.0,2,2,1,1
ACCT100001942,CUST0007623,SALARY,ACTIVE,2015-09-05,26085.7,INR,1,6491.92,3,2,1,1
ACCT100001943,CUST0000559, SAVINGS ,ACTIVE,2013-04-03,14345.36,SGD,1,21264.94,3,3,1,0
ACCT100001944,CUST0004772,SAVINGS,ACTIVE,2017-06-03,185770.23,USD,1,4275.77,2,1,1,1
ACCT100001945,CUST0001476,CURRENT,DORMANT,2021-02-27,18029.31,INR,1,387052.59,4,2,1,1
ACCT100001946,CUST0004013,SAVINGS,ACTIVE,2017-10-13,491.63,INR,3,17685.88,1,4,1,0
ACCT100001947,CUST0007922,CURRENT,ACTIVE,2016-04-10,16860.89,GBP,1,42468.95,4,1,1,1
ACCT100001948,CUST0006011,SALARY,ACTIVE,2014-05-14,11079.39,INR,1,3908.72,3,1,0,0
ACCT100001949,CUST0001734,SAVINGS,ACTIVE,2019-02-07,10082.71,INR,1,10465.8,1,1,1,1
ACCT100001950,CUST0002481,SAVINGS,ACTIVE,2014-01-03,6663.98,USD,2,3765.43,5,3,0,1
ACCT100001951,CUST0006902,NRO,ACTIVE,2014-01-07,34435.0,AED,2,99314.55,6,2,1,1
ACCT100001952,CUST0000724,CURRENT,ACTIVE,2013-11-16,39564.87,INR,1,82092.7,3,1,1,1
ACCT100001953,CUST0007918,SALARY,ACTIVE,2020-11-01,561775.84,INR,3,8122.03,1,1,0,1
ACCT100001954,CUST0001307,SAVINGS,DORMANT,2017-05-02,6206.87,INR,1,21374.19,3,1,0,1
ACCT100001955,CUST0006310,SALARY,ACTIVE,2019-07-07,28247.33,AED,2,3068.34,1,2,1,1
ACCT100001956,CUST0002108,salary,ACTIVE,2013-09-29,38432.37,INR,1,8522.7,2,1,0,1
ACCT100001957,CUST0005191,CURRENT,CLOSED,2018-02-23,131575.89,USD,1,74605.75,5,2,1,1
ACCT100001958,CUST0003927,CURRENT,ACTIVE,2018-11-25,98751.56,INR,1,33203.4,2,1,0,1
ACCT100001959,CUST0004777,NRE,ACTIVE,2021-01-20,187622.74,INR,2,75236.59,5,1,1,1
ACCT100001960,CUST0004688,SALARY,ACTIVE,2020-12-10,18350.39,INR,1,1758.84,2,2,0,1
ACCT100001961,CUST0002881,NRO,ACTIVE,2017-05-22,38040.48,USD,2,28125.24,5,4,1,0
ACCT100001962,CUST0000927,SAVINGS,DORMANT,2019-04-21,2173.5,GBP,1,54138.43,5,3,1,1
ACCT100001963,CUST0002220,SALARY,ACTIVE,2019-09-04,17359.46,USD,1,5842.97,1,2,1,1
ACCT100001964,CUST0006675,SAVINGS,ACTIVE,2014-10-07,234652.37,INR,2,217139.53,3,2,1,1
ACCT100001965,CUST0006815,SAVINGS,DORMANT,2014-09-05,8596.84,INR,1,41019.29,3,3,1,1
ACCT100001966,CUST0006628,SAVINGS,ACTIVE,2019-07-31,10235.58,USD,2,6152.41,1,1,0,1
ACCT100001967,CUST0000475,NRE,ACTIVE,2019-12-13,3819458.43,SGD,1,6676.91,6,1,0,1
ACCT100001968,CUST0000503,CURRENT,ACTIVE,2018-10-05,78340.88,INR,3,21181.29,4,2,1,1
ACCT100001969,CUST0003662,CURRENT,ACTIVE,2015-08-16,5350.47,INR,1,10957.99,3,3,1,1
ACCT100001970,CUST0000612,CURRENT,DORMANT,2019-02-28,1622342.35,INR,1,11664.58,2,1,1,0
ACCT100001971,CUST0001693,SAVINGS,ACTIVE,2019-07-08,18036.21,INR,1,5308.51,3,1,1,1
ACCT100001972,CUST0007019,NRE,ACTIVE,2014-07-20,97461.95,INR,3,35520.26,4,1,1,1
ACCT100001973,CUST0004504,SALARY,ACTIVE,2017-03-02,747.8,AED,1,1289.77,5,2,1,1
ACCT100001974,CUST0000542,SALARY,ACTIVE,2015-11-05,14757.14,GBP,1,19906.06,4,1,1,0
ACCT100001975,CUST0007714,SHELL,ACTIVE,2014-12-29,1701048.15,AED,1,118877.44,8,2,0,1
ACCT100001976,CUST0004792, NRE ,ACTIVE,2014-06-02,714787.18,INR,2,230901.49,4,3,1,1
ACCT100001977,CUST0001335,SAVINGS,ACTIVE,2013-08-07,16259.87,SGD,1,41334.59,3,1,1,0
ACCT100001978,CUST0000354,SAVINGS,ACTIVE,2014-05-12,33193.88,INR,2,5760.67,1,3,0,1
ACCT100001979,CUST0006983,CURRENT,ACTIVE,2017-05-08,63871.23,AED,1,90230.78,5,1,0,0
ACCT100001980,CUST0003945,NRE,ACTIVE,2020-01-13,158636.34,AED,1,48420.62,6,1,0,1
ACCT100001981,CUST0001258,SAVINGS,ACTIVE,2017-12-24,284.36,USD,1,7121.36,4,1,0,1
ACCT100001982,CUST0005611,NRE,ACTIVE,2014-05-06,187560.03,INR,1,36194.58,6,1,0,1
ACCT100001983,CUST0001120,TRUST,ACTIVE,2020-07-16,509456.95,INR,1,100082.07,9,3,1,1
ACCT100001984,CUST0006563,SAVINGS,ACTIVE,2017-04-30,4677.97,USD,1,35163.66,3,4,0,1
ACCT100001985,CUST0005826,SALARY,ACTIVE,2017-11-16,18479.23,INR,1,7315.93,3,1,1,1
ACCT100001986,CUST0006247,SAVINGS,ACTIVE,2018-01-17,16754.5,USD,1,9037.93,1,2,1,1
ACCT100001987,CUST0002975,SHELL,DORMANT,2019-04-04,109653.07,INR,1,716469.7,10,1,1,1
ACCT100001988,CUST0002681,NRO,ACTIVE,2019-05-22,69105.17,INR,2,649402.29,7,2,1,1
ACCT100001989,CUST0006329,CURRENT,BLOCKED,2016-03-29,183640.08,INR,1,6593.16,2,2,0,1
ACCT100001990,CUST0005630,SAVINGS,ACTIVE,2012-08-07,6238.38,INR,1,66023.57,4,2,1,1
ACCT100001991,CUST0007846,SAVINGS,DORMANT,2013-04-01,2111.84,SGD,2,7967.21,3,1,1,0
ACCT100001992,CUST0007002,CURRENT,ACTIVE,2021-01-04,12693.27,INR,2,34546.82,1,1,1,1
ACCT100001993,CUST0003061,TRUST,ACTIVE,2020-12-12,148471.34,INR,3,702937.28,7,1,1,1
ACCT100001994,CUST0004624,NRE,ACTIVE,2019-12-10,244874.68,USD,1,476534.75,6,3,0,1
ACCT100001995,CUST0001064,CURRENT,ACTIVE,2019-08-24,141891.89,INR,2,125558.06,5,1,1,1
ACCT100001996,CUST0004020,SAVINGS,BLOCKED,2019-11-07,46323.8,INR,1,8504.57,4,4,1,1
ACCT100001997,CUST0002754,SAVINGS,ACTIVE,2017-04-14,3096.47,INR,1,28318.95,4,1,1,1
ACCT100001998,CUST0000101,CURRENT,ACTIVE,2018-03-01,108976.57,USD,1,143864.7,4,2,0,1
ACCT100001999,CUST0001063,NRE,ACTIVE,2016-12-16,74240.01,AED,2,300255.54,7,2,1,1
ACCT100002000,CUST0006920,CURRENT,ACTIVE,2016-01-12,48682.61,GBP,2,95341.03,3,1,0,1
ACCT100002001,CUST0007480, CURRENT ,ACTIVE,2017-08-26,167563.37,SGD,1,177389.75,3,2,1,0
ACCT100002002,CUST0000128,CURRENT,ACTIVE,2020-09-11,8374.04,USD,1,10934.99,2,4,1,1
ACCT100002003,CUST0000587,SAVINGS,ACTIVE,2014-07-23,3440.08,AED,1,8774.24,2,1,1,1
ACCT100002004,CUST0003784,NRE,ACTIVE,2013-12-19,86677.65,INR,3,19045.81,5,1,0,1
ACCT100002005,CUST0004029,NRE,ACTIVE,2019-02-07,240081.22,USD,1,389183.5,4,2,1,1
ACCT100002006,CUST0002330,SAVINGS,ACTIVE,2016-12-01,9075.09,INR,1,5252.44,1,3,0,0
ACCT100002007,CUST0006995,SAVINGS,CLOSED,2020-12-16,4913.77,INR,1,15437.3,2,2,0,1
ACCT100002008,CUST0001756,NRE,BLOCKED,2017-02-27,1134012.7,INR,1,512429.85,5,2,0,1
ACCT100002009,CUST0001796,SHELL,ACTIVE,2017-05-27,166849.94,USD,1,695555.54,7,1,1,1
ACCT100002010,CUST0007883,SAVINGS,ACTIVE,2020-08-06,8955.97,AED,2,4588.77,3,1,0,1
ACCT100002011,CUST0000866,SAVINGS,ACTIVE,2021-10-23,15093.28,USD,1,47304.5,5,3,1,1
ACCT100002012,CUST0000203,SALARY,DORMANT,2015-02-25,177282.25,INR,2,29218.3,2,1,0,1
ACCT100002013,CUST0000962,CURRENT,ACTIVE,2016-05-15,21060.15,AED,1,142416.87,2,1,1,1
ACCT100002014,CUST0006279,SAVINGS,ACTIVE,2018-04-22,54355.8,USD,1,25692.09,2,1,1,1
ACCT100002015,CUST0002955,salary,ACTIVE,2012-07-20,7457.91,INR,2,7749.05,4,1,1,0
ACCT100002016,CUST0002545,SAVINGS,CLOSED,2019-05-04,688.86,AED,1,2100.61,1,4,1,0
ACCT100002017,CUST0003036,CURRENT,DORMANT,2012-12-13,148780.06,AED,2,2842.6,2,2,1,1
ACCT100002018,CUST0000064,SAVINGS,ACTIVE,2021-10-31,30754.53,INR,1,5596.18,1,1,0,1
ACCT100002019,CUST0000902,CURRENT,ACTIVE,2015-09-05,120861.69,INR,1,31668.43,3,1,1,1
ACCT100002020,CUST0004453,SHELL,ACTIVE,2014-08-09,341084.8,AED,2,212104.51,10,3,1,1
ACCT100002021,CUST0003795,CURRENT,ACTIVE,2017-12-12,22439.41,GBP,1,19194.18,3,2,0,0
ACCT100002022,CUST0007286,CURRENT,BLOCKED,2012-02-24,146290.34,INR,1,103517.89,4,2,1,1
ACCT100002023,CUST0003492,CURRENT,ACTIVE,2020-11-07,14302.59,AED,1,380609.93,2,1,1,1
ACCT100002024,CUST0003452,SALARY,ACTIVE,2017-09-03,11503.56,USD,1,6021.0,2,1,1,1
ACCT100002025,CUST0007019,SAVINGS,ACTIVE,2019-08-08,9470.55,INR,1,89178.74,5,1,1,1
ACCT100002026,CUST0000437,nre,ACTIVE,2014-10-10,40278.15,INR,1,161150.42,6,1,0,1
ACCT100002027,CUST0005152,SAVINGS,ACTIVE,2017-02-02,24407.96,INR,1,22637.98,5,1,0,0
ACCT100002028,CUST0004333,NRE,ACTIVE,2012-12-09,451164.11,INR,1,19758.26,6,1,0,1
ACCT100002029,CUST0002339,SAVINGS,ACTIVE,2017-03-30,36142.14,INR,1,7826.69,1,1,1,1
ACCT100002030,CUST0004891,CURRENT,BLOCKED,2016-07-08,58584.88,INR,2,46574.87,4,3,1,1
ACCT100002031,CUST0005848,shell,ACTIVE,2020-07-10,82699.08,USD,3,212411.23,7,1,1,1
ACCT100002032,CUST0003633,SAVINGS,ACTIVE,2014-12-09,12389.07,GBP,1,6283.78,2,1,1,0
ACCT100002033,CUST0002007,CURRENT,ACTIVE,2021-11-26,3476.04,AED,1,22942.14,3,2,0,1
ACCT100002034,CUST0005516,CURRENT,ACTIVE,2021-04-14,3481.06,AED,1,84209.15,3,3,1,0
ACCT100002035,CUST0002618, SALARY ,ACTIVE,2021-10-03,3781.88,INR,1,39251.72,1,2,1,1
ACCT100002036,CUST0000230,SAVINGS,ACTIVE,2019-05-24,59730.5,USD,1,37614.94,5,1,1,1
ACCT100002037,CUST0005063,NRE,ACTIVE,2020-09-25,4193.19,INR,1,14240.49,6,1,0,1
ACCT100002038,CUST0006077,SALARY,ACTIVE,2013-12-24,35304.12,INR,1,5745.18,1,2,1,1
ACCT100002039,CUST0001726,NRO,ACTIVE,2014-02-09,24344.81,USD,1,43865.65,4,1,0,1
ACCT100002040,CUST0005866,NRE,ACTIVE,2012-10-16,138472.65,GBP,1,60988.38,6,1,1,1
ACCT100002041,CUST0004935,SAVINGS,ACTIVE,2019-04-29,319321.25,INR,2,9723.12,5,1,1,1
ACCT100002042,CUST0004587,NRO,ACTIVE,2020-03-17,407596.96,INR,1,74488.65,6,4,1,0
ACCT100002043,CUST0005902,CURRENT,ACTIVE,2019-06-05,39261.72,AED,1,16290.56,1,1,0,1
ACCT100002044,CUST0003346,CURRENT,ACTIVE,2012-06-23,16746.79,INR,1,4708.31,3,1,1,1
ACCT100002045,CUST0004005,SAVINGS,DORMANT,2015-12-31,60130.08,INR,1,51730.27,2,1,1,1
ACCT100002046,CUST0004501,SAVINGS,ACTIVE,2018-10-02,4319.56,INR,1,23226.18,2,1,1,1
ACCT100002047,CUST0002916,savings,ACTIVE,2012-05-13,17498.9,GBP,1,1135.58,1,2,0,1
ACCT100002048,CUST0004585,NRE,ACTIVE,2020-08-24,519226.71,AED,2,167306.46,4,1,1,1
ACCT100002049,CUST0001297,CURRENT,ACTIVE,2013-05-29,168896.67,USD,1,2811.85,4,2,0,1
ACCT100002050,CUST0002126,CURRENT,ACTIVE,2017-11-30,2395.69,INR,1,179333.57,4,1,0,0
ACCT100002051,CUST0003750,TRUST,DORMANT,2015-05-21,538714.28,AED,1,179991.73,10,4,0,0
ACCT100002052,CUST0001075,SAVINGS,ACTIVE,2016-12-11,9026.64,USD,1,26994.49,5,2,1,1
ACCT100002053,CUST0005888,CURRENT,ACTIVE,2017-03-18,25249.75,USD,1,4978.94,3,1,1,1
ACCT100002054,CUST0007949,SAVINGS,ACTIVE,2018-05-26,17288.68,AED,1,7625.97,1,3,1,1
ACCT100002055,CUST0005050,SAVINGS,ACTIVE,2016-04-30,567787.87,USD,2,8809.3,1,1,1,1
ACCT100002056,CUST0005896,NRO,BLOCKED,2017-08-03,90411.76,USD,1,223725.63,6,1,1,1
ACCT100002057,CUST0004871,SALARY,ACTIVE,2020-12-16,6800.31,INR,1,14946.91,2,1,0,1
ACCT100002058,CUST0007228,SAVINGS,ACTIVE,2013-12-12,3419.5,INR,1,9633.61,1,1,1,1
ACCT100002059,CUST0006066,SAVINGS,ACTIVE,2018-05-15,13764.61,INR,1,11108.76,2,2,1,1
ACCT100002060,CUST0000460,NRO,ACTIVE,2018-11-01,6665.89,GBP,1,828994.37,6,3,1,1
ACCT100002061,CUST0004989,SAVINGS,ACTIVE,2020-04-11,77391.79,USD,1,11280.97,5,1,1,1
ACCT100002062,CUST0005416,NRO,DORMANT,2012-05-26,87027.69,USD,1,31379.66,4,2,1,1
ACCT100002063,CUST0006894,SAVINGS,CLOSED,2014-07-31,9731.27,USD,1,12721.93,1,1,1,1
ACCT100002064,CUST0000993,SHELL,DORMANT,2019-09-02,1542965.57,INR,1,994760.24,9,1,1,1
ACCT100002065,CUST0001026,SALARY,ACTIVE,2019-03-16,4644.56,INR,3,18611.86,3,2,1,0
ACCT100002066,CUST0005521,SHELL,DORMANT,2014-08-08,1174576.77,USD,1,2569430.28,7,1,1,1
ACCT100002067,CUST0004461,CURRENT,ACTIVE,2015-07-29,5894.81,USD,1,57169.73,5,4,1,0
ACCT100002068,CUST0006557,NRE,CLOSED,2016-10-25,19536.02,AED,1,916974.99,5,4,0,1
ACCT100002069,CUST0003578,SAVINGS,ACTIVE,2017-07-05,262.98,INR,2,5548.47,1,2,1,1
ACCT100002070,CUST0006421,SAVINGS,ACTIVE,2020-01-04,43875.58,INR,3,25310.34,4,2,0,1
ACCT100002071,CUST0004352,SAVINGS,ACTIVE,2013-11-12,73062.1,INR,1,12107.67,3,2,1,1
ACCT100002072,CUST0004235,CURRENT,ACTIVE,2013-03-06,72026.21,SGD,1,7178.69,3,1,1,1
ACCT100002073,CUST0004704,CURRENT,ACTIVE,2012-11-12,289057.23,USD,1,36137.71,1,2,1,1
ACCT100002074,CUST0002514,CURRENT,ACTIVE,2016-04-12,143582.17,USD,1,35309.32,1,1,1,1
ACCT100002075,CUST0001696, TRUST ,DORMANT,2014-07-06,805311.27,USD,1,66864.01,10,3,1,0
ACCT100002076,CUST0003759,SAVINGS,ACTIVE,2019-03-29,13162.78,AED,1,6857.66,4,2,1,1
ACCT100002077,CUST0002103,SAVINGS,ACTIVE,2015-06-23,88940.47,USD,2,85317.17,5,1,0,1
ACCT100002078,CUST0007065,SAVINGS,ACTIVE,2021-05-24,5710.85,USD,1,7105.03,3,2,1,1
ACCT100002079,CUST0002147,SALARY,ACTIVE,2020-07-31,25685.58,INR,1,3028.41,5,1,1,1
ACCT100002080,CUST0001268,SALARY,ACTIVE,2016-11-20,47198.16,INR,1,1962.85,4,1,1,0
ACCT100002081,CUST0000823,SAVINGS,ACTIVE,2017-02-23,6769.81,INR,3,923.38,1,2,1,1
ACCT100002082,CUST0001521,SAVINGS,ACTIVE,2019-05-02,30740.36,INR,2,4724.44,4,4,1,0
ACCT100002083,CUST0006027,SAVINGS,BLOCKED,2020-09-09,20355.31,USD,1,10325.89,1,1,1,1
ACCT100002084,CUST0001188,SAVINGS,ACTIVE,2017-06-11,3739.63,INR,1,15248.62,3,3,0,1
ACCT100002085,CUST0005643,NRE,ACTIVE,2018-02-07,620808.85,INR,1,104511.39,7,5,1,1
ACCT100002086,CUST0001822,NRO,ACTIVE,2012-03-13,53798.3,USD,1,245333.62,4,1,1,1
ACCT100002087,CUST0003953,NRO,ACTIVE,2012-09-17,272931.06,USD,1,196096.19,7,4,1,1
ACCT100002088,CUST0004616,CURRENT,ACTIVE,2018-07-01,8870.1,INR,1,93957.61,3,2,1,0
ACCT100002089,CUST0006151,NRE,ACTIVE,2018-10-08,59666.69,INR,2,212461.68,6,3,1,1
ACCT100002090,CUST0003275,SALARY,ACTIVE,2013-10-04,5238.37,INR,1,88625.89,2,2,0,1
ACCT100002091,CUST0004554,SAVINGS,ACTIVE,2016-07-21,6437.51,SGD,2,53891.56,5,1,1,1
ACCT100002092,CUST0002771,TRUST,DORMANT,2013-11-23,84858.24,INR,1,469055.51,9,5,1,1
ACCT100002093,CUST0002214,CURRENT,ACTIVE,2019-08-05,9991.82,INR,1,11142.55,3,1,1,1
ACCT100002094,CUST0004616,CURRENT,ACTIVE,2015-04-30,52910.04,INR,1,114607.26,2,2,1,1
ACCT100002095,CUST0005637,SALARY,ACTIVE,2013-01-01,7171.27,USD,1,21897.18,4,4,1,1
ACCT100002096,CUST0003661,SAVINGS,ACTIVE,2017-05-16,23214.44,USD,1,14242.57,5,1,1,1
ACCT100002097,CUST0007698,SAVINGS,ACTIVE,2014-07-23,27170.33,INR,2,4280.33,3,1,1,1
ACCT100002098,CUST0005556,CURRENT,ACTIVE,2012-02-10,5794.92,INR,2,257862.42,4,1,1,1
ACCT100002099,CUST0000413,SALARY,BLOCKED,2017-03-11,17247.53,USD,1,2810.99,4,1,0,1
ACCT100002100,CUST0005957,SAVINGS,ACTIVE,2018-01-06,36067.91,SGD,2,34353.68,4,1,1,1
ACCT100002101,CUST0000466,SAVINGS,ACTIVE,2014-05-18,5280.91,SGD,2,19474.6,5,2,0,1
ACCT100002102,CUST0000044,trust,DORMANT,2012-10-11,1094697.69,INR,1,96002.87,8,1,1,0
ACCT100002103,CUST0004017,CURRENT,ACTIVE,2018-10-11,23012.63,INR,1,19563.98,2,4,1,1
ACCT100002104,CUST0003117,SAVINGS,ACTIVE,2017-01-27,59103.94,INR,1,63959.09,3,2,1,1
ACCT100002105,CUST0004197,SAVINGS,ACTIVE,2016-09-26,119.58,USD,1,24412.72,4,1,1,0
ACCT100002106,CUST0002615,CURRENT,ACTIVE,2017-10-22,304409.93,SGD,3,8033.91,3,5,0,1
ACCT100002107,CUST0002736,NRE,ACTIVE,2018-04-01,1269352.52,INR,2,79695.18,5,1,1,1
ACCT100002108,CUST0003751,CURRENT,ACTIVE,2021-09-26,45379.08,INR,1,21106.28,5,1,0,1
ACCT100002109,CUST0004829,SALARY,ACTIVE,2021-10-01,67642.33,INR,1,35363.83,4,3,1,1
ACCT100002110,CUST0000862, SAVINGS ,BLOCKED,2019-03-11,10640.71,INR,1,12885.2,2,1,1,1
ACCT100002111,CUST0003134,CURRENT,BLOCKED,2020-07-08,30949.56,INR,2,88316.76,1,1,1,1
ACCT100002112,CUST0004249,SAVINGS,ACTIVE,2015-03-20,159738.03,SGD,1,14937.16,3,3,0,1
ACCT100002113,CUST0007508,SALARY,BLOCKED,2013-12-13,5808.05,GBP,1,2370.02,3,1,1,1
ACCT100002114,CUST0006206,NRE,DORMANT,2020-05-10,1033790.07,INR,1,57126.77,4,3,1,1
ACCT100002115,CUST0006391,CURRENT,ACTIVE,2016-07-20,12268.42,INR,2,38621.5,1,3,0,1
ACCT100002116,CUST0002350,SALARY,ACTIVE,2016-03-28,16257.34,USD,1,22839.07,2,1,0,1
ACCT100002117,CUST0007001,CURRENT,ACTIVE,2014-07-18,3188.43,INR,2,126422.21,1,1,1,1
ACCT100002118,CUST0007787,CURRENT,ACTIVE,2012-12-22,57308.47,INR,2,12117.32,2,1,1,1
ACCT100002119,CUST0007393,NRO,ACTIVE,2017-01-22,904522.12,SGD,1,148509.08,6,2,1,0
ACCT100002120,CUST0007945,SAVINGS,ACTIVE,2017-08-04,14445.45,AED,1,22789.27,3,3,1,1
ACCT100002121,CUST0000494,CURRENT,ACTIVE,2014-10-11,185701.03,INR,1,313863.67,4,4,1,1
ACCT100002122,CUST0006111,SAVINGS,DORMANT,2015-01-30,6252.71,GBP,1,19387.21,4,1,0,1
ACCT100002123,CUST0004548,CURRENT,BLOCKED,2017-02-19,79761.63,USD,1,17336.72,4,1,1,1
ACCT100002124,CUST0001442,CURRENT,ACTIVE,2021-09-17,74564.0,INR,1,15392.45,3,3,0,1
ACCT100002125,CUST0007366,NRE,ACTIVE,2014-02-01,77442.22,INR,1,110629.33,4,3,1,1
ACCT100002126,CUST0001209,CURRENT,ACTIVE,2013-10-21,61045.78,GBP,2,10453.04,1,1,1,1
ACCT100002127,CUST0006413,NRE,ACTIVE,2015-01-12,589776.31,SGD,1,261285.26,7,4,1,1
ACCT100002128,CUST0002576,SAVINGS,ACTIVE,2016-05-17,12283.76,INR,1,10640.5,2,3,1,1
ACCT100002129,CUST0000947,SAVINGS,CLOSED,2014-10-07,4366.94,USD,1,21069.54,4,1,1,1
ACCT100002130,CUST0001856,SALARY,CLOSED,2018-08-04,2903.21,AED,2,4040.83,1,4,1,0
ACCT100002131,CUST0004926,SAVINGS,ACTIVE,2016-06-03,23497.43,INR,1,318006.73,1,1,0,1
ACCT100002132,CUST0002827,SALARY,ACTIVE,2018-06-27,12107.29,SGD,1,37664.84,5,1,1,1
ACCT100002133,CUST0003085,SALARY,ACTIVE,2015-11-02,78397.13,INR,2,9403.26,5,2,1,1
ACCT100002134,CUST0000966,NRE,ACTIVE,2020-10-21,457028.3,SGD,1,514106.81,5,2,1,1
ACCT100002135,CUST0005239,NRE,ACTIVE,2012-05-26,282588.23,INR,2,86236.87,5,3,1,1
ACCT100002136,CUST0006606,TRUST,ACTIVE,2016-01-01,53630.73,USD,2,445652.7,10,1,1,1
ACCT100002137,CUST0007676,CURRENT,ACTIVE,2016-02-05,45089.17,INR,1,23042.61,1,1,0,1
ACCT100002138,CUST0004401, SALARY ,BLOCKED,2021-01-23,1833.65,INR,1,1728.93,5,3,1,1
ACCT100002139,CUST0000672,NRE,DORMANT,2014-11-12,1638702.99,INR,1,258288.25,4,2,0,1
ACCT100002140,CUST0000700,SALARY,ACTIVE,2017-06-26,5778.9,INR,1,1615.85,5,1,1,1
ACCT100002141,CUST0006676,TRUST,DORMANT,2020-04-19,122196.98,USD,1,217781.81,9,2,1,1
ACCT100002142,CUST0006633,CURRENT,ACTIVE,2015-01-07,36008.77,INR,1,45601.25,3,4,1,0
ACCT100002143,CUST0003869,SAVINGS,ACTIVE,2021-08-04,30086.61,INR,1,46621.62,2,1,1,0
ACCT100002144,CUST0003558,SAVINGS,ACTIVE,2018-11-28,468.51,AED,1,8375.97,3,1,1,1
ACCT100002145,CUST0003737,CURRENT,ACTIVE,2016-11-02,16541.3,SGD,1,93671.48,1,4,1,1
ACCT100002146,CUST0000118, SALARY ,ACTIVE,2021-10-23,177331.74,INR,1,20531.77,4,1,1,1
ACCT100002147,CUST0004850,SALARY,ACTIVE,2015-01-07,20666.09,USD,1,11679.16,2,1,0,1
ACCT100002148,CUST0002444,TRUST,ACTIVE,2021-06-01,516151.97,INR,2,76680.48,7,3,0,1
ACCT100002149,CUST0005788,NRO,DORMANT,2017-06-21,208945.49,SGD,1,8841.92,4,1,1,1
ACCT100002150,CUST0001687,CURRENT,ACTIVE,2019-05-06,7082.31,USD,2,47881.53,1,5,0,1
ACCT100002151,CUST0003244,CURRENT,ACTIVE,2014-12-08,2325375.95,INR,1,483628.56,4,4,1,1
ACCT100002152,CUST0001886,SHELL,CLOSED,2019-01-28,2121942.83,GBP,1,3583925.93,10,5,1,1
ACCT100002153,CUST0004955,CURRENT,ACTIVE,2017-01-20,24993.61,USD,1,44661.39,2,1,0,1
ACCT100002154,CUST0007093,SHELL,ACTIVE,2012-07-30,2072928.63,USD,1,487199.51,8,3,1,1
ACCT100002155,CUST0001752,SAVINGS,ACTIVE,2019-05-29,80000.02,INR,1,15080.45,4,1,0,0
ACCT100002156,CUST0001309,NRO,ACTIVE,2016-12-29,22263.16,INR,3,722934.82,7,3,1,1
ACCT100002157,CUST0001616,SAVINGS,ACTIVE,2019-02-15,708090.01,INR,3,6299.52,2,1,1,1
ACCT100002158,CUST0001732,SALARY,ACTIVE,2021-02-03,14202.06,SGD,2,113455.79,1,1,1,1
ACCT100002159,CUST0003827,SHELL,ACTIVE,2019-11-08,268962.63,SGD,1,540494.72,10,1,1,1
ACCT100002160,CUST0003927,SALARY,ACTIVE,2021-11-14,77306.87,INR,3,5454.26,1,2,1,1
ACCT100002161,CUST0005476,NRE,BLOCKED,2015-07-05,47953.33,INR,1,4702.75,5,1,0,0
ACCT100002162,CUST0007919,SAVINGS,ACTIVE,2015-09-24,1221.7,INR,1,18069.07,2,3,1,1
ACCT100002163,CUST0003092,SALARY,ACTIVE,2012-05-07,1512.85,GBP,1,20235.97,4,1,1,1
ACCT100002164,CUST0004545,CURRENT,ACTIVE,2014-09-16,3182.21,INR,1,18181.91,4,1,1,1
ACCT100002165,CUST0005335,CURRENT,ACTIVE,2014-11-11,18778.9,INR,2,60324.18,2,1,1,0
ACCT100002166,CUST0004860,SAVINGS,ACTIVE,2014-07-28,40802.21,AED,3,9958.46,3,1,1,0
ACCT100002167,CUST0001944,SALARY,ACTIVE,2018-12-26,17508.02,INR,1,11233.69,4,3,1,1
ACCT100002168,CUST0003960,SHELL,ACTIVE,2018-08-09,409448.77,USD,1,193448.22,7,2,1,1
ACCT100002169,CUST0006921,SALARY,ACTIVE,2012-09-19,3358.24,INR,2,17495.81,3,3,0,1
ACCT100002170,CUST0003084,SAVINGS,DORMANT,2019-02-07,12070.02,AED,1,4418.83,4,1,1,1
ACCT100002171,CUST0001313,SALARY,ACTIVE,2014-04-16,7283.57,INR,1,2420.73,4,2,0,1
ACCT100002172,CUST0006915,SHELL,ACTIVE,2017-06-10,660845.56,AED,1,1097406.73,7,1,1,1
ACCT100002173,CUST0003793,NRE,ACTIVE,2016-08-07,11564.99,INR,1,19163.93,5,1,0,1
ACCT100002174,CUST0005442,CURRENT,BLOCKED,2020-08-13,1105860.82,INR,2,5066.12,4,5,1,1
ACCT100002175,CUST0005728,SHELL,DORMANT,2020-08-18,92749.29,INR,1,112801.16,10,2,1,1
ACCT100002176,CUST0000687,NRO,ACTIVE,2018-08-28,21245.4,INR,1,27455.25,4,4,0,1
ACCT100002177,CUST0000515,NRE,ACTIVE,2016-06-09,173232.16,SGD,1,573442.18,7,3,0,1
ACCT100002178,CUST0007877,TRUST,ACTIVE,2020-01-15,2248745.47,INR,1,814803.11,8,2,0,0
ACCT100002179,CUST0002647,NRE,ACTIVE,2012-07-31,717470.38,USD,2,183415.19,5,1,0,1
ACCT100002180,CUST0002223, SHELL ,DORMANT,2016-01-13,114388.54,GBP,2,403783.93,8,1,1,1
ACCT100002181,CUST0003191,NRE,ACTIVE,2017-07-21,13747.61,INR,1,355034.71,4,4,1,1
ACCT100002182,CUST0004537,SAVINGS,ACTIVE,2012-03-21,62833.52,GBP,2,52650.86,5,2,1,0
ACCT100002183,CUST0003641,SAVINGS,DORMANT,2014-01-06,6499.49,AED,2,40050.98,2,1,0,1
ACCT100002184,CUST0002185,savings,ACTIVE,2019-07-23,25050.51,GBP,1,6143.7,1,3,1,1
ACCT100002185,CUST0002102,SAVINGS,ACTIVE,2016-01-06,22936.15,SGD,1,59817.44,1,5,1,0
ACCT100002186,CUST0002261,SALARY,ACTIVE,2019-12-25,2250.27,INR,1,50652.72,4,2,1,1
ACCT100002187,CUST0002254,SALARY,ACTIVE,2014-08-11,10280.26,INR,1,5998.17,3,2,1,1
ACCT100002188,CUST0007783,SAVINGS,ACTIVE,2017-07-10,58518.09,SGD,2,3356.42,2,1,1,1
ACCT100002189,CUST0003504,SAVINGS,ACTIVE,2021-07-10,19293.62,INR,1,18374.8,4,1,1,1
ACCT100002190,CUST0000533,salary,ACTIVE,2014-01-05,2069.63,SGD,1,4543.17,2,1,0,1
ACCT100002191,CUST0003534,SAVINGS,DORMANT,2013-05-10,18965.75,USD,1,3463.7,1,3,1,1
ACCT100002192,CUST0006947,SALARY,ACTIVE,2012-04-27,30370.05,USD,1,19896.76,2,1,1,0
ACCT100002193,CUST0006311,SAVINGS,ACTIVE,2014-01-19,19131.16,SGD,2,757.83,2,1,1,1
ACCT100002194,CUST0006312,TRUST,ACTIVE,2018-04-22,379880.32,INR,1,11856.62,7,5,1,1
ACCT100002195,CUST0002223,SAVINGS,ACTIVE,2017-06-16,21357.36,AED,1,15297.28,4,2,0,1
ACCT100002196,CUST0000450,SAVINGS,DORMANT,2016-01-25,1881.5,INR,2,246.76,2,1,0,1
ACCT100002197,CUST0002327,SALARY,ACTIVE,2014-08-06,4077.07,USD,1,21880.59,3,1,0,1
ACCT100002198,CUST0003428,SALARY,ACTIVE,2018-01-21,9065.75,USD,1,31591.88,1,1,0,1
ACCT100002199,CUST0002724,TRUST,ACTIVE,2014-04-07,201347.36,INR,1,247423.91,9,1,1,1
ACCT100002200,CUST0002379,NRE,ACTIVE,2016-05-13,84897.68,AED,1,365069.76,5,3,1,1
ACCT100002201,CUST0006913,SAVINGS,ACTIVE,2021-03-30,6464.58,GBP,2,39072.4,5,1,1,1
ACCT100002202,CUST0002317,SAVINGS,BLOCKED,2015-06-26,27186.25,USD,2,9332.21,4,1,1,1
ACCT100002203,CUST0006244,CURRENT,ACTIVE,2014-05-20,78343.38,INR,2,10244.62,1,1,0,0
ACCT100002204,CUST0007703,SAVINGS,DORMANT,2014-01-20,148553.77,INR,1,24846.32,5,1,1,0
ACCT100002205,CUST0006732,SALARY,ACTIVE,2015-07-30,9234.69,AED,2,3707.56,1,3,1,1
ACCT100002206,CUST0001267,SALARY,ACTIVE,2016-03-14,95143.08,INR,2,27916.5,3,1,1,1
ACCT100002207,CUST0003078,SALARY,ACTIVE,2018-12-04,223.82,INR,2,30241.47,4,2,1,0
ACCT100002208,CUST0004750,SAVINGS,ACTIVE,2014-06-14,43085.42,INR,1,1215.74,1,1,1,1
ACCT100002209,CUST0007254,TRUST,BLOCKED,2020-01-28,53308.02,USD,3,294717.13,10,2,1,1
ACCT100002210,CUST0005180,CURRENT,ACTIVE,2012-01-23,528734.69,INR,1,55431.89,4,3,1,1
ACCT100002211,CUST0004662,NRE,ACTIVE,2013-11-10,8327.55,SGD,1,167324.99,4,2,1,0
ACCT100002212,CUST0006693,NRE,ACTIVE,2013-01-15,95158.97,INR,1,76824.8,4,1,1,1
ACCT100002213,CUST0007647,SAVINGS,DORMANT,2014-06-08,8952.97,INR,1,2983.39,5,1,1,0
ACCT100002214,CUST0006040,SAVINGS,ACTIVE,2014-07-31,1221.45,USD,1,21382.04,4,1,0,1
ACCT100002215,CUST0006214,CURRENT,ACTIVE,2012-05-03,12704.06,INR,1,25222.66,3,1,1,1
ACCT100002216,CUST0004036,CURRENT,ACTIVE,2016-04-29,38825.74,INR,3,69010.73,4,1,1,1
ACCT100002217,CUST0005812,NRO,ACTIVE,2016-01-14,32308.27,INR,1,7134.31,5,3,1,1
ACCT100002218,CUST0005800,NRO,ACTIVE,2017-04-25,48570.46,INR,2,961517.43,7,1,1,1
ACCT100002219,CUST0005927,NRE,ACTIVE,2021-11-21,188787.15,INR,1,190915.24,5,3,1,1
ACCT100002220,CUST0000546,SAVINGS,ACTIVE,2015-07-18,785.9,INR,1,61385.45,2,2,1,1
ACCT100002221,CUST0000085, NRE ,ACTIVE,2020-07-04,1022185.41,INR,1,374932.31,7,1,0,1
ACCT100002222,CUST0007453,SALARY,ACTIVE,2015-01-16,16519.76,USD,2,5208.69,3,1,0,1
ACCT100002223,CUST0003746,CURRENT,ACTIVE,2017-05-18,5880.09,USD,2,1814.81,3,1,1,1
ACCT100002224,CUST0001242,CURRENT,DORMANT,2014-03-07,44576.06,INR,1,20280.31,3,3,0,1
ACCT100002225,CUST0004137,SALARY,ACTIVE,2013-02-20,27974.21,AED,3,572.4,5,1,1,1
ACCT100002226,CUST0006086,SAVINGS,ACTIVE,2017-06-26,15020.77,INR,1,15266.85,4,1,1,1
ACCT100002227,CUST0003099,SALARY,ACTIVE,2021-11-17,21645.62,INR,1,59780.27,1,3,1,1
ACCT100002228,CUST0003814,SALARY,DORMANT,2021-07-17,34909.49,INR,1,146918.54,2,3,1,1
ACCT100002229,CUST0001229,SALARY,BLOCKED,2012-07-28,1088.02,INR,1,4703.22,5,2,1,1
ACCT100002230,CUST0001085,CURRENT,BLOCKED,2016-04-28,17204.19,USD,1,147013.09,3,1,1,1
ACCT100002231,CUST0002648,SAVINGS,ACTIVE,2016-04-14,325385.35,INR,2,7600.34,5,1,1,1
ACCT100002232,CUST0003090,CURRENT,ACTIVE,2019-02-21,22264.4,INR,1,21510.51,5,2,1,1
ACCT100002233,CUST0006220,NRO,DORMANT,2015-01-26,249039.28,USD,1,31565.49,5,3,1,1
ACCT100002234,CUST0005185,current,ACTIVE,2019-03-17,334063.75,INR,2,17849.23,4,1,1,1
ACCT100002235,CUST0002662,SAVINGS,ACTIVE,2016-12-25,21385.78,INR,1,25572.84,5,1,1,1
ACCT100002236,CUST0007246,CURRENT,ACTIVE,2017-08-06,20153.14,GBP,2,77275.4,5,3,1,1
ACCT100002237,CUST0005626,SALARY,ACTIVE,2018-02-23,30308.45,INR,1,4389.09,5,1,1,1
ACCT100002238,CUST0005814,savings,ACTIVE,2018-04-20,33102.98,USD,2,5149.93,5,4,1,0
ACCT100002239,CUST0003785,SAVINGS,ACTIVE,2013-10-17,8526.48,INR,1,14761.58,3,3,1,1
ACCT100002240,CUST0003045,SALARY,ACTIVE,2021-05-28,10401.18,INR,1,17731.11,1,1,1,1
ACCT100002241,CUST0000235,SALARY,ACTIVE,2020-06-05,6463.03,USD,1,38869.53,3,5,1,1
ACCT100002242,CUST0007952,CURRENT,ACTIVE,2013-03-06,9829.56,SGD,1,4309.33,2,1,0,1
ACCT100002243,CUST0004923,SAVINGS,ACTIVE,2017-08-03,18238.1,INR,1,44223.71,1,2,1,1
ACCT100002244,CUST0000166,SALARY,ACTIVE,2016-07-23,223494.4,INR,1,3244.44,2,1,1,1
ACCT100002245,CUST0004940,NRE,ACTIVE,2016-12-19,623440.91,INR,1,47878.66,5,3,0,1
ACCT100002246,CUST0001158,CURRENT,ACTIVE,2017-08-29,846285.46,USD,1,24829.29,3,1,1,1
ACCT100002247,CUST0002187,savings,DORMANT,2014-09-28,38638.03,GBP,1,3750.31,1,1,0,1
ACCT100002248,CUST0000597,SALARY,ACTIVE,2015-01-01,45754.96,INR,1,12431.99,1,3,1,1
ACCT100002249,CUST0005139,SHELL,ACTIVE,2015-04-20,481720.91,AED,1,314737.67,8,2,0,1
ACCT100002250,CUST0000675,CURRENT,ACTIVE,2012-05-22,19943.86,AED,1,74290.84,1,2,1,1
ACCT100002251,CUST0000006,SALARY,ACTIVE,2017-06-30,4631.27,AED,1,7497.5,4,1,0,1
ACCT100002252,CUST0001622,CURRENT,DORMANT,2016-06-02,210465.52,INR,2,243938.46,3,2,1,1
ACCT100002253,CUST0002935,SAVINGS,ACTIVE,2016-02-17,54884.39,SGD,2,7688.05,1,2,0,1
ACCT100002254,CUST0006976,CURRENT,ACTIVE,2016-07-05,73014.62,SGD,2,144806.3,5,2,1,0
ACCT100002255,CUST0006232,TRUST,ACTIVE,2017-02-04,477983.73,USD,1,307173.76,8,2,1,1
ACCT100002256,CUST0004218,SALARY,ACTIVE,2013-03-09,80013.91,INR,1,7425.24,2,4,1,0
ACCT100002257,CUST0006045,SAVINGS,BLOCKED,2015-11-14,1765.87,INR,1,7820.86,3,4,0,0
ACCT100002258,CUST0004823, SAVINGS ,ACTIVE,2012-03-05,18264.68,SGD,1,3307.88,1,1,1,1
ACCT100002259,CUST0007037,SAVINGS,ACTIVE,2021-02-25,192764.48,INR,3,13682.67,5,1,1,1
ACCT100002260,CUST0003868,CURRENT,ACTIVE,2019-10-19,163909.55,INR,2,35028.04,4,2,1,1
ACCT100002261,CUST0007379,SAVINGS,ACTIVE,2016-03-28,2013.66,INR,1,66415.45,5,1,0,1
ACCT100002262,CUST0000813,NRE,ACTIVE,2012-07-31,387389.76,INR,1,31023.41,6,1,1,1
ACCT100002263,CUST0006022,CURRENT,ACTIVE,2014-01-17,57741.69,USD,3,105409.97,3,1,1,1
ACCT100002264,CUST0007893,CURRENT,DORMANT,2013-03-27,259406.13,INR,1,32093.91,4,1,1,1
ACCT100002265,CUST0007705,CURRENT,ACTIVE,2015-01-22,25592.76,USD,1,175994.4,2,3,1,1
ACCT100002266,CUST0007941,CURRENT,ACTIVE,2013-11-25,161793.97,INR,1,2877.38,5,2,1,1
ACCT100002267,CUST0005672,SHELL,ACTIVE,2020-08-19,90218.98,USD,2,158972.11,7,4,1,1
ACCT100002268,CUST0007124,NRO,ACTIVE,2021-08-25,4036116.82,INR,2,50489.14,6,5,0,1
ACCT100002269,CUST0005310,SAVINGS,ACTIVE,2015-04-19,266763.75,USD,3,149758.05,2,1,1,1
ACCT100002270,CUST0004275,NRO,ACTIVE,2014-09-18,119139.38,USD,1,36219.2,4,1,1,1
ACCT100002271,CUST0003564,SALARY,ACTIVE,2013-02-16,2350.9,AED,3,1566.92,5,1,1,1
ACCT100002272,CUST0000855,salary,ACTIVE,2012-05-01,62694.18,INR,1,2712.12,2,2,1,1
ACCT100002273,CUST0005891,CURRENT,ACTIVE,2018-04-29,220101.52,USD,2,45201.32,5,3,0,1
ACCT100002274,CUST0000487,SALARY,ACTIVE,2017-08-19,171169.72,INR,2,60492.96,2,4,1,1
ACCT100002275,CUST0001128,CURRENT,ACTIVE,2014-05-13,33048.38,USD,2,33464.64,5,1,1,1
ACCT100002276,CUST0000716,SAVINGS,DORMANT,2021-07-14,16702.26,INR,2,42328.71,3,2,0,1
ACCT100002277,CUST0004260,CURRENT,ACTIVE,2019-04-04,32124.57,INR,1,64973.42,3,4,1,1
ACCT100002278,CUST0002067,CURRENT,ACTIVE,2018-12-22,39222.41,INR,1,797925.78,4,3,1,1
ACCT100002279,CUST0000898,CURRENT,ACTIVE,2014-06-03,6711.97,SGD,2,85821.74,1,5,0,1
ACCT100002280,CUST0007573,NRE,ACTIVE,2019-07-02,1476891.98,INR,1,155602.56,6,4,1,1
ACCT100002281,CUST0003677,SALARY,ACTIVE,2014-08-04,5324.89,INR,2,15362.96,5,1,1,1
ACCT100002282,CUST0000590, SAVINGS ,ACTIVE,2018-08-28,7554.25,USD,3,6729.19,4,1,1,1
ACCT100002283,CUST0003475,SAVINGS,ACTIVE,2012-09-15,837.81,INR,3,35053.34,4,1,0,1
ACCT100002284,CUST0001479,SAVINGS,ACTIVE,2015-03-21,3654.56,INR,1,96008.93,1,2,1,1
ACCT100002285,CUST0005977,SHELL,DORMANT,2015-09-12,1413312.36,USD,1,5408596.82,8,1,1,1
ACCT100002286,CUST0001522,CURRENT,ACTIVE,2017-08-04,15400.58,INR,1,9594.03,5,3,1,0
ACCT100002287,CUST0002917,SALARY,ACTIVE,2013-02-13,1398.29,AED,1,13337.03,1,1,1,1
ACCT100002288,CUST0007653,SALARY,BLOCKED,2019-10-06,25240.71,GBP,1,22458.63,4,3,0,1
ACCT100002289,CUST0003719,SAVINGS,ACTIVE,2019-07-11,134472.06,AED,1,18891.44,5,1,1,1
ACCT100002290,CUST0003479,SALARY,ACTIVE,2015-08-13,10715.4,INR,1,10994.26,5,1,0,1
ACCT100002291,CUST0006853, SAVINGS ,ACTIVE,2018-09-28,111271.39,USD,1,2505.32,1,4,0,1
ACCT100002292,CUST0001173,SAVINGS,ACTIVE,2016-06-08,15197.11,INR,1,14040.01,4,3,0,0
ACCT100002293,CUST0006872,CURRENT,DORMANT,2014-09-09,77679.46,INR,1,35193.04,2,2,1,1
ACCT100002294,CUST0002608,CURRENT,BLOCKED,2016-06-18,52263.89,INR,1,25232.88,4,2,1,1
ACCT100002295,CUST0005946,SAVINGS,ACTIVE,2019-06-09,207907.28,INR,1,4494.12,2,1,1,1
ACCT100002296,CUST0005252,current,ACTIVE,2015-11-21,71218.56,INR,2,12151.56,4,1,1,1
ACCT100002297,CUST0001775,SALARY,ACTIVE,2014-07-19,4180.44,USD,1,14530.86,1,1,1,1
ACCT100002298,CUST0007040,TRUST,ACTIVE,2014-08-18,116446.77,USD,1,82903.54,7,1,1,1
ACCT100002299,CUST0005963,SALARY,ACTIVE,2014-05-28,1835.43,INR,2,17848.07,3,3,1,1
ACCT100002300,CUST0003340,CURRENT,DORMANT,2016-01-15,19242.22,INR,1,35841.41,1,2,1,1
ACCT100002301,CUST0002392,CURRENT,ACTIVE,2019-08-18,1103553.96,INR,2,57561.66,3,1,1,1
ACCT100002302,CUST0005287,SALARY,ACTIVE,2015-06-17,9683.57,INR,1,15476.96,1,1,1,1
ACCT100002303,CUST0004779,SAVINGS,ACTIVE,2020-08-10,2184.66,USD,2,21349.56,2,2,1,1
ACCT100002304,CUST0001921,SALARY,ACTIVE,2021-07-31,16254.08,USD,1,3640.79,1,3,1,1
ACCT100002305,CUST0000476,SALARY,ACTIVE,2012-04-14,13898.07,INR,1,29293.28,3,1,1,0
ACCT100002306,CUST0002562,CURRENT,ACTIVE,2013-12-17,38802.23,USD,1,39546.46,4,4,1,0
ACCT100002307,CUST0006166,SAVINGS,ACTIVE,2012-08-28,5523.37,INR,2,3950.21,4,2,1,1
ACCT100002308,CUST0007447,NRO,ACTIVE,2017-09-06,311442.64,AED,1,135943.43,4,3,1,1
ACCT100002309,CUST0001457,SAVINGS,ACTIVE,2020-05-02,345246.88,INR,2,6225.22,2,4,1,1
ACCT100002310,CUST0002217,SAVINGS,ACTIVE,2014-07-30,23344.59,AED,2,9190.17,3,2,1,1
ACCT100002311,CUST0000429,SAVINGS,ACTIVE,2017-01-06,8530.89,INR,1,27922.0,4,3,1,0
ACCT100002312,CUST0005621,SHELL,DORMANT,2021-06-20,10729751.04,INR,1,312150.42,8,2,0,0
ACCT100002313,CUST0002471,SAVINGS,ACTIVE,2020-07-19,507.94,USD,1,16485.84,5,1,1,1
ACCT100002314,CUST0006717,NRO,ACTIVE,2017-05-28,2158.4,INR,2,151694.73,7,3,1,1
ACCT100002315,CUST0002995,SAVINGS,ACTIVE,2012-08-27,2538.54,USD,2,1839.92,4,4,1,1
ACCT100002316,CUST0000733,SALARY,ACTIVE,2015-08-12,462445.99,SGD,1,9213.37,5,1,1,0
ACCT100002317,CUST0001688,SAVINGS,ACTIVE,2015-12-14,120176.73,SGD,1,9813.97,5,1,1,1
ACCT100002318,CUST0000151,SALARY,ACTIVE,2018-09-17,10271.31,INR,2,4307.73,5,1,0,1
ACCT100002319,CUST0000164,SAVINGS,ACTIVE,2017-01-21,12354.94,INR,1,10625.75,3,3,0,1
ACCT100002320,CUST0005937,SAVINGS,ACTIVE,2018-12-26,1891.07,INR,1,29859.76,5,4,1,1
ACCT100002321,CUST0004988,SAVINGS,BLOCKED,2020-09-02,33424.33,INR,1,4482.15,5,4,1,1
ACCT100002322,CUST0004488,SAVINGS,BLOCKED,2013-02-15,272408.89,AED,1,5786.37,1,1,0,0
ACCT100002323,CUST0002483,SAVINGS,ACTIVE,2015-01-11,6728.0,AED,3,7489.21,5,1,1,1
ACCT100002324,CUST0006011,SALARY,ACTIVE,2016-06-12,7267.18,USD,1,23994.37,2,2,1,1
ACCT100002325,CUST0002349,NRE,ACTIVE,2016-02-13,1037419.4,USD,1,42027.3,4,1,1,1
ACCT100002326,CUST0001537,current,ACTIVE,2016-09-25,210239.72,INR,2,83664.55,3,4,1,1
ACCT100002327,CUST0007171,CURRENT,ACTIVE,2017-08-08,59134.37,INR,1,102344.66,4,1,1,1
ACCT100002328,CUST0000306,CURRENT,ACTIVE,2020-10-07,33326.17,INR,1,7813.06,1,1,0,1
ACCT100002329,CUST0001713,CURRENT,ACTIVE,2013-12-21,51789.78,INR,1,75579.37,5,1,1,1
ACCT100002330,CUST0001171,SAVINGS,ACTIVE,2012-04-02,22701.5,INR,1,10629.2,1,4,1,1
ACCT100002331,CUST0007558, SHELL ,ACTIVE,2019-01-21,683989.47,AED,3,4225504.86,10,2,1,1
ACCT100002332,CUST0000947,SALARY,ACTIVE,2014-10-12,19028.14,AED,1,12871.52,3,1,1,0
ACCT100002333,CUST0005956,NRE,ACTIVE,2015-11-11,981677.41,INR,1,59296.67,4,2,0,1
ACCT100002334,CUST0007254,CURRENT,ACTIVE,2021-02-05,257581.09,USD,1,55335.93,4,1,1,0
ACCT100002335,CUST0003941,NRE,ACTIVE,2013-06-15,588959.81,INR,2,124131.85,7,5,1,1
ACCT100002336,CUST0000184,SALARY,ACTIVE,2020-03-04,35294.56,USD,3,40747.82,2,2,1,1
ACCT100002337,CUST0001374,NRE,ACTIVE,2016-12-10,1535190.62,AED,1,78926.53,6,1,1,1
ACCT100002338,CUST0003258,SAVINGS,ACTIVE,2013-05-30,27759.11,USD,1,15821.62,1,1,1,1
ACCT100002339,CUST0005390,SAVINGS,ACTIVE,2016-09-19,19141.49,INR,1,1046.59,1,1,1,0
ACCT100002340,CUST0006124,SALARY,ACTIVE,2014-09-03,922.93,SGD,1,15182.2,3,3,1,1
ACCT100002341,CUST0005717,CURRENT,ACTIVE,2013-09-14,31995.62,USD,1,16055.52,1,1,0,1
ACCT100002342,CUST0001537,NRE,ACTIVE,2012-04-05,24848.93,INR,1,342229.15,7,4,1,1
ACCT100002343,CUST0002946,SAVINGS,ACTIVE,2017-04-24,9877.1,INR,1,29769.12,1,1,0,1
ACCT100002344,CUST0000851,SAVINGS,ACTIVE,2017-06-14,14445.33,INR,1,51029.68,2,1,1,1
ACCT100002345,CUST0000962,current,ACTIVE,2014-10-30,210598.76,SGD,1,126693.39,2,1,1,1
ACCT100002346,CUST0000222,NRO,CLOSED,2012-04-02,20133.29,INR,2,51156.29,6,1,0,0
ACCT100002347,CUST0002183,SAVINGS,CLOSED,2019-05-31,53564.12,INR,2,14906.44,3,1,1,1
ACCT100002348,CUST0006041,NRE,ACTIVE,2012-06-03,142082.75,INR,1,319315.47,5,1,1,1
ACCT100002349,CUST0005315,SHELL,DORMANT,2019-11-11,146822.99,INR,1,150905.66,7,2,0,1
ACCT100002350,CUST0004680,NRE,ACTIVE,2017-11-22,5094.35,INR,1,54401.11,4,3,1,1
ACCT100002351,CUST0007098,SALARY,ACTIVE,2015-11-20,9713.32,INR,1,5322.21,3,2,1,0
ACCT100002352,CUST0000060, SALARY ,ACTIVE,2013-03-04,12617.21,INR,1,10627.21,5,1,1,1
ACCT100002353,CUST0005562,SAVINGS,ACTIVE,2012-05-13,15983.21,USD,3,17899.04,1,1,1,1
ACCT100002354,CUST0003763,CURRENT,ACTIVE,2014-06-19,163925.81,USD,1,11298.37,3,1,1,1
ACCT100002355,CUST0002060,CURRENT,ACTIVE,2015-09-16,185425.27,GBP,1,45239.72,3,2,1,1
ACCT100002356,CUST0004324,CURRENT,BLOCKED,2018-10-07,225717.06,INR,1,12067.45,4,1,1,1
ACCT100002357,CUST0000208,SAVINGS,ACTIVE,2016-01-22,10485.96,USD,2,57510.21,2,1,1,1
ACCT100002358,CUST0002820, SAVINGS ,ACTIVE,2021-03-02,6435.32,INR,1,5973.71,4,1,0,1
ACCT100002359,CUST0007873,SAVINGS,ACTIVE,2014-03-19,12996.45,AED,1,47732.97,5,4,1,1
ACCT100002360,CUST0005530,CURRENT,DORMANT,2013-10-18,66479.73,AED,1,30849.19,4,3,1,0
ACCT100002361,CUST0007265,SAVINGS,ACTIVE,2014-05-13,19642.77,SGD,3,22734.09,5,2,1,1
ACCT100002362,CUST0000645,SAVINGS,ACTIVE,2020-07-09,11194.37,SGD,2,59884.32,3,3,0,1
ACCT100002363,CUST0003100,CURRENT,ACTIVE,2014-12-01,15900.79,INR,1,540198.26,3,2,1,1
ACCT100002364,CUST0002294,SALARY,ACTIVE,2013-02-06,1080.38,INR,1,3629.11,2,3,1,1
ACCT100002365,CUST0000615,CURRENT,ACTIVE,2013-08-28,863566.16,INR,3,3288.16,1,1,0,1
ACCT100002366,CUST0004710,SALARY,ACTIVE,2014-12-05,4910.98,INR,1,67862.68,4,3,1,0
ACCT100002367,CUST0004619,SAVINGS,ACTIVE,2014-03-01,4441.23,GBP,1,17350.54,5,3,0,1
ACCT100002368,CUST0007140,SAVINGS,ACTIVE,2019-09-04,100692.82,INR,1,17746.56,4,2,1,1
ACCT100002369,CUST0006251,CURRENT,ACTIVE,2020-08-02,40747.01,INR,1,34501.45,4,3,1,0
ACCT100002370,CUST0004622,SAVINGS,ACTIVE,2021-02-17,20887.15,INR,1,130803.06,1,1,1,1
ACCT100002371,CUST0006231,SAVINGS,ACTIVE,2015-01-22,54179.77,GBP,2,68724.1,5,2,1,1
ACCT100002372,CUST0001693,SHELL,DORMANT,2016-04-02,2625784.69,INR,1,113978.6,9,4,1,0
ACCT100002373,CUST0003258,SALARY,ACTIVE,2014-01-21,23334.46,INR,1,18511.97,1,1,1,1
ACCT100002374,CUST0000069,SAVINGS,ACTIVE,2019-12-25,16802.46,SGD,1,28510.25,4,1,1,1
ACCT100002375,CUST0001791,SAVINGS,ACTIVE,2013-03-09,89700.93,GBP,1,1304.86,1,3,1,1
ACCT100002376,CUST0000863,SALARY,ACTIVE,2013-09-19,9756.3,INR,1,33678.83,3,2,1,1
ACCT100002377,CUST0002583,CURRENT,ACTIVE,2021-07-15,38989.61,INR,1,70257.13,1,2,1,1
ACCT100002378,CUST0002939,CURRENT,ACTIVE,2012-07-08,18668.82,INR,1,174096.79,2,5,1,1
ACCT100002379,CUST0002176,nre,ACTIVE,2014-12-22,328209.66,USD,1,40403.89,6,1,1,1
ACCT100002380,CUST0004161,SAVINGS,ACTIVE,2014-01-21,9249.6,INR,3,12151.52,1,2,1,0
ACCT100002381,CUST0002159,SALARY,DORMANT,2019-06-29,49313.05,INR,2,20049.21,2,1,1,1
ACCT100002382,CUST0002812,CURRENT,ACTIVE,2017-05-14,1053.88,USD,1,33580.11,1,1,0,1
ACCT100002383,CUST0000846,SAVINGS,DORMANT,2021-09-09,3763.62,INR,1,27845.45,4,3,1,0
ACCT100002384,CUST0007683,CURRENT,ACTIVE,2015-07-01,629348.78,INR,1,78683.93,1,5,0,0
ACCT100002385,CUST0003248,SAVINGS,ACTIVE,2015-05-30,1971.89,GBP,1,92710.58,2,1,1,1
ACCT100002386,CUST0006655,SHELL,ACTIVE,2016-08-05,108745.11,INR,1,70721.1,10,3,1,1
ACCT100002387,CUST0002881,SAVINGS,ACTIVE,2021-10-08,96515.9,SGD,2,774.29,4,3,1,0
ACCT100002388,CUST0006517,SALARY,ACTIVE,2014-05-23,1902.44,INR,1,9304.62,1,1,1,1
ACCT100002389,CUST0001560,CURRENT,ACTIVE,2012-08-21,7275.0,INR,2,20674.04,4,1,1,1
ACCT100002390,CUST0003195,CURRENT,ACTIVE,2012-07-08,77888.11,USD,1,47103.92,5,1,1,1
ACCT100002391,CUST0007893, SALARY ,ACTIVE,2012-08-25,245000.0,AED,2,1273.18,3,1,1,1
ACCT100002392,CUST0002620,NRO,ACTIVE,2013-04-21,231459.68,GBP,1,36646.0,7,1,1,1
ACCT100002393,CUST0000444,SALARY,ACTIVE,2014-05-19,620.68,INR,1,1020.03,3,3,1,1
ACCT100002394,CUST0006798,NRE,ACTIVE,2014-12-13,118685.83,INR,2,91489.73,4,1,0,1
ACCT100002395,CUST0001097,NRE,ACTIVE,2016-04-01,723987.12,SGD,2,247220.56,4,1,1,0
ACCT100002396,CUST0003998,SALARY,ACTIVE,2020-02-25,4479.91,INR,2,18469.07,2,5,0,0
ACCT100002397,CUST0005374,SALARY,ACTIVE,2020-09-20,631.99,AED,1,10451.97,4,2,1,1
ACCT100002398,CUST0001001,NRO,ACTIVE,2015-09-26,47634.37,INR,1,50506.44,6,1,1,1
ACCT100002399,CUST0006664, SAVINGS ,DORMANT,2013-04-12,7664.64,INR,1,26771.05,2,2,1,1
ACCT100002400,CUST0006332,SALARY,ACTIVE,2018-11-09,3221.43,INR,1,1367.87,5,1,0,1
ACCT100002401,CUST0002074,CURRENT,ACTIVE,2017-04-15,75276.35,INR,1,118878.4,4,1,1,1
ACCT100002402,CUST0005940,SAVINGS,ACTIVE,2013-12-31,1202.12,INR,1,1003.71,2,1,1,1
ACCT100002403,CUST0000875,NRE,ACTIVE,2019-09-05,508621.46,INR,1,106831.64,7,1,0,1
ACCT100002404,CUST0001216,savings,ACTIVE,2012-05-07,2526.83,INR,1,12787.61,3,2,1,1
ACCT100002405,CUST0004406,NRE,ACTIVE,2016-12-31,123251.36,USD,1,36503.41,4,1,1,1
ACCT100002406,CUST0006437,nro,ACTIVE,2013-10-10,15844.17,INR,1,26635.61,7,1,1,1
ACCT100002407,CUST0000068,SALARY,ACTIVE,2015-03-20,16357.94,USD,1,32675.21,5,2,0,1
ACCT100002408,CUST0002336,NRE,BLOCKED,2019-02-16,17031.82,INR,3,98655.21,7,1,1,1
ACCT100002409,CUST0002806,SAVINGS,ACTIVE,2017-08-13,21540.06,AED,3,6504.99,1,1,0,1
ACCT100002410,CUST0006651,SAVINGS,ACTIVE,2014-05-11,4408.87,INR,2,9024.34,1,1,1,1
ACCT100002411,CUST0003083,SALARY,ACTIVE,2017-08-09,6469.0,USD,1,1940.52,3,1,1,1
ACCT100002412,CUST0007688,CURRENT,ACTIVE,2021-05-21,614507.72,INR,3,5898.39,2,1,1,1
ACCT100002413,CUST0004859,CURRENT,DORMANT,2018-07-12,12775.01,INR,1,554773.13,4,1,0,1
ACCT100002414,CUST0006853, SAVINGS ,ACTIVE,2020-07-17,8658.12,USD,1,281822.63,5,4,1,1
ACCT100002415,CUST0004299,TRUST,DORMANT,2020-01-23,157431.88,INR,1,195651.15,7,1,1,1
ACCT100002416,CUST0007966,SAVINGS,ACTIVE,2020-03-13,9717.58,INR,3,37231.13,3,1,1,0
ACCT100002417,CUST0001229,SAVINGS,ACTIVE,2018-03-17,32476.91,SGD,1,51380.81,5,1,1,1
ACCT100002418,CUST0000953,CURRENT,ACTIVE,2015-08-22,41074.19,USD,3,114584.79,1,1,1,0
ACCT100002419,CUST0007577,SALARY,ACTIVE,2020-07-03,5079.63,INR,1,6364.06,4,2,1,1
ACCT100002420,CUST0006358,SALARY,ACTIVE,2020-08-25,28881.02,AED,1,32630.72,2,1,1,1
ACCT100002421,CUST0002588,SAVINGS,DORMANT,2017-04-17,798.08,INR,2,13517.37,5,4,1,0
ACCT100002422,CUST0002142,SAVINGS,ACTIVE,2013-06-10,495997.74,AED,2,18484.54,1,2,1,1
ACCT100002423,CUST0001608,SALARY,DORMANT,2015-06-01,12164.05,AED,1,2267.24,2,1,1,1
ACCT100002424,CUST0002637,SAVINGS,ACTIVE,2013-08-04,22407.29,SGD,1,12639.65,3,1,1,1
ACCT100002425,CUST0001345,SALARY,BLOCKED,2017-03-19,27765.45,INR,1,20399.14,3,3,1,1
ACCT100002426,CUST0000083,SAVINGS,ACTIVE,2017-08-16,21209.17,AED,1,19653.7,5,4,1,0
ACCT100002427,CUST0000552,SAVINGS,ACTIVE,2014-04-17,15667.76,USD,2,181.15,5,1,1,1
ACCT100002428,CUST0007025,SAVINGS,ACTIVE,2012-08-16,2512.48,INR,1,8965.13,3,2,1,0
ACCT100002429,CUST0001178,NRE,DORMANT,2017-10-30,501334.73,INR,1,592837.44,4,1,1,0
ACCT100002430,CUST0005011,CURRENT,ACTIVE,2019-09-03,511262.58,INR,2,191790.62,4,5,1,1
ACCT100002431,CUST0003189,SAVINGS,ACTIVE,2015-08-02,17609.56,SGD,1,85580.67,2,1,1,1
ACCT100002432,CUST0007626,SAVINGS,ACTIVE,2015-02-13,3612.52,INR,2,6206.44,3,1,1,0
ACCT100002433,CUST0005881,CURRENT,ACTIVE,2020-04-04,100727.39,INR,2,130499.92,3,1,1,0
ACCT100002434,CUST0004885,CURRENT,DORMANT,2012-04-01,11574.01,USD,1,7592.84,3,2,1,1
ACCT100002435,CUST0006000,SALARY,ACTIVE,2021-05-26,34318.25,INR,1,6692.53,5,2,1,1
ACCT100002436,CUST0003937,SAVINGS,ACTIVE,2021-10-18,5010.62,AED,2,5770.17,2,1,1,0
ACCT100002437,CUST0001599,CURRENT,ACTIVE,2014-03-10,163579.34,SGD,1,89491.73,2,2,1,1
ACCT100002438,CUST0007723,CURRENT,ACTIVE,2015-01-12,3499.26,INR,1,97017.41,1,5,1,1
ACCT100002439,CUST0007745,CURRENT,ACTIVE,2021-09-16,3830999.9,AED,1,10835.4,4,1,1,1
ACCT100002440,CUST0007294,NRO,ACTIVE,2018-05-14,407465.78,AED,1,93734.58,5,2,1,1
ACCT100002441,CUST0000297,CURRENT,ACTIVE,2017-06-12,208456.4,INR,1,250535.87,1,1,0,1
ACCT100002442,CUST0006292,SALARY,ACTIVE,2018-06-13,28007.97,SGD,2,1826.06,3,1,1,0
ACCT100002443,CUST0006419,NRO,ACTIVE,2013-02-20,410145.56,USD,2,68422.94,4,1,1,1
ACCT100002444,CUST0000761,SAVINGS,ACTIVE,2014-06-26,4586.33,USD,1,106865.34,2,1,0,1
ACCT100002445,CUST0005269,SALARY,BLOCKED,2021-07-28,15733.84,USD,1,1383.11,2,1,1,1
ACCT100002446,CUST0007331,SALARY,ACTIVE,2017-10-31,5748.07,INR,1,12215.51,5,1,1,0
ACCT100002447,CUST0003796,NRO,ACTIVE,2012-02-19,12248.02,INR,1,20690.03,7,1,1,1
ACCT100002448,CUST0000618,CURRENT,ACTIVE,2012-07-25,241318.41,USD,1,36528.08,3,1,1,1
ACCT100002449,CUST0007011,TRUST,DORMANT,2017-09-08,67748.41,INR,2,223284.69,9,1,0,1
ACCT100002450,CUST0001271,CURRENT,ACTIVE,2020-04-26,102350.21,SGD,1,78070.11,5,2,1,1
ACCT100002451,CUST0004822,SAVINGS,BLOCKED,2013-04-03,47368.15,INR,2,17723.4,3,1,1,0
ACCT100002452,CUST0002210,NRE,BLOCKED,2020-11-23,284471.07,USD,1,7988.38,7,1,0,0
ACCT100002453,CUST0007210,SAVINGS,ACTIVE,2015-03-11,21296.8,INR,1,7391.03,1,1,1,0
ACCT100002454,CUST0001510,TRUST,DORMANT,2013-10-29,346978.95,AED,1,1236789.69,9,3,0,1
ACCT100002455,CUST0005934,SAVINGS,CLOSED,2014-02-14,37095.6,INR,1,3731.09,2,3,1,1
ACCT100002456,CUST0005115,SALARY,ACTIVE,2020-06-12,14396.82,USD,1,2420.87,2,1,0,1
ACCT100002457,CUST0000238,SAVINGS,BLOCKED,2016-09-20,134832.68,AED,1,20451.64,4,1,1,1
ACCT100002458,CUST0006557,CURRENT,ACTIVE,2018-06-02,31158.95,USD,1,180279.53,2,1,1,1
ACCT100002459,CUST0000340,SAVINGS,ACTIVE,2016-09-26,90008.12,INR,1,13720.37,3,1,1,1
ACCT100002460,CUST0004378,SALARY,ACTIVE,2017-04-15,8653.04,USD,2,10059.32,1,2,1,0
ACCT100002461,CUST0002975,SALARY,ACTIVE,2015-03-28,2792.63,INR,1,7899.73,2,4,1,1
ACCT100002462,CUST0006597,SAVINGS,ACTIVE,2021-08-23,5007.55,AED,1,30094.77,3,1,1,1
ACCT100002463,CUST0006374,SAVINGS,ACTIVE,2018-07-09,4863.12,INR,3,2881.26,2,1,1,1
ACCT100002464,CUST0002729,SALARY,ACTIVE,2018-09-07,42481.83,INR,1,2396.6,5,1,1,1
ACCT100002465,CUST0001092,SALARY,ACTIVE,2018-02-26,2166.03,SGD,1,3859.52,4,2,1,1
ACCT100002466,CUST0006879,SAVINGS,DORMANT,2015-03-19,27634.24,INR,1,77602.57,2,2,0,1
ACCT100002467,CUST0001958,SAVINGS,ACTIVE,2016-04-09,80491.74,USD,1,10357.35,1,3,0,0
ACCT100002468,CUST0001403,SALARY,ACTIVE,2018-08-25,389.44,AED,1,1945.95,4,3,1,1
ACCT100002469,CUST0000315,CURRENT,ACTIVE,2021-09-28,142989.65,INR,1,20212.92,1,3,1,0
ACCT100002470,CUST0002854,SAVINGS,ACTIVE,2014-12-31,353220.77,INR,1,1637.86,1,2,1,1
ACCT100002471,CUST0002654,SHELL,ACTIVE,2015-04-11,897767.12,INR,1,85001.61,10,1,1,1
ACCT100002472,CUST0000073,CURRENT,ACTIVE,2019-05-10,201282.79,USD,2,9558.88,5,4,1,1
ACCT100002473,CUST0004580,SALARY,ACTIVE,2014-03-13,25339.56,INR,1,6032.77,2,4,1,0
ACCT100002474,CUST0002978,NRO,ACTIVE,2019-02-02,59020.95,INR,1,7761.68,7,2,1,1
ACCT100002475,CUST0005401,TRUST,ACTIVE,2015-09-19,170955.61,GBP,1,195430.56,9,1,1,1
ACCT100002476,CUST0005304,NRO,ACTIVE,2020-05-09,222574.17,INR,1,235812.65,6,4,1,1
ACCT100002477,CUST0002516,SALARY,ACTIVE,2016-11-15,4227.12,INR,1,9913.79,3,1,1,0
ACCT100002478,CUST0005295,SAVINGS,ACTIVE,2018-06-30,7118.99,USD,1,23597.44,3,4,0,1
ACCT100002479,CUST0004379,TRUST,DORMANT,2020-08-25,801956.29,USD,1,170591.95,7,1,1,1
ACCT100002480,CUST0002786,SHELL,DORMANT,2012-05-06,193783.01,INR,1,189857.75,9,2,1,1
ACCT100002481,CUST0007918,SAVINGS,ACTIVE,2019-09-10,43320.25,INR,1,53406.82,4,1,1,1
ACCT100002482,CUST0002643,NRO,ACTIVE,2012-03-30,44942.01,INR,3,296404.71,5,2,1,1
ACCT100002483,CUST0003382,NRO,ACTIVE,2018-11-21,43787.37,INR,1,77745.74,5,1,1,1
ACCT100002484,CUST0001530,CURRENT,ACTIVE,2012-09-28,51186.2,INR,2,7989.56,4,3,1,0
ACCT100002485,CUST0006764,NRE,ACTIVE,2012-11-08,335822.23,USD,1,42280.57,4,1,1,1
ACCT100002486,CUST0004985,TRUST,ACTIVE,2020-10-03,244351.7,USD,2,2166409.34,7,1,0,1
ACCT100002487,CUST0001850,CURRENT,ACTIVE,2021-07-27,417226.53,SGD,2,4070.22,2,1,1,0
ACCT100002488,CUST0004444,CURRENT,DORMANT,2018-05-15,10631.98,INR,2,32216.85,1,1,1,1
ACCT100002489,CUST0004073,SAVINGS,ACTIVE,2021-07-02,573418.51,INR,1,9210.64,5,2,1,1
ACCT100002490,CUST0002198,SAVINGS,ACTIVE,2018-04-29,73149.26,USD,2,82556.13,3,2,0,1
ACCT100002491,CUST0004583,NRO,ACTIVE,2018-01-20,138900.42,INR,2,11743.28,5,1,1,0
ACCT100002492,CUST0007531,SAVINGS,ACTIVE,2018-01-14,39433.71,USD,1,19002.69,1,3,1,1
ACCT100002493,CUST0004421,TRUST,ACTIVE,2014-06-10,25833.36,INR,1,301942.05,9,4,1,1
ACCT100002494,CUST0002340,SALARY,ACTIVE,2020-09-12,1487.03,INR,1,5251.01,1,1,1,1
ACCT100002495,CUST0007953,SALARY,ACTIVE,2015-12-20,7662.21,INR,1,3545.63,1,4,0,1
ACCT100002496,CUST0006300,CURRENT,ACTIVE,2018-01-09,34863.68,GBP,1,8899.12,3,1,0,1
ACCT100002497,CUST0004396,SAVINGS,ACTIVE,2020-04-21,246851.13,USD,2,8377.86,5,1,0,1
ACCT100002498,CUST0002845,CURRENT,ACTIVE,2017-02-06,86917.91,INR,2,11245.78,3,4,0,1
ACCT100002499,CUST0002253,CURRENT,BLOCKED,2017-10-30,197841.13,INR,1,110072.29,3,3,1,1
ACCT100002500,CUST0007013,CURRENT,ACTIVE,2020-08-03,46960.28,USD,1,43174.33,5,1,1,1
ACCT100002501,CUST0003549,savings,ACTIVE,2013-05-16,5318.49,AED,2,11382.26,5,1,1,1
ACCT100002502,CUST0005478,NRO,DORMANT,2018-04-11,218988.16,INR,1,12298.65,6,5,1,1
ACCT100002503,CUST0000878,SAVINGS,ACTIVE,2018-06-15,19763.38,INR,2,51085.26,5,4,1,1
ACCT100002504,CUST0001155,SALARY,ACTIVE,2019-11-30,20234.43,AED,1,4106.26,1,1,0,1
ACCT100002505,CUST0002159,SALARY,DORMANT,2013-06-01,8004.45,INR,1,9427.7,4,1,0,1
ACCT100002506,CUST0000741,SAVINGS,ACTIVE,2021-07-02,2473.1,INR,2,5782.85,4,1,0,1
ACCT100002507,CUST0001381, SHELL ,BLOCKED,2013-08-25,16710276.38,USD,1,72891.07,10,1,1,0
ACCT100002508,CUST0004432,CURRENT,ACTIVE,2013-03-05,17404.81,INR,1,19875.43,2,1,0,1
ACCT100002509,CUST0000345,nre,ACTIVE,2014-09-24,134970.64,INR,2,399181.91,4,1,0,1
ACCT100002510,CUST0003666,SAVINGS,ACTIVE,2016-01-01,34637.7,USD,1,14615.72,5,2,1,0
ACCT100002511,CUST0005713,SAVINGS,BLOCKED,2015-01-19,1114.4,USD,1,8349.8,4,1,1,1
ACCT100002512,CUST0001035,SAVINGS,CLOSED,2017-09-22,127744.25,SGD,3,22270.84,2,3,1,1
ACCT100002513,CUST0000643,CURRENT,ACTIVE,2021-08-27,13012.42,AED,1,11809.8,3,3,1,1
ACCT100002514,CUST0002981,SALARY,ACTIVE,2012-01-28,42764.39,INR,1,700.57,2,1,1,1
ACCT100002515,CUST0001208,SAVINGS,ACTIVE,2021-08-06,1992.72,INR,2,14269.76,1,2,1,1
ACCT100002516,CUST0001567,CURRENT,ACTIVE,2016-02-23,133023.54,USD,1,9042.87,4,1,1,1
ACCT100002517,CUST0004960,SAVINGS,ACTIVE,2019-11-11,926.97,USD,1,24773.92,3,1,1,1
ACCT100002518,CUST0000344,SAVINGS,ACTIVE,2018-02-24,111388.36,INR,1,17249.38,5,2,1,1
ACCT100002519,CUST0002557,SAVINGS,ACTIVE,2012-07-19,28121.8,INR,2,30042.79,3,1,1,1
ACCT100002520,CUST0003887,CURRENT,ACTIVE,2021-11-21,70208.97,USD,1,2443.66,4,1,0,1
ACCT100002521,CUST0001020,SAVINGS,ACTIVE,2021-02-28,60728.6,INR,1,8629.52,1,1,1,1
ACCT100002522,CUST0000444,CURRENT,ACTIVE,2013-12-27,11716.81,INR,1,179138.19,1,2,1,1
ACCT100002523,CUST0001881,CURRENT,ACTIVE,2013-12-06,17992.56,USD,1,148195.16,1,1,1,1
ACCT100002524,CUST0003505,SAVINGS,ACTIVE,2018-08-22,2770.08,AED,3,15557.35,5,4,0,1
ACCT100002525,CUST0004811,CURRENT,ACTIVE,2015-11-19,9570.09,AED,1,120190.26,2,1,1,1
ACCT100002526,CUST0000152,savings,ACTIVE,2020-01-07,27941.99,INR,1,62627.26,4,3,1,1
ACCT100002527,CUST0002332,SALARY,ACTIVE,2018-05-15,9401.96,USD,1,25952.89,4,1,0,0
ACCT100002528,CUST0006766,SAVINGS,ACTIVE,2021-05-03,1538.49,INR,2,37810.23,4,1,1,0
ACCT100002529,CUST0001848,CURRENT,ACTIVE,2018-12-09,48620.25,INR,1,88394.82,3,1,1,1
ACCT100002530,CUST0000492,SAVINGS,ACTIVE,2016-08-13,26498.51,USD,1,12343.17,4,1,1,0
ACCT100002531,CUST0003871,SAVINGS,CLOSED,2012-03-01,42159.81,USD,1,1557.37,4,3,1,0
ACCT100002532,CUST0006344,CURRENT,CLOSED,2020-12-15,366795.75,GBP,1,90844.74,4,4,1,1
ACCT100002533,CUST0003101,SALARY,BLOCKED,2013-09-03,4122.53,INR,2,1540.36,2,1,0,1
ACCT100002534,CUST0003154,CURRENT,CLOSED,2020-02-15,141627.54,INR,1,19479.75,2,2,0,1
ACCT100002535,CUST0005963,SALARY,ACTIVE,2019-04-05,9983.49,INR,1,419.51,5,3,1,1
ACCT100002536,CUST0006236, SALARY ,DORMANT,2015-08-13,18752.84,SGD,1,4537.06,5,3,1,0
ACCT100002537,CUST0004588,SALARY,ACTIVE,2019-07-13,126771.39,INR,1,27899.78,2,1,1,1
ACCT100002538,CUST0006210,NRO,ACTIVE,2018-11-14,20152.79,INR,1,300168.94,4,3,1,0
ACCT100002539,CUST0006789,SAVINGS,ACTIVE,2015-04-10,116357.87,INR,1,5776.63,3,1,1,1
ACCT100002540,CUST0003209,SAVINGS,ACTIVE,2015-01-03,93032.9,INR,1,3635.2,1,2,1,1
ACCT100002541,CUST0001969,SAVINGS,ACTIVE,2017-02-26,7765.11,USD,1,43353.9,2,1,1,1
ACCT100002542,CUST0004389, SAVINGS ,ACTIVE,2019-03-28,46751.23,INR,1,18070.69,5,2,1,1
ACCT100002543,CUST0004950,SAVINGS,CLOSED,2013-04-04,13222.33,INR,1,3111.59,1,1,0,1
ACCT100002544,CUST0006336,SAVINGS,ACTIVE,2015-03-18,1585.77,INR,1,25470.29,3,1,1,0
ACCT100002545,CUST0001045,SALARY,ACTIVE,2015-12-15,4390.23,INR,3,42236.15,5,2,0,1
ACCT100002546,CUST0006695,NRE,ACTIVE,2014-11-17,111353.82,INR,1,427452.13,5,1,1,1
ACCT100002547,CUST0000290,SAVINGS,ACTIVE,2016-07-19,40223.92,INR,1,3025.44,1,3,1,1
ACCT100002548,CUST0002034,SALARY,ACTIVE,2018-06-20,1645.67,INR,1,1818.89,5,1,0,1
ACCT100002549,CUST0002903,NRO,ACTIVE,2019-02-04,46138.94,INR,1,164028.69,4,1,1,0
ACCT100002550,CUST0000357,SALARY,ACTIVE,2014-03-20,3383.78,USD,1,10232.77,2,2,1,1
ACCT100002551,CUST0004483,SAVINGS,ACTIVE,2012-03-10,13716.58,INR,3,3601.88,3,1,0,1
ACCT100002552,CUST0005355,SALARY,ACTIVE,2018-01-01,181433.92,USD,2,3463.07,2,1,1,1
ACCT100002553,CUST0007267,CURRENT,ACTIVE,2015-04-01,1463.91,INR,1,12392.18,1,2,1,1
ACCT100002554,CUST0007139,SAVINGS,ACTIVE,2013-02-24,15441.76,INR,2,1777.65,2,3,1,1
ACCT100002555,CUST0004074,CURRENT,ACTIVE,2016-10-17,104968.74,INR,1,4975.98,5,1,0,1
ACCT100002556,CUST0004327,SAVINGS,ACTIVE,2020-12-07,18779.95,SGD,1,23710.19,5,3,1,1
ACCT100002557,CUST0002839,CURRENT,ACTIVE,2014-11-21,538363.06,USD,1,35625.59,1,1,1,1
ACCT100002558,CUST0003620,CURRENT,ACTIVE,2012-04-26,100209.42,INR,3,30053.9,2,1,1,1
ACCT100002559,CUST0006982,CURRENT,ACTIVE,2014-06-04,69673.31,INR,1,20108.54,5,2,1,1
ACCT100002560,CUST0003917,SAVINGS,ACTIVE,2013-08-01,3014.27,USD,1,6760.47,1,1,1,1
ACCT100002561,CUST0004399,CURRENT,ACTIVE,2015-02-20,270258.42,INR,1,55265.97,4,4,1,1
ACCT100002562,CUST0007276,NRE,ACTIVE,2014-06-01,35322.86,INR,1,235748.31,4,1,0,0
ACCT100002563,CUST0002673,NRE,ACTIVE,2017-01-18,254957.16,AED,1,751280.55,6,1,0,1
ACCT100002564,CUST0007023,CURRENT,ACTIVE,2018-09-13,7370.98,AED,1,20512.31,4,2,1,1
ACCT100002565,CUST0002617,SAVINGS,ACTIVE,2015-10-20,227885.33,INR,2,30785.69,4,2,0,1
ACCT100002566,CUST0004387,SALARY,DORMANT,2016-02-23,13309.29,AED,1,16405.2,1,5,1,1
ACCT100002567,CUST0004743,SALARY,ACTIVE,2013-02-11,68065.18,AED,2,8443.01,1,1,1,1
ACCT100002568,CUST0002478,NRO,ACTIVE,2018-02-20,338529.54,USD,1,473530.03,5,1,1,1
ACCT100002569,CUST0001467,NRE,BLOCKED,2018-12-22,198166.41,INR,1,436907.66,6,2,1,1
ACCT100002570,CUST0004994,NRE,ACTIVE,2019-06-29,513995.24,AED,2,122358.34,4,4,0,1
ACCT100002571,CUST0005404,NRO,ACTIVE,2016-01-20,93210.71,INR,1,68806.83,6,1,1,1
ACCT100002572,CUST0000841,savings,ACTIVE,2014-08-06,363.78,USD,1,50054.91,5,1,1,1
ACCT100002573,CUST0007659,SALARY,ACTIVE,2013-03-21,2332.85,INR,1,1551.62,2,4,1,1
ACCT100002574,CUST0003052,TRUST,ACTIVE,2016-08-29,1040562.54,INR,1,205605.44,7,4,1,1
ACCT100002575,CUST0007070,CURRENT,ACTIVE,2021-02-02,16229.01,INR,1,67439.36,5,1,1,1
ACCT100002576,CUST0001671,NRO,ACTIVE,2013-09-08,75351.15,INR,2,38621.02,7,1,0,1
ACCT100002577,CUST0002342,NRO,ACTIVE,2016-06-04,217425.39,INR,1,23093.97,7,1,0,1
ACCT100002578,CUST0004946,SAVINGS,ACTIVE,2018-07-18,19396.07,AED,2,4943.54,3,1,0,1
ACCT100002579,CUST0004384,NRO,DORMANT,2014-05-17,11747.1,AED,1,5830.1,6,2,1,1
ACCT100002580,CUST0006691,SAVINGS,ACTIVE,2013-05-16,2122.57,GBP,1,1522.14,2,1,1,1
ACCT100002581,CUST0007955,CURRENT,ACTIVE,2020-01-17,69809.35,USD,1,32528.47,3,3,0,1
ACCT100002582,CUST0001420,NRE,ACTIVE,2021-08-15,845339.27,INR,1,15523.86,5,1,0,1
ACCT100002583,CUST0002547,SAVINGS,ACTIVE,2018-11-12,230006.93,INR,1,12970.4,1,2,1,1
ACCT100002584,CUST0007398,CURRENT,ACTIVE,2019-10-31,912131.22,USD,2,6581.92,1,2,1,1
ACCT100002585,CUST0003243, SAVINGS ,BLOCKED,2018-05-13,37981.75,AED,1,13327.22,1,1,0,1
ACCT100002586,CUST0002636,SALARY,BLOCKED,2021-08-02,52039.61,INR,1,11622.29,3,5,1,0
ACCT100002587,CUST0007746,NRO,ACTIVE,2020-08-26,238257.3,INR,1,72071.46,6,3,1,1
ACCT100002588,CUST0004522,nre,ACTIVE,2014-01-03,41234.49,USD,1,194532.05,6,2,1,0
ACCT100002589,CUST0004685,CURRENT,ACTIVE,2018-07-06,10542.21,INR,1,3831.05,5,2,1,0
ACCT100002590,CUST0006225,NRE,ACTIVE,2021-06-09,192882.32,INR,1,318993.37,6,1,0,1
ACCT100002591,CUST0007376,NRO,ACTIVE,2016-06-25,503604.44,AED,1,36311.88,5,3,0,0
ACCT100002592,CUST0004564,CURRENT,ACTIVE,2020-01-19,15633.47,USD,1,13227.63,5,1,1,1
ACCT100002593,CUST0007107,NRO,ACTIVE,2015-10-17,90504.79,INR,3,75981.38,7,1,0,1
ACCT100002594,CUST0002027,NRO,ACTIVE,2017-06-23,312331.19,INR,1,12444.79,4,1,0,1
ACCT100002595,CUST0007539,SAVINGS,ACTIVE,2017-08-17,14439.16,INR,1,5059.49,1,1,1,1
ACCT100002596,CUST0001161,NRO,CLOSED,2015-09-20,102949.5,INR,3,51423.21,6,1,1,0
ACCT100002597,CUST0003000,SAVINGS,ACTIVE,2016-07-07,98964.32,INR,2,54063.57,4,1,1,1
ACCT100002598,CUST0000200,SAVINGS,DORMANT,2018-11-03,3202646.66,INR,1,17369.76,1,3,1,0
ACCT100002599,CUST0004417,SALARY,ACTIVE,2015-03-11,1768.08,INR,1,8411.61,5,1,0,1
ACCT100002600,CUST0003890,SAVINGS,ACTIVE,2014-08-21,14091.47,USD,1,2688.88,5,1,0,1
ACCT100002601,CUST0007895,NRO,DORMANT,2018-02-13,2034816.7,INR,3,331456.51,6,1,1,1
ACCT100002602,CUST0001784,NRE,ACTIVE,2013-05-14,190652.6,INR,2,268717.22,6,2,1,1
ACCT100002603,CUST0003471,CURRENT,ACTIVE,2020-11-08,15448.9,INR,2,152409.37,5,1,0,1
ACCT100002604,CUST0002240,NRE,ACTIVE,2017-01-27,387540.06,SGD,1,463438.0,7,2,1,0
ACCT100002605,CUST0004668,NRE,ACTIVE,2014-03-15,142054.4,USD,1,127725.31,5,1,1,1
ACCT100002606,CUST0007422,CURRENT,DORMANT,2021-07-28,7013.54,INR,2,36328.06,5,1,1,1
ACCT100002607,CUST0006354,SAVINGS,ACTIVE,2015-05-06,8755.52,SGD,1,1668.58,3,1,1,1
ACCT100002608,CUST0002273,SALARY,DORMANT,2017-10-11,35919.45,USD,1,9360.33,3,1,1,1
ACCT100002609,CUST0006588,NRE,ACTIVE,2014-02-05,53512.04,INR,1,49227.87,4,1,1,1
ACCT100002610,CUST0002044,TRUST,ACTIVE,2018-02-07,649998.2,SGD,2,555442.91,7,1,1,1
ACCT100002611,CUST0002095,SAVINGS,ACTIVE,2021-04-28,503150.15,USD,1,18246.56,1,1,0,1
ACCT100002612,CUST0003090,CURRENT,ACTIVE,2012-02-16,8918.47,INR,3,6847.4,2,1,1,1
ACCT100002613,CUST0002613,SALARY,ACTIVE,2016-07-10,8033.96,USD,3,2134.96,3,2,1,1
ACCT100002614,CUST0002925,CURRENT,ACTIVE,2013-12-20,97536.09,USD,1,83294.1,5,1,1,0
ACCT100002615,CUST0004161,SAVINGS,DORMANT,2020-11-03,26912.33,INR,1,3304.87,2,1,1,1
ACCT100002616,CUST0002808,SALARY,ACTIVE,2017-04-02,23653.95,SGD,1,29394.07,2,1,1,1
ACCT100002617,CUST0000429,NRO,ACTIVE,2015-12-03,78642.29,INR,1,76059.26,4,2,1,1
ACCT100002618,CUST0005229,TRUST,ACTIVE,2013-03-26,803278.05,AED,1,18617.83,7,3,1,1
ACCT100002619,CUST0007072,SHELL,ACTIVE,2017-01-29,354036.3,USD,3,476044.95,7,2,1,1
ACCT100002620,CUST0005200,CURRENT,DORMANT,2013-01-04,21739.78,USD,1,266270.23,2,3,1,1
ACCT100002621,CUST0006815,SAVINGS,ACTIVE,2012-06-22,12273.06,AED,2,2386.73,1,2,0,0
ACCT100002622,CUST0004925,NRE,ACTIVE,2020-09-22,1294087.77,INR,1,118511.54,5,2,1,1
ACCT100002623,CUST0006683,SALARY,ACTIVE,2019-01-12,7729.65,INR,1,21832.91,2,5,1,0
ACCT100002624,CUST0001264,NRE,ACTIVE,2016-11-19,1724477.2,SGD,2,220912.35,4,3,0,0
ACCT100002625,CUST0002757,CURRENT,BLOCKED,2012-06-08,5133.41,INR,1,328352.44,5,1,1,1
ACCT100002626,CUST0005716,SAVINGS,CLOSED,2021-03-31,91593.96,INR,1,47916.13,5,1,1,1
ACCT100002627,CUST0001933,NRE,ACTIVE,2014-10-08,980439.56,INR,2,255013.24,6,3,1,1
ACCT100002628,CUST0003443,CURRENT,ACTIVE,2015-11-25,42479.89,USD,1,17394.15,4,1,1,1
ACCT100002629,CUST0005750,SALARY,ACTIVE,2020-04-10,220702.79,AED,1,27712.86,5,2,1,1
ACCT100002630,CUST0002253,NRO,ACTIVE,2021-01-18,95675.78,INR,1,18596.24,6,1,1,1
ACCT100002631,CUST0000551,CURRENT,ACTIVE,2012-10-22,128153.92,GBP,2,13504.58,3,2,1,0
ACCT100002632,CUST0007493,nre,ACTIVE,2015-01-03,35763.59,INR,1,37114.78,4,4,1,1
ACCT100002633,CUST0000294,CURRENT,ACTIVE,2012-02-04,69751.11,INR,2,43038.48,4,2,1,1
ACCT100002634,CUST0001121,SALARY,DORMANT,2019-12-21,3165.52,GBP,1,3436.67,1,1,1,1
ACCT100002635,CUST0000660,NRE,ACTIVE,2020-06-29,5192.09,INR,1,297291.05,7,1,1,1
ACCT100002636,CUST0000665,SAVINGS,ACTIVE,2020-10-25,103133.4,AED,1,5750.82,4,4,1,1
ACCT100002637,CUST0002409,nre,ACTIVE,2018-12-13,254422.48,USD,2,25078.5,7,2,1,1
ACCT100002638,CUST0006829,SAVINGS,DORMANT,2021-04-13,101400.69,SGD,1,18363.83,3,5,1,1
ACCT100002639,CUST0002067,CURRENT,DORMANT,2014-01-02,54420.52,INR,1,4940.47,1,1,1,1
ACCT100002640,CUST0006486,SAVINGS,ACTIVE,2018-03-21,1307.27,INR,1,13683.13,3,1,1,1
ACCT100002641,CUST0007460,SAVINGS,ACTIVE,2012-01-06,29930.57,USD,3,42776.96,3,1,1,1
ACCT100002642,CUST0000510,SAVINGS,ACTIVE,2018-12-31,26952.26,INR,3,9936.29,1,2,1,1
ACCT100002643,CUST0001815,SAVINGS,ACTIVE,2017-04-27,7520.14,USD,1,6515.61,2,1,1,1
ACCT100002644,CUST0001263,SALARY,ACTIVE,2019-12-31,8022.6,AED,2,776.91,1,1,0,1
ACCT100002645,CUST0000116,CURRENT,ACTIVE,2014-06-10,100041.13,INR,2,37363.07,3,2,1,1
ACCT100002646,CUST0000278,CURRENT,ACTIVE,2018-06-22,30927.25,USD,1,5376.98,2,1,1,1
ACCT100002647,CUST0006911,CURRENT,DORMANT,2021-09-29,72023.17,AED,3,18686.36,5,1,1,1
ACCT100002648,CUST0007201,SALARY,ACTIVE,2012-12-18,13052.66,GBP,2,4978.34,4,1,1,1
ACCT100002649,CUST0007069,NRO,ACTIVE,2018-09-05,81670.39,USD,1,28081.98,5,2,0,1
ACCT100002650,CUST0003307,savings,ACTIVE,2021-06-02,9437.63,USD,1,16571.71,2,1,1,1
ACCT100002651,CUST0006683,NRO,ACTIVE,2012-12-26,7360.5,SGD,2,30562.59,6,1,0,0
ACCT100002652,CUST0003652,CURRENT,ACTIVE,2016-05-22,11918.32,USD,2,51236.63,3,2,1,1
ACCT100002653,CUST0007452,CURRENT,ACTIVE,2014-09-13,31977.44,SGD,2,55740.79,3,1,0,0
ACCT100002654,CUST0005643,SALARY,DORMANT,2020-11-01,966.96,INR,2,16606.97,4,1,1,0
ACCT100002655,CUST0004584,CURRENT,DORMANT,2020-10-17,11171.96,USD,1,15018.75,4,3,1,1
ACCT100002656,CUST0003103,SAVINGS,ACTIVE,2014-01-21,36964.8,USD,1,4181.38,3,2,0,1
ACCT100002657,CUST0003843,NRO,ACTIVE,2012-08-19,37637.36,INR,1,47838.62,6,5,1,1
ACCT100002658,CUST0004951,CURRENT,BLOCKED,2013-01-06,128401.54,USD,1,163416.69,4,1,1,1
ACCT100002659,CUST0007445,SAVINGS,ACTIVE,2012-05-09,57711.98,INR,2,10760.68,3,1,0,1
ACCT100002660,CUST0001866,CURRENT,ACTIVE,2014-02-14,3550.76,SGD,1,16079.04,2,2,0,1
ACCT100002661,CUST0003478,SAVINGS,ACTIVE,2015-12-08,327240.43,USD,2,25637.13,3,5,1,1
ACCT100002662,CUST0000011,CURRENT,ACTIVE,2017-02-21,33510.82,INR,2,15606.18,2,3,1,1
ACCT100002663,CUST0007749,SALARY,ACTIVE,2013-08-04,1377.91,INR,2,88368.55,5,2,1,1
ACCT100002664,CUST0007310,SAVINGS,ACTIVE,2019-02-12,69548.0,INR,1,22218.06,5,1,1,1
ACCT100002665,CUST0005188,NRE,DORMANT,2020-02-17,178257.31,USD,3,32461.18,5,5,1,1
ACCT100002666,CUST0000083,CURRENT,ACTIVE,2021-07-01,1291.81,INR,1,34720.74,5,1,1,1
ACCT100002667,CUST0005676,CURRENT,ACTIVE,2013-12-05,15715.24,INR,1,5948.39,3,2,0,1
ACCT100002668,CUST0004313,SAVINGS,ACTIVE,2021-01-16,6306.55,USD,1,16275.43,1,2,0,1
ACCT100002669,CUST0000798,CURRENT,ACTIVE,2016-03-25,232831.61,INR,1,13265.57,1,1,1,1
ACCT100002670,CUST0005815,CURRENT,ACTIVE,2020-11-16,22741.09,GBP,1,62311.58,4,3,0,1
ACCT100002671,CUST0003047,SAVINGS,ACTIVE,2020-03-09,7441.33,SGD,1,15459.36,3,3,1,1
ACCT100002672,CUST0004633,SAVINGS,ACTIVE,2013-10-03,30869.23,INR,1,19099.77,1,2,1,1
ACCT100002673,CUST0001624,current,ACTIVE,2019-02-23,29875.57,INR,1,57749.19,3,1,0,1
ACCT100002674,CUST0004746,SAVINGS,ACTIVE,2013-06-05,9843.33,USD,1,14657.51,3,3,0,1
ACCT100002675,CUST0007743,current,ACTIVE,2016-01-07,324491.89,INR,1,6347.42,3,1,1,1
ACCT100002676,CUST0005844,NRO,ACTIVE,2015-02-15,144739.71,SGD,1,111084.59,6,1,0,0
ACCT100002677,CUST0000790,SALARY,ACTIVE,2016-07-20,3995.31,SGD,1,24421.81,1,1,1,1
ACCT100002678,CUST0002357,CURRENT,ACTIVE,2016-03-23,427207.1,INR,1,27684.47,5,5,1,1
ACCT100002679,CUST0000537,NRE,ACTIVE,2017-09-17,2014464.8,INR,2,177239.93,6,2,1,1
ACCT100002680,CUST0004021,SAVINGS,ACTIVE,2013-06-17,44737.28,INR,2,138061.48,4,1,0,1
ACCT100002681,CUST0001432,SHELL,DORMANT,2020-11-30,1864523.92,GBP,2,70433.83,10,1,1,1
ACCT100002682,CUST0003832,SAVINGS,DORMANT,2020-08-17,56916.23,INR,2,1186.68,5,1,1,1
ACCT100002683,CUST0006241,CURRENT,ACTIVE,2016-08-31,40286.25,SGD,2,23134.72,3,2,1,1
ACCT100002684,CUST0006880,TRUST,ACTIVE,2013-09-09,2286526.16,INR,1,416574.88,10,2,1,1
ACCT100002685,CUST0003749,CURRENT,ACTIVE,2013-04-01,30003.5,INR,1,14532.95,2,2,0,1
ACCT100002686,CUST0004781,SAVINGS,ACTIVE,2014-08-27,10610.71,INR,1,9795.56,3,1,1,0
ACCT100002687,CUST0006926,CURRENT,ACTIVE,2014-06-14,7127.84,GBP,2,20504.61,3,4,1,1
ACCT100002688,CUST0005799,SAVINGS,ACTIVE,2016-06-21,3259.93,INR,1,15284.74,5,1,1,1
ACCT100002689,CUST0006596,SALARY,ACTIVE,2015-07-12,5275.42,INR,1,5681.93,3,2,1,0
ACCT100002690,CUST0003973,TRUST,ACTIVE,2018-02-02,173272.46,INR,1,200077.46,7,2,1,1
ACCT100002691,CUST0007576,NRO,ACTIVE,2019-01-25,64275.13,GBP,1,94617.01,4,1,0,1
ACCT100002692,CUST0005479,SAVINGS,ACTIVE,2019-12-24,337257.73,INR,3,31243.88,2,1,1,1
ACCT100002693,CUST0006611,TRUST,ACTIVE,2012-11-18,207245.21,INR,1,758457.59,7,1,1,1
ACCT100002694,CUST0000808,SALARY,ACTIVE,2014-02-15,14929.98,AED,1,41715.14,3,3,1,1
ACCT100002695,CUST0000555,NRE,ACTIVE,2013-04-09,11551.02,INR,1,218400.63,5,1,1,0
ACCT100002696,CUST0003727,CURRENT,DORMANT,2017-03-19,15278.97,INR,1,16168.29,2,1,1,1
ACCT100002697,CUST0003400,CURRENT,DORMANT,2013-11-01,8310.88,AED,1,28212.86,5,3,1,1
ACCT100002698,CUST0002069,SAVINGS,ACTIVE,2012-11-05,89213.74,SGD,1,9117.07,5,3,1,1
ACCT100002699,CUST0001407,CURRENT,ACTIVE,2019-08-10,80184.37,INR,1,228217.54,4,2,1,1
ACCT100002700,CUST0006619,NRE,ACTIVE,2013-06-28,60873.35,GBP,1,72403.47,6,4,1,1
ACCT100002701,CUST0006481,CURRENT,ACTIVE,2019-01-22,269950.96,INR,1,72380.08,5,3,1,1
ACCT100002702,CUST0002236,NRO,ACTIVE,2015-12-28,246347.95,INR,1,111490.01,5,1,1,1
ACCT100002703,CUST0007941,SAVINGS,ACTIVE,2016-02-20,128833.89,INR,1,2447.77,4,2,1,1
ACCT100002704,CUST0004828,SAVINGS,ACTIVE,2019-12-05,24741.74,AED,2,583.15,5,3,1,1
ACCT100002705,CUST0004722,CURRENT,DORMANT,2021-05-28,907257.65,INR,1,28564.11,2,2,1,0
ACCT100002706,CUST0002527,TRUST,ACTIVE,2021-11-30,26003.12,AED,2,68418.16,10,1,1,0
ACCT100002707,CUST0006666,NRE,ACTIVE,2021-05-31,236001.89,USD,1,15614.33,6,3,1,1
ACCT100002708,CUST0001521,savings,ACTIVE,2014-08-21,27551.88,INR,2,29171.54,1,2,1,1
ACCT100002709,CUST0006090,SAVINGS,CLOSED,2012-10-25,3932.85,INR,2,30153.55,5,2,0,1
ACCT100002710,CUST0001458,SAVINGS,ACTIVE,2018-08-31,29753.74,INR,1,50805.04,1,3,1,1
ACCT100002711,CUST0001218,NRE,ACTIVE,2021-05-07,51199.44,USD,1,375834.13,7,1,1,1
ACCT100002712,CUST0003004,CURRENT,DORMANT,2017-03-17,7398.72,USD,1,19445.24,2,1,1,1
ACCT100002713,CUST0005343,CURRENT,ACTIVE,2014-11-03,554907.25,INR,1,15517.64,1,3,0,1
ACCT100002714,CUST0002408,TRUST,CLOSED,2016-08-11,326353.55,USD,2,22617.92,9,1,1,1
ACCT100002715,CUST0006596,SALARY,ACTIVE,2021-01-14,4107.75,INR,1,21377.16,4,1,1,0
ACCT100002716,CUST0002250,TRUST,DORMANT,2016-04-18,163088.53,USD,3,23006.13,8,2,0,1
ACCT100002717,CUST0007287,SAVINGS,ACTIVE,2017-01-25,1502.82,SGD,2,6122.44,3,1,1,1
ACCT100002718,CUST0006908,SALARY,DORMANT,2014-12-05,178235.95,INR,1,5444.17,5,5,1,1
ACCT100002719,CUST0007538,SAVINGS,ACTIVE,2017-02-28,2425.73,INR,2,3630.49,1,2,1,1
ACCT100002720,CUST0007101,SALARY,ACTIVE,2021-08-14,8966.49,AED,1,34738.65,5,1,0,1
ACCT100002721,CUST0007820,CURRENT,DORMANT,2018-04-03,66785.34,INR,2,22222.0,3,3,0,1
ACCT100002722,CUST0004631,SAVINGS,ACTIVE,2015-06-04,14829.57,INR,1,11009.56,3,1,1,1
ACCT100002723,CUST0006816,SAVINGS,DORMANT,2016-05-12,1890.73,USD,1,13533.45,2,1,0,0
ACCT100002724,CUST0002330,TRUST,ACTIVE,2017-06-13,4532791.86,INR,1,1542169.7,7,1,0,1
ACCT100002725,CUST0006970,NRE,ACTIVE,2012-11-14,15988.64,INR,2,376901.76,4,1,1,1
ACCT100002726,CUST0003228, NRE ,ACTIVE,2021-05-24,103351.04,USD,1,12191.41,6,2,1,1
ACCT100002727,CUST0007700,SAVINGS,ACTIVE,2017-05-31,9646.99,USD,2,8195.04,5,1,1,0
ACCT100002728,CUST0001719,SALARY,ACTIVE,2015-03-26,50641.11,INR,2,4187.96,1,3,1,1
ACCT100002729,CUST0003717,SAVINGS,ACTIVE,2013-03-18,8519.6,SGD,1,17004.24,4,2,1,1
ACCT100002730,CUST0003939,SAVINGS,ACTIVE,2013-09-25,20328.15,INR,1,2726.43,2,2,1,1
ACCT100002731,CUST0001330,CURRENT,ACTIVE,2016-01-03,652199.1,INR,1,2839.66,5,2,0,1
ACCT100002732,CUST0000394,CURRENT,ACTIVE,2019-07-31,33753.67,INR,2,46094.57,3,1,1,1
ACCT100002733,CUST0005385,SAVINGS,ACTIVE,2014-01-27,5768.72,INR,2,18212.33,5,1,1,1
ACCT100002734,CUST0002945,SHELL,ACTIVE,2016-10-12,3258570.5,INR,1,1940419.56,9,1,1,0
ACCT100002735,CUST0003105,SAVINGS,ACTIVE,2021-09-27,11678.54,USD,1,28217.57,1,1,0,1
ACCT100002736,CUST0007932,SALARY,BLOCKED,2020-10-31,277678.32,INR,1,8323.63,2,1,0,1
ACCT100002737,CUST0007483,NRE,CLOSED,2012-07-24,29134.42,INR,1,146033.33,7,3,1,0
ACCT100002738,CUST0001296,SAVINGS,ACTIVE,2017-04-14,308.81,AED,1,218902.63,2,3,1,1
ACCT100002739,CUST0004802,CURRENT,ACTIVE,2013-08-07,31753.08,USD,1,5059.34,2,1,1,1
ACCT100002740,CUST0006375,SAVINGS,ACTIVE,2016-11-19,47366.05,USD,1,21177.9,1,3,1,1
ACCT100002741,CUST0001737,CURRENT,ACTIVE,2018-09-24,54356.48,SGD,3,150058.68,1,1,1,1
ACCT100002742,CUST0000522,CURRENT,ACTIVE,2019-07-21,50555.94,INR,1,83338.0,3,3,1,1
ACCT100002743,CUST0003739,SAVINGS,ACTIVE,2015-08-21,102895.63,USD,1,6822.73,1,5,0,1
ACCT100002744,CUST0007991,SAVINGS,ACTIVE,2013-11-03,3357.85,INR,2,8670.33,1,1,0,1
ACCT100002745,CUST0000292,TRUST,ACTIVE,2019-01-11,162300.6,INR,1,61570.87,8,2,0,1
ACCT100002746,CUST0000719,SALARY,ACTIVE,2021-05-12,25209.17,AED,3,1184.78,5,1,1,1
ACCT100002747,CUST0002999,SAVINGS,DORMANT,2016-06-08,15308.99,USD,2,76589.78,3,1,0,1
ACCT100002748,CUST0004150,CURRENT,ACTIVE,2018-01-31,205795.94,INR,1,422798.11,5,2,0,1
ACCT100002749,CUST0001055,CURRENT,ACTIVE,2019-12-29,42763.07,AED,1,46812.44,4,5,1,1
ACCT100002750,CUST0001834,SHELL,ACTIVE,2017-08-25,7920064.45,INR,1,58100.04,8,1,1,0
ACCT100002751,CUST0000282,TRUST,BLOCKED,2016-05-17,279719.09,AED,1,44746.84,9,2,0,1
ACCT100002752,CUST0001684,SALARY,ACTIVE,2019-07-22,56896.36,INR,2,1614.37,3,2,1,1
ACCT100002753,CUST0006284,SAVINGS,ACTIVE,2018-03-30,8896.63,INR,2,6142.46,5,1,1,1
ACCT100002754,CUST0003687,SAVINGS,ACTIVE,2012-09-01,42488.06,INR,3,48302.25,4,2,1,1
ACCT100002755,CUST0002406, NRE ,ACTIVE,2016-08-08,129659.13,AED,1,283828.57,4,4,1,0
ACCT100002756,CUST0007343,SALARY,BLOCKED,2013-10-20,7172.83,INR,1,16184.37,4,1,1,1
ACCT100002757,CUST0004476,SAVINGS,ACTIVE,2020-04-26,71747.77,SGD,1,29994.05,4,1,1,1
ACCT100002758,CUST0006429,SAVINGS,BLOCKED,2020-01-29,26176.02,USD,2,284593.07,3,3,1,1
ACCT100002759,CUST0004659,CURRENT,ACTIVE,2012-03-05,28455.41,USD,1,8356.73,2,1,1,1
ACCT100002760,CUST0005776,NRO,ACTIVE,2020-08-14,72804.66,INR,2,28884.79,7,1,1,1
ACCT100002761,CUST0005530,CURRENT,ACTIVE,2013-09-25,146189.01,INR,2,15758.28,5,2,1,1
ACCT100002762,CUST0006162,SAVINGS,ACTIVE,2017-02-05,13671.6,INR,1,25239.24,1,4,1,1
ACCT100002763,CUST0006136,SAVINGS,ACTIVE,2016-05-20,1021.09,INR,1,18238.51,3,5,1,1
ACCT100002764,CUST0006453,SAVINGS,ACTIVE,2019-06-25,5879.87,USD,1,16300.81,5,2,1,0
ACCT100002765,CUST0003999,CURRENT,ACTIVE,2020-10-23,16189.83,USD,1,3754.02,3,3,0,0
ACCT100002766,CUST0000437,NRE,ACTIVE,2018-09-16,2112647.13,INR,1,215941.68,5,2,1,1
ACCT100002767,CUST0004320,CURRENT,ACTIVE,2021-09-09,17201.57,INR,1,13913.89,2,5,1,1
ACCT100002768,CUST0005847,CURRENT,ACTIVE,2021-03-13,83998.1,USD,1,87966.44,3,3,1,1
ACCT100002769,CUST0005945,SAVINGS,ACTIVE,2012-01-27,4717.56,INR,1,49521.67,2,3,1,1
ACCT100002770,CUST0001679,SAVINGS,ACTIVE,2014-11-01,14324.92,INR,1,12434.08,1,3,0,1
ACCT100002771,CUST0003992,SALARY,ACTIVE,2013-09-08,54090.74,SGD,2,6096.36,5,1,1,1
ACCT100002772,CUST0002901,SALARY,ACTIVE,2018-05-30,37188.07,INR,1,6068.94,3,1,1,1
ACCT100002773,CUST0006715,TRUST,DORMANT,2014-10-13,1871627.86,INR,2,323923.78,8,1,0,1
ACCT100002774,CUST0003905,NRO,ACTIVE,2016-09-02,60166.3,USD,2,11552.32,7,3,1,1
ACCT100002775,CUST0003093,SALARY,ACTIVE,2020-04-04,20910.53,USD,1,13297.54,2,2,1,1
ACCT100002776,CUST0000398,SALARY,DORMANT,2013-03-13,1275.8,INR,1,15576.38,5,2,1,1
ACCT100002777,CUST0002898,CURRENT,ACTIVE,2021-02-23,107210.97,INR,1,12603.04,2,4,1,0
ACCT100002778,CUST0005306,SHELL,ACTIVE,2018-12-10,128831.47,USD,2,560194.87,10,4,1,1
ACCT100002779,CUST0000797,NRO,ACTIVE,2016-07-23,44721.55,INR,1,22415.4,6,1,1,1
ACCT100002780,CUST0000867,SAVINGS,ACTIVE,2018-05-02,2911.56,AED,1,1410.96,2,1,1,1
ACCT100002781,CUST0003417,CURRENT,ACTIVE,2017-11-25,177079.0,INR,1,34010.1,3,2,0,1
ACCT100002782,CUST0000707,CURRENT,DORMANT,2012-01-29,360605.99,INR,1,34093.95,3,5,0,0
ACCT100002783,CUST0006721,SAVINGS,ACTIVE,2020-10-19,869.35,AED,2,242084.66,5,1,1,0
ACCT100002784,CUST0005401,CURRENT,ACTIVE,2016-10-16,13645.86,USD,1,4908.35,2,4,1,1
ACCT100002785,CUST0003166,CURRENT,ACTIVE,2016-12-18,24654.14,USD,1,31703.77,1,5,0,1
ACCT100002786,CUST0003847,NRE,ACTIVE,2014-01-12,907.78,INR,1,85931.74,5,1,1,1
ACCT100002787,CUST0007309,NRO,ACTIVE,2012-05-12,355844.28,GBP,1,38174.35,5,1,0,1
ACCT100002788,CUST0001656,CURRENT,ACTIVE,2013-01-31,26859.33,USD,1,284698.78,5,3,0,1
ACCT100002789,CUST0004712,SAVINGS,ACTIVE,2017-04-24,1175.92,GBP,1,39127.82,3,5,0,0
ACCT100002790,CUST0007634,CURRENT,ACTIVE,2017-05-13,59563.39,INR,1,19618.08,1,2,0,1
ACCT100002791,CUST0000111,SAVINGS,BLOCKED,2018-04-21,985.22,INR,2,41855.95,5,4,0,1
ACCT100002792,CUST0002283,CURRENT,ACTIVE,2020-05-05,21768.05,INR,1,71145.29,1,1,1,1
ACCT100002793,CUST0006763,CURRENT,CLOSED,2015-02-05,244413.93,SGD,1,34583.15,4,2,1,1
ACCT100002794,CUST0001920,TRUST,ACTIVE,2016-03-03,91619.47,INR,2,167222.1,10,3,0,0
ACCT100002795,CUST0007005,CURRENT,ACTIVE,2018-09-29,118182.91,INR,1,137979.08,3,3,1,1
ACCT100002796,CUST0002580,SAVINGS,ACTIVE,2016-09-16,53918.64,INR,2,66621.99,1,3,1,1
ACCT100002797,CUST0002922,SAVINGS,ACTIVE,2019-01-19,474922.34,USD,3,2433.88,4,1,1,1
ACCT100002798,CUST0005233,CURRENT,ACTIVE,2021-03-10,107709.79,USD,1,1226.25,1,2,1,0
ACCT100002799,CUST0003038,SAVINGS,ACTIVE,2018-01-26,23237.79,AED,1,3418.37,1,3,1,1
ACCT100002800,CUST0007177,CURRENT,ACTIVE,2018-06-10,26104.13,INR,1,13198.05,5,2,1,1
ACCT100002801,CUST0001669,NRO,ACTIVE,2017-07-22,16278.49,USD,1,110343.66,7,2,1,1
ACCT100002802,CUST0006684,SALARY,ACTIVE,2014-09-28,1641.55,INR,1,1835.58,2,1,1,1
ACCT100002803,CUST0004634,SALARY,ACTIVE,2017-10-04,10090.66,INR,1,2766.74,1,1,1,1
ACCT100002804,CUST0001478,CURRENT,ACTIVE,2019-07-26,61390.99,INR,2,31493.11,3,4,1,1
ACCT100002805,CUST0005719,NRE,ACTIVE,2021-04-24,384245.96,INR,3,12528.96,7,1,1,1
ACCT100002806,CUST0007884,SHELL,DORMANT,2013-10-01,1377467.78,INR,1,868048.03,8,5,1,1
ACCT100002807,CUST0006010,CURRENT,ACTIVE,2018-01-14,5444.29,INR,1,69286.44,4,5,1,1
ACCT100002808,CUST0005766,SALARY,ACTIVE,2019-09-06,7521.31,SGD,1,4634.75,3,3,0,1
ACCT100002809,CUST0005083,savings,ACTIVE,2014-07-02,6481.96,INR,1,107509.06,2,1,1,1
ACCT100002810,CUST0006045,SAVINGS,CLOSED,2013-09-26,31553.72,INR,2,36356.24,2,2,1,0
ACCT100002811,CUST0004028,SHELL,ACTIVE,2020-06-06,572754.21,AED,1,1445521.53,8,1,0,1
ACCT100002812,CUST0005865,SAVINGS,ACTIVE,2020-06-05,4958.44,INR,1,25809.3,5,2,1,1
ACCT100002813,CUST0006347,SAVINGS,ACTIVE,2013-09-14,5770.37,INR,2,34485.71,3,2,0,1
ACCT100002814,CUST0002826,CURRENT,ACTIVE,2016-05-16,13565.27,INR,1,84305.56,3,1,1,1
ACCT100002815,CUST0002791, SALARY ,ACTIVE,2021-04-10,333.44,INR,1,12623.19,1,2,1,0
ACCT100002816,CUST0007869,SAVINGS,ACTIVE,2019-01-04,202205.22,USD,2,21896.38,1,1,1,1
ACCT100002817,CUST0005219,CURRENT,ACTIVE,2016-04-06,80777.91,USD,1,31977.91,4,3,0,1
ACCT100002818,CUST0003854,CURRENT,ACTIVE,2016-06-26,10512.0,INR,2,335693.28,5,2,1,1
ACCT100002819,CUST0007123,current,CLOSED,2017-12-03,215350.32,USD,3,11223.17,1,2,0,0
ACCT100002820,CUST0007907,CURRENT,ACTIVE,2012-03-02,87461.55,USD,1,40523.86,1,1,0,1
ACCT100002821,CUST0002139,SAVINGS,ACTIVE,2017-09-10,15705.57,USD,2,20626.77,1,2,0,0
ACCT100002822,CUST0006549,SALARY,ACTIVE,2015-12-02,4380.77,INR,1,37691.34,4,3,0,0
ACCT100002823,CUST0006455,SALARY,ACTIVE,2014-03-22,3565.02,INR,1,12387.62,1,1,1,1
ACCT100002824,CUST0000950,SAVINGS,DORMANT,2014-04-16,170033.13,SGD,1,10359.1,1,3,1,0
ACCT100002825,CUST0007765,SALARY,ACTIVE,2020-12-09,20924.35,INR,2,35354.39,4,3,1,1
ACCT100002826,CUST0000724,NRE,ACTIVE,2019-03-31,295733.57,USD,1,72871.29,6,1,1,0
ACCT100002827,CUST0004093,SAVINGS,DORMANT,2021-01-05,3743.6,USD,1,19124.72,1,2,1,1
ACCT100002828,CUST0005029,NRE,BLOCKED,2014-10-01,65556.49,AED,1,272017.97,7,1,1,1
ACCT100002829,CUST0007982,SAVINGS,ACTIVE,2017-05-28,20447.14,INR,1,147596.74,2,1,1,1
ACCT100002830,CUST0006142,SALARY,ACTIVE,2014-02-08,94031.2,AED,1,3581.11,4,2,1,1
ACCT100002831,CUST0004655, SALARY ,ACTIVE,2017-02-01,68891.17,INR,1,4427.86,5,2,1,1
ACCT100002832,CUST0001633,SALARY,ACTIVE,2020-04-28,34713.64,INR,1,20081.42,4,2,1,0
ACCT100002833,CUST0005134,SAVINGS,ACTIVE,2021-06-01,22513.21,AED,1,13086.64,5,1,1,0
ACCT100002834,CUST0003958,SAVINGS,ACTIVE,2013-10-20,79659.33,USD,1,13864.64,5,2,0,1
ACCT100002835,CUST0000064,CURRENT,ACTIVE,2014-08-31,590743.27,AED,1,14296.79,4,5,0,1
ACCT100002836,CUST0002087,SAVINGS,ACTIVE,2012-03-29,66025.52,INR,1,4583.41,4,4,1,1
ACCT100002837,CUST0004978,CURRENT,ACTIVE,2012-11-15,166346.54,INR,2,48045.11,4,3,1,1
ACCT100002838,CUST0007268,SALARY,ACTIVE,2014-01-01,16734.92,AED,2,6164.94,5,3,1,1
ACCT100002839,CUST0000124,SAVINGS,ACTIVE,2017-01-27,11879.73,INR,1,6863.95,3,1,1,1
ACCT100002840,CUST0005090,SALARY,ACTIVE,2014-12-31,6040.74,USD,2,183307.49,2,4,1,1
ACCT100002841,CUST0002489,CURRENT,ACTIVE,2017-05-06,342524.08,SGD,1,39517.48,2,1,0,1
ACCT100002842,CUST0001421,CURRENT,ACTIVE,2020-11-21,47045.42,AED,1,11575.68,3,2,0,1
ACCT100002843,CUST0002518,SAVINGS,ACTIVE,2014-12-27,3982.52,INR,1,8356.34,3,1,1,1
ACCT100002844,CUST0007780,CURRENT,ACTIVE,2019-05-04,66290.77,AED,1,26094.38,5,1,0,1
ACCT100002845,CUST0005918,CURRENT,ACTIVE,2020-10-14,88536.99,AED,3,64208.45,4,2,0,1
ACCT100002846,CUST0001634,SHELL,ACTIVE,2020-12-10,479216.97,GBP,1,309030.0,9,3,1,0
ACCT100002847,CUST0004104,salary,ACTIVE,2013-11-11,3288.71,INR,2,39877.65,5,1,0,1
ACCT100002848,CUST0007181,SALARY,ACTIVE,2020-05-27,57348.24,USD,1,8594.16,4,2,1,1
ACCT100002849,CUST0006308,SHELL,ACTIVE,2012-02-01,2951319.06,INR,2,329808.08,8,3,0,1
ACCT100002850,CUST0001597,SAVINGS,ACTIVE,2021-04-18,988.52,INR,1,101997.13,3,1,0,1
ACCT100002851,CUST0003256,NRO,CLOSED,2014-12-25,160943.02,SGD,2,132740.94,4,1,0,1
ACCT100002852,CUST0005481,NRE,ACTIVE,2019-05-06,332619.32,INR,2,56047.73,5,2,1,1
ACCT100002853,CUST0005914,SAVINGS,ACTIVE,2021-02-25,89383.33,INR,3,4729.69,4,1,1,0
ACCT100002854,CUST0005385,current,ACTIVE,2015-02-01,6255.24,INR,2,28307.74,1,3,1,1
ACCT100002855,CUST0004823,CURRENT,ACTIVE,2017-08-03,22409.48,INR,1,62355.87,2,1,1,1
ACCT100002856,CUST0005929,SAVINGS,ACTIVE,2017-07-14,77302.37,USD,1,53101.96,2,1,1,1
ACCT100002857,CUST0003215,CURRENT,ACTIVE,2015-03-27,100157.3,USD,1,41920.67,5,1,0,1
ACCT100002858,CUST0005377,NRO,ACTIVE,2014-04-27,135125.13,INR,1,91879.5,4,2,1,1
ACCT100002859,CUST0000467,SAVINGS,ACTIVE,2018-12-16,476186.06,INR,1,46239.86,3,1,1,1
ACCT100002860,CUST0002817,NRE,DORMANT,2017-02-02,2212763.06,AED,1,347512.63,6,4,1,1
ACCT100002861,CUST0006590,NRE,ACTIVE,2020-01-14,56020.61,USD,1,40850.27,7,4,1,1
ACCT100002862,CUST0005221, SAVINGS ,ACTIVE,2018-11-19,29163.29,INR,1,644.53,3,1,1,1
ACCT100002863,CUST0006534,NRO,ACTIVE,2019-06-28,29526.5,INR,1,75546.64,5,3,1,1
ACCT100002864,CUST0000257,SALARY,ACTIVE,2018-08-21,23965.82,INR,1,9524.66,1,3,1,0
ACCT100002865,CUST0004470,TRUST,CLOSED,2013-09-21,2752087.89,SGD,1,2883663.96,8,2,1,1
ACCT100002866,CUST0001171, TRUST ,ACTIVE,2015-04-29,237285.21,INR,1,153428.06,9,1,1,1
ACCT100002867,CUST0005954,SAVINGS,ACTIVE,2021-09-01,23866.13,INR,1,3000.9,3,1,1,0
ACCT100002868,CUST0007510,CURRENT,DORMANT,2021-06-07,2483.02,AED,2,15745.71,1,1,1,1
ACCT100002869,CUST0002932,CURRENT,ACTIVE,2013-05-14,58442.12,INR,1,248180.34,3,2,1,0
ACCT100002870,CUST0002504,SALARY,ACTIVE,2017-03-13,8139.73,INR,1,33103.17,5,1,1,1
ACCT100002871,CUST0005634,SALARY,ACTIVE,2018-07-10,17920.44,SGD,1,62003.03,2,1,1,1
ACCT100002872,CUST0001936,TRUST,DORMANT,2019-12-03,147718.11,INR,1,195512.13,9,4,1,1
ACCT100002873,CUST0006223,CURRENT,ACTIVE,2021-05-12,12431.93,INR,1,64428.78,1,3,1,1
ACCT100002874,CUST0006182,CURRENT,ACTIVE,2015-05-20,287801.6,USD,3,41608.19,4,1,0,1
ACCT100002875,CUST0004546,SHELL,ACTIVE,2017-08-01,136957.31,INR,1,276962.77,7,2,1,1
ACCT100002876,CUST0000386,SALARY,ACTIVE,2014-10-09,2435.14,INR,2,10840.21,4,1,1,1
ACCT100002877,CUST0002321,CURRENT,ACTIVE,2018-05-22,64781.79,INR,1,72793.15,5,1,1,1
ACCT100002878,CUST0000976,CURRENT,ACTIVE,2017-06-13,2516479.43,AED,1,24532.95,4,1,1,1
ACCT100002879,CUST0003032,salary,BLOCKED,2018-10-01,15914.4,GBP,1,10523.2,2,1,1,1
ACCT100002880,CUST0004916,NRO,ACTIVE,2013-05-01,37885.81,INR,2,5610.66,7,1,0,1
ACCT100002881,CUST0003909,savings,BLOCKED,2013-06-28,6218.86,INR,1,1274.92,3,1,1,1
ACCT100002882,CUST0006488,CURRENT,DORMANT,2020-08-13,99484.93,INR,1,21359.09,5,1,1,1
ACCT100002883,CUST0007983,SAVINGS,ACTIVE,2019-04-17,46239.02,INR,1,7054.05,1,3,0,1
ACCT100002884,CUST0007770,SAVINGS,ACTIVE,2017-06-12,6218.59,INR,2,10971.73,1,2,1,1
ACCT100002885,CUST0006366,NRO,ACTIVE,2014-03-11,4709.07,USD,2,226137.24,7,4,1,1
ACCT100002886,CUST0003968,SALARY,ACTIVE,2021-06-28,6942.23,USD,3,20721.2,5,1,1,1
ACCT100002887,CUST0005921,NRO,ACTIVE,2017-04-24,1053155.38,INR,1,159763.58,6,3,1,0
ACCT100002888,CUST0004814,SALARY,ACTIVE,2019-06-17,4497.92,INR,1,18523.13,3,3,1,1
ACCT100002889,CUST0004275,SHELL,ACTIVE,2017-04-17,511691.93,AED,2,464133.09,8,3,0,1
ACCT100002890,CUST0001407,SALARY,ACTIVE,2021-04-16,1039.5,INR,1,11172.42,3,2,1,1
ACCT100002891,CUST0000490,SALARY,ACTIVE,2018-10-08,16754.72,INR,2,7713.92,5,2,1,1
ACCT100002892,CUST0001558,NRO,ACTIVE,2014-07-13,37274.49,INR,1,145857.74,7,1,1,1
ACCT100002893,CUST0000467,CURRENT,ACTIVE,2021-11-24,43957.94,INR,3,175771.32,1,1,0,0
ACCT100002894,CUST0002624,SAVINGS,ACTIVE,2020-03-11,5817.7,INR,1,2874.12,1,1,1,1
ACCT100002895,CUST0000745,SAVINGS,ACTIVE,2015-12-20,1610.11,INR,2,14795.17,5,2,1,1
ACCT100002896,CUST0001515,SALARY,BLOCKED,2017-04-19,7367.98,INR,2,3672.14,4,1,1,1
ACCT100002897,CUST0000314,NRE,ACTIVE,2021-04-29,2900400.7,USD,2,442573.41,4,1,1,1
ACCT100002898,CUST0001306,CURRENT,ACTIVE,2012-10-16,304549.91,INR,1,3728.45,2,1,0,1
ACCT100002899,CUST0005283,SAVINGS,ACTIVE,2021-11-01,23554.87,USD,1,5918.06,1,1,0,1
ACCT100002900,CUST0003916,NRO,ACTIVE,2015-02-07,36671.3,INR,2,474643.03,6,3,1,0
ACCT100002901,CUST0001026,SALARY,DORMANT,2012-12-25,7390.36,INR,1,11171.04,2,1,1,0
ACCT100002902,CUST0005414,NRO,ACTIVE,2019-10-06,451239.77,INR,1,448445.34,4,1,1,1
ACCT100002903,CUST0004676,NRO,ACTIVE,2013-04-04,98314.24,USD,1,38674.36,6,2,0,1
ACCT100002904,CUST0004652,CURRENT,DORMANT,2015-09-05,30850.66,INR,1,16998.03,3,1,0,1
ACCT100002905,CUST0004658,NRE,DORMANT,2014-01-03,96145.45,INR,1,373904.55,4,1,1,1
ACCT100002906,CUST0007764,NRE,DORMANT,2015-08-23,152984.8,INR,2,65554.86,5,1,1,1
ACCT100002907,CUST0003439,SAVINGS,ACTIVE,2013-07-07,783217.32,INR,1,55836.43,5,3,0,1
ACCT100002908,CUST0003515,NRE,ACTIVE,2013-04-26,48407.73,INR,3,66441.86,5,1,1,0
ACCT100002909,CUST0006809,CURRENT,ACTIVE,2014-12-13,38721.95,GBP,1,106319.51,2,1,1,1
ACCT100002910,CUST0002837,CURRENT,BLOCKED,2015-11-01,68368.89,INR,1,25502.6,5,1,1,1
ACCT100002911,CUST0000327, SAVINGS ,ACTIVE,2014-10-04,88915.07,INR,2,30904.56,5,1,1,1
ACCT100002912,CUST0005946,SAVINGS,ACTIVE,2012-05-14,648023.82,USD,1,4882.01,4,1,1,1
ACCT100002913,CUST0005162,NRE,ACTIVE,2018-05-07,846566.1,USD,1,122881.12,6,1,0,1
ACCT100002914,CUST0002994,nro,ACTIVE,2014-06-16,23592.76,INR,2,26360.78,5,2,1,0
ACCT100002915,CUST0004012,TRUST,DORMANT,2016-05-02,902975.75,USD,1,1318383.44,9,1,1,1
ACCT100002916,CUST0006074,SAVINGS,ACTIVE,2013-06-25,75403.0,SGD,3,2659.16,1,2,0,1
ACCT100002917,CUST0002023,CURRENT,ACTIVE,2020-09-02,31714.49,INR,1,55269.95,5,3,0,1
ACCT100002918,CUST0002963,NRO,ACTIVE,2020-10-08,25411.79,SGD,1,24217.7,4,1,1,1
ACCT100002919,CUST0004081,SAVINGS,DORMANT,2020-09-22,29637.48,INR,1,8237.1,4,1,1,1
ACCT100002920,CUST0005517,SAVINGS,ACTIVE,2017-03-29,29982.65,USD,1,66844.59,1,1,1,1
ACCT100002921,CUST0002320,CURRENT,ACTIVE,2020-09-03,69835.86,INR,3,9088.12,5,1,1,1
ACCT100002922,CUST0004832,SALARY,ACTIVE,2016-10-10,1019.38,USD,1,9001.93,4,1,1,1
ACCT100002923,CUST0002712,SAVINGS,DORMANT,2014-10-23,30147.91,INR,1,13625.36,1,4,1,1
ACCT100002924,CUST0000820,CURRENT,ACTIVE,2016-01-07,282824.24,SGD,1,666420.5,3,3,1,1
ACCT100002925,CUST0006457,NRO,ACTIVE,2013-10-06,249355.63,INR,3,24688.23,4,1,1,1
ACCT100002926,CUST0000234,SALARY,ACTIVE,2012-12-27,4611.48,INR,1,7414.31,2,1,1,1
ACCT100002927,CUST0004312,NRE,ACTIVE,2019-11-10,303820.82,SGD,2,174410.82,5,1,1,1
ACCT100002928,CUST0003618,NRE,ACTIVE,2014-12-30,787312.64,USD,2,265345.96,4,4,1,1
ACCT100002929,CUST0001746,CURRENT,ACTIVE,2015-01-09,54958.66,SGD,1,27820.65,4,3,1,1
ACCT100002930,CUST0006509,nre,ACTIVE,2014-03-02,160959.1,INR,1,1512163.99,4,1,1,1
ACCT100002931,CUST0002777,NRE,ACTIVE,2016-10-21,158310.58,INR,3,1034173.6,4,2,1,1
ACCT100002932,CUST0000551,CURRENT,ACTIVE,2021-06-06,86291.29,USD,1,12621.51,2,2,1,1
ACCT100002933,CUST0004559,NRE,ACTIVE,2014-01-12,52560.58,USD,1,85947.7,7,1,1,1
ACCT100002934,CUST0002692,SHELL,ACTIVE,2018-06-26,3834904.73,AED,2,511429.18,10,1,1,0
ACCT100002935,CUST0004885,SALARY,ACTIVE,2017-02-13,23603.61,SGD,1,20473.66,5,5,0,0
ACCT100002936,CUST0000032,SAVINGS,BLOCKED,2015-04-09,50134.02,INR,1,3348.71,1,1,0,1
ACCT100002937,CUST0007092,NRE,CLOSED,2013-05-19,95912.09,INR,3,2633701.43,7,3,1,0
ACCT100002938,CUST0003801,SAVINGS,DORMANT,2012-04-03,39635.48,AED,1,36857.02,2,1,1,1
ACCT100002939,CUST0000770,CURRENT,ACTIVE,2016-01-15,138531.67,INR,2,14502.11,5,2,1,1
ACCT100002940,CUST0004937,NRO,ACTIVE,2018-08-16,392401.15,USD,1,64777.9,6,2,0,1
ACCT100002941,CUST0003106,SALARY,ACTIVE,2020-03-30,7501.54,USD,1,5306.74,2,3,0,1
ACCT100002942,CUST0007867,SHELL,ACTIVE,2017-06-16,243172.18,USD,3,203206.75,8,2,1,1
ACCT100002943,CUST0005840,CURRENT,ACTIVE,2020-11-25,17917.1,GBP,1,69926.37,4,4,1,1
ACCT100002944,CUST0006176,CURRENT,ACTIVE,2018-11-08,37000.47,INR,3,62924.16,3,5,1,1
ACCT100002945,CUST0003631,CURRENT,ACTIVE,2012-09-15,108295.74,INR,2,34626.02,4,1,1,1
ACCT100002946,CUST0005768,SALARY,ACTIVE,2016-08-17,14103.76,SGD,1,69528.69,3,1,1,1
ACCT100002947,CUST0006679,CURRENT,ACTIVE,2012-04-06,153916.0,USD,2,84516.4,1,1,1,1
ACCT100002948,CUST0002349,SAVINGS,CLOSED,2015-11-05,31101.05,USD,1,16610.66,1,1,0,1
ACCT100002949,CUST0000432,SALARY,ACTIVE,2019-11-17,12658.11,INR,1,11775.62,3,1,1,1
ACCT100002950,CUST0006375,SHELL,DORMANT,2020-11-14,5090250.58,INR,3,272168.84,7,2,1,1
ACCT100002951,CUST0004435,SAVINGS,ACTIVE,2016-10-26,5017.76,INR,2,36340.32,1,3,0,1
ACCT100002952,CUST0005747,NRO,DORMANT,2016-06-20,340217.38,INR,1,326309.6,5,1,1,1
ACCT100002953,CUST0007695,TRUST,ACTIVE,2019-03-09,2247166.22,INR,1,151671.29,9,2,1,1
ACCT100002954,CUST0001484,NRE,ACTIVE,2013-07-04,90075.9,INR,1,67078.71,4,1,0,0
ACCT100002955,CUST0000468,CURRENT,ACTIVE,2021-04-22,313042.58,AED,1,185094.96,2,2,1,1
ACCT100002956,CUST0007671,SAVINGS,ACTIVE,2013-07-22,33486.33,INR,1,119630.77,4,1,1,1
ACCT100002957,CUST0003327,SAVINGS,DORMANT,2016-09-27,1970.79,AED,1,3718.17,3,1,1,1
ACCT100002958,CUST0002820,SALARY,ACTIVE,2019-11-25,16429.14,USD,3,35278.13,4,2,0,1
ACCT100002959,CUST0006624,NRE,ACTIVE,2021-06-17,469243.15,USD,2,254873.32,6,3,1,1
ACCT100002960,CUST0005396,CURRENT,ACTIVE,2021-04-24,209302.21,USD,1,238739.34,5,2,0,1
ACCT100002961,CUST0005466, CURRENT ,ACTIVE,2015-12-31,3966138.98,INR,1,13597.01,2,1,1,1
ACCT100002962,CUST0007488,SAVINGS,ACTIVE,2015-04-18,24603.43,INR,1,125262.6,5,1,1,1
ACCT100002963,CUST0002225,NRE,ACTIVE,2017-10-01,192413.13,INR,1,153857.69,4,3,1,1
ACCT100002964,CUST0002622,NRE,ACTIVE,2018-06-11,113412.96,INR,1,36984.88,5,3,1,1
ACCT100002965,CUST0002662,SALARY,ACTIVE,2017-01-24,38133.57,INR,2,4014.5,4,2,1,1
ACCT100002966,CUST0003669,NRE,ACTIVE,2021-02-18,973882.4,USD,2,243137.7,6,1,1,0
ACCT100002967,CUST0001928,SAVINGS,ACTIVE,2013-01-04,8624.43,INR,1,47953.71,5,3,1,1
ACCT100002968,CUST0000802,CURRENT,ACTIVE,2012-02-27,45363.13,GBP,1,1775.42,5,2,1,1
ACCT100002969,CUST0003655,NRE,ACTIVE,2018-08-07,1061728.17,USD,1,94704.81,7,1,1,0
ACCT100002970,CUST0002878,TRUST,ACTIVE,2020-07-13,958686.0,SGD,1,70628.18,10,3,1,1
ACCT100002971,CUST0003172,NRE,ACTIVE,2014-07-16,24491.17,SGD,1,495853.06,7,1,1,1
ACCT100002972,CUST0000583,NRO,ACTIVE,2014-04-03,6977.9,AED,2,605167.78,7,2,1,1
ACCT100002973,CUST0000777,SAVINGS,ACTIVE,2014-06-13,32396.81,INR,2,46525.42,4,1,1,1
ACCT100002974,CUST0003723,NRE,ACTIVE,2013-03-29,33574.65,AED,3,260039.47,4,3,1,1
ACCT100002975,CUST0007634,SAVINGS,ACTIVE,2014-04-12,34053.26,INR,2,1722.75,1,1,1,1
ACCT100002976,CUST0006087,SALARY,ACTIVE,2019-10-24,89191.61,INR,1,327.42,2,1,1,1
ACCT100002977,CUST0001602,SAVINGS,ACTIVE,2021-07-05,61351.95,AED,1,8331.82,5,4,0,0
ACCT100002978,CUST0003120,SAVINGS,ACTIVE,2020-01-17,27114.3,INR,1,30383.76,3,1,1,0
ACCT100002979,CUST0006943,SALARY,ACTIVE,2020-05-01,16374.0,INR,2,18780.7,4,1,1,1
ACCT100002980,CUST0002216,SAVINGS,ACTIVE,2021-11-17,38272.85,INR,1,1123.73,4,3,1,1
ACCT100002981,CUST0002396,NRE,ACTIVE,2021-05-21,319571.73,USD,2,24364.83,4,1,1,1
ACCT100002982,CUST0001108,SAVINGS,ACTIVE,2020-03-29,73419.66,INR,1,16308.22,3,1,1,1
ACCT100002983,CUST0000996,NRE,ACTIVE,2017-02-05,60342.23,INR,1,162178.47,5,1,1,1
ACCT100002984,CUST0006790,SALARY,ACTIVE,2013-12-27,4348.44,INR,1,19049.86,4,1,1,1
ACCT100002985,CUST0001410,SAVINGS,ACTIVE,2016-06-03,16455.17,INR,1,23119.49,5,1,1,1
ACCT100002986,CUST0000111,SAVINGS,ACTIVE,2016-07-17,5915.21,USD,2,9163.05,1,1,1,1
ACCT100002987,CUST0003006,CURRENT,ACTIVE,2017-09-23,32130.9,USD,1,22674.07,2,3,1,1
ACCT100002988,CUST0006846,SALARY,DORMANT,2020-09-25,2868.78,INR,1,4968.02,4,3,1,1
ACCT100002989,CUST0003270,SALARY,ACTIVE,2019-08-16,29840.58,INR,1,4365.34,1,2,0,1
ACCT100002990,CUST0003983,NRO,ACTIVE,2018-05-18,27477.59,INR,1,6564.35,4,1,1,1
ACCT100002991,CUST0006594,CURRENT,ACTIVE,2020-04-04,32461.9,INR,1,54123.24,3,1,0,1
ACCT100002992,CUST0004198,SAVINGS,ACTIVE,2019-04-02,7843.71,INR,1,8732.8,4,4,1,0
ACCT100002993,CUST0001903,SAVINGS,ACTIVE,2018-06-13,23084.35,USD,1,10919.98,2,2,1,1
ACCT100002994,CUST0003489,SAVINGS,ACTIVE,2020-06-07,147797.88,INR,1,59851.6,5,2,1,1
ACCT100002995,CUST0004384,NRE,ACTIVE,2017-12-01,102030.0,GBP,1,33998.0,6,3,1,1
ACCT100002996,CUST0004734,SAVINGS,ACTIVE,2012-12-10,3524.94,INR,1,80742.96,2,3,0,1
ACCT100002997,CUST0003012,CURRENT,ACTIVE,2013-03-30,38428.95,INR,1,23116.83,1,1,1,0
ACCT100002998,CUST0001987,SAVINGS,ACTIVE,2015-01-10,55744.26,INR,1,12086.37,2,1,1,1
ACCT100002999,CUST0005393,CURRENT,ACTIVE,2015-03-22,586428.8,USD,2,15917.39,3,2,1,1
ACCT100003000,CUST0007092,SAVINGS,ACTIVE,2020-03-20,2898.35,INR,2,10505.4,3,2,1,1
ACCT100003001,CUST0004597,NRE,ACTIVE,2020-01-19,68366.73,USD,1,119079.38,5,1,1,1
ACCT100003002,CUST0002983,CURRENT,ACTIVE,2021-11-29,106003.04,USD,1,84283.71,1,1,1,1
ACCT100003003,CUST0006476,CURRENT,ACTIVE,2014-06-08,11668.17,USD,1,21821.68,2,2,0,0
ACCT100003004,CUST0006919,TRUST,DORMANT,2012-03-21,362007.76,INR,1,89724.93,8,3,0,1
ACCT100003005,CUST0005634,CURRENT,DORMANT,2018-12-14,9507.21,SGD,1,152448.66,2,1,0,0
ACCT100003006,CUST0005887,CURRENT,ACTIVE,2012-12-23,49413.4,INR,1,197826.66,4,2,0,1
ACCT100003007,CUST0007108, SALARY ,ACTIVE,2017-11-08,26267.26,INR,1,6988.53,5,2,0,0
ACCT100003008,CUST0004261,CURRENT,ACTIVE,2019-05-06,355465.11,INR,3,11769.55,1,1,1,1
ACCT100003009,CUST0006552, NRE ,ACTIVE,2020-08-14,24482.91,SGD,2,19946.69,4,1,1,1
ACCT100003010,CUST0006611,CURRENT,ACTIVE,2015-02-07,145841.28,SGD,1,185505.41,3,3,1,1
ACCT100003011,CUST0004143,SAVINGS,ACTIVE,2014-08-17,139067.98,AED,1,16630.7,5,4,1,0
ACCT100003012,CUST0002424,CURRENT,ACTIVE,2021-12-01,124326.37,SGD,1,215327.49,3,1,1,1
ACCT100003013,CUST0006658,CURRENT,ACTIVE,2016-01-12,78201.96,INR,1,58259.26,2,1,0,0
ACCT100003014,CUST0004279,NRE,ACTIVE,2015-06-07,132788.72,INR,1,88816.92,6,2,1,0
ACCT100003015,CUST0007904,SALARY,ACTIVE,2016-10-04,1216.85,AED,1,84057.96,4,2,1,1
ACCT100003016,CUST0005345,SALARY,ACTIVE,2015-01-28,1604.47,AED,3,8887.67,3,2,1,1
ACCT100003017,CUST0007004,NRE,ACTIVE,2013-02-13,545531.31,USD,1,29048.44,6,4,1,1
ACCT100003018,CUST0004863, SAVINGS ,ACTIVE,2019-04-15,11492.15,INR,1,104632.3,4,1,1,1
ACCT100003019,CUST0004395,CURRENT,ACTIVE,2016-07-12,190687.06,INR,1,10512.69,3,1,0,1
ACCT100003020,CUST0000443,CURRENT,ACTIVE,2013-06-10,4800.13,INR,3,9303.4,3,1,1,0
ACCT100003021,CUST0005925,SHELL,DORMANT,2016-03-10,2357259.24,INR,1,447652.19,9,1,1,1
ACCT100003022,CUST0002178,SHELL,ACTIVE,2016-04-02,215366.16,INR,3,147625.86,10,4,1,1
ACCT100003023,CUST0007382,CURRENT,CLOSED,2013-02-13,61592.44,INR,1,31628.75,2,1,1,1
ACCT100003024,CUST0003982, SAVINGS ,ACTIVE,2017-07-20,12172.17,SGD,2,15269.58,4,3,1,1
ACCT100003025,CUST0003695,NRO,DORMANT,2012-10-07,640570.13,AED,3,44890.29,6,4,1,1
ACCT100003026,CUST0005010,SAVINGS,ACTIVE,2016-04-16,47983.93,AED,1,21394.37,4,3,1,0
ACCT100003027,CUST0001532,CURRENT,ACTIVE,2017-07-24,4816.92,USD,2,24663.13,4,1,1,0
ACCT100003028,CUST0003746,CURRENT,ACTIVE,2016-05-11,8090.98,USD,1,12857.68,4,1,1,1
ACCT100003029,CUST0006050,SAVINGS,ACTIVE,2014-09-21,354057.84,INR,2,3706.7,4,2,1,1
ACCT100003030,CUST0004979,CURRENT,ACTIVE,2017-11-11,102037.72,INR,1,288117.86,2,1,1,1
ACCT100003031,CUST0006091,SALARY,ACTIVE,2021-07-15,16932.4,INR,3,4066.13,4,1,1,1
ACCT100003032,CUST0004201,SALARY,ACTIVE,2017-07-12,4669.72,INR,3,4319.34,4,1,1,0
ACCT100003033,CUST0006760,NRE,ACTIVE,2013-03-23,105464.05,GBP,1,461074.78,6,5,0,1
ACCT100003034,CUST0001079,salary,ACTIVE,2020-12-24,46101.87,USD,1,38682.26,2,1,1,1
ACCT100003035,CUST0006452,SAVINGS,DORMANT,2016-02-23,25210.7,SGD,1,4297.08,5,2,1,1
ACCT100003036,CUST0001700,SAVINGS,ACTIVE,2012-01-08,12877.21,INR,1,24651.83,3,1,1,1
ACCT100003037,CUST0007312,SALARY,ACTIVE,2014-05-24,659.72,USD,1,5516.61,1,1,1,1
ACCT100003038,CUST0007769,SALARY,ACTIVE,2015-02-08,17786.32,INR,1,50725.66,4,2,1,1
ACCT100003039,CUST0001961,SALARY,DORMANT,2019-12-16,6567.63,INR,2,1872.06,1,1,1,1
ACCT100003040,CUST0003768,TRUST,DORMANT,2021-06-13,49546.97,INR,1,64075.9,7,1,1,1
ACCT100003041,CUST0001568,SAVINGS,ACTIVE,2014-12-19,5202.05,INR,2,2254.08,2,1,1,1
ACCT100003042,CUST0003806,SALARY,ACTIVE,2014-01-13,15798.88,USD,2,2752.3,3,1,0,1
ACCT100003043,CUST0002346,SAVINGS,ACTIVE,2013-10-13,190310.07,INR,2,39115.77,1,1,1,1
ACCT100003044,CUST0001814,NRE,ACTIVE,2016-08-24,7882.97,USD,2,304831.81,5,1,1,1
ACCT100003045,CUST0004316,SAVINGS,ACTIVE,2015-04-10,28288.53,GBP,1,21784.46,2,1,1,1
ACCT100003046,CUST0002085,SAVINGS,ACTIVE,2012-12-11,22442.74,INR,1,2575.36,1,2,1,1
ACCT100003047,CUST0004460,SAVINGS,ACTIVE,2021-07-06,171989.81,INR,1,55493.81,1,1,1,0
ACCT100003048,CUST0007527,NRE,ACTIVE,2013-05-10,2854470.8,INR,1,191161.84,6,1,1,1
ACCT100003049,CUST0003414,CURRENT,ACTIVE,2014-05-05,46066.32,INR,2,55260.29,2,1,1,1
ACCT100003050,CUST0003464,CURRENT,DORMANT,2013-06-22,60411.85,INR,1,196634.28,1,1,1,1
ACCT100003051,CUST0001287,SAVINGS,BLOCKED,2013-10-24,19296.14,INR,1,12994.93,2,3,1,0
ACCT100003052,CUST0002799,CURRENT,ACTIVE,2012-07-10,652.92,AED,3,8956.45,3,1,1,1
ACCT100003053,CUST0004362,SALARY,ACTIVE,2018-09-14,15358.52,GBP,3,6620.96,5,5,0,1
ACCT100003054,CUST0004012,NRO,ACTIVE,2018-08-16,1473476.94,SGD,1,12915.88,7,1,0,1
ACCT100003055,CUST0007592,SAVINGS,ACTIVE,2017-06-30,1369.31,INR,1,21705.5,1,2,0,1
ACCT100003056,CUST0000674,SAVINGS,ACTIVE,2019-12-10,134497.15,INR,1,1273.84,2,1,1,1
ACCT100003057,CUST0006151,CURRENT,ACTIVE,2017-02-18,61499.73,INR,1,173505.21,2,1,1,1
ACCT100003058,CUST0005272,NRE,ACTIVE,2015-07-02,63204.45,USD,1,116937.58,7,1,1,1
ACCT100003059,CUST0003212,SAVINGS,ACTIVE,2013-12-07,1686.56,INR,1,11063.52,5,1,1,1
ACCT100003060,CUST0006063,SALARY,ACTIVE,2016-11-01,46599.46,SGD,3,16770.66,3,1,1,1
ACCT100003061,CUST0006216,NRE,ACTIVE,2014-10-10,1476820.87,INR,2,221594.24,4,1,1,1
ACCT100003062,CUST0000809,SAVINGS,DORMANT,2013-02-17,150717.03,INR,1,14645.53,3,1,1,0
ACCT100003063,CUST0005074,CURRENT,ACTIVE,2019-11-18,365838.68,USD,1,51249.99,4,1,1,1
ACCT100003064,CUST0002271,SAVINGS,BLOCKED,2017-06-05,4777.22,INR,1,7709.8,5,2,1,1
ACCT100003065,CUST0000619,SAVINGS,ACTIVE,2020-06-14,4343.89,INR,3,3702.62,3,1,0,1
ACCT100003066,CUST0002580,CURRENT,ACTIVE,2013-10-16,65451.65,INR,1,61297.6,2,3,1,1
ACCT100003067,CUST0005012,SALARY,ACTIVE,2016-05-24,54688.73,AED,1,23182.03,2,1,0,1
ACCT100003068,CUST0007948,TRUST,DORMANT,2019-12-26,286392.57,INR,1,569745.05,8,1,0,1
ACCT100003069,CUST0002161,CURRENT,ACTIVE,2018-05-10,21523.71,INR,2,15617.63,3,1,1,1
ACCT100003070,CUST0000070,SAVINGS,ACTIVE,2020-01-02,29671.32,INR,1,508.13,4,1,0,1
ACCT100003071,CUST0004419,SALARY,ACTIVE,2018-01-30,2068.44,USD,2,3254.72,5,1,0,1
ACCT100003072,CUST0006430,TRUST,ACTIVE,2012-03-12,133621.79,SGD,1,36633.16,7,1,0,1
ACCT100003073,CUST0001560,SAVINGS,ACTIVE,2015-04-26,30879.93,INR,1,7728.79,2,3,1,1
ACCT100003074,CUST0004151,SAVINGS,BLOCKED,2018-04-07,200905.44,GBP,2,26964.95,1,1,1,1
ACCT100003075,CUST0007344,NRE,ACTIVE,2016-03-25,2302938.32,SGD,1,26465.73,7,1,1,1
ACCT100003076,CUST0004785,SAVINGS,ACTIVE,2015-10-07,43722.84,USD,1,24787.98,3,2,1,1
ACCT100003077,CUST0007615,CURRENT,ACTIVE,2013-04-02,3502.03,INR,2,664088.07,5,3,0,1
ACCT100003078,CUST0004253,NRE,ACTIVE,2018-11-02,702186.65,INR,1,140449.61,6,3,0,1
ACCT100003079,CUST0004253,CURRENT,ACTIVE,2012-10-14,59781.37,INR,2,25868.38,1,1,1,0
ACCT100003080,CUST0003914,SALARY,ACTIVE,2013-10-17,35189.37,INR,1,20735.94,1,1,1,1
ACCT100003081,CUST0004221,NRE,ACTIVE,2016-06-07,55255.24,SGD,1,44016.55,5,3,1,1
ACCT100003082,CUST0005866,CURRENT,ACTIVE,2012-08-10,99558.29,INR,1,43513.73,1,4,1,0
ACCT100003083,CUST0000105,SAVINGS,ACTIVE,2019-10-27,104688.51,GBP,1,29011.12,4,2,0,0
ACCT100003084,CUST0005031,SAVINGS,ACTIVE,2021-03-05,6365.11,AED,1,9722.09,5,1,0,0
ACCT100003085,CUST0002209,SHELL,ACTIVE,2018-04-20,4181285.83,INR,2,840502.61,7,2,1,1
ACCT100003086,CUST0002632,NRE,ACTIVE,2020-06-21,42400.82,USD,2,23466.81,4,2,1,1
ACCT100003087,CUST0000525,CURRENT,ACTIVE,2016-06-04,420591.77,INR,3,28267.87,2,2,1,1
ACCT100003088,CUST0005482,SAVINGS,ACTIVE,2012-12-14,15236.46,SGD,1,8375.65,2,1,1,1
ACCT100003089,CUST0007160,SAVINGS,ACTIVE,2020-08-31,4375.53,SGD,1,1895.48,3,1,0,1
ACCT100003090,CUST0003100, NRE ,ACTIVE,2018-05-26,580818.99,INR,3,164708.49,7,1,0,1
ACCT100003091,CUST0005376,SALARY,ACTIVE,2019-02-21,6437.99,INR,2,3718.73,4,4,0,0
ACCT100003092,CUST0005488,SALARY,CLOSED,2018-09-24,2499.43,SGD,1,6851.14,2,2,1,1
ACCT100003093,CUST0003467,SALARY,ACTIVE,2020-06-03,3408.05,USD,1,11017.49,3,1,1,1
ACCT100003094,CUST0005969,NRO,ACTIVE,2016-06-09,13826.69,INR,1,1032203.43,5,1,1,1
ACCT100003095,CUST0005904,SHELL,DORMANT,2019-07-09,576523.47,USD,1,1680426.59,8,1,1,0
ACCT100003096,CUST0000600,SALARY,DORMANT,2013-08-07,3727.75,AED,1,15283.87,3,2,1,1
ACCT100003097,CUST0003489,SALARY,ACTIVE,2019-12-23,1886.5,AED,2,3255.3,1,1,0,1
ACCT100003098,CUST0003770,SAVINGS,ACTIVE,2012-02-18,117285.4,AED,3,7024.47,5,4,1,1
ACCT100003099,CUST0000753,TRUST,ACTIVE,2012-03-18,1763105.81,INR,3,956349.88,7,4,1,1
ACCT100003100,CUST0001834, SAVINGS ,ACTIVE,2017-08-13,102646.29,USD,2,2801.85,1,1,1,1
ACCT100003101,CUST0005389,SALARY,ACTIVE,2020-04-13,11653.91,INR,1,19851.43,4,2,0,1
ACCT100003102,CUST0005442,SALARY,ACTIVE,2015-06-20,2567.03,INR,1,23754.4,4,1,1,1
ACCT100003103,CUST0004089,CURRENT,BLOCKED,2021-06-14,9517.67,USD,1,32108.21,2,1,1,1
ACCT100003104,CUST0005554,SAVINGS,ACTIVE,2020-04-01,42141.73,INR,1,2576.37,5,1,0,1
ACCT100003105,CUST0004378,CURRENT,ACTIVE,2015-08-29,1599583.51,INR,2,33519.03,1,1,1,1
ACCT100003106,CUST0002620,SAVINGS,ACTIVE,2018-08-10,168462.0,AED,2,3640.76,5,1,1,0
ACCT100003107,CUST0005213, SALARY ,ACTIVE,2012-01-16,28665.75,INR,2,6105.56,3,5,0,1
ACCT100003108,CUST0002303,SAVINGS,ACTIVE,2018-07-31,32133.41,SGD,1,60326.67,3,1,1,1
ACCT100003109,CUST0002956,SAVINGS,ACTIVE,2019-08-07,10862.63,INR,1,29426.7,1,3,1,1
ACCT100003110,CUST0004483,SALARY,ACTIVE,2019-10-03,39319.86,USD,1,4706.88,2,3,1,1
ACCT100003111,CUST0005778,SAVINGS,CLOSED,2019-07-08,5826.06,SGD,1,4717.3,3,2,1,1
ACCT100003112,CUST0000694,CURRENT,ACTIVE,2020-06-14,1683.98,USD,1,22548.86,2,2,1,1
ACCT100003113,CUST0004091,NRO,ACTIVE,2019-01-31,31357.26,USD,2,99814.06,4,1,0,1
ACCT100003114,CUST0003176,SAVINGS,ACTIVE,2018-11-09,12325.26,INR,1,6703.24,5,1,1,0
ACCT100003115,CUST0007346,SAVINGS,ACTIVE,2014-09-21,2278.49,INR,1,69026.1,3,2,1,1
ACCT100003116,CUST0001246,NRO,CLOSED,2012-09-10,456933.93,INR,2,20444.84,4,2,1,1
ACCT100003117,CUST0006759,CURRENT,CLOSED,2016-04-30,13926.55,INR,2,10453.32,2,1,1,1
ACCT100003118,CUST0001386,CURRENT,ACTIVE,2015-01-13,202728.06,AED,1,3704.3,2,1,0,0
ACCT100003119,CUST0002275,SALARY,ACTIVE,2020-09-13,32722.73,INR,2,1767.57,1,2,1,1
ACCT100003120,CUST0000753,CURRENT,ACTIVE,2020-04-13,48443.87,GBP,1,67864.08,5,1,1,1
ACCT100003121,CUST0001865,NRE,DORMANT,2018-05-24,291306.34,INR,2,996589.44,4,5,1,1
ACCT100003122,CUST0005230,SAVINGS,ACTIVE,2017-02-04,48895.33,INR,1,11163.58,2,4,1,1
ACCT100003123,CUST0001801,SAVINGS,DORMANT,2013-08-05,12931.98,USD,1,17414.03,2,3,1,1
ACCT100003124,CUST0007466,SALARY,ACTIVE,2021-07-11,159123.02,SGD,1,20706.83,5,1,1,0
ACCT100003125,CUST0001719,CURRENT,ACTIVE,2020-12-23,6032.06,GBP,3,520953.79,3,1,1,1
ACCT100003126,CUST0007465,CURRENT,DORMANT,2018-09-02,24539.04,USD,1,25986.03,2,2,0,1
ACCT100003127,CUST0004338,CURRENT,ACTIVE,2013-08-27,48378.66,INR,1,271973.18,1,2,1,0
ACCT100003128,CUST0003136, NRO ,ACTIVE,2013-11-23,2543227.08,INR,1,248233.1,7,2,1,1
ACCT100003129,CUST0000177,NRE,ACTIVE,2013-03-13,44382.65,AED,1,33844.25,5,1,1,0
ACCT100003130,CUST0004308,SAVINGS,DORMANT,2019-10-26,218021.29,USD,3,12986.27,1,1,1,1
ACCT100003131,CUST0005616,CURRENT,ACTIVE,2019-02-14,18182.37,SGD,1,86941.59,5,4,1,1
ACCT100003132,CUST0001873,NRE,ACTIVE,2020-12-22,687744.82,INR,1,187891.89,6,2,1,1
ACCT100003133,CUST0006256,CURRENT,ACTIVE,2013-04-11,35019.93,SGD,1,18276.78,5,2,1,1
ACCT100003134,CUST0005452,TRUST,DORMANT,2014-12-26,53231.25,SGD,1,80297.06,8,1,0,1
ACCT100003135,CUST0002434,SALARY,ACTIVE,2012-10-29,76470.29,GBP,1,1691.4,5,1,0,1
ACCT100003136,CUST0005663,SAVINGS,ACTIVE,2015-08-17,11529.99,INR,2,46085.76,2,5,1,0
ACCT100003137,CUST0005071,CURRENT,DORMANT,2016-11-25,14411.55,AED,1,87516.56,3,1,1,1
ACCT100003138,CUST0000824,NRO,ACTIVE,2016-07-10,57871.37,AED,1,532268.4,7,4,1,1
ACCT100003139,CUST0005895,CURRENT,ACTIVE,2016-01-17,7234.5,INR,1,24757.64,2,4,1,1
ACCT100003140,CUST0006205,CURRENT,ACTIVE,2020-01-18,22200.67,INR,2,52357.86,5,1,1,1
ACCT100003141,CUST0000290,NRE,CLOSED,2020-08-13,166078.37,INR,1,13015.57,7,3,1,1
ACCT100003142,CUST0001192,SAVINGS,ACTIVE,2020-11-01,28467.8,INR,1,2627.61,5,1,1,1
ACCT100003143,CUST0006517,SAVINGS,ACTIVE,2016-04-23,87599.99,INR,2,20083.02,4,2,0,0
ACCT100003144,CUST0002352,SAVINGS,ACTIVE,2021-02-28,32190.16,INR,1,3166.55,3,1,1,1
ACCT100003145,CUST0004757,NRE,BLOCKED,2018-12-12,2034.2,INR,1,72132.83,5,4,1,1
ACCT100003146,CUST0000372,savings,ACTIVE,2012-08-15,45622.95,INR,1,18281.53,2,3,0,1
ACCT100003147,CUST0002381,CURRENT,ACTIVE,2021-07-26,8930.56,AED,1,6471.72,4,2,1,1
ACCT100003148,CUST0007217,CURRENT,BLOCKED,2020-09-08,74622.13,SGD,2,86222.76,2,1,0,1
ACCT100003149,CUST0003955,NRE,ACTIVE,2020-02-03,341615.71,GBP,1,220174.08,4,1,1,1
ACCT100003150,CUST0004458,SALARY,ACTIVE,2019-04-01,62623.75,INR,1,10612.58,1,1,1,1
ACCT100003151,CUST0000130,savings,ACTIVE,2019-12-17,58742.95,INR,1,7883.29,3,3,0,1
ACCT100003152,CUST0003912,NRO,ACTIVE,2019-10-04,42083.66,INR,1,43653.97,4,1,0,1
ACCT100003153,CUST0006676,SAVINGS,ACTIVE,2015-06-08,159004.73,AED,1,5129.64,5,3,1,0
ACCT100003154,CUST0000147,CURRENT,ACTIVE,2014-02-22,21597.74,INR,1,6002.2,5,1,0,1
ACCT100003155,CUST0006013,NRE,ACTIVE,2020-09-04,45259.46,AED,3,182288.95,5,2,1,1
ACCT100003156,CUST0006270,CURRENT,ACTIVE,2020-11-09,205067.9,AED,1,47376.47,4,1,1,0
ACCT100003157,CUST0002137,SAVINGS,ACTIVE,2020-10-07,34717.33,SGD,2,14601.85,5,1,1,1
ACCT100003158,CUST0003057,NRO,ACTIVE,2012-12-01,82598.9,INR,1,183311.77,6,4,0,1
ACCT100003159,CUST0005790,SALARY,ACTIVE,2019-02-11,39349.62,INR,1,4563.61,2,1,1,1
ACCT100003160,CUST0002836,CURRENT,ACTIVE,2017-02-28,33726.02,USD,3,105714.63,1,3,1,1
ACCT100003161,CUST0007455,trust,DORMANT,2015-10-16,417913.18,INR,3,75513.11,7,2,0,1
ACCT100003162,CUST0007154,NRO,DORMANT,2017-12-03,768147.4,AED,1,102809.38,5,2,1,1
ACCT100003163,CUST0006033,CURRENT,ACTIVE,2013-07-22,79720.51,SGD,2,16497.08,4,1,1,0
ACCT100003164,CUST0003287,CURRENT,ACTIVE,2015-10-13,20555.35,INR,1,271322.42,1,1,1,1
ACCT100003165,CUST0000369,SAVINGS,ACTIVE,2015-12-06,9453.72,AED,1,10628.73,5,1,0,1
ACCT100003166,CUST0001765,savings,ACTIVE,2012-08-31,278655.92,INR,1,5452.73,2,1,1,1
ACCT100003167,CUST0006531,SAVINGS,ACTIVE,2014-06-11,6571.73,INR,2,110774.65,1,1,1,1
ACCT100003168,CUST0004979,SALARY,ACTIVE,2017-04-24,10823.07,INR,1,36524.49,2,3,1,0
ACCT100003169,CUST0000470,SAVINGS,ACTIVE,2018-02-17,3663.64,SGD,1,33251.8,3,3,0,1
ACCT100003170,CUST0007307,CURRENT,ACTIVE,2014-09-03,2718.83,INR,2,329688.58,1,1,0,1
ACCT100003171,CUST0001795,CURRENT,ACTIVE,2015-10-14,23730.13,INR,3,161172.14,5,3,1,1
ACCT100003172,CUST0004013, SALARY ,ACTIVE,2018-10-13,5194.3,INR,1,13930.84,5,2,1,1
ACCT100003173,CUST0000315,NRE,DORMANT,2019-03-22,180153.48,INR,1,63974.39,5,1,0,1
ACCT100003174,CUST0002104,TRUST,DORMANT,2018-05-07,23389.29,INR,1,424635.37,10,1,1,0
ACCT100003175,CUST0006513,CURRENT,ACTIVE,2019-07-20,47299.93,INR,1,10995.33,1,3,0,1
ACCT100003176,CUST0003816,NRO,DORMANT,2015-03-31,29404.8,AED,1,83812.13,5,5,1,1
ACCT100003177,CUST0004151,CURRENT,DORMANT,2016-04-01,69655.63,AED,1,72718.67,4,4,1,0
ACCT100003178,CUST0000923,TRUST,DORMANT,2017-06-02,11411.64,SGD,1,30809.15,10,3,1,1
ACCT100003179,CUST0006017,NRE,ACTIVE,2015-07-29,1054496.91,USD,2,118618.61,5,1,0,0
ACCT100003180,CUST0001223,SALARY,ACTIVE,2021-01-02,15278.32,USD,1,25877.4,3,2,1,1
ACCT100003181,CUST0003205,CURRENT,ACTIVE,2013-11-17,248171.39,INR,1,165805.62,1,3,1,0
ACCT100003182,CUST0007652,CURRENT,ACTIVE,2014-12-20,25345.19,INR,1,10485.12,1,1,1,1
ACCT100003183,CUST0004820,NRE,ACTIVE,2020-02-08,232400.14,INR,1,44375.35,4,1,1,1
ACCT100003184,CUST0007602,SALARY,ACTIVE,2016-11-24,1613.17,INR,1,13730.53,4,1,1,1
ACCT100003185,CUST0007428,SAVINGS,ACTIVE,2016-04-24,4333.63,INR,3,6331.88,2,1,1,1
ACCT100003186,CUST0000334,CURRENT,ACTIVE,2020-06-22,7997.89,INR,2,54399.49,4,1,1,0
ACCT100003187,CUST0001002,SAVINGS,CLOSED,2017-08-01,4623.33,AED,1,11860.14,3,3,1,1
ACCT100003188,CUST0002089, SAVINGS ,DORMANT,2017-08-27,3129.55,INR,2,36232.31,2,3,1,1
ACCT100003189,CUST0006291,SHELL,DORMANT,2020-03-23,7080272.03,INR,1,13183.57,8,4,1,1
ACCT100003190,CUST0000281,CURRENT,ACTIVE,2012-11-07,5460.13,INR,2,17059.26,4,1,1,1
ACCT100003191,CUST0000263,NRE,ACTIVE,2015-05-22,59092.6,AED,1,257067.04,4,1,1,1
ACCT100003192,CUST0003729,CURRENT,ACTIVE,2014-11-09,55351.67,AED,1,63422.94,2,1,1,1
ACCT100003193,CUST0004584,SALARY,ACTIVE,2015-04-20,115320.88,INR,1,3202.83,4,3,1,1
ACCT100003194,CUST0002236,SHELL,DORMANT,2016-03-26,815322.65,INR,1,276650.49,7,2,0,1
ACCT100003195,CUST0004001,SALARY,ACTIVE,2018-04-24,73084.7,INR,1,6500.63,2,3,1,1
ACCT100003196,CUST0002158,SAVINGS,ACTIVE,2019-10-12,114403.41,INR,1,904.13,3,3,0,1
ACCT100003197,CUST0000924,nre,ACTIVE,2012-09-22,172118.28,INR,2,18072.06,4,2,1,1
ACCT100003198,CUST0001425,TRUST,ACTIVE,2016-04-16,83812.84,INR,1,2032204.63,9,2,1,1
ACCT100003199,CUST0001712,CURRENT,DORMANT,2021-07-10,178761.98,INR,2,69015.21,2,3,1,1
ACCT100003200,CUST0002677,SAVINGS,ACTIVE,2014-05-01,5151.95,USD,1,266986.02,2,3,1,1
ACCT100003201,CUST0002015,SAVINGS,BLOCKED,2012-01-13,20014.77,INR,1,40759.41,5,3,1,1
ACCT100003202,CUST0003468,SAVINGS,ACTIVE,2013-07-21,6899.79,INR,1,32840.73,4,5,1,1
ACCT100003203,CUST0001242,SAVINGS,ACTIVE,2014-10-10,17146.23,AED,1,30424.21,5,1,0,1
ACCT100003204,CUST0001779,SALARY,ACTIVE,2018-11-27,2109.57,INR,2,6558.02,1,1,1,1
ACCT100003205,CUST0003587,CURRENT,ACTIVE,2020-07-02,49335.07,INR,3,31468.16,5,3,0,1
ACCT100003206,CUST0004802,NRO,ACTIVE,2018-03-13,42798.03,INR,1,142531.83,5,1,0,0
ACCT100003207,CUST0002896,CURRENT,ACTIVE,2013-02-18,7145.43,INR,1,25880.48,5,5,1,1
ACCT100003208,CUST0003252,NRO,ACTIVE,2019-07-07,668464.85,USD,1,93759.4,4,1,1,1
ACCT100003209,CUST0007884,SAVINGS,ACTIVE,2017-05-31,13870.57,INR,2,9046.5,1,2,1,1
ACCT100003210,CUST0001341,SAVINGS,ACTIVE,2020-08-29,43283.33,GBP,1,13390.5,2,1,1,1
ACCT100003211,CUST0001151,NRE,ACTIVE,2014-07-07,661043.47,USD,2,18881.36,4,1,0,1
ACCT100003212,CUST0005238,NRE,ACTIVE,2019-06-17,67088.76,AED,2,281348.65,5,1,0,1
ACCT100003213,CUST0007310,SALARY,ACTIVE,2013-01-29,28174.16,AED,1,13866.13,4,2,0,1
ACCT100003214,CUST0006985,CURRENT,ACTIVE,2017-09-03,20118.38,INR,1,5603.45,1,1,1,1
ACCT100003215,CUST0002685,SAVINGS,ACTIVE,2019-09-02,8643.25,AED,1,43792.59,2,1,0,0
ACCT100003216,CUST0005198,SAVINGS,ACTIVE,2020-09-26,43501.56,INR,1,26798.11,1,2,1,1
ACCT100003217,CUST0002115,NRE,ACTIVE,2015-09-08,68268.97,AED,2,90450.28,5,2,1,1
ACCT100003218,CUST0003314,TRUST,DORMANT,2019-02-15,5552314.97,INR,1,2670858.35,8,2,0,1
ACCT100003219,CUST0000517,TRUST,BLOCKED,2012-06-28,5977400.3,INR,1,350046.44,7,1,1,1
ACCT100003220,CUST0006975,CURRENT,ACTIVE,2016-03-11,490762.19,USD,2,591.5,4,1,1,1
ACCT100003221,CUST0002107,SALARY,ACTIVE,2014-03-09,20954.01,USD,1,36490.62,1,5,1,1
ACCT100003222,CUST0000826,CURRENT,ACTIVE,2016-09-05,29116.01,INR,1,17329.75,2,2,0,0
ACCT100003223,CUST0002229,NRO,ACTIVE,2021-07-16,99224.35,INR,1,233731.06,7,1,1,1
ACCT100003224,CUST0000713,SALARY,ACTIVE,2018-03-31,19285.15,INR,1,17206.2,1,1,0,1
ACCT100003225,CUST0002684,NRO,ACTIVE,2021-02-15,173245.82,GBP,1,165124.54,7,3,1,1
ACCT100003226,CUST0003790,SALARY,BLOCKED,2014-02-20,4583.86,INR,1,9891.29,4,3,1,0
ACCT100003227,CUST0000556,SAVINGS,ACTIVE,2018-10-08,318125.25,INR,2,10873.39,4,3,1,1
ACCT100003228,CUST0000615,SAVINGS,ACTIVE,2018-06-02,9865.27,USD,1,73772.9,2,1,1,1
ACCT100003229,CUST0004720,SHELL,DORMANT,2020-09-13,79644.69,USD,1,432665.45,7,3,1,1
ACCT100003230,CUST0004465,CURRENT,ACTIVE,2020-05-08,47949.5,USD,1,5540.28,4,1,1,1
ACCT100003231,CUST0005192,SAVINGS,DORMANT,2013-02-25,2446.87,USD,2,5382.2,5,2,0,1
ACCT100003232,CUST0003018,NRE,DORMANT,2018-05-06,146079.6,SGD,1,21124.63,7,1,1,1
ACCT100003233,CUST0000923,SAVINGS,ACTIVE,2012-12-09,13193.94,INR,1,58011.42,5,5,0,1
ACCT100003234,CUST0002574,CURRENT,DORMANT,2014-06-04,170428.99,AED,1,133723.29,3,2,1,0
ACCT100003235,CUST0006251,CURRENT,ACTIVE,2020-10-13,234361.02,AED,2,36791.03,5,3,0,0
ACCT100003236,CUST0000263,SAVINGS,ACTIVE,2019-06-04,5941.13,USD,2,9281.71,3,3,1,1
ACCT100003237,CUST0005237,SALARY,ACTIVE,2017-05-04,2152.55,USD,1,26486.32,5,1,0,1
ACCT100003238,CUST0004037,NRO,ACTIVE,2014-05-07,121417.97,USD,2,64772.98,4,2,1,1
ACCT100003239,CUST0003392,TRUST,ACTIVE,2013-07-25,200099.52,INR,2,43261.0,7,1,1,1
ACCT100003240,CUST0002402,SALARY,ACTIVE,2012-02-04,5054.95,USD,1,8016.91,1,3,0,1
ACCT100003241,CUST0000800,SAVINGS,BLOCKED,2016-06-20,10610.02,INR,1,11419.52,4,2,1,1
ACCT100003242,CUST0002464,CURRENT,ACTIVE,2020-03-07,496680.26,INR,2,14646.23,1,2,0,1
ACCT100003243,CUST0001246,CURRENT,CLOSED,2012-09-23,6830.64,INR,2,61937.58,3,3,1,1
ACCT100003244,CUST0000403,TRUST,CLOSED,2019-08-12,125136.28,INR,3,110958.73,8,1,1,1
ACCT100003245,CUST0006476,CURRENT,ACTIVE,2015-05-10,10871.23,GBP,1,37900.21,3,2,1,1
ACCT100003246,CUST0004918,CURRENT,ACTIVE,2015-04-29,149739.17,SGD,2,167969.28,5,3,1,1
ACCT100003247,CUST0004369,TRUST,ACTIVE,2012-12-30,623434.57,INR,2,1155283.23,8,2,1,1
ACCT100003248,CUST0002865,CURRENT,DORMANT,2021-09-01,33519.89,SGD,1,63464.11,2,2,1,1
ACCT100003249,CUST0000779,TRUST,ACTIVE,2019-11-03,515255.39,INR,2,199129.0,8,3,0,1
ACCT100003250,CUST0002651,CURRENT,ACTIVE,2016-11-25,4815.8,INR,2,99389.66,5,2,1,1
ACCT100003251,CUST0006294,SALARY,ACTIVE,2014-12-04,38036.48,INR,1,21643.78,1,2,1,1
ACCT100003252,CUST0002073,NRE,ACTIVE,2015-03-21,37606.97,GBP,1,62188.47,6,2,0,1
ACCT100003253,CUST0007166,NRO,ACTIVE,2013-02-13,33418.11,GBP,1,54575.77,6,2,1,1
ACCT100003254,CUST0001453,SAVINGS,ACTIVE,2016-07-03,43304.08,SGD,2,8849.23,3,1,1,1
ACCT100003255,CUST0000805,SHELL,ACTIVE,2018-09-28,14061.28,SGD,1,544508.19,10,1,1,0
ACCT100003256,CUST0005628,SALARY,ACTIVE,2020-11-15,8011.14,SGD,1,15092.6,5,1,1,1
ACCT100003257,CUST0006923,SAVINGS,ACTIVE,2013-04-26,21089.74,AED,1,19393.65,3,3,1,1
ACCT100003258,CUST0004140,NRE,ACTIVE,2014-07-17,167452.42,INR,1,49460.09,6,1,1,1
ACCT100003259,CUST0002276,NRE,ACTIVE,2014-06-05,412260.08,SGD,1,111422.25,7,2,1,1
ACCT100003260,CUST0005976,SAVINGS,ACTIVE,2021-09-14,26850.35,INR,1,25549.29,3,1,1,1
ACCT100003261,CUST0001520,SAVINGS,ACTIVE,2016-09-21,15783.24,USD,3,21462.15,5,2,1,1
ACCT100003262,CUST0006501,SAVINGS,ACTIVE,2016-04-23,912.67,INR,2,607.97,2,2,1,1
ACCT100003263,CUST0007338,CURRENT,ACTIVE,2019-05-13,10768.59,INR,2,27346.28,5,4,1,1
ACCT100003264,CUST0001875,SALARY,ACTIVE,2020-12-05,7222.03,INR,1,3659.73,4,3,1,1
ACCT100003265,CUST0004891,CURRENT,ACTIVE,2018-09-10,3761.54,AED,1,83644.69,4,1,1,0
ACCT100003266,CUST0007723,SAVINGS,ACTIVE,2013-09-21,1158.62,AED,1,19793.28,2,1,1,1
ACCT100003267,CUST0007924,CURRENT,ACTIVE,2018-03-18,347927.64,INR,2,42149.36,1,1,0,1
ACCT100003268,CUST0000578,SALARY,ACTIVE,2014-12-14,33132.41,INR,1,761.0,4,1,1,1
ACCT100003269,CUST0000722,SAVINGS,DORMANT,2014-09-11,7237.17,AED,1,140535.55,2,2,1,0
ACCT100003270,CUST0001057,SALARY,ACTIVE,2013-03-19,22610.37,USD,1,20525.18,2,2,1,1
ACCT100003271,CUST0002050,salary,ACTIVE,2019-09-20,1499.44,INR,2,76526.64,3,1,1,1
ACCT100003272,CUST0001141,SALARY,ACTIVE,2014-07-16,26762.61,USD,2,1206.79,5,1,1,1
ACCT100003273,CUST0000222,CURRENT,ACTIVE,2018-10-29,46278.43,AED,2,168083.27,4,2,0,1
ACCT100003274,CUST0004746,TRUST,DORMANT,2016-08-15,3307003.92,GBP,1,472763.9,8,1,0,1
ACCT100003275,CUST0006689,SHELL,ACTIVE,2016-09-04,2424384.27,SGD,1,904621.07,7,4,1,1
ACCT100003276,CUST0000069,NRE,DORMANT,2020-07-02,98195.19,INR,1,102291.96,6,5,0,1
ACCT100003277,CUST0000110,SAVINGS,ACTIVE,2017-05-20,245243.64,USD,1,4577.18,3,4,0,1
ACCT100003278,CUST0001641,SAVINGS,ACTIVE,2021-01-31,50916.93,INR,2,3549.69,3,2,0,1
ACCT100003279,CUST0004835,savings,ACTIVE,2013-10-08,62061.89,SGD,1,42358.14,1,2,0,1
ACCT100003280,CUST0000536,SAVINGS,ACTIVE,2017-10-14,12818.35,USD,2,8435.17,2,1,1,1
ACCT100003281,CUST0000466,NRO,ACTIVE,2018-09-15,1287923.02,SGD,1,531117.97,5,2,1,1
ACCT100003282,CUST0003532,SAVINGS,ACTIVE,2013-07-24,14103.93,AED,1,13753.15,4,1,1,1
ACCT100003283,CUST0002632,CURRENT,ACTIVE,2012-12-10,34159.89,USD,1,33493.87,5,2,1,1
ACCT100003284,CUST0005185,CURRENT,ACTIVE,2019-10-17,281530.76,SGD,1,171457.7,3,2,1,1
ACCT100003285,CUST0004127,NRE,ACTIVE,2018-04-26,155381.53,SGD,1,574405.56,5,3,1,0
ACCT100003286,CUST0002586,CURRENT,ACTIVE,2013-10-16,34615.25,INR,1,19187.95,3,1,1,1
ACCT100003287,CUST0001507,CURRENT,BLOCKED,2014-03-14,350483.43,INR,1,150806.29,4,2,1,1
ACCT100003288,CUST0000593,SAVINGS,ACTIVE,2016-04-22,11181.41,INR,1,43943.27,1,1,1,1
ACCT100003289,CUST0007869,CURRENT,BLOCKED,2012-05-10,680643.39,INR,1,30900.98,4,3,1,0
ACCT100003290,CUST0003037,savings,ACTIVE,2017-10-02,13403.18,AED,1,3835.43,2,1,1,1
ACCT100003291,CUST0002651,SALARY,ACTIVE,2021-11-25,6861.72,AED,2,8774.09,5,1,1,1
ACCT100003292,CUST0001236,NRE,ACTIVE,2020-05-07,299029.79,INR,1,51215.4,5,3,1,1
ACCT100003293,CUST0007400,TRUST,DORMANT,2014-03-03,903001.39,INR,1,1581448.25,7,2,1,0
ACCT100003294,CUST0006703,SALARY,ACTIVE,2013-10-28,3425.33,INR,1,23607.64,2,4,1,1
ACCT100003295,CUST0002163,NRE,ACTIVE,2015-11-07,20763.92,INR,2,4318.08,4,1,1,1
ACCT100003296,CUST0004444,SAVINGS,ACTIVE,2019-01-30,3775.21,AED,3,8180.17,5,4,1,1
ACCT100003297,CUST0002987,CURRENT,ACTIVE,2014-08-21,86955.5,GBP,2,19253.02,3,1,1,1
ACCT100003298,CUST0002030,SAVINGS,ACTIVE,2013-01-14,18669.64,USD,1,2640.29,4,4,1,1
ACCT100003299,CUST0001036,SHELL,ACTIVE,2013-05-19,1543041.46,USD,1,1149929.49,7,1,1,1
ACCT100003300,CUST0006414,CURRENT,ACTIVE,2021-02-07,13530.86,INR,1,86704.65,1,4,0,1
ACCT100003301,CUST0003845,SAVINGS,ACTIVE,2016-12-29,92148.35,INR,2,21779.23,5,4,0,1
ACCT100003302,CUST0006232,NRE,ACTIVE,2017-10-01,514519.18,INR,1,130465.06,6,2,0,1
ACCT100003303,CUST0002143,CURRENT,BLOCKED,2016-08-02,487341.45,AED,1,16124.17,1,1,1,1
ACCT100003304,CUST0002166,SAVINGS,ACTIVE,2020-09-03,22280.91,AED,1,37843.75,2,2,1,1
ACCT100003305,CUST0001056,NRE,CLOSED,2014-01-12,162915.1,AED,2,100792.67,4,2,1,1
ACCT100003306,CUST0004433,CURRENT,ACTIVE,2018-06-27,47601.02,SGD,1,34299.28,2,1,1,1
ACCT100003307,CUST0000985,NRE,ACTIVE,2016-06-24,259197.03,INR,1,16294.19,6,2,0,1
ACCT100003308,CUST0007432,NRE,ACTIVE,2013-01-17,37839.67,INR,1,168023.16,5,1,0,1
ACCT100003309,CUST0002033,SALARY,ACTIVE,2021-06-04,6449.99,INR,1,1133.84,4,1,1,1
ACCT100003310,CUST0003693,SALARY,ACTIVE,2020-09-13,123046.41,INR,1,2869.02,2,1,1,1
ACCT100003311,CUST0004459,NRO,ACTIVE,2014-08-20,113929.06,INR,1,139054.82,7,1,1,1
ACCT100003312,CUST0007318,CURRENT,ACTIVE,2014-12-31,51653.2,INR,1,97660.08,5,2,1,1
ACCT100003313,CUST0006467,TRUST,DORMANT,2017-04-15,291023.15,INR,2,2453821.74,9,1,1,1
ACCT100003314,CUST0001771,SAVINGS,ACTIVE,2013-04-26,20757.39,INR,1,22600.82,1,1,1,0
ACCT100003315,CUST0006623,TRUST,DORMANT,2016-05-05,760653.65,USD,3,84541.77,10,2,1,0
ACCT100003316,CUST0003375, SAVINGS ,ACTIVE,2012-12-26,2863.44,INR,2,4367.87,3,3,1,1
ACCT100003317,CUST0007206,CURRENT,ACTIVE,2015-08-13,12300.22,AED,2,10439.04,4,1,1,1
ACCT100003318,CUST0005921,CURRENT,ACTIVE,2021-07-07,45804.99,SGD,1,24356.92,4,1,1,0
ACCT100003319,CUST0001516,SAVINGS,ACTIVE,2021-04-19,10138.35,INR,3,11887.3,3,1,0,1
ACCT100003320,CUST0003917,SAVINGS,ACTIVE,2013-08-24,6346.98,INR,1,79870.75,3,1,0,1
ACCT100003321,CUST0006193,NRE,ACTIVE,2020-10-04,112351.13,AED,1,38876.28,5,2,1,1
ACCT100003322,CUST0001716,SAVINGS,ACTIVE,2012-01-13,5849.79,INR,1,1865.01,1,1,1,1
ACCT100003323,CUST0000573,SAVINGS,ACTIVE,2018-12-06,6538.13,INR,2,33652.08,1,1,1,1
ACCT100003324,CUST0002816,nre,ACTIVE,2021-10-05,27049.89,INR,1,19943.56,6,1,1,1
ACCT100003325,CUST0001761,TRUST,ACTIVE,2019-03-07,1003472.18,AED,1,3467334.75,8,1,1,1
ACCT100003326,CUST0005810,CURRENT,ACTIVE,2017-03-17,49991.63,SGD,2,16866.12,2,1,0,1
ACCT100003327,CUST0004146,SALARY,ACTIVE,2014-12-12,59936.69,INR,1,2328.53,1,3,1,1
ACCT100003328,CUST0005946,savings,ACTIVE,2021-01-31,10729.13,SGD,3,23567.34,4,1,0,1
ACCT100003329,CUST0002781,TRUST,ACTIVE,2017-09-11,5872296.07,SGD,2,583092.18,7,4,1,1
ACCT100003330,CUST0003274,SAVINGS,ACTIVE,2019-07-17,64466.36,INR,1,51209.54,1,1,0,1
ACCT100003331,CUST0002123,CURRENT,ACTIVE,2015-06-07,11409.4,USD,2,13788.28,3,1,1,1
ACCT100003332,CUST0001712,TRUST,ACTIVE,2013-03-13,153704.79,USD,2,277794.44,9,1,1,1
ACCT100003333,CUST0005250,CURRENT,ACTIVE,2014-07-04,436509.08,INR,1,69575.28,5,1,1,1
ACCT100003334,CUST0000205,SAVINGS,ACTIVE,2020-02-13,7780.92,INR,2,2686.05,4,1,1,1
ACCT100003335,CUST0006607,SAVINGS,ACTIVE,2018-02-23,602846.07,GBP,1,6967.14,2,1,1,1
ACCT100003336,CUST0007214,SAVINGS,ACTIVE,2016-04-19,93740.75,INR,3,12053.85,2,1,1,1
ACCT100003337,CUST0005162,CURRENT,ACTIVE,2017-09-07,55798.54,INR,1,94764.08,3,1,1,1
ACCT100003338,CUST0002930,SALARY,ACTIVE,2020-11-23,16564.05,INR,1,15350.8,2,1,0,1
ACCT100003339,CUST0006921,CURRENT,DORMANT,2018-08-16,336156.03,USD,1,3697.86,5,1,1,0
ACCT100003340,CUST0007860,CURRENT,ACTIVE,2016-01-30,1170370.92,INR,1,32763.29,3,2,1,0
ACCT100003341,CUST0001004,SAVINGS,ACTIVE,2018-02-21,36234.42,INR,1,64498.89,3,2,1,1
ACCT100003342,CUST0005651,SALARY,CLOSED,2014-05-19,12125.41,INR,1,9274.68,2,3,1,1
ACCT100003343,CUST0003364,TRUST,ACTIVE,2020-11-01,230733.66,USD,2,1055726.3,9,2,1,1
ACCT100003344,CUST0006310,CURRENT,ACTIVE,2019-04-01,43457.98,INR,1,39075.38,2,2,0,0
ACCT100003345,CUST0003644,CURRENT,ACTIVE,2020-01-03,60651.18,INR,1,416792.04,5,1,0,1
ACCT100003346,CUST0001992,SAVINGS,ACTIVE,2014-08-01,12098.89,USD,3,45379.59,1,1,0,1
ACCT100003347,CUST0007772,SAVINGS,ACTIVE,2016-01-20,13499.38,INR,1,21840.16,3,4,1,1
ACCT100003348,CUST0005822,SAVINGS,ACTIVE,2017-11-22,13879.41,SGD,1,20448.11,1,3,1,1
ACCT100003349,CUST0005498,SAVINGS,BLOCKED,2014-09-29,2360.19,INR,1,33777.47,1,1,0,1
ACCT100003350,CUST0002468,SALARY,ACTIVE,2014-03-25,892.1,INR,3,3248.83,2,1,1,1
ACCT100003351,CUST0007890,salary,ACTIVE,2015-08-03,104425.03,INR,1,1900.16,2,1,1,1
ACCT100003352,CUST0007266,SHELL,ACTIVE,2016-01-07,776559.37,AED,1,164954.12,9,3,1,1
ACCT100003353,CUST0001008,SHELL,ACTIVE,2014-03-02,190833.54,INR,1,6786409.88,9,2,1,1
ACCT100003354,CUST0003646,current,ACTIVE,2015-11-08,62250.93,SGD,1,83164.45,5,2,1,1
ACCT100003355,CUST0002228,SAVINGS,ACTIVE,2021-05-08,40776.48,INR,2,8941.76,4,3,0,1
ACCT100003356,CUST0004946,CURRENT,ACTIVE,2019-09-30,152495.5,INR,1,6334.25,1,1,1,1
ACCT100003357,CUST0002556, NRO ,ACTIVE,2013-06-20,178643.78,INR,1,29454.81,5,3,1,1
ACCT100003358,CUST0001465,SALARY,ACTIVE,2019-09-01,105405.02,USD,1,7008.14,2,1,1,1
ACCT100003359,CUST0001425,SALARY,ACTIVE,2017-11-16,1851.13,INR,1,15960.29,1,1,1,1
ACCT100003360,CUST0002287,SALARY,ACTIVE,2020-09-02,7308.86,INR,1,131012.65,2,3,0,1
ACCT100003361,CUST0004668, SAVINGS ,ACTIVE,2021-06-16,4841.57,GBP,1,2898.05,4,1,1,1
ACCT100003362,CUST0005960,CURRENT,ACTIVE,2017-10-27,8835.51,INR,1,12832.74,2,3,0,1
ACCT100003363,CUST0002323,SAVINGS,ACTIVE,2014-12-30,89064.85,USD,1,10056.55,3,3,0,1
ACCT100003364,CUST0003618,TRUST,DORMANT,2013-03-28,829008.6,INR,2,169156.27,9,3,1,1
ACCT100003365,CUST0001804,SAVINGS,ACTIVE,2018-02-11,31929.47,INR,1,28204.11,5,2,0,1
ACCT100003366,CUST0004402,SAVINGS,BLOCKED,2015-01-01,57509.67,INR,1,7452.85,1,3,1,0
ACCT100003367,CUST0002540,NRO,ACTIVE,2015-01-09,46527.07,AED,1,20652.04,7,2,1,1
ACCT100003368,CUST0003899,TRUST,BLOCKED,2019-12-20,21355.78,USD,2,1362672.64,7,1,1,1
ACCT100003369,CUST0002519,SALARY,ACTIVE,2018-05-29,5140.2,SGD,1,12728.36,2,2,1,1
ACCT100003370,CUST0006519,SHELL,ACTIVE,2018-12-20,12573.67,INR,1,226346.03,10,2,1,0
ACCT100003371,CUST0003866,SAVINGS,ACTIVE,2015-10-20,32100.53,INR,1,789.02,2,2,1,1
ACCT100003372,CUST0006821,SALARY,ACTIVE,2016-10-28,9443.89,GBP,1,3795.34,5,2,1,1
ACCT100003373,CUST0006600,SAVINGS,DORMANT,2016-11-25,2790.71,INR,1,63426.61,4,3,1,1
ACCT100003374,CUST0006335,CURRENT,DORMANT,2017-08-10,4429.43,INR,2,9058.39,1,3,0,0
ACCT100003375,CUST0000577,SAVINGS,ACTIVE,2019-12-10,5725.7,INR,3,9997.53,3,2,1,1
ACCT100003376,CUST0003125,NRO,ACTIVE,2013-03-01,293070.32,INR,2,271169.13,6,1,1,1
ACCT100003377,CUST0006012,SAVINGS,ACTIVE,2015-01-19,1596.78,AED,1,29178.73,1,1,0,1
ACCT100003378,CUST0001703,CURRENT,ACTIVE,2013-06-27,112817.29,INR,1,29832.23,3,1,1,0
ACCT100003379,CUST0002619,NRE,ACTIVE,2019-11-15,191373.46,INR,1,314661.71,6,1,1,1
ACCT100003380,CUST0001515,SALARY,ACTIVE,2018-07-18,9915.94,GBP,2,4820.72,1,1,1,1
ACCT100003381,CUST0007468,CURRENT,ACTIVE,2012-03-26,37267.49,INR,1,1443.04,2,1,1,1
ACCT100003382,CUST0002890,NRE,ACTIVE,2021-10-15,32215.36,INR,1,52878.36,5,1,1,1
ACCT100003383,CUST0004099,SAVINGS,ACTIVE,2021-05-15,15073.56,INR,1,27275.52,2,2,1,1
ACCT100003384,CUST0003287,SAVINGS,ACTIVE,2021-06-26,11645.79,SGD,2,5879.56,4,2,1,1
ACCT100003385,CUST0001881,SAVINGS,ACTIVE,2015-04-04,23150.3,AED,1,5284.63,4,2,1,1
ACCT100003386,CUST0003838,NRE,ACTIVE,2014-11-01,63385.33,INR,1,156965.48,4,2,1,1
ACCT100003387,CUST0007485,CURRENT,ACTIVE,2016-01-29,15538.38,AED,3,103740.32,4,3,0,1
ACCT100003388,CUST0004193,CURRENT,ACTIVE,2021-07-20,81683.83,INR,1,32647.1,2,1,1,1
ACCT100003389,CUST0006246,SAVINGS,ACTIVE,2018-03-23,6582.27,INR,1,1738.44,5,2,0,1
ACCT100003390,CUST0006811,SAVINGS,ACTIVE,2018-06-27,42874.51,USD,1,17420.44,3,3,1,0
ACCT100003391,CUST0006920,SALARY,ACTIVE,2016-08-04,4254.61,INR,1,18857.29,2,2,1,1
ACCT100003392,CUST0002624,SALARY,ACTIVE,2015-02-07,6845.9,GBP,1,12549.92,2,1,0,1
ACCT100003393,CUST0005015,SAVINGS,ACTIVE,2020-01-14,16050.81,AED,1,100923.85,5,2,0,0
ACCT100003394,CUST0002600,SAVINGS,ACTIVE,2013-11-22,108055.77,USD,2,7682.37,2,1,0,1
ACCT100003395,CUST0001178,SALARY,ACTIVE,2013-12-02,7999.88,SGD,1,4740.95,4,2,1,0
ACCT100003396,CUST0001333,CURRENT,ACTIVE,2019-06-16,257430.92,INR,2,56379.86,5,1,1,1
ACCT100003397,CUST0000703,CURRENT,ACTIVE,2018-04-29,13539.74,INR,1,13933.3,3,1,1,0
ACCT100003398,CUST0007283,CURRENT,ACTIVE,2016-11-11,1629.12,INR,1,7715.07,4,2,1,1
ACCT100003399,CUST0006599,SAVINGS,ACTIVE,2013-08-27,448.35,USD,2,2001.53,2,1,1,1
ACCT100003400,CUST0000243,SAVINGS,ACTIVE,2020-06-13,10502.42,GBP,1,126317.91,4,1,0,0
ACCT100003401,CUST0006871,CURRENT,CLOSED,2020-12-30,5620.55,USD,2,221370.89,1,3,1,1
ACCT100003402,CUST0000180,CURRENT,DORMANT,2013-12-21,745.44,INR,2,38461.55,4,2,0,0
ACCT100003403,CUST0002665,CURRENT,ACTIVE,2016-01-23,46020.43,INR,2,15573.53,5,1,1,0
ACCT100003404,CUST0006181,CURRENT,ACTIVE,2016-10-31,279599.18,USD,1,45234.12,1,5,1,1
ACCT100003405,CUST0003390,nre,ACTIVE,2016-07-29,82155.42,GBP,2,173181.23,4,1,1,1
ACCT100003406,CUST0005250,NRO,ACTIVE,2012-04-15,110429.16,INR,1,229624.12,4,1,1,1
ACCT100003407,CUST0007850,SAVINGS,ACTIVE,2020-07-13,62250.24,AED,3,4219.21,4,3,1,0
ACCT100003408,CUST0007809,CURRENT,BLOCKED,2013-12-10,18761.44,USD,1,79331.0,1,1,1,1
ACCT100003409,CUST0001238,SAVINGS,ACTIVE,2015-03-13,105016.18,INR,1,10157.41,5,2,1,1
ACCT100003410,CUST0005329,SALARY,ACTIVE,2018-11-03,2948.19,AED,2,4703.21,5,1,1,1
ACCT100003411,CUST0007869,CURRENT,ACTIVE,2016-03-06,52939.94,USD,2,96850.89,4,2,1,0
ACCT100003412,CUST0004101,CURRENT,ACTIVE,2015-10-20,24656.96,GBP,2,168822.98,2,1,0,0
ACCT100003413,CUST0007383,SAVINGS,ACTIVE,2016-06-05,12632.16,GBP,2,1049.97,4,1,1,1
ACCT100003414,CUST0006746,NRE,ACTIVE,2014-10-25,2831326.29,AED,1,88145.96,4,1,0,1
ACCT100003415,CUST0007205,salary,ACTIVE,2013-06-04,4335.56,INR,1,1835.45,1,2,1,1
ACCT100003416,CUST0001861,SAVINGS,ACTIVE,2021-11-09,1429.36,INR,2,10240.41,5,2,1,1
ACCT100003417,CUST0002286,savings,ACTIVE,2014-08-28,253966.8,USD,1,1333.17,2,1,1,1
ACCT100003418,CUST0004276,SAVINGS,ACTIVE,2017-11-27,19626.36,INR,1,7580.39,3,1,1,1
ACCT100003419,CUST0002278,CURRENT,DORMANT,2016-05-22,26220.83,INR,1,467320.01,5,1,1,1
ACCT100003420,CUST0002697,NRE,ACTIVE,2015-06-22,32928.85,USD,1,356716.66,7,1,1,1
ACCT100003421,CUST0000526,SALARY,DORMANT,2014-02-23,16039.51,USD,1,114077.6,3,1,0,0
ACCT100003422,CUST0002144,SALARY,ACTIVE,2017-08-30,135995.2,INR,1,28573.4,4,1,1,1
ACCT100003423,CUST0002483,NRE,ACTIVE,2018-01-23,15605.96,INR,1,13755.78,5,1,0,1
ACCT100003424,CUST0005098,CURRENT,ACTIVE,2015-11-01,3744.8,INR,1,785645.82,3,1,1,1
ACCT100003425,CUST0003778,SALARY,CLOSED,2016-11-12,5127.44,INR,1,803.14,3,3,1,1
ACCT100003426,CUST0006077,NRE,ACTIVE,2020-09-03,19554.91,INR,1,182762.88,4,1,1,1
ACCT100003427,CUST0003140,SALARY,ACTIVE,2014-12-12,7925.0,INR,2,41667.68,3,1,1,1
ACCT100003428,CUST0007619,SALARY,CLOSED,2019-08-02,9577.76,USD,1,5097.94,1,2,1,1
ACCT100003429,CUST0001004,SALARY,ACTIVE,2018-05-19,3050.95,SGD,1,18280.96,5,2,0,1
ACCT100003430,CUST0005674,TRUST,DORMANT,2016-08-31,4520.1,INR,1,267500.01,9,1,1,1
ACCT100003431,CUST0001957,CURRENT,ACTIVE,2020-02-07,96880.76,INR,1,169122.31,1,2,1,1
ACCT100003432,CUST0006001,SAVINGS,ACTIVE,2012-09-02,249399.91,INR,1,9373.2,4,3,0,1
ACCT100003433,CUST0007127,NRO,ACTIVE,2020-12-29,65069.36,USD,2,33539.87,7,1,0,1
ACCT100003434,CUST0003132,SAVINGS,DORMANT,2017-03-01,48414.56,SGD,1,115950.39,4,1,1,1
ACCT100003435,CUST0003015,SAVINGS,ACTIVE,2021-10-21,7201.0,AED,1,1531.58,1,3,0,1
ACCT100003436,CUST0007554, SAVINGS ,ACTIVE,2020-12-13,13221.58,INR,1,13032.34,5,3,1,1
ACCT100003437,CUST0000388,SAVINGS,ACTIVE,2017-09-12,69733.19,SGD,1,18997.1,3,5,1,1
ACCT100003438,CUST0001659,CURRENT,ACTIVE,2012-10-04,45675.67,INR,1,22345.34,2,1,0,1
ACCT100003439,CUST0000458,NRO,ACTIVE,2018-09-13,2192011.82,GBP,1,7378.7,6,2,0,1
ACCT100003440,CUST0003416,SAVINGS,ACTIVE,2015-11-14,34040.97,AED,1,273535.75,4,1,1,1
ACCT100003441,CUST0006451,SAVINGS,ACTIVE,2019-11-17,729.53,INR,1,4895.95,1,4,0,1
ACCT100003442,CUST0002484,SAVINGS,ACTIVE,2018-08-19,50614.98,INR,3,12607.86,4,1,0,0
ACCT100003443,CUST0001021,SAVINGS,ACTIVE,2019-05-12,3515.94,SGD,1,6564.15,1,4,0,1
ACCT100003444,CUST0002588,NRO,ACTIVE,2013-11-09,138761.68,INR,1,85854.26,5,1,1,1
ACCT100003445,CUST0004816,SALARY,ACTIVE,2015-01-16,89863.18,SGD,1,6503.24,3,2,1,1
ACCT100003446,CUST0001677,SAVINGS,ACTIVE,2021-06-20,3937.76,USD,1,28069.72,1,1,1,1
ACCT100003447,CUST0000564,SAVINGS,DORMANT,2020-07-03,173620.03,INR,2,45018.92,1,4,1,1
ACCT100003448,CUST0004243,SALARY,DORMANT,2020-05-13,22950.44,GBP,1,2753.38,4,1,1,1
ACCT100003449,CUST0003475,SAVINGS,ACTIVE,2018-05-17,2486.91,INR,1,5739.64,4,2,1,1
ACCT100003450,CUST0002092,SALARY,ACTIVE,2014-03-30,8435.14,INR,1,3812.99,2,1,0,0
ACCT100003451,CUST0004762,NRO,ACTIVE,2014-11-17,293493.07,SGD,1,139051.95,5,1,1,1
ACCT100003452,CUST0001768,NRO,ACTIVE,2012-03-07,32153.62,AED,1,83551.92,6,5,0,1
ACCT100003453,CUST0006549,SAVINGS,ACTIVE,2013-03-07,3193.05,INR,1,26160.02,5,2,1,1
ACCT100003454,CUST0005206,NRE,ACTIVE,2012-11-26,11940.68,INR,1,176237.37,7,2,1,1
ACCT100003455,CUST0005032,CURRENT,ACTIVE,2016-06-28,23659.72,INR,2,181632.06,1,1,1,0
ACCT100003456,CUST0005391,CURRENT,CLOSED,2017-12-25,114234.43,SGD,1,55970.16,2,3,0,0
ACCT100003457,CUST0000072,SALARY,DORMANT,2014-10-24,8835.82,INR,3,24255.48,5,1,0,1
ACCT100003458,CUST0007799,CURRENT,ACTIVE,2012-04-08,59911.59,INR,1,1520052.93,4,3,0,1
ACCT100003459,CUST0005641,SALARY,ACTIVE,2017-02-21,6321.89,SGD,1,12347.19,3,2,0,0
ACCT100003460,CUST0002360, CURRENT ,CLOSED,2020-12-13,11567.63,INR,1,35964.64,4,2,1,1
ACCT100003461,CUST0007526,SALARY,ACTIVE,2019-03-28,26705.4,INR,3,4836.64,2,2,0,0
ACCT100003462,CUST0003182,TRUST,DORMANT,2018-03-14,1098054.91,INR,1,466535.65,8,2,1,1
ACCT100003463,CUST0002362,SAVINGS,ACTIVE,2012-10-12,5803.93,INR,1,16788.03,1,3,1,1
ACCT100003464,CUST0002227,CURRENT,ACTIVE,2017-12-10,116378.22,USD,1,72636.9,1,3,1,1
ACCT100003465,CUST0000711,SAVINGS,ACTIVE,2020-11-28,10560.46,AED,3,13202.13,3,4,1,1
ACCT100003466,CUST0007427,CURRENT,DORMANT,2016-07-12,14638.95,INR,2,126944.14,3,2,1,1
ACCT100003467,CUST0003249,CURRENT,ACTIVE,2016-07-31,564263.24,INR,2,41962.49,3,1,1,1
ACCT100003468,CUST0007473,SALARY,ACTIVE,2016-08-28,15170.8,INR,1,8751.33,4,1,1,1
ACCT100003469,CUST0003464,CURRENT,ACTIVE,2012-02-06,155347.0,AED,1,64158.27,5,1,1,0
ACCT100003470,CUST0006935,NRO,ACTIVE,2021-05-09,157773.29,INR,1,24570.28,4,3,1,1
ACCT100003471,CUST0007599,CURRENT,DORMANT,2020-10-25,16903.01,INR,3,8900.5,4,2,1,1
ACCT100003472,CUST0007062,SALARY,ACTIVE,2019-03-09,14521.72,INR,1,9947.92,5,1,1,1
ACCT100003473,CUST0006717,SAVINGS,ACTIVE,2017-09-29,164576.57,GBP,1,17025.89,1,1,1,1
ACCT100003474,CUST0001273,SAVINGS,ACTIVE,2015-03-17,12494.22,INR,1,46680.52,5,3,1,1
ACCT100003475,CUST0007124,SALARY,ACTIVE,2013-09-27,2242.57,INR,1,86378.28,5,1,0,1
ACCT100003476,CUST0006531,CURRENT,ACTIVE,2019-02-10,45214.1,INR,1,70494.29,5,2,0,0
ACCT100003477,CUST0000768,SALARY,ACTIVE,2021-01-25,56003.38,INR,1,9845.41,5,2,1,0
ACCT100003478,CUST0006705,SALARY,ACTIVE,2014-06-01,45641.74,USD,1,9830.85,1,1,1,1
ACCT100003479,CUST0003196,CURRENT,ACTIVE,2013-06-05,16524.61,USD,3,15250.85,3,2,1,1
ACCT100003480,CUST0001584,CURRENT,ACTIVE,2017-11-13,299773.65,INR,1,194223.86,5,3,1,1
ACCT100003481,CUST0005286,SAVINGS,ACTIVE,2021-10-19,87900.76,AED,2,43294.51,1,1,1,1
ACCT100003482,CUST0002278,SAVINGS,ACTIVE,2015-12-27,60510.23,AED,1,8902.52,2,3,1,1
ACCT100003483,CUST0004796,CURRENT,DORMANT,2015-01-30,6543.75,USD,2,7373.73,3,1,1,1
ACCT100003484,CUST0002643,SAVINGS,ACTIVE,2014-10-27,1070.34,INR,2,2188.71,1,1,1,1
ACCT100003485,CUST0003255,SALARY,ACTIVE,2021-06-16,447401.49,INR,1,3565.21,2,2,0,1
ACCT100003486,CUST0002845,NRE,ACTIVE,2012-10-30,126823.49,INR,1,1155715.54,6,2,1,0
ACCT100003487,CUST0001617,CURRENT,ACTIVE,2014-04-29,13451.07,INR,2,43813.15,4,1,1,1
ACCT100003488,CUST0005260,CURRENT,ACTIVE,2013-10-16,22915.91,USD,1,29815.22,5,1,0,1
ACCT100003489,CUST0001868, TRUST ,ACTIVE,2020-01-25,453761.27,INR,1,339530.6,9,1,1,1
ACCT100003490,CUST0004302,CURRENT,ACTIVE,2016-06-17,4275.5,USD,1,161807.3,5,1,1,1
ACCT100003491,CUST0007280,SAVINGS,ACTIVE,2015-11-19,37193.72,INR,2,23194.56,2,1,1,1
ACCT100003492,CUST0005738,NRO,ACTIVE,2012-10-15,168508.32,USD,1,330203.91,7,3,1,1
ACCT100003493,CUST0001134,SAVINGS,ACTIVE,2012-05-15,20935.96,USD,1,3472.67,3,3,1,1
ACCT100003494,CUST0006930,SALARY,ACTIVE,2020-08-12,44419.13,INR,1,1488.91,3,1,0,1
ACCT100003495,CUST0007767,TRUST,DORMANT,2014-01-28,176402.85,INR,1,334270.68,7,2,0,1
ACCT100003496,CUST0007276,SALARY,ACTIVE,2017-10-17,28838.84,INR,1,4577.37,5,1,1,1
ACCT100003497,CUST0007775,NRE,ACTIVE,2014-02-07,18051.32,INR,3,509457.68,7,2,1,1
ACCT100003498,CUST0007373,CURRENT,ACTIVE,2015-06-14,30771.9,AED,1,28677.06,5,1,1,1
ACCT100003499,CUST0005569,CURRENT,ACTIVE,2021-08-01,88287.3,INR,1,3548.74,5,1,1,1
ACCT100003500,CUST0001590,SAVINGS,DORMANT,2014-04-22,4491.98,INR,1,29232.61,2,1,0,0
ACCT100003501,CUST0000595,SALARY,CLOSED,2012-08-10,19867.9,INR,2,18107.54,1,1,1,1
ACCT100003502,CUST0003897,SALARY,ACTIVE,2015-06-03,1175.54,USD,1,905.35,5,1,0,0
ACCT100003503,CUST0004925,CURRENT,ACTIVE,2014-05-01,13351.77,USD,1,42593.14,5,5,1,1
ACCT100003504,CUST0005082,NRO,ACTIVE,2013-03-26,8924.15,USD,1,20633.11,4,1,1,1
ACCT100003505,CUST0001496,SAVINGS,DORMANT,2021-11-23,59216.07,AED,1,3314.75,4,1,0,1
ACCT100003506,CUST0006840,SAVINGS,ACTIVE,2017-06-08,3911.72,INR,1,42364.26,4,3,0,1
ACCT100003507,CUST0001348,SAVINGS,ACTIVE,2020-12-23,18549.9,INR,1,16166.48,2,2,1,1
ACCT100003508,CUST0005789,NRO,ACTIVE,2018-05-25,34131.46,AED,1,47142.5,5,2,1,1
ACCT100003509,CUST0000226,SAVINGS,DORMANT,2018-12-23,144994.2,SGD,1,3298.28,4,2,1,1
ACCT100003510,CUST0003450,SAVINGS,BLOCKED,2021-07-11,76067.95,GBP,1,6137.86,5,1,1,0
ACCT100003511,CUST0006264,NRE,ACTIVE,2016-03-27,270948.58,SGD,1,62609.38,7,3,1,1
ACCT100003512,CUST0006585,SALARY,ACTIVE,2012-04-03,184996.23,GBP,1,10834.51,1,2,1,1
ACCT100003513,CUST0005584,SAVINGS,ACTIVE,2012-08-03,12109.65,INR,1,7651.98,1,1,1,0
ACCT100003514,CUST0004165,NRE,DORMANT,2018-01-30,39400.97,AED,3,80970.81,4,2,1,1
ACCT100003515,CUST0005585,SAVINGS,ACTIVE,2017-08-16,73905.97,INR,1,43898.59,4,2,1,0
ACCT100003516,CUST0001168,SAVINGS,ACTIVE,2017-01-15,1967.42,INR,1,16961.85,3,1,1,1
ACCT100003517,CUST0007129,SAVINGS,ACTIVE,2015-05-04,17399.46,INR,2,10561.41,1,1,1,1
ACCT100003518,CUST0004796,SAVINGS,ACTIVE,2021-07-16,25478.24,INR,1,469.94,2,2,1,1
ACCT100003519,CUST0003743,NRE,ACTIVE,2015-09-24,289213.12,AED,2,1224986.86,6,1,1,0
ACCT100003520,CUST0004309,CURRENT,ACTIVE,2017-08-30,336517.73,USD,1,36574.31,5,2,1,1
ACCT100003521,CUST0006399,CURRENT,ACTIVE,2015-12-10,779811.58,INR,1,49512.08,3,3,0,1
ACCT100003522,CUST0000197,NRE,CLOSED,2018-08-06,57033.89,USD,3,147928.74,6,2,1,1
ACCT100003523,CUST0003150,SALARY,BLOCKED,2015-02-02,19342.65,USD,2,19050.49,3,1,1,1
ACCT100003524,CUST0004126,NRO,ACTIVE,2020-02-07,192872.49,AED,1,27080.03,5,1,1,1
ACCT100003525,CUST0006490,SAVINGS,ACTIVE,2018-05-07,45406.68,INR,2,42366.18,2,2,1,1
ACCT100003526,CUST0001816,SAVINGS,ACTIVE,2021-11-11,34224.49,INR,1,5651.6,2,1,1,1
ACCT100003527,CUST0002276,NRO,ACTIVE,2013-09-24,33877.26,INR,1,23613.97,7,1,1,1
ACCT100003528,CUST0006627,TRUST,ACTIVE,2016-02-25,156403.54,USD,1,417243.45,8,3,1,1
ACCT100003529,CUST0003059,SAVINGS,ACTIVE,2016-05-12,1605.7,INR,1,16151.68,4,3,0,0
ACCT100003530,CUST0000789,SAVINGS,DORMANT,2016-09-02,3993.43,INR,1,22474.5,5,2,1,1
ACCT100003531,CUST0002949,SAVINGS,DORMANT,2013-02-26,3244.06,USD,2,16246.7,5,3,0,1
ACCT100003532,CUST0002268,SAVINGS,ACTIVE,2017-10-05,11034.29,USD,2,11275.07,5,2,1,1
ACCT100003533,CUST0006994,SALARY,ACTIVE,2018-02-13,74312.28,INR,1,21002.13,3,1,1,0
ACCT100003534,CUST0007247,SAVINGS,ACTIVE,2020-11-11,10185.16,AED,2,4007.7,4,2,1,0
ACCT100003535,CUST0004030,CURRENT,ACTIVE,2016-12-03,402322.7,INR,2,41491.77,3,2,1,1
ACCT100003536,CUST0003363,current,ACTIVE,2018-04-03,3135.78,INR,1,12566.07,1,1,1,1
ACCT100003537,CUST0005697,SAVINGS,ACTIVE,2021-04-30,7822.66,INR,1,3015.63,2,1,1,1
ACCT100003538,CUST0001145,SAVINGS,ACTIVE,2012-06-23,14668.16,AED,1,23986.5,5,3,1,1
ACCT100003539,CUST0000119,CURRENT,ACTIVE,2015-05-02,387490.41,USD,1,229730.0,2,2,1,0
ACCT100003540,CUST0002975,SAVINGS,ACTIVE,2015-10-09,62413.76,USD,1,5472.87,5,5,1,1
ACCT100003541,CUST0005544,CURRENT,ACTIVE,2014-07-30,246794.54,AED,1,11366.69,2,3,1,1
ACCT100003542,CUST0006316,current,ACTIVE,2017-03-06,61838.82,INR,1,20214.48,3,1,0,0
ACCT100003543,CUST0002638,SAVINGS,ACTIVE,2019-05-26,16544.2,INR,1,14907.61,5,2,0,1
ACCT100003544,CUST0001740,SAVINGS,ACTIVE,2021-10-30,199238.92,AED,1,47050.59,4,2,1,1
ACCT100003545,CUST0003589,SALARY,ACTIVE,2017-10-31,9365.64,INR,1,39646.23,3,2,1,1
ACCT100003546,CUST0007114,SALARY,ACTIVE,2014-12-22,10690.51,INR,1,3355.65,4,1,1,1
ACCT100003547,CUST0000614,SALARY,ACTIVE,2018-11-06,4102.26,AED,1,16730.36,1,2,0,0
ACCT100003548,CUST0005073,CURRENT,ACTIVE,2021-09-17,140224.93,INR,1,292424.02,1,1,1,1
ACCT100003549,CUST0001713,CURRENT,DORMANT,2016-10-13,31080.22,USD,1,12860.01,3,1,1,1
ACCT100003550,CUST0002410,SAVINGS,ACTIVE,2013-10-14,32355.07,INR,1,19350.39,1,2,0,1
ACCT100003551,CUST0000349,CURRENT,DORMANT,2019-12-23,39285.37,USD,2,1822.94,3,4,0,1
ACCT100003552,CUST0000917,CURRENT,ACTIVE,2015-05-03,187646.01,INR,1,35483.13,3,2,1,1
ACCT100003553,CUST0000431,SAVINGS,ACTIVE,2018-09-04,9387.84,AED,1,11634.02,2,2,1,1
ACCT100003554,CUST0000877,SALARY,ACTIVE,2021-01-02,7809.82,AED,1,76760.53,1,1,1,1
ACCT100003555,CUST0004482,TRUST,DORMANT,2014-09-27,712147.09,INR,1,238902.16,8,1,1,1
ACCT100003556,CUST0007486,TRUST,ACTIVE,2015-07-08,966182.5,INR,1,48805.17,8,1,1,1
ACCT100003557,CUST0001039,NRE,ACTIVE,2012-08-21,389127.33,SGD,1,57740.61,7,1,1,1
ACCT100003558,CUST0007894,NRE,ACTIVE,2013-05-20,264696.48,USD,1,105359.28,6,2,1,1
ACCT100003559,CUST0005580,SAVINGS,DORMANT,2017-08-15,23885.31,INR,1,117275.9,4,1,1,1
ACCT100003560,CUST0005338,CURRENT,BLOCKED,2012-04-14,37458.52,INR,1,145728.34,4,1,1,1
ACCT100003561,CUST0006585,NRE,DORMANT,2014-04-07,1769787.08,INR,2,202967.25,5,1,0,1
ACCT100003562,CUST0002885,SAVINGS,ACTIVE,2018-07-06,10026.08,INR,1,12811.04,3,1,0,1
ACCT100003563,CUST0003805,SAVINGS,ACTIVE,2018-05-30,35332.06,INR,2,161668.09,3,1,1,1
ACCT100003564,CUST0003585,SALARY,ACTIVE,2020-10-29,22137.9,INR,1,49882.48,1,1,0,1
ACCT100003565,CUST0005344,CURRENT,ACTIVE,2016-07-11,4280.95,USD,1,73752.45,2,3,1,1
ACCT100003566,CUST0001675,SALARY,ACTIVE,2013-05-17,6935.94,INR,1,2174.48,2,1,1,1
ACCT100003567,CUST0001826,SAVINGS,ACTIVE,2014-09-12,149119.46,INR,1,52353.13,5,1,1,1
ACCT100003568,CUST0000017,SAVINGS,ACTIVE,2021-08-04,30425.28,INR,1,9157.8,5,1,0,0
ACCT100003569,CUST0003291,NRE,ACTIVE,2019-06-18,2844143.8,AED,1,54978.86,7,1,1,1
ACCT100003570,CUST0002240,NRE,ACTIVE,2015-11-19,97364.79,INR,1,38924.2,4,3,1,1
ACCT100003571,CUST0005563,CURRENT,ACTIVE,2018-09-01,69845.19,SGD,2,93784.93,5,2,1,1
ACCT100003572,CUST0003966,NRO,DORMANT,2021-07-18,299846.92,USD,1,27889.04,7,2,0,1
ACCT100003573,CUST0006095,SAVINGS,ACTIVE,2020-08-27,7197.53,USD,2,5926.84,3,2,1,1
ACCT100003574,CUST0004045,CURRENT,ACTIVE,2016-05-25,27100.03,GBP,1,28284.57,4,2,1,1
ACCT100003575,CUST0002702,SAVINGS,ACTIVE,2017-09-15,2732.63,AED,1,51429.7,1,1,1,1
ACCT100003576,CUST0007850,SAVINGS,ACTIVE,2012-03-18,9904.67,INR,2,1467.22,4,2,0,1
ACCT100003577,CUST0001142,SALARY,ACTIVE,2019-12-09,16583.5,GBP,1,116528.44,5,1,0,1
ACCT100003578,CUST0003435,SALARY,CLOSED,2017-09-09,190169.95,AED,1,15108.12,2,1,1,1
ACCT100003579,CUST0007980,CURRENT,ACTIVE,2015-03-27,126970.92,SGD,2,368759.74,3,1,1,1
ACCT100003580,CUST0003445,NRO,ACTIVE,2012-04-03,12359.78,INR,2,110604.65,4,2,1,0
ACCT100003581,CUST0001426,current,DORMANT,2016-05-01,70337.9,INR,1,53197.67,4,2,1,1
ACCT100003582,CUST0000481, CURRENT ,ACTIVE,2017-05-22,15504.2,INR,1,20452.15,2,1,0,1
ACCT100003583,CUST0002341,SALARY,ACTIVE,2021-07-27,1846.53,AED,1,1537.08,3,3,0,1
ACCT100003584,CUST0007222,SAVINGS,DORMANT,2013-07-26,93712.58,USD,1,2038.97,3,2,1,1
ACCT100003585,CUST0001693,SAVINGS,ACTIVE,2014-06-23,14067.98,INR,3,54567.51,2,2,1,1
ACCT100003586,CUST0006559,NRE,ACTIVE,2019-11-18,68109.32,AED,1,118224.85,6,1,1,1
ACCT100003587,CUST0002130,SAVINGS,ACTIVE,2016-12-28,128311.69,USD,1,25547.61,3,2,1,1
ACCT100003588,CUST0001076,NRE,BLOCKED,2015-09-09,38380.26,INR,2,233723.18,6,1,1,0
ACCT100003589,CUST0005947,SALARY,DORMANT,2015-04-07,4532.79,INR,3,2046.41,2,4,1,1
ACCT100003590,CUST0004794,NRE,ACTIVE,2016-02-23,2361844.66,GBP,1,386334.35,5,3,1,1
ACCT100003591,CUST0001354,SAVINGS,BLOCKED,2018-04-19,64278.2,USD,2,14850.65,1,1,1,1
ACCT100003592,CUST0001504,SALARY,ACTIVE,2020-07-22,20867.67,USD,2,41301.2,1,1,1,1
ACCT100003593,CUST0000657,NRE,ACTIVE,2013-04-17,1015536.21,INR,1,141068.64,4,1,1,1
ACCT100003594,CUST0004993,SAVINGS,DORMANT,2018-11-05,13636.77,INR,2,11765.26,1,1,1,0
ACCT100003595,CUST0002373,SALARY,ACTIVE,2018-05-26,1502.25,USD,2,6656.41,2,2,0,1
ACCT100003596,CUST0003834,CURRENT,ACTIVE,2014-07-24,50693.64,USD,1,74366.13,4,1,0,1
ACCT100003597,CUST0003779,SAVINGS,ACTIVE,2016-01-16,2563.76,AED,2,21542.65,3,1,1,1
ACCT100003598,CUST0000221,SALARY,ACTIVE,2015-11-05,22087.5,INR,1,38469.13,1,1,0,1
ACCT100003599,CUST0004987,SAVINGS,ACTIVE,2020-07-09,338468.65,INR,1,5905.8,1,4,1,0
ACCT100003600,CUST0001197,TRUST,ACTIVE,2013-09-02,318494.26,INR,1,611675.96,8,3,0,1
ACCT100003601,CUST0005734,SHELL,ACTIVE,2021-07-29,656907.78,USD,3,2159038.37,8,1,1,1
ACCT100003602,CUST0002206,SAVINGS,ACTIVE,2015-04-28,39756.67,AED,1,13439.45,3,1,1,0
ACCT100003603,CUST0006377,SAVINGS,DORMANT,2018-01-22,63283.93,INR,2,2553.32,2,1,0,1
ACCT100003604,CUST0002632,CURRENT,BLOCKED,2018-02-25,666962.35,INR,1,50824.4,1,2,1,1
ACCT100003605,CUST0007523,SALARY,ACTIVE,2017-03-10,32703.01,INR,1,22764.38,2,5,1,1
ACCT100003606,CUST0000131,SALARY,ACTIVE,2020-02-26,376077.63,INR,1,11166.28,1,1,0,1
ACCT100003607,CUST0003913,salary,BLOCKED,2013-07-22,6765.94,AED,2,13512.47,1,1,1,0
ACCT100003608,CUST0003137,SAVINGS,ACTIVE,2021-06-22,15911.85,SGD,1,38181.44,5,2,0,0
ACCT100003609,CUST0006753,SAVINGS,ACTIVE,2020-04-03,9945.26,SGD,1,120626.4,3,2,1,1
ACCT100003610,CUST0006916,CURRENT,ACTIVE,2020-06-14,135510.95,INR,1,25315.1,5,1,1,1
ACCT100003611,CUST0006750,SAVINGS,ACTIVE,2016-05-18,444015.24,USD,1,9948.64,5,1,1,1
ACCT100003612,CUST0005727,NRE,ACTIVE,2019-11-14,85040.13,INR,1,337238.62,4,3,1,1
ACCT100003613,CUST0001423,NRE,ACTIVE,2014-11-13,271093.48,INR,1,140982.64,7,1,0,1
ACCT100003614,CUST0000358,SALARY,ACTIVE,2017-06-13,5264.06,USD,2,4315.66,2,1,1,1
ACCT100003615,CUST0001350,CURRENT,ACTIVE,2020-11-09,15693.7,INR,1,105055.55,5,2,1,1
ACCT100003616,CUST0007402,SALARY,ACTIVE,2012-11-23,11590.56,AED,2,10092.39,5,2,0,1
ACCT100003617,CUST0000035,SAVINGS,ACTIVE,2015-09-27,25318.57,USD,1,4363.72,5,2,0,1
ACCT100003618,CUST0007394,SALARY,ACTIVE,2012-07-07,2162.56,USD,3,9416.33,1,1,1,1
ACCT100003619,CUST0004635,SAVINGS,ACTIVE,2013-06-13,58365.0,USD,1,3360.12,3,1,1,1
ACCT100003620,CUST0004941, SAVINGS ,ACTIVE,2012-03-07,13123.38,USD,1,24103.68,2,1,1,0
ACCT100003621,CUST0006825,CURRENT,ACTIVE,2018-05-27,211735.67,INR,1,11592.61,5,5,1,1
ACCT100003622,CUST0005782,salary,ACTIVE,2012-02-07,146138.33,AED,1,8650.36,3,1,1,0
ACCT100003623,CUST0006312,SAVINGS,ACTIVE,2015-06-13,19175.47,SGD,2,6412.8,4,1,1,1
ACCT100003624,CUST0004989,SAVINGS,ACTIVE,2016-08-23,236601.63,USD,2,11290.64,5,1,0,0
ACCT100003625,CUST0005469,CURRENT,ACTIVE,2016-09-17,90532.63,SGD,1,161739.27,1,2,1,1
ACCT100003626,CUST0000826,NRE,DORMANT,2021-05-07,158360.31,INR,1,219186.37,5,2,0,1
ACCT100003627,CUST0003109,CURRENT,ACTIVE,2017-08-07,18183.63,INR,1,50454.32,1,3,0,1
ACCT100003628,CUST0000442,NRO,ACTIVE,2021-08-09,28195.32,USD,2,34293.15,6,1,1,1
ACCT100003629,CUST0005547,TRUST,CLOSED,2015-06-06,445022.34,USD,1,47962.48,9,1,1,1
ACCT100003630,CUST0004525,SALARY,ACTIVE,2020-08-06,13422.95,INR,1,51937.54,1,2,1,1
ACCT100003631,CUST0000140,nre,ACTIVE,2013-12-16,28792.69,INR,1,278232.87,4,2,1,1
ACCT100003632,CUST0003945,SALARY,ACTIVE,2014-09-02,1616.55,INR,1,10744.4,3,1,1,0
ACCT100003633,CUST0003781,SALARY,ACTIVE,2020-09-25,2874.8,SGD,3,1057.83,2,2,0,1
ACCT100003634,CUST0001733,SAVINGS,BLOCKED,2012-07-14,18182.92,INR,1,17236.12,2,2,1,1
ACCT100003635,CUST0002107,CURRENT,DORMANT,2020-07-02,5445.81,INR,1,4926.05,3,1,0,1
ACCT100003636,CUST0005938,CURRENT,ACTIVE,2017-07-20,20759.29,AED,1,45953.26,4,4,1,1
ACCT100003637,CUST0007066,SALARY,ACTIVE,2017-01-01,10522.08,SGD,1,12349.91,5,4,1,0
ACCT100003638,CUST0005466,SAVINGS,ACTIVE,2017-05-08,1103.45,AED,2,27397.31,1,1,1,1
ACCT100003639,CUST0007562, CURRENT ,ACTIVE,2015-10-24,74454.11,USD,1,169999.54,5,2,1,1
ACCT100003640,CUST0003505,TRUST,DORMANT,2013-10-14,640036.76,AED,1,76234.54,8,1,0,0
ACCT100003641,CUST0002307,NRO,ACTIVE,2017-10-10,46532.0,AED,3,44335.11,7,1,0,0
ACCT100003642,CUST0003449,CURRENT,ACTIVE,2020-02-22,10551.41,AED,2,30485.8,5,1,0,1
ACCT100003643,CUST0006208,CURRENT,ACTIVE,2019-09-29,65717.73,GBP,1,6990.98,4,2,0,1
ACCT100003644,CUST0005959,NRE,ACTIVE,2020-04-10,154963.86,GBP,1,165333.07,4,1,1,1
ACCT100003645,CUST0002822,CURRENT,CLOSED,2021-10-01,44889.07,INR,1,151069.82,2,4,1,1
ACCT100003646,CUST0000695,SALARY,BLOCKED,2021-01-18,112074.09,USD,2,5891.88,1,3,0,1
ACCT100003647,CUST0002242,NRO,ACTIVE,2015-04-28,37165.58,INR,3,35093.77,7,1,1,1
ACCT100003648,CUST0005818,SAVINGS,ACTIVE,2013-02-19,8000.86,USD,2,28728.92,1,3,1,1
ACCT100003649,CUST0005687,SALARY,ACTIVE,2017-03-13,5371.57,AED,1,7735.75,4,2,0,1
ACCT100003650,CUST0004815,SHELL,DORMANT,2013-11-09,148401.09,INR,2,120336.68,8,4,1,0
ACCT100003651,CUST0005728,SAVINGS,ACTIVE,2013-07-18,2373.09,INR,1,8490.73,1,4,1,1
ACCT100003652,CUST0002690,SAVINGS,ACTIVE,2020-02-11,19072.64,USD,1,1781.53,5,4,1,1
ACCT100003653,CUST0004895,SALARY,ACTIVE,2015-09-04,14843.93,INR,3,4081.2,1,1,0,1
ACCT100003654,CUST0000171,CURRENT,DORMANT,2021-11-24,56253.12,GBP,1,69524.12,4,1,1,0
ACCT100003655,CUST0006465,SAVINGS,ACTIVE,2015-02-15,574.39,INR,1,4006.54,1,3,1,1
ACCT100003656,CUST0000587,CURRENT,ACTIVE,2017-02-27,95999.19,USD,1,58693.34,2,1,1,1
ACCT100003657,CUST0000594,NRO,ACTIVE,2014-11-28,483377.52,INR,1,676919.64,4,1,0,0
ACCT100003658,CUST0002663,CURRENT,ACTIVE,2014-09-23,259390.09,INR,1,38939.73,2,2,1,1
ACCT100003659,CUST0003511,TRUST,BLOCKED,2014-10-09,89690.74,AED,1,86577.28,8,2,1,1
ACCT100003660,CUST0002369,SALARY,ACTIVE,2020-12-29,6558.21,AED,2,10317.1,1,2,0,0
ACCT100003661,CUST0004377,SAVINGS,ACTIVE,2019-11-13,3648.28,INR,2,59350.87,1,1,1,1
ACCT100003662,CUST0003042,NRE,DORMANT,2013-02-20,10084.15,INR,2,112186.0,5,2,1,1
ACCT100003663,CUST0003011,CURRENT,ACTIVE,2017-12-28,70951.8,INR,2,13639.58,1,1,1,1
ACCT100003664,CUST0002343,SALARY,ACTIVE,2019-05-26,56635.75,USD,1,3587.94,1,3,1,1
ACCT100003665,CUST0002217,CURRENT,DORMANT,2014-04-14,396742.16,INR,3,31261.5,2,1,1,1
ACCT100003666,CUST0004463,CURRENT,BLOCKED,2013-04-01,103993.33,INR,1,7928.81,5,1,0,1
ACCT100003667,CUST0002143,SAVINGS,ACTIVE,2016-12-09,56657.94,SGD,1,51705.11,1,3,1,1
ACCT100003668,CUST0006519,SALARY,ACTIVE,2021-06-16,89001.89,SGD,1,1409.18,3,2,0,0
ACCT100003669,CUST0001202, CURRENT ,DORMANT,2013-05-28,79322.17,INR,1,85539.01,4,3,1,1
ACCT100003670,CUST0005177,CURRENT,ACTIVE,2019-11-12,39839.87,AED,1,277032.58,2,1,1,0
ACCT100003671,CUST0002686,SAVINGS,ACTIVE,2020-05-12,3937.37,USD,1,14008.1,2,1,1,1
ACCT100003672,CUST0007778,CURRENT,ACTIVE,2013-07-10,27539.18,USD,1,35463.54,1,2,1,1
ACCT100003673,CUST0001427,NRE,ACTIVE,2019-11-24,618588.21,INR,1,94315.7,5,1,1,1
ACCT100003674,CUST0007732,TRUST,ACTIVE,2018-08-25,512811.65,USD,2,601898.77,9,2,1,1
ACCT100003675,CUST0000816,CURRENT,ACTIVE,2018-01-29,378165.38,INR,1,86622.09,3,2,0,1
ACCT100003676,CUST0007646, SALARY ,DORMANT,2017-05-30,5282.96,USD,1,7678.64,1,2,1,1
ACCT100003677,CUST0003356,NRO,ACTIVE,2018-12-25,7869.61,USD,1,66598.97,6,1,1,1
ACCT100003678,CUST0007210,SAVINGS,ACTIVE,2017-12-06,38166.69,SGD,1,864.35,3,3,0,1
ACCT100003679,CUST0001955,SAVINGS,BLOCKED,2013-07-29,98716.77,INR,1,18671.94,1,5,1,0
ACCT100003680,CUST0001851,SAVINGS,ACTIVE,2012-12-23,85714.85,SGD,1,4133.4,4,3,1,0
ACCT100003681,CUST0002724,nro,ACTIVE,2019-09-01,935302.36,USD,1,14068.07,7,1,1,1
ACCT100003682,CUST0004744,CURRENT,ACTIVE,2012-06-23,173762.35,SGD,1,82789.22,4,1,1,1
ACCT100003683,CUST0003713,CURRENT,ACTIVE,2013-05-21,10342.25,INR,3,76295.52,3,2,1,1
ACCT100003684,CUST0003263,TRUST,DORMANT,2018-12-03,115122.74,INR,1,309978.62,9,3,1,1
ACCT100003685,CUST0001955,CURRENT,ACTIVE,2017-08-03,3464.9,AED,2,146429.99,5,2,1,1
ACCT100003686,CUST0001740,CURRENT,ACTIVE,2017-07-27,187398.72,AED,1,104639.89,2,4,1,0
ACCT100003687,CUST0007902,TRUST,ACTIVE,2018-01-07,57524.19,INR,2,316075.97,7,2,1,1
ACCT100003688,CUST0001033,SAVINGS,ACTIVE,2013-10-30,6488.37,GBP,1,4285.06,4,1,1,1
ACCT100003689,CUST0004563, SALARY ,ACTIVE,2012-09-03,1614.51,USD,3,4029.05,4,1,1,1
ACCT100003690,CUST0002141,current,ACTIVE,2016-10-30,10419.53,INR,1,58724.95,3,3,1,1
ACCT100003691,CUST0000134,NRE,ACTIVE,2012-08-20,162765.82,USD,1,266047.37,5,4,1,0
ACCT100003692,CUST0003241,CURRENT,BLOCKED,2016-12-15,100090.87,INR,1,43107.74,3,3,0,0
ACCT100003693,CUST0001560,NRE,ACTIVE,2019-06-15,98634.81,USD,1,3238801.7,7,2,1,1
ACCT100003694,CUST0001664,CURRENT,ACTIVE,2014-12-20,53026.59,INR,2,10741.07,4,1,1,1
ACCT100003695,CUST0007548,SAVINGS,ACTIVE,2014-05-30,35964.83,SGD,1,41692.35,2,2,1,0
ACCT100003696,CUST0006763,CURRENT,ACTIVE,2015-01-19,135167.52,INR,1,3705.12,5,4,1,1
ACCT100003697,CUST0001135,SAVINGS,ACTIVE,2018-04-21,161661.53,USD,1,42369.85,2,1,1,1
ACCT100003698,CUST0003926,savings,ACTIVE,2014-07-02,18138.82,USD,1,6534.06,2,2,0,1
ACCT100003699,CUST0006460,SAVINGS,ACTIVE,2017-11-03,12194.64,INR,1,4678.85,4,1,0,1
ACCT100003700,CUST0006624,CURRENT,ACTIVE,2013-05-27,7745.5,INR,1,39516.53,2,3,1,1
ACCT100003701,CUST0003076,SAVINGS,ACTIVE,2014-07-04,35165.35,SGD,2,15990.26,5,2,1,1
ACCT100003702,CUST0001480,salary,ACTIVE,2018-01-07,1284.48,INR,1,15587.04,2,1,1,0
ACCT100003703,CUST0006525,SALARY,ACTIVE,2021-03-02,163378.95,GBP,2,6398.88,4,2,1,1
ACCT100003704,CUST0007182,NRE,ACTIVE,2020-10-21,2579630.58,INR,3,45906.18,6,1,0,1
ACCT100003705,CUST0001613,SAVINGS,ACTIVE,2020-08-10,1998.94,INR,1,114672.36,4,3,1,1
ACCT100003706,CUST0005279,CURRENT,ACTIVE,2014-02-03,27963.32,INR,3,43422.74,1,2,1,1
ACCT100003707,CUST0003623,salary,ACTIVE,2017-02-24,8581.88,INR,1,4450.44,2,1,0,1
ACCT100003708,CUST0007955,CURRENT,ACTIVE,2015-06-30,17455.64,INR,1,6622.25,2,2,1,1
ACCT100003709,CUST0003353,CURRENT,ACTIVE,2014-08-27,137363.7,USD,1,10752.46,5,1,1,1
ACCT100003710,CUST0004252,CURRENT,ACTIVE,2014-01-01,2436.85,INR,1,11290.69,5,1,1,1
ACCT100003711,CUST0006592,CURRENT,ACTIVE,2014-09-20,13270.64,USD,2,25988.49,2,3,1,1
ACCT100003712,CUST0002637,CURRENT,BLOCKED,2019-05-27,2810.79,INR,1,142841.89,5,3,0,1
ACCT100003713,CUST0006636,CURRENT,ACTIVE,2018-06-14,508538.54,AED,2,40175.37,3,4,0,1
ACCT100003714,CUST0004632,SHELL,DORMANT,2020-11-18,2152839.36,INR,1,838149.11,9,4,1,0
ACCT100003715,CUST0005672,CURRENT,ACTIVE,2021-03-31,29229.88,USD,1,110712.01,3,1,0,1
ACCT100003716,CUST0005102,NRE,DORMANT,2014-12-15,23720.82,AED,1,1106018.61,7,1,1,1
ACCT100003717,CUST0005052,SALARY,ACTIVE,2012-09-11,69488.47,INR,2,7105.92,1,3,1,1
ACCT100003718,CUST0003087,SALARY,BLOCKED,2013-06-19,7496.03,INR,1,22572.56,1,5,1,1
ACCT100003719,CUST0005461,SALARY,ACTIVE,2014-02-18,23915.33,INR,2,28591.7,1,1,1,1
ACCT100003720,CUST0000566,SALARY,ACTIVE,2020-12-02,11286.18,INR,1,7883.4,4,3,1,1
ACCT100003721,CUST0004696,SAVINGS,ACTIVE,2016-04-29,18658.3,USD,1,21267.59,2,1,1,1
ACCT100003722,CUST0005562,SALARY,DORMANT,2015-09-23,7246.04,INR,2,3343.91,3,2,1,1
ACCT100003723,CUST0002639,NRO,DORMANT,2021-08-04,500519.82,GBP,1,31598.48,6,1,0,1
ACCT100003724,CUST0005125,NRE,CLOSED,2019-08-25,317036.38,INR,1,331436.92,7,1,1,1
ACCT100003725,CUST0001063,CURRENT,ACTIVE,2019-04-22,38306.94,INR,1,13320.06,5,3,1,1
ACCT100003726,CUST0005741,NRO,ACTIVE,2014-01-26,5438.89,INR,1,39598.78,6,2,1,1
ACCT100003727,CUST0007359,SAVINGS,ACTIVE,2013-08-02,30879.06,SGD,2,12251.04,1,2,1,1
ACCT100003728,CUST0007368,CURRENT,DORMANT,2013-01-01,118865.38,SGD,1,131674.23,4,1,0,1
ACCT100003729,CUST0004684,SAVINGS,ACTIVE,2017-02-18,87323.65,INR,3,7379.96,2,1,1,1
ACCT100003730,CUST0007246,CURRENT,ACTIVE,2014-10-22,34019.01,USD,2,17642.22,4,1,1,1
ACCT100003731,CUST0000385,SAVINGS,ACTIVE,2013-09-12,1118558.47,INR,2,23805.41,3,3,0,1
ACCT100003732,CUST0006524,NRE,BLOCKED,2020-02-03,14097.81,INR,2,55514.9,6,1,1,1
ACCT100003733,CUST0004756,SAVINGS,ACTIVE,2021-06-30,1089.86,GBP,1,2374.42,5,1,1,1
ACCT100003734,CUST0005573,SALARY,ACTIVE,2017-02-20,70350.76,USD,2,12214.94,1,1,1,1
ACCT100003735,CUST0002140, SALARY ,ACTIVE,2020-03-10,49810.7,SGD,1,34804.58,2,1,1,0
ACCT100003736,CUST0005596,CURRENT,DORMANT,2012-01-13,8383.74,INR,1,417212.48,4,2,0,1
ACCT100003737,CUST0007345,SAVINGS,ACTIVE,2015-09-25,16297.21,INR,1,8251.59,2,2,1,0
ACCT100003738,CUST0006234,SALARY,ACTIVE,2018-05-15,1799.65,USD,3,12318.41,4,2,1,0
ACCT100003739,CUST0005138,SAVINGS,ACTIVE,2019-05-18,3600.69,INR,2,4645.29,2,1,1,1
ACCT100003740,CUST0004631,SAVINGS,ACTIVE,2012-02-06,1646.78,INR,1,24871.8,5,1,1,1
ACCT100003741,CUST0003178,SALARY,CLOSED,2019-04-02,1347.22,INR,1,16327.01,2,4,1,1
ACCT100003742,CUST0002450,CURRENT,ACTIVE,2018-08-22,36936.78,INR,1,10558.36,5,1,1,1
ACCT100003743,CUST0006076,CURRENT,ACTIVE,2021-03-20,657396.37,USD,1,104289.17,1,1,0,1
ACCT100003744,CUST0005675,NRO,ACTIVE,2021-04-22,86776.21,AED,2,30283.14,7,1,1,1
ACCT100003745,CUST0004552,SAVINGS,BLOCKED,2014-07-01,37810.27,INR,2,17719.45,2,1,1,0
ACCT100003746,CUST0004022,SAVINGS,ACTIVE,2013-01-21,8597.86,INR,1,1841.29,3,1,1,0
ACCT100003747,CUST0003507,CURRENT,ACTIVE,2019-04-28,529018.36,SGD,1,57841.3,4,5,1,1
ACCT100003748,CUST0004924,SALARY,ACTIVE,2016-06-08,5991.39,INR,2,4519.39,5,2,0,1
ACCT100003749,CUST0003188,CURRENT,ACTIVE,2017-05-14,13181.16,AED,1,33762.9,5,1,1,1
ACCT100003750,CUST0002456,SAVINGS,ACTIVE,2012-01-16,204747.62,USD,1,4389.92,3,1,1,1
ACCT100003751,CUST0004146,CURRENT,ACTIVE,2019-12-18,26749.39,USD,1,28457.72,1,1,0,1
ACCT100003752,CUST0002644,CURRENT,ACTIVE,2017-12-15,78721.14,USD,1,76110.47,2,1,1,1
ACCT100003753,CUST0006112,TRUST,DORMANT,2014-04-24,4345903.33,AED,1,1246406.66,8,1,1,1
ACCT100003754,CUST0006181,savings,ACTIVE,2019-02-25,1935.11,SGD,1,14466.44,4,1,1,1
ACCT100003755,CUST0007793,SALARY,CLOSED,2018-12-01,13402.71,GBP,1,3029.83,1,1,1,1
ACCT100003756,CUST0000697,CURRENT,ACTIVE,2012-02-09,247039.53,INR,1,209966.65,2,3,1,1
ACCT100003757,CUST0007326,NRO,ACTIVE,2021-05-05,57863.08,INR,1,32522.68,4,3,0,1
ACCT100003758,CUST0004016,SALARY,ACTIVE,2013-03-19,2864.86,INR,1,4141.31,2,1,1,0
ACCT100003759,CUST0000405,CURRENT,ACTIVE,2013-05-29,248874.2,INR,1,13654.95,2,1,1,1
ACCT100003760,CUST0005519,SALARY,BLOCKED,2017-06-05,26299.17,GBP,2,13059.25,3,3,1,1
ACCT100003761,CUST0001369,CURRENT,ACTIVE,2012-12-14,22761.78,USD,1,66302.91,4,2,1,1
ACCT100003762,CUST0000967,SALARY,ACTIVE,2013-11-07,63385.65,AED,1,3333.76,3,3,0,1
ACCT100003763,CUST0005024,NRE,ACTIVE,2018-08-20,14126.56,AED,1,63347.14,5,3,1,1
ACCT100003764,CUST0003031,SALARY,ACTIVE,2016-04-09,9101.43,INR,2,5751.4,1,1,1,1
ACCT100003765,CUST0000115,CURRENT,CLOSED,2012-10-16,25823.84,INR,3,60374.44,1,2,1,0
ACCT100003766,CUST0001071,SAVINGS,ACTIVE,2017-01-20,3673.68,SGD,2,7188.83,2,3,1,0
ACCT100003767,CUST0004522,SAVINGS,ACTIVE,2017-04-02,64583.98,AED,1,19846.87,1,2,1,1
ACCT100003768,CUST0001003,CURRENT,ACTIVE,2015-04-09,620878.65,SGD,2,36876.21,5,5,1,1
ACCT100003769,CUST0000091,SALARY,DORMANT,2015-06-05,21727.56,INR,1,4566.37,3,1,1,0
ACCT100003770,CUST0002565,savings,ACTIVE,2021-10-02,24563.05,USD,1,8095.65,1,1,1,1
ACCT100003771,CUST0006613,CURRENT,ACTIVE,2017-09-29,65195.88,INR,2,11099.96,2,1,1,1
ACCT100003772,CUST0004567,SAVINGS,ACTIVE,2012-08-11,7437.7,GBP,1,17899.11,2,1,0,1
ACCT100003773,CUST0007026,SAVINGS,ACTIVE,2019-08-05,1603.64,INR,1,30196.07,3,1,1,1
ACCT100003774,CUST0001126,CURRENT,ACTIVE,2012-02-10,16903.82,INR,1,66850.7,4,1,1,1
ACCT100003775,CUST0003349, SALARY ,ACTIVE,2014-04-29,3235.56,USD,1,25409.43,3,1,1,1
ACCT100003776,CUST0003297,NRE,ACTIVE,2016-02-12,21583.64,INR,1,177536.33,4,5,1,1
ACCT100003777,CUST0003273,NRE,CLOSED,2012-07-18,872628.74,INR,1,29638.34,4,1,0,1
ACCT100003778,CUST0001817,CURRENT,ACTIVE,2014-05-27,23400.85,INR,1,8537.55,3,2,1,1
ACCT100003779,CUST0007718,SAVINGS,ACTIVE,2020-11-24,46128.33,INR,1,25935.39,2,1,1,1
ACCT100003780,CUST0002969,SALARY,ACTIVE,2013-09-20,12247.37,INR,1,4165.8,4,2,1,1
ACCT100003781,CUST0006317,savings,ACTIVE,2017-10-11,2888.26,AED,1,14537.16,4,2,1,1
ACCT100003782,CUST0000814, CURRENT ,ACTIVE,2012-06-20,672751.39,INR,2,65456.87,3,2,1,1
ACCT100003783,CUST0000851,SALARY,DORMANT,2015-07-22,32923.18,AED,2,75978.81,1,2,0,1
ACCT100003784,CUST0007910,savings,ACTIVE,2018-09-16,17560.9,INR,1,400381.07,1,4,1,1
ACCT100003785,CUST0005825,SALARY,ACTIVE,2016-10-26,44172.57,INR,1,21200.43,5,2,1,1
ACCT100003786,CUST0004416,SALARY,ACTIVE,2020-08-08,95315.73,INR,2,5720.01,4,1,1,1
ACCT100003787,CUST0001472,NRO,ACTIVE,2014-10-27,32621.25,INR,1,155854.96,6,2,1,1
ACCT100003788,CUST0007024,SAVINGS,DORMANT,2013-04-05,2441.7,SGD,1,32624.03,3,2,0,1
ACCT100003789,CUST0004898,NRE,ACTIVE,2017-01-05,191835.95,INR,1,590664.97,5,3,1,1
ACCT100003790,CUST0001220,CURRENT,ACTIVE,2016-08-29,18364.8,SGD,1,239269.57,5,2,0,1
ACCT100003791,CUST0006835,CURRENT,ACTIVE,2016-08-31,343408.25,AED,1,8779.2,1,1,1,1
ACCT100003792,CUST0005649,TRUST,DORMANT,2015-10-30,962820.53,USD,1,140693.24,7,2,0,1
ACCT100003793,CUST0007152,CURRENT,ACTIVE,2017-05-13,25086.89,AED,1,16463.48,1,3,1,0
ACCT100003794,CUST0000333,NRO,ACTIVE,2016-07-25,308681.82,INR,2,33750.06,6,1,1,1
ACCT100003795,CUST0007567,SALARY,ACTIVE,2013-05-31,884.63,INR,1,3995.74,5,2,0,1
ACCT100003796,CUST0000323,CURRENT,BLOCKED,2017-09-08,77885.95,INR,1,22488.48,4,3,1,1
ACCT100003797,CUST0005177,SAVINGS,ACTIVE,2020-01-12,23799.13,GBP,3,56069.25,2,1,1,1
ACCT100003798,CUST0004165,CURRENT,ACTIVE,2019-04-26,6268.24,INR,2,75755.06,3,1,1,1
ACCT100003799,CUST0000522,CURRENT,ACTIVE,2016-11-06,10252.19,SGD,2,39293.81,3,1,1,1
ACCT100003800,CUST0007058,CURRENT,ACTIVE,2020-07-05,75523.85,INR,2,681751.78,4,2,1,1
ACCT100003801,CUST0000124,SALARY,ACTIVE,2018-01-24,2914.93,INR,1,51075.91,5,2,1,0
ACCT100003802,CUST0005384,CURRENT,ACTIVE,2014-04-12,52768.6,INR,1,68526.19,2,1,0,1
ACCT100003803,CUST0001984,SALARY,CLOSED,2014-01-01,21080.62,AED,2,10993.13,1,3,0,1
ACCT100003804,CUST0002320,SALARY,ACTIVE,2013-06-20,88071.72,INR,3,39479.62,3,2,0,1
ACCT100003805,CUST0000840,NRE,ACTIVE,2019-05-29,1724706.05,INR,2,391004.12,5,1,1,1
ACCT100003806,CUST0005575,SALARY,DORMANT,2020-01-26,32665.05,INR,1,4353.57,1,1,1,1
ACCT100003807,CUST0000644,NRO,ACTIVE,2017-11-21,39287.38,INR,1,8979.27,6,3,0,1
ACCT100003808,CUST0000728,SAVINGS,DORMANT,2017-08-21,7107.2,SGD,1,5082.35,3,1,1,1
ACCT100003809,CUST0005524,NRE,ACTIVE,2016-04-28,493789.17,USD,2,379566.64,5,3,1,1
ACCT100003810,CUST0004126,SALARY,ACTIVE,2021-06-09,828.87,INR,1,2531.73,3,5,1,1
ACCT100003811,CUST0005024,salary,ACTIVE,2015-10-06,10855.16,USD,1,37882.51,4,3,1,1
ACCT100003812,CUST0003225,SAVINGS,ACTIVE,2018-05-16,118949.27,USD,1,54397.91,2,1,1,0
ACCT100003813,CUST0003538,NRE,ACTIVE,2021-07-20,13366.14,AED,1,328425.26,6,1,1,1
ACCT100003814,CUST0004575,SALARY,ACTIVE,2019-03-02,27255.73,INR,3,1535.39,1,1,1,1
ACCT100003815,CUST0000049,savings,ACTIVE,2020-12-18,7672.17,AED,1,16552.58,1,2,0,1
ACCT100003816,CUST0007024,SAVINGS,BLOCKED,2020-10-09,9086.71,INR,1,3141.78,2,2,1,1
ACCT100003817,CUST0006745,CURRENT,ACTIVE,2021-04-18,6770.19,INR,1,57610.86,1,1,0,0
ACCT100003818,CUST0003202,SAVINGS,ACTIVE,2013-06-18,18119.47,INR,1,4604.88,1,4,1,1
ACCT100003819,CUST0001634,SAVINGS,ACTIVE,2018-10-17,2196.59,INR,1,12912.97,3,1,1,1
ACCT100003820,CUST0002748,SAVINGS,DORMANT,2016-05-04,7039.93,INR,2,404.66,5,3,1,1
ACCT100003821,CUST0003584,SAVINGS,ACTIVE,2015-12-02,5572.19,AED,1,148954.39,1,1,1,1
ACCT100003822,CUST0001519,TRUST,ACTIVE,2018-06-19,99627.41,USD,1,114518.13,9,1,1,0
ACCT100003823,CUST0004862,SALARY,ACTIVE,2012-03-22,2704.08,USD,1,21193.69,1,1,1,1
ACCT100003824,CUST0005059,CURRENT,ACTIVE,2013-03-12,4297.27,INR,1,182246.31,2,1,0,1
ACCT100003825,CUST0002517,CURRENT,ACTIVE,2018-12-14,14756.31,USD,2,4560.06,5,2,1,0
ACCT100003826,CUST0001823,NRE,ACTIVE,2018-02-03,18049.74,INR,1,666784.09,4,2,1,1
ACCT100003827,CUST0004052,SALARY,CLOSED,2017-12-25,2638.12,INR,2,1898.33,5,1,1,1
ACCT100003828,CUST0005680,SAVINGS,ACTIVE,2016-05-25,27389.57,USD,1,35204.83,1,1,1,1
ACCT100003829,CUST0003778,CURRENT,ACTIVE,2017-12-12,11896.79,SGD,1,27619.27,4,1,0,1
ACCT100003830,CUST0003708,SALARY,ACTIVE,2012-03-05,6587.08,INR,2,20801.7,3,2,1,1
ACCT100003831,CUST0001968,CURRENT,ACTIVE,2015-11-04,130752.64,INR,1,10323.27,3,1,0,1
ACCT100003832,CUST0006686,CURRENT,ACTIVE,2020-02-20,91231.98,INR,1,78955.23,2,5,1,1
ACCT100003833,CUST0003816,SAVINGS,ACTIVE,2019-01-30,5824.18,INR,3,22831.78,5,4,1,1
ACCT100003834,CUST0005456,SAVINGS,DORMANT,2016-08-11,18445.8,USD,1,29606.32,3,1,1,1
ACCT100003835,CUST0007021,NRE,ACTIVE,2017-03-10,6899.97,AED,2,236932.5,5,2,1,1
ACCT100003836,CUST0006400,NRE,ACTIVE,2017-01-15,18452.26,INR,1,338244.27,7,2,1,0
ACCT100003837,CUST0000092,CURRENT,ACTIVE,2017-11-08,104573.29,INR,1,42162.6,4,1,1,1
ACCT100003838,CUST0002577,NRE,ACTIVE,2021-10-07,375717.91,INR,2,45777.97,5,4,1,1
ACCT100003839,CUST0007399,NRE,ACTIVE,2017-04-30,78673.55,SGD,1,41932.73,5,4,1,1
ACCT100003840,CUST0003987,CURRENT,ACTIVE,2013-07-14,81993.87,INR,1,13874.67,2,1,1,0
ACCT100003841,CUST0003783,CURRENT,ACTIVE,2020-01-25,41621.08,SGD,1,201383.53,2,5,1,1
ACCT100003842,CUST0001106,CURRENT,ACTIVE,2016-08-10,14136.54,SGD,1,125795.16,2,2,0,1
ACCT100003843,CUST0006062, SAVINGS ,ACTIVE,2013-03-15,59330.01,INR,1,10963.93,5,1,0,1
ACCT100003844,CUST0002086,SAVINGS,ACTIVE,2015-04-27,89741.59,USD,1,2467.8,4,2,0,1
ACCT100003845,CUST0003546,NRE,ACTIVE,2017-12-24,89220.66,INR,1,139180.3,4,2,0,1
ACCT100003846,CUST0002364,SHELL,DORMANT,2016-12-05,1001107.77,AED,1,218403.23,8,5,1,1
ACCT100003847,CUST0000744,NRE,ACTIVE,2013-01-03,27453.43,USD,1,221477.47,4,1,1,1
ACCT100003848,CUST0002104,SAVINGS,ACTIVE,2016-08-24,433.26,INR,1,24018.37,2,1,1,0
ACCT100003849,CUST0004764,SALARY,ACTIVE,2019-10-15,22330.11,INR,1,13094.75,3,1,1,1
ACCT100003850,CUST0002415,SALARY,ACTIVE,2019-04-19,1175.77,INR,3,6587.7,3,2,1,1
ACCT100003851,CUST0006791,SAVINGS,ACTIVE,2019-06-08,46503.12,USD,1,72279.36,5,2,0,1
ACCT100003852,CUST0005042,CURRENT,ACTIVE,2020-05-15,14102.82,USD,1,171536.68,2,5,1,1
ACCT100003853,CUST0007847,SAVINGS,ACTIVE,2015-12-20,16100.46,USD,3,7008.47,1,3,1,1
ACCT100003854,CUST0003546,CURRENT,ACTIVE,2017-08-12,14727.59,INR,3,59228.49,2,1,1,1
ACCT100003855,CUST0000490,SAVINGS,ACTIVE,2018-03-08,7390.28,INR,3,77360.85,5,1,0,1
ACCT100003856,CUST0005419,SAVINGS,ACTIVE,2014-10-02,2195.8,USD,1,5085.72,5,4,1,0
ACCT100003857,CUST0001059,SHELL,BLOCKED,2012-11-15,528662.19,USD,1,254164.88,9,2,0,1
ACCT100003858,CUST0003080,SALARY,ACTIVE,2014-11-16,50492.74,INR,2,74474.96,1,2,1,1
ACCT100003859,CUST0005741,NRO,BLOCKED,2013-05-24,24047.0,SGD,1,134970.37,5,1,0,1
ACCT100003860,CUST0005493,SAVINGS,ACTIVE,2014-12-17,3214.34,AED,2,17778.71,4,2,0,1
ACCT100003861,CUST0005303,SAVINGS,ACTIVE,2016-04-12,123155.58,INR,3,7167.98,4,1,1,1
ACCT100003862,CUST0000401,TRUST,DORMANT,2017-05-09,1022213.18,USD,1,494299.93,7,2,1,1
ACCT100003863,CUST0002069,SAVINGS,ACTIVE,2014-09-29,16169.71,SGD,1,98523.36,4,4,1,1
ACCT100003864,CUST0002523,NRO,ACTIVE,2016-03-07,40513.05,INR,1,106301.46,4,3,0,0
ACCT100003865,CUST0006375,SALARY,ACTIVE,2014-08-04,699.05,USD,1,10358.3,5,1,1,1
ACCT100003866,CUST0002006,SAVINGS,ACTIVE,2012-10-09,2289.09,INR,1,9025.47,5,1,0,1
ACCT100003867,CUST0006295,SAVINGS,ACTIVE,2014-10-21,186322.28,SGD,1,24120.22,5,2,0,0
ACCT100003868,CUST0007406,SALARY,ACTIVE,2012-12-23,3879.97,INR,1,11941.82,5,1,0,1
ACCT100003869,CUST0002243,NRO,ACTIVE,2017-09-21,21552.83,INR,2,57464.32,7,1,1,0
ACCT100003870,CUST0000031,SALARY,CLOSED,2021-06-01,38034.61,INR,1,11491.12,4,1,1,1
ACCT100003871,CUST0001068,SALARY,ACTIVE,2019-10-11,763.2,USD,1,8254.93,3,5,1,1
ACCT100003872,CUST0006216,salary,ACTIVE,2016-09-24,8983.25,INR,2,54326.47,1,1,1,1
ACCT100003873,CUST0001102,SAVINGS,ACTIVE,2012-08-19,165051.92,INR,1,28640.61,3,2,1,0
ACCT100003874,CUST0006811,NRE,ACTIVE,2017-12-28,76940.68,USD,1,32500.09,6,1,1,1
ACCT100003875,CUST0005242,SALARY,ACTIVE,2013-07-16,11588.65,AED,1,24786.3,1,4,1,0
ACCT100003876,CUST0003377,CURRENT,ACTIVE,2015-12-29,19053.93,INR,2,1449.68,3,1,1,1
ACCT100003877,CUST0003225,CURRENT,ACTIVE,2014-07-13,7476.8,AED,1,107652.82,3,1,1,1
ACCT100003878,CUST0001601,CURRENT,ACTIVE,2013-09-16,22547.03,USD,1,123371.85,2,2,1,1
ACCT100003879,CUST0006756,NRE,ACTIVE,2019-11-18,258270.26,INR,1,259789.12,6,1,1,1
ACCT100003880,CUST0003704,TRUST,DORMANT,2013-06-29,741233.02,INR,1,56958.87,7,2,1,1
ACCT100003881,CUST0006588,NRO,ACTIVE,2018-06-04,323810.58,INR,1,86768.3,4,3,0,1
ACCT100003882,CUST0003288,CURRENT,ACTIVE,2021-06-21,254271.19,AED,3,38198.01,4,1,1,1
ACCT100003883,CUST0000042,CURRENT,ACTIVE,2012-12-18,3923.79,INR,1,31513.82,4,2,1,1
ACCT100003884,CUST0004442,SAVINGS,ACTIVE,2012-08-09,69491.13,INR,1,172886.61,2,4,0,1
ACCT100003885,CUST0001131,SALARY,ACTIVE,2019-03-17,45799.53,INR,1,11721.02,1,1,0,1
ACCT100003886,CUST0006175,CURRENT,ACTIVE,2013-04-05,8424.95,INR,1,34676.34,4,2,1,1
ACCT100003887,CUST0001627,SAVINGS,ACTIVE,2021-04-17,20420.98,GBP,1,5156.11,4,4,1,1
ACCT100003888,CUST0002934,SAVINGS,ACTIVE,2014-11-29,15132.29,SGD,1,21060.32,2,4,0,1
ACCT100003889,CUST0007083,SALARY,ACTIVE,2019-07-27,13709.91,INR,1,7239.47,3,1,1,1
ACCT100003890,CUST0001436,NRO,ACTIVE,2014-05-26,23757.59,INR,1,125670.37,5,2,0,1
ACCT100003891,CUST0006175, CURRENT ,ACTIVE,2013-10-13,45124.68,INR,1,12682.35,3,1,0,1
ACCT100003892,CUST0004427,SAVINGS,ACTIVE,2020-11-15,8364.93,AED,1,13495.96,3,1,1,1
ACCT100003893,CUST0001118, CURRENT ,ACTIVE,2019-08-19,635881.34,INR,2,54176.15,3,4,1,0
ACCT100003894,CUST0003383,NRE,ACTIVE,2013-04-14,33233.08,INR,2,1909858.64,6,2,1,1
ACCT100003895,CUST0002061,SAVINGS,ACTIVE,2019-04-17,2874.47,SGD,1,16226.17,5,1,1,1
ACCT100003896,CUST0007884,NRO,ACTIVE,2018-06-11,72540.72,INR,1,49844.15,7,2,1,1
ACCT100003897,CUST0004702,SHELL,ACTIVE,2018-04-27,343305.9,USD,1,94902.63,10,2,1,1
ACCT100003898,CUST0000137,CURRENT,ACTIVE,2017-11-26,8578.29,INR,1,23267.68,5,2,0,1
ACCT100003899,CUST0005163,NRE,ACTIVE,2015-03-20,430262.53,INR,1,280760.55,7,4,1,1
ACCT100003900,CUST0004784,CURRENT,ACTIVE,2015-11-01,23655.01,INR,1,214375.53,2,2,1,1
ACCT100003901,CUST0004913,SAVINGS,ACTIVE,2021-06-23,8654.55,INR,1,15417.66,1,1,0,1
ACCT100003902,CUST0002855,CURRENT,ACTIVE,2014-03-03,2364.53,INR,1,5864.49,1,1,1,1
ACCT100003903,CUST0004608,SAVINGS,ACTIVE,2012-07-29,55217.32,INR,1,14286.82,4,4,1,1
ACCT100003904,CUST0003332,SAVINGS,ACTIVE,2016-06-05,14137.81,AED,1,39756.07,2,3,1,1
ACCT100003905,CUST0002061,NRE,ACTIVE,2014-07-03,1691812.79,USD,1,97143.03,4,2,1,1
ACCT100003906,CUST0007121,SAVINGS,ACTIVE,2013-07-09,48602.24,AED,1,1774.67,3,1,1,1
ACCT100003907,CUST0007980,SAVINGS,ACTIVE,2017-03-24,11225.83,INR,1,4390.29,1,1,0,1
ACCT100003908,CUST0006017,CURRENT,ACTIVE,2020-03-07,41900.82,INR,1,20889.04,2,2,0,1
ACCT100003909,CUST0001068, NRO ,ACTIVE,2017-07-07,45350.78,USD,1,89519.12,6,4,1,1
ACCT100003910,CUST0000053,SALARY,ACTIVE,2012-08-28,6202.16,USD,1,10013.78,5,3,1,1
ACCT100003911,CUST0004106,SAVINGS,ACTIVE,2012-12-01,400099.26,INR,1,63781.17,3,1,1,1
ACCT100003912,CUST0001218,SAVINGS,ACTIVE,2016-07-06,1185.54,AED,1,28576.26,4,2,1,1
ACCT100003913,CUST0002763,SAVINGS,BLOCKED,2020-06-26,9258.83,AED,1,2740.03,1,4,1,1
ACCT100003914,CUST0006531,SALARY,ACTIVE,2018-02-25,1811.01,INR,1,43711.12,5,2,0,1
ACCT100003915,CUST0002632,SAVINGS,ACTIVE,2014-06-06,1059.95,INR,1,8025.03,2,1,1,0
ACCT100003916,CUST0003536,SAVINGS,ACTIVE,2016-08-08,20866.94,INR,1,29221.85,2,1,1,1
ACCT100003917,CUST0004399,SAVINGS,ACTIVE,2018-02-26,11391.66,INR,1,15506.79,5,2,1,1
ACCT100003918,CUST0004105,SALARY,ACTIVE,2014-09-01,10681.51,INR,1,1964.47,1,1,0,1
ACCT100003919,CUST0001518,CURRENT,CLOSED,2016-05-01,604595.38,USD,1,179161.66,4,2,1,1
ACCT100003920,CUST0000814,SAVINGS,ACTIVE,2020-02-13,2478.52,INR,1,4925.66,4,1,0,1
ACCT100003921,CUST0004379,NRE,ACTIVE,2017-05-09,8506872.68,AED,1,87977.23,6,2,1,1
ACCT100003922,CUST0001148,SALARY,ACTIVE,2013-12-08,2788.8,USD,1,2164.37,1,1,0,0
ACCT100003923,CUST0001843,SAVINGS,ACTIVE,2020-06-23,2634.58,INR,1,285731.03,1,1,1,1
ACCT100003924,CUST0005078,SAVINGS,BLOCKED,2012-05-03,10335.33,SGD,1,24449.95,3,1,0,1
ACCT100003925,CUST0001343,SAVINGS,DORMANT,2016-09-25,40232.49,INR,1,12867.52,3,2,1,1
ACCT100003926,CUST0007899,CURRENT,ACTIVE,2012-08-07,27116.37,INR,2,50525.91,1,1,0,1
ACCT100003927,CUST0006075,SAVINGS,ACTIVE,2015-09-18,10227.26,INR,3,9531.16,1,1,0,1
ACCT100003928,CUST0000767, SAVINGS ,ACTIVE,2021-06-17,49488.17,INR,1,4826.1,1,3,1,1
ACCT100003929,CUST0000166,SAVINGS,DORMANT,2013-07-30,123151.63,INR,1,66860.67,1,2,1,1
ACCT100003930,CUST0006066,SAVINGS,CLOSED,2014-05-24,78528.92,INR,2,1304.55,3,2,0,1
ACCT100003931,CUST0005180,CURRENT,ACTIVE,2017-08-12,1974382.15,USD,1,2568.85,1,3,1,1
ACCT100003932,CUST0001222,CURRENT,ACTIVE,2019-10-17,117248.19,GBP,3,215874.0,4,1,1,1
ACCT100003933,CUST0007468,CURRENT,ACTIVE,2016-03-03,382425.22,SGD,1,7001.08,5,1,0,1
ACCT100003934,CUST0001442,SAVINGS,ACTIVE,2019-12-12,3976.75,INR,1,24008.02,3,1,1,0
ACCT100003935,CUST0001735, SAVINGS ,ACTIVE,2020-07-21,9060.04,INR,1,18761.31,4,1,1,1
ACCT100003936,CUST0001076,SAVINGS,ACTIVE,2015-02-09,27664.84,INR,1,42208.55,3,1,1,1
ACCT100003937,CUST0001930,SALARY,BLOCKED,2021-03-27,4438.16,INR,2,426797.5,4,1,1,1
ACCT100003938,CUST0007215,SALARY,ACTIVE,2021-06-25,23814.4,INR,2,4539.2,5,1,1,1
ACCT100003939,CUST0001596,NRO,ACTIVE,2020-03-23,38549.54,USD,1,29082.31,7,2,1,1
ACCT100003940,CUST0007440,NRO,ACTIVE,2019-09-19,463688.53,INR,1,1647704.76,5,2,0,1
ACCT100003941,CUST0003106,NRE,ACTIVE,2013-03-08,304673.44,INR,1,119376.15,4,2,0,1
ACCT100003942,CUST0003612,SAVINGS,CLOSED,2017-04-28,5959.52,INR,3,36033.71,4,1,1,1
ACCT100003943,CUST0006370,savings,ACTIVE,2021-03-24,575786.29,INR,1,7921.71,3,4,1,1
ACCT100003944,CUST0002951,SALARY,ACTIVE,2012-11-29,960.93,USD,1,12177.5,2,1,1,1
ACCT100003945,CUST0001225,NRE,ACTIVE,2012-10-27,94999.85,USD,1,195994.06,4,1,0,0
ACCT100003946,CUST0006901,SALARY,ACTIVE,2020-09-13,48172.09,INR,1,6873.65,4,2,1,1
ACCT100003947,CUST0004665,CURRENT,ACTIVE,2014-08-02,16704.36,INR,2,26077.02,2,1,1,1
ACCT100003948,CUST0005753,savings,ACTIVE,2014-03-11,1610.63,INR,1,16262.91,3,1,1,1
ACCT100003949,CUST0005914,SALARY,ACTIVE,2012-11-30,1703.32,INR,1,5524.03,3,1,1,1
ACCT100003950,CUST0003922,CURRENT,ACTIVE,2013-09-28,121217.81,INR,1,72517.02,1,2,1,1
ACCT100003951,CUST0004223,CURRENT,ACTIVE,2019-07-17,75494.83,INR,1,17172.36,5,1,1,0
ACCT100003952,CUST0007114,CURRENT,DORMANT,2019-01-23,68259.44,INR,1,35188.47,2,2,0,1
ACCT100003953,CUST0001202,NRE,ACTIVE,2017-08-04,224544.75,SGD,1,76443.57,7,3,1,1
ACCT100003954,CUST0006312,SALARY,ACTIVE,2015-11-16,35828.43,INR,1,54770.31,1,4,1,1
ACCT100003955,CUST0006301,SALARY,BLOCKED,2014-11-02,781.87,INR,2,29808.2,1,3,1,1
ACCT100003956,CUST0005518,CURRENT,BLOCKED,2016-01-01,1037142.02,INR,1,53247.06,5,2,1,1
ACCT100003957,CUST0000398,CURRENT,CLOSED,2013-10-11,8786.42,INR,1,127819.95,5,1,0,1
ACCT100003958,CUST0006589,SHELL,DORMANT,2017-07-10,390680.27,INR,2,194393.12,10,3,1,1
ACCT100003959,CUST0006694,CURRENT,DORMANT,2020-09-17,184298.2,GBP,1,32892.34,5,1,1,1
ACCT100003960,CUST0006152,SAVINGS,ACTIVE,2017-07-07,9628.65,USD,1,13248.02,1,2,1,0
ACCT100003961,CUST0004682,SALARY,ACTIVE,2019-11-06,10813.94,INR,1,1826.79,4,2,1,1
ACCT100003962,CUST0006301,NRE,ACTIVE,2012-06-26,15932.73,INR,1,54771.98,6,1,1,1
ACCT100003963,CUST0007123,CURRENT,ACTIVE,2021-01-27,6935.87,INR,1,46401.46,3,4,1,1
ACCT100003964,CUST0005543,NRE,ACTIVE,2018-02-11,13671.23,AED,1,115648.45,5,1,0,1
ACCT100003965,CUST0002558,NRO,ACTIVE,2021-04-11,122503.41,INR,1,433107.86,7,2,1,1
ACCT100003966,CUST0001700,NRE,ACTIVE,2017-09-22,250355.27,INR,1,184402.8,5,1,0,1
ACCT100003967,CUST0002740,SAVINGS,DORMANT,2018-05-22,23244.59,INR,1,49517.75,5,1,1,1
ACCT100003968,CUST0005366,NRE,ACTIVE,2013-09-10,168451.47,INR,1,213770.28,6,3,1,1
ACCT100003969,CUST0000689,CURRENT,ACTIVE,2015-03-17,119943.36,AED,1,5977.84,1,2,1,0
ACCT100003970,CUST0004028,SAVINGS,ACTIVE,2013-02-04,127810.99,INR,1,4488.82,3,5,1,0
ACCT100003971,CUST0004882,NRO,ACTIVE,2021-10-09,1387.64,USD,1,26137.04,4,2,0,1
ACCT100003972,CUST0001055,CURRENT,DORMANT,2018-02-18,446589.87,INR,2,211123.9,2,3,1,1
ACCT100003973,CUST0002796,NRO,ACTIVE,2013-02-14,89423.23,INR,1,283896.03,6,1,0,1
ACCT100003974,CUST0004156,SALARY,ACTIVE,2016-09-10,64992.25,USD,2,15368.55,4,1,1,1
ACCT100003975,CUST0005006,CURRENT,ACTIVE,2020-03-23,5156.93,USD,1,75573.21,5,2,1,0
ACCT100003976,CUST0000301,SALARY,ACTIVE,2013-04-16,6653.62,GBP,1,86407.74,4,1,1,1
ACCT100003977,CUST0001704,TRUST,ACTIVE,2013-06-18,211234.11,AED,1,114962.73,7,1,1,1
ACCT100003978,CUST0001531,SALARY,BLOCKED,2017-11-18,12889.17,USD,1,12061.3,3,1,1,0
ACCT100003979,CUST0004184,NRE,ACTIVE,2017-12-04,210480.23,INR,1,310458.86,5,1,1,1
ACCT100003980,CUST0002238,NRO,ACTIVE,2015-05-04,7959.36,AED,1,242556.16,5,1,1,1
ACCT100003981,CUST0002781,CURRENT,ACTIVE,2012-06-21,60399.88,USD,1,41612.76,3,2,1,1
ACCT100003982,CUST0007138,SAVINGS,ACTIVE,2021-02-21,861.92,USD,1,1380.38,5,3,1,1
ACCT100003983,CUST0004933,SHELL,ACTIVE,2017-12-12,1480190.55,AED,1,2361302.86,8,1,0,0
ACCT100003984,CUST0005599,NRO,ACTIVE,2019-11-18,53197.51,INR,1,104713.29,5,2,1,1
ACCT100003985,CUST0002119,SALARY,ACTIVE,2015-03-22,7870.08,AED,1,654.49,5,1,0,1
ACCT100003986,CUST0002034,trust,ACTIVE,2019-01-02,194847.41,INR,2,155067.54,10,1,1,1
ACCT100003987,CUST0007283,SALARY,ACTIVE,2015-05-22,315.27,INR,3,6251.26,3,1,0,1
ACCT100003988,CUST0006511,SALARY,BLOCKED,2019-05-05,1315.6,INR,2,95176.26,4,2,0,1
ACCT100003989,CUST0005846, SALARY ,ACTIVE,2014-04-22,70031.36,GBP,1,53470.24,1,5,1,1
ACCT100003990,CUST0000465,NRE,ACTIVE,2013-06-30,734826.61,INR,1,54407.28,5,2,0,1
ACCT100003991,CUST0004991,CURRENT,BLOCKED,2017-01-23,310993.9,INR,1,27018.34,5,2,1,1
ACCT100003992,CUST0002689, CURRENT ,ACTIVE,2020-08-23,398799.48,GBP,1,34867.08,4,1,1,1
ACCT100003993,CUST0005024,SAVINGS,ACTIVE,2019-07-09,790.82,USD,1,35737.49,4,2,1,1
ACCT100003994,CUST0002755,NRE,ACTIVE,2017-02-19,9399.87,SGD,1,106047.11,5,1,0,1
ACCT100003995,CUST0004224,SAVINGS,ACTIVE,2014-05-12,49101.81,USD,1,31191.04,2,4,1,1
ACCT100003996,CUST0007516,SAVINGS,DORMANT,2015-06-29,18980.53,INR,1,915.32,3,1,1,1
ACCT100003997,CUST0004331,CURRENT,BLOCKED,2020-10-25,301206.71,USD,1,17926.34,2,1,0,1
ACCT100003998,CUST0006839,NRO,ACTIVE,2015-06-01,47973.03,INR,1,688766.87,4,1,1,1
ACCT100003999,CUST0002026,SALARY,ACTIVE,2013-09-13,945.39,INR,1,32436.31,3,2,1,1
ACCT100004000,CUST0004495,NRE,ACTIVE,2016-01-29,2682318.55,INR,2,104700.49,6,2,0,0
ACCT100004001,CUST0007741,SAVINGS,DORMANT,2017-06-08,9921.26,USD,2,12609.1,3,1,0,0
ACCT100004002,CUST0003512,SAVINGS,ACTIVE,2013-02-25,9780.8,INR,1,3208.25,5,2,0,1
ACCT100004003,CUST0006695,SALARY,ACTIVE,2019-05-25,30402.12,INR,1,4219.88,4,3,1,1
ACCT100004004,CUST0003560, SAVINGS ,ACTIVE,2021-11-12,10148.73,INR,2,268879.48,3,2,1,1
ACCT100004005,CUST0002582,TRUST,ACTIVE,2016-08-20,731988.29,INR,2,185347.4,7,1,1,1
ACCT100004006,CUST0006035,NRE,ACTIVE,2017-10-18,65811.16,USD,3,100615.3,4,3,1,1
ACCT100004007,CUST0007357,SALARY,ACTIVE,2014-03-22,29543.17,INR,1,2576.28,4,1,1,1
ACCT100004008,CUST0002738,SAVINGS,ACTIVE,2021-04-22,7334.56,INR,2,68842.98,1,3,1,1
ACCT100004009,CUST0000732,SALARY,ACTIVE,2017-08-14,166132.59,USD,1,2308.85,4,2,1,1
ACCT100004010,CUST0006418,CURRENT,ACTIVE,2021-06-02,266086.5,INR,2,64707.7,5,1,0,0
ACCT100004011,CUST0007926,SAVINGS,ACTIVE,2018-02-06,37274.83,INR,2,43986.44,3,2,1,1
ACCT100004012,CUST0002877,SALARY,ACTIVE,2021-08-26,31245.51,USD,2,7043.53,2,1,1,0
ACCT100004013,CUST0001965,SAVINGS,ACTIVE,2014-10-17,62301.3,INR,3,60748.63,1,2,1,0
ACCT100004014,CUST0004875,CURRENT,ACTIVE,2012-04-19,18535.04,INR,2,173365.49,3,1,1,1
ACCT100004015,CUST0003597,SAVINGS,ACTIVE,2016-12-22,6399.89,USD,1,27699.35,5,1,1,1
ACCT100004016,CUST0006823,SAVINGS,ACTIVE,2012-03-27,5714.99,INR,1,47976.54,4,3,1,1
ACCT100004017,CUST0000450,current,ACTIVE,2014-06-03,11579.12,INR,1,26458.1,3,4,1,1
ACCT100004018,CUST0002733,CURRENT,ACTIVE,2014-02-20,95618.47,INR,1,66014.48,2,1,1,1
ACCT100004019,CUST0007459,CURRENT,ACTIVE,2012-01-25,18293.88,SGD,1,3064.11,4,2,1,1
ACCT100004020,CUST0005982,TRUST,DORMANT,2014-11-07,8102697.06,INR,1,467422.59,9,2,1,1
ACCT100004021,CUST0005724,SAVINGS,ACTIVE,2019-07-24,8544.01,USD,2,19616.68,3,2,0,1
ACCT100004022,CUST0006759,SAVINGS,ACTIVE,2013-11-30,44121.62,INR,1,47173.64,4,5,1,1
ACCT100004023,CUST0003873,CURRENT,ACTIVE,2015-06-27,51234.46,INR,1,33727.26,5,2,1,1
ACCT100004024,CUST0005343,CURRENT,ACTIVE,2017-02-19,76191.46,INR,1,266182.3,5,2,0,1
ACCT100004025,CUST0007199,salary,DORMANT,2017-06-14,13004.12,USD,1,11604.97,3,1,1,1
ACCT100004026,CUST0000458,NRE,ACTIVE,2015-10-06,246995.61,USD,2,104284.2,4,1,0,1
ACCT100004027,CUST0007404,CURRENT,ACTIVE,2018-06-16,15009.18,INR,1,4485.54,5,2,0,1
ACCT100004028,CUST0003346,CURRENT,ACTIVE,2014-12-13,10406.01,INR,1,417433.73,1,5,1,1
ACCT100004029,CUST0000223,SAVINGS,ACTIVE,2017-11-16,11137.39,INR,1,15167.25,4,1,0,1
ACCT100004030,CUST0007489,NRE,ACTIVE,2019-02-11,28040.43,INR,1,150517.13,7,1,1,1
ACCT100004031,CUST0007514,SAVINGS,CLOSED,2014-09-04,2811.28,USD,2,52034.46,2,1,0,1
ACCT100004032,CUST0006833, CURRENT ,BLOCKED,2019-11-28,14650.01,USD,1,41190.99,2,1,1,0
ACCT100004033,CUST0005775,CURRENT,ACTIVE,2018-01-04,100598.01,INR,2,163621.96,3,3,0,1
ACCT100004034,CUST0002624,SALARY,ACTIVE,2017-01-28,5955.45,AED,1,81894.89,1,1,0,1
ACCT100004035,CUST0005383,CURRENT,ACTIVE,2018-06-30,61166.44,INR,1,44699.48,4,2,1,1
ACCT100004036,CUST0004079,CURRENT,ACTIVE,2020-03-02,305785.05,INR,1,3027.96,4,3,0,1
ACCT100004037,CUST0004409,SAVINGS,ACTIVE,2017-12-11,2041.91,USD,1,120356.07,2,1,1,1
ACCT100004038,CUST0001149,SAVINGS,ACTIVE,2012-11-22,256063.77,USD,1,38890.67,1,3,1,1
ACCT100004039,CUST0007508,SALARY,ACTIVE,2020-03-29,73939.52,INR,1,33352.61,3,2,1,1
ACCT100004040,CUST0002609,CURRENT,DORMANT,2014-03-16,110610.55,INR,1,26228.01,4,2,1,1
ACCT100004041,CUST0003968,NRE,ACTIVE,2019-02-23,1467898.74,INR,1,405740.13,7,1,0,1
ACCT100004042,CUST0002069,TRUST,DORMANT,2015-05-29,300685.47,AED,1,553895.77,8,2,0,1
ACCT100004043,CUST0002828,SALARY,ACTIVE,2017-11-09,1042.54,SGD,2,49968.34,1,2,0,0
ACCT100004044,CUST0003734,NRO,DORMANT,2021-04-12,621126.36,USD,2,22410.54,4,1,0,1
ACCT100004045,CUST0001545,SAVINGS,BLOCKED,2017-12-14,3894.59,GBP,1,3011.65,5,1,0,1
ACCT100004046,CUST0007117,CURRENT,CLOSED,2019-09-05,125961.82,INR,1,42066.2,3,2,1,1
ACCT100004047,CUST0003811,SAVINGS,ACTIVE,2015-04-16,2432.11,INR,1,7174.87,2,1,1,1
ACCT100004048,CUST0005323,SAVINGS,BLOCKED,2015-05-30,31965.7,INR,1,4289.59,1,1,1,1
ACCT100004049,CUST0004814,SAVINGS,ACTIVE,2016-10-26,1412.92,INR,1,14923.52,2,3,1,1
ACCT100004050,CUST0007414,NRE,ACTIVE,2013-12-31,26021.02,SGD,1,192119.64,5,2,1,1
ACCT100004051,CUST0005114,SALARY,ACTIVE,2012-09-04,10628.68,INR,2,4897.81,4,3,0,1
ACCT100004052,CUST0004600,NRE,ACTIVE,2015-06-11,208120.23,INR,1,30201.47,7,1,1,1
ACCT100004053,CUST0004255,CURRENT,ACTIVE,2013-09-30,1676.18,SGD,2,192565.35,2,2,1,1
ACCT100004054,CUST0002691,SAVINGS,ACTIVE,2020-10-14,81223.61,USD,1,54743.63,4,1,1,1
ACCT100004055,CUST0005365,CURRENT,CLOSED,2018-11-01,220277.42,INR,1,25760.58,4,1,1,1
ACCT100004056,CUST0003371,SAVINGS,ACTIVE,2014-05-10,58458.05,USD,3,1270.88,4,1,1,0
ACCT100004057,CUST0001508,shell,DORMANT,2016-01-27,415775.95,INR,1,2548760.77,9,3,1,0
ACCT100004058,CUST0002736,NRE,ACTIVE,2012-06-27,437083.16,USD,2,226392.76,4,4,0,1
ACCT100004059,CUST0004119,SAVINGS,ACTIVE,2013-02-14,16502.45,GBP,1,46829.38,1,1,1,1
ACCT100004060,CUST0003005,SHELL,DORMANT,2012-09-22,81327.44,USD,1,87061.95,7,1,1,0
ACCT100004061,CUST0003670,SAVINGS,ACTIVE,2015-06-27,20848.04,INR,2,5296.94,1,2,0,1
ACCT100004062,CUST0006415,SALARY,ACTIVE,2019-04-14,465.35,INR,2,71611.62,3,2,1,1
ACCT100004063,CUST0000814,CURRENT,ACTIVE,2012-06-27,9675.96,INR,1,101506.82,4,1,0,1
ACCT100004064,CUST0002810,current,ACTIVE,2020-05-23,14790.86,SGD,1,7411.06,3,5,1,1
ACCT100004065,CUST0004536,SALARY,ACTIVE,2013-07-09,13476.73,INR,1,16263.88,1,1,1,1
ACCT100004066,CUST0002399,CURRENT,ACTIVE,2018-07-24,621233.13,INR,1,10475.76,3,1,1,0
ACCT100004067,CUST0007149,SAVINGS,BLOCKED,2014-11-03,614.05,INR,2,7284.65,5,1,1,1
ACCT100004068,CUST0002062,SALARY,ACTIVE,2014-11-12,98668.07,INR,1,58758.97,5,1,1,1
ACCT100004069,CUST0003038,SAVINGS,BLOCKED,2017-09-07,41264.01,AED,1,54937.14,5,1,0,1
ACCT100004070,CUST0002096,SAVINGS,BLOCKED,2020-09-02,38508.1,INR,1,174026.79,4,3,1,0
ACCT100004071,CUST0001837,SAVINGS,ACTIVE,2018-05-12,6001.46,GBP,2,6880.08,1,3,0,1
ACCT100004072,CUST0006296,SALARY,ACTIVE,2018-02-02,8852.81,GBP,1,6384.92,5,1,1,1
ACCT100004073,CUST0005045,NRO,ACTIVE,2017-01-29,66389.7,USD,1,67766.02,5,1,1,1
ACCT100004074,CUST0001555,CURRENT,BLOCKED,2012-06-20,439692.31,USD,1,14608.96,2,1,1,1
ACCT100004075,CUST0006023,CURRENT,ACTIVE,2020-03-23,300906.75,INR,1,23414.02,5,4,1,1
ACCT100004076,CUST0007998,SAVINGS,ACTIVE,2012-02-21,33156.14,AED,2,25294.34,1,1,1,1
ACCT100004077,CUST0005869,SAVINGS,BLOCKED,2017-10-29,8526.21,USD,1,4728.49,1,4,1,1
ACCT100004078,CUST0004655,SAVINGS,ACTIVE,2015-03-20,3280.63,INR,1,4077.29,4,2,0,1
ACCT100004079,CUST0004736,NRO,ACTIVE,2018-07-02,19906.35,INR,1,4465.86,4,1,1,1
ACCT100004080,CUST0006482,SALARY,DORMANT,2021-11-29,79131.92,USD,1,5144.05,5,4,1,1
ACCT100004081,CUST0005938,SAVINGS,DORMANT,2019-10-31,124761.43,GBP,1,5840.72,1,1,1,1
ACCT100004082,CUST0001403,SALARY,ACTIVE,2017-02-15,3794.82,INR,1,1793.33,1,2,1,1
ACCT100004083,CUST0003135,SAVINGS,ACTIVE,2012-02-20,40162.65,INR,1,3593.21,2,1,0,0
ACCT100004084,CUST0001970,CURRENT,ACTIVE,2019-08-07,443737.13,INR,2,56194.06,5,2,0,1
ACCT100004085,CUST0006603,TRUST,DORMANT,2018-01-11,23236.35,INR,1,445499.2,8,2,1,1
ACCT100004086,CUST0002457,SALARY,DORMANT,2014-11-28,1412.88,INR,3,3462.32,5,2,1,1
ACCT100004087,CUST0004391,SALARY,ACTIVE,2020-05-11,5970.57,INR,1,10934.06,1,2,1,1
ACCT100004088,CUST0007774,SALARY,ACTIVE,2020-06-21,8300.91,USD,2,3992.58,4,5,1,1
ACCT100004089,CUST0004108,SAVINGS,ACTIVE,2015-08-17,25087.1,INR,1,17026.28,4,2,1,1
ACCT100004090,CUST0006896,SAVINGS,ACTIVE,2017-06-28,3849.46,INR,1,12679.49,3,1,1,0
ACCT100004091,CUST0007253,CURRENT,ACTIVE,2014-10-09,166292.03,SGD,1,6122.94,3,2,1,0
ACCT100004092,CUST0006071,SAVINGS,ACTIVE,2015-10-03,2087.19,AED,1,7369.91,3,3,0,1
ACCT100004093,CUST0002378,SAVINGS,ACTIVE,2016-09-15,72612.54,USD,1,14593.79,2,1,1,1
ACCT100004094,CUST0001506,CURRENT,ACTIVE,2016-02-06,136935.0,INR,1,22388.01,4,4,1,1
ACCT100004095,CUST0001753,CURRENT,ACTIVE,2016-07-18,13335.84,USD,1,93972.06,3,1,1,1
ACCT100004096,CUST0003437,SAVINGS,ACTIVE,2014-03-16,3181.63,INR,1,5934.0,3,1,0,1
ACCT100004097,CUST0000919,SHELL,ACTIVE,2013-01-23,1303865.72,INR,1,634907.85,10,2,1,1
ACCT100004098,CUST0004043,nre,ACTIVE,2015-03-26,17742.03,INR,2,91523.57,5,4,1,1
ACCT100004099,CUST0004961,SALARY,ACTIVE,2017-04-28,4793.15,USD,2,11739.52,2,1,1,1
ACCT100004100,CUST0002405,NRO,BLOCKED,2012-02-05,6011.71,GBP,1,17674.8,5,3,1,1
ACCT100004101,CUST0005461, SALARY ,ACTIVE,2021-01-03,2449.94,GBP,1,17750.44,2,2,1,1
ACCT100004102,CUST0005947,CURRENT,ACTIVE,2017-01-15,169931.96,INR,1,4894.14,2,1,0,1
ACCT100004103,CUST0007840,CURRENT,BLOCKED,2021-03-25,558547.62,INR,3,11415.45,4,2,1,1
ACCT100004104,CUST0004310,SAVINGS,ACTIVE,2020-10-10,7491.1,GBP,1,67783.35,3,1,1,0
ACCT100004105,CUST0004497,CURRENT,ACTIVE,2013-02-25,28423.48,INR,1,56101.82,4,1,1,1
ACCT100004106,CUST0002425,NRE,ACTIVE,2021-04-07,152422.57,INR,1,310888.6,7,1,0,1
ACCT100004107,CUST0003052,CURRENT,ACTIVE,2020-07-10,10551.19,GBP,1,8723.44,4,3,1,1
ACCT100004108,CUST0007419,SAVINGS,ACTIVE,2017-07-21,32247.0,SGD,1,14921.63,2,2,1,1
ACCT100004109,CUST0006756, NRO ,ACTIVE,2012-08-18,22045.43,INR,1,21005.7,5,2,1,1
ACCT100004110,CUST0002045,SALARY,DORMANT,2019-07-04,22279.35,INR,2,3729.64,3,1,0,0
ACCT100004111,CUST0006684,SALARY,ACTIVE,2012-08-05,13775.0,AED,1,3701.61,4,2,1,1
ACCT100004112,CUST0000811,TRUST,ACTIVE,2013-09-13,2307664.62,AED,1,234114.52,8,1,1,1
ACCT100004113,CUST0005237,TRUST,ACTIVE,2013-01-03,124062.66,SGD,1,245935.78,8,1,1,1
ACCT100004114,CUST0003633,SAVINGS,ACTIVE,2015-03-26,9564.49,SGD,1,3527.79,3,1,1,1
ACCT100004115,CUST0002031,SALARY,ACTIVE,2021-08-12,15232.35,INR,3,305.08,5,1,0,1
ACCT100004116,CUST0003500,NRO,ACTIVE,2013-01-01,32005.04,INR,1,122848.64,5,1,1,1
ACCT100004117,CUST0002031,nro,ACTIVE,2012-06-22,20789.88,INR,1,49343.4,7,4,1,1
ACCT100004118,CUST0000697,NRO,CLOSED,2016-09-27,9436.16,INR,2,116930.77,7,1,0,1
ACCT100004119,CUST0005585,NRE,BLOCKED,2019-09-27,38964.49,USD,1,250288.54,6,4,1,1
ACCT100004120,CUST0000526,SHELL,ACTIVE,2021-07-21,294319.57,INR,1,124439.16,8,1,1,1
ACCT100004121,CUST0007067,SAVINGS,ACTIVE,2021-12-02,19069.48,INR,1,53648.55,5,1,1,1
ACCT100004122,CUST0003591,SAVINGS,ACTIVE,2012-07-10,11759.4,INR,1,10961.04,1,1,1,1
ACCT100004123,CUST0007224,SAVINGS,ACTIVE,2018-11-03,168874.42,INR,2,298655.21,4,1,1,1
ACCT100004124,CUST0000375, NRE ,ACTIVE,2014-10-23,624289.48,INR,1,86446.45,4,1,1,1
ACCT100004125,CUST0001247,CURRENT,ACTIVE,2020-05-26,95440.88,USD,1,373897.53,5,1,1,1
ACCT100004126,CUST0007343,SAVINGS,DORMANT,2017-05-20,93099.07,INR,1,2850.66,2,4,1,1
ACCT100004127,CUST0002956,SALARY,ACTIVE,2012-03-28,85261.61,INR,1,5608.33,3,1,1,1
ACCT100004128,CUST0003970,SAVINGS,ACTIVE,2017-11-25,14228.08,INR,1,11555.3,4,2,1,1
ACCT100004129,CUST0006767,savings,ACTIVE,2014-08-18,145872.02,INR,2,84223.58,1,1,1,0
ACCT100004130,CUST0007254,CURRENT,ACTIVE,2015-08-16,194052.8,INR,1,49614.0,3,1,1,1
ACCT100004131,CUST0003144,SAVINGS,DORMANT,2016-02-24,1480.84,INR,1,4911.58,1,2,1,1
ACCT100004132,CUST0000016,CURRENT,BLOCKED,2018-06-11,1945.63,INR,1,112739.6,4,2,0,0
ACCT100004133,CUST0001784,SAVINGS,ACTIVE,2016-02-06,1161.89,SGD,1,2576.41,3,4,1,1
ACCT100004134,CUST0004761,SAVINGS,ACTIVE,2018-09-08,8492.63,USD,2,161433.23,1,1,1,1
ACCT100004135,CUST0003971,CURRENT,ACTIVE,2020-03-14,10164.43,USD,1,184277.34,4,1,0,1
ACCT100004136,CUST0003038,SAVINGS,ACTIVE,2013-11-04,354420.72,INR,1,10996.17,3,2,1,0
ACCT100004137,CUST0000370,SALARY,ACTIVE,2017-07-02,12869.06,INR,1,4893.51,3,2,1,1
ACCT100004138,CUST0001197,SAVINGS,ACTIVE,2015-12-25,12242.09,AED,1,7207.14,2,1,1,1
ACCT100004139,CUST0000690,NRE,ACTIVE,2013-01-02,20478.5,INR,1,109930.0,6,3,0,1
ACCT100004140,CUST0001235,SAVINGS,ACTIVE,2012-05-11,16578.94,INR,1,24004.11,3,1,1,1
ACCT100004141,CUST0007517,SHELL,ACTIVE,2019-05-05,212091.07,INR,1,840696.17,10,1,1,1
ACCT100004142,CUST0006265,CURRENT,ACTIVE,2015-08-02,50045.02,INR,3,50954.2,3,1,1,1
ACCT100004143,CUST0003717,CURRENT,ACTIVE,2015-12-28,5455.64,USD,1,68805.56,4,2,1,1
ACCT100004144,CUST0006996,CURRENT,ACTIVE,2017-07-02,147985.34,INR,2,19747.9,2,3,1,1
ACCT100004145,CUST0002337,SAVINGS,ACTIVE,2015-02-11,26755.93,SGD,1,4629.3,2,1,0,0
ACCT100004146,CUST0001217,savings,ACTIVE,2017-08-31,6538.91,INR,2,2051.44,3,2,1,1
ACCT100004147,CUST0001056,NRE,ACTIVE,2017-02-20,203497.36,INR,1,186402.23,5,3,1,1
ACCT100004148,CUST0000797,CURRENT,ACTIVE,2013-11-30,59712.07,USD,3,112804.67,1,3,1,0
ACCT100004149,CUST0003430,SAVINGS,ACTIVE,2020-11-01,85875.45,INR,3,22981.34,3,1,1,1
ACCT100004150,CUST0004887,NRE,ACTIVE,2016-02-13,201080.46,INR,1,381919.48,6,1,1,1
ACCT100004151,CUST0007370,NRO,ACTIVE,2015-10-12,172419.63,AED,2,6735.34,4,1,1,0
ACCT100004152,CUST0005004,TRUST,DORMANT,2016-06-09,3150583.98,INR,1,246197.43,9,3,1,1
ACCT100004153,CUST0007868,SAVINGS,ACTIVE,2017-01-31,2017.23,USD,1,10131.81,3,1,1,1
ACCT100004154,CUST0002531,CURRENT,ACTIVE,2014-06-05,124425.56,AED,1,26760.96,5,1,1,1
ACCT100004155,CUST0006319,SALARY,ACTIVE,2021-10-06,5212.95,AED,1,32929.87,2,1,1,1
ACCT100004156,CUST0000457,NRE,ACTIVE,2018-08-15,89629.57,USD,1,182311.18,7,4,1,1
ACCT100004157,CUST0007243,SALARY,DORMANT,2019-06-18,62984.97,INR,1,30515.33,3,1,0,1
ACCT100004158,CUST0000907,CURRENT,ACTIVE,2015-06-25,281983.09,SGD,1,26420.55,2,4,1,1
ACCT100004159,CUST0006566,NRE,ACTIVE,2021-06-27,39755.72,INR,2,307085.37,7,3,1,1
ACCT100004160,CUST0006523,current,ACTIVE,2017-08-24,1218.63,USD,1,25320.3,4,1,0,1
ACCT100004161,CUST0004804,SAVINGS,ACTIVE,2020-08-16,6556.34,INR,1,14514.03,4,1,0,1
ACCT100004162,CUST0006611,SALARY,ACTIVE,2019-07-30,22468.41,INR,3,8817.15,1,1,0,1
ACCT100004163,CUST0003605,current,ACTIVE,2020-05-05,48879.71,INR,3,102063.76,5,1,1,1
ACCT100004164,CUST0000006,CURRENT,ACTIVE,2019-08-26,56618.81,INR,2,50655.92,1,1,0,1
ACCT100004165,CUST0005463,SAVINGS,ACTIVE,2012-02-16,4635.27,INR,1,5521.92,3,1,1,0
ACCT100004166,CUST0007660,NRE,ACTIVE,2021-08-04,144981.49,INR,1,448280.5,5,1,1,1
ACCT100004167,CUST0003687,SAVINGS,ACTIVE,2019-10-26,9286.94,INR,1,16639.23,5,2,1,0
ACCT100004168,CUST0003399,SAVINGS,ACTIVE,2021-08-01,334887.57,INR,1,56291.38,2,3,1,1
ACCT100004169,CUST0000109,SAVINGS,ACTIVE,2013-03-07,50105.8,SGD,3,16137.24,3,2,1,0
ACCT100004170,CUST0007716,SAVINGS,ACTIVE,2017-10-22,17943.36,USD,1,3886.69,5,1,1,1
ACCT100004171,CUST0007399,NRO,ACTIVE,2015-02-18,68436.55,INR,1,124147.8,6,1,1,1
ACCT100004172,CUST0000783,NRE,ACTIVE,2014-09-03,47967.13,INR,3,46185.68,5,2,1,1
ACCT100004173,CUST0003337,SAVINGS,ACTIVE,2019-03-15,4380.19,SGD,1,68943.18,3,3,1,1
ACCT100004174,CUST0007727,SAVINGS,ACTIVE,2012-08-14,29383.37,AED,1,21909.15,5,1,0,1
ACCT100004175,CUST0007254,CURRENT,ACTIVE,2015-11-21,57787.05,INR,1,24363.4,4,1,0,1
ACCT100004176,CUST0003467,CURRENT,ACTIVE,2013-07-30,131200.16,INR,1,12385.63,1,3,0,1
ACCT100004177,CUST0005137,CURRENT,ACTIVE,2012-11-30,11070.6,INR,1,80832.68,5,3,0,1
ACCT100004178,CUST0004425,NRO,ACTIVE,2014-01-25,142925.78,INR,1,137707.91,7,2,1,1
ACCT100004179,CUST0001826,SAVINGS,ACTIVE,2016-10-09,39115.33,INR,2,16849.17,2,2,0,0
ACCT100004180,CUST0003374,TRUST,ACTIVE,2021-05-16,147811.61,INR,2,76632.14,10,1,0,1
ACCT100004181,CUST0006483,SALARY,ACTIVE,2020-02-06,38111.45,INR,3,2215.65,1,1,1,1
ACCT100004182,CUST0005864,TRUST,DORMANT,2017-09-20,80875.37,INR,1,75061.93,9,1,1,1
ACCT100004183,CUST0003422,SALARY,ACTIVE,2016-05-23,2624.24,SGD,1,28820.53,2,2,1,0
ACCT100004184,CUST0000470,SAVINGS,ACTIVE,2019-06-22,42776.97,INR,2,45863.53,2,1,1,1
ACCT100004185,CUST0001754,SALARY,ACTIVE,2014-09-29,6459.68,INR,1,8917.1,1,3,1,0
ACCT100004186,CUST0001822,TRUST,ACTIVE,2018-08-11,2518748.97,AED,2,98717.04,10,1,1,1
ACCT100004187,CUST0004748,CURRENT,ACTIVE,2015-05-14,29573.49,INR,1,48986.27,2,1,1,1
ACCT100004188,CUST0000100,NRO,ACTIVE,2018-01-29,1606776.76,GBP,3,199067.24,7,1,1,1
ACCT100004189,CUST0001287,SHELL,ACTIVE,2018-02-24,357998.32,AED,1,24031.69,8,1,1,1
ACCT100004190,CUST0000886,CURRENT,ACTIVE,2019-02-07,106565.16,USD,1,151517.46,5,1,1,1
ACCT100004191,CUST0007145,CURRENT,ACTIVE,2021-06-26,79662.47,INR,1,94183.13,2,1,1,0
ACCT100004192,CUST0005781,SAVINGS,ACTIVE,2018-06-18,15459.94,GBP,1,58181.11,1,2,1,1
ACCT100004193,CUST0006747,TRUST,ACTIVE,2021-10-23,412370.19,INR,1,248139.6,9,3,1,0
ACCT100004194,CUST0002994,SALARY,ACTIVE,2012-06-19,2225.75,AED,1,616.91,4,3,1,1
ACCT100004195,CUST0005121,NRE,ACTIVE,2019-08-22,703625.07,AED,1,979669.66,4,1,1,1
ACCT100004196,CUST0004686,SAVINGS,ACTIVE,2017-12-25,899.23,USD,1,9914.35,2,1,1,1
ACCT100004197,CUST0004913,CURRENT,ACTIVE,2015-12-26,9459.84,AED,1,17665.25,1,3,0,1
ACCT100004198,CUST0003266,SALARY,ACTIVE,2017-07-12,12667.03,INR,1,121670.14,3,4,1,1
ACCT100004199,CUST0006487,SALARY,ACTIVE,2019-09-03,608.72,AED,1,14263.49,3,1,0,1
ACCT100004200,CUST0004762,SALARY,ACTIVE,2013-08-05,47793.99,USD,2,7174.3,4,4,1,1
ACCT100004201,CUST0000921,SALARY,ACTIVE,2017-10-07,4462.39,GBP,1,4515.97,3,1,1,1
ACCT100004202,CUST0000719,SALARY,BLOCKED,2015-09-13,6057.55,INR,1,3225.3,1,2,1,0
ACCT100004203,CUST0005021,savings,ACTIVE,2013-10-20,102594.72,INR,1,4024.78,5,4,0,1
ACCT100004204,CUST0005684,CURRENT,ACTIVE,2019-08-01,199110.01,GBP,1,23875.94,3,1,1,1
ACCT100004205,CUST0005631,NRO,ACTIVE,2014-10-15,194956.42,INR,2,25614.75,7,2,1,1
ACCT100004206,CUST0000505,SAVINGS,ACTIVE,2012-03-09,32452.17,INR,2,8459.96,5,4,1,1
ACCT100004207,CUST0007104,SAVINGS,ACTIVE,2019-03-04,271931.08,USD,1,21840.45,4,3,1,1
ACCT100004208,CUST0007068,current,ACTIVE,2017-01-18,665371.14,INR,1,22845.95,1,2,1,1
ACCT100004209,CUST0004263,SAVINGS,ACTIVE,2019-10-04,669.47,AED,1,47314.51,3,2,0,0
ACCT100004210,CUST0001776,CURRENT,ACTIVE,2015-05-06,106896.85,INR,1,6925.1,2,3,0,1
ACCT100004211,CUST0007492,CURRENT,ACTIVE,2020-03-11,75722.22,INR,1,84549.81,4,1,0,1
ACCT100004212,CUST0005342,NRE,DORMANT,2017-08-15,24804.01,USD,1,13977.59,7,1,1,1
ACCT100004213,CUST0001775,shell,ACTIVE,2018-12-18,217384.26,INR,1,158052.57,10,3,0,1
ACCT100004214,CUST0000317,SAVINGS,ACTIVE,2018-05-27,294135.8,USD,1,9396.13,2,4,1,1
ACCT100004215,CUST0004490,SAVINGS,BLOCKED,2019-02-27,13887.54,USD,1,9390.83,5,1,1,1
ACCT100004216,CUST0002538,NRO,ACTIVE,2017-08-01,153603.84,INR,1,159482.4,5,1,1,1
ACCT100004217,CUST0002570,NRO,ACTIVE,2021-06-06,125856.25,INR,1,12996.69,4,1,0,1
ACCT100004218,CUST0003321,TRUST,ACTIVE,2012-05-16,162364.34,USD,1,177884.03,9,3,1,1
ACCT100004219,CUST0003414,NRE,CLOSED,2019-07-10,445326.73,AED,2,51177.68,7,1,1,1
ACCT100004220,CUST0004560,CURRENT,ACTIVE,2015-05-22,1214354.09,AED,1,186870.94,1,4,0,1
ACCT100004221,CUST0007399,SALARY,ACTIVE,2015-07-01,13126.39,INR,1,7901.66,2,4,1,1
ACCT100004222,CUST0000766,CURRENT,ACTIVE,2014-07-11,57772.41,AED,2,62473.45,4,2,1,1
ACCT100004223,CUST0004347,SAVINGS,DORMANT,2017-09-17,30168.38,INR,1,69199.96,2,1,1,1
ACCT100004224,CUST0006568,CURRENT,DORMANT,2021-04-30,22427.6,AED,2,50803.07,5,4,1,0
ACCT100004225,CUST0001843,NRO,DORMANT,2020-10-17,105098.23,INR,1,52550.5,4,2,0,1
ACCT100004226,CUST0002219,SAVINGS,ACTIVE,2018-10-08,22347.76,INR,1,13791.37,2,1,0,0
ACCT100004227,CUST0007975,SAVINGS,DORMANT,2018-12-06,4968.76,INR,1,2583.16,3,1,1,1
ACCT100004228,CUST0001630,SAVINGS,ACTIVE,2014-06-21,11562.6,INR,1,12773.1,2,1,0,1
ACCT100004229,CUST0006157,SAVINGS,ACTIVE,2014-03-29,48712.73,USD,1,33570.7,5,1,1,1
ACCT100004230,CUST0005883,SAVINGS,ACTIVE,2012-06-19,1300.88,INR,2,2206.17,2,2,1,1
ACCT100004231,CUST0001578,CURRENT,ACTIVE,2017-12-01,92050.41,INR,2,37621.8,5,2,1,0
ACCT100004232,CUST0005914,NRE,ACTIVE,2021-06-08,3055.93,USD,1,276735.09,7,1,1,1
ACCT100004233,CUST0003643,SAVINGS,ACTIVE,2019-03-27,5915.7,INR,1,11761.88,1,1,1,0
ACCT100004234,CUST0004026,CURRENT,ACTIVE,2017-07-07,741305.98,INR,1,7593.57,2,1,0,1
ACCT100004235,CUST0006815,NRE,DORMANT,2018-03-24,706224.15,INR,1,130409.3,6,2,1,1
ACCT100004236,CUST0003431,TRUST,ACTIVE,2021-01-14,237099.04,SGD,1,26389.4,7,5,0,1
ACCT100004237,CUST0001307,SAVINGS,ACTIVE,2014-01-15,3087.0,INR,1,7244.87,5,2,1,0
ACCT100004238,CUST0004286,SALARY,ACTIVE,2020-02-02,34924.06,SGD,1,7630.43,1,5,1,0
ACCT100004239,CUST0006969,SALARY,ACTIVE,2016-04-16,1178.3,INR,1,1991.28,4,1,1,1
ACCT100004240,CUST0002436,TRUST,DORMANT,2018-11-14,325056.64,USD,3,171453.83,7,3,0,1
ACCT100004241,CUST0002544,SAVINGS,ACTIVE,2012-02-21,28044.73,AED,1,56785.6,1,1,1,1
ACCT100004242,CUST0003788,NRE,ACTIVE,2018-08-26,79927.92,INR,1,273134.67,5,3,1,1
ACCT100004243,CUST0001588,SALARY,ACTIVE,2015-07-03,4350.74,INR,2,40689.23,4,2,1,1
ACCT100004244,CUST0004963,SAVINGS,ACTIVE,2019-02-22,13860.41,INR,1,84421.97,5,2,0,1
ACCT100004245,CUST0006439,CURRENT,ACTIVE,2017-02-05,44511.6,INR,2,106744.77,1,1,1,1
ACCT100004246,CUST0002689,CURRENT,CLOSED,2018-07-30,1932.31,INR,1,120275.9,1,3,1,1
ACCT100004247,CUST0001552,SAVINGS,ACTIVE,2021-04-24,2084276.49,INR,2,711.37,3,2,1,1
ACCT100004248,CUST0003286,SALARY,ACTIVE,2019-01-15,24105.62,INR,1,8938.76,1,1,1,1
ACCT100004249,CUST0003629,NRO,ACTIVE,2012-07-24,696567.17,INR,2,133618.57,4,3,1,1
ACCT100004250,CUST0001508,CURRENT,ACTIVE,2019-01-01,54631.44,AED,2,61197.43,1,2,0,1
ACCT100004251,CUST0007842,SALARY,ACTIVE,2019-08-01,277024.56,INR,2,16835.54,5,2,1,1
ACCT100004252,CUST0004118,SALARY,ACTIVE,2021-01-21,18977.13,USD,1,2748.62,1,1,1,1
ACCT100004253,CUST0003963,SAVINGS,BLOCKED,2016-12-28,31209.77,INR,1,95855.57,4,3,1,0
ACCT100004254,CUST0007246,CURRENT,ACTIVE,2016-01-21,1186936.94,USD,1,364088.99,5,4,1,1
ACCT100004255,CUST0002179,NRE,ACTIVE,2013-09-12,129352.0,INR,1,72397.95,5,1,1,1
ACCT100004256,CUST0002598,NRE,ACTIVE,2019-02-18,56030.2,INR,1,66895.34,4,1,1,1
ACCT100004257,CUST0007885,CURRENT,ACTIVE,2013-01-02,386089.33,INR,1,4035.35,3,2,1,1
ACCT100004258,CUST0007682,CURRENT,ACTIVE,2013-05-24,90635.05,INR,1,3586.54,1,1,1,1
ACCT100004259,CUST0005497,TRUST,DORMANT,2015-04-15,2193453.79,INR,1,282379.62,7,2,0,0
ACCT100004260,CUST0004662,SHELL,DORMANT,2018-10-13,62803.72,INR,1,496416.2,9,1,1,0
ACCT100004261,CUST0007788,NRE,ACTIVE,2021-10-14,34805.12,USD,1,726769.25,6,1,0,1
ACCT100004262,CUST0001960,SAVINGS,ACTIVE,2012-04-12,12541.12,SGD,1,79919.91,3,1,1,1
ACCT100004263,CUST0006985,SAVINGS,ACTIVE,2015-11-08,71085.97,USD,1,176940.31,4,1,1,1
ACCT100004264,CUST0005418,NRO,ACTIVE,2017-04-20,13971.25,INR,1,843524.88,7,3,1,1
ACCT100004265,CUST0005818,SALARY,ACTIVE,2013-11-22,46937.48,INR,1,12889.06,3,1,1,1
ACCT100004266,CUST0007331,NRE,ACTIVE,2015-07-18,37624.45,INR,1,137918.3,5,2,1,1
ACCT100004267,CUST0002237,SAVINGS,ACTIVE,2016-11-28,127925.66,GBP,2,50007.91,2,1,0,0
ACCT100004268,CUST0006698,SALARY,ACTIVE,2012-09-05,15428.1,AED,1,19293.57,1,2,1,0
ACCT100004269,CUST0001691,NRO,ACTIVE,2020-04-10,285877.03,INR,2,373572.54,4,2,1,1
ACCT100004270,CUST0005140,SAVINGS,ACTIVE,2021-06-27,29669.49,USD,2,2191.83,1,2,1,1
ACCT100004271,CUST0003349,TRUST,DORMANT,2014-12-25,690113.72,AED,1,40981.12,8,1,1,0
ACCT100004272,CUST0003462,salary,ACTIVE,2016-10-06,785.49,INR,1,10450.64,2,1,1,1
ACCT100004273,CUST0001629,CURRENT,ACTIVE,2018-12-04,434036.8,INR,1,25049.15,2,1,1,1
ACCT100004274,CUST0006166,SALARY,ACTIVE,2015-08-02,4733.27,SGD,1,24954.13,3,3,1,1
ACCT100004275,CUST0007779,SALARY,DORMANT,2018-05-28,31236.33,SGD,1,57553.94,3,1,1,1
ACCT100004276,CUST0007397,salary,ACTIVE,2019-10-11,16049.74,INR,1,12821.13,3,1,0,1
ACCT100004277,CUST0004951,SALARY,ACTIVE,2019-04-29,6372.87,INR,1,19795.0,5,3,1,1
ACCT100004278,CUST0007709,SAVINGS,ACTIVE,2019-12-08,37483.33,USD,1,3860.61,4,1,1,0
ACCT100004279,CUST0005672,CURRENT,ACTIVE,2013-09-08,7242.78,INR,1,5780.87,3,2,0,1
ACCT100004280,CUST0002936,CURRENT,ACTIVE,2019-03-02,12931.95,INR,1,35198.58,4,2,1,1
ACCT100004281,CUST0003584,SAVINGS,ACTIVE,2021-06-06,5207.61,USD,1,21553.95,1,1,1,0
ACCT100004282,CUST0005147,salary,ACTIVE,2016-05-25,11908.67,GBP,3,3601.21,5,1,1,1
ACCT100004283,CUST0001935,SALARY,ACTIVE,2018-08-03,29599.04,INR,1,27742.54,1,5,1,1
ACCT100004284,CUST0002659,SHELL,ACTIVE,2015-08-09,474679.73,INR,2,1261490.82,8,1,1,1
ACCT100004285,CUST0002994,NRE,ACTIVE,2019-05-21,54402.62,INR,1,1229031.48,7,1,0,1
ACCT100004286,CUST0001883,CURRENT,ACTIVE,2017-08-28,272551.23,INR,1,42918.32,1,3,1,1
ACCT100004287,CUST0004236,NRE,ACTIVE,2017-03-31,2244641.22,INR,2,66337.38,5,1,1,1
ACCT100004288,CUST0004206,SAVINGS,ACTIVE,2013-10-18,7813.71,INR,1,6143.32,3,1,0,1
ACCT100004289,CUST0007862,CURRENT,ACTIVE,2021-02-07,16422.81,USD,1,9969.25,5,3,0,1
ACCT100004290,CUST0006400, CURRENT ,ACTIVE,2020-01-12,43358.97,USD,1,39020.74,3,1,1,1
ACCT100004291,CUST0003369,SALARY,ACTIVE,2021-06-12,19306.19,INR,3,14953.92,2,1,1,1
ACCT100004292,CUST0005704,NRE,ACTIVE,2019-11-22,60752.51,INR,2,220743.15,4,2,0,1
ACCT100004293,CUST0001203,CURRENT,CLOSED,2018-10-29,87995.89,INR,3,84933.91,3,1,1,1
ACCT100004294,CUST0004194,NRO,ACTIVE,2020-11-12,512651.92,USD,1,63580.9,5,1,1,1
ACCT100004295,CUST0002768,NRE,ACTIVE,2014-10-19,132359.39,INR,2,121387.95,6,4,1,1
ACCT100004296,CUST0002404,SAVINGS,DORMANT,2020-11-02,1299.18,INR,2,75910.56,1,1,0,1
ACCT100004297,CUST0004017,CURRENT,ACTIVE,2019-09-07,80700.43,INR,1,50430.58,2,1,1,1
ACCT100004298,CUST0005235,NRO,ACTIVE,2016-12-26,22841.87,INR,1,183704.12,6,1,1,1
ACCT100004299,CUST0006386,NRE,ACTIVE,2013-11-20,243783.02,INR,1,184202.69,7,2,1,1
ACCT100004300,CUST0003665,NRE,ACTIVE,2017-04-15,239305.81,SGD,1,87613.13,5,1,1,1
ACCT100004301,CUST0000281,SAVINGS,ACTIVE,2015-06-08,4820.12,USD,1,16688.79,1,1,1,1
ACCT100004302,CUST0004974,NRE,ACTIVE,2013-03-03,81411.68,USD,1,78561.56,6,5,1,1
ACCT100004303,CUST0002522,CURRENT,ACTIVE,2013-09-07,18860.75,USD,1,20563.77,2,2,1,1
ACCT100004304,CUST0004015,TRUST,ACTIVE,2020-10-10,1991166.34,AED,2,1139888.6,10,1,1,1
ACCT100004305,CUST0006289,CURRENT,ACTIVE,2015-02-19,19166.33,INR,1,10818.05,4,1,1,0
ACCT100004306,CUST0006566,NRO,ACTIVE,2014-01-30,136947.95,INR,2,34522.17,4,4,0,1
ACCT100004307,CUST0000486,SALARY,ACTIVE,2021-02-22,653.56,INR,1,43286.63,4,3,0,1
ACCT100004308,CUST0004862,TRUST,ACTIVE,2018-01-01,278333.92,SGD,1,175923.5,7,3,1,1
ACCT100004309,CUST0004717,SALARY,ACTIVE,2014-02-23,49976.68,INR,2,29969.57,5,1,1,0
ACCT100004310,CUST0006861,SAVINGS,ACTIVE,2015-06-22,173613.26,INR,1,9368.42,2,1,0,1
ACCT100004311,CUST0003974,SALARY,ACTIVE,2016-08-21,34525.55,INR,2,8233.71,2,3,1,0
ACCT100004312,CUST0006025,SAVINGS,BLOCKED,2018-04-19,14405.99,INR,2,12936.94,3,1,0,1
ACCT100004313,CUST0004654,NRO,ACTIVE,2014-06-13,61312.94,INR,1,71431.13,7,5,0,1
ACCT100004314,CUST0003606,SAVINGS,ACTIVE,2014-03-21,16948.19,INR,1,13819.28,4,1,1,0
ACCT100004315,CUST0002871,SAVINGS,ACTIVE,2017-08-19,5531.56,INR,1,9551.89,4,1,1,1
ACCT100004316,CUST0007683,NRE,BLOCKED,2019-02-26,172403.85,USD,1,27590.3,5,2,0,1
ACCT100004317,CUST0002394,CURRENT,ACTIVE,2017-07-15,48257.86,INR,1,13907.28,1,3,0,0
ACCT100004318,CUST0001314,SAVINGS,ACTIVE,2016-08-01,11254.2,USD,1,24106.82,1,1,1,1
ACCT100004319,CUST0007800,SHELL,ACTIVE,2016-03-02,2556803.27,AED,1,344030.79,10,2,0,1
ACCT100004320,CUST0002308,CURRENT,ACTIVE,2012-01-25,8374.65,AED,1,55901.71,1,1,1,1
ACCT100004321,CUST0006914,CURRENT,ACTIVE,2021-11-06,135074.91,USD,1,122168.55,2,3,1,1
ACCT100004322,CUST0002362,CURRENT,ACTIVE,2020-05-02,305219.99,INR,1,91096.18,3,1,1,1
ACCT100004323,CUST0004964,SAVINGS,ACTIVE,2020-12-06,11309.96,INR,1,35785.65,2,3,1,1
ACCT100004324,CUST0004237,SAVINGS,BLOCKED,2012-02-07,27814.6,USD,3,15684.23,4,1,1,1
ACCT100004325,CUST0000254,SAVINGS,ACTIVE,2019-11-01,40729.89,USD,1,3264.79,2,1,1,1
ACCT100004326,CUST0003365,SALARY,ACTIVE,2017-06-29,101263.25,INR,1,3877.71,1,2,1,1
ACCT100004327,CUST0000393,TRUST,ACTIVE,2013-11-14,74200.2,USD,2,175510.97,10,3,1,1
ACCT100004328,CUST0000136,SAVINGS,ACTIVE,2021-02-18,12561.37,INR,2,1774.07,1,1,0,1
ACCT100004329,CUST0005042,SHELL,ACTIVE,2018-03-07,1191698.97,GBP,1,1354679.32,10,1,1,1
ACCT100004330,CUST0003262,CURRENT,ACTIVE,2014-10-20,58365.0,USD,1,32094.65,3,2,1,1
ACCT100004331,CUST0006241,SALARY,ACTIVE,2016-08-07,69228.87,INR,1,12548.79,5,1,1,0
ACCT100004332,CUST0002334,SAVINGS,CLOSED,2018-06-08,2359.92,USD,2,10191.3,5,1,0,1
ACCT100004333,CUST0007777,NRO,ACTIVE,2012-03-18,173101.87,INR,2,6412.1,6,1,1,1
ACCT100004334,CUST0004689,NRO,DORMANT,2012-02-01,150955.96,SGD,1,2339.0,7,3,0,0
ACCT100004335,CUST0006780,NRE,ACTIVE,2019-06-03,80523.45,USD,1,235821.25,7,5,0,1
ACCT100004336,CUST0002275,SAVINGS,ACTIVE,2019-07-07,143998.67,USD,1,7999.32,2,2,1,1
ACCT100004337,CUST0004598,CURRENT,ACTIVE,2014-11-07,49376.66,USD,1,75174.24,1,1,0,0
ACCT100004338,CUST0001432,TRUST,ACTIVE,2012-11-08,300799.45,INR,1,151337.89,10,1,1,1
ACCT100004339,CUST0000621,CURRENT,ACTIVE,2021-02-24,1959.16,USD,1,107884.36,4,3,0,1
ACCT100004340,CUST0003760,CURRENT,ACTIVE,2019-04-16,434014.68,USD,1,168921.14,3,1,1,0
ACCT100004341,CUST0001046,SAVINGS,ACTIVE,2013-04-07,8705.48,INR,1,19960.03,3,1,1,1
ACCT100004342,CUST0006468,SAVINGS,ACTIVE,2013-10-23,19465.19,USD,1,6193.31,2,1,1,1
ACCT100004343,CUST0002227,CURRENT,ACTIVE,2013-07-29,32490.63,INR,1,174261.79,5,1,1,1
ACCT100004344,CUST0006902,CURRENT,ACTIVE,2012-10-25,113692.0,INR,2,39198.81,1,1,1,1
ACCT100004345,CUST0001225,NRE,ACTIVE,2016-05-29,116759.6,INR,1,235350.72,5,3,1,1
ACCT100004346,CUST0004030,nro,ACTIVE,2015-01-14,64609.43,INR,1,22056.15,5,3,1,0
ACCT100004347,CUST0004724,CURRENT,DORMANT,2013-11-21,381036.19,GBP,2,19518.16,3,1,0,1
ACCT100004348,CUST0001987,NRE,ACTIVE,2013-03-29,333943.21,INR,3,114212.95,4,1,1,1
ACCT100004349,CUST0003472,CURRENT,ACTIVE,2014-01-31,98386.11,AED,2,151455.13,1,1,1,0
ACCT100004350,CUST0000565,SHELL,DORMANT,2021-08-18,171495.03,USD,1,192491.27,10,2,1,1
ACCT100004351,CUST0003750,TRUST,ACTIVE,2016-05-29,655321.18,USD,1,108058.06,7,1,1,1
ACCT100004352,CUST0004784,SALARY,ACTIVE,2017-09-24,3680.92,INR,1,38460.04,4,1,1,1
ACCT100004353,CUST0004283,SAVINGS,ACTIVE,2015-08-10,54049.64,INR,1,2489.79,2,2,1,1
ACCT100004354,CUST0001799,TRUST,ACTIVE,2018-05-06,611625.71,INR,1,687868.84,9,1,0,1
ACCT100004355,CUST0005588,SAVINGS,BLOCKED,2015-06-06,7574.32,USD,1,60405.69,4,3,0,1
ACCT100004356,CUST0004397,NRE,ACTIVE,2014-04-17,217935.2,INR,1,109412.71,4,5,0,1
ACCT100004357,CUST0002493,CURRENT,ACTIVE,2014-03-21,93555.44,AED,3,138098.09,5,1,1,0
ACCT100004358,CUST0006226,SALARY,ACTIVE,2015-11-13,48992.39,USD,2,17002.38,3,1,1,1
ACCT100004359,CUST0003296,NRO,ACTIVE,2015-02-03,72217.39,INR,1,100381.74,5,1,1,1
ACCT100004360,CUST0007243,NRE,ACTIVE,2014-10-17,721727.75,INR,2,239594.68,6,2,1,1
ACCT100004361,CUST0001118,SAVINGS,ACTIVE,2019-12-23,213676.69,INR,1,25253.84,4,1,0,1
ACCT100004362,CUST0006616,CURRENT,ACTIVE,2019-11-20,195353.5,INR,1,29106.94,5,1,1,1
ACCT100004363,CUST0006555,SHELL,ACTIVE,2013-09-29,346725.32,INR,1,584190.87,9,1,0,1
ACCT100004364,CUST0007199,CURRENT,ACTIVE,2017-07-27,216360.5,INR,3,67020.0,2,3,0,0
ACCT100004365,CUST0007366,nre,ACTIVE,2017-10-17,951006.39,USD,1,29213.37,6,4,1,1
ACCT100004366,CUST0001243,SALARY,ACTIVE,2021-05-25,50795.24,SGD,1,4280.17,3,1,1,1
ACCT100004367,CUST0006735,TRUST,DORMANT,2020-09-24,63084.35,USD,1,1281339.77,9,1,1,1
ACCT100004368,CUST0004665,TRUST,DORMANT,2015-08-11,18937.59,INR,1,444247.05,8,2,0,1
ACCT100004369,CUST0000525,CURRENT,ACTIVE,2020-05-20,3039.77,INR,1,23449.61,4,2,1,1
ACCT100004370,CUST0006840,savings,ACTIVE,2014-05-31,1702.98,USD,2,35142.66,3,5,1,1
ACCT100004371,CUST0007943,CURRENT,ACTIVE,2015-02-15,19777.9,INR,1,169927.87,3,1,1,1
ACCT100004372,CUST0000512,SAVINGS,ACTIVE,2012-04-24,17548.26,INR,1,1733.46,3,1,1,1
ACCT100004373,CUST0002727,SALARY,ACTIVE,2014-06-10,774.03,INR,1,1465.4,4,3,1,1
ACCT100004374,CUST0000096,CURRENT,ACTIVE,2014-02-12,81535.0,AED,2,26388.65,3,3,1,1
ACCT100004375,CUST0007475,NRO,ACTIVE,2018-08-26,90624.62,USD,1,91193.58,4,4,1,1
ACCT100004376,CUST0001918,current,ACTIVE,2021-05-23,83052.47,INR,1,16622.14,3,4,1,0
ACCT100004377,CUST0006996,SHELL,ACTIVE,2015-12-04,3853907.88,USD,1,4018139.94,10,2,0,1
ACCT100004378,CUST0001996,SALARY,ACTIVE,2017-11-29,20352.61,SGD,3,1373.37,4,1,1,0
ACCT100004379,CUST0002415,CURRENT,ACTIVE,2012-10-02,28515.17,INR,1,119105.85,3,1,1,0
ACCT100004380,CUST0003072,SALARY,ACTIVE,2018-02-08,2346.87,INR,1,19565.75,4,2,0,1
ACCT100004381,CUST0005202,CURRENT,ACTIVE,2019-08-04,40437.76,INR,1,12483.32,1,1,0,1
ACCT100004382,CUST0004221,CURRENT,ACTIVE,2018-08-20,2636.83,AED,2,29055.38,4,4,0,1
ACCT100004383,CUST0001593,CURRENT,ACTIVE,2017-08-16,106355.9,INR,1,85851.72,5,3,1,0
ACCT100004384,CUST0005119,NRE,ACTIVE,2013-10-27,997350.33,INR,1,1505862.83,6,1,1,1
ACCT100004385,CUST0005806,CURRENT,ACTIVE,2016-10-16,35310.67,INR,1,16626.43,2,2,1,1
ACCT100004386,CUST0000014,TRUST,ACTIVE,2016-09-12,214145.1,INR,2,151935.69,9,2,0,1
ACCT100004387,CUST0000056,SAVINGS,DORMANT,2013-07-06,9815.42,SGD,1,9653.65,1,2,0,0
ACCT100004388,CUST0004498,CURRENT,ACTIVE,2018-06-10,25321.26,INR,1,18977.49,2,2,1,0
ACCT100004389,CUST0001915,SALARY,ACTIVE,2017-09-05,15107.09,USD,1,15475.55,2,1,0,1
ACCT100004390,CUST0002005,SALARY,ACTIVE,2016-07-27,67317.5,INR,1,21169.19,5,3,1,0
ACCT100004391,CUST0000097,SAVINGS,ACTIVE,2018-12-07,253012.1,AED,1,74615.18,5,1,0,1
ACCT100004392,CUST0004847,NRE,ACTIVE,2019-05-20,1169386.26,INR,1,31705.83,4,5,1,1
ACCT100004393,CUST0006710,SALARY,ACTIVE,2018-07-03,13055.14,AED,1,13696.47,4,2,1,1
ACCT100004394,CUST0001333,SALARY,ACTIVE,2021-01-20,60713.7,INR,1,4984.61,1,2,1,0
ACCT100004395,CUST0005035,NRO,ACTIVE,2016-10-06,78377.79,USD,1,13729.98,7,3,1,1
ACCT100004396,CUST0005214,NRE,ACTIVE,2019-01-30,86158.79,INR,1,8725.97,4,2,1,0
ACCT100004397,CUST0005138,CURRENT,DORMANT,2012-01-27,212392.54,AED,1,140189.19,1,1,0,1
ACCT100004398,CUST0004483,CURRENT,ACTIVE,2016-05-22,234149.09,INR,2,58945.92,1,2,1,1
ACCT100004399,CUST0007604,NRO,CLOSED,2021-01-27,110035.2,AED,1,7803.39,6,1,1,1
ACCT100004400,CUST0007328,SAVINGS,ACTIVE,2019-01-21,10915.44,INR,1,7084.63,1,1,1,1
ACCT100004401,CUST0004482,CURRENT,ACTIVE,2017-04-24,13512.54,USD,1,177702.69,1,1,1,1
ACCT100004402,CUST0004468,CURRENT,ACTIVE,2015-11-03,14234.82,INR,3,170330.55,2,1,1,1
ACCT100004403,CUST0006283,SAVINGS,ACTIVE,2014-06-09,8411.2,GBP,1,122279.55,3,2,1,1
ACCT100004404,CUST0004610,CURRENT,ACTIVE,2013-03-06,53567.87,USD,2,107419.37,2,1,0,1
ACCT100004405,CUST0004959,NRE,ACTIVE,2017-10-04,39613.05,SGD,1,443850.87,6,2,1,1
ACCT100004406,CUST0004579, CURRENT ,ACTIVE,2017-01-06,15216.53,INR,1,129369.81,1,3,0,1
ACCT100004407,CUST0007581,SAVINGS,ACTIVE,2014-11-24,7378.36,INR,3,6990.88,4,3,1,1
ACCT100004408,CUST0007389,NRO,ACTIVE,2019-07-22,82660.99,SGD,2,86207.65,4,1,1,1
ACCT100004409,CUST0000097,SAVINGS,ACTIVE,2014-03-20,3733.13,INR,3,5662.82,1,2,1,1
ACCT100004410,CUST0004995,CURRENT,DORMANT,2020-12-02,21832.9,AED,1,49840.86,3,2,0,1
ACCT100004411,CUST0000316,SAVINGS,ACTIVE,2014-09-22,35797.86,AED,1,14666.91,2,4,1,1
ACCT100004412,CUST0005944,CURRENT,ACTIVE,2014-12-30,24106.38,INR,2,97443.5,5,3,0,0
ACCT100004413,CUST0001153,CURRENT,ACTIVE,2015-11-25,47508.63,INR,1,8685.82,3,1,1,1
ACCT100004414,CUST0000762,SAVINGS,BLOCKED,2012-08-04,19810.32,GBP,1,19502.35,1,1,1,1
ACCT100004415,CUST0003596,TRUST,ACTIVE,2021-10-26,416897.73,INR,1,550247.74,7,2,1,1
ACCT100004416,CUST0004208,SALARY,ACTIVE,2017-07-23,7882.63,INR,3,86033.24,4,1,1,1
ACCT100004417,CUST0000133,NRO,ACTIVE,2013-10-15,44932.73,INR,2,302483.04,4,3,0,1
ACCT100004418,CUST0000750, CURRENT ,ACTIVE,2018-06-19,170213.97,AED,1,25008.27,5,1,1,1
ACCT100004419,CUST0003790,CURRENT,ACTIVE,2015-06-21,2199.88,INR,1,40825.46,2,5,1,1
ACCT100004420,CUST0001204,TRUST,DORMANT,2019-08-13,116839.59,USD,2,66387.01,9,3,1,1
ACCT100004421,CUST0003564,CURRENT,BLOCKED,2014-02-17,187588.8,AED,1,3484.12,4,2,1,1
ACCT100004422,CUST0002031,SAVINGS,ACTIVE,2016-09-22,2638.68,INR,3,21656.99,2,2,1,1
ACCT100004423,CUST0002529,SALARY,ACTIVE,2014-08-09,6839.93,USD,1,367.45,3,1,1,1
ACCT100004424,CUST0005959,SAVINGS,ACTIVE,2015-05-02,542971.01,INR,1,27718.31,2,1,1,1
ACCT100004425,CUST0004011,TRUST,DORMANT,2018-10-16,1111326.05,INR,1,105540.12,9,1,1,0
ACCT100004426,CUST0000741,SAVINGS,ACTIVE,2012-06-05,36465.17,INR,1,2036.29,3,1,1,1
ACCT100004427,CUST0000314,NRO,BLOCKED,2015-06-18,90884.03,INR,1,128082.3,6,1,0,1
ACCT100004428,CUST0003230,SAVINGS,ACTIVE,2020-12-06,44143.71,INR,1,3909.3,3,1,1,1
ACCT100004429,CUST0006674,SAVINGS,ACTIVE,2012-05-04,109707.43,AED,1,24126.72,5,1,0,1
ACCT100004430,CUST0001573,SAVINGS,ACTIVE,2016-03-12,54853.39,INR,1,5824.17,5,2,0,0
ACCT100004431,CUST0007826,CURRENT,DORMANT,2018-05-25,347018.09,USD,2,39353.85,2,2,1,1
ACCT100004432,CUST0002212,SAVINGS,ACTIVE,2020-10-13,17163.32,INR,2,2819.62,2,1,1,1
ACCT100004433,CUST0002615,CURRENT,ACTIVE,2017-05-03,27787.04,AED,1,28441.2,5,3,1,1
ACCT100004434,CUST0004938,CURRENT,ACTIVE,2017-06-21,8090.87,INR,1,269472.03,4,1,1,1
ACCT100004435,CUST0005432,SALARY,DORMANT,2014-05-29,22895.07,SGD,1,7595.16,2,1,1,1
ACCT100004436,CUST0000572,salary,ACTIVE,2018-06-30,23941.43,INR,2,2658.96,5,1,1,1
ACCT100004437,CUST0003166,SALARY,ACTIVE,2012-12-07,5463.12,INR,1,21598.36,3,1,0,1
ACCT100004438,CUST0006734,CURRENT,ACTIVE,2013-09-08,45494.66,INR,2,60570.32,4,1,1,1
ACCT100004439,CUST0006485,NRO,ACTIVE,2014-12-12,10123.0,INR,1,93064.82,4,3,1,0
ACCT100004440,CUST0006359,CURRENT,BLOCKED,2015-10-05,8392.02,INR,2,11660.83,5,2,0,1
ACCT100004441,CUST0005679,CURRENT,ACTIVE,2015-08-30,28796.9,INR,1,31890.74,3,1,1,1
ACCT100004442,CUST0004245,SAVINGS,ACTIVE,2018-09-03,10602.66,SGD,3,9565.96,4,3,0,1
ACCT100004443,CUST0002976,SHELL,ACTIVE,2015-10-14,187764.64,INR,1,393974.77,8,1,1,0
ACCT100004444,CUST0005278,CURRENT,DORMANT,2018-06-05,3770.81,SGD,1,9345.51,5,1,1,1
ACCT100004445,CUST0003936,NRO,DORMANT,2021-06-01,203897.14,INR,1,84294.71,5,2,1,1
ACCT100004446,CUST0002985,NRO,ACTIVE,2021-04-21,1165745.98,INR,1,550835.46,7,2,1,1
ACCT100004447,CUST0002106,SAVINGS,CLOSED,2018-05-03,92472.71,INR,3,5225.39,5,2,1,1
ACCT100004448,CUST0000190,current,ACTIVE,2020-12-16,66741.96,AED,1,57713.68,4,3,1,1
ACCT100004449,CUST0007081,SALARY,ACTIVE,2012-10-18,8273.89,INR,1,3579.97,2,2,0,1
ACCT100004450,CUST0005708,NRE,ACTIVE,2021-10-10,575157.87,AED,1,1713781.52,7,1,1,0
ACCT100004451,CUST0006008, SAVINGS ,ACTIVE,2020-12-22,27109.07,SGD,1,20163.71,2,1,1,1
ACCT100004452,CUST0000402,NRE,ACTIVE,2014-04-07,281188.97,SGD,1,88165.2,7,3,0,1
ACCT100004453,CUST0006566,SAVINGS,ACTIVE,2014-03-22,1280.19,SGD,3,4687.76,2,2,1,1
ACCT100004454,CUST0005679,CURRENT,ACTIVE,2012-05-06,234946.87,SGD,1,18356.65,2,1,1,1
ACCT100004455,CUST0000406,NRO,ACTIVE,2016-10-27,52041.79,INR,1,9457.97,7,1,1,1
ACCT100004456,CUST0003117,SAVINGS,ACTIVE,2019-09-09,20343.31,USD,1,29505.29,4,2,1,1
ACCT100004457,CUST0002103,SAVINGS,ACTIVE,2017-06-06,5110.72,INR,1,2269.96,3,3,1,1
ACCT100004458,CUST0000423,SAVINGS,ACTIVE,2015-06-09,43825.02,INR,1,13032.01,1,3,1,1
ACCT100004459,CUST0002156,SAVINGS,ACTIVE,2015-12-14,7842.12,INR,1,20565.61,5,2,1,1
ACCT100004460,CUST0001988,CURRENT,CLOSED,2016-01-22,3672195.01,INR,1,63171.23,3,1,0,1
ACCT100004461,CUST0002042,NRO,ACTIVE,2013-08-26,41798.82,AED,1,43286.47,6,1,0,1
ACCT100004462,CUST0004008,SALARY,ACTIVE,2021-07-06,4622.22,GBP,3,3439.11,1,1,1,1
ACCT100004463,CUST0001482,NRE,ACTIVE,2021-05-18,588856.83,INR,1,36582.64,5,1,1,1
ACCT100004464,CUST0005597,SAVINGS,ACTIVE,2019-03-17,36738.21,INR,1,49499.19,1,1,1,1
ACCT100004465,CUST0005995,CURRENT,ACTIVE,2018-09-14,749998.45,INR,2,84828.76,2,1,1,1
ACCT100004466,CUST0006160,CURRENT,ACTIVE,2012-08-03,66235.13,INR,2,56639.22,1,1,1,1
ACCT100004467,CUST0005474,current,ACTIVE,2015-11-28,1118470.63,INR,1,96427.56,1,1,0,0
ACCT100004468,CUST0002878,NRE,ACTIVE,2014-05-06,319426.09,SGD,2,111409.25,7,1,0,1
ACCT100004469,CUST0005587,SHELL,ACTIVE,2021-04-17,900617.65,INR,1,879293.84,9,3,1,1
ACCT100004470,CUST0002506,NRE,ACTIVE,2019-08-03,62854.51,INR,1,526546.4,6,1,0,1
ACCT100004471,CUST0000204,TRUST,ACTIVE,2020-01-06,602999.67,AED,1,545540.03,9,2,1,0
ACCT100004472,CUST0002952,SHELL,DORMANT,2015-06-04,35018.0,INR,1,1666506.26,9,1,0,1
ACCT100004473,CUST0006095, CURRENT ,DORMANT,2020-01-26,60702.88,USD,1,119335.99,4,1,1,1
ACCT100004474,CUST0000419,SALARY,DORMANT,2018-07-31,2195.94,SGD,1,3411.84,2,3,1,0
ACCT100004475,CUST0001440,NRE,ACTIVE,2018-01-29,32174.77,AED,1,1004004.77,5,1,1,1
ACCT100004476,CUST0000601,SALARY,ACTIVE,2019-04-30,27701.36,AED,2,491.33,3,1,0,0
ACCT100004477,CUST0007914,SALARY,ACTIVE,2014-12-10,7882.65,INR,2,14774.88,2,1,0,1
ACCT100004478,CUST0007340,CURRENT,ACTIVE,2017-05-03,14732.4,INR,1,30848.69,4,5,1,0
ACCT100004479,CUST0001616,CURRENT,ACTIVE,2013-07-12,1148025.84,INR,1,15196.61,2,1,1,1
ACCT100004480,CUST0004329,CURRENT,ACTIVE,2017-03-17,17337.2,INR,1,4961.86,2,5,1,1
ACCT100004481,CUST0006130, SAVINGS ,ACTIVE,2014-01-15,13518.03,INR,1,6657.14,4,1,1,1
ACCT100004482,CUST0007387,CURRENT,DORMANT,2014-09-18,6806.44,INR,1,36562.0,3,2,0,1
ACCT100004483,CUST0001019,CURRENT,ACTIVE,2013-02-01,38310.61,INR,1,163749.49,4,1,1,1
ACCT100004484,CUST0007828,SAVINGS,ACTIVE,2014-05-23,53172.33,INR,1,3254.14,3,2,1,1
ACCT100004485,CUST0005869,CURRENT,ACTIVE,2013-02-27,80896.37,GBP,1,4940.42,2,1,1,1
ACCT100004486,CUST0005176,SALARY,ACTIVE,2014-12-08,6984.03,INR,1,5391.86,3,1,0,1
ACCT100004487,CUST0000851,savings,ACTIVE,2013-03-07,274567.27,AED,1,22667.81,2,1,0,1
ACCT100004488,CUST0003665,CURRENT,ACTIVE,2016-01-03,9225.12,INR,1,70324.61,4,1,0,1
ACCT100004489,CUST0000863,SAVINGS,DORMANT,2013-05-27,25003.82,INR,1,6062.96,2,2,1,1
ACCT100004490,CUST0004744,NRO,ACTIVE,2016-01-16,374307.32,SGD,1,200601.57,5,2,0,1
ACCT100004491,CUST0004019,CURRENT,ACTIVE,2013-05-14,92956.5,AED,1,72129.54,4,3,1,1
ACCT100004492,CUST0002932,SAVINGS,ACTIVE,2014-08-05,70801.44,INR,2,1988.85,1,1,1,1
ACCT100004493,CUST0002817, CURRENT ,ACTIVE,2018-09-29,36947.74,INR,1,62267.86,1,2,0,1
ACCT100004494,CUST0001116,SALARY,CLOSED,2021-09-19,84192.74,USD,1,9551.49,1,2,1,1
ACCT100004495,CUST0005291,CURRENT,ACTIVE,2020-03-18,51246.9,INR,2,33990.36,2,1,1,1
ACCT100004496,CUST0002933,salary,ACTIVE,2015-06-16,20187.66,USD,1,12572.75,1,2,0,1
ACCT100004497,CUST0000369,SALARY,ACTIVE,2017-12-31,2551.71,INR,1,6690.11,4,5,0,0
ACCT100004498,CUST0007258, SALARY ,ACTIVE,2012-05-13,27501.19,INR,2,2316.03,5,1,1,1
ACCT100004499,CUST0000577,TRUST,ACTIVE,2015-02-04,80168.74,INR,1,497956.82,9,1,1,1
ACCT100004500,CUST0007804,SALARY,ACTIVE,2014-05-17,305.74,INR,1,4659.45,5,1,1,1
ACCT100004501,CUST0007227,SAVINGS,ACTIVE,2020-08-30,35124.35,INR,2,20269.85,3,1,1,1
ACCT100004502,CUST0000477,CURRENT,ACTIVE,2015-08-28,122189.15,AED,1,259027.42,2,3,1,1
ACCT100004503,CUST0004393,SAVINGS,ACTIVE,2018-10-30,128331.18,USD,1,4361.33,3,2,1,1
ACCT100004504,CUST0005081,SAVINGS,ACTIVE,2020-11-20,21649.99,AED,1,39481.29,2,1,1,1
ACCT100004505,CUST0003809,SALARY,ACTIVE,2015-08-02,25783.98,USD,1,30729.7,1,1,1,1
ACCT100004506,CUST0005514,SAVINGS,ACTIVE,2012-05-22,80070.4,INR,1,16786.41,2,2,1,1
ACCT100004507,CUST0007651,NRE,ACTIVE,2018-10-25,62413.63,AED,1,33111.43,6,2,1,1
ACCT100004508,CUST0006565,CURRENT,ACTIVE,2016-02-16,8519.22,USD,1,54230.88,2,5,1,1
ACCT100004509,CUST0007057,CURRENT,ACTIVE,2016-09-12,35661.74,SGD,1,41320.36,5,3,1,0
ACCT100004510,CUST0004980,NRO,ACTIVE,2014-12-11,21069.15,INR,1,10496.5,7,2,1,1
ACCT100004511,CUST0006158,NRO,ACTIVE,2014-03-15,537396.27,USD,1,4393.98,7,2,1,1
ACCT100004512,CUST0007252,SAVINGS,ACTIVE,2019-08-16,6197.48,INR,1,79778.9,5,1,1,1
ACCT100004513,CUST0006672,NRE,ACTIVE,2018-12-29,121129.27,INR,1,36837.98,4,1,0,0
ACCT100004514,CUST0006020,SALARY,ACTIVE,2013-07-17,90270.29,SGD,2,7628.44,4,2,0,1
ACCT100004515,CUST0000018,CURRENT,ACTIVE,2013-05-10,242374.77,USD,2,30900.59,5,1,0,1
ACCT100004516,CUST0006381,SAVINGS,ACTIVE,2018-01-23,16930.21,INR,1,1473.35,1,4,1,1
ACCT100004517,CUST0005543,NRE,ACTIVE,2016-10-09,506326.71,INR,2,161255.04,7,3,1,1
ACCT100004518,CUST0002052,NRO,ACTIVE,2013-05-03,105393.69,INR,2,32069.66,5,4,1,1
ACCT100004519,CUST0007386,SALARY,ACTIVE,2019-02-13,8745.04,INR,2,6989.9,1,1,1,0
ACCT100004520,CUST0002701,SAVINGS,DORMANT,2021-09-09,103443.17,INR,1,1020.92,2,3,1,1
ACCT100004521,CUST0002102,SAVINGS,DORMANT,2018-09-01,34972.67,USD,3,7793.98,1,1,0,1
ACCT100004522,CUST0002777,CURRENT,ACTIVE,2018-06-29,68955.35,INR,1,48743.99,4,4,1,1
ACCT100004523,CUST0001301,SAVINGS,ACTIVE,2012-06-24,11331.11,INR,1,4700.71,5,3,1,1
ACCT100004524,CUST0002445,CURRENT,ACTIVE,2019-07-03,11425.23,SGD,1,62860.77,5,2,1,0
ACCT100004525,CUST0005973,CURRENT,ACTIVE,2012-05-20,44579.66,GBP,2,34651.93,1,2,1,0
ACCT100004526,CUST0002383,SAVINGS,ACTIVE,2015-11-06,80544.09,INR,2,8308.22,5,2,1,0
ACCT100004527,CUST0004895,SHELL,ACTIVE,2017-05-25,2255929.5,USD,1,784156.03,10,2,1,0
ACCT100004528,CUST0002565,NRO,ACTIVE,2017-02-04,59591.55,USD,1,28096.93,5,2,1,1
ACCT100004529,CUST0006485,SAVINGS,ACTIVE,2018-01-22,42363.4,GBP,1,7662.58,4,2,1,1
ACCT100004530,CUST0007509,NRE,ACTIVE,2013-09-21,39695.69,SGD,1,171655.85,7,1,1,1
ACCT100004531,CUST0002313, SAVINGS ,DORMANT,2020-06-28,17345.47,USD,1,14056.13,1,1,1,1
ACCT100004532,CUST0002044,NRE,ACTIVE,2012-03-10,976733.71,INR,1,556607.63,4,1,1,1
ACCT100004533,CUST0007154,SAVINGS,CLOSED,2014-11-11,51489.26,USD,1,9145.97,5,1,1,1
ACCT100004534,CUST0001069,CURRENT,ACTIVE,2021-11-01,1412805.74,INR,2,135926.69,1,2,1,1
ACCT100004535,CUST0007625,CURRENT,ACTIVE,2016-12-31,60034.59,USD,2,26980.01,5,1,1,1
ACCT100004536,CUST0002559,SALARY,ACTIVE,2015-10-08,125224.55,AED,1,2673.95,1,3,1,1
ACCT100004537,CUST0005513,CURRENT,ACTIVE,2020-11-30,14809.43,INR,1,7582.57,3,1,1,1
ACCT100004538,CUST0006281,SAVINGS,BLOCKED,2016-07-15,95795.09,INR,1,7397.95,1,4,1,1
ACCT100004539,CUST0004302,NRE,DORMANT,2013-08-26,37139.1,INR,1,59171.4,4,1,1,1
ACCT100004540,CUST0002070,CURRENT,ACTIVE,2016-07-20,73341.76,INR,1,24541.03,1,1,1,1
ACCT100004541,CUST0001976,SAVINGS,ACTIVE,2013-03-30,63723.56,INR,1,100366.63,1,3,1,1
ACCT100004542,CUST0007674,SALARY,ACTIVE,2015-08-15,375.34,INR,3,2751.49,5,1,0,1
ACCT100004543,CUST0004612,SAVINGS,ACTIVE,2012-05-18,5772.51,INR,1,989.17,5,1,1,1
ACCT100004544,CUST0005035,CURRENT,ACTIVE,2020-10-20,33038.25,INR,1,10538.62,2,1,0,1
ACCT100004545,CUST0005790,CURRENT,ACTIVE,2017-09-24,105087.31,INR,2,134210.87,4,1,1,1
ACCT100004546,CUST0005580,CURRENT,ACTIVE,2014-06-16,34627.42,AED,2,18515.8,5,1,1,1
ACCT100004547,CUST0003685,SALARY,ACTIVE,2015-08-01,1755.51,INR,1,7764.25,5,1,1,1
ACCT100004548,CUST0007325,SAVINGS,ACTIVE,2014-01-25,31824.8,INR,1,54520.27,4,1,1,1
ACCT100004549,CUST0001168,SALARY,ACTIVE,2020-04-17,592.98,INR,1,6862.82,5,2,1,0
ACCT100004550,CUST0000015,SAVINGS,ACTIVE,2020-08-26,217975.48,INR,1,10713.7,2,3,1,1
ACCT100004551,CUST0004872,current,ACTIVE,2020-09-13,10176.34,AED,1,228648.78,3,2,1,1
ACCT100004552,CUST0006474, NRE ,ACTIVE,2020-12-06,84431.74,AED,1,18819.04,4,1,0,1
ACCT100004553,CUST0005391,SAVINGS,ACTIVE,2014-08-28,6047.86,AED,2,18863.54,2,2,1,1
ACCT100004554,CUST0003772,CURRENT,ACTIVE,2016-09-14,46960.25,USD,1,14322.94,3,1,0,1
ACCT100004555,CUST0005230,SAVINGS,ACTIVE,2012-07-12,4459.58,AED,3,51625.55,2,1,1,1
ACCT100004556,CUST0001953,TRUST,DORMANT,2013-04-23,19441.57,INR,1,358337.22,9,3,0,1
ACCT100004557,CUST0000456,SAVINGS,ACTIVE,2020-12-03,11700.87,INR,1,224445.97,1,1,0,1
ACCT100004558,CUST0006697,NRO,ACTIVE,2019-04-26,17020.83,INR,2,39182.87,5,2,1,1
ACCT100004559,CUST0000860,salary,DORMANT,2015-03-21,20143.11,GBP,1,16615.22,5,3,1,1
ACCT100004560,CUST0001997,CURRENT,BLOCKED,2012-06-13,6818.52,INR,1,13306.76,3,3,1,1
ACCT100004561,CUST0005881,SALARY,ACTIVE,2020-05-13,1339.7,SGD,1,2441.23,1,2,1,1
ACCT100004562,CUST0007381,SALARY,ACTIVE,2020-12-28,3853.51,AED,2,7537.95,2,3,1,1
ACCT100004563,CUST0007668,SALARY,ACTIVE,2019-08-18,27588.95,USD,1,572.02,4,2,1,1
ACCT100004564,CUST0006633,CURRENT,ACTIVE,2018-05-15,37968.92,INR,1,94575.96,3,1,0,1
ACCT100004565,CUST0000333,NRO,ACTIVE,2017-08-29,2199150.38,INR,2,98256.61,7,1,1,1
ACCT100004566,CUST0007355,NRE,ACTIVE,2013-10-21,2121514.88,INR,2,265272.86,6,1,1,1
ACCT100004567,CUST0003361,SHELL,ACTIVE,2017-10-12,3811665.42,INR,1,306298.09,9,1,1,1
ACCT100004568,CUST0004310,NRE,ACTIVE,2016-01-08,183666.64,INR,1,34084.27,4,1,1,1
ACCT100004569,CUST0005802,CURRENT,ACTIVE,2015-08-19,39807.66,INR,1,245212.79,3,1,1,1
ACCT100004570,CUST0001295,CURRENT,ACTIVE,2017-11-17,932611.41,INR,1,13841.58,5,3,1,0
ACCT100004571,CUST0002518,CURRENT,ACTIVE,2019-07-29,17678.51,INR,1,13756.79,3,1,1,1
ACCT100004572,CUST0006675,SAVINGS,ACTIVE,2021-05-16,26630.11,USD,2,4811.56,3,1,1,1
ACCT100004573,CUST0007342,CURRENT,ACTIVE,2015-11-11,37889.05,INR,1,14839.75,1,1,0,1
ACCT100004574,CUST0004556,SAVINGS,ACTIVE,2019-08-10,7543.02,INR,2,27956.93,5,1,1,1
ACCT100004575,CUST0004720,SAVINGS,ACTIVE,2017-04-26,21047.54,USD,1,22277.33,2,1,0,1
ACCT100004576,CUST0000757,CURRENT,ACTIVE,2016-12-19,39538.45,USD,2,14607.32,2,1,1,1
ACCT100004577,CUST0006617,SALARY,ACTIVE,2015-10-01,52985.52,USD,1,15618.76,5,2,1,1
ACCT100004578,CUST0006362,SHELL,ACTIVE,2020-01-03,96903.91,INR,2,3924611.68,8,1,1,1
ACCT100004579,CUST0007513,SAVINGS,ACTIVE,2018-11-26,6630.48,GBP,1,25160.82,4,1,0,1
ACCT100004580,CUST0001243,SAVINGS,ACTIVE,2015-12-09,7978.84,USD,1,18731.82,5,2,1,1
ACCT100004581,CUST0002279,TRUST,ACTIVE,2014-02-10,846961.84,USD,1,17991.52,10,1,1,1
ACCT100004582,CUST0001949,CURRENT,ACTIVE,2012-10-10,48576.58,INR,1,9338.58,5,2,1,1
ACCT100004583,CUST0004574,SALARY,ACTIVE,2018-09-03,2342.3,USD,1,1526.07,3,1,1,1
ACCT100004584,CUST0005589,SAVINGS,ACTIVE,2016-05-15,2859.23,USD,3,4834.33,2,1,0,1
ACCT100004585,CUST0006999,CURRENT,ACTIVE,2019-09-08,441211.38,INR,1,8634.51,2,1,1,1
ACCT100004586,CUST0001802,current,BLOCKED,2019-09-20,166904.76,INR,1,36400.39,1,1,0,0
ACCT100004587,CUST0005693,SAVINGS,ACTIVE,2021-06-14,1692.52,INR,1,57651.98,4,5,1,1
ACCT100004588,CUST0007967, NRE ,ACTIVE,2020-06-04,229479.23,INR,1,26466.54,5,1,0,1
ACCT100004589,CUST0000386,SALARY,ACTIVE,2019-03-17,12283.86,INR,1,29398.97,2,1,0,1
ACCT100004590,CUST0001448,TRUST,ACTIVE,2017-07-19,1301516.52,INR,3,599068.38,10,1,1,1
ACCT100004591,CUST0004903,SALARY,ACTIVE,2020-10-07,10787.46,INR,1,5561.89,1,1,1,1
ACCT100004592,CUST0004056,SAVINGS,ACTIVE,2013-05-31,44265.83,INR,1,13150.27,4,2,1,1
ACCT100004593,CUST0004146,CURRENT,ACTIVE,2017-09-24,28861.51,USD,1,81253.91,4,1,0,1
ACCT100004594,CUST0006790,SAVINGS,ACTIVE,2014-06-06,3896.73,INR,1,19564.89,1,1,0,1
ACCT100004595,CUST0007580,NRO,ACTIVE,2012-12-17,12456.3,AED,1,9919.29,6,1,0,1
ACCT100004596,CUST0005516,CURRENT,ACTIVE,2018-03-17,65130.67,USD,1,20792.24,3,2,1,0
ACCT100004597,CUST0007517,CURRENT,ACTIVE,2012-07-18,12726.01,INR,3,25015.75,2,1,0,1
ACCT100004598,CUST0004322,NRO,ACTIVE,2014-10-23,70697.38,INR,1,17823.45,7,2,1,1
ACCT100004599,CUST0000304,SAVINGS,ACTIVE,2018-07-27,67855.24,AED,1,22034.56,1,1,1,1
ACCT100004600,CUST0004408,CURRENT,DORMANT,2019-04-05,41534.45,INR,1,638972.71,2,3,1,1
ACCT100004601,CUST0000210,NRE,ACTIVE,2017-05-08,29311.51,USD,1,82389.57,4,1,1,1
ACCT100004602,CUST0004769,SAVINGS,ACTIVE,2021-07-19,5238.61,INR,1,4140.25,2,3,1,0
ACCT100004603,CUST0002954, SAVINGS ,ACTIVE,2015-04-15,49658.85,INR,1,4387.89,2,2,0,1
ACCT100004604,CUST0000649,SAVINGS,ACTIVE,2013-05-07,5614.51,INR,2,26336.0,3,3,1,1
ACCT100004605,CUST0003686,SALARY,ACTIVE,2012-02-05,16838.97,INR,2,8193.86,2,1,1,1
ACCT100004606,CUST0007142, SAVINGS ,ACTIVE,2017-05-31,114958.96,INR,1,79926.37,5,3,1,1
ACCT100004607,CUST0007611,TRUST,ACTIVE,2017-02-24,76357.97,AED,1,150114.5,7,1,1,1
ACCT100004608,CUST0004246,CURRENT,ACTIVE,2020-10-20,214728.69,GBP,1,16731.64,3,1,1,1
ACCT100004609,CUST0001201,CURRENT,ACTIVE,2019-03-04,233547.01,INR,1,53081.38,3,4,0,1
ACCT100004610,CUST0004984,SAVINGS,BLOCKED,2020-02-10,54945.26,INR,1,3894.89,4,3,1,0
ACCT100004611,CUST0007373,NRE,ACTIVE,2017-03-21,112335.9,AED,1,216134.33,6,1,0,1
ACCT100004612,CUST0005328,SAVINGS,ACTIVE,2014-06-30,23675.43,INR,3,81858.99,3,3,1,1
ACCT100004613,CUST0006372, CURRENT ,ACTIVE,2020-01-29,42268.19,USD,1,40390.34,5,3,1,1
ACCT100004614,CUST0000061,TRUST,DORMANT,2016-05-31,318082.27,INR,2,399293.52,9,1,1,1
ACCT100004615,CUST0000497,CURRENT,ACTIVE,2016-06-17,13452.94,USD,1,605185.98,2,2,1,1
ACCT100004616,CUST0006175,CURRENT,ACTIVE,2014-06-04,4279.35,USD,2,9301.66,5,1,1,1
ACCT100004617,CUST0000625,NRO,ACTIVE,2020-12-11,15544.33,AED,1,316085.78,7,4,1,1
ACCT100004618,CUST0007175,NRO,ACTIVE,2012-09-20,1012246.0,AED,2,38005.03,7,1,1,1
ACCT100004619,CUST0003862,SALARY,ACTIVE,2018-02-13,295047.7,INR,1,13275.34,2,1,0,1
ACCT100004620,CUST0005342,SAVINGS,ACTIVE,2018-01-25,881781.19,INR,1,6183.57,3,2,1,1
ACCT100004621,CUST0006775,SALARY,DORMANT,2016-02-10,8473.36,GBP,2,19491.82,3,1,1,1
ACCT100004622,CUST0005367,SALARY,BLOCKED,2018-12-17,4069.01,AED,1,3794.64,2,2,1,1
ACCT100004623,CUST0000021,CURRENT,DORMANT,2020-09-09,90765.46,USD,2,302337.82,2,2,1,0
ACCT100004624,CUST0007855,SALARY,ACTIVE,2014-09-30,4406.42,USD,1,2313.23,5,1,1,1
ACCT100004625,CUST0007840,SAVINGS,BLOCKED,2017-10-16,217989.83,INR,1,21679.33,3,2,0,1
ACCT100004626,CUST0002351,CURRENT,ACTIVE,2020-12-28,56818.39,AED,1,46249.72,1,4,0,1
ACCT100004627,CUST0006647,CURRENT,ACTIVE,2012-01-05,109707.74,INR,1,71741.48,5,1,0,1
ACCT100004628,CUST0006978,NRO,ACTIVE,2019-03-22,9942.86,USD,2,34585.44,4,1,1,1
ACCT100004629,CUST0005627,TRUST,DORMANT,2017-09-21,1242825.04,AED,3,39274.87,7,1,1,1
ACCT100004630,CUST0001885,SALARY,ACTIVE,2016-04-06,1887.61,USD,1,1828.02,3,2,1,1
ACCT100004631,CUST0001857,SAVINGS,ACTIVE,2017-12-16,74984.62,AED,1,338400.79,1,1,0,0
ACCT100004632,CUST0002666,SALARY,ACTIVE,2021-09-10,2720.8,INR,1,25324.69,1,2,1,1
ACCT100004633,CUST0003037,SAVINGS,ACTIVE,2014-09-12,3212.84,INR,1,6804.82,4,1,1,1
ACCT100004634,CUST0007357,SAVINGS,ACTIVE,2014-06-14,32265.3,INR,1,315329.16,3,1,1,1
ACCT100004635,CUST0006229, CURRENT ,ACTIVE,2018-11-12,41708.44,INR,2,39530.78,2,1,1,1
ACCT100004636,CUST0000145,NRO,ACTIVE,2012-09-04,9675.46,GBP,1,96090.2,7,3,1,0
ACCT100004637,CUST0006295,CURRENT,ACTIVE,2019-01-22,14202.39,INR,3,28612.44,4,2,0,1
ACCT100004638,CUST0004146,SALARY,ACTIVE,2019-10-12,23551.13,INR,1,4858.28,5,1,1,1
ACCT100004639,CUST0002768,SALARY,ACTIVE,2021-03-10,4224.9,GBP,1,7076.98,3,2,1,1
ACCT100004640,CUST0002501,NRE,DORMANT,2017-12-15,92335.36,USD,2,57988.18,6,3,1,1
ACCT100004641,CUST0005440,SAVINGS,ACTIVE,2012-05-22,13072.48,INR,1,3394.88,2,1,0,1
ACCT100004642,CUST0003820,CURRENT,ACTIVE,2014-12-16,13673.19,USD,1,51468.71,4,2,1,1
ACCT100004643,CUST0005168,NRO,CLOSED,2016-03-01,32600.73,GBP,1,31576.29,6,4,1,0
ACCT100004644,CUST0006643,SAVINGS,ACTIVE,2019-09-25,3809.64,USD,1,47656.79,1,1,1,1
ACCT100004645,CUST0000013,SAVINGS,ACTIVE,2016-09-21,147131.33,USD,2,98657.64,5,1,0,1
ACCT100004646,CUST0006289, CURRENT ,ACTIVE,2019-09-10,241357.24,AED,1,83457.27,2,4,1,1
ACCT100004647,CUST0000960,SALARY,ACTIVE,2013-07-30,10070.79,INR,2,7799.84,1,5,1,1
ACCT100004648,CUST0004682,SHELL,ACTIVE,2018-10-14,455354.88,SGD,1,958253.79,10,2,1,0
ACCT100004649,CUST0006067,SALARY,ACTIVE,2018-12-07,41960.75,INR,2,21886.2,1,1,1,1
ACCT100004650,CUST0001876,TRUST,ACTIVE,2014-05-15,199078.07,INR,3,128331.3,10,1,1,1
ACCT100004651,CUST0001375,TRUST,ACTIVE,2013-08-17,15916.5,INR,2,221597.35,10,1,0,1
ACCT100004652,CUST0002073,NRE,ACTIVE,2021-02-14,62644.43,USD,1,212021.54,5,3,1,1
ACCT100004653,CUST0000788,CURRENT,ACTIVE,2014-09-06,82472.16,INR,1,69787.0,4,2,1,1
ACCT100004654,CUST0002935, SALARY ,ACTIVE,2019-03-22,6913.47,USD,1,16220.29,3,1,0,1
ACCT100004655,CUST0007398,NRO,ACTIVE,2012-12-26,148119.57,USD,1,105576.63,7,1,1,1
ACCT100004656,CUST0000571,NRO,ACTIVE,2020-01-21,177270.6,INR,1,108889.11,5,1,1,1
ACCT100004657,CUST0006881,SALARY,ACTIVE,2020-05-04,167667.36,SGD,2,52058.9,3,1,1,1
ACCT100004658,CUST0007877,NRO,ACTIVE,2012-08-14,90805.41,AED,1,18305.9,6,1,0,1
ACCT100004659,CUST0007189,NRE,ACTIVE,2017-11-01,1438658.74,USD,1,270766.31,6,2,1,1
ACCT100004660,CUST0003274,SAVINGS,ACTIVE,2017-04-06,39074.01,INR,1,31487.73,2,3,1,1
ACCT100004661,CUST0001407,SAVINGS,ACTIVE,2018-12-06,9064.31,INR,1,9717.8,3,4,1,1
ACCT100004662,CUST0005204,NRE,CLOSED,2014-04-12,2481877.24,USD,1,716806.55,5,1,0,1
ACCT100004663,CUST0006386,NRE,ACTIVE,2018-01-31,3962575.65,INR,2,157865.03,5,2,1,1
ACCT100004664,CUST0003545,CURRENT,ACTIVE,2016-08-05,27667.42,INR,2,43920.13,2,1,1,1
ACCT100004665,CUST0003361, CURRENT ,ACTIVE,2012-06-03,39457.24,INR,2,79037.71,4,1,1,1
ACCT100004666,CUST0005070,SHELL,ACTIVE,2015-10-22,3358067.53,AED,3,9034911.55,10,1,1,1
ACCT100004667,CUST0002654,CURRENT,CLOSED,2021-10-26,223947.43,INR,2,82067.26,3,2,1,1
ACCT100004668,CUST0006968,SAVINGS,ACTIVE,2015-07-29,9472.81,INR,2,4767.67,5,1,1,1
ACCT100004669,CUST0003974,SALARY,ACTIVE,2012-09-18,23200.91,INR,1,6849.15,1,1,1,1
ACCT100004670,CUST0005132,SAVINGS,ACTIVE,2018-02-16,11318.12,USD,2,13058.35,2,1,1,1
ACCT100004671,CUST0001209,SAVINGS,ACTIVE,2013-12-28,647.53,INR,1,19119.62,2,1,1,0
ACCT100004672,CUST0000980,NRO,ACTIVE,2019-07-28,248670.89,INR,1,54329.39,7,2,1,0
ACCT100004673,CUST0001741,NRO,ACTIVE,2015-12-19,451502.86,INR,1,41698.02,6,3,1,0
ACCT100004674,CUST0002361,NRE,DORMANT,2021-08-18,5579.59,INR,1,132068.65,7,2,0,0
ACCT100004675,CUST0004451,SAVINGS,ACTIVE,2019-08-24,83185.4,AED,1,4014.52,2,2,1,0
ACCT100004676,CUST0007516,SAVINGS,ACTIVE,2018-01-21,5629.51,USD,1,15771.1,4,2,0,0
ACCT100004677,CUST0005060,NRE,ACTIVE,2012-08-17,95172.34,SGD,1,325306.64,5,1,0,1
ACCT100004678,CUST0003033,NRE,ACTIVE,2018-09-26,49824.39,INR,1,143619.34,5,1,0,1
ACCT100004679,CUST0007164,CURRENT,ACTIVE,2013-08-17,228462.45,AED,2,1260763.05,5,1,1,1
ACCT100004680,CUST0006642,NRE,ACTIVE,2019-04-28,172015.86,USD,2,482227.1,7,1,0,1
ACCT100004681,CUST0000075,NRO,ACTIVE,2021-09-16,5090.42,GBP,3,128836.1,4,1,0,1
ACCT100004682,CUST0005810,NRE,ACTIVE,2020-02-17,88828.93,INR,1,101840.46,4,1,0,1
ACCT100004683,CUST0001179,NRE,ACTIVE,2021-07-03,489142.25,USD,1,23228.66,4,1,1,0
ACCT100004684,CUST0001597,NRE,ACTIVE,2015-02-23,578609.72,USD,1,1428934.6,6,1,1,0
ACCT100004685,CUST0003815,SAVINGS,ACTIVE,2018-05-06,12452.21,USD,2,20340.05,2,1,1,0
ACCT100004686,CUST0000773,CURRENT,CLOSED,2019-09-17,36676.48,USD,1,5659.22,5,1,0,0
ACCT100004687,CUST0000465,CURRENT,ACTIVE,2014-12-20,275469.76,INR,1,48740.69,1,2,1,1
ACCT100004688,CUST0003940,SAVINGS,ACTIVE,2019-06-12,16861.16,INR,1,1373.64,3,1,1,1
ACCT100004689,CUST0006877,SHELL,ACTIVE,2015-04-05,2303536.1,INR,1,2679471.05,7,1,0,0
ACCT100004690,CUST0002001,CURRENT,ACTIVE,2019-06-13,6043.9,INR,1,7309.75,3,2,1,1
ACCT100004691,CUST0001877,NRE,ACTIVE,2012-04-29,91631.96,INR,1,258760.79,4,1,1,1
ACCT100004692,CUST0000195,CURRENT,ACTIVE,2014-01-22,44686.09,SGD,1,40336.83,3,4,1,1
ACCT100004693,CUST0002180,CURRENT,ACTIVE,2014-02-11,1341420.19,INR,1,43232.78,5,2,1,1
ACCT100004694,CUST0004691,CURRENT,ACTIVE,2019-11-30,23495.73,INR,2,6456.93,3,1,1,1
ACCT100004695,CUST0003058, SAVINGS ,ACTIVE,2012-12-08,8779.57,INR,1,43824.07,3,2,0,1
ACCT100004696,CUST0000357,SAVINGS,ACTIVE,2012-08-01,46865.82,INR,1,4483.81,2,4,1,1
ACCT100004697,CUST0006669,SAVINGS,ACTIVE,2019-10-06,48172.6,INR,1,7772.11,3,1,1,1
ACCT100004698,CUST0000515,NRO,BLOCKED,2016-07-13,122698.3,AED,1,34044.7,5,1,1,1
ACCT100004699,CUST0006983,CURRENT,ACTIVE,2014-11-17,164287.8,INR,2,146240.64,4,3,1,1
ACCT100004700,CUST0003667,SHELL,BLOCKED,2021-03-30,880255.26,USD,1,1344526.89,9,1,0,0
ACCT100004701,CUST0005093,NRE,ACTIVE,2012-04-18,2097862.31,INR,1,102332.49,4,1,1,1
ACCT100004702,CUST0006415,SALARY,ACTIVE,2015-12-09,98135.79,INR,3,4384.78,2,1,0,1
ACCT100004703,CUST0000241,CURRENT,ACTIVE,2020-06-27,207051.45,INR,1,61832.42,1,3,1,1
ACCT100004704,CUST0007679,CURRENT,ACTIVE,2020-02-21,172157.41,INR,1,73780.73,1,1,0,1
ACCT100004705,CUST0002528,SAVINGS,ACTIVE,2019-04-13,441630.62,INR,1,69580.4,2,1,1,0
ACCT100004706,CUST0001939,SAVINGS,ACTIVE,2012-06-02,19479.62,INR,2,52034.05,2,5,1,1
ACCT100004707,CUST0003743,CURRENT,BLOCKED,2013-08-03,13747.55,AED,2,23602.48,4,1,1,1
ACCT100004708,CUST0006927,NRO,BLOCKED,2018-04-20,201100.81,USD,1,169740.63,7,1,1,1
ACCT100004709,CUST0000107,SALARY,ACTIVE,2020-05-02,29596.54,USD,1,1915.5,1,2,1,1
ACCT100004710,CUST0001968,CURRENT,ACTIVE,2020-07-13,30236.58,USD,3,75194.7,5,1,1,1
ACCT100004711,CUST0005329,SALARY,ACTIVE,2015-10-01,31538.23,USD,1,6977.49,1,1,0,0
ACCT100004712,CUST0001206,CURRENT,BLOCKED,2013-03-27,7061.36,AED,1,3306.56,2,1,0,1
ACCT100004713,CUST0000311,CURRENT,ACTIVE,2020-05-31,59862.41,SGD,1,30310.03,1,1,1,1
ACCT100004714,CUST0002618,SALARY,ACTIVE,2018-09-09,560969.73,INR,2,1154.14,3,1,1,1
ACCT100004715,CUST0005201,SAVINGS,ACTIVE,2014-02-06,58633.98,USD,3,11142.88,4,2,1,1
ACCT100004716,CUST0001622,SAVINGS,ACTIVE,2012-05-11,52839.37,AED,1,31112.68,3,1,1,1
ACCT100004717,CUST0002232,CURRENT,ACTIVE,2014-11-21,9535.9,USD,1,13618.74,2,1,1,1
ACCT100004718,CUST0002415,SALARY,ACTIVE,2020-07-03,1204.02,USD,2,21486.14,1,1,1,1
ACCT100004719,CUST0005856,CURRENT,ACTIVE,2021-01-30,18246.0,AED,1,11492.75,3,1,0,1
ACCT100004720,CUST0004543,CURRENT,ACTIVE,2018-01-29,260617.81,USD,1,7853.64,3,1,1,1
ACCT100004721,CUST0003008,CURRENT,ACTIVE,2021-02-01,293614.81,INR,1,20544.57,2,2,1,1
ACCT100004722,CUST0005283,nro,ACTIVE,2019-04-10,667881.4,INR,1,35268.14,6,1,1,1
ACCT100004723,CUST0007788,SALARY,ACTIVE,2015-06-06,226516.17,SGD,1,23667.89,5,2,1,1
ACCT100004724,CUST0007277,NRO,DORMANT,2013-05-14,499171.09,GBP,1,16339.07,4,1,1,1
ACCT100004725,CUST0005407,CURRENT,CLOSED,2017-04-29,21243.35,INR,1,17736.73,2,3,1,1
ACCT100004726,CUST0007411,SALARY,ACTIVE,2017-02-13,5925.32,INR,1,4977.04,5,1,1,0
ACCT100004727,CUST0005651,SALARY,ACTIVE,2014-12-13,9053.56,INR,1,6748.73,5,1,1,1
ACCT100004728,CUST0000352,NRO,CLOSED,2020-11-28,4147.32,INR,2,17372.22,4,1,1,1
ACCT100004729,CUST0005492,NRE,DORMANT,2021-09-05,23373.75,INR,1,39429.99,6,3,1,1
ACCT100004730,CUST0000596,SAVINGS,ACTIVE,2021-08-26,19794.64,GBP,2,4803.76,1,1,1,1
ACCT100004731,CUST0006074,SALARY,ACTIVE,2018-03-09,4755.4,INR,2,22978.34,1,1,1,0
ACCT100004732,CUST0007753,SAVINGS,ACTIVE,2021-10-14,25044.8,AED,1,6249.9,5,1,1,1
ACCT100004733,CUST0006581,SHELL,DORMANT,2020-09-16,572316.85,INR,1,3959772.99,7,1,1,0
ACCT100004734,CUST0004292,CURRENT,ACTIVE,2013-10-14,193884.47,AED,1,21066.33,1,1,1,1
ACCT100004735,CUST0003183,SALARY,ACTIVE,2015-12-24,73904.65,INR,2,21631.25,1,1,0,1
ACCT100004736,CUST0007561,SAVINGS,ACTIVE,2016-06-28,14107.84,INR,1,28548.92,5,1,1,1
ACCT100004737,CUST0001930,NRE,BLOCKED,2017-04-07,32841.79,USD,1,130328.81,7,1,1,1
ACCT100004738,CUST0003632,SALARY,ACTIVE,2013-03-06,28441.87,SGD,2,15302.23,4,3,1,1
ACCT100004739,CUST0001631,CURRENT,ACTIVE,2014-07-13,517659.9,AED,1,2811.51,2,3,1,0
ACCT100004740,CUST0001124,current,ACTIVE,2021-04-18,16910.87,INR,1,30906.65,3,1,0,0
ACCT100004741,CUST0002657,SALARY,ACTIVE,2015-11-03,5640.76,AED,1,19219.01,3,2,1,1
ACCT100004742,CUST0002583,CURRENT,ACTIVE,2018-02-03,12608.16,SGD,1,170556.18,1,1,1,0
ACCT100004743,CUST0003690,TRUST,DORMANT,2016-09-02,88977.45,INR,1,765894.43,10,1,1,0
ACCT100004744,CUST0004941, CURRENT ,ACTIVE,2019-10-24,3464.42,INR,1,28171.81,4,1,1,1
ACCT100004745,CUST0006368,SAVINGS,ACTIVE,2021-03-02,18833.66,INR,1,1641.76,2,1,1,1
ACCT100004746,CUST0001561,NRE,ACTIVE,2018-10-28,1072806.4,INR,1,48738.68,7,1,1,1
ACCT100004747,CUST0002264,SAVINGS,ACTIVE,2019-02-09,126127.19,INR,1,23014.76,4,1,0,1
ACCT100004748,CUST0000185,SALARY,DORMANT,2015-11-24,4974.59,GBP,1,10451.69,3,2,1,1
ACCT100004749,CUST0006564,SALARY,ACTIVE,2015-04-01,28134.82,SGD,2,10241.38,5,3,1,1
ACCT100004750,CUST0004634,CURRENT,ACTIVE,2016-05-12,7155.14,GBP,1,213327.09,4,1,1,1
ACCT100004751,CUST0006939,TRUST,ACTIVE,2014-12-15,534514.19,INR,1,829892.98,9,1,1,1
ACCT100004752,CUST0002724,CURRENT,ACTIVE,2021-10-08,651.56,INR,1,86134.72,2,1,1,1
ACCT100004753,CUST0004640,SAVINGS,ACTIVE,2014-02-26,26983.35,AED,2,25915.98,3,3,0,1
ACCT100004754,CUST0000411,SALARY,ACTIVE,2017-09-13,7566.88,SGD,1,5079.1,5,3,1,1
ACCT100004755,CUST0007950,SALARY,ACTIVE,2013-08-11,3362.59,INR,1,31894.47,4,2,1,1
ACCT100004756,CUST0007854,CURRENT,ACTIVE,2020-10-20,607664.03,USD,2,4943.53,4,1,0,1
ACCT100004757,CUST0000463, SAVINGS ,ACTIVE,2016-07-11,7271.03,AED,1,7442.8,1,1,0,1
ACCT100004758,CUST0001406,SALARY,ACTIVE,2017-01-17,8916.96,USD,1,1486.62,2,2,1,0
ACCT100004759,CUST0006502,SAVINGS,ACTIVE,2018-08-03,2092.2,SGD,1,192044.0,5,3,1,1
ACCT100004760,CUST0001954,SAVINGS,ACTIVE,2012-10-24,7361.03,INR,2,18182.42,3,1,0,1
ACCT100004761,CUST0002523,SALARY,CLOSED,2016-08-13,5448.74,INR,2,15511.66,5,2,1,1
ACCT100004762,CUST0001113,SHELL,BLOCKED,2014-04-11,2231893.6,AED,1,399190.23,7,2,1,1
ACCT100004763,CUST0001310,SALARY,ACTIVE,2014-12-04,174318.6,USD,2,16231.0,1,5,1,0
ACCT100004764,CUST0003200,NRE,ACTIVE,2014-08-06,737613.21,AED,1,79331.38,7,2,1,1
ACCT100004765,CUST0000673,SALARY,ACTIVE,2020-01-19,115538.81,SGD,1,41915.34,5,2,1,1
ACCT100004766,CUST0002679,current,ACTIVE,2021-07-02,418546.14,USD,2,30077.45,5,1,0,1
ACCT100004767,CUST0007851,NRO,CLOSED,2016-03-05,63274.58,SGD,2,79426.87,4,1,1,1
ACCT100004768,CUST0006138,NRE,ACTIVE,2018-02-12,1393213.32,INR,1,1224449.6,6,4,0,0
ACCT100004769,CUST0000392,SALARY,ACTIVE,2012-10-08,11054.21,INR,1,9878.22,4,2,1,1
ACCT100004770,CUST0002373,CURRENT,ACTIVE,2016-12-23,7794.56,GBP,2,49520.2,4,1,1,0
ACCT100004771,CUST0004110,CURRENT,DORMANT,2017-06-17,32089.66,USD,1,22117.47,1,1,0,1
ACCT100004772,CUST0004321,CURRENT,ACTIVE,2020-04-29,22428.73,USD,1,73591.6,1,1,1,1
ACCT100004773,CUST0001853,CURRENT,ACTIVE,2017-02-27,202372.98,AED,1,13308.2,4,1,1,0
ACCT100004774,CUST0001393,TRUST,DORMANT,2015-10-16,179552.08,INR,2,642978.95,7,2,0,1
ACCT100004775,CUST0001045,CURRENT,ACTIVE,2016-08-08,103341.68,INR,2,37386.49,4,4,1,1
ACCT100004776,CUST0000737,TRUST,ACTIVE,2021-10-03,565299.64,INR,1,1489402.85,8,1,1,1
ACCT100004777,CUST0006685,CURRENT,ACTIVE,2018-02-24,49861.42,SGD,1,62784.76,4,1,1,1
ACCT100004778,CUST0006729,NRE,ACTIVE,2015-01-11,192913.87,INR,3,116511.75,7,2,0,1
ACCT100004779,CUST0004458,savings,ACTIVE,2021-05-18,16033.69,GBP,2,9102.31,3,1,1,1
ACCT100004780,CUST0003163,TRUST,DORMANT,2018-01-07,56057.18,USD,1,379231.94,8,1,1,1
ACCT100004781,CUST0005086,NRO,ACTIVE,2013-04-21,49057.31,GBP,1,143799.06,4,1,1,1
ACCT100004782,CUST0003209,SALARY,ACTIVE,2016-05-21,37240.74,INR,2,12007.76,4,3,1,1
ACCT100004783,CUST0003168,NRO,ACTIVE,2017-11-24,17239.56,AED,1,124271.93,6,1,1,0
ACCT100004784,CUST0002409,SALARY,DORMANT,2012-12-28,16679.87,INR,1,15542.96,3,3,0,1
ACCT100004785,CUST0007639,SAVINGS,ACTIVE,2017-10-23,26447.61,INR,1,22531.8,1,1,0,1
ACCT100004786,CUST0001610,SAVINGS,ACTIVE,2019-10-22,3129.47,INR,2,8197.44,2,2,1,1
ACCT100004787,CUST0003837,SAVINGS,ACTIVE,2018-08-31,78764.11,AED,1,6531.43,3,2,1,1
ACCT100004788,CUST0004542,savings,ACTIVE,2013-12-06,44961.87,GBP,1,9643.44,4,1,1,1
ACCT100004789,CUST0003897,CURRENT,ACTIVE,2014-11-19,13424.11,GBP,2,9901.4,5,3,0,0
ACCT100004790,CUST0000028,SHELL,ACTIVE,2012-07-18,195366.48,INR,1,971730.26,9,2,1,0
ACCT100004791,CUST0004125,CURRENT,ACTIVE,2016-09-29,73415.31,INR,2,38253.59,1,3,1,1
ACCT100004792,CUST0000235,TRUST,DORMANT,2019-04-20,15570.19,USD,1,57624.64,8,1,1,1
ACCT100004793,CUST0005099,NRO,ACTIVE,2015-04-06,46099.51,USD,2,70451.44,4,2,1,1
ACCT100004794,CUST0001969,SAVINGS,ACTIVE,2012-12-03,10518.29,INR,1,84017.91,4,1,1,1
ACCT100004795,CUST0001754,NRO,ACTIVE,2015-05-26,82261.4,USD,1,40822.89,4,2,0,0
ACCT100004796,CUST0007797,SAVINGS,ACTIVE,2017-12-31,66096.91,INR,2,24964.79,1,1,1,1
ACCT100004797,CUST0003635,SAVINGS,ACTIVE,2021-06-20,10880.74,INR,1,26432.14,4,1,1,1
ACCT100004798,CUST0006331,SAVINGS,ACTIVE,2012-01-19,33368.13,USD,1,10740.37,2,2,1,1
ACCT100004799,CUST0007009,CURRENT,ACTIVE,2012-09-30,43714.49,INR,1,32660.73,2,1,1,1
ACCT100004800,CUST0001833,SALARY,ACTIVE,2021-11-14,8554.31,INR,1,6411.74,4,3,1,1
ACCT100004801,CUST0005651,SAVINGS,ACTIVE,2018-03-28,13074.03,INR,1,3967.86,4,1,0,1
ACCT100004802,CUST0000791,SALARY,ACTIVE,2017-12-20,2851.25,GBP,1,15195.13,2,1,1,1
ACCT100004803,CUST0003807,SAVINGS,ACTIVE,2013-09-19,5894.76,INR,1,1016.97,1,3,1,0
ACCT100004804,CUST0001564,SALARY,ACTIVE,2018-06-06,13198.04,SGD,1,1978.58,5,2,1,0
ACCT100004805,CUST0000842,SAVINGS,ACTIVE,2021-08-13,16174.38,SGD,3,10902.72,2,2,0,1
ACCT100004806,CUST0004727,SAVINGS,ACTIVE,2018-12-20,30658.65,AED,2,168994.15,2,1,1,1
ACCT100004807,CUST0003912,NRO,ACTIVE,2013-04-11,14447.68,USD,2,69066.13,7,3,1,1
ACCT100004808,CUST0004576,TRUST,DORMANT,2013-12-26,1127819.93,USD,1,703465.01,8,2,1,1
ACCT100004809,CUST0005666,SAVINGS,ACTIVE,2013-02-02,7411.95,USD,3,7722.32,2,1,1,1
ACCT100004810,CUST0000914,NRE,BLOCKED,2012-05-05,6591158.01,INR,2,10525.98,4,1,0,1
ACCT100004811,CUST0002593,SALARY,ACTIVE,2012-06-22,6401.73,SGD,1,1199.12,1,5,1,1
ACCT100004812,CUST0005431,TRUST,ACTIVE,2012-03-11,666895.95,INR,1,304474.03,7,2,0,0
ACCT100004813,CUST0005458,CURRENT,ACTIVE,2016-10-16,29795.47,USD,1,83616.41,2,1,1,1
ACCT100004814,CUST0004382,SALARY,ACTIVE,2018-02-28,1231.03,USD,1,1259.37,3,2,1,0
ACCT100004815,CUST0005123, SAVINGS ,ACTIVE,2017-01-17,1895.61,INR,1,6847.87,4,1,1,1
ACCT100004816,CUST0005270,CURRENT,ACTIVE,2020-08-14,15021.53,INR,2,30893.64,2,2,1,1
ACCT100004817,CUST0005618, CURRENT ,ACTIVE,2020-01-10,12137.24,INR,1,156423.27,3,2,0,1
ACCT100004818,CUST0003323,CURRENT,ACTIVE,2015-01-30,18112.8,USD,1,33239.06,3,1,1,1
ACCT100004819,CUST0005008,nre,DORMANT,2017-05-25,188731.54,AED,1,525852.9,6,1,0,1
ACCT100004820,CUST0006793,SAVINGS,ACTIVE,2018-07-13,9315.48,GBP,1,821.45,2,1,0,1
ACCT100004821,CUST0001505,SAVINGS,ACTIVE,2012-09-11,9794.01,INR,1,50814.55,4,2,1,1
ACCT100004822,CUST0005968, SAVINGS ,ACTIVE,2014-07-06,70290.69,INR,1,14916.21,1,1,1,1
ACCT100004823,CUST0006364,SAVINGS,ACTIVE,2019-12-22,186085.95,INR,1,10489.66,2,2,0,1
ACCT100004824,CUST0001063,SAVINGS,DORMANT,2020-10-29,122804.98,AED,1,7042.87,1,1,0,1
ACCT100004825,CUST0001150,NRO,ACTIVE,2017-03-30,62832.97,SGD,1,21700.39,5,2,0,1
ACCT100004826,CUST0002515,SALARY,ACTIVE,2014-12-11,6248.2,INR,1,11773.81,4,3,1,1
ACCT100004827,CUST0002302, CURRENT ,ACTIVE,2020-01-29,32296.48,INR,2,16468.62,1,5,0,1
ACCT100004828,CUST0005348,SAVINGS,ACTIVE,2020-04-09,11932.3,INR,3,2580.43,4,1,1,1
ACCT100004829,CUST0002111,SALARY,ACTIVE,2014-10-24,5477.85,AED,2,4724.58,1,2,1,1
ACCT100004830,CUST0000869,salary,DORMANT,2020-10-18,239941.9,AED,2,1162.26,2,1,1,0
ACCT100004831,CUST0002173,SALARY,ACTIVE,2021-04-01,47935.93,USD,1,29861.58,4,1,0,1
ACCT100004832,CUST0006267,NRO,ACTIVE,2020-12-30,59122.65,USD,2,93210.43,7,1,0,1
ACCT100004833,CUST0002932,SALARY,ACTIVE,2014-07-03,11119.97,INR,1,15422.81,3,3,1,1
ACCT100004834,CUST0002721,CURRENT,DORMANT,2020-02-12,131618.07,USD,1,30089.69,5,2,1,1
ACCT100004835,CUST0001513,SALARY,ACTIVE,2013-01-21,2753.05,SGD,2,14244.18,4,1,1,1
ACCT100004836,CUST0005755,SAVINGS,ACTIVE,2015-05-15,79375.04,AED,2,2316.9,3,3,0,1
ACCT100004837,CUST0003471,SALARY,ACTIVE,2012-05-05,10282.12,INR,2,14898.77,5,5,1,1
ACCT100004838,CUST0004377,SAVINGS,ACTIVE,2012-06-27,10062.78,INR,1,24022.41,4,1,0,1
ACCT100004839,CUST0001055,CURRENT,ACTIVE,2015-04-12,1242.75,INR,1,15514.98,2,3,1,1
ACCT100004840,CUST0005948,SAVINGS,CLOSED,2019-11-25,8687.12,USD,1,48945.48,4,2,1,1
ACCT100004841,CUST0005292, TRUST ,ACTIVE,2015-06-25,924262.21,AED,1,193167.29,10,1,0,1
ACCT100004842,CUST0000050,SAVINGS,CLOSED,2012-06-07,8431.46,INR,1,38642.97,2,3,1,1
ACCT100004843,CUST0005098,CURRENT,ACTIVE,2012-07-13,444681.18,INR,1,5383.3,5,3,1,0
ACCT100004844,CUST0001279,SAVINGS,ACTIVE,2019-02-08,17366.4,INR,2,21079.23,5,1,1,0
ACCT100004845,CUST0001936,CURRENT,ACTIVE,2015-07-15,7327.7,USD,1,45479.02,2,2,1,0
ACCT100004846,CUST0003401,CURRENT,ACTIVE,2013-03-30,10139.54,INR,2,29950.98,5,2,1,1
ACCT100004847,CUST0005318, SAVINGS ,ACTIVE,2015-08-17,4346.5,USD,1,7531.94,4,3,1,1
ACCT100004848,CUST0000434,CURRENT,ACTIVE,2021-08-31,315920.05,INR,2,69634.23,1,1,1,1
ACCT100004849,CUST0007454,SAVINGS,ACTIVE,2018-12-11,29919.95,INR,1,2010.29,4,2,1,0
ACCT100004850,CUST0007208,SHELL,DORMANT,2017-01-23,23654910.67,AED,1,1274639.62,9,3,1,1
ACCT100004851,CUST0003882,SAVINGS,ACTIVE,2014-04-13,8699.36,INR,1,3353.17,1,2,1,1
ACCT100004852,CUST0006651,CURRENT,ACTIVE,2020-04-19,58481.22,INR,1,19736.93,3,1,1,1
ACCT100004853,CUST0003149,CURRENT,DORMANT,2018-07-20,6784.26,USD,1,82936.07,5,1,1,0
ACCT100004854,CUST0001409,SALARY,ACTIVE,2015-05-10,46358.93,AED,3,12231.34,1,3,1,0
ACCT100004855,CUST0001648,SHELL,DORMANT,2018-07-12,6534947.09,INR,3,216272.72,7,1,1,1
ACCT100004856,CUST0005824,SALARY,ACTIVE,2018-01-09,757.12,INR,1,18112.4,1,1,1,1
ACCT100004857,CUST0007466,SHELL,DORMANT,2019-11-16,156415.12,INR,1,3241228.99,9,1,1,1
ACCT100004858,CUST0002765,CURRENT,BLOCKED,2019-03-07,19004.37,INR,2,112885.58,1,3,1,1
ACCT100004859,CUST0006691,TRUST,DORMANT,2019-06-10,651670.48,INR,1,266876.0,7,2,1,1
ACCT100004860,CUST0006133, CURRENT ,ACTIVE,2016-03-26,18271.1,INR,2,40063.66,5,2,0,0
ACCT100004861,CUST0002657,SALARY,ACTIVE,2018-01-15,424.18,AED,1,20377.94,5,1,1,1
ACCT100004862,CUST0005750,SAVINGS,ACTIVE,2012-11-30,43691.07,INR,1,16702.62,4,1,1,1
ACCT100004863,CUST0002094,SAVINGS,DORMANT,2016-10-17,8734.14,INR,1,2969.71,1,2,1,1
ACCT100004864,CUST0004063,SAVINGS,ACTIVE,2020-04-13,15747.17,INR,1,39712.6,2,1,1,1
ACCT100004865,CUST0001298,SAVINGS,ACTIVE,2013-08-11,74036.17,USD,1,31783.8,4,1,0,1
ACCT100004866,CUST0007247,CURRENT,ACTIVE,2015-04-04,544767.39,INR,2,7180.37,4,1,1,1
ACCT100004867,CUST0006330,current,DORMANT,2018-01-16,87961.84,INR,1,129620.81,4,2,1,1
ACCT100004868,CUST0002150,TRUST,DORMANT,2013-07-07,297020.92,USD,1,231355.47,9,1,1,1
ACCT100004869,CUST0002511,savings,DORMANT,2017-01-14,25663.51,INR,1,3669.6,1,1,1,1
ACCT100004870,CUST0004288,CURRENT,ACTIVE,2017-08-08,7820.28,SGD,2,48972.1,2,2,1,1
ACCT100004871,CUST0001390,CURRENT,ACTIVE,2015-01-01,11678.36,INR,1,606.64,2,1,0,1
ACCT100004872,CUST0000392,SAVINGS,ACTIVE,2021-09-21,20093.59,INR,1,15929.28,1,2,0,1
ACCT100004873,CUST0006635,SAVINGS,ACTIVE,2012-10-09,6310.29,INR,2,9965.73,3,5,1,1
ACCT100004874,CUST0006431,NRO,ACTIVE,2012-05-27,92242.06,INR,1,671463.5,4,3,0,1
ACCT100004875,CUST0002574,CURRENT,ACTIVE,2016-07-17,30560.31,INR,1,27817.55,2,4,1,1
ACCT100004876,CUST0006037,NRE,ACTIVE,2020-05-25,150951.36,SGD,1,36190.06,5,3,1,1
ACCT100004877,CUST0006471,CURRENT,ACTIVE,2014-11-01,40000.03,INR,3,105620.5,1,1,1,1
ACCT100004878,CUST0002871,NRO,ACTIVE,2018-02-02,16713.86,INR,2,25712.92,4,2,1,1
ACCT100004879,CUST0004772,SALARY,ACTIVE,2021-06-19,12109.81,INR,1,2692.11,2,1,1,1
ACCT100004880,CUST0006767,CURRENT,BLOCKED,2014-09-17,606093.8,USD,2,55877.64,4,4,0,1
ACCT100004881,CUST0005031,NRO,ACTIVE,2016-10-20,3150.34,SGD,1,202599.42,7,1,1,1
ACCT100004882,CUST0006298,SAVINGS,ACTIVE,2016-11-25,39130.5,INR,1,4520.49,1,1,0,1
ACCT100004883,CUST0006308,SAVINGS,ACTIVE,2021-10-22,97362.82,INR,1,34517.23,1,4,1,1
ACCT100004884,CUST0000207,SALARY,DORMANT,2018-12-08,20360.38,AED,2,15193.3,2,1,1,1
ACCT100004885,CUST0006052,SALARY,ACTIVE,2012-01-19,5549.41,INR,2,39223.47,2,3,1,0
ACCT100004886,CUST0006378,SALARY,ACTIVE,2018-07-21,18147.32,INR,3,4746.71,1,4,1,1
ACCT100004887,CUST0001340, SALARY ,ACTIVE,2015-06-09,11262.42,AED,2,796.08,4,1,1,1
ACCT100004888,CUST0003581,SAVINGS,BLOCKED,2012-06-16,2775.49,AED,2,42865.96,4,2,1,1
ACCT100004889,CUST0004378,NRO,ACTIVE,2013-11-03,29312.71,INR,1,8937.13,4,1,1,1
ACCT100004890,CUST0001644,SHELL,DORMANT,2021-10-10,1143855.9,SGD,1,92977.92,7,2,1,0
ACCT100004891,CUST0002337,CURRENT,DORMANT,2014-05-06,434783.82,INR,1,69536.67,5,4,1,0
ACCT100004892,CUST0005888,CURRENT,DORMANT,2020-06-25,3303.2,INR,1,181118.2,2,3,1,1
ACCT100004893,CUST0000495,CURRENT,ACTIVE,2016-09-06,126201.4,INR,1,56870.83,4,1,1,1
ACCT100004894,CUST0002912,SAVINGS,ACTIVE,2016-12-23,3871.13,SGD,3,36271.75,3,1,0,1
ACCT100004895,CUST0002448,SAVINGS,ACTIVE,2019-05-26,2508.13,INR,1,18280.9,1,1,1,0
ACCT100004896,CUST0005057,NRE,ACTIVE,2018-04-08,43460.09,AED,2,197238.92,6,1,1,1
ACCT100004897,CUST0004973,SALARY,ACTIVE,2018-07-16,15657.94,INR,1,11532.55,4,3,1,1
ACCT100004898,CUST0002432,SAVINGS,ACTIVE,2018-07-22,7667.15,SGD,1,23039.46,1,1,1,1
ACCT100004899,CUST0000958,CURRENT,ACTIVE,2015-05-04,28163.26,INR,1,44357.68,4,5,1,1
ACCT100004900,CUST0003285,SHELL,DORMANT,2014-12-10,432366.07,USD,1,2380144.62,8,3,1,0
ACCT100004901,CUST0005391,CURRENT,ACTIVE,2017-06-02,245352.13,INR,2,164957.3,1,1,1,1
ACCT100004902,CUST0007708,NRO,DORMANT,2019-11-01,24389.96,USD,1,12464.74,7,2,0,0
ACCT100004903,CUST0004084,NRE,ACTIVE,2020-01-09,1253980.82,INR,1,97777.24,4,3,0,1
ACCT100004904,CUST0000163,SAVINGS,ACTIVE,2013-11-17,255805.66,USD,1,33506.1,3,3,1,1
ACCT100004905,CUST0000006,CURRENT,DORMANT,2013-06-06,42474.59,INR,1,580188.67,2,1,1,1
ACCT100004906,CUST0004743,SALARY,DORMANT,2021-10-21,13209.41,USD,1,9558.7,4,2,1,1
ACCT100004907,CUST0005788,SALARY,ACTIVE,2013-07-22,98481.99,AED,2,4912.87,4,4,1,1
ACCT100004908,CUST0002994,SAVINGS,ACTIVE,2013-06-05,27433.0,INR,1,28184.52,2,4,1,1
ACCT100004909,CUST0001490,SAVINGS,ACTIVE,2018-12-27,47628.17,INR,1,7337.81,3,1,1,1
ACCT100004910,CUST0007928,CURRENT,ACTIVE,2017-01-02,294642.76,INR,1,28048.35,5,3,1,0
ACCT100004911,CUST0000485,SALARY,ACTIVE,2015-11-26,10110.33,USD,1,4094.36,1,1,1,1
ACCT100004912,CUST0006437,CURRENT,BLOCKED,2013-04-01,104133.21,INR,1,32897.24,5,3,0,1
ACCT100004913,CUST0007933,current,ACTIVE,2017-07-13,14162.35,INR,1,21627.27,1,1,1,1
ACCT100004914,CUST0007583,nre,ACTIVE,2019-08-01,271984.44,AED,3,138336.71,6,4,1,1
ACCT100004915,CUST0000007,CURRENT,BLOCKED,2019-02-27,13816.16,AED,1,70693.74,4,1,0,1
ACCT100004916,CUST0001845,TRUST,DORMANT,2013-08-06,201707.24,INR,1,671839.38,9,4,1,1
ACCT100004917,CUST0000934,SAVINGS,ACTIVE,2018-12-11,71173.54,INR,1,6994.06,1,1,1,1
ACCT100004918,CUST0004329,SAVINGS,CLOSED,2012-04-11,21099.38,AED,1,6550.35,1,2,1,1
ACCT100004919,CUST0005289,SAVINGS,ACTIVE,2019-02-23,128525.32,GBP,1,24189.14,3,1,0,1
ACCT100004920,CUST0004335,SAVINGS,ACTIVE,2020-11-21,3623.0,USD,1,7795.45,5,1,1,1
ACCT100004921,CUST0007516,SAVINGS,ACTIVE,2016-11-07,27980.87,GBP,2,3519.19,4,1,1,1
ACCT100004922,CUST0007209,CURRENT,ACTIVE,2018-02-23,4407.09,INR,1,27249.45,5,2,1,1
ACCT100004923,CUST0006502,SAVINGS,ACTIVE,2018-08-24,2049.56,INR,3,41574.02,5,1,0,1
ACCT100004924,CUST0000443,NRE,ACTIVE,2016-06-01,515220.96,INR,2,518499.03,5,1,1,1
ACCT100004925,CUST0007417,CURRENT,BLOCKED,2016-09-23,25048.12,USD,1,30609.8,5,5,0,1
ACCT100004926,CUST0002957,CURRENT,ACTIVE,2012-10-22,73330.08,INR,2,31106.52,2,2,1,0
ACCT100004927,CUST0002060,SAVINGS,ACTIVE,2014-01-28,94591.63,AED,3,4601.76,2,2,0,1
ACCT100004928,CUST0001178,SAVINGS,BLOCKED,2014-03-07,35033.63,USD,1,13740.32,5,4,1,1
ACCT100004929,CUST0004307,SAVINGS,ACTIVE,2014-07-07,89695.64,AED,1,92454.17,4,1,1,1
ACCT100004930,CUST0002230,savings,DORMANT,2017-04-03,50411.23,INR,1,29524.16,4,1,0,1
ACCT100004931,CUST0004843,SALARY,BLOCKED,2015-07-07,91949.25,INR,2,9329.24,1,1,0,1
ACCT100004932,CUST0001272,CURRENT,ACTIVE,2016-11-17,29811.5,INR,3,32142.43,5,2,1,1
ACCT100004933,CUST0004526, SAVINGS ,ACTIVE,2012-11-01,79252.48,AED,1,1982.07,4,1,0,1
ACCT100004934,CUST0002210,SAVINGS,ACTIVE,2015-03-15,4315.83,SGD,1,10478.5,3,1,1,0
ACCT100004935,CUST0000479,NRO,ACTIVE,2021-07-31,133097.99,INR,2,15524.69,6,1,1,1
ACCT100004936,CUST0005746,CURRENT,BLOCKED,2017-06-12,20599.73,INR,1,26531.2,2,2,1,0
ACCT100004937,CUST0005229,SALARY,ACTIVE,2017-03-19,10155.02,INR,1,1004.36,3,2,1,1
ACCT100004938,CUST0005560,CURRENT,ACTIVE,2017-06-01,161341.52,INR,3,106604.45,4,1,0,1
ACCT100004939,CUST0004433,SHELL,DORMANT,2014-01-02,745911.47,INR,1,253185.84,10,3,1,1
ACCT100004940,CUST0005305,SAVINGS,ACTIVE,2018-10-30,12295.57,INR,1,10162.91,3,2,1,1
ACCT100004941,CUST0000035,SALARY,ACTIVE,2016-06-25,7196.15,INR,3,7517.17,5,1,0,1
ACCT100004942,CUST0004625,SALARY,ACTIVE,2014-09-23,40768.4,INR,1,4225.27,5,3,1,0
ACCT100004943,CUST0003489,SALARY,ACTIVE,2015-05-03,1240.34,INR,2,10133.68,1,4,1,1
ACCT100004944,CUST0002103,NRE,BLOCKED,2019-02-10,30537.64,SGD,1,57021.78,7,3,1,0
ACCT100004945,CUST0004834,SAVINGS,ACTIVE,2018-04-03,10059.4,AED,1,109745.27,3,4,1,1
ACCT100004946,CUST0003730,NRE,ACTIVE,2015-06-13,61395.56,INR,1,59384.63,4,1,0,0
ACCT100004947,CUST0004770,SAVINGS,ACTIVE,2013-09-18,1089.95,INR,1,6453.04,1,1,1,1
ACCT100004948,CUST0006882,SALARY,ACTIVE,2013-02-14,934.17,INR,2,4972.71,1,1,1,1
ACCT100004949,CUST0007001,SAVINGS,ACTIVE,2014-01-12,24192.78,GBP,3,2519.27,3,5,1,1
ACCT100004950,CUST0002438,SALARY,ACTIVE,2016-06-03,1372.72,AED,1,20276.34,5,2,0,1
ACCT100004951,CUST0005110,SAVINGS,ACTIVE,2018-07-14,573.86,AED,3,30299.86,2,2,1,1
ACCT100004952,CUST0000490,SALARY,ACTIVE,2016-05-30,35727.55,AED,1,2901.14,4,3,1,1
ACCT100004953,CUST0003442,CURRENT,ACTIVE,2013-05-02,8440.82,INR,2,33193.5,2,3,1,1
ACCT100004954,CUST0001214,SALARY,ACTIVE,2018-02-18,49115.91,INR,1,426.41,4,2,0,1
ACCT100004955,CUST0004036,CURRENT,ACTIVE,2016-06-05,58462.52,USD,1,17396.25,5,1,0,1
ACCT100004956,CUST0001534,SAVINGS,ACTIVE,2017-12-15,23313.89,USD,1,39316.75,3,1,1,0
ACCT100004957,CUST0006246,CURRENT,ACTIVE,2015-05-08,223952.16,INR,1,914056.07,5,1,1,1
ACCT100004958,CUST0006589,SAVINGS,ACTIVE,2016-11-26,12784.63,INR,1,4650.2,3,1,0,1
ACCT100004959,CUST0005750,SHELL,BLOCKED,2018-06-29,1264617.27,INR,1,262943.46,7,4,0,1
ACCT100004960,CUST0001471,SALARY,ACTIVE,2012-01-18,2812.47,USD,2,5048.18,1,1,1,1
ACCT100004961,CUST0002966,CURRENT,ACTIVE,2020-03-06,88547.02,INR,1,55796.73,3,3,1,1
ACCT100004962,CUST0002964,NRO,ACTIVE,2020-04-24,7294.72,INR,2,203596.45,7,2,1,1
ACCT100004963,CUST0004313,CURRENT,ACTIVE,2018-12-28,126395.0,SGD,1,14147.13,4,2,1,1
ACCT100004964,CUST0007818,SAVINGS,ACTIVE,2020-11-27,1317.21,INR,1,21685.57,3,1,0,0
ACCT100004965,CUST0003639, SALARY ,ACTIVE,2014-10-30,193407.08,INR,2,2073.42,2,3,0,0
ACCT100004966,CUST0000465,NRO,DORMANT,2019-10-01,8931.75,INR,3,63173.0,7,5,0,0
ACCT100004967,CUST0007376,SALARY,BLOCKED,2015-03-18,3933.94,INR,1,18704.54,3,1,1,1
ACCT100004968,CUST0004024,SAVINGS,ACTIVE,2017-09-06,61783.85,USD,2,9471.63,5,2,1,1
ACCT100004969,CUST0003299,NRO,ACTIVE,2018-10-08,642998.92,INR,2,98116.3,7,1,1,1
ACCT100004970,CUST0006209,SAVINGS,ACTIVE,2017-12-26,66722.05,INR,1,3221.21,2,1,1,1
ACCT100004971,CUST0004724,NRO,ACTIVE,2017-04-09,311754.48,USD,1,10913.11,6,1,1,0
ACCT100004972,CUST0002388,SHELL,ACTIVE,2014-08-25,1295504.44,AED,2,2713653.86,8,3,0,1
ACCT100004973,CUST0002909,SALARY,ACTIVE,2018-11-04,7114.02,INR,3,2435.32,3,1,1,0
ACCT100004974,CUST0007951,SAVINGS,ACTIVE,2017-03-14,28636.19,USD,1,60864.1,2,1,1,1
ACCT100004975,CUST0004562,SAVINGS,ACTIVE,2012-02-14,9817.08,INR,1,15308.24,4,4,1,1
ACCT100004976,CUST0002972,SALARY,ACTIVE,2014-09-16,12340.28,AED,2,3938.34,5,2,1,1
ACCT100004977,CUST0006544,SAVINGS,ACTIVE,2014-04-20,12724.89,INR,1,54786.33,4,1,1,1
ACCT100004978,CUST0003280,SALARY,ACTIVE,2014-04-19,3305.24,GBP,1,16895.16,5,1,1,1
ACCT100004979,CUST0000444, CURRENT ,ACTIVE,2016-05-28,41639.02,USD,1,5756.69,4,1,1,1
ACCT100004980,CUST0000441,SAVINGS,DORMANT,2016-12-01,10155.2,INR,1,20296.52,2,1,1,0
ACCT100004981,CUST0001099,SALARY,DORMANT,2018-03-13,60446.94,INR,2,16001.59,1,2,1,0
ACCT100004982,CUST0000527,SALARY,ACTIVE,2013-04-10,23811.95,INR,1,4303.14,4,1,1,1
ACCT100004983,CUST0001842,CURRENT,ACTIVE,2019-01-30,18979.03,USD,1,23522.95,2,1,1,1
ACCT100004984,CUST0006293,SAVINGS,ACTIVE,2016-07-11,253.34,INR,3,1142.11,5,2,0,1
ACCT100004985,CUST0002096,NRO,ACTIVE,2018-01-28,92664.2,INR,2,258112.42,7,2,0,1
ACCT100004986,CUST0002286,SAVINGS,ACTIVE,2019-05-26,26559.4,SGD,2,15429.45,3,1,0,1
ACCT100004987,CUST0006559,SAVINGS,ACTIVE,2019-04-28,4206.08,INR,1,6681.83,4,1,1,1
ACCT100004988,CUST0007525, CURRENT ,ACTIVE,2020-09-02,21479.93,USD,1,119385.08,1,5,0,1
ACCT100004989,CUST0007104,CURRENT,ACTIVE,2014-01-12,19038.19,USD,1,24625.54,1,1,1,1
ACCT100004990,CUST0005307,SAVINGS,ACTIVE,2013-08-24,175347.51,INR,2,1289.19,5,3,1,1
ACCT100004991,CUST0003296,SHELL,DORMANT,2019-07-23,2796757.89,INR,1,158066.27,10,2,0,1
ACCT100004992,CUST0004174,SHELL,ACTIVE,2020-08-31,47810.5,INR,1,260725.93,9,4,1,1
ACCT100004993,CUST0004646,NRE,ACTIVE,2017-11-21,397955.26,INR,2,167072.99,7,2,1,1
ACCT100004994,CUST0000723,CURRENT,ACTIVE,2018-04-05,185494.62,AED,1,111979.05,4,1,1,1
ACCT100004995,CUST0007895,CURRENT,ACTIVE,2019-12-21,59711.21,INR,1,22333.76,4,1,1,1
ACCT100004996,CUST0005616,NRO,ACTIVE,2021-07-29,753122.44,SGD,1,63638.22,6,3,1,1
ACCT100004997,CUST0002213,SAVINGS,ACTIVE,2019-01-13,11339.0,INR,1,23566.09,4,1,0,1
ACCT100004998,CUST0002446,savings,ACTIVE,2019-08-07,17165.01,INR,1,28748.63,2,1,1,1
ACCT100004999,CUST0000062,SAVINGS,DORMANT,2019-04-08,121707.12,INR,2,13006.11,2,5,0,1
ACCT100005000,CUST0002758,SHELL,ACTIVE,2019-03-21,409369.25,AED,3,61414.12,10,1,0,1
ACCT100005001,CUST0005167,SAVINGS,ACTIVE,2018-10-13,155400.25,GBP,2,1604.2,5,4,1,1
ACCT100005002,CUST0002043,SALARY,ACTIVE,2014-12-24,47191.38,SGD,1,146464.46,5,3,1,1
ACCT100005003,CUST0004044,NRE,ACTIVE,2012-11-25,308519.1,USD,1,157909.41,6,2,1,1
ACCT100005004,CUST0004736,SAVINGS,ACTIVE,2020-11-10,24278.08,INR,1,22939.16,4,2,0,1
ACCT100005005,CUST0000736,SAVINGS,ACTIVE,2012-05-23,43475.34,INR,2,10894.11,3,1,1,0
ACCT100005006,CUST0000070,SAVINGS,ACTIVE,2019-10-27,1371.86,USD,2,182210.07,5,5,1,1
ACCT100005007,CUST0002855,SALARY,ACTIVE,2021-01-15,6588.55,INR,1,31867.66,3,5,1,1
ACCT100005008,CUST0002887, SAVINGS ,ACTIVE,2012-11-13,115748.14,AED,2,9117.48,2,2,1,0
ACCT100005009,CUST0004607,CURRENT,ACTIVE,2020-05-09,10633.21,INR,2,61727.75,2,1,1,0
ACCT100005010,CUST0002929,SAVINGS,ACTIVE,2019-03-02,1247.94,INR,1,26530.79,2,1,1,1
ACCT100005011,CUST0005457,NRE,ACTIVE,2021-11-26,21081.45,INR,1,193854.89,7,1,1,1
ACCT100005012,CUST0003617,CURRENT,ACTIVE,2018-10-21,413271.07,USD,1,110974.51,4,2,1,1
ACCT100005013,CUST0007987,SAVINGS,ACTIVE,2012-06-10,17197.39,INR,1,5161.63,3,1,1,1
ACCT100005014,CUST0007213,NRE,ACTIVE,2021-03-04,16549.36,INR,1,330537.07,6,1,0,0
ACCT100005015,CUST0002082,SAVINGS,ACTIVE,2014-04-12,48742.48,INR,1,5287.55,2,4,1,1
ACCT100005016,CUST0004143,CURRENT,ACTIVE,2015-05-25,123871.88,GBP,1,6426.53,2,3,1,1
ACCT100005017,CUST0001004,SAVINGS,ACTIVE,2016-10-11,9730.13,SGD,1,10142.06,5,1,1,1
ACCT100005018,CUST0005837,CURRENT,ACTIVE,2015-04-06,82791.79,SGD,1,86689.37,4,2,1,1
ACCT100005019,CUST0004133,SAVINGS,ACTIVE,2015-12-31,36989.37,INR,1,93933.82,4,2,0,1
ACCT100005020,CUST0006885,SAVINGS,ACTIVE,2015-08-21,7604.59,USD,1,19100.32,4,3,1,1
ACCT100005021,CUST0000131,SHELL,ACTIVE,2017-09-14,4991107.91,INR,2,49367.94,8,1,0,1
ACCT100005022,CUST0003524,CURRENT,ACTIVE,2014-10-06,27264.65,AED,1,46944.87,4,4,1,1
ACCT100005023,CUST0002893,SAVINGS,ACTIVE,2015-03-18,1668.47,INR,2,24992.3,2,1,0,1
ACCT100005024,CUST0001802,SHELL,ACTIVE,2016-03-31,233811.89,INR,1,1133809.18,10,1,0,1
ACCT100005025,CUST0002709,SAVINGS,ACTIVE,2015-04-07,5193.56,INR,3,10159.86,2,5,1,1
ACCT100005026,CUST0006735, SALARY ,ACTIVE,2012-02-14,17714.87,INR,3,80291.89,5,1,0,1
ACCT100005027,CUST0000467,NRO,ACTIVE,2018-03-06,10411.91,INR,1,134346.43,4,1,1,1
ACCT100005028,CUST0006102,CURRENT,ACTIVE,2014-04-25,421.6,SGD,3,23990.65,2,2,1,1
ACCT100005029,CUST0000072,SALARY,ACTIVE,2020-08-27,3852.51,INR,2,803.62,2,1,0,1
ACCT100005030,CUST0003190,SAVINGS,ACTIVE,2020-04-02,42746.1,AED,1,7729.95,4,4,0,1
ACCT100005031,CUST0006455,CURRENT,ACTIVE,2018-02-27,247364.02,INR,1,64744.5,2,2,1,1
ACCT100005032,CUST0007406,NRO,ACTIVE,2015-06-04,214726.05,INR,3,10562.21,4,2,1,1
ACCT100005033,CUST0003907,NRE,ACTIVE,2020-09-20,362935.7,USD,1,220920.62,5,2,1,1
ACCT100005034,CUST0005696,SAVINGS,ACTIVE,2012-12-09,111015.2,INR,1,27363.82,2,3,1,1
ACCT100005035,CUST0006866,SAVINGS,ACTIVE,2015-01-23,11793.25,GBP,1,14751.8,5,1,1,1
ACCT100005036,CUST0000258,SALARY,ACTIVE,2012-11-13,6532.32,AED,1,1664.08,5,2,1,1
ACCT100005037,CUST0007457,SAVINGS,ACTIVE,2012-12-10,588.27,INR,2,38270.69,3,1,1,1
ACCT100005038,CUST0003623,NRE,ACTIVE,2014-12-16,370034.31,GBP,2,26862.92,4,2,1,1
ACCT100005039,CUST0006721,CURRENT,ACTIVE,2016-05-15,18467.73,INR,2,129760.98,5,1,1,1
ACCT100005040,CUST0007361,CURRENT,ACTIVE,2015-10-24,83277.67,GBP,1,11544.74,3,2,1,1
ACCT100005041,CUST0001340,SAVINGS,ACTIVE,2021-02-06,12678.93,USD,1,10761.53,1,1,0,1
ACCT100005042,CUST0005137,CURRENT,ACTIVE,2014-01-09,96177.83,USD,1,9719.7,1,1,1,0
ACCT100005043,CUST0001869,NRE,ACTIVE,2020-02-10,7068.37,SGD,1,42423.2,5,2,0,0
ACCT100005044,CUST0005217,CURRENT,ACTIVE,2018-06-25,67984.26,INR,2,22318.62,4,5,1,1
ACCT100005045,CUST0006235,SAVINGS,ACTIVE,2021-01-22,8211.75,USD,1,21904.59,5,1,1,1
ACCT100005046,CUST0005434,SALARY,ACTIVE,2014-12-22,20457.72,INR,1,3144.92,1,2,1,1
ACCT100005047,CUST0002975,CURRENT,ACTIVE,2018-03-23,311289.52,INR,1,93393.71,3,1,0,1
ACCT100005048,CUST0001120,CURRENT,ACTIVE,2021-01-26,4684.29,USD,1,205244.22,2,1,1,1
ACCT100005049,CUST0005126,SAVINGS,ACTIVE,2013-06-17,19520.47,INR,1,10291.91,4,1,1,1
ACCT100005050,CUST0003455,SAVINGS,ACTIVE,2020-04-23,7616.49,AED,1,167768.11,1,1,1,0
ACCT100005051,CUST0005683,SALARY,ACTIVE,2015-11-14,16340.06,INR,1,4310.79,2,2,1,1
ACCT100005052,CUST0005042,CURRENT,BLOCKED,2017-01-04,57045.47,GBP,1,16726.13,5,1,1,1
ACCT100005053,CUST0000707,CURRENT,BLOCKED,2012-05-28,19616.73,INR,3,150517.16,5,3,1,0
ACCT100005054,CUST0005213,TRUST,ACTIVE,2016-07-28,469481.02,INR,1,112801.5,9,2,1,1
ACCT100005055,CUST0004920,SAVINGS,ACTIVE,2014-04-19,4062.14,INR,1,13078.58,2,1,1,1
ACCT100005056,CUST0005259,NRO,BLOCKED,2020-07-02,613232.2,USD,1,99688.72,7,3,1,1
ACCT100005057,CUST0004314,NRE,ACTIVE,2019-08-22,22302.87,INR,1,36752.69,6,1,1,1
ACCT100005058,CUST0004964,CURRENT,ACTIVE,2013-08-08,57130.34,INR,1,35898.46,4,5,1,1
ACCT100005059,CUST0001031, CURRENT ,ACTIVE,2017-08-30,84849.88,INR,1,10877.23,4,1,0,1
ACCT100005060,CUST0006578,savings,ACTIVE,2015-12-18,900553.86,INR,1,6181.5,3,2,1,1
ACCT100005061,CUST0005119,CURRENT,ACTIVE,2017-01-28,6206.5,INR,1,222730.12,2,1,0,1
ACCT100005062,CUST0000698,CURRENT,BLOCKED,2017-05-09,126678.66,INR,1,14487.76,1,1,1,1
ACCT100005063,CUST0006178,CURRENT,ACTIVE,2014-03-23,72736.12,GBP,2,39748.48,3,4,1,1
ACCT100005064,CUST0003975,NRO,ACTIVE,2013-10-10,56654.24,INR,1,163722.65,5,1,1,1
ACCT100005065,CUST0004226,SAVINGS,BLOCKED,2018-02-21,71438.85,USD,1,18869.84,4,1,0,1
ACCT100005066,CUST0000675,CURRENT,ACTIVE,2015-10-13,30854.11,INR,2,9861.57,1,1,1,1
ACCT100005067,CUST0007889,TRUST,ACTIVE,2021-06-24,155788.02,INR,1,242293.18,8,1,1,0
ACCT100005068,CUST0003364,SAVINGS,ACTIVE,2012-07-29,3442.64,USD,3,6896.81,4,4,1,1
ACCT100005069,CUST0004073,CURRENT,ACTIVE,2017-09-18,18462.7,INR,1,54778.62,1,3,1,1
ACCT100005070,CUST0001435,SALARY,ACTIVE,2015-09-06,6397.86,SGD,1,8919.97,5,2,1,1
ACCT100005071,CUST0006764,CURRENT,DORMANT,2016-07-01,1260053.79,INR,2,19863.11,3,3,0,1
ACCT100005072,CUST0002714,NRE,ACTIVE,2019-02-08,496983.85,GBP,3,70055.67,7,3,1,1
ACCT100005073,CUST0007752,SAVINGS,DORMANT,2021-08-11,26709.61,INR,1,27150.11,5,1,0,1
ACCT100005074,CUST0001808,SHELL,ACTIVE,2014-01-26,2311730.66,INR,1,470696.95,7,3,1,1
ACCT100005075,CUST0007431,salary,CLOSED,2015-11-11,38170.66,INR,1,821.99,3,4,1,1
ACCT100005076,CUST0002696,SAVINGS,ACTIVE,2021-07-18,5431.99,INR,1,4336.31,5,1,1,0
ACCT100005077,CUST0002171, SAVINGS ,ACTIVE,2012-05-14,19722.02,USD,1,16802.83,5,2,0,1
ACCT100005078,CUST0001025,SALARY,ACTIVE,2019-01-11,5119.19,USD,1,824.64,2,1,1,1
ACCT100005079,CUST0002513,SALARY,ACTIVE,2013-06-01,18724.15,INR,2,511.17,4,3,1,1
ACCT100005080,CUST0007900,CURRENT,DORMANT,2021-09-25,2189171.45,INR,1,37041.6,2,2,0,1
ACCT100005081,CUST0003176,TRUST,DORMANT,2015-04-01,84350.7,USD,1,394706.09,7,3,0,1
ACCT100005082,CUST0002422, CURRENT ,ACTIVE,2013-03-30,2020.96,SGD,1,92622.02,1,2,1,1
ACCT100005083,CUST0005706,SALARY,ACTIVE,2017-10-19,68834.3,INR,1,3981.01,4,2,1,1
ACCT100005084,CUST0000598,SAVINGS,ACTIVE,2021-07-28,105799.8,INR,1,40134.79,3,1,1,1
ACCT100005085,CUST0001512, CURRENT ,ACTIVE,2013-09-06,121901.52,USD,1,70803.76,4,1,1,1
ACCT100005086,CUST0000032,NRE,ACTIVE,2016-07-23,484294.46,USD,1,145765.04,7,1,1,1
ACCT100005087,CUST0002332,SALARY,ACTIVE,2018-02-17,26675.07,INR,1,20038.49,5,3,1,1
ACCT100005088,CUST0004148,current,ACTIVE,2013-05-05,64239.93,INR,1,36279.4,5,2,0,1
ACCT100005089,CUST0007329,NRO,ACTIVE,2019-07-04,75606.8,INR,1,81001.19,4,1,1,1
ACCT100005090,CUST0004711,TRUST,ACTIVE,2021-01-01,268785.67,USD,1,1002165.26,7,3,1,1
ACCT100005091,CUST0006930,CURRENT,ACTIVE,2018-01-06,41640.12,INR,1,21433.83,4,2,1,1
ACCT100005092,CUST0006999,CURRENT,ACTIVE,2017-05-03,31905.49,INR,1,6616.52,1,1,1,1
ACCT100005093,CUST0007528,SALARY,ACTIVE,2017-02-07,359529.94,INR,3,10531.72,2,1,1,1
ACCT100005094,CUST0005725,SHELL,ACTIVE,2017-01-18,1047045.94,AED,2,1525840.5,9,1,0,1
ACCT100005095,CUST0005782,SAVINGS,ACTIVE,2019-10-29,4787.28,AED,1,7344.34,3,3,1,1
ACCT100005096,CUST0002414,CURRENT,ACTIVE,2021-05-17,38025.86,USD,1,12506.64,2,1,1,1
ACCT100005097,CUST0000234,CURRENT,ACTIVE,2017-05-04,2349451.82,INR,2,3723.3,2,1,1,1
ACCT100005098,CUST0003506, SHELL ,ACTIVE,2017-01-18,69354.88,INR,1,315724.58,8,2,0,1
ACCT100005099,CUST0006391,NRE,ACTIVE,2012-08-04,43136.46,SGD,1,56309.49,5,3,1,1
ACCT100005100,CUST0004494, SAVINGS ,ACTIVE,2014-09-04,7904.63,AED,1,72399.63,4,4,1,1
ACCT100005101,CUST0006265,NRE,ACTIVE,2014-12-22,11052.3,SGD,1,206954.36,4,1,1,0
ACCT100005102,CUST0006314,SAVINGS,ACTIVE,2018-01-05,20179.18,INR,1,15914.01,2,2,1,1
ACCT100005103,CUST0006353,SALARY,ACTIVE,2016-10-23,37558.0,GBP,1,17276.02,3,1,1,1
ACCT100005104,CUST0002246,SAVINGS,ACTIVE,2021-06-02,4028.02,GBP,1,23550.77,5,1,1,1
ACCT100005105,CUST0002151,CURRENT,ACTIVE,2012-04-14,549612.77,INR,1,74505.01,5,1,1,1
ACCT100005106,CUST0007028,NRE,ACTIVE,2021-02-24,293741.56,INR,1,286231.87,7,1,1,1
ACCT100005107,CUST0007799,SAVINGS,DORMANT,2018-09-17,4918.17,GBP,2,12562.94,5,2,1,0
ACCT100005108,CUST0002291,SALARY,ACTIVE,2017-10-23,9810.23,USD,2,5742.91,5,2,0,1
ACCT100005109,CUST0006954,CURRENT,ACTIVE,2021-10-12,2281677.9,INR,1,43833.04,2,2,1,1
ACCT100005110,CUST0003150,SAVINGS,ACTIVE,2018-08-10,11992.43,INR,1,44536.37,5,1,1,0
ACCT100005111,CUST0004253,NRO,ACTIVE,2013-12-08,184317.51,INR,3,60501.6,4,1,1,1
ACCT100005112,CUST0005609,CURRENT,ACTIVE,2017-07-23,409191.79,USD,1,96671.04,3,1,1,1
ACCT100005113,CUST0006193, SALARY ,ACTIVE,2014-02-17,12471.91,SGD,1,42466.11,2,2,1,1
ACCT100005114,CUST0002829, SALARY ,DORMANT,2013-10-22,99497.9,SGD,1,4768.71,5,2,1,1
ACCT100005115,CUST0005540,SALARY,ACTIVE,2013-05-23,7567.6,GBP,2,2534.98,4,1,1,0
ACCT100005116,CUST0004648,CURRENT,ACTIVE,2015-06-04,53569.3,INR,1,128978.37,1,2,1,1
ACCT100005117,CUST0002163,CURRENT,ACTIVE,2018-02-14,37899.78,AED,1,53441.11,1,3,1,1
ACCT100005118,CUST0001430,NRO,ACTIVE,2018-09-27,127704.51,INR,1,45843.82,7,4,0,0
ACCT100005119,CUST0006931,SALARY,ACTIVE,2018-02-22,6429.55,SGD,1,26684.6,1,2,1,1
ACCT100005120,CUST0000578,NRE,DORMANT,2013-07-31,1911247.44,INR,3,43002.9,5,3,1,1
ACCT100005121,CUST0000044,CURRENT,ACTIVE,2016-06-12,29955.92,AED,1,388681.78,5,1,1,1
ACCT100005122,CUST0001208,SHELL,ACTIVE,2016-02-01,1720353.46,USD,2,253084.81,9,1,0,1
ACCT100005123,CUST0000980,SAVINGS,ACTIVE,2016-06-13,39374.64,USD,1,26227.28,3,1,1,1
ACCT100005124,CUST0006393,CURRENT,ACTIVE,2017-12-02,61309.68,INR,2,39463.02,5,2,1,1
ACCT100005125,CUST0000151,SAVINGS,ACTIVE,2012-08-01,642.57,INR,1,15535.09,3,1,1,1
ACCT100005126,CUST0000279,SAVINGS,ACTIVE,2021-02-01,41690.45,INR,1,8067.42,5,1,0,1
ACCT100005127,CUST0001210,SAVINGS,ACTIVE,2014-06-01,3328.98,AED,2,20840.47,5,2,1,1
ACCT100005128,CUST0006487,CURRENT,ACTIVE,2016-10-06,162901.39,AED,1,18214.99,4,1,0,0
ACCT100005129,CUST0000496,SAVINGS,ACTIVE,2016-11-24,69473.37,USD,1,2678.36,4,2,1,1
ACCT100005130,CUST0002221,salary,DORMANT,2014-11-05,12349.14,GBP,2,28759.83,1,1,1,1
ACCT100005131,CUST0000788,TRUST,DORMANT,2019-06-06,15849.5,INR,1,44642.07,7,1,1,1
ACCT100005132,CUST0000988,SAVINGS,ACTIVE,2019-12-11,1491.41,AED,1,16844.76,4,1,1,1
ACCT100005133,CUST0006497,SALARY,ACTIVE,2016-12-14,72547.7,USD,1,13189.21,2,4,1,1
ACCT100005134,CUST0000988,SAVINGS,ACTIVE,2015-01-09,2363.58,INR,1,12298.86,5,1,1,1
ACCT100005135,CUST0001933,SAVINGS,ACTIVE,2017-10-01,54800.57,USD,1,69127.13,1,1,0,1
ACCT100005136,CUST0004719,NRE,ACTIVE,2016-06-27,64508.48,INR,1,495976.49,6,3,1,1
ACCT100005137,CUST0002307,CURRENT,ACTIVE,2012-07-19,91501.32,INR,1,84804.38,2,1,1,1
ACCT100005138,CUST0006874,SAVINGS,ACTIVE,2019-09-28,19463.84,INR,2,2522.84,4,3,1,0
ACCT100005139,CUST0007802,CURRENT,ACTIVE,2020-01-28,34593.55,USD,1,56078.84,5,1,1,1
ACCT100005140,CUST0000196,SHELL,ACTIVE,2019-08-25,1437212.05,USD,2,1746853.72,8,1,1,1
ACCT100005141,CUST0004784,NRE,ACTIVE,2014-08-15,860989.4,USD,2,277427.47,4,1,0,1
ACCT100005142,CUST0006969,salary,BLOCKED,2021-10-07,3884.83,AED,1,4249.66,3,4,1,1
ACCT100005143,CUST0004562,TRUST,ACTIVE,2016-11-16,413553.81,INR,2,253963.11,7,1,0,1
ACCT100005144,CUST0000715,NRE,ACTIVE,2013-07-21,55583.19,AED,3,4613.19,7,2,1,1
ACCT100005145,CUST0000872,CURRENT,ACTIVE,2013-01-04,162264.37,INR,1,138860.45,5,1,1,1
ACCT100005146,CUST0003400,CURRENT,ACTIVE,2016-05-12,218033.54,INR,2,283450.1,5,3,1,1
ACCT100005147,CUST0006129,TRUST,ACTIVE,2017-09-09,136120.97,USD,1,211550.74,7,2,1,1
ACCT100005148,CUST0002161,SAVINGS,DORMANT,2013-01-08,33094.05,INR,1,2250.7,1,1,1,1
ACCT100005149,CUST0000516,CURRENT,ACTIVE,2017-01-19,255425.63,USD,1,108949.52,4,1,1,1
ACCT100005150,CUST0000359,CURRENT,ACTIVE,2014-03-11,15118.44,INR,1,46700.39,5,1,1,1
ACCT100005151,CUST0002321,SAVINGS,ACTIVE,2020-03-31,4853.95,INR,1,5407.88,3,2,1,1
ACCT100005152,CUST0003982,SAVINGS,ACTIVE,2018-05-21,20946.77,INR,3,4253.26,1,1,1,1
ACCT100005153,CUST0007189,CURRENT,BLOCKED,2015-06-07,6571.72,AED,1,1323.8,4,1,1,1
ACCT100005154,CUST0000968,SALARY,ACTIVE,2019-06-18,21337.26,INR,1,5057.21,1,2,1,0
ACCT100005155,CUST0001151,CURRENT,ACTIVE,2018-03-19,79322.04,AED,1,876257.87,4,1,1,1
ACCT100005156,CUST0003013,CURRENT,ACTIVE,2012-03-18,321410.71,USD,3,43835.73,5,1,1,1
ACCT100005157,CUST0003936,SALARY,ACTIVE,2018-05-14,116582.76,INR,1,2460.83,3,1,1,1
ACCT100005158,CUST0003766,SALARY,ACTIVE,2020-09-21,4693.9,USD,3,5255.05,2,3,1,1
ACCT100005159,CUST0003921, SAVINGS ,ACTIVE,2021-11-21,19743.87,AED,1,47428.99,5,4,1,0
ACCT100005160,CUST0003508,SAVINGS,DORMANT,2020-10-09,14199.7,USD,1,32283.37,2,2,0,0
ACCT100005161,CUST0005640, SAVINGS ,ACTIVE,2016-02-18,27288.04,USD,1,37551.83,4,1,1,1
ACCT100005162,CUST0007206,SALARY,DORMANT,2018-10-21,1675.63,INR,1,18829.72,4,1,0,1
ACCT100005163,CUST0003107,SAVINGS,DORMANT,2014-01-24,46071.63,AED,1,2356.06,4,2,1,1
ACCT100005164,CUST0005437,SHELL,ACTIVE,2018-04-26,2264314.21,INR,1,45718.77,9,1,1,1
ACCT100005165,CUST0000562,SALARY,ACTIVE,2020-05-16,7434.51,INR,1,4491.73,5,2,1,1
ACCT100005166,CUST0006339,SALARY,ACTIVE,2015-09-06,537.56,INR,3,359712.13,4,1,1,1
ACCT100005167,CUST0003433,SAVINGS,ACTIVE,2019-10-06,6405.44,USD,1,369.22,3,3,0,1
ACCT100005168,CUST0001913,SAVINGS,ACTIVE,2021-04-17,8286.54,USD,2,3970.36,3,2,1,1
ACCT100005169,CUST0002605,CURRENT,ACTIVE,2018-07-29,41859.53,USD,1,36384.73,3,1,1,1
ACCT100005170,CUST0007956,current,ACTIVE,2015-06-23,37096.16,USD,1,350718.33,5,2,1,1
ACCT100005171,CUST0005263,SAVINGS,ACTIVE,2016-11-20,1821.0,GBP,3,89704.25,5,3,0,1
ACCT100005172,CUST0001716,SAVINGS,BLOCKED,2021-05-28,21109.59,USD,1,3869.31,1,1,0,1
ACCT100005173,CUST0005931,SAVINGS,ACTIVE,2016-06-22,55802.5,SGD,3,35085.09,5,2,1,1
ACCT100005174,CUST0002653,SALARY,ACTIVE,2018-05-23,4927.48,GBP,2,21594.79,4,1,1,1
ACCT100005175,CUST0001250,CURRENT,ACTIVE,2016-12-02,37942.19,INR,1,220241.13,1,4,1,1
ACCT100005176,CUST0003358,CURRENT,ACTIVE,2013-02-14,45290.48,AED,2,33939.35,4,2,0,1
ACCT100005177,CUST0007952,TRUST,DORMANT,2018-02-20,2570774.5,INR,1,78631.91,8,1,1,1
ACCT100005178,CUST0005623, CURRENT ,ACTIVE,2014-07-25,20638.87,INR,1,7288.7,1,3,0,1
ACCT100005179,CUST0003665,NRO,BLOCKED,2012-04-18,150666.4,USD,1,268666.23,6,2,1,1
ACCT100005180,CUST0007285,SAVINGS,ACTIVE,2018-10-03,38935.9,INR,1,100178.51,5,2,1,1
ACCT100005181,CUST0000850,NRE,ACTIVE,2017-01-04,91257.87,INR,1,102380.01,7,2,0,1
ACCT100005182,CUST0003833,CURRENT,ACTIVE,2016-06-25,10600.2,INR,1,420536.26,1,1,1,1
ACCT100005183,CUST0004727,CURRENT,ACTIVE,2013-10-30,40369.48,INR,1,31449.73,4,1,1,1
ACCT100005184,CUST0007532,SALARY,ACTIVE,2020-06-02,402.51,INR,1,6357.1,5,1,1,1
ACCT100005185,CUST0005227,SALARY,BLOCKED,2020-08-15,16955.08,SGD,1,5955.61,3,1,1,1
ACCT100005186,CUST0005146,NRE,ACTIVE,2021-11-05,41917.21,INR,2,82883.37,6,2,0,1
ACCT100005187,CUST0002301, SAVINGS ,ACTIVE,2019-01-06,5579.46,INR,1,4538.27,4,1,1,1
ACCT100005188,CUST0000708,current,ACTIVE,2020-02-16,1140563.54,USD,1,7543.14,5,2,1,1
ACCT100005189,CUST0002061,CURRENT,ACTIVE,2019-06-25,68247.42,USD,1,7291.6,3,1,1,1
ACCT100005190,CUST0001803, TRUST ,DORMANT,2021-11-18,193145.77,INR,1,2201235.75,9,1,1,0
ACCT100005191,CUST0002158,SAVINGS,DORMANT,2019-10-29,11932.19,INR,1,7066.22,3,4,1,1
ACCT100005192,CUST0004275,CURRENT,ACTIVE,2015-05-18,118866.61,INR,1,78457.13,5,2,0,1
ACCT100005193,CUST0003766,NRE,ACTIVE,2017-04-19,147365.44,INR,1,360353.1,7,2,0,1
ACCT100005194,CUST0005528,TRUST,DORMANT,2016-03-15,59039.84,INR,1,1479210.98,10,1,1,0
ACCT100005195,CUST0006038,NRE,ACTIVE,2017-01-07,126752.02,INR,1,247595.44,6,1,1,0
ACCT100005196,CUST0000346,SHELL,DORMANT,2012-07-19,721319.08,INR,2,108519.6,8,1,1,0
ACCT100005197,CUST0003859,CURRENT,DORMANT,2017-01-21,113691.36,USD,2,19758.43,3,2,1,1
ACCT100005198,CUST0007262,SALARY,ACTIVE,2018-06-27,53489.59,INR,1,14154.73,5,1,1,1
ACCT100005199,CUST0005491,NRO,ACTIVE,2012-05-19,29541.26,INR,3,11747.9,4,1,0,1
ACCT100005200,CUST0002005,CURRENT,ACTIVE,2018-08-04,134186.17,GBP,1,131603.52,1,1,0,1
ACCT100005201,CUST0007072,SAVINGS,ACTIVE,2013-03-24,12503.41,USD,1,9130.35,5,1,0,1
ACCT100005202,CUST0001642,SAVINGS,ACTIVE,2015-10-14,15028.21,INR,1,37127.37,4,2,1,1
ACCT100005203,CUST0007331,TRUST,ACTIVE,2013-11-05,49675.73,INR,3,85121.08,7,1,1,1
ACCT100005204,CUST0007217,SAVINGS,ACTIVE,2015-04-12,1636.29,AED,1,10714.27,4,2,1,1
ACCT100005205,CUST0006495,current,DORMANT,2016-04-23,28993.36,INR,1,141865.45,3,1,0,1
ACCT100005206,CUST0002228,NRO,ACTIVE,2016-11-20,238974.24,INR,1,321354.19,5,1,1,1
ACCT100005207,CUST0001139,CURRENT,ACTIVE,2013-11-06,33773.35,INR,1,11547.19,5,2,0,1
ACCT100005208,CUST0007291,SAVINGS,ACTIVE,2015-08-29,21371.64,AED,1,11206.11,2,1,1,1
ACCT100005209,CUST0000811,SAVINGS,ACTIVE,2021-08-15,343.02,INR,1,8236.69,4,3,1,1
ACCT100005210,CUST0001846,SAVINGS,ACTIVE,2016-06-15,25371.73,SGD,3,1898.55,1,1,0,1
ACCT100005211,CUST0002236,SALARY,ACTIVE,2013-05-23,59871.39,USD,2,4995.49,2,1,0,1
ACCT100005212,CUST0004069,CURRENT,ACTIVE,2021-07-14,17166.31,INR,1,61138.04,5,1,1,0
ACCT100005213,CUST0000466,SAVINGS,ACTIVE,2012-11-05,36860.26,SGD,1,11209.13,5,1,0,1
ACCT100005214,CUST0004938,SAVINGS,ACTIVE,2019-02-26,19544.2,USD,1,13717.16,2,4,1,0
ACCT100005215,CUST0001890,NRO,ACTIVE,2017-11-04,26289.94,INR,1,64774.0,5,2,1,1
ACCT100005216,CUST0003448,SAVINGS,ACTIVE,2021-11-19,10018.22,INR,1,13525.77,4,3,0,1
ACCT100005217,CUST0001938,CURRENT,DORMANT,2014-08-13,152624.11,INR,1,107797.87,1,5,0,1
ACCT100005218,CUST0001649,CURRENT,ACTIVE,2012-07-14,9433.87,INR,1,6794.68,5,3,1,1
ACCT100005219,CUST0001702,SAVINGS,ACTIVE,2017-07-22,100120.45,INR,1,17761.67,2,3,1,0
ACCT100005220,CUST0005693,SAVINGS,ACTIVE,2016-01-03,144521.31,SGD,2,1808.66,1,1,1,0
ACCT100005221,CUST0006101,SALARY,ACTIVE,2014-12-27,4877.87,AED,1,6497.45,3,4,1,1
ACCT100005222,CUST0001203,NRO,ACTIVE,2021-06-15,155796.1,INR,1,14854.57,7,1,1,1
ACCT100005223,CUST0004378,SALARY,ACTIVE,2015-10-21,27754.55,USD,3,25167.0,5,3,1,0
ACCT100005224,CUST0002264,CURRENT,ACTIVE,2016-11-03,3869.08,USD,2,44539.94,2,1,1,1
ACCT100005225,CUST0007874,CURRENT,ACTIVE,2016-10-26,79731.61,INR,2,33257.85,5,2,0,1
ACCT100005226,CUST0001765,CURRENT,ACTIVE,2015-10-20,685.0,SGD,1,185883.64,3,3,1,0
ACCT100005227,CUST0001941,CURRENT,DORMANT,2013-10-02,102894.84,INR,2,10076.79,2,1,1,1
ACCT100005228,CUST0001472,CURRENT,CLOSED,2017-03-14,6904.24,AED,1,26937.78,4,2,1,1
ACCT100005229,CUST0007180,CURRENT,DORMANT,2013-12-03,246730.62,USD,1,21364.65,4,1,1,1
ACCT100005230,CUST0002302,SALARY,ACTIVE,2018-01-30,4664.68,INR,2,23106.63,4,1,1,1
ACCT100005231,CUST0006516,SAVINGS,ACTIVE,2012-04-25,6658.94,INR,1,3897.59,4,2,0,0
ACCT100005232,CUST0002012,SAVINGS,ACTIVE,2017-06-03,19489.81,INR,1,31174.78,2,3,0,1
ACCT100005233,CUST0001120,SALARY,ACTIVE,2015-03-18,3939.13,SGD,3,93.23,1,3,1,0
ACCT100005234,CUST0002802,NRE,DORMANT,2012-07-23,48656.57,INR,1,45261.39,7,1,1,1
ACCT100005235,CUST0004165,SALARY,ACTIVE,2018-04-04,65137.46,INR,1,8760.98,4,3,1,1
ACCT100005236,CUST0002814,CURRENT,ACTIVE,2019-06-07,99051.02,INR,1,17627.67,4,1,0,1
ACCT100005237,CUST0002241,CURRENT,ACTIVE,2014-01-08,245261.07,USD,1,15018.61,2,1,1,1
ACCT100005238,CUST0000726,SAVINGS,ACTIVE,2018-04-03,24020.52,SGD,1,24838.36,1,1,0,1
ACCT100005239,CUST0002660,TRUST,DORMANT,2012-11-03,112835.91,INR,1,101652.14,10,2,1,1
ACCT100005240,CUST0007647,NRO,DORMANT,2021-10-19,134346.65,AED,2,109399.62,4,2,1,1
ACCT100005241,CUST0001040,TRUST,BLOCKED,2018-07-05,298845.58,USD,1,411201.71,7,2,1,0
ACCT100005242,CUST0004358,SALARY,DORMANT,2020-07-01,5716.02,GBP,1,4905.58,5,2,0,1
ACCT100005243,CUST0001848,CURRENT,ACTIVE,2017-02-13,215640.34,INR,1,66202.34,2,1,1,1
ACCT100005244,CUST0007590,NRO,ACTIVE,2020-07-03,179511.88,INR,3,25700.75,7,1,1,1
ACCT100005245,CUST0007894, CURRENT ,ACTIVE,2017-11-08,73251.25,INR,1,41687.14,1,2,1,1
ACCT100005246,CUST0005036,SAVINGS,ACTIVE,2018-09-05,8651.68,INR,2,7613.65,2,3,1,0
ACCT100005247,CUST0003885,CURRENT,ACTIVE,2012-11-15,196156.18,USD,1,25665.09,1,2,1,1
ACCT100005248,CUST0004647,SAVINGS,ACTIVE,2014-08-18,9024.28,INR,1,4216.8,5,1,1,1
ACCT100005249,CUST0004048,NRE,ACTIVE,2017-03-13,335982.57,INR,1,530297.27,6,3,1,1
ACCT100005250,CUST0007777,CURRENT,ACTIVE,2016-05-20,234027.48,AED,1,92049.82,2,1,1,1
ACCT100005251,CUST0001930,SALARY,ACTIVE,2012-09-29,12917.98,AED,2,25350.77,1,1,1,1
ACCT100005252,CUST0005194,SALARY,BLOCKED,2012-07-08,40286.23,INR,3,672.91,2,1,0,1
ACCT100005253,CUST0001495,SALARY,ACTIVE,2015-10-20,33821.89,INR,1,2732.54,4,1,1,1
ACCT100005254,CUST0007160,TRUST,ACTIVE,2016-10-06,51424.68,SGD,2,272302.03,8,2,1,1
ACCT100005255,CUST0004553,SAVINGS,ACTIVE,2019-05-16,39603.5,INR,1,57261.77,1,1,1,1
ACCT100005256,CUST0002114,SALARY,ACTIVE,2017-12-09,3974.07,USD,1,42668.18,1,2,0,0
ACCT100005257,CUST0001415,SAVINGS,ACTIVE,2014-09-30,27343.49,INR,2,11841.39,4,1,1,1
ACCT100005258,CUST0003266,SAVINGS,ACTIVE,2017-02-14,53595.92,USD,1,7298.99,3,1,1,0
ACCT100005259,CUST0006232,SAVINGS,ACTIVE,2020-11-29,42003.79,USD,1,1096.33,1,3,1,1
ACCT100005260,CUST0007980,NRE,ACTIVE,2016-06-06,159087.66,INR,1,161140.06,7,2,1,1
ACCT100005261,CUST0007883,CURRENT,ACTIVE,2018-11-19,36182.67,USD,1,53671.12,5,2,1,1
ACCT100005262,CUST0002423,SALARY,ACTIVE,2018-01-18,100012.66,INR,1,16378.5,3,2,0,1
ACCT100005263,CUST0007117,TRUST,ACTIVE,2013-09-25,4496083.39,USD,1,46667.07,10,1,1,0
ACCT100005264,CUST0002644,NRO,ACTIVE,2021-01-02,177749.96,INR,1,62503.27,5,1,0,1
ACCT100005265,CUST0007248,SAVINGS,ACTIVE,2017-01-06,727.62,INR,1,25195.69,2,3,0,1
ACCT100005266,CUST0007085,SALARY,ACTIVE,2014-11-25,1669.4,GBP,1,1140.25,1,1,0,1
ACCT100005267,CUST0000331,SAVINGS,ACTIVE,2013-05-29,9648.81,INR,1,1838.14,1,2,1,0
ACCT100005268,CUST0006408,SAVINGS,DORMANT,2018-02-11,64360.91,INR,1,12335.13,3,2,1,1
ACCT100005269,CUST0005637,NRO,ACTIVE,2015-08-15,106310.61,AED,2,57285.07,7,3,1,1
ACCT100005270,CUST0000433,SALARY,ACTIVE,2016-03-31,137087.8,USD,1,2782.24,1,2,1,1
ACCT100005271,CUST0006484,NRE,ACTIVE,2014-07-28,353518.24,AED,1,36933.31,4,1,1,1
ACCT100005272,CUST0005556,SAVINGS,ACTIVE,2015-08-04,46497.85,USD,2,32242.95,5,2,0,0
ACCT100005273,CUST0006507,SAVINGS,CLOSED,2012-08-17,1164.18,INR,1,25391.97,4,3,1,1
ACCT100005274,CUST0001615,SAVINGS,ACTIVE,2017-10-09,17094.27,INR,1,7618.91,4,1,0,1
ACCT100005275,CUST0001646, SAVINGS ,CLOSED,2014-09-24,36144.17,INR,1,11204.97,3,5,1,1
ACCT100005276,CUST0005969,SAVINGS,ACTIVE,2012-11-12,12710.45,AED,2,12749.14,4,2,0,1
ACCT100005277,CUST0006634,SALARY,ACTIVE,2016-02-23,4475.72,INR,2,1509.94,5,2,1,1
ACCT100005278,CUST0005107,SHELL,ACTIVE,2021-02-26,1121376.26,AED,2,994935.91,10,2,1,0
ACCT100005279,CUST0002464,NRO,ACTIVE,2014-12-14,48113.08,INR,1,383509.98,6,2,1,0
ACCT100005280,CUST0006285,SAVINGS,ACTIVE,2015-11-15,10429.35,INR,1,51944.67,2,1,1,1
ACCT100005281,CUST0001451,SAVINGS,ACTIVE,2013-02-28,9547.99,INR,2,6681.23,4,2,1,1
ACCT100005282,CUST0003150,CURRENT,ACTIVE,2020-06-23,203050.29,INR,2,50817.51,5,1,1,1
ACCT100005283,CUST0002966,SAVINGS,ACTIVE,2013-08-04,109909.43,SGD,1,83840.93,1,3,1,1
ACCT100005284,CUST0003465,SALARY,ACTIVE,2018-10-28,57364.56,USD,1,19359.53,5,1,0,1
ACCT100005285,CUST0005020,SALARY,ACTIVE,2019-07-14,205.47,USD,1,6092.81,1,3,1,1
ACCT100005286,CUST0002710,NRE,DORMANT,2014-10-04,119016.72,INR,1,767938.39,7,1,1,0
ACCT100005287,CUST0001933,SALARY,ACTIVE,2020-01-07,31322.34,INR,2,57517.05,2,2,0,1
ACCT100005288,CUST0006114,SAVINGS,ACTIVE,2021-03-13,12264.44,AED,1,2807.25,1,1,1,1
ACCT100005289,CUST0007186,SAVINGS,ACTIVE,2015-09-12,31521.79,USD,1,28413.41,1,1,1,1
ACCT100005290,CUST0002202,CURRENT,DORMANT,2018-05-13,42171.59,INR,1,34082.65,1,1,1,1
ACCT100005291,CUST0001393,NRO,ACTIVE,2013-11-10,34903.5,INR,3,40555.51,5,2,1,1
ACCT100005292,CUST0004548,SAVINGS,ACTIVE,2016-12-09,47982.69,INR,1,5932.08,1,1,1,1
ACCT100005293,CUST0005660,CURRENT,ACTIVE,2016-03-08,12086.87,INR,1,268704.26,3,3,0,1
ACCT100005294,CUST0001611,SALARY,ACTIVE,2015-10-16,6086.26,INR,1,18724.84,4,1,1,1
ACCT100005295,CUST0006353,CURRENT,ACTIVE,2017-07-19,64648.18,INR,1,6026.98,4,2,1,1
ACCT100005296,CUST0005881,NRO,ACTIVE,2018-06-24,16377.72,INR,1,114734.7,4,1,1,1
ACCT100005297,CUST0002504,NRO,ACTIVE,2020-03-31,113529.59,INR,2,75900.42,7,1,1,0
ACCT100005298,CUST0003725,NRO,ACTIVE,2014-08-24,90232.3,SGD,1,109903.74,4,1,0,0
ACCT100005299,CUST0007287,NRE,ACTIVE,2019-08-27,81987.17,INR,1,36411.9,7,2,0,1
ACCT100005300,CUST0005682,SAVINGS,ACTIVE,2019-10-06,13255.51,INR,3,49705.68,4,1,0,1
ACCT100005301,CUST0004370,CURRENT,ACTIVE,2018-12-02,30921.34,INR,1,24410.64,2,1,1,0
ACCT100005302,CUST0005539,CURRENT,ACTIVE,2018-10-29,13099.44,INR,2,54891.18,4,1,1,1
ACCT100005303,CUST0006936,CURRENT,ACTIVE,2018-11-30,24505.22,INR,1,10414.8,4,5,0,0
ACCT100005304,CUST0005390,SALARY,BLOCKED,2018-12-24,11805.04,INR,1,849.1,2,1,1,1
ACCT100005305,CUST0004690,nre,ACTIVE,2016-12-16,1071890.36,INR,1,302119.89,6,2,1,0
ACCT100005306,CUST0004842,CURRENT,ACTIVE,2014-02-10,14373.89,SGD,2,5115.62,1,3,1,1
ACCT100005307,CUST0003506,NRE,ACTIVE,2021-09-18,60904.01,INR,3,84046.76,6,3,0,1
ACCT100005308,CUST0007876,SAVINGS,ACTIVE,2020-10-13,10294.63,INR,1,104130.61,4,4,1,1
ACCT100005309,CUST0001094,SALARY,ACTIVE,2018-12-24,102710.69,INR,1,283109.31,2,5,1,1
ACCT100005310,CUST0002667, SALARY ,ACTIVE,2018-04-09,3481.12,AED,1,4574.49,4,1,1,1
ACCT100005311,CUST0005282,CURRENT,ACTIVE,2015-11-09,5619.5,INR,1,15193.62,2,1,1,1
ACCT100005312,CUST0003705,CURRENT,ACTIVE,2012-04-10,90091.06,USD,2,10664.37,3,3,0,1
ACCT100005313,CUST0004990,SHELL,ACTIVE,2014-03-24,814981.53,INR,1,1574818.14,10,3,1,1
ACCT100005314,CUST0000665,SALARY,ACTIVE,2020-02-03,11068.82,INR,1,11242.8,3,1,1,1
ACCT100005315,CUST0006369, CURRENT ,ACTIVE,2016-12-06,48808.92,USD,2,77420.47,5,1,1,0
ACCT100005316,CUST0000813,SALARY,ACTIVE,2017-10-16,1689.57,INR,1,23223.4,4,1,1,1
ACCT100005317,CUST0002049,CURRENT,ACTIVE,2014-02-14,72063.12,INR,1,68299.72,3,2,0,1
ACCT100005318,CUST0000058,CURRENT,CLOSED,2017-05-23,292267.32,INR,1,77837.18,2,1,1,1
ACCT100005319,CUST0007385,CURRENT,ACTIVE,2016-12-06,199511.82,INR,1,28339.12,5,1,1,1
ACCT100005320,CUST0005296,CURRENT,ACTIVE,2019-04-18,151019.51,USD,1,61666.45,1,2,0,1
ACCT100005321,CUST0003473,TRUST,CLOSED,2017-03-07,6301514.74,INR,1,819964.62,10,4,0,1
ACCT100005322,CUST0001463,SHELL,ACTIVE,2018-09-21,298646.75,AED,1,130515.8,10,2,1,1
ACCT100005323,CUST0000475,CURRENT,ACTIVE,2016-07-17,31403.31,INR,2,79233.3,4,1,1,1
ACCT100005324,CUST0003109,SAVINGS,ACTIVE,2019-10-05,3991.62,INR,1,12755.88,4,1,1,1
ACCT100005325,CUST0007674,SAVINGS,CLOSED,2013-05-12,231300.16,AED,1,43888.99,3,1,0,1
ACCT100005326,CUST0006336,TRUST,DORMANT,2013-10-25,364464.18,AED,2,4217.16,8,2,1,1
ACCT100005327,CUST0004838,SAVINGS,ACTIVE,2012-03-03,38686.72,AED,1,23604.82,2,1,1,1
ACCT100005328,CUST0002452,SALARY,DORMANT,2020-11-15,10606.85,SGD,1,6273.22,3,3,0,1
ACCT100005329,CUST0007842,SAVINGS,ACTIVE,2017-11-11,4605.07,INR,2,10493.09,2,3,0,1
ACCT100005330,CUST0007043,CURRENT,ACTIVE,2018-09-18,20940.94,USD,1,1203964.78,1,1,1,0
ACCT100005331,CUST0005450,current,ACTIVE,2020-12-30,22630.52,INR,1,11441.86,3,1,1,0
ACCT100005332,CUST0000184,SALARY,ACTIVE,2016-08-12,1897.67,SGD,2,31060.13,5,2,0,1
ACCT100005333,CUST0003106,CURRENT,ACTIVE,2016-10-27,2654.1,INR,1,73885.27,5,2,1,1
ACCT100005334,CUST0004119,CURRENT,ACTIVE,2021-07-20,78839.52,USD,2,15944.66,3,3,1,1
ACCT100005335,CUST0007628,SALARY,ACTIVE,2016-06-03,20832.52,SGD,1,26414.2,5,1,1,1
ACCT100005336,CUST0003923,SALARY,ACTIVE,2012-01-24,34354.82,USD,1,6055.39,1,3,0,1
ACCT100005337,CUST0006827,SALARY,ACTIVE,2014-10-11,42611.39,USD,1,7329.41,2,2,1,1
ACCT100005338,CUST0003360,NRO,ACTIVE,2012-06-16,30049.84,INR,1,64390.34,5,1,1,1
ACCT100005339,CUST0007903,SAVINGS,ACTIVE,2020-03-20,230212.63,USD,1,3805.9,4,1,1,0
ACCT100005340,CUST0003906,TRUST,DORMANT,2017-10-03,965188.15,USD,1,43509.67,9,1,1,1
ACCT100005341,CUST0002106,SALARY,ACTIVE,2015-02-27,16043.26,INR,2,3427.31,1,4,1,1
ACCT100005342,CUST0000477,SAVINGS,ACTIVE,2014-03-18,33059.08,INR,2,18918.19,5,1,1,0
ACCT100005343,CUST0007870,CURRENT,ACTIVE,2014-08-06,5901.97,USD,2,146916.71,2,1,1,1
ACCT100005344,CUST0002420,CURRENT,ACTIVE,2018-03-08,31689.26,INR,2,13257.73,2,4,1,1
ACCT100005345,CUST0007545,SALARY,ACTIVE,2013-05-31,44794.16,USD,1,2647.73,2,2,1,1
ACCT100005346,CUST0004519,SHELL,ACTIVE,2019-10-12,159900.32,INR,1,1225906.34,7,1,1,1
ACCT100005347,CUST0002489,nro,ACTIVE,2016-11-06,59774.73,INR,2,39810.08,6,1,0,1
ACCT100005348,CUST0003541,NRO,ACTIVE,2018-03-12,25666.37,INR,3,1217711.43,5,1,1,1
ACCT100005349,CUST0006673,CURRENT,ACTIVE,2019-05-06,506248.71,SGD,1,58069.17,1,1,1,1
ACCT100005350,CUST0001443,CURRENT,ACTIVE,2018-08-16,791446.92,INR,1,53287.06,5,2,0,1
ACCT100005351,CUST0002562,SAVINGS,ACTIVE,2014-02-08,5924.14,AED,1,14255.37,2,2,0,1
ACCT100005352,CUST0006649,CURRENT,ACTIVE,2016-06-18,947264.1,GBP,1,206942.28,5,3,0,1
ACCT100005353,CUST0002194,SALARY,ACTIVE,2020-07-26,5417.83,INR,1,10996.28,2,5,1,1
ACCT100005354,CUST0002119,NRE,ACTIVE,2015-07-09,157583.55,USD,2,167126.43,6,1,1,1
ACCT100005355,CUST0003228,SAVINGS,ACTIVE,2019-07-05,11508.53,GBP,2,7961.65,3,5,0,0
ACCT100005356,CUST0001454,TRUST,DORMANT,2017-03-24,939059.93,AED,1,21650.04,8,1,1,1
ACCT100005357,CUST0007813,SAVINGS,ACTIVE,2020-06-02,820.95,INR,1,10297.27,2,3,1,1
ACCT100005358,CUST0000098,SAVINGS,ACTIVE,2016-01-30,185100.5,USD,1,43919.97,3,1,1,1
ACCT100005359,CUST0005851,CURRENT,ACTIVE,2019-07-08,37668.93,GBP,1,27769.83,2,2,1,1
ACCT100005360,CUST0000019,SALARY,ACTIVE,2014-12-10,2520.68,USD,2,29774.67,3,1,1,1
ACCT100005361,CUST0004124,SALARY,ACTIVE,2019-08-19,3522.24,INR,1,4084.13,2,1,1,1
ACCT100005362,CUST0004856,SAVINGS,DORMANT,2016-10-02,4411.51,INR,2,22929.58,2,1,1,1
ACCT100005363,CUST0000290,TRUST,ACTIVE,2021-11-29,103449.43,INR,1,763518.65,10,1,0,1
ACCT100005364,CUST0000517,SALARY,ACTIVE,2014-09-25,70517.2,INR,1,22409.41,1,3,1,1
ACCT100005365,CUST0003301,NRE,ACTIVE,2018-05-24,29836.53,INR,1,54297.48,5,1,0,1
ACCT100005366,CUST0003230,NRO,ACTIVE,2013-10-14,31885.03,INR,1,130734.22,5,2,1,1
ACCT100005367,CUST0006296,CURRENT,ACTIVE,2018-03-09,96284.99,USD,1,43619.15,5,1,1,0
ACCT100005368,CUST0003429,SAVINGS,ACTIVE,2021-11-08,162310.18,INR,1,22481.4,1,1,1,0
ACCT100005369,CUST0000979,SALARY,ACTIVE,2019-11-17,5534.88,INR,2,20342.62,3,1,1,1
ACCT100005370,CUST0002323,CURRENT,BLOCKED,2020-05-25,90823.79,USD,2,23297.73,3,2,1,0
ACCT100005371,CUST0006676,CURRENT,ACTIVE,2013-10-15,335077.52,GBP,1,39026.18,1,1,1,1
ACCT100005372,CUST0007219,SAVINGS,ACTIVE,2019-05-27,62948.37,INR,1,103698.1,4,1,1,1
ACCT100005373,CUST0000753,NRE,ACTIVE,2015-02-28,316475.11,AED,1,204684.25,6,1,1,1
ACCT100005374,CUST0007968,NRE,ACTIVE,2014-08-24,2833699.69,INR,1,635250.61,7,2,1,1
ACCT100005375,CUST0004857,SALARY,ACTIVE,2018-04-30,18138.72,INR,1,6806.34,5,2,1,1
ACCT100005376,CUST0001549,CURRENT,ACTIVE,2015-03-25,183796.71,AED,1,44842.19,3,3,1,1
ACCT100005377,CUST0000348,TRUST,DORMANT,2013-04-20,68625.05,INR,1,669522.95,8,5,1,0
ACCT100005378,CUST0001981,CURRENT,ACTIVE,2014-07-28,2160.18,INR,3,37431.53,2,2,0,1
ACCT100005379,CUST0003496,SALARY,DORMANT,2013-04-08,12923.41,SGD,1,1952.86,4,1,1,1
ACCT100005380,CUST0002813,SAVINGS,ACTIVE,2017-02-19,161594.01,USD,1,16141.93,3,2,1,1
ACCT100005381,CUST0002816,SAVINGS,ACTIVE,2013-04-24,25941.18,INR,1,4046.21,5,1,1,1
ACCT100005382,CUST0008000,TRUST,ACTIVE,2015-04-07,394767.09,GBP,3,512999.79,7,1,1,0
ACCT100005383,CUST0001983,SALARY,ACTIVE,2016-12-23,3746.68,USD,3,47389.66,2,1,1,1
ACCT100005384,CUST0001555, SAVINGS ,ACTIVE,2012-07-13,7839.89,SGD,1,30740.92,2,1,1,1
ACCT100005385,CUST0005649,SALARY,ACTIVE,2020-06-20,22631.14,AED,1,1602.18,3,2,1,0
ACCT100005386,CUST0006360,SAVINGS,ACTIVE,2016-03-12,55595.85,INR,1,10414.44,3,1,1,1
ACCT100005387,CUST0005328,SALARY,ACTIVE,2020-03-04,669834.2,INR,1,3944.27,3,2,1,1
ACCT100005388,CUST0001132,SAVINGS,ACTIVE,2014-04-28,6018.25,AED,3,37462.89,2,1,1,0
ACCT100005389,CUST0002321,CURRENT,ACTIVE,2018-01-03,37202.77,INR,2,5539.13,2,1,0,1
ACCT100005390,CUST0003070,CURRENT,ACTIVE,2019-12-05,38669.58,INR,1,15290.53,2,3,1,1
ACCT100005391,CUST0003203,SALARY,ACTIVE,2014-01-27,96174.96,INR,1,1554.51,3,1,1,1
ACCT100005392,CUST0002043,SAVINGS,ACTIVE,2021-07-31,9131.24,USD,1,11001.99,1,1,1,1
ACCT100005393,CUST0001682,salary,ACTIVE,2016-11-11,392.05,SGD,1,17998.45,1,2,1,0
ACCT100005394,CUST0003454,CURRENT,ACTIVE,2012-12-20,165505.14,INR,1,17622.89,5,1,1,0
ACCT100005395,CUST0002318,CURRENT,ACTIVE,2020-05-03,2890.61,INR,1,51109.94,2,4,0,1
ACCT100005396,CUST0003051,NRE,DORMANT,2021-10-20,652501.83,INR,2,81335.22,4,2,1,1
ACCT100005397,CUST0005251,SALARY,ACTIVE,2012-09-06,86.93,AED,2,130595.96,5,1,1,1
ACCT100005398,CUST0007705,nro,ACTIVE,2013-04-01,350921.18,INR,2,30856.34,4,1,1,1
ACCT100005399,CUST0002924,CURRENT,ACTIVE,2015-08-06,53948.58,AED,1,21038.92,3,2,1,1
ACCT100005400,CUST0002311,CURRENT,ACTIVE,2019-07-25,173669.67,AED,1,451072.37,3,1,1,1
ACCT100005401,CUST0006247,SAVINGS,ACTIVE,2013-01-19,2380.62,INR,1,14233.92,5,1,1,1
ACCT100005402,CUST0004889,SALARY,ACTIVE,2020-04-22,50934.68,INR,1,4911.2,4,3,1,1
ACCT100005403,CUST0000889, NRO ,ACTIVE,2012-11-30,124913.31,INR,1,126812.78,4,2,0,0
ACCT100005404,CUST0007282,SAVINGS,ACTIVE,2013-11-04,15106.79,INR,1,27246.96,1,1,1,1
ACCT100005405,CUST0006033,SHELL,DORMANT,2020-02-17,62949.8,INR,1,509807.23,10,1,1,1
ACCT100005406,CUST0002764,SALARY,ACTIVE,2014-12-11,40610.38,INR,3,9797.69,1,1,1,1
ACCT100005407,CUST0002935,SAVINGS,ACTIVE,2020-05-28,20940.46,INR,3,9302.83,1,1,1,0
ACCT100005408,CUST0006983,TRUST,ACTIVE,2014-07-17,117151.37,INR,1,145733.88,8,1,1,1
ACCT100005409,CUST0004700,SHELL,ACTIVE,2015-03-23,1598142.45,AED,1,370729.02,8,1,1,1
ACCT100005410,CUST0003832,SAVINGS,ACTIVE,2014-10-17,2646.89,INR,1,8599.75,3,1,0,1
ACCT100005411,CUST0005282,TRUST,DORMANT,2014-07-09,3241815.63,INR,1,111441.83,9,4,0,1
ACCT100005412,CUST0000177,SAVINGS,DORMANT,2015-10-10,6187.9,INR,2,27187.22,2,1,1,1
ACCT100005413,CUST0002419,SALARY,ACTIVE,2016-09-03,19717.42,INR,1,57681.8,4,1,1,1
ACCT100005414,CUST0005403,SAVINGS,ACTIVE,2020-08-01,10878.1,GBP,1,58456.11,4,2,0,0
ACCT100005415,CUST0003260,CURRENT,ACTIVE,2015-05-24,10184.48,INR,1,90136.59,5,1,1,1
ACCT100005416,CUST0006435,SAVINGS,ACTIVE,2014-12-21,13271.22,USD,1,5088.65,5,3,1,1
ACCT100005417,CUST0003836,SALARY,DORMANT,2017-09-01,21974.1,INR,1,11368.71,1,1,1,1
ACCT100005418,CUST0001469,NRE,DORMANT,2015-05-06,146262.65,INR,2,106569.59,6,3,1,1
ACCT100005419,CUST0006010,SALARY,ACTIVE,2021-03-01,8656.4,SGD,2,9847.05,4,1,1,1
ACCT100005420,CUST0002629,trust,DORMANT,2018-08-27,2658680.99,GBP,1,105726.7,8,1,1,1
ACCT100005421,CUST0005384,SAVINGS,ACTIVE,2012-05-20,7329.99,AED,1,62497.9,5,3,1,1
ACCT100005422,CUST0005390,SALARY,ACTIVE,2019-05-29,130428.94,AED,2,18357.4,3,1,1,1
ACCT100005423,CUST0005102,TRUST,ACTIVE,2017-12-24,436246.57,SGD,1,88119.46,10,2,0,1
ACCT100005424,CUST0003793,CURRENT,ACTIVE,2018-12-24,58641.87,INR,2,84991.61,5,1,1,1
ACCT100005425,CUST0003363,NRO,ACTIVE,2019-09-29,115434.4,INR,1,144947.78,4,3,1,1
ACCT100005426,CUST0006255,SAVINGS,ACTIVE,2012-05-03,13171.25,INR,1,4556.18,2,1,0,1
ACCT100005427,CUST0002518,TRUST,DORMANT,2012-06-26,152438.15,AED,1,86846.05,9,1,1,1
ACCT100005428,CUST0000192,savings,ACTIVE,2020-04-06,90233.07,SGD,1,9251.42,1,1,1,1
ACCT100005429,CUST0007884,SAVINGS,ACTIVE,2019-12-14,1752.93,INR,2,72317.53,5,1,1,1
ACCT100005430,CUST0007108,CURRENT,DORMANT,2016-11-01,3177.78,INR,1,56628.23,5,3,0,1
ACCT100005431,CUST0007052,NRE,ACTIVE,2020-02-13,754585.25,INR,2,2144766.04,5,2,1,1
ACCT100005432,CUST0004314,SAVINGS,DORMANT,2015-08-26,1046.29,INR,2,14937.05,3,4,1,1
ACCT100005433,CUST0007353,TRUST,ACTIVE,2013-07-05,18196896.69,INR,1,230851.52,8,1,1,1
ACCT100005434,CUST0000418,SAVINGS,BLOCKED,2021-02-23,35079.47,INR,1,38005.8,2,2,1,0
ACCT100005435,CUST0004515,SAVINGS,ACTIVE,2020-04-04,183342.02,INR,1,895.44,1,2,0,0
ACCT100005436,CUST0000157,SALARY,ACTIVE,2013-06-24,39964.91,INR,1,4896.09,1,1,1,1
ACCT100005437,CUST0003999,NRE,ACTIVE,2012-03-07,41589.2,SGD,1,201484.63,5,4,1,1
ACCT100005438,CUST0005826,SHELL,DORMANT,2012-01-27,263896.69,USD,1,76595.69,7,2,1,1
ACCT100005439,CUST0004194,SAVINGS,BLOCKED,2018-01-19,361.2,INR,1,29927.62,3,1,0,1
ACCT100005440,CUST0004635,NRE,ACTIVE,2016-10-04,829885.94,USD,1,220095.21,4,3,1,1
ACCT100005441,CUST0003981,SAVINGS,ACTIVE,2013-06-15,37248.47,INR,3,1097.24,2,1,1,1
ACCT100005442,CUST0002381,SALARY,ACTIVE,2018-12-02,146704.45,INR,1,290.29,3,1,1,0
ACCT100005443,CUST0004394,SAVINGS,DORMANT,2014-05-14,3828.59,USD,2,21166.29,5,5,1,1
ACCT100005444,CUST0007188,CURRENT,ACTIVE,2015-01-06,120994.39,USD,1,43736.8,3,1,0,0
ACCT100005445,CUST0005228,NRE,DORMANT,2017-07-01,1645267.53,USD,1,83125.98,6,1,0,0
ACCT100005446,CUST0006659,SAVINGS,DORMANT,2020-03-16,5512.66,USD,1,810.22,3,4,1,1
ACCT100005447,CUST0000376,SALARY,ACTIVE,2016-07-22,49533.76,INR,3,3073.63,4,4,0,0
ACCT100005448,CUST0001462,NRE,BLOCKED,2012-02-01,220395.38,INR,1,181312.53,7,4,1,1
ACCT100005449,CUST0004497,SAVINGS,ACTIVE,2020-09-17,8219.13,INR,1,38926.37,5,2,1,1
ACCT100005450,CUST0002576,NRE,ACTIVE,2019-09-08,172525.37,INR,1,18799.23,5,1,1,1
ACCT100005451,CUST0003110,CURRENT,ACTIVE,2017-05-03,206114.22,INR,1,7696.54,1,1,1,1
ACCT100005452,CUST0001427,CURRENT,ACTIVE,2020-08-08,47547.38,SGD,1,16886.75,3,4,1,1
ACCT100005453,CUST0002624, NRE ,ACTIVE,2014-01-21,45260.66,USD,1,52407.47,6,1,1,1
ACCT100005454,CUST0002115,NRE,ACTIVE,2018-11-14,29324.19,INR,3,2014908.12,5,5,1,0
ACCT100005455,CUST0006436,CURRENT,ACTIVE,2021-06-01,43995.52,SGD,1,22511.01,3,1,0,1
ACCT100005456,CUST0000008,SAVINGS,ACTIVE,2013-08-21,18127.71,SGD,1,18621.99,3,1,1,1
ACCT100005457,CUST0007463,SALARY,ACTIVE,2019-09-14,14730.85,USD,1,4958.99,4,1,0,1
ACCT100005458,CUST0005341,SALARY,DORMANT,2016-09-17,1246.85,INR,1,14582.22,1,2,1,0
ACCT100005459,CUST0006851,SAVINGS,ACTIVE,2014-10-01,6088.75,AED,1,9216.97,4,1,1,1
ACCT100005460,CUST0004129,SALARY,ACTIVE,2012-05-27,4310.66,USD,2,28481.29,1,3,1,0
ACCT100005461,CUST0006742,SALARY,ACTIVE,2012-05-13,84451.85,INR,1,3645.15,5,2,1,0
ACCT100005462,CUST0005296,SAVINGS,ACTIVE,2018-06-26,808.22,INR,1,2898.65,4,1,1,0
ACCT100005463,CUST0007598,NRE,ACTIVE,2015-07-31,82925.73,USD,2,87592.01,7,1,1,0
ACCT100005464,CUST0004513,CURRENT,ACTIVE,2013-12-29,70071.72,INR,2,76055.96,3,1,1,1
ACCT100005465,CUST0006416,SALARY,ACTIVE,2020-08-11,2352.45,INR,1,2624.42,4,4,0,1
ACCT100005466,CUST0007333,CURRENT,ACTIVE,2021-02-22,67196.28,INR,3,26974.07,1,1,1,1
ACCT100005467,CUST0000221,CURRENT,ACTIVE,2014-10-23,10964.2,SGD,3,44973.89,5,2,1,1
ACCT100005468,CUST0006608,SAVINGS,ACTIVE,2014-09-16,39963.61,INR,1,6476.72,2,1,1,0
ACCT100005469,CUST0005828,CURRENT,DORMANT,2012-05-03,119299.73,INR,1,138691.55,4,1,1,1
ACCT100005470,CUST0003174,SALARY,ACTIVE,2021-03-31,5696.67,SGD,3,34903.62,5,4,1,1
ACCT100005471,CUST0003838,SALARY,ACTIVE,2015-07-28,43321.68,AED,2,36547.06,5,3,0,0
ACCT100005472,CUST0001138,SALARY,DORMANT,2020-08-10,5348.13,GBP,2,72866.16,5,2,0,1
ACCT100005473,CUST0006066,NRE,DORMANT,2013-02-07,50560.65,AED,1,662656.34,4,1,1,0
ACCT100005474,CUST0003845,CURRENT,ACTIVE,2013-01-12,259045.43,AED,1,98047.91,2,1,0,0
ACCT100005475,CUST0000321,CURRENT,BLOCKED,2013-02-08,307585.19,INR,1,44654.16,2,2,1,1
ACCT100005476,CUST0002348,SALARY,ACTIVE,2020-02-19,17180.99,INR,3,108.12,1,1,1,0
ACCT100005477,CUST0005395,NRE,ACTIVE,2017-01-17,282266.34,USD,3,96349.42,6,1,1,0
ACCT100005478,CUST0000814,NRO,ACTIVE,2014-08-17,479616.58,INR,1,181967.04,4,2,1,1
ACCT100005479,CUST0004986,CURRENT,DORMANT,2020-09-09,65690.03,INR,2,40207.54,5,2,1,1
ACCT100005480,CUST0006749,CURRENT,ACTIVE,2019-10-30,44347.82,INR,1,21888.32,5,3,1,1
ACCT100005481,CUST0005382,NRE,ACTIVE,2012-12-12,226784.16,INR,1,143182.66,5,1,1,1
ACCT100005482,CUST0003407,CURRENT,ACTIVE,2017-12-23,19594.88,INR,2,28075.65,5,3,1,1
ACCT100005483,CUST0002992, TRUST ,ACTIVE,2012-07-16,303266.5,AED,2,117962.76,7,4,1,1
ACCT100005484,CUST0002369,CURRENT,ACTIVE,2013-01-09,15994.2,INR,1,107623.45,2,1,1,0
ACCT100005485,CUST0000288,SHELL,ACTIVE,2013-11-03,778808.92,SGD,1,313577.57,8,1,1,1
ACCT100005486,CUST0003467,SAVINGS,ACTIVE,2019-06-10,3308.61,USD,1,4422.72,2,3,1,0
ACCT100005487,CUST0005970,CURRENT,ACTIVE,2017-04-18,208416.34,SGD,2,28506.89,5,1,1,1
ACCT100005488,CUST0002066,SAVINGS,ACTIVE,2016-12-14,9039.63,AED,1,31371.39,1,4,0,1
ACCT100005489,CUST0007822,SHELL,ACTIVE,2016-08-19,746123.62,INR,1,54801.23,10,1,0,1
ACCT100005490,CUST0003930,NRO,CLOSED,2014-05-16,46796.23,INR,1,364491.91,6,2,1,1
ACCT100005491,CUST0006281,SALARY,DORMANT,2021-04-05,36173.74,INR,2,3040.85,5,5,1,1
ACCT100005492,CUST0000445,NRO,ACTIVE,2015-07-30,121360.35,AED,3,89275.31,4,1,1,0
ACCT100005493,CUST0001783,NRO,ACTIVE,2017-10-06,176374.39,INR,1,53072.68,7,1,0,1
ACCT100005494,CUST0006274,SAVINGS,BLOCKED,2018-02-09,7015.91,INR,3,10561.47,3,1,1,0
ACCT100005495,CUST0004637,CURRENT,ACTIVE,2018-04-26,58597.53,INR,1,8066.96,5,3,1,1
ACCT100005496,CUST0004241,SAVINGS,DORMANT,2017-11-22,147484.78,AED,1,21697.1,5,1,1,1
ACCT100005497,CUST0004573,CURRENT,ACTIVE,2019-05-25,17702.88,AED,1,146924.35,5,1,1,1
ACCT100005498,CUST0004465,SALARY,ACTIVE,2020-06-01,1944.25,INR,3,2898.1,4,1,1,1
ACCT100005499,CUST0004027,SALARY,ACTIVE,2019-09-04,3541.69,INR,3,23121.57,2,2,0,1
ACCT100005500,CUST0007193,CURRENT,ACTIVE,2012-07-11,5435142.84,SGD,1,23841.6,3,3,1,1
ACCT100005501,CUST0007966,SAVINGS,ACTIVE,2020-09-25,3361.4,INR,1,8732.72,5,1,0,1
ACCT100005502,CUST0000895,SAVINGS,ACTIVE,2018-12-30,59060.53,INR,1,22129.47,1,4,1,1
ACCT100005503,CUST0002293,SAVINGS,ACTIVE,2020-05-04,37615.02,INR,3,25400.74,2,1,1,1
ACCT100005504,CUST0003208,SAVINGS,ACTIVE,2017-06-10,10639.87,INR,1,4448.74,1,1,1,1
ACCT100005505,CUST0006837,SHELL,DORMANT,2016-08-21,201717.68,SGD,2,248455.98,10,5,1,1
ACCT100005506,CUST0006818,SAVINGS,ACTIVE,2017-09-16,114130.86,INR,1,3986.15,2,1,1,0
ACCT100005507,CUST0006667,NRE,ACTIVE,2013-05-15,39526.17,AED,3,231527.31,6,1,1,1
ACCT100005508,CUST0002528,CURRENT,ACTIVE,2019-06-24,27363.3,INR,1,29338.12,3,5,1,1
ACCT100005509,CUST0007484,SALARY,ACTIVE,2018-06-13,25376.37,INR,1,13457.06,1,1,1,1
ACCT100005510,CUST0005985,CURRENT,ACTIVE,2021-08-13,3610.5,SGD,1,23734.19,4,2,1,1
ACCT100005511,CUST0005168,SAVINGS,ACTIVE,2015-10-27,26141.75,INR,1,97946.1,2,1,1,1
ACCT100005512,CUST0003484,nro,ACTIVE,2019-10-24,112952.32,USD,1,140811.16,5,3,1,0
ACCT100005513,CUST0006199,NRO,DORMANT,2018-11-26,9544.43,INR,1,247801.38,5,1,1,1
ACCT100005514,CUST0007719,SAVINGS,ACTIVE,2017-09-02,55802.24,INR,1,13539.98,1,1,1,0
ACCT100005515,CUST0007742,SAVINGS,ACTIVE,2012-12-13,7509.84,SGD,1,38118.01,4,3,0,1
ACCT100005516,CUST0000831,SAVINGS,ACTIVE,2013-06-02,115733.56,INR,2,60522.0,2,1,1,1
ACCT100005517,CUST0000697,NRE,ACTIVE,2021-06-05,241293.71,INR,2,267667.47,6,4,1,1
ACCT100005518,CUST0003126,SALARY,ACTIVE,2013-02-26,2779.15,SGD,3,2126.27,4,1,1,1
ACCT100005519,CUST0000278,CURRENT,ACTIVE,2016-08-16,24130.87,AED,2,21901.9,1,1,0,1
ACCT100005520,CUST0006577,CURRENT,DORMANT,2019-09-14,52090.22,INR,1,21846.93,3,1,1,1
ACCT100005521,CUST0000843,CURRENT,ACTIVE,2020-03-19,28093.58,USD,1,595176.67,5,2,1,1
ACCT100005522,CUST0003682,SAVINGS,ACTIVE,2014-03-11,10103.09,USD,1,48379.44,4,3,0,1
ACCT100005523,CUST0001792,SAVINGS,ACTIVE,2014-08-07,18255.98,SGD,1,84532.46,3,1,1,0
ACCT100005524,CUST0001347,CURRENT,DORMANT,2013-04-20,47944.38,USD,1,116137.78,4,2,1,0
ACCT100005525,CUST0002764,NRO,ACTIVE,2012-04-03,29239.67,INR,1,93369.47,5,2,1,1
ACCT100005526,CUST0007884,NRE,ACTIVE,2014-02-12,819849.39,USD,2,220141.62,7,4,1,1
ACCT100005527,CUST0007200,nro,ACTIVE,2012-11-29,104045.76,INR,1,187232.79,4,1,1,1
ACCT100005528,CUST0004081,SALARY,ACTIVE,2013-12-09,29451.78,INR,1,2067.27,4,1,1,1
ACCT100005529,CUST0002986,SAVINGS,ACTIVE,2019-12-13,32773.98,INR,2,10314.49,3,2,1,1
ACCT100005530,CUST0005445,CURRENT,ACTIVE,2012-02-04,94386.27,INR,1,37715.12,3,2,1,1
ACCT100005531,CUST0007277, SAVINGS ,ACTIVE,2012-11-30,10681.14,INR,3,3984.39,3,1,1,1
ACCT100005532,CUST0007050,TRUST,ACTIVE,2017-06-26,507145.97,INR,1,342768.83,9,1,1,1
ACCT100005533,CUST0001320,SALARY,ACTIVE,2015-01-03,2735.35,SGD,1,11578.26,4,1,1,1
ACCT100005534,CUST0000950,SAVINGS,ACTIVE,2013-04-03,19860.77,INR,1,4301.71,3,2,1,1
ACCT100005535,CUST0001032,TRUST,DORMANT,2013-08-10,83780.63,INR,1,98398.29,7,1,1,1
ACCT100005536,CUST0002120,CURRENT,ACTIVE,2013-01-27,25865.29,SGD,1,56510.98,1,1,1,1
ACCT100005537,CUST0004633,SAVINGS,DORMANT,2018-08-22,28460.93,INR,1,36023.92,5,1,1,1
ACCT100005538,CUST0001870,SALARY,ACTIVE,2012-02-29,61844.35,SGD,3,50858.25,3,2,1,1
ACCT100005539,CUST0007720,SAVINGS,ACTIVE,2014-04-21,29700.09,INR,1,10537.72,4,1,1,1
ACCT100005540,CUST0003669,SAVINGS,ACTIVE,2016-04-13,9706.18,INR,2,1137.6,2,4,1,1
ACCT100005541,CUST0000262,SAVINGS,ACTIVE,2013-12-21,6235.66,INR,2,107517.93,5,2,1,1
ACCT100005542,CUST0003686,SALARY,ACTIVE,2015-07-01,15676.58,USD,1,11505.8,3,3,1,1
ACCT100005543,CUST0004265,SAVINGS,ACTIVE,2014-04-07,4953.94,SGD,2,17469.3,2,4,1,1
ACCT100005544,CUST0002335,NRE,ACTIVE,2012-10-27,89795.62,INR,1,943278.55,5,1,1,1
ACCT100005545,CUST0001686,SALARY,ACTIVE,2020-07-08,17097.98,USD,2,1661.87,1,4,1,1
ACCT100005546,CUST0006243,CURRENT,ACTIVE,2014-10-22,19357.85,INR,3,101084.08,4,1,0,1
ACCT100005547,CUST0006580,SHELL,DORMANT,2012-04-10,180256.13,INR,1,191532.19,7,1,1,1
ACCT100005548,CUST0001402,SAVINGS,ACTIVE,2018-02-02,2038.79,INR,1,3940.7,3,1,0,1
ACCT100005549,CUST0000979,NRE,ACTIVE,2012-09-05,1097358.4,USD,3,509937.77,4,3,1,0
ACCT100005550,CUST0007784,SAVINGS,ACTIVE,2016-04-01,53685.75,INR,1,6348.75,2,1,1,1
ACCT100005551,CUST0000359,SAVINGS,ACTIVE,2019-08-15,3889.34,USD,1,8078.81,3,2,1,1
ACCT100005552,CUST0001357,SAVINGS,ACTIVE,2019-04-21,13059.58,SGD,1,5697.88,4,1,0,1
ACCT100005553,CUST0001848,TRUST,DORMANT,2019-02-17,1583217.81,USD,3,83048.87,8,1,1,1
ACCT100005554,CUST0004118,CURRENT,ACTIVE,2018-12-07,87383.7,USD,2,50906.63,2,3,0,1
ACCT100005555,CUST0005611,NRE,ACTIVE,2016-05-02,357345.55,INR,2,295989.39,5,1,1,0
ACCT100005556,CUST0003183,SAVINGS,ACTIVE,2012-12-14,54275.7,AED,2,4278.18,4,2,1,0
ACCT100005557,CUST0007955,SALARY,ACTIVE,2014-11-17,5119.21,INR,3,4368.43,1,2,1,1
ACCT100005558,CUST0004501,current,ACTIVE,2018-01-14,84619.67,INR,3,15269.11,2,2,0,1
ACCT100005559,CUST0001027,SHELL,DORMANT,2019-07-31,892579.88,INR,1,474961.81,9,2,1,0
ACCT100005560,CUST0002506,NRE,DORMANT,2012-07-16,35344.83,INR,1,24117.35,4,4,1,1
ACCT100005561,CUST0002413,TRUST,DORMANT,2020-03-13,626997.22,INR,1,224127.51,9,3,1,1
ACCT100005562,CUST0000197,CURRENT,ACTIVE,2015-08-14,22681.34,USD,1,23466.36,2,2,1,1
ACCT100005563,CUST0001753,NRE,DORMANT,2012-05-06,134733.87,INR,1,126444.47,5,1,1,1
ACCT100005564,CUST0004590,SAVINGS,ACTIVE,2017-01-28,22277.36,INR,2,45834.81,4,3,0,1
ACCT100005565,CUST0005733,SALARY,ACTIVE,2021-04-22,52732.89,INR,1,24348.19,4,1,1,0
ACCT100005566,CUST0002566,SHELL,DORMANT,2018-10-21,671506.72,INR,1,247974.99,9,3,1,0
ACCT100005567,CUST0007479,SALARY,ACTIVE,2012-05-02,20334.21,INR,2,4448.7,3,1,1,1
ACCT100005568,CUST0004381,SAVINGS,ACTIVE,2018-05-06,26843.16,AED,1,36003.56,3,2,0,1
ACCT100005569,CUST0007244,CURRENT,ACTIVE,2021-10-19,8276.13,INR,2,41894.23,3,1,1,1
ACCT100005570,CUST0005633,SALARY,ACTIVE,2014-01-28,2502.18,AED,1,17450.42,5,1,1,1
ACCT100005571,CUST0004680,SAVINGS,ACTIVE,2013-10-02,20734.78,INR,2,21719.4,5,1,0,1
ACCT100005572,CUST0005186,CURRENT,ACTIVE,2013-06-29,708095.73,AED,2,8418.67,1,2,1,1
ACCT100005573,CUST0002568,CURRENT,ACTIVE,2015-08-02,86763.53,AED,2,17011.37,1,3,1,1
ACCT100005574,CUST0005419,NRO,ACTIVE,2018-03-01,233845.09,INR,1,712308.28,4,1,1,1
ACCT100005575,CUST0004036,SALARY,ACTIVE,2016-08-21,54554.24,INR,1,16281.91,1,1,1,1
ACCT100005576,CUST0003262,CURRENT,ACTIVE,2018-04-22,23575.69,USD,1,113416.16,5,4,0,1
ACCT100005577,CUST0007665,current,ACTIVE,2014-10-13,1758268.16,INR,1,143864.71,1,1,1,0
ACCT100005578,CUST0000077,CURRENT,ACTIVE,2016-05-22,333830.87,INR,1,22102.5,5,1,0,0
ACCT100005579,CUST0002167,SALARY,ACTIVE,2014-09-24,20737.23,INR,1,761.11,5,1,1,0
ACCT100005580,CUST0001949,SAVINGS,ACTIVE,2019-12-02,9134.79,USD,1,88466.14,3,3,1,1
ACCT100005581,CUST0002409,CURRENT,ACTIVE,2018-02-22,9387.79,INR,1,5820.82,3,1,1,0
ACCT100005582,CUST0001577,CURRENT,ACTIVE,2017-04-27,100455.8,USD,1,9679.29,2,1,1,1
ACCT100005583,CUST0007588,SALARY,ACTIVE,2020-06-06,126308.2,INR,2,1246.86,4,3,0,1
ACCT100005584,CUST0001167,SALARY,ACTIVE,2013-05-04,85587.5,USD,1,1174.14,5,2,1,1
ACCT100005585,CUST0006332,current,ACTIVE,2016-07-27,883712.79,INR,1,12362.65,1,1,1,0
ACCT100005586,CUST0001608,CURRENT,ACTIVE,2019-11-20,1145.89,INR,1,61276.41,3,3,1,1
ACCT100005587,CUST0001927,SAVINGS,ACTIVE,2020-01-25,40981.63,INR,1,8102.82,2,2,1,1
ACCT100005588,CUST0001524,SALARY,ACTIVE,2021-01-07,17709.4,INR,2,3549.47,1,1,0,1
ACCT100005589,CUST0004952,SAVINGS,DORMANT,2017-05-14,31342.51,INR,2,3471.96,3,2,1,1
ACCT100005590,CUST0003921,NRE,ACTIVE,2018-03-24,500986.67,AED,2,1053157.85,4,2,1,0
ACCT100005591,CUST0002207,SALARY,ACTIVE,2018-06-29,19382.86,INR,1,5874.27,2,3,1,0
ACCT100005592,CUST0001500,SAVINGS,ACTIVE,2013-05-13,72249.41,INR,1,4371.12,5,3,1,1
ACCT100005593,CUST0000532,CURRENT,ACTIVE,2012-10-12,102503.79,INR,1,30408.85,5,1,0,0
ACCT100005594,CUST0002449,SALARY,ACTIVE,2014-08-18,18470.92,INR,1,37300.39,1,1,1,1
ACCT100005595,CUST0000237,SALARY,ACTIVE,2013-06-26,14764.51,INR,1,41114.6,2,5,1,1
ACCT100005596,CUST0005132,CURRENT,ACTIVE,2015-12-27,66951.23,INR,1,53198.94,1,5,1,1
ACCT100005597,CUST0004044,SAVINGS,ACTIVE,2014-08-09,2146.6,USD,1,12645.99,2,2,1,1
ACCT100005598,CUST0005241,CURRENT,ACTIVE,2016-06-29,66711.81,AED,1,46725.61,5,2,1,1
ACCT100005599,CUST0001154,SHELL,ACTIVE,2012-12-23,1332295.95,INR,1,111789.51,7,3,1,1
ACCT100005600,CUST0005298,CURRENT,DORMANT,2013-06-25,125362.49,USD,1,51401.0,1,1,1,1
ACCT100005601,CUST0004652,CURRENT,ACTIVE,2018-01-27,24778.6,AED,1,15318.11,5,1,1,1
ACCT100005602,CUST0001918,NRE,ACTIVE,2016-03-22,265051.33,USD,2,31660.24,4,1,1,1
ACCT100005603,CUST0007387,SAVINGS,ACTIVE,2017-04-24,27331.08,INR,1,27359.54,4,5,1,1
ACCT100005604,CUST0001682,NRO,DORMANT,2017-04-28,181605.1,INR,1,77203.69,5,5,1,1
ACCT100005605,CUST0000696,NRE,ACTIVE,2018-07-28,77044.7,INR,1,249071.2,7,1,1,1
ACCT100005606,CUST0007734, CURRENT ,ACTIVE,2019-09-03,1242.79,AED,1,12906.78,1,1,0,0
ACCT100005607,CUST0005512,CURRENT,ACTIVE,2012-10-29,68401.2,INR,1,15118.9,2,1,1,1
ACCT100005608,CUST0006236,NRO,BLOCKED,2012-04-02,65654.6,USD,1,107738.02,4,4,1,1
ACCT100005609,CUST0005283,SALARY,CLOSED,2012-10-08,4907.31,AED,1,2878.04,4,1,1,0
ACCT100005610,CUST0001753,NRE,ACTIVE,2013-01-23,200707.99,INR,3,160492.34,5,2,1,1
ACCT100005611,CUST0002702,SAVINGS,ACTIVE,2014-02-18,4410.21,AED,1,53507.47,1,1,1,0
ACCT100005612,CUST0004579,SAVINGS,DORMANT,2012-05-10,164562.49,INR,2,8858.46,3,1,1,1
ACCT100005613,CUST0002532,CURRENT,ACTIVE,2014-09-07,5015.68,USD,2,13905.01,1,3,0,1
ACCT100005614,CUST0003618,SAVINGS,DORMANT,2013-12-14,11433.63,INR,1,138627.14,3,1,0,1
ACCT100005615,CUST0005486,CURRENT,ACTIVE,2020-09-15,32034.44,INR,1,31265.06,4,1,1,1
ACCT100005616,CUST0002834,SALARY,ACTIVE,2014-07-31,1750.99,INR,1,4056.71,2,1,1,1
ACCT100005617,CUST0005481,SALARY,DORMANT,2020-04-19,1419.17,INR,1,33814.22,5,4,0,1
ACCT100005618,CUST0003970,SALARY,DORMANT,2021-08-24,21029.71,USD,1,20916.96,1,1,1,1
ACCT100005619,CUST0002838,SAVINGS,ACTIVE,2013-11-09,480598.94,SGD,1,11976.62,5,2,1,0
ACCT100005620,CUST0007973,SAVINGS,CLOSED,2013-10-28,2743.49,GBP,1,51206.09,4,1,0,0
ACCT100005621,CUST0001274,SALARY,ACTIVE,2018-06-20,153.65,INR,1,4861.61,4,1,1,1
ACCT100005622,CUST0003584,SAVINGS,ACTIVE,2021-06-11,1681.91,INR,2,12242.26,5,3,1,1
ACCT100005623,CUST0002366,SAVINGS,ACTIVE,2016-09-21,6416.5,USD,2,38078.41,5,2,1,1
ACCT100005624,CUST0002691,SALARY,ACTIVE,2017-11-15,6850.51,AED,1,3997.35,5,1,1,1
ACCT100005625,CUST0004410,SALARY,CLOSED,2021-11-20,12860.21,INR,1,5169.63,5,2,1,1
ACCT100005626,CUST0005999,SAVINGS,ACTIVE,2017-05-09,50460.56,INR,1,2315.09,5,2,0,0
ACCT100005627,CUST0007270,NRO,BLOCKED,2018-09-13,27304.94,SGD,2,402667.33,4,2,1,1
ACCT100005628,CUST0003711,NRE,ACTIVE,2013-03-27,27261.33,USD,1,146499.86,7,1,0,0
ACCT100005629,CUST0007792,SALARY,CLOSED,2019-04-16,118408.17,AED,1,23053.03,1,3,1,1
ACCT100005630,CUST0001987,NRE,ACTIVE,2015-08-19,487429.34,SGD,1,81198.4,7,1,1,1
ACCT100005631,CUST0000317,SHELL,ACTIVE,2016-03-09,129755.63,INR,3,397338.16,9,4,0,1
ACCT100005632,CUST0001865,TRUST,ACTIVE,2012-10-28,665831.13,INR,1,1371540.73,7,5,1,1
ACCT100005633,CUST0001856, SAVINGS ,ACTIVE,2016-08-31,23818.61,AED,1,17510.06,3,3,1,1
ACCT100005634,CUST0004790,CURRENT,ACTIVE,2020-05-10,180412.17,AED,1,72509.38,5,1,1,0
ACCT100005635,CUST0000085,SALARY,DORMANT,2018-05-08,18316.9,INR,1,2140.01,1,3,0,1
ACCT100005636,CUST0000487,SAVINGS,ACTIVE,2018-06-01,70975.96,SGD,1,4939.22,4,1,1,1
ACCT100005637,CUST0005526,SAVINGS,ACTIVE,2016-01-16,5012.94,INR,2,12190.0,2,1,1,1
ACCT100005638,CUST0007040,CURRENT,ACTIVE,2016-11-18,37141.42,INR,1,292404.27,4,1,1,1
ACCT100005639,CUST0006428,savings,ACTIVE,2019-02-08,3963.05,SGD,2,12692.66,1,2,0,1
ACCT100005640,CUST0006091,CURRENT,ACTIVE,2015-05-28,19825.16,INR,1,7358.06,1,3,1,1
ACCT100005641,CUST0002553,CURRENT,ACTIVE,2012-07-13,41932.16,INR,1,74339.74,2,1,1,1
ACCT100005642,CUST0004173,SALARY,ACTIVE,2021-07-20,22759.12,INR,1,7462.43,4,2,1,0
ACCT100005643,CUST0001383,SAVINGS,ACTIVE,2016-11-16,10690.31,AED,1,5726.51,1,2,0,1
ACCT100005644,CUST0005649,CURRENT,ACTIVE,2020-06-20,132340.79,INR,2,15529.19,5,1,1,0
ACCT100005645,CUST0007964,TRUST,ACTIVE,2013-07-24,440304.98,USD,1,357847.01,10,4,1,1
ACCT100005646,CUST0007200,NRO,ACTIVE,2013-05-31,67277.62,SGD,1,77588.83,5,3,1,1
ACCT100005647,CUST0005572,SALARY,ACTIVE,2017-10-03,66710.79,SGD,1,6243.92,3,1,0,1
ACCT100005648,CUST0000235,shell,ACTIVE,2012-06-11,555782.45,INR,1,1329322.43,10,5,1,1
ACCT100005649,CUST0003901,SAVINGS,ACTIVE,2017-11-18,4196.91,INR,1,6306.08,4,4,1,1
ACCT100005650,CUST0001330,SAVINGS,ACTIVE,2014-10-05,20325.37,USD,1,2086.43,2,1,1,1
ACCT100005651,CUST0000852,SAVINGS,ACTIVE,2017-03-01,4443.41,SGD,1,2422.44,4,3,0,1
ACCT100005652,CUST0006865,NRE,ACTIVE,2017-03-15,12623.8,INR,1,384458.13,7,3,1,1
ACCT100005653,CUST0003230,NRO,ACTIVE,2014-10-01,2091589.85,INR,2,82403.54,4,1,0,0
ACCT100005654,CUST0002601,SALARY,ACTIVE,2016-07-20,4830.15,INR,2,56077.64,3,1,0,1
ACCT100005655,CUST0007284,SAVINGS,ACTIVE,2018-06-14,101631.19,USD,1,95125.51,3,1,1,1
ACCT100005656,CUST0006601,SAVINGS,ACTIVE,2014-06-28,2180.78,USD,3,3203.96,3,2,1,1
ACCT100005657,CUST0005107,CURRENT,ACTIVE,2015-02-03,486014.27,INR,3,160866.95,3,3,1,0
ACCT100005658,CUST0005973,SAVINGS,ACTIVE,2012-07-27,25562.43,INR,1,5074.03,4,3,1,1
ACCT100005659,CUST0003974,SAVINGS,BLOCKED,2019-11-12,15720.24,USD,1,3031.75,3,1,1,1
ACCT100005660,CUST0002912,SALARY,ACTIVE,2021-08-07,14493.29,INR,1,11904.81,5,1,1,1
ACCT100005661,CUST0004789,SAVINGS,BLOCKED,2016-07-30,6680.94,USD,1,6122.02,1,3,1,1
ACCT100005662,CUST0001890,NRO,ACTIVE,2021-02-15,61982.1,USD,1,178743.74,7,2,1,0
ACCT100005663,CUST0003386,SAVINGS,ACTIVE,2019-05-07,6088.15,USD,1,2835.9,5,2,1,1
ACCT100005664,CUST0001016,NRE,ACTIVE,2013-11-08,743287.92,GBP,1,51508.29,6,1,1,0
ACCT100005665,CUST0001793,SALARY,ACTIVE,2019-08-31,26817.41,SGD,1,397.29,2,2,1,1
ACCT100005666,CUST0007777,SAVINGS,ACTIVE,2014-07-15,14609.16,INR,1,35551.4,5,1,0,1
ACCT100005667,CUST0005279,SHELL,DORMANT,2020-10-30,786367.43,GBP,1,480655.55,8,2,0,1
ACCT100005668,CUST0005268,CURRENT,ACTIVE,2021-06-08,75690.94,USD,1,27544.16,2,1,0,1
ACCT100005669,CUST0002632,SAVINGS,ACTIVE,2017-07-10,13523.35,INR,1,20943.41,5,1,1,1
ACCT100005670,CUST0004590,SAVINGS,ACTIVE,2015-12-02,3974.86,INR,3,2100.95,3,1,1,0
ACCT100005671,CUST0004902,SAVINGS,ACTIVE,2013-11-09,16447.86,AED,1,15400.68,2,3,1,1
ACCT100005672,CUST0004664,SALARY,ACTIVE,2013-11-28,43762.27,INR,1,1389.65,2,2,1,1
ACCT100005673,CUST0005806, SALARY ,ACTIVE,2018-05-21,1745.29,USD,2,6107.21,5,1,1,1
ACCT100005674,CUST0007775,SALARY,ACTIVE,2021-11-25,20471.82,USD,2,2404.88,2,1,1,1
ACCT100005675,CUST0003722,NRE,ACTIVE,2013-07-03,137023.73,INR,1,67218.97,7,1,0,1
ACCT100005676,CUST0000806,SAVINGS,ACTIVE,2018-07-09,5874.7,INR,1,5728.57,4,4,1,1
ACCT100005677,CUST0007262,SAVINGS,ACTIVE,2015-10-06,91211.02,INR,1,9480.14,1,1,1,1
ACCT100005678,CUST0002778,NRE,ACTIVE,2020-07-07,10483.81,INR,1,685187.61,5,1,0,1
ACCT100005679,CUST0001099,SAVINGS,ACTIVE,2018-01-14,4347.97,SGD,1,823.92,4,2,1,1
ACCT100005680,CUST0006614, SAVINGS ,DORMANT,2019-08-09,5384.02,INR,2,6784.69,2,2,1,1
ACCT100005681,CUST0002958,CURRENT,ACTIVE,2021-09-24,1048832.29,USD,1,6453.44,5,2,1,0
ACCT100005682,CUST0000725,CURRENT,ACTIVE,2018-03-22,1522601.97,INR,1,12790.3,3,3,1,1
ACCT100005683,CUST0007833,SALARY,CLOSED,2020-06-20,3953.18,AED,3,12705.52,3,1,1,1
ACCT100005684,CUST0003671,SAVINGS,ACTIVE,2015-06-11,12062.82,SGD,2,9743.5,5,1,1,0
ACCT100005685,CUST0005692,NRE,ACTIVE,2019-04-20,160078.61,INR,1,117466.45,6,2,1,1
ACCT100005686,CUST0003938,SAVINGS,ACTIVE,2012-07-06,5759.65,AED,1,18603.52,3,3,1,1
ACCT100005687,CUST0002620,CURRENT,ACTIVE,2020-08-28,112155.77,AED,1,4757.84,2,1,0,1
ACCT100005688,CUST0004114,SAVINGS,ACTIVE,2017-01-26,76021.89,USD,1,7996.94,4,3,1,1
ACCT100005689,CUST0006803,TRUST,ACTIVE,2018-09-24,625477.55,SGD,1,615984.01,10,2,0,1
ACCT100005690,CUST0002378,SAVINGS,ACTIVE,2020-02-14,3954.88,USD,1,18936.14,5,1,0,0
ACCT100005691,CUST0005657,CURRENT,ACTIVE,2013-08-10,17771.95,GBP,2,12764.03,4,1,0,1
ACCT100005692,CUST0005558,CURRENT,ACTIVE,2015-02-11,33848.2,INR,2,188517.8,2,1,1,0
ACCT100005693,CUST0005783,CURRENT,ACTIVE,2017-09-04,201857.87,INR,1,28352.83,4,1,0,1
ACCT100005694,CUST0003024,SAVINGS,ACTIVE,2019-05-25,9782.15,INR,2,8704.78,2,2,0,1
ACCT100005695,CUST0002465,SALARY,DORMANT,2021-06-01,10681.39,GBP,2,9887.12,3,1,1,1
ACCT100005696,CUST0003635,SALARY,ACTIVE,2020-01-09,1294.11,GBP,1,3037.88,1,2,1,1
ACCT100005697,CUST0007455,CURRENT,BLOCKED,2018-02-12,266180.63,AED,2,30970.69,5,1,0,1
ACCT100005698,CUST0005991,current,ACTIVE,2021-05-26,20850.01,INR,1,61280.0,1,3,0,1
ACCT100005699,CUST0000463,SALARY,ACTIVE,2017-03-12,1114.46,USD,2,21562.33,3,1,1,1
ACCT100005700,CUST0007629,NRO,ACTIVE,2018-07-14,1239359.76,USD,1,8804.61,7,1,1,1
ACCT100005701,CUST0006622,SAVINGS,ACTIVE,2012-03-24,61385.67,INR,1,9703.47,5,2,1,1
ACCT100005702,CUST0003036,NRE,ACTIVE,2019-06-06,131122.52,INR,1,39377.1,5,3,1,1
ACCT100005703,CUST0003078,NRE,ACTIVE,2013-12-05,102971.75,INR,1,495363.39,5,1,0,1
ACCT100005704,CUST0003867,SALARY,ACTIVE,2020-11-23,8668.3,INR,1,2951.18,2,1,1,0
ACCT100005705,CUST0005993,NRE,ACTIVE,2017-05-07,145016.14,GBP,1,336686.67,6,4,0,1
ACCT100005706,CUST0001677,SALARY,BLOCKED,2014-05-21,65977.57,INR,1,28172.92,4,3,1,1
ACCT100005707,CUST0004048,SAVINGS,ACTIVE,2015-08-24,2117.7,INR,1,48839.52,5,2,1,1
ACCT100005708,CUST0000390,salary,ACTIVE,2021-09-03,32439.83,INR,1,7836.36,5,1,1,1
ACCT100005709,CUST0000435,NRO,ACTIVE,2013-12-05,19641.72,INR,2,57274.58,4,1,1,1
ACCT100005710,CUST0006575,SAVINGS,ACTIVE,2013-03-11,63929.71,INR,1,38463.94,3,2,1,0
ACCT100005711,CUST0003496,SALARY,DORMANT,2019-07-24,1022.92,INR,1,3480.73,5,2,1,1
ACCT100005712,CUST0002027,SAVINGS,CLOSED,2021-01-09,2684.43,AED,1,12932.44,5,2,1,1
ACCT100005713,CUST0000201,SALARY,CLOSED,2019-08-19,5667.24,INR,1,6974.2,1,3,1,1
ACCT100005714,CUST0000578, SAVINGS ,ACTIVE,2016-10-30,25056.05,USD,2,14437.54,2,1,1,1
ACCT100005715,CUST0000959,CURRENT,ACTIVE,2016-10-26,107677.42,SGD,1,32692.16,4,3,1,1
ACCT100005716,CUST0003778,NRO,ACTIVE,2012-05-26,63247.97,INR,1,12757.08,5,1,1,1
ACCT100005717,CUST0000677,CURRENT,DORMANT,2015-10-15,26906.99,INR,3,27797.26,3,1,1,1
ACCT100005718,CUST0001723,SAVINGS,ACTIVE,2017-01-08,89197.26,INR,2,37699.25,5,2,0,1
ACCT100005719,CUST0005286,SALARY,ACTIVE,2012-11-18,1792.34,USD,1,1589.38,1,1,1,1
ACCT100005720,CUST0001303,NRE,ACTIVE,2021-10-08,2744282.88,INR,1,318453.7,7,1,0,1
ACCT100005721,CUST0005703,CURRENT,ACTIVE,2015-04-20,250993.24,INR,1,20028.98,5,1,1,1
ACCT100005722,CUST0004165,SALARY,ACTIVE,2013-04-16,3145.78,INR,1,3563.1,2,2,1,1
ACCT100005723,CUST0004171,SALARY,ACTIVE,2018-12-14,10753.16,SGD,2,17591.61,1,3,1,1
ACCT100005724,CUST0000189,CURRENT,ACTIVE,2020-01-22,84405.72,INR,1,36906.43,1,4,1,1
ACCT100005725,CUST0003075,SAVINGS,ACTIVE,2020-03-04,699.05,INR,1,6437.38,1,1,1,0
ACCT100005726,CUST0001954,NRE,ACTIVE,2018-10-28,1972478.02,INR,1,119203.92,5,1,1,1
ACCT100005727,CUST0004257,NRE,ACTIVE,2019-08-29,1823042.89,INR,1,26390.67,4,1,1,1
ACCT100005728,CUST0005241,SAVINGS,ACTIVE,2015-04-16,16643.82,INR,1,1437.32,2,5,1,1
ACCT100005729,CUST0007445, SALARY ,ACTIVE,2020-01-09,210599.76,INR,2,17536.82,2,2,1,1
ACCT100005730,CUST0000883,SALARY,ACTIVE,2018-01-29,13247.43,INR,1,11562.27,3,2,1,1
ACCT100005731,CUST0006114,SAVINGS,ACTIVE,2015-12-20,10493.3,USD,2,1166.59,1,2,0,1
ACCT100005732,CUST0002742,NRE,ACTIVE,2014-11-15,78209.9,SGD,2,89217.49,4,2,0,1
ACCT100005733,CUST0007906,CURRENT,ACTIVE,2018-02-01,27120.98,INR,1,48643.65,3,3,0,1
ACCT100005734,CUST0006483,SALARY,ACTIVE,2014-06-26,2262.93,INR,1,73284.18,1,1,0,1
ACCT100005735,CUST0006592,CURRENT,ACTIVE,2017-03-31,21843.27,INR,1,10257.71,4,4,1,1
ACCT100005736,CUST0005981,CURRENT,ACTIVE,2014-04-05,23324.69,INR,1,6113.82,4,3,1,1
ACCT100005737,CUST0000219,SALARY,ACTIVE,2021-08-26,24346.16,INR,1,79704.26,1,2,0,1
ACCT100005738,CUST0006932, SALARY ,ACTIVE,2018-10-19,22135.94,USD,2,8616.79,4,1,1,1
ACCT100005739,CUST0005866,CURRENT,ACTIVE,2014-01-31,125671.18,INR,1,6993.91,2,1,1,1
ACCT100005740,CUST0005091,SAVINGS,ACTIVE,2014-12-18,27644.28,AED,1,8216.13,3,2,1,1
ACCT100005741,CUST0003434,CURRENT,DORMANT,2018-02-07,55052.72,USD,1,150939.08,2,1,1,0
ACCT100005742,CUST0003871,NRE,ACTIVE,2012-01-19,192211.0,USD,3,240564.62,4,1,1,1
ACCT100005743,CUST0000076, SALARY ,ACTIVE,2019-05-17,70734.28,AED,2,16417.12,5,2,1,1
ACCT100005744,CUST0005092,CURRENT,ACTIVE,2020-04-13,131929.42,SGD,1,16516.31,5,1,1,1
ACCT100005745,CUST0001835,SALARY,ACTIVE,2014-04-15,3324.03,USD,2,3299.28,1,4,1,1
ACCT100005746,CUST0002796,NRE,ACTIVE,2015-07-31,1048052.44,SGD,2,254884.47,7,1,1,1
ACCT100005747,CUST0000562,NRO,ACTIVE,2018-07-13,226300.15,INR,1,22119.84,5,2,1,1
ACCT100005748,CUST0002317,SALARY,ACTIVE,2015-02-07,10963.81,INR,1,5243.05,4,2,1,1
ACCT100005749,CUST0002809,SAVINGS,BLOCKED,2013-12-30,13936.59,INR,1,17032.61,4,1,1,1
ACCT100005750,CUST0004265,SAVINGS,ACTIVE,2019-08-03,4211.1,GBP,1,7107.07,3,2,1,1
ACCT100005751,CUST0001472,TRUST,DORMANT,2019-12-27,863467.45,AED,2,222194.69,9,2,1,1
ACCT100005752,CUST0006049,SALARY,BLOCKED,2013-09-03,23646.26,INR,1,17312.62,2,1,0,1
ACCT100005753,CUST0005838,NRO,ACTIVE,2013-04-18,535460.18,INR,1,352824.66,6,3,1,1
ACCT100005754,CUST0004689,CURRENT,CLOSED,2017-08-01,122554.28,INR,2,260198.68,4,4,1,1
ACCT100005755,CUST0004776,SAVINGS,ACTIVE,2014-10-17,1204.47,AED,2,34500.89,1,2,1,1
ACCT100005756,CUST0005712,SAVINGS,ACTIVE,2019-11-28,70661.95,SGD,1,2358.58,2,1,1,1
ACCT100005757,CUST0003531,TRUST,DORMANT,2015-09-13,1269999.53,GBP,1,52566.26,7,4,1,1
ACCT100005758,CUST0007461,CURRENT,ACTIVE,2019-12-28,107504.1,AED,1,45802.74,5,2,0,0
ACCT100005759,CUST0002892,CURRENT,ACTIVE,2019-12-13,10183.05,INR,2,71116.8,3,3,1,0
ACCT100005760,CUST0007407,SHELL,ACTIVE,2013-08-25,3248521.35,INR,1,687485.53,10,1,1,1
ACCT100005761,CUST0006220,CURRENT,ACTIVE,2015-08-14,73704.93,INR,1,18730.63,3,2,0,1
ACCT100005762,CUST0000459,SAVINGS,ACTIVE,2018-02-19,9078.22,INR,2,98633.88,4,1,1,1
ACCT100005763,CUST0005848,CURRENT,ACTIVE,2016-04-09,40078.36,USD,1,67663.24,1,3,1,1
ACCT100005764,CUST0003709,SALARY,ACTIVE,2020-03-23,36781.06,INR,3,1216.0,2,3,1,1
ACCT100005765,CUST0001887,CURRENT,DORMANT,2015-12-01,2726.27,INR,1,200489.17,3,2,1,0
ACCT100005766,CUST0005173,SALARY,ACTIVE,2018-10-20,91249.73,SGD,1,10353.5,5,3,1,1
ACCT100005767,CUST0004191,CURRENT,ACTIVE,2020-09-22,110286.5,AED,2,79615.14,3,1,0,0
ACCT100005768,CUST0006618,SAVINGS,DORMANT,2015-01-30,29402.79,INR,2,159594.52,3,2,1,1
ACCT100005769,CUST0002724,SAVINGS,ACTIVE,2016-10-29,10570.49,INR,1,14545.72,1,2,1,1
ACCT100005770,CUST0002293,SAVINGS,ACTIVE,2012-06-02,622030.8,AED,1,16634.64,2,2,1,1
ACCT100005771,CUST0000237,SALARY,DORMANT,2018-04-19,4533.19,INR,1,571.4,2,3,1,1
ACCT100005772,CUST0004916,CURRENT,ACTIVE,2013-12-03,625830.72,INR,1,8020.92,1,1,1,1
ACCT100005773,CUST0004951,CURRENT,ACTIVE,2018-12-20,75236.41,AED,1,37456.73,4,1,0,1
ACCT100005774,CUST0005494,SAVINGS,ACTIVE,2020-04-06,581735.41,AED,3,3847.34,5,2,1,1
ACCT100005775,CUST0002384,SALARY,ACTIVE,2021-11-24,6428.35,INR,1,25879.17,5,1,1,0
ACCT100005776,CUST0001160,savings,ACTIVE,2016-02-06,2719.23,GBP,2,1435.07,3,2,1,1
ACCT100005777,CUST0003802,NRE,ACTIVE,2019-05-04,43030.5,GBP,2,221608.06,7,3,1,1
ACCT100005778,CUST0000991,SALARY,ACTIVE,2015-08-02,2708.36,INR,1,8882.96,3,1,1,1
ACCT100005779,CUST0002004, SAVINGS ,ACTIVE,2017-09-30,11801.72,AED,1,68682.49,4,3,1,1
ACCT100005780,CUST0003296,SAVINGS,ACTIVE,2019-11-17,20907.57,USD,2,9243.86,1,3,1,1
ACCT100005781,CUST0007063,SAVINGS,ACTIVE,2015-11-17,7271.04,USD,2,12415.23,5,1,1,1
ACCT100005782,CUST0002784,NRE,CLOSED,2015-09-05,906181.93,GBP,1,1474351.99,7,5,0,1
ACCT100005783,CUST0007325,CURRENT,ACTIVE,2016-10-27,50022.16,AED,3,4167.09,1,2,1,1
ACCT100005784,CUST0004876,SALARY,ACTIVE,2012-09-05,41766.45,USD,1,2460.1,2,1,1,0
ACCT100005785,CUST0002045,CURRENT,ACTIVE,2019-08-20,52873.0,INR,1,6828.47,4,1,0,1
ACCT100005786,CUST0002661,CURRENT,CLOSED,2013-07-09,23386.77,INR,3,48967.64,5,1,1,1
ACCT100005787,CUST0005713,NRE,ACTIVE,2013-03-11,103368.12,INR,1,166592.66,4,2,0,1
ACCT100005788,CUST0007006,NRE,ACTIVE,2015-08-13,12011.51,USD,1,109392.02,7,1,1,1
ACCT100005789,CUST0000254,NRE,ACTIVE,2016-08-04,3809739.71,USD,2,42370.12,6,1,0,1
ACCT100005790,CUST0002627,TRUST,ACTIVE,2016-07-31,369337.43,AED,2,365938.07,8,3,1,1
ACCT100005791,CUST0005377,CURRENT,ACTIVE,2014-03-28,32473.03,SGD,1,212980.09,3,1,1,1
ACCT100005792,CUST0001808,SALARY,ACTIVE,2017-06-15,2179.76,INR,1,6431.03,3,2,1,1
ACCT100005793,CUST0007747,CURRENT,ACTIVE,2013-05-29,44333.93,GBP,1,5816.37,1,2,1,0
ACCT100005794,CUST0002033,NRO,ACTIVE,2021-05-03,6267.51,INR,2,118687.02,5,3,0,1
ACCT100005795,CUST0002997,CURRENT,ACTIVE,2017-01-10,133963.59,SGD,1,20770.88,5,1,1,1
ACCT100005796,CUST0006947,CURRENT,ACTIVE,2016-10-03,12303.07,INR,1,8758.98,5,4,0,0
ACCT100005797,CUST0004161,SAVINGS,ACTIVE,2012-07-05,167669.27,INR,1,32126.41,3,2,1,1
ACCT100005798,CUST0005958,SALARY,ACTIVE,2020-01-07,87079.34,INR,1,5678.32,5,4,1,0
ACCT100005799,CUST0001146,CURRENT,ACTIVE,2013-05-24,12530.52,INR,2,79173.16,5,4,0,1
ACCT100005800,CUST0002667,SAVINGS,ACTIVE,2021-11-22,45455.37,USD,1,16790.62,5,4,1,1
ACCT100005801,CUST0000872,CURRENT,ACTIVE,2020-04-21,652084.74,INR,2,3802.6,2,1,1,1
ACCT100005802,CUST0002042,CURRENT,ACTIVE,2021-03-10,955943.58,USD,2,233547.55,5,4,1,1
ACCT100005803,CUST0004446,CURRENT,CLOSED,2018-04-27,277108.88,SGD,1,13045.37,5,1,0,0
ACCT100005804,CUST0001661,NRE,BLOCKED,2020-04-28,428105.85,INR,1,278212.57,6,3,1,1
ACCT100005805,CUST0003325,SALARY,ACTIVE,2015-03-17,7202.37,INR,3,7302.36,2,3,1,1
ACCT100005806,CUST0006982,SAVINGS,DORMANT,2012-04-30,51312.34,INR,1,15380.53,4,1,0,1
ACCT100005807,CUST0003429,CURRENT,ACTIVE,2020-05-26,8655.85,INR,2,100093.16,4,3,1,1
ACCT100005808,CUST0004069,CURRENT,DORMANT,2014-09-24,418202.42,INR,2,13515.41,1,2,1,1
ACCT100005809,CUST0005938,NRE,CLOSED,2016-09-25,5231460.65,AED,2,48075.44,6,1,1,1
ACCT100005810,CUST0006553,CURRENT,ACTIVE,2012-12-07,24466.79,INR,1,174353.11,3,2,1,1
ACCT100005811,CUST0005738,CURRENT,ACTIVE,2015-06-09,13840.15,INR,2,68472.3,5,1,1,1
ACCT100005812,CUST0000622,CURRENT,ACTIVE,2017-05-18,38381.9,GBP,1,15586.61,2,1,1,1
ACCT100005813,CUST0007767,CURRENT,ACTIVE,2018-01-02,206348.12,USD,3,213812.61,5,3,1,1
ACCT100005814,CUST0004847,savings,ACTIVE,2020-07-21,21683.13,INR,1,215391.52,2,2,1,0
ACCT100005815,CUST0006784,CURRENT,ACTIVE,2014-11-11,187470.17,INR,1,17920.82,5,3,1,0
ACCT100005816,CUST0007067,CURRENT,ACTIVE,2020-10-18,51022.29,USD,2,12108.96,4,3,1,1
ACCT100005817,CUST0000901,SAVINGS,ACTIVE,2014-04-08,237834.67,USD,3,1281.19,5,2,0,1
ACCT100005818,CUST0006978,SALARY,ACTIVE,2021-11-17,39614.58,INR,1,3130.5,5,1,1,1
ACCT100005819,CUST0005990,SAVINGS,ACTIVE,2014-03-15,5089.36,SGD,2,10993.04,1,2,1,1
ACCT100005820,CUST0000318,CURRENT,BLOCKED,2020-04-24,3596.09,INR,1,22068.67,3,4,1,0
ACCT100005821,CUST0004959,SAVINGS,ACTIVE,2012-05-19,110948.15,AED,2,1851.17,1,1,1,0
ACCT100005822,CUST0004458,SALARY,ACTIVE,2019-10-13,22911.37,INR,2,5549.25,5,1,1,1
ACCT100005823,CUST0002344,SALARY,ACTIVE,2013-09-04,45076.11,INR,1,11509.01,3,5,0,1
ACCT100005824,CUST0004978,SAVINGS,ACTIVE,2021-07-22,111811.53,INR,2,4337.63,2,2,1,1
ACCT100005825,CUST0006750,SAVINGS,ACTIVE,2013-12-14,12540.44,INR,2,1215.86,1,1,0,1
ACCT100005826,CUST0002613,SAVINGS,ACTIVE,2021-02-12,66223.46,INR,2,8280.46,4,1,1,1
ACCT100005827,CUST0000237, TRUST ,DORMANT,2020-01-30,334093.46,GBP,1,270380.95,8,3,1,1
ACCT100005828,CUST0006695,CURRENT,ACTIVE,2019-05-10,55954.96,INR,1,57509.71,2,1,1,1
ACCT100005829,CUST0006739,TRUST,ACTIVE,2020-01-31,7106570.61,GBP,1,419320.7,9,1,1,1
ACCT100005830,CUST0001028,SHELL,ACTIVE,2020-08-19,714977.72,AED,1,6652689.56,10,1,1,1
ACCT100005831,CUST0007515,CURRENT,ACTIVE,2017-02-03,7775.54,INR,1,28220.32,5,1,1,1
ACCT100005832,CUST0002441,SAVINGS,DORMANT,2016-01-23,3086.55,INR,2,19355.79,2,2,1,1
ACCT100005833,CUST0007261,NRE,BLOCKED,2014-05-16,807358.37,INR,1,74532.67,7,4,0,1
ACCT100005834,CUST0001607,SALARY,ACTIVE,2017-12-26,14624.2,INR,1,28378.64,2,1,0,1
ACCT100005835,CUST0001066,SAVINGS,ACTIVE,2012-09-14,13906.36,INR,1,222772.28,1,1,1,1
ACCT100005836,CUST0004596,CURRENT,ACTIVE,2012-07-11,76692.73,INR,3,72062.66,3,4,0,1
ACCT100005837,CUST0002693,SALARY,ACTIVE,2017-05-15,10747.32,SGD,1,2210.93,5,1,1,1
ACCT100005838,CUST0003359,CURRENT,ACTIVE,2012-10-25,180611.17,INR,1,226845.97,1,2,1,1
ACCT100005839,CUST0007015,SALARY,ACTIVE,2016-08-05,5331.07,USD,1,41061.75,1,2,1,1
ACCT100005840,CUST0001250,TRUST,ACTIVE,2020-03-09,1110245.45,INR,1,66380.58,10,4,1,1
ACCT100005841,CUST0005822,SAVINGS,ACTIVE,2014-07-19,44756.87,USD,1,6556.07,5,1,1,1
ACCT100005842,CUST0000297,CURRENT,ACTIVE,2014-05-16,84411.79,INR,3,161140.18,5,3,1,0
ACCT100005843,CUST0002941,SAVINGS,DORMANT,2016-11-30,6995.8,INR,1,63513.32,2,1,1,1
ACCT100005844,CUST0002516,CURRENT,ACTIVE,2019-08-05,272083.16,GBP,2,10198.21,5,1,1,0
ACCT100005845,CUST0002589,SAVINGS,ACTIVE,2020-11-26,116643.46,SGD,2,5395.76,3,1,0,0
ACCT100005846,CUST0006348,SAVINGS,ACTIVE,2018-01-26,1292.68,SGD,2,1808.56,5,2,1,1
ACCT100005847,CUST0001820,SAVINGS,CLOSED,2016-01-24,28416.01,INR,2,52095.38,4,1,0,1
ACCT100005848,CUST0004968,NRE,ACTIVE,2016-01-17,41169.88,INR,1,158473.03,4,2,1,1
ACCT100005849,CUST0000294,CURRENT,ACTIVE,2021-09-06,42175.44,INR,2,80744.51,2,1,1,0
ACCT100005850,CUST0002204,CURRENT,ACTIVE,2014-01-02,54544.32,INR,3,26724.23,5,1,1,1
ACCT100005851,CUST0004683, SAVINGS ,ACTIVE,2013-04-07,34924.68,INR,1,7404.24,1,1,0,1
ACCT100005852,CUST0002825,NRE,DORMANT,2020-08-30,182560.67,INR,1,127641.94,7,2,1,1
ACCT100005853,CUST0007071,SAVINGS,ACTIVE,2019-09-25,11150.59,USD,1,19473.04,1,3,1,1
ACCT100005854,CUST0003672,NRE,ACTIVE,2012-05-21,320076.36,INR,2,271255.34,6,1,1,1
ACCT100005855,CUST0000230, SALARY ,ACTIVE,2018-06-19,1875.03,INR,1,45913.0,1,2,0,1
ACCT100005856,CUST0007157,SAVINGS,ACTIVE,2016-07-22,12815.57,AED,3,32201.12,3,3,1,1
ACCT100005857,CUST0000141,SALARY,ACTIVE,2012-12-27,10011.18,INR,3,40849.72,1,1,0,1
ACCT100005858,CUST0000150,SAVINGS,ACTIVE,2019-09-23,5424.33,INR,1,10505.69,1,2,0,1
ACCT100005859,CUST0006270,SAVINGS,ACTIVE,2016-10-21,1316.02,USD,2,34885.46,5,3,1,1
ACCT100005860,CUST0007640,SAVINGS,ACTIVE,2015-03-29,24043.34,INR,1,5024.0,4,1,0,1
ACCT100005861,CUST0004436,SHELL,DORMANT,2018-04-26,200371.36,USD,1,438082.28,8,2,1,1
ACCT100005862,CUST0004906, SALARY ,ACTIVE,2015-04-02,2237.99,INR,2,23244.27,3,2,0,1
ACCT100005863,CUST0006400,SAVINGS,CLOSED,2015-03-16,187045.66,INR,1,51633.48,1,1,0,0
ACCT100005864,CUST0003404,SAVINGS,ACTIVE,2012-12-09,6319.8,INR,1,87357.44,3,2,1,0
ACCT100005865,CUST0001381,SAVINGS,ACTIVE,2021-02-21,6355.51,AED,1,11324.46,3,1,1,1
ACCT100005866,CUST0006109,NRE,ACTIVE,2018-06-23,953842.49,INR,1,11703.57,5,1,1,1
ACCT100005867,CUST0002213,SALARY,BLOCKED,2019-10-26,3184.85,GBP,3,8985.12,1,1,1,1
ACCT100005868,CUST0000500,CURRENT,ACTIVE,2017-01-02,25963.27,INR,1,50031.97,1,2,1,1
ACCT100005869,CUST0004712,NRE,ACTIVE,2019-05-26,31218.45,SGD,2,617783.41,6,2,1,1
ACCT100005870,CUST0001291,CURRENT,ACTIVE,2021-08-22,133743.77,INR,2,12775.51,1,1,0,0
ACCT100005871,CUST0000718,NRE,ACTIVE,2019-09-08,117429.39,AED,2,182612.86,7,2,1,1
ACCT100005872,CUST0007774,SAVINGS,ACTIVE,2019-08-18,18441.97,INR,2,30209.64,4,3,1,1
ACCT100005873,CUST0000253,TRUST,ACTIVE,2018-03-09,283691.12,INR,1,769423.2,7,1,0,1
ACCT100005874,CUST0000727,TRUST,DORMANT,2016-12-13,36437.8,INR,2,966114.69,9,2,1,1
ACCT100005875,CUST0006800,SALARY,ACTIVE,2021-07-28,4904.24,INR,1,68794.54,4,1,1,0
ACCT100005876,CUST0004831,SALARY,ACTIVE,2014-08-10,22430.9,AED,2,801.08,2,1,1,1
ACCT100005877,CUST0007445,SALARY,ACTIVE,2015-05-25,24048.78,INR,1,14045.54,3,2,1,1
ACCT100005878,CUST0002005,CURRENT,ACTIVE,2014-11-16,6861.16,INR,2,8571.11,3,1,1,1
ACCT100005879,CUST0004604,SAVINGS,CLOSED,2017-09-10,23722.18,USD,1,42788.02,3,3,1,1
ACCT100005880,CUST0007381,SAVINGS,ACTIVE,2012-12-05,114317.91,INR,2,8658.03,4,1,1,0
ACCT100005881,CUST0000103,SALARY,ACTIVE,2014-08-02,15595.82,INR,1,21493.74,5,1,0,0
ACCT100005882,CUST0004952,CURRENT,ACTIVE,2015-09-03,52549.91,INR,1,20638.07,2,1,1,1
ACCT100005883,CUST0007734,SAVINGS,BLOCKED,2021-03-02,12024.16,AED,3,11757.75,1,1,1,1
ACCT100005884,CUST0000252,SAVINGS,ACTIVE,2021-04-29,138779.8,INR,1,8678.3,1,5,1,1
ACCT100005885,CUST0006619,TRUST,DORMANT,2020-04-12,204970.46,USD,1,374254.79,10,5,1,1
ACCT100005886,CUST0004049,SALARY,ACTIVE,2012-09-20,80770.92,INR,2,3181.45,3,1,1,1
ACCT100005887,CUST0001906,SAVINGS,ACTIVE,2015-12-15,42315.99,USD,1,1329.63,5,2,1,1
ACCT100005888,CUST0007014,SALARY,DORMANT,2018-06-19,40399.36,INR,3,4961.71,4,2,1,1
ACCT100005889,CUST0001289,SAVINGS,DORMANT,2016-09-29,7503.38,INR,2,320.08,5,1,1,1
ACCT100005890,CUST0005984,SALARY,ACTIVE,2018-07-24,5558.85,INR,1,11566.71,3,3,1,1
ACCT100005891,CUST0001008,SALARY,DORMANT,2021-02-13,18110.85,USD,1,14555.08,1,2,1,1
ACCT100005892,CUST0004392,SAVINGS,ACTIVE,2019-07-18,143456.78,INR,1,14112.38,4,1,1,1
ACCT100005893,CUST0007475,SALARY,ACTIVE,2017-11-25,501.99,INR,3,8281.02,1,3,1,0
ACCT100005894,CUST0004806,SALARY,ACTIVE,2021-08-15,3110.37,USD,1,14907.36,3,1,1,1
ACCT100005895,CUST0002288,NRE,ACTIVE,2019-08-11,57353.21,INR,1,137875.42,6,2,1,0
ACCT100005896,CUST0007506,NRO,ACTIVE,2021-11-13,1027484.36,USD,2,56236.48,7,1,1,0
ACCT100005897,CUST0006550,SALARY,ACTIVE,2014-12-14,7854.02,AED,1,13823.93,5,1,1,1
ACCT100005898,CUST0000621,CURRENT,ACTIVE,2018-09-20,152713.63,SGD,1,16944.89,5,1,1,0
ACCT100005899,CUST0001893,CURRENT,ACTIVE,2012-02-28,37297.49,INR,3,117404.86,1,2,0,0
ACCT100005900,CUST0003613,CURRENT,ACTIVE,2014-01-22,42524.14,INR,1,204582.34,4,1,1,0
ACCT100005901,CUST0006296,NRO,DORMANT,2020-05-29,52782.01,INR,1,31801.76,5,1,1,1
ACCT100005902,CUST0001531,CURRENT,ACTIVE,2016-11-13,24421.13,INR,1,44338.6,1,1,1,1
ACCT100005903,CUST0003487,TRUST,DORMANT,2013-08-18,115141.53,INR,1,485442.03,7,4,1,1
ACCT100005904,CUST0002986,SALARY,ACTIVE,2021-05-04,18811.53,AED,1,4984.88,5,4,1,1
ACCT100005905,CUST0002231,SALARY,ACTIVE,2014-11-20,2419.9,INR,1,53939.3,2,5,1,1
ACCT100005906,CUST0000770,NRO,ACTIVE,2014-12-16,550413.03,INR,1,70438.96,6,3,1,0
ACCT100005907,CUST0000712,SALARY,ACTIVE,2012-12-06,86194.18,INR,1,10199.33,4,2,1,1
ACCT100005908,CUST0005042,NRE,ACTIVE,2020-03-25,176119.34,USD,1,89752.97,7,5,1,1
ACCT100005909,CUST0004974,CURRENT,ACTIVE,2017-11-12,8385.72,INR,1,226786.89,4,2,1,1
ACCT100005910,CUST0002374,SALARY,ACTIVE,2013-08-28,8468.17,INR,1,55122.17,4,2,1,1
ACCT100005911,CUST0006045,SAVINGS,ACTIVE,2017-02-06,10110.41,SGD,2,5459.62,4,1,1,1
ACCT100005912,CUST0002303, NRO ,CLOSED,2014-06-06,21957.37,USD,2,75637.95,7,1,0,1
ACCT100005913,CUST0001252,SAVINGS,ACTIVE,2015-09-17,29064.24,INR,1,16305.45,2,1,0,1
ACCT100005914,CUST0004503, TRUST ,ACTIVE,2014-04-11,69442.73,INR,1,41752.91,10,1,1,1
ACCT100005915,CUST0004904,CURRENT,ACTIVE,2014-03-03,531757.08,AED,1,4544.25,4,1,1,1
ACCT100005916,CUST0004449,CURRENT,CLOSED,2012-12-20,144424.73,INR,1,8140.11,5,2,1,1
ACCT100005917,CUST0000464,CURRENT,ACTIVE,2020-07-11,4117.65,INR,2,30749.04,5,1,1,1
ACCT100005918,CUST0007332,CURRENT,ACTIVE,2012-09-12,301874.15,USD,1,76307.39,3,1,0,1
ACCT100005919,CUST0006940,SALARY,ACTIVE,2019-07-28,52909.35,INR,1,3194.21,4,1,1,1
ACCT100005920,CUST0002200,SALARY,ACTIVE,2016-06-29,17084.81,INR,2,23709.95,2,3,1,1
ACCT100005921,CUST0005483,SAVINGS,ACTIVE,2012-09-27,20723.15,AED,1,14530.87,3,4,0,0
ACCT100005922,CUST0003255,NRE,ACTIVE,2013-11-11,297657.36,AED,1,54039.79,5,4,1,1
ACCT100005923,CUST0002865,SALARY,ACTIVE,2013-03-28,7997.47,USD,1,43692.59,2,2,0,1
ACCT100005924,CUST0005508,SALARY,ACTIVE,2017-06-25,28790.28,INR,1,3316.67,2,1,1,1
ACCT100005925,CUST0004016,TRUST,ACTIVE,2018-11-10,47989.15,INR,1,599353.43,8,5,0,1
ACCT100005926,CUST0002676,NRE,ACTIVE,2017-03-31,7146.28,INR,1,67326.18,7,2,1,1
ACCT100005927,CUST0005133,SALARY,ACTIVE,2020-06-27,39579.95,SGD,1,10386.56,5,1,0,1
ACCT100005928,CUST0002732,CURRENT,ACTIVE,2012-01-29,65292.37,INR,2,63297.45,5,2,1,0
ACCT100005929,CUST0005212,SALARY,ACTIVE,2019-01-27,7996.69,INR,1,1478.9,5,2,1,1
ACCT100005930,CUST0004830,SAVINGS,ACTIVE,2018-06-10,84657.85,AED,1,44383.81,3,4,1,1
ACCT100005931,CUST0003771,SALARY,ACTIVE,2015-11-14,2938.03,SGD,2,19258.18,2,1,1,1
ACCT100005932,CUST0004886,CURRENT,ACTIVE,2018-12-16,116138.32,INR,1,1819.16,1,5,1,1
ACCT100005933,CUST0002911, SALARY ,DORMANT,2017-03-19,22074.88,INR,1,2298.15,4,5,0,1
ACCT100005934,CUST0002055,SAVINGS,ACTIVE,2019-07-21,4406.04,INR,1,19237.79,1,1,0,1
ACCT100005935,CUST0006349,SALARY,DORMANT,2019-07-13,166392.51,INR,1,10647.67,1,1,1,1
ACCT100005936,CUST0003431,NRE,ACTIVE,2018-09-26,67779.71,INR,1,61348.32,5,4,1,1
ACCT100005937,CUST0006557,SAVINGS,ACTIVE,2017-12-22,9297.15,USD,2,2598.89,1,3,1,0
ACCT100005938,CUST0007928,SALARY,ACTIVE,2017-09-24,86842.89,INR,1,75345.3,2,2,1,1
ACCT100005939,CUST0000550,SHELL,ACTIVE,2013-03-25,736883.52,USD,1,61884.45,8,2,1,1
ACCT100005940,CUST0003164,NRO,ACTIVE,2016-04-26,18745.28,INR,2,12952.6,5,1,1,1
ACCT100005941,CUST0003729,SAVINGS,BLOCKED,2019-07-16,74969.8,SGD,2,55496.65,5,3,1,1
ACCT100005942,CUST0005400,CURRENT,ACTIVE,2015-08-17,43168.26,USD,3,81322.8,3,1,1,1
ACCT100005943,CUST0005751,SAVINGS,ACTIVE,2018-06-11,5511.48,USD,1,12206.17,4,2,1,1
ACCT100005944,CUST0002958,SAVINGS,ACTIVE,2014-05-05,645.21,AED,1,20927.7,2,3,1,1
ACCT100005945,CUST0003719,NRE,CLOSED,2015-07-09,200383.3,INR,1,12475.73,6,3,0,1
ACCT100005946,CUST0003058,NRE,ACTIVE,2018-07-25,751165.2,AED,1,33878.24,7,2,1,1
ACCT100005947,CUST0002369, SALARY ,ACTIVE,2020-06-15,2787.44,SGD,3,2845.83,4,3,0,1
ACCT100005948,CUST0004337,SAVINGS,DORMANT,2014-09-02,23498.59,INR,1,11889.18,1,3,1,1
ACCT100005949,CUST0006649,SAVINGS,ACTIVE,2021-04-23,16550.04,INR,1,16966.7,1,2,0,1
ACCT100005950,CUST0000436,SALARY,ACTIVE,2016-04-10,698.17,USD,1,65084.02,2,3,0,1
ACCT100005951,CUST0004997, NRO ,DORMANT,2018-05-18,61906.2,USD,1,41489.6,4,1,1,1
ACCT100005952,CUST0005515,SAVINGS,ACTIVE,2014-06-25,85506.66,USD,2,51792.52,3,4,0,1
ACCT100005953,CUST0007855,SALARY,ACTIVE,2019-10-28,15333.23,GBP,2,22998.9,4,4,0,1
ACCT100005954,CUST0006677,CURRENT,ACTIVE,2013-06-12,101711.73,INR,1,162913.78,5,2,1,1
ACCT100005955,CUST0005660,SAVINGS,ACTIVE,2019-11-14,22238.73,AED,2,8980.87,2,1,1,1
ACCT100005956,CUST0004237,CURRENT,ACTIVE,2013-08-18,7577.26,INR,1,54849.43,3,2,0,1
ACCT100005957,CUST0006116,CURRENT,ACTIVE,2013-05-03,2788.92,SGD,1,26385.57,3,3,1,0
ACCT100005958,CUST0001913,SAVINGS,ACTIVE,2013-01-08,3763.55,AED,2,27795.02,2,1,1,1
ACCT100005959,CUST0000674,savings,ACTIVE,2016-09-25,5186.92,INR,1,329.59,2,1,1,1
ACCT100005960,CUST0002783,SALARY,ACTIVE,2018-12-14,19735.49,INR,1,2776.88,1,2,1,1
ACCT100005961,CUST0007317,SAVINGS,ACTIVE,2021-11-22,1458.76,INR,2,4223.49,2,2,1,1
ACCT100005962,CUST0003130, NRE ,ACTIVE,2017-09-03,18802.35,GBP,1,1151741.81,4,4,1,1
ACCT100005963,CUST0007303,NRE,ACTIVE,2013-05-12,255438.44,SGD,2,14502.39,7,1,0,1
ACCT100005964,CUST0003567,SAVINGS,ACTIVE,2017-03-03,13544.12,GBP,1,4420.58,2,3,1,1
ACCT100005965,CUST0006046,TRUST,DORMANT,2018-04-07,58636.84,SGD,1,243885.94,10,4,0,1
ACCT100005966,CUST0001962,SHELL,ACTIVE,2021-07-31,7572941.92,INR,2,61814.75,9,2,1,1
ACCT100005967,CUST0007519,SAVINGS,ACTIVE,2016-12-31,4307.37,AED,1,18294.22,5,3,0,0
ACCT100005968,CUST0005914,SAVINGS,ACTIVE,2018-07-08,36068.45,GBP,1,10281.32,3,2,1,1
ACCT100005969,CUST0002228,TRUST,DORMANT,2012-01-12,460516.99,INR,2,484277.66,9,1,0,1
ACCT100005970,CUST0007383,SAVINGS,ACTIVE,2021-04-23,18692.01,GBP,1,891.14,4,2,1,0
ACCT100005971,CUST0004155,SAVINGS,ACTIVE,2021-04-21,10323.92,USD,1,6652.61,2,2,1,0
ACCT100005972,CUST0003373,CURRENT,ACTIVE,2021-05-02,584032.61,INR,2,280299.98,4,2,0,1
ACCT100005973,CUST0000991,SAVINGS,ACTIVE,2021-06-24,4088.36,INR,1,25241.36,2,1,1,0
ACCT100005974,CUST0000417,CURRENT,ACTIVE,2018-10-24,88152.74,AED,2,5580.74,5,2,1,1
ACCT100005975,CUST0003672,TRUST,DORMANT,2016-10-16,1045058.63,INR,3,108166.83,9,2,1,1
ACCT100005976,CUST0005706,NRO,ACTIVE,2013-12-10,2875.33,INR,1,174337.81,4,1,1,1
ACCT100005977,CUST0000580,SAVINGS,ACTIVE,2016-05-17,48516.3,INR,1,17654.85,1,1,1,1
ACCT100005978,CUST0004579,TRUST,DORMANT,2021-09-22,19184.84,INR,1,50065.66,8,2,1,1
ACCT100005979,CUST0000547,SALARY,ACTIVE,2016-10-17,22645.45,INR,1,4212.27,3,2,0,1
ACCT100005980,CUST0003402,SHELL,DORMANT,2017-08-13,291803.1,INR,1,1071180.23,9,3,1,1
ACCT100005981,CUST0004348, SAVINGS ,ACTIVE,2020-05-09,2448.58,USD,1,43598.1,3,2,1,1
ACCT100005982,CUST0007672,SAVINGS,DORMANT,2013-07-23,6634.24,INR,3,16545.19,2,3,1,1
ACCT100005983,CUST0004655,CURRENT,ACTIVE,2015-08-08,2099558.91,INR,1,207506.55,1,2,1,1
ACCT100005984,CUST0002381,SHELL,ACTIVE,2015-04-27,536317.47,INR,1,177560.27,8,1,0,1
ACCT100005985,CUST0004591,CURRENT,ACTIVE,2015-05-21,15807.86,AED,1,96255.16,3,1,1,1
ACCT100005986,CUST0001691,SALARY,ACTIVE,2015-12-17,11527.62,INR,3,14150.0,1,2,0,1
ACCT100005987,CUST0001646,CURRENT,BLOCKED,2020-10-14,9290.18,USD,1,9145.98,4,1,0,1
ACCT100005988,CUST0004947,NRO,ACTIVE,2017-11-17,37039.96,AED,1,59784.39,6,1,1,0
ACCT100005989,CUST0000738,NRO,ACTIVE,2012-06-26,221840.92,INR,1,1020995.88,7,1,0,1
ACCT100005990,CUST0001016, TRUST ,ACTIVE,2019-01-12,449159.11,USD,1,342759.95,7,1,1,0
ACCT100005991,CUST0003495,SALARY,ACTIVE,2016-10-08,24852.54,USD,1,2942.38,1,2,1,1
ACCT100005992,CUST0002156,SALARY,ACTIVE,2019-07-20,39650.33,INR,2,7359.57,4,2,1,0
ACCT100005993,CUST0004444,SAVINGS,ACTIVE,2012-07-14,4805.89,INR,1,7590.2,3,3,1,1
ACCT100005994,CUST0003680,CURRENT,ACTIVE,2021-06-17,8861.75,USD,3,44773.46,5,1,0,1
ACCT100005995,CUST0007196,CURRENT,ACTIVE,2020-05-14,129881.79,INR,1,26906.19,3,5,1,1
ACCT100005996,CUST0004372,CURRENT,ACTIVE,2012-10-16,16904.44,INR,2,92355.32,2,1,1,1
ACCT100005997,CUST0001302,SAVINGS,ACTIVE,2019-10-18,56854.36,INR,1,45857.49,3,4,0,0
ACCT100005998,CUST0007834,CURRENT,ACTIVE,2012-01-12,138698.26,INR,2,63268.44,4,1,1,1
ACCT100005999,CUST0001976,SAVINGS,ACTIVE,2014-03-10,7063.07,AED,1,2521.95,4,1,1,1
ACCT100006000,CUST0003202,TRUST,ACTIVE,2013-09-28,323480.49,USD,2,1737505.58,10,3,0,1
ACCT100006001,CUST0002627,SAVINGS,ACTIVE,2017-09-02,11665.66,SGD,1,34297.12,4,2,1,1
ACCT100006002,CUST0002960,SAVINGS,BLOCKED,2019-04-11,3337.19,INR,1,23382.89,5,1,1,1
ACCT100006003,CUST0006952,CURRENT,ACTIVE,2021-08-22,159809.38,SGD,2,44161.16,5,2,1,0
ACCT100006004,CUST0005019,TRUST,DORMANT,2018-02-14,722474.59,INR,1,49907.67,10,2,0,1
ACCT100006005,CUST0005328,SAVINGS,ACTIVE,2020-12-14,43735.95,USD,2,6452.79,3,2,0,1
ACCT100006006,CUST0007805,NRO,ACTIVE,2015-02-24,427374.24,INR,3,85522.46,4,1,1,1
ACCT100006007,CUST0007497,SAVINGS,BLOCKED,2013-01-27,24190.72,INR,1,3307.86,5,2,1,1
ACCT100006008,CUST0000800,SAVINGS,ACTIVE,2018-07-27,105059.86,INR,2,46819.38,3,2,1,1
ACCT100006009,CUST0001683,SAVINGS,ACTIVE,2013-09-21,16387.96,INR,1,2021.29,2,3,1,1
ACCT100006010,CUST0001682,SAVINGS,ACTIVE,2018-05-28,88071.03,AED,1,20967.03,3,1,1,1
ACCT100006011,CUST0003925,NRE,ACTIVE,2015-02-12,659634.99,INR,1,142508.4,6,1,1,1
ACCT100006012,CUST0004355,CURRENT,ACTIVE,2014-10-18,77119.57,SGD,1,47499.09,5,4,1,1
ACCT100006013,CUST0000088,nre,ACTIVE,2012-03-17,257818.24,INR,1,141997.76,7,1,1,1
ACCT100006014,CUST0007357,CURRENT,ACTIVE,2016-05-21,104781.7,INR,1,62716.24,5,1,1,1
ACCT100006015,CUST0004342,CURRENT,ACTIVE,2020-01-22,26587.53,AED,1,543359.12,5,1,1,1
ACCT100006016,CUST0001662,CURRENT,ACTIVE,2015-03-24,34178.02,AED,1,28119.09,1,1,0,1
ACCT100006017,CUST0005788,CURRENT,ACTIVE,2020-01-28,400652.77,INR,1,71311.18,5,1,0,1
ACCT100006018,CUST0003733,CURRENT,ACTIVE,2016-06-22,50454.42,INR,2,25755.56,4,1,1,1
ACCT100006019,CUST0002052,current,ACTIVE,2016-12-19,128644.96,INR,1,19224.51,4,1,1,1
ACCT100006020,CUST0002543,NRE,ACTIVE,2013-07-23,83221.78,INR,3,66931.42,7,1,1,1
ACCT100006021,CUST0000449,current,DORMANT,2016-12-07,207587.17,INR,1,371642.28,2,1,1,1
ACCT100006022,CUST0002779,SAVINGS,ACTIVE,2020-02-15,21589.51,INR,2,29733.12,4,2,1,0
ACCT100006023,CUST0002834,SAVINGS,ACTIVE,2019-03-23,169926.32,SGD,2,5399.21,5,3,0,1
ACCT100006024,CUST0004133, SALARY ,ACTIVE,2020-11-23,2097.25,INR,1,59335.08,1,1,1,1
ACCT100006025,CUST0005460,SHELL,DORMANT,2021-02-03,12242179.06,USD,1,319040.53,7,1,0,1
ACCT100006026,CUST0001310,salary,BLOCKED,2020-02-06,22737.52,INR,1,21024.64,2,4,0,1
ACCT100006027,CUST0000240,SAVINGS,BLOCKED,2013-06-25,1437.1,INR,1,6907.98,3,2,1,1
ACCT100006028,CUST0006370,CURRENT,DORMANT,2012-04-23,24801.3,USD,1,97481.31,1,3,0,1
ACCT100006029,CUST0004421,SALARY,ACTIVE,2020-04-09,27507.74,AED,1,117427.24,2,1,1,1
ACCT100006030,CUST0006836,SALARY,DORMANT,2016-04-11,1023.33,USD,1,7859.56,5,2,1,1
ACCT100006031,CUST0001233,SAVINGS,ACTIVE,2017-11-21,38702.41,USD,1,67004.29,5,1,0,1
ACCT100006032,CUST0005056,SALARY,ACTIVE,2021-04-23,19732.89,INR,1,5035.59,4,1,1,1
ACCT100006033,CUST0004180,SAVINGS,ACTIVE,2015-01-21,29497.74,INR,1,17794.73,1,1,1,1
ACCT100006034,CUST0005926,NRE,CLOSED,2021-02-11,303742.15,AED,1,182002.67,7,2,1,1
ACCT100006035,CUST0000657,savings,BLOCKED,2019-03-02,881.09,AED,1,4284.12,3,2,1,1
ACCT100006036,CUST0006028,TRUST,ACTIVE,2016-01-11,454653.28,USD,1,282309.18,9,1,1,1
ACCT100006037,CUST0007839,CURRENT,ACTIVE,2018-02-21,9040.11,USD,1,22265.58,2,3,1,1
ACCT100006038,CUST0004180,SAVINGS,BLOCKED,2015-11-14,15538.49,SGD,3,30348.14,3,3,1,1
ACCT100006039,CUST0000267,SHELL,ACTIVE,2017-12-26,158607.55,INR,1,189492.52,7,3,1,1
ACCT100006040,CUST0007007,SALARY,DORMANT,2021-07-15,9347.35,USD,1,1679.18,4,1,1,1
ACCT100006041,CUST0004120,SALARY,ACTIVE,2018-02-26,17277.24,USD,1,1587.0,3,1,1,0
ACCT100006042,CUST0002930,CURRENT,ACTIVE,2018-11-26,6288.68,INR,1,15681.08,3,1,1,1
ACCT100006043,CUST0002681,CURRENT,ACTIVE,2016-12-08,201720.67,INR,1,244911.27,1,1,1,1
ACCT100006044,CUST0002074,CURRENT,DORMANT,2021-02-16,183931.6,SGD,2,63878.82,1,1,1,1
ACCT100006045,CUST0001206,SAVINGS,ACTIVE,2015-09-16,8113.7,INR,2,131876.77,2,1,1,1
ACCT100006046,CUST0001512,CURRENT,ACTIVE,2018-10-28,35140.56,USD,1,166521.63,1,2,1,1
ACCT100006047,CUST0000399,TRUST,DORMANT,2012-06-14,1701987.67,INR,2,674918.16,7,2,1,1
ACCT100006048,CUST0005771,SAVINGS,ACTIVE,2014-01-24,19693.23,INR,1,16698.53,5,1,0,0
ACCT100006049,CUST0003484, CURRENT ,ACTIVE,2013-12-19,3924.99,USD,1,9335.18,2,1,1,1
ACCT100006050,CUST0002089,NRO,DORMANT,2015-05-11,149672.41,USD,3,47437.41,5,3,1,1
ACCT100006051,CUST0005182,NRE,ACTIVE,2018-03-05,540450.79,INR,1,181485.51,6,4,1,1
ACCT100006052,CUST0004899,SHELL,DORMANT,2020-04-09,11414449.03,INR,1,594135.39,8,1,1,1
ACCT100006053,CUST0005547,NRE,ACTIVE,2019-12-24,24641.54,AED,1,89712.65,5,1,1,1
ACCT100006054,CUST0007465,SAVINGS,ACTIVE,2017-11-04,11433.92,USD,1,3727.88,5,2,1,1
ACCT100006055,CUST0007910,SAVINGS,ACTIVE,2015-11-21,5906.6,USD,1,22106.03,1,1,1,1
ACCT100006056,CUST0007628, TRUST ,DORMANT,2016-08-20,961441.71,SGD,2,151710.94,9,1,0,1
ACCT100006057,CUST0000952,TRUST,ACTIVE,2012-01-25,4640485.65,AED,1,838394.24,8,1,1,1
ACCT100006058,CUST0000631,current,ACTIVE,2019-11-09,181220.02,INR,1,11351.45,2,2,1,0
ACCT100006059,CUST0004735,CURRENT,ACTIVE,2020-10-09,27038.53,AED,1,56405.92,5,2,1,1
ACCT100006060,CUST0002721,SALARY,ACTIVE,2014-06-24,22921.76,INR,1,19308.2,1,4,1,0
ACCT100006061,CUST0004534,NRO,ACTIVE,2016-10-11,103590.72,INR,1,12842.47,5,1,1,1
ACCT100006062,CUST0002192,CURRENT,ACTIVE,2018-11-25,324241.45,GBP,1,18385.26,5,1,1,1
ACCT100006063,CUST0000589,SALARY,ACTIVE,2020-01-20,34045.66,INR,1,11276.59,1,2,0,1
ACCT100006064,CUST0000819,SAVINGS,ACTIVE,2017-03-26,17552.37,AED,3,3500.99,1,1,1,1
ACCT100006065,CUST0005269,SALARY,ACTIVE,2015-05-12,6861.47,SGD,3,4717.44,3,3,0,1
ACCT100006066,CUST0004498,SAVINGS,ACTIVE,2018-02-20,14287.44,INR,1,5294.08,3,2,0,0
ACCT100006067,CUST0002702,SAVINGS,ACTIVE,2014-11-20,60569.69,INR,1,7622.28,2,1,1,1
ACCT100006068,CUST0004371,SALARY,ACTIVE,2017-05-08,3568.11,USD,1,783.06,2,3,0,1
ACCT100006069,CUST0005960,SALARY,ACTIVE,2017-10-02,11547.63,INR,1,19291.65,4,2,1,1
ACCT100006070,CUST0006366,SAVINGS,ACTIVE,2013-05-28,97371.84,INR,2,50087.78,5,2,1,0
ACCT100006071,CUST0004214,SAVINGS,CLOSED,2021-05-03,654.01,USD,1,10356.25,2,1,1,1
ACCT100006072,CUST0003724,salary,BLOCKED,2016-03-02,5518.32,INR,2,1946.21,4,1,1,1
ACCT100006073,CUST0001483,SALARY,ACTIVE,2018-08-02,7144.98,USD,2,9908.86,2,4,0,1
ACCT100006074,CUST0002629,NRE,ACTIVE,2017-12-09,989845.48,INR,1,186176.86,6,2,1,1
ACCT100006075,CUST0003056,SAVINGS,ACTIVE,2014-12-06,56539.43,INR,1,13510.69,2,1,0,0
ACCT100006076,CUST0004188, SALARY ,ACTIVE,2021-08-27,2790.19,INR,1,23512.86,2,4,1,1
ACCT100006077,CUST0003008,SAVINGS,ACTIVE,2016-06-05,4713.25,USD,2,6627.13,4,1,1,1
ACCT100006078,CUST0001331,SAVINGS,ACTIVE,2014-12-16,17078.31,AED,2,1948.04,3,1,1,0
ACCT100006079,CUST0004262,CURRENT,ACTIVE,2014-04-12,13609.0,USD,1,486375.53,4,3,0,1
ACCT100006080,CUST0007113,NRE,BLOCKED,2017-04-23,2124232.85,INR,1,92044.66,7,1,1,1
ACCT100006081,CUST0001442,SAVINGS,BLOCKED,2015-09-13,9338.32,INR,1,93516.49,5,3,1,1
ACCT100006082,CUST0003909,SAVINGS,ACTIVE,2021-08-20,70266.07,INR,1,46757.31,2,1,1,1
ACCT100006083,CUST0002379,SALARY,DORMANT,2019-11-28,3434.29,INR,1,12358.76,4,1,1,0
ACCT100006084,CUST0005144,CURRENT,ACTIVE,2019-11-11,18344.45,USD,1,97499.6,2,1,0,1
ACCT100006085,CUST0006870,CURRENT,ACTIVE,2014-03-05,156562.11,INR,1,5489.39,3,2,1,1
ACCT100006086,CUST0006325,SALARY,ACTIVE,2020-10-14,82803.16,INR,1,137711.86,5,2,0,1
ACCT100006087,CUST0003984,SAVINGS,ACTIVE,2017-08-16,1055.59,INR,1,11890.37,2,2,1,1
ACCT100006088,CUST0004264,CURRENT,ACTIVE,2013-07-31,524679.78,INR,1,71750.15,4,4,1,1
ACCT100006089,CUST0001730,SALARY,ACTIVE,2014-05-30,5430.58,INR,2,3535.88,4,2,0,1
ACCT100006090,CUST0005333,SAVINGS,ACTIVE,2014-06-23,134604.19,INR,1,21589.03,4,2,1,1
ACCT100006091,CUST0002497,CURRENT,ACTIVE,2018-05-12,2541.61,AED,1,33236.46,2,3,1,1
ACCT100006092,CUST0005722,SALARY,BLOCKED,2018-01-18,4486.01,INR,2,4074.96,1,1,1,1
ACCT100006093,CUST0001609,CURRENT,ACTIVE,2014-11-07,10029.64,USD,1,70344.55,3,1,1,1
ACCT100006094,CUST0001960,CURRENT,ACTIVE,2015-10-20,42728.78,INR,1,65430.97,4,2,1,1
ACCT100006095,CUST0006068,SAVINGS,DORMANT,2017-04-05,20710.61,USD,1,13271.55,4,2,1,1
ACCT100006096,CUST0000510,SAVINGS,ACTIVE,2012-06-11,24339.15,USD,1,23771.25,1,1,1,0
ACCT100006097,CUST0001841,SAVINGS,DORMANT,2015-11-21,81678.3,USD,1,22234.67,3,3,1,1
ACCT100006098,CUST0004909,CURRENT,ACTIVE,2017-06-18,64149.82,INR,1,29225.36,1,2,1,0
ACCT100006099,CUST0007533,CURRENT,ACTIVE,2019-04-18,20312.21,SGD,1,414171.04,3,3,0,1
ACCT100006100,CUST0004210,NRE,ACTIVE,2017-04-12,1177332.05,AED,1,61429.28,4,4,1,1
ACCT100006101,CUST0002176,CURRENT,DORMANT,2012-04-07,130730.08,USD,2,10554.72,3,1,1,1
ACCT100006102,CUST0007572,TRUST,ACTIVE,2013-12-07,824645.14,USD,1,2397016.42,7,4,0,0
ACCT100006103,CUST0003527,CURRENT,ACTIVE,2016-06-03,33299.87,AED,1,50974.5,1,2,1,1
ACCT100006104,CUST0002463,SALARY,CLOSED,2017-11-05,26890.7,AED,1,6969.29,5,2,0,1
ACCT100006105,CUST0001959,SALARY,ACTIVE,2016-05-17,10958.77,USD,1,674.04,1,1,1,1
ACCT100006106,CUST0002825,NRE,ACTIVE,2012-03-27,60242.94,AED,3,655135.17,6,2,0,1
ACCT100006107,CUST0004749,SALARY,ACTIVE,2016-02-02,11918.53,INR,1,15866.61,1,1,1,1
ACCT100006108,CUST0004293,SAVINGS,ACTIVE,2019-09-19,4566.36,USD,3,7997.86,4,1,1,1
ACCT100006109,CUST0001536,SALARY,ACTIVE,2020-04-24,13308.51,USD,1,24456.77,4,4,1,1
ACCT100006110,CUST0002523,SAVINGS,CLOSED,2015-08-24,82792.44,USD,3,1037.43,1,3,0,1
ACCT100006111,CUST0005011,CURRENT,DORMANT,2021-09-24,20925.46,AED,2,24850.59,5,1,1,1
ACCT100006112,CUST0007658,CURRENT,ACTIVE,2021-10-12,18514.11,INR,1,64365.92,5,2,1,1
ACCT100006113,CUST0003370,CURRENT,ACTIVE,2018-02-14,520226.59,USD,1,13558.27,4,4,1,1
ACCT100006114,CUST0005135,SAVINGS,ACTIVE,2012-05-11,11651.21,INR,1,16289.4,3,1,1,1
ACCT100006115,CUST0004179,NRO,ACTIVE,2012-11-19,38752.74,INR,1,81005.0,4,1,1,1
ACCT100006116,CUST0001373,SHELL,ACTIVE,2017-04-15,224356.26,SGD,2,181181.59,8,1,0,1
ACCT100006117,CUST0003764,SALARY,ACTIVE,2017-05-24,610.63,AED,2,829.22,4,1,1,1
ACCT100006118,CUST0004252,SAVINGS,ACTIVE,2018-10-07,467605.56,INR,2,12019.85,2,2,1,1
ACCT100006119,CUST0001230,SAVINGS,ACTIVE,2018-02-24,31149.68,USD,1,9773.07,1,1,1,1
ACCT100006120,CUST0005554,SAVINGS,ACTIVE,2012-04-18,5058.43,AED,2,12275.01,5,1,1,1
ACCT100006121,CUST0002546,CURRENT,ACTIVE,2016-01-08,174152.98,USD,2,18452.4,2,1,1,1
ACCT100006122,CUST0001102,NRE,ACTIVE,2017-01-19,206658.98,INR,1,72131.17,7,2,1,1
ACCT100006123,CUST0007439,SAVINGS,ACTIVE,2018-01-22,14027.71,USD,1,18172.03,3,1,1,1
ACCT100006124,CUST0004627,CURRENT,ACTIVE,2021-05-27,91134.77,AED,2,26950.86,4,1,1,0
ACCT100006125,CUST0002768,TRUST,DORMANT,2013-07-29,1522649.04,USD,1,1694705.4,9,1,1,1
ACCT100006126,CUST0002979,CURRENT,ACTIVE,2020-06-28,29242.98,INR,1,3696.47,2,1,1,1
ACCT100006127,CUST0005924,TRUST,ACTIVE,2013-10-31,6518822.59,GBP,1,306221.35,9,1,1,1
ACCT100006128,CUST0002465,SAVINGS,ACTIVE,2017-11-29,4571.35,INR,1,27569.46,1,2,1,1
ACCT100006129,CUST0003623,SALARY,ACTIVE,2013-06-30,18520.49,USD,1,1637.07,5,1,1,1
ACCT100006130,CUST0000677,SAVINGS,ACTIVE,2012-07-02,35660.07,INR,1,4749.15,1,2,1,1
ACCT100006131,CUST0006321,SAVINGS,ACTIVE,2013-09-16,11759.91,INR,1,5822.18,2,1,1,1
ACCT100006132,CUST0004021,savings,ACTIVE,2016-11-22,182201.95,INR,1,10005.05,3,2,1,1
ACCT100006133,CUST0004436,SAVINGS,ACTIVE,2015-03-17,137732.74,INR,1,15861.81,5,4,1,1
ACCT100006134,CUST0004760,SAVINGS,ACTIVE,2014-11-30,147684.28,AED,2,1135.26,2,3,1,1
ACCT100006135,CUST0007463,SAVINGS,ACTIVE,2013-09-26,15790.1,USD,1,99485.45,4,3,1,1
ACCT100006136,CUST0007193,SHELL,ACTIVE,2016-08-04,1002249.58,AED,1,212750.34,7,1,1,1
ACCT100006137,CUST0001698,savings,BLOCKED,2013-04-27,167107.08,INR,1,6896.75,3,1,1,1
ACCT100006138,CUST0001340,TRUST,ACTIVE,2017-10-22,100723.89,INR,1,179257.31,8,2,1,1
ACCT100006139,CUST0000064,CURRENT,ACTIVE,2016-12-27,181172.79,INR,1,14157.27,2,1,1,1
ACCT100006140,CUST0006488,current,ACTIVE,2016-11-29,566233.0,USD,1,14541.63,2,1,1,1
ACCT100006141,CUST0004664,SAVINGS,ACTIVE,2019-12-04,3219.17,INR,1,1142.73,1,1,0,0
ACCT100006142,CUST0005756,SAVINGS,ACTIVE,2013-04-06,684.14,INR,1,6185.85,1,5,1,1
ACCT100006143,CUST0004881,SAVINGS,ACTIVE,2012-04-20,4836.22,USD,1,245379.07,2,1,1,1
ACCT100006144,CUST0005418,SALARY,ACTIVE,2016-03-04,3589.2,INR,1,1303.35,5,1,1,1
ACCT100006145,CUST0005120,SALARY,ACTIVE,2013-03-05,6614.92,INR,3,2684.63,4,2,0,1
ACCT100006146,CUST0006058,SALARY,ACTIVE,2018-02-12,22739.04,INR,1,14176.48,3,1,1,1
ACCT100006147,CUST0006006,CURRENT,DORMANT,2018-01-10,29941.95,INR,1,7086.23,4,2,1,1
ACCT100006148,CUST0005993,SAVINGS,ACTIVE,2016-06-09,27423.0,INR,1,89833.8,5,2,1,1
ACCT100006149,CUST0006959,NRE,ACTIVE,2013-06-12,17657.13,USD,1,162302.54,4,1,1,0
ACCT100006150,CUST0004430,SALARY,ACTIVE,2014-02-22,610289.91,INR,2,350.6,5,2,0,1
ACCT100006151,CUST0006736,CURRENT,ACTIVE,2015-11-15,91194.06,AED,3,107512.05,4,3,1,1
ACCT100006152,CUST0007514,SAVINGS,ACTIVE,2012-04-28,24923.03,INR,1,53617.05,4,3,1,1
ACCT100006153,CUST0006569,SALARY,ACTIVE,2014-03-14,7240.13,INR,2,38072.92,3,5,0,1
ACCT100006154,CUST0003743,SAVINGS,ACTIVE,2020-04-11,1390.99,USD,2,112656.14,4,1,1,1
ACCT100006155,CUST0003905,CURRENT,ACTIVE,2016-12-07,22394.84,INR,1,72947.01,1,1,1,1
ACCT100006156,CUST0007796,CURRENT,ACTIVE,2015-08-28,10124.16,GBP,1,384279.02,3,4,1,1
ACCT100006157,CUST0000455,SAVINGS,ACTIVE,2017-10-09,1351.24,AED,1,6738.37,3,1,1,1
ACCT100006158,CUST0001695,NRE,ACTIVE,2012-06-01,81860.12,INR,1,182721.01,6,2,0,1
ACCT100006159,CUST0003867,CURRENT,DORMANT,2015-05-20,31454.02,INR,1,96979.34,4,1,1,1
ACCT100006160,CUST0001284,SAVINGS,ACTIVE,2015-10-15,5189.94,INR,1,4017.23,2,1,0,1
ACCT100006161,CUST0002168,CURRENT,ACTIVE,2019-01-31,75493.63,GBP,1,9221.6,5,1,1,1
ACCT100006162,CUST0000537,SAVINGS,ACTIVE,2015-05-13,37524.96,INR,1,5323.71,1,1,1,0
ACCT100006163,CUST0007529,SHELL,DORMANT,2013-02-18,1339352.71,INR,3,116084.37,10,3,1,1
ACCT100006164,CUST0000414,SALARY,ACTIVE,2018-10-11,13415.81,USD,1,10525.31,1,2,1,1
ACCT100006165,CUST0001218,SAVINGS,ACTIVE,2020-03-05,4750.25,INR,1,16532.42,4,2,1,1
ACCT100006166,CUST0005039,CURRENT,ACTIVE,2020-12-15,5429.1,AED,1,117518.52,5,2,1,0
ACCT100006167,CUST0002130,CURRENT,DORMANT,2020-08-27,24937.12,INR,1,17691.34,4,4,1,0
ACCT100006168,CUST0003367,SALARY,CLOSED,2019-07-11,63732.19,GBP,1,7905.88,5,1,0,1
ACCT100006169,CUST0004340,SALARY,BLOCKED,2019-09-24,5277.79,INR,2,27686.23,5,1,1,0
ACCT100006170,CUST0007480,CURRENT,ACTIVE,2014-08-26,51790.2,USD,1,16787.77,5,1,1,1
ACCT100006171,CUST0004460,SALARY,ACTIVE,2014-05-24,3937.54,GBP,2,21334.46,5,2,1,1
ACCT100006172,CUST0005080,SAVINGS,DORMANT,2019-04-03,11630.21,USD,2,48714.3,4,1,1,1
ACCT100006173,CUST0003259,SAVINGS,ACTIVE,2021-01-07,17727.95,INR,1,1020.11,5,2,1,1
ACCT100006174,CUST0007389,SAVINGS,ACTIVE,2019-08-07,10090.03,USD,1,33969.21,2,2,1,0
ACCT100006175,CUST0002939,NRO,ACTIVE,2021-06-29,7790.45,AED,1,939966.45,6,5,0,1
ACCT100006176,CUST0003241,CURRENT,ACTIVE,2018-07-08,4353.31,USD,1,979167.35,4,3,1,1
ACCT100006177,CUST0002000,TRUST,DORMANT,2013-12-10,1151996.11,INR,1,123542.69,9,1,0,1
ACCT100006178,CUST0001695,CURRENT,ACTIVE,2018-06-09,7825.73,USD,1,12760.43,2,2,0,1
ACCT100006179,CUST0007900,NRE,ACTIVE,2020-08-30,126475.18,INR,1,89774.97,7,2,1,1
ACCT100006180,CUST0000748,SAVINGS,ACTIVE,2012-12-18,9772.94,USD,1,14624.49,5,3,0,1
ACCT100006181,CUST0000491,NRO,ACTIVE,2016-10-23,37135.78,USD,1,57950.52,5,1,0,1
ACCT100006182,CUST0000035,TRUST,DORMANT,2013-12-01,522976.89,AED,2,697002.84,10,1,1,1
ACCT100006183,CUST0007794,TRUST,DORMANT,2016-12-12,1398979.88,INR,1,24857.38,7,3,1,1
ACCT100006184,CUST0004944,CURRENT,ACTIVE,2018-08-08,136206.33,INR,1,25462.8,5,2,1,1
ACCT100006185,CUST0005591,SALARY,ACTIVE,2017-07-18,54504.58,INR,1,21411.82,4,3,1,1
ACCT100006186,CUST0004686,SAVINGS,ACTIVE,2015-09-29,53369.54,INR,1,3510.29,4,1,1,1
ACCT100006187,CUST0001587,SAVINGS,ACTIVE,2016-10-18,13589.7,AED,1,10907.7,2,3,0,1
ACCT100006188,CUST0001825,CURRENT,BLOCKED,2020-05-30,336563.16,INR,1,12469.49,5,5,0,1
ACCT100006189,CUST0000618,SALARY,ACTIVE,2017-07-26,98101.51,USD,1,5463.15,4,3,1,1
ACCT100006190,CUST0007550,CURRENT,ACTIVE,2017-01-10,8253.82,INR,1,19534.36,5,1,0,1
ACCT100006191,CUST0004087,SAVINGS,ACTIVE,2016-07-17,199169.86,INR,1,5487.34,5,4,0,1
ACCT100006192,CUST0007610,CURRENT,ACTIVE,2019-05-21,127716.45,SGD,1,20063.57,2,3,1,1
ACCT100006193,CUST0002122,SAVINGS,ACTIVE,2016-04-30,168688.42,INR,1,49132.81,3,2,1,1
ACCT100006194,CUST0005835,NRE,ACTIVE,2019-11-24,2177174.49,INR,1,256833.39,6,1,1,1
ACCT100006195,CUST0007749,CURRENT,ACTIVE,2020-01-18,90066.79,INR,1,75649.16,5,2,1,1
ACCT100006196,CUST0006421,CURRENT,ACTIVE,2020-10-23,71254.95,GBP,1,51298.62,3,1,1,1
ACCT100006197,CUST0004316,SAVINGS,BLOCKED,2012-10-24,26863.87,INR,1,7308.43,1,1,1,1
ACCT100006198,CUST0002294,SAVINGS,ACTIVE,2020-11-30,11502.82,AED,1,7718.39,3,1,1,1
ACCT100006199,CUST0001220,SAVINGS,ACTIVE,2017-08-22,4785.18,INR,1,1654.88,3,1,1,1
ACCT100006200,CUST0005512,CURRENT,ACTIVE,2015-02-08,163400.31,USD,1,16623.36,4,1,0,1
ACCT100006201,CUST0003048,SAVINGS,ACTIVE,2020-03-22,109861.75,INR,1,73796.44,4,1,1,1
ACCT100006202,CUST0003508,SAVINGS,ACTIVE,2020-08-24,94490.7,INR,1,4669.7,1,3,0,0
ACCT100006203,CUST0003102,NRO,ACTIVE,2017-11-27,19550.27,INR,1,16390.59,5,3,0,1
ACCT100006204,CUST0002209,NRO,ACTIVE,2018-03-14,10078.34,INR,1,118347.89,7,1,1,1
ACCT100006205,CUST0005805,SALARY,ACTIVE,2014-09-12,12346.37,USD,2,255.76,3,3,0,1
ACCT100006206,CUST0003816,SALARY,ACTIVE,2017-12-20,3080.81,INR,2,63587.88,4,3,1,1
ACCT100006207,CUST0001078,SAVINGS,ACTIVE,2015-10-10,11355.98,INR,1,18237.31,3,1,0,1
ACCT100006208,CUST0007156,SAVINGS,ACTIVE,2019-11-18,17618.05,INR,1,8533.08,4,2,1,1
ACCT100006209,CUST0001387,SAVINGS,ACTIVE,2021-02-13,18872.83,SGD,2,2723.66,2,4,1,1
ACCT100006210,CUST0005152,CURRENT,ACTIVE,2013-08-23,21568.12,USD,2,10787.45,3,2,1,1
ACCT100006211,CUST0000099,NRE,BLOCKED,2017-09-03,583255.42,AED,2,174433.72,4,1,1,1
ACCT100006212,CUST0004641,SHELL,ACTIVE,2015-11-25,6570444.23,USD,1,976192.43,7,1,1,1
ACCT100006213,CUST0006399,NRE,ACTIVE,2020-10-17,1715854.3,USD,2,2496.02,5,3,1,1
ACCT100006214,CUST0004389,SAVINGS,ACTIVE,2020-01-24,16505.9,INR,2,33805.76,5,2,1,1
ACCT100006215,CUST0002474,NRO,ACTIVE,2013-03-13,400439.66,AED,1,171600.34,6,3,0,1
ACCT100006216,CUST0008000,SALARY,ACTIVE,2012-09-22,33842.55,INR,1,33171.52,4,1,1,1
ACCT100006217,CUST0006565,SAVINGS,ACTIVE,2012-12-31,18626.51,USD,3,4496.35,2,1,1,1
ACCT100006218,CUST0002642,CURRENT,CLOSED,2014-08-03,20423.48,INR,2,8357.13,2,1,1,1
ACCT100006219,CUST0000285,NRE,ACTIVE,2013-01-19,972235.06,AED,1,744764.6,5,1,1,1
ACCT100006220,CUST0004987,NRO,ACTIVE,2016-06-26,101332.68,INR,3,38385.17,6,1,1,1
ACCT100006221,CUST0000888,SALARY,ACTIVE,2015-07-26,4379.19,USD,1,8259.46,5,2,1,1
ACCT100006222,CUST0000585,current,ACTIVE,2015-03-20,240265.8,INR,2,10708.07,1,3,1,1
ACCT100006223,CUST0003459,SHELL,DORMANT,2013-11-09,336874.04,INR,2,193629.9,9,2,1,1
ACCT100006224,CUST0006068,SAVINGS,ACTIVE,2018-04-28,5877.02,INR,1,122759.25,4,3,0,1
ACCT100006225,CUST0007072,SAVINGS,ACTIVE,2015-10-21,11312.76,AED,2,71171.5,2,2,1,0
ACCT100006226,CUST0000588,CURRENT,ACTIVE,2017-01-17,169802.17,INR,1,53744.79,3,1,1,1
ACCT100006227,CUST0002222,SALARY,ACTIVE,2019-05-15,8742.32,AED,1,4217.43,1,1,1,1
ACCT100006228,CUST0000095,SAVINGS,ACTIVE,2021-02-23,44070.45,INR,1,6469.2,2,1,0,0
ACCT100006229,CUST0000225,CURRENT,ACTIVE,2016-06-05,3554.77,INR,1,88638.99,5,3,0,1
ACCT100006230,CUST0003073,SAVINGS,ACTIVE,2012-08-04,5165.29,INR,3,113707.83,1,1,1,0
ACCT100006231,CUST0007648,SALARY,ACTIVE,2015-05-21,10912.96,AED,1,6431.95,5,2,1,1
ACCT100006232,CUST0004577,CURRENT,ACTIVE,2020-12-12,63656.59,INR,2,16129.17,3,1,1,1
ACCT100006233,CUST0002351,SALARY,ACTIVE,2013-07-16,6079.55,USD,2,22828.43,1,3,1,1
ACCT100006234,CUST0005656,SAVINGS,ACTIVE,2015-10-03,28614.95,INR,1,37310.23,5,1,1,1
ACCT100006235,CUST0001659,NRE,ACTIVE,2019-05-24,1653958.01,SGD,1,108254.59,5,3,0,1
ACCT100006236,CUST0002369,CURRENT,ACTIVE,2020-10-22,16200.78,SGD,1,54821.73,1,1,1,1
ACCT100006237,CUST0006499, NRE ,DORMANT,2021-06-05,1119150.94,INR,2,47639.1,4,1,1,1
ACCT100006238,CUST0007454,CURRENT,ACTIVE,2016-05-20,30057.22,INR,1,15781.7,1,3,1,1
ACCT100006239,CUST0005846,CURRENT,ACTIVE,2017-10-24,449105.74,INR,1,73497.15,3,1,1,1
ACCT100006240,CUST0004236,SAVINGS,ACTIVE,2014-08-15,49645.95,INR,1,6872.24,5,2,0,1
ACCT100006241,CUST0007202,NRO,ACTIVE,2012-12-23,36385.71,INR,2,31237.86,5,2,1,1
ACCT100006242,CUST0007498,CURRENT,DORMANT,2017-01-29,107604.82,USD,1,90569.62,4,3,1,1
ACCT100006243,CUST0007131,CURRENT,ACTIVE,2019-11-24,6276.15,INR,3,7948.14,5,2,1,1
ACCT100006244,CUST0004484, CURRENT ,ACTIVE,2020-03-04,9628.75,USD,1,4187.65,4,2,1,1
ACCT100006245,CUST0001446,CURRENT,ACTIVE,2021-11-01,21912.06,AED,2,2606.5,2,1,1,1
ACCT100006246,CUST0001021,SALARY,ACTIVE,2015-03-09,13953.13,INR,1,1288.62,1,1,1,1
ACCT100006247,CUST0005032,SAVINGS,ACTIVE,2018-10-02,2970.56,INR,1,9193.29,3,2,1,1
ACCT100006248,CUST0003581,NRE,ACTIVE,2021-06-25,7454.93,USD,3,53149.69,5,1,0,1
ACCT100006249,CUST0001358,CURRENT,ACTIVE,2016-09-06,25979.6,INR,1,27230.9,4,1,1,0
ACCT100006250,CUST0001438,SAVINGS,ACTIVE,2019-09-16,8795.89,INR,3,2420.97,5,2,1,1
ACCT100006251,CUST0007021,SAVINGS,ACTIVE,2019-10-09,1588.07,USD,1,8248.07,1,5,1,1
ACCT100006252,CUST0005700,CURRENT,ACTIVE,2021-02-03,25010.22,INR,1,82508.58,4,1,1,1
ACCT100006253,CUST0003055,SAVINGS,ACTIVE,2012-07-25,43560.26,INR,1,1790.95,5,1,0,1
ACCT100006254,CUST0000308,NRE,ACTIVE,2020-12-02,39674.31,AED,2,31777.93,5,1,1,1
ACCT100006255,CUST0006529,NRO,ACTIVE,2018-06-26,101158.46,INR,2,28192.16,7,1,1,1
ACCT100006256,CUST0000749,SALARY,BLOCKED,2019-12-10,6929.7,INR,1,1225.34,4,3,1,1
ACCT100006257,CUST0000926,NRE,ACTIVE,2013-05-26,68525.96,INR,1,173641.74,6,1,1,0
ACCT100006258,CUST0003002,SAVINGS,ACTIVE,2014-09-17,404.04,INR,1,8155.51,2,3,0,1
ACCT100006259,CUST0001786,SAVINGS,ACTIVE,2012-02-16,83246.27,INR,1,4764.2,2,1,1,1
ACCT100006260,CUST0004317,NRE,ACTIVE,2021-01-07,293828.46,AED,1,400355.22,6,1,0,1
ACCT100006261,CUST0004022,CURRENT,ACTIVE,2018-11-21,12229.56,INR,1,147509.4,5,1,0,1
ACCT100006262,CUST0006267,TRUST,ACTIVE,2013-10-28,2744924.8,INR,1,18928.61,9,1,1,1
ACCT100006263,CUST0001714,NRE,DORMANT,2013-10-09,391240.72,INR,3,72587.34,7,1,1,1
ACCT100006264,CUST0004292,CURRENT,ACTIVE,2013-07-23,13380.12,INR,2,7028.1,4,4,1,1
ACCT100006265,CUST0005070,CURRENT,ACTIVE,2012-10-21,282705.38,GBP,1,24135.84,1,1,1,1
ACCT100006266,CUST0000901,NRO,ACTIVE,2012-10-03,43405.44,AED,1,125174.97,4,2,1,1
ACCT100006267,CUST0000098,CURRENT,ACTIVE,2017-09-01,10381.04,USD,1,508300.21,3,1,1,1
ACCT100006268,CUST0002702,CURRENT,ACTIVE,2018-11-03,47159.3,INR,1,11908.35,5,2,1,1
ACCT100006269,CUST0003792,CURRENT,ACTIVE,2012-11-02,44641.66,AED,1,2246.56,3,1,0,1
ACCT100006270,CUST0003184,NRE,ACTIVE,2019-11-22,194032.45,AED,1,336273.56,5,1,1,0
ACCT100006271,CUST0004999,CURRENT,ACTIVE,2012-07-31,27713.26,SGD,1,15202.13,3,2,1,1
ACCT100006272,CUST0005449,CURRENT,BLOCKED,2013-03-12,124939.2,GBP,3,29768.41,4,1,1,1
ACCT100006273,CUST0006729,CURRENT,ACTIVE,2014-07-08,6484.8,AED,1,8831.41,3,1,1,1
ACCT100006274,CUST0003879,NRE,ACTIVE,2014-02-23,86100.63,GBP,1,196604.66,4,1,1,1
ACCT100006275,CUST0007254,CURRENT,ACTIVE,2019-07-16,58197.82,INR,1,5207.22,4,2,1,1
ACCT100006276,CUST0007660,NRE,ACTIVE,2020-03-19,70442.67,INR,1,117525.89,6,1,1,0
ACCT100006277,CUST0001219, SALARY ,ACTIVE,2020-03-18,28907.3,INR,2,3971.38,2,3,1,1
ACCT100006278,CUST0007952, SALARY ,ACTIVE,2015-10-31,39312.02,INR,2,13690.03,2,1,1,0
ACCT100006279,CUST0000073,SALARY,ACTIVE,2012-05-03,18985.24,SGD,1,8588.51,2,1,0,1
ACCT100006280,CUST0003640,CURRENT,ACTIVE,2015-05-04,11205.71,AED,3,757851.76,5,1,1,1
ACCT100006281,CUST0002638,SALARY,DORMANT,2012-08-28,1481.97,USD,1,2459.34,1,1,1,1
ACCT100006282,CUST0006206,SAVINGS,ACTIVE,2019-08-24,13748.62,AED,2,15894.76,4,1,1,1
ACCT100006283,CUST0001270,CURRENT,BLOCKED,2021-06-19,41427.91,INR,2,484298.84,4,1,0,1
ACCT100006284,CUST0007851,NRO,ACTIVE,2014-06-04,1156142.81,AED,1,441172.27,7,1,1,1
ACCT100006285,CUST0005411,CURRENT,ACTIVE,2019-09-26,28736.84,INR,1,46212.8,5,4,1,1
ACCT100006286,CUST0007777,CURRENT,ACTIVE,2014-08-13,61816.73,INR,1,35184.52,4,4,1,1
ACCT100006287,CUST0001690,NRO,ACTIVE,2019-09-18,78363.31,INR,1,26767.62,5,1,1,1
ACCT100006288,CUST0007430,CURRENT,ACTIVE,2015-08-26,11172.38,GBP,1,21332.37,4,3,0,1
ACCT100006289,CUST0005587,SALARY,ACTIVE,2012-02-11,9666.74,INR,1,2837.57,5,1,1,1
ACCT100006290,CUST0003858,TRUST,ACTIVE,2014-01-23,2093588.65,USD,1,192282.82,7,3,1,0
ACCT100006291,CUST0002245,SHELL,DORMANT,2020-01-27,196577.27,INR,2,687943.48,10,1,1,1
ACCT100006292,CUST0002069,CURRENT,CLOSED,2017-06-01,104664.68,INR,1,17940.5,5,2,0,1
ACCT100006293,CUST0004323,SALARY,CLOSED,2018-01-23,65394.82,INR,2,4886.26,3,2,1,0
ACCT100006294,CUST0004776,CURRENT,ACTIVE,2019-11-14,25568.7,INR,2,58217.49,2,1,1,1
ACCT100006295,CUST0006521,SALARY,ACTIVE,2014-11-10,9946.61,SGD,2,9016.5,2,1,1,1
ACCT100006296,CUST0006004,SALARY,ACTIVE,2014-09-28,8163.69,INR,3,24933.34,2,1,1,1
ACCT100006297,CUST0007465,CURRENT,ACTIVE,2021-09-04,1683833.26,USD,3,814483.8,5,2,0,1
ACCT100006298,CUST0004626,SAVINGS,ACTIVE,2013-12-08,22335.15,SGD,2,2842.73,2,2,1,1
ACCT100006299,CUST0004922,salary,ACTIVE,2017-08-28,9137.57,INR,1,5067.9,3,1,1,1
ACCT100006300,CUST0001556,SAVINGS,ACTIVE,2012-10-08,18275.55,USD,1,7265.54,3,5,1,1
ACCT100006301,CUST0005411,SALARY,ACTIVE,2019-11-02,48735.34,USD,2,2003.2,4,1,1,1
ACCT100006302,CUST0005568,NRE,BLOCKED,2013-02-02,132427.54,SGD,1,80782.54,4,4,0,1
ACCT100006303,CUST0006311,SALARY,ACTIVE,2018-02-19,11395.09,INR,1,6250.36,4,1,1,1
ACCT100006304,CUST0005557,CURRENT,ACTIVE,2016-11-22,10193.51,USD,1,7358.1,5,1,1,1
ACCT100006305,CUST0000947,CURRENT,ACTIVE,2012-09-29,1644.95,INR,1,4362.41,4,1,1,1
ACCT100006306,CUST0002472,CURRENT,ACTIVE,2015-06-03,6818.42,SGD,1,204977.0,2,1,1,1
ACCT100006307,CUST0000948,SAVINGS,ACTIVE,2021-06-23,72834.87,AED,1,9208.12,5,3,0,1
ACCT100006308,CUST0002563,CURRENT,ACTIVE,2020-06-03,29444.95,INR,1,31052.2,3,2,1,1
ACCT100006309,CUST0003911,CURRENT,ACTIVE,2019-10-24,20426.46,INR,1,97649.81,1,1,1,1
ACCT100006310,CUST0001161,CURRENT,ACTIVE,2012-08-18,109767.1,USD,1,179879.58,2,1,1,1
ACCT100006311,CUST0006297,SAVINGS,CLOSED,2014-03-27,44800.16,USD,1,3611.15,3,5,0,1
ACCT100006312,CUST0002580,SAVINGS,ACTIVE,2020-06-27,80818.63,USD,1,84310.43,5,1,0,1
ACCT100006313,CUST0007561,SAVINGS,CLOSED,2018-12-24,17332.14,INR,1,7676.57,2,1,1,1
ACCT100006314,CUST0000521,CURRENT,DORMANT,2017-02-10,129177.16,INR,1,51943.91,1,4,1,1
ACCT100006315,CUST0000527,SAVINGS,ACTIVE,2019-10-16,5413.79,GBP,1,100690.28,3,3,1,0
ACCT100006316,CUST0004510,CURRENT,ACTIVE,2013-06-17,255961.62,SGD,1,16622.25,5,3,0,1
ACCT100006317,CUST0003600,SAVINGS,ACTIVE,2020-12-04,51559.59,USD,2,3166.48,1,5,1,1
ACCT100006318,CUST0001461,NRO,ACTIVE,2019-12-01,197987.49,USD,1,483203.78,4,1,1,0
ACCT100006319,CUST0000612,SHELL,ACTIVE,2020-01-26,1482583.79,INR,1,296272.39,9,2,0,0
ACCT100006320,CUST0006295,CURRENT,ACTIVE,2016-09-15,708534.61,USD,2,1064901.06,5,4,1,1
ACCT100006321,CUST0007058,NRE,ACTIVE,2015-06-29,2069718.15,USD,1,92791.56,6,3,0,1
ACCT100006322,CUST0004691,NRO,ACTIVE,2013-11-14,347676.03,USD,1,45523.12,6,1,1,1
ACCT100006323,CUST0005470,NRE,ACTIVE,2019-07-16,2943957.28,INR,1,387716.27,7,2,1,1
ACCT100006324,CUST0001551,SALARY,ACTIVE,2016-07-02,5825.71,USD,3,1133.38,1,1,1,1
ACCT100006325,CUST0001842,CURRENT,ACTIVE,2013-03-18,8781.94,INR,1,39698.36,1,2,1,1
ACCT100006326,CUST0005802,CURRENT,ACTIVE,2019-01-09,78063.46,INR,1,6498.12,3,3,1,1
ACCT100006327,CUST0001823,SAVINGS,ACTIVE,2013-10-30,11249.77,INR,1,20811.37,1,1,1,0
ACCT100006328,CUST0006029,shell,ACTIVE,2013-10-03,391424.44,INR,1,1753046.17,8,4,0,0
ACCT100006329,CUST0007301,SAVINGS,ACTIVE,2015-11-15,5409.22,INR,2,15898.57,2,3,0,1
ACCT100006330,CUST0005785,SAVINGS,ACTIVE,2021-11-17,56643.66,SGD,1,4644.43,2,2,0,1
ACCT100006331,CUST0005626,CURRENT,ACTIVE,2016-01-27,25456.67,INR,3,4499.82,1,2,1,1
ACCT100006332,CUST0006036,SAVINGS,ACTIVE,2018-04-21,48485.21,AED,1,41977.31,4,4,1,1
ACCT100006333,CUST0005408,SALARY,ACTIVE,2015-08-24,48750.21,AED,1,3126.48,3,2,1,1
ACCT100006334,CUST0003419,SAVINGS,ACTIVE,2018-06-26,26016.63,USD,1,3101.66,4,1,1,1
ACCT100006335,CUST0002641,NRO,ACTIVE,2020-06-23,143928.82,INR,1,220600.97,6,2,1,1
ACCT100006336,CUST0005484,trust,ACTIVE,2019-07-17,486779.78,INR,1,36425.34,9,5,1,1
ACCT100006337,CUST0006961, SALARY ,ACTIVE,2017-03-24,25801.88,INR,1,12871.43,2,2,1,0
ACCT100006338,CUST0007255,SALARY,ACTIVE,2018-12-12,46414.17,INR,3,1771.57,3,1,1,1
ACCT100006339,CUST0006148,SALARY,ACTIVE,2020-07-03,5491.8,INR,2,1348.95,1,2,0,1
ACCT100006340,CUST0006417,SAVINGS,ACTIVE,2016-08-03,28774.67,INR,1,79309.43,2,1,0,1
ACCT100006341,CUST0005315,CURRENT,BLOCKED,2020-08-31,16595.17,INR,1,19286.68,1,1,1,1
ACCT100006342,CUST0007556,SALARY,ACTIVE,2013-05-01,1978.24,INR,1,21557.09,5,1,1,1
ACCT100006343,CUST0003761,SAVINGS,ACTIVE,2014-05-19,1424.32,INR,1,2453.49,4,1,1,1
ACCT100006344,CUST0004928,SAVINGS,ACTIVE,2014-09-16,983.44,USD,1,20539.36,3,1,0,1
ACCT100006345,CUST0006443,CURRENT,ACTIVE,2018-11-14,16773.99,INR,1,33673.56,2,4,0,0
ACCT100006346,CUST0003791,CURRENT,ACTIVE,2020-04-03,1193.76,INR,2,61423.15,1,1,1,1
ACCT100006347,CUST0005751,SAVINGS,ACTIVE,2016-12-23,42077.44,INR,1,13385.01,3,2,0,1
ACCT100006348,CUST0000878,NRE,ACTIVE,2013-08-21,46460.28,INR,1,216374.35,6,1,0,1
ACCT100006349,CUST0003579,SALARY,ACTIVE,2012-11-17,19468.19,INR,1,50654.19,5,1,1,1
ACCT100006350,CUST0005611,SALARY,ACTIVE,2014-12-20,28652.53,INR,1,36647.74,5,2,1,1
ACCT100006351,CUST0002928,TRUST,DORMANT,2020-04-11,604355.94,AED,2,625330.08,8,1,1,1
ACCT100006352,CUST0001785,SALARY,ACTIVE,2018-08-30,3181.81,USD,1,146253.89,1,2,1,1
ACCT100006353,CUST0005348,SALARY,DORMANT,2017-03-22,10331.71,SGD,1,2296.13,1,1,0,1
ACCT100006354,CUST0001093,SAVINGS,CLOSED,2021-06-01,181107.88,SGD,1,21348.8,2,2,1,1
ACCT100006355,CUST0003501,NRE,ACTIVE,2018-08-11,158808.12,INR,1,368621.97,7,3,0,1
ACCT100006356,CUST0004408,CURRENT,ACTIVE,2020-10-29,24252.89,INR,3,70695.83,2,2,1,1
ACCT100006357,CUST0000332,SALARY,ACTIVE,2013-12-09,5440.18,INR,2,22846.83,3,1,0,1
ACCT100006358,CUST0005875,SAVINGS,ACTIVE,2019-11-07,21379.2,INR,2,5059.62,2,1,1,1
ACCT100006359,CUST0005633,SALARY,ACTIVE,2019-03-04,41891.57,INR,1,7108.25,2,5,0,1
ACCT100006360,CUST0006194,SALARY,ACTIVE,2019-02-23,6286.28,INR,1,26787.1,2,4,1,0
ACCT100006361,CUST0005560,SAVINGS,ACTIVE,2017-10-21,14557.64,GBP,1,13534.13,3,2,0,0
ACCT100006362,CUST0004066,SAVINGS,ACTIVE,2016-05-22,246125.94,INR,2,6756.13,4,3,1,1
ACCT100006363,CUST0004427, NRO ,DORMANT,2015-10-15,89105.51,INR,2,155631.28,4,2,1,1
ACCT100006364,CUST0002604,SALARY,DORMANT,2016-01-09,1753.12,INR,1,24337.07,1,3,1,1
ACCT100006365,CUST0001048,SAVINGS,ACTIVE,2014-09-23,22673.78,USD,2,5971.46,4,3,1,1
ACCT100006366,CUST0007353,SAVINGS,ACTIVE,2013-07-27,4982.42,INR,1,61284.36,5,1,1,1
ACCT100006367,CUST0005660,CURRENT,ACTIVE,2020-02-02,116652.93,INR,1,318759.78,1,2,1,1
ACCT100006368,CUST0005611,NRO,ACTIVE,2014-01-28,653920.19,INR,2,65256.65,4,1,1,1
ACCT100006369,CUST0000607,CURRENT,DORMANT,2021-10-24,808.4,USD,2,34586.25,1,1,1,1
ACCT100006370,CUST0006497,SAVINGS,ACTIVE,2016-05-12,7285.12,INR,1,24528.21,4,2,0,1
ACCT100006371,CUST0002272,NRE,ACTIVE,2014-03-11,64272.49,INR,1,453061.23,6,1,1,0
ACCT100006372,CUST0001606,CURRENT,ACTIVE,2020-04-21,28825.73,INR,2,95822.62,3,2,0,1
ACCT100006373,CUST0007333,SALARY,BLOCKED,2019-02-24,71755.64,GBP,1,3476.24,5,3,1,1
ACCT100006374,CUST0007476,SAVINGS,DORMANT,2014-07-17,22640.18,INR,2,25522.22,5,1,1,1
ACCT100006375,CUST0005276,NRE,ACTIVE,2019-10-10,50303.31,INR,1,74164.05,4,1,1,1
ACCT100006376,CUST0001891,NRO,ACTIVE,2019-11-27,7519.73,INR,2,53410.81,7,1,1,1
ACCT100006377,CUST0007628,NRE,ACTIVE,2019-08-14,122599.14,INR,1,34679.13,7,1,1,1
ACCT100006378,CUST0000488,SAVINGS,ACTIVE,2016-08-12,233667.37,SGD,1,16993.58,5,1,1,1
ACCT100006379,CUST0000099,SALARY,ACTIVE,2017-09-29,2060.36,USD,1,8247.56,4,1,1,1
ACCT100006380,CUST0001382,SALARY,ACTIVE,2019-06-09,12631.73,INR,1,9032.41,1,1,1,1
ACCT100006381,CUST0001518,NRE,DORMANT,2013-08-09,327798.21,GBP,1,45051.99,6,3,1,1
ACCT100006382,CUST0007982,SHELL,ACTIVE,2018-04-02,685985.4,INR,1,1230044.01,10,1,1,1
ACCT100006383,CUST0003296,TRUST,ACTIVE,2016-03-11,74264.59,INR,1,230436.96,7,3,1,1
ACCT100006384,CUST0000535,SAVINGS,ACTIVE,2019-03-10,7842.66,INR,1,14000.02,1,4,0,1
ACCT100006385,CUST0004653,NRE,ACTIVE,2021-04-19,3171308.5,INR,1,598318.72,5,1,1,1
ACCT100006386,CUST0005896,TRUST,DORMANT,2020-06-21,5982.7,INR,1,1268155.83,8,3,1,1
ACCT100006387,CUST0003499,CURRENT,ACTIVE,2019-08-24,1868.39,INR,1,51211.84,3,2,1,1
ACCT100006388,CUST0000635,TRUST,ACTIVE,2020-11-21,984598.75,INR,1,280915.95,7,2,1,1
ACCT100006389,CUST0006449,NRO,DORMANT,2019-10-09,228066.75,USD,1,216437.97,5,3,1,1
ACCT100006390,CUST0007463,SALARY,ACTIVE,2021-02-27,20015.57,INR,1,50550.31,3,2,1,1
ACCT100006391,CUST0003278,NRO,ACTIVE,2020-03-25,33955.45,GBP,2,303019.17,5,1,0,1
ACCT100006392,CUST0003304,SALARY,ACTIVE,2014-03-23,27556.11,INR,2,8376.43,1,1,1,1
ACCT100006393,CUST0001654,SALARY,ACTIVE,2017-01-11,1834.52,INR,2,14178.81,5,1,1,1
ACCT100006394,CUST0000620,CURRENT,ACTIVE,2017-02-27,135918.02,INR,1,13800.03,5,1,1,1
ACCT100006395,CUST0004744,salary,ACTIVE,2014-11-27,12049.12,INR,1,7413.24,4,1,0,1
ACCT100006396,CUST0001987, SALARY ,ACTIVE,2016-11-12,18272.39,AED,1,6048.2,4,2,1,1
ACCT100006397,CUST0002403,CURRENT,ACTIVE,2018-04-06,865312.72,USD,1,26922.4,4,4,1,1
ACCT100006398,CUST0004009,CURRENT,DORMANT,2015-11-18,12429.97,USD,1,27290.64,1,4,0,1
ACCT100006399,CUST0000985,NRO,ACTIVE,2019-11-20,305361.0,USD,1,75047.72,5,1,1,1
ACCT100006400,CUST0007886,SHELL,DORMANT,2019-09-15,852766.44,INR,1,1984218.93,9,2,1,1
ACCT100006401,CUST0000988,SALARY,ACTIVE,2017-01-11,131473.82,INR,2,20523.99,1,1,1,0
ACCT100006402,CUST0001612,CURRENT,DORMANT,2014-08-04,54935.92,INR,1,84015.72,5,1,1,0
ACCT100006403,CUST0006934,NRO,ACTIVE,2019-12-01,37040.49,INR,1,130397.06,6,3,0,1
ACCT100006404,CUST0004530,NRE,ACTIVE,2017-06-21,170272.15,AED,1,79178.76,5,2,1,1
ACCT100006405,CUST0000970,SALARY,ACTIVE,2021-08-22,441.8,INR,2,92573.64,5,1,0,1
ACCT100006406,CUST0000067,CURRENT,ACTIVE,2019-12-19,37111.96,USD,1,63702.8,1,2,1,0
ACCT100006407,CUST0002204,SALARY,BLOCKED,2019-04-19,108243.67,USD,2,11153.76,4,5,1,1
ACCT100006408,CUST0007308,CURRENT,ACTIVE,2019-09-08,58166.26,SGD,1,286059.7,3,2,0,1
ACCT100006409,CUST0004802,SAVINGS,ACTIVE,2014-08-02,4196.88,INR,1,28174.83,2,2,1,1
ACCT100006410,CUST0007566,NRE,ACTIVE,2020-06-01,245415.99,INR,1,578612.25,5,1,1,1
ACCT100006411,CUST0004969,SALARY,ACTIVE,2016-07-04,9304.92,INR,1,4518.22,4,1,1,1
ACCT100006412,CUST0003553,CURRENT,DORMANT,2017-09-28,23195.65,SGD,2,67902.17,2,4,1,1
ACCT100006413,CUST0002729,CURRENT,ACTIVE,2021-06-25,61130.23,USD,3,7071.41,1,1,1,0
ACCT100006414,CUST0001616,SALARY,ACTIVE,2020-05-26,37382.09,GBP,3,5328.09,2,3,0,1
ACCT100006415,CUST0000684,NRE,ACTIVE,2014-08-31,747497.98,AED,2,1330407.07,7,1,1,0
ACCT100006416,CUST0005962,SAVINGS,ACTIVE,2014-07-16,46958.07,INR,1,4250.18,1,2,1,1
ACCT100006417,CUST0003886,NRO,ACTIVE,2020-01-14,5679.66,AED,1,42605.91,6,1,1,1
ACCT100006418,CUST0001591,CURRENT,BLOCKED,2014-11-18,337023.19,INR,1,28277.01,5,2,1,1
ACCT100006419,CUST0007863,CURRENT,BLOCKED,2020-10-03,486331.39,INR,1,22680.17,5,1,1,1
ACCT100006420,CUST0006599,CURRENT,ACTIVE,2021-11-17,10825.97,INR,1,8524.81,5,1,1,1
ACCT100006421,CUST0001197,NRE,ACTIVE,2012-03-10,364251.79,INR,3,170624.68,4,1,0,1
ACCT100006422,CUST0001146,SALARY,ACTIVE,2019-12-15,1898.25,INR,1,11985.27,5,1,1,1
ACCT100006423,CUST0005107,SALARY,ACTIVE,2020-06-07,3112.5,USD,2,19963.91,2,1,1,0
ACCT100006424,CUST0006161,SHELL,DORMANT,2013-09-04,408146.3,USD,1,170628.87,10,1,0,0
ACCT100006425,CUST0004057,NRE,ACTIVE,2015-11-30,143853.44,SGD,1,125253.34,6,4,1,1
ACCT100006426,CUST0006942,SALARY,ACTIVE,2015-06-12,12783.04,INR,1,3546.29,2,2,1,1
ACCT100006427,CUST0006188,SAVINGS,ACTIVE,2019-01-03,1090.98,USD,1,3718.71,4,2,0,1
ACCT100006428,CUST0006595,CURRENT,ACTIVE,2012-02-05,52330.73,INR,1,187576.39,4,4,1,1
ACCT100006429,CUST0001150,SALARY,ACTIVE,2012-02-17,13731.65,INR,1,117737.93,4,2,1,1
ACCT100006430,CUST0005570,SAVINGS,ACTIVE,2019-08-27,34561.92,INR,1,9457.72,4,1,1,1
ACCT100006431,CUST0003838,SALARY,ACTIVE,2020-05-09,30906.18,USD,1,13029.1,4,2,0,1
ACCT100006432,CUST0004012,SAVINGS,ACTIVE,2012-07-25,397363.29,AED,1,7245.9,2,1,1,1
ACCT100006433,CUST0006205,CURRENT,ACTIVE,2014-01-26,30562.02,USD,2,1032586.25,5,3,1,1
ACCT100006434,CUST0000665,SAVINGS,DORMANT,2015-11-15,41398.87,INR,1,5391.42,4,3,0,0
ACCT100006435,CUST0002677,SAVINGS,ACTIVE,2016-04-19,1811.69,INR,3,8228.22,1,3,1,1
ACCT100006436,CUST0006134,CURRENT,DORMANT,2020-08-28,83856.01,INR,3,23381.44,5,3,1,1
ACCT100006437,CUST0007529,SALARY,ACTIVE,2016-01-24,9992.7,INR,1,10440.38,5,1,0,1
ACCT100006438,CUST0005553,CURRENT,ACTIVE,2019-03-27,5920.91,SGD,3,38030.91,3,1,1,1
ACCT100006439,CUST0004056,CURRENT,ACTIVE,2016-05-15,197506.63,INR,3,145683.23,3,3,1,1
ACCT100006440,CUST0002083,SALARY,ACTIVE,2014-02-01,3178.62,USD,1,16993.7,4,1,0,1
ACCT100006441,CUST0003491,SAVINGS,ACTIVE,2019-02-07,5838.93,USD,1,18673.56,4,2,1,1
ACCT100006442,CUST0003060,SAVINGS,ACTIVE,2021-06-21,21664.14,USD,1,16509.26,3,2,1,1
ACCT100006443,CUST0002227,CURRENT,DORMANT,2015-06-11,228082.37,INR,1,195128.26,3,3,1,0
ACCT100006444,CUST0007345,CURRENT,ACTIVE,2021-03-14,5259.32,SGD,1,39626.47,4,1,0,1
ACCT100006445,CUST0000199,NRE,ACTIVE,2015-11-09,445305.05,INR,1,137386.19,5,3,1,0
ACCT100006446,CUST0001794,nre,ACTIVE,2014-07-27,58065.2,INR,1,75887.08,4,5,1,1
ACCT100006447,CUST0005105,CURRENT,DORMANT,2021-06-22,70165.27,USD,2,117463.87,5,3,1,1
ACCT100006448,CUST0007466,CURRENT,ACTIVE,2015-12-15,24528.47,USD,1,49220.56,3,2,1,1
ACCT100006449,CUST0002582,SALARY,ACTIVE,2016-10-17,4074.12,INR,1,4579.66,1,1,1,1
ACCT100006450,CUST0006966,current,ACTIVE,2020-07-16,110149.22,INR,1,217061.27,1,2,0,1
ACCT100006451,CUST0004694,SAVINGS,ACTIVE,2015-03-28,82041.57,GBP,1,46063.62,5,1,0,0
ACCT100006452,CUST0002907,CURRENT,ACTIVE,2012-08-09,48044.73,INR,3,932140.23,3,1,1,0
ACCT100006453,CUST0005805,SALARY,ACTIVE,2018-07-21,2673.67,SGD,1,12689.41,2,1,1,1
ACCT100006454,CUST0005997,SALARY,ACTIVE,2020-01-01,5489.89,INR,3,4737.6,4,2,0,0
ACCT100006455,CUST0006475,SAVINGS,BLOCKED,2020-04-04,1390.83,AED,2,10612.56,3,4,1,1
ACCT100006456,CUST0006590,SHELL,DORMANT,2017-10-05,4988375.33,GBP,1,1035483.91,7,3,1,1
ACCT100006457,CUST0006336,CURRENT,ACTIVE,2021-05-18,50303.93,INR,1,6383.85,1,2,1,1
ACCT100006458,CUST0001408,SHELL,ACTIVE,2019-02-02,1131724.94,INR,1,52764.11,7,1,1,1
ACCT100006459,CUST0002445,NRE,ACTIVE,2019-05-16,449936.64,INR,1,20786.88,5,4,1,1
ACCT100006460,CUST0007166,SAVINGS,ACTIVE,2017-11-06,8768.64,INR,1,45783.0,1,2,1,1
ACCT100006461,CUST0001170,NRO,ACTIVE,2019-09-02,195311.73,SGD,1,12017.08,7,3,1,1
ACCT100006462,CUST0006789,SAVINGS,ACTIVE,2014-02-14,798200.78,INR,1,15635.34,2,1,0,1
ACCT100006463,CUST0002714,SAVINGS,ACTIVE,2018-02-18,10305.23,USD,2,4861.42,5,1,0,1
ACCT100006464,CUST0000931,CURRENT,ACTIVE,2014-02-12,6868.64,INR,1,158232.46,2,1,1,1
ACCT100006465,CUST0007963,SAVINGS,ACTIVE,2013-04-02,62428.48,AED,3,19897.62,3,2,1,1
ACCT100006466,CUST0002301,SAVINGS,ACTIVE,2014-10-22,36077.6,INR,1,3319.04,3,2,1,1
ACCT100006467,CUST0002183,CURRENT,ACTIVE,2012-09-16,59595.36,GBP,1,78529.46,2,1,1,1
ACCT100006468,CUST0002439,SAVINGS,ACTIVE,2014-12-17,73203.96,USD,1,19666.64,3,1,1,1
ACCT100006469,CUST0007689,TRUST,ACTIVE,2019-09-15,966179.84,USD,1,74906.39,9,1,1,0
ACCT100006470,CUST0005268,CURRENT,BLOCKED,2012-10-15,89353.53,INR,1,71963.36,1,2,1,1
ACCT100006471,CUST0002805,SHELL,ACTIVE,2012-02-04,521782.08,INR,1,748311.83,8,2,1,1
ACCT100006472,CUST0006155,SAVINGS,ACTIVE,2021-01-26,31802.44,USD,1,17071.24,4,1,0,1
ACCT100006473,CUST0004875,CURRENT,CLOSED,2014-03-07,91513.3,INR,2,3509.35,5,2,1,1
ACCT100006474,CUST0006107,SALARY,ACTIVE,2014-09-30,66099.67,USD,1,4824.73,3,1,0,0
ACCT100006475,CUST0001596,CURRENT,BLOCKED,2013-02-18,27645.59,INR,1,40376.54,5,1,1,1
ACCT100006476,CUST0001460,SAVINGS,ACTIVE,2014-07-11,24175.9,INR,1,63353.27,3,1,1,1
ACCT100006477,CUST0003857,SALARY,BLOCKED,2017-09-30,16765.36,SGD,2,4498.76,3,1,1,0
ACCT100006478,CUST0002788,SALARY,BLOCKED,2021-01-03,23361.9,USD,2,21712.77,3,2,1,1
ACCT100006479,CUST0004163,CURRENT,ACTIVE,2014-05-25,165828.01,GBP,1,37779.02,1,2,1,1
ACCT100006480,CUST0006189,SAVINGS,ACTIVE,2020-04-07,2950.61,USD,1,4086.45,2,1,1,0
ACCT100006481,CUST0003892,NRO,ACTIVE,2014-04-27,261525.65,AED,1,26886.16,7,1,1,1
ACCT100006482,CUST0002243,TRUST,ACTIVE,2013-04-16,6414904.92,USD,1,3307654.57,10,1,1,1
ACCT100006483,CUST0003893,SALARY,ACTIVE,2012-08-10,12933.05,INR,2,14620.08,1,1,1,1
ACCT100006484,CUST0004399,CURRENT,ACTIVE,2015-07-13,6729.86,INR,1,22014.9,4,2,1,1
ACCT100006485,CUST0003724,SAVINGS,ACTIVE,2012-09-01,52268.52,INR,3,11968.87,2,3,1,1
ACCT100006486,CUST0003860,savings,ACTIVE,2016-07-21,366911.2,AED,1,2982.39,5,5,0,0
ACCT100006487,CUST0004890,CURRENT,ACTIVE,2020-05-07,313831.59,INR,1,73315.19,4,2,1,1
ACCT100006488,CUST0002590,NRO,ACTIVE,2013-04-14,21153.0,INR,1,61395.73,7,2,1,1
ACCT100006489,CUST0000700,NRE,ACTIVE,2012-09-19,24449.85,AED,2,68064.25,7,2,1,1
ACCT100006490,CUST0004140, SALARY ,ACTIVE,2014-03-31,30478.42,AED,2,5566.01,5,3,1,1
ACCT100006491,CUST0001273,SAVINGS,ACTIVE,2013-11-27,7285.94,INR,2,14629.63,2,1,1,0
ACCT100006492,CUST0005518,SAVINGS,DORMANT,2016-04-03,519.34,INR,1,35553.63,4,1,1,1
ACCT100006493,CUST0006267,NRO,ACTIVE,2012-12-06,28317.12,USD,1,76275.24,6,1,1,1
ACCT100006494,CUST0007818,SAVINGS,ACTIVE,2018-12-18,12036.87,USD,2,20447.51,3,1,0,1
ACCT100006495,CUST0002228,SAVINGS,ACTIVE,2017-05-24,4247.94,INR,2,16490.74,5,1,0,1
ACCT100006496,CUST0003712,NRE,ACTIVE,2016-01-16,2094174.74,INR,1,589019.22,7,5,1,0
ACCT100006497,CUST0005347,NRE,ACTIVE,2016-11-01,537147.26,INR,2,327799.6,4,1,1,1
ACCT100006498,CUST0000127,SALARY,CLOSED,2018-02-21,5525.92,INR,2,1370.8,3,3,0,1
ACCT100006499,CUST0007548,SAVINGS,ACTIVE,2019-05-26,8545.93,INR,1,25308.73,2,1,1,1
ACCT100006500,CUST0007561,SAVINGS,ACTIVE,2016-03-27,5222.68,USD,1,4851.77,1,5,1,1
ACCT100006501,CUST0004665,NRE,ACTIVE,2018-08-27,31842.19,INR,1,495231.1,4,1,0,1
ACCT100006502,CUST0006987,CURRENT,ACTIVE,2017-06-29,33146.41,INR,1,75313.33,2,1,1,1
ACCT100006503,CUST0000775, SALARY ,ACTIVE,2020-05-05,42909.46,INR,1,15688.94,3,1,1,1
ACCT100006504,CUST0006645,NRE,ACTIVE,2018-12-31,127153.78,AED,2,353786.12,5,3,1,1
ACCT100006505,CUST0005440, SAVINGS ,ACTIVE,2015-05-05,4229.67,INR,3,43129.52,2,2,1,1
ACCT100006506,CUST0001160,SAVINGS,ACTIVE,2012-02-23,4164.81,AED,1,4578.11,2,5,0,1
ACCT100006507,CUST0005463,CURRENT,ACTIVE,2012-09-04,647702.44,INR,1,8217.33,2,1,1,1
ACCT100006508,CUST0005063,CURRENT,ACTIVE,2014-07-30,194534.58,INR,2,323766.77,1,1,0,1
ACCT100006509,CUST0002652,CURRENT,ACTIVE,2021-11-10,15991.15,INR,1,13400.82,1,4,1,1
ACCT100006510,CUST0006045,SAVINGS,ACTIVE,2016-09-16,20834.69,INR,2,131555.77,2,2,1,1
ACCT100006511,CUST0006967,CURRENT,ACTIVE,2012-10-25,82827.67,INR,2,33000.76,5,1,1,1
ACCT100006512,CUST0004467,SALARY,BLOCKED,2015-02-27,26942.07,INR,1,11310.54,2,3,1,1
ACCT100006513,CUST0001250,SALARY,ACTIVE,2016-02-08,1103.9,AED,1,10882.54,3,1,1,0
ACCT100006514,CUST0002378,CURRENT,ACTIVE,2020-12-13,1145002.41,USD,1,63265.31,1,1,1,1
ACCT100006515,CUST0002444,CURRENT,ACTIVE,2012-11-29,146028.28,USD,2,218565.12,1,2,0,1
ACCT100006516,CUST0006268,NRE,ACTIVE,2012-11-24,20329.01,INR,1,87054.3,6,4,1,1
ACCT100006517,CUST0001618,SAVINGS,DORMANT,2021-03-15,29485.87,INR,1,73449.41,5,2,1,1
ACCT100006518,CUST0002481,SAVINGS,ACTIVE,2017-09-25,1731.94,INR,1,3614.69,5,3,0,1
ACCT100006519,CUST0003374,SALARY,ACTIVE,2019-02-26,7755.28,AED,1,3620.2,4,3,1,1
ACCT100006520,CUST0006332,CURRENT,ACTIVE,2012-07-29,643532.61,USD,1,5499.96,2,4,0,1
ACCT100006521,CUST0004755,SALARY,ACTIVE,2012-08-30,2429.97,GBP,1,6851.79,5,1,1,1
ACCT100006522,CUST0001844,SAVINGS,ACTIVE,2014-04-17,2369.24,INR,1,6792.22,1,3,1,1
ACCT100006523,CUST0005807,SAVINGS,ACTIVE,2017-10-22,11741.75,USD,1,4170.5,3,2,1,1
ACCT100006524,CUST0001403,SAVINGS,ACTIVE,2021-04-10,28213.78,INR,2,16011.57,5,3,0,0
ACCT100006525,CUST0005402,NRE,ACTIVE,2019-10-27,173064.84,GBP,1,476979.48,6,4,1,1
ACCT100006526,CUST0006575,CURRENT,ACTIVE,2019-10-12,1836182.31,AED,1,10450.34,3,1,1,1
ACCT100006527,CUST0003556,NRO,ACTIVE,2021-10-17,256870.37,INR,1,418909.24,4,1,1,1
ACCT100006528,CUST0003833,TRUST,ACTIVE,2012-02-24,206784.01,USD,2,420808.04,9,2,1,1
ACCT100006529,CUST0001403,SAVINGS,ACTIVE,2017-02-21,21900.19,INR,1,6434.54,4,1,0,1
ACCT100006530,CUST0006663,CURRENT,ACTIVE,2020-11-02,324607.1,GBP,1,47912.93,2,2,0,1
ACCT100006531,CUST0007423,CURRENT,ACTIVE,2012-03-25,622572.3,INR,1,22527.17,1,1,0,1
ACCT100006532,CUST0002553,salary,ACTIVE,2019-03-06,2975.74,INR,2,5716.92,1,1,1,1
ACCT100006533,CUST0007904,SAVINGS,ACTIVE,2015-05-17,16949.07,AED,1,30265.79,2,3,0,0
ACCT100006534,CUST0000919,TRUST,DORMANT,2014-11-25,1454517.24,INR,1,117076.78,10,2,1,1
ACCT100006535,CUST0003579,nre,DORMANT,2012-08-31,89944.9,INR,1,29271.91,4,2,1,1
ACCT100006536,CUST0000080,savings,ACTIVE,2016-08-02,6464.06,INR,1,23727.5,2,1,1,1
ACCT100006537,CUST0003191,savings,ACTIVE,2017-12-15,41900.17,INR,1,30787.68,4,4,1,1
ACCT100006538,CUST0001285,NRE,ACTIVE,2018-03-20,30764.82,INR,1,515307.92,7,2,1,1
ACCT100006539,CUST0004462,SAVINGS,DORMANT,2013-12-17,154646.43,INR,1,16712.59,4,1,1,1
ACCT100006540,CUST0005609,CURRENT,ACTIVE,2015-01-07,230024.05,INR,1,17617.46,1,1,1,1
ACCT100006541,CUST0004086,SALARY,ACTIVE,2012-01-13,9983.03,INR,2,2584.25,2,1,1,1
ACCT100006542,CUST0000209,SAVINGS,DORMANT,2018-05-08,11337.21,INR,2,11245.13,2,1,1,0
ACCT100006543,CUST0000390,SALARY,ACTIVE,2015-09-05,43621.09,INR,1,1468.17,5,5,1,0
ACCT100006544,CUST0007193,SAVINGS,ACTIVE,2019-01-25,14579.17,AED,1,9146.62,2,1,1,1
ACCT100006545,CUST0002871,SAVINGS,ACTIVE,2013-01-18,64344.96,INR,2,35150.71,3,2,1,1
ACCT100006546,CUST0002336,SAVINGS,ACTIVE,2020-08-08,143421.27,AED,1,11612.95,4,1,0,1
ACCT100006547,CUST0003777,SAVINGS,ACTIVE,2016-11-04,8980.04,INR,2,8427.25,2,1,0,1
ACCT100006548,CUST0000249,SALARY,ACTIVE,2019-06-27,3997.2,SGD,2,2866.82,3,1,1,1
ACCT100006549,CUST0002674,TRUST,DORMANT,2016-07-17,21940.2,USD,1,571453.03,9,3,0,1
ACCT100006550,CUST0003583,SALARY,ACTIVE,2012-11-13,4997.44,INR,2,541.27,1,1,1,1
ACCT100006551,CUST0001084,CURRENT,ACTIVE,2020-01-18,161522.21,INR,2,158389.64,1,2,1,1
ACCT100006552,CUST0005575,TRUST,ACTIVE,2013-12-05,271661.53,USD,2,3396877.3,7,3,0,1
ACCT100006553,CUST0003975,SAVINGS,ACTIVE,2013-11-13,30880.67,INR,1,18121.14,5,1,0,1
ACCT100006554,CUST0004816,NRE,BLOCKED,2019-09-17,6377548.5,SGD,1,179144.88,4,1,1,1
ACCT100006555,CUST0005745,SAVINGS,DORMANT,2018-06-22,160518.99,INR,3,1047.01,4,2,1,1
ACCT100006556,CUST0001542,SAVINGS,ACTIVE,2017-01-18,22271.63,SGD,1,2070.03,2,2,1,1
ACCT100006557,CUST0007775,CURRENT,ACTIVE,2020-08-11,8058.52,INR,2,107877.48,3,2,1,1
ACCT100006558,CUST0005989,SAVINGS,DORMANT,2016-04-10,142503.27,INR,2,7360.96,5,1,1,0
ACCT100006559,CUST0000675,SAVINGS,ACTIVE,2017-08-05,5755.6,USD,1,44433.21,1,3,1,1
ACCT100006560,CUST0007438,SALARY,ACTIVE,2012-01-29,14124.75,USD,1,19312.27,3,2,0,1
ACCT100006561,CUST0005474,CURRENT,ACTIVE,2013-01-06,13907.31,USD,1,23049.35,2,1,1,1
ACCT100006562,CUST0001200,SALARY,ACTIVE,2017-05-14,38381.82,AED,2,1251.24,4,1,1,1
ACCT100006563,CUST0006799,SAVINGS,ACTIVE,2019-10-11,6034.7,AED,2,15833.22,4,4,0,1
ACCT100006564,CUST0000886,SAVINGS,ACTIVE,2021-06-19,13302.8,INR,1,6852.17,4,1,0,1
ACCT100006565,CUST0000316,NRE,ACTIVE,2016-11-05,87375.33,INR,1,95896.4,4,1,0,1
ACCT100006566,CUST0001258,SALARY,ACTIVE,2016-04-07,35393.68,AED,1,2299.5,3,1,1,1
ACCT100006567,CUST0003430, SAVINGS ,ACTIVE,2019-01-08,25635.39,AED,2,29614.5,3,1,1,1
ACCT100006568,CUST0005714,SALARY,ACTIVE,2020-12-04,11874.64,INR,1,6990.99,4,1,1,0
ACCT100006569,CUST0006336,SAVINGS,ACTIVE,2020-05-04,18628.31,INR,1,2039.07,3,1,1,1
ACCT100006570,CUST0002662,SAVINGS,ACTIVE,2016-04-20,14468.29,USD,1,8265.04,3,1,0,1
ACCT100006571,CUST0000991,TRUST,ACTIVE,2012-11-30,148234.49,USD,1,394795.55,8,1,1,1
ACCT100006572,CUST0003558,TRUST,DORMANT,2019-12-31,198666.27,INR,3,2224588.62,9,1,1,1
ACCT100006573,CUST0001445,CURRENT,ACTIVE,2021-10-01,100281.8,AED,2,17428.65,5,3,1,1
ACCT100006574,CUST0001412,SALARY,DORMANT,2017-09-22,5462.28,INR,1,4601.19,1,2,1,1
ACCT100006575,CUST0006621,CURRENT,ACTIVE,2016-09-21,5415.37,INR,1,50497.84,5,1,1,0
ACCT100006576,CUST0005133,NRO,ACTIVE,2015-11-26,30650.2,INR,1,110402.6,5,2,1,1
ACCT100006577,CUST0001780,CURRENT,ACTIVE,2012-01-13,45664.03,INR,1,39047.45,2,3,1,1
ACCT100006578,CUST0004810,TRUST,ACTIVE,2020-10-18,216176.36,INR,1,868893.87,7,1,1,1
ACCT100006579,CUST0004855,SAVINGS,ACTIVE,2012-05-19,333131.8,SGD,1,4230.09,3,2,1,0
ACCT100006580,CUST0004264,SAVINGS,ACTIVE,2015-11-23,12660.89,INR,1,13318.74,1,1,1,0
ACCT100006581,CUST0000378,SHELL,ACTIVE,2019-11-10,1650086.67,SGD,2,509888.99,10,1,1,1
ACCT100006582,CUST0004002,CURRENT,ACTIVE,2012-03-30,24469.75,INR,2,14853.91,3,2,1,0
ACCT100006583,CUST0007088,SALARY,ACTIVE,2020-01-05,246763.68,INR,1,33914.73,2,5,1,1
ACCT100006584,CUST0002277,CURRENT,ACTIVE,2013-10-20,33714.84,INR,1,23582.87,4,3,0,1
ACCT100006585,CUST0001724,SAVINGS,BLOCKED,2019-09-04,4645.91,GBP,1,28752.34,1,1,1,1
ACCT100006586,CUST0003768,NRE,ACTIVE,2016-05-21,147593.85,SGD,1,624998.72,6,1,1,1
ACCT100006587,CUST0000738,SAVINGS,ACTIVE,2012-09-26,277913.49,GBP,2,11439.97,1,2,1,1
ACCT100006588,CUST0007595,CURRENT,ACTIVE,2021-06-10,25812.96,AED,1,126604.71,3,1,0,1
ACCT100006589,CUST0001485,NRE,ACTIVE,2017-11-03,314976.38,INR,2,209178.2,6,3,0,1
ACCT100006590,CUST0007776,SALARY,ACTIVE,2020-05-11,53396.12,USD,2,10909.98,3,1,1,1
ACCT100006591,CUST0002608,SALARY,ACTIVE,2013-01-14,2083.51,INR,1,54692.47,5,2,0,1
ACCT100006592,CUST0006473,SAVINGS,ACTIVE,2015-04-28,38118.2,INR,3,63928.76,3,1,1,1
ACCT100006593,CUST0005503,CURRENT,ACTIVE,2012-03-11,78103.31,INR,1,14833.13,1,1,1,1
ACCT100006594,CUST0002274,SAVINGS,ACTIVE,2016-09-23,7393.81,INR,1,17991.18,5,4,1,1
ACCT100006595,CUST0002221,SAVINGS,ACTIVE,2021-01-11,190496.96,USD,2,103862.36,5,1,1,1
ACCT100006596,CUST0003636,SALARY,ACTIVE,2020-07-16,22771.16,INR,1,4650.7,3,2,1,1
ACCT100006597,CUST0007200,NRE,ACTIVE,2015-06-09,118564.48,GBP,1,117356.39,4,1,1,1
ACCT100006598,CUST0001876,SAVINGS,ACTIVE,2021-09-01,17122.95,SGD,1,4517.41,1,1,1,1
ACCT100006599,CUST0006719,TRUST,DORMANT,2012-02-10,1111390.72,USD,1,188975.25,10,5,1,1
ACCT100006600,CUST0006337,SAVINGS,ACTIVE,2019-03-13,155293.74,INR,1,4867.48,1,1,1,1
ACCT100006601,CUST0001066,CURRENT,CLOSED,2013-06-25,137194.62,INR,2,15862.92,5,1,0,1
ACCT100006602,CUST0002480,SAVINGS,CLOSED,2020-12-19,7315.87,USD,1,26282.06,2,1,1,0
ACCT100006603,CUST0005457,SAVINGS,ACTIVE,2020-01-15,11438.29,INR,1,9608.46,3,2,1,1
ACCT100006604,CUST0001380,TRUST,BLOCKED,2018-02-18,267384.04,USD,1,123418.83,10,1,0,0
ACCT100006605,CUST0004602,CURRENT,ACTIVE,2012-07-24,9598.93,AED,1,113122.68,4,3,1,1
ACCT100006606,CUST0001395,CURRENT,ACTIVE,2021-07-07,295536.3,INR,2,169004.09,2,2,0,1
ACCT100006607,CUST0001080,current,ACTIVE,2013-09-23,28350.01,INR,1,15951.87,1,1,0,1
ACCT100006608,CUST0005131,savings,ACTIVE,2013-04-24,9244.82,USD,1,550.73,1,3,1,1
ACCT100006609,CUST0007467,TRUST,ACTIVE,2015-11-10,261304.41,USD,1,27165.46,7,2,1,1
ACCT100006610,CUST0007753,current,ACTIVE,2016-01-08,3353.3,INR,1,4389.72,4,1,1,1
ACCT100006611,CUST0001982,CURRENT,ACTIVE,2014-04-08,986319.95,INR,1,21213.24,4,1,1,1
ACCT100006612,CUST0001154,salary,DORMANT,2021-04-13,8042.95,USD,3,7670.38,2,1,1,1
ACCT100006613,CUST0001278,CURRENT,ACTIVE,2021-08-07,376335.45,INR,1,13914.48,2,2,1,0
ACCT100006614,CUST0004763,SAVINGS,ACTIVE,2017-10-24,17569.12,INR,1,25547.55,3,1,1,1
ACCT100006615,CUST0004726,SAVINGS,ACTIVE,2014-05-23,20186.34,SGD,1,26671.04,5,3,1,1
ACCT100006616,CUST0006392,CURRENT,ACTIVE,2015-03-04,234401.79,AED,1,103361.27,2,1,1,1
ACCT100006617,CUST0006214,SALARY,DORMANT,2021-03-31,2307.39,INR,2,3032.81,2,3,0,0
ACCT100006618,CUST0002177,NRE,ACTIVE,2017-11-06,374209.33,SGD,1,89876.51,7,2,1,1
ACCT100006619,CUST0007591,SAVINGS,ACTIVE,2014-04-08,5578.11,USD,1,29073.03,1,3,0,1
ACCT100006620,CUST0005074,SALARY,ACTIVE,2014-07-27,12324.19,SGD,1,13033.03,1,4,1,1
ACCT100006621,CUST0004412,NRE,ACTIVE,2015-06-17,515338.1,AED,3,131500.23,4,1,1,1
ACCT100006622,CUST0001459,SHELL,DORMANT,2020-09-13,619062.17,INR,1,494514.81,7,2,0,1
ACCT100006623,CUST0000787,NRO,ACTIVE,2018-06-11,9638.29,AED,1,47256.7,7,2,1,1
ACCT100006624,CUST0001665,SALARY,ACTIVE,2017-07-10,2378.55,GBP,1,9389.61,2,1,1,0
ACCT100006625,CUST0003768,trust,DORMANT,2019-11-22,19877.71,SGD,1,172592.12,9,4,1,1
ACCT100006626,CUST0000302,TRUST,ACTIVE,2015-05-31,913119.44,INR,2,231460.74,10,1,0,1
ACCT100006627,CUST0004704,SAVINGS,ACTIVE,2021-03-19,251869.07,INR,2,27262.62,1,3,1,1
ACCT100006628,CUST0004983,SALARY,ACTIVE,2015-01-09,20885.55,AED,1,4898.48,3,2,1,1
ACCT100006629,CUST0001921,SALARY,ACTIVE,2021-05-09,5392.41,AED,3,80119.13,2,1,1,1
ACCT100006630,CUST0005694,SALARY,ACTIVE,2021-10-29,16083.89,GBP,1,4926.06,1,1,1,0
ACCT100006631,CUST0002431,TRUST,ACTIVE,2020-08-15,352983.52,SGD,2,1608300.81,9,3,1,0
ACCT100006632,CUST0001915,SAVINGS,DORMANT,2021-04-20,31790.45,INR,1,17454.4,1,1,0,1
ACCT100006633,CUST0004174,SAVINGS,ACTIVE,2014-10-17,3398.39,INR,2,41185.75,4,1,1,1
ACCT100006634,CUST0005116,CURRENT,ACTIVE,2014-07-04,51934.56,INR,3,246878.43,3,1,1,1
ACCT100006635,CUST0007057,CURRENT,ACTIVE,2015-11-15,27749.55,USD,1,3532.3,2,1,1,1
ACCT100006636,CUST0004105,CURRENT,DORMANT,2019-12-25,52194.95,INR,2,75651.17,4,1,0,1
ACCT100006637,CUST0003627,SAVINGS,ACTIVE,2020-06-24,18777.44,INR,1,6746.39,1,1,0,0
ACCT100006638,CUST0007207,SALARY,ACTIVE,2016-02-20,102610.56,INR,3,27672.23,1,2,1,1
ACCT100006639,CUST0003593,SALARY,CLOSED,2020-11-14,8517.54,INR,2,14494.28,5,1,1,0
ACCT100006640,CUST0002571,SAVINGS,ACTIVE,2012-04-15,246056.7,INR,1,3814.74,4,1,1,1
ACCT100006641,CUST0004363,NRE,ACTIVE,2019-06-12,275626.81,INR,1,116899.1,7,5,1,1
ACCT100006642,CUST0000794,SAVINGS,ACTIVE,2017-03-20,193143.42,INR,1,17895.95,3,2,1,1
ACCT100006643,CUST0003721,SAVINGS,ACTIVE,2017-06-17,574.94,INR,1,5759.89,1,1,1,1
ACCT100006644,CUST0005603,CURRENT,ACTIVE,2015-03-14,115947.03,INR,1,12054.53,3,2,1,1
ACCT100006645,CUST0001161,SALARY,ACTIVE,2020-05-25,48101.18,INR,1,16713.66,1,1,1,1
ACCT100006646,CUST0005768,SALARY,ACTIVE,2014-03-31,3553.2,INR,1,127973.37,4,1,1,1
ACCT100006647,CUST0001462,SALARY,ACTIVE,2019-03-08,26159.03,SGD,1,46283.0,1,1,0,1
ACCT100006648,CUST0005061, TRUST ,ACTIVE,2021-04-30,502815.6,INR,1,1049346.91,7,3,1,1
ACCT100006649,CUST0007365,SAVINGS,ACTIVE,2017-11-15,109202.86,INR,1,23683.83,3,1,1,1
ACCT100006650,CUST0004879,NRO,ACTIVE,2020-10-31,12848.18,USD,1,624817.26,5,1,1,1
ACCT100006651,CUST0001381,SALARY,ACTIVE,2019-05-15,5139.84,GBP,1,12971.7,1,4,1,1
ACCT100006652,CUST0005538,TRUST,ACTIVE,2015-06-23,578010.12,SGD,2,687184.77,9,3,1,1
ACCT100006653,CUST0001869,SAVINGS,ACTIVE,2021-10-09,18525.81,INR,1,3601.69,3,4,1,1
ACCT100006654,CUST0007516,SAVINGS,ACTIVE,2015-08-05,24434.75,INR,1,14826.08,4,3,1,1
ACCT100006655,CUST0005582,SHELL,DORMANT,2020-06-14,690623.87,INR,2,115049.14,7,1,1,1
ACCT100006656,CUST0004609,CURRENT,ACTIVE,2012-11-02,27968.43,USD,1,18851.94,2,3,0,0
ACCT100006657,CUST0003858,SAVINGS,ACTIVE,2018-06-02,6450.63,AED,1,70185.5,1,3,0,1
ACCT100006658,CUST0006083,NRE,DORMANT,2014-10-16,52231.68,INR,1,31117.77,4,1,0,1
ACCT100006659,CUST0004110,CURRENT,ACTIVE,2019-07-06,39722.02,INR,2,28524.24,5,1,0,0
ACCT100006660,CUST0006393,SALARY,ACTIVE,2016-09-17,3923.1,USD,1,47583.77,4,1,1,1
ACCT100006661,CUST0000667,SAVINGS,ACTIVE,2018-05-08,48316.44,INR,1,89511.94,3,4,1,1
ACCT100006662,CUST0003463,SALARY,ACTIVE,2012-08-21,5297.91,INR,1,2991.8,2,4,0,0
ACCT100006663,CUST0006196,SALARY,ACTIVE,2019-02-10,2772.82,USD,1,40676.03,3,2,0,1
ACCT100006664,CUST0005247,SAVINGS,ACTIVE,2016-04-30,13442.42,INR,1,100759.65,2,2,1,1
ACCT100006665,CUST0003344,SALARY,ACTIVE,2013-10-18,26780.09,AED,2,15395.58,3,1,1,1
ACCT100006666,CUST0001194,SAVINGS,ACTIVE,2016-09-16,18200.4,INR,1,82443.57,3,2,1,1
ACCT100006667,CUST0000491,SAVINGS,ACTIVE,2013-02-18,39470.86,INR,1,23406.82,3,2,1,1
ACCT100006668,CUST0007968,SALARY,ACTIVE,2021-03-14,5614.72,INR,1,6181.83,1,1,0,1
ACCT100006669,CUST0003909,TRUST,ACTIVE,2013-08-20,916196.7,AED,2,1447523.76,10,1,1,1
ACCT100006670,CUST0002306,CURRENT,ACTIVE,2013-04-10,151058.65,INR,1,10760.54,1,1,0,1
ACCT100006671,CUST0005443,SAVINGS,ACTIVE,2018-05-31,48761.27,INR,2,3410.11,4,3,0,1
ACCT100006672,CUST0007751,SALARY,ACTIVE,2014-03-09,1329.99,INR,1,1431.24,1,2,1,1
ACCT100006673,CUST0006786,SALARY,ACTIVE,2016-03-08,10795.85,SGD,1,13175.45,4,1,0,1
ACCT100006674,CUST0003043,SHELL,ACTIVE,2012-12-17,177815.08,USD,1,1013247.45,7,3,1,1
ACCT100006675,CUST0003917,SAVINGS,ACTIVE,2014-12-14,16808.34,INR,2,27639.66,3,3,1,1
ACCT100006676,CUST0007302,NRE,ACTIVE,2019-08-11,567264.86,INR,2,20606.52,4,2,1,1
ACCT100006677,CUST0003013,SAVINGS,ACTIVE,2020-06-01,11090.0,INR,1,39436.35,3,1,1,1
ACCT100006678,CUST0005760,NRO,ACTIVE,2019-01-09,155643.71,AED,2,99380.83,5,1,1,0
ACCT100006679,CUST0006891,NRE,ACTIVE,2012-05-11,239787.02,AED,1,98148.14,4,1,1,1
ACCT100006680,CUST0002187,CURRENT,ACTIVE,2018-10-17,62445.51,INR,1,9765.01,5,4,1,1
ACCT100006681,CUST0001362,SAVINGS,ACTIVE,2013-05-29,1095.06,SGD,1,26825.49,5,3,1,1
ACCT100006682,CUST0006547,SALARY,ACTIVE,2015-11-28,9919.49,INR,1,5280.43,4,2,1,1
ACCT100006683,CUST0006831, CURRENT ,ACTIVE,2015-04-02,178989.34,INR,1,18334.25,4,2,1,1
ACCT100006684,CUST0001093,NRE,ACTIVE,2013-07-30,126890.43,USD,3,142824.21,5,4,1,1
ACCT100006685,CUST0000200,SALARY,ACTIVE,2013-08-19,10928.27,INR,1,15976.41,3,1,1,1
ACCT100006686,CUST0003035,SALARY,ACTIVE,2014-10-20,29509.5,AED,1,5738.32,2,1,1,1
ACCT100006687,CUST0001202,SAVINGS,ACTIVE,2018-02-21,113119.42,SGD,1,4203.81,5,1,1,1
ACCT100006688,CUST0005866,CURRENT,ACTIVE,2017-07-27,134496.34,INR,2,84122.03,4,1,1,0
ACCT100006689,CUST0003331,CURRENT,ACTIVE,2016-10-22,244937.51,INR,2,79216.43,3,1,0,1
ACCT100006690,CUST0002948,nre,ACTIVE,2015-12-17,87249.65,INR,1,69013.82,4,4,0,1
ACCT100006691,CUST0003873,current,ACTIVE,2019-08-21,54367.49,AED,1,27296.19,3,2,1,1
ACCT100006692,CUST0006568,NRO,ACTIVE,2012-08-23,116356.5,INR,2,15440.83,4,1,1,1
ACCT100006693,CUST0006693,SAVINGS,ACTIVE,2020-02-04,74249.32,INR,2,17253.16,1,3,1,1
ACCT100006694,CUST0004194,SHELL,ACTIVE,2016-04-06,214925.9,INR,1,374913.33,8,1,1,1
ACCT100006695,CUST0006426,SAVINGS,ACTIVE,2016-12-19,10858.33,INR,2,2329.44,1,2,1,1
ACCT100006696,CUST0003200,CURRENT,ACTIVE,2021-04-26,241222.07,INR,2,65491.07,4,1,1,1
ACCT100006697,CUST0000396,SALARY,ACTIVE,2018-05-28,19345.72,INR,2,13965.63,4,5,1,1
ACCT100006698,CUST0000436,CURRENT,CLOSED,2018-05-08,21601.97,INR,1,305662.09,4,2,1,1
ACCT100006699,CUST0000586,CURRENT,ACTIVE,2019-02-27,819683.43,INR,1,7001.26,2,2,1,0
ACCT100006700,CUST0002091,NRE,CLOSED,2019-04-15,36436.5,INR,1,194220.51,5,2,1,1
ACCT100006701,CUST0005659,SAVINGS,ACTIVE,2014-03-19,16453.01,INR,1,61830.17,3,1,1,1
ACCT100006702,CUST0003941,TRUST,ACTIVE,2016-09-07,1969448.76,INR,3,82106.88,8,1,1,1
ACCT100006703,CUST0005249,CURRENT,ACTIVE,2013-04-28,575308.36,INR,1,71085.29,5,2,1,1
ACCT100006704,CUST0005908,SALARY,ACTIVE,2021-01-26,35306.87,INR,1,45927.86,3,4,1,1
ACCT100006705,CUST0006162,CURRENT,ACTIVE,2014-01-06,59189.7,INR,1,33877.53,2,2,0,1
ACCT100006706,CUST0000239,SALARY,ACTIVE,2014-05-19,46098.34,SGD,1,7608.45,2,3,1,1
ACCT100006707,CUST0005254,SALARY,ACTIVE,2021-05-03,6560.33,GBP,1,2234.53,2,3,0,1
ACCT100006708,CUST0007367,CURRENT,ACTIVE,2013-06-17,5763.69,INR,1,18052.63,2,1,1,0
ACCT100006709,CUST0000952,SAVINGS,ACTIVE,2021-04-12,28795.68,USD,2,11981.17,1,5,1,0
ACCT100006710,CUST0003398,CURRENT,ACTIVE,2019-05-03,39306.14,SGD,3,18773.31,1,3,0,1
ACCT100006711,CUST0003933,NRE,ACTIVE,2017-10-10,143550.06,USD,1,483983.03,4,3,1,1
ACCT100006712,CUST0002309,SALARY,ACTIVE,2020-10-25,2770.3,INR,1,2955.91,3,5,0,1
ACCT100006713,CUST0002537,NRE,ACTIVE,2016-11-12,163043.69,AED,1,328875.43,6,1,0,1
ACCT100006714,CUST0003948,NRO,ACTIVE,2017-11-02,155604.08,SGD,1,8856.2,7,2,0,0
ACCT100006715,CUST0004207,CURRENT,ACTIVE,2018-05-12,847791.11,INR,1,36595.89,1,2,1,1
ACCT100006716,CUST0000755,CURRENT,DORMANT,2015-11-21,15851.36,USD,2,308496.3,5,1,1,0
ACCT100006717,CUST0007856,SAVINGS,DORMANT,2016-09-06,36944.09,USD,1,472972.71,2,4,1,1
ACCT100006718,CUST0004291,SAVINGS,ACTIVE,2015-01-14,8457.57,AED,1,13237.79,4,1,1,1
ACCT100006719,CUST0005460,CURRENT,DORMANT,2014-08-07,1105.93,INR,1,112913.36,4,1,1,1
ACCT100006720,CUST0000837,SAVINGS,ACTIVE,2019-02-20,5698.27,INR,3,34866.94,2,1,0,0
ACCT100006721,CUST0005749,SAVINGS,ACTIVE,2013-03-25,234490.33,INR,1,16673.29,5,1,1,1
ACCT100006722,CUST0005237,current,ACTIVE,2021-11-11,16204.41,INR,1,9429.8,2,1,1,1
ACCT100006723,CUST0002490,CURRENT,ACTIVE,2019-04-20,62249.84,INR,1,95354.42,3,2,0,1
ACCT100006724,CUST0001544,NRE,ACTIVE,2016-08-30,4035765.03,SGD,1,267765.11,4,2,1,0
ACCT100006725,CUST0007035,SAVINGS,CLOSED,2018-01-30,74909.58,USD,3,5107.28,3,1,1,1
ACCT100006726,CUST0002810,NRE,ACTIVE,2013-06-10,242555.7,SGD,1,393113.48,6,2,1,1
ACCT100006727,CUST0000705,SAVINGS,ACTIVE,2015-01-21,18801.06,INR,2,38091.17,5,3,1,1
ACCT100006728,CUST0005094,NRO,ACTIVE,2015-09-25,780636.28,SGD,1,16718.07,4,1,0,1
ACCT100006729,CUST0003491,SAVINGS,ACTIVE,2012-04-08,14641.54,INR,1,2663.94,2,1,0,1
ACCT100006730,CUST0006276,SALARY,ACTIVE,2019-05-07,35057.28,AED,1,49688.57,1,1,1,0
ACCT100006731,CUST0006853,SAVINGS,ACTIVE,2014-09-25,4457.62,USD,1,4986.87,4,3,1,1
ACCT100006732,CUST0001545,CURRENT,ACTIVE,2014-02-05,23627.16,INR,1,21522.7,3,2,1,1
ACCT100006733,CUST0003016,SAVINGS,ACTIVE,2014-06-25,46606.56,SGD,1,14704.97,5,2,0,1
ACCT100006734,CUST0002276,CURRENT,ACTIVE,2021-09-25,9420.18,INR,2,197821.26,3,2,1,1
ACCT100006735,CUST0003631,NRO,ACTIVE,2017-04-05,20452.42,INR,2,604955.13,6,1,1,1
ACCT100006736,CUST0000600,SALARY,ACTIVE,2016-11-30,15721.65,INR,2,11061.87,3,1,1,0
ACCT100006737,CUST0007575,CURRENT,ACTIVE,2014-12-09,7977.62,INR,1,26627.18,2,2,1,1
ACCT100006738,CUST0006602,NRO,ACTIVE,2020-02-24,86848.65,INR,2,29191.89,7,1,1,1
ACCT100006739,CUST0005202,SAVINGS,ACTIVE,2013-07-30,1832.75,INR,1,26117.97,4,1,1,1
ACCT100006740,CUST0007541,SALARY,DORMANT,2015-09-02,5061.37,SGD,3,2279.49,3,1,1,1
ACCT100006741,CUST0006632,SALARY,ACTIVE,2016-03-21,61801.38,SGD,2,3808.88,4,1,1,1
ACCT100006742,CUST0000244,CURRENT,ACTIVE,2021-01-19,46188.28,SGD,1,905.79,4,3,1,1
ACCT100006743,CUST0006795,CURRENT,ACTIVE,2019-07-19,6836.47,SGD,2,65050.24,2,2,1,1
ACCT100006744,CUST0003157,CURRENT,ACTIVE,2013-08-18,48374.62,AED,1,47707.28,4,2,1,1
ACCT100006745,CUST0006859,SALARY,ACTIVE,2019-03-21,40398.89,INR,1,9965.44,3,1,0,0
ACCT100006746,CUST0002590,SAVINGS,ACTIVE,2019-10-19,28929.31,USD,1,12339.81,2,2,1,1
ACCT100006747,CUST0005598,SHELL,DORMANT,2019-07-23,2855904.7,INR,1,47198.59,7,3,1,1
ACCT100006748,CUST0005681,SAVINGS,ACTIVE,2015-01-31,14983.65,AED,1,2519.34,4,1,1,1
ACCT100006749,CUST0007528,CURRENT,ACTIVE,2019-04-09,27077.74,AED,1,392751.21,2,1,1,1
ACCT100006750,CUST0003429,SAVINGS,ACTIVE,2019-09-23,24569.03,INR,3,12733.89,5,3,1,1
ACCT100006751,CUST0007316,current,ACTIVE,2019-06-12,129567.2,SGD,2,45924.82,3,2,0,0
ACCT100006752,CUST0005139,NRO,DORMANT,2019-10-18,75125.32,USD,1,51604.88,6,1,0,1
ACCT100006753,CUST0000904,CURRENT,ACTIVE,2016-10-07,130750.22,INR,1,22451.73,5,1,1,1
ACCT100006754,CUST0002981,SAVINGS,ACTIVE,2017-02-02,13792.06,USD,1,30769.85,2,2,1,1
ACCT100006755,CUST0004331,CURRENT,ACTIVE,2019-12-10,12088.21,INR,1,57618.33,1,3,1,1
ACCT100006756,CUST0001919,CURRENT,ACTIVE,2015-12-07,37244.4,SGD,1,24472.75,1,2,1,1
ACCT100006757,CUST0006327,CURRENT,ACTIVE,2014-06-10,68606.25,INR,1,8247.29,4,3,1,1
ACCT100006758,CUST0001801,NRO,ACTIVE,2021-07-26,92043.7,INR,1,47863.92,7,4,0,1
ACCT100006759,CUST0004889,SALARY,CLOSED,2016-02-21,3077.44,INR,1,63450.18,3,2,1,0
ACCT100006760,CUST0003113,NRO,ACTIVE,2016-08-20,53299.56,INR,1,83235.01,5,1,0,1
ACCT100006761,CUST0000516,CURRENT,ACTIVE,2020-03-22,10434.79,GBP,1,8770.86,1,2,0,1
ACCT100006762,CUST0005737,SAVINGS,ACTIVE,2021-07-24,20822.66,AED,1,47402.6,5,1,1,1
ACCT100006763,CUST0002199,CURRENT,ACTIVE,2018-05-05,151078.09,INR,1,31519.37,3,2,1,1
ACCT100006764,CUST0000153,SALARY,ACTIVE,2013-08-19,19017.25,INR,1,11215.11,5,1,1,1
ACCT100006765,CUST0000718,SAVINGS,ACTIVE,2020-08-15,1544.43,INR,1,27928.81,2,1,0,1
ACCT100006766,CUST0001935,SAVINGS,ACTIVE,2014-03-17,19894.26,INR,1,4942.87,3,1,1,1
ACCT100006767,CUST0003111,SAVINGS,DORMANT,2018-01-27,3766.79,INR,1,1765.72,2,1,0,1
ACCT100006768,CUST0000533,SAVINGS,ACTIVE,2015-06-25,1636.31,USD,2,10330.24,2,1,0,1
ACCT100006769,CUST0003422,SALARY,ACTIVE,2015-07-19,200695.62,INR,1,130331.69,5,3,1,1
ACCT100006770,CUST0001114,CURRENT,ACTIVE,2018-03-24,99624.6,USD,1,149347.17,4,1,1,0
ACCT100006771,CUST0007157,SAVINGS,ACTIVE,2021-01-26,3349.26,USD,1,2500.62,2,1,1,1
ACCT100006772,CUST0001648,SHELL,ACTIVE,2017-06-19,804319.49,INR,1,868527.63,9,1,1,1
ACCT100006773,CUST0007703,SALARY,ACTIVE,2016-12-11,17429.55,USD,1,5998.55,3,2,1,1
ACCT100006774,CUST0003888,SAVINGS,ACTIVE,2021-06-04,8037.63,INR,1,2441.71,2,1,1,1
ACCT100006775,CUST0002148,SAVINGS,ACTIVE,2014-01-20,26677.91,GBP,1,84124.15,2,3,1,1
ACCT100006776,CUST0005212,SALARY,ACTIVE,2014-11-27,19768.21,USD,2,10387.97,3,1,1,1
ACCT100006777,CUST0006566, SAVINGS ,ACTIVE,2014-01-22,1697.54,INR,1,4595.37,1,1,1,1
ACCT100006778,CUST0002008,SAVINGS,ACTIVE,2021-06-26,643.16,INR,1,52212.32,2,1,1,1
ACCT100006779,CUST0006001,CURRENT,BLOCKED,2017-11-23,10509.9,INR,1,138359.37,3,1,0,0
ACCT100006780,CUST0002956,CURRENT,ACTIVE,2012-09-12,17108.74,INR,1,109905.55,5,2,1,1
ACCT100006781,CUST0003055,CURRENT,ACTIVE,2012-08-12,113754.03,INR,1,21001.84,4,3,0,1
ACCT100006782,CUST0000355,NRE,ACTIVE,2015-06-17,976954.71,INR,1,111248.52,4,1,0,1
ACCT100006783,CUST0006131,CURRENT,ACTIVE,2017-02-12,92690.42,INR,1,134819.16,3,1,1,1
ACCT100006784,CUST0004811, CURRENT ,ACTIVE,2021-10-07,15400.45,INR,1,209819.46,5,1,1,1
ACCT100006785,CUST0003333,SALARY,ACTIVE,2013-08-29,6550.14,INR,1,6553.65,2,2,1,1
ACCT100006786,CUST0003650,SALARY,ACTIVE,2013-10-17,1634.86,INR,1,16032.73,1,1,0,1
ACCT100006787,CUST0003503,CURRENT,ACTIVE,2016-01-03,35115.3,AED,1,12638.56,4,1,1,1
ACCT100006788,CUST0003434,CURRENT,ACTIVE,2018-01-19,44591.67,INR,1,204305.62,2,1,1,1
ACCT100006789,CUST0002606,CURRENT,ACTIVE,2015-02-28,852292.79,SGD,2,23101.75,2,1,1,1
ACCT100006790,CUST0000930, NRO ,ACTIVE,2015-12-14,40816.68,AED,1,237076.12,5,1,0,1
ACCT100006791,CUST0002773,CURRENT,ACTIVE,2018-07-08,141493.22,AED,2,56278.89,1,1,1,1
ACCT100006792,CUST0001357,CURRENT,CLOSED,2020-05-13,71847.14,SGD,2,66844.17,5,3,1,1
ACCT100006793,CUST0005715,SALARY,ACTIVE,2021-01-17,1884.49,AED,2,2385.01,2,1,1,1
ACCT100006794,CUST0005217,SALARY,BLOCKED,2015-10-13,8380.0,INR,2,1665.91,3,1,1,1
ACCT100006795,CUST0001158,SAVINGS,ACTIVE,2016-07-28,3740.98,SGD,3,6099.41,1,2,1,1
ACCT100006796,CUST0003693,SALARY,ACTIVE,2012-07-24,117014.58,USD,1,1550.6,3,2,1,1
ACCT100006797,CUST0007396,SAVINGS,ACTIVE,2017-07-07,31127.21,INR,1,25427.31,1,1,1,1
ACCT100006798,CUST0007854,SHELL,DORMANT,2018-04-29,122856.8,INR,1,348581.34,10,2,1,1
ACCT100006799,CUST0005887,CURRENT,ACTIVE,2020-03-09,187326.24,SGD,1,80974.08,1,1,0,1
ACCT100006800,CUST0006807, CURRENT ,ACTIVE,2018-12-20,257039.23,AED,1,17957.41,3,2,1,1
ACCT100006801,CUST0007703,SAVINGS,ACTIVE,2012-04-26,120548.16,USD,1,8106.38,4,1,1,0
ACCT100006802,CUST0005481,NRO,ACTIVE,2017-08-14,194780.19,INR,1,110995.19,6,1,0,1
ACCT100006803,CUST0007166,SAVINGS,DORMANT,2020-07-25,16417.97,INR,1,15104.07,2,1,1,1
ACCT100006804,CUST0007660,CURRENT,ACTIVE,2016-03-01,70338.58,INR,2,12535.37,3,1,1,1
ACCT100006805,CUST0005508,SALARY,CLOSED,2017-09-10,12853.76,USD,1,150666.14,3,1,0,1
ACCT100006806,CUST0007804,SAVINGS,ACTIVE,2017-03-01,30135.22,INR,2,3669.84,5,2,1,1
ACCT100006807,CUST0002946,SHELL,DORMANT,2014-07-21,141405.2,INR,1,122083.41,7,1,1,1
ACCT100006808,CUST0003625,CURRENT,ACTIVE,2013-11-30,234897.99,USD,1,50693.47,3,3,1,1
ACCT100006809,CUST0000877,NRE,ACTIVE,2016-01-13,103165.41,INR,1,96986.93,4,1,1,1
ACCT100006810,CUST0000282,NRO,ACTIVE,2017-08-23,422823.28,AED,1,60415.46,7,4,1,1
ACCT100006811,CUST0005045,SAVINGS,ACTIVE,2012-01-07,9351.49,INR,1,11917.75,3,3,1,1
ACCT100006812,CUST0000029,CURRENT,ACTIVE,2019-09-25,128456.38,INR,1,11656.95,4,4,1,1
ACCT100006813,CUST0004505,NRO,ACTIVE,2017-02-04,765539.59,INR,2,129156.18,4,2,1,0
ACCT100006814,CUST0007287,SALARY,ACTIVE,2018-08-27,22140.83,SGD,2,4818.23,2,3,1,0
ACCT100006815,CUST0005830,SALARY,ACTIVE,2017-03-22,30284.64,USD,1,18967.01,5,2,0,1
ACCT100006816,CUST0007810,SALARY,ACTIVE,2019-12-03,29781.79,INR,1,38116.67,3,3,1,1
ACCT100006817,CUST0000547,SHELL,DORMANT,2020-06-07,293906.08,INR,2,419975.35,9,3,1,1
ACCT100006818,CUST0004108,SAVINGS,ACTIVE,2013-10-11,2670.82,AED,3,3239.53,4,2,1,1
ACCT100006819,CUST0002523,NRO,ACTIVE,2014-01-03,1382036.27,USD,3,468052.45,7,5,0,1
ACCT100006820,CUST0001620,SALARY,ACTIVE,2016-11-07,13726.44,USD,1,74338.03,1,1,0,1
ACCT100006821,CUST0006399, CURRENT ,ACTIVE,2016-06-16,283820.37,INR,2,147690.88,3,3,1,1
ACCT100006822,CUST0006768,SALARY,ACTIVE,2019-09-24,67906.73,AED,2,35386.35,3,3,0,0
ACCT100006823,CUST0002996,NRE,ACTIVE,2020-07-04,39844.68,SGD,2,253032.42,7,3,1,1
ACCT100006824,CUST0006463,SAVINGS,DORMANT,2015-08-31,2481.32,INR,2,206129.48,3,1,0,1
ACCT100006825,CUST0001127,SAVINGS,ACTIVE,2016-04-15,25905.04,INR,2,2222.01,3,1,1,1
ACCT100006826,CUST0006251,SAVINGS,ACTIVE,2013-07-27,11302.68,INR,1,10130.63,1,1,1,1
ACCT100006827,CUST0003352,CURRENT,ACTIVE,2013-09-28,11342.23,GBP,3,173730.81,1,1,1,1
ACCT100006828,CUST0000125,SALARY,ACTIVE,2019-12-10,284.81,USD,2,2177.43,1,2,1,1
ACCT100006829,CUST0004982,NRO,ACTIVE,2014-12-15,234311.9,INR,3,82718.71,4,2,1,1
ACCT100006830,CUST0005210,SAVINGS,ACTIVE,2019-03-25,9856.27,INR,1,6783.57,1,3,0,1
ACCT100006831,CUST0000012,SALARY,ACTIVE,2021-11-27,238203.03,INR,2,2440.53,3,2,0,1
ACCT100006832,CUST0005366,SHELL,DORMANT,2012-06-05,1681513.37,INR,1,1041672.38,9,1,1,1
ACCT100006833,CUST0005490,SALARY,BLOCKED,2015-05-16,17504.33,INR,1,22011.64,4,2,0,1
ACCT100006834,CUST0007128,CURRENT,ACTIVE,2017-01-13,45721.45,AED,1,11518.92,2,3,1,1
ACCT100006835,CUST0005601,SAVINGS,ACTIVE,2017-12-30,3171.79,INR,1,9615.99,4,3,1,0
ACCT100006836,CUST0003018,CURRENT,ACTIVE,2012-12-19,364185.45,INR,3,262491.63,1,4,0,1
ACCT100006837,CUST0004832,CURRENT,ACTIVE,2020-07-12,236485.53,AED,2,42231.16,4,3,1,1
ACCT100006838,CUST0005224,SALARY,ACTIVE,2020-02-12,15387.31,INR,1,792.59,1,2,1,1
ACCT100006839,CUST0000024,SAVINGS,ACTIVE,2015-10-10,653.14,SGD,2,27649.42,4,1,1,1
ACCT100006840,CUST0006489,CURRENT,ACTIVE,2019-10-08,165208.8,GBP,1,53507.58,3,1,1,1
ACCT100006841,CUST0000252,CURRENT,ACTIVE,2012-07-12,259.09,INR,1,28575.19,4,1,1,0
ACCT100006842,CUST0004976,SAVINGS,ACTIVE,2016-12-16,2318.61,GBP,1,4933.77,4,1,0,1
ACCT100006843,CUST0005717,NRO,ACTIVE,2019-03-01,198654.93,AED,2,26616.21,7,2,0,0
ACCT100006844,CUST0002837,SALARY,ACTIVE,2017-12-09,5703.07,USD,1,16176.0,4,1,1,1
ACCT100006845,CUST0005870,SALARY,ACTIVE,2013-11-26,49645.15,INR,2,4298.03,1,2,1,1
ACCT100006846,CUST0005501,CURRENT,ACTIVE,2018-02-15,24562.51,AED,1,8969.4,4,3,1,1
ACCT100006847,CUST0000342,NRE,ACTIVE,2015-06-09,70003.54,INR,1,51105.48,7,1,1,1
ACCT100006848,CUST0004137,TRUST,ACTIVE,2012-07-17,63191.27,AED,1,784915.99,7,1,1,1
ACCT100006849,CUST0006840,SAVINGS,ACTIVE,2013-08-31,2040.44,GBP,2,33999.81,4,1,1,1
ACCT100006850,CUST0001666,CURRENT,ACTIVE,2015-10-28,283958.41,INR,1,18406.12,5,2,1,1
ACCT100006851,CUST0003692,SALARY,ACTIVE,2012-08-29,39268.55,USD,3,2394.15,2,2,1,1
ACCT100006852,CUST0007141,NRE,ACTIVE,2012-07-14,140459.54,USD,1,38035.47,4,1,1,0
ACCT100006853,CUST0004380,NRE,ACTIVE,2018-02-16,29239.09,SGD,2,28514.52,6,3,1,1
ACCT100006854,CUST0006884,SHELL,BLOCKED,2018-12-01,263043.23,INR,1,551815.48,7,1,0,1
ACCT100006855,CUST0003636,NRE,DORMANT,2015-09-05,17101.25,INR,2,79089.11,6,2,1,1
ACCT100006856,CUST0007361,SAVINGS,ACTIVE,2018-09-17,17703.07,INR,1,8089.72,4,1,1,1
ACCT100006857,CUST0001434, SAVINGS ,ACTIVE,2013-06-12,55156.58,USD,1,6978.99,5,1,1,1
ACCT100006858,CUST0004423,TRUST,DORMANT,2020-09-19,97503.19,SGD,2,328826.31,9,1,1,1
ACCT100006859,CUST0006469,SAVINGS,ACTIVE,2018-09-24,1884.75,AED,1,1365.65,1,3,1,1
ACCT100006860,CUST0000858,CURRENT,ACTIVE,2012-05-03,30319.89,INR,2,269739.18,4,1,1,1
ACCT100006861,CUST0006925,CURRENT,ACTIVE,2015-09-03,12082.26,INR,1,11722.66,1,2,1,1
ACCT100006862,CUST0003625,SAVINGS,ACTIVE,2015-12-02,6477.93,INR,1,11649.78,3,1,1,1
ACCT100006863,CUST0006363,SALARY,ACTIVE,2021-10-14,37497.21,AED,1,1442.46,3,2,1,1
ACCT100006864,CUST0004497,NRE,ACTIVE,2012-05-28,46382.51,AED,1,94954.35,5,1,1,1
ACCT100006865,CUST0007562,TRUST,DORMANT,2016-12-31,317722.24,INR,1,212195.91,7,3,0,1
ACCT100006866,CUST0006669,TRUST,DORMANT,2021-04-16,363888.22,SGD,1,140793.79,10,2,1,1
ACCT100006867,CUST0007034, CURRENT ,ACTIVE,2020-01-07,61664.52,USD,1,38356.93,5,2,1,1
ACCT100006868,CUST0005783,TRUST,DORMANT,2013-03-30,120147.29,INR,1,519984.3,7,1,0,1
ACCT100006869,CUST0001302,CURRENT,ACTIVE,2020-02-22,65092.18,INR,2,7670.87,2,1,0,1
ACCT100006870,CUST0007906,NRE,DORMANT,2012-06-21,86039.39,AED,1,203862.12,4,1,1,1
ACCT100006871,CUST0003721,NRE,ACTIVE,2012-11-20,49868.39,INR,1,178268.77,5,4,1,1
ACCT100006872,CUST0004554,savings,ACTIVE,2018-09-03,32139.72,USD,1,40339.79,2,4,1,1
ACCT100006873,CUST0003640,SALARY,CLOSED,2020-07-23,3476.32,INR,3,18151.69,1,1,1,0
ACCT100006874,CUST0003257,SHELL,ACTIVE,2016-08-02,2394054.24,USD,1,3528681.0,7,2,0,1
ACCT100006875,CUST0000274,CURRENT,DORMANT,2012-07-12,19930.18,INR,1,53195.06,1,3,1,1
ACCT100006876,CUST0006691,CURRENT,ACTIVE,2020-08-08,38175.21,INR,1,14418.43,2,1,1,1
ACCT100006877,CUST0005878,SALARY,ACTIVE,2012-07-22,800.89,INR,2,74638.46,1,2,1,0
ACCT100006878,CUST0004406,TRUST,ACTIVE,2015-07-24,127899.65,INR,1,110870.87,9,4,1,1
ACCT100006879,CUST0004043,CURRENT,ACTIVE,2020-10-20,6415.99,INR,1,17491.23,5,1,1,1
ACCT100006880,CUST0002565,SAVINGS,DORMANT,2019-01-09,54609.81,INR,1,13332.39,5,2,1,1
ACCT100006881,CUST0005103,SAVINGS,ACTIVE,2020-01-25,1698.04,GBP,2,4133.43,5,3,1,1
ACCT100006882,CUST0000169,TRUST,DORMANT,2013-08-23,1249829.83,INR,2,30264.38,7,1,1,1
ACCT100006883,CUST0003260,savings,BLOCKED,2021-02-06,52206.96,USD,1,3534.06,2,4,1,0
ACCT100006884,CUST0002314,SALARY,ACTIVE,2019-08-12,3174.34,USD,1,70680.54,3,1,1,1
ACCT100006885,CUST0000142,CURRENT,ACTIVE,2015-11-25,10718.32,USD,1,57242.31,5,2,1,1
ACCT100006886,CUST0001873,SAVINGS,ACTIVE,2020-04-04,5939.14,SGD,1,20111.42,2,1,0,1
ACCT100006887,CUST0007973,CURRENT,ACTIVE,2012-08-07,14676.22,INR,1,25136.76,3,3,1,1
ACCT100006888,CUST0003123,CURRENT,ACTIVE,2012-02-08,45952.24,INR,1,5196.06,2,2,1,1
ACCT100006889,CUST0006358,SAVINGS,ACTIVE,2019-07-06,7324.18,INR,2,53568.6,5,3,0,1
ACCT100006890,CUST0002901, TRUST ,DORMANT,2013-09-03,342602.23,INR,3,161486.12,8,1,1,1
ACCT100006891,CUST0002351,SHELL,DORMANT,2021-09-13,427767.83,SGD,1,708235.09,8,1,0,1
ACCT100006892,CUST0007161,SAVINGS,ACTIVE,2015-06-15,99803.31,USD,2,99629.82,4,1,1,1
ACCT100006893,CUST0006485,TRUST,ACTIVE,2021-04-12,899390.2,INR,1,227555.19,10,1,1,1
ACCT100006894,CUST0005524,NRO,ACTIVE,2018-01-09,32366.97,INR,1,122425.6,5,3,1,1
ACCT100006895,CUST0005140,TRUST,DORMANT,2021-11-13,696582.34,INR,1,1384616.41,9,2,1,0
ACCT100006896,CUST0006618,SALARY,ACTIVE,2016-05-16,3081.15,USD,1,7486.75,1,1,1,1
ACCT100006897,CUST0002029,CURRENT,ACTIVE,2019-07-21,10352.89,AED,1,28813.3,3,3,1,0
ACCT100006898,CUST0006186,CURRENT,ACTIVE,2020-10-17,92085.7,INR,1,7277.28,1,1,1,1
ACCT100006899,CUST0002265,SAVINGS,ACTIVE,2020-01-24,88177.92,AED,2,16787.5,1,1,1,1
ACCT100006900,CUST0004221,SAVINGS,ACTIVE,2018-11-18,43486.8,INR,1,5313.06,2,3,1,0
ACCT100006901,CUST0007305,SALARY,ACTIVE,2018-09-13,24260.22,INR,2,7457.87,5,1,1,1
ACCT100006902,CUST0007849,SAVINGS,ACTIVE,2020-02-25,124115.33,INR,1,6719.7,5,2,1,1
ACCT100006903,CUST0006118,SAVINGS,ACTIVE,2017-06-28,27380.73,INR,1,21901.45,5,1,0,1
ACCT100006904,CUST0004559,NRE,ACTIVE,2018-04-21,127435.29,INR,1,5957.0,6,1,1,1
ACCT100006905,CUST0005807,CURRENT,ACTIVE,2012-06-21,57443.72,INR,1,34556.44,1,2,1,1
ACCT100006906,CUST0001741,CURRENT,ACTIVE,2012-02-04,12630.29,AED,2,24342.19,3,1,1,1
ACCT100006907,CUST0001249,SAVINGS,ACTIVE,2012-01-31,12975.41,AED,3,2660.73,1,2,1,1
ACCT100006908,CUST0002740,NRE,ACTIVE,2017-06-07,672728.73,USD,1,674894.05,7,2,0,1
ACCT100006909,CUST0003018,NRE,ACTIVE,2016-08-03,95834.23,INR,2,78405.14,7,2,1,1
ACCT100006910,CUST0001730,CURRENT,ACTIVE,2015-08-29,151395.04,USD,1,33820.67,3,3,1,1
ACCT100006911,CUST0004106,SALARY,CLOSED,2017-02-04,264009.13,USD,1,10015.2,5,4,1,1
ACCT100006912,CUST0000090,SAVINGS,ACTIVE,2016-12-18,2448.62,INR,1,4756.96,1,2,0,0
ACCT100006913,CUST0002471,SAVINGS,ACTIVE,2017-07-25,2876.15,AED,1,35457.13,5,4,1,1
ACCT100006914,CUST0004008,CURRENT,ACTIVE,2013-04-30,556715.86,USD,1,78641.01,3,3,1,1
ACCT100006915,CUST0003340,NRE,ACTIVE,2015-01-07,4778259.33,INR,1,75519.73,6,1,1,1
ACCT100006916,CUST0006557,NRO,ACTIVE,2017-08-26,29258.6,INR,1,115173.8,4,3,1,1
ACCT100006917,CUST0001904,CURRENT,ACTIVE,2019-08-27,26862.36,AED,1,20303.01,5,3,1,1
ACCT100006918,CUST0001997,NRO,ACTIVE,2019-09-11,418518.77,INR,1,30603.29,4,2,1,1
ACCT100006919,CUST0004568,SAVINGS,ACTIVE,2021-03-20,166184.3,INR,1,50724.47,2,1,0,1
ACCT100006920,CUST0000185,current,ACTIVE,2018-02-08,83151.4,INR,2,27063.93,3,1,1,1
ACCT100006921,CUST0004457,CURRENT,ACTIVE,2018-02-13,60997.31,SGD,1,1210.93,3,2,0,1
ACCT100006922,CUST0007967,SAVINGS,ACTIVE,2015-05-04,1779.53,INR,1,27643.16,1,2,1,1
ACCT100006923,CUST0000020,CURRENT,ACTIVE,2016-08-10,22413.6,USD,1,25276.27,3,1,1,1
ACCT100006924,CUST0002955,CURRENT,ACTIVE,2020-07-24,17600.65,AED,1,10780.05,4,2,0,1
ACCT100006925,CUST0007145,SAVINGS,ACTIVE,2012-07-28,13816.11,USD,1,20229.03,1,3,1,1
ACCT100006926,CUST0006736,CURRENT,ACTIVE,2014-06-08,242661.15,INR,1,782.1,5,1,1,1
ACCT100006927,CUST0003364,SALARY,ACTIVE,2017-11-17,26405.03,INR,2,9304.46,2,2,1,1
ACCT100006928,CUST0005270,SALARY,ACTIVE,2012-10-11,8066.61,AED,2,8191.6,4,2,0,1
ACCT100006929,CUST0007726,NRE,ACTIVE,2012-04-13,32961.73,AED,2,397185.85,5,3,1,1
ACCT100006930,CUST0004541,CURRENT,ACTIVE,2018-02-01,90094.1,AED,1,34265.83,1,2,1,1
ACCT100006931,CUST0003656,CURRENT,ACTIVE,2018-07-25,20141.24,INR,1,50535.89,2,3,0,1
ACCT100006932,CUST0000660,SAVINGS,BLOCKED,2016-06-03,68946.57,INR,1,4021.04,5,5,1,1
ACCT100006933,CUST0001536,CURRENT,ACTIVE,2016-08-17,57463.38,INR,1,22093.55,1,1,1,1
ACCT100006934,CUST0003367,CURRENT,ACTIVE,2019-09-20,262312.22,INR,1,67958.93,4,1,0,1
ACCT100006935,CUST0001685,current,ACTIVE,2020-12-09,254880.82,INR,1,23750.92,2,3,1,1
ACCT100006936,CUST0004664,SAVINGS,ACTIVE,2016-04-17,73413.82,INR,1,81388.82,3,1,1,1
ACCT100006937,CUST0006380,CURRENT,ACTIVE,2015-08-15,149332.75,INR,1,187141.41,1,1,1,1
ACCT100006938,CUST0005543,SALARY,ACTIVE,2018-07-03,3622.83,SGD,1,38346.47,3,4,0,1
ACCT100006939,CUST0003562,SAVINGS,DORMANT,2017-08-03,6690.84,USD,1,157770.96,2,1,0,1
ACCT100006940,CUST0001694,NRO,CLOSED,2016-05-02,64120.01,INR,3,127751.64,4,1,1,0
ACCT100006941,CUST0007435,SAVINGS,BLOCKED,2017-05-13,10585.78,INR,3,5329.54,5,3,0,1
ACCT100006942,CUST0004696,NRE,ACTIVE,2014-06-29,112009.25,USD,1,224011.84,5,1,1,1
ACCT100006943,CUST0006904,SALARY,ACTIVE,2014-06-30,31815.15,AED,1,8711.82,2,1,1,1
ACCT100006944,CUST0003416,CURRENT,ACTIVE,2016-08-09,472916.52,INR,3,8921.11,1,1,1,1
ACCT100006945,CUST0004967,SAVINGS,DORMANT,2021-11-13,5321.12,USD,1,32267.18,3,5,1,1
ACCT100006946,CUST0005483, SAVINGS ,ACTIVE,2017-02-14,44759.82,INR,2,6811.47,5,3,1,1
ACCT100006947,CUST0003325,SALARY,ACTIVE,2014-05-24,34577.85,INR,1,2839.4,2,2,1,1
ACCT100006948,CUST0006740,trust,ACTIVE,2016-07-19,130989.2,INR,1,32101.68,9,1,1,1
ACCT100006949,CUST0005582,CURRENT,ACTIVE,2015-02-26,18757.68,USD,1,25915.18,3,1,1,1
ACCT100006950,CUST0003031,NRE,BLOCKED,2015-07-06,372598.22,INR,1,80054.1,7,3,1,1
ACCT100006951,CUST0001437,SAVINGS,ACTIVE,2019-07-06,5404.36,INR,1,2900.33,1,1,1,1
ACCT100006952,CUST0002255,NRE,ACTIVE,2021-03-15,799705.22,INR,2,71180.92,5,3,0,1
ACCT100006953,CUST0005076,SAVINGS,ACTIVE,2012-08-25,14158.07,AED,1,33406.48,1,1,1,1
ACCT100006954,CUST0007898,SAVINGS,ACTIVE,2018-12-20,78852.28,INR,1,44569.88,1,2,1,1
ACCT100006955,CUST0000381,CURRENT,ACTIVE,2019-11-19,927812.69,INR,1,135456.27,4,3,1,1
ACCT100006956,CUST0007180,CURRENT,ACTIVE,2020-01-06,79957.22,INR,1,191101.4,1,2,1,1
ACCT100006957,CUST0002740,SALARY,BLOCKED,2012-12-29,15633.67,INR,1,2696.92,4,2,1,1
ACCT100006958,CUST0007671,CURRENT,ACTIVE,2020-02-24,7580.4,USD,2,122409.51,3,1,1,1
ACCT100006959,CUST0006359,CURRENT,ACTIVE,2016-02-24,118129.16,SGD,1,56261.61,3,1,1,1
ACCT100006960,CUST0000915,SALARY,ACTIVE,2018-08-07,5457.09,INR,2,9963.51,1,4,1,1
ACCT100006961,CUST0002081,SALARY,ACTIVE,2013-03-20,2043.86,AED,1,18027.8,4,1,1,1
ACCT100006962,CUST0005529,CURRENT,ACTIVE,2019-07-06,31003.31,USD,2,21302.67,5,2,1,1
ACCT100006963,CUST0001919,NRE,ACTIVE,2019-04-21,769772.79,SGD,1,1319497.93,7,1,1,1
ACCT100006964,CUST0006289,CURRENT,ACTIVE,2020-12-20,11261.24,INR,2,23392.91,1,2,1,0
ACCT100006965,CUST0002208,NRO,CLOSED,2017-05-16,750064.12,INR,1,42765.7,6,1,1,1
ACCT100006966,CUST0004182,SAVINGS,ACTIVE,2018-03-25,200633.58,INR,1,33808.83,3,1,1,0
ACCT100006967,CUST0001058,SALARY,BLOCKED,2012-11-08,115524.02,USD,1,30544.8,4,1,1,0
ACCT100006968,CUST0004454,NRO,BLOCKED,2013-12-05,38137.87,INR,1,9688.24,6,3,0,1
ACCT100006969,CUST0001484,SAVINGS,ACTIVE,2014-07-16,55857.53,INR,1,19062.17,2,2,1,0
ACCT100006970,CUST0002433,SHELL,DORMANT,2021-10-13,2629875.09,INR,1,1188588.08,9,1,1,1
ACCT100006971,CUST0007503,NRE,ACTIVE,2012-03-12,61197.45,INR,1,137349.91,5,4,1,0
ACCT100006972,CUST0005309,CURRENT,ACTIVE,2019-06-18,178797.29,INR,1,79932.24,3,1,1,1
ACCT100006973,CUST0005842,CURRENT,ACTIVE,2019-05-03,33134.5,INR,1,7219.51,4,4,1,1
ACCT100006974,CUST0006765,SAVINGS,ACTIVE,2019-06-24,43628.13,INR,1,12507.25,3,4,1,1
ACCT100006975,CUST0003450,CURRENT,ACTIVE,2015-08-30,188047.19,INR,1,32122.38,4,3,1,1
ACCT100006976,CUST0003774,SHELL,DORMANT,2020-04-22,97442.45,USD,1,50600.88,9,1,1,1
ACCT100006977,CUST0002085,SHELL,ACTIVE,2012-10-17,2546869.81,INR,1,1155891.11,8,1,0,0
ACCT100006978,CUST0006465,SAVINGS,ACTIVE,2018-08-11,14662.39,INR,2,36386.24,2,2,1,1
ACCT100006979,CUST0001154,SAVINGS,ACTIVE,2017-05-20,21983.98,INR,3,90124.55,4,1,1,0
ACCT100006980,CUST0006244,SAVINGS,ACTIVE,2012-07-04,25356.14,INR,1,45544.01,2,2,0,1
ACCT100006981,CUST0001552,SALARY,ACTIVE,2020-03-15,10046.92,INR,3,1528.72,1,2,0,1
ACCT100006982,CUST0004791,NRO,ACTIVE,2016-05-03,7986.99,INR,1,186970.64,7,3,1,1
ACCT100006983,CUST0006233,SAVINGS,ACTIVE,2015-02-22,21776.85,INR,1,3376.57,4,1,1,1
ACCT100006984,CUST0000043,CURRENT,ACTIVE,2015-07-20,11418.41,INR,3,43850.81,3,3,1,1
ACCT100006985,CUST0001108,SHELL,DORMANT,2018-07-21,12088021.46,AED,1,1062079.26,10,1,0,0
ACCT100006986,CUST0005998,CURRENT,DORMANT,2018-05-11,16240.42,INR,1,386296.25,2,2,1,1
ACCT100006987,CUST0004864,CURRENT,ACTIVE,2020-03-08,789058.19,INR,1,184044.1,4,1,0,1
ACCT100006988,CUST0001713,SAVINGS,ACTIVE,2012-05-03,61215.7,USD,1,171725.92,2,3,1,1
ACCT100006989,CUST0004754,CURRENT,ACTIVE,2016-12-24,62320.63,INR,1,80042.02,1,2,1,1
ACCT100006990,CUST0006305,CURRENT,ACTIVE,2014-05-28,21436.45,USD,2,59282.47,1,3,1,0
ACCT100006991,CUST0005594,CURRENT,ACTIVE,2017-10-02,67706.13,INR,1,17524.95,1,2,1,1
ACCT100006992,CUST0006650,NRO,ACTIVE,2017-09-20,102024.89,SGD,1,262895.7,7,1,1,1
ACCT100006993,CUST0003324,NRO,BLOCKED,2021-10-11,73112.8,INR,1,66411.97,4,4,1,1
ACCT100006994,CUST0005519,CURRENT,ACTIVE,2015-03-25,18806.6,INR,3,99544.3,2,1,1,1
ACCT100006995,CUST0001511,SAVINGS,ACTIVE,2020-07-19,10444.45,INR,2,408.72,1,1,1,1
ACCT100006996,CUST0006122,NRO,ACTIVE,2014-08-13,515008.89,INR,1,143090.73,5,2,1,1
ACCT100006997,CUST0006363,SALARY,ACTIVE,2020-02-08,5436.18,INR,1,19320.36,5,2,0,1
ACCT100006998,CUST0001857,SAVINGS,ACTIVE,2017-10-29,253710.06,INR,1,59096.95,4,1,1,0
ACCT100006999,CUST0004841,SALARY,ACTIVE,2018-09-03,188915.35,INR,2,917.25,2,1,1,1
ACCT100007000,CUST0003799,SALARY,BLOCKED,2019-05-20,11839.98,INR,3,11362.8,5,2,1,1
ACCT100007001,CUST0001210,CURRENT,ACTIVE,2013-04-17,57923.6,INR,1,64421.15,1,1,1,1
ACCT100007002,CUST0000410,SAVINGS,ACTIVE,2016-10-20,1613.82,GBP,1,26089.39,5,1,1,0
ACCT100007003,CUST0001316,SAVINGS,ACTIVE,2019-04-26,3801.16,GBP,2,4875.83,2,1,1,1
ACCT100007004,CUST0005108,SALARY,ACTIVE,2014-12-29,24713.6,AED,3,3322.53,3,1,1,1
ACCT100007005,CUST0003202, SAVINGS ,ACTIVE,2020-12-16,6551.52,SGD,2,17308.98,3,1,1,0
ACCT100007006,CUST0003688,NRO,ACTIVE,2016-05-11,2762.04,AED,1,35648.07,6,3,1,0
ACCT100007007,CUST0002285,SAVINGS,ACTIVE,2012-10-30,9492.5,INR,2,48349.95,2,1,1,1
ACCT100007008,CUST0004182,SALARY,ACTIVE,2012-01-14,13876.95,INR,3,4247.16,5,1,1,1
ACCT100007009,CUST0000114,NRE,ACTIVE,2018-04-02,7628343.04,AED,1,32572.93,5,1,1,1
ACCT100007010,CUST0007638,NRO,CLOSED,2012-05-22,36200.28,INR,1,23182.51,6,4,1,1
ACCT100007011,CUST0007910,NRO,ACTIVE,2018-03-27,62540.57,INR,1,138241.05,5,1,1,1
ACCT100007012,CUST0004271,SALARY,ACTIVE,2016-04-29,21211.75,USD,1,18983.5,1,5,1,1
ACCT100007013,CUST0001432,SAVINGS,ACTIVE,2015-12-29,67439.2,SGD,1,172640.5,2,2,1,0
ACCT100007014,CUST0002139,SAVINGS,ACTIVE,2014-06-21,12020.03,INR,3,5258.7,3,1,1,1
ACCT100007015,CUST0005945,CURRENT,BLOCKED,2014-12-01,121745.7,SGD,1,24832.98,3,1,0,1
ACCT100007016,CUST0004936,SALARY,CLOSED,2015-09-16,8386.28,SGD,1,3693.97,3,1,1,1
ACCT100007017,CUST0000333,NRO,ACTIVE,2018-04-05,525052.17,AED,1,53888.99,5,2,1,1
ACCT100007018,CUST0002240,CURRENT,ACTIVE,2020-11-08,176839.83,AED,2,14181.5,4,4,1,1
ACCT100007019,CUST0005989,SALARY,ACTIVE,2013-12-27,71719.99,INR,1,8570.8,1,1,0,1
ACCT100007020,CUST0006349,SALARY,ACTIVE,2017-08-28,35116.94,USD,1,4844.61,2,1,1,1
ACCT100007021,CUST0003401,SAVINGS,ACTIVE,2021-02-08,18359.73,SGD,1,25489.65,2,1,1,1
ACCT100007022,CUST0006820,NRE,ACTIVE,2014-09-13,1194853.71,AED,1,113701.42,7,1,1,1
ACCT100007023,CUST0001501,CURRENT,ACTIVE,2017-09-24,4471.78,INR,1,29972.02,5,2,1,1
ACCT100007024,CUST0007190,SAVINGS,ACTIVE,2018-11-16,1077.58,SGD,1,34634.3,3,3,1,1
ACCT100007025,CUST0007923,SALARY,ACTIVE,2020-01-24,120271.57,GBP,1,929.78,5,1,1,1
ACCT100007026,CUST0006141,NRO,ACTIVE,2014-12-28,331807.09,SGD,1,38023.73,5,1,1,1
ACCT100007027,CUST0007721,NRE,ACTIVE,2017-05-20,32778.59,SGD,1,295034.36,5,1,0,1
ACCT100007028,CUST0005161,SAVINGS,DORMANT,2012-01-25,49284.9,USD,1,8888.78,2,2,0,1
ACCT100007029,CUST0005999,NRE,ACTIVE,2019-04-04,1732039.05,INR,3,36506.61,5,3,1,1
ACCT100007030,CUST0000614,SAVINGS,ACTIVE,2015-07-12,566194.57,INR,1,10771.38,1,1,1,1
ACCT100007031,CUST0005051,SALARY,ACTIVE,2014-04-10,5875.66,INR,2,40018.46,4,4,1,1
ACCT100007032,CUST0007821,SAVINGS,ACTIVE,2016-01-01,2335.95,INR,2,21228.66,4,1,1,1
ACCT100007033,CUST0001912,SALARY,CLOSED,2013-06-26,41836.53,INR,1,4105.03,1,1,1,0
ACCT100007034,CUST0001060,SAVINGS,ACTIVE,2016-02-21,22034.37,INR,1,16355.13,3,4,1,1
ACCT100007035,CUST0000225,NRO,ACTIVE,2012-03-14,14963.13,INR,1,84337.86,7,2,0,1
ACCT100007036,CUST0002240,SALARY,ACTIVE,2018-09-05,3509.89,USD,1,1644.96,3,2,0,0
ACCT100007037,CUST0004905,CURRENT,ACTIVE,2013-09-20,66948.29,INR,3,44700.35,1,1,1,1
ACCT100007038,CUST0006947,NRO,ACTIVE,2017-06-14,28985.2,USD,1,223079.61,7,2,1,1
ACCT100007039,CUST0002750,SAVINGS,ACTIVE,2020-12-24,4984.77,USD,2,108427.88,2,1,1,1
ACCT100007040,CUST0003733, NRO ,ACTIVE,2017-03-07,252605.67,INR,1,134035.78,7,1,1,1
ACCT100007041,CUST0000515,SAVINGS,ACTIVE,2019-04-27,28293.55,INR,1,10218.04,2,1,1,1
ACCT100007042,CUST0006340,NRE,ACTIVE,2015-01-05,186554.19,INR,1,55582.59,5,1,1,1
ACCT100007043,CUST0001513,SAVINGS,ACTIVE,2020-09-11,59451.01,INR,2,7177.75,5,1,1,1
ACCT100007044,CUST0006346,SAVINGS,ACTIVE,2014-08-15,186774.08,GBP,3,2921.6,3,1,1,1
ACCT100007045,CUST0007602,NRO,DORMANT,2015-01-31,128360.28,AED,1,61016.92,6,1,0,1
ACCT100007046,CUST0003986,CURRENT,ACTIVE,2013-06-01,337.82,INR,3,14846.79,2,4,1,1
ACCT100007047,CUST0003907,SAVINGS,ACTIVE,2018-03-06,12539.4,INR,1,135084.78,2,3,0,0
ACCT100007048,CUST0007412,SALARY,ACTIVE,2012-11-21,96458.77,INR,1,12456.9,1,1,1,1
ACCT100007049,CUST0006914,NRO,ACTIVE,2014-06-17,710538.45,INR,2,120874.48,4,2,1,1
ACCT100007050,CUST0002009,CURRENT,ACTIVE,2018-09-10,50441.18,USD,1,32924.53,3,1,1,0
ACCT100007051,CUST0006213,SAVINGS,ACTIVE,2016-02-14,6478.01,INR,1,1628.49,1,2,1,1
ACCT100007052,CUST0005107,SAVINGS,BLOCKED,2015-01-24,6868.03,INR,1,14352.29,4,2,1,1
ACCT100007053,CUST0007780,SALARY,ACTIVE,2017-05-05,21027.68,INR,1,6728.54,4,5,1,1
ACCT100007054,CUST0006908, SALARY ,ACTIVE,2018-11-26,685.72,USD,3,2245.18,4,3,0,1
ACCT100007055,CUST0005106,NRO,ACTIVE,2021-10-01,575448.23,AED,1,254536.34,6,1,0,1
ACCT100007056,CUST0004986,SAVINGS,ACTIVE,2019-10-11,34599.15,USD,1,3550.31,3,3,1,1
ACCT100007057,CUST0003409,SAVINGS,ACTIVE,2012-10-04,2786.67,INR,3,4010.31,3,3,1,1
ACCT100007058,CUST0002620,SALARY,ACTIVE,2018-09-13,4614.38,GBP,1,18912.61,1,1,1,1
ACCT100007059,CUST0003029,SAVINGS,DORMANT,2021-11-24,2646.17,AED,1,4412.09,3,1,0,1
ACCT100007060,CUST0005068,CURRENT,DORMANT,2018-08-08,30000.38,INR,2,244294.49,4,2,0,0
ACCT100007061,CUST0005110,TRUST,ACTIVE,2013-10-01,220657.32,AED,3,308302.62,8,1,1,1
ACCT100007062,CUST0003167, SAVINGS ,ACTIVE,2015-09-22,13224.43,SGD,1,190275.04,2,2,1,0
ACCT100007063,CUST0007419,SALARY,ACTIVE,2018-09-03,21689.36,AED,2,5644.66,5,2,1,1
ACCT100007064,CUST0000843,NRE,ACTIVE,2017-01-21,127152.98,USD,1,28882.35,4,1,1,1
ACCT100007065,CUST0000316,SAVINGS,ACTIVE,2018-06-23,3231.15,INR,1,17024.29,3,3,1,1
ACCT100007066,CUST0001490,SALARY,ACTIVE,2021-10-06,10679.24,USD,2,8273.21,4,3,1,1
ACCT100007067,CUST0000256,NRE,ACTIVE,2017-08-10,67229.97,SGD,2,15064.91,5,1,1,1
ACCT100007068,CUST0004490, SAVINGS ,ACTIVE,2013-01-20,5141.98,USD,3,997.71,5,2,1,1
ACCT100007069,CUST0001122,SAVINGS,ACTIVE,2020-03-27,11114.54,USD,1,3996.59,3,4,1,0
ACCT100007070,CUST0001535,SAVINGS,DORMANT,2017-12-15,50206.29,INR,1,26778.66,4,2,1,0
ACCT100007071,CUST0001510,SALARY,ACTIVE,2012-11-30,9283.79,INR,1,12891.26,1,1,1,0
ACCT100007072,CUST0006442,CURRENT,ACTIVE,2020-03-06,257510.16,USD,1,30736.47,4,2,0,1
ACCT100007073,CUST0001418,CURRENT,ACTIVE,2019-09-03,75049.6,INR,1,12089.38,1,1,1,0
ACCT100007074,CUST0002822,SAVINGS,ACTIVE,2018-01-16,32639.45,INR,1,3609.43,5,2,1,1
ACCT100007075,CUST0000081, SAVINGS ,ACTIVE,2015-02-17,5899.75,USD,1,15415.36,4,1,1,1
ACCT100007076,CUST0001863,SALARY,BLOCKED,2012-10-11,1280.78,INR,1,20556.45,4,3,1,0
ACCT100007077,CUST0003021,current,ACTIVE,2013-12-27,11399.53,INR,1,24622.5,2,1,1,1
ACCT100007078,CUST0007340,NRE,ACTIVE,2014-05-07,515327.42,AED,2,116008.79,4,1,0,1
ACCT100007079,CUST0007003,NRE,ACTIVE,2021-08-10,456088.08,INR,1,47238.73,7,2,1,1
ACCT100007080,CUST0006339,NRE,ACTIVE,2018-01-17,2503798.19,INR,2,121453.15,6,1,1,1
ACCT100007081,CUST0004014,NRO,ACTIVE,2012-08-11,664505.37,INR,1,99808.26,6,4,1,1
ACCT100007082,CUST0007301,NRE,DORMANT,2021-12-02,32021.8,SGD,1,41641.34,7,1,1,0
ACCT100007083,CUST0000584,CURRENT,DORMANT,2018-08-09,669401.73,SGD,1,89049.89,2,1,0,1
ACCT100007084,CUST0006006,SAVINGS,ACTIVE,2014-11-30,24826.86,USD,1,9634.01,5,1,0,1
ACCT100007085,CUST0002424,SALARY,ACTIVE,2019-09-29,1430.73,USD,1,687.63,5,1,1,1
ACCT100007086,CUST0001116,SAVINGS,DORMANT,2015-02-10,7034.06,INR,1,14542.9,4,3,1,1
ACCT100007087,CUST0004209,SAVINGS,ACTIVE,2021-07-23,2318.14,GBP,1,5430.82,2,2,1,1
ACCT100007088,CUST0007627,CURRENT,ACTIVE,2015-02-27,188631.55,USD,2,46136.97,4,1,1,1
ACCT100007089,CUST0001720,SALARY,ACTIVE,2021-10-19,48185.6,SGD,1,81873.76,2,2,0,1
ACCT100007090,CUST0002499,CURRENT,ACTIVE,2021-10-23,12221.12,USD,3,12589.87,2,2,1,0
ACCT100007091,CUST0002520,NRE,ACTIVE,2017-01-17,171460.19,USD,1,376079.79,7,2,1,1
ACCT100007092,CUST0000009,SALARY,ACTIVE,2013-12-22,54758.2,INR,2,6309.83,4,5,1,1
ACCT100007093,CUST0000975,SHELL,ACTIVE,2019-04-29,17442680.25,SGD,1,1272789.58,10,3,0,1
ACCT100007094,CUST0004509,SAVINGS,ACTIVE,2017-09-11,128070.47,INR,1,36848.74,3,1,1,1
ACCT100007095,CUST0002291,CURRENT,ACTIVE,2017-06-13,52466.46,USD,1,37352.08,3,2,0,1
ACCT100007096,CUST0002964,SAVINGS,ACTIVE,2016-01-06,256626.38,INR,1,4356.37,1,1,0,1
ACCT100007097,CUST0003252,CURRENT,ACTIVE,2020-07-13,114315.06,USD,1,57525.39,1,1,1,1
ACCT100007098,CUST0005435,SAVINGS,ACTIVE,2012-07-22,7301.57,INR,1,1726.33,2,3,1,0
ACCT100007099,CUST0003106,SALARY,ACTIVE,2014-05-01,1404.58,USD,2,12838.6,2,4,1,1
ACCT100007100,CUST0002873,SAVINGS,ACTIVE,2019-09-26,59180.96,USD,1,7077.79,2,1,1,1
ACCT100007101,CUST0004684,NRE,ACTIVE,2020-05-12,35440.4,INR,3,52303.49,6,4,1,1
ACCT100007102,CUST0001065,SAVINGS,ACTIVE,2016-08-04,7144.24,INR,3,25038.88,3,1,1,1
ACCT100007103,CUST0003453,CURRENT,ACTIVE,2013-10-25,30888.19,USD,3,935.66,1,2,1,1
ACCT100007104,CUST0006907, TRUST ,ACTIVE,2020-11-10,964545.13,USD,1,610989.91,7,1,1,1
ACCT100007105,CUST0007643,SAVINGS,ACTIVE,2021-07-25,9487.05,INR,1,20908.21,2,2,0,1
ACCT100007106,CUST0000234,NRO,ACTIVE,2013-10-18,7367.34,USD,2,43428.57,4,4,1,1
ACCT100007107,CUST0001271,current,ACTIVE,2012-11-16,49325.46,INR,1,27356.95,4,1,0,1
ACCT100007108,CUST0005678,SAVINGS,ACTIVE,2018-08-20,21754.27,INR,2,11832.49,1,2,1,1
ACCT100007109,CUST0003579,NRO,ACTIVE,2016-07-23,110611.69,INR,1,62565.51,4,1,1,0
ACCT100007110,CUST0000575,CURRENT,ACTIVE,2013-02-16,30551.19,INR,2,4391.09,5,2,1,0
ACCT100007111,CUST0007994,CURRENT,DORMANT,2020-01-04,14675.08,AED,1,8581.76,5,4,0,1
ACCT100007112,CUST0004824,SALARY,ACTIVE,2014-02-09,13039.19,GBP,2,8179.67,1,1,1,1
ACCT100007113,CUST0005043,CURRENT,ACTIVE,2020-05-18,17623.9,INR,1,129526.91,3,1,1,1
ACCT100007114,CUST0006194,NRE,ACTIVE,2013-04-18,154743.8,SGD,1,328429.17,6,1,0,0
ACCT100007115,CUST0007933,SALARY,DORMANT,2018-04-08,368.38,INR,1,260.75,5,1,1,1
ACCT100007116,CUST0005646,CURRENT,ACTIVE,2014-02-20,171094.15,SGD,1,41692.88,3,1,1,0
ACCT100007117,CUST0000164,SALARY,DORMANT,2012-09-17,8816.37,USD,1,2633.24,5,1,1,1
ACCT100007118,CUST0003137,SAVINGS,ACTIVE,2019-01-05,596.34,USD,1,6969.64,4,1,1,1
ACCT100007119,CUST0005447,CURRENT,DORMANT,2014-06-25,717492.54,AED,1,158069.82,5,1,1,1
ACCT100007120,CUST0001160,CURRENT,ACTIVE,2017-11-13,96840.28,INR,1,19911.25,4,1,1,1
ACCT100007121,CUST0004893,CURRENT,ACTIVE,2017-03-13,7379.57,GBP,1,11935.6,1,1,1,1
ACCT100007122,CUST0003222,SALARY,ACTIVE,2017-08-14,4829.7,INR,3,12072.59,1,3,0,1
ACCT100007123,CUST0007149,SAVINGS,DORMANT,2020-10-25,1397.88,INR,1,7258.39,2,4,0,1
ACCT100007124,CUST0006780,SAVINGS,ACTIVE,2015-11-12,6401.36,AED,1,12653.67,2,5,0,1
ACCT100007125,CUST0006668,NRO,ACTIVE,2018-11-16,90596.16,INR,1,22720.48,5,3,1,1
ACCT100007126,CUST0000987,NRO,ACTIVE,2014-11-27,100770.68,SGD,3,29464.83,7,3,1,1
ACCT100007127,CUST0001594,NRO,ACTIVE,2015-04-06,34249.61,SGD,3,1344618.1,4,1,1,1
ACCT100007128,CUST0002417,SALARY,ACTIVE,2020-11-03,7127.94,INR,1,1502.3,4,1,1,1
ACCT100007129,CUST0007943,NRO,ACTIVE,2018-09-17,180588.77,INR,1,14526.74,7,2,1,0
ACCT100007130,CUST0006106,CURRENT,CLOSED,2021-04-23,60522.58,USD,1,57645.04,4,1,0,0
ACCT100007131,CUST0003742,SAVINGS,ACTIVE,2013-10-28,257817.67,USD,1,2376.21,1,1,1,1
ACCT100007132,CUST0006674,SALARY,ACTIVE,2012-12-08,1157.45,INR,1,17703.89,3,2,0,0
ACCT100007133,CUST0000499,CURRENT,ACTIVE,2012-09-14,40614.23,INR,1,183948.82,2,1,1,1
ACCT100007134,CUST0007424,SAVINGS,ACTIVE,2021-02-12,108937.05,USD,3,47460.05,4,1,1,1
ACCT100007135,CUST0003659,SALARY,DORMANT,2021-01-15,526047.46,SGD,1,21820.37,5,1,1,1
ACCT100007136,CUST0001717,SAVINGS,ACTIVE,2014-04-06,3918.06,INR,1,34583.77,4,2,1,0
ACCT100007137,CUST0006246,salary,ACTIVE,2014-03-11,18563.75,INR,1,13047.0,1,2,1,1
ACCT100007138,CUST0004170,NRO,ACTIVE,2018-01-12,113712.01,INR,1,33539.18,5,1,1,1
ACCT100007139,CUST0005498,SALARY,BLOCKED,2019-06-04,616.99,AED,1,6551.77,1,2,0,1
ACCT100007140,CUST0003547,CURRENT,ACTIVE,2017-02-20,22475.72,INR,2,11717.85,4,1,1,1
ACCT100007141,CUST0006432,CURRENT,ACTIVE,2021-08-24,206023.29,INR,1,40372.86,3,1,1,1
ACCT100007142,CUST0004374,CURRENT,ACTIVE,2019-01-28,6827.76,SGD,2,1408825.47,5,1,1,1
ACCT100007143,CUST0005197,NRE,DORMANT,2020-04-14,1012124.88,INR,2,213800.53,4,4,0,1
ACCT100007144,CUST0003831,TRUST,ACTIVE,2015-07-02,276522.41,USD,1,88800.8,10,3,1,0
ACCT100007145,CUST0002790,CURRENT,ACTIVE,2012-04-13,31871.45,INR,1,6822.92,5,1,0,1
ACCT100007146,CUST0003192, NRO ,ACTIVE,2012-07-20,325013.92,INR,1,4157.21,7,3,1,1
ACCT100007147,CUST0003113,SAVINGS,ACTIVE,2014-12-01,141020.9,USD,1,41038.39,1,1,0,1
ACCT100007148,CUST0005902,SAVINGS,ACTIVE,2015-02-06,2242463.53,INR,1,11052.28,2,2,1,1
ACCT100007149,CUST0003724,SAVINGS,ACTIVE,2016-06-04,8260.75,INR,2,18554.94,3,3,1,1
ACCT100007150,CUST0003127,CURRENT,ACTIVE,2021-08-03,66508.97,INR,1,47529.38,3,3,1,1
ACCT100007151,CUST0004315,CURRENT,ACTIVE,2017-10-14,23859.66,USD,2,19471.3,5,2,1,1
ACCT100007152,CUST0005271,nre,ACTIVE,2018-08-24,344195.64,INR,1,18218.55,6,2,1,1
ACCT100007153,CUST0000435,SALARY,ACTIVE,2016-05-09,380911.16,INR,1,6164.76,1,1,0,1
ACCT100007154,CUST0004226,SALARY,DORMANT,2017-06-29,2936.05,USD,1,19454.92,2,1,1,1
ACCT100007155,CUST0004476,SAVINGS,ACTIVE,2014-12-14,5122.71,INR,1,9699.56,1,2,1,1
ACCT100007156,CUST0001639,SAVINGS,ACTIVE,2013-01-12,15165.35,INR,1,17624.28,4,2,1,1
ACCT100007157,CUST0007440,salary,ACTIVE,2014-11-06,3071.51,INR,2,5311.74,3,4,1,0
ACCT100007158,CUST0007674,SAVINGS,ACTIVE,2014-08-07,721.95,INR,1,10261.59,4,2,1,1
ACCT100007159,CUST0001559,SALARY,ACTIVE,2020-06-13,22217.99,AED,1,19686.58,3,3,1,1
ACCT100007160,CUST0001179,NRO,ACTIVE,2019-04-18,95988.08,INR,2,2970.94,5,1,0,0
ACCT100007161,CUST0005812,NRO,ACTIVE,2018-12-11,1598342.21,INR,1,86326.01,5,1,1,1
ACCT100007162,CUST0000583,SAVINGS,BLOCKED,2012-03-22,2256.65,INR,2,2950.41,2,1,1,1
ACCT100007163,CUST0006608,NRO,ACTIVE,2013-01-17,64033.95,USD,2,126170.01,6,1,1,1
ACCT100007164,CUST0005607,SAVINGS,ACTIVE,2012-09-08,9053.11,INR,1,20682.06,5,1,1,1
ACCT100007165,CUST0000139,CURRENT,ACTIVE,2017-01-07,45806.39,AED,1,93349.03,2,3,1,0
ACCT100007166,CUST0007310,CURRENT,ACTIVE,2012-05-07,16252.22,AED,1,73017.64,3,2,1,1
ACCT100007167,CUST0006343,CURRENT,ACTIVE,2019-12-23,168057.94,INR,1,25749.89,1,2,1,1
ACCT100007168,CUST0007769, SALARY ,ACTIVE,2021-05-13,11425.85,INR,1,3795.6,2,1,0,1
ACCT100007169,CUST0003211,NRE,ACTIVE,2017-07-17,33532.98,SGD,1,40638.75,4,3,0,1
ACCT100007170,CUST0003885,SALARY,ACTIVE,2015-12-29,32936.41,SGD,1,3407.7,3,1,1,1
ACCT100007171,CUST0004641,SAVINGS,ACTIVE,2020-12-27,8276.2,INR,1,4743.69,4,3,0,1
ACCT100007172,CUST0001248,NRO,CLOSED,2015-05-20,135292.86,USD,1,235501.04,7,2,1,1
ACCT100007173,CUST0000361,SALARY,ACTIVE,2015-09-08,23756.19,INR,1,12782.0,5,1,1,0
ACCT100007174,CUST0003188,SAVINGS,ACTIVE,2019-11-07,4957.79,INR,3,6105.35,4,1,1,1
ACCT100007175,CUST0006164,SALARY,ACTIVE,2020-03-28,16638.71,USD,1,1835.8,4,3,1,1
ACCT100007176,CUST0002372,SAVINGS,ACTIVE,2013-10-26,1669.62,USD,2,26872.11,1,2,1,1
ACCT100007177,CUST0001061,SALARY,ACTIVE,2016-12-21,752.8,GBP,2,2155.26,2,1,1,1
ACCT100007178,CUST0003646,TRUST,ACTIVE,2015-09-02,712000.26,SGD,1,1012621.72,8,2,1,1
ACCT100007179,CUST0003452,SALARY,ACTIVE,2018-08-31,12286.38,INR,1,11065.83,5,1,1,0
ACCT100007180,CUST0004513,CURRENT,ACTIVE,2016-03-01,186734.56,INR,1,15628.91,4,1,0,1
ACCT100007181,CUST0006252,SHELL,DORMANT,2016-03-21,22229.26,INR,2,1384282.58,7,3,1,1
ACCT100007182,CUST0003158,NRE,ACTIVE,2020-04-10,679161.04,SGD,1,68325.33,5,3,1,1
ACCT100007183,CUST0005412,SAVINGS,ACTIVE,2015-03-24,10300.33,AED,1,9851.02,1,5,0,1
ACCT100007184,CUST0003701,SAVINGS,ACTIVE,2021-04-08,8867.7,INR,1,1835.99,4,1,1,1
ACCT100007185,CUST0002945,TRUST,DORMANT,2018-01-23,5096703.28,INR,1,88812.75,8,3,1,0
ACCT100007186,CUST0001450,SAVINGS,ACTIVE,2020-01-01,11499.89,INR,1,23398.21,4,3,0,1
ACCT100007187,CUST0003769,salary,ACTIVE,2015-02-21,5592.68,AED,1,1098.77,1,2,1,1
ACCT100007188,CUST0001415,SHELL,DORMANT,2015-12-27,353543.36,INR,1,2320805.53,8,2,1,1
ACCT100007189,CUST0000072,savings,ACTIVE,2018-09-20,3184.84,AED,1,4861.95,2,1,1,1
ACCT100007190,CUST0006344,trust,ACTIVE,2014-10-05,355007.26,INR,1,229121.44,7,4,1,1
ACCT100007191,CUST0004186,CURRENT,ACTIVE,2013-12-21,732439.74,INR,1,29212.42,4,1,1,0
ACCT100007192,CUST0006104, SAVINGS ,ACTIVE,2019-04-20,891.88,SGD,1,4087.35,4,1,1,1
ACCT100007193,CUST0000923,SAVINGS,ACTIVE,2013-02-13,66459.21,AED,1,15680.02,1,1,1,1
ACCT100007194,CUST0001768,SALARY,ACTIVE,2014-03-24,10916.97,INR,2,20826.05,1,3,1,0
ACCT100007195,CUST0005625,SALARY,ACTIVE,2020-11-28,2354.82,USD,1,4625.59,1,1,1,1
ACCT100007196,CUST0005955,SALARY,ACTIVE,2020-05-08,20199.93,USD,1,5001.8,4,5,1,1
ACCT100007197,CUST0004284,SALARY,ACTIVE,2013-11-10,12535.96,USD,2,14074.84,1,1,1,1
ACCT100007198,CUST0007879,SALARY,ACTIVE,2016-11-08,6342.88,INR,2,1311.72,4,1,1,1
ACCT100007199,CUST0007115,CURRENT,ACTIVE,2017-04-15,88144.02,INR,1,94376.63,2,1,1,1
ACCT100007200,CUST0004191,SAVINGS,ACTIVE,2020-08-10,18880.91,INR,3,12696.18,5,3,0,0
ACCT100007201,CUST0000871,SALARY,ACTIVE,2020-02-10,24275.18,INR,1,7925.03,5,1,1,1
ACCT100007202,CUST0000934,NRO,BLOCKED,2018-01-24,128559.33,INR,1,163348.44,5,1,1,0
ACCT100007203,CUST0002066,SAVINGS,ACTIVE,2014-01-11,1393.39,INR,2,7941.56,1,1,1,1
ACCT100007204,CUST0006803,SHELL,ACTIVE,2021-04-09,59589.72,INR,1,1487270.73,9,4,1,1
ACCT100007205,CUST0000535,SHELL,ACTIVE,2012-08-03,338446.52,GBP,1,374526.07,8,4,1,1
ACCT100007206,CUST0003371,SAVINGS,DORMANT,2019-09-17,6704.87,SGD,1,8693.01,1,1,1,1
ACCT100007207,CUST0005338,CURRENT,DORMANT,2020-12-17,61465.31,INR,1,112314.02,2,1,1,1
ACCT100007208,CUST0000520,SALARY,ACTIVE,2018-07-08,3072.59,USD,3,44058.05,2,1,1,0
ACCT100007209,CUST0003003,NRE,ACTIVE,2019-12-31,79107.3,USD,1,345513.33,4,1,1,1
ACCT100007210,CUST0005071,SAVINGS,BLOCKED,2015-11-23,38762.96,INR,1,8733.66,4,1,1,1
ACCT100007211,CUST0006716,SAVINGS,ACTIVE,2021-02-06,2144.65,AED,1,65622.71,2,4,1,0
ACCT100007212,CUST0005788,SALARY,ACTIVE,2019-10-22,17374.45,INR,1,15796.48,4,3,1,0
ACCT100007213,CUST0003502,SAVINGS,DORMANT,2014-02-11,2106.84,INR,3,8365.42,3,2,1,1
ACCT100007214,CUST0005627,NRO,ACTIVE,2018-09-20,56497.97,INR,1,22591.03,5,2,1,1
ACCT100007215,CUST0006285,nro,ACTIVE,2021-02-12,74824.16,INR,1,92177.55,7,3,1,1
ACCT100007216,CUST0004279,SAVINGS,ACTIVE,2020-10-02,4714.77,SGD,1,10627.74,1,1,0,1
ACCT100007217,CUST0006056,CURRENT,ACTIVE,2020-12-23,170211.74,INR,1,150960.2,5,1,0,1
ACCT100007218,CUST0003459,current,CLOSED,2012-04-21,777133.86,INR,1,48834.55,1,1,1,0
ACCT100007219,CUST0005655,SALARY,ACTIVE,2013-01-20,115.72,INR,2,5065.44,1,4,1,1
ACCT100007220,CUST0001356,CURRENT,ACTIVE,2016-06-07,223195.18,INR,2,29246.15,3,3,0,1
ACCT100007221,CUST0006678,SAVINGS,ACTIVE,2014-02-15,79806.32,INR,1,7704.53,4,2,0,1
ACCT100007222,CUST0004387,SAVINGS,ACTIVE,2014-12-08,16577.16,INR,3,4693.67,5,1,1,1
ACCT100007223,CUST0001667,NRE,DORMANT,2017-07-26,154063.84,INR,1,31783.75,5,4,1,1
ACCT100007224,CUST0004916,NRE,ACTIVE,2013-08-30,77203.07,USD,3,11438.72,5,4,0,1
ACCT100007225,CUST0003115,SAVINGS,BLOCKED,2020-01-22,17812.8,SGD,3,74369.46,5,1,0,0
ACCT100007226,CUST0003681,SAVINGS,ACTIVE,2018-01-05,79397.77,INR,1,11385.23,3,1,0,1
ACCT100007227,CUST0006646,NRO,ACTIVE,2012-11-22,33416.55,INR,1,177726.95,4,1,1,0
ACCT100007228,CUST0005936,CURRENT,DORMANT,2021-07-16,15861.65,INR,2,9549.66,3,3,1,1
ACCT100007229,CUST0005211,current,ACTIVE,2016-01-15,294084.47,AED,1,53110.92,1,1,1,0
ACCT100007230,CUST0005885,trust,ACTIVE,2012-07-09,757345.28,INR,1,588289.15,7,5,1,1
ACCT100007231,CUST0002074,NRO,ACTIVE,2018-12-11,101180.26,USD,1,95887.61,5,4,0,1
ACCT100007232,CUST0005956,CURRENT,ACTIVE,2016-12-06,284360.45,SGD,1,56402.81,3,5,1,1
ACCT100007233,CUST0006090,NRE,ACTIVE,2019-05-20,70805.94,AED,2,38567.93,5,1,1,0
ACCT100007234,CUST0001772,CURRENT,ACTIVE,2021-04-17,144679.87,INR,1,2062825.01,5,4,1,1
ACCT100007235,CUST0000946,CURRENT,ACTIVE,2015-04-18,396425.77,AED,1,95792.81,4,1,1,1
ACCT100007236,CUST0006777,SAVINGS,ACTIVE,2017-11-18,27239.18,INR,1,3521.36,2,2,1,1
ACCT100007237,CUST0007006,NRE,ACTIVE,2013-07-26,42212.92,AED,2,173642.55,4,3,1,0
ACCT100007238,CUST0002421,NRE,ACTIVE,2016-05-26,28032.48,USD,1,240666.81,6,3,1,0
ACCT100007239,CUST0005300,NRE,ACTIVE,2021-09-11,69511.19,USD,1,10760.28,4,2,0,0
ACCT100007240,CUST0006494,TRUST,ACTIVE,2012-06-10,840649.4,SGD,3,236320.03,10,2,1,1
ACCT100007241,CUST0000811,SAVINGS,ACTIVE,2015-10-15,36141.06,INR,2,20407.53,2,2,1,1
ACCT100007242,CUST0000884, TRUST ,ACTIVE,2016-11-28,312844.17,INR,2,37790.98,7,1,1,0
ACCT100007243,CUST0001308,NRO,ACTIVE,2015-08-18,132093.32,INR,1,77223.54,4,2,1,1
ACCT100007244,CUST0002352,SAVINGS,DORMANT,2017-07-29,61322.45,INR,1,1989.72,5,1,1,1
ACCT100007245,CUST0004788,SAVINGS,ACTIVE,2016-08-20,7553.68,AED,2,30446.83,2,1,1,1
ACCT100007246,CUST0000847,SAVINGS,BLOCKED,2017-12-25,597.03,INR,1,18888.61,2,2,1,0
ACCT100007247,CUST0005501,SAVINGS,ACTIVE,2015-06-20,422423.77,USD,1,4126.98,5,3,1,1
ACCT100007248,CUST0002469,NRE,ACTIVE,2017-07-06,767818.73,INR,1,949965.71,4,1,0,1
ACCT100007249,CUST0006035,CURRENT,ACTIVE,2016-11-14,148430.41,AED,1,49016.89,5,1,1,0
ACCT100007250,CUST0003223,SALARY,CLOSED,2014-12-30,131251.69,AED,1,3694.88,4,1,1,0
ACCT100007251,CUST0006838,current,ACTIVE,2018-05-24,154682.76,USD,2,24447.56,3,4,0,1
ACCT100007252,CUST0005073,SALARY,ACTIVE,2021-04-03,5403.37,INR,1,3884.84,5,3,0,1
ACCT100007253,CUST0000580,SAVINGS,DORMANT,2015-12-01,216474.79,USD,2,2690.91,1,1,1,1
ACCT100007254,CUST0000768,NRO,ACTIVE,2014-07-06,9503.76,INR,1,65027.67,6,1,1,1
ACCT100007255,CUST0002165,SALARY,ACTIVE,2012-01-21,2452.76,SGD,1,1926.83,2,1,1,1
ACCT100007256,CUST0004435,CURRENT,ACTIVE,2020-01-04,71017.56,USD,1,11246.88,5,1,1,1
ACCT100007257,CUST0007745,SAVINGS,ACTIVE,2020-11-15,53685.3,INR,1,4225.35,5,2,0,1
ACCT100007258,CUST0000804,SAVINGS,ACTIVE,2013-05-22,12170.0,INR,1,17392.47,4,5,0,1
ACCT100007259,CUST0000683,SALARY,ACTIVE,2017-07-10,13972.51,SGD,1,4729.32,1,2,1,1
ACCT100007260,CUST0006127,CURRENT,ACTIVE,2015-09-14,31125.79,AED,1,5959.04,4,1,1,1
ACCT100007261,CUST0006710,SALARY,ACTIVE,2012-08-03,5642.42,INR,1,1263.79,4,1,1,1
ACCT100007262,CUST0007659,SHELL,DORMANT,2015-07-24,646264.61,INR,1,172631.98,7,1,0,1
ACCT100007263,CUST0002645,CURRENT,ACTIVE,2019-06-12,1311.14,USD,1,71006.98,5,2,1,1
ACCT100007264,CUST0006663,CURRENT,ACTIVE,2021-01-16,26291.8,AED,1,56167.55,5,2,1,1
ACCT100007265,CUST0006618,CURRENT,ACTIVE,2018-04-04,8214.9,INR,2,649670.17,3,1,1,1
ACCT100007266,CUST0007380, SAVINGS ,ACTIVE,2016-04-26,36735.69,INR,1,23613.63,1,1,1,1
ACCT100007267,CUST0006018,TRUST,DORMANT,2013-02-18,1913485.92,INR,1,59994.59,7,1,1,1
ACCT100007268,CUST0000857,NRE,ACTIVE,2015-10-23,12401.97,INR,2,10779.64,6,2,0,0
ACCT100007269,CUST0004846,SALARY,ACTIVE,2018-10-26,3369.99,INR,1,5532.5,2,1,0,1
ACCT100007270,CUST0002246,SAVINGS,ACTIVE,2019-08-23,68726.6,AED,1,25236.53,2,1,1,1
ACCT100007271,CUST0000030,nre,BLOCKED,2018-11-14,104743.44,INR,1,96865.84,7,1,1,0
ACCT100007272,CUST0005989,SAVINGS,ACTIVE,2016-12-03,235709.48,INR,1,4527.01,3,2,0,1
ACCT100007273,CUST0002913,SAVINGS,ACTIVE,2013-06-17,1238534.98,AED,2,41544.49,1,3,1,1
ACCT100007274,CUST0001957,SAVINGS,ACTIVE,2014-05-15,89458.01,INR,1,7754.08,4,1,1,0
ACCT100007275,CUST0000668,SAVINGS,ACTIVE,2012-08-17,7163.42,INR,1,4110.29,1,3,1,1
ACCT100007276,CUST0001374,SALARY,DORMANT,2018-02-17,3322.28,INR,1,2244.36,4,3,0,1
ACCT100007277,CUST0004735,SAVINGS,ACTIVE,2015-08-01,10197.98,INR,1,4854.95,4,1,0,0
ACCT100007278,CUST0004792,SALARY,ACTIVE,2021-07-19,93898.12,INR,1,6222.64,2,1,1,1
ACCT100007279,CUST0006637,NRE,ACTIVE,2021-05-06,53102.58,INR,1,148742.52,5,2,0,1
ACCT100007280,CUST0002496,CURRENT,ACTIVE,2016-07-26,33019.65,AED,1,27691.57,3,1,1,1
ACCT100007281,CUST0005962,SALARY,ACTIVE,2014-04-06,15249.76,AED,2,24903.2,2,3,1,1
ACCT100007282,CUST0003663,CURRENT,DORMANT,2020-05-08,6857.1,INR,1,21193.82,2,1,1,1
ACCT100007283,CUST0000723,SALARY,ACTIVE,2016-04-11,21616.34,AED,1,10827.92,2,1,0,1
ACCT100007284,CUST0001973,SHELL,DORMANT,2014-12-03,632671.82,INR,2,359929.42,8,2,1,0
ACCT100007285,CUST0006604,CURRENT,ACTIVE,2020-06-25,22082.9,AED,2,951.16,3,3,0,1
ACCT100007286,CUST0003299,SALARY,ACTIVE,2017-04-20,4662.97,AED,1,13868.01,5,4,0,0
ACCT100007287,CUST0005727,SHELL,DORMANT,2018-01-27,174893.64,INR,1,570556.11,8,2,0,1
ACCT100007288,CUST0001548,SAVINGS,BLOCKED,2013-09-29,178290.96,INR,1,35996.52,5,3,1,1
ACCT100007289,CUST0006714,SAVINGS,ACTIVE,2012-10-10,10583.73,INR,1,31738.04,4,2,1,0
ACCT100007290,CUST0005736,savings,ACTIVE,2020-05-26,13372.31,INR,1,22587.45,5,3,1,1
ACCT100007291,CUST0001548,SALARY,DORMANT,2018-10-29,44852.41,SGD,1,1571.82,5,1,1,1
ACCT100007292,CUST0001878,SAVINGS,ACTIVE,2012-04-22,28582.45,INR,3,28534.5,3,1,1,1
ACCT100007293,CUST0004314,CURRENT,ACTIVE,2021-10-21,46209.72,INR,2,59999.62,3,1,1,1
ACCT100007294,CUST0001518,CURRENT,ACTIVE,2013-01-10,85698.1,INR,1,9927.05,1,1,1,1
ACCT100007295,CUST0003584,SAVINGS,DORMANT,2015-06-25,2707.24,INR,1,24746.08,2,1,0,0
ACCT100007296,CUST0002823,SAVINGS,ACTIVE,2018-11-26,34899.26,SGD,1,3138.12,5,2,1,1
ACCT100007297,CUST0007083,SAVINGS,BLOCKED,2020-04-25,5191.97,INR,2,15417.6,5,1,1,1
ACCT100007298,CUST0005187,CURRENT,ACTIVE,2012-02-07,245536.47,SGD,1,18267.78,1,2,1,1
ACCT100007299,CUST0000243,SHELL,ACTIVE,2015-02-23,857000.88,INR,1,4354488.31,8,1,1,1
ACCT100007300,CUST0007076,SHELL,ACTIVE,2014-03-29,866686.56,INR,2,128774.18,8,1,1,1
ACCT100007301,CUST0001979,SAVINGS,CLOSED,2012-01-20,23975.88,INR,1,4611.83,5,1,0,1
ACCT100007302,CUST0004713,SALARY,ACTIVE,2016-01-02,3651.26,USD,2,5569.03,4,1,0,1
ACCT100007303,CUST0002796,NRO,BLOCKED,2012-12-11,112098.18,USD,1,560391.07,6,1,0,1
ACCT100007304,CUST0004384,CURRENT,ACTIVE,2013-09-25,318347.91,SGD,1,19729.48,1,3,1,1
ACCT100007305,CUST0004527,SALARY,ACTIVE,2014-12-23,2827.6,INR,1,11736.0,1,1,1,1
ACCT100007306,CUST0001671,CURRENT,ACTIVE,2020-11-16,141026.3,INR,1,30023.32,4,2,0,1
ACCT100007307,CUST0003060,SALARY,ACTIVE,2013-06-14,86406.65,INR,2,1945.19,2,2,1,1
ACCT100007308,CUST0004655,CURRENT,DORMANT,2012-01-27,559093.38,INR,3,6349.78,3,1,1,1
ACCT100007309,CUST0005802,CURRENT,ACTIVE,2015-10-20,81401.8,INR,2,71112.77,3,1,0,1
ACCT100007310,CUST0005309,SAVINGS,ACTIVE,2013-01-09,12300.83,INR,2,7804.55,5,2,0,1
ACCT100007311,CUST0004176,SAVINGS,ACTIVE,2014-03-31,213995.05,AED,1,4762.4,1,1,1,1
ACCT100007312,CUST0002995,NRO,DORMANT,2016-11-25,39200.39,USD,2,28192.45,6,1,0,1
ACCT100007313,CUST0002488,NRO,DORMANT,2015-10-08,109651.84,AED,1,588484.65,7,1,1,1
ACCT100007314,CUST0002298,NRO,ACTIVE,2020-06-24,124359.78,SGD,1,158735.72,5,4,1,1
ACCT100007315,CUST0006180,SAVINGS,ACTIVE,2015-10-15,20956.92,INR,1,10079.59,2,2,1,1
ACCT100007316,CUST0001451,NRO,ACTIVE,2021-06-13,16729.72,INR,1,60860.29,4,1,1,1
ACCT100007317,CUST0002199, SAVINGS ,ACTIVE,2018-01-28,21717.47,INR,1,17223.96,2,5,0,1
ACCT100007318,CUST0007539,NRO,DORMANT,2020-11-25,64192.66,INR,1,14511.94,7,3,0,1
ACCT100007319,CUST0002189,SAVINGS,ACTIVE,2012-06-15,8503.03,USD,1,83163.28,1,2,0,1
ACCT100007320,CUST0004141,salary,CLOSED,2020-04-07,9493.61,GBP,1,3426.56,2,1,0,1
ACCT100007321,CUST0001736,NRE,ACTIVE,2020-03-11,128788.71,INR,1,115584.61,6,1,1,1
ACCT100007322,CUST0001458,SAVINGS,DORMANT,2021-07-12,15353.33,AED,3,3200.61,4,1,0,1
ACCT100007323,CUST0005732,SAVINGS,BLOCKED,2013-10-22,125603.9,AED,1,9748.01,2,1,1,1
ACCT100007324,CUST0003286,SALARY,ACTIVE,2014-01-02,4767.25,USD,1,10158.97,5,1,1,1
ACCT100007325,CUST0007583,SALARY,ACTIVE,2013-10-08,8005.19,INR,1,1356.88,4,1,1,0
ACCT100007326,CUST0006566,NRO,ACTIVE,2015-08-24,80532.26,USD,1,182240.97,5,1,0,1
ACCT100007327,CUST0004207,SALARY,ACTIVE,2019-04-27,1471.97,INR,1,1473.5,3,3,1,1
ACCT100007328,CUST0003444,SAVINGS,ACTIVE,2016-03-26,2406.03,INR,3,3746.03,1,3,1,1
ACCT100007329,CUST0003790,NRE,ACTIVE,2014-11-01,61422.77,AED,3,63409.11,6,1,0,1
ACCT100007330,CUST0003013,TRUST,DORMANT,2021-04-21,301146.47,INR,1,124974.62,10,3,0,1
ACCT100007331,CUST0002463,SALARY,ACTIVE,2013-06-07,11794.37,INR,1,35055.13,1,1,0,1
ACCT100007332,CUST0001846,CURRENT,ACTIVE,2012-11-23,4965.62,INR,1,2904.54,5,1,0,1
ACCT100007333,CUST0002249,NRE,ACTIVE,2018-11-19,21699.25,INR,2,24489.79,5,3,1,1
ACCT100007334,CUST0000520,CURRENT,ACTIVE,2018-09-21,46670.72,AED,1,11904.86,4,1,1,1
ACCT100007335,CUST0002316,SAVINGS,ACTIVE,2021-08-04,2163.22,GBP,2,86638.71,5,1,1,1
ACCT100007336,CUST0004027,SAVINGS,ACTIVE,2014-10-15,1502.39,INR,1,67539.83,3,2,1,1
ACCT100007337,CUST0003013,CURRENT,BLOCKED,2020-09-23,398552.04,USD,1,123443.78,5,2,0,0
ACCT100007338,CUST0002999,SALARY,DORMANT,2017-12-03,30687.86,GBP,1,2045.16,4,3,1,1
ACCT100007339,CUST0003104,SALARY,ACTIVE,2020-01-10,4404.47,USD,1,29431.06,5,4,1,1
ACCT100007340,CUST0007650,CURRENT,ACTIVE,2015-03-21,919202.74,AED,1,24763.02,2,1,1,1
ACCT100007341,CUST0000410,CURRENT,ACTIVE,2013-12-08,39026.88,INR,3,26176.58,4,1,0,1
ACCT100007342,CUST0001918,SALARY,ACTIVE,2012-07-08,20823.72,USD,1,2960.93,1,2,1,0
ACCT100007343,CUST0006540,TRUST,DORMANT,2016-01-26,408401.01,INR,1,367997.27,9,2,1,1
ACCT100007344,CUST0005217,SAVINGS,DORMANT,2018-09-26,36368.33,SGD,1,8088.25,2,4,1,1
ACCT100007345,CUST0003465,SALARY,ACTIVE,2015-08-09,192855.67,AED,1,5038.6,2,3,1,1
ACCT100007346,CUST0001274,NRE,ACTIVE,2015-03-15,63802.13,AED,1,30499.9,6,1,1,1
ACCT100007347,CUST0001153,SAVINGS,ACTIVE,2013-01-10,167312.54,INR,1,16451.64,2,2,0,1
ACCT100007348,CUST0004239,SAVINGS,ACTIVE,2014-02-24,73218.64,INR,1,7763.13,3,2,1,1
ACCT100007349,CUST0002530,NRO,ACTIVE,2020-05-16,100315.05,SGD,1,75273.06,7,1,1,1
ACCT100007350,CUST0005923,trust,ACTIVE,2013-09-14,829582.04,INR,2,48550.11,7,3,1,1
ACCT100007351,CUST0002139,SALARY,ACTIVE,2018-08-06,13356.91,SGD,1,11454.54,4,1,1,1
ACCT100007352,CUST0000008,SALARY,ACTIVE,2012-02-03,54714.23,USD,1,6037.29,5,2,1,1
ACCT100007353,CUST0001542,current,ACTIVE,2014-06-11,76839.37,USD,1,1564.38,3,2,1,1
ACCT100007354,CUST0005526,NRE,ACTIVE,2019-01-06,942218.27,INR,1,947087.79,7,1,1,1
ACCT100007355,CUST0006903,TRUST,DORMANT,2018-08-18,113915.77,SGD,2,215788.78,8,1,1,1
ACCT100007356,CUST0007145,CURRENT,ACTIVE,2015-04-16,19813.32,INR,3,311894.12,5,4,1,1
ACCT100007357,CUST0003948,SAVINGS,BLOCKED,2020-10-25,2923.98,INR,1,34010.47,2,2,1,1
ACCT100007358,CUST0001652,SHELL,DORMANT,2015-01-22,167629.54,INR,1,581793.83,8,4,1,0
ACCT100007359,CUST0001448,CURRENT,ACTIVE,2021-03-12,559604.83,INR,3,13547.96,4,2,1,1
ACCT100007360,CUST0000932,SAVINGS,BLOCKED,2012-04-10,4854.81,SGD,2,79506.07,2,1,1,1
ACCT100007361,CUST0006831,NRO,ACTIVE,2015-09-17,81637.57,INR,3,117031.58,6,2,1,1
ACCT100007362,CUST0003149,SAVINGS,ACTIVE,2018-04-27,19599.59,INR,1,5860.09,1,1,0,1
ACCT100007363,CUST0002891,CURRENT,ACTIVE,2017-07-18,829370.71,GBP,1,18190.61,2,1,1,1
ACCT100007364,CUST0007117,NRE,ACTIVE,2016-07-21,529931.9,INR,1,449049.51,5,3,0,1
ACCT100007365,CUST0002292,NRO,BLOCKED,2016-08-18,32087.34,INR,2,523345.91,7,1,1,1
ACCT100007366,CUST0000199,SAVINGS,ACTIVE,2012-07-07,17994.0,INR,2,17681.25,1,1,1,1
ACCT100007367,CUST0004973,SALARY,ACTIVE,2019-07-30,1391.07,INR,1,2482.6,4,1,1,1
ACCT100007368,CUST0001407,NRE,ACTIVE,2016-07-26,878693.3,INR,1,112645.56,4,1,1,1
ACCT100007369,CUST0003807,SALARY,ACTIVE,2016-06-14,6971.08,AED,1,8644.15,5,2,1,1
ACCT100007370,CUST0001348,SAVINGS,DORMANT,2013-11-03,1605.33,INR,1,8398.57,3,1,1,1
ACCT100007371,CUST0006896,SALARY,ACTIVE,2014-07-12,20680.0,INR,1,3050.22,2,1,0,1
ACCT100007372,CUST0006711,NRO,ACTIVE,2018-10-30,1389134.73,USD,1,39318.31,4,1,0,1
ACCT100007373,CUST0000356,TRUST,ACTIVE,2013-02-10,115666.45,AED,1,643443.48,8,1,1,0
ACCT100007374,CUST0005319,salary,ACTIVE,2014-02-03,5312.09,INR,2,8547.48,4,3,1,1
ACCT100007375,CUST0000806,SAVINGS,ACTIVE,2020-12-15,10843.86,INR,1,7792.61,2,1,1,1
ACCT100007376,CUST0004919,SAVINGS,ACTIVE,2017-05-22,14235.57,INR,1,8000.92,2,3,1,1
ACCT100007377,CUST0003425,CURRENT,CLOSED,2014-01-22,28413.56,SGD,1,30739.92,2,1,1,1
ACCT100007378,CUST0003019,SAVINGS,ACTIVE,2020-02-16,43510.5,INR,2,16645.86,4,2,1,1
ACCT100007379,CUST0005468,SAVINGS,ACTIVE,2012-12-18,26967.9,INR,1,37558.66,2,2,1,1
ACCT100007380,CUST0004880,SAVINGS,ACTIVE,2020-08-21,39677.69,INR,2,56413.23,3,1,1,1
ACCT100007381,CUST0001965,SAVINGS,ACTIVE,2013-05-15,19222.9,INR,1,59922.86,5,2,1,1
ACCT100007382,CUST0006936,CURRENT,ACTIVE,2018-06-05,127061.54,SGD,1,97131.21,3,4,1,0
ACCT100007383,CUST0007729,savings,ACTIVE,2014-10-01,6150.13,AED,1,69245.47,3,1,1,1
ACCT100007384,CUST0003508,SHELL,DORMANT,2018-10-02,1422426.1,INR,2,2730341.23,10,1,0,1
ACCT100007385,CUST0001817,CURRENT,ACTIVE,2015-06-10,100321.58,USD,2,240004.14,2,3,1,1
ACCT100007386,CUST0000346,SALARY,ACTIVE,2019-02-14,227379.08,INR,2,2731.99,3,4,1,0
ACCT100007387,CUST0005398,TRUST,ACTIVE,2021-09-03,31749.3,AED,2,93150.65,8,1,1,1
ACCT100007388,CUST0005968,NRE,ACTIVE,2016-07-09,130361.64,INR,1,2091653.64,7,3,1,1
ACCT100007389,CUST0000211,NRE,ACTIVE,2020-02-09,214040.02,INR,1,33425.48,6,3,1,0
ACCT100007390,CUST0001841,TRUST,ACTIVE,2020-02-28,6176595.17,INR,2,47282.18,10,2,1,1
ACCT100007391,CUST0000822,NRE,ACTIVE,2019-10-31,719632.7,SGD,1,338214.87,4,1,1,1
ACCT100007392,CUST0005323,NRO,ACTIVE,2019-09-05,40329.81,AED,1,502239.2,4,2,1,1
ACCT100007393,CUST0003136,NRO,ACTIVE,2018-05-22,2112849.67,GBP,1,211271.38,4,1,1,1
ACCT100007394,CUST0003630,current,DORMANT,2017-03-31,282152.93,INR,1,22754.83,2,3,0,1
ACCT100007395,CUST0001025,SAVINGS,ACTIVE,2013-06-10,419555.77,INR,2,7464.7,1,2,1,1
ACCT100007396,CUST0007839,NRE,ACTIVE,2015-11-29,1055334.7,USD,1,25277.95,5,2,1,1
ACCT100007397,CUST0003299,NRE,ACTIVE,2021-03-29,262464.1,USD,1,4697027.4,5,3,0,1
ACCT100007398,CUST0000718,SALARY,ACTIVE,2014-03-13,231224.36,SGD,1,8673.17,2,1,1,1
ACCT100007399,CUST0004205,NRE,ACTIVE,2017-02-01,7837.65,AED,3,114061.46,5,2,0,1
ACCT100007400,CUST0007928, NRO ,ACTIVE,2017-03-19,157716.52,AED,1,22700.29,6,1,1,1
ACCT100007401,CUST0004213,CURRENT,ACTIVE,2020-01-18,20424.54,SGD,1,37057.15,2,4,1,1
ACCT100007402,CUST0006525,current,DORMANT,2016-09-26,46265.71,INR,2,19686.48,4,1,0,1
ACCT100007403,CUST0002228,NRO,ACTIVE,2020-03-22,103711.09,AED,1,55435.33,6,2,1,0
ACCT100007404,CUST0000586,CURRENT,ACTIVE,2021-04-04,7405.7,INR,2,24572.89,2,1,1,1
ACCT100007405,CUST0007555,NRE,ACTIVE,2017-08-04,763410.65,INR,1,637587.94,7,1,0,1
ACCT100007406,CUST0003646,NRE,DORMANT,2019-05-30,121392.77,SGD,1,171158.78,5,1,1,1
ACCT100007407,CUST0001948,CURRENT,ACTIVE,2017-02-10,251045.82,INR,2,13656.85,4,1,1,1
ACCT100007408,CUST0002826,SHELL,DORMANT,2018-11-15,151569.22,INR,1,173857.39,10,2,1,1
ACCT100007409,CUST0005290,NRE,ACTIVE,2017-04-27,9565.76,USD,2,172819.46,4,3,1,0
ACCT100007410,CUST0004890,SALARY,ACTIVE,2021-09-03,1801.8,USD,1,6131.06,1,1,1,1
ACCT100007411,CUST0006422,CURRENT,ACTIVE,2019-11-23,116926.22,INR,1,6117.51,3,1,0,1
ACCT100007412,CUST0000031,SAVINGS,ACTIVE,2014-08-20,7227.48,SGD,2,23379.39,1,1,1,1
ACCT100007413,CUST0001696,CURRENT,ACTIVE,2013-06-16,23833.48,USD,2,10947.93,1,1,0,1
ACCT100007414,CUST0005284,SAVINGS,ACTIVE,2016-09-27,36793.64,INR,1,22430.58,4,3,1,1
ACCT100007415,CUST0003271,NRO,BLOCKED,2021-11-03,55876.26,INR,2,48764.3,5,3,1,1
ACCT100007416,CUST0002120,NRE,ACTIVE,2017-11-04,85203.65,SGD,1,95925.25,7,2,1,1
ACCT100007417,CUST0000495,SAVINGS,ACTIVE,2012-09-15,21254.05,INR,2,67324.76,3,1,1,1
ACCT100007418,CUST0002845,SAVINGS,ACTIVE,2020-09-06,32288.1,USD,1,1598.82,4,1,1,1
ACCT100007419,CUST0007880,SAVINGS,ACTIVE,2015-03-23,4566.19,INR,1,2912.44,5,3,0,1
ACCT100007420,CUST0007110,CURRENT,ACTIVE,2020-06-01,97602.4,USD,1,44839.0,4,2,1,1
ACCT100007421,CUST0002805,CURRENT,DORMANT,2012-09-22,219052.26,USD,1,35303.43,5,1,0,1
ACCT100007422,CUST0003518,SAVINGS,ACTIVE,2013-03-24,26103.39,INR,2,43252.33,5,3,1,1
ACCT100007423,CUST0004215,SAVINGS,ACTIVE,2021-04-13,7305.22,INR,1,13167.21,2,4,1,1
ACCT100007424,CUST0005209,CURRENT,ACTIVE,2017-06-01,68408.56,USD,1,26760.82,4,2,1,1
ACCT100007425,CUST0004778,SALARY,ACTIVE,2017-04-27,149802.74,INR,1,6331.9,4,3,0,1
ACCT100007426,CUST0006840,SALARY,ACTIVE,2012-10-08,5026.91,INR,1,3025.43,4,1,1,1
ACCT100007427,CUST0006181,SALARY,ACTIVE,2020-09-19,7788.56,INR,2,10174.24,4,1,0,1
ACCT100007428,CUST0002396,CURRENT,ACTIVE,2015-06-14,16269.01,AED,1,12367.55,1,1,1,1
ACCT100007429,CUST0004256,TRUST,ACTIVE,2014-11-10,1082692.87,INR,1,543259.67,10,2,1,1
ACCT100007430,CUST0004259,NRE,ACTIVE,2018-02-04,347514.86,INR,2,1181060.88,5,3,1,0
ACCT100007431,CUST0006605,CURRENT,DORMANT,2015-06-28,231326.06,AED,1,43614.14,3,1,1,1
ACCT100007432,CUST0003979,CURRENT,ACTIVE,2016-11-26,91925.5,GBP,1,356345.09,5,2,0,1
ACCT100007433,CUST0001671,CURRENT,ACTIVE,2017-11-21,111432.18,AED,2,3951.78,5,3,0,1
ACCT100007434,CUST0005232,CURRENT,ACTIVE,2016-04-12,65446.67,INR,1,19352.52,1,1,1,1
ACCT100007435,CUST0007919, NRO ,ACTIVE,2019-03-20,75502.55,INR,1,132742.85,6,1,0,0
ACCT100007436,CUST0003447,CURRENT,ACTIVE,2018-12-31,19399.55,INR,1,14195.65,4,3,1,1
ACCT100007437,CUST0000632,SALARY,ACTIVE,2017-11-21,3329.62,INR,1,1645.53,5,1,0,1
ACCT100007438,CUST0000252,SAVINGS,ACTIVE,2019-12-14,4789.42,INR,3,13366.7,2,1,0,1
ACCT100007439,CUST0001418,SAVINGS,ACTIVE,2013-10-28,3551.87,SGD,2,12012.34,1,1,1,1
ACCT100007440,CUST0002907,TRUST,DORMANT,2017-01-10,70602.35,USD,1,420774.05,8,2,1,1
ACCT100007441,CUST0000070,SAVINGS,ACTIVE,2020-11-04,250828.96,USD,1,2799.14,3,1,1,1
ACCT100007442,CUST0007099,CURRENT,ACTIVE,2015-05-19,215853.41,INR,1,120342.75,2,5,1,1
ACCT100007443,CUST0000647,CURRENT,ACTIVE,2014-01-19,18743.81,INR,2,4222.9,5,5,1,1
ACCT100007444,CUST0004396,CURRENT,ACTIVE,2014-02-10,25611.45,INR,1,14333.69,5,1,1,1
ACCT100007445,CUST0000914,CURRENT,ACTIVE,2014-04-06,3917.07,INR,1,63033.43,4,2,1,1
ACCT100007446,CUST0000589,SHELL,ACTIVE,2016-10-05,230795.85,SGD,1,753434.14,7,1,1,1
ACCT100007447,CUST0007053,SALARY,ACTIVE,2014-10-05,54926.38,INR,1,3048.97,3,3,1,1
ACCT100007448,CUST0007950,CURRENT,BLOCKED,2016-02-01,28693.51,INR,1,98239.72,2,3,0,1
ACCT100007449,CUST0002938,CURRENT,ACTIVE,2016-04-18,104841.4,INR,1,23573.27,5,2,1,1
ACCT100007450,CUST0005520,nre,ACTIVE,2014-10-13,66771.48,SGD,2,85496.34,4,1,1,1
ACCT100007451,CUST0002578,SALARY,ACTIVE,2021-10-11,6412.98,USD,1,7743.75,4,1,1,1
ACCT100007452,CUST0003262,SALARY,ACTIVE,2020-02-18,29235.8,USD,3,1973.65,3,3,1,1
ACCT100007453,CUST0007856,SAVINGS,ACTIVE,2017-12-06,24357.39,GBP,2,21744.47,2,2,1,1
ACCT100007454,CUST0007276,SAVINGS,ACTIVE,2013-01-26,2631.84,INR,1,8183.55,5,1,1,1
ACCT100007455,CUST0004029,CURRENT,ACTIVE,2016-07-28,35187.49,INR,1,8274.0,4,3,1,1
ACCT100007456,CUST0000094,NRE,DORMANT,2017-03-14,16070.17,USD,1,269172.75,6,1,0,1
ACCT100007457,CUST0002573, SAVINGS ,DORMANT,2020-09-23,360082.98,INR,1,13114.04,5,2,1,1
ACCT100007458,CUST0007718,NRO,ACTIVE,2021-08-28,116615.24,INR,3,266041.79,7,1,1,1
ACCT100007459,CUST0003889,NRE,ACTIVE,2018-03-12,15568.55,USD,1,146254.93,6,4,1,1
ACCT100007460,CUST0001022,SAVINGS,ACTIVE,2012-09-05,103665.53,USD,1,2199.33,2,2,1,1
ACCT100007461,CUST0007319,CURRENT,ACTIVE,2021-03-04,14342.64,USD,1,533726.44,2,1,0,0
ACCT100007462,CUST0007926,SAVINGS,BLOCKED,2012-01-29,17809.16,USD,1,2995.87,1,3,0,1
ACCT100007463,CUST0003347,SAVINGS,DORMANT,2013-03-27,29225.8,INR,3,13905.79,3,4,0,1
ACCT100007464,CUST0003144,CURRENT,ACTIVE,2018-10-18,52417.65,AED,1,11730.05,4,5,1,1
ACCT100007465,CUST0000465,CURRENT,ACTIVE,2017-09-03,236557.69,INR,1,106446.4,1,2,1,1
ACCT100007466,CUST0004900,NRE,ACTIVE,2013-09-23,214198.07,INR,1,169281.99,6,1,0,0
ACCT100007467,CUST0001416,SAVINGS,ACTIVE,2020-02-07,21707.46,USD,1,5301.78,3,1,0,1
ACCT100007468,CUST0007993,NRE,ACTIVE,2019-11-23,66931.16,INR,1,889362.62,4,1,1,1
ACCT100007469,CUST0007010,CURRENT,CLOSED,2012-12-11,3868.72,USD,1,148054.61,2,1,0,1
ACCT100007470,CUST0002206,SALARY,ACTIVE,2015-04-28,6401.72,USD,3,10187.05,4,4,1,1
ACCT100007471,CUST0003078,NRO,ACTIVE,2017-08-02,27768.11,USD,1,73097.51,5,3,1,0
ACCT100007472,CUST0003048,SAVINGS,ACTIVE,2014-09-02,9727.46,INR,2,32061.24,5,2,0,1
ACCT100007473,CUST0004478,CURRENT,ACTIVE,2013-10-14,134936.15,INR,1,46692.96,2,1,1,1
ACCT100007474,CUST0004331,SALARY,ACTIVE,2021-08-02,2842.02,USD,1,3868.93,2,1,0,0
ACCT100007475,CUST0001006,SAVINGS,ACTIVE,2012-04-14,28659.03,INR,1,16685.22,2,2,0,1
ACCT100007476,CUST0005123,SAVINGS,ACTIVE,2021-07-04,9290.48,USD,1,51941.88,2,2,1,1
ACCT100007477,CUST0001176,SHELL,DORMANT,2013-06-09,278102.57,INR,2,820246.58,9,1,1,0
ACCT100007478,CUST0005212,CURRENT,DORMANT,2017-04-18,5113.64,USD,1,97760.0,3,1,0,1
ACCT100007479,CUST0006936,NRO,ACTIVE,2020-06-12,20396.82,SGD,1,271212.79,4,2,1,1
ACCT100007480,CUST0000524,SAVINGS,ACTIVE,2014-08-02,2652.24,INR,1,53047.67,3,2,1,1
ACCT100007481,CUST0007843,CURRENT,ACTIVE,2018-07-15,119965.04,INR,1,37163.92,5,5,1,1
ACCT100007482,CUST0005668,NRO,ACTIVE,2019-03-17,345086.09,INR,2,125296.61,4,3,1,1
ACCT100007483,CUST0004563,SAVINGS,DORMANT,2018-05-09,1534.97,USD,2,3431.43,5,1,1,1
ACCT100007484,CUST0001072,nre,ACTIVE,2012-08-19,24236.77,INR,1,48791.04,6,1,1,0
ACCT100007485,CUST0004595,SAVINGS,DORMANT,2019-05-12,100802.18,INR,2,11322.75,2,2,1,1
ACCT100007486,CUST0005632,SAVINGS,ACTIVE,2015-02-24,83546.76,INR,1,4893.54,5,1,1,1
ACCT100007487,CUST0006949,CURRENT,ACTIVE,2012-12-12,665778.26,AED,1,14957.22,5,3,0,1
ACCT100007488,CUST0006311,SAVINGS,ACTIVE,2017-11-18,187067.17,SGD,1,15030.33,5,1,1,1
ACCT100007489,CUST0000832,CURRENT,BLOCKED,2016-10-30,28766.3,AED,1,12417.95,2,3,1,0
ACCT100007490,CUST0006482,SALARY,ACTIVE,2020-10-29,41862.41,INR,1,3306.73,4,1,1,0
ACCT100007491,CUST0004483,SAVINGS,ACTIVE,2017-01-15,27895.12,GBP,3,6724.91,3,3,1,1
ACCT100007492,CUST0001353,SALARY,ACTIVE,2015-04-26,52004.09,USD,1,16557.08,2,2,1,1
ACCT100007493,CUST0004334,SALARY,BLOCKED,2019-08-04,8359.36,INR,1,1202.43,1,2,1,1
ACCT100007494,CUST0002995,SAVINGS,ACTIVE,2019-11-28,164240.53,INR,2,18650.74,2,1,0,0
ACCT100007495,CUST0000422,SAVINGS,ACTIVE,2013-10-04,1274.98,AED,2,9287.92,2,1,1,1
ACCT100007496,CUST0001686,SAVINGS,ACTIVE,2016-05-14,65915.99,INR,1,32445.1,5,4,1,1
ACCT100007497,CUST0000725,SALARY,CLOSED,2018-02-25,1589.26,USD,1,22556.48,4,2,0,1
ACCT100007498,CUST0002831,SAVINGS,ACTIVE,2020-03-21,20852.94,INR,1,94235.71,3,1,1,1
ACCT100007499,CUST0004086,SAVINGS,BLOCKED,2013-08-26,2110.02,INR,1,18142.73,3,3,0,0
ACCT100007500,CUST0000112,TRUST,DORMANT,2016-02-04,72552.2,INR,1,399129.03,8,2,1,0
ACCT100007501,CUST0001983,TRUST,ACTIVE,2019-07-27,61928.48,USD,1,97989.16,7,1,1,1
ACCT100007502,CUST0006219,CURRENT,ACTIVE,2013-06-09,25999.4,USD,1,33138.59,1,2,1,0
ACCT100007503,CUST0001115,NRE,ACTIVE,2014-11-13,468950.51,INR,1,233428.06,5,1,0,1
ACCT100007504,CUST0001149,SAVINGS,ACTIVE,2018-03-21,58626.52,INR,1,7992.66,5,2,0,1
ACCT100007505,CUST0002338,NRO,ACTIVE,2015-01-04,89892.07,INR,1,99716.28,4,2,1,0
ACCT100007506,CUST0001758,CURRENT,CLOSED,2020-07-07,363186.68,AED,1,141318.74,2,1,1,0
ACCT100007507,CUST0005047,NRE,ACTIVE,2012-03-18,53706.1,USD,1,56696.59,7,1,1,1
ACCT100007508,CUST0005156,SALARY,ACTIVE,2019-09-26,21049.18,USD,2,2649.6,1,2,1,1
ACCT100007509,CUST0006901,CURRENT,ACTIVE,2017-06-05,134803.72,INR,1,4418.93,3,3,1,0
ACCT100007510,CUST0002822,SAVINGS,ACTIVE,2016-09-02,20052.92,AED,1,46031.31,4,1,1,1
ACCT100007511,CUST0000524,SALARY,ACTIVE,2018-12-11,44117.0,AED,1,7870.53,3,2,0,1
ACCT100007512,CUST0006414,SAVINGS,ACTIVE,2013-10-16,1591.25,INR,2,3838.07,3,2,1,0
ACCT100007513,CUST0007780,TRUST,ACTIVE,2012-04-03,111207.5,INR,2,1346148.17,7,5,1,1
ACCT100007514,CUST0003769,CURRENT,ACTIVE,2012-04-04,11017.86,USD,1,9273.96,4,1,0,1
ACCT100007515,CUST0001942,SAVINGS,ACTIVE,2020-12-09,32031.02,USD,1,10800.15,5,1,0,0
ACCT100007516,CUST0003407,SAVINGS,ACTIVE,2014-11-19,26532.88,AED,1,65717.34,3,3,1,1
ACCT100007517,CUST0000864,SAVINGS,ACTIVE,2012-12-10,11462.99,USD,2,10211.57,3,2,1,1
ACCT100007518,CUST0006591,SALARY,ACTIVE,2018-09-13,12199.5,INR,1,2717.31,3,1,0,1
ACCT100007519,CUST0000427,SHELL,ACTIVE,2017-06-19,281281.28,INR,3,85422.9,7,1,1,1
ACCT100007520,CUST0001374,current,ACTIVE,2018-06-29,416084.29,INR,2,22574.99,2,3,1,1
ACCT100007521,CUST0006388,SALARY,ACTIVE,2020-12-17,5517.38,INR,1,6158.64,4,4,1,1
ACCT100007522,CUST0005975,CURRENT,CLOSED,2019-02-01,81866.31,INR,1,8808.27,4,1,1,1
ACCT100007523,CUST0001552,CURRENT,ACTIVE,2018-01-06,5117.05,INR,1,133706.14,4,2,1,1
ACCT100007524,CUST0006439,CURRENT,ACTIVE,2014-12-05,399565.24,USD,1,130887.47,3,2,1,1
ACCT100007525,CUST0001292,NRO,ACTIVE,2012-12-12,100394.71,USD,1,620869.95,6,1,0,1
ACCT100007526,CUST0006100,NRE,ACTIVE,2012-05-01,101027.75,INR,1,18448.99,7,1,0,1
ACCT100007527,CUST0004206,NRO,DORMANT,2019-09-27,288253.0,AED,1,17974.03,5,2,1,1
ACCT100007528,CUST0002529,SAVINGS,ACTIVE,2012-11-23,20554.19,INR,1,1624.12,1,2,1,0
ACCT100007529,CUST0003214,CURRENT,ACTIVE,2018-04-30,67927.29,INR,1,44297.51,5,3,1,1
ACCT100007530,CUST0002271,SAVINGS,ACTIVE,2018-05-08,32892.21,INR,3,8511.47,5,3,1,1
ACCT100007531,CUST0006565,SAVINGS,ACTIVE,2015-09-17,9978.8,USD,2,694.77,2,5,0,1
ACCT100007532,CUST0005044,NRO,CLOSED,2020-12-25,85893.17,USD,1,412345.93,7,1,1,1
ACCT100007533,CUST0007346,NRO,DORMANT,2017-08-12,32601.01,INR,1,45574.96,5,2,1,1
ACCT100007534,CUST0001374,SALARY,ACTIVE,2012-02-20,117177.83,INR,1,1600.24,4,1,0,1
ACCT100007535,CUST0006073,savings,ACTIVE,2019-12-23,3275.77,AED,3,55239.88,2,5,1,0
ACCT100007536,CUST0007194,SHELL,DORMANT,2013-05-17,94232.31,INR,2,775607.67,8,3,0,1
ACCT100007537,CUST0002853,SAVINGS,ACTIVE,2014-11-16,3947.17,INR,1,103464.89,3,2,0,1
ACCT100007538,CUST0000402,NRE,ACTIVE,2016-06-07,1175479.96,INR,2,216651.32,6,1,1,0
ACCT100007539,CUST0007075,CURRENT,ACTIVE,2015-07-13,41193.22,INR,1,51174.59,2,1,1,0
ACCT100007540,CUST0007408,CURRENT,ACTIVE,2019-11-01,33730.75,AED,2,10291.49,3,4,1,0
ACCT100007541,CUST0006026, NRE ,ACTIVE,2016-11-06,103657.58,GBP,3,71016.46,5,1,1,0
ACCT100007542,CUST0006258,SAVINGS,ACTIVE,2015-04-04,21412.28,SGD,1,23224.09,2,3,1,1
ACCT100007543,CUST0000658,CURRENT,ACTIVE,2015-01-15,33500.26,INR,1,207346.99,5,3,1,1
ACCT100007544,CUST0000641,CURRENT,BLOCKED,2020-02-16,9814.09,USD,1,8280.09,5,1,1,1
ACCT100007545,CUST0000429,SAVINGS,ACTIVE,2018-05-18,13954.86,INR,3,1643.72,2,1,1,1
ACCT100007546,CUST0000771,TRUST,CLOSED,2012-02-08,326173.18,INR,2,58354.56,7,1,0,1
ACCT100007547,CUST0002861,CURRENT,ACTIVE,2019-05-09,10379.39,INR,1,222376.91,3,1,1,0
ACCT100007548,CUST0007714,CURRENT,ACTIVE,2021-07-01,11546.23,INR,1,14575.04,2,1,0,1
ACCT100007549,CUST0004842,SALARY,ACTIVE,2019-07-30,8217.62,INR,2,10765.78,5,2,1,1
ACCT100007550,CUST0006726,SALARY,ACTIVE,2017-12-30,11625.66,INR,1,47371.76,4,1,0,0
ACCT100007551,CUST0007642,SAVINGS,ACTIVE,2020-01-02,868.79,GBP,1,20421.64,2,2,1,0
ACCT100007552,CUST0000662,CURRENT,DORMANT,2018-08-17,20329.25,INR,1,47018.47,5,3,1,1
ACCT100007553,CUST0005588,SAVINGS,ACTIVE,2017-01-01,734.82,USD,1,3974.43,1,1,1,1
ACCT100007554,CUST0000605,SHELL,DORMANT,2019-07-19,2633441.63,USD,1,2307566.05,10,3,1,1
ACCT100007555,CUST0004968,SAVINGS,ACTIVE,2020-05-31,35781.26,INR,1,11355.15,2,1,1,1
ACCT100007556,CUST0000347,CURRENT,ACTIVE,2015-11-06,18422.79,USD,1,35667.86,4,2,1,1
ACCT100007557,CUST0005079,CURRENT,ACTIVE,2021-02-17,61715.71,USD,1,151217.16,4,4,1,1
ACCT100007558,CUST0007746,NRE,ACTIVE,2013-02-14,39334.14,INR,1,147833.65,5,1,0,1
ACCT100007559,CUST0007947,SAVINGS,ACTIVE,2018-10-24,30039.11,GBP,1,43812.46,5,3,1,0
ACCT100007560,CUST0002833,CURRENT,ACTIVE,2016-07-07,24244.33,INR,2,11707.65,5,3,1,1
ACCT100007561,CUST0004716,SALARY,CLOSED,2017-06-17,200594.74,AED,1,1549.99,4,1,0,1
ACCT100007562,CUST0007205,SHELL,ACTIVE,2018-10-03,429517.98,INR,2,70230.01,7,1,1,1
ACCT100007563,CUST0006645,SHELL,ACTIVE,2012-09-19,389610.87,AED,2,717778.57,10,3,0,1
ACCT100007564,CUST0006886,SAVINGS,ACTIVE,2017-11-18,12104.03,INR,1,2259.07,1,3,0,1
ACCT100007565,CUST0005523, SAVINGS ,ACTIVE,2015-09-02,4027.13,USD,3,4016.97,2,2,1,1
ACCT100007566,CUST0006048,CURRENT,ACTIVE,2019-09-30,2884.3,INR,1,1048.89,3,1,1,1
ACCT100007567,CUST0006610,SAVINGS,ACTIVE,2019-10-11,4797.8,USD,1,3872.88,4,1,1,1
ACCT100007568,CUST0000484,CURRENT,ACTIVE,2021-05-25,191250.4,SGD,1,20045.38,3,3,1,0
ACCT100007569,CUST0000907,TRUST,ACTIVE,2020-08-01,55826.27,INR,1,30610.73,10,1,1,1
ACCT100007570,CUST0005464,NRE,ACTIVE,2018-09-26,56857.17,INR,1,32461.98,5,1,1,1
ACCT100007571,CUST0001358,SAVINGS,DORMANT,2017-01-06,13137.72,GBP,1,48029.01,4,1,0,0
ACCT100007572,CUST0007409,SAVINGS,ACTIVE,2021-10-05,174460.3,GBP,1,2908.17,2,2,0,1
ACCT100007573,CUST0002187,CURRENT,ACTIVE,2021-11-05,444296.89,INR,1,468884.02,3,1,1,1
ACCT100007574,CUST0007911,SAVINGS,ACTIVE,2015-06-30,15660.96,INR,1,1812.69,3,1,1,1
ACCT100007575,CUST0006686,current,BLOCKED,2019-10-15,47391.99,GBP,1,180531.87,4,1,1,1
ACCT100007576,CUST0004736,SALARY,BLOCKED,2015-01-04,170.34,USD,1,18403.29,4,3,1,1
ACCT100007577,CUST0004643,CURRENT,ACTIVE,2018-06-30,16640.13,INR,2,828507.76,5,2,1,1
ACCT100007578,CUST0005533,CURRENT,ACTIVE,2019-05-07,145142.78,USD,1,44003.37,4,2,1,1
ACCT100007579,CUST0003538,SAVINGS,ACTIVE,2020-04-03,21724.27,USD,2,432.43,5,2,1,1
ACCT100007580,CUST0005859,nro,ACTIVE,2012-11-12,277273.55,USD,2,1312997.38,4,3,1,0
ACCT100007581,CUST0007003,NRE,BLOCKED,2013-05-31,266367.18,INR,2,141883.16,4,2,1,1
ACCT100007582,CUST0002867,CURRENT,ACTIVE,2015-08-08,57744.89,GBP,1,33359.63,3,4,1,1
ACCT100007583,CUST0004357,SALARY,ACTIVE,2021-03-19,2912.46,GBP,1,22970.97,3,3,0,1
ACCT100007584,CUST0007237,CURRENT,ACTIVE,2013-11-08,79835.28,INR,2,347131.41,4,2,1,1
ACCT100007585,CUST0007667,SAVINGS,ACTIVE,2020-08-18,180344.55,INR,1,29982.86,3,2,1,1
ACCT100007586,CUST0005335,SAVINGS,DORMANT,2013-10-16,1664.39,INR,1,9652.69,1,1,1,1
ACCT100007587,CUST0007446,CURRENT,ACTIVE,2016-07-30,27688.52,INR,2,118734.68,1,4,1,1
ACCT100007588,CUST0005404,CURRENT,ACTIVE,2017-02-19,10751.56,INR,1,13699.98,5,1,1,0
ACCT100007589,CUST0000388,CURRENT,ACTIVE,2017-03-25,593584.74,INR,1,10074.38,1,1,1,1
ACCT100007590,CUST0007726,NRE,ACTIVE,2017-10-27,233175.15,INR,1,262061.68,5,3,1,1
ACCT100007591,CUST0000673,savings,ACTIVE,2016-07-27,7106.43,USD,2,238996.26,1,1,1,0
ACCT100007592,CUST0003419,TRUST,ACTIVE,2021-06-04,248150.2,INR,1,229836.26,8,1,1,1
ACCT100007593,CUST0000122,NRE,ACTIVE,2013-11-12,1074286.81,INR,1,278627.0,4,1,1,0
ACCT100007594,CUST0007319,NRO,ACTIVE,2012-11-02,102598.6,INR,1,9082.64,5,3,0,1
ACCT100007595,CUST0005670,SALARY,ACTIVE,2013-11-12,34197.9,INR,1,22953.13,5,2,1,1
ACCT100007596,CUST0007349,SAVINGS,ACTIVE,2013-11-13,20139.53,USD,3,5355.21,2,1,1,1
ACCT100007597,CUST0002751,CURRENT,DORMANT,2020-03-16,1143438.55,USD,1,15020.21,3,1,0,1
ACCT100007598,CUST0000260,CURRENT,ACTIVE,2017-02-26,1228232.5,AED,1,27080.3,1,1,1,1
ACCT100007599,CUST0000933,savings,ACTIVE,2020-05-01,102844.42,AED,2,38518.72,2,1,0,1
ACCT100007600,CUST0002934,SHELL,DORMANT,2015-01-13,159678.02,USD,1,2066196.27,8,1,1,0
ACCT100007601,CUST0004981,CURRENT,ACTIVE,2018-04-02,12970.45,AED,1,20309.57,1,4,1,1
ACCT100007602,CUST0002653,SAVINGS,ACTIVE,2020-12-28,15547.95,INR,1,1438.28,4,1,1,0
ACCT100007603,CUST0001409,CURRENT,ACTIVE,2017-09-12,61150.21,INR,1,8914.56,5,2,0,1
ACCT100007604,CUST0005994,SAVINGS,ACTIVE,2018-04-24,20004.49,INR,1,41487.95,5,3,1,1
ACCT100007605,CUST0002499,NRE,ACTIVE,2017-09-12,208318.81,INR,1,244083.92,5,4,1,1
ACCT100007606,CUST0002180,SAVINGS,ACTIVE,2013-07-06,96944.15,INR,1,24232.05,5,1,1,1
ACCT100007607,CUST0005294,SAVINGS,ACTIVE,2014-01-07,51753.39,INR,2,2677.29,5,2,1,1
ACCT100007608,CUST0001031,NRE,ACTIVE,2017-02-24,83126.93,INR,1,111345.22,4,1,0,1
ACCT100007609,CUST0005693,SAVINGS,ACTIVE,2020-07-01,29587.81,AED,2,29034.14,3,5,1,0
ACCT100007610,CUST0006913,SALARY,ACTIVE,2019-08-03,223402.85,INR,2,76752.3,4,1,0,1
ACCT100007611,CUST0002781,SALARY,ACTIVE,2021-03-16,165825.28,USD,1,3617.57,3,1,1,1
ACCT100007612,CUST0003129,SHELL,DORMANT,2016-04-16,552234.13,USD,3,1069526.66,7,2,1,0
ACCT100007613,CUST0002061,savings,ACTIVE,2018-05-23,17656.34,INR,1,9998.06,3,1,1,1
ACCT100007614,CUST0007927,SAVINGS,ACTIVE,2021-04-23,6285.59,SGD,1,9847.19,2,1,1,1
ACCT100007615,CUST0002138,SAVINGS,ACTIVE,2019-12-01,2922.74,INR,1,46257.48,4,1,1,1
ACCT100007616,CUST0002200,SAVINGS,ACTIVE,2020-05-06,13216.37,USD,1,28231.69,5,1,1,1
ACCT100007617,CUST0007196,CURRENT,ACTIVE,2017-04-12,3166.71,USD,1,57454.1,3,1,1,1
ACCT100007618,CUST0000692,SALARY,ACTIVE,2021-05-16,2373.03,USD,1,10076.19,5,1,1,1
ACCT100007619,CUST0000838,SALARY,ACTIVE,2014-09-29,5401.75,USD,2,24328.55,2,2,1,0
ACCT100007620,CUST0005093,NRE,ACTIVE,2014-10-21,353011.65,AED,1,67252.03,7,2,1,1
ACCT100007621,CUST0003099,CURRENT,ACTIVE,2016-08-15,169783.38,SGD,3,64011.75,1,1,1,1
ACCT100007622,CUST0001467,NRE,ACTIVE,2020-12-18,425809.82,INR,1,142264.43,6,2,1,0
ACCT100007623,CUST0005221,SAVINGS,BLOCKED,2021-06-01,21790.54,AED,1,8830.5,4,3,0,1
ACCT100007624,CUST0000438,SALARY,BLOCKED,2014-02-14,7310.62,INR,2,25017.26,4,3,1,1
ACCT100007625,CUST0000415,NRE,ACTIVE,2017-07-09,238730.14,INR,2,106403.13,5,2,1,0
ACCT100007626,CUST0006572,SALARY,BLOCKED,2013-06-29,8415.49,INR,1,20154.38,1,1,1,1
ACCT100007627,CUST0003576, SALARY ,BLOCKED,2020-11-04,129950.02,AED,3,3105.25,4,1,0,1
ACCT100007628,CUST0002804,SAVINGS,ACTIVE,2013-10-22,4330.52,GBP,2,18333.48,4,1,0,1
ACCT100007629,CUST0002900,CURRENT,ACTIVE,2020-07-29,53343.97,INR,2,12475.59,4,2,1,1
ACCT100007630,CUST0004693,NRO,ACTIVE,2012-05-26,1003274.31,SGD,1,391871.75,6,1,1,1
ACCT100007631,CUST0003677,CURRENT,ACTIVE,2016-12-26,3512.48,INR,1,219001.9,2,1,0,1
ACCT100007632,CUST0003864,NRO,ACTIVE,2018-05-11,7527.03,AED,1,186810.53,7,3,0,0
ACCT100007633,CUST0000232,SHELL,ACTIVE,2019-09-08,402841.74,USD,3,756609.91,8,1,1,1
ACCT100007634,CUST0003396,SAVINGS,CLOSED,2016-04-17,260022.61,INR,2,1658.61,5,1,1,1
ACCT100007635,CUST0000909,savings,ACTIVE,2019-01-15,17226.17,INR,1,31281.47,2,2,1,1
ACCT100007636,CUST0000164,CURRENT,ACTIVE,2021-09-30,4453.13,INR,2,166354.77,2,1,1,1
ACCT100007637,CUST0006064,SALARY,ACTIVE,2013-10-03,23505.46,INR,1,6136.62,3,1,1,1
ACCT100007638,CUST0003373,NRE,ACTIVE,2016-02-03,389317.23,AED,1,20513.95,4,1,0,1
ACCT100007639,CUST0005117,SAVINGS,ACTIVE,2019-06-27,17812.01,SGD,1,11271.61,5,2,1,1
ACCT100007640,CUST0006904,NRE,ACTIVE,2019-03-12,33744.64,USD,1,1242525.07,5,1,1,1
ACCT100007641,CUST0002698,SAVINGS,ACTIVE,2018-02-01,1653.12,INR,3,31199.39,5,1,0,1
ACCT100007642,CUST0002709,SAVINGS,ACTIVE,2015-11-14,10779.76,INR,1,16720.03,4,3,0,1
ACCT100007643,CUST0002546,SALARY,ACTIVE,2012-12-01,30706.34,INR,1,33107.24,4,1,1,1
ACCT100007644,CUST0006765,SAVINGS,ACTIVE,2013-01-22,24083.58,INR,1,89716.35,4,4,1,0
ACCT100007645,CUST0007280,SAVINGS,DORMANT,2017-02-02,54342.52,INR,1,19090.88,1,1,1,0
ACCT100007646,CUST0003920,SALARY,ACTIVE,2017-03-24,14049.53,INR,1,15702.54,5,3,0,1
ACCT100007647,CUST0000502,salary,ACTIVE,2020-06-26,7498.2,INR,2,39633.14,1,1,1,1
ACCT100007648,CUST0001779,NRO,ACTIVE,2012-02-14,539256.06,GBP,2,20292.66,4,1,1,1
ACCT100007649,CUST0006325,TRUST,DORMANT,2021-02-14,294486.87,USD,1,75864.24,10,1,1,1
ACCT100007650,CUST0007919,CURRENT,ACTIVE,2018-12-16,18714.43,INR,1,80435.51,5,1,1,1
ACCT100007651,CUST0004831,SALARY,ACTIVE,2014-11-18,420.8,AED,2,2817.86,1,2,1,1
ACCT100007652,CUST0002744,NRE,BLOCKED,2017-07-13,51547.26,USD,3,214688.81,5,2,1,1
ACCT100007653,CUST0006011,TRUST,DORMANT,2012-12-14,304727.67,AED,1,106252.37,7,2,1,1
ACCT100007654,CUST0007246,SAVINGS,ACTIVE,2021-06-16,1630.58,SGD,1,3355.7,5,1,1,1
ACCT100007655,CUST0000765,SAVINGS,ACTIVE,2019-07-12,18107.38,INR,2,11002.3,3,2,1,1
ACCT100007656,CUST0000703,CURRENT,DORMANT,2021-11-14,555618.77,USD,3,26683.26,2,2,1,1
ACCT100007657,CUST0007442, SAVINGS ,ACTIVE,2018-01-05,4592.38,USD,1,11932.92,3,1,0,1
ACCT100007658,CUST0000381,CURRENT,ACTIVE,2015-06-21,27684.64,AED,2,58071.85,3,1,1,1
ACCT100007659,CUST0002767,SALARY,ACTIVE,2018-09-08,39569.64,SGD,1,7569.09,3,3,1,1
ACCT100007660,CUST0003265,NRE,ACTIVE,2019-07-25,292596.29,INR,1,130149.05,7,1,0,1
ACCT100007661,CUST0001441,NRE,ACTIVE,2012-02-02,30809.63,INR,1,42335.24,5,1,0,1
ACCT100007662,CUST0004593,SHELL,DORMANT,2016-06-01,664714.98,SGD,1,155623.3,10,2,1,1
ACCT100007663,CUST0007456,NRO,CLOSED,2012-06-30,301576.4,AED,2,23307.69,4,1,1,0
ACCT100007664,CUST0003787,CURRENT,ACTIVE,2014-01-01,11310.81,INR,1,29402.95,2,3,0,1
ACCT100007665,CUST0004198,SAVINGS,ACTIVE,2016-07-04,16942.05,USD,1,98125.09,3,3,0,1
ACCT100007666,CUST0000720,CURRENT,ACTIVE,2014-02-06,9002.5,INR,3,23830.34,5,1,1,1
ACCT100007667,CUST0006007,SAVINGS,BLOCKED,2018-02-19,10991.16,AED,1,18036.43,3,2,1,1
ACCT100007668,CUST0000118,SALARY,ACTIVE,2015-12-06,1688.11,USD,2,51891.77,5,2,0,1
ACCT100007669,CUST0004484,savings,ACTIVE,2019-10-26,2729.23,AED,1,10026.39,1,1,1,1
ACCT100007670,CUST0002738,SAVINGS,ACTIVE,2017-11-09,152549.02,USD,1,4577.71,1,3,1,0
ACCT100007671,CUST0004093,NRE,ACTIVE,2020-12-14,103400.01,SGD,2,89522.73,5,1,1,1
ACCT100007672,CUST0004472,CURRENT,ACTIVE,2017-10-15,1058101.61,USD,1,15684.96,2,2,1,1
ACCT100007673,CUST0002446,CURRENT,ACTIVE,2012-07-09,22057.64,USD,2,102564.99,3,2,1,0
ACCT100007674,CUST0007401,NRE,ACTIVE,2018-11-29,288652.08,INR,1,81510.7,6,5,0,1
ACCT100007675,CUST0001315, CURRENT ,ACTIVE,2013-02-12,183728.57,INR,3,54757.02,3,2,1,1
ACCT100007676,CUST0007541,CURRENT,ACTIVE,2016-01-11,79989.83,GBP,1,49792.0,3,1,1,1
ACCT100007677,CUST0004782,CURRENT,ACTIVE,2013-02-20,18159.34,AED,1,11058.54,1,4,1,1
ACCT100007678,CUST0006920,CURRENT,ACTIVE,2019-11-18,120147.66,SGD,1,42203.99,1,1,1,1
ACCT100007679,CUST0002158,SAVINGS,ACTIVE,2013-11-24,1137.58,INR,2,8661.49,5,3,1,1
ACCT100007680,CUST0003952,CURRENT,ACTIVE,2013-05-09,49800.46,SGD,1,47785.61,5,2,1,1
ACCT100007681,CUST0000807,CURRENT,ACTIVE,2014-05-18,154047.91,INR,1,23393.19,2,1,1,1
ACCT100007682,CUST0005424,NRO,ACTIVE,2021-01-15,61295.43,USD,1,108913.05,4,4,1,1
ACCT100007683,CUST0001525,SAVINGS,CLOSED,2021-03-15,758.14,INR,1,4964.25,3,3,1,1
ACCT100007684,CUST0006370,CURRENT,ACTIVE,2020-08-12,34132.19,INR,1,19934.63,2,2,1,1
ACCT100007685,CUST0004854,SHELL,ACTIVE,2018-10-11,2136792.22,SGD,2,1602626.19,9,2,0,0
ACCT100007686,CUST0006587,SAVINGS,ACTIVE,2012-04-06,1114.46,INR,1,52552.01,4,3,1,1
ACCT100007687,CUST0005999,SALARY,ACTIVE,2018-03-17,13406.2,AED,3,10333.08,2,1,1,1
ACCT100007688,CUST0006401,SAVINGS,ACTIVE,2017-03-28,16083.03,INR,3,1379.72,4,1,1,0
ACCT100007689,CUST0001695,NRO,ACTIVE,2021-06-17,127919.22,INR,1,104259.99,7,3,1,1
ACCT100007690,CUST0006192,SAVINGS,ACTIVE,2017-01-05,3822.94,AED,1,6372.58,1,1,1,1
ACCT100007691,CUST0007198,NRE,ACTIVE,2019-05-03,2051673.47,INR,1,73602.19,4,3,1,1
ACCT100007692,CUST0003687,NRO,ACTIVE,2012-04-21,121720.87,INR,1,45537.4,5,1,1,1
ACCT100007693,CUST0006160,savings,ACTIVE,2013-12-05,33817.39,INR,1,45022.09,3,2,1,1
ACCT100007694,CUST0007721,savings,ACTIVE,2017-12-18,28431.84,INR,1,7356.34,1,1,0,1
ACCT100007695,CUST0004351,NRE,ACTIVE,2013-11-08,48395.84,SGD,1,61028.65,4,3,1,0
ACCT100007696,CUST0006094,SAVINGS,ACTIVE,2019-10-30,130809.25,SGD,1,2263.67,2,1,1,1
ACCT100007697,CUST0007893,SAVINGS,ACTIVE,2019-08-27,221.97,INR,1,50608.17,5,5,0,1
ACCT100007698,CUST0000792,SAVINGS,ACTIVE,2013-12-27,19806.38,INR,1,12609.43,3,1,1,1
ACCT100007699,CUST0000235,SAVINGS,ACTIVE,2018-03-23,67127.64,INR,3,9835.59,4,3,1,0
ACCT100007700,CUST0005697,salary,ACTIVE,2017-09-25,14784.17,USD,1,11303.02,2,1,1,1
ACCT100007701,CUST0006500,CURRENT,ACTIVE,2015-05-26,103713.07,INR,2,318748.36,4,1,1,1
ACCT100007702,CUST0001138,NRE,ACTIVE,2015-05-12,69322.45,AED,1,142945.96,4,1,1,1
ACCT100007703,CUST0004619,SAVINGS,ACTIVE,2012-09-23,18371.6,INR,1,62636.76,3,3,0,1
ACCT100007704,CUST0007769,CURRENT,ACTIVE,2013-12-02,66695.69,INR,1,45381.24,2,1,0,1
ACCT100007705,CUST0003021,SAVINGS,ACTIVE,2020-03-23,5735.83,INR,2,3709.78,3,1,1,1
ACCT100007706,CUST0005712,CURRENT,ACTIVE,2014-07-08,416435.14,INR,1,4266.11,3,2,0,1
ACCT100007707,CUST0002269,CURRENT,ACTIVE,2012-12-08,648227.51,AED,1,88673.4,2,1,1,1
ACCT100007708,CUST0004371,NRO,ACTIVE,2015-05-04,108090.35,USD,1,116936.51,6,1,1,1
ACCT100007709,CUST0006378,TRUST,ACTIVE,2015-04-14,154897.04,INR,1,96463.61,7,4,1,1
ACCT100007710,CUST0005071,NRO,CLOSED,2021-04-08,103266.83,AED,1,242848.32,6,1,0,1
ACCT100007711,CUST0000019,TRUST,DORMANT,2016-07-21,650011.06,INR,1,224338.76,8,2,1,1
ACCT100007712,CUST0005791,SAVINGS,ACTIVE,2019-04-01,19717.09,GBP,2,3668.97,5,1,1,0
ACCT100007713,CUST0004364,NRE,ACTIVE,2018-03-22,401541.3,INR,1,136655.76,5,3,1,1
ACCT100007714,CUST0007713,SAVINGS,ACTIVE,2020-02-26,26305.68,INR,1,51681.64,1,3,0,1
ACCT100007715,CUST0004678,SALARY,ACTIVE,2012-05-04,12608.86,GBP,3,12559.76,5,1,1,1
ACCT100007716,CUST0003174,SAVINGS,ACTIVE,2021-02-27,1763.82,INR,1,1538.38,3,3,1,1
ACCT100007717,CUST0000298,NRE,DORMANT,2017-03-28,3055929.07,AED,1,199674.27,6,1,1,1
ACCT100007718,CUST0004346,SAVINGS,ACTIVE,2017-10-14,4054.81,USD,2,77535.55,3,1,1,1
ACCT100007719,CUST0004019,CURRENT,ACTIVE,2021-06-17,36371.45,AED,1,52501.39,4,1,1,1
ACCT100007720,CUST0007224,CURRENT,ACTIVE,2013-10-18,9037.06,AED,1,358236.4,1,2,0,1
ACCT100007721,CUST0000821,SAVINGS,ACTIVE,2018-11-23,24034.34,USD,1,12267.7,3,3,1,1
ACCT100007722,CUST0000983,CURRENT,ACTIVE,2014-07-02,857733.72,INR,1,148127.6,3,2,1,0
ACCT100007723,CUST0007376,NRO,ACTIVE,2013-10-09,114311.59,INR,3,181014.67,4,2,1,1
ACCT100007724,CUST0003882,SALARY,ACTIVE,2017-03-05,2338.15,USD,1,16684.68,4,3,1,1
ACCT100007725,CUST0003769,SALARY,ACTIVE,2016-07-05,40852.68,INR,1,71319.46,5,4,1,1
ACCT100007726,CUST0003876,SHELL,ACTIVE,2017-01-11,4061574.63,GBP,1,289360.51,10,2,1,1
ACCT100007727,CUST0006545,CURRENT,ACTIVE,2020-02-01,19294.65,INR,2,21345.24,2,1,0,1
ACCT100007728,CUST0004242,NRO,ACTIVE,2014-07-26,552413.25,USD,1,3042.02,4,1,0,1
ACCT100007729,CUST0007172,SALARY,ACTIVE,2015-12-03,23299.47,USD,1,1703.57,5,3,0,1
ACCT100007730,CUST0005469,NRE,ACTIVE,2015-08-30,1242529.33,INR,2,294385.86,7,2,1,1
ACCT100007731,CUST0006395,CURRENT,ACTIVE,2015-08-17,30678.45,GBP,1,24939.19,3,2,1,1
ACCT100007732,CUST0000435,SALARY,ACTIVE,2013-09-21,139154.79,USD,1,4485.77,2,2,1,1
ACCT100007733,CUST0002452,NRE,ACTIVE,2015-03-05,391259.8,USD,1,73208.48,6,4,1,0
ACCT100007734,CUST0000451,SALARY,DORMANT,2015-09-14,32196.98,INR,1,60687.04,2,2,1,1
ACCT100007735,CUST0005352,SALARY,ACTIVE,2014-12-19,3815.49,INR,3,689.07,2,1,1,1
ACCT100007736,CUST0002617,CURRENT,ACTIVE,2018-08-11,34774.05,INR,2,16894.82,1,2,1,1
ACCT100007737,CUST0005518,SAVINGS,ACTIVE,2019-03-09,51293.32,USD,1,2798.6,1,2,1,1
ACCT100007738,CUST0005852,SALARY,ACTIVE,2012-11-26,21222.87,INR,1,4276.94,5,5,0,1
ACCT100007739,CUST0004976,SALARY,ACTIVE,2021-04-16,25260.96,INR,1,9292.58,1,3,1,1
ACCT100007740,CUST0003884,CURRENT,ACTIVE,2015-05-07,771184.82,USD,2,8834.18,4,1,1,1
ACCT100007741,CUST0005226,CURRENT,ACTIVE,2016-07-28,9063.42,SGD,1,14939.41,4,2,1,1
ACCT100007742,CUST0001817,SALARY,ACTIVE,2018-03-08,14080.89,USD,2,7106.02,1,3,1,1
ACCT100007743,CUST0003648,SALARY,ACTIVE,2012-01-16,4996.88,AED,2,2642.29,5,1,1,1
ACCT100007744,CUST0000895,CURRENT,ACTIVE,2016-02-06,23927.54,AED,1,9811.16,4,1,0,1
ACCT100007745,CUST0005506,CURRENT,ACTIVE,2017-07-19,152848.05,INR,3,120275.3,5,4,1,1
ACCT100007746,CUST0002982,TRUST,DORMANT,2018-10-19,8243.72,GBP,1,242792.99,7,1,1,1
ACCT100007747,CUST0000846,SHELL,DORMANT,2020-10-11,41557.54,INR,2,192435.83,10,5,1,1
ACCT100007748,CUST0002054,CURRENT,ACTIVE,2017-03-15,49582.31,AED,1,225103.31,4,2,1,1
ACCT100007749,CUST0001840,TRUST,DORMANT,2016-08-18,596196.89,INR,1,705589.69,7,2,1,1
ACCT100007750,CUST0000600,SALARY,ACTIVE,2019-05-14,1707.76,INR,2,21799.64,4,1,0,1
ACCT100007751,CUST0007908,SAVINGS,ACTIVE,2013-05-28,6123.92,USD,2,16434.03,2,1,1,1
ACCT100007752,CUST0006225,SAVINGS,ACTIVE,2016-01-27,10740.14,GBP,1,11362.2,5,2,0,1
ACCT100007753,CUST0004124,SAVINGS,ACTIVE,2021-01-31,119447.5,USD,1,114605.81,5,1,1,1
ACCT100007754,CUST0004974,NRE,ACTIVE,2018-07-24,315653.21,INR,2,242327.71,6,2,1,1
ACCT100007755,CUST0003965,salary,ACTIVE,2014-02-10,8901.35,AED,1,2352.69,4,5,0,1
ACCT100007756,CUST0000450,NRE,ACTIVE,2014-05-24,84604.44,INR,1,29219.62,7,1,0,1
ACCT100007757,CUST0002303,CURRENT,ACTIVE,2015-10-09,121387.22,SGD,1,17547.96,4,1,0,1
ACCT100007758,CUST0007079,salary,ACTIVE,2012-02-25,2722.26,INR,1,37229.6,1,1,0,0
ACCT100007759,CUST0007893,SAVINGS,ACTIVE,2019-09-06,14263.83,INR,2,12641.22,3,1,0,1
ACCT100007760,CUST0003753,SAVINGS,ACTIVE,2016-05-12,18944.16,INR,2,12149.62,2,2,1,1
ACCT100007761,CUST0000756,CURRENT,ACTIVE,2015-09-11,36994.3,INR,1,28395.86,2,2,1,1
ACCT100007762,CUST0005507,NRE,ACTIVE,2018-06-20,278021.88,INR,1,446146.6,5,2,1,1
ACCT100007763,CUST0000505,SALARY,ACTIVE,2014-09-17,4414.21,INR,1,8143.88,2,3,1,1
ACCT100007764,CUST0001607, SALARY ,ACTIVE,2015-09-16,70307.36,AED,1,17071.31,3,2,1,1
ACCT100007765,CUST0005889,NRO,ACTIVE,2015-08-24,818551.78,INR,1,57057.38,6,1,1,1
ACCT100007766,CUST0002286,SALARY,ACTIVE,2019-09-22,335657.04,USD,1,16185.95,2,1,1,1
ACCT100007767,CUST0003363,SAVINGS,ACTIVE,2021-04-14,182872.37,SGD,1,9796.2,2,1,1,0
ACCT100007768,CUST0004131,CURRENT,ACTIVE,2018-04-09,101503.42,USD,1,313721.7,4,5,1,0
ACCT100007769,CUST0006065,SALARY,ACTIVE,2015-03-11,18253.4,USD,1,4885.5,4,1,1,1
ACCT100007770,CUST0003262,NRE,ACTIVE,2012-01-11,1275438.48,GBP,1,70492.7,4,2,0,1
ACCT100007771,CUST0002448,CURRENT,ACTIVE,2020-07-30,105805.17,INR,2,19804.98,2,3,1,0
ACCT100007772,CUST0001217,NRE,ACTIVE,2012-05-05,7641.07,INR,1,88581.58,4,1,1,1
ACCT100007773,CUST0007554,SHELL,ACTIVE,2014-10-28,1010220.12,INR,1,515020.66,9,2,1,1
ACCT100007774,CUST0004866,SAVINGS,ACTIVE,2012-05-24,6893.67,INR,1,9707.01,1,3,1,1
ACCT100007775,CUST0006083,SALARY,ACTIVE,2020-11-09,1734.18,USD,1,15292.44,4,2,1,0
ACCT100007776,CUST0006459,TRUST,DORMANT,2018-10-01,1769887.71,INR,2,51877.88,7,2,1,1
ACCT100007777,CUST0004138,CURRENT,ACTIVE,2015-03-25,7050.74,GBP,1,67016.62,3,1,1,1
ACCT100007778,CUST0004835,CURRENT,ACTIVE,2014-08-09,32859.7,INR,1,42102.62,4,1,1,1
ACCT100007779,CUST0007328,SALARY,DORMANT,2015-08-21,29936.29,INR,1,15579.85,1,1,1,1
ACCT100007780,CUST0006800,NRO,DORMANT,2018-11-15,73484.19,USD,2,30828.03,5,1,1,1
ACCT100007781,CUST0002413,NRO,ACTIVE,2018-07-08,16229.12,USD,2,107244.76,7,2,1,1
ACCT100007782,CUST0001657,SALARY,ACTIVE,2016-11-26,4915.48,AED,1,651668.92,5,2,0,1
ACCT100007783,CUST0005425,TRUST,ACTIVE,2021-02-01,336301.28,INR,1,89862.44,10,1,1,1
ACCT100007784,CUST0003765,SALARY,BLOCKED,2017-11-08,842.53,GBP,2,14123.58,5,2,1,1
ACCT100007785,CUST0005114,CURRENT,DORMANT,2014-04-03,12340.1,AED,1,32373.7,5,1,1,1
ACCT100007786,CUST0005442,SAVINGS,ACTIVE,2013-01-23,14923.14,USD,1,2661.37,1,5,1,1
ACCT100007787,CUST0005157,SALARY,ACTIVE,2016-07-09,7485.7,SGD,2,45765.36,4,1,1,1
ACCT100007788,CUST0000437,NRE,ACTIVE,2016-08-19,86984.49,INR,1,165829.98,7,2,1,1
ACCT100007789,CUST0001459,SALARY,ACTIVE,2020-12-08,6617.42,INR,1,1106.06,1,1,1,1
ACCT100007790,CUST0003660,SALARY,ACTIVE,2016-06-08,143758.83,USD,1,45071.27,1,3,1,1
ACCT100007791,CUST0002882,SAVINGS,ACTIVE,2017-02-20,27686.53,USD,1,11358.24,4,1,1,1
ACCT100007792,CUST0003800,SALARY,ACTIVE,2016-08-05,3708.99,INR,1,1864.32,1,2,0,1
ACCT100007793,CUST0006274,SAVINGS,ACTIVE,2013-08-13,17051.28,AED,1,1412.11,1,3,1,1
ACCT100007794,CUST0006274,SAVINGS,ACTIVE,2017-01-11,12634.48,INR,1,5515.42,5,1,1,1
ACCT100007795,CUST0004509,SAVINGS,ACTIVE,2018-06-17,8780.32,INR,1,16243.5,3,2,1,1
ACCT100007796,CUST0007490,SAVINGS,ACTIVE,2014-04-17,13166.22,AED,1,2031.17,1,4,1,1
ACCT100007797,CUST0007439,SAVINGS,ACTIVE,2013-04-08,27523.92,INR,2,15250.13,2,3,1,1
ACCT100007798,CUST0003306,SHELL,ACTIVE,2015-03-04,291445.43,USD,1,201642.11,10,1,1,1
ACCT100007799,CUST0002534,TRUST,ACTIVE,2016-05-01,93735.85,INR,2,124534.82,7,2,1,1
ACCT100007800,CUST0007283,SAVINGS,ACTIVE,2017-10-16,4063.12,INR,1,11492.0,5,4,1,1
ACCT100007801,CUST0007853,SAVINGS,CLOSED,2013-02-01,2597.45,INR,2,8287.8,1,1,0,1
ACCT100007802,CUST0006997,SALARY,ACTIVE,2016-09-13,10623.75,INR,1,1324.74,2,2,1,1
ACCT100007803,CUST0002003,TRUST,DORMANT,2013-09-26,283889.0,AED,1,29056.47,9,2,1,1
ACCT100007804,CUST0002384,NRE,ACTIVE,2012-01-11,274352.3,INR,2,53707.15,7,4,1,1
ACCT100007805,CUST0005575,SALARY,ACTIVE,2018-03-19,3599.14,INR,1,8365.78,3,1,1,1
ACCT100007806,CUST0003324,CURRENT,ACTIVE,2021-08-19,42113.17,USD,3,99267.95,5,4,1,1
ACCT100007807,CUST0005789, SALARY ,ACTIVE,2017-07-28,91071.05,INR,1,66591.71,5,1,1,1
ACCT100007808,CUST0000979,SALARY,ACTIVE,2016-06-24,16996.32,INR,2,25775.88,1,1,1,1
ACCT100007809,CUST0006817,NRE,DORMANT,2021-08-30,27058.7,USD,1,50392.2,6,1,1,1
ACCT100007810,CUST0006744,NRO,ACTIVE,2018-11-13,63926.76,INR,3,856657.4,4,1,1,1
ACCT100007811,CUST0007603,SALARY,ACTIVE,2018-09-14,10811.65,AED,1,9787.65,3,1,0,1
ACCT100007812,CUST0007537,SAVINGS,ACTIVE,2018-05-27,13908.57,INR,3,10932.51,3,3,1,1
ACCT100007813,CUST0001788,CURRENT,ACTIVE,2017-12-31,14494.67,INR,1,77696.99,5,5,1,1
ACCT100007814,CUST0000261,SALARY,ACTIVE,2012-02-19,9697.77,INR,2,1898.13,5,2,1,1
ACCT100007815,CUST0007077,NRE,ACTIVE,2018-09-20,208770.97,INR,1,51246.29,7,3,0,1
ACCT100007816,CUST0003033,SAVINGS,ACTIVE,2020-10-27,34591.43,INR,1,84948.71,3,1,1,1
ACCT100007817,CUST0006403,SALARY,ACTIVE,2018-02-13,243396.01,AED,2,21144.96,3,1,1,1
ACCT100007818,CUST0002396,TRUST,ACTIVE,2020-04-28,805380.34,INR,3,314933.4,9,2,1,1
ACCT100007819,CUST0002650,SALARY,ACTIVE,2020-09-22,19727.05,INR,2,6924.96,4,2,1,1
ACCT100007820,CUST0004235,CURRENT,ACTIVE,2012-06-20,21408.98,INR,3,40253.68,5,1,0,1
ACCT100007821,CUST0004875,SALARY,DORMANT,2013-11-15,40638.92,INR,1,1818.04,3,3,1,0
ACCT100007822,CUST0004615,SALARY,DORMANT,2019-08-28,3800.62,INR,1,5647.58,4,5,1,1
ACCT100007823,CUST0000346,SAVINGS,ACTIVE,2017-05-02,11158.1,INR,1,17268.34,1,1,1,1
ACCT100007824,CUST0003951,CURRENT,ACTIVE,2017-04-15,317985.43,INR,3,98673.66,2,1,1,1
ACCT100007825,CUST0003396,NRE,ACTIVE,2014-10-14,17965.77,INR,2,24164.98,7,4,1,1
ACCT100007826,CUST0001299,SALARY,ACTIVE,2016-03-06,8068.08,INR,3,23298.51,3,1,1,1
ACCT100007827,CUST0007970,CURRENT,DORMANT,2015-04-26,14872.59,SGD,2,30594.29,4,1,0,1
ACCT100007828,CUST0000650,SAVINGS,ACTIVE,2018-05-12,20629.72,INR,1,1256.77,1,4,1,1
ACCT100007829,CUST0004226,SAVINGS,ACTIVE,2014-09-23,4648.71,USD,1,32410.6,2,1,1,1
ACCT100007830,CUST0004551,SAVINGS,BLOCKED,2021-01-23,7429.57,INR,2,10316.98,3,3,1,0
ACCT100007831,CUST0005228,TRUST,DORMANT,2012-12-14,541578.42,INR,1,222766.75,7,2,1,0
ACCT100007832,CUST0007843, TRUST ,DORMANT,2018-08-01,868135.78,SGD,1,52891.72,10,2,1,1
ACCT100007833,CUST0004384,SALARY,ACTIVE,2013-06-17,36251.96,AED,1,540.38,3,2,1,1
ACCT100007834,CUST0004862,SAVINGS,ACTIVE,2014-06-16,44301.71,USD,3,14094.78,5,1,0,1
ACCT100007835,CUST0001295,SALARY,DORMANT,2021-01-01,2095.88,USD,1,12079.96,1,1,1,1
ACCT100007836,CUST0003596,SALARY,ACTIVE,2013-07-18,26445.47,INR,2,20579.0,1,1,1,1
ACCT100007837,CUST0005311,SHELL,ACTIVE,2018-11-11,558109.59,USD,1,266716.36,8,3,0,1
ACCT100007838,CUST0004719,SAVINGS,ACTIVE,2017-07-30,47109.45,AED,2,4039.88,5,1,1,0
ACCT100007839,CUST0001004,SALARY,ACTIVE,2018-07-15,1467.8,INR,1,6684.96,3,1,1,1
ACCT100007840,CUST0006989,SHELL,DORMANT,2013-12-19,171057.87,USD,1,482107.97,10,1,0,1
ACCT100007841,CUST0007467,trust,ACTIVE,2020-11-24,109766.83,USD,1,64228.28,7,1,0,1
ACCT100007842,CUST0004808,CURRENT,ACTIVE,2020-10-20,1093746.87,USD,2,96856.24,1,1,0,0
ACCT100007843,CUST0001767,SAVINGS,ACTIVE,2019-07-01,35278.93,USD,1,23645.03,5,2,1,1
ACCT100007844,CUST0006997,savings,DORMANT,2019-11-29,6333.74,INR,3,86243.27,1,1,1,1
ACCT100007845,CUST0006683,SAVINGS,ACTIVE,2014-06-17,9649.61,INR,2,82782.41,4,1,1,1
ACCT100007846,CUST0000183,SAVINGS,ACTIVE,2015-02-03,3111.38,INR,1,5418.75,3,2,1,0
ACCT100007847,CUST0006353,shell,DORMANT,2016-09-10,270124.57,INR,1,213718.95,8,1,1,0
ACCT100007848,CUST0007883,SHELL,BLOCKED,2014-05-30,739173.95,USD,1,288988.35,7,1,0,1
ACCT100007849,CUST0001224,SAVINGS,ACTIVE,2013-05-26,8461.69,INR,1,4368.08,5,2,1,0
ACCT100007850,CUST0004219,SAVINGS,ACTIVE,2013-05-11,22084.84,INR,2,23960.55,1,1,1,1
ACCT100007851,CUST0000288,SALARY,ACTIVE,2014-04-12,10312.27,AED,1,1657.84,5,3,0,1
ACCT100007852,CUST0000778,nre,ACTIVE,2018-12-23,79156.59,INR,1,7229.23,6,1,1,1
ACCT100007853,CUST0000931,NRE,DORMANT,2012-01-27,8163.5,INR,1,23541.54,5,4,1,1
ACCT100007854,CUST0006519,SAVINGS,ACTIVE,2018-04-10,9554.5,AED,1,41818.11,1,4,1,1
ACCT100007855,CUST0002140,CURRENT,ACTIVE,2013-06-18,15370.51,INR,1,29920.42,3,2,1,1
ACCT100007856,CUST0000992,SALARY,ACTIVE,2020-04-18,8709.01,INR,1,3839.21,5,1,1,0
ACCT100007857,CUST0003716,NRE,ACTIVE,2019-06-19,1298403.41,USD,1,191433.98,7,1,1,1
ACCT100007858,CUST0004606,SALARY,ACTIVE,2014-05-02,31507.05,AED,1,24267.41,3,3,1,1
ACCT100007859,CUST0003826,CURRENT,ACTIVE,2018-04-04,20817.34,USD,1,70777.94,2,2,0,0
ACCT100007860,CUST0005754,SAVINGS,ACTIVE,2017-09-13,7527.02,AED,1,17519.17,4,1,1,1
ACCT100007861,CUST0007643,nre,ACTIVE,2017-03-12,154053.75,AED,2,286997.34,4,2,1,1
ACCT100007862,CUST0007668,current,ACTIVE,2016-02-20,21724.28,INR,1,9320.19,5,1,0,1
ACCT100007863,CUST0006951,SAVINGS,ACTIVE,2015-10-28,85961.75,INR,1,56352.39,2,1,1,1
ACCT100007864,CUST0000171,NRO,ACTIVE,2015-12-13,421606.94,INR,2,15686.86,5,1,0,1
ACCT100007865,CUST0007186,NRE,ACTIVE,2021-05-06,35294.15,AED,1,53075.04,6,5,1,1
ACCT100007866,CUST0007200,CURRENT,ACTIVE,2017-03-01,424395.58,INR,1,547471.57,5,3,1,0
ACCT100007867,CUST0007877,NRE,ACTIVE,2020-01-08,535149.77,INR,1,37461.22,7,1,0,1
ACCT100007868,CUST0001014,SAVINGS,BLOCKED,2019-01-30,11779.85,INR,1,18487.85,1,1,0,1
ACCT100007869,CUST0005605,NRO,ACTIVE,2017-02-03,250047.67,INR,1,11819.18,4,2,1,1
ACCT100007870,CUST0003740,SHELL,ACTIVE,2017-02-13,369758.83,INR,1,57293.57,10,4,1,1
ACCT100007871,CUST0007463, SAVINGS ,CLOSED,2013-03-07,8343.65,INR,1,25922.46,4,1,0,1
ACCT100007872,CUST0004941,NRO,ACTIVE,2015-11-10,25667.29,AED,1,60721.53,6,1,1,1
ACCT100007873,CUST0000726,NRE,BLOCKED,2016-08-26,2757118.11,INR,2,80159.87,5,1,1,1
ACCT100007874,CUST0001179,NRO,ACTIVE,2015-12-18,15708.46,INR,1,71038.21,4,1,1,1
ACCT100007875,CUST0000053,SAVINGS,ACTIVE,2017-10-04,6504.99,INR,1,105543.54,3,3,1,1
ACCT100007876,CUST0001289,TRUST,DORMANT,2018-12-13,601461.42,SGD,3,415718.43,7,1,1,1
ACCT100007877,CUST0002523,NRE,ACTIVE,2014-05-30,13215.42,USD,1,144305.05,4,1,1,1
ACCT100007878,CUST0003891,CURRENT,ACTIVE,2013-10-25,6893.72,USD,1,16409.64,1,2,1,1
ACCT100007879,CUST0006097,NRE,ACTIVE,2013-03-01,82551.24,USD,1,366372.41,6,1,0,0
ACCT100007880,CUST0004748,CURRENT,ACTIVE,2018-09-23,3100.05,USD,1,72775.7,5,1,0,1
ACCT100007881,CUST0003852,CURRENT,ACTIVE,2012-10-22,91151.91,INR,1,31566.43,4,3,0,1
ACCT100007882,CUST0003683,SAVINGS,ACTIVE,2013-08-12,199538.52,AED,1,14121.07,3,2,1,1
ACCT100007883,CUST0000632,trust,ACTIVE,2015-07-14,63698000.7,INR,1,72253.6,10,1,1,1
ACCT100007884,CUST0002524,SAVINGS,ACTIVE,2015-08-31,63032.61,INR,1,10301.33,5,1,1,1
ACCT100007885,CUST0004382,CURRENT,ACTIVE,2019-11-21,97142.86,INR,1,202003.82,4,3,1,1
ACCT100007886,CUST0005787,CURRENT,ACTIVE,2013-05-08,681599.52,INR,3,32608.76,5,1,1,1
ACCT100007887,CUST0001835,SAVINGS,ACTIVE,2018-04-09,16817.47,USD,2,3905.75,1,2,0,1
ACCT100007888,CUST0003424,NRE,DORMANT,2020-05-29,2664436.27,INR,2,1285871.6,6,1,1,1
ACCT100007889,CUST0001338, SALARY ,ACTIVE,2016-08-29,39841.51,AED,1,14728.36,1,1,1,1
ACCT100007890,CUST0007093,SAVINGS,ACTIVE,2014-09-04,32445.73,INR,1,13065.0,4,1,1,1
ACCT100007891,CUST0006374,TRUST,DORMANT,2015-09-22,398466.79,INR,3,37139.0,9,3,0,1
ACCT100007892,CUST0007400,SHELL,ACTIVE,2020-12-29,461373.55,INR,1,1573770.79,8,1,1,0
ACCT100007893,CUST0004614,SALARY,BLOCKED,2014-05-03,27327.36,USD,1,629.45,3,4,1,0
ACCT100007894,CUST0004063,SALARY,ACTIVE,2018-09-28,34621.09,USD,1,28081.55,5,1,0,0
ACCT100007895,CUST0003829,SAVINGS,ACTIVE,2017-10-16,8664.61,USD,1,7143.28,5,1,0,1
ACCT100007896,CUST0005249,CURRENT,ACTIVE,2016-04-26,31312.96,AED,1,18950.46,2,4,1,1
ACCT100007897,CUST0000299,SAVINGS,ACTIVE,2019-04-29,11288.89,INR,2,23981.02,4,1,1,1
ACCT100007898,CUST0004117,SALARY,ACTIVE,2014-12-18,29441.17,INR,1,55003.49,1,4,1,0
ACCT100007899,CUST0003788,NRE,ACTIVE,2020-02-26,370730.19,AED,1,1383018.39,5,1,1,1
ACCT100007900,CUST0004620,SAVINGS,ACTIVE,2019-08-31,3674.9,USD,1,5202.14,2,4,0,1
ACCT100007901,CUST0006520,SAVINGS,ACTIVE,2012-10-21,76501.75,INR,2,1843.33,3,4,1,1
ACCT100007902,CUST0005349,NRE,ACTIVE,2016-12-03,193463.77,USD,1,89766.75,7,1,1,0
ACCT100007903,CUST0002222,CURRENT,ACTIVE,2015-10-23,3769046.34,USD,2,39582.07,5,5,1,1
ACCT100007904,CUST0007078,NRE,DORMANT,2021-01-18,29518.56,INR,2,18807.82,6,1,0,1
ACCT100007905,CUST0000179,CURRENT,ACTIVE,2013-04-06,228553.11,AED,1,54292.23,1,2,1,1
ACCT100007906,CUST0002896,SAVINGS,ACTIVE,2012-11-29,21439.0,INR,1,5009.49,4,3,1,1
ACCT100007907,CUST0000460,CURRENT,ACTIVE,2013-11-15,161041.62,INR,1,28705.66,3,1,1,1
ACCT100007908,CUST0007655,SAVINGS,ACTIVE,2018-01-06,4625.46,USD,1,7778.31,1,2,1,1
ACCT100007909,CUST0000941,CURRENT,ACTIVE,2020-08-25,17017.39,USD,1,30945.93,2,2,1,1
ACCT100007910,CUST0000910,NRO,ACTIVE,2012-05-14,63815.0,USD,1,74834.21,5,3,1,1
ACCT100007911,CUST0002185,CURRENT,ACTIVE,2012-05-03,7899.64,INR,1,240555.31,4,3,1,1
ACCT100007912,CUST0002306,SALARY,ACTIVE,2020-06-07,11798.01,INR,1,8411.05,3,2,0,1
ACCT100007913,CUST0004253,SALARY,ACTIVE,2015-09-11,7508.04,INR,1,16898.16,1,1,1,1
ACCT100007914,CUST0004925,SAVINGS,ACTIVE,2019-12-20,75818.57,INR,1,20457.27,4,1,1,1
ACCT100007915,CUST0004643,CURRENT,ACTIVE,2017-01-17,75177.89,INR,1,40392.81,5,5,1,1
ACCT100007916,CUST0007254,SAVINGS,CLOSED,2014-07-09,16420.32,INR,1,11258.0,5,1,1,1
ACCT100007917,CUST0004037,NRE,ACTIVE,2019-12-25,28097.89,USD,1,36529.98,4,1,1,1
ACCT100007918,CUST0001669,SAVINGS,ACTIVE,2015-10-27,13701.81,AED,1,8008.9,2,2,1,1
ACCT100007919,CUST0002988,SALARY,ACTIVE,2012-04-03,28514.77,INR,1,29867.61,5,1,1,1
ACCT100007920,CUST0005682,SAVINGS,ACTIVE,2013-06-14,311700.63,INR,3,20918.18,4,1,1,1
ACCT100007921,CUST0001335,SAVINGS,ACTIVE,2015-02-19,7985.45,INR,1,2310.12,3,1,1,1
ACCT100007922,CUST0007636,SAVINGS,ACTIVE,2012-07-31,7857.47,INR,1,9011.16,4,1,0,1
ACCT100007923,CUST0001913,CURRENT,ACTIVE,2017-05-10,317428.51,INR,1,130886.22,3,4,1,1
ACCT100007924,CUST0007649,NRE,ACTIVE,2017-12-21,359801.02,GBP,2,426214.25,6,2,1,1
ACCT100007925,CUST0005932,SAVINGS,ACTIVE,2014-03-15,3782.0,INR,1,8806.47,4,2,1,1
ACCT100007926,CUST0001605,NRE,ACTIVE,2021-03-10,97658.95,INR,2,216251.19,6,1,1,1
ACCT100007927,CUST0006078,NRE,ACTIVE,2017-10-26,124066.96,INR,1,93589.83,5,1,1,0
ACCT100007928,CUST0002823,SAVINGS,ACTIVE,2021-05-29,26035.21,USD,1,6397.37,1,1,0,1
ACCT100007929,CUST0003781,NRO,ACTIVE,2015-04-28,112533.03,AED,1,27077.2,7,4,1,1
ACCT100007930,CUST0003713,NRE,ACTIVE,2020-01-13,687338.23,USD,1,111080.51,6,1,1,0
ACCT100007931,CUST0006355, SALARY ,ACTIVE,2021-08-21,87595.76,AED,1,44055.08,5,3,0,1
ACCT100007932,CUST0005833,NRE,ACTIVE,2016-01-31,70035.7,INR,3,428985.61,7,4,1,1
ACCT100007933,CUST0005799,SAVINGS,BLOCKED,2013-10-10,920.93,INR,1,72938.58,2,3,0,1
ACCT100007934,CUST0004489,CURRENT,BLOCKED,2018-01-03,71521.09,INR,2,91837.91,4,1,0,1
ACCT100007935,CUST0002356,SAVINGS,ACTIVE,2020-06-25,130336.67,INR,2,21832.74,4,1,0,1
ACCT100007936,CUST0003536,NRE,ACTIVE,2015-04-18,65995.22,INR,1,447642.23,7,1,0,1
ACCT100007937,CUST0005971,NRE,ACTIVE,2016-12-19,244076.48,INR,1,2210.24,7,3,0,0
ACCT100007938,CUST0002671,NRO,DORMANT,2016-01-18,7444.9,INR,2,122327.43,5,1,1,1
ACCT100007939,CUST0005838,savings,ACTIVE,2015-12-12,23888.13,INR,1,237637.7,1,5,0,1
ACCT100007940,CUST0006628,CURRENT,DORMANT,2020-07-07,86739.33,AED,2,38249.92,3,1,0,1
ACCT100007941,CUST0007972, SAVINGS ,ACTIVE,2013-07-03,12213.34,AED,1,72144.94,2,1,1,1
ACCT100007942,CUST0002988,SHELL,DORMANT,2019-04-03,232688602.81,SGD,1,488859.74,8,3,1,1
ACCT100007943,CUST0004985,CURRENT,ACTIVE,2012-03-30,18433.92,SGD,3,27119.47,1,1,1,1
ACCT100007944,CUST0004035,SALARY,ACTIVE,2014-06-18,2212.83,USD,1,6284.07,3,1,1,1
ACCT100007945,CUST0007322,CURRENT,ACTIVE,2012-03-31,264041.09,AED,1,176406.97,3,1,0,1
ACCT100007946,CUST0001135,CURRENT,ACTIVE,2021-02-18,17133.15,AED,1,50952.54,3,2,1,1
ACCT100007947,CUST0004875,savings,ACTIVE,2018-05-04,218845.56,SGD,1,6107.53,2,2,0,1
ACCT100007948,CUST0006827,SALARY,ACTIVE,2018-06-23,7747.32,USD,1,23248.15,5,1,1,0
ACCT100007949,CUST0004892,CURRENT,ACTIVE,2015-04-06,58099.93,USD,1,76950.66,2,3,1,1
ACCT100007950,CUST0002600,SALARY,ACTIVE,2015-06-25,7007.66,USD,2,2923.26,3,2,1,0
ACCT100007951,CUST0001771,SALARY,ACTIVE,2016-10-25,2348.64,INR,3,1975.05,1,4,1,1
ACCT100007952,CUST0007543,SALARY,ACTIVE,2018-08-10,4027.97,INR,2,18957.64,2,1,1,1
ACCT100007953,CUST0001035,SAVINGS,ACTIVE,2017-09-04,5495.16,INR,2,12315.63,5,1,1,0
ACCT100007954,CUST0006924,SHELL,DORMANT,2012-04-14,1015824.75,INR,1,261706.79,9,1,1,1
ACCT100007955,CUST0005546,NRE,ACTIVE,2016-01-11,193057.29,INR,1,136354.68,7,2,1,1
ACCT100007956,CUST0007515,SALARY,ACTIVE,2016-11-05,14933.79,INR,1,20117.34,3,5,1,1
ACCT100007957,CUST0003404, SAVINGS ,ACTIVE,2013-07-21,2406.46,AED,2,528.58,4,2,0,1
ACCT100007958,CUST0004129,SAVINGS,BLOCKED,2018-07-30,3469.43,INR,2,7936.93,2,3,1,1
ACCT100007959,CUST0002053,NRE,ACTIVE,2012-09-18,370271.34,AED,1,209395.78,7,3,1,1
ACCT100007960,CUST0005397,CURRENT,ACTIVE,2013-08-31,23557.85,SGD,1,201933.59,3,3,1,1
ACCT100007961,CUST0005150,NRO,DORMANT,2015-06-16,395195.11,INR,3,68080.59,6,4,1,0
ACCT100007962,CUST0005537,TRUST,CLOSED,2014-09-27,320819.09,GBP,1,1785068.0,9,1,1,1
ACCT100007963,CUST0002634,SAVINGS,ACTIVE,2016-04-01,1827.22,INR,2,114002.51,5,3,0,1
ACCT100007964,CUST0006657,SALARY,ACTIVE,2016-04-20,2670.17,SGD,1,16505.08,1,1,1,1
ACCT100007965,CUST0005661,CURRENT,ACTIVE,2019-11-18,602139.59,INR,2,30852.37,4,2,1,1
ACCT100007966,CUST0007495,CURRENT,ACTIVE,2016-06-06,170480.96,INR,1,185447.03,5,3,1,1
ACCT100007967,CUST0002611,SALARY,ACTIVE,2018-06-01,1907.95,AED,1,95022.62,4,1,1,1
ACCT100007968,CUST0004449,NRE,ACTIVE,2015-04-26,550159.49,SGD,3,148180.12,7,1,1,1
ACCT100007969,CUST0000193,CURRENT,CLOSED,2019-05-11,39347.48,INR,1,68990.18,3,1,1,1
ACCT100007970,CUST0001759,NRE,ACTIVE,2012-12-29,974693.91,INR,1,83102.81,7,1,1,1
ACCT100007971,CUST0006192,TRUST,ACTIVE,2017-11-25,378184.33,INR,2,605671.61,7,1,1,1
ACCT100007972,CUST0007585,CURRENT,ACTIVE,2014-03-16,14150.35,GBP,2,7358.45,3,2,1,1
ACCT100007973,CUST0007939,CURRENT,ACTIVE,2019-10-08,134741.6,SGD,2,97435.37,2,4,1,1
ACCT100007974,CUST0006367,SALARY,ACTIVE,2017-12-27,1008.02,USD,2,5903.68,1,2,1,1
ACCT100007975,CUST0006850,SAVINGS,ACTIVE,2019-02-16,32028.92,INR,1,65806.68,1,3,0,1
ACCT100007976,CUST0007058,SAVINGS,ACTIVE,2020-05-19,8422.12,INR,1,1911.57,1,1,0,1
ACCT100007977,CUST0002152,SAVINGS,ACTIVE,2014-06-10,10397.18,SGD,1,9179.53,3,1,1,1
ACCT100007978,CUST0000786,SALARY,ACTIVE,2015-10-13,1818.96,USD,1,3032.94,2,1,1,1
ACCT100007979,CUST0000728,CURRENT,ACTIVE,2016-03-12,56183.7,INR,1,79850.06,4,1,1,1
ACCT100007980,CUST0004832,CURRENT,ACTIVE,2019-10-14,31094.76,SGD,1,4823.87,4,3,0,1
ACCT100007981,CUST0006857,SALARY,DORMANT,2014-06-29,16850.24,INR,1,10349.85,4,5,0,1
ACCT100007982,CUST0007820,TRUST,DORMANT,2013-04-07,158302.17,INR,1,419962.24,10,2,1,1
ACCT100007983,CUST0000283,NRO,BLOCKED,2012-11-10,27075.11,GBP,3,89859.02,4,2,1,1
ACCT100007984,CUST0002235, CURRENT ,ACTIVE,2020-06-27,701704.99,INR,1,64656.02,4,3,1,1
ACCT100007985,CUST0002535,TRUST,ACTIVE,2013-02-22,2132638.76,INR,1,397993.41,10,1,1,1
ACCT100007986,CUST0006981,CURRENT,ACTIVE,2015-08-31,45733.35,AED,2,33843.89,5,4,1,1
ACCT100007987,CUST0004771,SALARY,ACTIVE,2015-01-01,34872.57,USD,1,48867.89,2,2,0,0
ACCT100007988,CUST0005786,SALARY,ACTIVE,2013-03-09,1552.68,INR,2,5071.47,5,2,1,0
ACCT100007989,CUST0006666,SALARY,ACTIVE,2016-03-31,133719.03,INR,1,12872.82,3,1,0,1
ACCT100007990,CUST0004554,NRE,BLOCKED,2016-05-28,363639.31,USD,1,43957.69,5,1,1,0
ACCT100007991,CUST0002812,SALARY,ACTIVE,2014-01-11,47267.98,INR,1,6589.3,1,2,1,1
ACCT100007992,CUST0004916,CURRENT,ACTIVE,2020-08-17,33988.6,INR,1,412698.56,2,4,1,0
ACCT100007993,CUST0003075,CURRENT,ACTIVE,2016-04-18,139508.18,AED,1,19573.05,1,2,1,1
ACCT100007994,CUST0002509,TRUST,ACTIVE,2021-10-17,130340.1,INR,1,154057.63,7,3,1,1
ACCT100007995,CUST0006102,SALARY,ACTIVE,2020-02-13,77472.42,INR,1,3788.22,4,2,1,0
ACCT100007996,CUST0003733,SAVINGS,ACTIVE,2017-06-01,31313.48,INR,2,8367.2,4,2,1,0
ACCT100007997,CUST0006818,SAVINGS,ACTIVE,2012-07-15,4177.27,INR,1,12307.12,1,1,1,1
ACCT100007998,CUST0000054,SALARY,ACTIVE,2018-10-27,1036.13,INR,1,19565.77,1,1,1,1
ACCT100007999,CUST0006517,SAVINGS,ACTIVE,2015-08-17,7746.03,SGD,1,12832.61,1,1,1,1
ACCT100008000,CUST0001818,CURRENT,ACTIVE,2015-07-02,39593.3,INR,1,4920.92,1,1,1,1
ACCT100008001,CUST0002570,SAVINGS,ACTIVE,2019-08-09,62857.98,AED,2,4050.07,4,1,1,0
ACCT100008002,CUST0003436,NRO,ACTIVE,2018-01-05,111174.97,INR,1,150158.98,5,4,1,1
ACCT100008003,CUST0001172,SAVINGS,DORMANT,2018-02-10,617.46,INR,1,9843.21,4,3,0,1
ACCT100008004,CUST0005815,SHELL,ACTIVE,2016-07-30,1754008.75,INR,2,50589.91,8,5,1,0
ACCT100008005,CUST0004089,SAVINGS,ACTIVE,2012-03-09,198211.47,INR,1,9061.67,3,1,1,0
ACCT100008006,CUST0006097,SALARY,ACTIVE,2012-01-21,65557.52,USD,1,4197.09,1,2,1,1
ACCT100008007,CUST0005976,CURRENT,ACTIVE,2019-04-16,20692.94,INR,1,202967.99,5,5,1,1
ACCT100008008,CUST0004065,salary,BLOCKED,2013-11-02,3579.65,GBP,2,6020.55,1,1,1,1
ACCT100008009,CUST0007531,SAVINGS,CLOSED,2018-11-20,43521.99,USD,1,3166.77,3,1,1,1
ACCT100008010,CUST0002384,CURRENT,ACTIVE,2019-09-26,155532.07,USD,1,74266.37,1,3,1,1
ACCT100008011,CUST0003119,SAVINGS,ACTIVE,2015-08-11,17145.61,SGD,1,67625.01,3,1,1,0
ACCT100008012,CUST0002277,SALARY,ACTIVE,2015-04-04,1016.74,AED,1,2403.2,4,2,1,1
ACCT100008013,CUST0007857,CURRENT,ACTIVE,2018-08-15,41455.73,INR,2,155588.42,4,3,1,1
ACCT100008014,CUST0000866,TRUST,ACTIVE,2012-12-24,392403.98,INR,1,811913.29,8,1,1,1
ACCT100008015,CUST0006763,CURRENT,ACTIVE,2016-01-27,13090.08,INR,2,27323.69,4,1,0,1
ACCT100008016,CUST0006718,SALARY,ACTIVE,2013-07-09,79043.73,INR,1,42647.91,1,1,1,1
ACCT100008017,CUST0006280,SAVINGS,ACTIVE,2016-01-12,12970.57,USD,2,19266.67,3,1,1,1
ACCT100008018,CUST0000911,NRE,ACTIVE,2013-11-04,104171.2,USD,2,215095.98,5,1,1,1
ACCT100008019,CUST0004237,SAVINGS,ACTIVE,2019-12-10,165276.23,USD,2,3948.38,5,3,1,0
ACCT100008020,CUST0003353,SAVINGS,ACTIVE,2012-06-24,7565.75,INR,1,22773.22,5,1,1,1
ACCT100008021,CUST0000045,NRE,ACTIVE,2014-07-08,43319.71,INR,1,126693.1,5,1,1,1
ACCT100008022,CUST0007729,CURRENT,ACTIVE,2015-04-25,24922.51,INR,1,27050.99,3,1,1,1
ACCT100008023,CUST0007466,SAVINGS,ACTIVE,2012-09-21,42509.35,INR,1,15573.41,2,1,0,1
ACCT100008024,CUST0002332,CURRENT,DORMANT,2021-09-29,36396.19,INR,1,17776.99,3,2,1,1
ACCT100008025,CUST0005949,SAVINGS,ACTIVE,2013-07-18,871.93,USD,1,11320.55,4,3,1,1
ACCT100008026,CUST0007335,CURRENT,ACTIVE,2021-05-21,168881.37,USD,1,14311.27,3,1,1,1
ACCT100008027,CUST0004596,SHELL,ACTIVE,2021-04-11,7216032.07,INR,1,139047.15,9,1,1,1
ACCT100008028,CUST0004836,SAVINGS,ACTIVE,2017-03-04,7972.45,INR,1,44286.07,3,1,1,1
ACCT100008029,CUST0003238,NRE,ACTIVE,2013-05-27,662913.45,USD,1,65007.72,7,1,1,1
ACCT100008030,CUST0007178,CURRENT,ACTIVE,2020-07-23,650124.59,INR,1,135815.76,1,3,0,1
ACCT100008031,CUST0005712,NRE,ACTIVE,2014-12-12,23349.83,USD,2,79931.13,5,3,1,1
ACCT100008032,CUST0003380,CURRENT,ACTIVE,2013-01-21,10546.01,SGD,2,112673.27,3,1,0,0
ACCT100008033,CUST0005325,NRE,ACTIVE,2015-12-06,319514.25,INR,1,27680.37,4,1,1,1
ACCT100008034,CUST0006622,CURRENT,ACTIVE,2021-10-24,21831.05,INR,1,20065.04,2,1,1,1
ACCT100008035,CUST0007611,SALARY,ACTIVE,2017-02-13,16476.76,AED,1,27030.54,1,2,1,1
ACCT100008036,CUST0003085,CURRENT,ACTIVE,2012-06-09,28039.32,INR,1,27781.27,2,3,0,1
ACCT100008037,CUST0006809,SALARY,ACTIVE,2012-09-26,25708.29,AED,1,2982.74,2,1,1,0
ACCT100008038,CUST0002665,CURRENT,ACTIVE,2012-04-06,43780.66,INR,1,11955.02,1,1,1,1
ACCT100008039,CUST0000951,SAVINGS,ACTIVE,2012-06-20,93052.42,INR,2,28628.96,5,4,0,1
ACCT100008040,CUST0006929,NRE,ACTIVE,2015-08-29,3746692.31,INR,1,196825.69,5,1,0,0
ACCT100008041,CUST0005382,CURRENT,ACTIVE,2015-08-09,42114.71,USD,2,50572.57,1,2,1,1
ACCT100008042,CUST0002709,CURRENT,CLOSED,2017-04-28,1392692.49,INR,2,70825.03,1,1,1,1
ACCT100008043,CUST0001280,shell,DORMANT,2021-08-07,8611575.48,INR,1,511491.79,10,5,1,1
ACCT100008044,CUST0000277,SAVINGS,ACTIVE,2018-07-05,39512.1,USD,2,110880.22,1,1,1,1
ACCT100008045,CUST0000412,SALARY,ACTIVE,2020-08-06,25538.99,SGD,1,27021.74,4,3,0,0
ACCT100008046,CUST0006472,CURRENT,ACTIVE,2018-10-09,70160.69,INR,1,46843.03,4,4,1,0
ACCT100008047,CUST0007013,CURRENT,ACTIVE,2014-04-18,4694.84,INR,1,4941.8,4,3,1,1
ACCT100008048,CUST0001235,NRO,ACTIVE,2020-11-22,143989.84,USD,1,13285.18,4,2,1,0
ACCT100008049,CUST0000495,nre,ACTIVE,2015-05-31,603358.93,INR,1,574236.4,5,2,1,1
ACCT100008050,CUST0006591,SAVINGS,ACTIVE,2020-07-18,9064.42,USD,1,5073.81,2,4,1,1
ACCT100008051,CUST0004178,SALARY,ACTIVE,2017-03-16,1520.41,INR,1,7885.89,4,1,1,0
ACCT100008052,CUST0006164,SAVINGS,ACTIVE,2012-04-25,59949.38,INR,1,14713.78,3,4,0,1
ACCT100008053,CUST0007372,SAVINGS,DORMANT,2017-05-02,249381.63,INR,2,12670.45,2,1,0,1
ACCT100008054,CUST0000645,SAVINGS,ACTIVE,2020-11-15,58946.51,INR,1,2711.41,5,4,1,0
ACCT100008055,CUST0004759,SHELL,ACTIVE,2012-06-20,650783.32,INR,3,1094805.02,7,3,0,1
ACCT100008056,CUST0005739,CURRENT,ACTIVE,2018-07-24,57818.95,AED,2,16999.66,5,1,1,1
ACCT100008057,CUST0005844,SALARY,ACTIVE,2021-03-29,7429.67,USD,1,22096.16,4,1,1,1
ACCT100008058,CUST0006281,NRE,ACTIVE,2017-04-22,470375.04,INR,1,98305.2,7,2,1,1
ACCT100008059,CUST0001367,SAVINGS,ACTIVE,2013-08-28,97255.69,SGD,3,24466.67,4,4,0,1
ACCT100008060,CUST0005862,TRUST,ACTIVE,2018-03-25,757544.11,AED,1,723970.17,9,1,1,1
ACCT100008061,CUST0004736,CURRENT,ACTIVE,2017-11-21,46453.18,INR,1,21681.52,2,3,1,1
ACCT100008062,CUST0007177,NRO,ACTIVE,2015-10-20,307842.46,INR,1,285106.68,4,2,1,1
ACCT100008063,CUST0002152,CURRENT,ACTIVE,2017-05-06,54853.61,AED,1,158002.04,5,2,1,1
ACCT100008064,CUST0002484,NRO,ACTIVE,2013-11-13,557681.88,INR,1,109244.76,6,2,0,1
ACCT100008065,CUST0000925,NRO,ACTIVE,2021-01-19,14966.0,USD,1,21120.51,5,3,1,1
ACCT100008066,CUST0007333,CURRENT,ACTIVE,2021-02-13,142604.76,USD,1,198610.06,3,1,0,1
ACCT100008067,CUST0005406,SAVINGS,ACTIVE,2013-05-13,5450.34,USD,1,30302.13,1,1,0,1
ACCT100008068,CUST0003917,SAVINGS,ACTIVE,2019-12-22,60689.94,AED,1,5178.1,1,5,0,1
ACCT100008069,CUST0002139,CURRENT,ACTIVE,2013-11-20,194017.51,AED,2,80438.42,1,3,0,0
ACCT100008070,CUST0001041,savings,ACTIVE,2016-06-21,45699.99,INR,1,7958.07,1,1,1,1
ACCT100008071,CUST0002226,SALARY,ACTIVE,2012-06-23,72422.21,INR,1,5280.19,4,1,1,1
ACCT100008072,CUST0005508,NRE,ACTIVE,2018-04-26,1003871.21,INR,1,87982.19,4,4,1,1
ACCT100008073,CUST0001219,NRO,BLOCKED,2018-12-15,82983.12,INR,1,26755.67,7,1,1,1
ACCT100008074,CUST0005499,TRUST,ACTIVE,2014-03-13,1099807.26,INR,3,10685.93,7,2,0,1
ACCT100008075,CUST0002797,SAVINGS,DORMANT,2016-09-15,1388.32,SGD,2,12331.61,5,1,1,0
ACCT100008076,CUST0006446,NRO,ACTIVE,2014-07-18,91856.75,INR,2,25746.33,6,1,1,1
ACCT100008077,CUST0003052,SAVINGS,BLOCKED,2020-03-31,5270.46,INR,1,41198.49,1,2,0,1
ACCT100008078,CUST0007699,SHELL,ACTIVE,2013-05-09,216992.98,INR,2,185764.68,8,1,1,1
ACCT100008079,CUST0001793,SAVINGS,ACTIVE,2019-10-20,6153.26,INR,3,25337.1,1,1,1,1
ACCT100008080,CUST0007240,SHELL,ACTIVE,2018-07-24,1507247.8,USD,2,5589423.62,7,4,0,1
ACCT100008081,CUST0001090,CURRENT,ACTIVE,2016-06-06,91487.17,INR,2,48072.89,1,1,1,1
ACCT100008082,CUST0003124, SALARY ,ACTIVE,2014-01-20,6692.57,INR,2,2969.02,4,2,0,1
ACCT100008083,CUST0005368,SAVINGS,BLOCKED,2012-08-10,1521.43,INR,1,7367.8,1,1,0,1
ACCT100008084,CUST0004835,SAVINGS,ACTIVE,2018-11-29,44665.17,INR,2,53235.25,2,1,1,1
ACCT100008085,CUST0005635,SALARY,ACTIVE,2019-08-05,1942.44,USD,1,3327.48,1,1,1,1
ACCT100008086,CUST0002257,SALARY,ACTIVE,2019-08-06,6702.66,INR,2,3977.86,1,2,1,1
ACCT100008087,CUST0006399,NRO,ACTIVE,2014-07-09,18073.17,USD,1,640395.96,5,1,1,1
ACCT100008088,CUST0007084,SALARY,ACTIVE,2014-02-18,17919.87,INR,1,6151.75,4,3,1,1
ACCT100008089,CUST0005875,SALARY,ACTIVE,2013-11-28,645.18,USD,2,28229.7,2,2,0,0
ACCT100008090,CUST0005376,SALARY,ACTIVE,2019-07-19,40857.59,SGD,2,3081.95,3,3,1,1
ACCT100008091,CUST0007783,CURRENT,ACTIVE,2016-02-16,36091.64,SGD,1,22844.19,3,1,1,0
ACCT100008092,CUST0007199,SALARY,ACTIVE,2014-09-04,30270.13,USD,2,10706.12,1,2,1,1
ACCT100008093,CUST0001290,NRO,ACTIVE,2015-03-26,24749.55,INR,2,340170.78,7,1,1,1
ACCT100008094,CUST0006218,SALARY,ACTIVE,2021-03-07,69047.93,AED,2,20305.83,2,1,0,1
ACCT100008095,CUST0004178,SAVINGS,ACTIVE,2018-02-22,11040.82,AED,1,10566.58,2,1,1,0
ACCT100008096,CUST0007350,CURRENT,ACTIVE,2013-05-25,2800.78,INR,1,12647.86,2,3,1,1
ACCT100008097,CUST0001639,CURRENT,ACTIVE,2021-02-17,2310.08,INR,1,61916.37,5,2,1,0
ACCT100008098,CUST0007604,CURRENT,ACTIVE,2017-07-01,574540.99,INR,1,413766.28,1,1,1,1
ACCT100008099,CUST0000314,SAVINGS,ACTIVE,2019-01-29,35105.45,INR,2,8937.78,3,2,1,1
ACCT100008100,CUST0004037,SALARY,ACTIVE,2020-11-02,43117.7,INR,2,108381.71,1,3,1,1
ACCT100008101,CUST0000198,NRE,ACTIVE,2020-07-04,138215.86,USD,1,126756.09,7,1,0,1
ACCT100008102,CUST0003258,CURRENT,CLOSED,2020-02-06,91911.58,SGD,1,140663.71,2,2,0,1
ACCT100008103,CUST0003615,TRUST,DORMANT,2020-01-09,1676694.52,INR,1,259644.27,7,3,1,1
ACCT100008104,CUST0002212,SAVINGS,ACTIVE,2012-06-18,19526.33,SGD,1,5738.69,3,1,1,1
ACCT100008105,CUST0003342,CURRENT,ACTIVE,2017-06-13,197499.57,USD,2,5900.6,2,1,1,1
ACCT100008106,CUST0005857,SALARY,ACTIVE,2013-07-18,3189.73,USD,1,6351.23,2,1,1,1
ACCT100008107,CUST0005853,NRE,ACTIVE,2013-05-08,1931700.32,USD,3,500467.05,5,3,1,1
ACCT100008108,CUST0001107,SALARY,ACTIVE,2021-04-03,132579.04,INR,1,2050.48,5,2,1,1
ACCT100008109,CUST0000202,NRO,ACTIVE,2015-06-26,25486.57,USD,1,36294.55,6,1,1,1
ACCT100008110,CUST0002647,NRE,ACTIVE,2016-12-16,40614.41,INR,1,234177.27,4,2,0,1
ACCT100008111,CUST0002184,SAVINGS,ACTIVE,2018-10-25,274910.27,INR,1,15508.38,1,1,1,1
ACCT100008112,CUST0002264,CURRENT,ACTIVE,2019-11-17,94724.29,SGD,3,45906.8,2,5,1,0
ACCT100008113,CUST0007750,SAVINGS,ACTIVE,2015-05-13,19917.46,AED,2,13493.51,4,4,1,1
ACCT100008114,CUST0003163,SAVINGS,ACTIVE,2012-11-28,2218.04,INR,1,14563.23,4,1,1,1
ACCT100008115,CUST0001952,SAVINGS,ACTIVE,2013-02-18,11770.2,USD,1,1536.95,4,2,0,1
ACCT100008116,CUST0001067,SALARY,ACTIVE,2020-09-15,48937.65,USD,1,5292.97,4,2,0,1
ACCT100008117,CUST0002718,SALARY,ACTIVE,2018-03-31,1920.62,USD,1,22554.89,1,2,1,1
ACCT100008118,CUST0006319,NRE,DORMANT,2013-10-16,314281.01,INR,1,381830.84,4,1,0,1
ACCT100008119,CUST0000250,SAVINGS,ACTIVE,2020-10-30,20405.24,INR,1,13672.57,3,3,1,1
ACCT100008120,CUST0007555,CURRENT,ACTIVE,2019-06-29,36966.91,INR,1,23963.39,5,1,1,1
ACCT100008121,CUST0005514,SALARY,ACTIVE,2014-10-07,82534.0,INR,3,26166.71,1,1,1,1
ACCT100008122,CUST0004050,NRO,ACTIVE,2014-12-05,29621.74,INR,1,7776.41,4,1,1,1
ACCT100008123,CUST0000589,NRE,ACTIVE,2013-11-15,155979.9,INR,1,154587.8,6,1,1,1
ACCT100008124,CUST0005521,CURRENT,ACTIVE,2017-01-12,54874.72,USD,1,197913.01,5,5,1,1
ACCT100008125,CUST0001877,CURRENT,BLOCKED,2016-04-10,76544.87,INR,2,140998.69,5,2,1,1
ACCT100008126,CUST0002685,CURRENT,ACTIVE,2019-10-19,457787.67,SGD,2,747004.43,2,2,1,1
ACCT100008127,CUST0001228,SAVINGS,ACTIVE,2017-01-20,5433.51,INR,1,8801.93,3,1,0,1
ACCT100008128,CUST0004944,SAVINGS,ACTIVE,2020-08-04,51609.63,INR,1,33713.56,3,1,1,1
ACCT100008129,CUST0002876,SAVINGS,ACTIVE,2019-05-01,47063.62,INR,1,6301.94,5,3,0,1
ACCT100008130,CUST0007438,SALARY,ACTIVE,2013-02-20,44001.89,USD,3,19196.18,3,3,1,1
ACCT100008131,CUST0002314,SHELL,ACTIVE,2015-06-18,953262.46,GBP,1,1083936.87,7,1,0,1
ACCT100008132,CUST0000785,SAVINGS,ACTIVE,2020-03-17,4666.14,AED,3,7901.4,5,1,1,1
ACCT100008133,CUST0000915, SAVINGS ,BLOCKED,2021-04-29,67382.89,USD,1,3879.27,1,2,1,0
ACCT100008134,CUST0003776,SAVINGS,ACTIVE,2021-07-11,10473.95,INR,1,7091.84,4,3,0,1
ACCT100008135,CUST0004270,CURRENT,ACTIVE,2020-09-11,312489.55,INR,1,75757.29,3,1,1,1
ACCT100008136,CUST0004795, CURRENT ,ACTIVE,2016-04-14,11253.32,USD,1,106210.27,4,1,0,1
ACCT100008137,CUST0006854,SAVINGS,ACTIVE,2016-11-05,213262.32,INR,2,11733.41,1,1,1,1
ACCT100008138,CUST0001912,SAVINGS,ACTIVE,2013-05-24,124707.92,GBP,1,68088.69,1,4,1,1
ACCT100008139,CUST0002431,CURRENT,ACTIVE,2014-07-31,27025.48,INR,1,18850.02,4,4,1,1
ACCT100008140,CUST0007344, CURRENT ,ACTIVE,2016-01-31,21541.14,GBP,1,452521.62,4,5,0,0
ACCT100008141,CUST0004050,SALARY,BLOCKED,2020-08-19,7170.52,INR,1,4255.94,2,1,1,1
ACCT100008142,CUST0005729,SHELL,DORMANT,2021-03-05,750868.08,AED,1,4117433.69,9,1,1,1
ACCT100008143,CUST0002693,CURRENT,ACTIVE,2015-07-08,76338.63,USD,1,101849.04,4,3,1,1
ACCT100008144,CUST0006134,CURRENT,ACTIVE,2020-10-21,110194.99,INR,1,13136.79,5,3,1,0
ACCT100008145,CUST0000063,SALARY,BLOCKED,2017-11-25,14220.01,SGD,1,24931.73,5,1,1,1
ACCT100008146,CUST0004892,CURRENT,ACTIVE,2014-02-19,15875.7,INR,1,10784.25,5,2,1,1
ACCT100008147,CUST0001323, SALARY ,CLOSED,2017-04-14,10672.05,INR,1,25747.43,4,1,0,1
ACCT100008148,CUST0004616,CURRENT,ACTIVE,2013-04-24,39394.48,INR,2,26893.23,5,1,1,1
ACCT100008149,CUST0001146,SHELL,ACTIVE,2020-11-25,30803908.5,AED,1,440436.01,9,1,1,1
ACCT100008150,CUST0000418,SAVINGS,ACTIVE,2015-11-28,2474.95,INR,1,27535.72,2,3,0,1
ACCT100008151,CUST0005869,SALARY,ACTIVE,2016-07-16,252379.07,SGD,3,6059.22,5,1,1,1
ACCT100008152,CUST0006650,SAVINGS,ACTIVE,2020-09-16,6175.17,GBP,1,25612.5,3,2,0,1
ACCT100008153,CUST0004304,SAVINGS,ACTIVE,2020-02-04,3084.56,INR,1,13310.77,5,1,0,1
ACCT100008154,CUST0005545,SALARY,ACTIVE,2018-08-14,7813.74,INR,1,138116.49,1,1,1,1
ACCT100008155,CUST0001102,CURRENT,ACTIVE,2015-06-14,355029.6,INR,1,4349.5,3,1,0,1
ACCT100008156,CUST0002228,CURRENT,ACTIVE,2019-01-27,280843.24,INR,3,92620.73,3,3,1,1
ACCT100008157,CUST0005265,SAVINGS,ACTIVE,2013-05-08,27512.72,SGD,2,10079.62,2,2,1,1
ACCT100008158,CUST0007409,SAVINGS,ACTIVE,2019-06-23,26000.99,AED,2,13074.45,5,1,1,1
ACCT100008159,CUST0002949,CURRENT,ACTIVE,2015-05-29,185030.59,INR,1,15515.15,3,1,0,1
ACCT100008160,CUST0004509,SAVINGS,ACTIVE,2015-09-22,29240.82,AED,1,45597.1,3,4,1,0
ACCT100008161,CUST0000147,SHELL,ACTIVE,2020-06-07,1042373.3,INR,1,158837.38,8,2,1,1
ACCT100008162,CUST0001143,CURRENT,ACTIVE,2021-01-26,7008.92,AED,2,49241.39,2,1,1,1
ACCT100008163,CUST0002202,CURRENT,ACTIVE,2017-09-25,6608.26,INR,1,38406.87,5,3,1,0
ACCT100008164,CUST0002939,SAVINGS,ACTIVE,2019-10-09,12742.62,INR,3,11773.87,3,2,1,1
ACCT100008165,CUST0002379,SAVINGS,ACTIVE,2017-09-08,1555.85,INR,1,16452.54,3,1,1,1
ACCT100008166,CUST0003884,SALARY,ACTIVE,2012-05-21,3149.93,INR,1,116353.98,1,1,1,1
ACCT100008167,CUST0003097,CURRENT,ACTIVE,2021-11-16,97430.38,INR,1,18289.41,5,3,1,1
ACCT100008168,CUST0003293,SAVINGS,ACTIVE,2014-10-18,45907.23,INR,1,3582.18,4,1,0,0
ACCT100008169,CUST0007826,SAVINGS,ACTIVE,2013-11-26,16695.87,USD,1,17247.82,4,3,1,1
ACCT100008170,CUST0007901,NRO,ACTIVE,2021-07-06,76329.43,INR,1,51790.93,4,2,1,0
ACCT100008171,CUST0003111,SALARY,ACTIVE,2012-12-19,27006.89,AED,1,5653.38,5,3,1,0
ACCT100008172,CUST0007925,SALARY,ACTIVE,2014-08-31,4859.77,INR,1,52260.73,2,3,1,1
ACCT100008173,CUST0000488,SAVINGS,BLOCKED,2013-03-21,2440.53,SGD,1,18945.17,2,2,0,1
ACCT100008174,CUST0001833,SALARY,ACTIVE,2020-02-07,9467.72,GBP,2,15353.44,2,2,1,1
ACCT100008175,CUST0007658,SAVINGS,ACTIVE,2018-07-13,9812.84,INR,1,9387.54,2,1,1,1
ACCT100008176,CUST0001019,SAVINGS,ACTIVE,2012-10-13,3731.71,SGD,1,5287.24,2,2,1,1
ACCT100008177,CUST0003230, CURRENT ,ACTIVE,2014-12-24,385118.41,INR,2,54240.26,5,2,1,1
ACCT100008178,CUST0000342,SALARY,ACTIVE,2012-01-23,18270.3,USD,1,89246.96,5,2,1,1
ACCT100008179,CUST0002234,CURRENT,ACTIVE,2016-09-14,7431.95,INR,1,42793.97,4,2,1,0
ACCT100008180,CUST0003808,SALARY,DORMANT,2021-05-01,17075.48,INR,1,23443.56,5,2,1,1
ACCT100008181,CUST0005155,NRE,ACTIVE,2016-01-20,99961.08,INR,1,103706.94,5,4,1,1
ACCT100008182,CUST0007859,SALARY,ACTIVE,2016-04-12,51019.6,SGD,1,46600.03,3,1,1,1
ACCT100008183,CUST0005989,NRE,ACTIVE,2018-02-19,1675701.15,USD,1,71675.08,4,2,1,1
ACCT100008184,CUST0002525,NRE,ACTIVE,2016-06-18,13480.96,AED,1,55035.41,5,2,1,0
ACCT100008185,CUST0007407,SHELL,ACTIVE,2017-01-02,687498.92,INR,2,1015512.67,10,1,1,1
ACCT100008186,CUST0004150,SALARY,ACTIVE,2015-04-06,3022.73,AED,1,26867.35,5,5,1,0
ACCT100008187,CUST0004015,SAVINGS,ACTIVE,2013-07-04,673.38,USD,2,10239.1,5,4,1,1
ACCT100008188,CUST0007981,CURRENT,ACTIVE,2015-02-11,556975.93,INR,2,49506.11,3,4,1,1
ACCT100008189,CUST0000232,SALARY,ACTIVE,2015-05-11,10170.46,USD,1,1887.86,1,1,1,1
ACCT100008190,CUST0007273,NRO,ACTIVE,2016-01-02,189092.09,AED,1,131360.89,7,1,1,1
ACCT100008191,CUST0007510,SAVINGS,DORMANT,2012-09-06,5863.84,INR,1,7234.33,5,1,1,1
ACCT100008192,CUST0000367,SALARY,ACTIVE,2015-09-11,12965.14,AED,1,16907.88,5,1,1,1
ACCT100008193,CUST0003637,SALARY,ACTIVE,2016-10-11,13158.31,SGD,1,18187.22,5,4,0,0
ACCT100008194,CUST0005571,SHELL,ACTIVE,2020-03-23,288329.28,GBP,3,71922.79,10,3,1,1
ACCT100008195,CUST0000494,CURRENT,ACTIVE,2014-03-13,53789.59,USD,1,17950.06,2,2,1,1
ACCT100008196,CUST0004034,SAVINGS,ACTIVE,2014-03-18,1198271.19,GBP,1,64212.29,4,1,0,1
ACCT100008197,CUST0006464,TRUST,ACTIVE,2018-09-12,92650.39,INR,1,554853.38,7,1,1,1
ACCT100008198,CUST0007724,SAVINGS,ACTIVE,2017-10-10,11815.95,INR,1,52747.75,5,2,1,1
ACCT100008199,CUST0005874,SAVINGS,ACTIVE,2020-02-19,165361.2,INR,2,54267.36,4,2,1,1
ACCT100008200,CUST0002992, SALARY ,ACTIVE,2020-03-07,10206.51,INR,1,20793.53,5,1,1,1
ACCT100008201,CUST0006345,savings,ACTIVE,2020-08-08,927.33,INR,2,5987.12,1,2,1,1
ACCT100008202,CUST0000039,TRUST,ACTIVE,2012-05-15,248198.21,INR,2,805483.08,10,1,1,1
ACCT100008203,CUST0001985,SALARY,ACTIVE,2018-07-03,464.0,INR,2,39377.17,4,3,1,1
ACCT100008204,CUST0001957,CURRENT,ACTIVE,2012-12-26,23337.45,SGD,1,74448.06,3,1,0,1
ACCT100008205,CUST0007953,CURRENT,ACTIVE,2015-12-14,102683.23,GBP,1,152874.57,2,2,0,1
ACCT100008206,CUST0003339,SAVINGS,ACTIVE,2014-05-16,6071.74,INR,2,28240.08,2,2,1,1
ACCT100008207,CUST0000267,NRE,CLOSED,2021-01-16,340789.55,INR,2,218836.65,7,1,1,1
ACCT100008208,CUST0005942,CURRENT,ACTIVE,2012-08-02,24860.52,USD,1,117230.97,5,1,1,1
ACCT100008209,CUST0006082,SAVINGS,ACTIVE,2012-07-01,84066.16,SGD,2,154690.74,1,5,1,1
ACCT100008210,CUST0007944,NRE,ACTIVE,2021-05-04,347521.24,USD,2,307357.72,7,2,1,1
ACCT100008211,CUST0002702,NRO,ACTIVE,2021-09-05,61363.9,INR,1,155200.93,4,2,1,0
ACCT100008212,CUST0001838,SALARY,ACTIVE,2014-03-20,2509.99,AED,1,16688.53,5,1,0,1
ACCT100008213,CUST0001643,SHELL,ACTIVE,2018-09-28,194199.07,INR,1,1703258.71,9,1,1,1
ACCT100008214,CUST0001860, CURRENT ,ACTIVE,2021-11-14,75661.69,SGD,2,15091.82,1,1,1,1
ACCT100008215,CUST0003472,savings,ACTIVE,2013-04-03,23382.4,SGD,2,3460.8,4,1,1,1
ACCT100008216,CUST0005959,TRUST,DORMANT,2012-05-24,857597.24,USD,1,72826.07,9,1,1,1
ACCT100008217,CUST0004769, SAVINGS ,ACTIVE,2020-09-01,30433.99,GBP,1,1405.69,4,1,0,1
ACCT100008218,CUST0002905,SALARY,ACTIVE,2013-06-13,43160.57,AED,3,4392.22,1,5,1,1
ACCT100008219,CUST0005766,CURRENT,ACTIVE,2019-09-09,14441.57,GBP,1,69859.95,5,1,1,1
ACCT100008220,CUST0001972,SAVINGS,ACTIVE,2019-08-24,15902.81,AED,1,74169.41,4,3,0,1
ACCT100008221,CUST0003720,CURRENT,ACTIVE,2018-11-20,80447.02,INR,1,1307.7,3,2,1,1
ACCT100008222,CUST0007927,CURRENT,ACTIVE,2013-06-21,19818.74,INR,3,104930.48,4,1,1,1
ACCT100008223,CUST0001950,NRE,CLOSED,2017-02-03,8788.54,USD,1,53734.73,4,2,1,1
ACCT100008224,CUST0000391,SAVINGS,DORMANT,2020-11-08,18299.56,USD,1,2208.72,1,1,0,1
ACCT100008225,CUST0006258,SHELL,DORMANT,2013-10-26,256382.25,INR,1,524313.68,8,1,1,1
ACCT100008226,CUST0000531,NRE,CLOSED,2012-09-02,10803.28,AED,1,39877.19,6,2,0,1
ACCT100008227,CUST0001599,SALARY,DORMANT,2015-11-20,2677.02,INR,1,8894.21,4,1,1,1
ACCT100008228,CUST0000515,CURRENT,DORMANT,2021-11-23,22758.06,USD,2,23134.93,5,3,1,1
ACCT100008229,CUST0006137,SALARY,ACTIVE,2019-11-19,4520.41,INR,3,2995.98,3,1,1,1
ACCT100008230,CUST0000970,TRUST,DORMANT,2016-02-29,513794.56,SGD,1,105568.46,9,1,1,1
ACCT100008231,CUST0006303,SHELL,DORMANT,2018-10-10,562549.71,INR,3,6364591.54,7,2,1,1
ACCT100008232,CUST0005039,NRO,ACTIVE,2014-02-27,43586.03,INR,1,27776.45,6,3,1,1
ACCT100008233,CUST0001789,SAVINGS,ACTIVE,2012-08-13,65864.93,INR,1,77247.79,5,2,1,0
ACCT100008234,CUST0005133,TRUST,ACTIVE,2019-05-03,1823324.12,USD,2,1882988.69,10,2,1,1
ACCT100008235,CUST0006239,SALARY,DORMANT,2012-06-14,43446.57,INR,2,9952.51,2,2,1,0
ACCT100008236,CUST0006827,SALARY,ACTIVE,2019-06-23,6951.78,AED,1,29133.36,4,1,1,1
ACCT100008237,CUST0001737,SAVINGS,ACTIVE,2012-07-27,15555.68,INR,1,6416.67,1,1,0,1
ACCT100008238,CUST0002707,SAVINGS,ACTIVE,2012-07-30,66114.91,INR,1,8698.78,1,5,1,0
ACCT100008239,CUST0001442,CURRENT,ACTIVE,2018-09-18,104024.67,SGD,1,7887.87,5,1,1,1
ACCT100008240,CUST0004836,SALARY,ACTIVE,2017-11-25,3962.18,INR,1,11538.42,4,1,1,1
ACCT100008241,CUST0004883,SALARY,ACTIVE,2013-07-24,8064.53,INR,1,18952.38,1,1,1,0
ACCT100008242,CUST0001810,CURRENT,ACTIVE,2018-07-06,61771.78,INR,1,26396.66,3,4,0,1
ACCT100008243,CUST0001345,NRE,ACTIVE,2013-01-29,348281.16,INR,1,153901.39,7,3,1,1
ACCT100008244,CUST0003712,SALARY,CLOSED,2016-11-06,21578.3,INR,1,1262.47,3,2,1,1
ACCT100008245,CUST0001117,CURRENT,ACTIVE,2017-12-11,11326.66,INR,2,477066.72,5,1,1,1
ACCT100008246,CUST0004083,CURRENT,ACTIVE,2014-03-11,32028.13,INR,1,14768.36,2,1,1,1
ACCT100008247,CUST0007984,SAVINGS,ACTIVE,2020-03-03,185894.85,INR,2,1455.18,5,3,1,0
ACCT100008248,CUST0000908,NRE,ACTIVE,2019-07-19,204039.37,USD,1,2080582.71,4,2,1,1
ACCT100008249,CUST0004840,SAVINGS,DORMANT,2012-12-12,21240.64,USD,2,8297.13,1,4,0,0
ACCT100008250,CUST0003398,NRO,ACTIVE,2021-11-08,152996.52,SGD,1,53776.8,7,3,1,1
ACCT100008251,CUST0004075,CURRENT,DORMANT,2017-08-24,19289.36,INR,3,62435.86,2,1,1,0
ACCT100008252,CUST0001939,CURRENT,ACTIVE,2014-10-03,314359.61,AED,1,11664.46,2,1,0,1
ACCT100008253,CUST0003482,SAVINGS,DORMANT,2018-05-20,16759.02,INR,2,5565.02,2,1,0,1
ACCT100008254,CUST0006182,SAVINGS,ACTIVE,2016-08-09,8370.35,USD,1,29939.05,4,1,1,1
ACCT100008255,CUST0005401,SAVINGS,ACTIVE,2013-07-03,17290.81,INR,3,454.88,5,1,1,1
ACCT100008256,CUST0003281,SALARY,ACTIVE,2015-08-17,285432.96,USD,1,32050.84,4,4,1,1
ACCT100008257,CUST0003852,SALARY,DORMANT,2016-04-19,88.45,USD,1,29319.45,4,2,1,1
ACCT100008258,CUST0001748,SALARY,ACTIVE,2014-03-11,60055.52,INR,1,12853.0,1,2,1,0
ACCT100008259,CUST0006207,NRE,BLOCKED,2016-02-16,39491.88,AED,2,51200.49,6,1,1,1
ACCT100008260,CUST0006312,SAVINGS,ACTIVE,2014-02-26,602488.04,INR,1,28685.84,4,1,1,1
ACCT100008261,CUST0000924,SAVINGS,ACTIVE,2018-07-10,5034.66,USD,1,11948.26,2,2,0,1
ACCT100008262,CUST0000646,TRUST,ACTIVE,2021-03-30,392436.52,GBP,1,568648.13,7,2,1,1
ACCT100008263,CUST0003772,SAVINGS,ACTIVE,2012-03-22,35769.34,INR,1,7132.02,2,1,1,1
ACCT100008264,CUST0007933,SAVINGS,ACTIVE,2018-02-14,13468.49,USD,3,6004.65,5,1,1,1
ACCT100008265,CUST0007536,TRUST,ACTIVE,2020-09-11,706744.56,USD,2,34156.92,10,1,0,0
ACCT100008266,CUST0004532,CURRENT,DORMANT,2016-09-23,52238.76,INR,1,19203.99,5,1,1,1
ACCT100008267,CUST0007679,TRUST,ACTIVE,2020-10-27,137472.24,INR,1,14774933.81,9,1,1,0
ACCT100008268,CUST0000663,NRE,ACTIVE,2016-03-29,121561.48,INR,1,142063.7,6,1,1,1
ACCT100008269,CUST0005343,TRUST,DORMANT,2014-10-22,70099.71,INR,1,147890.67,7,2,1,1
ACCT100008270,CUST0006274,SALARY,DORMANT,2019-12-12,2988.84,INR,1,2842.62,2,1,1,1
ACCT100008271,CUST0000993,SAVINGS,ACTIVE,2012-08-29,41005.03,INR,1,17470.07,1,1,0,1
ACCT100008272,CUST0003273,NRE,ACTIVE,2019-12-19,142764.55,SGD,1,120018.85,6,2,1,1
ACCT100008273,CUST0001178,CURRENT,ACTIVE,2013-01-21,83434.49,INR,2,135081.24,3,1,1,1
ACCT100008274,CUST0004753,SAVINGS,ACTIVE,2017-10-31,19006.88,AED,3,4342.07,5,3,1,1
ACCT100008275,CUST0001105,SAVINGS,CLOSED,2017-08-07,4847.03,INR,1,48116.18,4,1,1,1
ACCT100008276,CUST0006253,SAVINGS,ACTIVE,2015-11-04,3794.47,INR,2,7917.43,5,2,1,1
ACCT100008277,CUST0004894,SAVINGS,ACTIVE,2014-06-23,93653.3,INR,2,38414.89,5,2,0,1
ACCT100008278,CUST0002021,CURRENT,ACTIVE,2016-03-17,197155.17,SGD,1,151389.26,3,1,0,0
ACCT100008279,CUST0003632,TRUST,ACTIVE,2016-09-05,649095.8,INR,1,157419.96,7,1,0,1
ACCT100008280,CUST0007646,SAVINGS,ACTIVE,2016-02-09,8106.8,GBP,2,44513.34,2,1,1,1
ACCT100008281,CUST0003054,shell,ACTIVE,2017-09-10,428935.66,INR,1,364956.71,10,2,1,1
ACCT100008282,CUST0002932,CURRENT,ACTIVE,2012-10-25,713749.44,INR,1,9112.92,1,2,1,1
ACCT100008283,CUST0007228,NRE,ACTIVE,2016-04-24,3057470.84,USD,2,629306.21,6,2,0,1
ACCT100008284,CUST0007120,SAVINGS,DORMANT,2018-08-21,84529.54,SGD,1,3051.51,4,2,0,1
ACCT100008285,CUST0000371,NRO,ACTIVE,2016-08-01,494907.7,INR,1,173477.38,5,1,0,1
ACCT100008286,CUST0002581,SALARY,ACTIVE,2020-02-03,262649.86,INR,1,68476.73,3,1,1,1
ACCT100008287,CUST0002170,SAVINGS,CLOSED,2021-10-22,29441.31,INR,1,13539.5,1,2,1,1
ACCT100008288,CUST0002322,CURRENT,ACTIVE,2012-02-18,51242.47,GBP,1,15789.46,4,1,1,1
ACCT100008289,CUST0002843,SALARY,ACTIVE,2013-03-28,8296.78,INR,2,4604.8,4,1,1,1
ACCT100008290,CUST0006341,CURRENT,ACTIVE,2016-02-18,81204.16,INR,1,9214.45,4,4,1,1
ACCT100008291,CUST0007501,CURRENT,ACTIVE,2020-11-10,22519.21,INR,1,43019.64,3,5,0,0
ACCT100008292,CUST0006042,CURRENT,ACTIVE,2014-03-31,26979.31,AED,1,15043.38,5,1,1,1
ACCT100008293,CUST0002493,CURRENT,ACTIVE,2019-04-09,13680.53,INR,1,34194.29,4,2,1,1
ACCT100008294,CUST0002132,CURRENT,ACTIVE,2019-05-24,265905.3,INR,1,104178.88,2,1,1,1
ACCT100008295,CUST0004613,SALARY,DORMANT,2014-11-08,9814.3,INR,1,225.76,2,2,1,1
ACCT100008296,CUST0004877,TRUST,ACTIVE,2015-09-20,633314.34,USD,3,31040.92,7,2,1,0
ACCT100008297,CUST0001598,SAVINGS,ACTIVE,2014-08-10,63272.21,AED,3,5888.95,2,1,1,1
ACCT100008298,CUST0006970,CURRENT,ACTIVE,2017-01-09,18018.36,SGD,1,41722.98,3,5,1,1
ACCT100008299,CUST0006056,CURRENT,ACTIVE,2021-08-30,349144.57,INR,1,660859.62,1,2,0,1
ACCT100008300,CUST0004517,CURRENT,ACTIVE,2019-06-23,39880.03,USD,2,36868.92,3,2,1,0
ACCT100008301,CUST0000560,SALARY,BLOCKED,2013-12-29,1768.31,INR,2,13933.11,3,1,1,1
ACCT100008302,CUST0005801,CURRENT,ACTIVE,2013-05-14,12423.75,INR,1,1952.7,3,1,1,0
ACCT100008303,CUST0005293,SAVINGS,ACTIVE,2016-03-31,3898.84,INR,1,1032.82,4,3,1,0
ACCT100008304,CUST0004152,CURRENT,ACTIVE,2020-12-16,4153801.62,SGD,1,7170.21,1,2,1,1
ACCT100008305,CUST0004186,NRE,ACTIVE,2019-11-26,131838.4,GBP,1,282267.44,6,3,1,1
ACCT100008306,CUST0005391,TRUST,ACTIVE,2017-03-04,564846.23,INR,2,130165.64,8,1,1,1
ACCT100008307,CUST0004809,SAVINGS,ACTIVE,2015-10-10,4609.21,INR,1,22495.19,5,2,1,1
ACCT100008308,CUST0001468,SALARY,ACTIVE,2018-08-28,86156.45,GBP,1,563.93,3,2,1,1
ACCT100008309,CUST0006423,CURRENT,DORMANT,2013-09-05,31824.19,AED,2,65020.99,3,1,1,1
ACCT100008310,CUST0004601,SAVINGS,ACTIVE,2018-08-14,3196.07,USD,2,23065.77,4,1,0,1
ACCT100008311,CUST0002541, SALARY ,ACTIVE,2019-02-14,2531.41,SGD,1,41204.98,4,1,1,1
ACCT100008312,CUST0001813,CURRENT,DORMANT,2012-12-18,457534.86,INR,1,13025.33,1,3,1,1
ACCT100008313,CUST0006579,SAVINGS,ACTIVE,2017-06-05,1762.27,INR,1,2605.14,2,3,1,1
ACCT100008314,CUST0007844,NRO,ACTIVE,2015-06-16,410477.61,INR,2,88498.15,5,3,1,0
ACCT100008315,CUST0002978,CURRENT,BLOCKED,2016-07-16,13374.11,AED,1,10216.17,3,1,0,1
ACCT100008316,CUST0007106,TRUST,DORMANT,2016-11-29,83280.75,INR,2,746052.38,9,1,1,1
ACCT100008317,CUST0004306,SAVINGS,BLOCKED,2015-07-18,20306.43,INR,1,3327.74,4,1,1,1
ACCT100008318,CUST0004763,savings,ACTIVE,2020-01-02,4038.94,INR,3,7033.31,3,4,1,1
ACCT100008319,CUST0007922,SAVINGS,ACTIVE,2015-01-07,31287.55,AED,1,1814.72,4,1,1,1
ACCT100008320,CUST0004865,SALARY,ACTIVE,2018-03-11,2757.79,INR,1,6825.55,2,1,1,1
ACCT100008321,CUST0001364,NRE,ACTIVE,2013-07-07,827091.06,GBP,1,69629.14,5,1,1,1
ACCT100008322,CUST0006581,SALARY,ACTIVE,2018-10-10,86353.3,INR,1,2525.39,5,2,1,1
ACCT100008323,CUST0004311,NRE,ACTIVE,2016-08-16,123448.11,INR,2,135141.75,7,4,1,1
ACCT100008324,CUST0005286,CURRENT,ACTIVE,2017-09-17,383370.19,INR,1,10590.8,4,2,1,1
ACCT100008325,CUST0005234,SAVINGS,ACTIVE,2013-08-13,3879.36,USD,1,16148.93,3,2,1,1
ACCT100008326,CUST0005287,NRE,CLOSED,2020-09-22,55972.96,SGD,1,244650.88,6,1,0,1
ACCT100008327,CUST0002332,CURRENT,BLOCKED,2015-05-10,93758.69,INR,3,38771.29,4,2,1,1
ACCT100008328,CUST0002933,SALARY,DORMANT,2012-09-12,25083.21,INR,1,5679.57,2,4,0,1
ACCT100008329,CUST0005359,SAVINGS,ACTIVE,2020-05-19,3481.58,INR,1,32786.0,3,3,1,1
ACCT100008330,CUST0001437,SAVINGS,ACTIVE,2012-10-31,18369.95,INR,1,35312.05,1,1,1,1
ACCT100008331,CUST0005537,CURRENT,ACTIVE,2018-06-17,43121.6,USD,2,37565.13,2,3,1,1
ACCT100008332,CUST0006897,TRUST,DORMANT,2015-06-15,643928.98,AED,2,104778.02,9,3,1,1
ACCT100008333,CUST0007749,SALARY,ACTIVE,2013-07-14,206446.8,AED,1,10321.26,5,4,1,1
ACCT100008334,CUST0002594,SALARY,ACTIVE,2017-11-18,7769.74,INR,2,4714.37,1,1,1,1
ACCT100008335,CUST0000904,NRE,ACTIVE,2016-06-23,97105.0,USD,1,826827.82,6,3,1,1
ACCT100008336,CUST0006894,CURRENT,ACTIVE,2016-10-03,40942.27,INR,1,743067.84,5,1,1,1
ACCT100008337,CUST0004131,SAVINGS,ACTIVE,2012-07-20,2750.81,SGD,2,15745.06,1,1,0,1
ACCT100008338,CUST0007571, CURRENT ,ACTIVE,2018-07-20,390901.83,USD,1,41900.18,3,1,1,1
ACCT100008339,CUST0006714,SAVINGS,ACTIVE,2018-04-19,112541.05,USD,1,7870.29,1,2,1,0
ACCT100008340,CUST0007293,nro,DORMANT,2012-10-24,251334.64,AED,1,79030.05,6,3,1,1
ACCT100008341,CUST0003370,SALARY,BLOCKED,2018-01-15,12935.49,INR,1,5571.58,1,1,1,1
ACCT100008342,CUST0007864,SALARY,ACTIVE,2021-02-25,7521.49,INR,1,4901.13,2,1,1,1
ACCT100008343,CUST0007883,SAVINGS,ACTIVE,2021-10-11,95728.77,INR,1,21195.02,2,1,1,1
ACCT100008344,CUST0005949,SAVINGS,ACTIVE,2017-11-23,3094.87,INR,1,6237.3,4,1,0,1
ACCT100008345,CUST0005310,SALARY,ACTIVE,2015-08-28,23551.37,INR,2,13353.47,3,2,1,1
ACCT100008346,CUST0006814,SAVINGS,BLOCKED,2021-10-29,58248.39,INR,1,5123.75,3,1,1,0
ACCT100008347,CUST0006001,CURRENT,ACTIVE,2014-11-25,74607.94,USD,3,132946.11,5,2,0,1
ACCT100008348,CUST0005185,SALARY,ACTIVE,2015-01-25,16963.55,SGD,1,18867.06,1,1,1,1
ACCT100008349,CUST0006263,CURRENT,CLOSED,2018-11-12,18604.97,SGD,1,147699.53,4,3,1,1
ACCT100008350,CUST0004911,TRUST,ACTIVE,2015-01-20,1547018.12,AED,1,157422.83,10,1,1,1
ACCT100008351,CUST0001489,SAVINGS,ACTIVE,2019-06-16,13494.93,AED,2,5994.57,3,2,0,1
ACCT100008352,CUST0004343,CURRENT,ACTIVE,2017-01-21,4322.25,INR,2,8293.86,5,2,1,0
ACCT100008353,CUST0006410,NRO,ACTIVE,2020-12-26,50180.39,INR,2,106134.37,6,1,0,1
ACCT100008354,CUST0005708,SAVINGS,ACTIVE,2015-05-05,18010.64,AED,2,32487.95,4,5,1,1
ACCT100008355,CUST0006847,SALARY,ACTIVE,2018-12-31,7967.97,AED,1,1050.25,1,2,0,1
ACCT100008356,CUST0005438,SALARY,ACTIVE,2017-04-20,35398.91,USD,1,891.22,3,5,1,1
ACCT100008357,CUST0002020,NRO,CLOSED,2017-11-03,50283.18,INR,1,42113.5,5,3,1,1
ACCT100008358,CUST0000734,NRO,ACTIVE,2015-02-18,45080.74,AED,3,13184.64,5,1,1,1
ACCT100008359,CUST0000200,NRO,ACTIVE,2020-01-16,20919.99,INR,1,276100.78,6,1,1,1
ACCT100008360,CUST0005281,SALARY,ACTIVE,2021-01-23,1392.91,INR,1,11200.32,4,1,0,1
ACCT100008361,CUST0001978,SAVINGS,ACTIVE,2012-03-16,11316.25,AED,1,235843.83,1,1,1,1
ACCT100008362,CUST0004409,SAVINGS,ACTIVE,2019-02-04,45208.87,AED,1,35510.18,2,1,1,0
ACCT100008363,CUST0007225,NRE,ACTIVE,2017-07-18,68328.71,AED,1,43089.11,5,2,1,1
ACCT100008364,CUST0007990,CURRENT,ACTIVE,2018-03-05,6331.35,USD,1,107281.74,3,1,1,1
ACCT100008365,CUST0001293,SAVINGS,ACTIVE,2019-08-31,14873.52,INR,1,1976.44,5,1,1,0
ACCT100008366,CUST0005922, SALARY ,DORMANT,2016-10-26,1561.16,GBP,1,11859.0,1,1,1,0
ACCT100008367,CUST0006550,NRE,ACTIVE,2014-11-30,187273.37,INR,2,124450.61,4,2,1,1
ACCT100008368,CUST0001323,NRO,ACTIVE,2013-08-02,124725.61,SGD,1,193097.7,5,1,1,1
ACCT100008369,CUST0001808, SAVINGS ,ACTIVE,2014-02-11,2811.1,AED,1,10618.94,1,2,1,0
ACCT100008370,CUST0006218,SAVINGS,ACTIVE,2014-03-06,8563.06,INR,3,8358.62,5,1,1,1
ACCT100008371,CUST0003418,SALARY,ACTIVE,2021-04-12,81895.1,GBP,2,1019.69,4,1,1,1
ACCT100008372,CUST0002600,SAVINGS,ACTIVE,2015-10-07,96364.66,SGD,1,7178.89,1,1,0,1
ACCT100008373,CUST0000537,SAVINGS,ACTIVE,2020-06-11,104238.78,USD,1,3123.77,5,2,1,1
ACCT100008374,CUST0007013, SAVINGS ,CLOSED,2012-03-29,44453.43,SGD,1,15831.15,3,2,0,1
ACCT100008375,CUST0001805,SAVINGS,ACTIVE,2015-03-18,2762.87,INR,1,22256.72,1,1,0,1
ACCT100008376,CUST0002217,nro,ACTIVE,2013-12-12,97676.16,USD,1,97680.53,4,1,1,1
ACCT100008377,CUST0000949,NRE,ACTIVE,2020-08-02,152886.3,INR,1,100488.64,4,2,1,1
ACCT100008378,CUST0007602,CURRENT,ACTIVE,2017-12-25,24295.91,USD,1,65862.33,4,2,1,1
ACCT100008379,CUST0004347,SALARY,ACTIVE,2020-11-18,21156.51,INR,3,6640.41,5,1,1,1
ACCT100008380,CUST0001843,SALARY,ACTIVE,2021-02-28,215499.79,INR,1,6201.48,2,2,0,0
ACCT100008381,CUST0007427, SHELL ,DORMANT,2017-05-13,4464984.88,INR,1,339119.44,10,2,1,0
ACCT100008382,CUST0002653,SAVINGS,ACTIVE,2019-01-28,10560.43,SGD,1,32182.17,5,1,1,1
ACCT100008383,CUST0003072,CURRENT,ACTIVE,2015-11-04,155107.02,INR,1,90427.73,4,1,1,1
ACCT100008384,CUST0003012,TRUST,ACTIVE,2021-04-22,166769.09,INR,1,184193.77,9,3,1,1
ACCT100008385,CUST0005103,CURRENT,ACTIVE,2015-01-08,88667.86,INR,1,48723.0,3,2,0,1
ACCT100008386,CUST0001638,NRE,ACTIVE,2016-10-11,817729.72,INR,1,232113.18,4,3,1,1
ACCT100008387,CUST0005225,SAVINGS,ACTIVE,2019-05-30,31061.04,SGD,1,2410.38,2,2,1,1
ACCT100008388,CUST0001014,SAVINGS,ACTIVE,2018-03-08,68421.11,INR,1,63734.7,4,2,1,1
ACCT100008389,CUST0007159,NRO,ACTIVE,2019-01-31,13541.34,INR,1,17284.92,6,1,1,1
ACCT100008390,CUST0005876,SALARY,ACTIVE,2012-11-02,21642.36,GBP,1,13041.87,5,1,1,1
ACCT100008391,CUST0002390,NRE,ACTIVE,2018-08-26,22471.92,INR,1,975697.73,4,2,1,1
ACCT100008392,CUST0006862,SAVINGS,ACTIVE,2018-12-15,35175.22,USD,1,30673.63,4,4,1,1
ACCT100008393,CUST0002369,SAVINGS,ACTIVE,2018-06-01,11732.66,INR,1,23024.28,4,1,1,1
ACCT100008394,CUST0002596,SAVINGS,ACTIVE,2017-05-06,3512.64,USD,1,42509.88,1,3,1,1
ACCT100008395,CUST0004504,NRE,ACTIVE,2012-09-19,47181.28,INR,1,30213.78,5,2,1,1
ACCT100008396,CUST0006345,SAVINGS,ACTIVE,2014-01-06,51991.22,GBP,1,100605.02,3,1,1,1
ACCT100008397,CUST0005651,SALARY,ACTIVE,2021-10-09,3112.48,INR,1,13317.64,5,1,1,1
ACCT100008398,CUST0003955,CURRENT,ACTIVE,2020-02-29,13105.47,INR,1,32315.81,5,2,1,1
ACCT100008399,CUST0003336,SALARY,ACTIVE,2012-02-23,86836.97,INR,1,19813.14,1,3,0,1
ACCT100008400,CUST0007682,current,DORMANT,2020-09-08,12303.0,INR,3,4527.53,3,2,1,1
ACCT100008401,CUST0005150,SAVINGS,ACTIVE,2013-09-10,23912.82,SGD,2,11601.02,2,2,0,1
ACCT100008402,CUST0002846,SALARY,ACTIVE,2014-06-28,6916.98,USD,1,3038.36,2,1,1,1
ACCT100008403,CUST0003372,SALARY,ACTIVE,2015-09-04,486824.11,SGD,3,12849.07,5,2,1,1
ACCT100008404,CUST0000449,NRE,DORMANT,2015-11-18,308236.72,INR,1,406349.86,6,1,1,0
ACCT100008405,CUST0001627,NRE,ACTIVE,2012-05-30,811464.48,SGD,1,447829.41,4,3,1,1
ACCT100008406,CUST0002025,SAVINGS,ACTIVE,2019-04-24,49400.94,AED,1,14952.24,4,3,1,1
ACCT100008407,CUST0002214,CURRENT,ACTIVE,2021-11-17,52602.24,USD,1,23478.44,5,3,1,1
ACCT100008408,CUST0002931,SALARY,ACTIVE,2015-07-14,2230.34,INR,2,2165.36,4,2,0,1
ACCT100008409,CUST0001144,SALARY,ACTIVE,2016-08-19,36157.75,INR,2,1459.93,5,1,1,1
ACCT100008410,CUST0004865,SHELL,ACTIVE,2021-06-29,241006.92,USD,2,1117770.82,9,4,1,0
ACCT100008411,CUST0006431,SAVINGS,ACTIVE,2015-06-21,7575.19,INR,2,938.91,1,3,1,1
ACCT100008412,CUST0002340,SALARY,ACTIVE,2018-07-06,74196.91,AED,1,769.05,1,1,0,1
ACCT100008413,CUST0004745, SAVINGS ,ACTIVE,2013-11-27,21221.71,INR,2,73353.71,2,1,0,1
ACCT100008414,CUST0005379,SAVINGS,ACTIVE,2020-02-07,254038.02,INR,1,9131.36,2,3,0,1
ACCT100008415,CUST0001649,CURRENT,DORMANT,2016-03-07,1104240.64,USD,1,16145.11,1,5,1,1
ACCT100008416,CUST0007095,SALARY,CLOSED,2015-09-10,14437.26,AED,1,8177.87,2,1,1,1
ACCT100008417,CUST0006123,SAVINGS,DORMANT,2013-12-23,2756.35,INR,3,5427.97,5,1,0,1
ACCT100008418,CUST0002711,SAVINGS,ACTIVE,2020-12-21,25643.36,INR,1,1781.77,1,1,0,1
ACCT100008419,CUST0004919,CURRENT,ACTIVE,2020-08-22,8994.54,USD,1,17118.62,5,1,0,1
ACCT100008420,CUST0000264,SAVINGS,ACTIVE,2016-08-19,300547.06,INR,1,5533.16,4,1,1,1
ACCT100008421,CUST0003470,SAVINGS,ACTIVE,2021-09-10,132647.06,USD,1,27603.0,5,2,0,1
ACCT100008422,CUST0000230,NRE,ACTIVE,2013-09-29,114546.29,USD,1,590378.3,5,3,1,1
ACCT100008423,CUST0002682,SALARY,ACTIVE,2013-11-28,39773.49,GBP,1,5865.72,4,3,0,1
ACCT100008424,CUST0006381,SALARY,ACTIVE,2012-11-27,48109.14,USD,1,3146.16,3,5,1,1
ACCT100008425,CUST0007053,NRE,ACTIVE,2013-04-21,85914.94,USD,2,79435.17,5,1,1,1
ACCT100008426,CUST0001164, SAVINGS ,ACTIVE,2018-11-01,33071.97,USD,1,35593.83,1,2,1,1
ACCT100008427,CUST0007655,SAVINGS,BLOCKED,2016-02-28,38379.22,USD,1,45395.93,3,2,1,1
ACCT100008428,CUST0003275,SAVINGS,ACTIVE,2016-10-15,16214.52,INR,1,24237.49,1,2,1,0
ACCT100008429,CUST0000652,NRO,ACTIVE,2015-07-30,70255.9,GBP,1,76857.68,6,2,1,1
ACCT100008430,CUST0007246,NRE,ACTIVE,2014-10-12,21019.03,GBP,2,285302.66,4,2,1,1
ACCT100008431,CUST0000716,SAVINGS,ACTIVE,2020-10-30,9560.64,INR,1,2852.87,4,2,0,1
ACCT100008432,CUST0003134, CURRENT ,ACTIVE,2020-09-15,3758.04,AED,1,26165.83,2,1,0,1
ACCT100008433,CUST0001959,SALARY,ACTIVE,2013-11-14,16160.66,SGD,1,31649.84,3,1,1,1
ACCT100008434,CUST0002825,SALARY,ACTIVE,2014-06-19,11133.99,INR,1,5602.51,4,1,1,1
ACCT100008435,CUST0000125,NRO,DORMANT,2013-12-09,953646.17,INR,1,28385.49,7,1,1,1
ACCT100008436,CUST0002327,SAVINGS,ACTIVE,2021-02-13,25439.27,INR,1,13558.35,5,4,0,1
ACCT100008437,CUST0003988,TRUST,ACTIVE,2020-10-17,441434.5,INR,1,11925.57,10,1,0,1
ACCT100008438,CUST0003248,NRO,ACTIVE,2015-12-16,28754.31,INR,1,196777.96,7,1,0,1
ACCT100008439,CUST0003619,CURRENT,ACTIVE,2013-08-03,11623.48,AED,1,81816.21,1,2,0,1
ACCT100008440,CUST0003355,SAVINGS,ACTIVE,2012-04-07,4205.08,USD,1,21040.65,4,4,0,1
ACCT100008441,CUST0000994,salary,ACTIVE,2019-04-14,9593.89,USD,1,9732.28,3,3,1,1
ACCT100008442,CUST0007613,SALARY,ACTIVE,2014-05-11,56928.1,INR,2,39575.77,4,1,1,1
ACCT100008443,CUST0004964,SAVINGS,ACTIVE,2019-08-10,3603.9,AED,1,20690.27,1,2,1,1
ACCT100008444,CUST0005174,TRUST,DORMANT,2019-07-31,197315.02,INR,1,290503.74,8,5,1,0
ACCT100008445,CUST0000386,SALARY,ACTIVE,2012-05-11,21769.99,INR,1,250710.7,2,1,0,1
ACCT100008446,CUST0006702,CURRENT,ACTIVE,2019-03-08,1056581.7,SGD,1,8643.29,2,3,1,0
ACCT100008447,CUST0001771,SALARY,ACTIVE,2016-06-04,59691.76,INR,2,1737.43,2,5,0,1
ACCT100008448,CUST0003599,CURRENT,ACTIVE,2018-03-04,88141.51,INR,1,30253.49,2,1,1,0
ACCT100008449,CUST0000917,SAVINGS,ACTIVE,2015-06-16,13273.84,USD,1,49975.3,1,1,1,1
ACCT100008450,CUST0001763,NRE,ACTIVE,2012-03-03,188416.85,USD,1,100617.99,7,3,1,0
ACCT100008451,CUST0002284,savings,ACTIVE,2014-04-03,17114.53,INR,2,9996.23,2,1,0,1
ACCT100008452,CUST0002233,NRE,ACTIVE,2012-08-27,63496.44,INR,3,15477.68,7,1,0,1
ACCT100008453,CUST0006413,SAVINGS,ACTIVE,2016-11-22,54815.99,INR,1,1064.3,4,4,1,0
ACCT100008454,CUST0005311,CURRENT,ACTIVE,2018-05-27,83301.11,INR,2,258047.01,5,1,1,1
ACCT100008455,CUST0004343,CURRENT,ACTIVE,2017-12-20,45846.89,AED,1,629456.28,5,1,1,1
ACCT100008456,CUST0005730,CURRENT,ACTIVE,2012-01-15,24648.59,GBP,1,34302.56,3,2,1,1
ACCT100008457,CUST0006386,CURRENT,ACTIVE,2019-10-17,4409.57,AED,1,16173.16,2,3,1,1
ACCT100008458,CUST0002329,SALARY,ACTIVE,2020-02-13,7868.7,USD,1,2662.02,4,3,1,1
ACCT100008459,CUST0001258,CURRENT,DORMANT,2013-05-19,34246.15,SGD,1,112712.68,1,4,0,0
ACCT100008460,CUST0006129,NRE,ACTIVE,2016-10-17,83977.74,INR,1,66353.22,7,1,1,0
ACCT100008461,CUST0002472,SAVINGS,ACTIVE,2018-03-05,194.94,USD,2,11783.72,3,3,1,1
ACCT100008462,CUST0006294,CURRENT,ACTIVE,2020-10-23,45052.63,INR,2,17456.6,3,2,1,0
ACCT100008463,CUST0002781,SAVINGS,ACTIVE,2020-07-31,4242.6,INR,1,8109.11,5,5,1,0
ACCT100008464,CUST0003716,CURRENT,ACTIVE,2019-10-12,10152.73,INR,2,69628.14,4,2,0,1
ACCT100008465,CUST0001168,SAVINGS,ACTIVE,2018-08-02,41296.52,INR,3,95231.95,2,3,0,0
ACCT100008466,CUST0002422,NRO,ACTIVE,2019-01-04,16369.63,SGD,1,165450.72,6,2,0,1
ACCT100008467,CUST0003255,CURRENT,ACTIVE,2020-05-03,482454.27,INR,1,56737.94,4,1,1,1
ACCT100008468,CUST0002140,salary,ACTIVE,2017-01-08,8926.16,GBP,1,5463.54,3,3,1,1
ACCT100008469,CUST0002262,nre,ACTIVE,2015-05-16,323681.11,INR,1,38604.33,5,2,1,1
ACCT100008470,CUST0005709,CURRENT,ACTIVE,2020-10-07,724999.07,AED,3,12338.16,2,3,0,1
ACCT100008471,CUST0005350,NRO,ACTIVE,2013-05-23,85893.15,SGD,1,30267.91,7,4,1,0
ACCT100008472,CUST0002770,CURRENT,ACTIVE,2012-08-13,84280.41,INR,1,18971.07,4,2,1,1
ACCT100008473,CUST0004777,SALARY,ACTIVE,2012-05-03,10300.19,AED,1,9485.22,2,2,1,1
ACCT100008474,CUST0004637,savings,ACTIVE,2015-08-30,80184.78,INR,1,149373.51,5,3,1,1
ACCT100008475,CUST0003477,CURRENT,ACTIVE,2014-03-28,122195.23,USD,1,4698.54,4,4,0,1
ACCT100008476,CUST0004588,SAVINGS,ACTIVE,2013-01-29,2528.27,INR,1,5737.9,4,1,1,1
ACCT100008477,CUST0000504,SAVINGS,ACTIVE,2017-10-09,665.99,SGD,3,31223.47,3,2,1,1
ACCT100008478,CUST0005531,CURRENT,DORMANT,2012-12-06,43571.5,AED,1,22040.0,1,1,1,1
ACCT100008479,CUST0004352,NRE,ACTIVE,2016-10-10,936335.93,SGD,1,1177831.03,5,3,1,1
ACCT100008480,CUST0006765,NRO,ACTIVE,2016-05-11,25406.54,INR,1,446694.91,4,2,1,1
ACCT100008481,CUST0006377,SALARY,ACTIVE,2013-01-03,11083.43,AED,2,27732.39,4,3,1,1
ACCT100008482,CUST0001279,SHELL,ACTIVE,2013-08-10,87525.34,GBP,1,555230.93,7,2,1,1
ACCT100008483,CUST0000965,TRUST,DORMANT,2020-05-14,38946.02,AED,1,58954.41,7,1,1,1
ACCT100008484,CUST0000393,SALARY,ACTIVE,2018-11-14,2064.17,INR,2,30410.73,5,1,0,1
ACCT100008485,CUST0002359,SAVINGS,ACTIVE,2018-04-30,84136.73,USD,3,74230.94,5,1,1,1
ACCT100008486,CUST0000638,SAVINGS,ACTIVE,2021-09-13,483.96,INR,1,1362.57,1,1,0,1
ACCT100008487,CUST0005303,SALARY,ACTIVE,2015-05-10,3320.7,AED,3,1764.28,4,1,0,1
ACCT100008488,CUST0001460,CURRENT,ACTIVE,2016-11-12,4178.2,GBP,1,12083.58,4,1,1,1
ACCT100008489,CUST0007376,SAVINGS,ACTIVE,2020-01-24,1682.9,GBP,1,16631.82,2,2,1,0
ACCT100008490,CUST0006483,NRO,ACTIVE,2016-01-19,507749.41,USD,2,208332.18,6,1,0,1
ACCT100008491,CUST0004055,SAVINGS,ACTIVE,2014-05-15,24381.17,INR,1,15346.82,2,2,1,1
ACCT100008492,CUST0003744,NRE,ACTIVE,2014-10-14,266518.27,INR,1,208997.17,4,2,1,1
ACCT100008493,CUST0005059,CURRENT,ACTIVE,2014-02-16,52332.9,SGD,1,38081.15,1,4,0,1
ACCT100008494,CUST0007628, CURRENT ,DORMANT,2018-08-02,45225.38,INR,2,66516.24,2,2,1,1
ACCT100008495,CUST0004712,SALARY,ACTIVE,2017-09-19,10611.18,SGD,1,15743.26,1,4,1,1
ACCT100008496,CUST0007048,CURRENT,DORMANT,2021-05-24,46003.5,SGD,1,12809.71,2,2,1,0
ACCT100008497,CUST0005546,SALARY,ACTIVE,2013-04-16,12112.71,INR,2,3654.27,4,3,1,1
ACCT100008498,CUST0002705,SALARY,BLOCKED,2014-05-11,20888.22,INR,2,63345.51,2,2,1,1
ACCT100008499,CUST0005195,SALARY,ACTIVE,2016-04-25,6447.27,SGD,1,9581.63,2,4,0,0
ACCT100008500,CUST0000809,SHELL,ACTIVE,2012-01-29,1481314.62,INR,1,127127.18,8,2,1,0
ACCT100008501,CUST0004641,SAVINGS,ACTIVE,2019-02-05,100258.19,INR,1,54054.62,5,1,1,1
ACCT100008502,CUST0005668,CURRENT,ACTIVE,2018-05-01,59545.2,AED,2,12865.51,1,3,1,1
ACCT100008503,CUST0001393,CURRENT,ACTIVE,2013-07-11,417293.93,INR,1,54397.18,1,3,1,1
ACCT100008504,CUST0006747,NRO,ACTIVE,2013-04-19,8479.99,INR,1,120875.65,5,2,1,1
ACCT100008505,CUST0004319,SALARY,DORMANT,2013-05-05,45655.48,INR,1,16034.48,1,2,0,1
ACCT100008506,CUST0001453,TRUST,ACTIVE,2020-12-16,630179.28,INR,1,534729.68,8,1,0,1
ACCT100008507,CUST0006537,NRE,ACTIVE,2016-05-26,61066.56,INR,3,300648.83,7,1,1,1
ACCT100008508,CUST0000787,SAVINGS,ACTIVE,2016-02-08,9773.61,INR,1,8157.72,3,2,1,1
ACCT100008509,CUST0000601,SALARY,ACTIVE,2014-10-03,29574.15,INR,2,4837.91,5,4,1,1
ACCT100008510,CUST0005971,SAVINGS,ACTIVE,2014-12-11,6467.84,INR,1,4571.15,3,1,1,1
ACCT100008511,CUST0003622,SALARY,ACTIVE,2019-04-01,138343.59,INR,1,7054.37,4,5,1,1
ACCT100008512,CUST0002347,SAVINGS,ACTIVE,2018-08-14,3486.0,INR,1,18102.63,2,1,1,1
ACCT100008513,CUST0007242,CURRENT,ACTIVE,2016-03-14,7356.72,INR,1,54563.92,2,1,0,1
ACCT100008514,CUST0003238,SALARY,DORMANT,2017-09-02,80367.62,SGD,1,2894.51,2,1,1,0
ACCT100008515,CUST0001609,SAVINGS,ACTIVE,2015-11-14,52314.99,USD,3,955.31,3,4,1,1
ACCT100008516,CUST0001096,NRE,ACTIVE,2012-07-25,20388207.42,INR,1,198546.49,6,1,1,1
ACCT100008517,CUST0006133,CURRENT,ACTIVE,2020-08-18,4698.03,GBP,1,23372.81,3,2,1,1
ACCT100008518,CUST0001084,NRO,ACTIVE,2019-04-15,52800.21,USD,1,150047.23,6,1,0,1
ACCT100008519,CUST0001921,CURRENT,ACTIVE,2021-06-03,14911.83,INR,1,57559.89,5,1,1,1
ACCT100008520,CUST0005269,NRE,ACTIVE,2021-07-17,145677.72,INR,1,473261.07,4,4,1,1
ACCT100008521,CUST0004030,SAVINGS,ACTIVE,2019-11-28,14679.59,USD,1,57845.27,5,2,1,1
ACCT100008522,CUST0007656,SALARY,ACTIVE,2015-01-27,184949.84,USD,1,1362.73,1,1,1,1
ACCT100008523,CUST0000260,NRE,ACTIVE,2017-05-31,64700.61,INR,1,620140.74,7,2,1,1
ACCT100008524,CUST0006643,NRE,ACTIVE,2021-06-05,432096.46,INR,1,9460.6,6,1,1,1
ACCT100008525,CUST0000850,SALARY,ACTIVE,2012-05-27,35093.19,GBP,1,3262.81,4,2,0,0
ACCT100008526,CUST0007662,SALARY,ACTIVE,2018-12-23,8679.1,INR,1,22445.5,4,1,1,1
ACCT100008527,CUST0003562,NRE,ACTIVE,2018-05-17,599102.22,INR,2,1564509.89,4,2,1,1
ACCT100008528,CUST0000334,CURRENT,ACTIVE,2015-01-03,52511.09,AED,2,10412.93,2,1,1,1
ACCT100008529,CUST0001147,NRE,CLOSED,2014-12-07,456508.31,USD,2,476764.35,4,1,0,1
ACCT100008530,CUST0005268,SALARY,ACTIVE,2015-09-04,8873.68,USD,1,6499.85,4,2,1,1
ACCT100008531,CUST0000816,SAVINGS,ACTIVE,2021-08-08,1955.7,GBP,1,53361.42,3,1,1,1
ACCT100008532,CUST0004900,NRE,ACTIVE,2012-08-13,154957.98,INR,1,112107.84,5,2,1,1
ACCT100008533,CUST0001538,CURRENT,ACTIVE,2015-12-24,1109602.46,INR,2,228811.35,2,1,1,1
ACCT100008534,CUST0004528,NRO,ACTIVE,2015-05-01,117333.62,INR,3,33688.78,5,1,1,1
ACCT100008535,CUST0004303,CURRENT,ACTIVE,2019-11-14,59454.91,INR,1,113186.29,1,2,1,1
ACCT100008536,CUST0007698,SAVINGS,ACTIVE,2021-05-29,274434.36,USD,2,21818.89,5,1,1,1
ACCT100008537,CUST0007001,CURRENT,ACTIVE,2017-11-24,4413.71,INR,3,57029.57,3,1,1,1
ACCT100008538,CUST0007070, SAVINGS ,ACTIVE,2013-08-26,16905.24,INR,1,25444.58,4,1,1,1
ACCT100008539,CUST0000355,current,ACTIVE,2016-03-01,5388.24,INR,1,93312.26,1,1,1,1
ACCT100008540,CUST0007560,SALARY,ACTIVE,2013-10-12,3511.18,USD,2,8957.18,5,1,0,0
ACCT100008541,CUST0003678,SALARY,ACTIVE,2017-11-02,12190.24,INR,1,7222.31,1,3,1,1
ACCT100008542,CUST0005624,NRO,ACTIVE,2015-10-17,724116.15,INR,1,276274.28,5,1,1,1
ACCT100008543,CUST0007385,SAVINGS,ACTIVE,2021-11-17,8058.71,USD,2,148420.52,4,2,0,1
ACCT100008544,CUST0001351,NRE,ACTIVE,2021-05-26,293277.62,INR,1,113659.19,7,2,1,1
ACCT100008545,CUST0002129,SALARY,ACTIVE,2015-04-17,7472.11,AED,2,8007.2,1,1,1,1
ACCT100008546,CUST0000736,TRUST,ACTIVE,2017-11-07,988288.02,USD,1,587471.71,10,1,1,1
ACCT100008547,CUST0005785,NRE,ACTIVE,2019-01-12,586638.85,INR,1,176768.66,6,1,0,1
ACCT100008548,CUST0002032,SAVINGS,ACTIVE,2021-05-02,165462.21,INR,1,2918.78,5,3,1,1
ACCT100008549,CUST0001884,NRO,DORMANT,2021-07-10,240316.39,INR,1,18742.67,6,2,1,1
ACCT100008550,CUST0000372,NRO,ACTIVE,2014-04-03,235480.6,AED,2,52287.74,6,2,1,1
ACCT100008551,CUST0004646,NRE,ACTIVE,2021-06-02,184609.33,INR,3,15682.49,5,1,0,1
ACCT100008552,CUST0001544,CURRENT,ACTIVE,2019-03-12,1378345.52,SGD,1,41731.96,5,1,1,1
ACCT100008553,CUST0003132,NRE,ACTIVE,2018-03-09,279398.97,INR,2,326655.25,6,2,1,1
ACCT100008554,CUST0005398,CURRENT,ACTIVE,2021-04-11,42199.14,INR,1,25964.15,3,1,1,0
ACCT100008555,CUST0004262,CURRENT,ACTIVE,2012-07-28,353980.42,INR,1,10989.4,3,1,1,1
ACCT100008556,CUST0004422,SALARY,ACTIVE,2016-04-04,47124.45,INR,1,15445.76,4,2,1,1
ACCT100008557,CUST0007372,SAVINGS,ACTIVE,2014-06-03,4113.69,SGD,1,6892.65,5,1,0,1
ACCT100008558,CUST0003677,SALARY,ACTIVE,2016-08-04,49679.77,INR,1,7627.84,4,4,1,1
ACCT100008559,CUST0005342,CURRENT,ACTIVE,2019-07-15,12124.83,AED,1,57498.38,1,1,0,1
ACCT100008560,CUST0006076,NRO,ACTIVE,2016-08-11,305689.3,SGD,1,64373.36,4,1,1,0
ACCT100008561,CUST0000480,CURRENT,CLOSED,2013-03-11,9030.71,USD,1,44317.21,2,1,1,1
ACCT100008562,CUST0007944,SALARY,ACTIVE,2019-10-19,12553.72,INR,1,40771.3,3,1,1,0
ACCT100008563,CUST0007933,SAVINGS,CLOSED,2021-11-20,67844.66,INR,2,1674.2,2,2,1,1
ACCT100008564,CUST0004723,CURRENT,ACTIVE,2016-08-24,53708.8,INR,1,23459.78,5,2,1,1
ACCT100008565,CUST0002174, SAVINGS ,ACTIVE,2019-09-20,4604.33,INR,1,1541.2,1,4,1,1
ACCT100008566,CUST0001521,SAVINGS,ACTIVE,2015-09-19,700.97,AED,2,970.51,2,1,1,1
ACCT100008567,CUST0004608,SAVINGS,ACTIVE,2012-02-21,12776.18,USD,1,1817.66,1,3,1,1
ACCT100008568,CUST0007642,SALARY,ACTIVE,2013-05-24,34934.39,USD,1,13039.57,4,2,1,0
ACCT100008569,CUST0006321,NRE,DORMANT,2015-12-29,683351.81,GBP,1,182327.11,4,2,1,1
ACCT100008570,CUST0000694,SAVINGS,DORMANT,2018-02-13,129519.18,INR,1,6169.9,5,1,1,0
ACCT100008571,CUST0000021,CURRENT,ACTIVE,2021-11-06,49409.53,INR,3,12252.64,5,1,1,1
ACCT100008572,CUST0003639,nro,ACTIVE,2018-05-29,213101.08,USD,3,71697.59,4,1,1,1
ACCT100008573,CUST0000484,SAVINGS,ACTIVE,2014-03-23,6605.61,INR,2,11048.78,3,1,1,1
ACCT100008574,CUST0007693,SAVINGS,ACTIVE,2015-06-05,4434.65,AED,1,46936.18,1,3,0,0
ACCT100008575,CUST0005382,NRE,ACTIVE,2013-05-28,19283.83,INR,1,88625.24,7,1,0,1
ACCT100008576,CUST0004246,SAVINGS,ACTIVE,2016-01-13,30785.72,AED,1,2991.53,5,1,0,0
ACCT100008577,CUST0006992, CURRENT ,ACTIVE,2012-05-15,91082.31,INR,1,399858.03,1,1,0,0
ACCT100008578,CUST0004818,CURRENT,ACTIVE,2013-09-25,34919.23,USD,2,270673.32,4,2,1,1
ACCT100008579,CUST0000672,SALARY,ACTIVE,2020-06-25,85277.4,INR,1,1000.05,3,1,1,1
ACCT100008580,CUST0007806,SAVINGS,ACTIVE,2017-09-15,8469.54,USD,2,3411.54,3,4,1,1
ACCT100008581,CUST0007057,CURRENT,ACTIVE,2015-08-10,1399079.11,INR,2,276123.44,5,2,1,1
ACCT100008582,CUST0007153,SALARY,DORMANT,2014-07-10,3131.48,INR,1,5856.28,3,1,1,1
ACCT100008583,CUST0005224,SAVINGS,ACTIVE,2020-03-08,12543.21,USD,2,29633.02,5,3,1,1
ACCT100008584,CUST0003558,SAVINGS,ACTIVE,2013-03-12,9897.56,USD,2,35278.08,1,2,1,1
ACCT100008585,CUST0006654,CURRENT,BLOCKED,2014-03-21,112328.53,USD,1,1296.07,2,4,1,0
ACCT100008586,CUST0006030,TRUST,ACTIVE,2017-01-09,327541.18,USD,2,98314.07,10,1,1,0
ACCT100008587,CUST0006824,TRUST,ACTIVE,2013-08-16,53943.82,INR,1,170700.73,8,1,1,0
ACCT100008588,CUST0000383,NRE,ACTIVE,2018-08-08,9462.22,INR,1,16441.1,4,1,1,1
ACCT100008589,CUST0005235,SAVINGS,ACTIVE,2013-08-16,51482.15,AED,1,8016.93,5,1,0,0
ACCT100008590,CUST0004136,SALARY,ACTIVE,2014-04-23,1439.42,SGD,2,2410.38,5,1,0,1
ACCT100008591,CUST0007029,TRUST,DORMANT,2012-04-23,116879.14,INR,2,284388.95,7,1,1,1
ACCT100008592,CUST0005227,SALARY,ACTIVE,2021-01-08,28894.1,INR,1,5553.24,3,2,1,0
ACCT100008593,CUST0006316,SALARY,ACTIVE,2020-01-05,23575.92,INR,1,5772.61,4,2,1,1
ACCT100008594,CUST0006779,SAVINGS,ACTIVE,2016-10-07,2401.91,USD,2,15021.3,3,2,1,1
ACCT100008595,CUST0003384,SALARY,ACTIVE,2014-12-06,4656.02,INR,1,2470.83,3,1,1,1
ACCT100008596,CUST0006417,NRE,DORMANT,2020-02-17,1071149.07,USD,1,159536.79,4,1,1,1
ACCT100008597,CUST0000529,savings,ACTIVE,2021-08-19,12723.02,SGD,3,6208.47,3,1,1,1
ACCT100008598,CUST0007696,CURRENT,ACTIVE,2019-06-05,267525.12,INR,1,95853.19,2,2,1,1
ACCT100008599,CUST0000209,SALARY,ACTIVE,2013-07-15,425.99,USD,1,9102.78,5,3,0,0
ACCT100008600,CUST0001238,SAVINGS,ACTIVE,2013-04-04,10921.11,INR,3,4525.25,4,1,1,1
ACCT100008601,CUST0001564,SHELL,ACTIVE,2020-10-29,210285.1,AED,2,521913.37,10,1,1,1
ACCT100008602,CUST0005038,SAVINGS,ACTIVE,2020-05-17,4933.43,INR,1,22864.36,4,3,0,1
ACCT100008603,CUST0006287,TRUST,DORMANT,2015-04-21,122430.36,GBP,2,332314.08,9,1,1,1
ACCT100008604,CUST0001401,SAVINGS,ACTIVE,2016-05-12,211039.78,INR,1,11770.38,1,1,1,0
ACCT100008605,CUST0007783,CURRENT,ACTIVE,2021-07-05,53159.55,INR,1,159297.21,3,1,0,1
ACCT100008606,CUST0007062,SHELL,DORMANT,2019-05-11,42947.7,INR,1,1312880.27,10,2,1,0
ACCT100008607,CUST0001850,SAVINGS,ACTIVE,2019-08-17,16567.36,INR,1,12997.37,2,2,1,1
ACCT100008608,CUST0002965,SALARY,DORMANT,2017-03-29,5145.91,USD,1,20234.36,1,2,1,1
ACCT100008609,CUST0007499,CURRENT,ACTIVE,2020-07-17,128286.35,AED,1,38164.19,3,2,1,1
ACCT100008610,CUST0005837,CURRENT,ACTIVE,2018-03-05,60054.92,INR,2,299033.04,4,1,1,1
ACCT100008611,CUST0005924,CURRENT,ACTIVE,2014-01-09,25372.6,INR,1,14675.5,5,3,1,1
ACCT100008612,CUST0005780,SALARY,ACTIVE,2021-11-12,194432.23,INR,1,2837.86,3,1,0,1
ACCT100008613,CUST0004837,NRE,ACTIVE,2012-10-11,274179.01,INR,1,57777.29,7,3,1,1
ACCT100008614,CUST0000070,CURRENT,ACTIVE,2021-07-18,51666.84,INR,1,6844.52,2,3,1,0
ACCT100008615,CUST0005747,SHELL,ACTIVE,2012-02-10,1269365.24,GBP,3,805819.76,8,1,1,1
ACCT100008616,CUST0006529,NRO,ACTIVE,2021-04-10,23355.46,SGD,1,174534.06,7,1,1,1
ACCT100008617,CUST0007441,CURRENT,ACTIVE,2014-10-15,17450.4,INR,1,7258.18,5,1,1,1
ACCT100008618,CUST0001046,CURRENT,ACTIVE,2018-04-20,444734.27,INR,1,40821.58,1,1,1,1
ACCT100008619,CUST0006615,SALARY,DORMANT,2016-06-09,2858.5,INR,1,7968.94,5,1,0,1
ACCT100008620,CUST0004614,SAVINGS,ACTIVE,2017-09-21,3375.18,USD,1,98679.03,1,2,1,1
ACCT100008621,CUST0004947,CURRENT,BLOCKED,2018-05-31,7298.19,USD,1,43855.15,2,5,1,1
ACCT100008622,CUST0006750,CURRENT,ACTIVE,2018-10-11,19980.03,INR,1,48031.8,1,1,0,1
ACCT100008623,CUST0007592,CURRENT,ACTIVE,2017-10-21,396450.99,SGD,1,28042.7,2,1,1,0
ACCT100008624,CUST0004974,NRE,ACTIVE,2018-03-11,66391.79,USD,1,87557.17,6,1,1,1
ACCT100008625,CUST0000977,CURRENT,ACTIVE,2018-04-27,445722.15,INR,1,4267.67,5,3,1,1
ACCT100008626,CUST0000959, NRE ,BLOCKED,2014-09-26,385809.29,INR,1,393934.76,7,1,1,1
ACCT100008627,CUST0002752,SAVINGS,ACTIVE,2018-08-09,2581.43,USD,1,8566.63,2,1,1,0
ACCT100008628,CUST0000285,SALARY,ACTIVE,2015-11-28,2012.9,AED,1,5069.27,5,2,1,1
ACCT100008629,CUST0003248,NRO,ACTIVE,2020-06-18,25240.99,INR,1,68028.51,6,1,1,1
ACCT100008630,CUST0001491,SAVINGS,ACTIVE,2014-05-16,207595.76,GBP,3,6564.15,5,1,1,1
ACCT100008631,CUST0000431, CURRENT ,ACTIVE,2020-04-30,170500.82,INR,1,11590.05,4,2,1,1
ACCT100008632,CUST0004524,NRO,ACTIVE,2013-04-23,11747.97,INR,1,17304.56,5,2,1,1
ACCT100008633,CUST0005744,TRUST,DORMANT,2012-06-01,217054.68,USD,2,734431.75,9,2,1,0
ACCT100008634,CUST0004428, NRE ,ACTIVE,2014-01-30,377400.08,SGD,1,44082.67,5,4,1,1
ACCT100008635,CUST0000444,SALARY,ACTIVE,2015-08-22,3995.75,USD,2,20287.29,3,3,0,1
ACCT100008636,CUST0001913,SAVINGS,ACTIVE,2021-05-04,193532.29,INR,1,582.86,2,1,1,0
ACCT100008637,CUST0001237,SHELL,DORMANT,2019-05-02,861783.5,INR,1,747285.52,9,1,1,1
ACCT100008638,CUST0004539,SAVINGS,ACTIVE,2015-06-10,66422.74,SGD,1,16112.35,3,1,1,1
ACCT100008639,CUST0005647,CURRENT,DORMANT,2016-12-31,329567.05,INR,1,94523.16,2,1,1,1
ACCT100008640,CUST0001215,SAVINGS,BLOCKED,2016-05-28,8228.03,SGD,1,63660.17,5,2,1,1
ACCT100008641,CUST0000478,TRUST,ACTIVE,2015-05-09,7150111.1,AED,2,607943.15,7,2,1,1
ACCT100008642,CUST0004601,SALARY,ACTIVE,2016-07-09,15908.6,SGD,1,25815.1,2,4,1,1
ACCT100008643,CUST0001473,NRO,ACTIVE,2018-11-12,173081.92,INR,1,14334.76,7,3,1,1
ACCT100008644,CUST0007889,CURRENT,ACTIVE,2019-04-10,63234.47,INR,1,21771.18,5,2,1,1
ACCT100008645,CUST0001566,SALARY,ACTIVE,2015-11-07,10522.99,INR,1,7769.56,4,5,1,1
ACCT100008646,CUST0004245,SALARY,ACTIVE,2020-05-09,3629.03,INR,1,858.12,1,1,1,1
ACCT100008647,CUST0006393,NRO,ACTIVE,2020-12-21,339237.27,INR,2,40146.46,6,2,0,1
ACCT100008648,CUST0004700,SAVINGS,BLOCKED,2012-02-03,19816.77,USD,1,9359.64,4,1,1,1
ACCT100008649,CUST0000660, CURRENT ,ACTIVE,2013-03-23,32638.91,USD,2,54056.34,3,2,1,1
ACCT100008650,CUST0004339,NRE,ACTIVE,2017-01-07,89329.05,USD,2,57361.01,7,4,1,1
ACCT100008651,CUST0001939,shell,ACTIVE,2020-10-17,620464.9,USD,1,287327.11,7,1,1,1
ACCT100008652,CUST0003197,SALARY,ACTIVE,2016-04-24,34333.15,USD,3,35080.54,1,1,1,1
ACCT100008653,CUST0001368,SALARY,ACTIVE,2016-05-01,30552.14,USD,2,6292.24,4,3,1,1
ACCT100008654,CUST0002315,CURRENT,ACTIVE,2015-01-20,928963.88,USD,1,16902.45,5,1,1,1
ACCT100008655,CUST0005530,CURRENT,ACTIVE,2012-01-10,44505.44,AED,1,4945.21,3,1,1,1
ACCT100008656,CUST0006993,SAVINGS,DORMANT,2012-08-01,6193.42,INR,3,26850.89,5,4,1,1
ACCT100008657,CUST0004392,TRUST,DORMANT,2012-10-03,448940.64,INR,1,201099.75,9,1,1,1
ACCT100008658,CUST0003388,SAVINGS,ACTIVE,2017-03-20,58302.59,SGD,1,909.1,3,1,1,1
ACCT100008659,CUST0000922,SALARY,ACTIVE,2018-07-19,30105.51,INR,1,12137.72,3,1,1,1
ACCT100008660,CUST0000557,NRE,ACTIVE,2017-12-01,268240.55,AED,1,64227.04,4,1,0,1
ACCT100008661,CUST0003174,NRO,ACTIVE,2012-10-29,165843.77,INR,2,61121.5,7,2,1,0
ACCT100008662,CUST0004111,CURRENT,ACTIVE,2019-06-07,10752.57,INR,2,100185.76,1,2,1,1
ACCT100008663,CUST0003341,NRO,ACTIVE,2014-02-02,212536.23,INR,1,139807.13,6,5,0,1
ACCT100008664,CUST0000337,CURRENT,ACTIVE,2013-01-20,20343.51,INR,1,79781.27,5,1,1,1
ACCT100008665,CUST0006350,SAVINGS,ACTIVE,2018-01-20,14296.91,INR,2,54618.66,4,1,1,1
ACCT100008666,CUST0003539,SAVINGS,DORMANT,2021-06-17,17597.46,SGD,2,10132.89,2,1,1,1
ACCT100008667,CUST0003754,SAVINGS,ACTIVE,2019-06-27,13183.49,GBP,1,57242.87,4,1,0,1
ACCT100008668,CUST0004507,SALARY,ACTIVE,2012-09-07,27659.6,SGD,2,5884.7,1,1,1,1
ACCT100008669,CUST0003150,SALARY,ACTIVE,2015-02-28,7007.84,GBP,2,3065.55,4,2,1,1
ACCT100008670,CUST0002370,CURRENT,DORMANT,2013-12-12,24244.57,AED,2,74932.13,2,1,1,1
ACCT100008671,CUST0001415, SAVINGS ,BLOCKED,2021-02-25,15643.15,INR,3,5775.13,1,1,1,0
ACCT100008672,CUST0001665,TRUST,DORMANT,2012-03-14,1273830.97,INR,1,179714.18,7,2,1,1
ACCT100008673,CUST0000597,CURRENT,ACTIVE,2018-03-09,21345.33,USD,1,2306.5,5,1,1,1
ACCT100008674,CUST0004064,SAVINGS,ACTIVE,2015-05-04,295308.58,INR,2,10326.46,1,2,1,0
ACCT100008675,CUST0000565,SAVINGS,ACTIVE,2021-03-08,24589.07,INR,1,4123.47,4,2,0,1
ACCT100008676,CUST0000553,SALARY,ACTIVE,2019-08-23,3735.97,AED,3,5790.84,1,1,1,1
ACCT100008677,CUST0002855,CURRENT,ACTIVE,2013-03-19,48920.83,INR,1,101960.31,4,1,1,1
ACCT100008678,CUST0003832,CURRENT,ACTIVE,2012-02-11,55439.3,INR,1,164821.13,2,2,1,0
ACCT100008679,CUST0000965,SAVINGS,ACTIVE,2015-11-07,5459.73,USD,3,3116.5,3,1,1,1
ACCT100008680,CUST0002549,SAVINGS,ACTIVE,2020-08-08,4260.97,USD,1,26317.55,3,2,0,1
ACCT100008681,CUST0002368, SAVINGS ,ACTIVE,2016-09-23,110444.33,INR,1,31079.41,2,4,1,1
ACCT100008682,CUST0001564,TRUST,DORMANT,2015-04-14,489550.66,INR,2,37553.54,8,1,1,1
ACCT100008683,CUST0001510,SALARY,ACTIVE,2021-08-23,5276.91,INR,1,19656.01,5,1,1,1
ACCT100008684,CUST0007307,savings,ACTIVE,2016-05-24,317.06,INR,1,1016.17,2,1,1,0
ACCT100008685,CUST0003958,SAVINGS,ACTIVE,2013-04-23,21910.34,INR,3,23757.49,4,1,1,1
ACCT100008686,CUST0005863,NRO,ACTIVE,2012-06-13,20897.14,INR,2,295277.5,4,4,0,1
ACCT100008687,CUST0000753,SAVINGS,ACTIVE,2014-01-12,3623.11,USD,2,27240.42,1,4,0,1
ACCT100008688,CUST0000419,SAVINGS,ACTIVE,2013-09-22,26160.63,INR,1,6128.03,4,3,1,1
ACCT100008689,CUST0001485,TRUST,ACTIVE,2017-03-28,57664.1,INR,1,243294.63,9,1,1,1
ACCT100008690,CUST0006656,SAVINGS,ACTIVE,2021-03-12,3731.92,INR,1,112703.53,5,1,1,1
ACCT100008691,CUST0006299,NRO,ACTIVE,2017-10-18,128208.62,INR,1,185219.8,5,2,1,1
ACCT100008692,CUST0000641,NRE,ACTIVE,2020-09-28,701836.56,INR,2,35458.03,6,1,1,1
ACCT100008693,CUST0002743,CURRENT,ACTIVE,2021-01-07,17016.64,INR,1,78327.22,4,1,0,1
ACCT100008694,CUST0007283,SHELL,DORMANT,2013-11-18,7593304.42,INR,2,128002.65,7,1,0,0
ACCT100008695,CUST0000945,TRUST,ACTIVE,2019-03-05,30222.05,USD,2,913011.96,9,1,0,1
ACCT100008696,CUST0007976,CURRENT,ACTIVE,2018-07-06,12416.61,AED,1,130312.12,1,1,1,1
ACCT100008697,CUST0000009,SAVINGS,DORMANT,2020-11-04,911.52,USD,1,59743.82,2,4,1,0
ACCT100008698,CUST0005367,SAVINGS,CLOSED,2014-06-03,4885.01,GBP,1,204401.64,5,2,1,0
ACCT100008699,CUST0002532,TRUST,ACTIVE,2014-08-25,43002.49,USD,1,1124505.13,8,3,1,1
ACCT100008700,CUST0004460,NRO,DORMANT,2020-07-18,12192.7,INR,1,207077.97,4,3,0,0
ACCT100008701,CUST0000198,SALARY,ACTIVE,2012-06-26,5394.93,AED,1,10053.08,4,3,1,1
ACCT100008702,CUST0000363,NRO,ACTIVE,2016-10-04,43291.1,INR,1,150002.34,4,1,1,1
ACCT100008703,CUST0004107,SAVINGS,BLOCKED,2018-08-10,5107.16,INR,3,37613.23,5,3,0,1
ACCT100008704,CUST0006114,SAVINGS,ACTIVE,2012-08-18,36624.38,AED,2,20350.37,4,2,0,1
ACCT100008705,CUST0005799,NRE,ACTIVE,2016-12-21,63728.58,INR,2,57137.06,4,4,1,1
ACCT100008706,CUST0006662,SHELL,ACTIVE,2014-05-14,3610082.42,USD,2,2142697.8,9,3,1,1
ACCT100008707,CUST0003836,savings,ACTIVE,2017-05-01,29023.05,INR,1,11782.66,1,2,1,1
ACCT100008708,CUST0006372,SAVINGS,ACTIVE,2020-12-19,7213.79,INR,3,5617.89,3,3,1,1
ACCT100008709,CUST0002672,TRUST,DORMANT,2018-08-18,47146.07,USD,1,96514.83,7,1,1,1
ACCT100008710,CUST0006467,SALARY,BLOCKED,2013-08-20,8795.17,INR,1,2281.12,3,1,1,1
ACCT100008711,CUST0000668,SAVINGS,ACTIVE,2013-11-19,153942.21,INR,1,3537.82,2,1,1,1
ACCT100008712,CUST0003782,SALARY,ACTIVE,2014-07-19,124064.45,AED,1,2227.51,5,1,1,1
ACCT100008713,CUST0001856,CURRENT,ACTIVE,2017-12-20,5710.14,INR,2,22463.84,1,1,1,1
ACCT100008714,CUST0003208,SALARY,ACTIVE,2021-01-16,38074.4,INR,1,8465.72,2,1,0,1
ACCT100008715,CUST0002520,CURRENT,ACTIVE,2012-11-30,9808.02,INR,2,74732.03,4,3,1,1
ACCT100008716,CUST0004783,CURRENT,DORMANT,2014-01-17,15940.58,INR,1,9610.22,1,3,1,1
ACCT100008717,CUST0002191,NRO,ACTIVE,2014-04-26,666379.57,USD,1,99833.08,5,1,1,1
ACCT100008718,CUST0002296,SALARY,ACTIVE,2016-03-08,4335.26,INR,1,6888.88,5,2,1,1
ACCT100008719,CUST0003513,SALARY,ACTIVE,2013-07-25,5853.75,GBP,1,8733.92,5,1,1,0
ACCT100008720,CUST0002100,SAVINGS,CLOSED,2021-02-16,26489.69,INR,2,10203.8,2,1,1,1
ACCT100008721,CUST0003100,CURRENT,ACTIVE,2012-12-02,30195.44,USD,1,25111.85,4,1,1,1
ACCT100008722,CUST0006072,SALARY,ACTIVE,2012-12-25,16718.59,AED,1,4876.89,2,3,1,1
ACCT100008723,CUST0005577,SAVINGS,ACTIVE,2019-10-13,6376.57,USD,1,11374.76,1,2,0,1
ACCT100008724,CUST0003105,SHELL,ACTIVE,2020-12-25,3098421.78,INR,1,233822.49,9,1,0,0
ACCT100008725,CUST0005980,CURRENT,ACTIVE,2018-03-15,18214.4,USD,1,5143.15,5,1,1,1
ACCT100008726,CUST0003914,CURRENT,ACTIVE,2021-05-09,827544.18,INR,2,187266.94,1,1,0,1
ACCT100008727,CUST0000883,NRO,DORMANT,2018-10-15,115055.32,INR,1,32100.44,6,1,1,0
ACCT100008728,CUST0007833,SAVINGS,ACTIVE,2012-04-24,17710.9,AED,2,3680.42,1,1,1,1
ACCT100008729,CUST0002756,NRE,ACTIVE,2014-11-18,152517.61,INR,2,354738.0,6,2,0,1
ACCT100008730,CUST0005023,TRUST,DORMANT,2021-09-12,1509892.78,AED,2,559485.28,8,1,1,1
ACCT100008731,CUST0006285,SALARY,ACTIVE,2014-03-14,3598.38,INR,1,4584.5,5,1,1,0
ACCT100008732,CUST0000154,current,ACTIVE,2020-08-29,25287.35,USD,1,11674.59,3,2,1,1
ACCT100008733,CUST0006435,SAVINGS,DORMANT,2014-11-27,72992.96,INR,1,6982.72,3,3,0,1
ACCT100008734,CUST0001415,SALARY,ACTIVE,2016-11-24,4881.01,SGD,2,14769.07,1,2,1,1
ACCT100008735,CUST0001794,NRE,CLOSED,2017-12-17,226104.81,SGD,1,2312780.51,4,2,1,1
ACCT100008736,CUST0007991,CURRENT,DORMANT,2015-05-02,57685.2,INR,1,64552.9,5,1,0,1
ACCT100008737,CUST0007049,NRE,ACTIVE,2021-02-06,82390.91,USD,1,342458.48,6,2,1,1
ACCT100008738,CUST0003767,CURRENT,ACTIVE,2016-07-14,26055.49,INR,1,7493.34,5,1,0,1
ACCT100008739,CUST0005606,NRE,ACTIVE,2019-12-16,1945337.58,INR,2,441886.0,4,4,0,1
ACCT100008740,CUST0003345,SAVINGS,ACTIVE,2016-03-03,49879.0,INR,1,4616.23,5,1,1,1
ACCT100008741,CUST0001007,SAVINGS,ACTIVE,2019-12-21,112888.13,INR,3,3408.04,2,2,1,1
ACCT100008742,CUST0007987,SHELL,DORMANT,2021-10-16,72515.74,INR,1,1175529.94,7,1,0,1
ACCT100008743,CUST0001780, SAVINGS ,ACTIVE,2013-09-29,51128.63,INR,1,8467.95,3,1,0,1
ACCT100008744,CUST0007401,NRO,ACTIVE,2012-08-16,412691.84,AED,2,153298.47,4,2,1,1
ACCT100008745,CUST0001335,SAVINGS,ACTIVE,2020-11-27,28939.57,INR,3,95277.87,1,1,1,1
ACCT100008746,CUST0000981,SALARY,ACTIVE,2018-05-02,1429.93,USD,2,13017.78,4,1,1,1
ACCT100008747,CUST0003101,SAVINGS,ACTIVE,2021-10-10,435949.5,INR,1,7158.76,3,2,0,1
ACCT100008748,CUST0004064,SALARY,ACTIVE,2018-04-28,49097.64,INR,1,2716.43,1,1,1,0
ACCT100008749,CUST0007719,SAVINGS,DORMANT,2014-03-25,383312.47,USD,3,34315.85,1,1,1,1
ACCT100008750,CUST0005136,SALARY,ACTIVE,2013-02-11,1118.1,AED,3,3208.97,1,3,0,1
ACCT100008751,CUST0003108,CURRENT,ACTIVE,2017-09-27,254095.84,INR,1,85188.01,1,1,0,1
ACCT100008752,CUST0005384,CURRENT,ACTIVE,2015-02-07,30948.18,USD,1,28570.09,3,2,1,0
ACCT100008753,CUST0006357, SAVINGS ,ACTIVE,2013-03-15,8771.63,INR,1,30380.15,2,1,1,0
ACCT100008754,CUST0004285,CURRENT,ACTIVE,2019-01-01,33772.67,SGD,2,93358.39,5,1,0,1
ACCT100008755,CUST0000742,NRE,ACTIVE,2020-08-09,393920.83,USD,2,292185.84,5,1,1,1
ACCT100008756,CUST0005226,NRE,ACTIVE,2021-08-22,38235.81,INR,1,15028.2,4,1,1,1
ACCT100008757,CUST0003834,SALARY,ACTIVE,2013-01-25,2272.97,INR,1,4621.55,4,1,1,1
ACCT100008758,CUST0003143,TRUST,ACTIVE,2015-04-07,87731.54,INR,1,183213.71,9,2,0,1
ACCT100008759,CUST0001421,SALARY,ACTIVE,2014-05-19,7780.18,INR,1,1153.73,1,4,0,1
ACCT100008760,CUST0002453,CURRENT,BLOCKED,2018-07-13,39628.94,INR,1,52761.68,5,1,1,1
ACCT100008761,CUST0004997,SALARY,CLOSED,2021-09-29,9243.46,GBP,2,2176.47,5,1,1,1
ACCT100008762,CUST0007813,CURRENT,ACTIVE,2018-10-11,88948.04,INR,1,26029.07,1,1,0,1
ACCT100008763,CUST0002217,SALARY,ACTIVE,2020-02-12,83257.1,INR,1,75250.66,3,4,1,1
ACCT100008764,CUST0006044,SALARY,ACTIVE,2015-01-04,40397.73,INR,2,1771.93,1,1,0,1
ACCT100008765,CUST0000609, CURRENT ,ACTIVE,2019-03-01,195691.39,INR,1,36989.46,3,1,0,1
ACCT100008766,CUST0006203,SHELL,ACTIVE,2014-07-05,410320.17,INR,1,1562282.08,9,2,1,1
ACCT100008767,CUST0005035,SAVINGS,ACTIVE,2018-01-16,10921.02,GBP,1,14726.3,5,1,1,1
ACCT100008768,CUST0001796,CURRENT,DORMANT,2018-03-24,59003.88,GBP,1,53012.2,2,1,1,1
ACCT100008769,CUST0002872,NRO,ACTIVE,2015-12-03,44020.86,SGD,2,20141.24,6,2,1,1
ACCT100008770,CUST0000549,CURRENT,ACTIVE,2012-07-25,120846.5,INR,1,80935.89,3,2,1,1
ACCT100008771,CUST0005476,SALARY,ACTIVE,2017-07-20,14986.67,INR,1,18902.91,3,3,1,1
ACCT100008772,CUST0003752,CURRENT,ACTIVE,2018-10-28,41769.28,INR,2,18200.38,1,5,1,1
ACCT100008773,CUST0003941,TRUST,DORMANT,2013-11-05,975336.28,USD,1,95454.62,8,1,1,0
ACCT100008774,CUST0004582,SHELL,ACTIVE,2015-10-28,2513507.72,USD,1,630454.72,10,3,0,1
ACCT100008775,CUST0001929,SAVINGS,ACTIVE,2021-10-16,1641.23,INR,1,7218.56,1,1,1,1
ACCT100008776,CUST0006440,TRUST,ACTIVE,2021-10-02,60048.22,USD,2,186270.65,8,1,1,1
ACCT100008777,CUST0000227,CURRENT,ACTIVE,2014-06-05,213004.21,INR,2,172833.59,1,3,1,0
ACCT100008778,CUST0001440,SALARY,ACTIVE,2020-09-01,27444.32,USD,3,7119.28,4,5,1,1
ACCT100008779,CUST0001146,TRUST,ACTIVE,2018-02-14,2294451.15,INR,1,1122232.83,10,2,1,1
ACCT100008780,CUST0004385,SALARY,CLOSED,2019-12-15,25602.95,USD,2,24968.38,2,3,1,1
ACCT100008781,CUST0006107,SALARY,BLOCKED,2019-07-20,117189.25,USD,1,8890.5,4,1,1,1
ACCT100008782,CUST0002166,NRO,ACTIVE,2016-04-13,297831.97,INR,1,19616.49,6,4,1,0
ACCT100008783,CUST0004858,SALARY,ACTIVE,2021-03-22,40007.21,AED,1,77283.21,1,2,1,1
ACCT100008784,CUST0002482,SAVINGS,ACTIVE,2017-05-04,40250.37,INR,1,462322.53,3,4,0,0
ACCT100008785,CUST0005180,SALARY,ACTIVE,2021-10-19,52389.05,INR,1,15337.76,5,4,1,1
ACCT100008786,CUST0005798,TRUST,ACTIVE,2015-03-22,120508.99,AED,1,263768.19,9,2,1,1
ACCT100008787,CUST0005352,CURRENT,ACTIVE,2012-02-23,113391.1,INR,1,32490.43,1,2,0,1
ACCT100008788,CUST0002401,CURRENT,ACTIVE,2017-11-01,48727.83,INR,1,85620.17,5,1,1,1
ACCT100008789,CUST0000996,SAVINGS,ACTIVE,2017-01-18,21751.09,INR,1,2811.23,1,4,1,1
ACCT100008790,CUST0007256,SALARY,ACTIVE,2014-07-10,3363.76,SGD,1,3808.66,5,1,1,1
ACCT100008791,CUST0004650,trust,DORMANT,2021-06-29,863014.84,INR,1,1453873.02,7,1,0,1
ACCT100008792,CUST0000785,SAVINGS,ACTIVE,2012-08-22,25340.37,INR,2,19307.8,4,2,1,1
ACCT100008793,CUST0006198,TRUST,ACTIVE,2020-02-21,196835.31,INR,1,59861.1,7,3,1,1
ACCT100008794,CUST0003954,SALARY,DORMANT,2014-08-01,15670.77,INR,1,6754.78,2,1,1,1
ACCT100008795,CUST0007435,SAVINGS,ACTIVE,2021-11-30,156721.87,INR,1,62792.37,3,2,0,1
ACCT100008796,CUST0007394, SALARY ,ACTIVE,2021-09-03,42375.49,USD,1,13854.29,5,1,1,1
ACCT100008797,CUST0001938,CURRENT,ACTIVE,2020-01-05,118335.29,USD,1,14146.72,2,2,1,1
ACCT100008798,CUST0003541,SALARY,ACTIVE,2016-12-30,2136.24,INR,1,16736.34,2,1,1,1
ACCT100008799,CUST0005779,NRO,ACTIVE,2015-08-12,17173.18,INR,1,150696.6,4,1,1,1
ACCT100008800,CUST0005603,SAVINGS,ACTIVE,2020-02-27,7376.13,INR,1,15239.77,1,1,1,1
ACCT100008801,CUST0007287,CURRENT,ACTIVE,2014-06-16,5041.38,INR,1,114464.47,3,1,1,1
ACCT100008802,CUST0005715,CURRENT,ACTIVE,2019-04-19,35913.62,INR,1,11218.82,5,3,0,1
ACCT100008803,CUST0000564,SALARY,ACTIVE,2021-11-15,21868.41,INR,1,2703.78,3,1,1,1
ACCT100008804,CUST0004391,SAVINGS,ACTIVE,2012-02-24,2145.38,SGD,2,2445.97,3,1,1,1
ACCT100008805,CUST0007740,SAVINGS,ACTIVE,2020-11-18,10573.86,INR,2,1465.72,2,2,1,0
ACCT100008806,CUST0003199,CURRENT,ACTIVE,2021-03-06,24955.51,GBP,1,87516.15,2,4,1,1
ACCT100008807,CUST0003426,CURRENT,ACTIVE,2012-05-24,1285.27,INR,1,8313.31,1,3,1,1
ACCT100008808,CUST0002627,SAVINGS,ACTIVE,2018-11-29,2086.02,SGD,2,19463.44,3,1,1,1
ACCT100008809,CUST0003261,CURRENT,ACTIVE,2013-08-12,1818.96,INR,1,52684.41,5,1,0,1
ACCT100008810,CUST0002984,SALARY,ACTIVE,2015-03-22,34023.53,INR,1,22433.29,2,1,0,0
ACCT100008811,CUST0005018,SAVINGS,BLOCKED,2016-01-08,9136.72,USD,1,27432.64,5,4,0,0
ACCT100008812,CUST0000190,CURRENT,ACTIVE,2019-11-30,21031.92,USD,1,364758.54,5,2,1,1
ACCT100008813,CUST0005416,SALARY,DORMANT,2015-02-08,21640.91,AED,1,20441.79,1,3,1,1
ACCT100008814,CUST0000347,SAVINGS,ACTIVE,2015-05-24,114278.81,INR,1,20905.03,5,2,1,1
ACCT100008815,CUST0003395,SALARY,ACTIVE,2013-07-24,141747.07,USD,1,2771.14,2,3,0,1
ACCT100008816,CUST0004167,CURRENT,ACTIVE,2012-04-12,8676.95,AED,2,303792.73,2,1,1,0
ACCT100008817,CUST0006780,CURRENT,ACTIVE,2019-11-21,89868.41,AED,1,81455.41,4,2,1,1
ACCT100008818,CUST0007683,CURRENT,ACTIVE,2016-02-17,388076.34,USD,1,51780.51,3,4,1,1
ACCT100008819,CUST0006997,SAVINGS,ACTIVE,2014-08-15,224702.68,INR,1,32368.01,1,4,0,0
ACCT100008820,CUST0005363,SALARY,ACTIVE,2015-09-18,8675.88,USD,1,7944.0,4,2,0,1
ACCT100008821,CUST0005605,CURRENT,ACTIVE,2019-11-23,24863.71,INR,1,26119.46,5,1,1,1
ACCT100008822,CUST0005010,NRE,ACTIVE,2017-01-04,36411.64,USD,1,140876.25,7,3,1,1
ACCT100008823,CUST0002604,SALARY,ACTIVE,2017-05-17,8672.86,INR,1,12404.86,5,4,1,1
ACCT100008824,CUST0002651,SALARY,ACTIVE,2021-04-06,29450.57,INR,1,2634.71,1,4,1,1
ACCT100008825,CUST0000074,SAVINGS,BLOCKED,2016-06-25,3124.62,INR,2,10223.51,3,1,1,1
ACCT100008826,CUST0007427,CURRENT,ACTIVE,2015-08-10,12727.52,INR,2,36632.63,5,2,1,1
ACCT100008827,CUST0003947,NRE,ACTIVE,2020-11-21,172493.93,INR,1,363141.18,7,1,1,1
ACCT100008828,CUST0003417,SAVINGS,DORMANT,2015-10-29,10039.79,INR,1,5624.19,3,2,1,1
ACCT100008829,CUST0005599,SAVINGS,ACTIVE,2016-10-29,3280.13,GBP,3,5935.74,5,1,1,0
ACCT100008830,CUST0005729,SAVINGS,ACTIVE,2013-05-28,130059.18,USD,1,28487.55,4,1,0,1
ACCT100008831,CUST0005908,NRO,ACTIVE,2012-07-04,8096.8,SGD,1,55734.04,7,3,1,1
ACCT100008832,CUST0006092,CURRENT,ACTIVE,2016-11-13,13005.66,INR,1,30938.91,1,2,1,1
ACCT100008833,CUST0002462,SHELL,DORMANT,2019-02-01,173019.72,USD,1,161866.93,10,1,1,1
ACCT100008834,CUST0003298,NRO,ACTIVE,2013-09-27,16852.45,INR,1,82221.87,5,2,1,0
ACCT100008835,CUST0001634,SAVINGS,ACTIVE,2014-03-05,265256.34,USD,1,25602.33,2,3,1,1
ACCT100008836,CUST0001097,SHELL,DORMANT,2013-07-03,10781646.52,USD,1,236389.19,8,1,1,1
ACCT100008837,CUST0006213,CURRENT,ACTIVE,2018-06-08,19108.71,INR,2,28100.86,2,5,1,0
ACCT100008838,CUST0000216,NRO,ACTIVE,2014-08-15,177756.09,USD,1,55597.13,7,1,1,1
ACCT100008839,CUST0003637,CURRENT,ACTIVE,2016-09-19,50874.86,USD,3,29884.22,5,1,1,1
ACCT100008840,CUST0006085,TRUST,DORMANT,2012-10-26,776126.59,INR,1,120191.54,7,3,0,1
ACCT100008841,CUST0003463,SALARY,BLOCKED,2019-06-01,86286.71,GBP,3,1110.84,4,1,0,1
ACCT100008842,CUST0005921,CURRENT,ACTIVE,2012-01-22,14193.6,USD,3,5331.62,3,2,0,1
ACCT100008843,CUST0006972,SALARY,ACTIVE,2017-01-24,6108.81,INR,1,32556.61,4,1,1,1
ACCT100008844,CUST0006832,SAVINGS,ACTIVE,2019-05-06,955833.67,AED,1,12873.41,3,2,0,0
ACCT100008845,CUST0001735,NRO,ACTIVE,2012-05-07,17676.71,INR,2,258820.98,7,1,1,0
ACCT100008846,CUST0004461,SAVINGS,DORMANT,2018-09-20,9568.03,INR,1,11120.12,1,1,1,1
ACCT100008847,CUST0004237,SALARY,ACTIVE,2012-05-16,1722.11,USD,1,4091.32,1,3,1,1
ACCT100008848,CUST0003396,SHELL,DORMANT,2015-06-08,11980393.51,USD,1,676529.3,10,1,1,1
ACCT100008849,CUST0006774,SAVINGS,ACTIVE,2014-02-06,6145.28,USD,2,5469.59,2,1,0,1
ACCT100008850,CUST0005586,SAVINGS,ACTIVE,2012-03-25,89935.43,INR,1,6897.14,2,1,1,0
ACCT100008851,CUST0005035,SALARY,ACTIVE,2019-04-05,1456.08,INR,1,29447.82,5,2,0,1
ACCT100008852,CUST0002203,SALARY,ACTIVE,2013-03-31,8044.71,AED,1,14986.75,5,2,1,1
ACCT100008853,CUST0006044,SALARY,ACTIVE,2014-08-26,27319.38,INR,1,8500.55,2,5,1,1
ACCT100008854,CUST0005682,SAVINGS,ACTIVE,2017-02-18,492.9,USD,1,20715.2,4,3,1,1
ACCT100008855,CUST0000152,SALARY,ACTIVE,2014-02-07,1793.2,INR,1,2738.08,4,1,1,1
ACCT100008856,CUST0006222,TRUST,ACTIVE,2019-10-11,39599.89,GBP,2,23456.29,8,1,1,1
ACCT100008857,CUST0002764,CURRENT,ACTIVE,2018-07-12,36096.53,INR,1,27144.31,4,2,1,1
ACCT100008858,CUST0005001,CURRENT,ACTIVE,2015-11-18,179213.09,USD,1,19939.54,2,2,1,1
ACCT100008859,CUST0006733,SALARY,ACTIVE,2020-01-10,8670.14,USD,1,8139.16,1,1,0,1
ACCT100008860,CUST0004827,NRO,ACTIVE,2016-09-15,879.11,GBP,1,43129.74,5,1,1,1
ACCT100008861,CUST0000712,NRE,ACTIVE,2012-12-31,13330.67,INR,1,112137.16,4,3,1,1
ACCT100008862,CUST0004938,TRUST,DORMANT,2014-09-05,2422073.66,INR,1,1932675.59,8,2,1,1
ACCT100008863,CUST0000191, SALARY ,DORMANT,2015-07-19,26833.22,INR,1,189.22,5,1,1,1
ACCT100008864,CUST0005036,SAVINGS,ACTIVE,2012-07-05,8697.19,USD,1,32567.85,1,3,1,1
ACCT100008865,CUST0005089, NRO ,ACTIVE,2013-05-31,372826.91,USD,1,89024.32,7,2,1,1
ACCT100008866,CUST0005427,CURRENT,ACTIVE,2018-01-21,114372.79,INR,1,39939.11,3,1,0,1
ACCT100008867,CUST0002124,NRO,ACTIVE,2013-02-09,26366.72,INR,3,122508.6,6,1,1,1
ACCT100008868,CUST0007136,SAVINGS,ACTIVE,2014-08-07,231000.85,INR,1,4000.26,5,1,1,0
ACCT100008869,CUST0001842,SALARY,ACTIVE,2015-03-10,569.53,AED,1,4573.06,3,3,1,1
ACCT100008870,CUST0005440,SAVINGS,ACTIVE,2012-05-11,40627.05,INR,1,22546.92,2,1,0,1
ACCT100008871,CUST0004207,SAVINGS,ACTIVE,2013-05-11,45738.61,AED,2,2058.48,1,3,1,1
ACCT100008872,CUST0005764,CURRENT,ACTIVE,2017-02-16,57784.15,AED,1,10548.56,3,1,0,1
ACCT100008873,CUST0001545,SALARY,ACTIVE,2016-03-14,2168.16,SGD,1,5766.59,2,2,1,1
ACCT100008874,CUST0005609,CURRENT,ACTIVE,2017-04-17,44394.33,INR,1,305934.38,2,2,1,1
ACCT100008875,CUST0003657,CURRENT,ACTIVE,2020-06-06,40315.98,GBP,1,10114.44,1,1,0,1
ACCT100008876,CUST0000777,SAVINGS,CLOSED,2019-10-02,17290.36,INR,2,1383.41,2,1,1,1
ACCT100008877,CUST0006652,NRE,DORMANT,2020-07-23,36425.39,INR,1,107398.5,5,1,0,1
ACCT100008878,CUST0005485,TRUST,ACTIVE,2015-07-02,175281.07,INR,1,249183.17,9,2,1,1
ACCT100008879,CUST0002611,SHELL,DORMANT,2013-01-31,1562476.87,INR,1,61608.41,7,1,0,1
ACCT100008880,CUST0006451,CURRENT,ACTIVE,2012-01-27,11311.56,INR,1,47447.05,3,1,1,1
ACCT100008881,CUST0000967,SAVINGS,ACTIVE,2018-01-26,1450.21,INR,1,9735.9,4,1,0,1
ACCT100008882,CUST0004984,SAVINGS,ACTIVE,2014-03-08,3168.87,INR,2,28482.8,1,1,1,1
ACCT100008883,CUST0000806,NRO,ACTIVE,2018-05-14,15439.24,INR,1,86702.73,4,5,0,1
ACCT100008884,CUST0000061,SALARY,ACTIVE,2012-04-28,9496.93,USD,1,13308.1,2,1,0,0
ACCT100008885,CUST0000642,SAVINGS,ACTIVE,2012-11-11,46775.8,AED,1,5913.82,3,3,1,1
ACCT100008886,CUST0000698,CURRENT,ACTIVE,2020-12-28,41944.42,USD,1,4919.24,1,1,0,1
ACCT100008887,CUST0006730,SALARY,ACTIVE,2014-10-19,59064.45,USD,1,6688.34,1,1,0,1
ACCT100008888,CUST0002533,NRO,DORMANT,2017-06-22,70956.37,INR,2,117179.51,4,1,1,1
ACCT100008889,CUST0005464,SALARY,ACTIVE,2013-08-05,31088.85,GBP,1,1882.94,3,1,1,0
ACCT100008890,CUST0000295,CURRENT,DORMANT,2019-08-13,23268.26,INR,1,5574.33,4,2,1,1
ACCT100008891,CUST0003980,SALARY,ACTIVE,2019-05-09,10084.43,INR,2,1963.67,1,1,1,1
ACCT100008892,CUST0001579,SAVINGS,DORMANT,2012-08-19,16595.46,INR,1,15687.74,4,4,1,1
ACCT100008893,CUST0005607,SAVINGS,ACTIVE,2013-02-15,19105.13,GBP,1,9156.47,3,2,1,1
ACCT100008894,CUST0000375,CURRENT,ACTIVE,2020-10-27,342507.3,AED,1,131686.81,2,1,1,1
ACCT100008895,CUST0001060,SAVINGS,BLOCKED,2017-05-23,6283.47,INR,2,22302.21,4,3,0,1
ACCT100008896,CUST0003139,SHELL,DORMANT,2013-10-30,1166165.78,INR,2,7510935.5,10,1,1,1
ACCT100008897,CUST0001155,CURRENT,ACTIVE,2016-01-02,8240.25,SGD,1,93793.97,3,2,1,0
ACCT100008898,CUST0001424,SAVINGS,ACTIVE,2017-02-07,4532.59,INR,1,14619.37,1,2,0,1
ACCT100008899,CUST0003242,TRUST,ACTIVE,2015-07-31,102478.83,INR,1,420972.77,8,1,1,1
ACCT100008900,CUST0003799,SALARY,ACTIVE,2020-11-25,1874.2,INR,2,3943.05,1,3,0,1
ACCT100008901,CUST0005633,SAVINGS,ACTIVE,2016-10-15,6996.81,INR,2,8147.3,3,1,1,0
ACCT100008902,CUST0002462,CURRENT,ACTIVE,2017-11-22,34112.41,USD,1,95233.88,1,1,1,1
ACCT100008903,CUST0005856,CURRENT,CLOSED,2012-10-11,46440.63,INR,1,15929.9,1,4,1,1
ACCT100008904,CUST0000738,CURRENT,ACTIVE,2015-04-04,364793.12,USD,2,15183.35,5,1,1,1
ACCT100008905,CUST0001769,CURRENT,ACTIVE,2020-10-31,464212.47,INR,1,11791.4,1,2,1,1
ACCT100008906,CUST0004323,SALARY,ACTIVE,2018-09-22,2143.26,INR,1,51643.84,5,2,1,1
ACCT100008907,CUST0007582,CURRENT,ACTIVE,2016-08-06,10856.28,INR,1,39840.45,1,2,1,1
ACCT100008908,CUST0001052,SAVINGS,ACTIVE,2012-02-20,7247.09,INR,2,6847.92,5,2,0,1
ACCT100008909,CUST0000864,savings,ACTIVE,2020-05-31,74607.19,INR,1,12757.92,5,2,0,0
ACCT100008910,CUST0001705,CURRENT,ACTIVE,2012-10-12,40183.67,USD,1,165062.48,1,3,1,1
ACCT100008911,CUST0000751,SALARY,ACTIVE,2020-09-24,7117.19,INR,1,3982.87,5,1,1,1
ACCT100008912,CUST0000636,SALARY,ACTIVE,2012-10-15,30394.32,INR,1,5351.54,1,1,0,0
ACCT100008913,CUST0007572,SAVINGS,ACTIVE,2016-11-06,854995.46,INR,2,2525.53,5,1,0,1
ACCT100008914,CUST0000103,NRO,ACTIVE,2017-10-06,9397.33,INR,2,37004.49,7,2,0,1
ACCT100008915,CUST0002244,CURRENT,ACTIVE,2014-04-22,17187.24,AED,1,19618.4,3,2,1,1
ACCT100008916,CUST0001952,SALARY,ACTIVE,2013-01-27,5227.67,USD,2,10425.72,1,1,0,0
ACCT100008917,CUST0000976,NRE,ACTIVE,2016-11-21,3993.87,INR,1,14741.68,5,1,0,1
ACCT100008918,CUST0004643,SAVINGS,ACTIVE,2021-05-04,6134.57,INR,1,5512.04,5,2,0,1
ACCT100008919,CUST0005710,CURRENT,DORMANT,2018-01-11,7504.04,INR,1,243857.01,3,5,1,1
ACCT100008920,CUST0002964,SALARY,DORMANT,2014-10-01,46856.82,INR,1,6048.52,3,1,1,1
ACCT100008921,CUST0007076,SAVINGS,ACTIVE,2018-09-12,3010.17,INR,1,35026.5,2,2,1,1
ACCT100008922,CUST0002982,SAVINGS,ACTIVE,2020-01-23,8316.38,USD,1,21182.62,2,1,1,0
ACCT100008923,CUST0000028,TRUST,DORMANT,2020-10-19,2318845.88,AED,1,1581175.06,8,1,1,0
ACCT100008924,CUST0007310,NRE,DORMANT,2017-10-30,222557.47,AED,2,605326.36,7,1,1,0
ACCT100008925,CUST0003579,SAVINGS,ACTIVE,2014-12-01,6367.32,INR,1,43831.79,5,1,1,0
ACCT100008926,CUST0003523,CURRENT,ACTIVE,2012-03-17,4541.93,INR,1,528597.64,5,1,1,1
ACCT100008927,CUST0001880,SAVINGS,ACTIVE,2013-10-19,6977.15,USD,1,1478.54,5,1,0,1
ACCT100008928,CUST0004636,CURRENT,BLOCKED,2016-07-08,58552.75,INR,3,50088.43,1,1,1,1
ACCT100008929,CUST0001905,SAVINGS,ACTIVE,2020-11-03,15092.62,INR,1,7230.29,2,1,0,1
ACCT100008930,CUST0001991,SHELL,DORMANT,2016-11-27,882253.36,AED,1,441797.15,10,2,1,0
ACCT100008931,CUST0002544,SHELL,DORMANT,2020-06-28,1123401.93,AED,1,220138.2,7,4,1,1
ACCT100008932,CUST0000719,SAVINGS,ACTIVE,2020-01-31,5155.73,SGD,2,91282.62,2,5,0,1
ACCT100008933,CUST0004121,SAVINGS,ACTIVE,2017-01-01,8953.05,INR,1,28591.66,5,2,0,1
ACCT100008934,CUST0004743,NRE,ACTIVE,2018-07-19,51202.75,INR,2,351938.48,6,2,1,0
ACCT100008935,CUST0006168,SALARY,ACTIVE,2021-03-08,27369.95,GBP,2,18631.63,2,3,0,1
ACCT100008936,CUST0007735,SAVINGS,ACTIVE,2016-02-27,2592.21,USD,2,6052.14,3,2,1,1
ACCT100008937,CUST0006475,SAVINGS,ACTIVE,2017-07-19,2140.71,USD,1,17758.11,2,4,1,1
ACCT100008938,CUST0001856,savings,ACTIVE,2017-08-03,95361.12,INR,1,1686.35,2,1,1,1
ACCT100008939,CUST0006769,CURRENT,DORMANT,2016-02-12,166694.59,USD,1,5174.94,1,3,0,1
ACCT100008940,CUST0001252,NRO,ACTIVE,2015-10-17,281244.24,INR,1,14023.69,4,1,1,1
ACCT100008941,CUST0006863,CURRENT,ACTIVE,2021-07-14,27864.18,SGD,1,43732.66,2,2,0,1
ACCT100008942,CUST0000778,SAVINGS,ACTIVE,2012-10-30,20556.69,USD,2,4919.24,3,1,0,0
ACCT100008943,CUST0004701,SAVINGS,BLOCKED,2017-06-05,9628.48,USD,2,33750.92,1,1,1,1
ACCT100008944,CUST0004876,SALARY,ACTIVE,2020-11-15,2461.42,SGD,1,64179.15,3,1,1,1
ACCT100008945,CUST0007896,CURRENT,ACTIVE,2012-03-30,2920.19,USD,1,14902.3,2,2,1,1
ACCT100008946,CUST0001014,CURRENT,ACTIVE,2019-08-08,17185.21,INR,1,8562.13,5,1,1,1
ACCT100008947,CUST0005319,CURRENT,ACTIVE,2013-02-16,3213.89,INR,1,48408.05,4,2,1,1
ACCT100008948,CUST0000157,CURRENT,ACTIVE,2020-10-04,104446.94,AED,1,49352.69,3,2,0,1
ACCT100008949,CUST0001978,SAVINGS,ACTIVE,2017-07-22,10038.18,AED,1,10477.37,3,3,0,1
ACCT100008950,CUST0007548,TRUST,ACTIVE,2020-09-16,298955.69,USD,1,792641.7,9,1,0,1
ACCT100008951,CUST0005461,SAVINGS,ACTIVE,2016-08-15,124983.06,INR,1,9065.53,4,3,1,0
ACCT100008952,CUST0001884,SALARY,ACTIVE,2015-03-16,2458.25,USD,2,1180.55,3,1,1,1
ACCT100008953,CUST0003485,SAVINGS,ACTIVE,2016-02-27,240687.19,USD,1,5649.08,2,3,1,1
ACCT100008954,CUST0003890,SAVINGS,ACTIVE,2021-08-23,16827.83,INR,1,5013.57,5,3,1,1
ACCT100008955,CUST0000767,CURRENT,ACTIVE,2014-05-11,67718.41,INR,1,231558.25,5,2,1,1
ACCT100008956,CUST0000105,SAVINGS,DORMANT,2021-07-29,17494.29,USD,1,36813.16,1,1,1,1
ACCT100008957,CUST0005029,CURRENT,ACTIVE,2012-07-19,22167.9,USD,1,97036.76,4,2,1,1
ACCT100008958,CUST0002323,SALARY,ACTIVE,2015-03-30,7168.9,USD,1,3105.32,1,3,1,1
ACCT100008959,CUST0000501,salary,ACTIVE,2015-02-19,6181.54,INR,3,2009.48,2,2,1,0
ACCT100008960,CUST0000761,CURRENT,ACTIVE,2016-01-05,18606.91,INR,1,37012.49,2,1,0,1
ACCT100008961,CUST0001246,CURRENT,ACTIVE,2018-09-06,430072.46,INR,1,11669.17,1,1,0,0
ACCT100008962,CUST0006553,NRE,ACTIVE,2021-08-19,295711.63,AED,2,79738.16,7,2,1,0
ACCT100008963,CUST0004638,NRO,ACTIVE,2012-09-19,479990.58,INR,3,20431.53,6,2,1,0
ACCT100008964,CUST0005816,SAVINGS,ACTIVE,2020-01-24,7885.36,SGD,1,3681.51,1,2,1,1
ACCT100008965,CUST0005237, TRUST ,DORMANT,2020-05-15,1290746.82,AED,3,234989.34,7,1,1,1
ACCT100008966,CUST0003231,SAVINGS,ACTIVE,2015-05-13,212306.75,USD,3,14911.49,4,2,1,1
ACCT100008967,CUST0002711,SAVINGS,ACTIVE,2020-08-27,57729.45,INR,1,275120.14,5,2,1,1
ACCT100008968,CUST0006051,SALARY,ACTIVE,2017-02-06,7647.42,AED,2,75613.36,3,1,0,1
ACCT100008969,CUST0002954,SALARY,ACTIVE,2014-11-01,57953.42,INR,1,12538.92,4,2,1,1
ACCT100008970,CUST0000119,SAVINGS,ACTIVE,2012-04-24,29367.15,SGD,2,12914.53,3,2,0,1
ACCT100008971,CUST0006073,CURRENT,ACTIVE,2013-08-21,2273711.1,GBP,2,50357.67,3,1,0,0
ACCT100008972,CUST0006714, SAVINGS ,ACTIVE,2013-09-09,18210.73,USD,1,5348.97,1,1,1,1
ACCT100008973,CUST0000648,SALARY,ACTIVE,2019-05-14,62630.66,INR,1,16603.6,5,1,1,1
ACCT100008974,CUST0005040,TRUST,ACTIVE,2020-04-10,90946.93,INR,1,1087594.45,8,1,1,1
ACCT100008975,CUST0006708,SAVINGS,ACTIVE,2013-10-10,24792.48,INR,1,153334.19,5,2,1,1
ACCT100008976,CUST0005126,SAVINGS,ACTIVE,2020-04-11,35632.12,AED,1,1833.18,2,2,1,1
ACCT100008977,CUST0002114,NRE,CLOSED,2019-01-03,1062508.42,INR,1,186188.75,6,1,1,1
ACCT100008978,CUST0002813,TRUST,DORMANT,2018-10-16,275481.59,INR,1,1165815.76,10,1,1,1
ACCT100008979,CUST0002104,SAVINGS,ACTIVE,2018-10-17,207.74,INR,2,1739.02,3,2,1,1
ACCT100008980,CUST0000015,NRO,ACTIVE,2016-10-20,91924.98,INR,3,8243.26,7,1,1,1
ACCT100008981,CUST0007589,CURRENT,ACTIVE,2020-08-25,8611.67,INR,1,59469.83,5,2,1,1
ACCT100008982,CUST0003097,NRE,ACTIVE,2016-02-29,466577.84,USD,1,21937.83,6,4,1,1
ACCT100008983,CUST0003254,CURRENT,ACTIVE,2013-01-13,20536.84,AED,1,38875.33,1,1,0,0
ACCT100008984,CUST0004922,TRUST,ACTIVE,2015-11-16,310090.86,INR,3,95623.84,9,3,1,1
ACCT100008985,CUST0001743,SAVINGS,ACTIVE,2016-12-30,42586.38,INR,1,8902.43,2,1,1,1
ACCT100008986,CUST0002824,NRO,ACTIVE,2018-10-14,18628.25,INR,1,6381.45,5,3,1,1
ACCT100008987,CUST0006279,CURRENT,ACTIVE,2016-10-10,141569.04,INR,1,2191.6,4,1,1,1
ACCT100008988,CUST0003786,SAVINGS,ACTIVE,2020-05-21,12919.32,INR,1,28466.78,4,1,1,1
ACCT100008989,CUST0001148,SAVINGS,BLOCKED,2020-02-04,16127.68,GBP,1,7135.06,5,2,1,0
ACCT100008990,CUST0005612,NRE,ACTIVE,2020-06-01,212712.08,INR,1,217798.48,6,3,1,1
ACCT100008991,CUST0007568,SAVINGS,ACTIVE,2016-06-24,1469.72,GBP,1,20442.04,1,1,1,1
ACCT100008992,CUST0001635,SALARY,CLOSED,2012-07-09,64089.66,INR,1,12864.01,4,1,1,1
ACCT100008993,CUST0007127,NRO,BLOCKED,2017-05-18,163517.94,SGD,1,124777.49,5,2,0,1
ACCT100008994,CUST0007394,CURRENT,BLOCKED,2016-08-22,37435.64,INR,1,15168.57,1,1,1,1
ACCT100008995,CUST0003331,CURRENT,ACTIVE,2012-01-20,12231.47,INR,3,333703.6,5,1,1,1
ACCT100008996,CUST0002306,SAVINGS,ACTIVE,2018-02-19,48167.19,SGD,1,6562.66,3,2,1,1
ACCT100008997,CUST0007198,SAVINGS,DORMANT,2019-02-18,56548.33,SGD,1,3967.89,5,1,1,1
ACCT100008998,CUST0004125,SAVINGS,ACTIVE,2017-02-13,3846.56,AED,2,6140.19,2,1,0,1
ACCT100008999,CUST0000185,NRE,BLOCKED,2013-01-05,134322.49,USD,1,20127.71,5,1,1,1
ACCT100009000,CUST0007360,NRO,ACTIVE,2017-12-27,2233.36,SGD,2,103601.99,5,1,1,0
ACCT100009001,CUST0003900,CURRENT,ACTIVE,2017-10-20,117947.1,INR,1,11255.96,4,1,1,1
ACCT100009002,CUST0005036,SALARY,ACTIVE,2012-07-25,48804.15,INR,1,8444.6,5,5,1,1
ACCT100009003,CUST0002441,SAVINGS,ACTIVE,2019-10-09,28601.57,GBP,2,6643.75,1,2,1,1
ACCT100009004,CUST0002851,SALARY,ACTIVE,2019-01-25,933.07,INR,1,33556.5,5,3,1,1
ACCT100009005,CUST0002922,SAVINGS,DORMANT,2017-01-21,4288.59,USD,2,5799.9,5,2,1,1
ACCT100009006,CUST0000368,CURRENT,ACTIVE,2012-10-27,9118.15,INR,1,54070.04,2,2,1,1
ACCT100009007,CUST0003864,CURRENT,ACTIVE,2016-12-21,17926.35,INR,2,10568.44,5,2,1,1
ACCT100009008,CUST0000700,SALARY,ACTIVE,2019-07-30,95397.7,INR,2,31093.36,4,3,0,1
ACCT100009009,CUST0002498,CURRENT,ACTIVE,2017-10-05,1054897.02,SGD,1,5968.51,3,1,1,1
ACCT100009010,CUST0002306,SAVINGS,DORMANT,2012-01-16,11146.03,USD,2,2347.45,3,2,0,1
ACCT100009011,CUST0000531,CURRENT,ACTIVE,2015-06-28,5213.8,INR,2,46235.34,4,1,1,1
ACCT100009012,CUST0005387,SAVINGS,ACTIVE,2014-01-21,839.14,INR,1,22553.26,2,2,1,1
ACCT100009013,CUST0007000,NRO,ACTIVE,2020-08-09,38715.06,INR,1,119953.38,6,2,1,1
ACCT100009014,CUST0004850,SAVINGS,ACTIVE,2013-01-19,756.91,SGD,1,1166.78,3,2,1,1
ACCT100009015,CUST0000272,SALARY,ACTIVE,2018-02-27,21975.54,INR,3,8292.51,2,3,1,1
ACCT100009016,CUST0001568,NRE,DORMANT,2014-03-13,1214154.7,AED,1,120438.22,4,3,1,1
ACCT100009017,CUST0002618,SAVINGS,ACTIVE,2019-08-14,87026.36,INR,1,4854.87,2,1,1,1
ACCT100009018,CUST0002649,SALARY,DORMANT,2015-01-19,56115.83,INR,1,20699.06,3,1,1,1
ACCT100009019,CUST0007349,SAVINGS,ACTIVE,2017-07-22,415712.55,USD,1,19555.74,3,1,1,1
ACCT100009020,CUST0006195,SAVINGS,ACTIVE,2020-01-09,30921.72,INR,1,24150.84,3,1,1,1
ACCT100009021,CUST0001384,SAVINGS,ACTIVE,2016-09-17,10958.64,USD,1,21816.15,3,1,1,1
ACCT100009022,CUST0001722,CURRENT,ACTIVE,2015-07-08,86624.55,USD,1,20213.3,4,1,0,1
ACCT100009023,CUST0000327,NRE,ACTIVE,2016-02-24,5624.1,INR,1,42692.71,6,1,1,1
ACCT100009024,CUST0001660,CURRENT,ACTIVE,2012-11-15,8490.13,SGD,1,283517.18,3,1,0,1
ACCT100009025,CUST0002066,SHELL,DORMANT,2020-02-03,284902.4,INR,1,119108.27,7,2,1,1
ACCT100009026,CUST0001288,SAVINGS,ACTIVE,2015-02-04,64389.21,AED,1,15483.33,4,2,1,1
ACCT100009027,CUST0000428,NRE,ACTIVE,2016-03-13,27623.43,USD,2,4753482.27,5,3,1,1
ACCT100009028,CUST0001139,SAVINGS,DORMANT,2016-10-16,7873.41,INR,1,81394.48,1,1,0,1
ACCT100009029,CUST0001824,NRE,ACTIVE,2020-09-10,371224.49,INR,1,152831.96,5,1,1,1
ACCT100009030,CUST0003460,SALARY,ACTIVE,2014-09-30,26644.34,INR,1,1184.55,1,2,1,1
ACCT100009031,CUST0005973,SALARY,ACTIVE,2017-10-02,4453.26,SGD,2,14150.22,1,3,1,1
ACCT100009032,CUST0007373,SAVINGS,ACTIVE,2013-03-16,8803.7,SGD,1,14149.53,4,2,0,1
ACCT100009033,CUST0002392,SALARY,ACTIVE,2015-08-29,4251.33,GBP,1,22683.96,5,1,1,1
ACCT100009034,CUST0005554,CURRENT,ACTIVE,2012-03-06,1826775.34,INR,2,18975.6,1,1,0,1
ACCT100009035,CUST0003334,TRUST,ACTIVE,2012-06-14,1055237.52,AED,2,1192395.27,10,4,1,1
ACCT100009036,CUST0007509,SAVINGS,ACTIVE,2015-09-10,5466.53,GBP,2,13514.94,5,1,1,1
ACCT100009037,CUST0006303,NRO,ACTIVE,2015-08-03,149723.29,INR,1,40858.38,7,1,1,1
ACCT100009038,CUST0006060,SALARY,DORMANT,2015-01-14,7094.93,INR,3,19435.1,4,1,0,1
ACCT100009039,CUST0000620,SAVINGS,ACTIVE,2017-05-11,2848.2,USD,1,5405.54,2,3,0,1
ACCT100009040,CUST0004475,CURRENT,ACTIVE,2020-02-03,363615.84,USD,2,21471.64,3,1,1,1
ACCT100009041,CUST0004666,SALARY,ACTIVE,2016-04-18,5449.24,USD,1,33287.27,5,1,1,1
ACCT100009042,CUST0006089,SAVINGS,ACTIVE,2012-01-06,6777.85,SGD,1,38249.44,1,1,0,1
ACCT100009043,CUST0007714,CURRENT,ACTIVE,2017-12-31,20123.99,AED,1,31703.45,5,4,1,1
ACCT100009044,CUST0000705,NRE,ACTIVE,2019-03-08,7283.42,SGD,1,221890.68,7,2,0,1
ACCT100009045,CUST0006163,CURRENT,ACTIVE,2013-04-13,39531.19,INR,1,28829.6,1,4,1,1
ACCT100009046,CUST0002178,SAVINGS,ACTIVE,2014-02-14,58638.48,INR,1,3387.68,2,2,0,1
ACCT100009047,CUST0004308,SAVINGS,ACTIVE,2018-07-09,12167.01,USD,1,31196.71,2,2,0,1
ACCT100009048,CUST0006455,NRE,ACTIVE,2018-06-29,256120.23,INR,1,133146.07,7,1,1,1
ACCT100009049,CUST0000581,SAVINGS,BLOCKED,2018-01-24,34021.67,INR,1,13604.77,2,1,0,1
ACCT100009050,CUST0003620,SAVINGS,ACTIVE,2018-04-16,88272.67,INR,1,32135.55,5,3,1,1
ACCT100009051,CUST0003537,NRE,BLOCKED,2016-08-26,102086.44,INR,2,166172.54,6,4,1,1
ACCT100009052,CUST0003261,SALARY,ACTIVE,2020-03-13,7793.68,USD,3,3791.11,5,1,1,1
ACCT100009053,CUST0004108,SAVINGS,ACTIVE,2018-05-02,9724.92,INR,1,8325.61,4,2,0,1
ACCT100009054,CUST0006230,SAVINGS,ACTIVE,2019-06-21,21932.14,INR,1,6302.15,3,3,1,1
ACCT100009055,CUST0001005,SAVINGS,DORMANT,2020-07-26,3841.58,INR,3,2731.75,3,1,1,1
ACCT100009056,CUST0001384,SAVINGS,CLOSED,2020-12-15,62474.16,USD,1,86826.32,5,3,1,1
ACCT100009057,CUST0006873,SAVINGS,ACTIVE,2015-04-25,11774.93,INR,1,25305.05,1,3,1,1
ACCT100009058,CUST0002149,NRE,ACTIVE,2015-06-08,1368535.48,USD,1,30867.72,5,1,1,1
ACCT100009059,CUST0007612,SALARY,ACTIVE,2018-11-24,25485.7,INR,1,5091.72,5,2,1,1
ACCT100009060,CUST0002078,SALARY,ACTIVE,2020-11-20,5798.35,AED,1,19004.62,5,1,0,1
ACCT100009061,CUST0001481,SHELL,DORMANT,2016-03-19,635941.15,INR,1,375590.56,7,3,1,0
ACCT100009062,CUST0007089,CURRENT,ACTIVE,2014-04-13,114835.36,SGD,1,10663.75,5,2,1,1
ACCT100009063,CUST0003539,TRUST,DORMANT,2012-04-09,4512431.79,INR,2,64371.39,8,1,1,1
ACCT100009064,CUST0004399,SAVINGS,ACTIVE,2021-07-14,3260.67,INR,1,8133.24,4,4,1,0
ACCT100009065,CUST0003770,NRE,ACTIVE,2013-10-23,1179377.87,GBP,1,117247.95,6,1,1,1
ACCT100009066,CUST0006919,SALARY,DORMANT,2019-12-15,37374.25,INR,1,10514.32,2,1,1,1
ACCT100009067,CUST0006934,SALARY,ACTIVE,2012-09-02,29030.97,GBP,1,1010.71,3,2,0,1
ACCT100009068,CUST0007033,SAVINGS,ACTIVE,2021-11-02,39692.26,INR,1,4529.57,5,1,1,1
ACCT100009069,CUST0006741,SAVINGS,ACTIVE,2013-04-10,4508.59,INR,1,51880.25,3,3,1,0
ACCT100009070,CUST0003676,TRUST,DORMANT,2017-08-02,1390522.9,INR,1,148510.79,8,4,0,0
ACCT100009071,CUST0005850,SALARY,ACTIVE,2015-05-13,57180.23,INR,2,2125.26,5,1,0,1
ACCT100009072,CUST0002151,NRO,ACTIVE,2021-11-03,1100140.9,USD,1,12716.27,4,2,1,1
ACCT100009073,CUST0007908,SAVINGS,ACTIVE,2012-04-06,21428.84,USD,3,18359.52,4,1,0,1
ACCT100009074,CUST0001818,CURRENT,ACTIVE,2020-08-07,78260.51,USD,1,42504.41,4,1,1,1
ACCT100009075,CUST0005210,SAVINGS,ACTIVE,2019-06-10,52864.95,INR,1,21633.91,4,2,0,1
ACCT100009076,CUST0007143,TRUST,DORMANT,2018-12-13,383280.67,GBP,1,149715.32,8,2,1,1
ACCT100009077,CUST0006435,NRE,ACTIVE,2015-05-02,86128.2,INR,1,44215.62,5,1,1,1
ACCT100009078,CUST0005522,TRUST,ACTIVE,2012-09-19,985984.62,USD,1,71214.52,7,2,1,1
ACCT100009079,CUST0000594,SAVINGS,ACTIVE,2013-11-13,14668.12,USD,2,13642.83,3,1,1,0
ACCT100009080,CUST0007488,SAVINGS,ACTIVE,2020-07-27,53800.16,AED,1,2435.85,2,2,0,1
ACCT100009081,CUST0000721, NRO ,ACTIVE,2015-11-01,30211.77,USD,1,108308.05,5,2,1,1
ACCT100009082,CUST0002586,SAVINGS,ACTIVE,2013-12-21,7314.94,USD,2,41962.39,5,1,0,1
ACCT100009083,CUST0002146,SALARY,ACTIVE,2016-08-31,56704.6,GBP,2,3306.31,5,1,1,1
ACCT100009084,CUST0000947,TRUST,ACTIVE,2019-04-07,2543579.23,USD,1,166690.41,8,1,1,1
ACCT100009085,CUST0002222,SAVINGS,ACTIVE,2021-10-11,96465.54,AED,1,2370.06,1,2,1,1
ACCT100009086,CUST0000485,CURRENT,ACTIVE,2013-03-04,83586.87,INR,1,75290.99,4,1,0,1
ACCT100009087,CUST0003574,SALARY,ACTIVE,2019-02-06,25775.23,INR,1,8850.56,5,4,1,1
ACCT100009088,CUST0000611,NRE,ACTIVE,2016-09-06,550079.23,INR,1,623652.27,5,1,1,1
ACCT100009089,CUST0006025,NRE,ACTIVE,2020-04-24,7211.47,INR,1,73441.79,7,2,1,1
ACCT100009090,CUST0007986,SALARY,ACTIVE,2014-05-08,5207.45,INR,1,15735.51,1,1,1,1
ACCT100009091,CUST0001936,NRO,ACTIVE,2014-04-20,841287.98,INR,1,38639.37,7,2,0,0
ACCT100009092,CUST0005044,SAVINGS,ACTIVE,2017-12-22,53496.46,AED,1,11021.08,2,1,1,1
ACCT100009093,CUST0004821,CURRENT,ACTIVE,2015-08-19,3898.03,INR,1,18843.38,4,1,1,1
ACCT100009094,CUST0001019,SALARY,ACTIVE,2012-04-30,10925.56,AED,1,40522.9,1,3,1,1
ACCT100009095,CUST0006609,NRE,DORMANT,2012-03-21,60674.0,INR,1,268643.61,5,1,1,1
ACCT100009096,CUST0005568,CURRENT,ACTIVE,2013-05-20,87262.87,INR,1,7896.89,1,2,1,1
ACCT100009097,CUST0004302,CURRENT,ACTIVE,2017-04-07,89963.02,INR,3,67400.57,4,1,0,1
ACCT100009098,CUST0005181,CURRENT,DORMANT,2020-10-16,7352.64,INR,3,61603.28,5,1,1,1
ACCT100009099,CUST0000257,SAVINGS,ACTIVE,2017-06-22,430755.62,INR,3,10814.76,4,1,1,0
ACCT100009100,CUST0005940,CURRENT,ACTIVE,2012-10-02,11057.7,INR,2,32618.62,1,1,0,1
ACCT100009101,CUST0005861,SALARY,ACTIVE,2016-03-06,25885.73,GBP,1,6502.43,5,1,1,1
ACCT100009102,CUST0006441,SAVINGS,ACTIVE,2018-02-28,38401.91,USD,1,8661.63,2,1,1,1
ACCT100009103,CUST0005035,CURRENT,ACTIVE,2015-01-23,235823.3,USD,1,442117.61,2,1,1,1
ACCT100009104,CUST0006255,TRUST,DORMANT,2019-12-12,462427.33,INR,2,170087.2,7,3,1,1
ACCT100009105,CUST0004932,NRO,DORMANT,2016-09-25,153194.03,SGD,1,15052.01,7,3,1,1
ACCT100009106,CUST0001635, CURRENT ,DORMANT,2014-05-29,2323.94,AED,1,1445.05,3,1,1,1
ACCT100009107,CUST0003538,SAVINGS,ACTIVE,2020-04-12,5146.03,USD,2,26271.25,5,2,1,0
ACCT100009108,CUST0002058,SHELL,DORMANT,2013-12-22,13496235.35,GBP,1,337352.69,10,1,1,0
ACCT100009109,CUST0001181,SAVINGS,CLOSED,2021-04-07,2973.43,INR,2,6723.13,5,2,1,0
ACCT100009110,CUST0006121,NRE,ACTIVE,2016-08-27,64908.15,SGD,1,132189.11,5,1,1,0
ACCT100009111,CUST0002034,TRUST,DORMANT,2012-06-19,25885.43,AED,3,822218.48,9,1,0,1
ACCT100009112,CUST0007298,shell,ACTIVE,2021-01-26,953350.64,USD,1,162351.3,10,2,1,1
ACCT100009113,CUST0005832,CURRENT,ACTIVE,2017-03-02,27056.15,INR,2,97045.88,3,1,0,1
ACCT100009114,CUST0001851,current,ACTIVE,2015-01-17,25769.22,INR,1,33437.98,1,5,1,1
ACCT100009115,CUST0006498,SALARY,ACTIVE,2015-03-19,3705.14,INR,1,80605.37,5,1,0,1
ACCT100009116,CUST0005241,CURRENT,ACTIVE,2016-07-09,114737.17,INR,1,26824.69,5,1,1,0
ACCT100009117,CUST0002635,SAVINGS,ACTIVE,2020-05-01,69781.91,INR,3,6809.14,1,4,1,1
ACCT100009118,CUST0006124,CURRENT,ACTIVE,2019-07-07,48307.2,INR,3,43197.92,3,3,1,1
ACCT100009119,CUST0000202,SAVINGS,ACTIVE,2016-05-21,2035.38,INR,1,12219.86,3,3,0,1
ACCT100009120,CUST0000545,SAVINGS,ACTIVE,2013-06-15,21627.33,INR,3,847.99,4,1,1,1
ACCT100009121,CUST0000561,SAVINGS,BLOCKED,2017-10-27,213620.29,INR,1,3128.22,1,3,0,1
ACCT100009122,CUST0006141,CURRENT,ACTIVE,2015-09-21,18703.09,INR,1,436181.7,5,2,0,1
ACCT100009123,CUST0001006,SHELL,ACTIVE,2016-08-08,6891458.24,INR,1,145603.2,8,4,1,1
ACCT100009124,CUST0006660,SALARY,ACTIVE,2017-03-17,14173.34,INR,1,9515.17,1,5,1,0
ACCT100009125,CUST0004212,SAVINGS,ACTIVE,2016-06-05,10742.16,INR,1,5185.6,4,1,0,1
ACCT100009126,CUST0003417,NRO,BLOCKED,2017-12-16,34355.5,INR,1,67944.07,7,2,0,1
ACCT100009127,CUST0003636,SAVINGS,BLOCKED,2015-03-01,43203.4,USD,2,20404.97,3,3,1,1
ACCT100009128,CUST0005246,CURRENT,ACTIVE,2015-03-01,19431.14,INR,3,14206.53,5,2,1,1
ACCT100009129,CUST0001591,SALARY,ACTIVE,2019-08-05,7573.84,AED,1,32649.24,4,3,1,1
ACCT100009130,CUST0006358,CURRENT,ACTIVE,2015-05-07,21378.08,INR,1,21835.39,2,1,0,1
ACCT100009131,CUST0000709,NRE,ACTIVE,2021-06-25,90658.65,USD,1,82900.34,5,1,1,1
ACCT100009132,CUST0006120,SAVINGS,ACTIVE,2012-09-17,4787.81,INR,1,13326.4,2,1,0,1
ACCT100009133,CUST0000126,CURRENT,ACTIVE,2017-07-11,101413.33,USD,1,8925.06,1,1,1,1
ACCT100009134,CUST0000432,CURRENT,ACTIVE,2014-03-14,50299.33,USD,1,12142.94,5,1,1,1
ACCT100009135,CUST0003055,SAVINGS,ACTIVE,2014-12-18,3033.69,INR,1,13441.78,1,3,0,1
ACCT100009136,CUST0002477,CURRENT,ACTIVE,2021-06-14,14266.35,INR,3,13404.24,3,3,1,1
ACCT100009137,CUST0000668,CURRENT,ACTIVE,2021-02-09,6067.04,INR,1,49216.25,3,1,1,1
ACCT100009138,CUST0007485,SAVINGS,ACTIVE,2013-07-19,89017.83,USD,2,134326.43,3,3,0,1
ACCT100009139,CUST0004910,CURRENT,ACTIVE,2017-03-27,65320.48,USD,1,34831.47,3,3,1,1
ACCT100009140,CUST0005836,SAVINGS,ACTIVE,2012-05-24,14463.94,INR,1,185471.88,5,1,0,0
ACCT100009141,CUST0007598,CURRENT,ACTIVE,2014-09-23,27009.94,GBP,2,1741.36,3,1,0,1
ACCT100009142,CUST0007108,CURRENT,ACTIVE,2021-04-20,31261.14,INR,2,23092.46,3,2,1,0
ACCT100009143,CUST0003880,SALARY,ACTIVE,2016-07-02,16480.78,USD,1,3209.9,4,4,1,0
ACCT100009144,CUST0000723,SAVINGS,DORMANT,2013-08-13,50232.45,INR,3,13299.85,4,1,1,0
ACCT100009145,CUST0005887,SAVINGS,CLOSED,2021-07-29,126158.41,AED,1,4263.12,3,2,1,1
ACCT100009146,CUST0001753,SALARY,ACTIVE,2018-05-07,50558.58,AED,1,666.97,2,1,1,1
ACCT100009147,CUST0001426,NRE,ACTIVE,2013-05-21,363472.38,AED,2,6409.27,4,1,1,0
ACCT100009148,CUST0003437,SAVINGS,ACTIVE,2015-03-09,381.81,AED,1,1543.49,4,3,1,1
ACCT100009149,CUST0001135,CURRENT,ACTIVE,2020-12-26,81033.03,USD,3,10641.59,2,3,1,1
ACCT100009150,CUST0000224,CURRENT,ACTIVE,2018-12-15,496400.73,AED,1,407529.48,2,3,1,1
ACCT100009151,CUST0007889,CURRENT,DORMANT,2020-12-30,116885.54,INR,1,129745.08,1,1,1,1
ACCT100009152,CUST0006928,SAVINGS,ACTIVE,2016-09-21,19440.34,USD,1,16660.66,2,2,1,1
ACCT100009153,CUST0005173,CURRENT,ACTIVE,2015-09-09,3979.04,USD,1,11014.22,4,1,0,1
ACCT100009154,CUST0003748,SALARY,DORMANT,2017-07-05,3436.92,INR,1,16543.37,1,1,1,1
ACCT100009155,CUST0000441,NRE,ACTIVE,2016-07-05,10281.71,INR,1,178948.39,4,2,1,1
ACCT100009156,CUST0006370,NRE,ACTIVE,2018-12-24,66859.47,INR,2,30015.3,6,2,1,1
ACCT100009157,CUST0004077,SAVINGS,ACTIVE,2019-06-13,5809.4,INR,1,12481.04,3,1,1,1
ACCT100009158,CUST0006655,TRUST,ACTIVE,2016-11-16,339036.43,INR,1,369669.97,9,1,1,1
ACCT100009159,CUST0005154,SAVINGS,BLOCKED,2012-04-16,15458.35,USD,1,77432.06,3,1,1,1
ACCT100009160,CUST0001983,SALARY,ACTIVE,2018-05-05,11943.9,INR,1,9240.86,1,3,1,1
ACCT100009161,CUST0006749,SAVINGS,ACTIVE,2019-07-15,22299.38,USD,1,3494.16,1,2,1,1
ACCT100009162,CUST0007798,SALARY,ACTIVE,2016-10-31,75359.83,USD,1,166965.28,2,1,1,1
ACCT100009163,CUST0002864,nre,ACTIVE,2013-03-06,9622333.26,AED,2,232947.07,6,1,1,1
ACCT100009164,CUST0005045,NRE,ACTIVE,2013-03-05,410908.17,AED,2,114648.31,7,1,1,1
ACCT100009165,CUST0007193,SAVINGS,ACTIVE,2014-02-28,93200.99,GBP,2,12699.09,3,1,1,1
ACCT100009166,CUST0001610,CURRENT,ACTIVE,2016-02-22,61023.53,AED,1,438933.48,3,4,1,0
ACCT100009167,CUST0003775,CURRENT,ACTIVE,2018-06-23,45808.41,SGD,3,419077.59,2,2,1,1
ACCT100009168,CUST0003977,SAVINGS,ACTIVE,2016-04-09,17016.76,USD,1,31361.87,5,3,0,1
ACCT100009169,CUST0003951,NRE,ACTIVE,2019-06-08,264122.21,AED,1,12553.59,5,2,1,0
ACCT100009170,CUST0007506,CURRENT,BLOCKED,2020-06-13,55181.54,SGD,1,18060.59,1,1,1,1
ACCT100009171,CUST0006167,CURRENT,ACTIVE,2017-06-20,176418.08,INR,1,97915.19,5,2,1,0
ACCT100009172,CUST0001862,salary,ACTIVE,2017-10-04,21258.35,INR,3,27141.37,2,4,1,0
ACCT100009173,CUST0007333,SALARY,ACTIVE,2018-09-18,30147.43,INR,3,18993.83,2,2,1,1
ACCT100009174,CUST0004983,NRE,ACTIVE,2019-08-15,31418.06,INR,3,19447.92,5,1,1,1
ACCT100009175,CUST0000127,CURRENT,ACTIVE,2016-08-12,18616.47,USD,2,78214.67,1,1,1,1
ACCT100009176,CUST0007318,NRO,ACTIVE,2012-11-09,146680.42,USD,1,418390.15,7,1,1,1
ACCT100009177,CUST0007132,SHELL,DORMANT,2015-11-22,74643.92,USD,3,178941.82,9,1,0,1
ACCT100009178,CUST0002760,CURRENT,ACTIVE,2013-10-23,4328.28,USD,1,10422.63,2,1,1,1
ACCT100009179,CUST0003787,SAVINGS,DORMANT,2019-10-15,28728.66,AED,1,40790.21,5,1,1,1
ACCT100009180,CUST0000740,SAVINGS,ACTIVE,2012-09-10,178481.3,USD,1,5621.96,3,1,1,1
ACCT100009181,CUST0001416,CURRENT,ACTIVE,2018-07-06,23831.91,GBP,2,63486.97,1,1,1,0
ACCT100009182,CUST0001417,CURRENT,ACTIVE,2021-02-03,10785.68,USD,1,31885.98,4,4,1,1
ACCT100009183,CUST0004506,TRUST,DORMANT,2015-01-03,278710.98,INR,1,233789.91,9,2,0,1
ACCT100009184,CUST0001583,NRO,DORMANT,2014-11-22,62287.79,INR,1,104783.52,5,4,1,1
ACCT100009185,CUST0001841,SHELL,ACTIVE,2012-06-08,28986.28,INR,3,88344.58,8,2,1,1
ACCT100009186,CUST0004894,SALARY,DORMANT,2016-10-28,3364.7,GBP,1,11364.0,1,1,0,1
ACCT100009187,CUST0001836,SAVINGS,ACTIVE,2020-11-02,3634.18,INR,1,2155.92,3,1,1,1
ACCT100009188,CUST0002979,current,ACTIVE,2019-04-15,398539.86,INR,2,47338.08,2,1,0,1
ACCT100009189,CUST0006747,NRO,ACTIVE,2019-10-16,90536.02,AED,1,130010.18,4,1,1,0
ACCT100009190,CUST0004670,CURRENT,ACTIVE,2016-07-03,4217.36,USD,1,237322.58,1,1,1,1
ACCT100009191,CUST0000628,SALARY,ACTIVE,2019-05-01,4259.73,AED,1,7077.78,3,1,1,1
ACCT100009192,CUST0003878,SALARY,ACTIVE,2013-04-26,5077.56,INR,1,1826.61,2,1,1,1
ACCT100009193,CUST0000512,SHELL,DORMANT,2019-09-16,220942.96,INR,1,4921980.94,7,3,1,1
ACCT100009194,CUST0006536,CURRENT,ACTIVE,2019-11-09,29535.3,INR,2,36044.85,5,2,0,1
ACCT100009195,CUST0003580, SALARY ,ACTIVE,2018-06-26,93064.93,USD,1,3200.56,5,1,0,1
ACCT100009196,CUST0003640,SAVINGS,ACTIVE,2015-06-18,15997.44,INR,1,4595.39,1,1,1,0
ACCT100009197,CUST0000762,CURRENT,ACTIVE,2015-03-24,41405.34,USD,2,44727.12,1,1,0,1
ACCT100009198,CUST0002246,NRO,ACTIVE,2016-05-08,241464.27,AED,1,709689.5,4,1,1,1
ACCT100009199,CUST0000242,SALARY,ACTIVE,2014-04-19,9533.67,INR,1,1312.96,2,1,0,1
ACCT100009200,CUST0003110,CURRENT,ACTIVE,2019-05-27,18378.27,AED,1,129014.97,3,4,1,1
ACCT100009201,CUST0007698,SALARY,ACTIVE,2018-11-15,7718.68,INR,1,5829.17,1,3,1,1
ACCT100009202,CUST0003585,SAVINGS,ACTIVE,2014-04-18,7644.99,INR,1,16262.0,2,1,1,0
ACCT100009203,CUST0006920, NRE ,ACTIVE,2014-08-20,960649.87,GBP,1,132269.74,5,2,1,1
ACCT100009204,CUST0004593,NRE,ACTIVE,2017-03-16,286502.29,INR,1,20134.09,6,1,1,0
ACCT100009205,CUST0001292,NRE,ACTIVE,2019-04-26,5270298.41,INR,2,493422.62,4,3,1,1
ACCT100009206,CUST0001473,CURRENT,ACTIVE,2013-11-18,33893.01,INR,1,13940.53,1,1,0,1
ACCT100009207,CUST0001340,SAVINGS,ACTIVE,2021-11-16,24505.01,INR,1,52606.73,5,1,1,0
ACCT100009208,CUST0007517,NRE,ACTIVE,2020-09-04,584677.3,AED,2,120834.53,5,1,1,1
ACCT100009209,CUST0003811,SAVINGS,ACTIVE,2013-12-29,5721.48,INR,2,142476.29,5,1,1,1
ACCT100009210,CUST0000401,TRUST,CLOSED,2014-01-18,349295.24,INR,1,1077196.78,9,4,1,0
ACCT100009211,CUST0006726,SALARY,ACTIVE,2016-09-02,25863.42,INR,1,1609.42,3,2,0,1
ACCT100009212,CUST0004217,SAVINGS,ACTIVE,2021-09-22,317270.94,INR,1,2009.98,2,3,1,1
ACCT100009213,CUST0007062,SAVINGS,DORMANT,2015-03-05,18819.51,AED,1,12978.89,3,1,1,1
ACCT100009214,CUST0003759,SALARY,BLOCKED,2019-11-05,77402.63,USD,1,5032.01,4,1,1,1
ACCT100009215,CUST0004680, SHELL ,DORMANT,2021-03-18,186549.53,AED,1,325303.45,7,1,1,1
ACCT100009216,CUST0003812,SAVINGS,ACTIVE,2018-05-15,6993.36,INR,1,11204.27,4,4,1,1
ACCT100009217,CUST0001813,SAVINGS,ACTIVE,2015-07-04,7850.82,AED,2,618.36,1,3,1,1
ACCT100009218,CUST0006149,SALARY,ACTIVE,2017-10-10,193692.58,AED,1,3819.94,3,1,0,1
ACCT100009219,CUST0002975,SALARY,ACTIVE,2015-12-11,52452.27,AED,1,16266.2,3,1,1,1
ACCT100009220,CUST0006492,NRO,ACTIVE,2013-06-24,200669.5,INR,2,219630.79,7,1,1,1
ACCT100009221,CUST0003870,NRO,ACTIVE,2016-11-28,487331.42,INR,1,40474.77,6,1,0,1
ACCT100009222,CUST0001142,SALARY,ACTIVE,2020-02-28,1257.38,INR,1,17393.65,1,1,1,1
ACCT100009223,CUST0000973,SAVINGS,ACTIVE,2021-10-25,10696.92,INR,1,17573.53,5,2,0,1
ACCT100009224,CUST0007981,SALARY,CLOSED,2019-01-12,18149.69,INR,1,9935.41,5,1,1,1
ACCT100009225,CUST0002473,savings,ACTIVE,2013-12-11,3760.19,USD,2,53967.3,2,1,1,1
ACCT100009226,CUST0003741,SAVINGS,ACTIVE,2021-01-06,907.94,AED,1,9974.99,3,1,1,1
ACCT100009227,CUST0001505,SALARY,ACTIVE,2013-02-08,1908.51,INR,1,2468.73,2,1,0,1
ACCT100009228,CUST0001449,CURRENT,ACTIVE,2012-07-15,85259.81,INR,1,31918.59,2,1,1,0
ACCT100009229,CUST0000822,NRE,DORMANT,2014-11-11,460853.63,INR,1,972487.86,4,1,1,1
ACCT100009230,CUST0006922,SAVINGS,ACTIVE,2015-08-11,15797.97,INR,2,2612.06,5,1,1,0
ACCT100009231,CUST0006520,SHELL,DORMANT,2018-02-06,116356.27,INR,1,2019238.47,7,1,1,1
ACCT100009232,CUST0001327,CURRENT,ACTIVE,2020-06-11,17870.04,USD,2,36383.47,4,1,1,0
ACCT100009233,CUST0000915,NRO,ACTIVE,2012-02-24,106283.6,USD,1,1440233.97,4,1,1,1
ACCT100009234,CUST0002921,CURRENT,ACTIVE,2018-05-14,40189.21,SGD,1,32278.0,2,1,1,1
ACCT100009235,CUST0006601,SAVINGS,ACTIVE,2012-10-11,2500493.59,USD,1,5214.37,5,1,0,1
ACCT100009236,CUST0006080,CURRENT,ACTIVE,2013-11-29,92337.97,INR,1,18704.87,3,1,1,0
ACCT100009237,CUST0002352,NRO,ACTIVE,2015-10-07,58015.32,INR,1,31646.77,6,1,1,1
ACCT100009238,CUST0000319,SALARY,DORMANT,2021-04-11,19409.19,INR,1,4649.67,4,1,1,1
ACCT100009239,CUST0005008,SAVINGS,ACTIVE,2021-07-27,354616.46,USD,1,14875.59,2,1,1,1
ACCT100009240,CUST0007724,CURRENT,ACTIVE,2014-11-08,20719.3,INR,1,1101790.13,5,1,0,1
ACCT100009241,CUST0002011,SAVINGS,ACTIVE,2017-07-04,32531.36,AED,1,1684.38,3,2,1,0
ACCT100009242,CUST0000487,SALARY,ACTIVE,2017-12-01,33832.2,INR,1,59306.23,4,1,1,1
ACCT100009243,CUST0000370,CURRENT,ACTIVE,2016-12-30,41992.39,USD,1,79565.48,3,1,1,1
ACCT100009244,CUST0003504,SAVINGS,ACTIVE,2021-11-18,16870.97,INR,1,22038.69,4,4,0,0
ACCT100009245,CUST0003631,NRE,ACTIVE,2016-12-07,7751.74,INR,1,63044.77,6,2,1,1
ACCT100009246,CUST0006055,CURRENT,ACTIVE,2018-09-13,194052.15,INR,1,96229.07,4,1,1,1
ACCT100009247,CUST0000501,SALARY,ACTIVE,2019-08-04,10793.92,SGD,2,13012.36,1,1,1,1
ACCT100009248,CUST0003654,SALARY,ACTIVE,2021-08-22,13051.39,USD,2,1043.39,5,1,1,1
ACCT100009249,CUST0006768,CURRENT,ACTIVE,2015-04-09,15166.43,INR,1,11980.96,4,1,1,1
ACCT100009250,CUST0005113,SAVINGS,ACTIVE,2013-01-03,205848.88,INR,1,32476.09,1,2,1,1
ACCT100009251,CUST0005203,SALARY,ACTIVE,2021-03-30,994.46,GBP,1,16522.3,3,3,1,1
ACCT100009252,CUST0004255,SALARY,ACTIVE,2020-07-10,1394.22,INR,1,80676.78,1,1,1,1
ACCT100009253,CUST0005715,SHELL,ACTIVE,2021-09-27,819394.33,INR,1,285411.72,7,4,1,1
ACCT100009254,CUST0005024,SALARY,ACTIVE,2012-05-19,14225.48,INR,1,4578.15,4,1,1,1
ACCT100009255,CUST0006323,CURRENT,ACTIVE,2013-09-28,7499.6,INR,1,69107.04,2,2,1,1
ACCT100009256,CUST0002025,TRUST,ACTIVE,2017-05-26,1144100.42,SGD,2,185358.17,8,4,0,1
ACCT100009257,CUST0004653,CURRENT,ACTIVE,2012-09-07,18576.88,INR,1,26247.21,4,3,0,1
ACCT100009258,CUST0007803,SAVINGS,ACTIVE,2016-01-15,21269.57,USD,1,18811.89,2,5,1,1
ACCT100009259,CUST0007427,CURRENT,ACTIVE,2013-03-06,65426.9,INR,1,24940.13,3,3,1,1
ACCT100009260,CUST0002774,SAVINGS,ACTIVE,2021-07-12,34822.96,GBP,1,49780.55,2,2,0,1
ACCT100009261,CUST0003595,CURRENT,ACTIVE,2018-04-30,86965.14,INR,1,8575.67,2,4,1,1
ACCT100009262,CUST0004464,NRO,ACTIVE,2019-08-10,46407.68,USD,1,27499.33,6,1,0,1
ACCT100009263,CUST0003552,SAVINGS,ACTIVE,2013-12-02,12819.33,INR,1,8969.35,1,5,0,1
ACCT100009264,CUST0007812,CURRENT,ACTIVE,2013-04-22,44237.36,INR,2,321902.28,3,1,0,1
ACCT100009265,CUST0001002,SALARY,ACTIVE,2015-10-21,31467.24,SGD,1,8926.8,1,2,0,1
ACCT100009266,CUST0001205,SAVINGS,ACTIVE,2015-12-12,2613.12,INR,1,17453.34,3,1,1,1
ACCT100009267,CUST0000076,CURRENT,ACTIVE,2014-01-29,86836.95,SGD,1,5268.15,1,5,1,1
ACCT100009268,CUST0000127,NRO,DORMANT,2013-07-16,118118.44,INR,2,17391.91,7,1,1,1
ACCT100009269,CUST0003293,NRO,ACTIVE,2018-06-12,665633.98,INR,2,18043.5,7,4,1,0
ACCT100009270,CUST0005124,SAVINGS,ACTIVE,2018-01-08,6978.14,INR,1,20892.14,2,2,1,0
ACCT100009271,CUST0004080,CURRENT,BLOCKED,2021-01-19,596369.43,USD,1,126881.26,3,4,1,1
ACCT100009272,CUST0007280,SALARY,ACTIVE,2017-11-11,9609.58,INR,1,10049.78,4,1,1,1
ACCT100009273,CUST0007363,TRUST,ACTIVE,2019-05-16,2295.79,INR,3,95961.74,10,2,0,1
ACCT100009274,CUST0000919,NRE,DORMANT,2019-09-15,234431.24,INR,2,378642.83,6,2,1,1
ACCT100009275,CUST0004042,SALARY,ACTIVE,2012-10-31,6220.59,USD,3,13184.55,2,1,1,1
ACCT100009276,CUST0007608,SAVINGS,DORMANT,2016-05-03,13961.13,INR,1,155706.23,1,2,1,0
ACCT100009277,CUST0006033,CURRENT,ACTIVE,2018-11-17,88130.95,INR,1,7638.94,3,2,1,1
ACCT100009278,CUST0000989,CURRENT,ACTIVE,2016-09-12,229908.31,INR,1,7082.69,5,1,1,1
ACCT100009279,CUST0005349,CURRENT,DORMANT,2014-12-03,3162980.01,INR,1,74580.95,3,2,1,1
ACCT100009280,CUST0003562,SAVINGS,ACTIVE,2013-02-08,2977.44,INR,2,40401.75,2,5,1,1
ACCT100009281,CUST0007052,CURRENT,ACTIVE,2019-10-13,294375.93,INR,1,7118.22,4,2,0,1
ACCT100009282,CUST0000493,SALARY,DORMANT,2014-03-15,19604.38,INR,1,7027.41,5,3,1,0
ACCT100009283,CUST0001959,CURRENT,ACTIVE,2017-08-13,5842.55,SGD,1,216599.24,5,1,1,1
ACCT100009284,CUST0003538,SAVINGS,ACTIVE,2016-07-07,57434.64,AED,1,71660.69,4,1,0,1
ACCT100009285,CUST0000726,SAVINGS,ACTIVE,2018-01-18,197721.32,USD,3,16310.2,2,1,1,1
ACCT100009286,CUST0000851,SAVINGS,ACTIVE,2014-09-19,5946.61,USD,1,10726.51,1,1,1,0
ACCT100009287,CUST0002897,SAVINGS,ACTIVE,2013-09-02,8413.41,INR,1,9446.58,4,3,0,1
ACCT100009288,CUST0007594, TRUST ,ACTIVE,2019-12-14,5867323.46,INR,3,46970.96,10,1,0,1
ACCT100009289,CUST0004529,SALARY,ACTIVE,2020-01-31,11609.76,INR,1,3803.04,4,1,1,0
ACCT100009290,CUST0000362,NRE,ACTIVE,2013-02-04,135637.92,USD,1,332473.99,7,2,1,1
ACCT100009291,CUST0005125,SAVINGS,CLOSED,2018-03-31,1028.77,INR,2,15336.32,2,1,0,1
ACCT100009292,CUST0001295,SAVINGS,ACTIVE,2013-11-19,6657.53,AED,1,5181.32,4,1,0,1
ACCT100009293,CUST0004858,SAVINGS,ACTIVE,2021-05-25,5489.73,USD,2,3322.21,1,1,1,0
ACCT100009294,CUST0000959,SALARY,ACTIVE,2014-06-09,115471.31,AED,1,2838.77,4,3,0,1
ACCT100009295,CUST0006761,SALARY,ACTIVE,2013-10-16,1657.8,INR,1,29980.51,2,1,0,1
ACCT100009296,CUST0005786,CURRENT,ACTIVE,2018-12-20,64180.25,INR,2,2507.56,3,2,1,1
ACCT100009297,CUST0000616,SAVINGS,ACTIVE,2021-07-07,14001.39,INR,1,8699.33,5,3,1,0
ACCT100009298,CUST0006552,CURRENT,ACTIVE,2020-03-21,8832.03,USD,1,83046.12,2,1,1,1
ACCT100009299,CUST0000555,CURRENT,DORMANT,2016-01-30,1947927.46,SGD,3,14227.65,2,1,1,1
ACCT100009300,CUST0000468,SAVINGS,ACTIVE,2013-06-19,160865.67,USD,2,16909.21,2,2,1,1
ACCT100009301,CUST0002676,CURRENT,ACTIVE,2019-04-04,57357.77,INR,1,43633.7,3,2,1,1
ACCT100009302,CUST0004053,NRE,ACTIVE,2018-06-08,2995547.0,INR,1,957838.02,4,1,0,0
ACCT100009303,CUST0003939,NRO,ACTIVE,2019-06-10,13121.27,INR,1,20103.65,6,2,0,1
ACCT100009304,CUST0006747,SAVINGS,ACTIVE,2018-07-31,46266.41,INR,1,13163.18,3,3,0,1
ACCT100009305,CUST0002468,SAVINGS,ACTIVE,2019-10-08,542.25,USD,1,28110.17,4,2,0,1
ACCT100009306,CUST0005578,savings,DORMANT,2021-09-28,1811.61,INR,1,19793.4,3,1,1,1
ACCT100009307,CUST0006501,SALARY,ACTIVE,2019-12-13,1456.96,SGD,1,8919.84,5,3,1,1
ACCT100009308,CUST0006754,CURRENT,DORMANT,2018-03-10,130894.65,INR,1,186744.4,2,1,1,1
ACCT100009309,CUST0005356,SALARY,ACTIVE,2017-09-20,6038.71,INR,1,13030.61,1,1,1,1
ACCT100009310,CUST0004506, SAVINGS ,ACTIVE,2017-12-18,28347.81,AED,2,2676.29,3,1,1,1
ACCT100009311,CUST0001728,SALARY,ACTIVE,2019-09-26,8279.99,INR,3,9046.89,4,1,0,1
ACCT100009312,CUST0000267,CURRENT,ACTIVE,2018-08-06,19914.24,INR,1,251756.69,4,1,1,1
ACCT100009313,CUST0007285,SALARY,CLOSED,2020-08-31,4401.33,INR,1,2695.2,1,1,1,1
ACCT100009314,CUST0006548, NRO ,ACTIVE,2014-11-16,245738.14,INR,2,139101.51,4,1,0,1
ACCT100009315,CUST0007476,TRUST,ACTIVE,2013-01-29,1286306.13,INR,1,127410.23,7,3,1,0
ACCT100009316,CUST0004089,SALARY,ACTIVE,2014-12-21,1554.35,GBP,3,1705.11,2,1,1,1
ACCT100009317,CUST0006177,SAVINGS,ACTIVE,2019-12-19,118601.23,INR,1,5994.21,5,1,1,1
ACCT100009318,CUST0001908,TRUST,ACTIVE,2020-07-14,43212.62,USD,1,215572.58,10,2,1,0
ACCT100009319,CUST0003590,CURRENT,ACTIVE,2016-10-07,12560.04,INR,1,35743.5,1,1,1,1
ACCT100009320,CUST0003074,CURRENT,DORMANT,2020-09-07,165155.64,SGD,1,68586.55,2,4,1,1
ACCT100009321,CUST0006767,SAVINGS,ACTIVE,2017-11-30,1388.13,INR,1,81415.31,4,3,1,1
ACCT100009322,CUST0004720,NRO,ACTIVE,2018-08-20,56658.96,USD,1,57245.33,6,1,0,0
ACCT100009323,CUST0001865,TRUST,ACTIVE,2012-07-02,365485.8,GBP,3,1345716.36,7,1,1,1
ACCT100009324,CUST0006772,TRUST,ACTIVE,2014-05-06,4735546.16,INR,1,557768.98,8,3,1,1
ACCT100009325,CUST0004115,CURRENT,ACTIVE,2021-07-06,54725.01,INR,2,56980.45,2,2,1,0
ACCT100009326,CUST0006233,NRO,BLOCKED,2016-02-16,79659.56,INR,2,155922.54,4,4,1,1
ACCT100009327,CUST0002974,SALARY,ACTIVE,2017-01-23,4092.19,INR,2,39826.94,4,2,1,0
ACCT100009328,CUST0004817,CURRENT,ACTIVE,2018-11-12,188816.11,INR,2,22702.32,4,1,1,1
ACCT100009329,CUST0003789,NRE,ACTIVE,2015-04-14,350493.4,USD,1,94567.0,4,1,1,1
ACCT100009330,CUST0000153,CURRENT,ACTIVE,2018-09-26,60599.87,AED,1,32384.69,1,2,1,1
ACCT100009331,CUST0001523,NRE,BLOCKED,2021-06-21,603957.63,INR,3,7512.4,4,2,1,1
ACCT100009332,CUST0007822,TRUST,ACTIVE,2014-02-05,189342.44,INR,1,534337.43,7,2,1,1
ACCT100009333,CUST0006226,SALARY,ACTIVE,2016-11-25,11120.33,INR,1,5593.2,1,1,0,1
ACCT100009334,CUST0004880,TRUST,DORMANT,2016-04-16,784258.69,USD,1,424826.13,7,2,1,0
ACCT100009335,CUST0004089,CURRENT,ACTIVE,2012-10-16,20011.23,GBP,1,12062.69,2,1,1,0
ACCT100009336,CUST0004488,SAVINGS,ACTIVE,2021-01-16,8263.06,AED,1,34715.58,4,1,1,1
ACCT100009337,CUST0006507,SALARY,ACTIVE,2015-08-23,46380.95,INR,2,24473.17,2,1,1,1
ACCT100009338,CUST0000853,CURRENT,DORMANT,2014-06-04,48970.32,INR,2,8337.52,2,1,1,1
ACCT100009339,CUST0006543,SAVINGS,ACTIVE,2012-11-29,96229.43,INR,1,2705.6,4,1,0,1
ACCT100009340,CUST0003857,SALARY,ACTIVE,2017-05-14,31577.63,INR,2,5821.11,3,4,0,1
ACCT100009341,CUST0005926,SAVINGS,ACTIVE,2013-11-27,993.53,INR,1,12601.14,2,1,1,0
ACCT100009342,CUST0003674,CURRENT,BLOCKED,2019-11-27,20133.16,INR,1,30842.83,4,1,1,1
ACCT100009343,CUST0001422,SAVINGS,ACTIVE,2016-06-18,9452.02,INR,1,15325.25,2,2,1,1
ACCT100009344,CUST0007984,SHELL,DORMANT,2020-06-30,240681.93,INR,1,175819.12,8,2,1,1
ACCT100009345,CUST0007393,SAVINGS,ACTIVE,2014-10-03,7657.94,USD,2,18399.72,4,1,1,1
ACCT100009346,CUST0007850,TRUST,ACTIVE,2018-02-03,1202069.1,USD,1,580887.23,8,2,1,1
ACCT100009347,CUST0001139,TRUST,DORMANT,2017-07-04,6612218.64,AED,1,93084.52,9,1,0,1
ACCT100009348,CUST0002831,CURRENT,ACTIVE,2015-04-02,611428.33,INR,1,32461.15,1,1,0,0
ACCT100009349,CUST0005080,SAVINGS,ACTIVE,2013-12-14,19227.47,USD,2,1216.08,5,1,1,1
ACCT100009350,CUST0006421,SALARY,ACTIVE,2019-02-16,12396.06,INR,2,1342.92,2,1,0,1
ACCT100009351,CUST0002834,SAVINGS,ACTIVE,2016-10-26,94266.37,INR,1,3655.73,2,3,1,1
ACCT100009352,CUST0006983,SALARY,ACTIVE,2020-05-02,69231.48,INR,1,95174.53,5,3,1,1
ACCT100009353,CUST0002873,SAVINGS,ACTIVE,2018-08-20,64571.4,INR,1,18272.78,2,4,1,1
ACCT100009354,CUST0000210,SAVINGS,ACTIVE,2016-07-04,5251.05,INR,1,35036.45,5,2,1,1
ACCT100009355,CUST0001234,SAVINGS,ACTIVE,2016-03-12,9380.79,USD,1,34242.21,2,3,1,1
ACCT100009356,CUST0007041,SALARY,ACTIVE,2019-09-19,25500.95,INR,1,2792.33,4,1,1,1
ACCT100009357,CUST0007639,NRE,ACTIVE,2015-01-19,349924.0,INR,1,121573.41,4,3,1,1
ACCT100009358,CUST0002247,NRO,ACTIVE,2017-07-06,258834.81,INR,1,51889.2,6,1,1,1
ACCT100009359,CUST0004416,SALARY,ACTIVE,2013-10-08,15942.62,AED,1,14206.84,5,3,1,1
ACCT100009360,CUST0003860,CURRENT,ACTIVE,2015-10-07,22457.77,INR,1,13178.86,2,4,1,1
ACCT100009361,CUST0007740,SALARY,DORMANT,2014-01-03,6134.77,INR,1,625.77,1,3,1,0
ACCT100009362,CUST0000383,SALARY,ACTIVE,2017-12-30,5632.42,USD,1,2691.05,3,1,0,1
ACCT100009363,CUST0004256,SALARY,DORMANT,2014-11-28,18736.74,INR,3,13822.53,3,2,1,1
ACCT100009364,CUST0007295,SAVINGS,ACTIVE,2016-08-28,6957.22,USD,1,14962.0,3,1,1,1
ACCT100009365,CUST0005509,SALARY,DORMANT,2020-08-25,9165.51,USD,1,27010.67,1,2,1,0
ACCT100009366,CUST0006572,CURRENT,ACTIVE,2014-09-22,76205.53,INR,1,37377.47,3,2,1,1
ACCT100009367,CUST0000662,CURRENT,ACTIVE,2017-01-09,999.39,AED,2,14570.76,3,2,1,1
ACCT100009368,CUST0004256,SALARY,ACTIVE,2014-06-20,1583102.16,INR,1,21080.72,3,2,0,1
ACCT100009369,CUST0002090,SALARY,ACTIVE,2021-01-02,15098.01,INR,1,13665.87,1,1,1,1
ACCT100009370,CUST0003015,SAVINGS,DORMANT,2020-05-24,3157.16,INR,1,25924.47,4,3,1,1
ACCT100009371,CUST0003015,SAVINGS,ACTIVE,2014-10-11,7439.97,USD,1,13491.08,5,1,1,0
ACCT100009372,CUST0000435,NRO,ACTIVE,2017-11-04,144596.5,USD,1,16112.76,6,2,0,1
ACCT100009373,CUST0001045,SALARY,ACTIVE,2015-03-20,209217.0,AED,3,66652.85,4,1,1,1
ACCT100009374,CUST0001196,NRO,ACTIVE,2017-09-07,36140.59,AED,1,393700.0,7,1,1,1
ACCT100009375,CUST0002633,SAVINGS,ACTIVE,2017-08-05,834.78,INR,1,48630.43,3,1,1,1
ACCT100009376,CUST0001836,SHELL,ACTIVE,2019-05-07,591986.45,INR,2,697258.15,8,1,1,1
ACCT100009377,CUST0005942,CURRENT,ACTIVE,2019-05-27,40190.6,AED,2,15173.29,4,1,1,1
ACCT100009378,CUST0000890,NRO,ACTIVE,2016-03-24,39522.02,INR,1,48312.2,7,1,1,1
ACCT100009379,CUST0005563,SALARY,ACTIVE,2020-01-04,43192.73,INR,2,9304.18,3,1,1,1
ACCT100009380,CUST0005998,SAVINGS,ACTIVE,2017-01-14,8943.68,SGD,1,35715.76,2,1,0,0
ACCT100009381,CUST0003244,CURRENT,ACTIVE,2018-11-16,22755.7,INR,2,102876.54,5,2,0,1
ACCT100009382,CUST0007483,SALARY,ACTIVE,2019-07-03,32830.81,GBP,3,15025.12,5,2,1,1
ACCT100009383,CUST0001007,salary,BLOCKED,2013-09-20,10784.93,INR,1,1428.29,3,1,1,1
ACCT100009384,CUST0004367,SALARY,ACTIVE,2017-09-27,5148.37,INR,1,47556.56,2,1,1,1
ACCT100009385,CUST0004785,TRUST,ACTIVE,2018-07-24,42349.77,INR,3,101112.88,9,2,0,1
ACCT100009386,CUST0006170,SALARY,ACTIVE,2019-12-19,52725.51,INR,1,4469.73,4,1,1,1
ACCT100009387,CUST0002376,SAVINGS,ACTIVE,2012-02-12,36278.17,USD,2,3031.54,2,1,0,1
ACCT100009388,CUST0001026,SAVINGS,ACTIVE,2017-06-02,12060.8,INR,1,20879.7,5,1,1,0
ACCT100009389,CUST0002761,NRE,CLOSED,2014-07-22,838683.23,USD,1,93731.44,4,1,1,0
ACCT100009390,CUST0004708,SAVINGS,ACTIVE,2013-09-13,1990.31,INR,1,2745.08,1,4,1,1
ACCT100009391,CUST0006354,SHELL,ACTIVE,2020-10-17,4303119.76,INR,3,2523657.03,7,3,0,1
ACCT100009392,CUST0006936,SALARY,ACTIVE,2017-07-19,19531.2,INR,1,11953.73,3,3,1,1
ACCT100009393,CUST0007171,SAVINGS,ACTIVE,2018-12-19,14307.33,USD,1,6826.29,4,1,1,1
ACCT100009394,CUST0003193,TRUST,DORMANT,2013-03-11,1207101.78,SGD,1,349521.12,10,1,1,1
ACCT100009395,CUST0006573,SAVINGS,ACTIVE,2018-07-15,120479.34,INR,1,23760.63,1,2,1,1
ACCT100009396,CUST0006271,CURRENT,ACTIVE,2020-05-17,29742.99,INR,1,10723.32,5,2,1,0
ACCT100009397,CUST0004148,SAVINGS,ACTIVE,2020-02-06,8924.77,USD,1,18850.31,2,3,1,1
ACCT100009398,CUST0001291,TRUST,DORMANT,2015-10-28,130361.63,INR,1,162918.16,10,4,1,1
ACCT100009399,CUST0003777,SAVINGS,ACTIVE,2015-05-12,9466.3,INR,2,3406.85,3,2,0,1
ACCT100009400,CUST0002764,SALARY,ACTIVE,2019-06-19,4069.93,SGD,3,80799.67,1,1,1,1
ACCT100009401,CUST0002816,NRO,ACTIVE,2017-08-29,1687894.25,USD,1,22641.41,6,1,1,1
ACCT100009402,CUST0005676,SAVINGS,ACTIVE,2018-12-06,31479.21,AED,1,12129.72,5,3,1,0
ACCT100009403,CUST0005873,SALARY,ACTIVE,2016-08-05,46563.85,USD,1,6605.88,3,1,1,1
ACCT100009404,CUST0005766,SAVINGS,ACTIVE,2015-10-04,3303.13,INR,2,19347.98,3,1,1,1
ACCT100009405,CUST0001607,SAVINGS,ACTIVE,2018-07-06,163623.23,INR,1,8861.64,5,1,1,1
ACCT100009406,CUST0006340,TRUST,BLOCKED,2016-12-11,147835.8,AED,1,306384.3,8,2,1,0
ACCT100009407,CUST0002158,SAVINGS,ACTIVE,2013-06-12,83797.74,INR,1,17278.15,3,2,1,1
ACCT100009408,CUST0006908,SAVINGS,ACTIVE,2014-07-19,19127.14,INR,1,51927.51,5,3,1,1
ACCT100009409,CUST0003464,NRO,ACTIVE,2018-10-06,67831.27,INR,2,58670.34,6,2,1,0
ACCT100009410,CUST0001815,SAVINGS,ACTIVE,2020-08-20,89604.14,INR,1,32987.06,3,2,1,1
ACCT100009411,CUST0000370,CURRENT,DORMANT,2013-09-25,80320.71,INR,1,21761.44,2,3,1,1
ACCT100009412,CUST0007861,SAVINGS,ACTIVE,2020-03-02,116229.41,INR,1,51361.17,3,1,1,1
ACCT100009413,CUST0006760,SALARY,ACTIVE,2016-11-26,5701.84,USD,1,8070.38,4,5,1,1
ACCT100009414,CUST0007230,SHELL,ACTIVE,2013-02-06,407353.72,INR,1,320963.16,7,1,0,1
ACCT100009415,CUST0006963,SAVINGS,ACTIVE,2018-12-06,2846.72,INR,1,2069.89,2,1,1,1
ACCT100009416,CUST0007800,NRE,ACTIVE,2016-08-10,109071.51,INR,3,26963.19,7,2,1,1
ACCT100009417,CUST0003854, SALARY ,ACTIVE,2015-07-15,8632.59,AED,1,4017.17,1,1,1,1
ACCT100009418,CUST0003255,CURRENT,ACTIVE,2019-06-19,134824.78,USD,1,33960.54,1,1,1,1
ACCT100009419,CUST0004325,SALARY,ACTIVE,2018-07-05,10070.12,INR,1,3695.15,4,2,1,1
ACCT100009420,CUST0002977,NRE,CLOSED,2021-06-24,565155.31,USD,1,198472.75,5,3,0,0
ACCT100009421,CUST0005742,SALARY,ACTIVE,2016-04-30,13724.85,USD,2,8647.33,4,2,1,1
ACCT100009422,CUST0007301,CURRENT,ACTIVE,2020-12-19,243205.84,INR,1,158198.67,2,3,0,1
ACCT100009423,CUST0000134,SAVINGS,ACTIVE,2019-06-02,26572.31,INR,2,29979.31,3,4,0,1
ACCT100009424,CUST0001134,CURRENT,ACTIVE,2016-07-05,14096.16,INR,1,29641.03,4,3,1,0
ACCT100009425,CUST0004013,NRO,ACTIVE,2014-03-14,128799.9,USD,1,101901.25,4,1,1,1
ACCT100009426,CUST0005975,SALARY,ACTIVE,2017-09-06,148354.15,AED,1,20686.37,5,1,1,0
ACCT100009427,CUST0004367,CURRENT,ACTIVE,2013-10-20,158793.23,AED,1,128477.5,4,2,1,1
ACCT100009428,CUST0002159,SAVINGS,CLOSED,2018-11-04,7453.87,INR,1,5256.76,2,1,1,1
ACCT100009429,CUST0001762,TRUST,ACTIVE,2014-06-15,366838.58,AED,1,75433.93,10,1,0,1
ACCT100009430,CUST0005437,SAVINGS,ACTIVE,2021-11-21,4176.99,INR,2,16008.03,2,3,1,1
ACCT100009431,CUST0001461,SALARY,ACTIVE,2018-01-10,6743.27,INR,1,5271.03,2,2,0,1
ACCT100009432,CUST0002229,SALARY,ACTIVE,2018-05-10,62685.29,AED,1,4033.3,2,2,1,1
ACCT100009433,CUST0005433,SAVINGS,ACTIVE,2019-02-12,1530.15,INR,2,7030.94,5,1,1,0
ACCT100009434,CUST0005699,SAVINGS,ACTIVE,2013-05-07,5311.15,INR,1,13165.74,1,1,1,1
ACCT100009435,CUST0000350,TRUST,DORMANT,2017-10-16,38951.64,INR,2,171933.12,10,2,1,1
ACCT100009436,CUST0006480,SHELL,ACTIVE,2019-05-10,105955.9,INR,1,721825.92,10,2,1,1
ACCT100009437,CUST0002318,CURRENT,CLOSED,2019-04-22,18308.98,INR,1,66312.38,5,2,1,1
ACCT100009438,CUST0002581,CURRENT,ACTIVE,2017-07-16,35528.68,USD,1,60283.94,1,4,1,1
ACCT100009439,CUST0000450,CURRENT,ACTIVE,2014-04-11,88124.04,INR,1,7092.12,4,2,0,1
ACCT100009440,CUST0005681,SAVINGS,ACTIVE,2019-07-17,12744.49,SGD,1,2848.85,5,2,0,1
ACCT100009441,CUST0003348,SHELL,DORMANT,2016-05-14,1650613.75,USD,1,704870.46,8,2,0,1
ACCT100009442,CUST0004988,CURRENT,DORMANT,2017-03-12,37555.37,AED,1,10566.7,1,3,0,0
ACCT100009443,CUST0003218,CURRENT,ACTIVE,2018-09-10,56948.7,INR,1,126660.02,2,1,0,1
ACCT100009444,CUST0000361,NRO,ACTIVE,2019-12-19,57031.59,USD,2,12930.38,7,2,1,1
ACCT100009445,CUST0004660,salary,BLOCKED,2020-10-29,986.23,INR,2,4484.68,1,2,1,1
ACCT100009446,CUST0007763,SAVINGS,ACTIVE,2018-08-22,2978.69,USD,2,9846.35,2,1,1,1
ACCT100009447,CUST0002321,SAVINGS,ACTIVE,2021-09-03,3854.49,USD,1,1164.21,1,1,0,1
ACCT100009448,CUST0006478,SAVINGS,ACTIVE,2013-04-21,21256.54,INR,2,10147.14,3,2,0,1
ACCT100009449,CUST0004365,CURRENT,ACTIVE,2015-12-19,157781.53,INR,2,22568.7,5,3,1,1
ACCT100009450,CUST0006171,CURRENT,ACTIVE,2013-05-28,112465.95,USD,3,77052.31,4,1,1,0
ACCT100009451,CUST0001542,CURRENT,ACTIVE,2014-06-01,9207.81,SGD,1,38033.71,1,2,0,0
ACCT100009452,CUST0005795, SAVINGS ,ACTIVE,2015-11-04,72599.95,AED,1,5379.09,2,4,1,1
ACCT100009453,CUST0005347,SAVINGS,ACTIVE,2018-01-14,24839.62,INR,1,119214.74,4,1,0,1
ACCT100009454,CUST0001938,SALARY,ACTIVE,2020-03-15,4073.34,USD,1,53546.47,4,3,0,1
ACCT100009455,CUST0004386,SAVINGS,BLOCKED,2021-02-04,4183.51,INR,1,3362.65,5,1,1,0
ACCT100009456,CUST0000164,SALARY,ACTIVE,2014-10-31,2909.29,AED,1,22144.68,2,2,1,1
ACCT100009457,CUST0006550,SAVINGS,ACTIVE,2018-06-09,44530.63,INR,1,5660.95,3,1,1,1
ACCT100009458,CUST0005484,CURRENT,ACTIVE,2012-07-09,44386.01,USD,1,40492.56,5,1,1,1
ACCT100009459,CUST0006724,SAVINGS,ACTIVE,2019-09-19,1464.06,INR,1,6915.61,3,1,0,0
ACCT100009460,CUST0006719,SAVINGS,ACTIVE,2012-01-25,2967.09,SGD,3,255.84,4,1,1,1
ACCT100009461,CUST0004850,SAVINGS,ACTIVE,2021-06-30,27358.71,USD,1,2951.21,2,1,0,1
ACCT100009462,CUST0006697,CURRENT,ACTIVE,2016-03-27,53420.4,INR,1,54850.25,4,2,1,1
ACCT100009463,CUST0003549,CURRENT,ACTIVE,2018-08-24,110389.69,USD,2,8225.03,4,4,1,1
ACCT100009464,CUST0004408,NRE,ACTIVE,2013-05-13,91950.01,USD,2,173605.73,4,1,0,0
ACCT100009465,CUST0001312,SALARY,ACTIVE,2020-03-13,105456.16,INR,2,12458.61,2,3,1,1
ACCT100009466,CUST0005069,SAVINGS,ACTIVE,2021-02-08,15713.87,INR,2,2944.59,2,3,1,1
ACCT100009467,CUST0000984,CURRENT,ACTIVE,2015-05-08,14851.41,AED,2,135703.8,5,1,0,1
ACCT100009468,CUST0004240,SAVINGS,DORMANT,2017-02-10,685.35,INR,1,1828.0,3,2,0,1
ACCT100009469,CUST0002369,SALARY,ACTIVE,2020-03-13,17344.61,SGD,2,12873.68,1,3,1,1
ACCT100009470,CUST0005466,SALARY,DORMANT,2012-11-06,295.99,USD,1,62143.46,1,3,1,1
ACCT100009471,CUST0001424, SALARY ,ACTIVE,2013-09-10,18750.55,INR,1,6899.91,5,1,1,1
ACCT100009472,CUST0002861,SAVINGS,ACTIVE,2013-03-09,9668.81,GBP,1,24682.37,2,2,0,1
ACCT100009473,CUST0007472,CURRENT,ACTIVE,2012-03-20,4465.63,INR,1,129776.09,2,1,1,1
ACCT100009474,CUST0000043,NRO,ACTIVE,2017-08-28,20529.45,INR,1,251246.56,7,3,0,1
ACCT100009475,CUST0001244,SAVINGS,ACTIVE,2014-08-25,8230.71,INR,1,19848.77,4,4,1,1
ACCT100009476,CUST0000404,SAVINGS,BLOCKED,2020-10-01,36456.81,INR,1,4952.2,1,3,1,0
ACCT100009477,CUST0007200,SAVINGS,ACTIVE,2013-04-11,4335.13,INR,1,31594.58,2,1,1,1
ACCT100009478,CUST0003271,SAVINGS,ACTIVE,2014-10-26,106704.22,INR,1,8669.63,4,2,1,1
ACCT100009479,CUST0000787,SAVINGS,ACTIVE,2020-12-08,41724.01,SGD,1,6216.61,3,1,1,1
ACCT100009480,CUST0000392,SAVINGS,ACTIVE,2017-04-09,931419.06,USD,3,34136.02,2,4,1,1
ACCT100009481,CUST0002385,CURRENT,DORMANT,2017-09-22,669039.07,INR,1,63221.57,2,1,1,1
ACCT100009482,CUST0001235,SALARY,BLOCKED,2014-04-12,141334.57,INR,1,4781.4,5,4,0,1
ACCT100009483,CUST0001518,SAVINGS,ACTIVE,2018-07-29,9876.11,INR,2,13570.15,5,1,1,1
ACCT100009484,CUST0003761,SHELL,ACTIVE,2020-06-14,11845565.08,SGD,1,182257.2,8,1,1,1
ACCT100009485,CUST0002195,SAVINGS,ACTIVE,2013-09-08,185202.83,USD,1,16871.72,4,3,1,1
ACCT100009486,CUST0002569,NRE,ACTIVE,2012-04-09,150549.03,INR,2,683128.19,5,4,1,1
ACCT100009487,CUST0003618,SAVINGS,ACTIVE,2013-05-08,42552.31,USD,2,11433.26,2,3,1,1
ACCT100009488,CUST0007842,SAVINGS,ACTIVE,2017-10-24,5939.22,INR,2,10681.13,1,4,1,0
ACCT100009489,CUST0001378,TRUST,ACTIVE,2014-05-29,335291.06,INR,1,171511.94,10,2,1,0
ACCT100009490,CUST0001986, CURRENT ,DORMANT,2015-03-13,39661.26,INR,1,48097.39,5,2,0,1
ACCT100009491,CUST0000913,CURRENT,ACTIVE,2014-06-14,961124.54,AED,2,130562.45,5,2,1,0
ACCT100009492,CUST0001147,SALARY,ACTIVE,2020-07-09,2670.06,INR,1,2372.94,2,1,1,1
ACCT100009493,CUST0006897,NRE,ACTIVE,2014-09-09,1482762.82,INR,1,85784.1,4,1,1,1
ACCT100009494,CUST0004746,NRO,ACTIVE,2016-11-21,89463.28,INR,1,225151.35,5,1,0,1
ACCT100009495,CUST0003583,NRO,ACTIVE,2020-08-07,37517.9,INR,1,263407.69,6,3,1,1
ACCT100009496,CUST0000765,SALARY,ACTIVE,2019-11-07,3243.85,INR,1,5835.74,2,3,0,1
ACCT100009497,CUST0006120,SAVINGS,BLOCKED,2020-08-30,1759.06,INR,1,27083.78,5,1,1,1
ACCT100009498,CUST0004036,CURRENT,ACTIVE,2012-11-14,93756.9,INR,1,26331.04,3,1,0,1
ACCT100009499,CUST0005824,CURRENT,ACTIVE,2018-01-31,159208.35,INR,3,13159.61,1,1,1,1
ACCT100009500,CUST0006807,CURRENT,ACTIVE,2019-08-06,165480.3,INR,1,96232.28,5,2,1,1
ACCT100009501,CUST0002647,SAVINGS,ACTIVE,2018-09-08,114965.77,USD,1,6613.57,3,1,0,1
ACCT100009502,CUST0000494,savings,ACTIVE,2017-03-21,55152.69,INR,1,29009.4,4,5,1,0
ACCT100009503,CUST0007560,SAVINGS,ACTIVE,2020-06-14,18298.42,USD,2,5343.41,5,2,1,1
ACCT100009504,CUST0005806,SALARY,ACTIVE,2017-02-15,5689.89,AED,2,3720.19,4,3,1,1
ACCT100009505,CUST0006311,SAVINGS,ACTIVE,2016-09-01,8285.54,AED,1,11265.84,4,2,1,1
ACCT100009506,CUST0002450,NRO,ACTIVE,2019-05-11,65480.67,SGD,3,107605.01,4,3,0,1
ACCT100009507,CUST0004829,TRUST,DORMANT,2012-11-19,480113.62,INR,1,242039.23,10,2,1,1
ACCT100009508,CUST0003780,SALARY,ACTIVE,2017-04-21,33480.11,USD,1,2950.36,3,1,0,1
ACCT100009509,CUST0004369,SAVINGS,DORMANT,2017-07-10,40694.09,INR,1,54899.64,3,1,0,1
ACCT100009510,CUST0006822,SHELL,ACTIVE,2013-09-30,48588.29,SGD,1,237032.26,9,1,1,1
ACCT100009511,CUST0002374,SALARY,ACTIVE,2021-01-02,6042.0,INR,1,19490.04,1,1,1,1
ACCT100009512,CUST0000254,CURRENT,BLOCKED,2020-06-22,13542.03,INR,1,125707.83,5,3,1,1
ACCT100009513,CUST0004567,CURRENT,ACTIVE,2016-06-08,34842.33,INR,2,62085.75,1,1,0,1
ACCT100009514,CUST0001416,SAVINGS,ACTIVE,2015-02-26,26657.69,USD,1,36420.84,5,1,1,1
ACCT100009515,CUST0000696,NRE,ACTIVE,2017-10-16,34072.65,USD,2,297355.94,5,2,1,1
ACCT100009516,CUST0001596,CURRENT,ACTIVE,2016-11-24,47397.13,INR,1,15619.58,3,1,1,0
ACCT100009517,CUST0004712,SAVINGS,ACTIVE,2015-11-10,11190.95,USD,1,39826.44,3,1,1,1
ACCT100009518,CUST0002227,SAVINGS,ACTIVE,2020-04-06,20307.34,GBP,2,10471.29,2,4,1,1
ACCT100009519,CUST0006540,SAVINGS,ACTIVE,2017-12-14,8913.48,USD,1,10554.91,3,3,0,1
ACCT100009520,CUST0000081,NRO,ACTIVE,2021-08-16,10077.12,INR,1,13947.03,5,2,1,1
ACCT100009521,CUST0001517,CURRENT,ACTIVE,2016-05-25,1255.6,AED,1,71066.57,5,2,1,1
ACCT100009522,CUST0005135,TRUST,DORMANT,2016-01-12,101827.96,INR,1,85513.03,10,3,1,1
ACCT100009523,CUST0001668,SAVINGS,ACTIVE,2013-06-10,10993.01,SGD,1,15566.71,4,1,0,0
ACCT100009524,CUST0005036,SHELL,ACTIVE,2018-09-07,412509.33,USD,2,1371573.83,9,3,0,1
ACCT100009525,CUST0001041,TRUST,ACTIVE,2014-02-28,1102734.24,GBP,1,83044.41,8,3,0,0
ACCT100009526,CUST0006171,SALARY,ACTIVE,2014-05-19,35059.18,INR,1,18663.06,3,2,1,1
ACCT100009527,CUST0003439,NRE,ACTIVE,2014-12-18,8332.66,USD,1,1754657.16,5,1,1,1
ACCT100009528,CUST0006063,SAVINGS,ACTIVE,2016-12-29,4354.73,INR,1,22468.06,1,1,1,1
ACCT100009529,CUST0006100,SAVINGS,ACTIVE,2018-06-09,41464.58,INR,1,3401.18,2,1,0,1
ACCT100009530,CUST0000035,SAVINGS,ACTIVE,2020-09-27,69822.26,USD,1,4677.99,1,2,1,0
ACCT100009531,CUST0003997,TRUST,ACTIVE,2014-11-13,3430238.61,USD,1,110746.88,10,2,1,1
ACCT100009532,CUST0006029,CURRENT,ACTIVE,2013-01-21,30360.94,INR,1,24053.97,5,2,1,1
ACCT100009533,CUST0007448,SALARY,ACTIVE,2016-08-14,402.24,INR,2,6793.62,5,1,1,1
ACCT100009534,CUST0004882,SAVINGS,ACTIVE,2012-04-20,1577.57,GBP,1,113699.61,1,4,1,1
ACCT100009535,CUST0007395,SAVINGS,DORMANT,2021-08-31,10377.71,USD,1,6109.84,5,1,1,1
ACCT100009536,CUST0000219,CURRENT,ACTIVE,2015-03-04,5631.58,INR,1,9148.81,2,1,1,1
ACCT100009537,CUST0002412,CURRENT,ACTIVE,2020-07-09,9032.83,GBP,2,205841.84,2,2,1,1
ACCT100009538,CUST0003518,NRE,ACTIVE,2020-07-01,58792.37,USD,2,55684.35,4,1,1,1
ACCT100009539,CUST0002030,SALARY,ACTIVE,2017-12-31,685.28,INR,1,4067.1,2,1,1,1
ACCT100009540,CUST0004238, SALARY ,ACTIVE,2020-01-16,15376.7,USD,1,6340.69,2,1,1,1
ACCT100009541,CUST0004862,CURRENT,ACTIVE,2016-03-22,1389233.14,GBP,1,12739.03,3,1,1,1
ACCT100009542,CUST0000015,NRO,ACTIVE,2017-11-09,256045.64,INR,2,38978.95,5,3,1,0
ACCT100009543,CUST0000832,SAVINGS,ACTIVE,2018-07-24,39083.32,USD,1,6241.99,4,2,0,0
ACCT100009544,CUST0001561,SALARY,ACTIVE,2012-05-06,62259.56,INR,1,60797.37,3,1,0,1
ACCT100009545,CUST0005385,SAVINGS,ACTIVE,2015-11-12,325611.57,INR,1,26610.15,3,3,1,1
ACCT100009546,CUST0001565,SALARY,ACTIVE,2020-04-05,20369.01,INR,2,3984.33,5,1,1,1
ACCT100009547,CUST0003302,TRUST,DORMANT,2018-09-17,1408616.52,INR,1,537172.45,10,1,1,0
ACCT100009548,CUST0007949,CURRENT,ACTIVE,2014-03-20,91440.74,USD,1,61819.46,3,1,0,1
ACCT100009549,CUST0005707,TRUST,DORMANT,2020-06-25,902463.69,USD,1,207911.6,8,5,0,1
ACCT100009550,CUST0006480,SAVINGS,ACTIVE,2014-08-15,3313.14,INR,1,2177.96,4,1,1,1
ACCT100009551,CUST0006901,TRUST,ACTIVE,2016-05-20,6192116.39,INR,1,148069.44,10,3,0,1
ACCT100009552,CUST0007568,savings,ACTIVE,2018-09-13,8996.55,USD,2,7133.25,5,1,0,1
ACCT100009553,CUST0004891,CURRENT,ACTIVE,2019-04-16,5583.95,INR,3,33037.51,1,1,1,1
ACCT100009554,CUST0002028,salary,ACTIVE,2016-08-24,30375.98,INR,1,62963.12,4,1,0,1
ACCT100009555,CUST0001670,NRE,ACTIVE,2015-05-10,329031.85,USD,1,648283.68,7,2,1,1
ACCT100009556,CUST0002635,SAVINGS,ACTIVE,2015-09-03,4285.24,GBP,1,6895.26,5,2,1,1
ACCT100009557,CUST0003722,TRUST,ACTIVE,2019-04-26,88623.0,AED,2,65874.49,7,3,1,1
ACCT100009558,CUST0006435,SAVINGS,ACTIVE,2020-04-07,1018.84,AED,1,13500.9,5,1,1,1
ACCT100009559,CUST0005745,NRO,ACTIVE,2019-01-17,456950.02,USD,2,88036.68,7,2,1,1
ACCT100009560,CUST0007578,NRO,ACTIVE,2015-05-03,238639.69,USD,1,66721.61,7,1,1,1
ACCT100009561,CUST0001688,salary,ACTIVE,2015-03-02,61187.03,INR,1,6474.5,5,2,1,1
ACCT100009562,CUST0002940,NRO,ACTIVE,2021-06-15,127562.72,INR,1,188524.75,5,3,0,1
ACCT100009563,CUST0004791,SAVINGS,ACTIVE,2021-06-25,21429.31,INR,1,33213.45,4,2,1,1
ACCT100009564,CUST0002611,TRUST,DORMANT,2019-01-27,1958051.87,INR,1,62089.59,10,1,1,1
ACCT100009565,CUST0003005,CURRENT,ACTIVE,2012-11-13,70361.11,AED,1,22565.5,2,1,1,1
ACCT100009566,CUST0002013,SAVINGS,ACTIVE,2021-03-14,7155.46,INR,2,3050.37,5,1,0,1
ACCT100009567,CUST0006282,SAVINGS,ACTIVE,2018-12-01,111711.06,INR,2,8093.56,5,3,0,1
ACCT100009568,CUST0001456,SALARY,ACTIVE,2018-07-27,4875.4,INR,3,11896.07,4,1,1,1
ACCT100009569,CUST0003863,SAVINGS,ACTIVE,2013-01-09,14367.34,INR,1,11045.43,3,1,0,1
ACCT100009570,CUST0004444,SAVINGS,ACTIVE,2020-09-24,5026.42,USD,1,3795.39,3,4,1,1
ACCT100009571,CUST0001323,CURRENT,ACTIVE,2017-02-17,7173.63,INR,2,52992.89,4,1,1,1
ACCT100009572,CUST0002276,SAVINGS,ACTIVE,2020-01-07,9750.43,USD,1,44635.9,3,2,1,1
ACCT100009573,CUST0007079,nre,DORMANT,2016-10-16,1384248.43,INR,1,1083359.83,6,1,1,1
ACCT100009574,CUST0002569,SAVINGS,ACTIVE,2019-01-28,732004.22,INR,1,6627.59,4,2,1,1
ACCT100009575,CUST0004818,SALARY,ACTIVE,2012-05-27,520.67,INR,1,18865.63,2,5,0,1
ACCT100009576,CUST0004433,CURRENT,BLOCKED,2021-08-03,32811.31,AED,3,557057.9,3,4,1,1
ACCT100009577,CUST0002842,SALARY,ACTIVE,2021-03-09,5515.32,INR,3,16845.44,4,1,1,1
ACCT100009578,CUST0005213,SAVINGS,ACTIVE,2012-12-29,51038.93,SGD,1,5036.68,3,3,0,0
ACCT100009579,CUST0002582,NRO,ACTIVE,2014-10-29,84469.64,INR,1,40246.45,6,2,1,1
ACCT100009580,CUST0003972,SALARY,ACTIVE,2016-08-18,16547.15,INR,2,30891.68,4,1,1,1
ACCT100009581,CUST0003052,NRE,ACTIVE,2018-05-08,468578.07,USD,1,541831.52,6,3,1,1
ACCT100009582,CUST0005804,NRE,ACTIVE,2013-12-17,61922.34,INR,1,766659.31,4,1,1,0
ACCT100009583,CUST0005679,NRO,ACTIVE,2019-08-14,260911.69,USD,1,83072.62,6,2,1,1
ACCT100009584,CUST0003473,SALARY,BLOCKED,2018-06-02,6898.57,USD,2,30947.96,1,1,1,1
ACCT100009585,CUST0002579,salary,ACTIVE,2017-11-16,139718.38,SGD,1,67704.25,2,2,1,0
ACCT100009586,CUST0003619,SAVINGS,ACTIVE,2016-10-22,5915.58,AED,1,13489.36,3,2,1,1
ACCT100009587,CUST0002457,SAVINGS,ACTIVE,2019-01-26,20060.65,INR,1,56587.03,5,3,0,1
ACCT100009588,CUST0002501,NRE,ACTIVE,2018-05-26,28703.24,INR,1,132637.84,5,1,1,1
ACCT100009589,CUST0000062,SAVINGS,ACTIVE,2015-03-20,2745.46,INR,1,28329.33,2,1,0,0
ACCT100009590,CUST0006339,SALARY,ACTIVE,2017-06-25,3169.68,USD,3,3303.19,2,3,1,1
ACCT100009591,CUST0001325,SAVINGS,ACTIVE,2016-04-25,42583.77,INR,2,33626.97,1,5,1,1
ACCT100009592,CUST0005588,SAVINGS,BLOCKED,2013-09-30,24803.98,INR,2,219.37,1,3,1,1
ACCT100009593,CUST0001297,current,DORMANT,2021-04-03,176196.9,USD,1,28053.48,5,4,1,1
ACCT100009594,CUST0004140,SAVINGS,ACTIVE,2015-07-05,25458.64,USD,1,15251.28,4,2,1,1
ACCT100009595,CUST0003036,NRE,ACTIVE,2021-05-25,1542281.33,AED,1,51947.01,4,1,1,1
ACCT100009596,CUST0003541,SAVINGS,ACTIVE,2017-02-20,2964.18,INR,1,2524.88,5,1,1,1
ACCT100009597,CUST0007248,NRE,ACTIVE,2013-10-29,243650.35,INR,1,565086.34,7,1,1,1
ACCT100009598,CUST0006592,CURRENT,ACTIVE,2018-12-28,757238.11,USD,1,1637.97,1,2,1,0
ACCT100009599,CUST0004059,SAVINGS,ACTIVE,2019-08-13,29879.46,SGD,1,50227.1,3,5,1,1
ACCT100009600,CUST0004161,CURRENT,ACTIVE,2015-12-29,139557.01,INR,1,10410.44,5,1,0,1
ACCT100009601,CUST0001513,CURRENT,CLOSED,2021-02-25,1086194.03,INR,3,20880.58,3,2,1,1
ACCT100009602,CUST0004680,SAVINGS,ACTIVE,2012-01-30,1402.93,INR,1,1236.38,1,1,0,1
ACCT100009603,CUST0005610,NRE,ACTIVE,2020-10-16,2965479.37,INR,1,441423.62,5,3,1,1
ACCT100009604,CUST0002704,CURRENT,ACTIVE,2016-11-01,141900.36,INR,1,186178.33,4,3,0,0
ACCT100009605,CUST0006550,CURRENT,ACTIVE,2015-07-31,19831.99,INR,1,244565.73,4,2,0,1
ACCT100009606,CUST0002048,SAVINGS,DORMANT,2012-12-04,125687.87,INR,3,6911.38,2,2,0,1
ACCT100009607,CUST0005376,SAVINGS,DORMANT,2017-04-30,5077.42,INR,2,4164.76,4,5,1,1
ACCT100009608,CUST0000491,SAVINGS,ACTIVE,2019-08-07,66409.97,INR,1,1441.59,1,2,1,1
ACCT100009609,CUST0001692,NRO,ACTIVE,2021-04-09,10469.63,SGD,1,223633.08,4,2,1,1
ACCT100009610,CUST0003547,NRO,ACTIVE,2020-06-24,11758.66,INR,2,114862.89,6,1,1,1
ACCT100009611,CUST0003013,SAVINGS,DORMANT,2017-08-11,16327.67,USD,1,6783.26,5,1,1,1
ACCT100009612,CUST0001440,CURRENT,DORMANT,2015-12-31,86513.67,USD,1,14849.12,4,4,0,1
ACCT100009613,CUST0000697,CURRENT,ACTIVE,2012-02-20,21479.92,INR,1,115145.69,1,2,1,0
ACCT100009614,CUST0004379,NRE,ACTIVE,2012-05-30,22791.13,USD,1,338244.41,5,1,1,1
ACCT100009615,CUST0007216,SAVINGS,ACTIVE,2018-07-15,2086.41,INR,2,67505.83,2,2,1,0
ACCT100009616,CUST0002579,NRE,ACTIVE,2013-04-13,3502.76,AED,1,57364.56,7,5,1,1
ACCT100009617,CUST0004014,SAVINGS,ACTIVE,2018-02-14,136581.37,INR,2,22562.25,2,2,0,1
ACCT100009618,CUST0000853,SAVINGS,ACTIVE,2021-07-07,10282.71,INR,3,23108.54,5,3,0,0
ACCT100009619,CUST0004781,NRO,ACTIVE,2018-04-07,540298.73,INR,2,11644.3,7,2,1,1
ACCT100009620,CUST0006232,SAVINGS,ACTIVE,2012-10-21,1188.6,INR,3,1253.71,5,1,1,1
ACCT100009621,CUST0004652,NRO,ACTIVE,2016-08-14,6499.82,INR,1,128549.06,4,2,1,1
ACCT100009622,CUST0003204,SAVINGS,CLOSED,2015-02-19,514.71,AED,1,4022.8,1,2,1,1
ACCT100009623,CUST0000642,SALARY,ACTIVE,2012-02-07,8856.15,USD,1,37334.67,3,1,0,1
ACCT100009624,CUST0001241,SAVINGS,DORMANT,2014-05-17,30560.74,INR,1,13748.45,1,1,1,1
ACCT100009625,CUST0000018,CURRENT,ACTIVE,2021-09-26,30523.44,INR,1,45980.08,5,4,1,1
ACCT100009626,CUST0004378,NRE,ACTIVE,2014-01-10,38469.92,INR,1,186312.81,4,1,1,0
ACCT100009627,CUST0004707,SALARY,ACTIVE,2014-07-18,15399.05,AED,3,16021.74,5,4,1,0
ACCT100009628,CUST0001988,SAVINGS,ACTIVE,2018-09-18,11440.89,USD,1,31881.21,2,2,0,1
ACCT100009629,CUST0002867,TRUST,DORMANT,2015-11-04,554007.28,INR,2,116430.05,7,1,0,1
ACCT100009630,CUST0000899,CURRENT,ACTIVE,2016-10-08,5024.39,SGD,2,19094.01,5,1,1,1
ACCT100009631,CUST0000478,NRO,ACTIVE,2020-07-13,93765.64,INR,1,4702.17,7,1,1,1
ACCT100009632,CUST0004103,NRO,ACTIVE,2017-09-01,190649.27,SGD,1,933656.96,4,1,0,1
ACCT100009633,CUST0000817,CURRENT,BLOCKED,2019-11-26,73739.15,INR,1,148375.41,3,4,1,1
ACCT100009634,CUST0003883,CURRENT,ACTIVE,2013-04-13,43902.88,INR,1,40007.99,4,1,1,1
ACCT100009635,CUST0003277,SALARY,DORMANT,2020-08-10,7132.69,INR,1,1983.94,4,1,1,1
ACCT100009636,CUST0000984,SALARY,ACTIVE,2014-10-03,10652.93,SGD,1,2397.46,3,2,1,1
ACCT100009637,CUST0001028,SAVINGS,ACTIVE,2017-03-27,52712.57,INR,3,4861.42,5,2,0,1
ACCT100009638,CUST0001481,SAVINGS,ACTIVE,2015-07-25,29760.5,INR,3,35205.21,4,1,1,0
ACCT100009639,CUST0000502,SAVINGS,ACTIVE,2012-10-25,8729.23,USD,3,19646.33,5,1,0,1
ACCT100009640,CUST0002578,CURRENT,BLOCKED,2014-04-10,21679.06,INR,1,19435.9,1,1,1,1
ACCT100009641,CUST0003679,SALARY,BLOCKED,2015-12-18,25043.54,INR,1,13087.16,5,2,0,1
ACCT100009642,CUST0005789,SAVINGS,ACTIVE,2014-08-03,11877.85,INR,2,13557.84,2,2,1,1
ACCT100009643,CUST0001111,CURRENT,ACTIVE,2018-02-27,712154.38,AED,1,27020.91,4,3,1,1
ACCT100009644,CUST0002813, CURRENT ,ACTIVE,2018-12-08,39335.55,INR,1,15846.38,1,1,0,1
ACCT100009645,CUST0000706,SAVINGS,ACTIVE,2021-06-20,4745.51,INR,1,63346.24,3,4,1,1
ACCT100009646,CUST0007717,CURRENT,ACTIVE,2012-09-14,238172.61,INR,1,61599.17,1,1,1,1
ACCT100009647,CUST0002131,SAVINGS,ACTIVE,2019-02-11,64578.95,INR,1,4192.95,5,4,1,1
ACCT100009648,CUST0005756,SAVINGS,DORMANT,2016-08-02,13911.32,SGD,2,18701.38,3,2,0,1
ACCT100009649,CUST0006549,SAVINGS,ACTIVE,2012-05-25,26750.4,GBP,1,5719.91,1,1,1,1
ACCT100009650,CUST0006098,SAVINGS,ACTIVE,2020-09-15,138330.57,USD,2,65707.16,3,4,1,1
ACCT100009651,CUST0002801,nre,BLOCKED,2012-10-08,269600.61,AED,2,158061.57,5,1,1,1
ACCT100009652,CUST0005215,NRE,BLOCKED,2018-04-28,147449.03,USD,1,65186.58,4,1,1,1
ACCT100009653,CUST0003174,SALARY,BLOCKED,2012-08-01,34608.67,USD,1,4126.52,4,4,1,1
ACCT100009654,CUST0006886,TRUST,ACTIVE,2015-11-11,405869.73,AED,1,66687.94,7,3,1,1
ACCT100009655,CUST0002115,CURRENT,ACTIVE,2012-02-21,18629.08,INR,1,29740.7,5,3,1,1
ACCT100009656,CUST0000687,SAVINGS,ACTIVE,2015-05-23,31360.9,INR,1,3183.98,4,1,0,1
ACCT100009657,CUST0001939,NRE,ACTIVE,2012-12-09,61124.74,INR,3,358405.85,6,1,0,0
ACCT100009658,CUST0007219,SALARY,ACTIVE,2017-11-27,57156.55,USD,1,2071.91,4,3,1,1
ACCT100009659,CUST0002445, SHELL ,ACTIVE,2015-09-18,513398.36,INR,1,958404.34,7,1,1,1
ACCT100009660,CUST0001482,CURRENT,ACTIVE,2017-09-29,1986.81,USD,1,38081.02,3,4,1,1
ACCT100009661,CUST0002393,NRO,ACTIVE,2014-01-23,117790.37,INR,1,349313.71,4,1,1,1
ACCT100009662,CUST0002449,NRO,ACTIVE,2014-08-01,187330.38,INR,1,188127.89,7,2,1,1
ACCT100009663,CUST0005307,SHELL,ACTIVE,2020-10-02,9167645.24,INR,1,255624.06,8,4,1,1
ACCT100009664,CUST0007691,SHELL,ACTIVE,2019-05-11,145381.55,INR,2,142258.8,9,1,1,1
ACCT100009665,CUST0001285,SHELL,ACTIVE,2012-11-03,798984.61,GBP,1,61851.17,7,1,1,1
ACCT100009666,CUST0005785,NRO,CLOSED,2012-02-16,24130.65,GBP,2,28815.69,4,2,1,1
ACCT100009667,CUST0006095,SAVINGS,DORMANT,2013-04-23,5196.25,INR,1,13563.5,3,1,1,1
ACCT100009668,CUST0005116,CURRENT,ACTIVE,2021-04-30,1246.23,USD,1,9130.35,2,1,1,0
ACCT100009669,CUST0003210,SHELL,ACTIVE,2012-05-25,304684.64,INR,3,2660441.77,9,1,1,1
ACCT100009670,CUST0002265,CURRENT,ACTIVE,2013-01-25,37665.59,INR,1,87970.91,3,1,1,1
ACCT100009671,CUST0004618,NRO,ACTIVE,2016-10-19,489765.08,GBP,1,44923.31,7,1,0,0
ACCT100009672,CUST0005518,NRE,ACTIVE,2015-05-17,2541846.21,USD,1,821610.65,4,3,1,1
ACCT100009673,CUST0007374,NRO,BLOCKED,2020-08-26,32462.71,INR,1,337055.42,6,1,1,1
ACCT100009674,CUST0005788,NRE,ACTIVE,2017-11-03,200366.87,INR,3,35255.35,7,1,0,1
ACCT100009675,CUST0000121,CURRENT,ACTIVE,2020-09-28,16923.84,USD,1,53427.18,5,2,0,1
ACCT100009676,CUST0006434,SAVINGS,ACTIVE,2015-12-08,90841.02,INR,2,24409.55,5,1,1,0
ACCT100009677,CUST0007603,SALARY,ACTIVE,2018-03-24,13844.23,INR,1,33354.95,1,1,1,1
ACCT100009678,CUST0004185,SAVINGS,ACTIVE,2015-05-01,33771.43,INR,2,28818.11,5,3,1,1
ACCT100009679,CUST0001532,SAVINGS,ACTIVE,2017-07-30,57359.64,INR,1,7615.53,3,3,1,1
ACCT100009680,CUST0002482,SAVINGS,ACTIVE,2013-08-09,225647.4,INR,1,9617.52,1,1,1,1
ACCT100009681,CUST0004641,SAVINGS,ACTIVE,2020-07-27,804.26,USD,1,20669.87,3,2,1,1
ACCT100009682,CUST0005148,CURRENT,ACTIVE,2014-06-19,19904.44,INR,1,153536.11,2,2,1,1
ACCT100009683,CUST0007008,NRO,ACTIVE,2019-07-22,170381.63,AED,1,24086.96,7,1,1,0
ACCT100009684,CUST0000251,NRE,ACTIVE,2019-02-26,32159.26,INR,1,1305703.3,6,1,0,1
ACCT100009685,CUST0007069,salary,ACTIVE,2016-07-22,35123.23,INR,2,827.91,1,3,1,1
ACCT100009686,CUST0005563,NRE,BLOCKED,2015-09-25,61993.1,INR,1,697034.29,6,1,0,1
ACCT100009687,CUST0003169,SALARY,CLOSED,2013-03-13,11888.13,INR,1,1549.91,3,1,1,1
ACCT100009688,CUST0006441,SAVINGS,BLOCKED,2021-07-03,93926.24,USD,2,1625.89,2,1,1,1
ACCT100009689,CUST0004997,TRUST,DORMANT,2019-05-27,28967.77,USD,2,270759.32,9,3,1,1
ACCT100009690,CUST0001767,SAVINGS,ACTIVE,2018-07-07,79409.04,INR,1,5562.67,1,1,1,1
ACCT100009691,CUST0002237,SAVINGS,ACTIVE,2019-04-07,1075.56,INR,1,113976.14,2,3,1,1
ACCT100009692,CUST0005290,savings,ACTIVE,2012-04-28,37778.94,INR,1,12766.89,3,1,0,1
ACCT100009693,CUST0002701,NRO,ACTIVE,2019-05-07,149284.62,INR,1,31205.44,4,1,0,1
ACCT100009694,CUST0002789,CURRENT,ACTIVE,2020-02-02,12210.17,INR,1,12416.81,4,1,1,1
ACCT100009695,CUST0004213,CURRENT,ACTIVE,2018-05-23,202956.73,INR,2,37974.76,5,3,1,1
ACCT100009696,CUST0003707,SAVINGS,BLOCKED,2015-08-17,1863.79,USD,1,2623.67,3,1,0,1
ACCT100009697,CUST0003482,TRUST,DORMANT,2017-02-05,1489060.82,GBP,2,500026.47,9,5,1,1
ACCT100009698,CUST0007813,nre,DORMANT,2021-07-17,120473.52,INR,1,26263.13,6,2,0,1
ACCT100009699,CUST0003810,SAVINGS,ACTIVE,2014-11-13,4051.6,INR,2,3101.97,4,1,1,1
ACCT100009700,CUST0001350,CURRENT,ACTIVE,2018-11-23,170231.81,INR,2,18719.82,1,3,0,1
ACCT100009701,CUST0006309,CURRENT,ACTIVE,2019-07-28,34555.92,INR,1,12848.03,3,1,1,0
ACCT100009702,CUST0006194,SAVINGS,ACTIVE,2016-03-02,5927.32,USD,1,1536.55,4,1,1,1
ACCT100009703,CUST0004960,SAVINGS,ACTIVE,2020-02-12,32153.94,SGD,1,11893.99,2,3,0,1
ACCT100009704,CUST0006399,NRE,ACTIVE,2018-01-05,198233.42,INR,2,636224.28,5,4,0,1
ACCT100009705,CUST0004522,CURRENT,ACTIVE,2012-07-15,205772.71,USD,1,221920.58,4,3,1,0
ACCT100009706,CUST0006061, CURRENT ,ACTIVE,2012-05-12,7061.82,INR,1,13460.54,2,3,0,1
ACCT100009707,CUST0007869,SAVINGS,ACTIVE,2021-03-04,16291.62,USD,1,37677.65,1,1,1,0
ACCT100009708,CUST0006674,SAVINGS,ACTIVE,2015-10-02,160820.69,USD,1,87055.43,2,1,1,0
ACCT100009709,CUST0007041,SALARY,ACTIVE,2019-05-05,124462.24,INR,3,62379.05,2,4,0,1
ACCT100009710,CUST0005167,NRO,ACTIVE,2012-03-24,308386.9,INR,2,416978.12,5,2,0,1
ACCT100009711,CUST0002530,NRO,DORMANT,2018-01-12,69904.79,INR,1,40984.73,6,1,1,1
ACCT100009712,CUST0000211,CURRENT,ACTIVE,2019-05-11,803570.75,INR,1,40285.17,2,1,1,1
ACCT100009713,CUST0004272,SALARY,ACTIVE,2021-11-23,746.49,INR,3,11851.12,2,4,1,1
ACCT100009714,CUST0005948,SAVINGS,ACTIVE,2021-09-18,9520.74,GBP,1,1403.22,2,1,0,1
ACCT100009715,CUST0001034,SAVINGS,ACTIVE,2013-05-21,22909.71,INR,1,13476.03,3,1,0,1
ACCT100009716,CUST0007746,CURRENT,ACTIVE,2020-11-19,35022.73,INR,1,135099.13,5,1,0,1
ACCT100009717,CUST0004601,NRE,ACTIVE,2020-01-18,240139.96,AED,1,342977.95,5,3,1,0
ACCT100009718,CUST0006069,NRO,ACTIVE,2021-10-15,139143.67,USD,1,477941.87,5,4,1,1
ACCT100009719,CUST0001985,TRUST,ACTIVE,2020-01-02,300866.57,INR,2,100556.59,8,1,0,0
ACCT100009720,CUST0000321,SAVINGS,DORMANT,2012-12-01,20941.16,AED,1,12370.64,5,2,1,0
ACCT100009721,CUST0007198,CURRENT,ACTIVE,2019-03-07,165293.39,INR,1,122546.13,2,1,0,0
ACCT100009722,CUST0007815, SALARY ,BLOCKED,2017-02-04,9671.36,AED,1,1928.73,5,1,1,0
ACCT100009723,CUST0006583,NRE,ACTIVE,2015-06-01,300183.56,INR,2,322445.1,7,2,0,1
ACCT100009724,CUST0001087,CURRENT,ACTIVE,2018-09-08,7523.08,INR,2,936386.38,2,1,1,1
ACCT100009725,CUST0006335,SAVINGS,ACTIVE,2015-01-17,84291.77,INR,1,11698.77,1,4,1,1
ACCT100009726,CUST0004809,NRE,ACTIVE,2016-06-07,557120.66,INR,1,22512.59,4,1,1,1
ACCT100009727,CUST0005065,NRO,ACTIVE,2020-09-15,46395.59,USD,1,144557.02,6,1,1,1
ACCT100009728,CUST0002121,NRO,ACTIVE,2017-06-23,282415.32,INR,2,22253.81,4,3,1,1
ACCT100009729,CUST0006082,NRO,BLOCKED,2013-09-26,257611.56,SGD,1,59973.03,4,2,0,1
ACCT100009730,CUST0007044,NRE,ACTIVE,2021-11-22,202466.32,INR,1,95832.27,6,1,1,1
ACCT100009731,CUST0005182,CURRENT,DORMANT,2021-01-05,65649.72,USD,1,98616.99,3,1,0,0
ACCT100009732,CUST0004135,SAVINGS,ACTIVE,2020-11-24,59442.39,USD,1,20520.23,2,2,0,1
ACCT100009733,CUST0004833,SAVINGS,ACTIVE,2014-10-05,22524.35,AED,3,2464.64,3,1,1,1
ACCT100009734,CUST0000959,SALARY,ACTIVE,2017-08-06,823.79,USD,1,922.71,2,1,0,0
ACCT100009735,CUST0004817,NRE,ACTIVE,2018-03-03,1266839.96,INR,2,67177.21,4,1,0,1
ACCT100009736,CUST0000329,SALARY,DORMANT,2020-12-14,2221.33,INR,2,24487.22,1,1,1,1
ACCT100009737,CUST0002205,SALARY,ACTIVE,2012-08-18,2096.14,AED,2,15863.98,2,2,1,0
ACCT100009738,CUST0005541,SALARY,ACTIVE,2019-06-21,16840.56,INR,1,104397.55,4,1,0,1
ACCT100009739,CUST0003986,SAVINGS,ACTIVE,2018-06-13,36950.55,GBP,3,3040.2,3,2,1,1
ACCT100009740,CUST0001163,SAVINGS,ACTIVE,2021-03-14,13529.79,SGD,2,8049.75,3,1,1,1
ACCT100009741,CUST0003945,SAVINGS,ACTIVE,2012-06-23,9016.09,INR,1,57897.11,2,2,1,1
ACCT100009742,CUST0002464,CURRENT,DORMANT,2014-11-26,375840.24,USD,1,120764.56,1,1,1,1
ACCT100009743,CUST0006182,SAVINGS,ACTIVE,2020-03-27,14870.62,AED,1,3700.61,2,2,1,1
ACCT100009744,CUST0003629,CURRENT,BLOCKED,2014-02-01,261997.22,AED,1,265392.39,1,1,0,1
ACCT100009745,CUST0001135,NRO,DORMANT,2015-09-25,737564.23,USD,2,69222.89,4,1,1,1
ACCT100009746,CUST0004163,SAVINGS,ACTIVE,2012-10-23,15190.45,USD,1,26948.78,4,3,0,1
ACCT100009747,CUST0000459,SALARY,ACTIVE,2016-07-13,514.65,GBP,1,12749.68,4,2,1,1
ACCT100009748,CUST0007635,SAVINGS,ACTIVE,2017-01-20,248567.15,INR,1,5475.87,4,1,1,1
ACCT100009749,CUST0002088,CURRENT,ACTIVE,2012-08-20,95920.59,USD,2,109421.92,1,1,1,0
ACCT100009750,CUST0000374,SAVINGS,ACTIVE,2017-02-19,15156.69,INR,2,2762.83,2,1,1,1
ACCT100009751,CUST0002455,SAVINGS,ACTIVE,2012-04-19,14182.82,INR,3,8127.9,1,3,1,1
ACCT100009752,CUST0003679,savings,DORMANT,2018-05-25,14109.04,INR,1,2768.8,1,2,1,1
ACCT100009753,CUST0001313,CURRENT,ACTIVE,2015-11-24,13210.41,USD,2,301347.28,1,1,1,1
ACCT100009754,CUST0006806,NRE,ACTIVE,2014-08-29,645497.56,USD,1,244995.6,4,1,1,1
ACCT100009755,CUST0000366,TRUST,ACTIVE,2015-12-24,3261710.9,INR,2,2240958.46,10,2,0,1
ACCT100009756,CUST0006221,SAVINGS,BLOCKED,2013-10-06,1511.81,AED,1,21490.04,2,1,0,0
ACCT100009757,CUST0005196,NRO,ACTIVE,2018-09-09,34068.97,INR,2,28275.78,5,5,1,1
ACCT100009758,CUST0003118,SAVINGS,ACTIVE,2013-04-16,66506.21,INR,1,2067.49,4,3,1,1
ACCT100009759,CUST0002924,NRE,ACTIVE,2012-03-30,199634.01,AED,2,272599.82,6,2,1,1
ACCT100009760,CUST0002771,CURRENT,ACTIVE,2018-01-28,328787.15,USD,1,81656.38,2,2,1,1
ACCT100009761,CUST0004869,SAVINGS,ACTIVE,2018-01-25,75598.1,AED,2,20129.11,1,1,1,1
ACCT100009762,CUST0001909,SAVINGS,ACTIVE,2016-05-14,84682.3,SGD,1,80240.42,5,2,0,1
ACCT100009763,CUST0006135,SAVINGS,ACTIVE,2020-08-12,28194.33,AED,1,11142.91,4,1,1,1
ACCT100009764,CUST0003261,SAVINGS,ACTIVE,2013-09-24,53448.89,GBP,2,5664.77,1,1,1,1
ACCT100009765,CUST0000355,SALARY,CLOSED,2015-07-04,22073.4,INR,1,7290.18,3,1,0,0
ACCT100009766,CUST0006956,SALARY,ACTIVE,2014-05-05,61434.55,INR,1,7500.15,5,1,0,1
ACCT100009767,CUST0001599,NRE,ACTIVE,2019-09-27,210254.36,GBP,1,103617.04,6,1,1,1
ACCT100009768,CUST0003332,CURRENT,ACTIVE,2017-07-18,224639.79,AED,1,100993.7,3,1,0,0
ACCT100009769,CUST0007281,SALARY,ACTIVE,2021-08-21,1686.93,INR,2,24492.9,1,1,1,1
ACCT100009770,CUST0005274,SAVINGS,ACTIVE,2014-12-12,96513.74,INR,3,19060.51,2,2,1,1
ACCT100009771,CUST0001073,CURRENT,BLOCKED,2014-05-01,74880.26,USD,1,4712.57,5,3,1,1
ACCT100009772,CUST0005000,CURRENT,ACTIVE,2017-12-06,64164.55,USD,1,6890.65,2,2,1,1
ACCT100009773,CUST0000156,CURRENT,BLOCKED,2013-02-26,188989.43,USD,1,58938.72,3,2,1,1
ACCT100009774,CUST0000796,NRE,ACTIVE,2014-12-07,149019.48,INR,1,138583.39,4,1,1,1
ACCT100009775,CUST0000565,SALARY,ACTIVE,2019-06-20,53310.91,INR,1,7127.6,1,5,1,1
ACCT100009776,CUST0001214,savings,ACTIVE,2015-12-06,2798.9,INR,1,1894.61,1,1,1,1
ACCT100009777,CUST0002142,TRUST,ACTIVE,2013-01-21,153970.19,USD,1,163734.92,9,2,1,1
ACCT100009778,CUST0006359, SAVINGS ,ACTIVE,2017-06-17,5825.45,SGD,1,18082.25,5,1,1,1
ACCT100009779,CUST0003582,CURRENT,ACTIVE,2013-10-08,15737.77,INR,3,71592.99,3,3,0,0
ACCT100009780,CUST0001462,CURRENT,ACTIVE,2013-01-06,100929.55,INR,1,8243.74,3,3,1,1
ACCT100009781,CUST0005293,SALARY,ACTIVE,2013-07-26,1898.86,INR,2,1474.06,1,3,1,1
ACCT100009782,CUST0005383,NRE,ACTIVE,2014-07-02,25709.19,INR,1,78022.96,5,2,1,1
ACCT100009783,CUST0002058,SAVINGS,ACTIVE,2014-07-01,6299.4,INR,2,9453.46,2,1,1,1
ACCT100009784,CUST0005335,SAVINGS,ACTIVE,2018-05-31,18080.18,INR,1,1464.47,4,3,1,1
ACCT100009785,CUST0007659,SAVINGS,ACTIVE,2020-04-08,55600.51,USD,1,2336.38,3,1,1,1
ACCT100009786,CUST0005640,NRE,DORMANT,2013-01-14,292894.38,INR,1,28992.35,4,1,0,1
ACCT100009787,CUST0005392,SALARY,ACTIVE,2017-06-26,37230.64,INR,1,4480.73,1,2,1,0
ACCT100009788,CUST0004871, SAVINGS ,ACTIVE,2016-01-25,6205.46,AED,1,4487.35,5,1,1,1
ACCT100009789,CUST0006013,CURRENT,DORMANT,2014-12-24,13908.74,INR,1,6970.56,2,1,1,1
ACCT100009790,CUST0006601,CURRENT,DORMANT,2020-12-11,37369.29,AED,1,113474.35,3,2,0,1
ACCT100009791,CUST0007951,CURRENT,CLOSED,2018-01-15,56418.91,USD,1,18752.11,2,4,1,0
ACCT100009792,CUST0002984,NRE,DORMANT,2021-08-24,47243.86,AED,2,54704.75,7,4,1,1
ACCT100009793,CUST0004321,NRO,ACTIVE,2013-07-18,1554.38,AED,1,20223.42,7,1,0,1
ACCT100009794,CUST0005563,SAVINGS,CLOSED,2015-05-22,488.07,USD,1,16015.7,3,1,0,1
ACCT100009795,CUST0005066,SALARY,ACTIVE,2015-11-20,15277.08,INR,1,2849.01,1,2,1,1
ACCT100009796,CUST0006466,NRE,ACTIVE,2014-11-30,637427.17,INR,1,130901.21,7,5,1,0
ACCT100009797,CUST0001726,SAVINGS,ACTIVE,2012-10-08,3239.03,INR,2,5062.9,4,1,1,1
ACCT100009798,CUST0007677,CURRENT,ACTIVE,2015-05-23,44330.82,INR,3,74873.13,5,1,1,0
ACCT100009799,CUST0000727,SAVINGS,ACTIVE,2020-06-21,205006.09,INR,3,7283.16,5,1,0,1
ACCT100009800,CUST0001072,CURRENT,ACTIVE,2015-04-14,154857.42,AED,2,30243.66,4,1,1,1
ACCT100009801,CUST0006825,SAVINGS,ACTIVE,2012-10-26,14181.01,INR,1,7852.99,2,5,1,0
ACCT100009802,CUST0007571,CURRENT,ACTIVE,2018-02-12,66168.57,INR,1,7710.93,5,3,1,1
ACCT100009803,CUST0004844,SHELL,DORMANT,2013-03-17,890847.97,AED,1,3439938.88,9,2,0,1
ACCT100009804,CUST0004739,NRO,ACTIVE,2012-03-15,92062.63,USD,1,52512.28,5,1,0,0
ACCT100009805,CUST0002349,CURRENT,ACTIVE,2020-03-05,5481.2,INR,1,26484.0,3,2,0,1
ACCT100009806,CUST0004882,SALARY,ACTIVE,2020-09-28,9336.81,INR,1,5250.09,1,2,1,1
ACCT100009807,CUST0007089,NRE,ACTIVE,2018-10-01,110444.66,INR,3,30914.44,5,2,1,0
ACCT100009808,CUST0001093,SAVINGS,ACTIVE,2015-08-11,22943.92,AED,1,12044.86,3,4,1,1
ACCT100009809,CUST0001649,CURRENT,DORMANT,2014-10-29,91552.66,SGD,1,68956.09,1,3,0,0
ACCT100009810,CUST0002118,CURRENT,ACTIVE,2015-07-01,24373.14,GBP,1,9650.91,3,3,1,1
ACCT100009811,CUST0003905,CURRENT,ACTIVE,2019-10-06,132335.99,INR,1,61638.01,5,2,0,0
ACCT100009812,CUST0007850,CURRENT,ACTIVE,2017-12-28,126970.03,GBP,1,46707.48,4,2,1,0
ACCT100009813,CUST0000646,NRE,ACTIVE,2021-06-19,444536.83,USD,1,581830.76,7,1,0,1
ACCT100009814,CUST0006068,CURRENT,ACTIVE,2019-04-08,12388.22,INR,1,12149.76,4,2,1,1
ACCT100009815,CUST0003914,NRO,ACTIVE,2013-03-15,1172355.95,AED,1,180649.51,6,2,0,1
ACCT100009816,CUST0006502,NRO,ACTIVE,2021-09-20,18524.68,AED,1,18106.72,4,1,1,1
ACCT100009817,CUST0007282,SHELL,ACTIVE,2012-04-21,5765336.07,INR,1,2185429.3,8,3,1,1
ACCT100009818,CUST0001526,SAVINGS,ACTIVE,2020-11-16,35665.36,INR,2,3814.0,3,2,1,1
ACCT100009819,CUST0000213,SALARY,ACTIVE,2017-10-10,63018.73,SGD,3,5544.26,5,2,1,1
ACCT100009820,CUST0000778,SAVINGS,ACTIVE,2018-04-16,11976.0,INR,2,29190.78,2,2,1,1
ACCT100009821,CUST0000870,SAVINGS,ACTIVE,2018-12-28,1679.41,INR,3,23174.71,5,1,1,1
ACCT100009822,CUST0005496,CURRENT,DORMANT,2015-09-09,13908.99,INR,2,20136.01,3,2,1,1
ACCT100009823,CUST0003104,TRUST,ACTIVE,2014-03-23,320458.09,USD,1,416080.57,10,1,1,0
ACCT100009824,CUST0005145,SAVINGS,ACTIVE,2018-11-25,28589.73,INR,1,9594.5,1,1,0,1
ACCT100009825,CUST0007067,CURRENT,ACTIVE,2021-05-31,162563.52,AED,2,7436.34,5,4,1,1
ACCT100009826,CUST0001778,SALARY,BLOCKED,2019-10-30,589.97,AED,1,7971.36,3,1,1,1
ACCT100009827,CUST0007703,NRO,ACTIVE,2020-11-14,107664.12,SGD,3,69368.7,4,1,1,1
ACCT100009828,CUST0007886,SAVINGS,DORMANT,2016-10-27,116505.95,INR,1,8864.65,4,4,0,1
ACCT100009829,CUST0007756,SALARY,ACTIVE,2015-12-22,460901.6,AED,1,67664.38,4,1,1,1
ACCT100009830,CUST0005905,SAVINGS,ACTIVE,2015-10-10,427532.04,INR,1,6134.43,3,3,1,1
ACCT100009831,CUST0007865,NRE,ACTIVE,2012-07-07,2895112.5,INR,1,83448.34,5,2,1,1
ACCT100009832,CUST0004643,SAVINGS,ACTIVE,2020-03-17,13829.48,INR,2,9334.05,5,5,1,1
ACCT100009833,CUST0004448,SALARY,ACTIVE,2013-05-10,20700.8,GBP,1,3212.41,2,1,1,1
ACCT100009834,CUST0002330,salary,ACTIVE,2012-09-28,58936.34,AED,1,34111.92,1,1,1,1
ACCT100009835,CUST0007049,SHELL,BLOCKED,2013-07-28,2964935.42,INR,1,2690463.77,9,2,1,1
ACCT100009836,CUST0005104,CURRENT,ACTIVE,2014-06-28,19974.96,INR,1,208774.36,2,2,1,1
ACCT100009837,CUST0007044,SAVINGS,ACTIVE,2017-02-03,11175.26,INR,1,11193.95,1,1,0,1
ACCT100009838,CUST0004065,NRE,ACTIVE,2021-07-15,46743.8,INR,1,51627.62,4,1,0,1
ACCT100009839,CUST0002269,SALARY,ACTIVE,2015-05-19,25971.9,USD,1,33719.66,1,1,1,1
ACCT100009840,CUST0005480,NRO,ACTIVE,2020-01-10,336355.31,AED,1,38656.72,7,2,1,1
ACCT100009841,CUST0004715,SALARY,ACTIVE,2019-09-29,9906.46,INR,2,69786.46,3,1,0,1
ACCT100009842,CUST0003473,SALARY,DORMANT,2021-08-15,19498.94,USD,1,11839.76,5,2,1,1
ACCT100009843,CUST0001032,TRUST,DORMANT,2017-05-07,1943990.9,INR,1,254777.49,10,1,1,1
ACCT100009844,CUST0002595,SAVINGS,ACTIVE,2013-03-25,37545.64,INR,1,55678.07,3,4,1,1
ACCT100009845,CUST0001421,SALARY,ACTIVE,2017-06-29,667.24,INR,1,15958.09,3,2,1,1
ACCT100009846,CUST0005865,CURRENT,ACTIVE,2013-10-15,54997.03,INR,1,4564.31,5,2,1,1
ACCT100009847,CUST0002814, CURRENT ,ACTIVE,2019-11-18,32140.79,USD,1,72361.41,4,4,1,1
ACCT100009848,CUST0006404,SAVINGS,ACTIVE,2014-08-16,9160.21,INR,1,34910.26,5,2,0,1
ACCT100009849,CUST0006585,SALARY,ACTIVE,2020-07-24,6615.33,INR,1,4179.69,3,1,1,1
ACCT100009850,CUST0000920,SAVINGS,ACTIVE,2019-12-09,512.58,INR,1,55427.14,3,1,1,1
ACCT100009851,CUST0001009,SAVINGS,ACTIVE,2020-07-15,103378.7,INR,1,5824.91,5,1,0,1
ACCT100009852,CUST0002028,CURRENT,ACTIVE,2012-01-18,80716.72,USD,1,56998.43,3,1,0,1
ACCT100009853,CUST0000551,SAVINGS,ACTIVE,2015-10-06,189497.32,SGD,1,20357.51,3,3,1,1
ACCT100009854,CUST0004720,SAVINGS,ACTIVE,2013-06-03,1657.19,INR,1,11524.92,1,4,0,0
ACCT100009855,CUST0004454,CURRENT,ACTIVE,2014-02-09,18680.43,INR,1,70778.35,1,2,0,1
ACCT100009856,CUST0005930,SAVINGS,ACTIVE,2018-05-03,6269.02,SGD,1,25506.64,4,1,1,0
ACCT100009857,CUST0002118,CURRENT,DORMANT,2016-08-30,54687.24,INR,2,41118.38,1,1,1,1
ACCT100009858,CUST0004597,NRO,ACTIVE,2017-03-25,49631.12,INR,2,263961.22,6,2,1,1
ACCT100009859,CUST0000570,CURRENT,ACTIVE,2014-12-14,101720.07,INR,1,79782.07,4,1,1,1
ACCT100009860,CUST0006156,CURRENT,CLOSED,2014-08-08,3385364.87,SGD,1,36246.61,5,1,1,1
ACCT100009861,CUST0006813,NRE,DORMANT,2016-08-26,154755.06,INR,2,64321.74,5,3,0,0
ACCT100009862,CUST0004326,SALARY,ACTIVE,2015-04-13,34090.44,USD,1,1797.53,1,1,1,0
ACCT100009863,CUST0005603,CURRENT,CLOSED,2016-05-06,23159.16,INR,1,19882.06,5,2,1,1
ACCT100009864,CUST0002592,SAVINGS,ACTIVE,2014-10-24,97413.1,INR,2,98233.21,4,3,1,1
ACCT100009865,CUST0005297,NRE,ACTIVE,2013-07-25,435191.12,INR,3,292645.6,6,5,0,1
ACCT100009866,CUST0005385,SAVINGS,ACTIVE,2016-01-18,36482.12,INR,2,4839.49,4,3,1,1
ACCT100009867,CUST0007939,CURRENT,ACTIVE,2020-10-10,45158.39,AED,1,62207.32,5,1,1,1
ACCT100009868,CUST0005642,nre,ACTIVE,2016-06-20,751545.45,USD,2,73760.53,4,1,1,1
ACCT100009869,CUST0006572,SALARY,ACTIVE,2012-11-24,30219.19,USD,2,15685.09,1,2,1,0
ACCT100009870,CUST0003344,NRE,ACTIVE,2020-04-15,1352714.89,INR,1,138499.85,5,5,1,1
ACCT100009871,CUST0004659,SALARY,DORMANT,2013-12-03,2678.72,INR,2,27608.18,2,1,1,1
ACCT100009872,CUST0003763,SALARY,ACTIVE,2019-06-19,15768.24,INR,1,53472.84,4,1,1,1
ACCT100009873,CUST0005135,CURRENT,ACTIVE,2016-04-28,53907.97,USD,1,23753.1,5,3,1,1
ACCT100009874,CUST0002186,CURRENT,ACTIVE,2020-09-27,30314.83,USD,1,32307.16,2,5,1,1
ACCT100009875,CUST0003366,CURRENT,ACTIVE,2014-12-25,71831.23,INR,1,72085.35,5,2,0,1
ACCT100009876,CUST0004221,SAVINGS,ACTIVE,2016-12-15,48653.5,INR,2,2581.85,1,1,1,1
ACCT100009877,CUST0007984,SHELL,DORMANT,2012-03-28,1682278.2,INR,1,1917633.7,7,4,1,1
ACCT100009878,CUST0005015,CURRENT,ACTIVE,2017-10-17,87824.85,INR,1,98985.91,3,4,1,1
ACCT100009879,CUST0004261,NRO,ACTIVE,2021-02-18,27242.58,INR,3,98563.83,4,1,1,1
ACCT100009880,CUST0004425,NRO,ACTIVE,2013-07-27,171967.37,AED,3,230665.83,6,2,1,1
ACCT100009881,CUST0003305,SAVINGS,ACTIVE,2021-10-27,2463.47,INR,2,3254.89,5,3,1,1
ACCT100009882,CUST0001825,SALARY,ACTIVE,2015-01-08,17010.09,INR,3,7296.43,1,1,1,1
ACCT100009883,CUST0004561,NRO,ACTIVE,2013-07-10,46907.53,INR,1,33201.14,4,2,1,1
ACCT100009884,CUST0007777,CURRENT,DORMANT,2020-06-19,266916.09,USD,1,21785.86,1,4,1,1
ACCT100009885,CUST0000291,SAVINGS,ACTIVE,2012-06-22,14567.05,INR,1,256.47,3,1,1,1
ACCT100009886,CUST0000658,CURRENT,ACTIVE,2012-09-04,11677.03,INR,1,68648.18,3,3,1,1
ACCT100009887,CUST0005257,SAVINGS,DORMANT,2018-09-11,46226.95,INR,2,2052.5,5,5,0,1
ACCT100009888,CUST0007536,NRO,ACTIVE,2019-09-28,94825.65,USD,1,5914.79,6,2,1,1
ACCT100009889,CUST0003598,SALARY,ACTIVE,2019-11-07,8554.7,USD,1,6057.39,1,3,1,1
ACCT100009890,CUST0002985,savings,ACTIVE,2013-04-29,10246.14,GBP,1,6015.54,2,1,1,1
ACCT100009891,CUST0003194,NRE,DORMANT,2017-06-06,68155.5,INR,1,109731.12,4,1,0,1
ACCT100009892,CUST0006869,CURRENT,ACTIVE,2017-08-03,156617.53,INR,1,1406.0,2,1,1,1
ACCT100009893,CUST0003518,NRO,ACTIVE,2016-10-17,70794.24,SGD,1,51540.16,7,2,1,1
ACCT100009894,CUST0002623,NRE,ACTIVE,2019-06-30,395997.49,INR,1,50054.35,4,1,1,0
ACCT100009895,CUST0007109, SALARY ,ACTIVE,2019-10-04,23170.75,INR,1,15236.56,5,1,1,1
ACCT100009896,CUST0002237,SAVINGS,ACTIVE,2012-06-30,73292.0,USD,1,25132.51,4,4,1,1
ACCT100009897,CUST0002413,SALARY,ACTIVE,2017-02-07,12891.58,INR,2,12517.29,4,2,1,1
ACCT100009898,CUST0007942,SALARY,ACTIVE,2015-07-20,825.81,INR,1,4323.7,5,2,1,1
ACCT100009899,CUST0003229,NRE,ACTIVE,2020-09-16,502314.5,USD,1,148440.67,4,2,0,1
ACCT100009900,CUST0005051,savings,DORMANT,2014-03-27,11681.29,INR,1,2542.4,5,3,1,1
ACCT100009901,CUST0005794,SALARY,ACTIVE,2017-03-20,7369.97,INR,2,2301.27,1,1,1,1
ACCT100009902,CUST0005415,NRE,ACTIVE,2020-10-30,4729677.39,USD,1,99120.16,7,2,1,1
ACCT100009903,CUST0003374,SAVINGS,ACTIVE,2020-07-29,82034.32,INR,1,19546.63,5,5,1,1
ACCT100009904,CUST0007994,SALARY,ACTIVE,2012-02-03,19210.64,INR,1,1949.13,1,1,1,1
ACCT100009905,CUST0000577,NRE,ACTIVE,2019-02-16,108686.53,AED,1,79372.68,6,3,1,1
ACCT100009906,CUST0004890, CURRENT ,BLOCKED,2021-10-27,61973.52,INR,1,85557.15,2,2,1,1
ACCT100009907,CUST0002964,SAVINGS,ACTIVE,2013-11-30,578.8,INR,1,2884.85,2,1,0,1
ACCT100009908,CUST0006344,NRE,ACTIVE,2012-01-07,782378.26,GBP,1,53707.16,4,1,1,1
ACCT100009909,CUST0005437,SAVINGS,ACTIVE,2014-01-31,4521.41,INR,2,4128.03,3,1,1,1
ACCT100009910,CUST0002612,CURRENT,ACTIVE,2018-01-23,6380.16,INR,2,77380.25,2,1,1,1
ACCT100009911,CUST0000112,SAVINGS,ACTIVE,2017-12-24,3418.34,USD,1,18700.51,4,3,1,1
ACCT100009912,CUST0003505,CURRENT,ACTIVE,2017-06-12,23367.96,INR,1,9678.92,2,3,0,1
ACCT100009913,CUST0003100,NRO,BLOCKED,2013-02-28,179543.12,AED,1,12586.72,6,2,1,1
ACCT100009914,CUST0007923,TRUST,DORMANT,2020-12-14,330337.84,INR,2,950086.6,10,5,1,1
ACCT100009915,CUST0004312,SAVINGS,ACTIVE,2019-08-05,4238.76,INR,1,23275.33,5,3,1,1
ACCT100009916,CUST0002999,SALARY,DORMANT,2017-05-20,4131.05,INR,1,1522.69,4,1,0,1
ACCT100009917,CUST0004454,SAVINGS,ACTIVE,2021-06-30,2622.37,AED,2,5744.28,2,4,1,1
ACCT100009918,CUST0006775,SALARY,ACTIVE,2018-03-04,35537.1,SGD,1,12687.69,4,3,1,1
ACCT100009919,CUST0006700,NRE,ACTIVE,2017-06-28,548175.78,USD,1,406592.26,5,2,1,1
ACCT100009920,CUST0000173,CURRENT,ACTIVE,2017-07-10,433372.93,SGD,2,230488.05,5,1,1,1
ACCT100009921,CUST0003054,CURRENT,ACTIVE,2016-06-16,42103.72,USD,2,211393.26,1,3,1,1
ACCT100009922,CUST0006217,CURRENT,ACTIVE,2021-07-12,61718.36,INR,3,14443.71,1,1,1,1
ACCT100009923,CUST0001475,SAVINGS,ACTIVE,2018-05-20,31360.05,INR,1,26166.44,5,1,1,1
ACCT100009924,CUST0001211,CURRENT,ACTIVE,2021-09-22,147828.41,INR,1,76705.51,5,4,1,1
ACCT100009925,CUST0004286,NRO,ACTIVE,2018-12-26,6867.37,INR,1,186909.12,6,1,1,1
ACCT100009926,CUST0006696,SAVINGS,ACTIVE,2017-01-30,7584.64,AED,2,2235.5,3,2,1,1
ACCT100009927,CUST0005025,SALARY,ACTIVE,2013-07-09,6713.64,INR,1,1541.0,1,1,1,1
ACCT100009928,CUST0006980,CURRENT,ACTIVE,2013-06-14,4744.39,AED,1,5401.08,5,1,1,1
ACCT100009929,CUST0007354,NRE,ACTIVE,2013-04-01,861860.61,AED,1,81946.83,5,1,1,1
ACCT100009930,CUST0002221,CURRENT,ACTIVE,2018-05-14,4319.64,AED,1,208330.32,1,2,0,1
ACCT100009931,CUST0002632,nre,CLOSED,2012-07-15,19777.84,INR,3,558094.21,5,3,1,0
ACCT100009932,CUST0000412,CURRENT,ACTIVE,2017-07-30,23004.33,INR,3,58878.22,2,4,1,1
ACCT100009933,CUST0000933,SALARY,ACTIVE,2017-07-10,7597.91,INR,2,10565.07,4,4,1,1
ACCT100009934,CUST0005837,SALARY,ACTIVE,2021-05-17,90785.37,INR,1,12285.72,5,2,1,1
ACCT100009935,CUST0000492,CURRENT,ACTIVE,2021-08-15,1007458.33,SGD,1,8552.62,3,3,1,1
ACCT100009936,CUST0005968,CURRENT,ACTIVE,2019-12-21,64620.65,AED,1,2587.0,2,4,0,1
ACCT100009937,CUST0002680,NRE,ACTIVE,2021-11-25,57546.8,INR,1,14804.14,5,1,0,1
ACCT100009938,CUST0000279,CURRENT,ACTIVE,2017-11-15,8229.9,INR,1,90458.26,5,1,0,1
ACCT100009939,CUST0002372,CURRENT,ACTIVE,2013-09-19,124796.62,INR,1,1594753.45,4,1,0,1
ACCT100009940,CUST0001427,SALARY,ACTIVE,2018-11-27,1888.85,INR,2,1275.34,1,3,0,1
ACCT100009941,CUST0004897,NRE,ACTIVE,2021-01-13,106642.56,AED,2,177531.23,5,3,1,1
ACCT100009942,CUST0004325,SAVINGS,ACTIVE,2018-12-25,80450.79,SGD,2,74185.7,3,1,0,1
ACCT100009943,CUST0003020,SALARY,ACTIVE,2012-02-13,26705.67,INR,2,43855.79,1,1,0,1
ACCT100009944,CUST0004175,NRO,ACTIVE,2018-09-17,33902.53,USD,1,167933.97,6,1,1,0
ACCT100009945,CUST0005307,CURRENT,BLOCKED,2018-03-27,143527.31,INR,1,60188.27,2,3,1,1
ACCT100009946,CUST0007622,SALARY,ACTIVE,2013-12-21,4052.2,INR,2,19371.27,2,1,1,1
ACCT100009947,CUST0006599,SAVINGS,ACTIVE,2013-10-06,116753.49,INR,2,6475.3,3,3,0,1
ACCT100009948,CUST0007519,SAVINGS,CLOSED,2019-03-31,5462.97,INR,1,30748.11,5,3,1,1
ACCT100009949,CUST0001041,savings,CLOSED,2016-03-10,96247.71,INR,2,4537.02,4,4,0,1
ACCT100009950,CUST0007924,SALARY,ACTIVE,2013-02-17,3341.76,USD,3,14282.17,2,3,1,1
ACCT100009951,CUST0004086, SALARY ,ACTIVE,2019-03-10,41124.55,AED,1,1625.8,3,1,1,1
ACCT100009952,CUST0004375,SAVINGS,BLOCKED,2015-09-28,40505.07,USD,1,3426.69,1,2,1,0
ACCT100009953,CUST0006359,SAVINGS,DORMANT,2017-11-30,5720.38,INR,1,45786.85,2,2,1,1
ACCT100009954,CUST0005730,NRE,ACTIVE,2017-08-17,2672154.67,INR,1,291827.15,4,2,1,1
ACCT100009955,CUST0000963,salary,ACTIVE,2018-08-24,1451.49,INR,1,15281.16,4,1,0,1
ACCT100009956,CUST0000251,CURRENT,ACTIVE,2018-11-26,29855.5,USD,1,38051.78,5,1,1,1
ACCT100009957,CUST0002989,SAVINGS,ACTIVE,2014-03-12,3636.2,USD,3,2399.18,1,1,1,1
ACCT100009958,CUST0001317,TRUST,ACTIVE,2012-09-24,505098.9,AED,2,3048587.04,9,1,0,1
ACCT100009959,CUST0001568,current,ACTIVE,2012-07-01,76647.94,INR,3,99781.98,5,5,1,1
ACCT100009960,CUST0007619,TRUST,ACTIVE,2017-06-12,69060.32,SGD,3,182131.14,8,1,1,1
ACCT100009961,CUST0005510,SAVINGS,ACTIVE,2021-07-09,14895.02,INR,3,57213.97,5,1,0,1
ACCT100009962,CUST0000372,NRO,ACTIVE,2017-04-21,887560.59,INR,1,126936.1,6,1,1,1
ACCT100009963,CUST0004569,CURRENT,ACTIVE,2015-11-09,107303.14,INR,2,104922.16,2,5,0,1
ACCT100009964,CUST0007670,TRUST,ACTIVE,2020-05-25,3732469.25,USD,1,718244.44,9,1,1,1
ACCT100009965,CUST0005050,SAVINGS,ACTIVE,2015-11-15,29335.78,INR,1,4239.48,4,4,1,1
ACCT100009966,CUST0001140,SHELL,ACTIVE,2016-07-12,70283.93,GBP,1,840029.23,9,2,1,1
ACCT100009967,CUST0001511,SAVINGS,ACTIVE,2020-03-18,4152.79,AED,2,25612.02,4,1,0,1
ACCT100009968,CUST0004160,SAVINGS,ACTIVE,2017-12-30,16889.63,GBP,1,3711.17,3,1,1,1
ACCT100009969,CUST0001866,salary,ACTIVE,2013-11-15,2652.12,AED,1,2561.14,4,4,1,1
ACCT100009970,CUST0006419,SALARY,BLOCKED,2014-07-08,13589.74,INR,1,27924.69,2,2,1,1
ACCT100009971,CUST0004669,CURRENT,ACTIVE,2016-11-09,236931.6,INR,1,141205.05,4,1,1,1
ACCT100009972,CUST0002996,SALARY,ACTIVE,2015-06-26,82780.02,INR,1,12304.84,5,2,1,1
ACCT100009973,CUST0002890,TRUST,ACTIVE,2021-07-01,297842.63,INR,1,515587.16,8,1,1,1
ACCT100009974,CUST0003151,NRE,ACTIVE,2019-08-27,53059.87,AED,1,151171.66,6,4,1,0
ACCT100009975,CUST0000693,NRO,ACTIVE,2021-06-03,380516.01,INR,1,4566.3,5,4,0,1
ACCT100009976,CUST0003657,NRO,ACTIVE,2013-10-03,253599.22,INR,1,79110.33,6,1,1,0
ACCT100009977,CUST0004770,SAVINGS,ACTIVE,2018-08-23,15333.4,INR,2,5338.74,1,1,1,1
ACCT100009978,CUST0005880,SALARY,ACTIVE,2012-01-26,5057.5,INR,1,15135.37,5,1,1,1
ACCT100009979,CUST0000500,SALARY,ACTIVE,2019-07-30,688.98,SGD,1,16359.0,4,2,1,1
ACCT100009980,CUST0006424,SAVINGS,ACTIVE,2021-10-24,26136.86,INR,2,3820.33,3,1,1,1
ACCT100009981,CUST0003205,CURRENT,ACTIVE,2019-09-02,88524.89,INR,2,143652.94,3,1,1,0
ACCT100009982,CUST0003163,SALARY,ACTIVE,2019-04-28,339040.49,INR,1,12831.3,1,5,1,0
ACCT100009983,CUST0003519,SAVINGS,ACTIVE,2013-04-11,9308.54,INR,1,24360.39,1,1,1,1
ACCT100009984,CUST0003481,SALARY,ACTIVE,2019-07-16,18547.59,INR,1,7715.3,2,3,0,1
ACCT100009985,CUST0007670,SAVINGS,ACTIVE,2015-08-23,25115.34,INR,2,15971.89,1,1,1,1
ACCT100009986,CUST0005853,SALARY,ACTIVE,2016-03-19,49476.26,USD,1,29683.33,1,1,0,1
ACCT100009987,CUST0006880,SAVINGS,ACTIVE,2013-02-01,58651.53,USD,2,8303.43,4,2,1,1
ACCT100009988,CUST0002110,SALARY,ACTIVE,2015-10-13,104507.29,USD,3,5375.1,3,1,1,1
ACCT100009989,CUST0004978,SALARY,ACTIVE,2021-07-15,23957.0,USD,1,14292.22,3,2,1,1
ACCT100009990,CUST0006142,SALARY,ACTIVE,2019-10-23,25881.29,USD,1,11790.33,2,1,1,1
ACCT100009991,CUST0002898,SAVINGS,BLOCKED,2016-03-29,95318.19,USD,1,7156.38,5,2,1,1
ACCT100009992,CUST0000456,SALARY,ACTIVE,2016-02-07,16518.05,INR,3,4692.82,1,1,1,1
ACCT100009993,CUST0004031,CURRENT,ACTIVE,2020-09-07,50027.79,USD,1,14527.98,4,2,0,1
ACCT100009994,CUST0001428,CURRENT,ACTIVE,2012-01-09,460143.14,INR,3,61846.65,5,2,0,1
ACCT100009995,CUST0004702,salary,ACTIVE,2013-02-09,63278.45,INR,3,33696.28,4,1,0,1
ACCT100009996,CUST0003584,CURRENT,ACTIVE,2015-09-03,24914.71,USD,1,216559.38,5,1,1,1
ACCT100009997,CUST0002864,SHELL,DORMANT,2012-05-06,523643.12,SGD,2,1259749.2,8,3,0,0
ACCT100009998,CUST0003850,SAVINGS,ACTIVE,2017-02-05,18693.37,INR,3,2960.87,4,2,1,1
ACCT100009999,CUST0006456,SALARY,ACTIVE,2015-04-27,36635.22,AED,2,17750.97,5,1,1,1
ACCT100010000,CUST0007529,SAVINGS,ACTIVE,2018-06-19,7193.32,INR,1,46386.87,5,4,0,0
ACCT100010001,CUST0001598,SHELL,DORMANT,2013-05-18,46578.6,USD,2,120083.2,7,4,1,1
ACCT100010002,CUST0005404,CURRENT,ACTIVE,2018-03-22,165974.71,GBP,2,15341.03,3,1,0,1
ACCT100010003,CUST0006100,NRE,ACTIVE,2020-09-07,114695.37,USD,3,66548.46,6,2,1,1
ACCT100010004,CUST0000285,SAVINGS,ACTIVE,2012-11-03,2762.72,INR,1,70731.95,2,3,1,1
ACCT100010005,CUST0000538,NRO,ACTIVE,2012-03-11,10836.95,INR,2,102628.72,4,1,1,1
ACCT100010006,CUST0001525,TRUST,ACTIVE,2020-08-18,2183453.74,INR,1,34245.66,9,1,1,1
ACCT100010007,CUST0007569,CURRENT,ACTIVE,2017-06-03,309401.41,AED,1,4368.32,1,1,1,1
ACCT100010008,CUST0002554,NRO,ACTIVE,2013-07-02,177374.99,INR,2,303566.17,5,2,0,1
ACCT100010009,CUST0003374,SALARY,BLOCKED,2021-02-18,5933.43,INR,1,71944.79,2,2,0,1
ACCT100010010,CUST0007854,SAVINGS,ACTIVE,2012-12-22,11291.01,AED,2,21543.17,5,1,1,1
ACCT100010011,CUST0005064,NRO,ACTIVE,2017-06-27,42671.08,INR,1,22598.22,5,1,1,1
ACCT100010012,CUST0007722,NRE,ACTIVE,2017-03-07,59359.7,INR,1,39393.19,6,4,0,1
ACCT100010013,CUST0001376,NRO,CLOSED,2012-12-03,66440.34,INR,1,87750.35,7,1,1,1
ACCT100010014,CUST0001455,CURRENT,BLOCKED,2013-08-01,10786.55,SGD,1,13467.02,1,1,0,1
ACCT100010015,CUST0004886,CURRENT,ACTIVE,2017-04-01,10217.23,INR,2,162403.49,1,2,1,1
ACCT100010016,CUST0006960,SAVINGS,ACTIVE,2014-04-29,1582.34,INR,1,5691.87,5,1,1,1
ACCT100010017,CUST0000800,CURRENT,ACTIVE,2013-11-29,6929.31,INR,2,61427.94,2,1,0,1
ACCT100010018,CUST0002166,SAVINGS,ACTIVE,2018-05-09,5483.39,USD,2,4298.81,4,1,1,1
ACCT100010019,CUST0005362,SALARY,ACTIVE,2015-06-05,1666.64,INR,1,18607.78,1,5,1,1
ACCT100010020,CUST0006500,CURRENT,BLOCKED,2012-12-10,138665.97,USD,1,29192.24,5,1,1,1
ACCT100010021,CUST0004022,SALARY,DORMANT,2021-02-09,8419.97,INR,1,4472.5,3,1,0,0
ACCT100010022,CUST0006863,SALARY,ACTIVE,2014-01-24,23180.64,SGD,2,7566.51,5,1,0,1
ACCT100010023,CUST0002259,SALARY,ACTIVE,2013-04-28,7754.76,AED,1,5174.66,3,2,1,1
ACCT100010024,CUST0003643,SALARY,ACTIVE,2014-07-02,4994.77,INR,2,3568.36,3,4,1,1
ACCT100010025,CUST0006906,SALARY,ACTIVE,2013-08-27,51667.53,USD,3,6174.27,2,1,1,1
ACCT100010026,CUST0004625,SALARY,ACTIVE,2015-10-30,4747.78,AED,1,16638.63,5,1,1,1
ACCT100010027,CUST0005573,CURRENT,ACTIVE,2013-04-28,18482.94,INR,2,31960.02,3,1,1,1
ACCT100010028,CUST0005604,NRE,ACTIVE,2020-05-29,376628.82,INR,1,96891.54,6,1,1,1
ACCT100010029,CUST0000166,SAVINGS,ACTIVE,2014-11-05,11701.86,INR,1,14453.64,1,4,1,0
ACCT100010030,CUST0004443,SHELL,ACTIVE,2021-04-11,1676327.98,SGD,1,554818.44,8,1,0,1
ACCT100010031,CUST0003974,CURRENT,ACTIVE,2015-08-12,28003.76,INR,1,185327.68,5,1,1,1
ACCT100010032,CUST0007157,SAVINGS,ACTIVE,2015-04-11,1245.23,USD,1,51177.71,4,2,1,1
ACCT100010033,CUST0000137,CURRENT,ACTIVE,2014-05-02,23829.68,USD,2,49301.29,3,1,1,1
ACCT100010034,CUST0006210,TRUST,DORMANT,2020-10-18,1126750.34,INR,1,548512.1,9,1,1,1
ACCT100010035,CUST0002024,SALARY,ACTIVE,2013-07-10,1484.36,INR,1,2246.6,5,1,1,1
ACCT100010036,CUST0003988,SAVINGS,ACTIVE,2014-11-02,11583.43,INR,2,3181.93,4,5,1,1
ACCT100010037,CUST0005489,SAVINGS,ACTIVE,2019-01-27,1124.03,INR,1,5406.97,5,1,1,1
ACCT100010038,CUST0007299,CURRENT,DORMANT,2018-11-05,47036.74,GBP,1,21314.61,2,1,1,1
ACCT100010039,CUST0002018,SAVINGS,ACTIVE,2016-06-16,27119.88,SGD,2,6276.89,3,4,1,0
ACCT100010040,CUST0005693,SALARY,ACTIVE,2013-05-29,4032.25,AED,2,54371.3,4,1,1,1
ACCT100010041,CUST0001630,TRUST,CLOSED,2015-07-04,670969.58,INR,1,3546106.27,7,1,1,1
ACCT100010042,CUST0002074,TRUST,DORMANT,2018-11-23,12590.61,SGD,1,288957.42,10,1,1,1
ACCT100010043,CUST0003299,TRUST,DORMANT,2015-11-05,8070064.91,USD,2,53261.84,9,2,1,1
ACCT100010044,CUST0003180,SAVINGS,ACTIVE,2018-06-14,110532.55,INR,1,321082.75,2,1,1,1
ACCT100010045,CUST0005565,SHELL,ACTIVE,2014-08-22,2020361.24,INR,1,813994.66,9,1,1,1
ACCT100010046,CUST0000513,CURRENT,ACTIVE,2016-10-26,199716.04,INR,1,104432.24,1,3,0,1
ACCT100010047,CUST0006111,SALARY,ACTIVE,2012-03-22,32618.57,INR,1,8160.7,5,1,1,0
ACCT100010048,CUST0005267,NRO,ACTIVE,2014-05-19,234022.91,SGD,1,134287.18,5,1,0,1
ACCT100010049,CUST0004731,SALARY,ACTIVE,2019-09-24,79187.11,USD,1,9194.82,1,1,1,1
ACCT100010050,CUST0001501,SHELL,DORMANT,2020-10-02,324591.25,SGD,1,948956.27,10,3,0,1
ACCT100010051,CUST0000314,CURRENT,DORMANT,2019-07-09,9668.08,INR,2,186452.08,5,1,1,1
ACCT100010052,CUST0002748,SAVINGS,ACTIVE,2021-04-08,1067.36,INR,1,9127.13,4,2,1,1
ACCT100010053,CUST0002906,SAVINGS,ACTIVE,2014-09-29,25022.0,AED,2,22108.58,3,1,0,1
ACCT100010054,CUST0006039,SAVINGS,ACTIVE,2020-02-16,43804.42,INR,1,9953.33,3,4,1,1
ACCT100010055,CUST0004149,NRO,ACTIVE,2021-01-15,317591.46,INR,1,30128.24,6,2,1,1
ACCT100010056,CUST0002647,CURRENT,ACTIVE,2018-11-25,8151.43,INR,1,46767.81,3,4,0,0
ACCT100010057,CUST0004837,CURRENT,ACTIVE,2019-03-20,24034.09,USD,3,129041.26,2,2,1,1
ACCT100010058,CUST0004627, SAVINGS ,ACTIVE,2015-09-23,5842.69,AED,1,7086.23,3,1,1,1
ACCT100010059,CUST0006055,SAVINGS,ACTIVE,2018-05-18,20501.77,INR,1,56283.1,5,2,0,1
ACCT100010060,CUST0001504,NRE,ACTIVE,2012-08-11,91420.91,INR,1,30898.18,4,5,0,1
ACCT100010061,CUST0000412,SALARY,ACTIVE,2020-07-05,5909.55,INR,3,3142.65,4,3,1,1
ACCT100010062,CUST0000387,CURRENT,ACTIVE,2021-03-17,88065.95,GBP,1,15515.3,4,3,1,1
ACCT100010063,CUST0005395,NRE,ACTIVE,2020-06-15,233289.8,INR,3,232299.43,4,3,1,1
ACCT100010064,CUST0001816,SAVINGS,ACTIVE,2013-10-31,34032.62,USD,1,8351.56,4,4,0,1
ACCT100010065,CUST0000696,SAVINGS,ACTIVE,2014-03-30,23575.16,USD,1,8754.24,4,1,0,1
ACCT100010066,CUST0000347,SAVINGS,ACTIVE,2015-11-09,2456.2,INR,1,39938.24,3,2,1,1
ACCT100010067,CUST0006998,SALARY,ACTIVE,2017-04-06,1390.5,USD,1,30320.71,2,2,1,1
ACCT100010068,CUST0005512,SALARY,ACTIVE,2020-06-17,35898.79,USD,2,11016.14,3,1,1,1
ACCT100010069,CUST0000465,NRO,ACTIVE,2019-10-26,103906.93,SGD,1,278255.18,7,1,1,0
ACCT100010070,CUST0006350,TRUST,BLOCKED,2016-07-11,1926079.33,SGD,1,1160783.94,9,1,1,1
ACCT100010071,CUST0002271,current,ACTIVE,2019-06-15,210520.46,GBP,1,10634.62,1,2,1,1
ACCT100010072,CUST0004019,SALARY,ACTIVE,2017-04-04,14506.29,INR,1,11679.05,4,1,1,0
ACCT100010073,CUST0003900,NRO,ACTIVE,2012-07-25,449528.55,INR,3,176000.49,7,2,0,1
ACCT100010074,CUST0001234,SAVINGS,ACTIVE,2021-08-21,224880.13,INR,2,12273.76,4,1,1,1
ACCT100010075,CUST0005181,SAVINGS,ACTIVE,2016-03-07,19376.0,INR,2,11574.72,5,2,1,1
ACCT100010076,CUST0003926,SHELL,ACTIVE,2019-01-28,132539.51,INR,2,40266.88,7,4,1,0
ACCT100010077,CUST0002759,NRO,ACTIVE,2020-01-22,130959.3,USD,2,153168.72,6,3,1,1
ACCT100010078,CUST0003739,SALARY,ACTIVE,2018-03-23,35909.04,INR,1,32305.06,2,3,1,1
ACCT100010079,CUST0000549,SAVINGS,ACTIVE,2019-06-14,55576.71,AED,2,10260.17,3,2,1,1
ACCT100010080,CUST0005683,SAVINGS,ACTIVE,2013-02-26,7250.34,INR,1,107911.52,1,1,1,1
ACCT100010081,CUST0006353,SALARY,DORMANT,2018-03-05,3467.45,USD,1,53053.18,1,1,0,1
ACCT100010082,CUST0003569,CURRENT,ACTIVE,2016-03-02,40465.47,INR,1,25505.92,4,1,1,0
ACCT100010083,CUST0003363,SALARY,ACTIVE,2014-10-13,126050.65,USD,1,10849.95,2,2,1,1
ACCT100010084,CUST0001325,SAVINGS,ACTIVE,2012-12-19,13909.38,INR,1,18638.57,4,2,1,1
ACCT100010085,CUST0007427,CURRENT,ACTIVE,2013-04-24,69619.81,INR,1,33506.71,1,1,1,1
ACCT100010086,CUST0000194, SAVINGS ,ACTIVE,2016-12-13,40295.21,INR,2,5570.31,4,2,1,0
ACCT100010087,CUST0003075,SAVINGS,ACTIVE,2012-02-23,33995.35,INR,2,1812.06,5,1,1,1
ACCT100010088,CUST0006357, CURRENT ,ACTIVE,2017-06-02,132725.98,INR,2,26771.64,4,1,1,0
ACCT100010089,CUST0007163,CURRENT,ACTIVE,2020-06-13,44520.4,SGD,1,71620.29,1,1,0,1
ACCT100010090,CUST0000549,NRO,CLOSED,2016-08-31,81679.71,INR,1,21663.18,6,1,1,1
ACCT100010091,CUST0000267,SHELL,ACTIVE,2013-04-25,296877.28,INR,1,562346.17,7,1,1,1
ACCT100010092,CUST0000763, SAVINGS ,ACTIVE,2016-03-09,28509.57,INR,1,10496.52,1,1,1,1
ACCT100010093,CUST0001665,CURRENT,ACTIVE,2017-12-06,923089.56,INR,1,80228.47,3,2,0,1
ACCT100010094,CUST0002812,SALARY,ACTIVE,2016-03-29,52516.25,AED,1,17259.07,2,3,1,1
ACCT100010095,CUST0005267,SALARY,ACTIVE,2012-08-31,3021.96,INR,2,28642.16,5,2,0,1
ACCT100010096,CUST0003925,SAVINGS,ACTIVE,2020-02-12,33741.56,INR,1,4007.53,1,2,1,1
ACCT100010097,CUST0005172,SAVINGS,ACTIVE,2013-11-15,9648.64,INR,2,6856.7,1,2,1,1
ACCT100010098,CUST0000284,CURRENT,CLOSED,2018-06-01,32489.99,INR,2,20257.2,2,1,1,1
ACCT100010099,CUST0000594,CURRENT,ACTIVE,2018-02-06,84364.02,INR,1,1114799.05,5,1,0,1
ACCT100010100,CUST0000107,SALARY,BLOCKED,2017-03-10,6605.53,INR,1,12424.05,5,1,1,1
ACCT100010101,CUST0005413,SALARY,ACTIVE,2019-12-26,7983.17,INR,1,8111.99,4,1,1,1
ACCT100010102,CUST0002195,CURRENT,DORMANT,2018-05-27,12208.18,INR,1,89781.29,1,2,1,1
ACCT100010103,CUST0007925,SALARY,ACTIVE,2014-06-01,10858.05,INR,1,65230.01,2,3,0,1
ACCT100010104,CUST0002382,SAVINGS,ACTIVE,2012-01-21,18003.38,INR,3,15331.0,5,1,1,1
ACCT100010105,CUST0001340,SALARY,ACTIVE,2013-08-10,30702.89,GBP,1,753.33,1,2,1,1
ACCT100010106,CUST0004865,SALARY,ACTIVE,2013-02-18,825.07,AED,2,70605.54,3,1,1,1
ACCT100010107,CUST0001627,SAVINGS,ACTIVE,2012-09-17,24544.04,SGD,1,41968.13,1,3,1,1
ACCT100010108,CUST0001792,CURRENT,CLOSED,2020-12-29,10921.52,SGD,1,72321.17,3,2,1,1
ACCT100010109,CUST0001932,CURRENT,ACTIVE,2014-11-21,1836.86,AED,1,48808.61,5,5,0,1
ACCT100010110,CUST0001835,SAVINGS,ACTIVE,2014-02-01,83261.32,AED,2,2718.61,2,1,1,1
ACCT100010111,CUST0004279,SAVINGS,ACTIVE,2018-02-28,29582.13,INR,1,26766.51,5,1,1,1
ACCT100010112,CUST0000485,SHELL,ACTIVE,2021-02-27,10302701.9,USD,1,921765.27,10,5,1,1
ACCT100010113,CUST0007211,SAVINGS,BLOCKED,2012-07-24,33565.83,USD,1,40216.16,4,2,1,1
ACCT100010114,CUST0002009,CURRENT,ACTIVE,2015-01-04,146413.67,USD,1,193231.21,4,1,0,1
ACCT100010115,CUST0003399,SAVINGS,ACTIVE,2012-04-24,1168.41,AED,2,27193.62,2,1,0,1
ACCT100010116,CUST0004203, NRE ,ACTIVE,2015-01-28,516433.03,GBP,1,522060.47,7,4,1,1
ACCT100010117,CUST0002556,SAVINGS,ACTIVE,2012-11-30,14389.51,SGD,1,34829.59,1,2,1,0
ACCT100010118,CUST0003312,SALARY,CLOSED,2018-04-14,7307.78,INR,1,1003.71,4,1,1,0
ACCT100010119,CUST0005662,SAVINGS,ACTIVE,2014-11-19,27634.64,INR,1,2291.68,4,3,1,1
ACCT100010120,CUST0000348,CURRENT,BLOCKED,2020-02-24,70587.52,INR,3,16282.67,1,2,0,0
ACCT100010121,CUST0000520,CURRENT,ACTIVE,2012-01-14,27758.37,INR,2,14035.53,1,2,1,1
ACCT100010122,CUST0004311,CURRENT,ACTIVE,2012-10-09,220871.63,INR,1,26020.61,4,4,1,1
ACCT100010123,CUST0005388,CURRENT,ACTIVE,2018-01-19,34973.84,INR,1,42193.54,1,5,1,1
ACCT100010124,CUST0003520,SALARY,DORMANT,2018-04-09,222536.0,INR,2,64855.78,3,2,0,1
ACCT100010125,CUST0003161,CURRENT,ACTIVE,2017-01-17,39051.88,SGD,1,17161.44,5,2,1,1
ACCT100010126,CUST0004937,current,ACTIVE,2018-08-27,56561.65,AED,2,11496.1,5,1,1,0
ACCT100010127,CUST0003054,SAVINGS,ACTIVE,2014-07-05,23684.9,USD,1,23442.48,4,3,1,1
ACCT100010128,CUST0006816,SAVINGS,DORMANT,2016-09-28,7643.68,INR,1,12071.53,3,1,1,1
ACCT100010129,CUST0005521,SAVINGS,ACTIVE,2013-03-07,68864.36,AED,1,13056.24,3,3,1,0
ACCT100010130,CUST0007538,CURRENT,ACTIVE,2018-04-20,182034.48,INR,1,1474.68,2,1,1,1
ACCT100010131,CUST0006246, SAVINGS ,ACTIVE,2012-10-17,1154.11,INR,1,6479.59,5,4,1,1
ACCT100010132,CUST0007976,NRO,DORMANT,2016-02-22,11608.02,USD,2,56064.97,6,1,1,1
ACCT100010133,CUST0000940,CURRENT,ACTIVE,2020-02-25,2267.15,USD,2,31651.87,3,2,1,1
ACCT100010134,CUST0000260,SALARY,ACTIVE,2015-04-30,2923.81,INR,1,12174.53,2,1,1,1
ACCT100010135,CUST0006969,CURRENT,ACTIVE,2019-05-22,6709.49,AED,1,281351.76,2,2,1,0
ACCT100010136,CUST0006514,SAVINGS,ACTIVE,2015-05-09,11560.63,INR,1,14300.37,4,1,1,1
ACCT100010137,CUST0004006,NRE,ACTIVE,2012-04-05,358535.19,INR,1,151870.0,5,2,1,1
ACCT100010138,CUST0005982, CURRENT ,ACTIVE,2019-04-30,2416821.62,USD,1,231204.01,1,2,0,1
ACCT100010139,CUST0002904,SAVINGS,ACTIVE,2014-06-07,3488.18,INR,3,4795.08,3,3,0,1
ACCT100010140,CUST0007234,CURRENT,ACTIVE,2013-06-25,108562.75,INR,1,46462.44,4,4,1,1
ACCT100010141,CUST0001841,SAVINGS,ACTIVE,2014-09-12,179984.01,GBP,2,15753.15,4,1,1,1
ACCT100010142,CUST0000999,CURRENT,BLOCKED,2021-05-17,19857.29,GBP,2,15125.97,3,2,1,1
ACCT100010143,CUST0003770,SAVINGS,ACTIVE,2012-05-21,829079.4,INR,1,18860.66,3,3,1,1
ACCT100010144,CUST0006409,NRE,ACTIVE,2017-08-25,683606.78,INR,1,48124.88,5,3,0,1
ACCT100010145,CUST0002776,SAVINGS,ACTIVE,2012-04-07,4779.73,USD,1,1948.62,5,1,1,1
ACCT100010146,CUST0003864,SHELL,CLOSED,2019-12-10,390704.5,INR,1,665779.27,8,3,1,1
ACCT100010147,CUST0000463, NRE ,ACTIVE,2018-11-25,940180.75,GBP,1,370523.73,7,2,1,1
ACCT100010148,CUST0002439,SALARY,ACTIVE,2012-02-19,2626.67,INR,3,34330.52,1,3,1,0
ACCT100010149,CUST0000824,SAVINGS,ACTIVE,2019-05-10,2525.17,AED,1,13652.44,2,4,1,1
ACCT100010150,CUST0005652,SHELL,DORMANT,2017-03-21,333410.34,INR,1,815305.77,8,3,1,1
ACCT100010151,CUST0001523,NRE,DORMANT,2020-12-11,44529.4,INR,1,97190.9,4,2,1,1
ACCT100010152,CUST0007676,CURRENT,ACTIVE,2013-09-18,637309.37,INR,1,193208.15,4,3,1,1
ACCT100010153,CUST0000420,NRE,ACTIVE,2013-01-27,98533.31,AED,1,382679.36,6,4,1,0
ACCT100010154,CUST0002511,CURRENT,ACTIVE,2016-12-20,15321.12,USD,1,488195.23,1,1,1,1
ACCT100010155,CUST0007853,CURRENT,ACTIVE,2018-06-16,4773.69,AED,1,14056.03,1,2,1,1
ACCT100010156,CUST0004904,SALARY,ACTIVE,2014-06-16,1205.84,AED,1,2898.87,2,2,1,1
ACCT100010157,CUST0002732, TRUST ,ACTIVE,2014-09-10,25359.8,INR,1,217507.37,7,1,1,1
ACCT100010158,CUST0003735,NRO,ACTIVE,2014-12-02,1764348.95,USD,1,195419.93,6,2,1,1
ACCT100010159,CUST0005829,SAVINGS,ACTIVE,2021-02-18,47455.3,INR,1,4577.6,1,2,1,0
ACCT100010160,CUST0001490,SALARY,ACTIVE,2014-08-05,92426.34,INR,1,6080.17,3,2,1,1
ACCT100010161,CUST0005385,NRO,ACTIVE,2017-05-19,1066225.5,INR,1,49180.97,4,1,0,1
ACCT100010162,CUST0002986,SAVINGS,ACTIVE,2012-09-16,20266.57,INR,1,3598.9,4,2,1,1
ACCT100010163,CUST0003286,SAVINGS,ACTIVE,2012-07-24,9864.36,INR,1,212970.33,1,1,1,1
ACCT100010164,CUST0001058,NRE,ACTIVE,2021-10-23,1316128.48,SGD,1,103080.1,4,1,1,1
ACCT100010165,CUST0002875, SALARY ,ACTIVE,2017-12-24,76287.23,INR,2,6081.09,1,3,1,1
ACCT100010166,CUST0006465,SAVINGS,ACTIVE,2017-05-06,24127.9,USD,1,57123.3,2,2,1,1
ACCT100010167,CUST0002422,CURRENT,ACTIVE,2017-03-09,6886.21,INR,1,8057.9,1,2,1,1
ACCT100010168,CUST0007915,TRUST,BLOCKED,2012-10-09,457534.3,INR,1,378156.74,7,4,1,1
ACCT100010169,CUST0000094,SAVINGS,ACTIVE,2012-06-28,9019.7,INR,1,2896.06,4,1,1,1
ACCT100010170,CUST0005971,SAVINGS,ACTIVE,2020-06-19,637.43,INR,1,45254.89,4,1,1,1
ACCT100010171,CUST0003907,TRUST,DORMANT,2017-01-14,245933.33,INR,1,657447.19,10,4,1,1
ACCT100010172,CUST0004828,CURRENT,ACTIVE,2019-09-04,7804.12,INR,1,27404.36,1,1,1,1
ACCT100010173,CUST0001354,NRE,ACTIVE,2019-06-03,14062.52,USD,1,123969.23,4,1,1,0
ACCT100010174,CUST0001545,SALARY,ACTIVE,2017-07-31,6650.88,INR,1,6194.54,2,1,1,1
ACCT100010175,CUST0002204,SAVINGS,ACTIVE,2013-03-21,12015.93,GBP,1,2291.09,3,1,0,1
ACCT100010176,CUST0003595,SAVINGS,ACTIVE,2018-10-26,11884.08,SGD,1,96833.96,1,2,1,1
ACCT100010177,CUST0002064,SALARY,ACTIVE,2016-08-13,22672.81,USD,1,18625.92,1,2,1,1
ACCT100010178,CUST0006679,SALARY,CLOSED,2020-06-15,24648.43,AED,3,39982.89,4,2,1,1
ACCT100010179,CUST0006307,SAVINGS,BLOCKED,2020-11-28,18239.86,AED,1,4254.2,3,1,1,1
ACCT100010180,CUST0007670,CURRENT,ACTIVE,2016-03-22,40362.04,INR,1,5347.38,5,2,1,1
ACCT100010181,CUST0005835,NRO,DORMANT,2017-04-24,754850.76,INR,2,28697.78,5,3,1,1
ACCT100010182,CUST0001048,CURRENT,ACTIVE,2020-03-24,11223.39,INR,2,15827.22,2,1,1,1
ACCT100010183,CUST0001699,SAVINGS,ACTIVE,2012-03-05,1444.39,INR,1,32589.98,4,5,1,0
ACCT100010184,CUST0007157,CURRENT,ACTIVE,2019-01-02,70120.88,INR,1,116567.66,3,1,0,1
ACCT100010185,CUST0007189,SAVINGS,ACTIVE,2019-09-08,1519.84,INR,1,36876.02,2,1,1,1
ACCT100010186,CUST0007758,CURRENT,ACTIVE,2020-07-20,47510.27,USD,1,76183.45,5,1,1,1
ACCT100010187,CUST0003227,SALARY,ACTIVE,2021-07-16,38561.22,USD,1,8953.83,1,1,1,1
ACCT100010188,CUST0006061,SAVINGS,ACTIVE,2017-08-20,9822.29,INR,1,3989.07,5,2,1,1
ACCT100010189,CUST0007937,CURRENT,ACTIVE,2018-12-22,33149.88,INR,2,80595.91,4,3,0,1
ACCT100010190,CUST0003611,SAVINGS,ACTIVE,2019-08-09,114756.16,AED,2,17690.43,5,2,1,0
ACCT100010191,CUST0006189,CURRENT,ACTIVE,2018-04-13,30236.66,AED,1,34159.56,1,4,0,1
ACCT100010192,CUST0002725,SAVINGS,ACTIVE,2019-02-20,10197.13,INR,2,1536.21,3,5,1,0
ACCT100010193,CUST0004634,SAVINGS,ACTIVE,2019-03-26,14450.67,GBP,1,11167.23,5,1,1,1
ACCT100010194,CUST0006322,SAVINGS,ACTIVE,2013-09-03,432902.71,INR,1,32620.18,3,1,0,1
ACCT100010195,CUST0000889,CURRENT,ACTIVE,2015-07-01,14672.61,INR,1,63999.75,1,1,1,1
ACCT100010196,CUST0004518,CURRENT,ACTIVE,2012-04-03,53650.71,INR,1,89103.85,3,2,1,1
ACCT100010197,CUST0004475,SALARY,ACTIVE,2015-06-29,1214.22,USD,1,64754.18,4,3,1,1
ACCT100010198,CUST0002034,NRE,ACTIVE,2018-06-26,20137.27,AED,1,9109.75,5,1,1,1
ACCT100010199,CUST0001035,SAVINGS,ACTIVE,2017-01-01,63211.52,AED,2,195.53,5,4,1,1
ACCT100010200,CUST0002810,NRO,ACTIVE,2012-07-15,28515.23,INR,1,21058.03,5,1,1,1
ACCT100010201,CUST0001910,SALARY,BLOCKED,2013-09-21,18592.89,GBP,2,15503.33,4,1,1,0
ACCT100010202,CUST0007407,SAVINGS,ACTIVE,2021-04-12,8687.66,INR,2,18881.95,1,2,1,1
ACCT100010203,CUST0004939,CURRENT,ACTIVE,2019-06-10,2227410.85,INR,1,44398.26,5,2,1,1
ACCT100010204,CUST0004037,CURRENT,ACTIVE,2021-07-05,176380.65,INR,1,3473.58,3,2,1,0
ACCT100010205,CUST0004741,SALARY,ACTIVE,2019-04-25,13018.03,SGD,1,4763.52,5,2,1,0
ACCT100010206,CUST0001360,SAVINGS,ACTIVE,2017-05-17,29565.49,INR,1,58334.58,5,1,1,1
ACCT100010207,CUST0004366,SAVINGS,ACTIVE,2021-06-02,2254.96,AED,3,11508.61,3,1,1,1
ACCT100010208,CUST0006904,SAVINGS,ACTIVE,2020-03-28,24316.71,INR,1,73128.09,5,1,0,1
ACCT100010209,CUST0004769,NRO,BLOCKED,2012-11-22,53109.22,INR,1,187468.96,7,2,1,0
ACCT100010210,CUST0003892,SALARY,ACTIVE,2020-08-05,99784.21,USD,1,6662.79,5,4,0,0
ACCT100010211,CUST0007576,SAVINGS,DORMANT,2015-07-01,15355.11,AED,1,21378.83,3,1,1,0
ACCT100010212,CUST0005893,TRUST,DORMANT,2014-12-06,94830.93,GBP,1,1438108.84,10,3,0,1
ACCT100010213,CUST0003626,SAVINGS,DORMANT,2017-04-16,156683.16,GBP,1,10145.75,3,1,1,1
ACCT100010214,CUST0007470,SALARY,ACTIVE,2016-09-16,4375.5,USD,1,9277.87,2,2,0,0
ACCT100010215,CUST0003999,NRO,BLOCKED,2019-10-13,18917.26,SGD,1,13396.7,5,2,1,1
ACCT100010216,CUST0005939,SALARY,DORMANT,2013-07-08,15922.91,INR,1,39436.04,5,1,1,1
ACCT100010217,CUST0003747,SAVINGS,ACTIVE,2020-12-07,10007.16,SGD,1,3138.61,3,2,1,1
ACCT100010218,CUST0001681,SALARY,ACTIVE,2018-10-07,7296.45,INR,1,23445.57,3,1,1,1
ACCT100010219,CUST0000061,CURRENT,DORMANT,2018-11-12,7596.85,INR,1,11880.76,5,2,1,1
ACCT100010220,CUST0002636,NRE,ACTIVE,2020-07-08,40422.26,GBP,1,274248.09,6,3,1,0
ACCT100010221,CUST0003820,SAVINGS,ACTIVE,2016-04-20,9634.54,SGD,1,48063.97,4,2,1,1
ACCT100010222,CUST0003492,SALARY,ACTIVE,2016-11-17,963.96,USD,1,6276.03,1,4,0,0
ACCT100010223,CUST0004007,SAVINGS,ACTIVE,2018-10-27,7449.63,USD,2,80082.04,1,1,1,1
ACCT100010224,CUST0001351,SALARY,ACTIVE,2012-08-06,44950.53,INR,3,714.14,4,1,1,1
ACCT100010225,CUST0006670,SAVINGS,ACTIVE,2016-06-12,10208.96,GBP,1,25391.4,5,3,1,1
ACCT100010226,CUST0005176,SHELL,CLOSED,2021-06-25,40973.84,INR,2,300605.04,7,1,0,1
ACCT100010227,CUST0002128,TRUST,DORMANT,2019-09-19,1315466.89,INR,3,62096.24,10,1,1,1
ACCT100010228,CUST0001951,CURRENT,ACTIVE,2016-08-26,4590.48,INR,2,35696.6,2,1,1,1
ACCT100010229,CUST0001775,SALARY,ACTIVE,2021-04-30,26666.14,INR,2,14393.18,2,3,0,1
ACCT100010230,CUST0006229,NRE,ACTIVE,2017-11-19,291265.34,INR,1,270018.8,5,2,0,1
ACCT100010231,CUST0002285,SALARY,ACTIVE,2018-11-13,1227.82,INR,3,120867.46,4,2,0,1
ACCT100010232,CUST0002532,NRE,ACTIVE,2017-12-13,82454.32,INR,1,43952.72,5,3,1,1
ACCT100010233,CUST0004147,CURRENT,ACTIVE,2021-11-27,240068.77,INR,2,315030.09,3,1,1,1
ACCT100010234,CUST0005695,SAVINGS,ACTIVE,2021-06-19,7883.64,INR,1,51430.85,2,2,1,1
ACCT100010235,CUST0000491,SAVINGS,ACTIVE,2018-06-08,1647.24,USD,1,16723.42,3,1,0,1
ACCT100010236,CUST0002006,SALARY,ACTIVE,2014-06-03,52048.4,AED,2,23524.09,3,2,1,1
ACCT100010237,CUST0005099,CURRENT,ACTIVE,2018-05-28,25702.17,INR,1,94457.81,4,2,1,1
ACCT100010238,CUST0004378,NRE,ACTIVE,2016-05-16,1371842.56,INR,1,9091.39,4,1,1,1
ACCT100010239,CUST0007157,SAVINGS,DORMANT,2021-02-01,12867.02,USD,3,23767.66,1,3,1,1
ACCT100010240,CUST0000891,current,ACTIVE,2021-01-11,38180.46,USD,2,40453.89,3,1,0,1
ACCT100010241,CUST0002943,SAVINGS,ACTIVE,2019-04-10,18660.97,INR,1,6747.13,2,2,0,1
ACCT100010242,CUST0005197,SALARY,ACTIVE,2012-05-03,13760.76,GBP,1,15575.34,4,4,1,1
ACCT100010243,CUST0000716,CURRENT,ACTIVE,2017-08-18,6521.14,USD,3,3216.44,5,1,1,1
ACCT100010244,CUST0000357,SAVINGS,DORMANT,2018-12-17,2175.5,USD,2,41117.31,1,2,1,1
ACCT100010245,CUST0006228,SAVINGS,ACTIVE,2012-08-19,2839.53,INR,1,30652.94,3,2,1,1
ACCT100010246,CUST0001806,CURRENT,ACTIVE,2018-05-02,645693.76,INR,2,6712.68,3,1,0,0
ACCT100010247,CUST0006313,SALARY,DORMANT,2019-12-14,1234.27,USD,2,73709.69,5,5,1,1
ACCT100010248,CUST0007000,SALARY,ACTIVE,2016-11-18,4088.63,USD,1,13100.2,4,5,0,1
ACCT100010249,CUST0004877,SHELL,ACTIVE,2015-09-06,733360.75,INR,1,986386.65,9,1,1,1
ACCT100010250,CUST0007498,SALARY,ACTIVE,2016-07-24,3172.53,SGD,1,6027.7,3,1,1,0
ACCT100010251,CUST0001416,SALARY,ACTIVE,2018-02-14,31133.5,INR,1,7532.42,3,3,1,1
ACCT100010252,CUST0003317,SALARY,DORMANT,2019-08-23,9522.1,USD,1,2505.23,5,1,0,1
ACCT100010253,CUST0005599,SALARY,DORMANT,2012-08-16,8672.8,AED,3,70233.07,3,1,1,1
ACCT100010254,CUST0004589,TRUST,DORMANT,2013-08-14,1400781.84,AED,1,55117.79,8,1,1,1
ACCT100010255,CUST0000603,TRUST,ACTIVE,2017-04-05,17701.65,INR,1,3553906.44,10,2,1,0
ACCT100010256,CUST0002847,SALARY,ACTIVE,2015-07-16,1588.03,INR,1,36702.87,1,1,1,1
ACCT100010257,CUST0002881,SALARY,ACTIVE,2020-05-08,60120.85,USD,1,16579.39,4,4,1,1
ACCT100010258,CUST0002851,NRE,ACTIVE,2013-04-23,35921.61,INR,3,499982.08,5,2,0,1
ACCT100010259,CUST0000632,SAVINGS,ACTIVE,2013-04-28,3638.65,SGD,1,23902.8,3,3,0,1
ACCT100010260,CUST0000512,SAVINGS,DORMANT,2014-07-20,58974.4,INR,1,127966.51,5,3,1,1
ACCT100010261,CUST0005292,SAVINGS,DORMANT,2018-04-13,2792.2,INR,2,10214.93,2,1,0,1
ACCT100010262,CUST0005585,SAVINGS,ACTIVE,2016-05-21,10198.75,INR,1,4149.54,3,2,1,1
ACCT100010263,CUST0007225,CURRENT,ACTIVE,2017-12-13,22296.0,INR,1,3294.51,1,1,1,1
ACCT100010264,CUST0000854,NRE,ACTIVE,2016-11-22,489508.73,AED,1,39049.08,6,2,1,1
ACCT100010265,CUST0007839,SALARY,ACTIVE,2020-07-22,35106.16,INR,2,6220.95,5,1,1,1
ACCT100010266,CUST0005489, SAVINGS ,ACTIVE,2014-06-26,25503.94,INR,1,66214.98,3,2,1,1
ACCT100010267,CUST0006045,NRO,ACTIVE,2020-02-25,590630.43,INR,1,163213.06,6,2,1,1
ACCT100010268,CUST0005947,CURRENT,ACTIVE,2019-09-11,10480.29,USD,2,125216.63,1,3,1,1
ACCT100010269,CUST0000268,CURRENT,ACTIVE,2017-11-25,21831.35,AED,3,30400.65,3,3,1,1
ACCT100010270,CUST0007128,SAVINGS,ACTIVE,2021-06-25,433967.37,GBP,2,5944.98,1,1,1,1
ACCT100010271,CUST0004741,NRE,ACTIVE,2014-02-20,428885.81,INR,1,29334.43,7,1,1,1
ACCT100010272,CUST0005575,SHELL,ACTIVE,2018-10-01,2344890.64,INR,1,4695953.44,10,3,0,1
ACCT100010273,CUST0002770,NRO,ACTIVE,2012-09-07,366790.74,SGD,1,57497.56,4,4,1,1
ACCT100010274,CUST0000762,CURRENT,ACTIVE,2020-11-09,389563.87,SGD,1,74920.79,2,4,1,0
ACCT100010275,CUST0004506,SAVINGS,ACTIVE,2020-04-08,80243.01,INR,2,5123.24,2,2,0,1
ACCT100010276,CUST0007824,CURRENT,DORMANT,2018-11-04,23691.45,AED,1,113716.38,1,1,1,1
ACCT100010277,CUST0000455,NRO,ACTIVE,2018-05-02,12937.76,SGD,2,80422.98,6,1,1,1
ACCT100010278,CUST0000275,SHELL,ACTIVE,2015-11-20,3293054.78,AED,1,78108.39,8,3,1,1
ACCT100010279,CUST0004431,SAVINGS,ACTIVE,2021-04-19,207242.47,GBP,2,44289.78,5,1,1,1
ACCT100010280,CUST0003845,SAVINGS,DORMANT,2018-07-05,80928.47,AED,1,8579.89,5,4,1,1
ACCT100010281,CUST0000969,NRE,ACTIVE,2021-05-16,407276.01,INR,1,244529.49,5,1,1,1
ACCT100010282,CUST0000725,SAVINGS,ACTIVE,2013-11-17,185413.58,USD,1,11212.74,3,1,1,1
ACCT100010283,CUST0007925,CURRENT,BLOCKED,2016-06-24,91752.88,USD,1,36716.71,5,4,0,1
ACCT100010284,CUST0003823,SAVINGS,ACTIVE,2013-07-04,2657.65,INR,3,12969.87,2,3,1,1
ACCT100010285,CUST0004194,SAVINGS,ACTIVE,2020-04-01,49100.27,INR,1,82709.59,4,3,1,1
ACCT100010286,CUST0002710,SAVINGS,ACTIVE,2017-05-18,32470.13,USD,1,30213.68,2,1,1,0
ACCT100010287,CUST0001689,NRE,DORMANT,2012-08-03,117656.39,INR,1,31630.59,6,3,1,1
ACCT100010288,CUST0000002,SAVINGS,BLOCKED,2013-09-11,19506.33,USD,1,128071.5,3,1,1,1
ACCT100010289,CUST0005936,SALARY,ACTIVE,2014-12-16,153470.94,INR,1,13846.91,3,1,1,1
ACCT100010290,CUST0000077,SALARY,ACTIVE,2015-09-01,35348.71,INR,1,60540.02,3,1,1,1
ACCT100010291,CUST0005774,TRUST,ACTIVE,2016-08-30,1209982.08,AED,1,114298.73,10,4,1,1
ACCT100010292,CUST0004590,SAVINGS,ACTIVE,2013-08-19,6407.58,INR,2,6548.14,2,3,1,1
ACCT100010293,CUST0002370,SALARY,BLOCKED,2013-04-24,946.74,AED,1,1749.51,1,1,1,1
ACCT100010294,CUST0002815,NRE,CLOSED,2012-03-07,565802.16,SGD,2,42558.22,6,2,1,1
ACCT100010295,CUST0003764,SAVINGS,ACTIVE,2014-11-10,2920.37,INR,1,8530.9,5,1,1,0
ACCT100010296,CUST0002834,SALARY,ACTIVE,2021-02-14,49854.48,INR,1,4667.24,2,1,1,1
ACCT100010297,CUST0000011,SAVINGS,ACTIVE,2014-09-16,1543.99,INR,1,35763.15,4,1,1,1
ACCT100010298,CUST0001576,SALARY,DORMANT,2015-05-01,28992.35,INR,1,1499.49,4,4,1,1
ACCT100010299,CUST0004367,SAVINGS,ACTIVE,2012-09-03,109688.03,SGD,2,24986.52,1,1,1,1
ACCT100010300,CUST0007589,SAVINGS,ACTIVE,2015-01-15,59511.91,INR,3,126067.92,5,1,0,1
ACCT100010301,CUST0006385,CURRENT,ACTIVE,2017-03-13,41573.69,INR,2,53700.57,3,1,1,1
ACCT100010302,CUST0003255,SALARY,ACTIVE,2015-08-15,81975.25,USD,1,6875.59,2,1,0,1
ACCT100010303,CUST0000057,CURRENT,ACTIVE,2013-06-16,26687.4,GBP,1,8405.86,3,1,1,1
ACCT100010304,CUST0002404,CURRENT,ACTIVE,2015-04-11,26184.75,INR,1,139750.25,5,1,0,1
ACCT100010305,CUST0007826, CURRENT ,ACTIVE,2015-05-29,368854.7,INR,1,19928.53,4,1,0,1
ACCT100010306,CUST0002429,TRUST,ACTIVE,2019-11-16,55996.18,INR,1,740526.76,7,1,1,1
ACCT100010307,CUST0003789,SALARY,DORMANT,2017-08-29,4498.87,USD,1,76111.49,3,1,1,1
ACCT100010308,CUST0003090,CURRENT,ACTIVE,2014-07-29,24943.59,INR,3,13922.04,1,1,0,1
ACCT100010309,CUST0005661,SAVINGS,ACTIVE,2013-02-09,31015.6,INR,2,21287.1,1,1,0,1
ACCT100010310,CUST0006231,SALARY,ACTIVE,2012-09-05,38564.4,INR,1,17030.61,4,1,1,1
ACCT100010311,CUST0001903,SHELL,DORMANT,2018-08-29,157209.69,INR,1,159366.66,9,3,0,1
ACCT100010312,CUST0006123,CURRENT,ACTIVE,2017-03-12,35946.84,INR,1,31580.27,4,4,1,1
ACCT100010313,CUST0002602,NRO,ACTIVE,2020-08-16,156018.96,INR,3,128517.04,5,1,1,1
ACCT100010314,CUST0004995,CURRENT,ACTIVE,2012-03-29,96572.03,INR,3,68468.29,5,5,1,1
ACCT100010315,CUST0004758,nre,ACTIVE,2019-12-06,7434083.94,GBP,1,548578.09,5,1,1,1
ACCT100010316,CUST0002235,SALARY,ACTIVE,2014-09-22,146256.93,USD,2,15051.75,5,2,1,1
ACCT100010317,CUST0003657,SALARY,BLOCKED,2014-08-10,5963.47,INR,2,3676.83,1,1,1,1
ACCT100010318,CUST0000560,CURRENT,ACTIVE,2021-02-17,31908.9,INR,1,20812.63,5,1,0,1
ACCT100010319,CUST0007085,SALARY,ACTIVE,2018-03-28,26010.6,INR,1,30308.62,1,4,1,1
ACCT100010320,CUST0004829,CURRENT,ACTIVE,2013-03-06,234860.94,USD,1,102827.97,2,1,0,1
ACCT100010321,CUST0003798,NRE,ACTIVE,2013-02-13,294008.42,AED,2,33656.96,4,1,1,1
ACCT100010322,CUST0006823,TRUST,DORMANT,2016-03-23,501393.77,INR,2,251239.44,10,1,1,1
ACCT100010323,CUST0000836,CURRENT,ACTIVE,2013-10-06,202834.75,INR,1,43273.71,4,1,1,1
ACCT100010324,CUST0005472,SAVINGS,ACTIVE,2012-03-01,30568.37,SGD,1,18985.36,5,2,1,1
ACCT100010325,CUST0005663,CURRENT,ACTIVE,2014-04-25,19066.5,INR,2,10449.88,4,5,1,1
ACCT100010326,CUST0005341, SALARY ,ACTIVE,2018-06-27,15913.81,INR,1,51778.13,4,2,0,0
ACCT100010327,CUST0007182,CURRENT,DORMANT,2020-10-25,128460.77,INR,1,168871.89,3,3,1,1
ACCT100010328,CUST0002503,CURRENT,ACTIVE,2019-03-12,181944.09,INR,1,35945.22,2,1,1,1
ACCT100010329,CUST0004874,SAVINGS,ACTIVE,2014-10-26,21237.09,USD,2,16835.94,2,1,1,1
ACCT100010330,CUST0004575,SAVINGS,ACTIVE,2020-04-03,70585.49,INR,1,2281.22,1,1,1,1
ACCT100010331,CUST0002155,NRE,ACTIVE,2015-08-12,144723.2,INR,2,284502.57,4,3,1,1
ACCT100010332,CUST0007778,NRE,ACTIVE,2017-10-12,21066.91,INR,3,39825.83,5,3,1,1
ACCT100010333,CUST0005736,SAVINGS,ACTIVE,2014-04-08,13772.74,USD,1,17247.7,4,2,1,0
ACCT100010334,CUST0003085,SAVINGS,ACTIVE,2019-03-17,496.5,INR,1,3290.22,3,1,1,1
ACCT100010335,CUST0005567,TRUST,DORMANT,2018-01-03,644169.95,GBP,3,386350.21,9,1,1,1
ACCT100010336,CUST0004082,nre,BLOCKED,2014-11-03,41394.35,INR,2,56161.71,7,2,0,1
ACCT100010337,CUST0007125,CURRENT,CLOSED,2018-08-16,3607.29,INR,2,3512.8,5,1,1,1
ACCT100010338,CUST0007492,SHELL,CLOSED,2016-12-15,83601.82,INR,1,1390241.29,10,2,1,1
ACCT100010339,CUST0001262,SHELL,ACTIVE,2015-02-28,1231111.65,GBP,2,1274210.01,9,1,0,1
ACCT100010340,CUST0004548,SHELL,ACTIVE,2016-12-28,116734.21,INR,3,200895.01,9,1,1,1
ACCT100010341,CUST0004414,CURRENT,ACTIVE,2020-05-28,19411.29,USD,1,16121.42,3,3,1,1
ACCT100010342,CUST0004758,CURRENT,CLOSED,2013-08-29,69147.49,GBP,1,27880.78,3,1,1,1
ACCT100010343,CUST0001710,SALARY,ACTIVE,2017-10-29,2769.25,AED,1,4955.22,3,1,0,1
ACCT100010344,CUST0006607,NRE,ACTIVE,2020-08-19,241892.84,SGD,3,1406971.37,5,1,1,0
ACCT100010345,CUST0003525,SAVINGS,ACTIVE,2017-01-14,82381.48,AED,2,14939.24,4,2,1,1
ACCT100010346,CUST0006098,CURRENT,ACTIVE,2014-07-28,33882.2,USD,1,65537.59,1,4,1,1
ACCT100010347,CUST0004735,CURRENT,ACTIVE,2019-09-19,58456.12,INR,1,40428.77,3,2,1,0
ACCT100010348,CUST0003203,nre,ACTIVE,2015-06-21,2409108.62,INR,2,25105.33,5,2,1,1
ACCT100010349,CUST0002485,CURRENT,ACTIVE,2014-10-08,79206.33,INR,1,6870.47,5,3,1,1
ACCT100010350,CUST0007396,SALARY,ACTIVE,2018-12-30,18722.71,AED,1,21133.56,3,1,1,1
ACCT100010351,CUST0006486,NRE,BLOCKED,2016-03-03,4398838.19,GBP,1,423637.84,7,1,1,0
ACCT100010352,CUST0004406,SALARY,CLOSED,2013-11-20,13221.03,SGD,1,19560.05,3,4,1,1
ACCT100010353,CUST0003241,NRO,ACTIVE,2013-04-15,112447.92,INR,1,921199.6,5,1,1,1
ACCT100010354,CUST0007757,SAVINGS,ACTIVE,2016-05-08,62026.82,INR,1,4100.56,4,2,1,1
ACCT100010355,CUST0001391,CURRENT,ACTIVE,2016-02-05,29066.04,INR,1,64821.4,4,1,0,0
ACCT100010356,CUST0003809,CURRENT,ACTIVE,2018-09-03,10128.21,GBP,3,23930.76,5,1,1,1
ACCT100010357,CUST0003097,NRE,ACTIVE,2019-05-02,2583.64,SGD,1,220059.61,5,2,1,1
ACCT100010358,CUST0001904,CURRENT,ACTIVE,2021-10-17,846142.02,INR,1,22081.83,4,1,1,0
ACCT100010359,CUST0007675,TRUST,ACTIVE,2019-06-22,102694.89,INR,1,84217.54,7,4,1,0
ACCT100010360,CUST0006996,SAVINGS,ACTIVE,2017-08-22,11047.82,AED,3,10768.77,5,3,1,1
ACCT100010361,CUST0004046,SAVINGS,DORMANT,2020-09-23,1260.47,USD,1,45842.94,1,3,1,1
ACCT100010362,CUST0005885,SALARY,ACTIVE,2015-08-30,25386.59,INR,1,35768.93,4,1,1,1
ACCT100010363,CUST0007689, SAVINGS ,ACTIVE,2017-03-26,108789.73,AED,1,4018.89,2,2,0,1
ACCT100010364,CUST0005900,SALARY,ACTIVE,2018-05-23,164008.23,GBP,1,7156.91,2,1,1,0
ACCT100010365,CUST0005640,NRE,ACTIVE,2019-06-18,1004719.77,INR,1,311461.39,4,5,1,1
ACCT100010366,CUST0004150,SAVINGS,ACTIVE,2012-01-20,17568.69,INR,2,6493.32,3,1,1,1
ACCT100010367,CUST0002452,CURRENT,ACTIVE,2018-08-17,515042.52,USD,1,16069.49,1,1,1,0
ACCT100010368,CUST0002876,SALARY,ACTIVE,2013-02-25,6514.69,INR,1,29146.34,1,2,1,1
ACCT100010369,CUST0000580,SALARY,BLOCKED,2020-08-09,25751.07,INR,1,6188.8,5,4,1,1
ACCT100010370,CUST0006244,SALARY,ACTIVE,2013-03-26,9974.33,INR,1,11154.16,1,2,0,0
ACCT100010371,CUST0001140,SALARY,DORMANT,2013-12-11,23922.69,INR,1,14156.21,1,1,0,1
ACCT100010372,CUST0004786,CURRENT,ACTIVE,2016-01-24,16550.04,INR,1,23205.48,4,1,0,1
ACCT100010373,CUST0002362, SAVINGS ,ACTIVE,2021-06-10,377.66,USD,1,55636.0,2,2,1,0
ACCT100010374,CUST0006940,CURRENT,ACTIVE,2013-11-14,527220.71,INR,1,50387.88,1,1,1,1
ACCT100010375,CUST0002514,SALARY,ACTIVE,2014-03-21,941.99,AED,1,67205.77,4,1,0,0
ACCT100010376,CUST0007157,NRE,ACTIVE,2016-05-05,611789.1,AED,1,436744.28,4,3,1,1
ACCT100010377,CUST0000715,NRO,ACTIVE,2020-03-27,6914350.62,USD,3,136725.86,5,1,1,1
ACCT100010378,CUST0001974,CURRENT,BLOCKED,2019-04-10,15535.49,USD,1,27155.93,4,2,0,1
ACCT100010379,CUST0007423,SALARY,ACTIVE,2014-01-06,26538.36,INR,1,10754.8,4,2,1,1
ACCT100010380,CUST0001002,SAVINGS,DORMANT,2016-07-01,17488.33,AED,2,2170.41,1,3,1,0
ACCT100010381,CUST0001778,CURRENT,ACTIVE,2020-12-07,48935.48,SGD,1,100192.41,3,3,1,1
ACCT100010382,CUST0002561,SAVINGS,ACTIVE,2021-11-01,26495.65,AED,3,38735.18,1,1,0,1
ACCT100010383,CUST0000323,CURRENT,ACTIVE,2013-05-10,501430.53,INR,2,27076.54,3,1,0,1
ACCT100010384,CUST0007276,SALARY,ACTIVE,2020-04-28,4078.91,INR,1,4304.19,4,4,1,1
ACCT100010385,CUST0007423,TRUST,CLOSED,2014-04-06,4317497.52,INR,2,818987.19,8,1,0,1
ACCT100010386,CUST0004420,NRE,ACTIVE,2014-10-12,199266.74,SGD,2,600831.74,7,1,1,1
ACCT100010387,CUST0004020,SAVINGS,ACTIVE,2019-09-26,5945.74,USD,1,25474.61,4,1,0,0
ACCT100010388,CUST0005901,NRE,ACTIVE,2021-02-14,5298.59,INR,1,46206.01,4,2,1,1
ACCT100010389,CUST0001209,SALARY,ACTIVE,2014-09-08,16152.22,INR,1,1303.21,2,1,0,1
ACCT100010390,CUST0002608,NRE,ACTIVE,2013-12-22,63453.0,AED,2,164143.13,5,3,1,0
ACCT100010391,CUST0004454, CURRENT ,ACTIVE,2016-04-26,25178.78,AED,1,260416.54,5,1,1,1
ACCT100010392,CUST0002835,SAVINGS,BLOCKED,2015-01-05,31260.09,INR,1,3387.51,5,3,1,1
ACCT100010393,CUST0002026,SAVINGS,ACTIVE,2019-06-25,5078.06,USD,1,2558.32,4,1,1,1
ACCT100010394,CUST0002889,SAVINGS,ACTIVE,2017-11-21,20024.47,INR,1,9636.85,3,2,0,0
ACCT100010395,CUST0001758,SAVINGS,CLOSED,2020-07-03,12760.58,AED,1,5715.26,4,1,1,1
ACCT100010396,CUST0005666,SALARY,ACTIVE,2019-04-18,97507.25,INR,2,14961.9,2,2,1,1
ACCT100010397,CUST0003903,SALARY,ACTIVE,2013-08-05,16972.26,SGD,1,8179.53,1,1,1,1
ACCT100010398,CUST0001176,CURRENT,ACTIVE,2019-10-12,78145.72,INR,1,48931.09,1,2,0,1
ACCT100010399,CUST0005605,CURRENT,ACTIVE,2014-08-27,24275.1,INR,2,4201.37,2,3,0,1
ACCT100010400,CUST0005087,NRO,ACTIVE,2018-02-21,110730.38,USD,1,35932.94,4,1,0,1
ACCT100010401,CUST0002345,SAVINGS,ACTIVE,2021-11-18,142070.17,USD,1,18276.53,5,3,1,1
ACCT100010402,CUST0005719,SAVINGS,DORMANT,2018-08-27,34808.69,USD,1,71193.52,1,3,1,1
ACCT100010403,CUST0003024,SAVINGS,ACTIVE,2021-03-13,111401.56,GBP,1,3328.34,5,3,0,1
ACCT100010404,CUST0006185,CURRENT,ACTIVE,2014-04-09,336123.16,INR,1,69529.43,4,1,0,0
ACCT100010405,CUST0002362,NRE,ACTIVE,2016-05-21,210264.77,AED,1,490073.58,7,2,1,1
ACCT100010406,CUST0005550,SALARY,ACTIVE,2016-02-19,119647.46,INR,1,24219.35,2,1,1,1
ACCT100010407,CUST0003345,SAVINGS,ACTIVE,2014-01-04,5328.33,INR,1,10417.06,4,1,1,1
ACCT100010408,CUST0004360,CURRENT,ACTIVE,2016-09-17,140901.38,INR,1,88864.94,2,1,1,1
ACCT100010409,CUST0001139,SAVINGS,ACTIVE,2020-09-14,215841.73,AED,2,36549.87,4,3,1,1
ACCT100010410,CUST0000520,SAVINGS,DORMANT,2020-05-09,3567.09,INR,2,20391.59,3,4,1,1
ACCT100010411,CUST0002978,SAVINGS,ACTIVE,2014-10-24,33724.15,USD,2,34104.19,4,2,0,1
ACCT100010412,CUST0001472,CURRENT,ACTIVE,2015-07-17,19372.53,INR,3,348186.88,1,1,1,1
ACCT100010413,CUST0000268,CURRENT,DORMANT,2020-03-20,518185.81,INR,2,23846.57,2,1,1,1
ACCT100010414,CUST0003757,SALARY,ACTIVE,2014-02-18,27319.53,USD,1,20963.39,3,2,1,1
ACCT100010415,CUST0001234,NRE,ACTIVE,2014-01-14,650227.52,GBP,2,210830.84,7,1,1,1
ACCT100010416,CUST0001188,NRO,ACTIVE,2012-07-17,36078.23,SGD,1,54958.38,6,2,1,1
ACCT100010417,CUST0006688,SALARY,ACTIVE,2014-08-08,7985.59,AED,1,6099.97,4,1,1,1
ACCT100010418,CUST0004666,SAVINGS,ACTIVE,2020-11-02,562.42,INR,1,94943.8,5,2,0,1
ACCT100010419,CUST0002462,CURRENT,ACTIVE,2013-12-13,6166.5,AED,2,77225.61,1,5,1,1
ACCT100010420,CUST0001685,SALARY,ACTIVE,2014-06-05,27319.3,AED,1,10051.41,5,1,1,1
ACCT100010421,CUST0007068,SAVINGS,ACTIVE,2019-12-04,31054.26,INR,2,6434.75,1,2,0,1
ACCT100010422,CUST0004874,CURRENT,ACTIVE,2020-05-23,6400.21,INR,2,185360.36,2,2,1,1
ACCT100010423,CUST0001106,CURRENT,ACTIVE,2019-02-03,59787.35,INR,2,3871.2,2,1,0,1
ACCT100010424,CUST0002691,SALARY,ACTIVE,2019-03-03,12433.19,USD,3,10333.49,2,1,1,0
ACCT100010425,CUST0004245,SAVINGS,ACTIVE,2017-09-07,304604.07,INR,1,5609.42,4,1,1,0
ACCT100010426,CUST0002335,NRE,ACTIVE,2014-01-22,1422058.23,INR,1,98126.0,7,2,1,1
ACCT100010427,CUST0000867,SAVINGS,CLOSED,2020-05-31,129312.1,INR,1,1412.88,2,3,1,1
ACCT100010428,CUST0003139,NRE,ACTIVE,2016-11-02,86825.41,USD,2,374341.94,6,1,1,1
ACCT100010429,CUST0001492,SAVINGS,ACTIVE,2012-06-09,4911.02,INR,1,50155.62,2,4,1,1
ACCT100010430,CUST0005693,NRE,DORMANT,2015-08-22,403181.4,AED,1,92634.86,5,2,1,1
ACCT100010431,CUST0004261,NRO,ACTIVE,2013-09-23,22179.47,GBP,1,35486.83,7,1,1,0
ACCT100010432,CUST0000387,SALARY,ACTIVE,2021-06-21,7110.06,INR,1,437.76,3,2,1,1
ACCT100010433,CUST0006753,NRO,ACTIVE,2018-03-17,289481.72,SGD,1,53359.03,6,1,0,1
ACCT100010434,CUST0000735,SAVINGS,ACTIVE,2018-05-18,25545.6,USD,1,27793.6,2,4,1,1
ACCT100010435,CUST0003020,CURRENT,ACTIVE,2015-11-19,4574.65,INR,1,59860.46,5,2,1,1
ACCT100010436,CUST0005823,CURRENT,ACTIVE,2013-07-03,99691.73,INR,1,93525.9,1,1,1,1
ACCT100010437,CUST0001795,TRUST,CLOSED,2019-03-13,88010.66,INR,1,1108102.5,9,3,0,1
ACCT100010438,CUST0005637,SAVINGS,ACTIVE,2019-08-25,4799.53,AED,2,6226.28,1,1,1,1
ACCT100010439,CUST0007883,SAVINGS,ACTIVE,2016-10-01,3506.52,AED,2,9501.59,1,3,1,1
ACCT100010440,CUST0005958,SAVINGS,ACTIVE,2013-01-03,6231.5,GBP,1,2474.94,5,4,1,1
ACCT100010441,CUST0004808,CURRENT,ACTIVE,2020-09-24,5728.55,USD,2,79134.7,2,1,1,1
ACCT100010442,CUST0002215,SAVINGS,ACTIVE,2015-12-11,28582.68,USD,3,9133.93,2,1,0,1
ACCT100010443,CUST0007086,CURRENT,ACTIVE,2018-04-05,4831.63,USD,1,230734.56,3,1,1,1
ACCT100010444,CUST0002130,CURRENT,BLOCKED,2019-05-21,94347.77,INR,1,50579.16,1,1,1,0
ACCT100010445,CUST0005397,CURRENT,ACTIVE,2019-08-02,143042.91,INR,1,392655.21,1,2,1,1
ACCT100010446,CUST0005920,CURRENT,ACTIVE,2020-06-25,81225.39,INR,2,15151.04,5,1,1,1
ACCT100010447,CUST0001795,CURRENT,ACTIVE,2017-07-26,64495.98,SGD,1,83011.92,3,1,1,1
ACCT100010448,CUST0007436,CURRENT,ACTIVE,2019-12-08,7720.8,GBP,1,69553.26,2,1,0,1
ACCT100010449,CUST0005552,CURRENT,ACTIVE,2018-02-18,255914.48,SGD,2,34910.71,4,1,0,1
ACCT100010450,CUST0001003,SAVINGS,ACTIVE,2021-06-19,8338.22,INR,1,2577.98,5,3,0,1
ACCT100010451,CUST0005424,CURRENT,ACTIVE,2019-11-29,56510.7,USD,1,20680.58,1,1,1,1
ACCT100010452,CUST0000664,CURRENT,DORMANT,2019-03-04,34530.03,AED,2,13149.25,1,1,1,1
ACCT100010453,CUST0002609,TRUST,DORMANT,2015-06-26,1980372.2,INR,1,25182.75,8,5,0,1
ACCT100010454,CUST0004179,SALARY,ACTIVE,2020-03-05,28966.21,INR,1,17767.05,2,3,1,1
ACCT100010455,CUST0006999,NRO,ACTIVE,2012-04-19,4808.79,SGD,1,37798.13,4,1,0,1
ACCT100010456,CUST0003591,SAVINGS,ACTIVE,2013-11-01,273796.5,GBP,1,26586.92,5,1,0,1
ACCT100010457,CUST0007256,SAVINGS,ACTIVE,2020-01-17,36357.5,INR,1,11976.52,5,3,1,1
ACCT100010458,CUST0002260,CURRENT,ACTIVE,2016-05-12,28856.83,INR,1,148713.12,1,1,1,1
ACCT100010459,CUST0002334,TRUST,DORMANT,2019-05-07,321717.51,AED,1,127223.48,8,1,1,1
ACCT100010460,CUST0007601,CURRENT,ACTIVE,2021-07-25,211163.99,INR,1,42804.81,5,1,1,0
ACCT100010461,CUST0004443,NRE,ACTIVE,2017-02-03,290801.33,INR,1,35673.37,7,2,1,1
ACCT100010462,CUST0000475,NRE,BLOCKED,2019-11-24,311994.64,SGD,1,60621.56,6,3,1,1
ACCT100010463,CUST0001023,NRO,ACTIVE,2021-01-30,203028.07,USD,1,300828.91,5,3,1,1
ACCT100010464,CUST0000561,SAVINGS,DORMANT,2019-10-22,81440.39,SGD,1,26255.92,1,1,0,1
ACCT100010465,CUST0003201,CURRENT,ACTIVE,2021-05-28,302075.66,USD,3,57546.04,5,1,1,1
ACCT100010466,CUST0006509,SALARY,ACTIVE,2013-11-18,16448.38,GBP,2,2210.09,5,2,1,1
ACCT100010467,CUST0004999,CURRENT,ACTIVE,2019-04-12,22045.17,INR,2,54990.92,5,1,1,1
ACCT100010468,CUST0006161, NRO ,ACTIVE,2015-03-02,439210.82,INR,3,25459.07,7,3,0,1
ACCT100010469,CUST0005930,TRUST,BLOCKED,2018-09-27,233307.6,INR,2,281839.99,10,3,1,0
ACCT100010470,CUST0002975,SAVINGS,ACTIVE,2017-03-07,11578.77,INR,1,10333.49,4,2,1,1
ACCT100010471,CUST0000997,SAVINGS,ACTIVE,2013-12-05,31131.07,INR,1,45026.76,3,1,1,0
ACCT100010472,CUST0002701, SALARY ,ACTIVE,2012-03-08,30234.13,INR,1,19744.54,3,3,1,1
ACCT100010473,CUST0001675,CURRENT,ACTIVE,2017-06-12,67639.97,INR,2,99138.74,5,2,1,1
ACCT100010474,CUST0004764,TRUST,DORMANT,2017-05-20,699092.09,INR,3,110037.68,10,1,1,0
ACCT100010475,CUST0005896,SALARY,ACTIVE,2019-06-01,8704.46,INR,2,29202.89,5,2,1,1
ACCT100010476,CUST0005007,CURRENT,ACTIVE,2015-12-28,3055.82,USD,2,26232.51,4,1,0,1
ACCT100010477,CUST0002386,CURRENT,ACTIVE,2018-11-04,55362.47,AED,1,85361.34,1,4,1,0
ACCT100010478,CUST0004420,NRO,ACTIVE,2021-10-03,63660.33,AED,1,57511.55,6,1,1,0
ACCT100010479,CUST0006838,NRE,ACTIVE,2021-04-04,112600.97,USD,1,153146.72,5,2,0,1
ACCT100010480,CUST0005455,CURRENT,ACTIVE,2012-06-07,1973.79,INR,2,12836.55,3,4,1,0
ACCT100010481,CUST0002567, SAVINGS ,ACTIVE,2014-09-30,2937.6,GBP,1,4391.3,4,3,1,1
ACCT100010482,CUST0003262,SAVINGS,ACTIVE,2014-05-14,349.19,SGD,1,2178.42,5,3,1,1
ACCT100010483,CUST0002293,SAVINGS,ACTIVE,2016-09-03,17419.8,INR,1,4528.17,2,1,1,1
ACCT100010484,CUST0006552,CURRENT,ACTIVE,2020-02-19,180183.7,INR,1,42054.49,5,3,1,1
ACCT100010485,CUST0000618,SALARY,ACTIVE,2018-02-13,78442.23,INR,2,3500.47,5,1,1,1
ACCT100010486,CUST0002383,SAVINGS,ACTIVE,2020-01-16,60428.87,INR,1,9309.09,1,3,1,1
ACCT100010487,CUST0005443,SALARY,ACTIVE,2016-03-20,5508.07,INR,1,21489.45,3,3,0,1
ACCT100010488,CUST0006103,CURRENT,ACTIVE,2020-06-09,87966.75,INR,2,8630.08,1,1,1,1
ACCT100010489,CUST0007356,SALARY,ACTIVE,2020-05-17,9306.75,INR,1,9413.16,5,1,1,0
ACCT100010490,CUST0003499,CURRENT,ACTIVE,2016-08-06,28137.36,INR,1,10332.8,4,1,1,1
ACCT100010491,CUST0003783,NRO,ACTIVE,2015-04-16,144771.83,INR,1,214156.33,5,2,1,1
ACCT100010492,CUST0003074,TRUST,ACTIVE,2012-01-25,163053.51,INR,1,810877.56,8,1,1,1
ACCT100010493,CUST0001024,CURRENT,ACTIVE,2014-07-21,73606.09,INR,1,34928.35,1,2,1,1
ACCT100010494,CUST0002721,CURRENT,BLOCKED,2012-03-30,244770.65,INR,3,14386.98,4,1,1,1
ACCT100010495,CUST0001746,SALARY,ACTIVE,2015-08-26,1640.99,USD,1,2769.33,2,3,1,1
ACCT100010496,CUST0002602,SAVINGS,ACTIVE,2017-02-04,3490.32,INR,2,9328.37,1,3,1,0
ACCT100010497,CUST0006843,SALARY,CLOSED,2021-09-26,56354.42,USD,1,3401.76,1,3,1,1
ACCT100010498,CUST0001251,CURRENT,DORMANT,2019-05-22,52133.05,INR,2,9513.25,1,1,1,1
ACCT100010499,CUST0007100,CURRENT,ACTIVE,2015-11-25,88531.49,INR,1,8164.31,2,1,1,1
ACCT100010500,CUST0005031,NRE,ACTIVE,2017-05-05,81212.48,INR,3,21529.31,5,1,1,1
ACCT100010501,CUST0005327,SAVINGS,BLOCKED,2015-12-12,5637.02,GBP,1,10212.12,4,2,1,1
ACCT100010502,CUST0004481,SAVINGS,DORMANT,2012-01-26,5747.43,SGD,2,30788.83,4,4,1,1
ACCT100010503,CUST0004186,SAVINGS,ACTIVE,2018-06-07,9283.51,GBP,1,7467.5,1,1,1,1
ACCT100010504,CUST0000545,SALARY,ACTIVE,2012-11-29,6878.08,INR,2,7549.12,2,1,0,1
ACCT100010505,CUST0000809,NRO,ACTIVE,2017-04-11,65184.2,INR,1,58424.11,4,1,1,1
ACCT100010506,CUST0006533,NRO,ACTIVE,2018-08-06,53668.92,INR,3,35246.64,6,1,1,1
ACCT100010507,CUST0004313,CURRENT,ACTIVE,2018-12-23,20465.77,INR,2,18702.49,1,1,1,1
ACCT100010508,CUST0002136,SALARY,ACTIVE,2015-08-17,4191.75,GBP,1,26140.93,5,1,1,1
ACCT100010509,CUST0004832,SALARY,ACTIVE,2017-12-06,74589.25,INR,1,51893.83,3,1,1,1
ACCT100010510,CUST0007241,CURRENT,ACTIVE,2018-04-30,149449.43,INR,1,100376.9,1,4,1,1
ACCT100010511,CUST0003899,SALARY,ACTIVE,2012-09-21,13377.44,INR,1,10390.11,2,1,0,1
ACCT100010512,CUST0002649,CURRENT,ACTIVE,2020-11-16,1023584.0,USD,2,23900.36,1,1,1,1
ACCT100010513,CUST0007589,SALARY,DORMANT,2017-03-06,32150.15,AED,1,40127.38,5,2,1,1
ACCT100010514,CUST0006234,CURRENT,ACTIVE,2015-12-08,25318.28,USD,1,218108.75,4,1,1,1
ACCT100010515,CUST0002921,SAVINGS,ACTIVE,2015-11-17,110491.09,SGD,1,786.23,5,1,1,1
ACCT100010516,CUST0004796,NRE,ACTIVE,2013-06-29,203577.45,INR,2,67063.31,4,4,0,1
ACCT100010517,CUST0001452,SAVINGS,CLOSED,2018-11-18,148628.78,USD,2,2415.53,1,1,1,1
ACCT100010518,CUST0006465,SAVINGS,DORMANT,2017-08-17,41773.72,INR,1,8565.82,4,3,1,0
ACCT100010519,CUST0004210,NRE,ACTIVE,2018-09-17,55716.58,INR,1,34426.27,5,1,1,0
ACCT100010520,CUST0006094,NRO,ACTIVE,2019-02-17,188272.69,USD,1,219152.34,5,1,1,1
ACCT100010521,CUST0006942,SAVINGS,ACTIVE,2018-08-11,1377.24,USD,1,32695.47,5,1,1,1
ACCT100010522,CUST0006556,TRUST,DORMANT,2018-08-06,207955.43,SGD,1,383426.26,10,1,1,0
ACCT100010523,CUST0004071,SAVINGS,ACTIVE,2012-08-08,163386.41,USD,1,14116.22,4,5,1,1
ACCT100010524,CUST0005979,SAVINGS,ACTIVE,2020-06-19,36870.41,USD,2,26773.52,5,1,1,1
ACCT100010525,CUST0006644,SAVINGS,ACTIVE,2019-03-18,1047.4,INR,1,7444.53,4,1,0,1
ACCT100010526,CUST0002423,SAVINGS,ACTIVE,2019-03-16,76237.68,INR,1,25679.87,1,1,1,0
ACCT100010527,CUST0001916,SAVINGS,ACTIVE,2021-06-30,10366.9,INR,3,15756.58,1,1,1,1
ACCT100010528,CUST0007273,NRO,ACTIVE,2017-03-05,74778.56,USD,1,31081.95,6,1,1,1
ACCT100010529,CUST0001417,SAVINGS,ACTIVE,2021-01-09,11779.12,INR,1,1428.62,2,1,1,1
ACCT100010530,CUST0007328,SALARY,ACTIVE,2014-12-10,1137.76,SGD,1,7409.52,1,1,1,1
ACCT100010531,CUST0007850,SALARY,ACTIVE,2015-12-16,14747.31,INR,2,4482.53,3,4,1,1
ACCT100010532,CUST0000162,NRE,ACTIVE,2018-02-03,41196.37,AED,1,63512.63,6,4,1,1
ACCT100010533,CUST0003012,NRE,ACTIVE,2014-04-27,1146334.03,INR,1,12834.16,5,1,0,1
ACCT100010534,CUST0004370,CURRENT,DORMANT,2013-12-17,20304.77,INR,1,14171.15,5,1,1,1
ACCT100010535,CUST0000040,SAVINGS,ACTIVE,2019-08-09,43676.28,INR,1,66976.43,4,4,1,1
ACCT100010536,CUST0007482,SAVINGS,ACTIVE,2019-06-30,14149.94,INR,1,17931.82,5,1,1,1
ACCT100010537,CUST0002864,NRO,ACTIVE,2013-05-28,202093.1,INR,1,122865.38,6,2,1,1
ACCT100010538,CUST0000656,CURRENT,ACTIVE,2012-08-25,2548.63,USD,1,556390.67,4,1,1,1
ACCT100010539,CUST0006470,CURRENT,ACTIVE,2019-02-04,13270.12,INR,1,55256.38,3,2,0,1
ACCT100010540,CUST0005301,SALARY,ACTIVE,2020-01-29,33204.17,USD,2,11138.84,1,1,1,0
ACCT100010541,CUST0004062,CURRENT,ACTIVE,2019-03-18,14334.57,INR,1,11741.29,4,1,1,1
ACCT100010542,CUST0006219,SHELL,DORMANT,2020-06-01,308836.38,GBP,2,5718230.55,9,1,1,1
ACCT100010543,CUST0005223,SALARY,DORMANT,2019-04-27,837.32,INR,1,3358.99,3,2,1,1
ACCT100010544,CUST0005507,SAVINGS,ACTIVE,2021-08-29,108670.65,AED,1,10940.93,4,1,0,1
ACCT100010545,CUST0004416,SAVINGS,ACTIVE,2016-05-18,63234.48,GBP,2,2394.55,5,1,1,1
ACCT100010546,CUST0003245,SAVINGS,ACTIVE,2014-11-16,3478.59,INR,1,2809.17,5,1,1,0
ACCT100010547,CUST0000383,SAVINGS,ACTIVE,2016-09-23,16960.35,INR,1,16451.3,1,3,1,1
ACCT100010548,CUST0006519,NRO,ACTIVE,2012-08-04,208912.83,USD,3,96432.27,4,2,1,1
ACCT100010549,CUST0000568,CURRENT,ACTIVE,2019-02-03,112599.75,GBP,2,419464.25,3,2,1,1
ACCT100010550,CUST0007909,CURRENT,DORMANT,2018-08-05,95926.6,INR,1,13288.72,3,2,1,1
ACCT100010551,CUST0000578,NRE,ACTIVE,2020-06-21,1152855.48,INR,1,103799.94,7,1,1,1
ACCT100010552,CUST0002567,NRE,ACTIVE,2018-03-30,937.94,INR,1,33327.51,4,4,1,0
ACCT100010553,CUST0006252,SAVINGS,ACTIVE,2017-11-28,28660.47,USD,1,3227.75,2,2,1,1
ACCT100010554,CUST0007726, SAVINGS ,ACTIVE,2020-07-09,21729.29,INR,1,11376.41,1,3,1,0
ACCT100010555,CUST0004669, SAVINGS ,ACTIVE,2020-12-01,36483.32,AED,3,5022.86,4,1,0,1
ACCT100010556,CUST0006536,NRO,ACTIVE,2013-08-28,241628.12,INR,1,65482.17,5,1,1,1
ACCT100010557,CUST0007135,CURRENT,DORMANT,2021-08-28,38019.58,USD,1,46625.62,5,3,1,0
ACCT100010558,CUST0002298,SAVINGS,ACTIVE,2019-11-18,160436.92,INR,1,11357.78,2,3,1,1
ACCT100010559,CUST0006977,SHELL,ACTIVE,2015-07-07,372974.35,INR,2,1007444.37,10,1,0,1
ACCT100010560,CUST0002763,SAVINGS,ACTIVE,2012-05-28,66400.81,GBP,1,18249.43,2,1,1,1
ACCT100010561,CUST0000896,NRE,ACTIVE,2013-11-08,35615.19,USD,1,34278.07,5,3,1,1
ACCT100010562,CUST0002662,SHELL,ACTIVE,2017-02-18,1019040.45,SGD,3,157146.87,8,1,1,1
ACCT100010563,CUST0007357,SAVINGS,DORMANT,2015-01-21,107329.14,INR,3,2688.55,5,1,1,1
ACCT100010564,CUST0004735,SALARY,ACTIVE,2021-02-01,35298.48,INR,3,4481.23,3,1,1,1
ACCT100010565,CUST0005367,NRE,ACTIVE,2018-09-30,280267.45,INR,2,187104.98,7,2,1,1
ACCT100010566,CUST0003133,TRUST,ACTIVE,2020-03-30,6644.16,SGD,1,11159.26,8,3,1,1
ACCT100010567,CUST0000517,SAVINGS,ACTIVE,2013-08-07,39288.15,INR,1,3387.97,4,5,0,1
ACCT100010568,CUST0002335,SAVINGS,ACTIVE,2014-05-14,53316.49,INR,1,956.22,3,3,1,1
ACCT100010569,CUST0007123,SAVINGS,ACTIVE,2014-08-14,15691.03,INR,1,14104.23,5,2,0,0
ACCT100010570,CUST0005693,CURRENT,ACTIVE,2012-06-02,73252.82,AED,1,41169.98,4,1,1,1
ACCT100010571,CUST0002288,SAVINGS,ACTIVE,2019-02-10,27988.07,USD,2,24956.93,5,2,1,1
ACCT100010572,CUST0006320,CURRENT,ACTIVE,2020-04-13,154628.32,INR,3,53269.95,2,4,1,1
ACCT100010573,CUST0005090,NRO,ACTIVE,2021-01-29,186195.69,INR,2,17248.13,4,1,1,1
ACCT100010574,CUST0000779,SAVINGS,ACTIVE,2012-12-15,101136.48,GBP,1,2398.45,4,2,0,1
ACCT100010575,CUST0001291,SALARY,ACTIVE,2017-07-19,12504.09,USD,1,6821.13,3,2,1,1
ACCT100010576,CUST0002284,SHELL,DORMANT,2016-10-12,81371.49,INR,3,686017.32,10,1,1,1
ACCT100010577,CUST0007781,CURRENT,DORMANT,2017-12-02,220469.04,GBP,1,71285.71,4,4,0,1
ACCT100010578,CUST0003848,SAVINGS,ACTIVE,2012-02-24,100188.76,USD,1,3576.08,1,3,0,1
ACCT100010579,CUST0002522,TRUST,DORMANT,2017-10-07,1502762.58,INR,1,121584.52,9,2,1,1
ACCT100010580,CUST0000774,SALARY,ACTIVE,2019-10-20,218993.65,SGD,2,3161.72,5,1,0,1
ACCT100010581,CUST0001312,SAVINGS,DORMANT,2018-08-01,24096.72,INR,3,4499.06,1,1,1,1
ACCT100010582,CUST0003509, SAVINGS ,ACTIVE,2018-09-20,28785.15,INR,1,9668.98,1,2,1,1
ACCT100010583,CUST0003818,SALARY,ACTIVE,2021-02-02,4219.69,INR,2,31135.71,2,3,1,1
ACCT100010584,CUST0006713,CURRENT,ACTIVE,2012-08-28,539919.76,USD,2,66277.38,1,2,1,1
ACCT100010585,CUST0000541,CURRENT,BLOCKED,2017-03-30,1386.3,USD,1,63995.11,1,3,1,0
ACCT100010586,CUST0007379,CURRENT,ACTIVE,2014-04-24,5962.93,USD,1,132971.65,4,2,1,1
ACCT100010587,CUST0007608,CURRENT,ACTIVE,2015-09-14,43774.79,USD,1,2777.99,5,1,1,1
ACCT100010588,CUST0007632,NRE,ACTIVE,2019-06-07,37906.94,SGD,1,83186.21,5,2,0,1
ACCT100010589,CUST0004972,TRUST,DORMANT,2012-06-12,83263.07,INR,3,252860.25,9,2,0,1
ACCT100010590,CUST0004824,CURRENT,DORMANT,2014-12-19,9979.16,INR,1,22431.26,1,1,1,1
ACCT100010591,CUST0001984,SALARY,BLOCKED,2018-10-28,158139.99,INR,2,13866.57,4,1,1,1
ACCT100010592,CUST0007528,CURRENT,ACTIVE,2014-06-15,211911.46,INR,1,9368.02,4,5,1,0
ACCT100010593,CUST0006976, SAVINGS ,ACTIVE,2013-02-10,22477.16,GBP,1,14086.93,1,1,0,1
ACCT100010594,CUST0005651,SAVINGS,ACTIVE,2017-12-27,1378.07,INR,1,4224.41,5,2,1,1
ACCT100010595,CUST0003179,SAVINGS,ACTIVE,2017-05-31,12806.85,AED,2,14117.2,2,2,1,1
ACCT100010596,CUST0001988,CURRENT,ACTIVE,2021-03-22,6015.84,INR,1,216661.45,4,3,1,1
ACCT100010597,CUST0005593,SAVINGS,ACTIVE,2019-05-31,50239.04,INR,1,19688.47,5,1,0,1
ACCT100010598,CUST0004319,CURRENT,ACTIVE,2012-03-11,155580.4,INR,2,9169.75,4,1,0,1
ACCT100010599,CUST0001601,SAVINGS,ACTIVE,2013-02-07,5735.79,SGD,1,37951.94,2,1,1,1
ACCT100010600,CUST0004915,CURRENT,ACTIVE,2017-01-18,128021.64,INR,1,45051.67,3,1,1,1
ACCT100010601,CUST0002423,CURRENT,ACTIVE,2019-07-21,629363.58,SGD,1,5607.02,1,1,1,1
ACCT100010602,CUST0002129,salary,ACTIVE,2013-01-05,4325.35,INR,1,612.72,3,1,1,0
ACCT100010603,CUST0000949,SAVINGS,ACTIVE,2013-07-06,10327.39,INR,2,11000.24,4,1,1,1
ACCT100010604,CUST0007746,TRUST,DORMANT,2020-11-15,109854.45,INR,2,340124.41,7,1,1,1
ACCT100010605,CUST0007648,CURRENT,ACTIVE,2020-09-04,77526.39,INR,1,5808.02,5,2,1,1
ACCT100010606,CUST0004199,CURRENT,ACTIVE,2013-06-18,1921416.14,INR,3,74131.85,2,1,1,1
ACCT100010607,CUST0007368,SALARY,ACTIVE,2014-03-01,15088.21,INR,3,28151.13,5,2,1,0
ACCT100010608,CUST0003321,CURRENT,ACTIVE,2016-05-04,27805.75,INR,1,3311.54,5,1,1,1
ACCT100010609,CUST0007735,SALARY,ACTIVE,2018-04-01,28550.14,INR,1,16570.01,2,1,1,1
ACCT100010610,CUST0004530,CURRENT,ACTIVE,2016-10-21,37331.72,USD,1,5458.42,3,2,1,1
ACCT100010611,CUST0000432,CURRENT,ACTIVE,2015-09-07,83156.8,GBP,1,34040.97,3,3,1,1
ACCT100010612,CUST0003946,SAVINGS,ACTIVE,2015-01-04,37579.47,SGD,3,6246.92,4,2,1,0
ACCT100010613,CUST0001363,CURRENT,ACTIVE,2014-02-08,134205.9,INR,1,112317.18,4,1,1,1
ACCT100010614,CUST0003385,SAVINGS,ACTIVE,2012-01-16,3036.66,GBP,3,2439.77,2,2,0,1
ACCT100010615,CUST0005231,NRE,ACTIVE,2019-03-03,263436.17,USD,1,136811.44,6,5,1,1
ACCT100010616,CUST0001705,SAVINGS,BLOCKED,2014-10-11,3135.26,GBP,2,116818.38,1,1,0,1
ACCT100010617,CUST0006819,SAVINGS,ACTIVE,2018-09-20,3347.86,INR,1,5080.81,4,4,0,1
ACCT100010618,CUST0003101,CURRENT,ACTIVE,2021-04-15,307025.85,INR,1,128391.81,2,1,0,1
ACCT100010619,CUST0003267,SAVINGS,ACTIVE,2019-04-26,164532.53,USD,2,24678.31,5,3,1,1
ACCT100010620,CUST0006978,CURRENT,ACTIVE,2014-11-21,140906.73,INR,1,3475.41,1,1,1,1
ACCT100010621,CUST0007667,NRE,ACTIVE,2019-12-18,348508.03,INR,2,12061.68,6,2,0,1
ACCT100010622,CUST0003424,NRE,DORMANT,2013-04-22,180062.07,AED,1,66149.99,6,1,1,1
ACCT100010623,CUST0000655,current,ACTIVE,2020-08-21,134597.5,USD,1,15450.62,2,4,1,1
ACCT100010624,CUST0005097,SALARY,ACTIVE,2017-05-07,10425.54,GBP,1,14917.47,3,1,1,0
ACCT100010625,CUST0007701,SALARY,ACTIVE,2014-11-15,1310.69,INR,1,9567.89,2,3,0,1
ACCT100010626,CUST0005757,CURRENT,ACTIVE,2021-02-02,82776.86,INR,1,11516.35,4,1,1,0
ACCT100010627,CUST0003765,CURRENT,ACTIVE,2021-09-10,3161.31,INR,1,49143.36,2,2,1,1
ACCT100010628,CUST0002893,SALARY,ACTIVE,2019-09-26,554.65,INR,1,9969.65,1,2,0,1
ACCT100010629,CUST0006166,CURRENT,ACTIVE,2019-10-05,53598.23,AED,2,77040.55,4,2,0,1
ACCT100010630,CUST0005814,TRUST,DORMANT,2012-10-01,1493918.36,INR,1,301808.47,9,1,0,1
ACCT100010631,CUST0007992,NRO,ACTIVE,2014-01-05,197526.15,AED,1,1345884.6,5,5,1,1
ACCT100010632,CUST0007455,SALARY,DORMANT,2012-06-21,22691.16,AED,1,17367.64,2,1,1,1
ACCT100010633,CUST0001869,SALARY,ACTIVE,2013-01-13,2764.75,INR,2,17246.26,5,2,1,1
ACCT100010634,CUST0001686,SALARY,DORMANT,2014-04-22,11667.28,INR,1,30983.07,1,3,1,1
ACCT100010635,CUST0001672,NRE,ACTIVE,2017-12-30,289187.17,INR,2,3134039.91,6,3,1,1
ACCT100010636,CUST0002876,SAVINGS,ACTIVE,2015-12-22,20614.73,SGD,1,86253.81,3,1,0,1
ACCT100010637,CUST0003999,SAVINGS,ACTIVE,2020-04-17,14489.73,USD,1,964.16,5,1,1,0
ACCT100010638,CUST0006235,CURRENT,ACTIVE,2017-11-04,13879.31,INR,2,66405.85,2,2,1,0
ACCT100010639,CUST0005413,TRUST,ACTIVE,2018-11-19,1205659.47,USD,1,1999890.78,9,3,1,1
ACCT100010640,CUST0007698,SAVINGS,ACTIVE,2018-09-25,40450.57,SGD,1,4303.98,5,2,1,1
ACCT100010641,CUST0001056,CURRENT,DORMANT,2019-06-11,38955.06,INR,1,51460.89,4,2,1,1
ACCT100010642,CUST0004076,SAVINGS,BLOCKED,2021-01-08,15920.59,INR,1,45439.99,5,1,1,1
ACCT100010643,CUST0000915,SAVINGS,ACTIVE,2014-09-23,239335.45,INR,1,42927.87,4,1,1,0
ACCT100010644,CUST0007802,NRO,BLOCKED,2012-11-30,145815.52,INR,1,54813.85,4,1,1,1
ACCT100010645,CUST0004486,SALARY,BLOCKED,2019-06-04,3301.3,INR,2,25547.22,5,1,1,1
ACCT100010646,CUST0007429,SALARY,ACTIVE,2019-12-16,66310.63,SGD,1,14656.46,3,1,1,1
ACCT100010647,CUST0003226,SALARY,ACTIVE,2018-11-18,10248.33,USD,1,31316.85,2,3,0,1
ACCT100010648,CUST0005651,SALARY,ACTIVE,2020-02-11,1126.53,INR,1,5679.11,5,3,1,1
ACCT100010649,CUST0002556,NRE,ACTIVE,2012-07-13,835527.25,INR,2,101409.09,4,2,1,1
ACCT100010650,CUST0005639,CURRENT,ACTIVE,2015-10-12,47994.76,INR,1,86303.88,3,2,1,1
ACCT100010651,CUST0002653,CURRENT,ACTIVE,2016-11-26,36039.46,SGD,1,6124.83,5,2,1,1
ACCT100010652,CUST0003078,SAVINGS,ACTIVE,2020-12-20,22429.68,AED,3,115270.05,4,2,0,1
ACCT100010653,CUST0006009,NRO,DORMANT,2015-11-06,84357.15,INR,1,7239.87,4,2,1,1
ACCT100010654,CUST0002763, SAVINGS ,ACTIVE,2020-04-11,5299.38,SGD,3,7713.69,4,1,1,1
ACCT100010655,CUST0004207,CURRENT,BLOCKED,2013-09-05,135020.33,AED,1,496252.97,5,3,1,1
ACCT100010656,CUST0005873,SAVINGS,ACTIVE,2019-08-16,19708.69,INR,1,25383.26,1,2,0,1
ACCT100010657,CUST0004868,current,ACTIVE,2021-09-04,60720.44,INR,1,176529.58,3,3,1,1
ACCT100010658,CUST0004991,NRO,CLOSED,2012-05-13,127558.8,INR,1,676762.32,6,1,1,1
ACCT100010659,CUST0006134,TRUST,ACTIVE,2017-05-25,376042.51,AED,1,680754.2,8,1,1,0
ACCT100010660,CUST0006206,NRE,ACTIVE,2019-07-12,224555.82,INR,1,77629.22,6,3,0,1
ACCT100010661,CUST0001249,NRE,ACTIVE,2012-02-14,745064.73,INR,1,44520.03,6,1,1,1
ACCT100010662,CUST0003993,SAVINGS,BLOCKED,2015-10-03,50514.48,AED,1,34353.14,1,1,1,1
ACCT100010663,CUST0001373,SALARY,DORMANT,2014-03-11,81150.56,AED,3,18529.95,1,2,1,0
ACCT100010664,CUST0007402,SAVINGS,DORMANT,2017-09-07,22189.17,INR,1,15921.3,1,2,1,1
ACCT100010665,CUST0001999,SAVINGS,ACTIVE,2015-12-18,25308.73,AED,2,26320.8,4,1,1,1
ACCT100010666,CUST0003777,SAVINGS,ACTIVE,2014-01-13,6718.91,SGD,1,20934.92,3,1,1,0
ACCT100010667,CUST0000021,SAVINGS,ACTIVE,2017-04-05,2187.14,SGD,2,62513.76,1,2,1,1
ACCT100010668,CUST0000015,SALARY,ACTIVE,2012-03-18,7353.95,INR,1,706.32,5,2,1,0
ACCT100010669,CUST0000650,CURRENT,ACTIVE,2019-12-01,231330.17,GBP,2,12824.26,2,1,1,1
ACCT100010670,CUST0006894,SAVINGS,ACTIVE,2016-08-10,10634.67,INR,2,5326.08,1,1,1,1
ACCT100010671,CUST0004625,SAVINGS,ACTIVE,2012-03-05,43036.44,AED,1,13908.5,3,3,0,1
ACCT100010672,CUST0003417,SAVINGS,CLOSED,2013-06-23,2513.9,INR,1,126714.79,1,1,1,0
ACCT100010673,CUST0002049,NRE,DORMANT,2013-03-22,52844.9,INR,1,12016.3,7,1,0,1
ACCT100010674,CUST0006686,SAVINGS,ACTIVE,2012-07-06,90372.57,GBP,1,14608.01,4,5,0,1
ACCT100010675,CUST0003283, SAVINGS ,ACTIVE,2012-12-30,61909.01,USD,2,14658.99,3,1,1,1
ACCT100010676,CUST0001281,CURRENT,ACTIVE,2014-03-10,9352.65,USD,1,12091.32,2,4,1,1
ACCT100010677,CUST0000497,NRO,ACTIVE,2012-07-27,116287.5,INR,1,3270115.37,4,4,1,1
ACCT100010678,CUST0005816,SALARY,ACTIVE,2017-01-08,3161.6,USD,1,31628.05,2,1,1,1
ACCT100010679,CUST0006790,SALARY,ACTIVE,2015-08-19,16806.58,INR,1,18804.12,4,1,1,1
ACCT100010680,CUST0001067,NRO,ACTIVE,2017-12-18,405848.27,USD,1,53556.3,4,1,0,1
ACCT100010681,CUST0007871,NRE,ACTIVE,2017-01-27,1150926.0,AED,1,425924.68,5,2,1,1
ACCT100010682,CUST0003895,CURRENT,ACTIVE,2016-10-22,19751.01,INR,2,31268.09,1,4,1,1
ACCT100010683,CUST0003040,SAVINGS,ACTIVE,2013-05-12,2215.42,GBP,1,15256.16,1,1,1,1
ACCT100010684,CUST0000947,SAVINGS,ACTIVE,2016-07-31,5516.33,INR,1,7590.25,4,1,1,1
ACCT100010685,CUST0002148,CURRENT,ACTIVE,2015-01-13,26395.61,INR,2,3157.09,4,1,0,1
ACCT100010686,CUST0003309,CURRENT,BLOCKED,2018-05-10,1297432.75,USD,1,2311.91,5,1,1,1
ACCT100010687,CUST0003362,NRE,DORMANT,2013-09-23,35247.44,INR,1,158394.79,5,5,1,1
ACCT100010688,CUST0004159,SHELL,ACTIVE,2021-03-04,1243894.32,AED,1,2809334.64,7,3,0,1
ACCT100010689,CUST0001157,TRUST,ACTIVE,2012-09-05,1194655.32,SGD,1,32317.79,8,1,1,0
ACCT100010690,CUST0004641,SALARY,ACTIVE,2014-02-27,8940.18,INR,1,2350.64,4,4,0,1
ACCT100010691,CUST0000170,CURRENT,ACTIVE,2013-10-23,27082.39,AED,2,20279.04,2,1,1,1
ACCT100010692,CUST0005831,CURRENT,ACTIVE,2016-02-14,318830.01,INR,2,36229.97,3,3,1,1
ACCT100010693,CUST0006144,SAVINGS,ACTIVE,2018-07-14,10627.29,INR,3,7335.29,3,1,1,1
ACCT100010694,CUST0007374,NRO,ACTIVE,2012-07-14,36994.66,USD,1,13952.96,6,2,1,1
ACCT100010695,CUST0001243,NRO,ACTIVE,2020-10-28,40872.66,INR,3,53835.82,7,4,1,1
ACCT100010696,CUST0004567,SAVINGS,ACTIVE,2016-11-12,45397.35,INR,2,20077.83,5,1,1,1
ACCT100010697,CUST0005324,CURRENT,ACTIVE,2015-01-22,36506.66,SGD,1,65258.81,5,5,0,1
ACCT100010698,CUST0001516,SALARY,ACTIVE,2014-08-15,28341.44,USD,2,9086.07,3,1,1,1
ACCT100010699,CUST0002654,SAVINGS,DORMANT,2016-11-17,11446.42,GBP,1,4006.99,1,1,0,1
ACCT100010700,CUST0001112,CURRENT,ACTIVE,2020-03-23,261700.87,INR,1,3644.58,1,2,1,1
ACCT100010701,CUST0004999,current,ACTIVE,2015-08-04,415503.68,USD,1,22750.83,5,3,1,1
ACCT100010702,CUST0002244,CURRENT,ACTIVE,2014-06-21,61802.36,INR,1,233891.27,1,2,1,0
ACCT100010703,CUST0007624,SAVINGS,ACTIVE,2013-07-21,8547.05,AED,1,7506.53,1,4,1,1
ACCT100010704,CUST0006751,SALARY,ACTIVE,2018-09-22,2114.43,INR,1,9456.09,2,1,1,1
ACCT100010705,CUST0002587,SAVINGS,ACTIVE,2017-12-16,33591.76,GBP,1,3947.8,3,3,1,0
ACCT100010706,CUST0003481,NRO,BLOCKED,2012-05-19,88913.19,AED,2,140949.79,7,2,1,1
ACCT100010707,CUST0005283,CURRENT,ACTIVE,2016-01-28,79207.82,INR,1,6928.48,1,1,1,1
ACCT100010708,CUST0001058, SAVINGS ,ACTIVE,2012-08-22,7123.62,INR,1,12231.05,4,3,1,1
ACCT100010709,CUST0005696,SALARY,ACTIVE,2012-06-03,3324.96,USD,1,6536.64,3,2,1,1
ACCT100010710,CUST0002746,NRE,ACTIVE,2013-01-17,460752.2,INR,1,580170.64,5,3,0,1
ACCT100010711,CUST0006533,CURRENT,ACTIVE,2019-08-05,59719.59,INR,2,36359.9,2,2,1,1
ACCT100010712,CUST0000654,NRO,ACTIVE,2018-11-11,239417.4,INR,2,74707.79,5,4,1,1
ACCT100010713,CUST0002692,SALARY,ACTIVE,2017-03-19,222286.93,SGD,1,9784.04,1,1,1,0
ACCT100010714,CUST0004728,SAVINGS,ACTIVE,2021-01-29,46679.43,INR,1,38068.62,4,1,1,1
ACCT100010715,CUST0002090,SAVINGS,ACTIVE,2018-04-06,675613.91,INR,1,7462.68,5,2,1,1
ACCT100010716,CUST0003803,SAVINGS,DORMANT,2016-05-27,40443.73,INR,3,13665.75,2,2,1,0
ACCT100010717,CUST0002838,NRE,ACTIVE,2016-11-22,965165.97,USD,3,764005.33,7,1,1,0
ACCT100010718,CUST0005110,TRUST,DORMANT,2018-10-11,534896.43,INR,1,269293.76,9,1,1,1
ACCT100010719,CUST0004163,NRE,ACTIVE,2013-12-19,24837.83,INR,1,21652.03,4,1,0,1
ACCT100010720,CUST0006037,SAVINGS,ACTIVE,2013-07-12,62351.94,USD,2,11410.72,1,1,1,1
ACCT100010721,CUST0002981,SAVINGS,ACTIVE,2021-10-24,13589.11,INR,1,20097.16,4,1,1,1
ACCT100010722,CUST0005376,CURRENT,ACTIVE,2015-05-09,21187.83,SGD,1,49470.2,3,1,1,1
ACCT100010723,CUST0003975,SALARY,ACTIVE,2021-01-25,1923.15,AED,1,774.12,2,2,1,1
ACCT100010724,CUST0003207,NRE,BLOCKED,2018-03-26,439027.2,USD,2,459474.27,7,1,1,1
ACCT100010725,CUST0002792,CURRENT,ACTIVE,2015-07-24,108218.02,INR,1,37427.33,4,1,0,1
ACCT100010726,CUST0004973,NRO,DORMANT,2019-12-03,90247.76,USD,1,1222992.09,7,2,1,0
ACCT100010727,CUST0001909,SAVINGS,ACTIVE,2016-03-13,53560.55,AED,1,15092.98,2,1,1,1
ACCT100010728,CUST0002141,SAVINGS,ACTIVE,2016-02-08,104962.92,GBP,2,55000.32,5,1,0,1
ACCT100010729,CUST0003309,SAVINGS,ACTIVE,2020-07-20,52056.25,AED,1,21743.4,3,4,0,1
ACCT100010730,CUST0005229, SAVINGS ,BLOCKED,2019-03-14,85211.53,USD,1,8843.92,4,1,0,1
ACCT100010731,CUST0004309,NRE,ACTIVE,2020-04-19,114408.89,SGD,1,907414.61,5,1,0,0
ACCT100010732,CUST0005933,CURRENT,ACTIVE,2019-08-12,84036.12,INR,1,140813.57,4,1,1,1
ACCT100010733,CUST0003237,SAVINGS,DORMANT,2012-03-19,90755.56,GBP,1,60428.58,3,2,0,1
ACCT100010734,CUST0001108,CURRENT,ACTIVE,2021-06-24,61012.26,INR,1,11110.24,4,1,1,1
ACCT100010735,CUST0006598, SAVINGS ,ACTIVE,2017-12-12,7056.28,USD,1,9904.37,5,1,0,1
ACCT100010736,CUST0005791,NRE,ACTIVE,2018-09-13,66487.56,INR,1,40753.9,5,1,1,0
ACCT100010737,CUST0002298,CURRENT,DORMANT,2020-11-19,14264.03,SGD,2,17565.98,5,1,1,1
ACCT100010738,CUST0004909,CURRENT,ACTIVE,2014-01-14,49636.93,AED,2,2773.71,2,1,1,1
ACCT100010739,CUST0001735,NRO,BLOCKED,2013-03-19,1465931.62,INR,2,28003.26,4,1,1,1
ACCT100010740,CUST0002275,CURRENT,ACTIVE,2014-01-23,29079.2,INR,2,36165.37,3,2,1,1
ACCT100010741,CUST0003867,SAVINGS,ACTIVE,2019-08-08,8464.8,SGD,1,13709.23,3,2,1,1
ACCT100010742,CUST0007362,NRO,ACTIVE,2012-12-21,1026996.96,INR,1,221347.79,7,1,1,1
ACCT100010743,CUST0001507,SAVINGS,BLOCKED,2014-12-30,931.46,INR,2,1311.3,5,1,1,1
ACCT100010744,CUST0007709,NRE,ACTIVE,2012-06-05,5790.3,AED,1,20336.13,4,1,0,1
ACCT100010745,CUST0005975, CURRENT ,ACTIVE,2021-08-28,74260.92,INR,1,14809.24,3,2,0,1
ACCT100010746,CUST0005341,NRE,ACTIVE,2016-08-11,261705.02,INR,1,90870.99,6,1,1,1
ACCT100010747,CUST0000366,SAVINGS,ACTIVE,2015-08-19,70052.17,INR,3,3006.08,2,2,1,1
ACCT100010748,CUST0006973,SALARY,ACTIVE,2016-09-16,81392.99,INR,1,10173.12,3,2,1,1
ACCT100010749,CUST0003874,salary,DORMANT,2012-11-24,15622.31,USD,2,3781.3,4,1,1,1
ACCT100010750,CUST0005138,SAVINGS,DORMANT,2016-06-11,1107.46,USD,2,23272.59,5,3,1,1
ACCT100010751,CUST0007580,CURRENT,ACTIVE,2017-04-05,182913.9,INR,1,56321.81,5,2,1,1
ACCT100010752,CUST0000286,NRO,DORMANT,2015-12-07,6262.38,USD,1,31837.92,6,2,1,1
ACCT100010753,CUST0006749,CURRENT,ACTIVE,2015-08-08,57024.74,INR,1,80518.43,4,1,1,1
ACCT100010754,CUST0007318,SAVINGS,ACTIVE,2012-06-16,57108.28,SGD,3,151488.68,2,4,1,1
ACCT100010755,CUST0006121,NRE,ACTIVE,2021-08-14,162277.62,INR,3,74657.63,7,1,1,1
ACCT100010756,CUST0000383,SAVINGS,ACTIVE,2012-07-09,19898.93,INR,1,10910.55,1,2,1,1
ACCT100010757,CUST0005251,CURRENT,ACTIVE,2020-07-07,74410.25,GBP,2,16752.33,3,2,1,0
ACCT100010758,CUST0002724,SAVINGS,ACTIVE,2013-07-23,2618.02,USD,1,16495.74,1,1,1,1
ACCT100010759,CUST0003045,CURRENT,ACTIVE,2017-03-12,40410.45,INR,1,34168.36,5,1,1,1
ACCT100010760,CUST0002043,NRO,ACTIVE,2014-06-09,1391228.31,INR,2,13311.75,6,2,1,1
ACCT100010761,CUST0002841,NRE,ACTIVE,2016-06-21,195087.67,USD,1,97656.67,7,2,1,1
ACCT100010762,CUST0005655,NRO,ACTIVE,2017-01-24,50820.49,USD,2,194452.32,7,1,1,1
ACCT100010763,CUST0003905,CURRENT,ACTIVE,2012-01-16,398421.39,INR,3,55869.59,2,3,1,1
ACCT100010764,CUST0003237,SALARY,ACTIVE,2015-04-11,154235.83,USD,1,40764.91,2,1,1,1
ACCT100010765,CUST0001685,SALARY,DORMANT,2018-07-03,1437.35,INR,3,6086.61,5,2,1,1
ACCT100010766,CUST0003550,SAVINGS,DORMANT,2019-08-13,4193.97,INR,1,22665.32,5,5,1,1
ACCT100010767,CUST0006848,SALARY,ACTIVE,2016-08-26,2812.86,USD,1,7883.41,5,1,1,1
ACCT100010768,CUST0007470,CURRENT,ACTIVE,2017-12-26,227416.63,USD,1,7042.54,5,1,1,1
ACCT100010769,CUST0003936,CURRENT,ACTIVE,2021-04-04,44847.62,INR,3,186803.78,5,3,1,1
ACCT100010770,CUST0001967,SAVINGS,ACTIVE,2018-07-11,30664.13,INR,2,16852.26,3,1,0,1
ACCT100010771,CUST0007896,SAVINGS,DORMANT,2018-10-24,17947.73,USD,1,19097.0,2,3,1,1
ACCT100010772,CUST0003504,CURRENT,DORMANT,2020-01-07,331864.8,USD,2,51497.39,2,2,0,0
ACCT100010773,CUST0002213,SAVINGS,ACTIVE,2021-02-04,6354.25,INR,1,3587.6,5,1,0,1
ACCT100010774,CUST0005083,SALARY,ACTIVE,2019-06-08,3378.67,USD,1,4005.11,1,3,1,1
ACCT100010775,CUST0000102,NRE,ACTIVE,2021-10-27,109889.04,INR,1,114180.66,4,1,0,1
ACCT100010776,CUST0006051,SAVINGS,ACTIVE,2012-07-17,8491.65,INR,2,4638.68,2,4,1,1
ACCT100010777,CUST0007696,SALARY,ACTIVE,2021-03-06,8999.8,SGD,1,3014.45,4,4,1,1
ACCT100010778,CUST0001348,SAVINGS,DORMANT,2012-04-10,5082.75,SGD,2,4001.32,3,2,1,1
ACCT100010779,CUST0007838,NRO,ACTIVE,2016-03-26,5158623.77,INR,1,109461.93,7,2,1,1
ACCT100010780,CUST0001810,SALARY,ACTIVE,2013-04-20,2261.88,INR,1,37171.51,3,3,0,0
ACCT100010781,CUST0000134,CURRENT,ACTIVE,2017-05-19,3469.07,INR,2,75832.75,5,2,1,1
ACCT100010782,CUST0002222,SALARY,DORMANT,2018-03-07,28141.45,INR,1,19539.59,3,2,0,1
ACCT100010783,CUST0000809,CURRENT,ACTIVE,2015-09-14,27380.23,INR,2,93942.17,1,1,1,1
ACCT100010784,CUST0006064,SAVINGS,ACTIVE,2017-06-13,52467.44,INR,2,8847.88,1,1,0,1
ACCT100010785,CUST0005519, SAVINGS ,ACTIVE,2012-08-20,1200.73,INR,1,1922.96,3,1,1,1
ACCT100010786,CUST0007687,SAVINGS,ACTIVE,2014-04-28,51081.16,INR,1,2742.64,5,1,1,1
ACCT100010787,CUST0006437,NRE,ACTIVE,2020-01-09,208041.03,USD,3,471701.75,6,2,0,1
ACCT100010788,CUST0003098,TRUST,DORMANT,2018-01-02,671894.43,USD,1,31240.11,8,2,0,1
ACCT100010789,CUST0006631,CURRENT,DORMANT,2019-01-23,10314.05,INR,1,6341.06,4,1,1,1
ACCT100010790,CUST0006721,SALARY,ACTIVE,2015-05-21,4720.19,INR,1,3150.74,1,2,1,1
ACCT100010791,CUST0002286,CURRENT,ACTIVE,2019-07-23,418037.66,INR,2,250141.57,3,4,1,1
ACCT100010792,CUST0001178,SAVINGS,ACTIVE,2017-01-30,13925.28,INR,1,21506.83,4,1,1,1
ACCT100010793,CUST0004146,SHELL,ACTIVE,2015-11-22,315315.74,INR,1,457738.95,9,5,0,1
ACCT100010794,CUST0004727,TRUST,ACTIVE,2019-03-12,1555772.27,AED,1,47463.81,9,1,1,1
ACCT100010795,CUST0005662,NRO,ACTIVE,2015-08-19,16670.16,GBP,1,26853.34,7,1,1,1
ACCT100010796,CUST0006231,CURRENT,ACTIVE,2017-04-16,55474.52,USD,2,44546.06,4,1,1,1
ACCT100010797,CUST0005282,SAVINGS,BLOCKED,2012-04-18,3610.27,INR,1,7491.36,5,3,1,1
ACCT100010798,CUST0005872,CURRENT,DORMANT,2016-01-23,2105716.93,INR,1,157545.33,5,2,1,1
ACCT100010799,CUST0006190,SALARY,ACTIVE,2016-08-04,10146.6,INR,1,3051.67,2,3,0,0
ACCT100010800,CUST0005699,CURRENT,ACTIVE,2016-05-06,185579.13,INR,1,79472.37,5,3,1,1
ACCT100010801,CUST0005372,NRO,ACTIVE,2012-08-21,12346.37,SGD,1,72673.9,6,2,1,1
ACCT100010802,CUST0002067,SAVINGS,ACTIVE,2014-10-03,135010.35,USD,1,1391.36,4,4,1,1
ACCT100010803,CUST0006330,TRUST,DORMANT,2013-06-22,120097.25,INR,1,3469323.63,7,2,0,1
ACCT100010804,CUST0006943,TRUST,DORMANT,2013-03-02,181190.33,INR,1,42535.89,8,1,1,1
ACCT100010805,CUST0005875,NRE,ACTIVE,2016-03-01,25107081.15,INR,2,106815.13,5,1,1,0
ACCT100010806,CUST0003559,CURRENT,ACTIVE,2014-08-12,91777.8,INR,1,75596.04,3,1,1,1
ACCT100010807,CUST0001389,CURRENT,ACTIVE,2012-09-07,277763.78,INR,1,23703.95,3,4,0,0
ACCT100010808,CUST0003725,TRUST,ACTIVE,2014-10-30,14190.67,INR,1,34188.87,9,1,1,1
ACCT100010809,CUST0007197,SALARY,ACTIVE,2018-12-10,2618.07,INR,2,8237.4,2,3,1,0
ACCT100010810,CUST0007093,NRE,ACTIVE,2012-10-06,227867.55,USD,1,1294144.63,7,1,1,1
ACCT100010811,CUST0000458,NRE,DORMANT,2020-03-19,427885.64,SGD,2,29797.64,4,2,1,1
ACCT100010812,CUST0001425,NRO,ACTIVE,2015-05-02,51636.95,USD,1,494144.6,4,2,1,1
ACCT100010813,CUST0000543,current,ACTIVE,2017-09-19,1913.45,AED,1,50194.33,3,5,1,1
ACCT100010814,CUST0002740,TRUST,DORMANT,2020-08-23,228415.02,USD,2,410211.78,8,2,1,1
ACCT100010815,CUST0003241,SAVINGS,DORMANT,2017-07-29,16624.61,INR,1,36550.18,5,3,1,1
ACCT100010816,CUST0004572,NRE,ACTIVE,2019-11-01,50112.3,INR,2,140940.14,7,1,1,1
ACCT100010817,CUST0001849,SAVINGS,ACTIVE,2013-04-12,63602.42,INR,1,14008.82,5,1,1,0
ACCT100010818,CUST0002142, CURRENT ,ACTIVE,2013-07-12,918385.74,INR,1,95516.17,2,1,0,1
ACCT100010819,CUST0001767,CURRENT,ACTIVE,2013-08-27,17181.3,USD,1,3081.34,1,3,1,1
ACCT100010820,CUST0001501,SALARY,ACTIVE,2019-09-19,44116.18,INR,1,4969.85,5,2,0,1
ACCT100010821,CUST0004087,SAVINGS,ACTIVE,2013-10-08,19044.75,INR,2,6996.67,5,1,1,1
ACCT100010822,CUST0006966,CURRENT,ACTIVE,2013-07-13,19780.92,SGD,1,43062.85,2,1,1,1
ACCT100010823,CUST0004301,CURRENT,BLOCKED,2015-11-30,18249.19,USD,2,48625.52,4,2,0,1
ACCT100010824,CUST0002843,current,ACTIVE,2021-08-05,21198.58,INR,1,170817.61,4,2,1,1
ACCT100010825,CUST0003391,SALARY,ACTIVE,2013-07-18,23445.89,INR,1,7879.46,5,5,1,0
ACCT100010826,CUST0005827,SAVINGS,ACTIVE,2015-02-23,391844.53,USD,1,820.57,4,1,1,1
ACCT100010827,CUST0007194,SALARY,ACTIVE,2014-06-06,20854.99,GBP,2,42620.62,4,1,1,1
ACCT100010828,CUST0003804,CURRENT,DORMANT,2013-08-11,107604.45,SGD,2,31808.28,2,1,1,1
ACCT100010829,CUST0000567,CURRENT,ACTIVE,2020-11-19,2918.09,INR,1,44918.53,4,3,1,1
ACCT100010830,CUST0001324,CURRENT,BLOCKED,2019-11-22,24169.99,INR,1,264675.66,5,4,1,1
ACCT100010831,CUST0001354,nro,ACTIVE,2018-11-02,101724.81,INR,1,292232.65,5,1,1,1
ACCT100010832,CUST0006317,SAVINGS,CLOSED,2016-12-23,21080.95,INR,1,52002.3,1,1,1,1
ACCT100010833,CUST0007379,SALARY,BLOCKED,2019-05-12,34250.32,USD,1,17133.7,1,2,1,1
ACCT100010834,CUST0003280,SALARY,BLOCKED,2021-07-09,2074.89,INR,2,5652.18,1,1,1,1
ACCT100010835,CUST0006570,salary,ACTIVE,2019-02-10,16527.57,USD,3,37967.87,3,1,1,0
ACCT100010836,CUST0007261,CURRENT,ACTIVE,2013-06-14,149521.05,USD,1,73524.52,2,1,0,1
ACCT100010837,CUST0004321,SALARY,ACTIVE,2013-09-13,1184.87,INR,3,15394.81,1,2,1,1
ACCT100010838,CUST0006682, CURRENT ,ACTIVE,2015-04-30,37028.42,INR,2,11344.32,4,1,1,0
ACCT100010839,CUST0001274,CURRENT,ACTIVE,2016-02-23,11398.65,INR,1,48137.91,5,2,1,1
ACCT100010840,CUST0003733,CURRENT,ACTIVE,2015-06-16,266117.08,INR,1,59985.42,3,1,1,1
ACCT100010841,CUST0005606,SALARY,ACTIVE,2017-01-17,189643.0,INR,1,380475.25,3,1,1,1
ACCT100010842,CUST0006904,NRO,ACTIVE,2015-05-24,33222.88,INR,1,314927.1,7,1,1,1
ACCT100010843,CUST0002073,CURRENT,ACTIVE,2019-10-23,3255514.36,AED,1,28680.07,4,1,1,1
ACCT100010844,CUST0007760,CURRENT,ACTIVE,2021-07-28,20294.15,INR,1,16535.48,4,1,0,0
ACCT100010845,CUST0004539,SALARY,ACTIVE,2014-04-19,26868.39,USD,1,3971.29,4,3,1,1
ACCT100010846,CUST0006823,savings,ACTIVE,2020-06-09,7457.26,USD,1,15602.71,1,1,1,1
ACCT100010847,CUST0004034,NRO,ACTIVE,2020-06-06,62831.61,INR,1,62025.57,7,2,0,1
ACCT100010848,CUST0005034,NRE,ACTIVE,2018-11-09,101725.71,INR,1,252376.21,6,3,1,1
ACCT100010849,CUST0002710,CURRENT,ACTIVE,2017-12-23,59561.54,INR,1,9205.7,3,2,1,1
ACCT100010850,CUST0005506,SAVINGS,ACTIVE,2017-10-13,10575.3,INR,1,36721.63,4,1,0,1
ACCT100010851,CUST0004795,SALARY,ACTIVE,2021-10-05,5845.01,GBP,1,11245.93,3,3,1,1
ACCT100010852,CUST0004235,TRUST,DORMANT,2015-06-17,60026.22,INR,1,367887.72,9,1,0,1
ACCT100010853,CUST0007121,NRO,ACTIVE,2015-11-03,347866.63,INR,3,273540.77,6,2,1,1
ACCT100010854,CUST0005033,savings,CLOSED,2019-07-20,1944.41,INR,1,36107.72,2,1,1,0
ACCT100010855,CUST0000220,SAVINGS,ACTIVE,2017-06-22,18637.81,AED,1,29878.08,2,1,0,1
ACCT100010856,CUST0004228,SALARY,ACTIVE,2015-09-21,5276.49,INR,1,2359.38,5,1,1,0
ACCT100010857,CUST0004763,current,ACTIVE,2018-03-10,20955.27,AED,1,62467.36,4,2,1,1
ACCT100010858,CUST0001454,SAVINGS,ACTIVE,2015-05-26,17855.74,SGD,1,4955.77,3,3,1,1
ACCT100010859,CUST0004162,NRO,ACTIVE,2021-06-21,275090.88,AED,1,370600.9,4,5,1,1
ACCT100010860,CUST0005099,TRUST,DORMANT,2018-11-19,238895.97,AED,1,161231.63,9,1,1,1
ACCT100010861,CUST0002788,CURRENT,ACTIVE,2017-02-16,12270.26,INR,1,37935.1,3,2,1,1
ACCT100010862,CUST0001719,SALARY,ACTIVE,2015-04-17,42560.59,INR,1,10544.4,5,3,1,1
ACCT100010863,CUST0001702, CURRENT ,ACTIVE,2017-01-03,47127.53,USD,1,162797.58,4,1,1,1
ACCT100010864,CUST0007652,SAVINGS,ACTIVE,2018-10-10,13174.83,INR,1,41681.19,2,1,0,0
ACCT100010865,CUST0000389,nro,ACTIVE,2015-08-03,25517.58,USD,2,30047.56,4,1,1,1
ACCT100010866,CUST0007580,CURRENT,ACTIVE,2019-09-26,68321.75,INR,1,603024.38,5,5,1,1
ACCT100010867,CUST0004361,SAVINGS,ACTIVE,2017-01-08,52529.33,USD,1,7975.32,1,2,0,1
ACCT100010868,CUST0004477,CURRENT,DORMANT,2015-02-16,149637.66,INR,1,62889.85,4,2,1,0
ACCT100010869,CUST0007886,CURRENT,ACTIVE,2013-10-17,311643.18,INR,1,29762.77,2,1,0,1
ACCT100010870,CUST0007765, SAVINGS ,ACTIVE,2014-07-04,66725.85,INR,3,6949.34,4,2,1,1
ACCT100010871,CUST0007354,SALARY,ACTIVE,2013-12-12,3290.73,INR,2,25194.05,3,1,1,1
ACCT100010872,CUST0002296,SAVINGS,ACTIVE,2015-10-31,9871.87,INR,1,12131.28,4,3,0,1
ACCT100010873,CUST0007164,NRO,ACTIVE,2012-10-12,52886.88,INR,1,80822.67,4,1,1,1
ACCT100010874,CUST0001868,SALARY,ACTIVE,2012-12-04,3422.29,INR,1,19292.42,2,1,1,1
ACCT100010875,CUST0006965,NRE,ACTIVE,2018-05-24,507911.5,USD,1,88915.2,4,1,1,1
ACCT100010876,CUST0000307,SALARY,ACTIVE,2019-06-17,7998.0,INR,1,25021.86,2,5,0,1
ACCT100010877,CUST0002991,NRE,ACTIVE,2019-04-13,33978.45,INR,1,421296.18,4,1,1,0
ACCT100010878,CUST0004521,CURRENT,ACTIVE,2018-05-15,2388.07,INR,1,3084.93,1,1,1,1
ACCT100010879,CUST0006543,salary,ACTIVE,2015-10-15,133513.54,INR,2,6854.33,2,2,1,1
ACCT100010880,CUST0004911,CURRENT,ACTIVE,2012-07-31,22867.04,SGD,1,18195.64,5,3,1,1
ACCT100010881,CUST0005724,SALARY,ACTIVE,2015-08-13,10512.09,INR,1,87525.96,4,2,1,1
ACCT100010882,CUST0005707,CURRENT,ACTIVE,2014-11-20,24339.73,GBP,3,53129.94,3,2,1,1
ACCT100010883,CUST0003668,CURRENT,ACTIVE,2013-09-12,19277.05,INR,2,23757.67,2,3,1,1
ACCT100010884,CUST0003739,NRE,DORMANT,2017-10-23,1538691.47,INR,2,184409.92,7,2,1,1
ACCT100010885,CUST0006176,SAVINGS,DORMANT,2018-12-07,9514.58,SGD,2,39770.06,4,1,1,0
ACCT100010886,CUST0003129,CURRENT,ACTIVE,2020-03-13,35178.41,USD,1,10467.66,5,1,0,1
ACCT100010887,CUST0003185,SALARY,ACTIVE,2020-12-19,64674.74,INR,2,10965.98,1,1,1,0
ACCT100010888,CUST0003193,SAVINGS,BLOCKED,2013-05-14,14838.52,USD,1,6756.09,5,1,1,1
ACCT100010889,CUST0000561,SALARY,ACTIVE,2018-10-30,15201.86,INR,1,63604.02,3,1,1,1
ACCT100010890,CUST0007032,CURRENT,ACTIVE,2015-04-29,1870.05,INR,1,31699.2,3,1,1,1
ACCT100010891,CUST0007346,SAVINGS,ACTIVE,2019-05-19,3908.42,SGD,1,2526.37,5,1,0,1
ACCT100010892,CUST0007949,SAVINGS,DORMANT,2020-01-14,1309.41,USD,1,13225.33,2,2,0,1
ACCT100010893,CUST0004804,SALARY,ACTIVE,2013-12-07,21512.03,AED,1,31238.33,1,1,1,1
ACCT100010894,CUST0004400,SHELL,DORMANT,2021-01-26,198191.11,SGD,1,92097.04,10,1,1,1
ACCT100010895,CUST0007612,NRE,DORMANT,2013-07-25,18214.28,AED,2,108114.79,5,2,1,0
ACCT100010896,CUST0002638,CURRENT,ACTIVE,2017-01-19,16054.33,INR,2,9601.27,2,2,1,1
ACCT100010897,CUST0002566,SAVINGS,ACTIVE,2012-05-03,58611.26,INR,1,117965.45,5,2,1,1
ACCT100010898,CUST0002371,NRE,ACTIVE,2020-10-06,216119.39,INR,1,487293.41,7,3,0,0
ACCT100010899,CUST0007902,NRO,ACTIVE,2021-03-11,76113.39,INR,1,314468.78,5,1,1,1
ACCT100010900,CUST0005546,CURRENT,CLOSED,2012-07-31,33772.34,INR,2,65182.06,2,1,0,1
ACCT100010901,CUST0000126,SAVINGS,ACTIVE,2017-08-26,11960.28,SGD,1,10776.0,5,1,1,1
ACCT100010902,CUST0000972,SALARY,ACTIVE,2019-04-30,8841.62,INR,1,155925.16,5,1,1,1
ACCT100010903,CUST0006022,SAVINGS,ACTIVE,2013-12-17,3983.51,USD,2,16301.67,5,5,1,1
ACCT100010904,CUST0001433,SAVINGS,CLOSED,2014-12-06,1226.39,SGD,1,11617.06,1,1,0,1
ACCT100010905,CUST0004348,SAVINGS,ACTIVE,2013-11-22,3694.45,USD,1,25549.17,5,5,0,1
ACCT100010906,CUST0002395,savings,ACTIVE,2017-03-06,1208.02,INR,1,1804.34,5,1,1,1
ACCT100010907,CUST0003572,NRE,ACTIVE,2016-10-24,206731.98,INR,1,25795.55,6,1,0,0
ACCT100010908,CUST0004835,NRE,ACTIVE,2012-10-24,212935.53,INR,1,492628.94,5,3,1,1
ACCT100010909,CUST0000177,TRUST,ACTIVE,2018-07-02,670937.29,INR,1,111271.79,10,3,1,1
ACCT100010910,CUST0001187,NRE,ACTIVE,2020-04-27,583950.04,INR,1,67971.72,7,2,1,0
ACCT100010911,CUST0005756,SAVINGS,ACTIVE,2021-10-04,42742.77,SGD,1,17571.9,1,2,1,0
ACCT100010912,CUST0006279,CURRENT,ACTIVE,2012-11-02,9973.26,INR,1,18839.43,5,1,1,1
ACCT100010913,CUST0003796,SALARY,ACTIVE,2014-04-05,8158.92,INR,1,13715.88,1,2,0,1
ACCT100010914,CUST0003179,SAVINGS,ACTIVE,2017-03-14,13050.76,INR,1,5632.35,2,1,0,1
ACCT100010915,CUST0003786,CURRENT,DORMANT,2015-12-30,19600.49,SGD,2,67231.14,1,1,1,1
ACCT100010916,CUST0002699,CURRENT,CLOSED,2017-09-24,17345.54,INR,1,78551.79,1,1,0,1
ACCT100010917,CUST0001724,NRE,ACTIVE,2017-08-31,61712.5,USD,3,122166.2,6,2,1,1
ACCT100010918,CUST0005225,SAVINGS,ACTIVE,2013-05-26,12412.9,INR,2,32056.81,1,3,1,0
ACCT100010919,CUST0001159,SAVINGS,ACTIVE,2018-07-23,118479.8,INR,3,2493.32,3,1,1,1
ACCT100010920,CUST0005840, SAVINGS ,ACTIVE,2014-09-17,28702.26,INR,1,2049.74,2,1,1,1
ACCT100010921,CUST0007107,CURRENT,ACTIVE,2017-07-05,122946.68,INR,1,14565.15,2,4,0,1
ACCT100010922,CUST0005657,SAVINGS,ACTIVE,2015-03-20,33547.84,INR,1,680.41,2,1,1,1
ACCT100010923,CUST0004567,SAVINGS,ACTIVE,2017-09-05,17797.49,INR,1,16242.24,4,2,1,1
ACCT100010924,CUST0001244,SALARY,ACTIVE,2020-04-01,222.52,INR,2,23693.5,4,1,1,1
ACCT100010925,CUST0002676,NRE,ACTIVE,2017-12-10,4696571.36,AED,2,46203.42,4,1,1,0
ACCT100010926,CUST0003669,savings,ACTIVE,2012-03-07,15548.81,INR,2,20433.92,4,2,1,1
ACCT100010927,CUST0000772,SAVINGS,ACTIVE,2016-04-23,53280.86,GBP,1,8159.86,1,4,1,1
ACCT100010928,CUST0002552,SALARY,ACTIVE,2012-09-28,3748.93,INR,1,12417.38,4,4,0,1
ACCT100010929,CUST0007219,SAVINGS,ACTIVE,2017-05-31,28020.84,USD,1,15225.65,5,1,0,1
ACCT100010930,CUST0004395,SAVINGS,BLOCKED,2012-09-20,6978.24,SGD,2,15230.71,3,3,0,1
ACCT100010931,CUST0005165,CURRENT,ACTIVE,2017-10-29,580992.2,INR,1,19015.84,3,4,1,1
ACCT100010932,CUST0003115,NRO,ACTIVE,2013-12-25,14500.06,SGD,1,76046.34,4,2,1,1
ACCT100010933,CUST0004744,CURRENT,ACTIVE,2014-08-18,16198.35,INR,1,55620.78,1,2,1,1
ACCT100010934,CUST0005298,CURRENT,ACTIVE,2016-04-05,28451.3,INR,2,13204.85,4,2,1,1
ACCT100010935,CUST0001630,NRE,ACTIVE,2014-02-01,166451.39,INR,2,1121492.76,7,2,0,1
ACCT100010936,CUST0001124,NRE,ACTIVE,2021-01-30,482630.33,USD,1,468600.19,7,1,1,0
ACCT100010937,CUST0004540,SAVINGS,ACTIVE,2021-09-26,64498.26,AED,1,84534.33,5,1,1,1
ACCT100010938,CUST0005791,NRE,ACTIVE,2016-06-29,17797.63,USD,1,53870.59,4,1,1,1
ACCT100010939,CUST0003360,NRE,ACTIVE,2019-08-06,58636.34,AED,1,156283.2,6,1,1,1
ACCT100010940,CUST0000037,NRO,ACTIVE,2017-10-01,205213.15,INR,2,472044.58,5,1,0,1
ACCT100010941,CUST0001764,NRE,CLOSED,2017-04-05,121915.56,USD,1,202004.52,6,1,0,1
ACCT100010942,CUST0004594,SAVINGS,ACTIVE,2016-02-01,12252.57,INR,1,47206.57,2,1,1,1
ACCT100010943,CUST0000356, CURRENT ,ACTIVE,2018-11-29,4613.93,INR,2,29126.42,5,3,1,1
ACCT100010944,CUST0004475,CURRENT,ACTIVE,2014-09-14,922.58,INR,2,87654.6,2,3,1,1
ACCT100010945,CUST0002214,SAVINGS,ACTIVE,2021-11-25,1853.55,SGD,1,26969.91,4,1,1,1
ACCT100010946,CUST0006004,SAVINGS,ACTIVE,2014-01-24,30057.55,INR,1,162467.12,3,2,1,0
ACCT100010947,CUST0002658,NRE,ACTIVE,2015-06-17,293022.24,INR,3,158261.15,7,2,1,1
ACCT100010948,CUST0002526,SAVINGS,ACTIVE,2014-03-23,6858.87,USD,1,90339.6,4,1,0,1
ACCT100010949,CUST0002971,NRO,ACTIVE,2015-12-19,95887.24,INR,2,369503.38,5,1,1,1
ACCT100010950,CUST0006579,SAVINGS,ACTIVE,2018-01-29,3722.33,INR,1,2771.82,5,1,1,1
ACCT100010951,CUST0003582,CURRENT,ACTIVE,2018-12-11,198825.83,INR,2,211350.16,4,2,1,0
ACCT100010952,CUST0004287,SAVINGS,ACTIVE,2017-11-30,2261.94,USD,1,2982.4,3,1,0,1
ACCT100010953,CUST0001928,TRUST,ACTIVE,2019-09-07,488587.27,INR,1,39732.35,9,1,0,1
ACCT100010954,CUST0004962,CURRENT,ACTIVE,2021-07-27,9512.5,USD,1,30928.56,2,1,1,1
ACCT100010955,CUST0002383,SALARY,ACTIVE,2020-07-29,638.45,GBP,1,7268.17,5,1,1,1
ACCT100010956,CUST0007093,NRO,ACTIVE,2018-02-22,814513.68,GBP,1,63484.03,6,1,1,1
ACCT100010957,CUST0000007,SAVINGS,ACTIVE,2015-03-09,2779.8,INR,2,13644.87,4,3,1,1
ACCT100010958,CUST0003780,SAVINGS,ACTIVE,2016-10-21,14872.33,INR,2,5429.91,4,1,1,1
ACCT100010959,CUST0001257,SHELL,ACTIVE,2016-05-25,1211047.04,INR,1,354648.53,10,3,0,1
ACCT100010960,CUST0005295,NRO,ACTIVE,2016-02-13,617961.6,INR,1,41465.85,5,4,1,0
ACCT100010961,CUST0007139,SAVINGS,BLOCKED,2021-07-21,3028.48,GBP,1,10384.78,1,1,1,1
ACCT100010962,CUST0005680,SALARY,DORMANT,2019-04-27,21299.65,INR,2,1865.22,5,2,1,1
ACCT100010963,CUST0005128,SALARY,ACTIVE,2020-02-05,4137.2,USD,2,8499.65,4,1,0,1
ACCT100010964,CUST0000087,TRUST,ACTIVE,2015-06-02,126579.37,USD,1,428150.05,8,1,0,1
ACCT100010965,CUST0005535,SAVINGS,ACTIVE,2017-09-16,5786.72,INR,1,79891.45,1,4,1,1
ACCT100010966,CUST0005936,NRE,ACTIVE,2016-03-17,61150.91,INR,1,132742.1,7,4,1,1
ACCT100010967,CUST0000666,SAVINGS,ACTIVE,2015-11-17,37564.44,INR,1,6669.26,1,1,0,1
ACCT100010968,CUST0005456,SALARY,ACTIVE,2017-02-01,108671.82,AED,1,6473.64,3,2,1,1
ACCT100010969,CUST0003371,SAVINGS,DORMANT,2017-07-17,225368.0,AED,1,373354.34,5,1,1,1
ACCT100010970,CUST0000050,SAVINGS,ACTIVE,2017-05-08,612511.6,AED,1,4798.28,2,1,1,1
ACCT100010971,CUST0004279,CURRENT,ACTIVE,2018-11-01,15694.65,USD,1,3042.03,4,3,1,1
ACCT100010972,CUST0007317,CURRENT,ACTIVE,2019-07-13,3765744.83,INR,1,8616.92,2,1,0,1
ACCT100010973,CUST0001677,SHELL,ACTIVE,2019-02-23,806484.36,AED,1,645824.12,8,2,1,0
ACCT100010974,CUST0000310,SALARY,ACTIVE,2014-06-21,25673.95,USD,1,3850.25,5,1,1,1
ACCT100010975,CUST0002099,NRE,ACTIVE,2016-06-10,881229.87,INR,2,212324.02,7,4,0,1
ACCT100010976,CUST0004869,SAVINGS,ACTIVE,2019-07-30,13413.13,INR,3,13987.77,5,2,1,1
ACCT100010977,CUST0005579,SAVINGS,ACTIVE,2012-08-04,23696.81,INR,1,5692.08,2,1,1,1
ACCT100010978,CUST0001902,savings,DORMANT,2015-02-22,27777.85,INR,1,27452.9,3,1,1,1
ACCT100010979,CUST0003380,NRE,ACTIVE,2014-04-27,71587.75,INR,1,31612.48,5,1,0,1
ACCT100010980,CUST0004353,SAVINGS,ACTIVE,2016-07-02,18525.76,INR,1,3343.94,2,2,0,1
ACCT100010981,CUST0007434,SAVINGS,ACTIVE,2019-04-21,5015.84,INR,2,7526.37,2,4,1,1
ACCT100010982,CUST0004050,SALARY,ACTIVE,2020-08-14,9991.49,INR,1,3457.55,5,5,1,1
ACCT100010983,CUST0000206,NRE,ACTIVE,2020-01-16,1477947.85,USD,2,64062.26,4,1,1,1
ACCT100010984,CUST0002216,CURRENT,ACTIVE,2015-02-22,410637.25,USD,2,495742.59,3,4,1,1
ACCT100010985,CUST0007530,SAVINGS,BLOCKED,2015-12-08,784.41,INR,1,2377.17,5,1,1,1
ACCT100010986,CUST0000198,NRE,ACTIVE,2012-02-28,278424.2,INR,1,1159294.71,6,2,0,1
ACCT100010987,CUST0006138,SALARY,ACTIVE,2014-01-13,13393.72,INR,1,4489.61,5,4,1,1
ACCT100010988,CUST0000889,TRUST,ACTIVE,2012-07-20,105010.7,INR,1,222233.09,7,2,1,1
ACCT100010989,CUST0002154,SAVINGS,DORMANT,2021-07-05,6209.0,INR,1,10780.97,1,1,1,1
ACCT100010990,CUST0001687,SAVINGS,BLOCKED,2020-10-28,10391.04,INR,3,174842.45,4,2,1,1
ACCT100010991,CUST0006210,SAVINGS,ACTIVE,2017-10-12,37209.22,INR,1,3477.55,3,2,0,1
ACCT100010992,CUST0007057,SAVINGS,ACTIVE,2016-10-14,6703.61,INR,2,1334.8,1,1,1,1
ACCT100010993,CUST0002905,NRE,ACTIVE,2021-10-23,397691.89,USD,1,53055.23,7,3,1,1
ACCT100010994,CUST0003357,SAVINGS,ACTIVE,2015-12-07,45288.15,USD,1,2970.76,1,1,1,1
ACCT100010995,CUST0001794,NRE,ACTIVE,2014-11-09,238920.82,INR,1,461245.89,4,2,1,1
ACCT100010996,CUST0002891,SALARY,ACTIVE,2012-05-29,9301.96,INR,1,19518.95,2,1,1,0
ACCT100010997,CUST0001869,NRO,ACTIVE,2013-06-11,84272.96,USD,2,13398.63,4,2,0,0
ACCT100010998,CUST0002873,CURRENT,ACTIVE,2013-05-13,51130.41,INR,2,96889.62,1,3,1,1
ACCT100010999,CUST0001396,SAVINGS,CLOSED,2015-01-22,107207.43,INR,3,26737.58,3,1,0,1
ACCT100011000,CUST0004047,NRO,ACTIVE,2018-10-30,90745.16,INR,1,16414.03,7,1,1,1
ACCT100011001,CUST0006084,SAVINGS,ACTIVE,2017-08-07,20585.38,INR,2,116535.55,3,1,0,1
ACCT100011002,CUST0000777,NRO,ACTIVE,2017-11-09,37917.34,INR,2,11604.03,4,4,1,0
ACCT100011003,CUST0006265,SALARY,ACTIVE,2014-03-28,2433.81,AED,1,24574.25,1,1,1,1
ACCT100011004,CUST0004770,SAVINGS,ACTIVE,2021-03-23,6449.98,INR,1,940.38,3,1,1,1
ACCT100011005,CUST0005090,SAVINGS,ACTIVE,2019-10-24,139752.1,INR,1,21037.57,4,1,0,1
ACCT100011006,CUST0004018,SALARY,ACTIVE,2016-04-18,13977.78,USD,1,2010.74,5,2,0,0
ACCT100011007,CUST0007401,SAVINGS,DORMANT,2016-09-06,6635.01,GBP,2,45750.41,4,1,0,1
ACCT100011008,CUST0004515,SAVINGS,ACTIVE,2013-11-20,34881.51,INR,1,76337.85,2,1,1,0
ACCT100011009,CUST0006751,CURRENT,ACTIVE,2018-10-06,6925.84,SGD,1,36790.52,3,2,1,1
ACCT100011010,CUST0005793,SAVINGS,ACTIVE,2018-08-12,2308.23,AED,1,5900.16,3,1,1,1
ACCT100011011,CUST0007842,NRE,BLOCKED,2017-08-17,158683.41,INR,1,324939.77,6,3,0,1
ACCT100011012,CUST0000599,SALARY,ACTIVE,2015-05-20,81690.02,INR,1,31014.5,2,1,1,1
ACCT100011013,CUST0003697,TRUST,ACTIVE,2016-01-22,1948528.93,INR,2,504447.56,7,2,0,1
ACCT100011014,CUST0003611,NRE,BLOCKED,2016-11-04,78019.51,AED,1,211266.21,4,2,1,1
ACCT100011015,CUST0001590,SAVINGS,ACTIVE,2018-06-24,10013.82,AED,3,4659.06,4,1,1,0
ACCT100011016,CUST0000934,SAVINGS,ACTIVE,2020-03-21,47405.78,INR,1,1358.6,4,2,1,1
ACCT100011017,CUST0001079,SAVINGS,ACTIVE,2015-10-27,16833.83,INR,3,16726.43,5,1,1,1
ACCT100011018,CUST0000705,CURRENT,ACTIVE,2021-10-30,79800.77,INR,1,7894.79,3,1,0,1
ACCT100011019,CUST0007768,CURRENT,ACTIVE,2016-04-22,37556.21,USD,1,298161.11,1,2,1,1
ACCT100011020,CUST0006456,CURRENT,ACTIVE,2018-04-15,20864.57,INR,1,200662.29,5,1,0,1
ACCT100011021,CUST0000687,SAVINGS,ACTIVE,2020-03-20,110714.04,INR,1,25975.81,4,2,0,1
ACCT100011022,CUST0002002,NRO,ACTIVE,2020-04-11,126343.44,GBP,1,44803.98,4,1,0,0
ACCT100011023,CUST0001081,SAVINGS,ACTIVE,2019-09-08,4106.89,AED,1,221782.96,5,2,0,0
ACCT100011024,CUST0006307,SAVINGS,ACTIVE,2015-12-26,42258.71,AED,1,20054.2,3,1,0,1
ACCT100011025,CUST0005180,NRE,ACTIVE,2015-10-11,43269.99,SGD,3,67288.27,4,4,1,1
ACCT100011026,CUST0001798,SAVINGS,ACTIVE,2014-06-03,12627.09,GBP,1,858.41,4,1,1,0
ACCT100011027,CUST0004227,SALARY,ACTIVE,2019-03-27,41557.6,USD,1,17880.82,5,4,1,1
ACCT100011028,CUST0005984,SAVINGS,BLOCKED,2020-12-02,4973.27,INR,3,9233.77,4,2,1,1
ACCT100011029,CUST0005316, SALARY ,ACTIVE,2021-06-23,3950.83,SGD,1,9957.07,3,3,1,1
ACCT100011030,CUST0001325,NRO,ACTIVE,2014-01-22,1934683.87,INR,2,81884.19,5,1,1,0
ACCT100011031,CUST0003591,SAVINGS,DORMANT,2013-09-11,8543.38,USD,2,147832.35,1,1,0,1
ACCT100011032,CUST0006723,SALARY,ACTIVE,2017-12-09,3394.28,INR,1,1987.85,3,2,1,1
ACCT100011033,CUST0007107,NRE,ACTIVE,2020-08-06,518235.57,AED,1,129836.36,7,3,0,1
ACCT100011034,CUST0001425,SHELL,ACTIVE,2017-03-15,443374.27,INR,1,394881.13,10,2,0,1
ACCT100011035,CUST0001062,SAVINGS,ACTIVE,2016-06-01,656069.92,INR,1,82450.66,5,2,1,1
ACCT100011036,CUST0004911,CURRENT,DORMANT,2014-09-18,22983.6,INR,1,25056.75,3,3,0,1
ACCT100011037,CUST0005057,SAVINGS,ACTIVE,2016-02-03,14481.17,GBP,1,162850.15,3,3,1,1
ACCT100011038,CUST0005570,CURRENT,ACTIVE,2021-08-17,135913.59,USD,2,15684.21,5,2,1,1
ACCT100011039,CUST0002689,SAVINGS,ACTIVE,2015-02-24,4606.18,INR,2,48331.91,4,1,1,1
ACCT100011040,CUST0002059,NRO,DORMANT,2019-04-24,126051.93,USD,2,30175.65,7,3,1,1
ACCT100011041,CUST0000574,CURRENT,ACTIVE,2019-04-26,69684.15,INR,1,19078.2,4,1,1,0
ACCT100011042,CUST0001801,SHELL,DORMANT,2019-08-18,136099.74,INR,3,31710.46,7,1,1,0
ACCT100011043,CUST0002693,CURRENT,ACTIVE,2016-07-16,33851.65,INR,2,11050.74,1,3,0,1
ACCT100011044,CUST0000808,CURRENT,ACTIVE,2020-06-22,28406.2,USD,2,17302.12,2,1,1,0
ACCT100011045,CUST0001849,CURRENT,ACTIVE,2018-08-05,33197.04,USD,1,7185.39,1,4,1,1
ACCT100011046,CUST0007676,SAVINGS,ACTIVE,2012-10-12,8623.96,INR,2,22431.06,1,1,0,1
ACCT100011047,CUST0006433,NRE,ACTIVE,2016-09-21,71125.82,AED,2,18134.08,5,5,1,1
ACCT100011048,CUST0002982,NRE,ACTIVE,2014-10-31,1674496.36,USD,3,227447.39,5,3,1,1
ACCT100011049,CUST0005560,NRE,ACTIVE,2014-07-12,938527.85,INR,2,34590.74,4,1,0,0
ACCT100011050,CUST0002943,CURRENT,ACTIVE,2015-04-03,144684.99,INR,1,39772.04,5,4,1,1
ACCT100011051,CUST0007526, CURRENT ,ACTIVE,2016-09-02,141707.49,SGD,1,50400.99,3,2,1,1
ACCT100011052,CUST0003575,TRUST,ACTIVE,2015-12-04,203723.15,AED,1,1922318.75,9,2,1,1
ACCT100011053,CUST0003027,SALARY,ACTIVE,2017-01-13,7761.64,INR,1,21745.2,2,1,1,1
ACCT100011054,CUST0007928,NRO,ACTIVE,2013-09-14,476616.64,INR,1,32743.45,7,1,0,0
ACCT100011055,CUST0001054,SAVINGS,ACTIVE,2014-01-26,7613.97,USD,3,30700.95,2,2,1,1
ACCT100011056,CUST0000253,CURRENT,ACTIVE,2020-03-02,220886.23,INR,1,43634.96,1,1,1,1
ACCT100011057,CUST0006561,SALARY,ACTIVE,2015-05-06,31706.27,INR,2,2331.16,4,2,1,1
ACCT100011058,CUST0007295,SAVINGS,ACTIVE,2017-02-07,1128.77,USD,1,988.01,4,4,1,1
ACCT100011059,CUST0002534,NRO,ACTIVE,2021-11-16,91379.71,GBP,1,634014.72,4,2,1,0
ACCT100011060,CUST0004437,CURRENT,ACTIVE,2018-04-26,1646.63,AED,1,51288.27,1,3,0,1
ACCT100011061,CUST0003752,NRE,ACTIVE,2020-02-11,94215.14,USD,1,28466.84,4,3,1,1
ACCT100011062,CUST0004548,NRE,DORMANT,2015-01-18,19141.97,INR,2,104464.02,6,4,1,1
ACCT100011063,CUST0007163,SALARY,ACTIVE,2021-10-01,1488.07,INR,1,6180.32,4,1,1,1
ACCT100011064,CUST0003071,CURRENT,ACTIVE,2013-06-15,322980.97,INR,1,10590.83,5,3,1,1
ACCT100011065,CUST0007157,SALARY,ACTIVE,2020-10-03,2611.75,AED,2,4073.28,3,3,1,1
ACCT100011066,CUST0005014,NRE,ACTIVE,2015-05-26,25870.49,USD,2,27295.5,6,4,1,1
ACCT100011067,CUST0007126,SAVINGS,ACTIVE,2020-02-02,4324.84,SGD,1,6265.76,3,3,0,1
ACCT100011068,CUST0002839,NRE,ACTIVE,2021-06-01,78168.38,INR,1,94661.99,7,3,1,1
ACCT100011069,CUST0003557,SAVINGS,ACTIVE,2015-07-04,47320.03,AED,2,17608.23,2,2,0,1
ACCT100011070,CUST0001481,CURRENT,ACTIVE,2021-02-07,5634.25,INR,1,50878.83,1,3,1,1
ACCT100011071,CUST0005014,SAVINGS,ACTIVE,2013-11-16,50611.3,GBP,1,15310.92,4,2,1,1
ACCT100011072,CUST0000957,SHELL,DORMANT,2017-07-27,47051.38,INR,1,162965.25,8,3,1,1
ACCT100011073,CUST0000036,SALARY,ACTIVE,2013-07-16,7122.62,INR,1,9828.17,5,3,1,0
ACCT100011074,CUST0001531,SHELL,ACTIVE,2016-07-12,521152.32,INR,2,399565.65,7,2,1,1
ACCT100011075,CUST0002812,SAVINGS,ACTIVE,2013-01-16,18264.65,INR,3,6625.21,2,1,1,1
ACCT100011076,CUST0004225,TRUST,ACTIVE,2018-06-18,54712.01,USD,3,96376.97,9,4,1,1
ACCT100011077,CUST0001356,SAVINGS,ACTIVE,2013-10-03,13798.52,AED,1,11059.39,1,2,1,0
ACCT100011078,CUST0000992,SAVINGS,ACTIVE,2021-03-28,1353.93,INR,1,12583.7,2,1,1,1
ACCT100011079,CUST0005443,savings,ACTIVE,2020-10-16,14918.21,AED,1,11131.71,4,1,1,1
ACCT100011080,CUST0003993,SAVINGS,ACTIVE,2012-03-19,124029.85,SGD,1,11479.71,4,1,1,0
ACCT100011081,CUST0003027,SALARY,ACTIVE,2020-01-19,5798.43,AED,1,1103.14,2,1,1,1
ACCT100011082,CUST0005829,salary,ACTIVE,2012-04-20,4769.03,USD,1,5246.45,4,1,1,1
ACCT100011083,CUST0006749,CURRENT,ACTIVE,2018-03-23,59522.14,AED,1,881330.84,3,1,0,1
ACCT100011084,CUST0007871,SAVINGS,ACTIVE,2020-08-12,5861.61,SGD,1,19054.6,4,2,1,1
ACCT100011085,CUST0004433,CURRENT,DORMANT,2021-11-01,317837.24,GBP,2,237049.48,4,3,1,1
ACCT100011086,CUST0006579,trust,ACTIVE,2014-12-28,32405.75,INR,2,136302.89,9,2,0,1
ACCT100011087,CUST0002326,CURRENT,ACTIVE,2016-05-16,299378.22,INR,1,21982.08,5,2,1,1
ACCT100011088,CUST0003513,SALARY,ACTIVE,2014-07-21,1448.62,INR,1,469.31,1,3,1,1
ACCT100011089,CUST0004744,CURRENT,ACTIVE,2014-09-21,31462.1,GBP,1,33377.13,5,2,1,1
ACCT100011090,CUST0001630,NRE,ACTIVE,2018-03-23,40007.99,INR,3,56490.81,6,2,1,1
ACCT100011091,CUST0000939,SALARY,ACTIVE,2012-11-09,4311.76,AED,1,6429.65,4,1,1,1
ACCT100011092,CUST0004840, SALARY ,ACTIVE,2020-09-12,11290.42,USD,1,7861.96,4,1,1,0
ACCT100011093,CUST0002232,SAVINGS,ACTIVE,2016-02-22,92095.2,USD,2,1600.48,3,1,0,1
ACCT100011094,CUST0006549,SALARY,BLOCKED,2021-08-20,154035.81,USD,1,30683.87,4,1,1,1
ACCT100011095,CUST0000647,SAVINGS,ACTIVE,2016-09-10,31871.77,USD,1,14345.22,5,3,1,1
ACCT100011096,CUST0005742,SALARY,ACTIVE,2013-11-20,6620.97,INR,3,10381.55,3,1,1,1
ACCT100011097,CUST0001940,CURRENT,ACTIVE,2012-10-31,66978.12,USD,2,45160.23,1,2,1,1
ACCT100011098,CUST0007232,CURRENT,DORMANT,2021-10-13,243515.82,USD,3,89920.79,4,1,1,1
ACCT100011099,CUST0001549,CURRENT,ACTIVE,2016-08-19,271790.23,INR,1,44972.82,3,1,0,1
ACCT100011100,CUST0001252,SAVINGS,ACTIVE,2012-05-12,40952.31,AED,2,14937.61,4,1,1,1
ACCT100011101,CUST0000498,SAVINGS,ACTIVE,2017-05-09,19930.33,INR,1,8519.09,2,2,1,1
ACCT100011102,CUST0001737,SAVINGS,ACTIVE,2018-07-19,943.12,USD,1,4676.31,1,3,0,0
ACCT100011103,CUST0001422,SALARY,ACTIVE,2021-06-25,71811.38,INR,1,52456.43,5,1,1,1
ACCT100011104,CUST0001808,SAVINGS,ACTIVE,2019-07-06,21133.56,INR,1,30173.02,4,3,0,1
ACCT100011105,CUST0001583,trust,CLOSED,2018-03-10,8687.37,AED,1,2677002.81,7,2,1,1
ACCT100011106,CUST0001424,NRE,ACTIVE,2013-10-13,38009.98,INR,1,10618.12,6,2,1,1
ACCT100011107,CUST0007311,CURRENT,ACTIVE,2016-02-13,168118.55,AED,1,3957.86,1,2,1,1
ACCT100011108,CUST0003523,CURRENT,ACTIVE,2014-12-12,30400.77,USD,1,66593.95,4,1,1,1
ACCT100011109,CUST0002821,NRE,DORMANT,2018-02-03,115332.29,INR,1,50869.13,7,1,1,1
ACCT100011110,CUST0007045,SAVINGS,DORMANT,2015-10-10,88392.96,SGD,1,20270.44,5,2,1,0
ACCT100011111,CUST0004909,SAVINGS,ACTIVE,2021-08-01,2379.5,INR,2,7936.01,4,1,1,1
ACCT100011112,CUST0001625,CURRENT,ACTIVE,2021-06-15,28920.03,INR,1,22843.4,1,1,1,0
ACCT100011113,CUST0003428,CURRENT,ACTIVE,2019-01-27,1988.98,INR,3,39131.88,4,1,1,1
ACCT100011114,CUST0005083,SAVINGS,ACTIVE,2016-03-18,17307.45,SGD,1,5452.79,4,3,0,1
ACCT100011115,CUST0007163,CURRENT,ACTIVE,2020-05-30,7100.75,SGD,3,19874.32,3,1,1,0
ACCT100011116,CUST0005595,SAVINGS,ACTIVE,2014-06-11,8954.12,INR,1,3767.32,1,2,1,1
ACCT100011117,CUST0005594,NRO,ACTIVE,2019-07-28,18173.73,USD,2,123717.0,4,1,1,1
ACCT100011118,CUST0000499,TRUST,DORMANT,2017-08-22,6715251.63,INR,1,266329.12,10,4,1,1
ACCT100011119,CUST0005518,SALARY,ACTIVE,2018-07-30,8990.5,AED,1,15650.86,5,2,0,1
ACCT100011120,CUST0002158,SAVINGS,DORMANT,2014-07-19,58953.25,USD,1,28515.58,5,3,1,1
ACCT100011121,CUST0002369, SALARY ,ACTIVE,2016-04-18,22021.48,INR,1,6903.82,3,1,1,1
ACCT100011122,CUST0000474,current,ACTIVE,2012-12-29,364703.13,SGD,3,411505.5,2,4,0,0
ACCT100011123,CUST0002732,NRE,ACTIVE,2016-04-22,100553.27,INR,1,42912.17,6,3,1,1
ACCT100011124,CUST0007405,CURRENT,ACTIVE,2020-01-07,20964.03,INR,1,221002.6,5,2,1,1
ACCT100011125,CUST0001316,SHELL,ACTIVE,2018-01-24,1230281.77,INR,1,726953.06,9,1,1,1
ACCT100011126,CUST0006418,NRE,ACTIVE,2017-05-05,217302.62,GBP,3,412088.74,4,4,1,0
ACCT100011127,CUST0001239,SAVINGS,ACTIVE,2021-07-28,10562.86,INR,1,21835.26,3,5,0,1
ACCT100011128,CUST0005448,SALARY,ACTIVE,2021-04-07,13914.92,USD,1,14349.35,2,1,1,1
ACCT100011129,CUST0003250,CURRENT,ACTIVE,2016-10-30,38979.71,INR,2,31403.7,4,1,1,1
ACCT100011130,CUST0004189,SALARY,ACTIVE,2014-10-17,9733.53,AED,1,28534.46,3,2,0,1
ACCT100011131,CUST0002092,CURRENT,ACTIVE,2014-10-01,227450.54,INR,1,88438.53,3,1,1,1
ACCT100011132,CUST0002746,SAVINGS,ACTIVE,2012-03-31,22568.78,INR,2,6108.32,5,4,0,1
ACCT100011133,CUST0000340,CURRENT,ACTIVE,2020-02-17,10267.9,SGD,1,68868.44,2,1,0,1
ACCT100011134,CUST0005329,SALARY,ACTIVE,2019-07-16,25511.0,USD,1,2577.59,3,3,0,1
ACCT100011135,CUST0004908,SAVINGS,ACTIVE,2017-10-20,1562.55,INR,1,21229.52,5,2,1,1
ACCT100011136,CUST0006657,TRUST,ACTIVE,2021-03-08,275342.0,AED,2,136232.85,7,2,1,1
ACCT100011137,CUST0007631,CURRENT,ACTIVE,2013-06-12,561428.47,USD,1,8224.31,4,1,1,0
ACCT100011138,CUST0004935,SALARY,BLOCKED,2020-04-14,119943.26,INR,1,23420.51,2,2,1,1
ACCT100011139,CUST0005198,SAVINGS,ACTIVE,2020-03-29,3426.36,USD,1,15791.46,4,4,1,1
ACCT100011140,CUST0003330,savings,ACTIVE,2014-01-20,8267.0,INR,2,8515.07,4,4,1,1
ACCT100011141,CUST0006408,CURRENT,DORMANT,2015-10-18,11159.71,USD,3,30315.98,2,1,1,1
ACCT100011142,CUST0002556,CURRENT,ACTIVE,2018-09-02,240387.95,AED,1,21654.12,2,1,1,1
ACCT100011143,CUST0000732,SHELL,ACTIVE,2013-07-18,503672.98,INR,3,1852516.91,9,1,1,1
ACCT100011144,CUST0000138,NRE,ACTIVE,2014-09-05,452478.78,INR,1,26407.72,5,1,0,1
ACCT100011145,CUST0006409,salary,ACTIVE,2013-10-26,11674.08,INR,2,1825.29,1,1,1,0
ACCT100011146,CUST0005383,SALARY,ACTIVE,2014-04-25,8147.07,INR,1,37490.29,1,1,0,1
ACCT100011147,CUST0001969,TRUST,BLOCKED,2016-09-05,11866.35,INR,1,310554.95,9,2,1,1
ACCT100011148,CUST0003235,NRO,CLOSED,2018-08-23,123544.92,INR,1,45090.96,7,1,1,1
ACCT100011149,CUST0003236,SAVINGS,ACTIVE,2020-12-10,28869.75,USD,1,2101.57,3,2,0,1
ACCT100011150,CUST0005576,CURRENT,ACTIVE,2016-12-11,14716.45,INR,1,13852.53,3,3,1,0
ACCT100011151,CUST0004554,SAVINGS,ACTIVE,2015-03-18,13333.61,INR,3,3107.9,4,2,1,1
ACCT100011152,CUST0007863,SALARY,BLOCKED,2021-01-30,10416.3,AED,1,1098.7,4,3,1,1
ACCT100011153,CUST0000258,NRO,ACTIVE,2019-08-05,85946.15,GBP,1,16169.24,6,1,1,1
ACCT100011154,CUST0005143,TRUST,DORMANT,2016-09-14,286894.65,USD,1,731880.28,7,1,1,1
ACCT100011155,CUST0002794,SHELL,ACTIVE,2012-01-31,200912.39,INR,2,518671.05,7,1,0,1
ACCT100011156,CUST0003412,NRO,ACTIVE,2013-02-19,31358.22,INR,2,44564.23,5,2,1,1
ACCT100011157,CUST0002519,CURRENT,BLOCKED,2017-08-24,87917.64,INR,1,41009.06,2,2,1,1
ACCT100011158,CUST0006358,SAVINGS,ACTIVE,2021-10-03,7223.52,SGD,1,11565.46,5,3,1,1
ACCT100011159,CUST0000853,SAVINGS,CLOSED,2018-05-08,24180.2,USD,1,10597.38,1,1,1,1
ACCT100011160,CUST0005490,SALARY,ACTIVE,2014-04-19,6822.77,GBP,2,1212.0,2,1,1,0
ACCT100011161,CUST0007450,SALARY,ACTIVE,2021-11-04,1275.14,USD,1,1301.53,5,1,0,1
ACCT100011162,CUST0003071,NRE,DORMANT,2018-11-05,206543.81,INR,1,39531.42,7,4,1,1
ACCT100011163,CUST0005101,SAVINGS,ACTIVE,2018-09-08,44898.55,USD,1,31927.49,1,1,1,1
ACCT100011164,CUST0000352,SALARY,BLOCKED,2014-04-18,38442.45,INR,1,12488.79,3,3,0,1
ACCT100011165,CUST0007850,NRO,ACTIVE,2020-04-05,52502.19,INR,1,474587.25,6,2,0,1
ACCT100011166,CUST0005399,SAVINGS,ACTIVE,2018-12-08,22741.09,USD,2,13544.15,1,3,0,1
ACCT100011167,CUST0003566,CURRENT,ACTIVE,2017-04-05,20747.22,USD,1,16656.85,5,1,1,1
ACCT100011168,CUST0006734,savings,ACTIVE,2020-10-03,143385.13,AED,1,14700.77,3,1,1,1
ACCT100011169,CUST0007845,NRE,BLOCKED,2021-05-18,120195.55,INR,1,407238.21,6,1,0,1
ACCT100011170,CUST0006131,SAVINGS,ACTIVE,2012-12-10,1761.12,INR,2,229879.12,4,2,0,1
ACCT100011171,CUST0000637,TRUST,DORMANT,2016-05-26,956162.78,USD,2,282301.05,7,1,0,1
ACCT100011172,CUST0003358,NRE,BLOCKED,2019-06-12,90377.82,INR,2,36988.83,4,1,0,1
ACCT100011173,CUST0007487,SAVINGS,ACTIVE,2018-07-08,288124.87,INR,1,8958.95,5,2,1,1
ACCT100011174,CUST0004895,NRE,ACTIVE,2018-02-17,205506.38,INR,1,20105.17,6,2,1,1
ACCT100011175,CUST0004307,SAVINGS,CLOSED,2012-06-27,11085.73,INR,2,6592.88,3,1,1,0
ACCT100011176,CUST0001450,SALARY,ACTIVE,2012-02-06,4821.32,INR,2,28901.9,3,1,1,0
ACCT100011177,CUST0005242,SALARY,ACTIVE,2012-09-07,2055.75,USD,1,6647.29,2,1,0,1
ACCT100011178,CUST0001398,TRUST,ACTIVE,2018-12-08,1369987.63,USD,3,31643.54,9,2,0,1
ACCT100011179,CUST0006744,current,ACTIVE,2015-12-10,4090.94,SGD,1,70983.76,1,1,0,1
ACCT100011180,CUST0007012,NRE,ACTIVE,2016-05-12,374781.98,INR,1,389277.93,7,1,1,1
ACCT100011181,CUST0003570,SALARY,ACTIVE,2021-04-16,3348.94,INR,2,5837.44,2,1,1,1
ACCT100011182,CUST0004663,SHELL,ACTIVE,2021-07-22,223072.17,USD,1,654083.4,8,4,0,1
ACCT100011183,CUST0004911,CURRENT,ACTIVE,2020-10-04,150101.31,AED,1,154058.46,2,4,0,1
ACCT100011184,CUST0000096,TRUST,DORMANT,2013-02-27,94579.19,INR,1,761643.72,9,1,1,1
ACCT100011185,CUST0003201,CURRENT,ACTIVE,2018-12-13,32557.97,INR,1,33138.51,1,2,0,1
ACCT100011186,CUST0006456,SAVINGS,ACTIVE,2014-07-28,41083.06,USD,1,3140.57,1,1,1,1
ACCT100011187,CUST0000267,CURRENT,DORMANT,2014-08-11,323139.5,INR,1,211255.25,4,1,1,1
ACCT100011188,CUST0002652,CURRENT,ACTIVE,2012-03-14,22080.65,INR,2,9102.97,5,1,1,1
ACCT100011189,CUST0007902,SALARY,ACTIVE,2019-06-08,8844.67,USD,1,6008.71,3,1,1,1
ACCT100011190,CUST0004121,SALARY,ACTIVE,2015-03-29,2812.06,INR,1,21429.51,3,1,1,1
ACCT100011191,CUST0006571,SAVINGS,DORMANT,2013-01-09,2415.52,USD,1,14310.4,2,2,1,1
ACCT100011192,CUST0002428,SAVINGS,ACTIVE,2015-07-05,16209.78,INR,1,2097.38,2,2,0,0
ACCT100011193,CUST0003309,CURRENT,ACTIVE,2020-05-02,160268.83,SGD,1,68510.3,1,1,1,1
ACCT100011194,CUST0000410, SAVINGS ,ACTIVE,2019-12-15,5649.04,SGD,1,2417.36,4,1,1,1
ACCT100011195,CUST0005018,SALARY,ACTIVE,2020-10-18,77866.6,GBP,2,23352.3,3,1,1,1
ACCT100011196,CUST0001544,SALARY,ACTIVE,2014-01-01,5443.66,INR,2,5226.89,4,5,1,0
ACCT100011197,CUST0000489,SAVINGS,ACTIVE,2016-01-10,5661.9,INR,1,10693.29,3,2,1,1
ACCT100011198,CUST0007282,TRUST,DORMANT,2019-11-20,2516518.53,INR,1,984510.68,9,2,1,1
ACCT100011199,CUST0006596,SALARY,ACTIVE,2017-07-21,19879.64,USD,1,3458.79,5,1,0,1
ACCT100011200,CUST0001987,SHELL,DORMANT,2013-01-25,3313413.89,INR,3,167425.31,8,1,1,1
ACCT100011201,CUST0006331,SAVINGS,ACTIVE,2013-03-26,81438.42,INR,3,2938.61,2,1,1,1
ACCT100011202,CUST0002987,NRE,ACTIVE,2018-04-07,700063.37,AED,2,376207.8,5,2,0,1
ACCT100011203,CUST0001262,SAVINGS,DORMANT,2012-09-29,14727.66,GBP,1,21034.65,3,1,1,1
ACCT100011204,CUST0003251,CURRENT,ACTIVE,2021-05-27,368198.99,INR,1,71262.49,3,1,1,1
ACCT100011205,CUST0005035,SAVINGS,ACTIVE,2017-03-06,101913.69,AED,1,14592.32,5,5,0,1
ACCT100011206,CUST0001038,savings,ACTIVE,2021-03-07,2613.18,INR,1,1325.8,2,1,1,0
ACCT100011207,CUST0004232,CURRENT,ACTIVE,2013-08-07,159977.75,USD,1,32792.34,5,1,1,1
ACCT100011208,CUST0002602,NRE,ACTIVE,2020-10-24,480440.15,INR,2,99854.7,4,2,1,1
ACCT100011209,CUST0005891,NRE,ACTIVE,2021-04-08,12489.14,USD,2,528990.72,5,1,1,1
ACCT100011210,CUST0002519,SAVINGS,ACTIVE,2014-06-17,20074.51,INR,1,9227.58,4,1,1,1
ACCT100011211,CUST0002001,SAVINGS,DORMANT,2013-07-30,16178.28,INR,2,15004.53,2,1,1,1
ACCT100011212,CUST0003370,TRUST,DORMANT,2015-12-14,84127.56,INR,1,536088.45,7,1,1,1
ACCT100011213,CUST0002723,SALARY,ACTIVE,2013-10-02,24535.31,INR,1,22742.26,1,2,0,1
ACCT100011214,CUST0004660,SAVINGS,ACTIVE,2015-08-11,11912.84,INR,3,24894.12,4,2,1,1
ACCT100011215,CUST0004909,SAVINGS,BLOCKED,2018-07-14,16164.37,USD,1,5162.23,5,1,0,1
ACCT100011216,CUST0006515,CURRENT,ACTIVE,2018-02-13,167807.47,AED,1,251152.73,1,1,1,1
ACCT100011217,CUST0004094,SAVINGS,ACTIVE,2013-03-24,4392.21,INR,1,10607.34,2,1,1,0
ACCT100011218,CUST0006866,SALARY,ACTIVE,2017-04-15,26678.97,SGD,1,14473.54,3,1,1,1
ACCT100011219,CUST0004354,SAVINGS,ACTIVE,2016-10-07,59646.48,INR,2,53389.05,5,3,0,0
ACCT100011220,CUST0002637,CURRENT,ACTIVE,2013-02-02,168536.46,AED,1,65675.05,1,2,0,1
ACCT100011221,CUST0002664,CURRENT,ACTIVE,2018-09-09,55142.21,INR,1,41116.6,3,3,0,1
ACCT100011222,CUST0007600,SALARY,BLOCKED,2014-01-09,5863.07,USD,2,55228.11,3,2,1,1
ACCT100011223,CUST0004289,TRUST,ACTIVE,2017-08-19,2095877.86,INR,1,317098.69,10,3,1,1
ACCT100011224,CUST0001735,CURRENT,ACTIVE,2012-12-30,132413.97,INR,1,68033.05,3,1,0,1
ACCT100011225,CUST0000137,CURRENT,ACTIVE,2017-08-23,25914.74,INR,1,11771.85,3,4,1,1
ACCT100011226,CUST0004144, NRO ,ACTIVE,2016-11-15,122344.34,INR,1,115117.16,6,1,1,1
ACCT100011227,CUST0003057,SALARY,ACTIVE,2019-02-11,82032.78,USD,1,10072.84,4,2,1,1
ACCT100011228,CUST0006091,SAVINGS,ACTIVE,2016-03-17,14366.36,INR,1,517.17,1,1,1,1
ACCT100011229,CUST0001958,SAVINGS,ACTIVE,2018-06-14,3150.0,GBP,1,25662.59,3,3,1,1
ACCT100011230,CUST0002247,TRUST,ACTIVE,2020-11-21,520007.08,USD,1,465012.69,7,2,1,1
ACCT100011231,CUST0000050, SAVINGS ,ACTIVE,2015-10-26,7459.14,INR,1,16614.93,3,3,0,1
ACCT100011232,CUST0003267,NRO,ACTIVE,2013-05-04,24705.75,INR,1,89852.03,6,2,1,1
ACCT100011233,CUST0004074,CURRENT,ACTIVE,2019-07-07,2186.99,AED,1,36179.81,4,1,1,1
ACCT100011234,CUST0005103,CURRENT,ACTIVE,2014-03-09,59659.64,INR,1,17351.11,3,2,1,0
ACCT100011235,CUST0004933,SHELL,DORMANT,2013-03-14,1257282.2,AED,1,133414.39,8,2,1,1
ACCT100011236,CUST0000793,CURRENT,ACTIVE,2013-04-10,7757.51,USD,3,138526.67,5,1,1,0
ACCT100011237,CUST0006817,SHELL,DORMANT,2015-10-22,1208732.77,USD,1,416091.91,7,3,0,1
ACCT100011238,CUST0006906,SALARY,DORMANT,2012-03-31,65827.25,INR,1,90668.71,4,3,1,1
ACCT100011239,CUST0007982, NRE ,CLOSED,2020-03-10,260268.64,INR,1,40625.95,7,5,0,1
ACCT100011240,CUST0000652,SAVINGS,ACTIVE,2017-09-11,17763.56,INR,1,11534.85,4,3,1,1
ACCT100011241,CUST0005898,SAVINGS,ACTIVE,2012-05-07,30762.5,AED,1,479071.0,4,2,0,1
ACCT100011242,CUST0002962,SALARY,ACTIVE,2020-07-12,1820.17,SGD,1,55821.09,5,1,1,1
ACCT100011243,CUST0002416,CURRENT,ACTIVE,2020-06-16,322665.37,INR,3,40514.94,5,2,1,1
ACCT100011244,CUST0005604,NRE,ACTIVE,2013-06-24,138372.22,INR,3,94154.48,6,1,0,1
ACCT100011245,CUST0003839,SAVINGS,ACTIVE,2017-03-18,14064.72,USD,1,83768.44,4,2,0,1
ACCT100011246,CUST0007808,NRE,ACTIVE,2018-08-17,58967.38,INR,1,99675.54,6,1,1,1
ACCT100011247,CUST0000448,salary,ACTIVE,2016-04-29,2405.57,SGD,1,2422.55,5,2,1,1
ACCT100011248,CUST0003546,SAVINGS,ACTIVE,2020-11-23,4822.34,INR,1,21195.87,3,2,0,1
ACCT100011249,CUST0001657,NRO,ACTIVE,2017-07-19,28997.94,GBP,1,256287.2,4,3,1,1
ACCT100011250,CUST0006750,TRUST,ACTIVE,2016-07-29,866669.77,INR,2,249590.65,7,1,1,1
ACCT100011251,CUST0007726,CURRENT,ACTIVE,2015-06-01,164961.48,AED,1,37957.07,1,1,0,1
ACCT100011252,CUST0007187,CURRENT,ACTIVE,2021-10-28,31809.98,AED,2,31483.91,3,1,1,1
ACCT100011253,CUST0006626,SALARY,ACTIVE,2021-11-10,33802.05,INR,3,15982.26,3,2,1,1
ACCT100011254,CUST0006528,SALARY,ACTIVE,2019-08-04,59639.41,INR,1,592.03,3,1,0,1
ACCT100011255,CUST0006556,SALARY,ACTIVE,2012-03-15,98724.9,INR,1,13483.45,1,1,1,1
ACCT100011256,CUST0004086,CURRENT,ACTIVE,2013-08-18,8157.67,INR,1,30165.45,5,2,1,1
ACCT100011257,CUST0005528,NRO,ACTIVE,2014-04-03,173198.66,INR,1,11509.5,7,4,1,1
ACCT100011258,CUST0006889,SAVINGS,ACTIVE,2017-01-02,3242.04,INR,1,93326.64,4,3,0,0
ACCT100011259,CUST0000320,SAVINGS,ACTIVE,2018-02-18,7004.28,INR,1,4806.27,5,1,0,1
ACCT100011260,CUST0005968,SALARY,ACTIVE,2016-02-28,5596.26,INR,2,10612.84,5,2,1,1
ACCT100011261,CUST0004273,SALARY,ACTIVE,2021-06-07,36480.47,INR,1,1059.57,4,1,1,1
ACCT100011262,CUST0002649,CURRENT,ACTIVE,2018-03-11,116302.94,INR,2,16961.26,5,2,0,1
ACCT100011263,CUST0002021,SAVINGS,ACTIVE,2015-05-20,150958.08,SGD,1,4587.62,3,2,1,1
ACCT100011264,CUST0002363,SAVINGS,ACTIVE,2018-08-10,5470.8,SGD,2,58060.75,3,1,1,1
ACCT100011265,CUST0001896,CURRENT,ACTIVE,2021-03-25,9186.33,AED,3,11044.46,4,5,1,1
ACCT100011266,CUST0007660,SAVINGS,ACTIVE,2012-06-13,6380.62,INR,1,16730.23,3,4,1,1
ACCT100011267,CUST0005192,NRE,ACTIVE,2017-12-31,16580.48,INR,1,48939.85,7,2,1,1
ACCT100011268,CUST0002589,CURRENT,ACTIVE,2021-05-15,264452.72,INR,2,10185.73,4,1,1,0
ACCT100011269,CUST0006887,SALARY,ACTIVE,2020-11-01,4818.57,USD,2,72325.56,2,3,1,1
ACCT100011270,CUST0003284,SALARY,DORMANT,2021-01-10,1137.8,INR,1,5540.69,3,1,0,1
ACCT100011271,CUST0003715,savings,DORMANT,2021-11-04,6966.36,INR,1,10382.38,4,1,0,1
ACCT100011272,CUST0005378,NRO,ACTIVE,2020-08-18,104859.56,INR,1,16563.1,6,1,1,1
ACCT100011273,CUST0001767,CURRENT,ACTIVE,2015-07-29,244721.19,INR,1,154375.37,3,1,1,1
ACCT100011274,CUST0003918,SAVINGS,ACTIVE,2016-04-13,2364.23,INR,1,69191.99,3,2,1,0
ACCT100011275,CUST0001340,NRO,ACTIVE,2017-01-31,73948.2,GBP,1,54299.46,5,2,1,1
ACCT100011276,CUST0007989,TRUST,ACTIVE,2015-05-09,176187.89,AED,1,272910.59,10,3,1,1
ACCT100011277,CUST0000279,SAVINGS,ACTIVE,2015-05-14,2698.12,USD,2,63360.16,5,1,0,1
ACCT100011278,CUST0003380,SALARY,BLOCKED,2015-04-29,32777.85,INR,2,1414.3,3,1,1,1
ACCT100011279,CUST0003947,SALARY,ACTIVE,2017-08-08,4083.37,INR,1,26000.29,3,1,1,1
ACCT100011280,CUST0007158,SAVINGS,ACTIVE,2020-08-10,6388.78,USD,3,11862.79,5,1,1,1
ACCT100011281,CUST0000916,CURRENT,ACTIVE,2017-04-11,122244.8,INR,2,18708.48,1,1,1,1
ACCT100011282,CUST0001314,CURRENT,ACTIVE,2018-11-06,136865.41,USD,1,191209.79,1,2,1,1
ACCT100011283,CUST0004256,SALARY,ACTIVE,2013-11-11,38239.48,SGD,2,2505.08,3,3,1,1
ACCT100011284,CUST0001563,CURRENT,ACTIVE,2013-12-16,113244.89,AED,1,61183.57,4,4,1,0
ACCT100011285,CUST0007633,SALARY,ACTIVE,2019-09-19,20241.98,USD,1,4860.77,4,1,0,1
ACCT100011286,CUST0002285,SAVINGS,ACTIVE,2015-03-06,4844.57,INR,2,25625.54,1,3,0,1
ACCT100011287,CUST0003722,SAVINGS,ACTIVE,2014-09-29,860.28,INR,1,7505.66,3,1,1,1
ACCT100011288,CUST0002429,SAVINGS,BLOCKED,2015-12-24,13553.87,AED,1,61712.47,5,2,1,1
ACCT100011289,CUST0001698,SALARY,ACTIVE,2019-08-02,14161.02,INR,1,9730.25,1,1,1,1
ACCT100011290,CUST0007542,CURRENT,BLOCKED,2019-11-07,1381.56,AED,1,56875.93,2,3,0,1
ACCT100011291,CUST0001952, TRUST ,DORMANT,2014-07-18,61993.52,INR,1,190630.16,10,1,1,1
ACCT100011292,CUST0007678,CURRENT,ACTIVE,2012-11-24,31750.69,AED,1,233875.64,2,2,1,1
ACCT100011293,CUST0005577,SAVINGS,ACTIVE,2019-10-02,6847.22,INR,1,6923.52,1,1,1,1
ACCT100011294,CUST0002937,CURRENT,DORMANT,2019-04-12,56002.85,INR,1,91526.54,5,1,1,0
ACCT100011295,CUST0007881,CURRENT,ACTIVE,2013-07-15,151358.52,INR,1,8116.67,2,2,0,0
ACCT100011296,CUST0005802,SALARY,ACTIVE,2019-02-12,3714.37,INR,1,44937.74,5,4,0,1
ACCT100011297,CUST0003725,CURRENT,ACTIVE,2019-09-08,78802.17,INR,1,33840.95,4,3,1,0
ACCT100011298,CUST0001308,SALARY,ACTIVE,2012-02-10,9057.79,INR,1,4356.3,3,3,1,1
ACCT100011299,CUST0006773,SALARY,ACTIVE,2013-01-22,6442.07,INR,2,20535.44,5,1,1,1
ACCT100011300,CUST0000159,SALARY,ACTIVE,2016-01-18,58941.24,GBP,1,50750.01,2,1,1,1
ACCT100011301,CUST0000648,NRE,ACTIVE,2017-12-03,328330.53,INR,3,87071.99,6,1,1,1
ACCT100011302,CUST0005976,SAVINGS,ACTIVE,2019-06-07,8656.6,USD,2,7266.33,1,1,1,1
ACCT100011303,CUST0007052,SALARY,ACTIVE,2013-11-30,25919.57,SGD,1,3278.35,2,2,0,1
ACCT100011304,CUST0006882,SAVINGS,CLOSED,2019-04-08,47769.57,INR,2,26440.31,4,1,1,1
ACCT100011305,CUST0006727, SALARY ,ACTIVE,2018-01-02,17915.67,USD,1,2459.8,2,4,0,1
ACCT100011306,CUST0005490,SAVINGS,ACTIVE,2017-07-31,135660.13,USD,1,2633.8,1,2,1,1
ACCT100011307,CUST0001912,SAVINGS,ACTIVE,2013-05-01,12990.89,SGD,2,23981.17,2,1,1,1
ACCT100011308,CUST0007523,CURRENT,DORMANT,2020-07-22,37924.92,INR,2,194200.55,2,2,1,1
ACCT100011309,CUST0006840,SALARY,DORMANT,2018-07-14,827.6,INR,1,1343.93,3,4,0,0
ACCT100011310,CUST0003230,TRUST,DORMANT,2018-05-07,293250.36,INR,1,476144.89,7,1,0,1
ACCT100011311,CUST0004708,SAVINGS,ACTIVE,2013-06-16,3077.97,INR,2,8037.84,4,1,1,1
ACCT100011312,CUST0007893,CURRENT,ACTIVE,2016-07-31,4477.12,USD,2,18962.21,2,1,0,1
ACCT100011313,CUST0007055, CURRENT ,ACTIVE,2018-12-22,97051.84,INR,1,36436.92,2,1,1,0
ACCT100011314,CUST0006086,SALARY,BLOCKED,2018-07-21,5436.85,INR,3,20691.12,3,4,1,1
ACCT100011315,CUST0007856,SAVINGS,ACTIVE,2014-12-29,5818.34,USD,1,12540.78,3,5,1,1
ACCT100011316,CUST0000912,TRUST,DORMANT,2018-08-05,29091.29,INR,2,211277.17,9,1,1,1
ACCT100011317,CUST0007950,SHELL,DORMANT,2016-09-06,71185.29,INR,2,100050.63,10,1,0,1
ACCT100011318,CUST0002764,NRO,ACTIVE,2016-02-24,1575916.87,GBP,1,6771.41,5,5,1,1
ACCT100011319,CUST0001569,SALARY,ACTIVE,2017-09-12,501734.57,INR,2,38156.34,3,1,1,1
ACCT100011320,CUST0004342,SALARY,DORMANT,2019-12-31,7515.94,INR,1,1874.03,2,1,1,1
ACCT100011321,CUST0000430,NRE,DORMANT,2012-11-28,85954.72,INR,1,77765.63,6,1,1,1
ACCT100011322,CUST0004224,SALARY,BLOCKED,2015-11-21,26637.52,INR,2,7041.86,5,2,1,0
ACCT100011323,CUST0006266,SAVINGS,DORMANT,2021-11-10,16128.67,SGD,2,15913.85,2,3,1,0
ACCT100011324,CUST0007278,NRO,ACTIVE,2013-01-05,39500.2,INR,1,28813.76,5,1,1,0
ACCT100011325,CUST0003153,SALARY,ACTIVE,2018-05-14,4906.66,USD,1,2773.52,5,1,1,1
ACCT100011326,CUST0001569,SAVINGS,ACTIVE,2019-06-12,18452.36,USD,2,18981.89,4,1,1,1
ACCT100011327,CUST0005286,CURRENT,DORMANT,2019-08-20,61410.87,USD,1,134843.11,5,2,1,1
ACCT100011328,CUST0000062,CURRENT,ACTIVE,2018-08-28,53927.37,AED,2,117421.21,5,1,1,1
ACCT100011329,CUST0001785,SAVINGS,ACTIVE,2019-05-05,5594.71,INR,1,20487.28,4,3,1,0
ACCT100011330,CUST0007836,CURRENT,ACTIVE,2021-11-26,17441.3,USD,2,47741.05,3,1,0,1
ACCT100011331,CUST0004778,SAVINGS,ACTIVE,2013-06-13,2210.36,INR,1,205770.85,2,2,1,1
ACCT100011332,CUST0001941,SAVINGS,ACTIVE,2017-12-17,1305362.4,INR,1,49010.09,1,4,1,1
ACCT100011333,CUST0001469,SAVINGS,ACTIVE,2016-05-05,112774.18,AED,1,5497.66,2,3,0,0
ACCT100011334,CUST0005472,SAVINGS,ACTIVE,2020-11-10,83732.56,AED,1,7994.64,2,1,1,1
ACCT100011335,CUST0002127,SAVINGS,ACTIVE,2014-06-10,19685.75,INR,1,5146.36,2,1,0,0
ACCT100011336,CUST0003898,NRE,ACTIVE,2018-04-16,65375.98,AED,2,22894.3,4,2,1,1
ACCT100011337,CUST0004121,SHELL,ACTIVE,2021-05-18,180749.72,INR,3,784003.27,10,2,1,1
ACCT100011338,CUST0006884,CURRENT,ACTIVE,2020-04-26,599307.93,AED,2,2961.62,1,2,1,0
ACCT100011339,CUST0005463,SALARY,ACTIVE,2020-11-26,9752.2,USD,1,2904.3,2,4,0,0
ACCT100011340,CUST0002045,TRUST,DORMANT,2012-12-25,1383825.32,AED,1,913657.73,8,1,0,1
ACCT100011341,CUST0006626,NRE,ACTIVE,2021-05-12,109460.77,INR,3,164200.85,4,4,0,0
ACCT100011342,CUST0000716,CURRENT,ACTIVE,2015-10-25,63701.96,AED,1,37179.91,1,1,1,0
ACCT100011343,CUST0003574,CURRENT,ACTIVE,2017-07-13,46963.71,INR,1,67381.29,3,3,1,1
ACCT100011344,CUST0001543,SALARY,ACTIVE,2014-08-16,32387.7,SGD,1,5792.0,5,2,1,1
ACCT100011345,CUST0001786,CURRENT,ACTIVE,2012-04-21,6055.17,INR,2,99631.63,2,1,1,1
ACCT100011346,CUST0002720,SALARY,ACTIVE,2018-02-24,11132.01,INR,1,7524.23,4,2,1,1
ACCT100011347,CUST0006591,SAVINGS,ACTIVE,2012-09-04,12493.23,USD,1,8977.16,1,2,1,1
ACCT100011348,CUST0002072,CURRENT,ACTIVE,2012-07-05,141715.39,INR,1,187425.5,5,2,0,1
ACCT100011349,CUST0002327,SAVINGS,ACTIVE,2013-09-03,37554.76,USD,2,3703.72,5,2,1,1
ACCT100011350,CUST0001447,SALARY,ACTIVE,2017-11-15,26676.68,INR,1,18861.46,4,3,1,1
ACCT100011351,CUST0002274,TRUST,ACTIVE,2013-02-13,962474.97,USD,1,702996.05,7,3,1,1
ACCT100011352,CUST0001925,SALARY,DORMANT,2016-12-21,27796.8,AED,1,829.58,5,2,1,1
ACCT100011353,CUST0007904,SALARY,ACTIVE,2017-10-06,5426.62,INR,2,1357.2,5,1,1,1
ACCT100011354,CUST0002876,SAVINGS,ACTIVE,2013-01-29,107293.12,INR,1,5470.99,2,3,1,1
ACCT100011355,CUST0003213,CURRENT,ACTIVE,2018-07-07,361605.21,USD,2,91277.73,1,1,1,1
ACCT100011356,CUST0006176,NRE,ACTIVE,2014-12-04,178578.8,USD,1,142945.92,4,1,1,1
ACCT100011357,CUST0007371,NRO,ACTIVE,2020-10-14,78634.8,AED,3,24334.32,5,1,1,1
ACCT100011358,CUST0004976,SHELL,DORMANT,2021-03-15,2003327.15,USD,1,868835.05,10,1,1,1
ACCT100011359,CUST0007664,SALARY,ACTIVE,2016-12-31,2359.74,INR,1,1893.09,1,1,1,1
ACCT100011360,CUST0001608,SALARY,ACTIVE,2020-09-11,4788.67,INR,3,11786.66,4,3,0,1
ACCT100011361,CUST0000830, NRE ,ACTIVE,2018-03-25,54937.41,SGD,2,161747.83,7,2,1,0
ACCT100011362,CUST0001312,SAVINGS,ACTIVE,2015-02-06,3212.63,INR,1,15862.17,3,1,1,0
ACCT100011363,CUST0003538,NRO,BLOCKED,2019-11-18,182173.61,INR,1,54099.59,6,2,1,1
ACCT100011364,CUST0001107,NRE,ACTIVE,2013-03-19,897542.82,INR,2,101962.88,4,1,1,1
ACCT100011365,CUST0004039,SAVINGS,ACTIVE,2019-01-03,4483.71,INR,2,16580.27,3,1,1,1
ACCT100011366,CUST0007762,NRO,ACTIVE,2018-12-13,42511.29,USD,1,527577.73,6,1,0,1
ACCT100011367,CUST0003967,NRE,ACTIVE,2018-07-21,180205.93,INR,2,52812.56,5,2,0,1
ACCT100011368,CUST0001016,TRUST,ACTIVE,2016-12-24,360170.48,GBP,1,1093605.63,9,3,0,1
ACCT100011369,CUST0006246,NRO,ACTIVE,2020-02-27,252563.0,INR,2,189362.31,6,2,1,1
ACCT100011370,CUST0000617,CURRENT,ACTIVE,2016-01-30,49114.0,USD,1,25239.45,5,1,1,1
ACCT100011371,CUST0007889,CURRENT,ACTIVE,2013-03-30,13976.09,AED,1,12396.02,2,2,1,0
ACCT100011372,CUST0001323,NRE,ACTIVE,2016-03-05,7090873.96,SGD,1,88629.51,5,1,0,1
ACCT100011373,CUST0002851,NRE,ACTIVE,2020-08-27,88990.97,AED,1,8822.67,6,2,1,1
ACCT100011374,CUST0005449,NRE,ACTIVE,2018-10-27,93163.82,USD,1,484672.47,6,1,1,1
ACCT100011375,CUST0005120,SAVINGS,ACTIVE,2019-11-11,21846.24,INR,1,6250.52,1,5,1,1
ACCT100011376,CUST0004399,NRE,ACTIVE,2018-07-30,132771.45,SGD,2,349848.82,6,4,1,1
ACCT100011377,CUST0007013,SAVINGS,ACTIVE,2012-04-07,24799.56,GBP,1,1017.94,5,1,0,0
ACCT100011378,CUST0002171,CURRENT,ACTIVE,2019-12-24,36953.58,USD,3,163548.67,5,1,1,1
ACCT100011379,CUST0001589,SAVINGS,ACTIVE,2015-07-31,18845.41,INR,2,26555.34,5,2,1,1
ACCT100011380,CUST0005001,CURRENT,ACTIVE,2015-02-07,560174.49,INR,1,22426.07,4,3,1,1
ACCT100011381,CUST0002383,SAVINGS,ACTIVE,2013-09-26,2433.4,INR,1,1658.11,5,1,0,1
ACCT100011382,CUST0003926,CURRENT,DORMANT,2020-06-02,23525.05,USD,2,14143.76,2,1,0,1
ACCT100011383,CUST0007329,SALARY,ACTIVE,2020-08-06,15141.24,INR,1,15420.47,2,1,1,1
ACCT100011384,CUST0000289,SAVINGS,ACTIVE,2019-04-20,17719.45,INR,2,24553.46,5,2,0,1
ACCT100011385,CUST0000508,SAVINGS,ACTIVE,2020-07-10,9723.58,INR,2,19230.71,5,2,1,0
ACCT100011386,CUST0007479,SAVINGS,ACTIVE,2021-05-15,42075.74,USD,1,3540.23,2,4,0,1
ACCT100011387,CUST0006555,SAVINGS,ACTIVE,2012-06-13,5724.0,GBP,1,7855.46,5,1,1,1
ACCT100011388,CUST0006766,SALARY,ACTIVE,2020-08-04,18021.83,INR,1,16835.47,1,4,1,1
ACCT100011389,CUST0003872,SAVINGS,ACTIVE,2013-04-05,10965.82,INR,3,42680.1,5,5,0,0
ACCT100011390,CUST0001825,SALARY,ACTIVE,2018-04-20,15167.68,INR,1,6807.11,3,1,1,1
ACCT100011391,CUST0006753,SAVINGS,ACTIVE,2016-05-02,159134.24,INR,3,32885.85,1,4,0,1
ACCT100011392,CUST0002392,TRUST,DORMANT,2016-03-15,320530.61,INR,1,2045121.89,7,1,1,1
ACCT100011393,CUST0006790,TRUST,DORMANT,2018-08-28,451750.63,INR,1,241435.07,8,5,1,1
ACCT100011394,CUST0005057,SALARY,ACTIVE,2015-01-15,33380.67,USD,1,6591.57,5,1,1,0
ACCT100011395,CUST0003072,NRE,ACTIVE,2016-05-27,70244.53,INR,2,93270.36,7,2,1,1
ACCT100011396,CUST0001481,SALARY,DORMANT,2016-09-29,134514.71,INR,2,13682.06,4,1,1,1
ACCT100011397,CUST0004183,SALARY,ACTIVE,2020-04-12,70487.2,AED,1,36811.68,2,2,1,1
ACCT100011398,CUST0001416,SAVINGS,ACTIVE,2017-12-25,6341.3,INR,1,4477.44,5,1,1,1
ACCT100011399,CUST0002496,TRUST,ACTIVE,2021-03-19,458005.55,USD,1,164539.14,10,5,1,1
ACCT100011400,CUST0005021,NRE,ACTIVE,2020-02-11,27121.44,USD,1,341839.03,4,4,1,0
ACCT100011401,CUST0000530,SALARY,ACTIVE,2014-02-26,143156.23,SGD,2,7934.63,5,2,1,1
ACCT100011402,CUST0007586,SAVINGS,DORMANT,2016-09-19,16448.65,GBP,1,703.63,3,2,1,1
ACCT100011403,CUST0001008,NRE,ACTIVE,2012-02-20,298590.69,INR,2,528503.66,6,5,1,1
ACCT100011404,CUST0000200,NRO,BLOCKED,2012-08-05,422860.25,SGD,2,406094.12,7,1,1,1
ACCT100011405,CUST0006713,CURRENT,ACTIVE,2017-03-28,41306.03,USD,1,22230.81,5,1,1,1
ACCT100011406,CUST0004362,SAVINGS,CLOSED,2016-10-27,47789.83,INR,1,76017.59,1,2,0,1
ACCT100011407,CUST0000547,TRUST,ACTIVE,2018-05-06,186261.0,USD,1,178006.95,9,1,0,1
ACCT100011408,CUST0001274,SAVINGS,ACTIVE,2020-11-02,29906.27,INR,1,7360.96,3,2,1,1
ACCT100011409,CUST0003160,nre,ACTIVE,2017-03-27,187385.94,GBP,1,56339.58,7,1,1,1
ACCT100011410,CUST0005000,SHELL,ACTIVE,2012-05-23,225014.41,INR,1,341823.57,9,5,1,1
ACCT100011411,CUST0007563,SAVINGS,DORMANT,2019-07-23,23602.3,INR,1,68544.02,4,1,1,1
ACCT100011412,CUST0000389,SAVINGS,ACTIVE,2014-01-03,74359.99,USD,2,12652.7,2,1,1,1
ACCT100011413,CUST0000280,NRE,ACTIVE,2018-10-17,261130.71,AED,1,210375.98,7,2,1,1
ACCT100011414,CUST0006436,SAVINGS,ACTIVE,2013-10-09,50.23,USD,1,3587.44,2,1,0,1
ACCT100011415,CUST0001733,CURRENT,ACTIVE,2020-08-04,34750.6,USD,1,57063.57,1,2,1,1
ACCT100011416,CUST0005626, SALARY ,ACTIVE,2019-09-19,1969.35,INR,1,8264.84,4,3,1,0
ACCT100011417,CUST0003828,SALARY,ACTIVE,2017-05-11,79814.49,USD,1,580.45,2,3,1,1
ACCT100011418,CUST0007398,SALARY,ACTIVE,2013-11-05,82173.85,USD,1,189144.85,2,1,1,1
ACCT100011419,CUST0002206,SAVINGS,ACTIVE,2013-06-03,57100.12,INR,1,4415.9,4,2,1,1
ACCT100011420,CUST0006261, CURRENT ,ACTIVE,2012-04-13,101396.98,INR,1,14731.7,5,2,0,1
ACCT100011421,CUST0003275,CURRENT,ACTIVE,2012-03-07,29902.88,INR,2,103032.05,1,2,1,0
ACCT100011422,CUST0005030,SALARY,ACTIVE,2014-06-22,4902.22,INR,1,9886.02,3,1,0,1
ACCT100011423,CUST0007791,SALARY,CLOSED,2015-06-28,9055.13,USD,2,6916.58,3,4,1,0
ACCT100011424,CUST0005914,SAVINGS,ACTIVE,2014-09-05,16732.03,INR,1,1340.54,1,1,1,1
ACCT100011425,CUST0004775,SAVINGS,ACTIVE,2015-12-11,274.02,AED,1,12747.48,5,1,0,1
ACCT100011426,CUST0006979,SAVINGS,ACTIVE,2013-11-09,281369.04,INR,1,14772.93,2,1,1,1
ACCT100011427,CUST0006760,SALARY,ACTIVE,2013-11-23,12251.08,USD,1,700.01,2,1,1,0
ACCT100011428,CUST0001778,SAVINGS,ACTIVE,2018-11-27,32332.47,INR,2,10667.18,1,2,1,1
ACCT100011429,CUST0001701,CURRENT,ACTIVE,2020-12-03,58475.31,SGD,1,5453.55,2,3,1,1
ACCT100011430,CUST0004841,SALARY,ACTIVE,2015-01-28,25917.98,INR,1,2952.1,2,1,1,1
ACCT100011431,CUST0007885,SALARY,ACTIVE,2012-03-31,3281.21,SGD,1,745.29,5,1,1,1
ACCT100011432,CUST0006542,CURRENT,ACTIVE,2017-02-15,75287.47,INR,1,158549.97,4,3,1,1
ACCT100011433,CUST0001114,nro,ACTIVE,2016-11-21,548881.24,INR,1,76413.29,5,1,1,1
ACCT100011434,CUST0005435,CURRENT,DORMANT,2021-07-30,32698.71,INR,1,253784.26,3,1,1,1
ACCT100011435,CUST0007498,SAVINGS,ACTIVE,2016-06-20,24460.57,USD,1,83026.46,1,4,1,1
ACCT100011436,CUST0003735,SAVINGS,DORMANT,2012-06-09,24880.14,INR,2,8251.1,1,2,1,1
ACCT100011437,CUST0002372,CURRENT,DORMANT,2018-11-01,16744.66,INR,1,199498.07,1,4,0,1
ACCT100011438,CUST0000717,SALARY,ACTIVE,2017-08-25,307826.73,SGD,3,289880.13,5,5,0,1
ACCT100011439,CUST0003487,SALARY,DORMANT,2021-01-09,2722.08,GBP,1,7511.11,1,3,0,1
ACCT100011440,CUST0003538,SAVINGS,ACTIVE,2017-02-02,125019.97,INR,1,41210.51,1,4,1,0
ACCT100011441,CUST0005545,SAVINGS,ACTIVE,2020-08-30,75028.53,USD,1,1649.59,2,1,0,1
ACCT100011442,CUST0001058,NRO,DORMANT,2012-10-12,34384.14,INR,1,208249.12,7,4,1,1
ACCT100011443,CUST0001870,CURRENT,BLOCKED,2012-11-12,12188.92,INR,3,5067.68,2,2,1,1
ACCT100011444,CUST0005209,SAVINGS,ACTIVE,2014-07-26,7697.63,INR,2,29255.29,4,1,1,1
ACCT100011445,CUST0005593,SALARY,ACTIVE,2019-02-12,11648.86,INR,1,13776.54,5,2,0,0
ACCT100011446,CUST0002242,SALARY,ACTIVE,2015-11-30,22138.26,INR,2,11939.92,4,3,1,1
ACCT100011447,CUST0001362,SALARY,ACTIVE,2016-09-01,6136.12,INR,1,12218.92,5,1,0,1
ACCT100011448,CUST0004946,SAVINGS,ACTIVE,2018-05-15,1183.74,INR,1,18589.54,1,4,1,1
ACCT100011449,CUST0002922,NRO,ACTIVE,2018-05-16,45981.03,INR,2,65419.29,4,2,1,1
ACCT100011450,CUST0004567,SAVINGS,ACTIVE,2015-10-14,4879.42,USD,1,21558.36,2,2,0,0
ACCT100011451,CUST0004034,SAVINGS,ACTIVE,2016-08-13,2182.39,INR,1,30920.11,3,2,1,1
ACCT100011452,CUST0000853,CURRENT,ACTIVE,2019-08-25,33465.29,INR,3,39105.94,3,2,0,1
ACCT100011453,CUST0006401,NRO,ACTIVE,2012-04-30,29682.61,INR,1,203360.55,7,1,0,1
ACCT100011454,CUST0004734,NRE,DORMANT,2017-11-11,306680.86,INR,3,122856.01,5,1,1,1
ACCT100011455,CUST0004856,NRO,ACTIVE,2018-05-20,179139.34,INR,1,60386.22,4,1,1,1
ACCT100011456,CUST0006429,SALARY,ACTIVE,2018-07-23,34243.51,AED,1,4387.8,3,4,1,1
ACCT100011457,CUST0005817,SALARY,BLOCKED,2019-12-02,79717.89,SGD,1,28807.22,3,1,0,1
ACCT100011458,CUST0001215,NRE,ACTIVE,2018-11-25,193100.36,INR,1,128555.18,5,1,1,0
ACCT100011459,CUST0001504,SAVINGS,ACTIVE,2017-06-21,19999.37,INR,2,26570.77,5,1,1,0
ACCT100011460,CUST0005495,SAVINGS,ACTIVE,2012-11-07,9902.59,AED,1,4217.65,1,3,0,1
ACCT100011461,CUST0000548,TRUST,ACTIVE,2018-10-11,133761.54,AED,1,29846.02,8,2,1,1
ACCT100011462,CUST0006093,NRE,ACTIVE,2014-09-24,44269.34,INR,2,146329.8,6,2,1,1
ACCT100011463,CUST0002509,CURRENT,ACTIVE,2014-11-20,132728.15,INR,3,16235.14,3,2,1,0
ACCT100011464,CUST0004995,NRE,ACTIVE,2012-08-28,4412.42,INR,2,62047.57,5,5,1,1
ACCT100011465,CUST0001585,CURRENT,ACTIVE,2015-08-24,15436.01,INR,1,47812.24,1,2,1,1
ACCT100011466,CUST0003770,SAVINGS,ACTIVE,2014-03-02,45941.67,USD,1,35365.9,2,2,1,1
ACCT100011467,CUST0007646,SAVINGS,ACTIVE,2013-05-22,1462.82,INR,3,22594.02,5,1,1,1
ACCT100011468,CUST0003942,CURRENT,ACTIVE,2013-03-05,107464.68,INR,1,349786.98,2,1,1,1
ACCT100011469,CUST0000251,SALARY,ACTIVE,2018-12-28,1439.93,USD,1,11365.82,3,3,0,1
ACCT100011470,CUST0006617,NRE,CLOSED,2012-12-23,132480.87,AED,2,151527.86,7,2,1,0
ACCT100011471,CUST0002980,SALARY,DORMANT,2019-12-24,5125.82,AED,1,23144.74,1,3,0,1
ACCT100011472,CUST0000301,SALARY,ACTIVE,2018-02-13,47284.42,INR,1,6184.37,2,2,1,1
ACCT100011473,CUST0001906,SHELL,DORMANT,2012-04-28,2569401.51,USD,1,748809.95,8,5,0,1
ACCT100011474,CUST0004853,SAVINGS,ACTIVE,2017-06-17,8457.76,AED,1,1925.57,5,2,1,1
ACCT100011475,CUST0003534,CURRENT,ACTIVE,2012-01-26,7487.64,INR,1,261703.39,4,2,0,1
ACCT100011476,CUST0003234,TRUST,DORMANT,2015-02-12,219307.91,INR,1,120216.47,10,1,0,0
ACCT100011477,CUST0000022,CURRENT,ACTIVE,2012-08-28,17454.27,INR,2,53836.3,4,4,1,1
ACCT100011478,CUST0007489,SAVINGS,ACTIVE,2017-07-24,9388.15,INR,2,49936.64,2,1,1,1
ACCT100011479,CUST0006974,CURRENT,ACTIVE,2016-03-31,11462.16,INR,1,5558.08,5,1,1,1
ACCT100011480,CUST0005619,NRE,ACTIVE,2021-07-17,362243.81,INR,1,160511.83,5,1,1,1
ACCT100011481,CUST0006267,NRE,ACTIVE,2012-05-26,75804.32,INR,2,54684.16,4,2,0,1
ACCT100011482,CUST0002612,CURRENT,ACTIVE,2012-09-20,44398.33,INR,2,153670.91,5,3,0,1
ACCT100011483,CUST0003671,SAVINGS,ACTIVE,2018-04-13,2296.5,INR,3,35367.11,3,3,1,1
ACCT100011484,CUST0000538,TRUST,ACTIVE,2015-12-04,1478232.42,INR,2,85018.67,7,1,1,1
ACCT100011485,CUST0001109,SAVINGS,ACTIVE,2016-11-10,37932.19,INR,1,45719.8,3,1,1,1
ACCT100011486,CUST0007749,TRUST,ACTIVE,2020-08-07,84793.55,USD,2,427707.73,10,2,1,1
ACCT100011487,CUST0005126,CURRENT,ACTIVE,2015-05-16,848848.95,INR,1,10578.85,5,1,0,1
ACCT100011488,CUST0005996,SHELL,ACTIVE,2015-02-16,393718.08,INR,1,717463.44,7,3,1,1
ACCT100011489,CUST0004282,SAVINGS,ACTIVE,2015-03-28,2589.81,INR,1,1714.38,4,1,1,1
ACCT100011490,CUST0007764,SALARY,ACTIVE,2012-02-15,8661.44,INR,2,11997.22,5,3,0,1
ACCT100011491,CUST0000676,NRE,ACTIVE,2016-02-05,661055.92,USD,2,147864.77,5,3,1,1
ACCT100011492,CUST0001582,CURRENT,ACTIVE,2012-11-05,67112.29,INR,2,288900.87,3,2,1,0
ACCT100011493,CUST0006805,SAVINGS,ACTIVE,2019-10-02,8630.52,INR,1,69429.9,1,2,1,1
ACCT100011494,CUST0001207,SAVINGS,ACTIVE,2012-10-14,120947.09,INR,1,35199.7,4,1,1,1
ACCT100011495,CUST0004907,SAVINGS,ACTIVE,2015-01-11,50636.82,AED,1,58073.19,1,1,1,1
ACCT100011496,CUST0006051,SAVINGS,CLOSED,2012-10-09,75502.62,INR,2,9164.81,5,1,1,1
ACCT100011497,CUST0006414,NRO,ACTIVE,2013-01-07,34909.45,INR,1,189196.93,6,1,1,1
ACCT100011498,CUST0003816,SALARY,ACTIVE,2016-09-08,21413.25,USD,2,236.1,1,2,1,1
ACCT100011499,CUST0002841,SALARY,ACTIVE,2015-07-08,37750.93,INR,1,11717.42,2,1,0,1
ACCT100011500,CUST0005585,SALARY,DORMANT,2017-01-04,929.68,INR,1,4563.9,4,3,0,1
ACCT100011501,CUST0002287,SALARY,ACTIVE,2013-02-06,2601.28,INR,1,11885.15,2,4,0,1
ACCT100011502,CUST0001447,SAVINGS,ACTIVE,2017-07-22,7465.05,INR,1,19967.44,5,1,0,0
ACCT100011503,CUST0005059,SALARY,ACTIVE,2014-02-26,13797.47,AED,1,13996.16,2,3,1,1
ACCT100011504,CUST0003303,CURRENT,ACTIVE,2014-01-07,85783.97,USD,1,96378.63,4,2,0,1
ACCT100011505,CUST0002890,SAVINGS,ACTIVE,2019-02-19,56498.0,INR,1,2137.36,1,3,1,0
ACCT100011506,CUST0002630,SALARY,ACTIVE,2017-03-19,800.76,INR,1,765.91,3,1,1,1
ACCT100011507,CUST0000693,CURRENT,ACTIVE,2012-11-14,383032.77,INR,1,71657.2,2,1,0,1
ACCT100011508,CUST0000652,SAVINGS,ACTIVE,2013-10-09,23096.37,INR,1,12761.87,5,1,1,1
ACCT100011509,CUST0005945,SALARY,ACTIVE,2019-09-22,3450.7,INR,1,4173.5,2,2,0,1
ACCT100011510,CUST0007653,SAVINGS,ACTIVE,2019-03-23,45188.46,INR,1,3707.65,4,1,1,1
ACCT100011511,CUST0007100,CURRENT,ACTIVE,2017-10-03,1674.64,INR,3,6049.19,3,3,1,1
ACCT100011512,CUST0001756,SAVINGS,ACTIVE,2013-04-27,13756.43,INR,1,6162.15,2,2,1,0
ACCT100011513,CUST0001700,savings,DORMANT,2016-12-22,35008.34,INR,1,9096.36,3,1,1,1
ACCT100011514,CUST0002625,SAVINGS,ACTIVE,2020-09-10,7962.98,INR,1,2935.32,2,1,1,1
ACCT100011515,CUST0003007,SAVINGS,ACTIVE,2021-02-11,33480.48,INR,2,1721.25,1,2,1,0
ACCT100011516,CUST0001702,SAVINGS,ACTIVE,2018-07-08,54013.87,USD,2,914.64,4,1,1,1
ACCT100011517,CUST0007455,salary,ACTIVE,2013-02-11,1166.03,INR,2,14871.26,5,1,1,1
ACCT100011518,CUST0003699,CURRENT,ACTIVE,2012-10-05,27649.34,AED,1,500431.87,1,3,1,1
ACCT100011519,CUST0007697,NRO,ACTIVE,2019-12-14,635695.47,USD,1,145286.53,6,1,1,0
ACCT100011520,CUST0000214,NRE,ACTIVE,2021-04-06,41023.31,GBP,2,25798.92,7,3,1,1
ACCT100011521,CUST0005794, SHELL ,ACTIVE,2014-03-04,149781.0,AED,3,88202.53,10,2,1,1
ACCT100011522,CUST0007138,SAVINGS,BLOCKED,2017-12-15,96225.09,INR,1,4770.35,3,1,1,0
ACCT100011523,CUST0002223,CURRENT,ACTIVE,2020-04-27,123651.81,INR,1,49495.0,3,5,1,1
ACCT100011524,CUST0000564,SAVINGS,ACTIVE,2014-08-25,51760.08,INR,2,969.52,3,1,1,1
ACCT100011525,CUST0004267,CURRENT,ACTIVE,2021-04-22,449799.03,INR,3,43845.86,3,4,1,1
ACCT100011526,CUST0002077,SAVINGS,ACTIVE,2014-12-24,7173.34,INR,1,1578.98,3,1,1,1
ACCT100011527,CUST0007574,savings,ACTIVE,2021-06-08,12072.49,USD,1,53268.1,1,2,1,1
ACCT100011528,CUST0001507,NRE,ACTIVE,2014-11-22,49373.62,INR,1,476850.44,4,2,1,1
ACCT100011529,CUST0003822,CURRENT,ACTIVE,2017-03-29,12332.59,INR,1,383225.78,2,2,1,1
ACCT100011530,CUST0003836,SALARY,ACTIVE,2017-07-04,66621.1,USD,1,9801.24,1,3,1,1
ACCT100011531,CUST0005030,SAVINGS,ACTIVE,2019-06-05,12485.31,INR,1,12366.07,3,1,1,1
ACCT100011532,CUST0006462,SALARY,DORMANT,2018-11-29,29545.99,INR,1,6853.95,5,1,1,1
ACCT100011533,CUST0002938,NRE,ACTIVE,2019-03-20,402658.13,INR,1,226501.82,6,1,1,1
ACCT100011534,CUST0001232,NRO,ACTIVE,2019-08-02,28304.7,GBP,1,92474.23,5,2,0,0
ACCT100011535,CUST0002467,CURRENT,ACTIVE,2020-06-13,59882.94,USD,1,27489.61,5,1,0,1
ACCT100011536,CUST0000823,NRO,ACTIVE,2012-03-17,7603.62,SGD,1,326713.4,5,1,1,1
ACCT100011537,CUST0006602,CURRENT,ACTIVE,2017-08-23,62436.99,INR,2,122466.7,3,2,0,0
ACCT100011538,CUST0007596,SAVINGS,ACTIVE,2021-07-16,12194.23,USD,2,2124.86,2,1,0,1
ACCT100011539,CUST0003590,SALARY,ACTIVE,2020-02-09,887.83,INR,3,14186.57,2,1,1,1
ACCT100011540,CUST0007955,SALARY,ACTIVE,2015-05-26,10908.77,INR,2,28126.75,4,1,1,1
ACCT100011541,CUST0006412,SAVINGS,ACTIVE,2013-11-29,588189.1,AED,1,6419.06,3,2,1,1
ACCT100011542,CUST0007963,SALARY,ACTIVE,2017-03-07,40058.72,INR,1,6038.32,3,4,1,0
ACCT100011543,CUST0001441,NRE,ACTIVE,2012-10-23,74528.16,INR,3,228400.2,5,1,1,1
ACCT100011544,CUST0003802,CURRENT,ACTIVE,2019-04-08,22265.74,INR,2,44808.59,2,1,0,1
ACCT100011545,CUST0003564,NRO,ACTIVE,2019-09-14,96290.53,INR,1,93626.62,5,2,1,1
ACCT100011546,CUST0004645,SAVINGS,ACTIVE,2015-02-17,40354.94,USD,1,25721.97,1,1,1,1
ACCT100011547,CUST0002904,SAVINGS,ACTIVE,2018-12-29,4706.1,USD,1,13564.63,1,1,1,0
ACCT100011548,CUST0007482,SALARY,CLOSED,2020-10-16,5692.22,USD,1,5709.05,3,2,1,1
ACCT100011549,CUST0003615,CURRENT,ACTIVE,2021-03-15,34492.28,AED,1,27025.05,4,1,0,1
ACCT100011550,CUST0003247,CURRENT,ACTIVE,2017-03-30,4729.37,INR,1,13818.9,2,1,0,1
ACCT100011551,CUST0004930,SALARY,ACTIVE,2016-09-08,19526.43,AED,1,3572.6,4,1,1,1
ACCT100011552,CUST0001878,CURRENT,ACTIVE,2013-03-28,79553.84,USD,1,16174.23,4,1,1,1
ACCT100011553,CUST0001271,TRUST,ACTIVE,2015-10-27,136976.54,USD,1,12012.6,7,4,1,1
ACCT100011554,CUST0003708,NRO,ACTIVE,2017-05-25,42754.85,INR,1,124648.36,5,2,0,1
ACCT100011555,CUST0001664,CURRENT,ACTIVE,2015-07-04,11989.16,INR,1,401106.8,1,5,1,1
ACCT100011556,CUST0006610,SAVINGS,ACTIVE,2015-05-18,24445.19,INR,1,7283.38,4,2,1,1
ACCT100011557,CUST0006932,SAVINGS,DORMANT,2020-06-25,4555.24,INR,1,10696.8,1,1,1,1
ACCT100011558,CUST0004585,NRE,ACTIVE,2013-03-23,347479.28,INR,3,62760.5,5,1,0,1
ACCT100011559,CUST0000978, SALARY ,ACTIVE,2015-01-12,48294.03,INR,1,67494.32,4,1,0,1
ACCT100011560,CUST0006045,CURRENT,DORMANT,2017-03-06,78608.16,INR,1,502254.36,1,1,0,1
ACCT100011561,CUST0006132,SALARY,ACTIVE,2017-12-02,6586.34,USD,1,5283.72,3,3,1,1
ACCT100011562,CUST0000497,SALARY,ACTIVE,2013-11-04,7387.95,INR,2,38194.9,4,2,1,1
ACCT100011563,CUST0001305,SAVINGS,ACTIVE,2014-12-09,5094.8,AED,1,3897.58,1,1,0,1
ACCT100011564,CUST0004555,SHELL,ACTIVE,2014-03-04,947101.91,INR,1,55425.83,8,2,0,1
ACCT100011565,CUST0006628,CURRENT,ACTIVE,2016-03-19,20465.35,INR,1,10154.19,3,3,1,1
ACCT100011566,CUST0003596,SAVINGS,ACTIVE,2013-07-04,123319.85,INR,1,1866.12,3,1,1,1
ACCT100011567,CUST0001032,NRE,ACTIVE,2016-12-01,21674.07,INR,1,225610.88,4,1,1,1
ACCT100011568,CUST0002652,CURRENT,ACTIVE,2019-12-06,24836.67,SGD,1,68885.44,5,2,1,0
ACCT100011569,CUST0000959,savings,ACTIVE,2013-05-03,6395.85,INR,1,3781.4,4,3,1,0
ACCT100011570,CUST0002017,SALARY,ACTIVE,2020-08-08,15656.65,INR,1,8265.26,3,4,1,1
ACCT100011571,CUST0002109,SALARY,ACTIVE,2021-10-28,3756.24,INR,1,22967.74,1,3,1,1
ACCT100011572,CUST0001896,SALARY,ACTIVE,2018-09-08,28971.38,AED,1,1577.1,3,1,0,0
ACCT100011573,CUST0006987,SALARY,ACTIVE,2020-01-08,15813.83,INR,2,8985.91,1,1,1,1
ACCT100011574,CUST0000724,SAVINGS,ACTIVE,2016-09-02,28577.24,INR,1,2602.62,5,2,1,1
ACCT100011575,CUST0005342,SHELL,ACTIVE,2015-05-26,50897.17,GBP,1,3887768.6,7,1,0,1
ACCT100011576,CUST0001180,CURRENT,ACTIVE,2015-07-30,17596.71,INR,2,97918.1,3,2,1,0
ACCT100011577,CUST0000884,current,ACTIVE,2020-02-29,164319.99,INR,1,14058.6,5,1,1,1
ACCT100011578,CUST0002784,SAVINGS,ACTIVE,2018-10-18,3220.73,AED,3,2905.47,3,2,0,1
ACCT100011579,CUST0007823,SALARY,ACTIVE,2016-12-25,2974.73,AED,1,78997.14,1,1,0,0
ACCT100011580,CUST0002104,CURRENT,ACTIVE,2017-09-07,123582.31,INR,1,196485.83,5,1,1,1
ACCT100011581,CUST0002512,TRUST,ACTIVE,2020-10-31,63143.17,USD,2,374299.81,9,2,1,1
ACCT100011582,CUST0000645,CURRENT,ACTIVE,2012-05-12,4675.75,INR,1,10143.36,5,1,1,1
ACCT100011583,CUST0001982,SALARY,ACTIVE,2019-05-11,4011.02,INR,1,2434.14,3,1,1,1
ACCT100011584,CUST0001668,SALARY,ACTIVE,2017-06-21,217213.28,INR,1,14112.5,5,1,0,1
ACCT100011585,CUST0006043,NRE,ACTIVE,2015-10-14,24030.84,INR,2,1481077.97,5,1,1,0
ACCT100011586,CUST0002948,NRE,BLOCKED,2013-09-09,20928.41,AED,2,71241.7,4,1,1,1
ACCT100011587,CUST0004160,SAVINGS,ACTIVE,2014-04-24,178077.37,INR,2,22169.41,4,4,1,1
ACCT100011588,CUST0005585, NRO ,CLOSED,2015-01-28,168599.85,GBP,1,70549.79,4,5,0,1
ACCT100011589,CUST0003470,SAVINGS,ACTIVE,2020-09-12,27279.39,INR,1,68908.26,1,1,1,0
ACCT100011590,CUST0005377,SAVINGS,BLOCKED,2021-11-09,1275.63,INR,2,43685.72,4,1,1,1
ACCT100011591,CUST0001097,NRE,DORMANT,2016-03-08,16269.03,INR,1,257359.68,5,2,0,1
ACCT100011592,CUST0004127,SAVINGS,ACTIVE,2018-10-21,20832.85,USD,2,3904.36,5,1,1,0
ACCT100011593,CUST0006782,SAVINGS,ACTIVE,2014-04-25,2047.12,USD,1,6440.04,3,2,1,1
ACCT100011594,CUST0002956,SAVINGS,ACTIVE,2015-11-02,55586.4,USD,1,2437.32,3,3,1,0
ACCT100011595,CUST0004232,CURRENT,ACTIVE,2015-09-14,8972.56,USD,1,39229.11,3,1,1,0
ACCT100011596,CUST0005822,NRO,ACTIVE,2017-03-20,285015.06,INR,1,187293.52,6,2,1,1
ACCT100011597,CUST0007651,NRO,DORMANT,2012-05-29,54886.89,USD,1,25454.89,4,1,0,1
ACCT100011598,CUST0006119,current,ACTIVE,2017-12-19,20794.51,INR,1,23378.51,3,2,1,0
ACCT100011599,CUST0002199, SALARY ,ACTIVE,2014-06-26,1219.04,SGD,3,24046.48,3,1,1,1
ACCT100011600,CUST0005057,TRUST,ACTIVE,2014-01-16,9711052.7,INR,1,362932.24,8,3,0,1
ACCT100011601,CUST0004545,nre,ACTIVE,2018-05-25,46636.12,INR,2,314123.94,4,3,1,1
ACCT100011602,CUST0000334,SALARY,ACTIVE,2015-10-04,40459.83,AED,2,8617.85,2,2,0,0
ACCT100011603,CUST0004794,SAVINGS,ACTIVE,2015-02-05,2744.49,INR,1,16636.77,3,3,1,1
ACCT100011604,CUST0003630,CURRENT,ACTIVE,2017-04-15,453684.58,INR,1,12575.23,2,3,1,1
ACCT100011605,CUST0004839, NRO ,ACTIVE,2021-05-16,344480.09,INR,1,215267.48,5,3,1,1
ACCT100011606,CUST0007655,CURRENT,ACTIVE,2016-11-10,44523.23,INR,1,5771.82,5,2,0,1
ACCT100011607,CUST0001632,SAVINGS,ACTIVE,2016-11-15,6044.28,USD,2,11473.69,4,5,1,1
ACCT100011608,CUST0002789,SAVINGS,ACTIVE,2019-06-08,51865.7,INR,1,22599.77,4,3,1,0
ACCT100011609,CUST0000748,NRE,ACTIVE,2017-05-27,58093.06,USD,1,184047.55,5,1,1,1
ACCT100011610,CUST0004316,SAVINGS,DORMANT,2018-09-10,28300.11,SGD,1,2734.83,5,1,0,1
ACCT100011611,CUST0003190,SAVINGS,ACTIVE,2018-08-25,29653.35,INR,1,17763.43,4,2,1,1
ACCT100011612,CUST0005182,NRO,ACTIVE,2012-02-03,434536.77,INR,3,89009.52,4,1,1,1
ACCT100011613,CUST0005796,TRUST,ACTIVE,2014-02-23,317732.68,INR,3,1676696.2,8,1,1,1
ACCT100011614,CUST0003425,SHELL,ACTIVE,2020-04-21,76490.74,USD,1,789133.38,9,1,1,1
ACCT100011615,CUST0003675,CURRENT,ACTIVE,2012-01-12,1535.58,SGD,1,597596.88,2,1,1,1
ACCT100011616,CUST0003553,NRO,ACTIVE,2013-10-13,17783.75,USD,1,73767.18,5,3,1,1
ACCT100011617,CUST0005123,SAVINGS,ACTIVE,2018-02-27,108988.15,USD,1,14837.35,5,1,0,1
ACCT100011618,CUST0003860,SHELL,ACTIVE,2013-02-18,2197656.96,INR,1,4496184.06,10,4,1,1
ACCT100011619,CUST0000448,SAVINGS,ACTIVE,2017-09-10,60800.89,SGD,1,47352.34,2,1,1,0
ACCT100011620,CUST0000498,CURRENT,ACTIVE,2018-12-15,7565.83,AED,2,27751.47,1,1,1,1
ACCT100011621,CUST0000867,SALARY,ACTIVE,2021-10-01,21712.52,INR,1,5910.82,1,1,1,1
ACCT100011622,CUST0003390,SALARY,ACTIVE,2019-10-19,2567.1,INR,2,5412.48,5,1,0,1
ACCT100011623,CUST0004110,CURRENT,ACTIVE,2019-10-03,39459.73,INR,2,12042.19,3,3,0,1
ACCT100011624,CUST0006394,SAVINGS,ACTIVE,2014-03-18,2655.07,AED,2,38850.15,5,1,1,0
ACCT100011625,CUST0001995,TRUST,ACTIVE,2013-06-22,506911.48,AED,2,524232.78,7,1,0,1
ACCT100011626,CUST0005504,NRO,ACTIVE,2014-09-05,30345.64,INR,1,16710.21,6,4,1,1
ACCT100011627,CUST0001193,SAVINGS,ACTIVE,2018-06-13,51967.4,INR,1,2628.98,3,2,1,0
ACCT100011628,CUST0004981,NRE,ACTIVE,2021-09-24,366917.48,USD,1,72491.9,5,1,1,1
ACCT100011629,CUST0007618,SAVINGS,ACTIVE,2012-01-16,10615.57,INR,1,24262.31,2,3,1,0
ACCT100011630,CUST0001275,TRUST,ACTIVE,2012-04-10,27089.4,INR,1,264183.03,9,2,0,1
ACCT100011631,CUST0003191,SAVINGS,ACTIVE,2013-08-21,9565.13,INR,1,12032.53,4,4,1,0
ACCT100011632,CUST0004868,SAVINGS,ACTIVE,2014-08-11,17719.55,AED,1,2471.38,4,3,1,1
ACCT100011633,CUST0007421, NRE ,ACTIVE,2016-06-24,105220.36,AED,1,79288.54,5,2,0,1
ACCT100011634,CUST0005770,SAVINGS,ACTIVE,2019-02-24,19941.8,USD,3,26286.41,2,1,1,1
ACCT100011635,CUST0004679,NRO,ACTIVE,2021-09-13,229985.91,INR,1,237826.98,4,1,1,0
ACCT100011636,CUST0002587,SAVINGS,CLOSED,2015-09-05,5011.5,USD,2,18091.17,4,1,1,1
ACCT100011637,CUST0001954,NRO,CLOSED,2015-03-12,215223.68,SGD,1,10171.36,7,2,1,1
ACCT100011638,CUST0004165,CURRENT,ACTIVE,2015-08-07,169015.21,INR,2,8085.96,1,1,1,1
ACCT100011639,CUST0007592,SAVINGS,ACTIVE,2014-06-27,31799.7,INR,1,6971.62,2,1,1,1
ACCT100011640,CUST0004830,CURRENT,ACTIVE,2018-11-06,290734.85,INR,1,50194.38,1,4,0,1
ACCT100011641,CUST0006440,SALARY,ACTIVE,2018-07-15,3503.05,INR,1,39309.56,4,3,1,1
ACCT100011642,CUST0004585,current,ACTIVE,2019-03-01,4913.07,INR,1,27242.14,3,1,1,1
ACCT100011643,CUST0000538,NRO,ACTIVE,2020-09-08,453105.96,INR,1,50767.51,7,1,1,1
ACCT100011644,CUST0007369,NRE,ACTIVE,2019-05-18,176407.84,INR,1,147438.54,4,1,1,1
ACCT100011645,CUST0000947,SAVINGS,ACTIVE,2017-12-24,16633.72,INR,1,144985.98,5,1,1,1
ACCT100011646,CUST0003363,SAVINGS,ACTIVE,2014-07-15,135172.06,USD,1,134073.08,2,2,1,0
ACCT100011647,CUST0000646,CURRENT,BLOCKED,2014-06-08,7066.5,AED,1,409286.86,4,2,1,1
ACCT100011648,CUST0000957,SALARY,ACTIVE,2020-09-10,2880.05,USD,1,17753.94,5,1,1,1
ACCT100011649,CUST0003033,NRO,ACTIVE,2014-11-18,772044.76,GBP,1,59687.49,6,1,1,1
ACCT100011650,CUST0005106,NRO,ACTIVE,2019-07-13,42610.41,USD,1,54085.88,5,1,1,0
ACCT100011651,CUST0003051,SAVINGS,ACTIVE,2012-01-15,4267.45,AED,2,2054.78,4,2,0,1
ACCT100011652,CUST0007532,NRE,ACTIVE,2018-06-14,254280.09,USD,1,46365.53,7,5,1,1
ACCT100011653,CUST0003018, SAVINGS ,ACTIVE,2017-04-01,50979.14,INR,2,28109.08,4,2,1,0
ACCT100011654,CUST0006333,NRO,DORMANT,2013-02-26,56247.68,INR,2,73923.03,4,2,1,1
ACCT100011655,CUST0006908,CURRENT,ACTIVE,2016-08-10,54026.56,INR,1,148309.08,2,1,1,1
ACCT100011656,CUST0005523,SAVINGS,ACTIVE,2016-12-30,23912.16,INR,2,3808.68,5,1,0,1
ACCT100011657,CUST0003107,SHELL,ACTIVE,2014-08-26,1393169.26,SGD,1,316657.41,9,3,1,1
ACCT100011658,CUST0002663,SAVINGS,ACTIVE,2012-10-01,32597.9,USD,1,5164.31,5,4,1,0
ACCT100011659,CUST0002202,SAVINGS,ACTIVE,2013-06-27,27280.05,INR,2,1609.41,5,1,0,1
ACCT100011660,CUST0005101,CURRENT,ACTIVE,2016-05-01,10589.73,INR,1,53561.42,5,1,1,1
ACCT100011661,CUST0007203,SAVINGS,ACTIVE,2018-11-15,12210.12,AED,1,5955.93,5,1,1,0
ACCT100011662,CUST0003891,NRE,ACTIVE,2016-09-10,31351.58,INR,1,246290.53,5,1,1,1
ACCT100011663,CUST0007356,CURRENT,BLOCKED,2015-06-04,215245.76,USD,1,21071.34,4,1,1,0
ACCT100011664,CUST0005619,CURRENT,ACTIVE,2018-05-08,26303.24,GBP,2,18769.34,2,3,1,1
ACCT100011665,CUST0001347,CURRENT,ACTIVE,2013-07-23,57238.21,INR,1,257106.12,2,2,1,1
ACCT100011666,CUST0000645,TRUST,ACTIVE,2012-05-28,276179.87,USD,1,158777.73,7,1,1,1
ACCT100011667,CUST0004781,CURRENT,ACTIVE,2013-04-27,21857.4,USD,1,4641.54,2,2,1,1
ACCT100011668,CUST0004668,NRE,ACTIVE,2017-02-12,124860.18,INR,2,411600.62,6,3,0,1
ACCT100011669,CUST0002492,SAVINGS,ACTIVE,2019-08-18,2747.33,INR,1,3084.94,5,1,1,0
ACCT100011670,CUST0007965,NRE,ACTIVE,2016-05-03,70702.34,INR,2,65498.24,7,3,1,1
ACCT100011671,CUST0005109,SAVINGS,ACTIVE,2017-11-09,13049.81,INR,1,9155.17,4,1,1,0
ACCT100011672,CUST0005875,NRE,ACTIVE,2018-06-24,349549.52,INR,3,79660.22,5,4,1,0
ACCT100011673,CUST0000172,NRO,ACTIVE,2018-04-11,25769.1,USD,1,228003.91,5,1,1,1
ACCT100011674,CUST0003322,SAVINGS,CLOSED,2021-02-20,158335.39,INR,1,18218.49,3,1,1,0
ACCT100011675,CUST0002274,SAVINGS,ACTIVE,2014-10-14,1673.94,AED,3,9081.18,4,1,1,1
ACCT100011676,CUST0005908,NRE,ACTIVE,2013-12-06,863320.5,AED,1,97463.76,5,1,0,1
ACCT100011677,CUST0000592,NRE,ACTIVE,2021-07-26,32482.47,INR,3,666354.68,4,3,1,1
ACCT100011678,CUST0001206,NRE,ACTIVE,2021-05-16,20087.25,INR,1,416613.34,7,1,1,1
ACCT100011679,CUST0001505,NRE,ACTIVE,2015-08-06,63468.06,USD,1,131448.81,7,1,1,1
ACCT100011680,CUST0000440,CURRENT,ACTIVE,2012-07-19,122094.59,USD,2,53264.46,3,3,1,0
ACCT100011681,CUST0003000,TRUST,BLOCKED,2018-11-16,21994.13,INR,1,140100.07,7,1,1,1
ACCT100011682,CUST0005800,NRO,DORMANT,2018-02-10,41194.1,INR,1,17520.29,4,4,1,0
ACCT100011683,CUST0002966,SAVINGS,ACTIVE,2013-05-13,22461.55,INR,1,7715.03,4,1,1,0
ACCT100011684,CUST0005167,SAVINGS,ACTIVE,2012-03-06,8937.37,USD,2,44546.51,4,4,0,1
ACCT100011685,CUST0005711,NRO,ACTIVE,2015-04-17,60017.64,USD,1,79970.75,7,2,1,1
ACCT100011686,CUST0007868,SAVINGS,ACTIVE,2020-03-20,33611.14,INR,3,6754.26,3,1,0,1
ACCT100011687,CUST0007588,SALARY,ACTIVE,2020-04-12,42284.95,AED,1,6523.04,4,1,1,1
ACCT100011688,CUST0004338,SALARY,ACTIVE,2017-01-21,7409.01,INR,3,15207.54,1,1,1,1
ACCT100011689,CUST0000598,SALARY,ACTIVE,2012-12-21,18985.71,INR,1,116566.76,3,3,1,0
ACCT100011690,CUST0005154,SALARY,DORMANT,2019-08-09,28477.74,INR,1,1628.53,1,1,1,0
ACCT100011691,CUST0001273,SAVINGS,ACTIVE,2019-05-25,2659.15,INR,1,16122.6,5,3,1,1
ACCT100011692,CUST0004185,SALARY,ACTIVE,2018-03-13,9695.68,INR,1,10416.92,3,1,0,0
ACCT100011693,CUST0006364,CURRENT,ACTIVE,2021-10-09,3897.22,SGD,2,100309.97,5,1,0,1
ACCT100011694,CUST0000546,CURRENT,ACTIVE,2012-02-20,398349.83,USD,1,13047.48,2,2,0,0
ACCT100011695,CUST0006485,CURRENT,ACTIVE,2017-05-13,199759.13,USD,2,5801.71,1,1,1,1
ACCT100011696,CUST0006811,SALARY,DORMANT,2018-04-29,5228.36,INR,1,48831.01,1,5,1,1
ACCT100011697,CUST0005441,NRE,ACTIVE,2013-08-08,248136.61,INR,3,691116.55,6,2,1,1
ACCT100011698,CUST0000285,SALARY,ACTIVE,2015-02-22,211.69,USD,1,5557.95,4,3,0,1
ACCT100011699,CUST0006136,CURRENT,ACTIVE,2014-08-08,600257.02,USD,1,3710.52,4,2,1,1
ACCT100011700,CUST0001568, SAVINGS ,ACTIVE,2020-01-09,5772.55,AED,1,18130.3,5,3,1,1
ACCT100011701,CUST0005689,SAVINGS,ACTIVE,2012-12-06,42143.01,INR,2,14651.2,1,4,1,1
ACCT100011702,CUST0001421,SAVINGS,DORMANT,2016-05-27,2924.16,INR,1,11978.31,5,1,1,1
ACCT100011703,CUST0002253,SAVINGS,ACTIVE,2020-12-31,177511.77,AED,1,11455.66,5,5,0,1
ACCT100011704,CUST0003620,SAVINGS,CLOSED,2012-11-09,18995.5,AED,1,6056.11,3,2,1,1
ACCT100011705,CUST0002829,NRO,DORMANT,2019-11-16,3297.93,INR,1,111266.22,4,2,1,1
ACCT100011706,CUST0003118,SAVINGS,ACTIVE,2015-02-11,28071.28,INR,2,147515.39,3,4,1,1
ACCT100011707,CUST0006789, SAVINGS ,ACTIVE,2012-05-13,17231.35,INR,1,3025.23,3,1,1,1
ACCT100011708,CUST0004986,SALARY,ACTIVE,2016-03-13,2463.33,INR,1,10346.78,3,3,1,0
ACCT100011709,CUST0000565,CURRENT,ACTIVE,2021-03-02,127230.65,INR,1,23369.15,2,3,1,1
ACCT100011710,CUST0001354,nre,ACTIVE,2018-07-03,103198.24,INR,1,99126.8,5,1,1,1
ACCT100011711,CUST0005487,SAVINGS,ACTIVE,2021-02-01,50877.46,INR,1,18891.63,4,1,1,1
ACCT100011712,CUST0002577,CURRENT,ACTIVE,2021-03-14,18602.22,GBP,1,9514.06,2,2,1,0
ACCT100011713,CUST0006786,SAVINGS,ACTIVE,2014-03-21,10255.37,USD,1,7713.55,2,2,1,1
ACCT100011714,CUST0000482,SALARY,ACTIVE,2018-11-09,10992.55,AED,1,616.01,1,2,1,1
ACCT100011715,CUST0005968,SALARY,ACTIVE,2019-01-09,20032.89,INR,1,14332.83,4,1,1,1
ACCT100011716,CUST0007577,NRE,ACTIVE,2018-12-17,118314.15,USD,3,21425.33,6,2,1,1
ACCT100011717,CUST0005639,CURRENT,ACTIVE,2020-02-10,155226.55,INR,1,35810.71,4,4,0,1
ACCT100011718,CUST0006562,SAVINGS,ACTIVE,2019-11-24,1277.5,USD,2,11103.16,5,2,0,0
ACCT100011719,CUST0001178,TRUST,ACTIVE,2017-06-09,4911282.1,INR,1,200759.13,7,1,1,1
ACCT100011720,CUST0004989,current,ACTIVE,2019-06-22,191430.82,USD,3,114116.26,3,1,1,1
ACCT100011721,CUST0005434,SAVINGS,ACTIVE,2018-06-11,57209.03,USD,1,55211.78,5,1,1,1
ACCT100011722,CUST0003645,SALARY,ACTIVE,2019-10-29,13689.54,INR,1,30721.32,1,4,1,0
ACCT100011723,CUST0002932,SAVINGS,ACTIVE,2020-10-21,5372.29,INR,2,11055.93,1,1,1,1
ACCT100011724,CUST0003476,CURRENT,ACTIVE,2019-07-21,167457.58,INR,1,6334.62,1,4,1,1
ACCT100011725,CUST0001514,CURRENT,DORMANT,2013-03-30,116007.08,USD,1,24866.46,2,2,0,1
ACCT100011726,CUST0007745,NRO,ACTIVE,2015-06-02,50572.23,SGD,2,25206.28,6,1,1,0
ACCT100011727,CUST0003145,SALARY,ACTIVE,2015-01-08,8990.39,INR,1,35582.18,1,3,1,1
ACCT100011728,CUST0004979,CURRENT,ACTIVE,2013-02-11,36890.94,SGD,1,305838.06,5,2,1,1
ACCT100011729,CUST0001174,CURRENT,ACTIVE,2015-02-18,12533.47,AED,1,72377.81,4,1,1,1
ACCT100011730,CUST0001403,TRUST,ACTIVE,2019-09-18,769757.61,AED,1,112574.76,7,1,1,0
ACCT100011731,CUST0001119,NRE,ACTIVE,2013-08-12,98616.37,AED,2,358662.1,6,1,1,0
ACCT100011732,CUST0002449,SAVINGS,ACTIVE,2018-11-10,29292.95,INR,1,29930.97,1,2,1,1
ACCT100011733,CUST0005055,CURRENT,ACTIVE,2020-04-14,64209.63,SGD,1,108178.49,5,1,0,1
ACCT100011734,CUST0006261,CURRENT,BLOCKED,2014-10-05,3489.51,AED,1,54622.97,3,2,1,0
ACCT100011735,CUST0004290,SAVINGS,DORMANT,2021-03-19,89779.64,INR,1,5859.42,4,2,1,1
ACCT100011736,CUST0000656,SAVINGS,ACTIVE,2012-06-13,375286.02,INR,1,43945.19,2,2,0,1
ACCT100011737,CUST0002487,CURRENT,ACTIVE,2021-02-26,15106.22,INR,1,2524.87,2,1,1,1
ACCT100011738,CUST0003512,SALARY,DORMANT,2020-04-18,10416.55,USD,1,1274.06,3,1,1,1
ACCT100011739,CUST0000939,TRUST,ACTIVE,2020-12-13,2966433.93,USD,2,85750.78,7,2,1,1
ACCT100011740,CUST0002506,SHELL,ACTIVE,2016-02-05,1389232.0,INR,2,105374.14,9,2,1,1
ACCT100011741,CUST0004234,NRO,ACTIVE,2012-10-03,6414.97,USD,2,19406.67,4,5,1,1
ACCT100011742,CUST0000949,SALARY,ACTIVE,2019-08-14,7540.66,INR,2,2440.08,3,5,1,1
ACCT100011743,CUST0000828,SAVINGS,ACTIVE,2018-02-11,8933.78,SGD,1,54091.5,3,3,0,1
ACCT100011744,CUST0006233,SAVINGS,ACTIVE,2020-03-03,4609.06,INR,1,14082.69,2,2,1,1
ACCT100011745,CUST0006518,SAVINGS,ACTIVE,2018-07-25,11867.36,INR,1,121921.11,2,2,1,1
ACCT100011746,CUST0005731,SAVINGS,DORMANT,2018-06-21,44405.99,INR,3,10825.14,4,1,1,1
ACCT100011747,CUST0004879,CURRENT,ACTIVE,2013-04-05,12593.31,INR,2,23077.97,1,1,1,1
ACCT100011748,CUST0007379,savings,ACTIVE,2014-01-26,77369.46,INR,1,15641.25,1,1,1,1
ACCT100011749,CUST0003972,CURRENT,ACTIVE,2019-03-02,231318.64,INR,1,7566.66,4,1,1,1
ACCT100011750,CUST0002479,TRUST,ACTIVE,2016-02-26,194133.64,INR,1,1203441.42,10,1,0,1
ACCT100011751,CUST0006391,salary,ACTIVE,2016-05-30,2883.21,INR,1,9856.74,5,1,1,1
ACCT100011752,CUST0002838,SALARY,ACTIVE,2013-01-16,80233.78,INR,2,2640.82,2,2,1,1
ACCT100011753,CUST0006180,CURRENT,ACTIVE,2014-03-08,2512.16,SGD,1,4198.87,5,1,1,1
ACCT100011754,CUST0006166,SHELL,ACTIVE,2020-08-25,3028346.35,AED,1,510093.42,8,1,0,1
ACCT100011755,CUST0005779,SAVINGS,ACTIVE,2016-04-09,46566.82,USD,1,14612.71,1,3,1,1
ACCT100011756,CUST0007241,SHELL,ACTIVE,2017-09-06,3553965.3,INR,1,448277.94,8,5,1,1
ACCT100011757,CUST0006143,CURRENT,ACTIVE,2017-09-08,1005.81,INR,1,19108.18,2,1,1,1
ACCT100011758,CUST0007179,TRUST,ACTIVE,2017-06-10,364086.14,INR,3,683320.49,9,2,1,0
ACCT100011759,CUST0002816,SALARY,ACTIVE,2015-11-21,2965.78,INR,1,203.62,1,2,0,1
ACCT100011760,CUST0001366,SAVINGS,ACTIVE,2012-08-07,20106.84,AED,2,24015.75,4,1,1,1
ACCT100011761,CUST0004079,NRE,ACTIVE,2018-05-21,249544.69,INR,3,76188.51,7,2,1,0
ACCT100011762,CUST0005570,SAVINGS,ACTIVE,2015-05-20,284812.22,INR,1,40491.48,2,2,1,1
ACCT100011763,CUST0006671,NRE,ACTIVE,2021-01-12,28455.87,INR,1,67081.64,4,1,1,1
ACCT100011764,CUST0006429,SAVINGS,ACTIVE,2017-12-25,5700.4,USD,3,11185.4,5,2,1,1
ACCT100011765,CUST0001679,SAVINGS,ACTIVE,2020-05-18,2888.67,INR,2,12153.29,1,2,1,1
ACCT100011766,CUST0005995,CURRENT,ACTIVE,2013-12-31,106391.32,INR,1,12872.18,3,1,1,1
ACCT100011767,CUST0006226,SAVINGS,ACTIVE,2019-10-20,217212.03,INR,2,7448.92,1,1,1,1
ACCT100011768,CUST0004426,NRE,ACTIVE,2013-08-25,179329.63,USD,1,362793.63,6,1,1,0
ACCT100011769,CUST0007863,CURRENT,ACTIVE,2014-09-13,28038.56,INR,1,1269264.16,2,3,0,1
ACCT100011770,CUST0005331,SALARY,BLOCKED,2016-03-17,88715.59,INR,1,8791.35,5,1,1,1
ACCT100011771,CUST0004721,SAVINGS,ACTIVE,2014-02-18,48590.59,USD,2,10612.23,3,2,1,0
ACCT100011772,CUST0007995,SAVINGS,ACTIVE,2014-05-26,437.61,AED,2,10627.01,3,1,1,1
ACCT100011773,CUST0000957,SHELL,ACTIVE,2015-08-26,2337435.87,SGD,1,944973.88,10,1,1,1
ACCT100011774,CUST0001354,SAVINGS,ACTIVE,2015-01-16,9084.76,INR,3,53516.23,4,1,1,1
ACCT100011775,CUST0000953,NRE,ACTIVE,2014-10-21,26742.66,INR,1,48387.56,5,2,1,1
ACCT100011776,CUST0001371,SALARY,ACTIVE,2021-05-31,97119.62,INR,1,1468.02,2,2,1,1
ACCT100011777,CUST0007062,NRE,ACTIVE,2019-08-22,38699.87,INR,1,29273.66,5,1,1,1
ACCT100011778,CUST0006001,SALARY,ACTIVE,2013-04-19,2524.79,INR,1,4787.4,3,1,0,1
ACCT100011779,CUST0003486,CURRENT,DORMANT,2016-06-22,6912.29,INR,1,95460.47,1,1,1,1
ACCT100011780,CUST0006681,CURRENT,ACTIVE,2018-06-18,9350.36,INR,1,7815.83,4,1,1,0
ACCT100011781,CUST0003279,CURRENT,ACTIVE,2013-06-08,14891.54,USD,1,8596.24,1,1,1,1
ACCT100011782,CUST0006467,SAVINGS,ACTIVE,2016-08-20,19917.57,INR,1,118981.14,5,2,1,1
ACCT100011783,CUST0005769,SALARY,ACTIVE,2013-08-13,3440.25,INR,3,3614.33,5,1,1,1
ACCT100011784,CUST0005026,SAVINGS,ACTIVE,2016-10-31,11080.58,INR,2,35647.96,5,2,0,1
ACCT100011785,CUST0004577,CURRENT,ACTIVE,2012-12-19,21967.37,USD,2,27627.52,2,1,1,1
ACCT100011786,CUST0007232,salary,ACTIVE,2014-08-24,12756.41,INR,1,20998.97,3,1,1,0
ACCT100011787,CUST0002711,NRE,ACTIVE,2020-12-14,593105.65,INR,2,26988.81,5,3,0,1
ACCT100011788,CUST0000138,CURRENT,BLOCKED,2016-04-08,22695.64,INR,1,4005.06,4,3,1,1
ACCT100011789,CUST0000893,SALARY,ACTIVE,2020-07-05,12261.05,INR,1,53666.84,5,1,1,1
ACCT100011790,CUST0003042,SALARY,ACTIVE,2013-09-28,5681.05,INR,1,1420.81,5,1,0,1
ACCT100011791,CUST0000686,current,ACTIVE,2017-10-16,233532.47,INR,2,15111.55,5,3,0,1
ACCT100011792,CUST0007475,SAVINGS,CLOSED,2015-02-27,2538.7,INR,2,40499.89,2,1,0,1
ACCT100011793,CUST0005694,SAVINGS,ACTIVE,2020-01-30,378246.7,USD,2,10781.91,5,1,1,1
ACCT100011794,CUST0006695,SAVINGS,ACTIVE,2013-09-02,3020.07,INR,1,22783.22,4,2,1,1
ACCT100011795,CUST0000321,NRE,ACTIVE,2021-11-20,1910866.94,INR,1,1228991.47,7,4,1,1
ACCT100011796,CUST0005960,NRE,ACTIVE,2018-07-19,63234.63,INR,1,243779.91,7,2,1,1
ACCT100011797,CUST0007527,TRUST,ACTIVE,2016-10-20,145191.25,INR,1,277596.1,9,3,0,0
ACCT100011798,CUST0000078,SALARY,ACTIVE,2014-04-29,2764.78,INR,1,1625.29,2,2,0,1
ACCT100011799,CUST0007619,current,ACTIVE,2016-07-25,15550.07,AED,1,91518.12,5,1,1,1
ACCT100011800,CUST0003276,TRUST,DORMANT,2014-06-22,66438.58,USD,1,26524.04,9,1,1,1
ACCT100011801,CUST0001870,NRO,ACTIVE,2012-05-02,174362.27,INR,1,56575.74,7,2,0,1
ACCT100011802,CUST0007733,SALARY,ACTIVE,2019-02-04,2079.7,INR,1,2928.73,2,1,1,1
ACCT100011803,CUST0004523,NRE,ACTIVE,2021-09-30,6093.28,AED,3,84170.7,4,2,1,1
ACCT100011804,CUST0000126,SAVINGS,ACTIVE,2019-06-21,3229.03,SGD,2,3448.65,5,1,1,0
ACCT100011805,CUST0001916,CURRENT,ACTIVE,2017-03-04,74609.66,USD,1,78114.17,3,2,1,1
ACCT100011806,CUST0004882,current,BLOCKED,2018-05-16,229435.58,USD,2,18516.73,3,1,0,1
ACCT100011807,CUST0004642,NRE,ACTIVE,2020-11-30,3073017.37,USD,1,711109.0,6,3,1,0
ACCT100011808,CUST0005385,NRO,ACTIVE,2019-11-17,203221.74,AED,1,28994.26,6,2,1,1
ACCT100011809,CUST0001914,CURRENT,ACTIVE,2019-05-15,473422.64,AED,1,81356.8,5,1,0,1
ACCT100011810,CUST0002946,CURRENT,ACTIVE,2018-06-27,305764.84,INR,1,59699.42,1,1,1,1
ACCT100011811,CUST0005519,SAVINGS,ACTIVE,2020-05-07,1940.86,INR,1,17222.81,4,1,1,1
ACCT100011812,CUST0001417,NRO,ACTIVE,2015-12-22,347493.01,GBP,1,68270.35,6,1,1,1
ACCT100011813,CUST0000316,SAVINGS,BLOCKED,2012-09-08,18653.21,INR,1,954.72,5,1,0,1
ACCT100011814,CUST0003723,NRO,ACTIVE,2018-10-05,1616253.14,INR,1,93902.37,4,1,1,1
ACCT100011815,CUST0002749,SALARY,ACTIVE,2013-07-05,4101.1,AED,1,43376.58,1,4,1,1
ACCT100011816,CUST0003774,SAVINGS,ACTIVE,2021-07-25,89111.46,INR,1,25575.34,3,5,1,1
ACCT100011817,CUST0000149,CURRENT,ACTIVE,2018-12-27,582777.59,INR,1,3353.07,3,1,1,1
ACCT100011818,CUST0002113,SAVINGS,ACTIVE,2017-09-11,20979.47,INR,1,25905.84,4,2,0,1
ACCT100011819,CUST0001940,SALARY,ACTIVE,2017-09-15,80484.8,AED,1,1613.32,3,1,1,1
ACCT100011820,CUST0007514,NRE,ACTIVE,2015-02-05,38335.98,USD,1,280386.58,7,1,1,1
ACCT100011821,CUST0000500,SALARY,ACTIVE,2012-11-04,17693.91,INR,1,46800.35,3,2,1,1
ACCT100011822,CUST0006345,SAVINGS,ACTIVE,2015-04-24,172728.02,INR,2,3777.63,4,1,0,0
ACCT100011823,CUST0005968,SALARY,ACTIVE,2014-12-15,61370.77,USD,1,10244.83,1,1,1,1
ACCT100011824,CUST0004659,NRE,ACTIVE,2014-01-16,141511.99,INR,1,257380.63,5,4,1,0
ACCT100011825,CUST0006618,nro,ACTIVE,2018-04-26,6095.62,USD,1,738565.36,6,3,0,0
ACCT100011826,CUST0005757,SALARY,ACTIVE,2013-06-27,1072.36,INR,1,22943.12,2,4,1,1
ACCT100011827,CUST0001928,CURRENT,ACTIVE,2016-06-25,6085.95,INR,1,97404.43,3,2,1,1
ACCT100011828,CUST0005979,SHELL,DORMANT,2017-08-08,561764.37,USD,1,2293014.8,9,1,1,1
ACCT100011829,CUST0002378,NRE,CLOSED,2017-12-05,97853.75,INR,1,2975620.92,6,2,1,1
ACCT100011830,CUST0007727,NRE,ACTIVE,2013-10-20,74131.3,GBP,2,16215.11,7,3,0,1
ACCT100011831,CUST0002831,nro,ACTIVE,2012-12-18,74995.77,AED,2,1583310.75,4,1,1,1
ACCT100011832,CUST0003314,SALARY,ACTIVE,2017-10-16,3711.34,USD,1,20119.89,3,1,1,1
ACCT100011833,CUST0005523, CURRENT ,ACTIVE,2015-10-26,40428.12,INR,1,36033.07,4,4,1,1
ACCT100011834,CUST0005272,CURRENT,DORMANT,2019-08-10,4750.16,USD,2,134401.8,5,1,0,1
ACCT100011835,CUST0006925,NRE,ACTIVE,2020-11-22,361287.29,INR,2,206357.61,4,2,0,0
ACCT100011836,CUST0005742,CURRENT,ACTIVE,2012-02-12,2957822.57,USD,1,35146.66,3,5,1,1
ACCT100011837,CUST0003838,NRO,ACTIVE,2020-04-16,287265.88,USD,1,57548.36,6,1,0,0
ACCT100011838,CUST0004396,SAVINGS,ACTIVE,2015-07-23,637556.53,INR,1,8760.52,3,2,1,1
ACCT100011839,CUST0005511,NRE,DORMANT,2016-06-10,1670538.42,AED,1,118609.53,7,3,1,1
ACCT100011840,CUST0007751,SAVINGS,ACTIVE,2017-09-28,4111.44,INR,1,9712.75,5,1,0,1
ACCT100011841,CUST0007908, CURRENT ,ACTIVE,2019-02-21,17059.37,INR,1,66443.28,3,1,0,1
ACCT100011842,CUST0003888,SAVINGS,ACTIVE,2012-07-21,4445.27,INR,1,2674.09,4,3,1,1
ACCT100011843,CUST0004188,CURRENT,ACTIVE,2012-04-10,1259580.9,INR,2,7051.47,3,1,1,1
ACCT100011844,CUST0007012, CURRENT ,ACTIVE,2016-02-26,242927.55,INR,1,11885.49,3,2,1,1
ACCT100011845,CUST0007951,SAVINGS,DORMANT,2015-08-12,20049.7,INR,1,8084.86,4,2,1,1
ACCT100011846,CUST0005731,CURRENT,ACTIVE,2015-07-13,24382.07,INR,2,8926.93,3,1,0,1
ACCT100011847,CUST0007564,SAVINGS,ACTIVE,2015-07-15,402.08,INR,1,13760.15,4,1,1,1
ACCT100011848,CUST0006684, CURRENT ,ACTIVE,2015-05-30,64234.22,USD,2,76340.94,2,2,1,0
ACCT100011849,CUST0001503,SALARY,ACTIVE,2012-10-23,17024.18,INR,1,2464.56,3,2,1,1
ACCT100011850,CUST0005690,SAVINGS,ACTIVE,2014-08-11,7045.08,INR,1,1838.84,5,3,1,1
ACCT100011851,CUST0000543,CURRENT,ACTIVE,2021-08-03,16386.98,USD,1,62064.89,2,1,1,1
ACCT100011852,CUST0004940,CURRENT,ACTIVE,2014-05-23,104288.33,SGD,1,34508.2,3,1,1,1
ACCT100011853,CUST0002385,NRE,ACTIVE,2015-08-20,89127.11,INR,1,39800.48,5,3,1,1
ACCT100011854,CUST0001412,SALARY,ACTIVE,2015-08-21,5656.37,INR,1,4712.45,5,3,1,0
ACCT100011855,CUST0004922,NRE,ACTIVE,2017-09-28,177378.69,USD,1,75497.16,4,1,1,1
ACCT100011856,CUST0007883,SAVINGS,ACTIVE,2012-11-25,34442.63,USD,1,35693.85,3,1,1,1
ACCT100011857,CUST0002913,SAVINGS,ACTIVE,2018-01-14,29162.44,INR,1,4579.8,5,1,1,1
ACCT100011858,CUST0004282,TRUST,ACTIVE,2014-02-25,327296.12,USD,3,414010.46,9,2,1,0
ACCT100011859,CUST0005864, SALARY ,DORMANT,2017-03-10,33355.16,GBP,1,14821.65,5,1,1,1
ACCT100011860,CUST0006359,CURRENT,ACTIVE,2018-07-30,8407.49,AED,2,18619.34,5,1,1,1
ACCT100011861,CUST0003918,CURRENT,ACTIVE,2017-10-21,52387.15,GBP,2,17439.64,5,3,0,0
ACCT100011862,CUST0000075,SALARY,BLOCKED,2012-01-24,155544.55,INR,1,15766.71,3,1,1,1
ACCT100011863,CUST0006102,NRO,ACTIVE,2017-04-11,4981.78,USD,1,392394.66,6,2,1,0
ACCT100011864,CUST0006272,CURRENT,ACTIVE,2013-05-07,66648.77,USD,1,168965.94,2,1,1,1
ACCT100011865,CUST0000297,SAVINGS,ACTIVE,2015-05-25,8230.26,INR,3,4957.03,5,1,0,1
ACCT100011866,CUST0000106,NRO,DORMANT,2017-07-25,81407.41,USD,2,54683.54,7,1,1,1
ACCT100011867,CUST0003913,CURRENT,DORMANT,2012-08-13,167870.68,INR,1,69086.97,2,1,1,1
ACCT100011868,CUST0003428,NRO,DORMANT,2013-09-08,82119.93,AED,1,199590.23,6,1,1,1
ACCT100011869,CUST0006193,NRE,ACTIVE,2019-12-01,510971.75,INR,1,759887.46,6,1,1,1
ACCT100011870,CUST0006175,CURRENT,ACTIVE,2015-05-21,17371.49,INR,1,78574.49,3,3,0,1
ACCT100011871,CUST0003880,SAVINGS,ACTIVE,2016-01-08,8805.05,INR,1,10038.74,5,1,0,1
ACCT100011872,CUST0003526,CURRENT,ACTIVE,2017-03-27,37502.31,USD,1,96309.3,5,3,0,1
ACCT100011873,CUST0004460,SAVINGS,ACTIVE,2014-09-19,46367.97,USD,1,1300.3,4,3,1,1
ACCT100011874,CUST0001556,NRE,ACTIVE,2016-09-28,9258.16,INR,1,306994.16,7,1,1,1
ACCT100011875,CUST0001353,SAVINGS,ACTIVE,2021-01-28,11889.48,SGD,1,31708.95,4,4,0,1
ACCT100011876,CUST0005480, TRUST ,ACTIVE,2019-01-13,708385.43,INR,1,315536.47,8,2,0,1
ACCT100011877,CUST0003668,CURRENT,ACTIVE,2019-11-14,443210.89,INR,1,21777.61,4,1,1,1
ACCT100011878,CUST0000724,CURRENT,ACTIVE,2018-11-12,11664.33,INR,2,10146.04,1,1,1,1
ACCT100011879,CUST0000637,NRE,ACTIVE,2018-03-04,23609.34,INR,1,431201.98,4,3,0,1
ACCT100011880,CUST0003364,CURRENT,ACTIVE,2014-07-31,33786.05,GBP,1,111966.07,3,2,0,1
ACCT100011881,CUST0002369,CURRENT,ACTIVE,2013-11-21,52803.81,INR,1,2718.11,1,2,1,1
ACCT100011882,CUST0004395,SAVINGS,ACTIVE,2019-10-04,17112.35,INR,1,50599.71,1,5,0,1
ACCT100011883,CUST0005347,SALARY,ACTIVE,2016-05-18,4876.47,USD,1,1755.11,3,3,1,1
ACCT100011884,CUST0007849,CURRENT,ACTIVE,2020-07-10,4568.03,INR,2,65252.41,3,1,1,1
ACCT100011885,CUST0000331,CURRENT,ACTIVE,2017-02-20,34303.48,INR,2,83487.28,4,3,0,1
ACCT100011886,CUST0007036,SAVINGS,ACTIVE,2017-04-29,48800.21,INR,2,19853.09,3,4,1,1
ACCT100011887,CUST0003779,SAVINGS,ACTIVE,2015-09-01,39438.6,USD,1,1134.88,4,1,0,1
ACCT100011888,CUST0004400,CURRENT,DORMANT,2018-02-26,4460.75,INR,1,20230.08,3,1,1,1
ACCT100011889,CUST0005062,NRE,ACTIVE,2020-04-03,18661.52,SGD,1,504607.35,7,1,0,1
ACCT100011890,CUST0000213,SALARY,ACTIVE,2018-01-16,9323.3,SGD,3,5532.82,1,2,1,1
ACCT100011891,CUST0003657,CURRENT,ACTIVE,2021-08-21,78260.01,SGD,1,9511.7,4,1,1,1
ACCT100011892,CUST0002674,SAVINGS,ACTIVE,2017-01-01,59543.25,INR,2,43188.81,3,1,1,1
ACCT100011893,CUST0006740,SAVINGS,ACTIVE,2021-07-07,53344.96,INR,1,5169.35,4,1,0,1
ACCT100011894,CUST0001363,SAVINGS,ACTIVE,2017-05-30,2067.57,INR,1,15047.88,2,2,1,1
ACCT100011895,CUST0003034,CURRENT,DORMANT,2018-06-25,526811.35,INR,3,93331.97,1,1,1,1
ACCT100011896,CUST0005437,SAVINGS,ACTIVE,2012-04-19,15189.9,USD,1,26044.27,5,2,0,1
ACCT100011897,CUST0005006,TRUST,ACTIVE,2017-04-24,298194.46,INR,1,230795.46,10,4,0,0
ACCT100011898,CUST0001432,SALARY,ACTIVE,2021-02-17,188583.83,INR,1,1936.16,3,1,1,1
ACCT100011899,CUST0001347,nro,DORMANT,2016-08-10,1439581.34,USD,2,68092.28,7,1,1,0
ACCT100011900,CUST0007853,SAVINGS,ACTIVE,2014-04-26,5123.97,INR,2,2437.72,3,2,1,1
ACCT100011901,CUST0004956,SAVINGS,ACTIVE,2012-07-04,6992.66,USD,1,2799.36,5,2,1,1
ACCT100011902,CUST0001708,NRE,ACTIVE,2012-12-01,6947449.79,INR,1,195753.56,6,1,1,1
ACCT100011903,CUST0007617,SALARY,ACTIVE,2016-06-20,17631.2,INR,1,158178.21,2,1,0,0
ACCT100011904,CUST0005833,SALARY,ACTIVE,2015-07-15,6216.76,USD,1,10120.85,3,1,1,0
ACCT100011905,CUST0000833,SALARY,ACTIVE,2014-08-21,4622.9,USD,1,143692.51,3,3,1,1
ACCT100011906,CUST0007519,current,ACTIVE,2016-12-18,242143.29,INR,1,11619.13,5,5,1,0
ACCT100011907,CUST0000587,SAVINGS,DORMANT,2012-10-14,9917.53,USD,1,3063.7,4,2,1,1
ACCT100011908,CUST0007268,SAVINGS,ACTIVE,2019-09-30,887.67,INR,1,50498.08,1,3,1,1
ACCT100011909,CUST0002462,SAVINGS,ACTIVE,2013-03-28,98392.45,INR,1,18095.81,5,3,1,1
ACCT100011910,CUST0004083,CURRENT,CLOSED,2013-12-01,18350.41,INR,2,41435.73,2,1,1,1
ACCT100011911,CUST0005656,SAVINGS,DORMANT,2018-02-05,9739.4,USD,1,3718.41,4,1,1,1
ACCT100011912,CUST0000422,SALARY,ACTIVE,2018-09-07,2586.3,INR,1,3656.62,3,1,1,1
ACCT100011913,CUST0006043,SALARY,ACTIVE,2015-01-29,981.08,USD,1,14593.87,5,4,1,1
ACCT100011914,CUST0007255,SALARY,ACTIVE,2017-10-31,7008.87,INR,1,1156.92,4,1,1,1
ACCT100011915,CUST0004002,NRO,ACTIVE,2012-02-29,148109.34,INR,1,65925.52,7,1,0,1
ACCT100011916,CUST0003254,SALARY,ACTIVE,2013-02-13,22931.13,INR,1,548775.32,4,4,0,0
ACCT100011917,CUST0001379,CURRENT,ACTIVE,2017-07-26,29150.46,SGD,2,5454.88,5,2,0,1
ACCT100011918,CUST0006023,CURRENT,ACTIVE,2018-12-16,176977.7,INR,2,25795.82,1,1,1,1
ACCT100011919,CUST0000237,SAVINGS,ACTIVE,2019-10-11,255828.24,INR,2,4474.88,5,1,1,1
ACCT100011920,CUST0001852,SALARY,ACTIVE,2019-12-14,8020.24,USD,1,11786.81,5,1,1,1
ACCT100011921,CUST0000328,SALARY,ACTIVE,2015-11-21,4089.08,INR,1,17282.28,3,4,1,1
ACCT100011922,CUST0004216,CURRENT,ACTIVE,2019-01-27,134847.59,SGD,2,107701.41,4,2,0,1
ACCT100011923,CUST0004827,NRE,ACTIVE,2018-08-02,41746.11,INR,1,407852.0,4,1,1,1
ACCT100011924,CUST0006619,CURRENT,ACTIVE,2021-08-23,1519021.6,SGD,1,35135.02,4,4,0,1
ACCT100011925,CUST0001777,CURRENT,ACTIVE,2014-07-17,290552.64,USD,2,12543.33,4,1,1,1
ACCT100011926,CUST0003337,CURRENT,ACTIVE,2021-07-04,173093.8,GBP,1,9265.33,2,1,0,1
ACCT100011927,CUST0007669,SAVINGS,ACTIVE,2015-09-01,7574.95,INR,1,4302.07,1,2,0,1
ACCT100011928,CUST0003067,SHELL,ACTIVE,2016-01-09,605772.03,GBP,3,117974.51,7,2,1,1
ACCT100011929,CUST0000902,CURRENT,ACTIVE,2021-06-04,19450.18,INR,1,24708.61,4,1,1,1
ACCT100011930,CUST0002178,TRUST,DORMANT,2017-01-25,881939.11,INR,1,295215.3,7,1,1,0
ACCT100011931,CUST0002185,SALARY,ACTIVE,2012-05-29,3841.52,USD,2,23593.32,4,3,1,1
ACCT100011932,CUST0003121,NRO,ACTIVE,2013-11-24,1226428.85,AED,1,65620.54,5,3,1,1
ACCT100011933,CUST0002796,SALARY,ACTIVE,2013-10-14,3784.59,SGD,1,9021.46,4,1,1,1
ACCT100011934,CUST0005958,SALARY,ACTIVE,2016-06-05,896.23,AED,2,6832.99,2,2,1,1
ACCT100011935,CUST0007115,TRUST,ACTIVE,2021-05-02,2018065.39,INR,2,288415.92,10,1,0,1
ACCT100011936,CUST0000355,NRE,ACTIVE,2012-08-16,720620.69,AED,1,40025.16,7,2,1,1
ACCT100011937,CUST0000778,SAVINGS,DORMANT,2018-06-29,18667.74,USD,2,45387.68,2,3,1,1
ACCT100011938,CUST0002229,SALARY,ACTIVE,2021-08-25,8835.4,USD,3,37772.14,5,3,0,1
ACCT100011939,CUST0004244,CURRENT,DORMANT,2012-01-29,85638.72,INR,1,64236.55,5,2,1,0
ACCT100011940,CUST0005802,CURRENT,ACTIVE,2012-01-31,147446.09,INR,1,50267.55,1,3,1,1
ACCT100011941,CUST0003603,NRO,ACTIVE,2014-07-31,474443.26,INR,1,576921.36,6,3,1,1
ACCT100011942,CUST0005707,nro,ACTIVE,2020-05-14,58913.69,INR,1,49773.87,4,1,0,0
ACCT100011943,CUST0002139,CURRENT,ACTIVE,2016-03-24,1409389.71,INR,1,15181.78,4,4,0,1
ACCT100011944,CUST0007217,NRO,ACTIVE,2017-02-04,39280.24,USD,1,21760.82,5,2,0,0
ACCT100011945,CUST0005213,CURRENT,ACTIVE,2021-08-02,8889.44,USD,1,30619.38,4,1,1,1
ACCT100011946,CUST0005204,SAVINGS,ACTIVE,2012-09-15,33008.61,GBP,1,44136.22,5,1,0,1
ACCT100011947,CUST0005832,SAVINGS,ACTIVE,2016-11-24,4294.08,SGD,1,8347.79,5,1,1,1
ACCT100011948,CUST0004847,CURRENT,ACTIVE,2020-06-21,186066.48,SGD,1,62121.43,3,1,1,1
ACCT100011949,CUST0000077,NRE,ACTIVE,2017-03-13,1539705.01,INR,1,23404.63,4,1,1,1
ACCT100011950,CUST0001672,CURRENT,ACTIVE,2020-06-02,201745.79,SGD,1,15488.06,1,2,1,1
ACCT100011951,CUST0006199,savings,CLOSED,2017-08-04,35756.27,SGD,1,34257.53,5,2,1,1
ACCT100011952,CUST0002451,CURRENT,ACTIVE,2017-07-15,6698.32,INR,2,51159.89,4,1,1,1
ACCT100011953,CUST0005504,NRO,ACTIVE,2017-02-24,382431.49,INR,1,493173.71,7,3,1,1
ACCT100011954,CUST0005793,SAVINGS,ACTIVE,2018-01-14,3011.58,SGD,1,15943.45,1,2,1,1
ACCT100011955,CUST0005365,SALARY,CLOSED,2020-08-26,8094.24,INR,1,88984.49,5,1,1,0
ACCT100011956,CUST0000376,SAVINGS,ACTIVE,2015-09-13,1552.84,INR,2,131961.22,2,1,0,1
ACCT100011957,CUST0004329,NRO,ACTIVE,2018-10-14,30572.28,AED,2,112449.43,7,3,1,1
ACCT100011958,CUST0001511,CURRENT,ACTIVE,2014-12-01,78686.48,SGD,1,636925.07,1,2,1,1
ACCT100011959,CUST0005912,SAVINGS,ACTIVE,2016-08-17,19673.21,INR,1,4910.23,1,1,1,1
ACCT100011960,CUST0006753,NRO,ACTIVE,2021-05-25,155082.34,INR,1,21184.89,7,3,1,1
ACCT100011961,CUST0003698,SAVINGS,ACTIVE,2013-08-09,889.71,SGD,1,108503.12,2,3,0,1
ACCT100011962,CUST0000817,CURRENT,BLOCKED,2012-01-21,117020.95,INR,1,25155.25,3,2,1,1
ACCT100011963,CUST0004324,SAVINGS,ACTIVE,2019-12-16,265859.2,USD,2,2978.01,1,3,0,1
ACCT100011964,CUST0003395,NRO,ACTIVE,2014-03-01,25281.72,INR,1,78840.59,7,2,1,0
ACCT100011965,CUST0002179,CURRENT,ACTIVE,2021-06-23,32008.17,SGD,1,23688.72,3,4,1,1
ACCT100011966,CUST0005813,SAVINGS,ACTIVE,2018-03-08,1890.22,USD,1,42908.95,3,1,1,1
ACCT100011967,CUST0006785,nro,BLOCKED,2017-01-20,192412.76,SGD,1,293131.48,6,3,0,1
ACCT100011968,CUST0006811,NRO,ACTIVE,2017-03-28,2081357.97,AED,1,71345.7,4,1,1,1
ACCT100011969,CUST0000253,SAVINGS,ACTIVE,2016-05-24,10186.37,INR,2,12058.65,3,1,1,1
ACCT100011970,CUST0006247,SALARY,ACTIVE,2018-11-26,26822.35,GBP,3,9250.41,3,2,1,1
ACCT100011971,CUST0007651,SALARY,ACTIVE,2013-11-28,16387.73,INR,2,12864.56,1,2,1,1
ACCT100011972,CUST0001905,NRE,ACTIVE,2015-05-12,363988.23,INR,2,332820.98,5,1,1,1
ACCT100011973,CUST0003554,CURRENT,DORMANT,2019-05-22,12188.91,AED,2,101817.95,3,1,0,1
ACCT100011974,CUST0003379,SAVINGS,ACTIVE,2020-02-11,8738.29,USD,1,15109.56,4,1,1,1
ACCT100011975,CUST0001242,SHELL,ACTIVE,2014-01-16,147661.12,INR,1,1504617.19,8,1,0,0
ACCT100011976,CUST0007408,CURRENT,ACTIVE,2015-05-20,16021.32,INR,3,102038.9,4,1,1,1
ACCT100011977,CUST0007404,SALARY,ACTIVE,2016-11-27,11682.49,INR,1,1424.63,1,1,0,1
ACCT100011978,CUST0004479,SAVINGS,ACTIVE,2013-08-10,61355.6,USD,1,1140.99,1,1,1,0
ACCT100011979,CUST0001439,NRE,ACTIVE,2016-07-03,77775.34,AED,2,51936.73,7,2,1,1
ACCT100011980,CUST0006556,NRO,ACTIVE,2015-09-26,130951.02,GBP,1,124662.03,7,5,1,1
ACCT100011981,CUST0002532,SAVINGS,ACTIVE,2021-06-11,43565.55,AED,1,3734.01,1,1,0,1
ACCT100011982,CUST0002064,SAVINGS,ACTIVE,2017-02-28,16326.99,AED,3,6436.92,5,1,0,1
ACCT100011983,CUST0006893,savings,CLOSED,2012-05-26,90969.16,INR,1,2879.86,3,1,0,1
ACCT100011984,CUST0005716,current,ACTIVE,2017-04-19,55523.28,INR,2,11168.22,5,3,1,0
ACCT100011985,CUST0005769,SAVINGS,ACTIVE,2016-07-08,1825.24,INR,2,47588.34,1,1,1,1
ACCT100011986,CUST0005152,SAVINGS,ACTIVE,2013-04-28,67478.66,USD,1,1868.34,3,3,0,0
ACCT100011987,CUST0005621,SALARY,ACTIVE,2013-01-28,3092.51,INR,2,15063.5,5,4,1,1
ACCT100011988,CUST0005697,CURRENT,ACTIVE,2016-01-07,246815.97,INR,2,20141.05,5,1,0,1
ACCT100011989,CUST0006209,SALARY,ACTIVE,2019-07-29,57385.57,INR,1,19568.08,1,1,0,1
ACCT100011990,CUST0000353, SALARY ,ACTIVE,2020-11-14,3851.05,INR,1,15256.12,4,3,1,1
ACCT100011991,CUST0001048,CURRENT,DORMANT,2017-01-09,691381.79,GBP,2,84586.97,2,1,1,1
ACCT100011992,CUST0002661,SALARY,ACTIVE,2020-02-13,172684.25,INR,2,7445.81,5,3,1,1
ACCT100011993,CUST0000450,NRO,DORMANT,2013-09-13,8211.84,INR,1,18379.66,7,1,0,1
ACCT100011994,CUST0000241,SALARY,ACTIVE,2016-02-07,5550.64,INR,1,3536.58,4,1,1,1
ACCT100011995,CUST0004446, TRUST ,DORMANT,2019-09-12,260081.05,INR,1,360853.95,7,1,1,1
ACCT100011996,CUST0003577, SHELL ,ACTIVE,2021-03-18,529633.58,AED,1,359397.18,8,2,1,1
ACCT100011997,CUST0001721,CURRENT,ACTIVE,2014-02-04,376960.05,INR,1,33164.48,2,2,1,1
ACCT100011998,CUST0005356,SAVINGS,ACTIVE,2017-05-08,2422.78,AED,1,1170.3,4,1,0,1
ACCT100011999,CUST0007836,NRE,ACTIVE,2015-12-18,124356.22,INR,3,26447.1,5,1,0,1
ACCT100012000,CUST0005583,SAVINGS,ACTIVE,2015-10-26,185942.82,USD,2,4190.47,4,3,1,1
