CASE_ID,ALERT_ID,INVESTIGATOR_ID,PRIORITY,CASE_STATUS,RESOLUTION_DAYS,CASE_OPEN_DATE,ANALYST_RISK_SCORE,DOCS_REQUESTED,CUSTOMER_CONTACTED,EDD_TRIGGERED,LINKED_CASES_COUNT
CASE0000001,ALT00007568,INV_04,LOW,CLOSED_FALSE_POSITIVE,5,2023-01-16 12:38:32.122406,52,0,1,0,0
CASE0000002,ALT00006952,AUTO_SYS,HIGH,CLOSED_FALSE_POSITIVE,12,2024-03-10 03:48:32.730674,29,0,0,0,1
CASE0000003,ALT00002115,INV_03,MEDIUM,CLOSED_FALSE_POSITIVE,18,2024-06-25 11:03:10.182019,27,1,1,0,1
CASE0000004,ALT00007472,INV_01,MEDIUM,CLOSED_SAR_FILED,6,2022-10-21 22:31:13.968970,67,0,1,0,1
CASE0000005,ALT00010176,INV_02,LOW,CLOSED_FALSE_POSITIVE,44,2022-06-25 02:27:31.209888,40,1,1,0,1
CASE0000006,ALT00009758,INV_01,LOW,CLOSED_MONITORING,9,2022-04-13 05:19:44.775312,11,1,0,0,0
CASE0000007,ALT00005187,INV_02,LOW,CLOSED_FALSE_POSITIVE,28,2023-07-12 21:49:04.996797,69,1,1,0,4
CASE0000008,ALT00002139,INV_03,LOW,CLOSED_MONITORING,40,2023-02-19 15:39:48.643189,52,0,0,0,0
CASE0000009,ALT00008557,INV_03,HIGH,CLOSED_FALSE_POSITIVE,31,2023-01-22 10:14:35.491219,40,0,0,0,1
CASE0000010,ALT00005804,INV_01,LOW,CLOSED_FALSE_POSITIVE,36,2023-02-07 21:10:40.873321,43,1,0,0,0
CASE0000011,ALT00010146,INV_01,LOW,CLOSED_FALSE_POSITIVE,17,2023-09-06 15:35:05.949325,17,1,1,0,0
CASE0000012,ALT00004075,AUTO_SYS,LOW,CLOSED_FALSE_POSITIVE,15,2022-11-29 10:57:06.543292,29,0,1,0,0
CASE0000013,ALT00003370,INV_01,MEDIUM,CLOSED_FALSE_POSITIVE,35,2023-04-14 13:02:57.185141,54,1,0,0,1
CASE0000014,ALT00000711,INV_03,LOW,OPEN,21,2022-12-03 16:37:39.168141,76,1,0,0,4
CASE0000015,ALT00006935,AUTO_SYS,HIGH,CLOSED_FALSE_POSITIVE,10,2022-04-16 23:48:20.199799,25,0,0,0,0
CASE0000016,ALT00009084,INV_04,MEDIUM,CLOSED_FALSE_POSITIVE,3,2024-04-09 18:13:34.650084,41,0,0,0,0
CASE0000017,ALT00008810,INV_03,LOW,CLOSED_FALSE_POSITIVE,21,2022-05-02 13:40:22.056697,35,1,1,0,0
CASE0000018,ALT00010045,INV_03,MEDIUM,CLOSED_SAR_FILED,1,2024-02-27 02:43:20.389106,40,0,0,0,0
CASE0000019,ALT00008123,AUTO_SYS,MEDIUM,CLOSED_FALSE_POSITIVE,2,2024-05-11 01:36:36.698652,44,1,1,0,1
CASE0000020,ALT00009994,AUTO_SYS,MEDIUM,CLOSED_FALSE_POSITIVE,9,2023-12-25 16:23:46.725357,36,1,0,0,0
CASE0000021,ALT00003018,INV_04,LOW,OPEN,11,2023-11-02 19:19:58.511752,8,1,1,0,0
CASE0000022,ALT00000714,INV_04,MEDIUM,CLOSED_SAR_FILED,4,2022-01-24 00:33:00.346996,35,0,1,1,0
CASE0000023,ALT00005287,INV_02,MEDIUM,CLOSED_FALSE_POSITIVE,43,2024-02-03 21:17:21.956650,30,0,1,0,0
CASE0000024,ALT00001865,INV_04,HIGH,CLOSED_FALSE_POSITIVE,30,2023-06-01 02:51:04.784040,48,0,0,0,1
CASE0000025,ALT00005299,INV_02,HIGH,CLOSED_FALSE_POSITIVE,39,2022-08-26 00:21:12.699985,26,1,1,0,1
CASE0000026,ALT00005065,AUTO_SYS,LOW,CLOSED_FALSE_POSITIVE,44,2022-01-29 02:14:52.824670,45,0,1,0,0
CASE0000027,ALT00008329,INV_02,LOW,CLOSED_FALSE_POSITIVE,19,2023-04-29 01:57:34.063254,47,0,1,0,0
CASE0000028,ALT00008650,INV_04,MEDIUM,OPEN,34,2022-02-14 21:26:57.936885,10,1,1,0,0
CASE0000029,ALT00009481,INV_01,MEDIUM,CLOSED_FALSE_POSITIVE,27,2023-06-21 17:12:01.028801,45,0,0,0,0
CASE0000030,ALT00007316,AUTO_SYS,HIGH,CLOSED_FALSE_POSITIVE,37,2023-09-01 11:03:06.837486,12,0,0,0,0
CASE0000031,ALT00008392,AUTO_SYS,LOW,CLOSED_FALSE_POSITIVE,36,2023-09-01 20:54:03.500475,47,0,1,0,0
CASE0000032,ALT00003209,AUTO_SYS,LOW,OPEN,13,2023-01-01 23:18:55.587066,69,0,1,0,4
CASE0000033,ALT00006084,AUTO_SYS,HIGH,OPEN,9,2023-03-17 06:06:54.625066,50,1,1,0,1
CASE0000034,ALT00002957,INV_02,LOW,CLOSED_FALSE_POSITIVE,22,2023-04-15 03:18:35.250818,42,1,1,0,0
CASE0000035,ALT00000901,INV_03,HIGH,CLOSED_MONITORING,13,2023-06-17 04:26:32.263990,88,1,0,0,3
CASE0000036,ALT00001091,INV_02,HIGH,CLOSED_FALSE_POSITIVE,23,2024-01-23 13:06:59.868930,54,0,1,0,0
CASE0000037,ALT00008226,INV_02,LOW,CLOSED_FALSE_POSITIVE,9,2023-12-23 16:03:32.310711,38,1,0,0,1
CASE0000038,ALT00002895,INV_01,HIGH,CLOSED_FALSE_POSITIVE,26,2023-06-05 07:48:57.439048,44,1,0,0,0
CASE0000039,ALT00000319,INV_01,LOW,CLOSED_SAR_FILED,42,2023-09-10 06:16:09.473607,44,0,1,0,2
CASE0000040,ALT00000136,INV_01,LOW,CLOSED_SAR_FILED,33,2022-07-19 02:43:47.816641,57,1,1,1,1
CASE0000041,ALT00009027,INV_03,LOW,CLOSED_FALSE_POSITIVE,42,2023-06-22 03:21:04.140488,26,0,0,0,0
CASE0000042,ALT00000938,INV_01,MEDIUM,OPEN,18,2023-09-12 04:50:54.158062,45,1,0,0,4
CASE0000043,ALT00000034,INV_01,LOW,CLOSED_MONITORING,40,2023-07-10 19:44:03.442696,89,1,1,0,4
CASE0000044,ALT00002037,AUTO_SYS,MEDIUM,CLOSED_FALSE_POSITIVE,19,2023-01-20 14:51:47.023219,49,1,0,0,1
CASE0000045,ALT00007104,INV_03,LOW,CLOSED_FALSE_POSITIVE,35,2022-12-08 18:11:43.754921,29,0,1,0,0
CASE0000046,ALT00000036,AUTO_SYS,LOW,CLOSED_MONITORING,21,2024-04-05 22:15:26.912827,91,0,1,0,0
CASE0000047,ALT00005169,INV_04,LOW,CLOSED_FALSE_POSITIVE,39,2022-10-03 06:56:41.887679,14,1,1,0,0
CASE0000048,ALT00003800,INV_02,LOW,CLOSED_FALSE_POSITIVE,18,2022-09-17 02:40:43.578424,36,1,0,0,0
CASE0000049,ALT00008422,INV_02,LOW,CLOSED_MONITORING,23,2022-08-23 02:30:54.490345,38,1,1,0,1
CASE0000050,ALT00005263,AUTO_SYS,LOW,CLOSED_FALSE_POSITIVE,36,2023-10-04 19:11:41.473059,44,1,0,0,0
CASE0000051,ALT00009138,INV_02,MEDIUM,CLOSED_FALSE_POSITIVE,16,2024-06-22 09:57:52.160431,12,0,1,0,0
CASE0000052,ALT00002914,AUTO_SYS,MEDIUM,CLOSED_FALSE_POSITIVE,21,2023-11-22 16:56:45.863745,26,1,1,0,0
CASE0000053,ALT00006249,INV_02,LOW,CLOSED_FALSE_POSITIVE,26,2023-06-25 03:09:45.040869,53,0,0,0,1
CASE0000054,ALT00010411,INV_01,MEDIUM,CLOSED_MONITORING,11,2022-03-25 18:16:40.154121,36,1,0,0,0
CASE0000055,ALT00004149,INV_03,LOW,CLOSED_FALSE_POSITIVE,44,2024-06-13 20:46:04.279217,12,0,0,0,0
CASE0000056,ALT00008972,INV_03,MEDIUM,CLOSED_FALSE_POSITIVE,44,2023-06-10 10:52:43.639158,29,0,0,0,1
CASE0000057,ALT00000959,AUTO_SYS,HIGH,CLOSED_SAR_FILED,22,2022-06-03 02:18:27.153415,62,1,0,0,2
CASE0000058,ALT00001512,INV_01,HIGH,CLOSED_FALSE_POSITIVE,8,2023-01-04 08:20:03.913409,34,0,1,0,1
CASE0000059,ALT00002408,AUTO_SYS,MEDIUM,CLOSED_MONITORING,13,2023-07-07 10:16:45.564656,37,0,0,0,0
CASE0000060,ALT00007445,INV_01,LOW,CLOSED_FALSE_POSITIVE,34,2022-05-07 09:21:47.981722,48,0,1,0,0
CASE0000061,ALT00000347,INV_01,LOW,CLOSED_FALSE_POSITIVE,37,2023-08-23 00:03:24.762903,33,1,1,0,4
CASE0000062,ALT00010022,INV_02,HIGH,CLOSED_FALSE_POSITIVE,1,2023-03-25 08:48:27.984661,33,0,0,0,1
CASE0000063,ALT00000563,INV_02,HIGH,OPEN,39,2024-05-13 00:26:33.361419,82,1,0,0,2
CASE0000064,ALT00009485,INV_01,HIGH,CLOSED_MONITORING,12,2022-04-05 23:52:31.220405,42,1,0,0,0
CASE0000065,ALT00007133,INV_04,LOW,CLOSED_FALSE_POSITIVE,2,2024-03-30 13:50:03.003446,19,0,0,0,0
CASE0000066,ALT00010157,INV_01,MEDIUM,CLOSED_FALSE_POSITIVE,39,2023-07-28 12:08:48.121343,44,0,1,0,1
CASE0000067,ALT00008834,AUTO_SYS,MEDIUM,CLOSED_FALSE_POSITIVE,36,2023-12-15 21:01:09.732122,40,1,1,0,0
CASE0000068,ALT00003835,AUTO_SYS,LOW,CLOSED_FALSE_POSITIVE,33,2023-12-10 21:03:05.218605,16,0,1,0,0
CASE0000069,ALT00002677,INV_02,MEDIUM,CLOSED_FALSE_POSITIVE,2,2023-12-01 08:36:29.958026,41,1,1,0,0
CASE0000070,ALT00004033,AUTO_SYS,MEDIUM,CLOSED_FALSE_POSITIVE,13,2023-09-05 22:32:39.705735,46,0,1,0,1
CASE0000071,ALT00005013,INV_03,MEDIUM,CLOSED_FALSE_POSITIVE,9,2022-04-02 23:41:37.477957,6,0,0,0,0
CASE0000072,ALT00002068,INV_04,MEDIUM,CLOSED_MONITORING,23,2023-09-26 12:43:44.177680,39,1,0,0,1
CASE0000073,ALT00007851,INV_01,LOW,CLOSED_FALSE_POSITIVE,40,2022-03-20 02:39:21.144578,30,0,0,0,0
CASE0000074,ALT00007945,AUTO_SYS,LOW,CLOSED_FALSE_POSITIVE,2,2023-08-14 00:02:13.728939,9,1,0,0,0
CASE0000075,ALT00001407,INV_03,MEDIUM,CLOSED_FALSE_POSITIVE,27,2022-08-03 01:38:57.668187,35,1,1,0,0
CASE0000076,ALT00007188,INV_01,MEDIUM,CLOSED_FALSE_POSITIVE,40,2022-06-28 12:58:08.217175,41,1,0,0,4
CASE0000077,ALT00002803,INV_01,LOW,CLOSED_FALSE_POSITIVE,28,2022-01-25 16:05:09.971849,17,1,0,0,0
CASE0000078,ALT00007302,AUTO_SYS,MEDIUM,CLOSED_FALSE_POSITIVE,34,2023-05-11 06:32:44.678881,53,1,1,0,0
CASE0000079,ALT00001776,INV_03,LOW,CLOSED_FALSE_POSITIVE,39,2022-10-14 16:59:34.977473,25,1,1,0,0
CASE0000080,ALT00010414,INV_01,MEDIUM,OPEN,2,2022-11-20 00:08:48.946569,54,1,0,0,0
CASE0000081,ALT00010144,INV_01,HIGH,OPEN,25,2023-07-21 20:28:48.765131,14,1,0,0,1
CASE0000082,ALT00002880,INV_02,HIGH,CLOSED_FALSE_POSITIVE,34,2022-10-12 12:52:13.093270,14,0,0,0,1
CASE0000083,ALT00007941,INV_01,MEDIUM,CLOSED_FALSE_POSITIVE,31,2024-04-21 12:33:47.838962,31,1,0,0,1
CASE0000084,ALT00006265,INV_04,MEDIUM,CLOSED_SAR_FILED,9,2023-05-01 21:23:44.092990,49,0,0,0,3
CASE0000085,ALT00007619,INV_02,LOW,CLOSED_FALSE_POSITIVE,26,2023-10-30 04:26:03.389631,42,1,1,0,1
CASE0000086,ALT00008738,INV_01,HIGH,CLOSED_FALSE_POSITIVE,43,2023-02-22 14:46:04.063559,52,1,0,0,0
CASE0000087,ALT00001023,INV_03,LOW,CLOSED_SAR_FILED,35,2023-12-27 03:08:46.749129,55,1,1,0,3
CASE0000088,ALT00000040,INV_02,MEDIUM,CLOSED_SAR_FILED,43,2022-03-31 08:04:27.197165,86,1,1,0,4
CASE0000089,ALT00004608,INV_04,LOW,CLOSED_FALSE_POSITIVE,24,2022-03-07 13:00:02.426852,21,0,1,0,0
CASE0000090,ALT00006576,AUTO_SYS,LOW,CLOSED_FALSE_POSITIVE,5,2023-04-24 09:38:19.398067,21,0,1,0,1
CASE0000091,ALT00005681,INV_03,MEDIUM,CLOSED_FALSE_POSITIVE,15,2024-04-11 00:42:05.214789,24,1,1,0,1
CASE0000092,ALT00005034,INV_03,LOW,CLOSED_FALSE_POSITIVE,5,2022-08-01 10:11:29.436450,26,1,1,0,1
CASE0000093,ALT00008797,INV_02,MEDIUM,CLOSED_FALSE_POSITIVE,18,2023-10-22 05:27:19.096215,15,1,1,0,0
CASE0000094,ALT00003466,INV_02,MEDIUM,CLOSED_MONITORING,17,2023-07-29 21:56:03.376149,12,1,1,0,1
CASE0000095,ALT00009310,INV_01,MEDIUM,CLOSED_FALSE_POSITIVE,26,2022-01-28 22:47:30.977092,52,0,1,0,1
CASE0000096,ALT00007210,INV_03,MEDIUM,CLOSED_FALSE_POSITIVE,44,2022-09-16 03:35:07.252590,21,1,1,0,1
CASE0000097,ALT00004922,INV_01,MEDIUM,CLOSED_FALSE_POSITIVE,14,2024-05-24 21:20:05.554229,33,1,0,0,1
CASE0000098,ALT00001635,INV_03,HIGH,CLOSED_FALSE_POSITIVE,7,2024-06-01 22:31:52.659600,34,1,1,0,1
CASE0000099,ALT00002955,INV_04,MEDIUM,CLOSED_FALSE_POSITIVE,13,2022-01-12 16:44:05.555063,50,0,0,0,0
CASE0000100,ALT00002311,INV_03,MEDIUM,OPEN,17,2023-05-03 23:31:27.331595,51,0,1,0,3
CASE0000101,ALT00007803,INV_04,MEDIUM,CLOSED_FALSE_POSITIVE,37,2023-11-28 07:48:08.025254,24,0,0,0,0
CASE0000102,ALT00000796,AUTO_SYS,MEDIUM,OPEN,38,2024-05-18 10:48:15.916707,67,1,1,0,2
CASE0000103,ALT00003543,AUTO_SYS,HIGH,CLOSED_FALSE_POSITIVE,30,2024-04-25 03:54:55.317832,26,1,0,0,1
CASE0000104,ALT00004650,AUTO_SYS,HIGH,OPEN,3,2023-01-08 14:27:17.235583,16,0,0,0,0
CASE0000105,ALT00004717,INV_02,HIGH,CLOSED_FALSE_POSITIVE,44,2023-03-21 09:14:44.885457,17,0,1,0,1
CASE0000106,ALT00001119,INV_03,MEDIUM,CLOSED_FALSE_POSITIVE,4,2023-03-04 10:57:43.126413,39,1,0,0,0
CASE0000107,ALT00010124,INV_01,MEDIUM,CLOSED_FALSE_POSITIVE,26,2023-02-07 08:21:08.023519,28,1,0,0,0
CASE0000108,ALT00002120,INV_03,MEDIUM,CLOSED_FALSE_POSITIVE,43,2022-12-15 14:41:06.999785,39,1,1,0,0
CASE0000109,ALT00001473,INV_03,MEDIUM,CLOSED_FALSE_POSITIVE,37,2024-05-03 18:33:09.723805,22,0,0,0,0
CASE0000110,ALT00006561,INV_04,MEDIUM,CLOSED_FALSE_POSITIVE,17,2022-07-08 23:46:39.159514,26,1,0,0,1
CASE0000111,ALT00009917,INV_02,MEDIUM,CLOSED_FALSE_POSITIVE,39,2022-09-25 03:36:45.152591,35,1,1,0,1
CASE0000112,ALT00008724,INV_04,LOW,CLOSED_FALSE_POSITIVE,5,2024-01-01 09:38:25.750263,15,1,1,0,0
CASE0000113,ALT00006335,INV_02,LOW,CLOSED_FALSE_POSITIVE,31,2022-06-12 02:01:36.712963,30,0,1,0,0
CASE0000114,ALT00005776,INV_02,LOW,OPEN,16,2022-02-01 03:47:43.556184,50,1,0,0,1
CASE0000115,ALT00004460,INV_01,HIGH,CLOSED_FALSE_POSITIVE,29,2024-01-14 23:12:55.056664,27,0,0,0,0
CASE0000116,ALT00003127,AUTO_SYS,LOW,CLOSED_FALSE_POSITIVE,13,2022-01-26 19:58:37.755084,50,0,1,0,1
CASE0000117,ALT00000488,INV_01,LOW,OPEN,36,2022-01-23 05:45:47.188534,88,0,0,0,2
CASE0000118,ALT00007817,INV_01,MEDIUM,CLOSED_FALSE_POSITIVE,19,2022-09-17 04:39:52.382795,16,1,0,0,1
CASE0000119,ALT00007696,INV_01,MEDIUM,CLOSED_FALSE_POSITIVE,23,2023-09-12 00:19:07.178888,21,1,1,0,0
CASE0000120,ALT00008291,INV_01,MEDIUM,CLOSED_MONITORING,23,2023-11-08 00:43:49.829310,12,0,0,0,0
CASE0000121,ALT00008084,AUTO_SYS,LOW,CLOSED_FALSE_POSITIVE,36,2024-04-15 11:21:54.106012,38,1,0,0,0
CASE0000122,ALT00005732,AUTO_SYS,LOW,CLOSED_SAR_FILED,23,2024-04-20 12:07:39.006106,78,1,1,1,0
CASE0000123,ALT00004825,AUTO_SYS,MEDIUM,CLOSED_FALSE_POSITIVE,8,2024-06-02 02:01:06.427648,33,0,1,0,1
CASE0000124,ALT00009383,INV_02,HIGH,CLOSED_FALSE_POSITIVE,29,2022-04-19 12:01:46.349387,33,1,0,0,1
CASE0000125,ALT00002484,AUTO_SYS,MEDIUM,CLOSED_FALSE_POSITIVE,38,2023-01-30 01:58:44.275694,44,1,1,0,0
CASE0000126,ALT00000312,INV_04,MEDIUM,OPEN,34,2024-01-24 19:44:05.576774,41,1,0,0,3
CASE0000127,ALT00001248,INV_04,MEDIUM,CLOSED_SAR_FILED,13,2023-11-22 21:22:10.285367,20,0,1,0,0
CASE0000128,ALT00008840,INV_02,HIGH,CLOSED_SAR_FILED,17,2022-01-22 03:52:47.443557,33,0,1,0,1
CASE0000129,ALT00000484,INV_01,LOW,CLOSED_FALSE_POSITIVE,12,2024-01-09 13:12:15.123517,78,1,0,0,3
CASE0000130,ALT00003556,AUTO_SYS,LOW,CLOSED_FALSE_POSITIVE,21,2022-10-01 03:39:28.677153,50,1,0,0,0
CASE0000131,ALT00006153,INV_03,MEDIUM,CLOSED_SAR_FILED,13,2022-06-12 12:20:09.764790,46,0,1,1,1
CASE0000132,ALT00001394,INV_04,HIGH,CLOSED_FALSE_POSITIVE,15,2023-06-13 13:43:04.086572,53,0,1,0,0
CASE0000133,ALT00004640,INV_02,MEDIUM,CLOSED_FALSE_POSITIVE,5,2023-11-05 13:38:25.933500,11,1,0,0,0
CASE0000134,ALT00003061,INV_04,LOW,CLOSED_SAR_FILED,30,2023-04-14 23:25:34.893143,44,0,0,0,1
CASE0000135,ALT00002827,INV_04,LOW,OPEN,37,2022-05-23 07:01:24.595079,35,0,1,0,1
CASE0000136,ALT00001769,INV_02,LOW,CLOSED_FALSE_POSITIVE,18,2022-06-06 09:13:07.056596,28,0,0,0,1
CASE0000137,ALT00008580,AUTO_SYS,LOW,CLOSED_FALSE_POSITIVE,1,2022-01-01 15:49:49.630370,42,1,0,0,0
CASE0000138,ALT00006521,INV_04,HIGH,CLOSED_FALSE_POSITIVE,5,2024-02-18 00:20:45.875954,29,1,0,0,0
CASE0000139,ALT00007068,INV_01,LOW,CLOSED_FALSE_POSITIVE,14,2022-04-01 02:53:35.809372,30,0,1,0,1
CASE0000140,ALT00009857,INV_04,LOW,CLOSED_FALSE_POSITIVE,31,2023-12-16 12:01:56.920277,25,0,1,0,1
CASE0000141,ALT00009068,INV_02,LOW,CLOSED_FALSE_POSITIVE,29,2022-06-20 16:44:44.307197,34,1,1,0,0
CASE0000142,ALT00007943,AUTO_SYS,MEDIUM,CLOSED_FALSE_POSITIVE,31,2023-07-08 10:13:01.916441,9,1,1,0,0
CASE0000143,ALT00010299,AUTO_SYS,MEDIUM,CLOSED_FALSE_POSITIVE,25,2023-12-10 19:35:49.197393,41,0,0,0,1
CASE0000144,ALT00006654,AUTO_SYS,MEDIUM,CLOSED_FALSE_POSITIVE,26,2024-04-14 02:39:56.568235,54,0,1,0,1
CASE0000145,ALT00010410,INV_01,LOW,CLOSED_FALSE_POSITIVE,21,2022-08-08 15:23:34.577441,46,1,0,0,0
CASE0000146,ALT00002056,INV_04,MEDIUM,CLOSED_SAR_FILED,29,2023-11-19 13:04:44.030643,39,1,1,1,1
CASE0000147,ALT00010392,INV_04,MEDIUM,CLOSED_FALSE_POSITIVE,4,2024-03-03 02:57:43.681204,30,0,0,0,1
CASE0000148,ALT00001942,AUTO_SYS,LOW,OPEN,8,2022-03-16 04:56:38.735945,24,0,1,0,1
CASE0000149,ALT00006686,INV_04,MEDIUM,CLOSED_FALSE_POSITIVE,37,2023-04-05 21:53:51.123183,18,1,1,0,0
CASE0000150,ALT00007591,INV_02,MEDIUM,CLOSED_FALSE_POSITIVE,6,2023-10-21 05:52:25.111403,41,1,1,0,0
CASE0000151,ALT00003446,AUTO_SYS,LOW,CLOSED_FALSE_POSITIVE,38,2024-04-28 10:24:20.272887,30,1,0,0,4
CASE0000152,ALT00004377,INV_04,MEDIUM,CLOSED_FALSE_POSITIVE,21,2023-07-28 08:26:21.338312,11,1,0,0,0
CASE0000153,ALT00002819,INV_01,HIGH,CLOSED_FALSE_POSITIVE,24,2023-06-04 09:30:10.561630,45,1,1,0,0
CASE0000154,ALT00004818,INV_03,HIGH,OPEN,14,2023-09-26 18:48:16.180552,48,1,0,0,0
CASE0000155,ALT00003845,INV_01,LOW,CLOSED_FALSE_POSITIVE,26,2022-01-22 15:33:34.301253,16,1,0,0,1
CASE0000156,ALT00001419,INV_04,LOW,CLOSED_FALSE_POSITIVE,4,2023-05-01 20:12:27.803679,37,1,1,0,0
CASE0000157,ALT00003544,INV_01,MEDIUM,CLOSED_FALSE_POSITIVE,32,2023-09-21 20:42:02.097582,47,1,1,0,0
CASE0000158,ALT00006775,AUTO_SYS,HIGH,OPEN,43,2022-09-30 19:53:35.627828,57,1,1,0,2
CASE0000159,ALT00006878,AUTO_SYS,MEDIUM,CLOSED_FALSE_POSITIVE,19,2022-07-27 03:03:45.602284,28,0,1,0,0
CASE0000160,ALT00006992,AUTO_SYS,MEDIUM,CLOSED_SAR_FILED,16,2022-01-16 02:28:55.694853,78,1,1,1,1
CASE0000161,ALT00008628,INV_03,MEDIUM,CLOSED_FALSE_POSITIVE,35,2024-01-26 22:26:20.861531,37,0,0,0,0
CASE0000162,ALT00007008,INV_02,LOW,CLOSED_FALSE_POSITIVE,31,2023-04-03 18:34:23.056381,24,1,0,0,1
CASE0000163,ALT00001804,INV_03,MEDIUM,CLOSED_SAR_FILED,34,2023-06-25 11:59:29.274431,91,1,1,0,4
CASE0000164,ALT00009408,INV_01,LOW,CLOSED_FALSE_POSITIVE,34,2024-04-23 08:41:53.831372,38,0,1,0,0
CASE0000165,ALT00007924,AUTO_SYS,LOW,CLOSED_FALSE_POSITIVE,3,2022-05-05 16:52:00.646952,42,1,0,0,1
CASE0000166,ALT00005313,INV_04,LOW,CLOSED_FALSE_POSITIVE,34,2022-05-17 13:26:42.313624,20,1,0,0,0
CASE0000167,ALT00005275,INV_01,MEDIUM,CLOSED_FALSE_POSITIVE,21,2023-09-21 06:35:33.604245,40,1,0,0,1
CASE0000168,ALT00004289,INV_02,HIGH,CLOSED_FALSE_POSITIVE,21,2023-04-04 14:42:20.915389,43,0,0,0,0
CASE0000169,ALT00001285,INV_04,MEDIUM,CLOSED_FALSE_POSITIVE,38,2023-07-24 23:06:09.671779,27,0,1,0,1
CASE0000170,ALT00001517,INV_02,LOW,CLOSED_FALSE_POSITIVE,17,2023-09-23 20:31:13.997655,32,0,1,0,0
CASE0000171,ALT00004602,INV_02,MEDIUM,CLOSED_MONITORING,8,2022-07-13 18:59:47.001379,35,1,0,0,0
CASE0000172,ALT00008936,AUTO_SYS,HIGH,CLOSED_FALSE_POSITIVE,12,2022-03-04 13:44:19.861319,36,0,0,0,1
CASE0000173,ALT00002448,INV_01,HIGH,CLOSED_FALSE_POSITIVE,20,2023-02-14 22:18:01.196275,45,1,1,0,1
CASE0000174,ALT00008169,INV_04,MEDIUM,CLOSED_FALSE_POSITIVE,5,2023-07-12 06:01:30.007662,8,0,0,0,1
CASE0000175,ALT00009305,AUTO_SYS,LOW,OPEN,41,2023-09-05 15:30:57.383173,38,0,0,0,0
CASE0000176,ALT00006152,AUTO_SYS,MEDIUM,CLOSED_FALSE_POSITIVE,30,2024-03-16 16:31:36.511101,8,0,1,0,0
CASE0000177,ALT00006612,AUTO_SYS,HIGH,CLOSED_FALSE_POSITIVE,38,2023-10-21 16:59:42.911578,41,1,0,0,0
CASE0000178,ALT00001161,INV_01,MEDIUM,CLOSED_FALSE_POSITIVE,3,2022-04-15 01:47:55.647203,30,1,0,0,1
CASE0000179,ALT00000766,AUTO_SYS,MEDIUM,OPEN,44,2023-03-22 01:56:49.809006,57,1,0,0,2
CASE0000180,ALT00009080,INV_04,LOW,CLOSED_FALSE_POSITIVE,33,2023-11-16 05:23:46.728858,10,1,1,0,1
CASE0000181,ALT00001146,INV_03,LOW,CLOSED_FALSE_POSITIVE,20,2022-02-08 11:40:45.551043,7,0,1,0,1
CASE0000182,ALT00003140,INV_02,MEDIUM,CLOSED_FALSE_POSITIVE,29,2023-09-30 20:33:12.005341,15,0,0,0,0
CASE0000183,ALT00004095,INV_03,MEDIUM,CLOSED_SAR_FILED,7,2022-08-12 16:47:20.152634,26,1,0,0,0
CASE0000184,ALT00006107,INV_04,MEDIUM,CLOSED_FALSE_POSITIVE,28,2023-11-16 16:37:09.106742,7,0,0,0,1
CASE0000185,ALT00004490,INV_01,MEDIUM,OPEN,42,2022-06-11 21:55:43.796531,17,1,0,0,1
CASE0000186,ALT00003995,INV_03,MEDIUM,CLOSED_FALSE_POSITIVE,28,2023-04-29 13:55:58.600582,23,1,0,0,1
CASE0000187,ALT00000837,INV_02,MEDIUM,OPEN,44,2022-12-30 15:55:06.863860,91,0,0,0,4
CASE0000188,ALT00008694,INV_03,MEDIUM,CLOSED_FALSE_POSITIVE,19,2023-04-20 14:08:17.660342,30,0,1,0,0
CASE0000189,ALT00001881,AUTO_SYS,MEDIUM,OPEN,30,2023-05-04 14:00:11.041431,37,1,0,0,1
CASE0000190,ALT00009201,INV_01,MEDIUM,CLOSED_FALSE_POSITIVE,35,2022-10-14 10:26:10.976399,48,0,1,0,1
CASE0000191,ALT00003965,AUTO_SYS,LOW,CLOSED_SAR_FILED,7,2023-04-30 03:47:44.149350,26,1,1,0,1
CASE0000192,ALT00000953,AUTO_SYS,HIGH,CLOSED_SAR_FILED,38,2023-05-20 00:22:56.280193,73,1,1,0,4
CASE0000193,ALT00002108,INV_04,MEDIUM,CLOSED_SAR_FILED,29,2024-01-11 00:51:22.773771,85,1,0,0,1
CASE0000194,ALT00003795,AUTO_SYS,MEDIUM,CLOSED_SAR_FILED,8,2022-02-15 17:50:15.948893,85,0,0,0,0
CASE0000195,ALT00002271,INV_01,MEDIUM,CLOSED_MONITORING,6,2022-04-05 07:12:01.422113,15,0,0,0,0
CASE0000196,ALT00004129,INV_01,LOW,CLOSED_FALSE_POSITIVE,8,2023-11-07 06:17:32.750932,45,1,1,0,0
CASE0000197,ALT00004672,AUTO_SYS,LOW,CLOSED_FALSE_POSITIVE,38,2023-12-17 10:33:59.274922,27,1,0,0,0
CASE0000198,ALT00008813,INV_03,MEDIUM,CLOSED_FALSE_POSITIVE,6,2023-07-27 05:22:24.616494,21,0,0,0,0
CASE0000199,ALT00001786,INV_03,MEDIUM,CLOSED_SAR_FILED,13,2023-07-13 18:44:23.928080,5,0,1,0,1
CASE0000200,ALT00001433,INV_03,MEDIUM,OPEN,41,2024-02-20 12:44:09.652923,27,1,0,0,1
CASE0000201,ALT00000593,INV_02,MEDIUM,OPEN,30,2023-10-11 14:48:26.987323,76,0,0,0,4
CASE0000202,ALT00005749,INV_04,LOW,CLOSED_FALSE_POSITIVE,5,2024-02-26 10:44:05.390540,7,1,1,0,1
CASE0000203,ALT00000470,INV_02,HIGH,CLOSED_SAR_FILED,29,2022-07-10 05:21:42.473456,91,1,0,0,2
CASE0000204,ALT00008188,AUTO_SYS,MEDIUM,CLOSED_FALSE_POSITIVE,31,2022-03-08 23:11:24.644338,30,0,1,0,0
CASE0000205,ALT00007318,INV_04,MEDIUM,CLOSED_FALSE_POSITIVE,43,2022-08-07 13:37:40.902169,10,1,1,0,1
CASE0000206,ALT00007825,INV_03,MEDIUM,CLOSED_FALSE_POSITIVE,44,2022-04-01 01:54:30.679062,25,1,0,0,0
CASE0000207,ALT00007094,INV_03,LOW,OPEN,38,2023-02-11 00:47:28.745025,15,0,1,0,0
CASE0000208,ALT00003551,AUTO_SYS,LOW,CLOSED_FALSE_POSITIVE,33,2022-06-25 11:03:06.758114,53,1,1,0,0
CASE0000209,ALT00009166,INV_03,MEDIUM,CLOSED_FALSE_POSITIVE,28,2023-07-15 15:35:49.619864,49,0,0,0,0
CASE0000210,ALT00002928,INV_04,HIGH,CLOSED_FALSE_POSITIVE,14,2022-06-04 12:07:03.380674,25,1,1,0,1
CASE0000211,ALT00003352,INV_03,MEDIUM,CLOSED_FALSE_POSITIVE,29,2022-09-21 22:44:13.307352,23,1,0,0,1
CASE0000212,ALT00008349,INV_01,MEDIUM,CLOSED_FALSE_POSITIVE,38,2023-07-15 10:53:27.506590,46,1,0,0,1
CASE0000213,ALT00000961,AUTO_SYS,LOW,CLOSED_MONITORING,5,2022-10-21 13:39:25.772255,75,1,1,0,1
CASE0000214,ALT00009373,AUTO_SYS,HIGH,CLOSED_FALSE_POSITIVE,37,2023-10-30 12:57:04.067451,10,0,1,0,1
CASE0000215,ALT00007557,INV_03,HIGH,CLOSED_FALSE_POSITIVE,9,2023-03-27 18:10:28.211341,10,1,1,0,1
CASE0000216,ALT00004603,INV_01,LOW,CLOSED_FALSE_POSITIVE,22,2023-03-03 01:09:23.533486,36,0,0,0,0
CASE0000217,ALT00003345,INV_01,MEDIUM,CLOSED_FALSE_POSITIVE,9,2023-04-11 03:46:35.651376,7,0,0,0,1
CASE0000218,ALT00002860,AUTO_SYS,LOW,CLOSED_FALSE_POSITIVE,39,2022-09-05 12:32:00.357386,26,1,0,0,0
CASE0000219,ALT00000004,AUTO_SYS,MEDIUM,OPEN,43,2022-01-15 23:20:33.146267,41,0,1,0,3
CASE0000220,ALT00009064,INV_02,HIGH,CLOSED_FALSE_POSITIVE,12,2023-03-23 16:03:47.377626,15,1,0,0,0
CASE0000221,ALT00005351,INV_01,LOW,CLOSED_FALSE_POSITIVE,22,2022-07-13 19:06:14.012189,40,1,0,0,1
CASE0000222,ALT00007918,INV_01,MEDIUM,CLOSED_FALSE_POSITIVE,8,2023-06-23 05:11:04.458138,14,1,0,0,0
CASE0000223,ALT00002474,INV_01,LOW,CLOSED_FALSE_POSITIVE,21,2023-10-23 13:59:24.499829,23,0,1,0,0
CASE0000224,ALT00001884,INV_01,MEDIUM,CLOSED_FALSE_POSITIVE,3,2022-12-08 11:16:19.102086,31,1,0,0,0
CASE0000225,ALT00006821,INV_02,MEDIUM,CLOSED_FALSE_POSITIVE,32,2022-01-28 02:28:00.344206,6,0,0,0,1
CASE0000226,ALT00008941,INV_03,MEDIUM,CLOSED_FALSE_POSITIVE,2,2023-07-29 23:36:42.732419,25,1,1,0,1
CASE0000227,ALT00006957,INV_01,LOW,CLOSED_FALSE_POSITIVE,18,2023-03-22 11:38:04.097177,53,0,0,0,1
CASE0000228,ALT00001656,AUTO_SYS,MEDIUM,CLOSED_SAR_FILED,18,2022-09-19 08:46:09.585926,84,1,1,1,1
CASE0000229,ALT00004541,INV_03,MEDIUM,CLOSED_FALSE_POSITIVE,5,2023-10-01 03:17:32.008001,19,1,1,0,1
CASE0000230,ALT00003949,AUTO_SYS,HIGH,CLOSED_SAR_FILED,25,2023-10-21 17:08:45.557877,90,1,0,0,4
CASE0000231,ALT00008219,AUTO_SYS,HIGH,CLOSED_MONITORING,15,2023-03-19 15:11:00.166274,17,1,1,0,1
CASE0000232,ALT00005860,AUTO_SYS,MEDIUM,CLOSED_MONITORING,42,2023-01-22 05:12:23.949639,38,0,1,0,1
CASE0000233,ALT00003791,INV_01,LOW,CLOSED_FALSE_POSITIVE,1,2022-07-10 08:24:40.712814,8,1,0,0,0
CASE0000234,ALT00005229,INV_04,MEDIUM,CLOSED_FALSE_POSITIVE,20,2022-12-07 12:32:32.467828,27,0,0,0,1
CASE0000235,ALT00007073,INV_02,LOW,CLOSED_MONITORING,43,2023-10-11 16:28:33.077430,35,0,0,0,4
CASE0000236,ALT00006498,INV_01,MEDIUM,CLOSED_FALSE_POSITIVE,24,2023-01-22 15:15:51.506797,14,0,1,0,0
CASE0000237,ALT00000097,INV_01,LOW,CLOSED_SAR_FILED,39,2022-02-09 04:10:46.113987,82,0,0,0,4
CASE0000238,ALT00008908,INV_04,LOW,CLOSED_FALSE_POSITIVE,28,2023-03-01 13:52:02.260015,48,1,0,0,1
CASE0000239,ALT00007433,INV_03,MEDIUM,CLOSED_FALSE_POSITIVE,26,2022-02-17 14:27:01.263762,35,0,1,0,0
CASE0000240,ALT00010417,INV_04,HIGH,CLOSED_FALSE_POSITIVE,30,2024-04-21 15:19:06.413329,45,1,1,0,1
CASE0000241,ALT00001826,INV_03,LOW,CLOSED_FALSE_POSITIVE,20,2023-10-11 01:05:27.320768,40,1,0,0,0
CASE0000242,ALT00005910,INV_02,LOW,CLOSED_FALSE_POSITIVE,12,2024-04-02 02:00:02.075366,20,0,1,0,1
CASE0000243,ALT00000252,INV_02,MEDIUM,CLOSED_SAR_FILED,13,2023-11-14 23:03:36.557975,34,1,1,0,0
CASE0000244,ALT00006508,AUTO_SYS,LOW,CLOSED_FALSE_POSITIVE,42,2023-05-07 00:38:30.997676,25,1,0,0,1
CASE0000245,ALT00005815,INV_02,LOW,CLOSED_MONITORING,8,2023-03-04 04:18:23.778104,63,1,0,0,0
CASE0000246,ALT00000304,INV_03,HIGH,OPEN,20,2023-11-11 22:02:29.241108,51,1,0,1,4
CASE0000247,ALT00001661,INV_03,HIGH,CLOSED_SAR_FILED,23,2023-06-06 10:51:29.004034,93,1,1,0,3
CASE0000248,ALT00010265,INV_03,MEDIUM,CLOSED_FALSE_POSITIVE,31,2022-01-10 23:28:59.591123,23,1,1,0,0
CASE0000249,ALT00010090,INV_01,HIGH,CLOSED_FALSE_POSITIVE,11,2024-01-09 07:01:51.972697,35,1,0,0,1
CASE0000250,ALT00001374,INV_01,HIGH,CLOSED_FALSE_POSITIVE,5,2023-04-24 23:34:54.985578,40,1,1,0,1
CASE0000251,ALT00006370,INV_01,LOW,CLOSED_FALSE_POSITIVE,5,2024-01-17 09:00:34.590428,9,1,0,0,0
CASE0000252,ALT00005015,INV_01,MEDIUM,CLOSED_FALSE_POSITIVE,31,2023-03-02 11:29:15.957530,24,1,1,0,1
CASE0000253,ALT00006144,INV_03,MEDIUM,CLOSED_FALSE_POSITIVE,37,2023-07-20 20:23:53.291385,30,0,1,0,0
CASE0000254,ALT00006673,INV_03,MEDIUM,CLOSED_FALSE_POSITIVE,21,2022-12-11 05:50:16.754257,8,1,1,0,0
CASE0000255,ALT00000120,INV_01,MEDIUM,CLOSED_FALSE_POSITIVE,22,2022-03-25 12:20:51.858047,63,1,1,0,3
CASE0000256,ALT00007752,INV_03,MEDIUM,CLOSED_FALSE_POSITIVE,18,2022-10-15 14:36:35.108813,13,0,1,0,1
CASE0000257,ALT00005171,AUTO_SYS,HIGH,CLOSED_FALSE_POSITIVE,43,2023-02-21 04:47:16.406495,77,1,0,0,0
CASE0000258,ALT00008230,INV_04,HIGH,CLOSED_FALSE_POSITIVE,10,2024-06-07 20:00:00.701024,12,1,1,0,1
CASE0000259,ALT00005153,INV_03,LOW,CLOSED_FALSE_POSITIVE,11,2022-04-03 11:33:39.626108,25,0,1,0,1
CASE0000260,ALT00002590,INV_02,MEDIUM,CLOSED_FALSE_POSITIVE,20,2022-11-11 11:43:23.296345,28,1,1,0,0
CASE0000261,ALT00004066,INV_02,MEDIUM,CLOSED_FALSE_POSITIVE,7,2022-12-10 12:22:31.188188,27,1,1,0,0
CASE0000262,ALT00003380,AUTO_SYS,MEDIUM,CLOSED_SAR_FILED,8,2022-09-20 14:32:29.700008,76,1,0,0,2
CASE0000263,ALT00005141,AUTO_SYS,HIGH,CLOSED_SAR_FILED,31,2022-01-07 08:13:59.447613,73,1,1,0,4
CASE0000264,ALT00001792,INV_03,LOW,CLOSED_FALSE_POSITIVE,6,2023-04-08 05:30:07.047008,32,1,1,0,0
CASE0000265,ALT00005398,INV_04,HIGH,CLOSED_SAR_FILED,30,2023-01-26 10:37:57.936019,64,0,1,0,3
CASE0000266,ALT00004985,INV_04,MEDIUM,CLOSED_FALSE_POSITIVE,43,2022-09-09 21:41:39.974905,26,1,1,0,1
CASE0000267,ALT00008609,INV_02,LOW,CLOSED_FALSE_POSITIVE,31,2023-11-30 04:21:50.334942,44,0,0,0,1
CASE0000268,ALT00007371,INV_01,HIGH,CLOSED_FALSE_POSITIVE,37,2023-02-28 02:07:48.818032,51,1,0,0,0
CASE0000269,ALT00009390,INV_03,LOW,CLOSED_FALSE_POSITIVE,22,2023-01-21 16:51:55.215257,41,0,1,0,0
CASE0000270,ALT00000451,INV_01,LOW,CLOSED_SAR_FILED,4,2022-10-08 09:08:20.460007,57,0,0,0,0
CASE0000271,ALT00001596,INV_02,LOW,CLOSED_FALSE_POSITIVE,41,2022-03-18 00:05:57.246234,11,1,0,0,0
CASE0000272,ALT00001852,INV_03,MEDIUM,CLOSED_MONITORING,25,2023-12-15 11:45:55.835080,30,1,0,0,0
CASE0000273,ALT00006329,INV_03,MEDIUM,CLOSED_FALSE_POSITIVE,18,2023-07-10 09:23:31.189770,54,1,0,0,1
CASE0000274,ALT00001454,INV_03,MEDIUM,CLOSED_MONITORING,26,2024-02-17 11:32:31.525871,35,1,0,0,0
CASE0000275,ALT00001480,INV_04,LOW,CLOSED_MONITORING,2,2022-05-09 05:18:37.092242,33,1,1,0,0
CASE0000276,ALT00007421,INV_02,MEDIUM,CLOSED_FALSE_POSITIVE,31,2024-01-21 19:23:09.662160,33,1,0,0,0
CASE0000277,ALT00009244,INV_02,HIGH,CLOSED_FALSE_POSITIVE,1,2022-01-23 19:46:29.752872,11,1,0,0,0
CASE0000278,ALT00006560,INV_01,LOW,OPEN,30,2023-09-28 05:27:53.708283,58,0,1,0,4
CASE0000279,ALT00008765,INV_01,LOW,CLOSED_FALSE_POSITIVE,16,2023-01-02 17:32:23.661335,46,0,0,0,1
CASE0000280,ALT00004265,AUTO_SYS,LOW,CLOSED_FALSE_POSITIVE,15,2023-11-19 03:38:22.899310,32,1,0,0,0
CASE0000281,ALT00007615,INV_04,LOW,CLOSED_FALSE_POSITIVE,42,2023-12-02 22:55:04.857664,45,0,1,0,1
CASE0000282,ALT00009727,INV_04,LOW,CLOSED_FALSE_POSITIVE,38,2024-06-12 10:27:29.963400,24,1,1,0,0
CASE0000283,ALT00005583,INV_02,MEDIUM,CLOSED_SAR_FILED,44,2023-02-19 19:10:35.971774,34,1,1,0,1
CASE0000284,ALT00008630,INV_04,HIGH,CLOSED_MONITORING,16,2023-07-01 16:59:25.531344,15,1,0,0,0
CASE0000285,ALT00003106,INV_02,MEDIUM,CLOSED_FALSE_POSITIVE,20,2024-04-05 05:33:36.437629,47,1,0,0,1
CASE0000286,ALT00006479,INV_04,MEDIUM,CLOSED_FALSE_POSITIVE,12,2022-10-07 00:07:01.236609,54,0,1,0,1
CASE0000287,ALT00008591,INV_01,HIGH,CLOSED_FALSE_POSITIVE,27,2022-03-10 19:25:01.845140,41,1,1,0,1
CASE0000288,ALT00003718,INV_04,LOW,CLOSED_FALSE_POSITIVE,2,2023-10-14 17:43:12.747498,37,0,1,0,0
CASE0000289,ALT00003618,INV_01,LOW,CLOSED_FALSE_POSITIVE,2,2023-01-28 13:29:47.713505,33,1,0,0,0
CASE0000290,ALT00009533,INV_03,MEDIUM,CLOSED_FALSE_POSITIVE,36,2023-11-26 09:33:34.199852,14,1,1,0,1
CASE0000291,ALT00008335,INV_01,MEDIUM,CLOSED_FALSE_POSITIVE,44,2023-12-27 23:43:55.838241,39,1,0,0,0
CASE0000292,ALT00004369,INV_03,LOW,CLOSED_SAR_FILED,6,2022-05-09 19:31:22.998451,33,0,1,0,4
CASE0000293,ALT00004636,INV_01,LOW,CLOSED_FALSE_POSITIVE,5,2024-01-02 17:19:37.860043,48,1,0,0,1
CASE0000294,ALT00006872,AUTO_SYS,LOW,CLOSED_FALSE_POSITIVE,23,2022-01-03 21:26:37.617651,47,0,0,0,1
CASE0000295,ALT00005462,INV_03,MEDIUM,CLOSED_FALSE_POSITIVE,5,2023-09-13 06:46:46.846671,10,0,0,0,1
CASE0000296,ALT00009055,AUTO_SYS,MEDIUM,CLOSED_FALSE_POSITIVE,18,2022-07-19 02:51:07.535195,28,0,0,0,0
CASE0000297,ALT00001196,INV_01,LOW,CLOSED_FALSE_POSITIVE,37,2023-09-18 20:53:50.701694,50,1,1,0,1
CASE0000298,ALT00009719,INV_04,MEDIUM,CLOSED_FALSE_POSITIVE,20,2023-03-13 09:27:06.100436,22,0,0,0,0
CASE0000299,ALT00010206,INV_03,HIGH,CLOSED_FALSE_POSITIVE,21,2023-11-15 21:34:22.397840,21,1,1,0,1
CASE0000300,ALT00000933,INV_04,LOW,CLOSED_SAR_FILED,20,2022-12-29 04:12:28.991919,68,0,1,0,3
CASE0000301,ALT00002603,INV_04,MEDIUM,CLOSED_FALSE_POSITIVE,42,2022-11-20 23:12:07.595462,32,1,0,0,0
CASE0000302,ALT00005885,INV_02,MEDIUM,CLOSED_SAR_FILED,25,2024-02-23 10:17:05.114413,51,1,1,0,2
CASE0000303,ALT00004162,AUTO_SYS,LOW,CLOSED_FALSE_POSITIVE,15,2023-09-18 05:45:49.961597,37,0,1,0,0
CASE0000304,ALT00005147,INV_01,LOW,CLOSED_SAR_FILED,2,2023-08-31 00:39:53.586592,36,0,1,1,1
CASE0000305,ALT00004090,INV_02,LOW,CLOSED_FALSE_POSITIVE,41,2023-07-18 04:24:27.013146,31,0,0,0,0
CASE0000306,ALT00002013,INV_03,MEDIUM,CLOSED_FALSE_POSITIVE,15,2022-08-14 19:02:15.694072,21,1,0,0,1
CASE0000307,ALT00005029,INV_01,MEDIUM,CLOSED_FALSE_POSITIVE,28,2022-01-08 12:50:38.368235,29,1,0,0,0
CASE0000308,ALT00007181,INV_02,HIGH,CLOSED_FALSE_POSITIVE,3,2022-01-12 12:57:21.617784,36,1,0,0,1
CASE0000309,ALT00010097,INV_03,LOW,CLOSED_FALSE_POSITIVE,8,2023-04-21 02:36:34.304613,41,0,0,0,0
CASE0000310,ALT00008830,INV_01,HIGH,CLOSED_MONITORING,33,2023-11-09 19:29:03.047634,6,1,0,0,0
CASE0000311,ALT00010137,AUTO_SYS,MEDIUM,CLOSED_FALSE_POSITIVE,42,2023-01-10 17:42:32.935680,24,0,1,0,0
CASE0000312,ALT00004705,INV_04,MEDIUM,CLOSED_MONITORING,21,2022-07-07 08:31:02.153239,14,1,0,0,0
CASE0000313,ALT00003003,AUTO_SYS,HIGH,CLOSED_FALSE_POSITIVE,9,2023-12-14 02:08:52.481712,45,1,0,0,0
CASE0000314,ALT00006518,INV_03,HIGH,CLOSED_FALSE_POSITIVE,6,2022-09-05 22:29:15.424965,30,0,1,0,1
CASE0000315,ALT00002378,INV_01,MEDIUM,CLOSED_FALSE_POSITIVE,39,2024-02-16 20:50:49.269663,45,0,0,0,1
CASE0000316,ALT00005938,INV_01,HIGH,CLOSED_FALSE_POSITIVE,19,2023-10-18 14:56:54.796028,29,0,0,0,0
CASE0000317,ALT00003376,INV_04,LOW,CLOSED_MONITORING,26,2023-05-23 15:56:03.527552,27,1,1,0,0
CASE0000318,ALT00005684,INV_01,LOW,CLOSED_FALSE_POSITIVE,18,2022-05-06 07:11:13.727752,22,1,1,0,1
CASE0000319,ALT00006502,INV_01,LOW,CLOSED_FALSE_POSITIVE,40,2022-02-02 19:47:17.441514,39,0,1,0,0
CASE0000320,ALT00001499,INV_01,MEDIUM,CLOSED_FALSE_POSITIVE,39,2024-03-11 22:08:56.427302,51,1,1,0,0
CASE0000321,ALT00000108,INV_03,MEDIUM,OPEN,15,2022-07-28 19:23:36.536843,69,0,1,1,4
CASE0000322,ALT00008352,INV_04,LOW,CLOSED_FALSE_POSITIVE,11,2024-02-23 18:52:17.055660,46,1,0,0,0
CASE0000323,ALT00010278,INV_01,LOW,CLOSED_FALSE_POSITIVE,34,2022-05-29 00:47:08.623457,33,1,1,0,0
CASE0000324,ALT00005770,INV_04,MEDIUM,CLOSED_FALSE_POSITIVE,37,2022-08-19 15:30:45.090921,44,1,0,0,1
CASE0000325,ALT00004130,INV_04,MEDIUM,CLOSED_FALSE_POSITIVE,6,2023-12-30 09:44:21.344885,49,0,0,0,0
CASE0000326,ALT00009288,INV_04,MEDIUM,CLOSED_FALSE_POSITIVE,25,2024-03-17 14:34:45.416079,5,0,0,0,0
CASE0000327,ALT00007132,AUTO_SYS,LOW,CLOSED_FALSE_POSITIVE,2,2024-02-05 11:54:22.290437,36,0,0,0,1
CASE0000328,ALT00009649,INV_02,HIGH,CLOSED_FALSE_POSITIVE,42,2023-10-20 06:18:05.217394,15,1,1,0,0
CASE0000329,ALT00008441,INV_03,MEDIUM,CLOSED_MONITORING,24,2023-01-27 05:15:04.639080,50,0,0,0,0
CASE0000330,ALT00001607,INV_02,LOW,CLOSED_FALSE_POSITIVE,27,2023-06-19 05:47:09.335287,50,1,0,0,1
CASE0000331,ALT00002237,INV_04,HIGH,CLOSED_MONITORING,8,2023-11-28 06:26:16.083528,11,0,0,0,1
CASE0000332,ALT00008542,INV_04,LOW,CLOSED_FALSE_POSITIVE,33,2022-03-06 14:03:08.540173,26,1,0,0,1
CASE0000333,ALT00004478,INV_02,LOW,CLOSED_FALSE_POSITIVE,37,2023-07-05 11:19:20.436307,43,0,1,0,0
CASE0000334,ALT00007865,INV_03,MEDIUM,CLOSED_FALSE_POSITIVE,38,2023-08-10 09:35:55.077941,39,1,1,0,1
CASE0000335,ALT00009627,INV_03,LOW,CLOSED_FALSE_POSITIVE,3,2022-09-17 09:05:15.168981,27,1,0,0,0
CASE0000336,ALT00008218,INV_03,LOW,OPEN,4,2023-03-27 22:29:33.317201,40,0,1,0,0
CASE0000337,ALT00004677,INV_03,LOW,CLOSED_FALSE_POSITIVE,14,2022-09-29 17:57:48.268018,27,1,1,0,1
CASE0000338,ALT00006228,INV_02,MEDIUM,CLOSED_SAR_FILED,10,2024-03-11 00:04:00.100076,41,0,1,0,1
CASE0000339,ALT00005988,INV_01,LOW,CLOSED_FALSE_POSITIVE,7,2023-06-01 10:46:07.312515,49,0,0,0,0
CASE0000340,ALT00002184,INV_03,MEDIUM,CLOSED_FALSE_POSITIVE,15,2023-01-20 01:16:23.812194,26,1,1,0,0
CASE0000341,ALT00005020,INV_01,MEDIUM,CLOSED_SAR_FILED,26,2022-05-25 21:14:21.154140,84,1,0,0,1
CASE0000342,ALT00002128,INV_03,LOW,CLOSED_FALSE_POSITIVE,12,2022-08-25 06:32:44.155053,49,1,0,0,0
CASE0000343,ALT00007710,INV_02,MEDIUM,CLOSED_FALSE_POSITIVE,12,2022-10-24 05:27:02.034190,43,0,0,0,0
CASE0000344,ALT00001627,INV_02,HIGH,CLOSED_FALSE_POSITIVE,31,2022-08-23 12:16:28.140242,26,1,0,0,1
CASE0000345,ALT00001331,INV_01,LOW,CLOSED_FALSE_POSITIVE,28,2024-06-24 11:17:46.441194,12,1,0,0,0
CASE0000346,ALT00004302,INV_04,HIGH,CLOSED_FALSE_POSITIVE,23,2022-09-07 18:14:40.677071,36,0,0,0,1
CASE0000347,ALT00005216,INV_04,MEDIUM,CLOSED_FALSE_POSITIVE,35,2022-01-23 05:52:34.633504,13,0,1,0,1
CASE0000348,ALT00004211,INV_02,MEDIUM,CLOSED_FALSE_POSITIVE,42,2022-08-11 12:22:46.917039,38,1,1,0,0
CASE0000349,ALT00004141,INV_03,HIGH,CLOSED_FALSE_POSITIVE,13,2022-07-21 14:35:50.304866,48,1,0,0,0
CASE0000350,ALT00002349,INV_03,LOW,CLOSED_FALSE_POSITIVE,14,2022-01-23 04:08:44.025788,34,1,1,0,0
CASE0000351,ALT00002969,INV_01,MEDIUM,CLOSED_FALSE_POSITIVE,35,2023-02-25 08:03:49.284238,54,1,0,0,0
CASE0000352,ALT00009803,INV_01,MEDIUM,CLOSED_FALSE_POSITIVE,1,2022-05-27 22:38:07.593702,22,1,0,0,0
CASE0000353,ALT00001985,INV_03,LOW,CLOSED_SAR_FILED,30,2022-03-28 20:18:57.824919,56,0,0,0,0
CASE0000354,ALT00008490,INV_03,MEDIUM,CLOSED_FALSE_POSITIVE,16,2023-06-04 17:54:32.748913,11,1,0,0,0
CASE0000355,ALT00004759,INV_04,MEDIUM,CLOSED_FALSE_POSITIVE,39,2022-01-19 23:28:29.284431,40,1,1,0,0
CASE0000356,ALT00005099,INV_03,LOW,CLOSED_FALSE_POSITIVE,16,2024-06-08 08:33:29.782616,41,0,1,0,1
CASE0000357,ALT00006985,INV_04,LOW,CLOSED_FALSE_POSITIVE,37,2023-06-03 20:15:04.328643,48,0,1,0,0
CASE0000358,ALT00005538,INV_02,HIGH,CLOSED_FALSE_POSITIVE,29,2023-10-08 02:40:17.157503,42,1,0,0,0
CASE0000359,ALT00003300,INV_04,MEDIUM,OPEN,30,2023-10-01 03:05:13.107940,43,0,0,0,1
CASE0000360,ALT00009488,INV_04,LOW,CLOSED_FALSE_POSITIVE,43,2022-10-12 17:38:33.557121,27,0,0,0,1
CASE0000361,ALT00003111,INV_04,MEDIUM,CLOSED_FALSE_POSITIVE,25,2024-03-26 03:19:19.591952,39,0,1,0,3
CASE0000362,ALT00004448,INV_03,MEDIUM,CLOSED_FALSE_POSITIVE,40,2024-04-20 10:59:11.282323,51,1,1,0,0
CASE0000363,ALT00000674,INV_02,MEDIUM,CLOSED_MONITORING,21,2024-02-23 09:49:51.307729,92,1,0,0,3
CASE0000364,ALT00000305,INV_03,MEDIUM,CLOSED_SAR_FILED,8,2023-03-21 19:17:40.832378,40,1,1,0,2
CASE0000365,ALT00006299,INV_03,LOW,CLOSED_FALSE_POSITIVE,16,2023-05-20 15:48:21.614529,19,0,1,0,1
CASE0000366,ALT00001414,INV_04,MEDIUM,CLOSED_SAR_FILED,6,2022-09-29 10:30:29.490438,38,0,1,0,1
CASE0000367,ALT00008216,AUTO_SYS,LOW,CLOSED_FALSE_POSITIVE,36,2023-11-06 11:38:11.086911,19,1,0,0,1
CASE0000368,ALT00001085,INV_03,MEDIUM,CLOSED_FALSE_POSITIVE,27,2022-12-23 22:01:27.255217,36,0,1,0,0
CASE0000369,ALT00006805,INV_01,HIGH,OPEN,42,2023-08-30 16:10:05.632856,22,1,0,0,0
CASE0000370,ALT00002628,INV_03,MEDIUM,CLOSED_FALSE_POSITIVE,27,2023-11-25 16:02:54.188290,40,1,0,0,1
CASE0000371,ALT00008179,INV_02,HIGH,CLOSED_MONITORING,32,2024-05-11 04:49:34.708029,5,0,0,0,1
CASE0000372,ALT00005380,INV_04,LOW,CLOSED_FALSE_POSITIVE,36,2023-06-30 03:33:34.961023,54,0,1,0,0
CASE0000373,ALT00000440,INV_04,HIGH,OPEN,2,2022-01-11 14:36:12.169892,80,0,0,0,0
CASE0000374,ALT00009997,INV_04,HIGH,CLOSED_FALSE_POSITIVE,33,2022-05-12 02:33:32.893381,44,1,1,0,0
CASE0000375,ALT00002222,AUTO_SYS,LOW,CLOSED_SAR_FILED,11,2024-06-09 22:46:47.734907,42,0,1,0,3
CASE0000376,ALT00002847,INV_02,MEDIUM,CLOSED_MONITORING,28,2023-07-24 05:59:30.792917,30,1,1,0,1
CASE0000377,ALT00002418,INV_02,MEDIUM,CLOSED_FALSE_POSITIVE,14,2022-06-20 05:57:03.526251,29,1,0,0,1
CASE0000378,ALT00005439,INV_04,MEDIUM,CLOSED_SAR_FILED,26,2023-04-28 07:06:31.244389,8,1,0,0,0
CASE0000379,ALT00009058,INV_03,HIGH,CLOSED_FALSE_POSITIVE,19,2024-01-05 23:08:02.200824,53,1,1,0,0
CASE0000380,ALT00009003,AUTO_SYS,MEDIUM,CLOSED_FALSE_POSITIVE,35,2022-06-02 18:50:46.834980,33,0,0,0,0
CASE0000381,ALT00009811,AUTO_SYS,HIGH,CLOSED_FALSE_POSITIVE,25,2023-10-11 22:12:49.465350,44,1,0,0,1
CASE0000382,ALT00002153,INV_04,MEDIUM,CLOSED_FALSE_POSITIVE,32,2023-05-26 17:36:57.985181,42,1,0,0,0
CASE0000383,ALT00001122,INV_03,HIGH,CLOSED_FALSE_POSITIVE,19,2023-04-24 14:24:12.015309,26,0,1,0,1
CASE0000384,ALT00003185,INV_02,LOW,OPEN,25,2023-03-28 16:28:30.323041,5,1,1,0,1
CASE0000385,ALT00009097,INV_01,LOW,CLOSED_FALSE_POSITIVE,32,2023-12-13 21:03:36.513247,19,1,0,0,1
CASE0000386,ALT00005585,INV_02,MEDIUM,CLOSED_FALSE_POSITIVE,11,2022-05-07 13:39:01.721542,28,0,1,0,1
CASE0000387,ALT00004973,INV_03,HIGH,CLOSED_FALSE_POSITIVE,37,2024-06-03 01:25:57.286025,28,1,0,0,1
CASE0000388,ALT00009725,INV_03,MEDIUM,CLOSED_MONITORING,31,2023-11-25 23:56:53.601738,50,0,1,0,1
CASE0000389,ALT00007842,INV_02,HIGH,CLOSED_FALSE_POSITIVE,12,2023-10-27 00:02:12.939798,15,1,0,0,1
CASE0000390,ALT00003890,INV_03,LOW,CLOSED_SAR_FILED,19,2022-04-29 09:12:53.424901,85,1,0,0,1
CASE0000391,ALT00007494,INV_03,MEDIUM,CLOSED_FALSE_POSITIVE,24,2023-09-13 07:05:27.585999,27,0,0,0,1
CASE0000392,ALT00006349,AUTO_SYS,HIGH,CLOSED_FALSE_POSITIVE,38,2023-08-18 10:41:16.950287,50,0,1,0,0
CASE0000393,ALT00004713,INV_03,LOW,CLOSED_FALSE_POSITIVE,20,2022-01-06 00:39:17.299921,18,0,1,0,1
CASE0000394,ALT00010472,INV_02,MEDIUM,CLOSED_FALSE_POSITIVE,39,2024-04-03 09:55:43.200772,35,0,0,0,0
CASE0000395,ALT00008874,INV_02,MEDIUM,CLOSED_SAR_FILED,23,2023-06-28 17:44:56.877605,8,1,1,0,1
CASE0000396,ALT00000968,INV_04,MEDIUM,CLOSED_MONITORING,33,2024-01-25 19:24:54.013160,34,0,1,0,0
CASE0000397,ALT00003207,AUTO_SYS,LOW,CLOSED_FALSE_POSITIVE,2,2024-04-29 16:07:13.799996,28,1,1,0,1
CASE0000398,ALT00005741,INV_03,MEDIUM,CLOSED_FALSE_POSITIVE,13,2023-01-22 02:16:43.221511,45,0,1,0,0
CASE0000399,ALT00002345,INV_03,MEDIUM,CLOSED_FALSE_POSITIVE,39,2023-08-22 05:59:08.068331,41,0,0,0,0
CASE0000400,ALT00005293,INV_03,MEDIUM,CLOSED_MONITORING,35,2022-02-08 06:53:27.884984,61,1,1,0,2
CASE0000401,ALT00005423,INV_03,HIGH,CLOSED_FALSE_POSITIVE,33,2022-05-01 05:07:01.683654,51,0,0,0,0
CASE0000402,ALT00010341,INV_03,MEDIUM,CLOSED_FALSE_POSITIVE,24,2022-08-27 05:52:38.389423,7,0,1,0,1
CASE0000403,ALT00003626,INV_02,MEDIUM,CLOSED_FALSE_POSITIVE,1,2024-02-02 23:08:38.794886,35,1,0,0,0
CASE0000404,ALT00000519,INV_04,MEDIUM,OPEN,23,2024-04-09 17:49:45.393728,56,1,1,0,4
CASE0000405,ALT00006999,AUTO_SYS,LOW,CLOSED_FALSE_POSITIVE,28,2022-05-12 01:02:18.952383,9,0,1,0,1
CASE0000406,ALT00005435,INV_04,MEDIUM,CLOSED_FALSE_POSITIVE,35,2023-02-18 05:37:14.321947,52,0,1,0,1
CASE0000407,ALT00009732,AUTO_SYS,LOW,CLOSED_FALSE_POSITIVE,40,2023-07-26 11:14:07.157846,35,1,1,0,1
CASE0000408,ALT00007169,AUTO_SYS,MEDIUM,CLOSED_SAR_FILED,31,2022-11-28 23:37:42.951209,78,1,0,0,4
CASE0000409,ALT00005047,INV_04,LOW,CLOSED_FALSE_POSITIVE,33,2022-12-21 13:28:37.244520,9,0,1,0,1
CASE0000410,ALT00001719,INV_04,HIGH,CLOSED_FALSE_POSITIVE,28,2023-07-29 10:07:51.459486,16,0,0,0,0
CASE0000411,ALT00003510,INV_03,MEDIUM,CLOSED_FALSE_POSITIVE,1,2022-07-24 06:12:43.369484,34,1,1,0,0
CASE0000412,ALT00006110,INV_03,LOW,CLOSED_FALSE_POSITIVE,36,2022-05-06 07:28:18.430693,18,1,0,0,1
CASE0000413,ALT00000322,INV_04,LOW,OPEN,29,2023-04-01 22:11:01.857602,31,1,0,0,4
CASE0000414,ALT00002565,INV_01,MEDIUM,CLOSED_FALSE_POSITIVE,21,2022-05-15 14:41:40.535649,19,0,0,0,1
CASE0000415,ALT00007563,INV_04,MEDIUM,CLOSED_FALSE_POSITIVE,35,2023-08-31 11:20:04.819791,8,1,0,0,1
CASE0000416,ALT00005471,INV_02,HIGH,CLOSED_FALSE_POSITIVE,32,2024-04-17 19:48:39.244049,41,0,1,0,1
CASE0000417,ALT00002302,INV_03,HIGH,CLOSED_MONITORING,23,2022-08-19 19:39:01.686574,48,0,1,0,1
CASE0000418,ALT00007800,INV_03,MEDIUM,CLOSED_FALSE_POSITIVE,40,2023-02-03 11:30:58.969827,54,1,0,0,0
CASE0000419,ALT00008449,AUTO_SYS,LOW,CLOSED_FALSE_POSITIVE,32,2023-03-19 07:21:44.482813,25,0,0,0,1
CASE0000420,ALT00008545,INV_02,HIGH,CLOSED_MONITORING,40,2023-10-26 19:57:48.126356,41,1,0,0,1
CASE0000421,ALT00006772,INV_02,HIGH,CLOSED_FALSE_POSITIVE,21,2024-01-23 13:35:26.377877,28,1,1,0,1
CASE0000422,ALT00000081,INV_04,MEDIUM,CLOSED_SAR_FILED,9,2023-07-24 07:49:52.781567,71,1,0,0,3
CASE0000423,ALT00004340,AUTO_SYS,MEDIUM,CLOSED_FALSE_POSITIVE,35,2022-04-30 02:16:22.854081,34,0,1,0,0
CASE0000424,ALT00001369,INV_03,LOW,CLOSED_FALSE_POSITIVE,36,2023-01-18 05:38:40.125500,22,1,1,0,0
CASE0000425,ALT00004635,AUTO_SYS,HIGH,CLOSED_FALSE_POSITIVE,20,2022-03-01 11:51:55.111154,16,1,0,0,0
CASE0000426,ALT00006884,AUTO_SYS,MEDIUM,CLOSED_FALSE_POSITIVE,35,2024-01-02 09:41:17.719759,40,0,1,0,0
CASE0000427,ALT00002971,AUTO_SYS,LOW,OPEN,34,2024-01-10 00:42:52.869224,34,1,1,0,0
CASE0000428,ALT00003170,INV_02,MEDIUM,CLOSED_FALSE_POSITIVE,39,2023-03-06 15:27:37.424678,42,0,0,0,1
CASE0000429,ALT00006697,INV_04,LOW,CLOSED_FALSE_POSITIVE,1,2022-06-08 03:36:44.812620,39,1,1,0,1
CASE0000430,ALT00000132,AUTO_SYS,MEDIUM,CLOSED_SAR_FILED,12,2023-10-29 12:26:24.538708,94,1,1,1,0
CASE0000431,ALT00004202,INV_04,MEDIUM,CLOSED_FALSE_POSITIVE,1,2023-07-26 12:27:29.229206,17,0,1,0,1
CASE0000432,ALT00001459,INV_01,HIGH,CLOSED_FALSE_POSITIVE,3,2023-04-05 10:53:56.237064,54,1,0,0,1
CASE0000433,ALT00006424,INV_02,HIGH,OPEN,12,2022-08-22 22:04:52.833307,83,1,1,0,1
CASE0000434,ALT00009521,INV_03,HIGH,CLOSED_FALSE_POSITIVE,17,2022-12-25 22:37:23.454161,37,1,0,0,1
CASE0000435,ALT00002596,AUTO_SYS,LOW,CLOSED_FALSE_POSITIVE,29,2023-12-06 03:31:45.626574,21,1,0,0,1
CASE0000436,ALT00004565,INV_01,MEDIUM,CLOSED_MONITORING,13,2023-04-13 10:33:20.152515,31,1,1,0,1
CASE0000437,ALT00000368,INV_02,LOW,CLOSED_SAR_FILED,42,2022-09-20 16:58:49.596716,82,0,0,0,0
CASE0000438,ALT00006366,INV_02,HIGH,CLOSED_FALSE_POSITIVE,37,2024-05-19 05:51:19.398476,51,1,1,0,0
CASE0000439,ALT00003747,INV_02,LOW,CLOSED_SAR_FILED,26,2023-08-30 19:12:39.814254,35,0,0,0,0
CASE0000440,ALT00005557,INV_01,MEDIUM,CLOSED_MONITORING,2,2023-12-30 13:00:57.338412,25,1,0,0,0
CASE0000441,ALT00008678,INV_03,LOW,CLOSED_FALSE_POSITIVE,42,2024-03-14 22:03:19.207638,49,0,1,0,1
CASE0000442,ALT00003001,INV_04,LOW,CLOSED_FALSE_POSITIVE,6,2022-09-18 16:27:44.536484,43,1,0,0,1
CASE0000443,ALT00006179,INV_01,LOW,CLOSED_FALSE_POSITIVE,29,2022-02-17 23:16:41.843091,22,0,1,0,1
CASE0000444,ALT00000331,INV_01,MEDIUM,CLOSED_SAR_FILED,8,2023-10-07 07:58:52.576355,50,1,1,0,4
CASE0000445,ALT00005364,INV_03,MEDIUM,CLOSED_FALSE_POSITIVE,18,2023-11-12 03:32:08.366302,52,1,1,0,0
CASE0000446,ALT00009644,INV_02,LOW,CLOSED_FALSE_POSITIVE,40,2022-01-07 05:04:20.448845,32,1,1,0,0
CASE0000447,ALT00007087,INV_04,LOW,CLOSED_MONITORING,1,2024-02-22 08:00:43.390592,34,1,1,0,0
CASE0000448,ALT00009116,AUTO_SYS,HIGH,CLOSED_FALSE_POSITIVE,30,2023-02-09 10:45:35.917884,41,1,1,0,1
CASE0000449,ALT00006388,INV_04,LOW,CLOSED_MONITORING,27,2022-03-20 21:53:16.553127,62,0,0,1,0
CASE0000450,ALT00002824,INV_01,HIGH,CLOSED_FALSE_POSITIVE,17,2022-08-16 08:08:03.832473,35,0,1,0,1
CASE0000451,ALT00002555,INV_01,HIGH,CLOSED_MONITORING,18,2023-11-13 04:49:22.795433,43,1,0,0,0
CASE0000452,ALT00001298,INV_03,LOW,CLOSED_FALSE_POSITIVE,3,2024-04-27 14:58:58.274221,9,1,1,0,1
CASE0000453,ALT00007460,INV_03,MEDIUM,CLOSED_MONITORING,12,2024-05-26 04:40:57.684265,32,0,0,0,1
CASE0000454,ALT00000501,AUTO_SYS,HIGH,CLOSED_FALSE_POSITIVE,9,2023-08-12 21:50:10.084290,51,0,0,0,3
CASE0000455,ALT00004609,INV_02,LOW,CLOSED_FALSE_POSITIVE,7,2023-07-23 10:22:10.561169,37,1,0,0,0
CASE0000456,ALT00000260,AUTO_SYS,LOW,CLOSED_SAR_FILED,3,2024-01-24 23:53:02.259677,46,1,0,0,4
CASE0000457,ALT00010430,INV_02,HIGH,OPEN,30,2023-07-05 14:56:51.060471,13,1,0,0,0
CASE0000458,ALT00006226,INV_01,LOW,CLOSED_FALSE_POSITIVE,4,2023-04-17 09:21:57.641926,49,0,0,0,0
CASE0000459,ALT00000458,INV_04,LOW,OPEN,16,2023-09-09 18:39:03.208958,70,1,0,0,1
CASE0000460,ALT00008207,INV_04,HIGH,CLOSED_FALSE_POSITIVE,27,2023-10-18 13:49:18.983378,39,1,0,0,1
CASE0000461,ALT00005707,INV_01,LOW,CLOSED_FALSE_POSITIVE,4,2022-07-17 23:37:55.163865,9,0,0,0,1
CASE0000462,ALT00003686,INV_02,LOW,CLOSED_FALSE_POSITIVE,31,2024-01-22 00:45:58.755533,42,0,0,0,0
CASE0000463,ALT00006307,INV_01,MEDIUM,CLOSED_SAR_FILED,30,2023-04-29 13:41:23.685092,60,1,1,0,3
CASE0000464,ALT00004721,INV_01,MEDIUM,OPEN,19,2023-10-24 20:12:48.910177,19,1,1,0,0
CASE0000465,ALT00005317,AUTO_SYS,MEDIUM,CLOSED_SAR_FILED,40,2023-01-12 04:31:19.639078,66,1,1,0,1
CASE0000466,ALT00007764,INV_04,MEDIUM,CLOSED_FALSE_POSITIVE,22,2023-04-19 12:13:35.185816,30,1,1,0,0
CASE0000467,ALT00000032,INV_01,MEDIUM,CLOSED_SAR_FILED,30,2023-02-22 14:53:07.654797,92,1,0,0,3
CASE0000468,ALT00002272,INV_02,LOW,CLOSED_MONITORING,11,2023-06-26 18:55:08.252991,38,1,0,0,1
CASE0000469,ALT00004029,INV_04,MEDIUM,CLOSED_SAR_FILED,31,2023-01-13 20:48:13.455053,42,1,0,0,1
CASE0000470,ALT00008721,INV_02,MEDIUM,CLOSED_FALSE_POSITIVE,35,2023-10-15 03:05:45.148112,49,1,1,0,0
CASE0000471,ALT00005237,INV_01,MEDIUM,CLOSED_SAR_FILED,3,2022-05-08 06:27:30.360117,57,0,1,0,1
CASE0000472,ALT00009129,AUTO_SYS,HIGH,CLOSED_FALSE_POSITIVE,2,2023-02-17 13:41:38.308409,31,0,0,0,1
CASE0000473,ALT00005618,INV_03,MEDIUM,CLOSED_FALSE_POSITIVE,1,2024-04-07 04:00:14.175147,9,1,1,0,0
CASE0000474,ALT00007984,INV_02,LOW,CLOSED_FALSE_POSITIVE,10,2023-04-06 20:44:23.003961,53,1,1,0,0
CASE0000475,ALT00000566,INV_02,HIGH,CLOSED_MONITORING,27,2023-09-24 09:21:03.522959,73,0,0,0,1
CASE0000476,ALT00002545,INV_01,MEDIUM,OPEN,34,2023-02-07 21:36:19.782670,7,1,1,0,0
CASE0000477,ALT00004084,INV_04,HIGH,CLOSED_FALSE_POSITIVE,39,2023-08-08 17:25:21.324796,50,1,0,0,0
CASE0000478,ALT00006947,INV_02,HIGH,CLOSED_FALSE_POSITIVE,1,2022-02-05 05:47:47.424672,34,1,1,0,1
CASE0000479,ALT00006769,INV_01,MEDIUM,CLOSED_MONITORING,32,2022-04-03 22:08:22.298438,21,1,0,0,0
CASE0000480,ALT00008632,INV_01,MEDIUM,CLOSED_FALSE_POSITIVE,12,2023-03-15 19:05:02.512824,44,1,0,0,1
CASE0000481,ALT00006607,AUTO_SYS,MEDIUM,CLOSED_MONITORING,22,2023-05-05 07:22:17.059063,15,1,1,0,0
CASE0000482,ALT00007339,INV_03,MEDIUM,CLOSED_SAR_FILED,17,2022-06-03 12:11:43.066073,86,1,1,0,4
CASE0000483,ALT00000669,INV_02,LOW,CLOSED_SAR_FILED,43,2024-04-01 04:25:29.480567,78,1,0,1,3
CASE0000484,ALT00000677,INV_02,MEDIUM,CLOSED_SAR_FILED,35,2022-10-31 19:16:56.100454,43,1,0,0,3
CASE0000485,ALT00003541,INV_03,MEDIUM,CLOSED_FALSE_POSITIVE,44,2022-11-26 15:30:23.635727,13,0,1,0,1
CASE0000486,ALT00003329,INV_01,LOW,CLOSED_FALSE_POSITIVE,44,2022-03-17 20:05:01.211938,72,0,0,0,1
CASE0000487,ALT00001836,INV_01,MEDIUM,CLOSED_FALSE_POSITIVE,34,2023-02-16 20:08:56.037778,13,0,1,0,0
CASE0000488,ALT00007232,INV_02,HIGH,CLOSED_FALSE_POSITIVE,28,2023-07-16 12:48:45.951058,25,0,1,0,0
CASE0000489,ALT00007298,INV_04,MEDIUM,CLOSED_FALSE_POSITIVE,30,2022-04-30 19:33:53.897661,38,0,0,0,0
CASE0000490,ALT00003906,INV_04,MEDIUM,CLOSED_FALSE_POSITIVE,22,2022-01-21 05:45:55.197530,52,0,1,0,0
CASE0000491,ALT00005763,AUTO_SYS,HIGH,CLOSED_FALSE_POSITIVE,30,2022-05-17 16:26:41.856963,6,1,0,0,1
CASE0000492,ALT00000734,INV_02,HIGH,OPEN,11,2023-06-03 19:52:34.394312,90,0,1,0,2
CASE0000493,ALT00001057,INV_01,LOW,CLOSED_FALSE_POSITIVE,19,2023-08-14 11:38:49.209747,87,1,1,0,4
CASE0000494,ALT00004512,INV_02,LOW,CLOSED_FALSE_POSITIVE,28,2022-07-03 09:50:46.690198,47,0,0,0,0
CASE0000495,ALT00000374,AUTO_SYS,HIGH,OPEN,39,2022-05-01 14:18:26.047771,33,1,1,0,2
CASE0000496,ALT00002575,INV_01,MEDIUM,CLOSED_FALSE_POSITIVE,35,2023-08-31 04:02:51.318320,29,1,0,0,0
CASE0000497,ALT00007414,INV_04,LOW,CLOSED_MONITORING,3,2022-11-29 17:25:34.168091,17,1,1,0,1
CASE0000498,ALT00010136,INV_01,MEDIUM,CLOSED_FALSE_POSITIVE,1,2024-01-30 23:20:16.751079,36,1,1,0,0
CASE0000499,ALT00005258,INV_03,HIGH,CLOSED_FALSE_POSITIVE,31,2024-05-10 16:24:57.803726,9,0,1,0,0
CASE0000500,ALT00007021,INV_04,LOW,OPEN,37,2022-12-15 04:26:19.914480,38,1,0,0,0
CASE0000501,ALT00010308,INV_03,HIGH,CLOSED_FALSE_POSITIVE,6,2024-02-20 08:34:33.215909,22,0,1,0,1
CASE0000502,ALT00004803,INV_01,HIGH,CLOSED_MONITORING,30,2022-11-05 09:04:39.896435,30,0,1,0,2
CASE0000503,ALT00000336,INV_03,MEDIUM,OPEN,37,2023-10-03 07:00:22.896064,46,1,0,0,1
CASE0000504,ALT00004093,INV_02,MEDIUM,CLOSED_FALSE_POSITIVE,27,2023-04-19 00:22:06.472152,20,1,0,0,0
CASE0000505,ALT00009320,INV_04,MEDIUM,CLOSED_FALSE_POSITIVE,42,2023-02-20 15:28:48.267277,18,1,1,0,0
CASE0000506,ALT00000170,INV_02,LOW,OPEN,15,2022-07-21 19:19:47.998012,49,0,0,0,1
CASE0000507,ALT00008709,AUTO_SYS,LOW,CLOSED_FALSE_POSITIVE,30,2023-12-04 07:13:19.084697,42,1,1,0,1
CASE0000508,ALT00007454,INV_02,MEDIUM,OPEN,32,2022-11-08 15:28:01.001484,29,1,0,0,0
CASE0000509,ALT00008852,INV_03,LOW,OPEN,40,2023-11-19 23:08:54.561168,7,0,1,0,1
CASE0000510,ALT00010358,AUTO_SYS,MEDIUM,CLOSED_FALSE_POSITIVE,14,2023-11-03 21:48:16.327138,44,1,1,0,0
CASE0000511,ALT00006409,INV_02,MEDIUM,CLOSED_FALSE_POSITIVE,17,2023-10-01 09:15:25.924599,43,1,1,0,1
CASE0000512,ALT00006801,INV_03,MEDIUM,CLOSED_MONITORING,32,2023-12-15 12:06:25.498014,17,1,0,0,1
CASE0000513,ALT00004024,INV_01,LOW,CLOSED_FALSE_POSITIVE,35,2024-03-17 10:52:22.924787,49,1,0,0,1
CASE0000514,ALT00007301,AUTO_SYS,MEDIUM,CLOSED_FALSE_POSITIVE,44,2022-10-21 15:16:41.219589,21,1,1,0,0
CASE0000515,ALT00005903,INV_02,LOW,CLOSED_FALSE_POSITIVE,9,2023-02-12 02:42:28.964696,5,0,1,0,0
CASE0000516,ALT00003617,INV_04,LOW,CLOSED_FALSE_POSITIVE,38,2022-02-09 11:58:22.326951,10,1,0,0,0
CASE0000517,ALT00002031,INV_04,LOW,CLOSED_FALSE_POSITIVE,17,2022-11-17 21:25:01.590583,17,0,1,0,0
CASE0000518,ALT00001124,INV_02,LOW,CLOSED_FALSE_POSITIVE,41,2024-01-21 09:20:37.651401,53,1,1,0,0
CASE0000519,ALT00004709,AUTO_SYS,LOW,CLOSED_FALSE_POSITIVE,6,2024-03-05 17:37:59.452452,40,0,1,0,0
CASE0000520,ALT00001040,INV_02,MEDIUM,CLOSED_SAR_FILED,27,2024-05-26 09:48:13.133562,92,1,1,0,0
CASE0000521,ALT00004871,INV_03,MEDIUM,CLOSED_FALSE_POSITIVE,8,2024-01-25 06:08:00.763448,43,1,0,0,0
CASE0000522,ALT00000316,INV_01,MEDIUM,OPEN,36,2023-12-24 05:22:57.841108,56,0,0,0,3
CASE0000523,ALT00000928,INV_03,MEDIUM,CLOSED_SAR_FILED,10,2023-08-22 22:38:36.644504,58,1,1,0,3
CASE0000524,ALT00008103,AUTO_SYS,MEDIUM,CLOSED_FALSE_POSITIVE,2,2024-04-23 01:26:57.339648,9,1,1,0,1
CASE0000525,ALT00000544,INV_02,MEDIUM,CLOSED_SAR_FILED,8,2022-07-18 11:38:43.793878,94,1,0,0,4
CASE0000526,ALT00003013,INV_04,LOW,CLOSED_MONITORING,34,2023-06-30 11:32:50.360003,40,0,1,0,0
CASE0000527,ALT00002276,INV_04,HIGH,CLOSED_FALSE_POSITIVE,39,2022-08-26 06:47:53.325060,8,0,1,0,0
CASE0000528,ALT00001112,INV_02,MEDIUM,CLOSED_FALSE_POSITIVE,4,2023-06-01 08:08:06.083996,26,1,0,0,0
CASE0000529,ALT00001741,AUTO_SYS,HIGH,CLOSED_FALSE_POSITIVE,17,2022-10-18 02:39:56.287144,47,1,1,0,0
CASE0000530,ALT00001887,INV_01,LOW,CLOSED_FALSE_POSITIVE,9,2023-10-17 10:05:00.263140,35,1,1,0,1
CASE0000531,ALT00000534,INV_03,MEDIUM,CLOSED_SAR_FILED,29,2022-01-20 09:01:07.704750,88,0,1,0,2
CASE0000532,ALT00008294,INV_02,LOW,OPEN,31,2022-04-08 09:14:14.672162,7,1,1,0,0
CASE0000533,ALT00000048,INV_01,MEDIUM,CLOSED_SAR_FILED,39,2023-02-14 13:19:38.541340,57,1,0,0,1
CASE0000534,ALT00010075,INV_02,LOW,CLOSED_FALSE_POSITIVE,4,2023-05-11 15:48:17.728422,13,1,0,0,0
CASE0000535,ALT00007297,INV_04,MEDIUM,CLOSED_FALSE_POSITIVE,3,2024-04-11 09:32:23.103561,13,0,1,0,1
CASE0000536,ALT00004280,INV_01,MEDIUM,CLOSED_FALSE_POSITIVE,4,2022-11-29 22:47:00.027224,44,1,0,0,0
CASE0000537,ALT00005724,INV_03,LOW,CLOSED_SAR_FILED,14,2023-05-06 01:48:47.002946,35,0,1,0,3
CASE0000538,ALT00008653,INV_02,LOW,CLOSED_FALSE_POSITIVE,25,2022-05-25 15:01:02.618652,24,0,1,0,0
CASE0000539,ALT00003827,AUTO_SYS,MEDIUM,CLOSED_FALSE_POSITIVE,26,2024-03-25 16:12:39.002643,15,0,0,0,0
CASE0000540,ALT00010111,INV_02,MEDIUM,CLOSED_FALSE_POSITIVE,21,2023-06-12 18:28:34.339888,38,1,1,0,1
CASE0000541,ALT00007253,INV_04,MEDIUM,CLOSED_MONITORING,32,2022-11-27 00:11:19.113185,49,1,0,0,1
CASE0000542,ALT00003414,AUTO_SYS,MEDIUM,CLOSED_FALSE_POSITIVE,35,2023-04-22 00:58:48.317981,28,0,0,0,1
CASE0000543,ALT00001370,INV_01,LOW,CLOSED_FALSE_POSITIVE,37,2023-03-06 04:44:25.985915,29,1,1,0,0
CASE0000544,ALT00001892,INV_04,LOW,CLOSED_SAR_FILED,3,2023-10-20 15:19:52.179551,44,0,0,0,4
CASE0000545,ALT00004112,INV_04,HIGH,CLOSED_FALSE_POSITIVE,13,2024-01-15 23:03:18.586951,20,0,0,0,0
CASE0000546,ALT00007475,INV_04,MEDIUM,CLOSED_MONITORING,17,2024-03-25 16:12:39.002643,10,0,0,0,1
CASE0000547,ALT00004004,INV_01,MEDIUM,CLOSED_FALSE_POSITIVE,40,2023-04-30 09:29:43.165241,11,0,1,0,1
CASE0000548,ALT00006026,AUTO_SYS,MEDIUM,CLOSED_FALSE_POSITIVE,34,2022-03-07 18:59:55.216598,29,1,0,0,0
CASE0000549,ALT00001693,INV_04,LOW,CLOSED_FALSE_POSITIVE,4,2022-11-03 13:56:15.315212,52,0,1,0,1
CASE0000550,ALT00002390,INV_03,MEDIUM,CLOSED_MONITORING,44,2024-06-26 04:15:51.690339,44,1,0,0,1
CASE0000551,ALT00008462,INV_02,MEDIUM,CLOSED_FALSE_POSITIVE,3,2022-05-25 13:11:53.468003,33,0,0,0,0
CASE0000552,ALT00010209,INV_02,MEDIUM,OPEN,41,2022-11-24 14:59:16.942285,45,1,1,0,0
CASE0000553,ALT00005911,INV_02,MEDIUM,CLOSED_FALSE_POSITIVE,41,2023-09-23 15:45:41.873507,31,0,1,0,1
CASE0000554,ALT00009070,INV_03,MEDIUM,CLOSED_FALSE_POSITIVE,9,2022-09-10 09:29:46.922798,40,1,1,0,1
CASE0000555,ALT00002985,INV_03,MEDIUM,CLOSED_FALSE_POSITIVE,25,2022-09-04 20:07:17.978204,36,1,1,0,0
CASE0000556,ALT00007760,INV_02,MEDIUM,CLOSED_FALSE_POSITIVE,42,2022-04-04 02:41:02.349287,36,1,0,0,0
CASE0000557,ALT00003633,INV_02,HIGH,OPEN,30,2024-06-09 13:48:11.992875,52,1,1,0,1
CASE0000558,ALT00008892,INV_01,LOW,CLOSED_FALSE_POSITIVE,22,2024-06-25 01:08:39.770721,27,1,1,0,0
CASE0000559,ALT00001509,INV_04,HIGH,CLOSED_FALSE_POSITIVE,9,2022-12-28 21:23:48.413578,10,0,1,0,0
CASE0000560,ALT00004408,INV_04,MEDIUM,CLOSED_FALSE_POSITIVE,37,2023-12-13 14:37:05.635965,45,0,1,0,1
CASE0000561,ALT00005381,AUTO_SYS,HIGH,CLOSED_MONITORING,3,2023-05-01 03:31:48.600752,15,1,0,0,1
CASE0000562,ALT00000533,AUTO_SYS,HIGH,OPEN,14,2022-05-29 07:36:06.005055,71,0,0,0,4
CASE0000563,ALT00009486,INV_01,LOW,CLOSED_FALSE_POSITIVE,44,2023-03-15 05:38:27.541901,49,0,1,0,1
CASE0000564,ALT00002358,INV_04,LOW,CLOSED_FALSE_POSITIVE,7,2022-09-03 22:15:41.562482,20,1,0,0,1
CASE0000565,ALT00006055,INV_01,MEDIUM,CLOSED_FALSE_POSITIVE,44,2022-08-29 04:45:19.873255,53,1,0,0,1
CASE0000566,ALT00002255,INV_01,LOW,CLOSED_FALSE_POSITIVE,10,2023-03-02 06:46:20.768168,32,1,1,0,1
CASE0000567,ALT00004378,AUTO_SYS,MEDIUM,CLOSED_FALSE_POSITIVE,29,2024-05-30 12:28:17.224681,25,1,1,0,1
CASE0000568,ALT00009599,INV_03,LOW,OPEN,7,2022-01-20 04:33:32.699689,43,1,0,0,1
CASE0000569,ALT00000971,INV_04,LOW,OPEN,17,2023-11-16 23:42:08.216687,63,0,1,0,2
CASE0000570,ALT00002274,INV_03,MEDIUM,CLOSED_SAR_FILED,11,2022-08-11 00:14:10.253876,52,0,0,0,3
CASE0000571,ALT00006742,INV_04,LOW,CLOSED_FALSE_POSITIVE,3,2023-12-19 03:00:12.959845,12,0,0,0,1
CASE0000572,ALT00009141,INV_02,MEDIUM,CLOSED_FALSE_POSITIVE,11,2023-02-07 22:08:45.033682,40,1,1,0,0
CASE0000573,ALT00002630,INV_04,LOW,CLOSED_MONITORING,13,2022-09-22 20:35:45.904650,62,1,0,0,3
CASE0000574,ALT00007553,AUTO_SYS,LOW,CLOSED_FALSE_POSITIVE,5,2023-03-19 18:46:57.591364,22,0,0,0,1
CASE0000575,ALT00003027,INV_01,MEDIUM,CLOSED_SAR_FILED,36,2022-10-21 16:06:11.304096,81,0,0,0,3
CASE0000576,ALT00008298,INV_02,MEDIUM,CLOSED_FALSE_POSITIVE,36,2024-01-14 15:41:58.649678,23,1,0,0,0
CASE0000577,ALT00010161,INV_03,MEDIUM,CLOSED_FALSE_POSITIVE,42,2024-06-25 13:05:32.554772,39,1,0,0,0
CASE0000578,ALT00001579,INV_02,MEDIUM,CLOSED_FALSE_POSITIVE,35,2023-08-06 04:47:09.333364,41,0,0,0,1
CASE0000579,ALT00005497,INV_01,LOW,OPEN,24,2024-04-15 13:36:42.263345,44,1,0,0,2
CASE0000580,ALT00004994,INV_01,MEDIUM,CLOSED_FALSE_POSITIVE,16,2024-03-08 05:28:30.070845,6,1,0,0,0
CASE0000581,ALT00003657,INV_01,LOW,CLOSED_FALSE_POSITIVE,10,2024-05-03 19:03:11.610734,24,1,1,0,0
CASE0000582,ALT00009265,INV_01,LOW,CLOSED_FALSE_POSITIVE,5,2023-11-10 03:43:05.285904,46,0,0,0,1
CASE0000583,ALT00000543,AUTO_SYS,LOW,CLOSED_SAR_FILED,31,2024-04-19 04:57:12.432054,33,1,1,0,3
CASE0000584,ALT00008050,INV_03,LOW,CLOSED_FALSE_POSITIVE,27,2022-12-01 18:09:33.942551,13,1,0,0,0
CASE0000585,ALT00006715,INV_03,MEDIUM,CLOSED_FALSE_POSITIVE,11,2022-10-10 05:16:06.591860,24,1,0,0,1
CASE0000586,ALT00003621,INV_04,MEDIUM,CLOSED_FALSE_POSITIVE,21,2024-01-09 09:19:39.783942,21,1,0,0,0
CASE0000587,ALT00007432,INV_02,LOW,CLOSED_FALSE_POSITIVE,9,2023-12-20 11:36:14.477182,28,1,1,0,0
CASE0000588,ALT00004790,INV_04,LOW,CLOSED_FALSE_POSITIVE,23,2023-09-06 16:54:26.863255,48,1,1,0,0
CASE0000589,ALT00005611,AUTO_SYS,MEDIUM,CLOSED_FALSE_POSITIVE,18,2024-03-31 01:25:01.033705,53,0,1,0,0
CASE0000590,ALT00006933,INV_02,MEDIUM,CLOSED_FALSE_POSITIVE,15,2023-04-02 11:04:56.908841,31,0,1,0,1
CASE0000591,ALT00003195,INV_03,LOW,CLOSED_SAR_FILED,8,2023-12-30 15:34:51.941877,32,1,0,0,0
CASE0000592,ALT00002710,INV_03,MEDIUM,CLOSED_SAR_FILED,5,2022-12-17 03:51:05.090561,21,0,1,0,1
CASE0000593,ALT00008249,INV_03,MEDIUM,CLOSED_FALSE_POSITIVE,27,2024-04-10 10:33:58.137353,47,1,1,0,0
CASE0000594,ALT00004099,INV_03,LOW,CLOSED_SAR_FILED,42,2022-12-16 02:56:46.176079,59,1,1,0,3
CASE0000595,ALT00006599,INV_03,MEDIUM,CLOSED_FALSE_POSITIVE,14,2024-01-12 01:13:14.209952,84,0,0,0,4
CASE0000596,ALT00006960,INV_04,HIGH,CLOSED_FALSE_POSITIVE,44,2023-11-30 21:45:11.292642,39,1,1,0,0
CASE0000597,ALT00005077,INV_03,MEDIUM,CLOSED_FALSE_POSITIVE,2,2024-06-18 06:32:34.728690,22,0,1,0,0
CASE0000598,ALT00001251,AUTO_SYS,LOW,CLOSED_FALSE_POSITIVE,25,2023-12-13 03:46:55.472988,53,1,1,0,1
CASE0000599,ALT00010337,AUTO_SYS,LOW,CLOSED_FALSE_POSITIVE,34,2022-04-03 17:31:22.568998,32,1,1,0,1
CASE0000600,ALT00004419,INV_04,LOW,CLOSED_FALSE_POSITIVE,39,2024-05-20 07:38:11.690762,74,1,0,0,2
CASE0000601,ALT00007583,INV_01,MEDIUM,CLOSED_MONITORING,37,2023-02-11 19:41:45.974174,24,0,0,0,0
CASE0000602,ALT00009226,INV_04,MEDIUM,CLOSED_FALSE_POSITIVE,43,2022-11-06 00:32:53.031004,14,1,1,0,1
CASE0000603,ALT00003022,INV_02,MEDIUM,CLOSED_MONITORING,3,2022-12-01 21:47:52.796743,81,0,1,0,1
CASE0000604,ALT00007537,AUTO_SYS,LOW,OPEN,16,2022-11-20 18:15:01.814677,42,1,1,0,1
CASE0000605,ALT00001863,INV_02,MEDIUM,CLOSED_SAR_FILED,22,2022-01-15 19:29:46.978954,45,1,0,0,0
CASE0000606,ALT00009609,AUTO_SYS,MEDIUM,CLOSED_FALSE_POSITIVE,12,2024-06-21 12:50:10.329354,52,0,0,0,0
CASE0000607,ALT00000296,INV_02,HIGH,CLOSED_SAR_FILED,2,2022-09-10 15:08:07.529462,72,1,1,0,4
CASE0000608,ALT00004682,INV_02,HIGH,CLOSED_FALSE_POSITIVE,18,2022-06-19 21:47:39.896911,13,1,0,0,1
CASE0000609,ALT00001181,AUTO_SYS,MEDIUM,CLOSED_FALSE_POSITIVE,33,2023-07-19 20:35:11.769359,45,1,1,0,1
CASE0000610,ALT00008939,AUTO_SYS,MEDIUM,CLOSED_MONITORING,9,2023-05-21 23:25:12.588714,46,1,1,0,1
CASE0000611,ALT00005518,INV_03,MEDIUM,OPEN,15,2023-08-10 22:50:07.220925,11,1,1,0,0
CASE0000612,ALT00003354,INV_03,MEDIUM,CLOSED_FALSE_POSITIVE,8,2023-03-14 18:54:27.763348,21,0,1,0,1
CASE0000613,ALT00000287,INV_01,MEDIUM,CLOSED_SAR_FILED,11,2023-12-21 13:28:15.227112,60,1,0,0,1
CASE0000614,ALT00004708,AUTO_SYS,LOW,CLOSED_MONITORING,38,2022-10-23 13:24:12.191629,27,1,0,0,0
CASE0000615,ALT00007054,INV_04,HIGH,CLOSED_FALSE_POSITIVE,42,2022-03-03 01:23:16.663789,5,0,1,0,1
CASE0000616,ALT00009901,INV_04,LOW,CLOSED_SAR_FILED,7,2022-06-13 21:43:15.232381,20,1,0,0,0
CASE0000617,ALT00001352,INV_01,LOW,CLOSED_MONITORING,26,2023-10-19 22:43:13.607814,27,0,1,0,1
CASE0000618,ALT00009259,INV_03,LOW,CLOSED_FALSE_POSITIVE,8,2023-06-10 21:53:55.993022,11,0,0,0,1
CASE0000619,ALT00009783,AUTO_SYS,MEDIUM,CLOSED_FALSE_POSITIVE,42,2023-10-11 04:32:49.560416,18,1,0,0,0
CASE0000620,ALT00008107,INV_03,MEDIUM,CLOSED_MONITORING,32,2022-12-24 17:39:51.065323,10,1,1,0,1
CASE0000621,ALT00002200,INV_02,MEDIUM,CLOSED_MONITORING,21,2022-07-14 22:24:18.415766,8,1,1,0,1
CASE0000622,ALT00002192,INV_04,MEDIUM,CLOSED_FALSE_POSITIVE,6,2022-07-25 14:12:30.460060,23,1,1,0,0
CASE0000623,ALT00006399,INV_01,MEDIUM,CLOSED_FALSE_POSITIVE,29,2023-04-18 10:44:46.605766,46,1,1,0,0
CASE0000624,ALT00009678,INV_03,LOW,CLOSED_FALSE_POSITIVE,1,2022-08-28 13:58:25.034024,40,0,1,0,1
CASE0000625,ALT00007613,INV_02,LOW,CLOSED_FALSE_POSITIVE,9,2022-09-29 22:46:38.961815,18,0,0,0,0
CASE0000626,ALT00006420,INV_03,MEDIUM,CLOSED_MONITORING,13,2022-02-04 02:08:01.232280,29,0,0,0,1
CASE0000627,ALT00007992,INV_03,LOW,CLOSED_FALSE_POSITIVE,27,2023-09-26 03:08:22.204602,17,0,0,0,1
CASE0000628,ALT00008911,INV_01,LOW,CLOSED_FALSE_POSITIVE,5,2023-10-21 07:48:18.351779,53,1,0,0,1
CASE0000629,ALT00003102,INV_01,LOW,CLOSED_FALSE_POSITIVE,11,2024-05-01 18:03:11.216492,11,1,1,0,0
CASE0000630,ALT00004681,INV_02,LOW,CLOSED_FALSE_POSITIVE,3,2024-02-08 21:51:44.510718,12,0,0,0,1
CASE0000631,ALT00003438,INV_01,MEDIUM,CLOSED_MONITORING,39,2022-06-06 16:48:00.111961,38,0,1,0,4
CASE0000632,ALT00002808,INV_02,LOW,CLOSED_SAR_FILED,42,2022-01-04 08:13:42.197868,52,1,0,0,1
CASE0000633,ALT00009195,INV_03,HIGH,CLOSED_FALSE_POSITIVE,1,2023-11-12 03:32:08.366302,19,0,0,0,1
CASE0000634,ALT00007829,AUTO_SYS,MEDIUM,CLOSED_FALSE_POSITIVE,10,2022-11-23 07:42:18.102011,13,1,1,0,0
CASE0000635,ALT00004897,INV_04,MEDIUM,CLOSED_FALSE_POSITIVE,35,2023-07-24 18:55:44.564528,11,1,1,0,1
CASE0000636,ALT00002997,INV_02,MEDIUM,CLOSED_FALSE_POSITIVE,41,2023-05-04 14:34:20.313095,44,1,1,0,0
CASE0000637,ALT00001767,AUTO_SYS,MEDIUM,CLOSED_SAR_FILED,37,2022-12-23 00:04:49.473101,16,0,0,0,1
CASE0000638,ALT00003350,INV_01,MEDIUM,CLOSED_FALSE_POSITIVE,40,2023-01-25 12:56:47.721124,12,1,0,0,1
CASE0000639,ALT00009851,INV_03,MEDIUM,CLOSED_FALSE_POSITIVE,11,2022-02-22 05:41:15.921838,30,1,1,0,1
CASE0000640,ALT00000409,INV_04,LOW,CLOSED_MONITORING,41,2022-12-03 12:35:52.807459,94,0,1,0,4
CASE0000641,ALT00009277,INV_02,MEDIUM,CLOSED_FALSE_POSITIVE,12,2023-10-28 22:04:12.523874,20,0,1,0,1
CASE0000642,ALT00000915,INV_03,MEDIUM,CLOSED_SAR_FILED,20,2023-09-03 12:42:36.045338,77,0,1,0,0
CASE0000643,ALT00007387,INV_02,MEDIUM,CLOSED_FALSE_POSITIVE,33,2022-10-23 16:03:50.909187,33,1,0,0,1
CASE0000644,ALT00007662,INV_01,MEDIUM,CLOSED_FALSE_POSITIVE,29,2022-01-13 16:25:05.276125,32,1,1,0,0
CASE0000645,ALT00005946,INV_03,HIGH,CLOSED_FALSE_POSITIVE,30,2024-02-18 21:54:03.690397,17,1,0,0,0
CASE0000646,ALT00008772,AUTO_SYS,MEDIUM,CLOSED_FALSE_POSITIVE,41,2023-02-17 18:33:03.144804,44,0,0,0,0
CASE0000647,ALT00005265,AUTO_SYS,HIGH,CLOSED_FALSE_POSITIVE,33,2024-01-29 02:37:04.639389,52,0,0,0,1
CASE0000648,ALT00000867,INV_04,MEDIUM,CLOSED_SAR_FILED,13,2022-05-28 15:52:04.841414,41,0,1,1,1
CASE0000649,ALT00008306,INV_04,MEDIUM,CLOSED_FALSE_POSITIVE,20,2022-09-18 05:50:04.288792,38,1,1,0,0
CASE0000650,ALT00003659,INV_04,MEDIUM,CLOSED_FALSE_POSITIVE,24,2024-02-21 23:31:44.025721,16,1,0,0,1
CASE0000651,ALT00002848,INV_04,MEDIUM,CLOSED_FALSE_POSITIVE,20,2023-08-19 23:32:57.828370,35,1,1,0,1
CASE0000652,ALT00006679,INV_02,MEDIUM,CLOSED_FALSE_POSITIVE,33,2022-11-03 12:41:21.556607,28,1,1,0,1
CASE0000653,ALT00003234,INV_01,LOW,CLOSED_FALSE_POSITIVE,42,2023-08-11 09:29:50.181309,49,1,1,0,1
CASE0000654,ALT00001748,INV_02,MEDIUM,OPEN,27,2023-07-14 15:44:49.308370,15,1,0,0,1
CASE0000655,ALT00004901,INV_04,LOW,CLOSED_FALSE_POSITIVE,1,2023-04-27 23:09:26.875041,33,1,1,0,1
CASE0000656,ALT00000211,INV_02,MEDIUM,CLOSED_SAR_FILED,16,2022-09-22 13:19:24.983975,34,0,1,0,1
CASE0000657,ALT00008812,INV_03,LOW,CLOSED_FALSE_POSITIVE,37,2024-01-27 01:53:48.203284,33,0,0,0,0
CASE0000658,ALT00001689,INV_01,HIGH,CLOSED_FALSE_POSITIVE,31,2022-07-08 06:04:37.869543,26,0,0,0,1
CASE0000659,ALT00000884,INV_04,MEDIUM,CLOSED_MONITORING,31,2023-04-20 00:02:27.946540,57,0,1,0,4
CASE0000660,ALT00008894,AUTO_SYS,LOW,CLOSED_FALSE_POSITIVE,40,2023-12-01 01:48:53.076957,8,1,0,0,1
CASE0000661,ALT00004793,INV_01,HIGH,CLOSED_SAR_FILED,39,2023-11-24 15:41:08.999071,90,1,1,1,2
CASE0000662,ALT00001684,INV_03,MEDIUM,CLOSED_FALSE_POSITIVE,20,2023-02-01 11:29:29.135390,6,1,1,0,0
CASE0000663,ALT00010458,AUTO_SYS,MEDIUM,CLOSED_FALSE_POSITIVE,44,2023-03-25 22:38:58.054674,42,1,1,0,0
CASE0000664,ALT00001077,INV_02,LOW,CLOSED_SAR_FILED,26,2023-10-03 12:22:40.497751,82,0,1,0,0
CASE0000665,ALT00004225,INV_04,MEDIUM,CLOSED_FALSE_POSITIVE,33,2023-04-17 21:02:01.162731,27,1,1,0,1
CASE0000666,ALT00009975,INV_02,LOW,CLOSED_FALSE_POSITIVE,22,2022-10-31 19:06:09.913425,37,1,0,0,0
CASE0000667,ALT00005901,INV_02,LOW,CLOSED_SAR_FILED,43,2022-03-06 15:49:02.771156,94,1,1,0,3
CASE0000668,ALT00003884,AUTO_SYS,MEDIUM,CLOSED_FALSE_POSITIVE,20,2022-08-21 16:17:18.530969,12,0,0,0,0
CASE0000669,ALT00005080,INV_04,MEDIUM,CLOSED_FALSE_POSITIVE,41,2024-06-14 08:23:48.908129,39,1,1,0,0
CASE0000670,ALT00002123,AUTO_SYS,LOW,CLOSED_FALSE_POSITIVE,25,2022-01-09 12:12:53.941708,33,1,1,0,4
CASE0000671,ALT00005016,INV_03,LOW,CLOSED_FALSE_POSITIVE,8,2022-12-11 10:43:23.392764,48,0,0,0,1
CASE0000672,ALT00003847,AUTO_SYS,MEDIUM,CLOSED_FALSE_POSITIVE,6,2023-09-06 21:32:18.711645,44,1,0,0,0
CASE0000673,ALT00007948,AUTO_SYS,LOW,CLOSED_FALSE_POSITIVE,30,2022-09-29 02:19:01.824780,29,1,1,0,0
CASE0000674,ALT00002424,INV_02,MEDIUM,CLOSED_FALSE_POSITIVE,15,2022-04-09 02:52:26.163488,44,0,0,0,1
CASE0000675,ALT00007564,INV_03,LOW,CLOSED_FALSE_POSITIVE,6,2023-08-27 14:09:21.512317,49,1,1,0,0
CASE0000676,ALT00008546,INV_01,MEDIUM,CLOSED_FALSE_POSITIVE,2,2023-02-20 15:51:53.434191,13,0,1,0,0
CASE0000677,ALT00007336,INV_03,MEDIUM,CLOSED_FALSE_POSITIVE,19,2022-05-19 04:09:58.407948,23,1,0,0,1
CASE0000678,ALT00000107,AUTO_SYS,MEDIUM,CLOSED_SAR_FILED,6,2023-12-11 14:09:40.995895,83,0,1,0,2
CASE0000679,ALT00006640,INV_03,MEDIUM,CLOSED_MONITORING,27,2023-06-12 19:31:02.191711,19,0,1,0,0
CASE0000680,ALT00005958,INV_03,MEDIUM,CLOSED_FALSE_POSITIVE,18,2023-07-25 17:04:28.118262,45,0,1,0,0
CASE0000681,ALT00000591,INV_01,MEDIUM,CLOSED_MONITORING,40,2023-06-21 01:39:16.781285,37,0,0,0,0
CASE0000682,ALT00010437,INV_03,MEDIUM,CLOSED_FALSE_POSITIVE,42,2022-01-23 11:08:02.187365,31,1,1,0,0
CASE0000683,ALT00004872,INV_02,MEDIUM,CLOSED_FALSE_POSITIVE,6,2022-03-26 17:21:12.961060,53,1,1,0,0
CASE0000684,ALT00001982,INV_01,MEDIUM,CLOSED_SAR_FILED,34,2022-11-09 05:16:02.723095,36,1,0,0,0
CASE0000685,ALT00004415,INV_02,MEDIUM,CLOSED_FALSE_POSITIVE,2,2022-07-17 04:14:16.667336,14,1,1,0,1
CASE0000686,ALT00001218,INV_03,LOW,CLOSED_FALSE_POSITIVE,7,2022-05-21 01:02:53.234393,25,1,0,0,1
CASE0000687,ALT00006350,INV_03,MEDIUM,CLOSED_FALSE_POSITIVE,9,2022-12-03 15:55:28.519440,34,1,0,0,0
CASE0000688,ALT00006534,INV_04,MEDIUM,CLOSED_FALSE_POSITIVE,7,2022-04-22 23:07:00.533777,32,1,0,0,0
CASE0000689,ALT00006085,INV_02,MEDIUM,CLOSED_FALSE_POSITIVE,5,2023-07-11 22:15:53.776126,46,1,0,0,1
CASE0000690,ALT00008066,INV_01,HIGH,CLOSED_FALSE_POSITIVE,28,2023-03-06 03:53:44.938939,18,1,0,0,0
CASE0000691,ALT00004990,INV_03,MEDIUM,CLOSED_FALSE_POSITIVE,42,2024-02-07 06:55:41.603285,53,1,0,0,0
CASE0000692,ALT00001685,INV_02,MEDIUM,CLOSED_FALSE_POSITIVE,24,2023-12-10 09:10:21.664172,40,1,1,0,0
CASE0000693,ALT00003705,AUTO_SYS,HIGH,CLOSED_FALSE_POSITIVE,8,2023-12-15 19:26:10.523797,41,1,0,0,0
CASE0000694,ALT00003774,INV_02,MEDIUM,CLOSED_SAR_FILED,11,2024-05-29 11:54:18.450614,47,0,0,0,1
CASE0000695,ALT00004464,INV_03,MEDIUM,CLOSED_FALSE_POSITIVE,24,2024-03-14 04:59:45.768556,13,0,0,0,0
CASE0000696,ALT00000762,INV_01,MEDIUM,CLOSED_SAR_FILED,22,2024-03-24 17:29:49.339468,45,1,1,0,0
CASE0000697,ALT00007478,AUTO_SYS,MEDIUM,CLOSED_FALSE_POSITIVE,31,2022-10-05 01:10:55.229872,49,0,1,0,0
CASE0000698,ALT00008460,INV_04,LOW,CLOSED_FALSE_POSITIVE,36,2023-06-23 15:30:57.123582,44,0,0,0,0
CASE0000699,ALT00008676,INV_03,HIGH,CLOSED_FALSE_POSITIVE,27,2023-06-12 07:40:35.641258,20,1,0,0,1
CASE0000700,ALT00004295,INV_02,HIGH,CLOSED_MONITORING,35,2024-04-08 01:33:37.957894,43,1,0,0,1
CASE0000701,ALT00004310,INV_02,MEDIUM,OPEN,25,2022-08-15 02:08:34.817608,38,0,0,0,0
CASE0000702,ALT00004520,INV_02,MEDIUM,CLOSED_FALSE_POSITIVE,32,2023-06-02 14:32:09.468417,35,1,1,0,0
CASE0000703,ALT00003650,INV_03,LOW,CLOSED_FALSE_POSITIVE,1,2023-02-13 10:01:41.784027,31,0,0,0,0
CASE0000704,ALT00004978,INV_04,LOW,CLOSED_FALSE_POSITIVE,33,2024-05-13 21:31:18.599655,9,0,0,0,0
CASE0000705,ALT00002465,INV_02,LOW,CLOSED_FALSE_POSITIVE,38,2022-03-25 01:30:59.182407,30,0,0,0,1
CASE0000706,ALT00000030,INV_03,LOW,CLOSED_SAR_FILED,10,2022-09-10 16:06:43.426700,82,1,1,1,0
CASE0000707,ALT00003458,INV_04,HIGH,CLOSED_MONITORING,39,2023-09-26 23:20:53.429541,25,1,1,0,0
CASE0000708,ALT00009611,INV_03,LOW,CLOSED_FALSE_POSITIVE,19,2022-03-17 08:56:07.472188,28,1,0,0,1
CASE0000709,ALT00001502,INV_04,MEDIUM,CLOSED_FALSE_POSITIVE,10,2022-12-29 15:10:39.278582,49,1,1,0,0
CASE0000710,ALT00005697,INV_04,LOW,CLOSED_FALSE_POSITIVE,38,2023-02-23 21:39:50.212730,39,0,0,0,1
CASE0000711,ALT00010393,AUTO_SYS,MEDIUM,CLOSED_FALSE_POSITIVE,13,2022-05-21 07:55:25.993307,37,1,0,0,1
CASE0000712,ALT00006261,INV_03,HIGH,CLOSED_FALSE_POSITIVE,39,2023-12-08 14:57:34.203061,20,1,1,0,1
CASE0000713,ALT00010290,INV_04,MEDIUM,CLOSED_FALSE_POSITIVE,35,2023-02-05 12:56:02.305554,51,1,0,0,1
CASE0000714,ALT00001255,INV_01,HIGH,CLOSED_FALSE_POSITIVE,39,2023-03-12 03:41:03.644809,46,0,0,0,1
CASE0000715,ALT00002211,INV_03,LOW,CLOSED_FALSE_POSITIVE,18,2024-04-11 19:42:01.911260,7,1,0,0,0
CASE0000716,ALT00009859,INV_03,MEDIUM,CLOSED_FALSE_POSITIVE,28,2022-04-12 12:42:02.512936,6,0,1,0,0
CASE0000717,ALT00010150,INV_02,MEDIUM,CLOSED_FALSE_POSITIVE,5,2023-11-07 23:54:46.097615,20,1,1,0,1
CASE0000718,ALT00008283,INV_04,LOW,CLOSED_FALSE_POSITIVE,2,2023-12-15 07:11:37.047810,5,0,0,0,0
CASE0000719,ALT00001286,INV_03,HIGH,CLOSED_FALSE_POSITIVE,41,2022-08-03 20:53:49.449971,34,1,1,0,0
CASE0000720,ALT00001088,AUTO_SYS,MEDIUM,CLOSED_FALSE_POSITIVE,17,2022-07-20 03:30:53.851430,42,1,1,0,1
CASE0000721,ALT00000109,AUTO_SYS,MEDIUM,CLOSED_SAR_FILED,13,2023-09-25 06:36:13.093662,55,1,1,0,4
CASE0000722,ALT00007429,INV_04,MEDIUM,CLOSED_FALSE_POSITIVE,37,2022-02-14 13:14:32.037264,18,1,0,0,1
CASE0000723,ALT00001510,AUTO_SYS,MEDIUM,CLOSED_FALSE_POSITIVE,6,2022-02-11 12:32:37.902132,36,0,0,0,0
CASE0000724,ALT00005650,AUTO_SYS,HIGH,CLOSED_FALSE_POSITIVE,4,2022-10-06 23:05:33.161119,27,0,0,0,1
CASE0000725,ALT00009520,INV_04,MEDIUM,CLOSED_FALSE_POSITIVE,29,2022-01-28 10:34:10.758348,7,0,0,0,1
CASE0000726,ALT00008562,AUTO_SYS,LOW,CLOSED_FALSE_POSITIVE,13,2024-04-05 01:56:21.872507,44,0,1,0,0
CASE0000727,ALT00007382,INV_03,LOW,CLOSED_FALSE_POSITIVE,14,2023-05-02 17:20:03.009989,24,0,0,0,1
CASE0000728,ALT00002109,INV_01,MEDIUM,CLOSED_SAR_FILED,41,2022-08-23 11:04:23.060611,64,1,0,1,4
CASE0000729,ALT00002406,INV_04,MEDIUM,CLOSED_FALSE_POSITIVE,17,2023-02-28 23:58:49.009979,39,1,1,0,1
CASE0000730,ALT00006238,INV_02,MEDIUM,CLOSED_FALSE_POSITIVE,31,2022-06-30 23:05:50.962605,49,1,0,0,0
CASE0000731,ALT00006347,INV_02,MEDIUM,OPEN,34,2023-06-30 11:26:33.422038,15,1,1,0,0
CASE0000732,ALT00010138,AUTO_SYS,MEDIUM,CLOSED_FALSE_POSITIVE,21,2022-11-12 17:26:25.434657,26,0,1,0,1
CASE0000733,ALT00004696,AUTO_SYS,MEDIUM,CLOSED_FALSE_POSITIVE,1,2022-07-24 12:07:06.460059,11,1,0,0,1
CASE0000734,ALT00002770,INV_03,MEDIUM,CLOSED_FALSE_POSITIVE,20,2022-11-26 19:10:05.749769,32,1,0,0,1
CASE0000735,ALT00003064,AUTO_SYS,MEDIUM,CLOSED_FALSE_POSITIVE,3,2023-04-04 11:58:52.736769,44,1,0,0,0
CASE0000736,ALT00001108,INV_03,MEDIUM,CLOSED_FALSE_POSITIVE,25,2023-11-26 15:51:25.019852,46,0,1,0,0
CASE0000737,ALT00002129,INV_02,MEDIUM,CLOSED_FALSE_POSITIVE,43,2022-06-22 17:03:40.808791,13,1,1,0,1
CASE0000738,ALT00005533,INV_02,HIGH,CLOSED_FALSE_POSITIVE,37,2023-04-12 06:59:59.610074,5,0,0,0,0
CASE0000739,ALT00005894,INV_03,HIGH,CLOSED_FALSE_POSITIVE,13,2023-02-13 20:52:34.857175,20,1,0,0,0
CASE0000740,ALT00003299,INV_03,MEDIUM,CLOSED_FALSE_POSITIVE,38,2023-11-17 08:38:18.865771,52,1,1,0,1
CASE0000741,ALT00000266,INV_04,HIGH,CLOSED_SAR_FILED,26,2023-01-08 00:43:23.337912,53,1,1,1,0
CASE0000742,ALT00002321,AUTO_SYS,HIGH,CLOSED_FALSE_POSITIVE,42,2024-06-20 15:01:10.425698,19,0,0,0,1
CASE0000743,ALT00009585,INV_04,MEDIUM,CLOSED_FALSE_POSITIVE,19,2022-04-26 12:18:03.635120,23,1,0,0,0
CASE0000744,ALT00009753,INV_02,HIGH,CLOSED_MONITORING,17,2024-02-26 04:42:33.535037,36,0,0,0,0
CASE0000745,ALT00003647,AUTO_SYS,HIGH,CLOSED_FALSE_POSITIVE,20,2022-01-12 05:18:42.474752,34,0,1,0,1
CASE0000746,ALT00002010,INV_04,MEDIUM,CLOSED_FALSE_POSITIVE,35,2023-08-25 17:32:18.227203,35,0,0,0,0
CASE0000747,ALT00003534,AUTO_SYS,MEDIUM,CLOSED_FALSE_POSITIVE,41,2023-01-28 21:02:10.825384,41,1,0,0,0
CASE0000748,ALT00009957,INV_04,MEDIUM,CLOSED_FALSE_POSITIVE,25,2023-11-01 04:42:25.379238,44,0,1,0,1
CASE0000749,ALT00007808,INV_04,HIGH,CLOSED_FALSE_POSITIVE,19,2023-08-25 13:31:08.731575,26,0,1,0,1
CASE0000750,ALT00002949,INV_03,MEDIUM,CLOSED_FALSE_POSITIVE,13,2023-01-20 14:50:14.344997,32,1,1,0,1
CASE0000751,ALT00001609,INV_02,MEDIUM,CLOSED_FALSE_POSITIVE,31,2024-04-30 00:44:03.996860,31,1,0,0,1
CASE0000752,ALT00005858,INV_03,LOW,CLOSED_FALSE_POSITIVE,15,2022-11-24 09:04:59.501525,6,1,0,0,0
CASE0000753,ALT00004416,INV_01,LOW,CLOSED_FALSE_POSITIVE,10,2022-10-12 11:36:07.466156,27,0,0,0,0
CASE0000754,ALT00009548,INV_03,MEDIUM,CLOSED_FALSE_POSITIVE,20,2024-02-17 10:32:02.549074,31,1,1,0,1
CASE0000755,ALT00008160,AUTO_SYS,MEDIUM,CLOSED_FALSE_POSITIVE,36,2022-01-01 10:21:05.341024,34,1,0,0,1
CASE0000756,ALT00000294,AUTO_SYS,LOW,OPEN,13,2024-02-29 06:49:28.685848,58,1,0,0,1
CASE0000757,ALT00003563,INV_04,HIGH,OPEN,42,2023-01-26 14:12:19.838295,12,0,1,0,0
CASE0000758,ALT00003161,AUTO_SYS,MEDIUM,CLOSED_FALSE_POSITIVE,27,2022-11-24 00:31:42.432635,28,1,0,0,1
CASE0000759,ALT00005679,INV_04,LOW,CLOSED_FALSE_POSITIVE,30,2023-10-13 02:05:57.714525,29,0,0,0,1
CASE0000760,ALT00005658,AUTO_SYS,LOW,CLOSED_FALSE_POSITIVE,23,2024-01-06 20:21:47.752457,31,1,0,0,0
CASE0000761,ALT00000428,INV_01,HIGH,OPEN,18,2022-04-06 12:23:39.872963,30,1,0,0,1
CASE0000762,ALT00002361,INV_03,MEDIUM,CLOSED_FALSE_POSITIVE,13,2023-08-12 10:40:52.560536,25,1,0,0,0
CASE0000763,ALT00005059,INV_02,HIGH,CLOSED_FALSE_POSITIVE,22,2022-03-29 16:49:20.912836,45,1,1,0,1
CASE0000764,ALT00000577,INV_03,MEDIUM,OPEN,27,2022-03-22 05:20:21.513299,85,1,0,0,4
CASE0000765,ALT00008673,INV_03,HIGH,CLOSED_FALSE_POSITIVE,12,2023-04-23 12:08:10.025006,37,1,1,0,1
CASE0000766,ALT00001651,INV_02,MEDIUM,CLOSED_FALSE_POSITIVE,22,2023-05-26 13:11:34.489902,23,1,1,0,0
CASE0000767,ALT00008385,INV_04,LOW,CLOSED_FALSE_POSITIVE,40,2024-05-04 06:13:49.288237,14,1,1,0,1
CASE0000768,ALT00006367,AUTO_SYS,MEDIUM,CLOSED_FALSE_POSITIVE,42,2022-08-21 03:33:03.486920,7,1,0,0,0
CASE0000769,ALT00006197,INV_01,LOW,CLOSED_FALSE_POSITIVE,6,2022-03-11 13:11:41.651258,46,0,1,0,1
CASE0000770,ALT00006990,INV_03,LOW,CLOSED_SAR_FILED,4,2024-06-15 14:22:21.082901,57,1,0,0,3
CASE0000771,ALT00000015,AUTO_SYS,MEDIUM,CLOSED_FALSE_POSITIVE,40,2024-04-12 01:34:06.573348,73,0,0,0,2
CASE0000772,ALT00005134,INV_03,LOW,CLOSED_FALSE_POSITIVE,29,2022-12-26 19:30:14.413481,23,1,1,0,1
CASE0000773,ALT00008486,INV_01,MEDIUM,CLOSED_MONITORING,32,2022-07-20 00:03:14.556250,5,1,1,0,1
CASE0000774,ALT00008905,INV_03,MEDIUM,CLOSED_FALSE_POSITIVE,2,2023-07-10 10:39:00.458607,44,0,1,0,0
CASE0000775,ALT00006948,INV_02,MEDIUM,CLOSED_FALSE_POSITIVE,14,2023-11-29 07:11:10.070182,32,1,1,0,0
CASE0000776,ALT00010462,INV_03,HIGH,CLOSED_FALSE_POSITIVE,15,2022-10-02 18:51:48.185387,29,1,0,0,0
CASE0000777,ALT00001409,INV_02,MEDIUM,CLOSED_SAR_FILED,16,2024-06-04 13:27:37.758272,30,1,0,0,1
CASE0000778,ALT00006833,INV_01,HIGH,OPEN,13,2024-01-11 03:01:27.195937,34,0,0,0,1
CASE0000779,ALT00008456,INV_01,LOW,CLOSED_FALSE_POSITIVE,43,2022-10-03 02:07:44.550266,31,1,1,0,0
CASE0000780,ALT00010065,INV_01,LOW,CLOSED_FALSE_POSITIVE,28,2024-02-10 21:15:07.402067,39,1,0,0,1
CASE0000781,ALT00004123,INV_01,MEDIUM,OPEN,26,2023-12-01 06:54:46.778723,66,1,0,0,2
CASE0000782,ALT00001878,AUTO_SYS,HIGH,CLOSED_FALSE_POSITIVE,40,2022-01-08 06:09:52.186192,50,1,0,0,1
CASE0000783,ALT00008202,INV_03,LOW,CLOSED_FALSE_POSITIVE,6,2022-03-02 11:12:32.566370,33,1,0,0,0
CASE0000784,ALT00002166,INV_02,HIGH,CLOSED_FALSE_POSITIVE,5,2023-11-28 18:30:39.686977,46,1,0,0,0
CASE0000785,ALT00003401,INV_02,MEDIUM,CLOSED_FALSE_POSITIVE,39,2023-06-14 10:19:01.932448,24,0,0,0,0
CASE0000786,ALT00009993,AUTO_SYS,HIGH,CLOSED_FALSE_POSITIVE,27,2022-05-07 16:05:31.695709,9,1,0,0,0
CASE0000787,ALT00008720,INV_03,MEDIUM,CLOSED_FALSE_POSITIVE,37,2024-04-12 19:08:16.892921,20,1,0,0,1
CASE0000788,ALT00005799,INV_03,MEDIUM,CLOSED_FALSE_POSITIVE,10,2024-06-09 19:20:20.974211,46,0,1,0,0
CASE0000789,ALT00000736,INV_01,MEDIUM,OPEN,31,2023-07-30 04:36:15.351249,66,1,1,0,3
CASE0000790,ALT00007888,INV_02,MEDIUM,CLOSED_FALSE_POSITIVE,29,2022-03-12 11:22:06.730366,18,0,0,0,0
CASE0000791,ALT00005895,INV_03,MEDIUM,OPEN,42,2023-10-28 22:03:16.004053,39,0,1,0,0
CASE0000792,ALT00010145,INV_01,MEDIUM,CLOSED_FALSE_POSITIVE,7,2022-07-13 10:31:47.547759,42,0,1,0,1
CASE0000793,ALT00009620,INV_04,HIGH,CLOSED_FALSE_POSITIVE,3,2023-12-21 17:19:22.779455,40,0,1,0,0
CASE0000794,ALT00000093,INV_03,MEDIUM,CLOSED_SAR_FILED,13,2023-02-18 04:17:20.122555,85,1,0,0,3
CASE0000795,ALT00008896,INV_02,MEDIUM,CLOSED_FALSE_POSITIVE,32,2022-04-13 18:44:43.786426,35,1,0,0,1
CASE0000796,ALT00003483,INV_02,MEDIUM,CLOSED_FALSE_POSITIVE,10,2022-03-11 20:44:57.373525,18,1,1,0,1
CASE0000797,ALT00007638,INV_03,LOW,CLOSED_FALSE_POSITIVE,17,2024-01-27 15:31:04.748582,17,0,1,0,1
CASE0000798,ALT00007273,INV_03,LOW,CLOSED_FALSE_POSITIVE,20,2024-06-12 04:29:29.045585,54,1,0,0,1
CASE0000799,ALT00008344,AUTO_SYS,MEDIUM,CLOSED_SAR_FILED,16,2023-10-06 01:09:50.341853,40,0,0,0,1
CASE0000800,ALT00002466,AUTO_SYS,LOW,CLOSED_FALSE_POSITIVE,24,2023-06-22 01:27:33.294326,44,1,1,0,0
CASE0000801,ALT00000497,AUTO_SYS,MEDIUM,CLOSED_MONITORING,31,2023-05-29 05:24:21.061998,90,0,1,0,1
CASE0000802,ALT00005406,INV_03,LOW,CLOSED_FALSE_POSITIVE,29,2023-05-30 12:10:34.191223,49,1,0,0,1
CASE0000803,ALT00005432,INV_02,MEDIUM,CLOSED_FALSE_POSITIVE,25,2023-09-02 21:33:53.851974,46,0,0,0,0
CASE0000804,ALT00006168,INV_03,LOW,CLOSED_SAR_FILED,25,2023-05-23 11:44:31.198494,42,1,0,0,3
CASE0000805,ALT00009559,INV_02,MEDIUM,CLOSED_FALSE_POSITIVE,20,2023-12-24 05:32:33.003723,11,1,0,0,0
CASE0000806,ALT00001079,INV_04,HIGH,CLOSED_SAR_FILED,26,2022-09-08 18:54:16.024191,45,0,1,0,4
CASE0000807,ALT00005251,AUTO_SYS,LOW,CLOSED_FALSE_POSITIVE,29,2023-08-23 00:29:12.719289,40,0,1,0,0
CASE0000808,ALT00000399,INV_03,LOW,OPEN,23,2023-08-03 13:26:41.843537,47,1,1,1,3
CASE0000809,ALT00001965,INV_04,LOW,CLOSED_FALSE_POSITIVE,11,2023-07-09 09:18:03.297378,31,1,0,0,1
CASE0000810,ALT00005829,INV_04,MEDIUM,CLOSED_MONITORING,11,2022-06-12 18:04:12.013905,5,1,0,0,1
CASE0000811,ALT00001027,AUTO_SYS,MEDIUM,CLOSED_MONITORING,7,2022-03-24 01:34:25.227977,45,1,1,0,2
CASE0000812,ALT00006598,INV_03,LOW,CLOSED_FALSE_POSITIVE,26,2022-07-19 21:48:45.479956,46,0,0,0,1
CASE0000813,ALT00008588,INV_03,LOW,CLOSED_FALSE_POSITIVE,34,2022-04-27 17:55:46.216723,25,1,1,0,0
CASE0000814,ALT00007589,INV_02,MEDIUM,CLOSED_FALSE_POSITIVE,23,2024-03-14 10:06:29.441875,53,1,1,0,1
CASE0000815,ALT00002518,INV_03,LOW,CLOSED_FALSE_POSITIVE,3,2022-07-01 15:04:45.898902,27,1,0,0,0
CASE0000816,ALT00003316,AUTO_SYS,MEDIUM,CLOSED_FALSE_POSITIVE,40,2023-11-30 17:38:09.918876,17,0,0,0,0
CASE0000817,ALT00007930,AUTO_SYS,MEDIUM,CLOSED_FALSE_POSITIVE,3,2023-08-05 09:21:08.665753,11,1,0,0,0
CASE0000818,ALT00007679,INV_03,HIGH,CLOSED_FALSE_POSITIVE,40,2022-01-28 08:46:23.247582,11,1,1,0,1
CASE0000819,ALT00008300,INV_03,MEDIUM,CLOSED_MONITORING,33,2023-08-19 23:10:27.529051,49,0,0,0,0
CASE0000820,ALT00009480,INV_03,MEDIUM,CLOSED_FALSE_POSITIVE,16,2023-04-13 20:33:01.784004,40,1,1,0,0
CASE0000821,ALT00001618,INV_02,MEDIUM,CLOSED_SAR_FILED,23,2024-05-14 16:28:56.517877,93,1,0,0,3
CASE0000822,ALT00007160,INV_04,MEDIUM,CLOSED_FALSE_POSITIVE,28,2023-01-30 02:04:06.703248,28,0,0,0,0
CASE0000823,ALT00005359,AUTO_SYS,MEDIUM,CLOSED_FALSE_POSITIVE,11,2022-05-21 09:48:55.334106,18,1,1,0,0
CASE0000824,ALT00006828,AUTO_SYS,MEDIUM,CLOSED_MONITORING,43,2024-06-07 02:39:28.704665,9,0,1,0,1
CASE0000825,ALT00004813,AUTO_SYS,HIGH,CLOSED_FALSE_POSITIVE,38,2022-04-05 22:29:37.199458,23,1,0,0,1
CASE0000826,ALT00009918,INV_04,MEDIUM,CLOSED_FALSE_POSITIVE,12,2023-05-11 09:13:23.027049,33,1,1,0,0
CASE0000827,ALT00003861,INV_01,HIGH,CLOSED_MONITORING,37,2024-03-14 15:06:08.572049,66,1,1,0,1
CASE0000828,ALT00008094,INV_02,MEDIUM,CLOSED_FALSE_POSITIVE,25,2022-02-05 00:27:48.286152,35,1,0,0,0
CASE0000829,ALT00004620,AUTO_SYS,MEDIUM,CLOSED_SAR_FILED,17,2024-04-08 04:50:43.014095,80,0,0,0,1
CASE0000830,ALT00007932,INV_04,MEDIUM,CLOSED_FALSE_POSITIVE,24,2024-06-21 10:42:02.084668,25,0,0,0,0
CASE0000831,ALT00003756,AUTO_SYS,LOW,OPEN,20,2022-12-09 20:51:32.488836,12,1,1,0,1
CASE0000832,ALT00010328,INV_02,LOW,CLOSED_SAR_FILED,31,2022-02-03 22:37:12.137962,6,1,1,0,1
CASE0000833,ALT00001361,INV_04,HIGH,OPEN,33,2023-07-27 15:20:07.373601,24,1,0,0,0
CASE0000834,ALT00000389,INV_01,HIGH,OPEN,28,2023-08-21 20:53:53.343307,91,1,1,0,4
CASE0000835,ALT00001624,AUTO_SYS,HIGH,CLOSED_SAR_FILED,18,2023-06-26 11:41:18.350405,32,1,1,0,3
CASE0000836,ALT00009173,INV_01,HIGH,CLOSED_FALSE_POSITIVE,36,2024-04-05 22:13:32.832290,6,0,1,0,1
CASE0000837,ALT00002626,INV_03,MEDIUM,CLOSED_FALSE_POSITIVE,27,2022-01-31 10:24:50.242274,36,1,0,0,1
CASE0000838,ALT00008918,INV_04,MEDIUM,CLOSED_FALSE_POSITIVE,22,2023-08-18 04:55:31.938280,18,1,0,0,1
CASE0000839,ALT00005232,INV_02,LOW,CLOSED_MONITORING,33,2024-01-31 01:15:17.872641,52,1,0,0,0
CASE0000840,ALT00003690,INV_04,MEDIUM,CLOSED_SAR_FILED,34,2024-01-05 00:13:43.877298,86,1,0,1,3
CASE0000841,ALT00007269,INV_01,HIGH,CLOSED_FALSE_POSITIVE,43,2023-01-18 00:37:33.014260,11,1,1,0,1
CASE0000842,ALT00007666,AUTO_SYS,MEDIUM,CLOSED_FALSE_POSITIVE,22,2024-06-18 05:06:08.063771,26,1,1,0,1
CASE0000843,ALT00002992,INV_01,MEDIUM,CLOSED_FALSE_POSITIVE,27,2024-06-19 18:49:25.082613,50,1,1,0,1
CASE0000844,ALT00000089,INV_02,MEDIUM,CLOSED_FALSE_POSITIVE,8,2023-09-17 21:29:37.287860,75,0,1,1,3
CASE0000845,ALT00000511,INV_03,LOW,CLOSED_SAR_FILED,7,2022-12-06 22:29:08.189373,72,0,1,0,0
CASE0000846,ALT00009319,INV_04,MEDIUM,CLOSED_FALSE_POSITIVE,12,2022-07-01 06:45:42.181260,36,1,1,0,1
CASE0000847,ALT00004924,AUTO_SYS,HIGH,CLOSED_FALSE_POSITIVE,30,2023-11-16 10:20:17.763383,32,1,0,0,1
CASE0000848,ALT00005970,INV_03,MEDIUM,CLOSED_FALSE_POSITIVE,27,2022-06-05 04:46:04.598964,84,1,0,0,3
CASE0000849,ALT00003066,AUTO_SYS,MEDIUM,CLOSED_FALSE_POSITIVE,6,2023-12-15 06:22:42.006073,39,1,0,0,0
CASE0000850,ALT00009005,INV_01,LOW,CLOSED_FALSE_POSITIVE,7,2024-02-12 02:36:41.458311,52,0,1,0,0
CASE0000851,ALT00001567,INV_02,MEDIUM,CLOSED_FALSE_POSITIVE,32,2023-03-22 19:11:49.701270,38,0,1,0,0
CASE0000852,ALT00005222,AUTO_SYS,HIGH,CLOSED_FALSE_POSITIVE,38,2022-01-16 20:44:15.029417,10,1,0,0,0
CASE0000853,ALT00001886,INV_02,LOW,CLOSED_FALSE_POSITIVE,2,2023-01-16 12:34:15.534706,27,0,0,0,1
CASE0000854,ALT00007154,INV_01,MEDIUM,CLOSED_FALSE_POSITIVE,26,2022-08-31 21:01:41.667716,17,1,1,0,0
CASE0000855,ALT00001577,INV_03,MEDIUM,CLOSED_FALSE_POSITIVE,4,2023-02-23 21:39:50.212730,29,0,1,0,0
CASE0000856,ALT00001209,INV_04,MEDIUM,CLOSED_FALSE_POSITIVE,14,2022-04-21 02:11:28.776672,45,0,1,0,1
CASE0000857,ALT00010193,INV_03,HIGH,CLOSED_FALSE_POSITIVE,24,2022-07-14 07:31:16.733160,37,1,0,0,0
CASE0000858,ALT00010247,INV_02,LOW,CLOSED_FALSE_POSITIVE,42,2022-12-30 12:31:30.727087,14,0,0,0,1
CASE0000859,ALT00007365,INV_04,MEDIUM,CLOSED_FALSE_POSITIVE,33,2022-05-12 10:29:01.852684,34,1,1,0,1
CASE0000860,ALT00002426,INV_02,MEDIUM,CLOSED_MONITORING,11,2022-02-20 12:18:02.956015,19,1,0,0,0
CASE0000861,ALT00003892,INV_04,MEDIUM,CLOSED_FALSE_POSITIVE,20,2023-06-11 06:48:46.697057,34,0,0,0,0
CASE0000862,ALT00004422,INV_04,HIGH,CLOSED_FALSE_POSITIVE,8,2024-05-08 00:09:23.760038,12,1,1,0,1
CASE0000863,ALT00000652,INV_04,LOW,CLOSED_SAR_FILED,29,2023-04-21 14:54:13.649781,94,0,1,1,4
CASE0000864,ALT00008331,INV_02,HIGH,CLOSED_FALSE_POSITIVE,42,2024-05-20 01:18:00.926444,12,1,0,0,1
CASE0000865,ALT00006941,INV_04,LOW,CLOSED_FALSE_POSITIVE,39,2023-02-12 18:37:05.110694,13,1,1,0,1
CASE0000866,ALT00003858,INV_03,MEDIUM,CLOSED_SAR_FILED,3,2024-04-07 04:52:22.132560,59,1,1,0,3
CASE0000867,ALT00007955,INV_04,MEDIUM,CLOSED_FALSE_POSITIVE,5,2022-03-04 15:42:03.540126,53,1,1,0,1
CASE0000868,ALT00004150,INV_01,HIGH,CLOSED_FALSE_POSITIVE,39,2022-05-07 19:52:50.072065,29,1,0,0,1
CASE0000869,ALT00004588,INV_02,MEDIUM,CLOSED_FALSE_POSITIVE,44,2023-12-01 04:23:00.059352,30,1,1,0,1
CASE0000870,ALT00010028,INV_03,MEDIUM,CLOSED_FALSE_POSITIVE,7,2022-10-08 19:05:17.861891,44,1,1,0,1
CASE0000871,ALT00004328,INV_04,LOW,CLOSED_FALSE_POSITIVE,9,2022-10-18 21:10:18.079813,14,1,0,0,1
CASE0000872,ALT00006663,AUTO_SYS,MEDIUM,CLOSED_FALSE_POSITIVE,16,2022-06-14 11:11:35.749917,40,0,1,0,0
CASE0000873,ALT00008340,INV_04,LOW,CLOSED_FALSE_POSITIVE,10,2024-04-06 15:26:01.985623,48,1,0,0,0
CASE0000874,ALT00000417,INV_02,MEDIUM,CLOSED_SAR_FILED,35,2024-03-27 15:31:11.509836,53,1,1,0,4
CASE0000875,ALT00003028,INV_04,MEDIUM,OPEN,36,2023-05-20 12:39:13.467484,69,1,0,0,2
CASE0000876,ALT00000622,AUTO_SYS,HIGH,CLOSED_FALSE_POSITIVE,1,2022-12-20 19:54:53.863251,52,1,1,0,3
CASE0000877,ALT00007390,INV_04,MEDIUM,CLOSED_FALSE_POSITIVE,41,2023-06-25 13:53:36.043600,53,0,1,0,1
CASE0000878,ALT00000719,INV_02,LOW,OPEN,14,2024-03-17 23:52:51.124094,48,0,0,0,2
CASE0000879,ALT00002883,AUTO_SYS,MEDIUM,CLOSED_FALSE_POSITIVE,34,2024-02-16 06:15:49.936836,17,1,0,0,1
CASE0000880,ALT00006384,INV_03,MEDIUM,CLOSED_FALSE_POSITIVE,28,2023-03-03 14:18:08.845509,48,1,1,0,1
CASE0000881,ALT00003129,AUTO_SYS,LOW,CLOSED_FALSE_POSITIVE,31,2023-05-28 05:40:58.893788,18,1,0,0,1
CASE0000882,ALT00002725,INV_04,LOW,CLOSED_MONITORING,4,2022-04-10 03:20:35.838861,9,0,0,0,1
CASE0000883,ALT00005145,INV_02,MEDIUM,CLOSED_FALSE_POSITIVE,32,2022-10-05 12:24:00.409874,44,0,1,0,0
CASE0000884,ALT00001733,INV_03,HIGH,CLOSED_FALSE_POSITIVE,1,2022-01-04 14:36:44.559578,48,0,0,0,1
CASE0000885,ALT00004296,INV_03,HIGH,CLOSED_MONITORING,24,2022-06-11 16:20:18.595068,73,0,1,0,4
CASE0000886,ALT00006975,AUTO_SYS,MEDIUM,CLOSED_FALSE_POSITIVE,6,2023-11-13 05:23:39.368826,21,0,1,0,1
CASE0000887,ALT00009798,AUTO_SYS,MEDIUM,CLOSED_FALSE_POSITIVE,25,2023-07-31 07:26:47.415092,44,1,1,0,0
CASE0000888,ALT00001714,INV_03,LOW,CLOSED_FALSE_POSITIVE,2,2024-01-11 13:11:46.841271,15,0,1,0,1
CASE0000889,ALT00000550,INV_02,MEDIUM,CLOSED_MONITORING,43,2022-05-03 07:36:50.210850,43,1,0,0,4
CASE0000890,ALT00003149,INV_02,LOW,CLOSED_FALSE_POSITIVE,7,2023-01-11 03:34:50.352050,5,0,0,0,0
CASE0000891,ALT00004251,INV_03,HIGH,CLOSED_MONITORING,21,2024-06-14 15:50:06.399931,70,1,1,0,3
CASE0000892,ALT00002909,INV_03,MEDIUM,CLOSED_FALSE_POSITIVE,18,2023-11-21 21:34:11.111368,14,1,1,0,0
CASE0000893,ALT00002168,INV_02,MEDIUM,CLOSED_FALSE_POSITIVE,4,2023-06-07 12:49:01.292759,18,1,0,0,0
CASE0000894,ALT00009207,INV_01,LOW,CLOSED_FALSE_POSITIVE,30,2022-06-09 08:22:37.118169,24,1,0,0,0
CASE0000895,ALT00000009,INV_02,LOW,CLOSED_SAR_FILED,28,2022-03-19 15:21:54.520906,70,1,0,0,3
CASE0000896,ALT00000400,AUTO_SYS,MEDIUM,CLOSED_FALSE_POSITIVE,22,2023-10-02 01:35:14.999275,61,1,1,1,2
CASE0000897,ALT00003680,INV_04,HIGH,CLOSED_FALSE_POSITIVE,8,2023-07-22 01:20:54.887522,42,0,1,0,1
CASE0000898,ALT00008604,INV_04,MEDIUM,CLOSED_FALSE_POSITIVE,31,2022-08-15 15:03:19.602226,38,0,1,0,1
CASE0000899,ALT00006623,INV_01,MEDIUM,CLOSED_SAR_FILED,5,2022-07-20 08:54:34.232897,31,0,0,0,3
CASE0000900,ALT00001113,AUTO_SYS,LOW,CLOSED_FALSE_POSITIVE,44,2024-05-25 02:49:54.855551,32,1,1,0,1
CASE0000901,ALT00003882,INV_04,LOW,OPEN,6,2024-01-23 16:46:22.176703,84,1,1,0,4
CASE0000902,ALT00002458,INV_04,MEDIUM,CLOSED_FALSE_POSITIVE,32,2022-03-29 14:14:27.999102,10,0,0,0,0
CASE0000903,ALT00009574,AUTO_SYS,LOW,CLOSED_FALSE_POSITIVE,37,2023-12-22 09:52:02.622058,25,1,1,0,1
CASE0000904,ALT00010081,INV_03,MEDIUM,CLOSED_FALSE_POSITIVE,3,2024-02-14 09:07:10.339537,28,0,1,0,0
CASE0000905,ALT00005274,AUTO_SYS,MEDIUM,CLOSED_FALSE_POSITIVE,42,2023-01-15 07:54:30.733367,33,1,1,0,0
CASE0000906,ALT00010434,INV_04,LOW,CLOSED_FALSE_POSITIVE,34,2022-08-24 20:24:22.634426,18,1,1,0,1
CASE0000907,ALT00007350,INV_02,HIGH,CLOSED_FALSE_POSITIVE,15,2023-05-03 12:34:27.759122,53,0,0,0,1
CASE0000908,ALT00001704,AUTO_SYS,HIGH,CLOSED_FALSE_POSITIVE,15,2023-01-29 17:54:41.045463,18,0,0,0,1
CASE0000909,ALT00002326,INV_01,MEDIUM,CLOSED_FALSE_POSITIVE,4,2023-10-16 07:16:40.763433,45,0,0,0,0
CASE0000910,ALT00009800,INV_01,HIGH,CLOSED_FALSE_POSITIVE,4,2023-02-26 04:12:14.397215,42,1,1,0,1
CASE0000911,ALT00007074,INV_01,HIGH,CLOSED_FALSE_POSITIVE,31,2023-11-22 07:25:34.046237,45,1,1,0,1
CASE0000912,ALT00007320,INV_02,HIGH,CLOSED_SAR_FILED,29,2022-04-04 20:23:48.868381,39,0,0,0,4
CASE0000913,ALT00009309,INV_03,HIGH,CLOSED_FALSE_POSITIVE,27,2022-12-24 17:46:35.681585,35,0,1,0,0
CASE0000914,ALT00003469,INV_04,LOW,CLOSED_FALSE_POSITIVE,28,2023-06-12 00:26:19.324838,41,1,1,0,0
CASE0000915,ALT00003456,AUTO_SYS,HIGH,CLOSED_FALSE_POSITIVE,1,2022-10-31 04:02:47.210207,50,1,1,0,0
CASE0000916,ALT00009199,INV_03,MEDIUM,CLOSED_FALSE_POSITIVE,10,2022-07-17 14:45:00.315366,24,0,0,0,1
CASE0000917,ALT00007841,INV_02,LOW,CLOSED_FALSE_POSITIVE,28,2023-07-29 23:45:00.295853,53,1,0,0,0
CASE0000918,ALT00003025,AUTO_SYS,LOW,OPEN,42,2023-01-13 16:38:50.291145,46,1,1,0,0
CASE0000919,ALT00000583,AUTO_SYS,HIGH,CLOSED_SAR_FILED,24,2024-01-26 00:18:57.296689,57,0,0,0,3
CASE0000920,ALT00008981,INV_04,HIGH,CLOSED_FALSE_POSITIVE,28,2022-11-17 10:25:42.097119,41,1,0,0,1
CASE0000921,ALT00000625,INV_03,MEDIUM,OPEN,38,2023-05-24 08:32:48.708141,68,0,0,0,0
CASE0000922,ALT00000795,INV_01,LOW,CLOSED_SAR_FILED,43,2022-11-24 21:14:10.183173,79,0,0,1,4
CASE0000923,ALT00000569,INV_03,LOW,CLOSED_FALSE_POSITIVE,19,2023-05-22 21:59:34.614822,88,1,0,0,2
CASE0000924,ALT00000731,INV_04,MEDIUM,CLOSED_SAR_FILED,24,2022-02-05 11:25:59.885630,75,0,0,0,4
CASE0000925,ALT00009894,AUTO_SYS,LOW,CLOSED_FALSE_POSITIVE,35,2024-01-27 15:08:37.575709,21,1,0,0,1
CASE0000926,ALT00005063,INV_03,LOW,CLOSED_FALSE_POSITIVE,44,2024-04-25 12:36:34.911116,6,1,0,0,0
CASE0000927,ALT00002993,INV_02,MEDIUM,CLOSED_FALSE_POSITIVE,5,2023-01-28 10:03:41.849010,12,0,1,0,0
CASE0000928,ALT00004503,INV_03,LOW,CLOSED_SAR_FILED,10,2022-09-22 23:17:54.560564,33,1,0,0,0
CASE0000929,ALT00008651,INV_03,HIGH,CLOSED_FALSE_POSITIVE,42,2024-06-01 21:44:47.324570,48,1,1,0,1
CASE0000930,ALT00002886,AUTO_SYS,LOW,CLOSED_FALSE_POSITIVE,14,2024-05-26 20:06:49.287959,48,1,0,0,0
CASE0000931,ALT00008289,INV_02,MEDIUM,CLOSED_FALSE_POSITIVE,39,2023-03-09 19:18:27.837601,40,1,1,0,1
CASE0000932,ALT00000361,INV_02,HIGH,CLOSED_SAR_FILED,22,2024-03-24 12:47:34.671211,68,1,0,0,1
CASE0000933,ALT00004519,INV_02,HIGH,CLOSED_FALSE_POSITIVE,41,2023-05-26 23:45:51.399152,49,0,1,0,0
CASE0000934,ALT00005501,INV_04,MEDIUM,CLOSED_FALSE_POSITIVE,4,2023-04-08 19:50:00.623895,52,0,0,0,1
CASE0000935,ALT00000292,INV_01,HIGH,CLOSED_SAR_FILED,18,2022-06-02 11:55:12.391118,37,1,1,0,3
CASE0000936,ALT00008096,INV_04,LOW,CLOSED_FALSE_POSITIVE,7,2023-05-22 06:25:45.540289,10,0,0,0,0
CASE0000937,ALT00003007,INV_01,MEDIUM,CLOSED_FALSE_POSITIVE,32,2022-11-17 19:51:19.946176,54,0,1,0,0
CASE0000938,ALT00000102,INV_03,LOW,OPEN,24,2022-04-23 06:24:48.653719,50,1,1,0,3
CASE0000939,ALT00009179,INV_01,MEDIUM,CLOSED_FALSE_POSITIVE,37,2023-05-03 13:06:44.255345,9,1,1,0,0
CASE0000940,ALT00001531,INV_02,HIGH,CLOSED_FALSE_POSITIVE,25,2023-08-10 22:50:07.220925,33,0,1,0,1
CASE0000941,ALT00000705,INV_01,MEDIUM,CLOSED_FALSE_POSITIVE,20,2022-06-06 00:45:21.829471,71,0,1,0,4
CASE0000942,ALT00007451,INV_01,MEDIUM,CLOSED_SAR_FILED,42,2022-08-01 20:29:32.755555,32,1,1,0,0
CASE0000943,ALT00005333,INV_01,MEDIUM,CLOSED_FALSE_POSITIVE,28,2023-02-12 03:31:32.510414,47,0,0,0,0
CASE0000944,ALT00008640,INV_01,HIGH,CLOSED_FALSE_POSITIVE,4,2023-03-06 18:35:23.420935,42,0,1,0,1
CASE0000945,ALT00005285,AUTO_SYS,HIGH,CLOSED_SAR_FILED,30,2023-05-26 17:33:27.504224,68,1,0,0,2
CASE0000946,ALT00009303,INV_02,MEDIUM,CLOSED_FALSE_POSITIVE,1,2023-03-17 19:40:43.918132,14,0,0,0,1
CASE0000947,ALT00004393,AUTO_SYS,LOW,CLOSED_FALSE_POSITIVE,40,2023-07-09 18:53:23.422237,43,0,1,0,1
CASE0000948,ALT00003814,INV_03,HIGH,CLOSED_MONITORING,37,2022-04-20 08:14:24.619709,12,1,1,0,0
CASE0000949,ALT00000857,INV_02,MEDIUM,CLOSED_SAR_FILED,7,2022-06-04 07:05:47.693376,85,1,0,0,2
CASE0000950,ALT00009278,INV_04,MEDIUM,CLOSED_FALSE_POSITIVE,6,2022-09-01 03:59:36.030060,30,1,0,0,1
CASE0000951,ALT00009214,INV_02,HIGH,CLOSED_FALSE_POSITIVE,2,2022-12-29 17:53:14.109451,12,0,1,0,1
CASE0000952,ALT00001351,INV_01,HIGH,CLOSED_FALSE_POSITIVE,6,2023-01-26 07:31:17.303046,26,1,0,0,1
CASE0000953,ALT00005182,INV_03,MEDIUM,CLOSED_MONITORING,37,2022-04-16 05:15:43.361739,30,1,0,0,0
CASE0000954,ALT00004505,AUTO_SYS,LOW,CLOSED_FALSE_POSITIVE,38,2024-06-04 11:06:21.731810,41,1,0,0,1
CASE0000955,ALT00009852,INV_04,MEDIUM,CLOSED_FALSE_POSITIVE,16,2022-12-04 13:11:01.402719,17,1,0,0,1
CASE0000956,ALT00004373,INV_04,LOW,CLOSED_FALSE_POSITIVE,12,2023-08-16 06:35:42.844162,9,1,1,0,1
CASE0000957,ALT00006720,INV_02,MEDIUM,CLOSED_SAR_FILED,31,2024-03-28 02:55:30.277326,77,1,0,0,1
CASE0000958,ALT00005024,INV_04,HIGH,OPEN,6,2022-01-31 19:06:40.909815,48,0,1,0,0
CASE0000959,ALT00007860,INV_03,MEDIUM,CLOSED_FALSE_POSITIVE,23,2022-04-08 17:47:59.500867,33,0,1,0,1
CASE0000960,ALT00006949,INV_01,LOW,OPEN,29,2022-11-10 20:33:50.672005,76,1,1,1,0
CASE0000961,ALT00001471,AUTO_SYS,MEDIUM,CLOSED_FALSE_POSITIVE,2,2023-01-07 01:59:18.272057,50,0,1,0,1
CASE0000962,ALT00007976,INV_02,HIGH,CLOSED_FALSE_POSITIVE,18,2024-05-27 22:57:40.461811,14,0,0,0,0
CASE0000963,ALT00006965,INV_03,MEDIUM,CLOSED_SAR_FILED,11,2023-09-20 10:41:26.883482,73,0,0,0,4
CASE0000964,ALT00000851,INV_02,HIGH,CLOSED_MONITORING,16,2024-06-24 04:44:58.916345,44,0,0,0,4
CASE0000965,ALT00009979,INV_01,LOW,CLOSED_SAR_FILED,43,2023-01-08 18:11:49.501615,23,1,0,0,1
CASE0000966,ALT00004059,INV_04,LOW,CLOSED_FALSE_POSITIVE,26,2022-04-02 10:17:39.784151,12,0,0,0,1
CASE0000967,ALT00004943,INV_01,MEDIUM,CLOSED_FALSE_POSITIVE,28,2023-06-03 03:17:18.813849,13,1,1,0,1
CASE0000968,ALT00000564,AUTO_SYS,HIGH,OPEN,18,2023-04-08 06:09:15.850193,70,0,1,0,4
CASE0000969,ALT00005523,INV_01,MEDIUM,CLOSED_FALSE_POSITIVE,22,2023-10-12 17:17:44.420638,30,0,1,0,0
CASE0000970,ALT00001489,INV_03,HIGH,CLOSED_FALSE_POSITIVE,23,2023-09-06 04:59:57.024825,37,1,0,0,0
CASE0000971,ALT00005303,INV_03,LOW,CLOSED_FALSE_POSITIVE,19,2022-06-30 11:52:16.404878,45,1,1,0,0
CASE0000972,ALT00006714,INV_01,MEDIUM,CLOSED_FALSE_POSITIVE,44,2023-09-24 21:45:19.367640,8,0,0,0,1
CASE0000973,ALT00007293,INV_04,HIGH,CLOSED_FALSE_POSITIVE,6,2023-04-24 10:00:15.622149,28,0,1,0,1
CASE0000974,ALT00003679,AUTO_SYS,MEDIUM,CLOSED_MONITORING,7,2022-10-03 21:03:41.111067,21,0,0,0,0
CASE0000975,ALT00010010,INV_03,MEDIUM,CLOSED_FALSE_POSITIVE,39,2022-01-29 21:56:26.271059,31,0,1,0,1
CASE0000976,ALT00009401,INV_04,MEDIUM,CLOSED_FALSE_POSITIVE,18,2022-10-06 18:06:05.808037,15,1,0,0,1
CASE0000977,ALT00006862,INV_02,HIGH,CLOSED_MONITORING,23,2024-03-21 13:17:23.171619,25,1,0,0,0
CASE0000978,ALT00001692,INV_02,LOW,CLOSED_MONITORING,20,2023-06-09 13:04:16.342807,9,1,0,0,1
CASE0000979,ALT00000064,INV_02,LOW,CLOSED_SAR_FILED,13,2023-08-11 07:06:33.446364,69,1,1,0,3
CASE0000980,ALT00007345,INV_03,HIGH,CLOSED_FALSE_POSITIVE,42,2024-02-08 23:28:06.969464,27,1,1,0,0
CASE0000981,ALT00008858,INV_04,MEDIUM,CLOSED_FALSE_POSITIVE,11,2023-12-05 18:16:07.621413,42,1,1,0,0
CASE0000982,ALT00004041,INV_04,HIGH,CLOSED_FALSE_POSITIVE,34,2022-05-05 05:30:48.295362,46,1,0,0,0
CASE0000983,ALT00003849,INV_04,LOW,CLOSED_FALSE_POSITIVE,21,2023-09-22 08:41:10.234682,9,0,1,0,0
CASE0000984,ALT00007357,INV_04,LOW,CLOSED_SAR_FILED,27,2022-01-08 14:42:47.202918,78,1,1,0,1
CASE0000985,ALT00005014,INV_02,LOW,CLOSED_FALSE_POSITIVE,43,2023-07-24 07:53:40.843281,32,0,1,0,1
CASE0000986,ALT00002587,INV_03,HIGH,CLOSED_FALSE_POSITIVE,33,2023-05-26 13:12:49.098441,54,1,1,0,0
CASE0000987,ALT00000737,AUTO_SYS,LOW,CLOSED_MONITORING,14,2022-12-13 13:25:39.998568,41,0,1,0,1
CASE0000988,ALT00003579,INV_02,LOW,CLOSED_FALSE_POSITIVE,35,2024-03-14 17:17:09.977778,31,0,1,0,0
CASE0000989,ALT00008119,INV_04,HIGH,CLOSED_FALSE_POSITIVE,12,2024-03-10 11:38:11.688134,33,1,1,0,0
CASE0000990,ALT00001672,AUTO_SYS,LOW,CLOSED_FALSE_POSITIVE,10,2024-01-21 18:48:13.558871,18,1,1,0,1
CASE0000991,ALT00006966,INV_04,HIGH,CLOSED_FALSE_POSITIVE,8,2024-03-27 23:56:21.211035,30,0,1,0,1
CASE0000992,ALT00009322,INV_04,LOW,CLOSED_FALSE_POSITIVE,38,2023-03-03 01:57:11.247449,20,1,1,0,1
CASE0000993,ALT00009368,INV_01,HIGH,CLOSED_FALSE_POSITIVE,4,2023-06-01 01:23:16.533723,10,0,0,0,0
CASE0000994,ALT00003119,INV_04,HIGH,CLOSED_FALSE_POSITIVE,44,2023-09-20 10:59:29.991380,12,1,1,0,1
CASE0000995,ALT00005734,AUTO_SYS,LOW,CLOSED_FALSE_POSITIVE,34,2022-06-02 22:21:17.085331,45,0,0,1,0
CASE0000996,ALT00003245,INV_02,LOW,CLOSED_SAR_FILED,13,2023-05-23 13:09:24.408299,49,1,0,0,4
CASE0000997,ALT00008017,INV_01,MEDIUM,CLOSED_MONITORING,24,2023-05-14 12:00:26.701681,32,1,1,0,1
CASE0000998,ALT00004826,AUTO_SYS,MEDIUM,CLOSED_MONITORING,7,2022-05-24 19:31:05.547715,32,1,0,0,1
CASE0000999,ALT00007648,INV_04,MEDIUM,CLOSED_FALSE_POSITIVE,18,2022-10-21 22:51:17.716755,42,0,1,0,1
CASE0001000,ALT00000246,INV_01,LOW,OPEN,5,2023-05-13 17:31:56.710099,94,1,1,0,4
CASE0001001,ALT00008122,AUTO_SYS,HIGH,CLOSED_FALSE_POSITIVE,28,2023-12-19 09:08:36.319039,35,1,0,0,0
CASE0001002,ALT00005602,INV_03,HIGH,OPEN,38,2024-01-25 10:18:23.293371,31,0,0,0,1
CASE0001003,ALT00001003,INV_03,MEDIUM,CLOSED_SAR_FILED,20,2022-08-22 06:45:35.268246,70,0,0,0,1
CASE0001004,ALT00004253,INV_01,MEDIUM,CLOSED_FALSE_POSITIVE,22,2022-01-30 15:05:58.066485,17,0,1,0,0
CASE0001005,ALT00010216,INV_02,HIGH,CLOSED_FALSE_POSITIVE,6,2023-03-12 22:19:23.334250,21,0,0,0,1
CASE0001006,ALT00007206,INV_01,MEDIUM,OPEN,6,2023-05-19 11:08:00.495868,27,1,0,0,1
CASE0001007,ALT00005093,INV_01,LOW,CLOSED_SAR_FILED,2,2022-12-13 00:40:34.908733,49,1,0,0,3
CASE0001008,ALT00001083,INV_04,MEDIUM,CLOSED_FALSE_POSITIVE,16,2022-05-11 07:48:53.342802,35,1,0,0,1
CASE0001009,ALT00000334,INV_04,LOW,CLOSED_FALSE_POSITIVE,30,2023-04-21 08:48:14.108976,69,1,1,0,4
CASE0001010,ALT00002499,INV_02,LOW,CLOSED_FALSE_POSITIVE,21,2023-03-27 01:43:34.122161,25,0,0,0,0
CASE0001011,ALT00007540,INV_04,LOW,CLOSED_FALSE_POSITIVE,44,2023-06-23 02:55:34.926271,43,0,1,0,1
CASE0001012,ALT00003913,INV_04,HIGH,CLOSED_FALSE_POSITIVE,2,2023-07-28 16:26:56.280297,38,1,0,0,0
CASE0001013,ALT00003211,INV_03,MEDIUM,OPEN,5,2022-12-31 15:03:13.747392,86,0,0,0,3
CASE0001014,ALT00008672,INV_02,LOW,CLOSED_FALSE_POSITIVE,14,2023-12-18 01:23:19.163066,33,1,1,0,0
CASE0001015,ALT00008987,INV_03,LOW,CLOSED_FALSE_POSITIVE,17,2023-08-26 05:31:13.867213,49,1,1,0,1
CASE0001016,ALT00000264,INV_04,HIGH,CLOSED_SAR_FILED,36,2023-04-17 05:44:45.721856,70,1,1,0,4
CASE0001017,ALT00001148,INV_03,HIGH,OPEN,34,2023-09-27 02:36:42.205582,14,1,0,0,1
CASE0001018,ALT00002639,AUTO_SYS,LOW,CLOSED_FALSE_POSITIVE,10,2023-03-08 09:17:07.429989,18,1,1,0,1
CASE0001019,ALT00010077,INV_04,LOW,CLOSED_SAR_FILED,36,2022-09-15 01:30:02.512793,28,1,1,0,1
CASE0001020,ALT00004193,INV_01,HIGH,CLOSED_SAR_FILED,23,2024-06-03 03:42:36.094866,63,1,1,0,1
CASE0001021,ALT00000656,INV_02,LOW,CLOSED_SAR_FILED,21,2022-08-05 23:21:12.361453,53,1,0,0,1
CASE0001022,ALT00000624,INV_01,LOW,CLOSED_MONITORING,29,2022-05-18 12:25:00.174000,38,1,0,1,1
CASE0001023,ALT00001731,INV_04,MEDIUM,CLOSED_SAR_FILED,33,2022-07-07 12:39:14.209762,19,0,0,0,0
CASE0001024,ALT00005604,INV_03,MEDIUM,CLOSED_FALSE_POSITIVE,11,2024-06-01 02:51:47.113096,13,1,1,0,0
CASE0001025,ALT00003126,INV_01,MEDIUM,CLOSED_FALSE_POSITIVE,19,2023-07-10 01:15:45.878668,33,0,0,0,1
CASE0001026,ALT00001559,INV_03,MEDIUM,CLOSED_FALSE_POSITIVE,11,2022-12-22 18:29:47.338905,5,1,1,0,1
CASE0001027,ALT00002459,AUTO_SYS,LOW,CLOSED_FALSE_POSITIVE,5,2022-03-30 14:51:42.192768,48,0,0,0,0
CASE0001028,ALT00001069,INV_02,LOW,CLOSED_SAR_FILED,8,2024-06-01 23:57:10.324742,41,1,0,0,4
CASE0001029,ALT00004953,INV_03,HIGH,CLOSED_MONITORING,29,2023-05-24 10:33:34.473745,43,0,1,0,0
CASE0001030,ALT00007198,INV_02,HIGH,CLOSED_FALSE_POSITIVE,36,2023-08-26 11:12:12.243676,40,1,1,0,1
CASE0001031,ALT00007189,AUTO_SYS,MEDIUM,CLOSED_MONITORING,16,2022-05-28 12:14:04.746772,17,0,0,0,1
CASE0001032,ALT00008026,INV_02,LOW,CLOSED_FALSE_POSITIVE,32,2024-06-04 19:14:34.562242,52,1,1,0,0
CASE0001033,ALT00004685,AUTO_SYS,LOW,CLOSED_SAR_FILED,28,2022-02-15 03:32:48.705614,48,1,0,0,0
CASE0001034,ALT00001150,INV_02,MEDIUM,CLOSED_FALSE_POSITIVE,17,2022-05-28 15:26:15.655717,40,1,1,0,0
CASE0001035,ALT00000578,INV_03,LOW,CLOSED_SAR_FILED,27,2022-03-01 04:10:26.215189,61,1,0,0,1
CASE0001036,ALT00004970,INV_01,LOW,CLOSED_FALSE_POSITIVE,26,2023-05-05 13:58:49.470457,26,0,1,0,1
CASE0001037,ALT00003746,INV_01,LOW,CLOSED_FALSE_POSITIVE,12,2022-05-27 05:48:13.782005,5,1,0,0,0
CASE0001038,ALT00001732,INV_01,LOW,CLOSED_FALSE_POSITIVE,2,2022-12-12 09:04:56.280766,37,0,1,0,1
CASE0001039,ALT00008384,INV_03,HIGH,CLOSED_FALSE_POSITIVE,34,2023-09-07 08:38:01.885688,17,1,0,0,0
CASE0001040,ALT00006609,AUTO_SYS,MEDIUM,CLOSED_FALSE_POSITIVE,34,2023-06-11 08:59:06.890518,29,1,0,0,0
CASE0001041,ALT00002733,INV_04,MEDIUM,OPEN,16,2022-05-23 12:11:23.847283,15,1,1,0,1
CASE0001042,ALT00008655,AUTO_SYS,LOW,CLOSED_FALSE_POSITIVE,33,2023-09-03 11:56:06.249347,26,1,1,0,0
CASE0001043,ALT00006373,INV_02,HIGH,CLOSED_FALSE_POSITIVE,14,2023-11-01 06:00:00.969084,12,0,0,0,1
CASE0001044,ALT00003838,AUTO_SYS,MEDIUM,CLOSED_FALSE_POSITIVE,15,2023-12-05 23:07:45.483514,8,1,0,0,1
CASE0001045,ALT00002021,AUTO_SYS,MEDIUM,CLOSED_FALSE_POSITIVE,2,2022-11-07 20:07:50.106797,45,1,0,0,0
CASE0001046,ALT00000077,INV_01,HIGH,OPEN,40,2024-05-21 08:10:59.873701,71,0,0,0,2
CASE0001047,ALT00006995,INV_01,MEDIUM,CLOSED_FALSE_POSITIVE,43,2023-05-16 14:51:19.390465,19,0,0,0,1
CASE0001048,ALT00006062,INV_03,HIGH,CLOSED_FALSE_POSITIVE,9,2023-09-20 05:15:41.263380,54,1,1,0,0
CASE0001049,ALT00006390,INV_04,MEDIUM,CLOSED_FALSE_POSITIVE,25,2023-04-09 22:18:03.922954,17,1,1,0,1
CASE0001050,ALT00003834,INV_04,MEDIUM,CLOSED_FALSE_POSITIVE,37,2023-10-09 17:12:39.322754,26,0,1,0,0
CASE0001051,ALT00007798,INV_01,MEDIUM,CLOSED_FALSE_POSITIVE,18,2023-08-02 08:57:16.697723,17,1,1,0,0
CASE0001052,ALT00009858,INV_02,MEDIUM,CLOSED_FALSE_POSITIVE,20,2024-01-18 19:56:03.873973,8,0,0,0,1
CASE0001053,ALT00007343,INV_03,MEDIUM,CLOSED_FALSE_POSITIVE,30,2022-02-02 08:32:56.785957,9,0,0,0,1
CASE0001054,ALT00008559,INV_01,LOW,CLOSED_FALSE_POSITIVE,12,2022-12-10 21:21:40.371871,44,1,0,0,0
CASE0001055,ALT00007587,INV_01,HIGH,CLOSED_FALSE_POSITIVE,43,2022-10-07 01:47:01.943375,19,1,0,0,0
CASE0001056,ALT00008290,INV_04,HIGH,CLOSED_FALSE_POSITIVE,29,2022-11-26 15:42:17.569544,39,1,1,0,0
CASE0001057,ALT00006146,AUTO_SYS,LOW,CLOSED_SAR_FILED,41,2022-05-30 09:22:21.594843,70,1,1,1,3
CASE0001058,ALT00001617,INV_04,MEDIUM,CLOSED_FALSE_POSITIVE,25,2022-10-23 16:59:43.103181,43,0,1,0,0
CASE0001059,ALT00000684,AUTO_SYS,HIGH,CLOSED_FALSE_POSITIVE,44,2024-05-03 00:03:10.074358,81,1,0,0,2
CASE0001060,ALT00003772,INV_01,HIGH,CLOSED_FALSE_POSITIVE,23,2023-08-16 02:37:35.698954,26,0,1,0,1
CASE0001061,ALT00000648,INV_01,MEDIUM,CLOSED_MONITORING,10,2022-08-26 06:19:43.455388,78,0,1,0,3
CASE0001062,ALT00009891,INV_01,HIGH,OPEN,6,2024-05-18 11:17:16.739125,44,0,1,0,1
CASE0001063,ALT00010436,AUTO_SYS,MEDIUM,CLOSED_FALSE_POSITIVE,40,2022-08-31 14:44:36.381694,34,1,0,0,1
CASE0001064,ALT00000291,INV_03,MEDIUM,CLOSED_SAR_FILED,24,2022-01-07 12:00:30.199722,37,0,0,0,1
CASE0001065,ALT00005407,INV_01,MEDIUM,CLOSED_FALSE_POSITIVE,41,2023-09-24 14:51:24.718071,46,1,1,0,0
CASE0001066,ALT00003371,INV_02,HIGH,CLOSED_SAR_FILED,3,2023-12-13 11:24:03.008508,23,1,0,0,0
CASE0001067,ALT00002026,INV_02,MEDIUM,CLOSED_FALSE_POSITIVE,4,2023-10-29 16:27:53.939025,16,0,1,0,0
CASE0001068,ALT00003778,INV_04,HIGH,CLOSED_FALSE_POSITIVE,2,2022-08-09 07:52:23.253052,34,0,0,0,0
CASE0001069,ALT00009685,AUTO_SYS,LOW,CLOSED_FALSE_POSITIVE,7,2023-09-29 15:24:51.957210,16,1,1,0,0
CASE0001070,ALT00007743,INV_03,LOW,CLOSED_FALSE_POSITIVE,18,2022-12-09 14:12:53.070892,5,0,0,0,0
CASE0001071,ALT00008870,INV_03,MEDIUM,CLOSED_FALSE_POSITIVE,36,2023-07-17 05:29:57.405566,49,1,0,0,0
CASE0001072,ALT00008380,INV_02,HIGH,CLOSED_FALSE_POSITIVE,18,2022-08-05 00:10:06.706308,44,0,0,0,0
CASE0001073,ALT00010297,INV_01,LOW,CLOSED_FALSE_POSITIVE,4,2023-04-21 16:32:43.945561,29,1,1,0,1
CASE0001074,ALT00001964,INV_02,LOW,CLOSED_FALSE_POSITIVE,26,2024-05-02 10:07:03.160472,17,1,0,0,0
CASE0001075,ALT00004061,AUTO_SYS,MEDIUM,CLOSED_FALSE_POSITIVE,4,2024-04-05 00:18:11.498377,15,1,0,0,0
CASE0001076,ALT00006438,AUTO_SYS,LOW,CLOSED_FALSE_POSITIVE,4,2024-05-30 21:57:07.598272,31,1,0,0,0
CASE0001077,ALT00000186,INV_04,LOW,CLOSED_SAR_FILED,18,2023-04-06 20:39:46.622456,61,1,0,0,0
CASE0001078,ALT00006685,INV_01,LOW,CLOSED_FALSE_POSITIVE,11,2023-08-25 09:30:08.398159,34,1,0,0,0
CASE0001079,ALT00008910,INV_01,MEDIUM,CLOSED_MONITORING,15,2024-05-28 22:49:01.443504,10,0,0,0,0
CASE0001080,ALT00005580,INV_04,MEDIUM,CLOSED_SAR_FILED,40,2023-08-23 20:41:34.767703,24,0,0,0,1
CASE0001081,ALT00007654,INV_02,MEDIUM,CLOSED_FALSE_POSITIVE,2,2023-06-14 22:22:49.314040,27,0,1,0,1
CASE0001082,ALT00003124,AUTO_SYS,MEDIUM,CLOSED_FALSE_POSITIVE,18,2024-03-22 13:14:19.941739,29,0,1,0,1
CASE0001083,ALT00003026,INV_02,MEDIUM,CLOSED_MONITORING,3,2022-06-22 05:34:50.613489,50,0,1,0,0
CASE0001084,ALT00004890,INV_02,HIGH,CLOSED_FALSE_POSITIVE,30,2022-03-05 05:30:38.735902,36,1,1,0,0
CASE0001085,ALT00009977,INV_02,HIGH,CLOSED_FALSE_POSITIVE,31,2023-04-13 01:25:51.709491,21,1,0,0,1
CASE0001086,ALT00008977,INV_03,MEDIUM,CLOSED_FALSE_POSITIVE,15,2022-01-15 20:04:28.594537,39,1,0,0,0
CASE0001087,ALT00003405,INV_02,MEDIUM,CLOSED_FALSE_POSITIVE,33,2024-03-18 20:48:14.065397,22,0,1,0,1
CASE0001088,ALT00003567,INV_01,MEDIUM,CLOSED_MONITORING,3,2024-01-01 13:36:04.616263,52,0,0,0,0
CASE0001089,ALT00009730,INV_03,LOW,CLOSED_FALSE_POSITIVE,28,2022-06-22 22:14:40.664432,31,1,0,0,1
CASE0001090,ALT00000382,AUTO_SYS,LOW,CLOSED_MONITORING,4,2022-08-24 09:35:19.223035,59,1,1,0,2
CASE0001091,ALT00008605,AUTO_SYS,HIGH,OPEN,1,2022-06-14 11:11:35.749917,37,0,1,0,0
CASE0001092,ALT00009449,AUTO_SYS,MEDIUM,CLOSED_FALSE_POSITIVE,1,2023-10-10 18:38:46.332920,47,1,0,0,0
CASE0001093,ALT00004166,INV_04,LOW,CLOSED_MONITORING,27,2024-05-13 18:49:28.989779,19,1,1,0,0
CASE0001094,ALT00001906,INV_04,MEDIUM,CLOSED_FALSE_POSITIVE,44,2022-05-20 04:37:24.522540,38,0,0,0,1
CASE0001095,ALT00004801,AUTO_SYS,LOW,CLOSED_FALSE_POSITIVE,33,2022-02-16 14:57:37.699919,25,0,0,0,0
CASE0001096,ALT00002329,INV_01,MEDIUM,OPEN,20,2022-08-22 00:50:37.092660,54,0,0,0,0
CASE0001097,ALT00006974,AUTO_SYS,HIGH,CLOSED_FALSE_POSITIVE,9,2024-05-04 01:38:42.545703,46,1,1,0,0
CASE0001098,ALT00006132,INV_01,MEDIUM,CLOSED_FALSE_POSITIVE,26,2023-11-21 02:54:19.302963,44,0,1,0,0
CASE0001099,ALT00004979,INV_02,HIGH,CLOSED_FALSE_POSITIVE,18,2022-07-24 19:48:44.769459,50,1,1,0,1
CASE0001100,ALT00006113,INV_04,LOW,CLOSED_SAR_FILED,23,2024-04-27 10:45:29.345286,66,0,1,0,1
CASE0001101,ALT00009257,INV_02,MEDIUM,CLOSED_FALSE_POSITIVE,43,2022-03-13 03:41:56.558337,32,1,1,0,0
CASE0001102,ALT00008798,AUTO_SYS,HIGH,CLOSED_FALSE_POSITIVE,18,2022-02-23 15:44:28.509023,24,1,0,0,1
CASE0001103,ALT00003488,INV_02,HIGH,CLOSED_FALSE_POSITIVE,27,2022-03-14 19:15:41.867305,12,1,1,0,0
CASE0001104,ALT00009438,INV_01,LOW,CLOSED_FALSE_POSITIVE,29,2023-09-29 13:45:37.589979,30,1,0,0,1
CASE0001105,ALT00009892,INV_03,MEDIUM,CLOSED_FALSE_POSITIVE,8,2024-04-04 14:48:13.717967,20,1,0,0,1
CASE0001106,ALT00004318,INV_03,HIGH,CLOSED_FALSE_POSITIVE,13,2023-03-12 06:48:22.646696,32,0,0,0,0
CASE0001107,ALT00001114,INV_02,MEDIUM,CLOSED_FALSE_POSITIVE,4,2022-01-05 22:42:19.194116,47,1,0,0,1
CASE0001108,ALT00003406,INV_04,LOW,CLOSED_FALSE_POSITIVE,12,2024-04-27 09:52:52.864805,35,0,1,0,0
CASE0001109,ALT00005651,INV_04,HIGH,CLOSED_FALSE_POSITIVE,36,2024-06-20 21:12:02.244897,22,0,0,0,1
CASE0001110,ALT00003911,AUTO_SYS,HIGH,CLOSED_FALSE_POSITIVE,22,2023-08-17 18:49:00.680508,29,0,1,0,0
CASE0001111,ALT00007926,INV_02,MEDIUM,CLOSED_FALSE_POSITIVE,30,2023-04-20 08:47:17.866994,32,1,1,0,1
CASE0001112,ALT00005968,AUTO_SYS,MEDIUM,CLOSED_FALSE_POSITIVE,13,2022-03-09 15:11:26.566682,31,1,0,0,1
CASE0001113,ALT00003024,INV_04,LOW,CLOSED_FALSE_POSITIVE,9,2024-01-17 12:24:56.492221,22,0,1,0,0
CASE0001114,ALT00004864,INV_01,MEDIUM,CLOSED_MONITORING,29,2024-03-30 16:25:06.041926,18,0,0,0,1
CASE0001115,ALT00005428,INV_02,LOW,CLOSED_FALSE_POSITIVE,3,2023-03-08 20:17:29.921402,49,1,0,0,0
CASE0001116,ALT00003915,INV_03,MEDIUM,CLOSED_FALSE_POSITIVE,43,2023-05-09 21:28:10.600040,11,1,0,0,0
CASE0001117,ALT00001916,INV_02,MEDIUM,CLOSED_SAR_FILED,44,2023-01-04 07:25:11.278886,11,0,1,0,0
CASE0001118,ALT00003689,INV_02,LOW,CLOSED_FALSE_POSITIVE,5,2023-08-29 12:52:21.549740,34,1,0,0,1
CASE0001119,ALT00005647,AUTO_SYS,MEDIUM,CLOSED_SAR_FILED,15,2022-07-11 17:55:05.198714,34,1,0,0,1
CASE0001120,ALT00003636,INV_02,MEDIUM,CLOSED_FALSE_POSITIVE,30,2022-02-14 19:46:37.832291,35,0,1,0,1
CASE0001121,ALT00006235,INV_01,LOW,CLOSED_FALSE_POSITIVE,42,2023-02-13 02:53:50.132448,30,1,0,0,1
CASE0001122,ALT00005146,INV_02,LOW,CLOSED_FALSE_POSITIVE,9,2022-04-04 10:23:23.776167,38,0,0,0,1
CASE0001123,ALT00003335,AUTO_SYS,LOW,CLOSED_FALSE_POSITIVE,40,2022-01-01 10:45:20.781248,11,0,0,0,1
CASE0001124,ALT00000145,INV_02,LOW,CLOSED_SAR_FILED,3,2024-05-04 01:22:43.194341,76,1,1,0,1
CASE0001125,ALT00006763,INV_01,HIGH,CLOSED_FALSE_POSITIVE,26,2024-03-07 02:13:23.684179,49,0,1,0,0
CASE0001126,ALT00001834,INV_04,MEDIUM,CLOSED_FALSE_POSITIVE,29,2022-12-28 20:11:46.190356,12,0,0,0,0
CASE0001127,ALT00004281,INV_04,MEDIUM,CLOSED_FALSE_POSITIVE,33,2022-07-24 22:18:40.764098,35,1,1,0,0
CASE0001128,ALT00006312,INV_01,LOW,CLOSED_FALSE_POSITIVE,12,2024-06-13 12:01:10.389895,23,0,1,0,1
CASE0001129,ALT00000759,AUTO_SYS,LOW,CLOSED_FALSE_POSITIVE,34,2022-09-02 19:13:54.527667,52,0,0,0,0
CASE0001130,ALT00006625,INV_01,LOW,CLOSED_FALSE_POSITIVE,28,2023-03-25 23:00:27.959122,41,0,0,0,0
CASE0001131,ALT00006751,INV_03,HIGH,OPEN,20,2022-10-24 00:52:53.376967,28,1,1,0,1
CASE0001132,ALT00008524,INV_01,MEDIUM,CLOSED_FALSE_POSITIVE,36,2022-07-27 10:31:11.666396,26,1,1,0,1
CASE0001133,ALT00010180,AUTO_SYS,MEDIUM,CLOSED_FALSE_POSITIVE,2,2022-08-08 22:45:08.171299,26,1,0,0,0
CASE0001134,ALT00002933,INV_04,MEDIUM,CLOSED_FALSE_POSITIVE,27,2023-02-02 18:54:13.015816,10,1,1,0,0
CASE0001135,ALT00001278,INV_03,MEDIUM,CLOSED_SAR_FILED,19,2023-01-28 04:24:49.212228,38,0,0,0,0
CASE0001136,ALT00009578,INV_04,HIGH,CLOSED_FALSE_POSITIVE,6,2024-06-18 18:24:59.470156,26,1,0,0,0
CASE0001137,ALT00006088,INV_03,LOW,CLOSED_FALSE_POSITIVE,6,2023-01-17 03:58:13.365632,17,1,1,0,0
CASE0001138,ALT00009427,INV_03,MEDIUM,CLOSED_FALSE_POSITIVE,36,2024-03-05 14:13:36.969660,5,1,0,0,0
CASE0001139,ALT00004844,INV_03,MEDIUM,CLOSED_FALSE_POSITIVE,19,2022-01-29 02:17:16.509815,31,0,0,0,1
CASE0001140,ALT00003873,INV_01,LOW,CLOSED_MONITORING,43,2022-04-17 12:15:47.035352,25,1,1,0,1
CASE0001141,ALT00000432,AUTO_SYS,MEDIUM,CLOSED_SAR_FILED,2,2023-06-28 05:47:45.983687,42,1,0,1,0
CASE0001142,ALT00005841,INV_01,LOW,CLOSED_FALSE_POSITIVE,25,2022-04-25 21:50:01.788028,21,0,1,0,1
CASE0001143,ALT00000001,AUTO_SYS,MEDIUM,CLOSED_SAR_FILED,1,2022-06-03 09:29:47.193159,42,0,1,0,0
CASE0001144,ALT00002692,INV_01,LOW,CLOSED_FALSE_POSITIVE,4,2022-02-24 21:50:56.492866,38,0,0,0,1
CASE0001145,ALT00004197,INV_01,HIGH,CLOSED_FALSE_POSITIVE,11,2023-04-01 18:45:08.066429,9,1,1,0,0
CASE0001146,ALT00000350,AUTO_SYS,MEDIUM,CLOSED_FALSE_POSITIVE,30,2022-04-26 15:45:24.691234,40,1,0,0,3
CASE0001147,ALT00007248,INV_01,MEDIUM,CLOSED_FALSE_POSITIVE,16,2023-05-29 01:42:30.920769,18,1,1,0,1
CASE0001148,ALT00006488,INV_01,LOW,OPEN,7,2022-04-02 08:08:25.893105,28,1,0,0,0
CASE0001149,ALT00010293,INV_02,MEDIUM,CLOSED_FALSE_POSITIVE,27,2022-04-29 05:11:35.598531,17,1,1,0,1
CASE0001150,ALT00008882,AUTO_SYS,LOW,CLOSED_FALSE_POSITIVE,11,2023-03-27 19:29:32.703957,39,1,0,0,0
CASE0001151,ALT00009102,INV_04,MEDIUM,CLOSED_FALSE_POSITIVE,17,2023-08-21 20:06:43.208568,36,1,1,0,0
CASE0001152,ALT00002479,INV_02,MEDIUM,CLOSED_FALSE_POSITIVE,37,2022-10-08 22:06:46.355445,51,1,1,0,0
CASE0001153,ALT00009242,INV_02,HIGH,CLOSED_FALSE_POSITIVE,41,2022-04-04 03:02:44.244118,47,0,0,0,1
CASE0001154,ALT00008264,INV_02,LOW,CLOSED_FALSE_POSITIVE,36,2022-11-23 15:22:32.285695,9,0,1,0,1
CASE0001155,ALT00008671,INV_03,MEDIUM,CLOSED_FALSE_POSITIVE,15,2022-06-25 00:56:46.770964,15,0,0,0,1
CASE0001156,ALT00001156,INV_04,LOW,OPEN,5,2023-04-30 06:18:01.470404,52,1,1,0,0
CASE0001157,ALT00001787,INV_04,MEDIUM,CLOSED_FALSE_POSITIVE,28,2022-10-31 06:35:22.477292,54,0,0,0,1
CASE0001158,ALT00010181,AUTO_SYS,HIGH,CLOSED_FALSE_POSITIVE,37,2024-01-11 00:01:54.847581,41,1,1,0,1
CASE0001159,ALT00002125,INV_03,HIGH,OPEN,33,2023-11-11 21:26:22.738804,39,0,1,0,0
CASE0001160,ALT00004439,AUTO_SYS,LOW,CLOSED_FALSE_POSITIVE,31,2023-03-11 15:14:38.254746,42,1,1,0,1
CASE0001161,ALT00010036,INV_01,LOW,CLOSED_FALSE_POSITIVE,42,2023-03-06 05:17:33.020625,11,0,0,0,1
CASE0001162,ALT00004056,INV_03,MEDIUM,CLOSED_FALSE_POSITIVE,36,2022-03-16 16:37:20.405274,35,0,1,0,4
CASE0001163,ALT00009300,INV_02,HIGH,CLOSED_FALSE_POSITIVE,30,2022-02-09 22:07:24.557268,40,1,1,0,1
CASE0001164,ALT00003693,AUTO_SYS,LOW,OPEN,4,2024-04-09 11:05:29.356853,39,0,1,0,0
CASE0001165,ALT00007721,INV_02,MEDIUM,CLOSED_FALSE_POSITIVE,35,2024-03-01 01:37:58.016801,14,1,0,0,1
CASE0001166,ALT00002520,INV_02,MEDIUM,CLOSED_FALSE_POSITIVE,37,2022-11-17 07:19:57.931206,50,1,0,0,1
CASE0001167,ALT00007738,INV_03,HIGH,CLOSED_FALSE_POSITIVE,33,2023-09-16 20:19:15.420942,47,0,0,0,1
CASE0001168,ALT00008367,INV_01,LOW,CLOSED_FALSE_POSITIVE,43,2022-02-10 12:24:13.712851,19,0,1,0,0
CASE0001169,ALT00008952,INV_02,LOW,CLOSED_FALSE_POSITIVE,13,2023-05-29 05:37:57.040121,54,0,1,0,0
CASE0001170,ALT00010037,AUTO_SYS,LOW,CLOSED_FALSE_POSITIVE,39,2023-03-10 08:58:41.449187,45,1,1,0,1
CASE0001171,ALT00001184,AUTO_SYS,LOW,CLOSED_FALSE_POSITIVE,7,2024-04-14 14:53:35.642052,10,1,0,0,1
CASE0001172,ALT00007801,INV_01,LOW,CLOSED_FALSE_POSITIVE,34,2022-08-19 04:12:29.149589,46,1,0,0,1
CASE0001173,ALT00009940,INV_02,HIGH,CLOSED_FALSE_POSITIVE,26,2022-06-19 03:44:51.777782,19,1,0,0,1
CASE0001174,ALT00003054,INV_04,MEDIUM,CLOSED_FALSE_POSITIVE,38,2022-11-06 19:07:36.947516,21,1,1,0,1
CASE0001175,ALT00004238,AUTO_SYS,MEDIUM,CLOSED_FALSE_POSITIVE,5,2022-08-24 11:48:40.403344,44,0,0,0,1
CASE0001176,ALT00005787,INV_01,HIGH,CLOSED_FALSE_POSITIVE,32,2023-12-23 04:45:07.840164,52,1,1,0,0
CASE0001177,ALT00003932,INV_02,HIGH,CLOSED_FALSE_POSITIVE,19,2022-04-21 15:48:54.411918,21,0,1,0,1
CASE0001178,ALT00006726,INV_04,MEDIUM,CLOSED_FALSE_POSITIVE,35,2023-01-31 13:58:55.305736,31,0,0,0,0
CASE0001179,ALT00000783,INV_03,HIGH,CLOSED_MONITORING,17,2023-11-24 19:10:59.754409,62,1,1,0,0
CASE0001180,ALT00002948,INV_01,MEDIUM,CLOSED_MONITORING,35,2023-10-21 00:35:37.522757,33,0,0,0,4
CASE0001181,ALT00001157,INV_04,LOW,CLOSED_FALSE_POSITIVE,15,2022-06-01 21:45:09.960240,44,1,0,0,1
CASE0001182,ALT00002931,INV_03,LOW,CLOSED_FALSE_POSITIVE,10,2023-04-05 14:03:39.534827,23,1,0,0,0
CASE0001183,ALT00001195,INV_03,MEDIUM,CLOSED_MONITORING,14,2022-04-21 23:37:48.571230,25,1,1,0,1
CASE0001184,ALT00000317,INV_03,MEDIUM,OPEN,30,2023-03-17 06:10:27.984619,69,0,1,0,3
CASE0001185,ALT00006931,INV_04,MEDIUM,CLOSED_FALSE_POSITIVE,3,2024-01-08 13:37:29.482669,52,0,0,0,1
CASE0001186,ALT00001808,INV_03,LOW,CLOSED_MONITORING,5,2023-03-05 18:57:07.643343,39,1,0,0,0
CASE0001187,ALT00006907,INV_01,MEDIUM,CLOSED_FALSE_POSITIVE,42,2023-08-19 05:00:52.907214,28,0,0,0,1
CASE0001188,ALT00009095,AUTO_SYS,LOW,CLOSED_FALSE_POSITIVE,44,2024-03-19 00:48:56.992939,12,0,0,0,1
CASE0001189,ALT00002040,INV_03,MEDIUM,CLOSED_MONITORING,30,2024-05-26 20:30:29.094989,67,1,1,0,4
CASE0001190,ALT00009294,INV_01,HIGH,CLOSED_FALSE_POSITIVE,42,2022-01-12 23:38:23.201146,35,0,0,0,0
CASE0001191,ALT00003536,INV_03,LOW,CLOSED_FALSE_POSITIVE,40,2022-11-24 10:42:23.558106,18,1,1,0,0
CASE0001192,ALT00005641,INV_02,MEDIUM,OPEN,12,2023-09-21 01:35:07.058908,37,1,1,0,1
CASE0001193,ALT00007213,INV_01,MEDIUM,CLOSED_FALSE_POSITIVE,17,2023-11-18 21:53:23.943095,33,1,1,0,1
CASE0001194,ALT00004891,INV_02,MEDIUM,CLOSED_FALSE_POSITIVE,9,2023-05-07 05:41:52.450165,49,0,1,0,1
CASE0001195,ALT00009512,INV_03,MEDIUM,CLOSED_FALSE_POSITIVE,41,2023-03-17 03:44:32.241191,44,0,1,0,1
CASE0001196,ALT00003017,INV_04,LOW,CLOSED_FALSE_POSITIVE,40,2023-10-27 23:23:15.363528,53,0,0,0,0
CASE0001197,ALT00004380,INV_02,MEDIUM,OPEN,37,2022-08-02 09:31:31.322423,24,0,0,0,0
CASE0001198,ALT00009936,INV_03,MEDIUM,CLOSED_FALSE_POSITIVE,3,2023-06-30 08:21:49.081146,40,0,1,0,1
CASE0001199,ALT00005215,INV_04,LOW,CLOSED_FALSE_POSITIVE,4,2023-02-26 04:33:24.126806,13,1,0,0,0
CASE0001200,ALT00006093,AUTO_SYS,LOW,OPEN,32,2023-04-26 13:08:20.089926,42,1,1,0,1
CASE0001201,ALT00003072,INV_01,LOW,CLOSED_FALSE_POSITIVE,6,2023-05-03 14:22:16.200046,21,1,0,0,1
CASE0001202,ALT00003315,AUTO_SYS,HIGH,CLOSED_FALSE_POSITIVE,24,2022-11-11 18:28:42.599648,46,0,1,0,1
CASE0001203,ALT00002392,INV_02,LOW,CLOSED_FALSE_POSITIVE,30,2022-10-29 13:09:39.496776,21,1,0,0,1
CASE0001204,ALT00000104,INV_02,MEDIUM,CLOSED_SAR_FILED,10,2023-03-25 15:03:05.250034,75,1,0,0,4
CASE0001205,ALT00002287,INV_02,LOW,CLOSED_FALSE_POSITIVE,3,2022-09-06 00:03:59.833050,33,1,1,0,0
CASE0001206,ALT00002665,INV_01,LOW,CLOSED_FALSE_POSITIVE,4,2024-05-19 01:37:50.527218,15,1,0,0,1
CASE0001207,ALT00004255,INV_04,MEDIUM,CLOSED_FALSE_POSITIVE,5,2023-02-20 18:47:28.752809,6,1,0,0,1
CASE0001208,ALT00007199,INV_02,MEDIUM,CLOSED_FALSE_POSITIVE,7,2022-08-17 02:49:51.798007,52,0,0,0,0
CASE0001209,ALT00003182,INV_01,HIGH,CLOSED_MONITORING,20,2022-01-24 07:23:05.266494,29,1,0,0,0
CASE0001210,ALT00000757,INV_03,MEDIUM,CLOSED_SAR_FILED,38,2023-05-20 19:58:41.835617,79,1,1,0,4
CASE0001211,ALT00007999,AUTO_SYS,LOW,CLOSED_FALSE_POSITIVE,6,2023-07-31 05:39:00.557619,21,0,0,0,0
CASE0001212,ALT00005936,INV_04,HIGH,CLOSED_FALSE_POSITIVE,37,2022-05-21 02:09:56.307127,21,1,1,0,1
CASE0001213,ALT00005966,INV_04,LOW,CLOSED_FALSE_POSITIVE,42,2023-11-19 01:02:17.769906,8,1,1,0,0
CASE0001214,ALT00002253,AUTO_SYS,HIGH,CLOSED_FALSE_POSITIVE,14,2022-06-07 22:07:35.546341,41,0,1,0,1
CASE0001215,ALT00010062,INV_02,LOW,CLOSED_FALSE_POSITIVE,36,2023-06-07 18:10:37.517091,52,1,1,0,0
CASE0001216,ALT00006099,INV_03,HIGH,CLOSED_FALSE_POSITIVE,36,2023-12-07 16:30:59.427770,18,1,1,0,1
CASE0001217,ALT00005762,INV_02,MEDIUM,CLOSED_FALSE_POSITIVE,41,2022-07-05 00:07:08.445919,30,1,1,0,1
CASE0001218,ALT00001902,AUTO_SYS,MEDIUM,CLOSED_FALSE_POSITIVE,14,2023-04-06 13:21:36.045420,42,1,1,0,3
CASE0001219,ALT00003081,INV_04,HIGH,CLOSED_SAR_FILED,23,2022-05-04 20:25:51.937536,55,0,1,0,1
CASE0001220,ALT00002246,INV_01,MEDIUM,CLOSED_FALSE_POSITIVE,30,2022-10-20 12:50:30.297609,22,1,1,0,1
CASE0001221,ALT00002593,INV_04,MEDIUM,CLOSED_FALSE_POSITIVE,6,2022-05-10 13:56:35.439340,62,1,0,1,2
CASE0001222,ALT00007083,INV_01,MEDIUM,CLOSED_FALSE_POSITIVE,12,2022-10-26 11:29:19.373785,67,1,0,0,4
CASE0001223,ALT00003108,AUTO_SYS,LOW,CLOSED_FALSE_POSITIVE,20,2023-12-31 05:25:29.866049,36,1,0,0,1
CASE0001224,ALT00008748,INV_01,LOW,CLOSED_FALSE_POSITIVE,5,2024-04-09 13:28:53.733110,13,1,0,0,0
CASE0001225,ALT00008068,AUTO_SYS,HIGH,CLOSED_FALSE_POSITIVE,43,2023-11-26 09:51:47.303546,5,0,1,0,1
CASE0001226,ALT00010126,INV_01,LOW,CLOSED_FALSE_POSITIVE,39,2023-06-23 02:29:17.097168,49,1,0,0,1
CASE0001227,ALT00000568,INV_03,MEDIUM,CLOSED_SAR_FILED,38,2023-11-13 11:59:13.811176,47,1,1,0,1
CASE0001228,ALT00003246,INV_02,MEDIUM,CLOSED_MONITORING,14,2022-05-09 14:54:30.498328,36,1,0,0,0
CASE0001229,ALT00008898,INV_01,LOW,CLOSED_MONITORING,24,2023-06-21 07:54:33.886652,29,1,1,0,0
CASE0001230,ALT00009656,INV_01,LOW,CLOSED_FALSE_POSITIVE,3,2023-08-05 14:11:46.603430,50,0,0,0,0
CASE0001231,ALT00008764,INV_03,MEDIUM,CLOSED_FALSE_POSITIVE,34,2023-05-07 19:09:14.994514,34,0,1,0,1
CASE0001232,ALT00002699,INV_01,MEDIUM,CLOSED_FALSE_POSITIVE,42,2024-02-08 02:17:36.726787,46,1,0,0,1
CASE0001233,ALT00005408,INV_02,MEDIUM,CLOSED_SAR_FILED,24,2022-06-22 03:11:40.728257,88,1,0,0,1
CASE0001234,ALT00002320,INV_04,MEDIUM,CLOSED_FALSE_POSITIVE,9,2023-01-02 06:46:32.627223,30,1,0,0,1
CASE0001235,ALT00002486,AUTO_SYS,LOW,CLOSED_FALSE_POSITIVE,35,2022-12-27 01:40:57.276412,7,1,0,0,1
CASE0001236,ALT00002070,AUTO_SYS,LOW,CLOSED_FALSE_POSITIVE,23,2023-05-31 18:03:01.959096,28,0,0,0,1
CASE0001237,ALT00004846,INV_04,LOW,CLOSED_FALSE_POSITIVE,28,2022-05-08 05:43:09.258821,36,1,0,0,1
CASE0001238,ALT00007857,INV_04,HIGH,CLOSED_FALSE_POSITIVE,9,2024-01-24 23:50:02.140751,10,1,0,0,0
CASE0001239,ALT00007975,AUTO_SYS,LOW,CLOSED_FALSE_POSITIVE,43,2023-04-20 16:34:26.048876,54,1,1,0,0
CASE0001240,ALT00007059,INV_03,HIGH,CLOSED_FALSE_POSITIVE,44,2022-02-05 12:22:06.970783,35,0,1,0,0
CASE0001241,ALT00001225,AUTO_SYS,MEDIUM,OPEN,37,2023-12-09 02:21:18.228387,18,1,1,0,1
CASE0001242,ALT00003425,INV_01,HIGH,OPEN,39,2024-04-05 19:38:38.773610,67,1,0,0,4
CASE0001243,ALT00001200,INV_01,HIGH,CLOSED_FALSE_POSITIVE,21,2022-04-25 06:10:31.587251,20,0,1,0,0
CASE0001244,ALT00007443,INV_03,HIGH,CLOSED_FALSE_POSITIVE,40,2022-12-09 12:33:53.891023,51,1,0,0,1
CASE0001245,ALT00000765,INV_04,HIGH,OPEN,38,2022-05-30 16:07:54.385468,54,0,1,0,1
CASE0001246,ALT00004706,INV_04,LOW,CLOSED_FALSE_POSITIVE,31,2022-07-17 06:00:59.548848,27,1,0,0,1
CASE0001247,ALT00000037,INV_02,LOW,OPEN,28,2024-01-06 03:30:05.995070,73,0,0,0,3
CASE0001248,ALT00003856,INV_04,LOW,CLOSED_FALSE_POSITIVE,16,2023-09-04 00:04:33.925020,45,0,1,0,0
CASE0001249,ALT00006387,AUTO_SYS,LOW,CLOSED_FALSE_POSITIVE,43,2023-01-10 09:27:46.295531,48,1,1,0,0
CASE0001250,ALT00006028,INV_02,MEDIUM,CLOSED_FALSE_POSITIVE,3,2024-06-18 08:23:05.043051,8,1,1,0,1
CASE0001251,ALT00001670,AUTO_SYS,MEDIUM,CLOSED_MONITORING,41,2023-09-11 02:08:50.701432,20,0,0,0,1
CASE0001252,ALT00009393,INV_01,HIGH,CLOSED_FALSE_POSITIVE,2,2024-02-23 17:36:00.866242,11,1,1,0,1
CASE0001253,ALT00008965,INV_01,MEDIUM,CLOSED_FALSE_POSITIVE,14,2023-04-24 06:10:44.635058,7,1,0,0,1
CASE0001254,ALT00006435,AUTO_SYS,MEDIUM,CLOSED_FALSE_POSITIVE,40,2023-01-31 15:27:47.534273,22,1,1,0,1
CASE0001255,ALT00004839,INV_04,LOW,CLOSED_FALSE_POSITIVE,25,2023-09-08 00:47:42.796272,36,0,0,0,0
CASE0001256,ALT00004756,AUTO_SYS,HIGH,CLOSED_FALSE_POSITIVE,20,2022-03-20 04:31:21.892254,42,1,1,0,0
CASE0001257,ALT00008208,INV_01,LOW,CLOSED_FALSE_POSITIVE,15,2022-05-16 14:24:14.702373,45,0,0,0,1
CASE0001258,ALT00004574,INV_02,LOW,CLOSED_FALSE_POSITIVE,43,2024-02-07 17:09:39.374751,50,1,0,0,0
CASE0001259,ALT00009241,INV_02,LOW,CLOSED_FALSE_POSITIVE,9,2022-12-10 01:18:31.788255,28,0,1,0,1
CASE0001260,ALT00001455,AUTO_SYS,HIGH,OPEN,32,2022-01-05 03:18:22.832165,27,0,1,0,1
CASE0001261,ALT00007332,INV_03,MEDIUM,CLOSED_FALSE_POSITIVE,37,2023-09-24 10:41:04.671583,10,1,1,0,1
CASE0001262,ALT00003419,INV_02,LOW,CLOSED_FALSE_POSITIVE,43,2022-12-21 04:10:04.025077,23,0,1,0,0
CASE0001263,ALT00008184,AUTO_SYS,HIGH,CLOSED_MONITORING,1,2022-08-26 10:31:18.325897,36,0,0,0,0
CASE0001264,ALT00008255,INV_01,MEDIUM,CLOSED_FALSE_POSITIVE,14,2023-04-15 10:33:43.392063,47,1,0,0,0
CASE0001265,ALT00003992,INV_02,MEDIUM,OPEN,15,2023-06-08 20:15:12.655146,24,1,0,0,0
CASE0001266,ALT00002111,INV_03,MEDIUM,CLOSED_SAR_FILED,40,2022-07-10 03:31:28.934853,36,1,0,0,2
CASE0001267,ALT00005115,INV_02,MEDIUM,CLOSED_SAR_FILED,31,2024-05-16 23:22:09.260065,41,1,1,1,4
CASE0001268,ALT00001598,INV_02,LOW,CLOSED_FALSE_POSITIVE,17,2022-05-04 08:13:48.568448,42,1,0,0,1
CASE0001269,ALT00009161,INV_04,MEDIUM,CLOSED_FALSE_POSITIVE,40,2024-05-01 19:51:25.756220,11,1,0,0,0
CASE0001270,ALT00008410,AUTO_SYS,MEDIUM,CLOSED_FALSE_POSITIVE,11,2022-04-13 01:59:44.075965,23,1,1,0,0
CASE0001271,ALT00010226,INV_02,LOW,CLOSED_FALSE_POSITIVE,35,2023-12-04 10:33:53.466861,21,0,0,0,1
CASE0001272,ALT00005095,AUTO_SYS,MEDIUM,CLOSED_FALSE_POSITIVE,28,2022-01-04 11:49:30.100509,49,1,0,0,0
CASE0001273,ALT00000638,INV_02,LOW,CLOSED_SAR_FILED,23,2022-12-20 11:56:41.445921,57,0,0,0,1
CASE0001274,ALT00001072,INV_02,LOW,CLOSED_FALSE_POSITIVE,38,2024-03-30 09:36:03.604279,66,1,0,0,2
CASE0001275,ALT00003317,INV_03,MEDIUM,CLOSED_FALSE_POSITIVE,1,2023-05-29 04:17:37.484619,52,1,0,0,0
CASE0001276,ALT00010395,AUTO_SYS,LOW,CLOSED_FALSE_POSITIVE,36,2022-07-01 16:32:14.432691,23,0,1,0,0
CASE0001277,ALT00001191,INV_03,HIGH,CLOSED_FALSE_POSITIVE,42,2023-04-25 23:53:26.072962,19,1,0,0,0
CASE0001278,ALT00002524,INV_04,LOW,CLOSED_FALSE_POSITIVE,17,2024-03-20 03:36:09.870548,23,1,1,0,1
CASE0001279,ALT00005119,INV_02,LOW,CLOSED_FALSE_POSITIVE,8,2022-09-15 23:49:40.077460,44,1,0,0,1
CASE0001280,ALT00009586,AUTO_SYS,LOW,CLOSED_FALSE_POSITIVE,14,2022-02-21 17:02:47.753517,13,0,0,0,0
CASE0001281,ALT00002250,INV_04,LOW,CLOSED_SAR_FILED,21,2022-10-09 06:12:02.477777,84,0,0,0,4
CASE0001282,ALT00000150,INV_03,MEDIUM,CLOSED_MONITORING,41,2024-01-19 05:30:40.068707,65,1,1,0,3
CASE0001283,ALT00005329,INV_04,MEDIUM,CLOSED_FALSE_POSITIVE,40,2022-08-30 10:34:06.997322,42,1,1,0,0
CASE0001284,ALT00009539,AUTO_SYS,MEDIUM,CLOSED_FALSE_POSITIVE,41,2022-06-03 08:03:51.773344,13,1,1,0,1
CASE0001285,ALT00003474,INV_03,HIGH,CLOSED_FALSE_POSITIVE,38,2022-08-12 02:22:23.888678,9,0,1,0,1
CASE0001286,ALT00007820,INV_03,MEDIUM,OPEN,1,2022-08-15 06:04:02.884362,39,0,1,0,0
CASE0001287,ALT00006428,INV_01,MEDIUM,OPEN,24,2023-05-29 16:39:22.678813,8,1,0,0,1
CASE0001288,ALT00005136,INV_04,MEDIUM,CLOSED_FALSE_POSITIVE,2,2023-06-02 16:05:25.377694,27,0,0,0,1
CASE0001289,ALT00008332,INV_04,MEDIUM,CLOSED_FALSE_POSITIVE,8,2024-03-22 15:05:35.092041,22,1,0,0,0
CASE0001290,ALT00009456,INV_02,LOW,CLOSED_FALSE_POSITIVE,21,2022-03-20 11:52:07.299634,50,0,1,0,0
CASE0001291,ALT00003616,INV_02,MEDIUM,CLOSED_FALSE_POSITIVE,13,2022-06-25 03:23:26.863474,24,0,0,0,0
CASE0001292,ALT00000802,INV_04,LOW,CLOSED_SAR_FILED,19,2024-02-27 09:05:04.868834,92,1,0,1,3
CASE0001293,ALT00005805,INV_03,MEDIUM,CLOSED_MONITORING,28,2023-05-03 07:48:58.002962,64,0,1,0,1
CASE0001294,ALT00004573,INV_02,HIGH,CLOSED_MONITORING,8,2024-02-26 12:34:55.647957,11,1,0,0,0
CASE0001295,ALT00010320,INV_04,LOW,CLOSED_FALSE_POSITIVE,7,2024-02-25 00:53:10.785476,11,0,1,0,0
CASE0001296,ALT00000743,INV_02,HIGH,OPEN,3,2024-04-27 12:19:11.915098,46,0,0,0,3
CASE0001297,ALT00001348,INV_02,LOW,CLOSED_FALSE_POSITIVE,16,2022-10-26 18:01:56.084213,12,0,1,0,1
CASE0001298,ALT00004030,INV_01,MEDIUM,CLOSED_FALSE_POSITIVE,25,2022-10-12 13:50:50.389230,38,1,1,0,1
CASE0001299,ALT00005738,INV_03,LOW,OPEN,37,2022-12-27 20:30:50.678714,66,1,1,0,4
CASE0001300,ALT00002305,INV_04,LOW,OPEN,33,2022-05-07 18:51:20.997418,17,0,0,0,0
CASE0001301,ALT00008746,AUTO_SYS,MEDIUM,CLOSED_FALSE_POSITIVE,22,2022-08-17 14:29:36.022605,7,1,0,0,0
CASE0001302,ALT00006956,INV_04,LOW,CLOSED_FALSE_POSITIVE,32,2023-04-28 12:33:29.872571,49,1,1,0,0
CASE0001303,ALT00009680,INV_02,HIGH,CLOSED_MONITORING,14,2022-07-17 08:17:20.843166,12,1,1,0,0
CASE0001304,ALT00007727,INV_04,MEDIUM,CLOSED_FALSE_POSITIVE,43,2022-09-11 03:11:14.521105,6,1,1,0,0
CASE0001305,ALT00007636,INV_02,MEDIUM,CLOSED_FALSE_POSITIVE,17,2022-12-24 19:37:47.136420,38,0,0,0,0
CASE0001306,ALT00008485,INV_04,MEDIUM,OPEN,12,2024-05-19 05:51:19.398476,33,0,1,0,0
CASE0001307,ALT00004188,INV_01,MEDIUM,CLOSED_FALSE_POSITIVE,44,2023-10-10 15:51:10.227922,37,0,0,0,0
CASE0001308,ALT00000800,INV_04,HIGH,CLOSED_SAR_FILED,15,2024-03-20 17:10:13.189648,50,1,0,0,3
CASE0001309,ALT00004930,INV_03,MEDIUM,CLOSED_FALSE_POSITIVE,35,2022-02-12 07:45:06.810158,47,0,0,0,1
CASE0001310,ALT00005578,AUTO_SYS,HIGH,CLOSED_FALSE_POSITIVE,37,2022-05-08 11:18:33.034456,36,0,0,0,0
CASE0001311,ALT00010067,INV_01,MEDIUM,CLOSED_MONITORING,31,2023-08-21 13:25:20.576152,54,0,0,0,0
CASE0001312,ALT00007214,INV_01,HIGH,CLOSED_FALSE_POSITIVE,12,2022-06-06 13:24:41.783987,57,0,0,0,3
CASE0001313,ALT00001211,INV_02,LOW,CLOSED_FALSE_POSITIVE,9,2023-09-20 14:28:59.338923,21,0,0,0,0
CASE0001314,ALT00001435,INV_04,MEDIUM,CLOSED_FALSE_POSITIVE,41,2023-10-01 19:12:34.822177,15,1,1,0,1
CASE0001315,ALT00004774,INV_04,MEDIUM,CLOSED_FALSE_POSITIVE,43,2022-03-12 05:25:50.489302,46,0,0,0,0
CASE0001316,ALT00007311,AUTO_SYS,MEDIUM,CLOSED_FALSE_POSITIVE,39,2024-03-31 18:12:40.440678,54,0,0,0,0
CASE0001317,ALT00004116,INV_04,MEDIUM,CLOSED_FALSE_POSITIVE,14,2022-08-06 04:59:54.395118,8,1,0,0,1
CASE0001318,ALT00004152,INV_02,MEDIUM,CLOSED_FALSE_POSITIVE,7,2023-12-03 00:04:54.874704,32,0,0,0,1
CASE0001319,ALT00010050,INV_03,MEDIUM,CLOSED_FALSE_POSITIVE,43,2022-06-04 14:07:32.661852,15,0,0,0,0
CASE0001320,ALT00006337,AUTO_SYS,LOW,CLOSED_FALSE_POSITIVE,13,2022-02-13 13:00:47.379113,20,1,0,0,0
CASE0001321,ALT00001189,INV_02,HIGH,CLOSED_FALSE_POSITIVE,27,2022-02-17 23:44:21.180871,9,1,0,0,0
CASE0001322,ALT00007779,INV_03,LOW,CLOSED_FALSE_POSITIVE,37,2022-12-26 23:35:56.287740,41,1,0,0,0
CASE0001323,ALT00009477,INV_03,MEDIUM,CLOSED_FALSE_POSITIVE,20,2022-01-09 14:15:35.674823,42,1,1,0,0
CASE0001324,ALT00000587,INV_01,HIGH,OPEN,31,2022-07-13 17:12:59.298598,56,1,1,1,2
CASE0001325,ALT00006852,INV_02,MEDIUM,CLOSED_FALSE_POSITIVE,11,2022-08-20 11:34:25.803050,46,0,0,0,0
CASE0001326,ALT00001781,INV_04,HIGH,CLOSED_FALSE_POSITIVE,44,2023-07-04 10:21:17.077041,7,0,1,0,0
CASE0001327,ALT00003502,INV_02,LOW,CLOSED_FALSE_POSITIVE,9,2022-11-13 19:56:02.056884,34,0,1,0,0
CASE0001328,ALT00009386,INV_02,HIGH,CLOSED_FALSE_POSITIVE,42,2022-05-29 18:46:02.514956,12,1,1,0,1
CASE0001329,ALT00009345,INV_02,MEDIUM,CLOSED_FALSE_POSITIVE,21,2023-04-28 22:59:37.523005,31,1,0,0,1
CASE0001330,ALT00010173,AUTO_SYS,LOW,CLOSED_FALSE_POSITIVE,27,2022-09-06 08:28:57.906436,23,1,0,0,0
CASE0001331,ALT00003943,INV_01,MEDIUM,CLOSED_FALSE_POSITIVE,36,2022-03-26 08:30:32.070554,15,1,1,0,1
CASE0001332,ALT00008854,INV_04,LOW,CLOSED_FALSE_POSITIVE,9,2022-04-15 11:27:01.156623,52,1,0,0,0
CASE0001333,ALT00000024,AUTO_SYS,LOW,CLOSED_SAR_FILED,41,2024-05-30 15:01:47.801918,38,0,1,0,0
CASE0001334,ALT00001524,INV_04,HIGH,CLOSED_FALSE_POSITIVE,25,2022-08-02 12:06:50.367215,54,1,1,0,1
CASE0001335,ALT00010160,AUTO_SYS,LOW,CLOSED_FALSE_POSITIVE,2,2024-05-01 22:42:03.777426,46,0,0,0,0
CASE0001336,ALT00010433,INV_04,LOW,CLOSED_FALSE_POSITIVE,5,2023-07-20 05:59:18.222001,14,1,1,0,1
CASE0001337,ALT00007255,INV_03,LOW,CLOSED_SAR_FILED,17,2023-05-15 10:44:23.014383,61,1,1,0,4
CASE0001338,ALT00003080,AUTO_SYS,LOW,CLOSED_FALSE_POSITIVE,38,2022-10-12 20:57:37.741529,34,1,1,0,0
CASE0001339,ALT00000790,INV_01,LOW,CLOSED_FALSE_POSITIVE,17,2023-06-27 00:35:09.707840,47,0,0,0,0
CASE0001340,ALT00005282,AUTO_SYS,MEDIUM,CLOSED_FALSE_POSITIVE,34,2022-05-12 09:27:15.263563,42,1,1,0,1
CASE0001341,ALT00003078,AUTO_SYS,MEDIUM,CLOSED_FALSE_POSITIVE,7,2023-11-13 14:53:28.662351,45,1,0,0,0
CASE0001342,ALT00007069,INV_04,LOW,CLOSED_FALSE_POSITIVE,30,2024-01-17 22:00:04.478580,11,1,0,0,1
CASE0001343,ALT00002523,INV_02,MEDIUM,CLOSED_FALSE_POSITIVE,28,2024-03-15 11:38:21.431695,50,0,1,0,1
CASE0001344,ALT00008200,INV_02,MEDIUM,CLOSED_FALSE_POSITIVE,7,2023-10-08 00:10:43.529426,31,0,1,0,1
CASE0001345,ALT00009893,INV_03,MEDIUM,CLOSED_FALSE_POSITIVE,22,2023-07-14 09:29:31.983364,28,1,0,0,1
CASE0001346,ALT00010466,INV_03,MEDIUM,CLOSED_FALSE_POSITIVE,19,2024-03-04 19:19:25.795648,12,0,0,0,0
CASE0001347,ALT00007101,INV_03,MEDIUM,CLOSED_FALSE_POSITIVE,10,2024-03-15 02:53:28.355462,46,1,1,0,0
CASE0001348,ALT00005503,INV_04,MEDIUM,CLOSED_FALSE_POSITIVE,14,2024-02-11 14:32:40.131737,40,0,1,0,0
CASE0001349,ALT00008451,INV_02,MEDIUM,CLOSED_FALSE_POSITIVE,5,2022-08-07 21:27:59.752423,20,0,1,0,1
CASE0001350,ALT00010388,AUTO_SYS,LOW,OPEN,10,2022-11-27 18:36:56.574928,21,0,1,0,0
CASE0001351,ALT00009357,INV_01,MEDIUM,CLOSED_FALSE_POSITIVE,34,2022-01-28 11:39:22.651129,23,0,0,0,0
CASE0001352,ALT00008985,INV_01,LOW,CLOSED_FALSE_POSITIVE,13,2024-01-11 15:58:42.729540,35,1,1,0,0
CASE0001353,ALT00000606,INV_01,MEDIUM,CLOSED_SAR_FILED,43,2023-02-26 21:21:16.057770,59,0,1,0,1
CASE0001354,ALT00007773,INV_02,MEDIUM,CLOSED_FALSE_POSITIVE,36,2022-06-16 02:22:57.814873,9,1,0,0,0
CASE0001355,ALT00010001,INV_04,LOW,CLOSED_FALSE_POSITIVE,13,2024-02-06 17:05:52.568819,15,0,0,0,1
CASE0001356,ALT00000994,INV_01,LOW,CLOSED_SAR_FILED,44,2023-11-29 09:06:03.465642,82,1,1,0,1
CASE0001357,ALT00002151,INV_03,LOW,CLOSED_FALSE_POSITIVE,29,2023-11-24 14:49:12.916734,20,0,1,0,1
CASE0001358,ALT00006365,INV_04,MEDIUM,CLOSED_FALSE_POSITIVE,20,2023-01-28 08:18:33.247326,43,1,1,0,0
CASE0001359,ALT00004760,INV_03,HIGH,CLOSED_SAR_FILED,24,2023-09-14 20:28:41.857773,59,1,1,0,2
CASE0001360,ALT00003060,INV_01,MEDIUM,CLOSED_FALSE_POSITIVE,1,2023-06-06 10:44:39.002716,31,0,1,0,0
CASE0001361,ALT00006115,AUTO_SYS,MEDIUM,CLOSED_FALSE_POSITIVE,3,2024-03-17 10:32:22.631604,48,1,1,0,0
CASE0001362,ALT00006773,INV_03,MEDIUM,OPEN,9,2024-01-05 19:20:55.354591,16,1,0,0,1
CASE0001363,ALT00010116,AUTO_SYS,HIGH,CLOSED_FALSE_POSITIVE,26,2022-08-02 04:52:46.721591,47,1,0,0,1
CASE0001364,ALT00005736,AUTO_SYS,MEDIUM,CLOSED_SAR_FILED,23,2024-06-12 01:52:34.019903,23,0,1,0,1
CASE0001365,ALT00002413,INV_03,MEDIUM,CLOSED_SAR_FILED,41,2022-12-10 08:16:26.409399,69,0,1,1,1
CASE0001366,ALT00004133,INV_01,MEDIUM,CLOSED_FALSE_POSITIVE,8,2024-03-27 21:13:11.151495,11,1,0,0,1
CASE0001367,ALT00006983,INV_04,MEDIUM,CLOSED_FALSE_POSITIVE,36,2022-10-31 23:31:46.760584,11,0,1,0,1
CASE0001368,ALT00002856,INV_03,LOW,CLOSED_FALSE_POSITIVE,14,2024-04-05 19:59:26.769099,16,0,0,0,1
CASE0001369,ALT00008532,INV_02,LOW,CLOSED_FALSE_POSITIVE,43,2024-04-14 11:48:54.340155,35,0,1,0,0
CASE0001370,ALT00009731,INV_03,LOW,CLOSED_FALSE_POSITIVE,31,2023-07-09 23:39:05.046189,49,1,1,0,0
CASE0001371,ALT00001924,INV_03,MEDIUM,CLOSED_FALSE_POSITIVE,13,2023-06-03 16:37:49.978647,53,1,0,0,0
CASE0001372,ALT00004788,INV_04,MEDIUM,CLOSED_FALSE_POSITIVE,44,2023-06-09 13:33:35.157118,22,1,1,0,0
CASE0001373,ALT00007529,INV_03,LOW,CLOSED_FALSE_POSITIVE,10,2023-12-07 06:22:51.981514,38,1,0,0,0
CASE0001374,ALT00002493,INV_01,LOW,CLOSED_FALSE_POSITIVE,41,2022-04-11 11:14:55.693124,32,0,0,0,1
CASE0001375,ALT00004711,AUTO_SYS,MEDIUM,CLOSED_FALSE_POSITIVE,42,2024-05-06 00:22:08.616697,6,1,1,0,1
CASE0001376,ALT00001254,AUTO_SYS,HIGH,CLOSED_FALSE_POSITIVE,42,2022-01-04 23:31:44.523935,18,1,1,0,0
CASE0001377,ALT00002532,AUTO_SYS,MEDIUM,CLOSED_FALSE_POSITIVE,42,2024-01-29 23:08:50.699859,37,0,0,0,1
CASE0001378,ALT00006614,INV_03,HIGH,CLOSED_FALSE_POSITIVE,37,2023-12-23 03:06:03.873271,45,1,0,0,0
CASE0001379,ALT00010246,AUTO_SYS,LOW,CLOSED_FALSE_POSITIVE,22,2023-05-31 12:15:35.747990,31,0,0,0,0
CASE0001380,ALT00001311,INV_01,LOW,CLOSED_FALSE_POSITIVE,6,2022-02-07 19:31:31.033103,23,0,0,0,0
CASE0001381,ALT00005289,INV_02,MEDIUM,OPEN,21,2022-01-17 17:36:58.264463,31,1,0,0,1
CASE0001382,ALT00004804,AUTO_SYS,MEDIUM,CLOSED_FALSE_POSITIVE,20,2022-05-27 09:27:33.216060,32,1,1,0,0
CASE0001383,ALT00005387,INV_03,HIGH,CLOSED_FALSE_POSITIVE,44,2023-05-29 15:03:05.218366,38,1,0,0,0
CASE0001384,ALT00005831,AUTO_SYS,HIGH,CLOSED_FALSE_POSITIVE,43,2023-05-11 07:37:52.286290,29,0,0,0,0
CASE0001385,ALT00008211,INV_02,LOW,CLOSED_MONITORING,19,2024-04-20 14:00:18.463695,17,1,1,0,1
CASE0001386,ALT00006831,INV_01,LOW,CLOSED_FALSE_POSITIVE,8,2023-09-11 18:08:01.456481,25,1,1,0,0
CASE0001387,ALT00007967,INV_01,LOW,CLOSED_FALSE_POSITIVE,32,2023-08-29 11:23:34.340870,41,0,0,0,0
CASE0001388,ALT00010195,INV_04,MEDIUM,CLOSED_MONITORING,38,2024-02-07 22:59:09.131178,38,1,1,0,0
CASE0001389,ALT00009652,AUTO_SYS,LOW,CLOSED_FALSE_POSITIVE,28,2022-11-06 23:03:59.464756,52,1,0,0,0
CASE0001390,ALT00009461,INV_03,LOW,CLOSED_FALSE_POSITIVE,17,2024-06-14 10:17:12.575278,40,1,0,0,1
CASE0001391,ALT00000268,INV_01,HIGH,CLOSED_SAR_FILED,12,2023-08-04 03:43:34.368623,68,1,1,0,0
CASE0001392,ALT00008922,INV_01,MEDIUM,CLOSED_FALSE_POSITIVE,34,2022-12-09 21:36:42.522713,44,0,1,0,0
CASE0001393,ALT00010072,INV_01,MEDIUM,OPEN,18,2023-05-26 11:20:56.205909,20,1,0,0,0
CASE0001394,ALT00010349,INV_01,HIGH,CLOSED_FALSE_POSITIVE,29,2023-12-24 09:38:57.243292,42,1,1,0,1
CASE0001395,ALT00004413,INV_04,LOW,CLOSED_FALSE_POSITIVE,28,2022-07-11 21:14:56.065784,10,1,0,0,1
CASE0001396,ALT00001340,INV_04,MEDIUM,CLOSED_FALSE_POSITIVE,15,2023-06-03 16:32:16.461215,41,1,0,0,1
CASE0001397,ALT00009183,INV_01,LOW,CLOSED_FALSE_POSITIVE,37,2023-09-30 00:43:19.921014,9,1,0,0,0
CASE0001398,ALT00003953,INV_03,MEDIUM,CLOSED_FALSE_POSITIVE,34,2022-07-30 20:18:11.993826,8,0,1,0,1
CASE0001399,ALT00000739,INV_03,LOW,CLOSED_SAR_FILED,32,2024-03-01 18:43:31.474488,86,0,0,0,1
CASE0001400,ALT00003652,INV_01,LOW,CLOSED_FALSE_POSITIVE,36,2022-06-02 08:23:23.004452,13,1,1,0,0
CASE0001401,ALT00000966,INV_04,LOW,CLOSED_SAR_FILED,35,2023-02-05 21:09:41.485605,41,1,0,0,3
CASE0001402,ALT00000253,INV_01,LOW,CLOSED_SAR_FILED,24,2023-06-06 00:14:44.428371,83,0,0,1,0
CASE0001403,ALT00006205,INV_01,HIGH,CLOSED_FALSE_POSITIVE,23,2022-01-13 17:47:43.410805,32,0,0,0,1
CASE0001404,ALT00009657,INV_02,MEDIUM,CLOSED_FALSE_POSITIVE,9,2024-03-28 11:49:11.977432,18,0,1,0,0
CASE0001405,ALT00000051,INV_01,MEDIUM,CLOSED_FALSE_POSITIVE,5,2024-03-19 13:29:14.528408,69,0,0,0,0
CASE0001406,ALT00004798,AUTO_SYS,MEDIUM,OPEN,26,2023-09-26 13:17:45.301659,90,1,1,1,1
CASE0001407,ALT00001497,INV_03,HIGH,CLOSED_FALSE_POSITIVE,40,2022-12-05 00:33:22.176387,19,0,1,0,1
CASE0001408,ALT00010324,INV_04,MEDIUM,CLOSED_FALSE_POSITIVE,43,2024-05-17 05:21:17.257211,35,0,0,0,1
CASE0001409,ALT00000873,INV_04,MEDIUM,CLOSED_MONITORING,44,2023-10-27 09:55:14.012707,88,0,1,0,3
CASE0001410,ALT00004246,INV_04,MEDIUM,CLOSED_SAR_FILED,16,2023-05-15 07:17:58.486837,13,1,1,0,0
CASE0001411,ALT00003383,INV_04,LOW,CLOSED_SAR_FILED,18,2023-12-21 17:09:26.692997,75,0,1,0,0
CASE0001412,ALT00006465,INV_02,MEDIUM,CLOSED_FALSE_POSITIVE,13,2023-01-13 23:36:29.416686,9,0,0,0,0
CASE0001413,ALT00004834,INV_02,MEDIUM,OPEN,28,2023-04-19 12:47:33.493360,49,0,1,0,3
CASE0001414,ALT00009863,INV_04,MEDIUM,CLOSED_MONITORING,17,2023-12-09 16:17:35.749887,7,1,1,0,0
CASE0001415,ALT00001537,INV_03,LOW,CLOSED_FALSE_POSITIVE,15,2023-04-04 04:04:36.776129,39,1,0,0,1
CASE0001416,ALT00001954,INV_01,HIGH,CLOSED_SAR_FILED,32,2022-09-22 08:57:54.222342,77,1,0,0,2
CASE0001417,ALT00000249,INV_04,MEDIUM,CLOSED_SAR_FILED,19,2022-02-14 18:16:28.344601,41,0,1,0,4
CASE0001418,ALT00007353,AUTO_SYS,MEDIUM,CLOSED_FALSE_POSITIVE,13,2023-05-22 07:55:07.532553,37,0,0,0,0
CASE0001419,ALT00001951,AUTO_SYS,MEDIUM,CLOSED_MONITORING,14,2023-11-09 02:57:56.981775,22,0,0,0,1
CASE0001420,ALT00004873,INV_01,HIGH,OPEN,3,2023-06-30 05:09:59.927346,7,1,0,0,1
CASE0001421,ALT00004914,INV_01,MEDIUM,CLOSED_FALSE_POSITIVE,37,2022-01-21 03:41:23.226176,32,0,1,0,1
CASE0001422,ALT00000555,INV_01,MEDIUM,OPEN,9,2023-03-17 11:19:07.253272,53,1,1,0,4
CASE0001423,ALT00000972,INV_01,LOW,OPEN,9,2023-01-05 13:55:05.936416,94,1,1,0,2
CASE0001424,ALT00009023,INV_03,MEDIUM,CLOSED_FALSE_POSITIVE,27,2023-01-06 01:07:50.929593,12,0,0,0,0
CASE0001425,ALT00008571,INV_04,HIGH,CLOSED_FALSE_POSITIVE,40,2023-05-01 02:36:41.440682,22,0,0,0,0
CASE0001426,ALT00008777,INV_01,LOW,CLOSED_FALSE_POSITIVE,36,2022-04-28 14:43:41.265367,21,0,0,0,1
CASE0001427,ALT00002475,INV_01,MEDIUM,CLOSED_FALSE_POSITIVE,17,2022-05-21 21:12:34.022394,43,1,0,0,1
CASE0001428,ALT00008600,AUTO_SYS,MEDIUM,OPEN,34,2023-11-21 11:30:09.091018,5,1,1,0,0
CASE0001429,ALT00002508,AUTO_SYS,LOW,CLOSED_SAR_FILED,36,2024-06-21 02:34:52.831319,46,1,0,0,3
CASE0001430,ALT00006389,INV_01,MEDIUM,CLOSED_FALSE_POSITIVE,28,2022-07-28 00:46:26.550920,28,0,0,0,1
CASE0001431,ALT00003230,INV_01,LOW,CLOSED_FALSE_POSITIVE,9,2023-09-06 04:59:57.024825,7,0,1,0,1
CASE0001432,ALT00010272,INV_01,HIGH,CLOSED_FALSE_POSITIVE,17,2022-09-28 15:09:32.742175,37,1,0,0,0
CASE0001433,ALT00000448,INV_04,LOW,CLOSED_MONITORING,6,2024-06-24 01:31:19.053617,65,1,1,0,4
CASE0001434,ALT00003545,INV_02,MEDIUM,CLOSED_FALSE_POSITIVE,38,2023-12-23 03:49:42.261985,5,1,1,0,0
CASE0001435,ALT00004962,INV_02,MEDIUM,CLOSED_MONITORING,3,2023-07-02 23:02:51.563408,78,0,1,0,0
CASE0001436,ALT00008010,AUTO_SYS,MEDIUM,CLOSED_FALSE_POSITIVE,36,2022-03-03 18:19:55.988063,25,1,0,0,1
CASE0001437,ALT00005199,INV_04,MEDIUM,CLOSED_SAR_FILED,5,2023-02-11 14:50:20.910774,88,1,0,0,0
CASE0001438,ALT00006496,INV_04,MEDIUM,CLOSED_FALSE_POSITIVE,10,2022-07-26 19:55:19.635577,21,1,1,0,1
CASE0001439,ALT00004114,INV_02,MEDIUM,CLOSED_FALSE_POSITIVE,44,2024-05-25 02:00:20.726955,46,1,0,0,0
CASE0001440,ALT00009429,INV_04,MEDIUM,CLOSED_FALSE_POSITIVE,29,2024-05-12 08:10:20.301057,9,0,1,0,0
CASE0001441,ALT00009660,INV_03,LOW,CLOSED_FALSE_POSITIVE,4,2024-02-13 23:39:21.032244,13,0,0,0,1
CASE0001442,ALT00008492,INV_04,MEDIUM,CLOSED_FALSE_POSITIVE,21,2022-12-31 14:03:46.627696,49,1,1,0,1
CASE0001443,ALT00000462,INV_01,MEDIUM,CLOSED_SAR_FILED,25,2022-02-06 06:46:28.233821,66,1,0,0,4
CASE0001444,ALT00003707,INV_01,LOW,CLOSED_FALSE_POSITIVE,4,2024-05-20 05:39:58.900905,44,1,0,0,1
CASE0001445,ALT00008009,INV_01,HIGH,CLOSED_FALSE_POSITIVE,35,2023-04-01 07:46:01.260450,38,1,1,0,1
CASE0001446,ALT00010452,AUTO_SYS,MEDIUM,CLOSED_FALSE_POSITIVE,19,2022-07-26 02:28:02.936560,47,0,1,0,1
CASE0001447,ALT00006111,INV_03,MEDIUM,CLOSED_FALSE_POSITIVE,23,2022-03-21 07:56:12.175423,30,1,0,0,0
CASE0001448,ALT00001513,INV_04,HIGH,CLOSED_FALSE_POSITIVE,18,2024-02-24 02:22:03.490452,33,0,1,0,0
CASE0001449,ALT00000751,INV_03,LOW,CLOSED_SAR_FILED,21,2024-03-15 17:23:36.680313,90,0,1,1,3
CASE0001450,ALT00001176,AUTO_SYS,MEDIUM,CLOSED_FALSE_POSITIVE,19,2023-12-20 17:47:41.615196,26,0,1,0,0
CASE0001451,ALT00009013,INV_01,LOW,CLOSED_FALSE_POSITIVE,29,2022-11-28 15:20:35.394407,54,1,1,0,1
CASE0001452,ALT00000377,INV_02,MEDIUM,OPEN,2,2022-11-29 12:41:58.954594,76,0,0,1,1
CASE0001453,ALT00000411,INV_01,LOW,CLOSED_SAR_FILED,33,2022-05-30 10:38:15.815349,91,0,1,0,0
CASE0001454,ALT00006436,INV_02,MEDIUM,CLOSED_FALSE_POSITIVE,24,2023-09-08 10:21:36.707858,52,0,0,0,1
CASE0001455,ALT00008199,AUTO_SYS,MEDIUM,CLOSED_FALSE_POSITIVE,26,2023-05-25 17:19:48.494164,37,1,0,0,1
CASE0001456,ALT00004008,INV_02,LOW,CLOSED_FALSE_POSITIVE,32,2024-05-09 00:21:40.098365,10,1,1,0,1
CASE0001457,ALT00003413,INV_03,LOW,CLOSED_FALSE_POSITIVE,5,2023-09-06 07:06:06.986028,29,1,0,0,0
CASE0001458,ALT00002930,INV_03,MEDIUM,CLOSED_FALSE_POSITIVE,36,2024-05-23 06:23:15.675340,31,0,1,0,0
CASE0001459,ALT00008833,INV_02,LOW,CLOSED_FALSE_POSITIVE,34,2024-05-15 21:54:09.012107,9,0,1,0,0
CASE0001460,ALT00007334,AUTO_SYS,MEDIUM,CLOSED_FALSE_POSITIVE,13,2023-05-09 20:14:58.026752,44,0,1,0,1
CASE0001461,ALT00007200,AUTO_SYS,MEDIUM,CLOSED_SAR_FILED,19,2022-09-20 00:05:22.967577,50,0,0,1,2
CASE0001462,ALT00008232,INV_03,MEDIUM,OPEN,20,2023-10-08 21:18:20.552144,43,1,0,0,1
CASE0001463,ALT00007961,INV_02,LOW,CLOSED_FALSE_POSITIVE,42,2022-06-14 17:38:37.764349,19,1,0,0,1
CASE0001464,ALT00008496,INV_02,MEDIUM,CLOSED_FALSE_POSITIVE,21,2022-04-10 09:27:44.075020,17,1,0,0,1
CASE0001465,ALT00008862,INV_04,LOW,CLOSED_FALSE_POSITIVE,33,2023-07-02 20:24:02.238391,54,0,1,0,0
CASE0001466,ALT00000275,INV_02,MEDIUM,CLOSED_MONITORING,2,2022-04-29 06:06:49.090366,87,0,1,0,3
CASE0001467,ALT00002821,INV_04,LOW,CLOSED_FALSE_POSITIVE,43,2022-02-04 20:46:39.197717,13,1,1,0,0
CASE0001468,ALT00002089,AUTO_SYS,MEDIUM,OPEN,27,2022-09-13 05:15:52.747182,11,0,0,0,0
CASE0001469,ALT00004247,INV_02,MEDIUM,CLOSED_FALSE_POSITIVE,26,2024-03-22 10:01:25.820939,30,1,1,0,0
CASE0001470,ALT00009981,INV_02,MEDIUM,CLOSED_FALSE_POSITIVE,26,2023-08-29 08:28:40.833909,54,1,1,0,0
CASE0001471,ALT00005873,INV_03,LOW,CLOSED_FALSE_POSITIVE,28,2023-05-27 23:12:02.868631,54,1,0,0,0
CASE0001472,ALT00003313,AUTO_SYS,HIGH,CLOSED_SAR_FILED,23,2022-08-25 03:45:22.837271,59,1,1,0,2
CASE0001473,ALT00004327,INV_03,MEDIUM,CLOSED_FALSE_POSITIVE,33,2023-12-18 15:30:29.791619,6,1,0,0,1
CASE0001474,ALT00010463,INV_02,LOW,CLOSED_FALSE_POSITIVE,18,2022-12-06 17:09:01.717959,28,1,1,0,0
CASE0001475,ALT00009664,INV_03,LOW,CLOSED_FALSE_POSITIVE,4,2022-09-26 12:39:20.464017,52,0,1,0,0
CASE0001476,ALT00009482,INV_02,MEDIUM,CLOSED_MONITORING,12,2023-11-12 11:09:48.881755,44,1,0,0,1
CASE0001477,ALT00002621,INV_03,LOW,CLOSED_FALSE_POSITIVE,22,2024-06-19 19:09:17.203537,7,0,0,0,0
CASE0001478,ALT00004195,INV_04,HIGH,CLOSED_FALSE_POSITIVE,10,2022-04-16 11:34:39.499402,23,0,1,0,0
CASE0001479,ALT00003096,AUTO_SYS,HIGH,CLOSED_FALSE_POSITIVE,35,2023-03-11 00:56:04.454769,38,0,1,0,0
CASE0001480,ALT00004763,INV_02,LOW,CLOSED_FALSE_POSITIVE,34,2022-06-17 08:56:05.794755,42,0,0,0,1
CASE0001481,ALT00000468,AUTO_SYS,MEDIUM,CLOSED_SAR_FILED,34,2023-05-19 04:46:57.929197,70,0,0,0,4
CASE0001482,ALT00003887,AUTO_SYS,MEDIUM,CLOSED_FALSE_POSITIVE,4,2022-01-26 22:41:06.346466,6,1,1,0,1
CASE0001483,ALT00002407,INV_02,LOW,OPEN,15,2023-04-22 01:02:39.173842,34,1,0,0,0
CASE0001484,ALT00009583,INV_03,HIGH,CLOSED_FALSE_POSITIVE,28,2023-08-19 15:33:51.920201,16,1,0,0,1
CASE0001485,ALT00003528,INV_03,HIGH,CLOSED_SAR_FILED,21,2024-02-23 09:43:05.509133,63,0,1,0,3
CASE0001486,ALT00003144,INV_02,MEDIUM,CLOSED_FALSE_POSITIVE,38,2024-06-09 14:03:56.613614,45,0,0,0,1
CASE0001487,ALT00001958,AUTO_SYS,MEDIUM,CLOSED_FALSE_POSITIVE,6,2024-03-03 10:35:17.606241,24,0,0,0,0
CASE0001488,ALT00000514,INV_01,MEDIUM,CLOSED_FALSE_POSITIVE,23,2022-05-10 05:05:19.980019,62,1,1,0,3
CASE0001489,ALT00003972,INV_04,LOW,CLOSED_FALSE_POSITIVE,38,2024-02-04 19:25:23.779434,6,0,0,0,0
CASE0001490,ALT00008611,AUTO_SYS,HIGH,CLOSED_FALSE_POSITIVE,19,2022-07-02 22:10:53.765968,53,1,0,0,0
CASE0001491,ALT00008029,INV_01,MEDIUM,OPEN,29,2022-11-13 07:18:28.234434,18,1,0,0,1
CASE0001492,ALT00006423,INV_03,MEDIUM,CLOSED_SAR_FILED,26,2022-04-22 04:00:35.219985,74,1,1,0,4
CASE0001493,ALT00000922,INV_04,MEDIUM,OPEN,12,2023-09-10 16:30:24.794303,82,0,0,0,2
CASE0001494,ALT00009618,INV_03,LOW,CLOSED_FALSE_POSITIVE,31,2022-09-20 10:15:39.659503,43,1,1,0,1
CASE0001495,ALT00008146,INV_02,LOW,CLOSED_FALSE_POSITIVE,37,2022-06-14 18:36:00.750870,32,1,0,0,0
CASE0001496,ALT00003132,INV_03,MEDIUM,CLOSED_MONITORING,24,2023-11-11 01:04:07.171552,41,0,0,0,1
CASE0001497,ALT00004217,INV_03,MEDIUM,CLOSED_FALSE_POSITIVE,2,2022-02-03 11:37:07.577769,15,0,1,0,0
CASE0001498,ALT00007901,INV_02,MEDIUM,CLOSED_FALSE_POSITIVE,41,2023-04-12 18:11:47.336523,26,1,0,0,1
CASE0001499,ALT00000475,AUTO_SYS,MEDIUM,CLOSED_FALSE_POSITIVE,44,2022-04-04 18:10:47.486203,74,1,0,0,3
CASE0001500,ALT00008823,AUTO_SYS,HIGH,CLOSED_FALSE_POSITIVE,30,2024-01-11 13:11:46.841271,40,1,1,0,1
CASE0001501,ALT00008234,INV_02,LOW,CLOSED_FALSE_POSITIVE,30,2023-02-06 23:55:45.784776,33,1,1,0,1
CASE0001502,ALT00000466,INV_03,LOW,OPEN,21,2023-08-01 12:39:40.837905,83,0,1,0,2
CASE0001503,ALT00001747,INV_04,MEDIUM,CLOSED_SAR_FILED,25,2022-09-03 11:42:12.324487,76,1,1,0,1
CASE0001504,ALT00005685,INV_01,LOW,CLOSED_FALSE_POSITIVE,44,2023-06-25 15:26:42.492383,40,1,0,0,0
CASE0001505,ALT00008369,INV_02,LOW,CLOSED_FALSE_POSITIVE,2,2022-12-14 00:14:38.461452,23,0,0,0,0
CASE0001506,ALT00005246,INV_01,MEDIUM,CLOSED_SAR_FILED,29,2022-08-13 04:15:25.903108,61,0,0,1,4
CASE0001507,ALT00006073,INV_03,HIGH,CLOSED_FALSE_POSITIVE,40,2024-03-29 20:13:27.239761,47,1,1,0,1
CASE0001508,ALT00000481,INV_03,MEDIUM,OPEN,7,2024-04-08 07:25:24.147802,92,0,0,0,3
CASE0001509,ALT00007264,AUTO_SYS,LOW,CLOSED_FALSE_POSITIVE,13,2022-07-02 21:01:35.308969,16,1,1,0,0
CASE0001510,ALT00005567,INV_04,MEDIUM,CLOSED_FALSE_POSITIVE,26,2022-05-07 15:51:15.758724,26,1,1,0,0
CASE0001511,ALT00008540,INV_01,MEDIUM,CLOSED_FALSE_POSITIVE,4,2023-07-02 10:55:33.923345,14,1,1,0,1
CASE0001512,ALT00003593,INV_03,MEDIUM,CLOSED_FALSE_POSITIVE,38,2022-11-08 07:16:20.340355,20,1,1,0,1
CASE0001513,ALT00004476,AUTO_SYS,MEDIUM,CLOSED_FALSE_POSITIVE,24,2024-03-07 02:29:12.655640,6,1,1,0,1
CASE0001514,ALT00004177,AUTO_SYS,HIGH,CLOSED_SAR_FILED,20,2023-01-21 20:36:03.348578,80,1,1,0,1
CASE0001515,ALT00005959,INV_04,MEDIUM,CLOSED_MONITORING,23,2023-11-01 03:33:37.261913,87,1,1,1,1
CASE0001516,ALT00002240,AUTO_SYS,LOW,CLOSED_FALSE_POSITIVE,42,2022-07-08 05:44:22.295212,8,1,0,0,1
CASE0001517,ALT00005404,AUTO_SYS,HIGH,CLOSED_SAR_FILED,25,2023-02-05 22:59:41.238669,84,0,0,1,2
CASE0001518,ALT00009523,AUTO_SYS,MEDIUM,CLOSED_FALSE_POSITIVE,5,2023-03-05 00:28:09.287235,14,1,1,0,0
CASE0001519,ALT00007625,INV_04,HIGH,CLOSED_FALSE_POSITIVE,16,2022-07-29 13:05:36.721187,23,0,1,0,0
CASE0001520,ALT00001350,INV_04,MEDIUM,CLOSED_FALSE_POSITIVE,15,2023-07-02 05:17:21.366986,22,1,1,0,1
CASE0001521,ALT00009528,INV_04,MEDIUM,CLOSED_FALSE_POSITIVE,30,2024-02-16 04:17:05.841097,13,1,0,0,0
CASE0001522,ALT00007388,INV_02,HIGH,CLOSED_FALSE_POSITIVE,20,2023-07-05 08:01:41.231336,13,1,1,0,0
CASE0001523,ALT00008206,AUTO_SYS,MEDIUM,CLOSED_MONITORING,26,2022-03-06 03:49:30.338732,18,0,0,0,1
CASE0001524,ALT00002376,INV_01,LOW,CLOSED_FALSE_POSITIVE,16,2024-01-06 13:49:33.263302,5,1,1,0,1
CASE0001525,ALT00008286,INV_01,MEDIUM,CLOSED_FALSE_POSITIVE,37,2023-07-28 09:44:22.400584,46,1,1,0,1
CASE0001526,ALT00007018,INV_01,MEDIUM,CLOSED_FALSE_POSITIVE,11,2022-01-12 23:50:03.361897,54,1,0,0,1
CASE0001527,ALT00004767,AUTO_SYS,LOW,CLOSED_FALSE_POSITIVE,8,2024-05-25 06:00:39.928863,39,1,1,0,1
CASE0001528,ALT00004983,INV_03,LOW,CLOSED_MONITORING,24,2022-07-03 18:09:36.707090,88,0,0,0,4
CASE0001529,ALT00000715,INV_02,LOW,CLOSED_SAR_FILED,28,2023-03-23 07:27:54.415584,49,1,0,0,2
CASE0001530,ALT00003283,INV_04,LOW,CLOSED_FALSE_POSITIVE,14,2024-05-30 22:40:49.121386,20,1,1,0,1
CASE0001531,ALT00006474,INV_03,LOW,CLOSED_FALSE_POSITIVE,21,2022-03-21 23:06:01.329446,8,0,1,0,1
CASE0001532,ALT00007873,INV_04,MEDIUM,CLOSED_FALSE_POSITIVE,28,2022-04-10 21:10:24.313234,20,0,1,0,1
CASE0001533,ALT00008626,INV_02,LOW,CLOSED_FALSE_POSITIVE,8,2022-12-15 22:07:04.483666,24,0,0,0,0
CASE0001534,ALT00002923,INV_02,MEDIUM,CLOSED_FALSE_POSITIVE,32,2022-03-02 22:00:21.413101,30,0,0,0,0
CASE0001535,ALT00005767,INV_04,LOW,CLOSED_FALSE_POSITIVE,2,2022-12-03 09:32:04.478063,45,0,0,0,0
CASE0001536,ALT00002338,AUTO_SYS,LOW,CLOSED_SAR_FILED,34,2024-02-08 01:40:03.168989,17,0,0,0,1
CASE0001537,ALT00006953,INV_02,MEDIUM,CLOSED_MONITORING,24,2024-01-28 01:15:16.164008,23,0,1,0,0
CASE0001538,ALT00001447,INV_04,LOW,CLOSED_FALSE_POSITIVE,44,2024-01-27 19:13:17.036941,8,0,1,0,1
CASE0001539,ALT00005332,INV_03,MEDIUM,CLOSED_SAR_FILED,24,2022-05-07 10:18:47.098809,41,1,0,0,0
CASE0001540,ALT00001021,INV_04,LOW,CLOSED_SAR_FILED,39,2024-05-30 04:59:24.161094,57,1,1,0,4
CASE0001541,ALT00000706,INV_01,HIGH,OPEN,11,2022-11-27 06:13:11.414085,74,1,0,0,3
CASE0001542,ALT00005701,INV_03,LOW,CLOSED_FALSE_POSITIVE,34,2022-07-14 16:40:55.220074,21,0,0,0,0
CASE0001543,ALT00009674,INV_02,MEDIUM,CLOSED_FALSE_POSITIVE,6,2023-02-05 23:07:59.516877,16,1,1,0,1
CASE0001544,ALT00007609,AUTO_SYS,LOW,CLOSED_FALSE_POSITIVE,9,2023-07-06 14:53:52.044730,53,1,0,0,0
CASE0001545,ALT00009083,INV_03,LOW,OPEN,5,2024-03-31 23:23:33.110929,39,0,1,0,1
CASE0001546,ALT00004935,INV_02,HIGH,CLOSED_FALSE_POSITIVE,5,2023-04-01 08:57:30.901091,16,0,0,0,0
CASE0001547,ALT00009396,INV_03,LOW,CLOSED_FALSE_POSITIVE,8,2023-06-10 07:50:48.617452,41,0,1,0,0
CASE0001548,ALT00000909,INV_01,LOW,CLOSED_FALSE_POSITIVE,4,2022-12-14 04:08:39.828462,77,0,1,0,2
CASE0001549,ALT00006374,INV_02,MEDIUM,CLOSED_FALSE_POSITIVE,39,2022-02-07 06:26:47.896411,48,1,0,0,0
CASE0001550,ALT00004044,INV_03,MEDIUM,CLOSED_FALSE_POSITIVE,40,2023-01-22 05:55:46.299371,48,1,1,0,0
CASE0001551,ALT00007067,INV_04,MEDIUM,CLOSED_FALSE_POSITIVE,42,2023-06-07 23:46:03.827447,37,0,1,0,1
CASE0001552,ALT00009967,AUTO_SYS,MEDIUM,CLOSED_FALSE_POSITIVE,13,2023-07-16 23:42:07.364758,31,0,0,0,0
CASE0001553,ALT00009462,INV_02,MEDIUM,CLOSED_FALSE_POSITIVE,25,2022-05-06 00:35:12.549239,38,1,1,0,0
CASE0001554,ALT00008342,INV_01,HIGH,CLOSED_FALSE_POSITIVE,32,2023-01-23 19:52:29.900137,27,0,1,0,1
CASE0001555,ALT00008533,INV_02,LOW,CLOSED_FALSE_POSITIVE,16,2023-10-09 12:24:30.500841,41,0,1,0,0
CASE0001556,ALT00004053,INV_02,MEDIUM,CLOSED_MONITORING,6,2022-02-05 23:47:39.206334,63,1,0,1,2
CASE0001557,ALT00007066,INV_02,HIGH,CLOSED_SAR_FILED,11,2022-08-29 17:30:07.988991,76,0,1,1,0
CASE0001558,ALT00000595,INV_04,LOW,OPEN,26,2024-01-04 06:38:18.854592,60,0,0,0,1
CASE0001559,ALT00004809,INV_02,MEDIUM,CLOSED_FALSE_POSITIVE,38,2023-11-09 18:15:09.653400,54,0,1,0,1
CASE0001560,ALT00000441,AUTO_SYS,MEDIUM,CLOSED_SAR_FILED,9,2024-03-31 18:30:55.918680,58,1,0,0,4
CASE0001561,ALT00004776,INV_04,MEDIUM,CLOSED_FALSE_POSITIVE,35,2024-03-04 19:56:04.387740,9,1,1,0,1
CASE0001562,ALT00006927,INV_01,LOW,CLOSED_FALSE_POSITIVE,11,2023-12-11 06:43:53.555118,14,0,1,0,0
CASE0001563,ALT00005175,INV_01,MEDIUM,CLOSED_FALSE_POSITIVE,23,2022-08-14 20:07:08.439486,31,1,0,0,1
CASE0001564,ALT00008831,INV_03,HIGH,CLOSED_FALSE_POSITIVE,13,2022-01-25 12:46:20.643837,33,1,0,0,0
CASE0001565,ALT00008254,INV_02,MEDIUM,CLOSED_MONITORING,22,2023-03-31 02:25:32.495534,36,0,1,0,0
CASE0001566,ALT00006851,INV_01,MEDIUM,OPEN,43,2022-09-05 16:02:29.531964,50,0,1,0,0
CASE0001567,ALT00000011,INV_03,HIGH,CLOSED_FALSE_POSITIVE,17,2022-11-28 09:48:01.568230,76,1,1,0,2
CASE0001568,ALT00005490,AUTO_SYS,MEDIUM,CLOSED_FALSE_POSITIVE,11,2023-04-11 00:01:24.089088,7,0,1,0,0
CASE0001569,ALT00010214,AUTO_SYS,LOW,CLOSED_FALSE_POSITIVE,6,2022-08-13 11:00:38.504885,27,1,0,0,0
CASE0001570,ALT00007536,INV_04,MEDIUM,CLOSED_FALSE_POSITIVE,19,2022-09-07 08:03:21.190892,29,0,0,0,0
CASE0001571,ALT00004111,INV_02,HIGH,CLOSED_FALSE_POSITIVE,11,2023-07-21 14:11:04.882799,44,1,1,0,1
