TRANSACTION_ID,ACCOUNT_ID,CUSTOMER_ID,CASE_ID,TXN_DATE,TXN_TYPE,TXN_AMOUNT,COUNTRY
TXN0000000,ACCT000520,CUST002175,CASE003306,2024-07-18,UPI,65119.40682126445,US
TXN0000001,ACCT007707,CUST004886,CASE003940,2023-02-16,NEFT,34833.807205746234,IN
TXN0000002,ACCT008877,CUST000775,CASE001960,2023-05-22,IMPS,79832.36643245243,GB
TXN0000003,ACCT006540,CUST002953,CASE001044,2023-03-27,IMPS,128696.98662017794,AE
TXN0000004,ACCT008061,CUST002272,CASE004819,2024-05-15,IMPS,27904.586863663146,US
TXN0000005,ACCT004876,CUST001061,CASE002036,2024-12-07,UPI,40315.51993826661,HK
TXN0000006,ACCT006738,CUST001478,CASE004138,2024-12-12,NEFT,98707.19909924062,IN
TXN0000007,ACCT008017,CUST001798,CASE003314,2024-05-02,UPI,41389.41601294571,GB
TXN0000008,ACCT005954,CUST004523,CASE000335,2023-07-27,NEFT,39510.99525581682,HK
TXN0000009,ACCT000587,CUST003810,CASE002469,2024-06-12,IMPS,56618.82888659079,HK
TXN0000010,ACCT008699,CUST003622,CASE000088,2024-09-17,UPI,30588.162402879072,AE
TXN0000011,ACCT004167,CUST001821,CASE001746,2023-12-26,NEFT,38510.385758896315,HK
TXN0000012,ACCT005384,CUST004943,CASE002385,2024-11-05,UPI,53283.45519225813,SG
TXN0000013,ACCT002119,CUST003807,CASE000082,2024-04-22,UPI,9490.02237215224,AE
TXN0000014,ACCT001929,CUST002531,CASE003195,2023-07-10,IMPS,14824.542756558174,SG
TXN0000015,ACCT004026,CUST004226,CASE002668,2024-02-08,IMPS,26902.003585357183,GB
TXN0000016,ACCT008235,CUST005558,CASE000342,2024-11-21,NEFT,29594.416264556567,US
TXN0000017,ACCT005169,CUST000841,CASE000276,2024-04-30,UPI,29905.50903814469,HK
TXN0000018,ACCT006091,CUST005584,CASE002804,2024-10-02,IMPS,14013.043682318328,AE
TXN0000019,ACCT006936,CUST005088,CASE001694,2023-05-04,NEFT,11987.9879843567,GB
TXN0000020,ACCT000619,CUST004716,CASE003295,2024-05-26,IMPS,104630.9773448746,HK
TXN0000021,ACCT003209,CUST001331,CASE001353,2024-09-30,IMPS,21555.52382438971,AE
TXN0000022,ACCT005870,CUST004283,CASE000241,2023-07-10,UPI,36742.9322775044,HK
TXN0000023,ACCT001923,CUST005493,CASE001475,2024-09-16,UPI,13953.827660029488,GB
TXN0000024,ACCT007585,CUST005534,CASE001196,2023-04-02,UPI,38650.3525534856,GB
TXN0000025,ACCT005854,CUST002167,CASE000181,2023-01-04,NEFT,28846.73758519026,SG
TXN0000026,ACCT002098,CUST003170,CASE000320,2023-04-19,IMPS,13288.0350877982,GB
TXN0000027,ACCT006300,CUST005172,CASE004329,2023-08-22,UPI,35132.44983041268,IN
TXN0000028,ACCT000534,CUST001558,CASE002840,2024-12-07,UPI,22038.433257971377,SG
TXN0000029,ACCT008695,CUST005464,CASE004229,2024-12-11,UPI,39187.01056678915,SG
TXN0000030,ACCT007266,CUST000964,CASE004305,2024-03-31,UPI,30108.837270541433,GB
TXN0000031,ACCT002464,CUST002997,CASE002683,2024-05-10,NEFT,153726.9406027017,AE
TXN0000032,ACCT008623,CUST003648,CASE001285,2024-02-21,UPI,35701.625699940196,HK
TXN0000033,ACCT002382,CUST002475,CASE002249,2023-12-06,UPI,25695.592059425304,AE
TXN0000034,ACCT005817,CUST001320,CASE002969,2024-11-07,UPI,65756.25060135534,SG
TXN0000035,ACCT007652,CUST000844,CASE000650,2024-05-28,IMPS,23442.99205893788,SG
TXN0000036,ACCT005546,CUST002931,CASE004712,2023-04-07,IMPS,36042.98771049182,HK
TXN0000037,ACCT005380,CUST005306,CASE003176,2023-12-19,IMPS,9990.822221995404,IN
TXN0000038,ACCT005548,CUST000870,CASE004542,2024-02-03,NEFT,22709.83803551826,SG
TXN0000039,ACCT001887,CUST004571,CASE001116,2024-03-20,IMPS,53553.26071002364,GB
TXN0000040,ACCT004183,CUST005292,CASE001945,2023-02-01,NEFT,57675.818217325475,SG
TXN0000041,ACCT000439,CUST001072,CASE002959,2024-04-07,NEFT,59680.3019012727,SG
TXN0000042,ACCT005773,CUST002891,CASE004185,2024-01-30,NEFT,33385.691220470566,IN
TXN0000043,ACCT001016,CUST002361,CASE001250,2024-05-30,UPI,40243.58234531079,HK
TXN0000044,ACCT007187,CUST002495,CASE004069,2024-05-02,NEFT,13838.255315600729,HK
TXN0000045,ACCT004449,CUST005712,CASE002326,2023-10-15,UPI,27517.07890385244,GB
TXN0000046,ACCT001925,CUST004166,CASE002364,2023-04-26,NEFT,23467.46742711166,GB
TXN0000047,ACCT004069,CUST001681,CASE000140,2023-01-30,IMPS,81226.93425091068,HK
TXN0000048,ACCT001018,CUST002317,CASE002329,2024-04-10,NEFT,63873.28395802774,US
TXN0000049,ACCT005088,CUST003111,CASE002173,2023-12-25,NEFT,15977.11575820043,GB
TXN0000050,ACCT001729,CUST003115,CASE004618,2024-06-10,UPI,45723.89623486864,SG
TXN0000051,ACCT006911,CUST001561,CASE004802,2023-10-10,NEFT,22030.905693746983,AE
TXN0000052,ACCT005629,CUST002336,CASE003660,2023-12-01,NEFT,35818.09679952492,SG
TXN0000053,ACCT000342,CUST001290,CASE001254,2024-12-08,UPI,48550.451436504474,HK
TXN0000054,ACCT002418,CUST001155,CASE000515,2024-09-17,UPI,68152.48513668601,SG
TXN0000055,ACCT006027,CUST005722,CASE000846,2023-08-03,UPI,80763.62373312988,HK
TXN0000056,ACCT000810,CUST004637,CASE004553,2023-09-19,NEFT,21061.5938060547,AE
TXN0000057,ACCT004748,CUST004865,CASE002979,2024-11-20,NEFT,29389.532087051106,HK
TXN0000058,ACCT003070,CUST003112,CASE001759,2024-05-30,IMPS,45827.24839033518,AE
TXN0000059,ACCT006112,CUST002158,CASE004170,2023-11-19,NEFT,83277.79737983312,IN
TXN0000060,ACCT005835,CUST005964,CASE000751,2024-03-26,IMPS,25241.01673441869,IN
TXN0000061,ACCT008237,CUST002657,CASE001646,2023-08-17,UPI,43201.50889563678,IN
TXN0000062,ACCT007761,CUST003537,CASE003863,2024-06-12,NEFT,18462.849524915902,US
TXN0000063,ACCT005261,CUST005985,CASE003743,2024-03-25,IMPS,13168.197099677913,US
TXN0000064,ACCT003794,CUST003460,CASE000379,2024-11-20,NEFT,59449.62602068905,US
TXN0000065,ACCT003975,CUST005141,CASE004289,2023-01-28,NEFT,102400.26591714013,US
TXN0000066,ACCT008482,CUST003800,CASE000201,2024-06-11,IMPS,39728.172733356354,IN
TXN0000067,ACCT000548,CUST000574,CASE004893,2023-06-02,IMPS,65548.81223614502,IN
TXN0000068,ACCT001522,CUST004864,CASE000359,2023-05-15,UPI,44501.897176240505,AE
TXN0000069,ACCT006651,CUST002320,CASE001556,2024-07-04,IMPS,17350.618051102974,GB
TXN0000070,ACCT003889,CUST000598,CASE004095,2023-07-08,NEFT,67192.1714000043,US
TXN0000071,ACCT000698,CUST004785,CASE001935,2024-06-03,IMPS,133641.76466247623,US
TXN0000072,ACCT007333,CUST000763,CASE004585,2023-02-18,IMPS,28800.132157820604,US
TXN0000073,ACCT003462,CUST002854,CASE000814,2024-02-08,NEFT,85678.18996619292,HK
TXN0000074,ACCT007419,CUST002654,CASE002237,2024-11-16,IMPS,7669.715321045633,AE
TXN0000075,ACCT000130,CUST004781,CASE000760,2024-06-27,IMPS,51485.9850257711,AE
TXN0000076,ACCT004817,CUST005362,CASE002393,2023-12-04,NEFT,50332.77775068959,HK
TXN0000077,ACCT004557,CUST001655,CASE002252,2023-08-27,NEFT,39526.61872728074,IN
TXN0000078,ACCT004222,CUST000719,CASE001364,2024-08-18,UPI,47276.323678713256,HK
TXN0000079,ACCT007113,CUST005631,CASE002681,2024-09-01,IMPS,9609.553794220836,US
TXN0000080,ACCT001523,CUST000894,CASE004993,2023-07-31,NEFT,34341.700861982914,US
TXN0000081,ACCT002766,CUST000509,CASE000724,2024-05-30,NEFT,45124.503262242724,SG
TXN0000082,ACCT004215,CUST005303,CASE004662,2024-09-08,UPI,121588.70510312195,US
TXN0000083,ACCT005488,CUST000787,CASE003582,2023-09-14,NEFT,19739.50414406762,HK
TXN0000084,ACCT005095,CUST003958,CASE001251,2023-01-08,NEFT,18636.28235267357,GB
TXN0000085,ACCT006208,CUST003473,CASE004632,2024-12-30,IMPS,35735.04687542772,HK
TXN0000086,ACCT004396,CUST000395,CASE004255,2024-09-19,IMPS,63207.32346734879,IN
TXN0000087,ACCT001995,CUST000841,CASE001196,2024-03-23,UPI,36329.5060707791,AE
TXN0000088,ACCT002235,CUST002284,CASE001522,2023-04-17,NEFT,26400.265603985372,IN
TXN0000089,ACCT003712,CUST004768,CASE004572,2024-07-03,NEFT,41702.80389397586,SG
TXN0000090,ACCT000873,CUST000702,CASE004217,2023-06-08,UPI,48351.53455307861,HK
TXN0000091,ACCT008060,CUST000607,CASE004062,2023-09-11,IMPS,83362.23929797584,US
TXN0000092,ACCT004008,CUST005372,CASE004786,2023-09-12,NEFT,35242.44412500575,HK
TXN0000093,ACCT005334,CUST001638,CASE003047,2024-09-28,IMPS,37135.199676331315,HK
TXN0000094,ACCT008232,CUST001661,CASE002889,2023-02-12,UPI,33172.98865664358,SG
TXN0000095,ACCT001100,CUST003281,CASE003924,2024-08-04,IMPS,22162.261362395835,GB
TXN0000096,ACCT006953,CUST004287,CASE001760,2023-07-25,IMPS,53095.83330428147,HK
TXN0000097,ACCT003674,CUST004215,CASE000880,2023-11-16,NEFT,45543.56121260649,SG
TXN0000098,ACCT007118,CUST003905,CASE002075,2024-09-13,NEFT,30264.96465550017,AE
TXN0000099,ACCT000694,CUST000511,CASE004179,2024-06-16,UPI,28961.616525792047,HK
TXN0000100,ACCT007260,CUST002536,CASE003021,2024-11-03,UPI,16506.44196509253,AE
TXN0000101,ACCT000831,CUST003568,CASE000760,2024-03-22,IMPS,26746.683313849113,US
TXN0000102,ACCT008646,CUST001494,CASE002788,2023-01-17,IMPS,37011.757385324214,HK
TXN0000103,ACCT006129,CUST005597,CASE004484,2024-11-13,NEFT,19485.972459416498,SG
TXN0000104,ACCT000814,CUST003510,CASE001521,2023-05-26,NEFT,24330.695817090484,AE
TXN0000105,ACCT008204,CUST004006,CASE001678,2024-07-05,NEFT,67246.26279177156,AE
TXN0000106,ACCT008028,CUST005379,CASE001675,2023-06-10,UPI,151764.9706379647,US
TXN0000107,ACCT001570,CUST005364,CASE004141,2024-09-13,IMPS,40942.387553032684,US
TXN0000108,ACCT001269,CUST002937,CASE001040,2023-04-28,NEFT,29624.70359851223,US
TXN0000109,ACCT001336,CUST002345,CASE002421,2024-11-30,NEFT,31130.624634960892,US
TXN0000110,ACCT006659,CUST005398,CASE001088,2023-09-17,UPI,13844.963801415617,HK
TXN0000111,ACCT000311,CUST003286,CASE000784,2023-11-30,IMPS,34686.88523416642,IN
TXN0000112,ACCT004751,CUST002446,CASE001588,2024-09-30,IMPS,35384.87220706492,IN
TXN0000113,ACCT005114,CUST002772,CASE003001,2024-07-22,NEFT,193245.13417597933,IN
TXN0000114,ACCT003619,CUST004058,CASE001255,2024-04-07,UPI,33589.9900437374,AE
TXN0000115,ACCT001782,CUST004178,CASE002779,2023-08-12,NEFT,49841.29101344897,AE
TXN0000116,ACCT007536,CUST005399,CASE001270,2023-07-05,NEFT,32359.496548241717,IN
TXN0000117,ACCT004644,CUST003336,CASE002311,2023-12-11,UPI,13216.003644017355,AE
TXN0000118,ACCT001426,CUST000305,CASE003262,2023-09-30,NEFT,73928.05869841838,IN
TXN0000119,ACCT002876,CUST004418,CASE003391,2024-12-03,UPI,47794.64062761534,SG
TXN0000120,ACCT005567,CUST002417,CASE003717,2023-07-14,UPI,39718.0371485023,SG
TXN0000121,ACCT005436,CUST004449,CASE000444,2023-04-18,NEFT,16685.01439484523,GB
TXN0000122,ACCT003965,CUST000968,CASE000471,2024-08-03,NEFT,102392.36559725912,AE
TXN0000123,ACCT007450,CUST002453,CASE002919,2024-11-21,UPI,11905.220058102013,GB
TXN0000124,ACCT007154,CUST000343,CASE000023,2024-03-25,NEFT,56310.74576675478,SG
TXN0000125,ACCT007576,CUST002551,CASE004281,2023-03-06,UPI,181350.13362140843,IN
TXN0000126,ACCT006277,CUST004718,CASE001477,2023-06-07,IMPS,28603.578315988685,AE
TXN0000127,ACCT005980,CUST004511,CASE001896,2024-08-13,UPI,30170.930224887772,IN
TXN0000128,ACCT006072,CUST004577,CASE002619,2024-03-28,IMPS,43474.39310793572,IN
TXN0000129,ACCT006859,CUST003651,CASE003624,2024-11-27,UPI,28934.167237849182,US
TXN0000130,ACCT004863,CUST001449,CASE004326,2024-07-02,UPI,11299.059567499537,AE
TXN0000131,ACCT000526,CUST005969,CASE002172,2024-06-14,NEFT,34057.74386074914,HK
TXN0000132,ACCT008657,CUST004707,CASE000905,2023-09-15,IMPS,23313.78483011732,US
TXN0000133,ACCT000403,CUST005011,CASE000531,2023-02-23,NEFT,62530.83999465425,SG
TXN0000134,ACCT004994,CUST004078,CASE000409,2023-03-18,NEFT,23121.387243983147,US
TXN0000135,ACCT003627,CUST003006,CASE002031,2024-07-15,NEFT,83893.67363970923,AE
TXN0000136,ACCT006827,CUST003126,CASE003949,2023-09-03,UPI,30280.62154700606,GB
TXN0000137,ACCT006035,CUST005366,CASE000434,2024-11-07,IMPS,24887.070944066905,IN
TXN0000138,ACCT008852,CUST004765,CASE003694,2023-07-01,NEFT,45332.75838650865,HK
TXN0000139,ACCT000541,CUST004411,CASE002209,2023-01-09,NEFT,12933.927399543149,HK
TXN0000140,ACCT001008,CUST003347,CASE001390,2024-06-30,NEFT,57546.6634346486,US
TXN0000141,ACCT003670,CUST002398,CASE004632,2024-09-28,IMPS,117108.40282987157,GB
TXN0000142,ACCT007712,CUST005409,CASE003119,2023-10-18,IMPS,14626.003890501148,US
TXN0000143,ACCT001777,CUST000626,CASE000302,2023-10-19,NEFT,40345.76220750792,SG
TXN0000144,ACCT001547,CUST002639,CASE004611,2024-06-19,UPI,63648.47963885172,AE
TXN0000145,ACCT000501,CUST005407,CASE002975,2023-09-27,IMPS,88548.21357051942,US
TXN0000146,ACCT001376,CUST003948,CASE002027,2023-05-27,IMPS,20666.810880559515,GB
TXN0000147,ACCT001207,CUST003163,CASE004093,2023-08-12,NEFT,19400.116829553433,IN
TXN0000148,ACCT008506,CUST004713,CASE002871,2023-10-27,UPI,64456.23511467344,GB
TXN0000149,ACCT004850,CUST001641,CASE004678,2023-09-17,IMPS,60346.734477386446,AE
TXN0000150,ACCT006040,CUST003273,CASE003131,2024-10-24,NEFT,28690.14313337826,SG
TXN0000151,ACCT000110,CUST000543,CASE000102,2024-11-06,UPI,39825.39993087687,HK
TXN0000152,ACCT008815,CUST002459,CASE001494,2024-07-14,IMPS,25010.89125317757,HK
TXN0000153,ACCT001814,CUST001237,CASE000214,2023-11-15,UPI,51927.00375434314,AE
TXN0000154,ACCT006276,CUST004726,CASE000164,2024-02-03,NEFT,33241.15660614545,GB
TXN0000155,ACCT001926,CUST002965,CASE000027,2023-12-05,UPI,36267.77127159146,US
TXN0000156,ACCT001115,CUST003386,CASE004553,2024-09-24,UPI,156279.4871998348,IN
TXN0000157,ACCT007658,CUST005321,CASE004093,2023-04-16,UPI,33975.09617638365,GB
TXN0000158,ACCT006656,CUST000905,CASE004292,2024-12-22,NEFT,20000.68008118205,HK
TXN0000159,ACCT007618,CUST002543,CASE002274,2023-03-07,UPI,75973.31802194564,GB
TXN0000160,ACCT007605,CUST001624,CASE000824,2023-04-11,IMPS,25812.935940413936,IN
TXN0000161,ACCT005503,CUST004406,CASE003287,2024-04-10,IMPS,71711.92006424846,SG
TXN0000162,ACCT007111,CUST001903,CASE002605,2023-06-07,NEFT,109925.74448839892,US
TXN0000163,ACCT005932,CUST001683,CASE000919,2024-06-16,IMPS,28266.78799231033,US
TXN0000164,ACCT002741,CUST003284,CASE003018,2023-06-08,UPI,44886.24704048738,HK
TXN0000165,ACCT003935,CUST000475,CASE002313,2023-12-23,IMPS,69022.21568203309,GB
TXN0000166,ACCT008695,CUST005464,CASE002924,2024-01-21,UPI,57733.157583587876,IN
TXN0000167,ACCT006954,CUST002119,CASE003409,2024-02-12,IMPS,149497.52133375994,GB
TXN0000168,ACCT007748,CUST002410,CASE001071,2024-03-03,UPI,30742.851438451213,GB
TXN0000169,ACCT001852,CUST004108,CASE003681,2024-01-31,NEFT,30068.12499642719,SG
TXN0000170,ACCT008178,CUST002521,CASE002729,2024-11-01,NEFT,25468.955923958285,GB
TXN0000171,ACCT005029,CUST002097,CASE004952,2023-10-28,NEFT,25244.29387487243,US
TXN0000172,ACCT007696,CUST002666,CASE000296,2024-08-23,UPI,28336.53027906798,IN
TXN0000173,ACCT003280,CUST004545,CASE004735,2023-11-27,NEFT,56822.878985901334,IN
TXN0000174,ACCT002437,CUST002528,CASE000730,2024-03-24,UPI,58929.62263294326,US
TXN0000175,ACCT006886,CUST004582,CASE001958,2023-10-15,UPI,69658.59984116755,GB
TXN0000176,ACCT000616,CUST003731,CASE004548,2024-08-16,UPI,44412.762018852845,HK
TXN0000177,ACCT003552,CUST005506,CASE001087,2024-02-16,NEFT,81973.00993480331,US
TXN0000178,ACCT007823,CUST001940,CASE002716,2024-10-16,NEFT,26813.975592507177,AE
TXN0000179,ACCT006940,CUST002813,CASE002268,2024-06-08,IMPS,131468.15479115213,US
TXN0000180,ACCT008044,CUST005699,CASE001527,2023-03-30,UPI,57293.930535699,US
TXN0000181,ACCT002583,CUST001699,CASE001614,2024-04-02,IMPS,25655.94040214216,SG
TXN0000182,ACCT006036,CUST000003,CASE001045,2023-05-09,IMPS,20231.389764689262,AE
TXN0000183,ACCT003622,CUST000928,CASE003535,2024-02-01,NEFT,50886.08368734606,SG
TXN0000184,ACCT000133,CUST001797,CASE003600,2024-06-16,NEFT,36874.280397189206,SG
TXN0000185,ACCT000909,CUST002060,CASE004055,2024-06-22,NEFT,52829.38501319965,GB
TXN0000186,ACCT007906,CUST001086,CASE000608,2023-06-08,NEFT,35233.44501854177,AE
TXN0000187,ACCT004936,CUST000180,CASE002866,2023-06-10,NEFT,32218.81670430444,AE
TXN0000188,ACCT008240,CUST004719,CASE002882,2024-01-20,NEFT,15762.505772900644,IN
TXN0000189,ACCT002306,CUST004710,CASE004224,2023-07-31,IMPS,11707.504946045448,IN
TXN0000190,ACCT003082,CUST004019,CASE002887,2023-12-17,NEFT,32839.54533687025,HK
TXN0000191,ACCT003055,CUST004609,CASE003334,2023-03-19,IMPS,50663.33934450598,US
TXN0000192,ACCT006187,CUST000097,CASE002584,2024-02-22,IMPS,62820.23426824303,SG
TXN0000193,ACCT000272,CUST003368,CASE004745,2023-06-26,NEFT,20043.69662517358,GB
TXN0000194,ACCT004467,CUST002956,CASE000553,2024-09-02,UPI,55097.38240013599,IN
TXN0000195,ACCT004913,CUST002443,CASE003883,2024-04-05,IMPS,64844.000084137944,SG
TXN0000196,ACCT003162,CUST005356,CASE000940,2023-04-27,IMPS,19364.29224621573,IN
TXN0000197,ACCT001750,CUST005245,CASE003406,2024-02-28,IMPS,54381.81821655074,US
TXN0000198,ACCT001862,CUST001414,CASE002011,2024-03-31,IMPS,56644.49940554202,SG
TXN0000199,ACCT007345,CUST001000,CASE004119,2024-09-10,NEFT,15475.75266417328,GB
TXN0000200,ACCT001271,CUST003529,CASE000308,2024-01-23,IMPS,33282.9572084284,AE
TXN0000201,ACCT004909,CUST002508,CASE000758,2024-05-14,UPI,50150.44119285115,HK
TXN0000202,ACCT004691,CUST001340,CASE002739,2024-10-08,NEFT,69520.7296549925,SG
TXN0000203,ACCT004651,CUST000538,CASE001458,2024-12-09,UPI,104732.49662348995,IN
TXN0000204,ACCT003777,CUST005765,CASE001390,2024-04-28,NEFT,20428.258688289498,AE
TXN0000205,ACCT004096,CUST000511,CASE000683,2024-10-11,NEFT,18858.245654946462,HK
TXN0000206,ACCT004033,CUST002682,CASE000509,2023-10-25,NEFT,42674.8150630051,US
TXN0000207,ACCT005580,CUST000343,CASE000415,2024-07-13,UPI,53235.68881353328,HK
TXN0000208,ACCT000832,CUST001443,CASE000631,2024-10-24,IMPS,73066.93855985154,IN
TXN0000209,ACCT007234,CUST005195,CASE003205,2023-03-26,NEFT,563547.2590832723,AE
TXN0000210,ACCT005527,CUST003696,CASE000700,2024-08-15,IMPS,37164.842769093986,GB
TXN0000211,ACCT002906,CUST000925,CASE000875,2023-08-15,UPI,105159.28659964773,HK
TXN0000212,ACCT005538,CUST005255,CASE004976,2023-02-02,IMPS,46361.975096862894,SG
TXN0000213,ACCT007146,CUST005055,CASE002751,2024-02-15,UPI,66907.88255170808,SG
TXN0000214,ACCT001997,CUST004227,CASE003212,2023-12-04,UPI,25646.162531264457,SG
TXN0000215,ACCT000203,CUST000567,CASE000552,2024-09-13,IMPS,63973.59140374769,SG
TXN0000216,ACCT007064,CUST004760,CASE000811,2024-05-17,NEFT,26203.2870804015,GB
TXN0000217,ACCT006115,CUST000762,CASE002697,2023-02-16,IMPS,36056.5622981532,AE
TXN0000218,ACCT004982,CUST004962,CASE000952,2024-11-01,IMPS,22006.464350880753,GB
TXN0000219,ACCT001682,CUST001290,CASE004978,2024-12-08,IMPS,30587.309732265374,SG
TXN0000220,ACCT008254,CUST001377,CASE000689,2023-01-06,NEFT,133478.11197673567,AE
TXN0000221,ACCT008409,CUST001403,CASE004729,2024-12-01,NEFT,15064.725899107396,US
TXN0000222,ACCT003106,CUST005794,CASE002634,2023-11-17,UPI,42071.704115303844,AE
TXN0000223,ACCT000094,CUST001339,CASE000886,2023-01-24,IMPS,19197.92728979823,HK
TXN0000224,ACCT004948,CUST004381,CASE004146,2024-12-01,IMPS,21749.676993347744,GB
TXN0000225,ACCT004960,CUST003415,CASE004265,2024-02-03,IMPS,72934.18509719949,HK
TXN0000226,ACCT006607,CUST001555,CASE004444,2023-02-27,IMPS,45704.913503729236,AE
TXN0000227,ACCT007592,CUST003211,CASE002026,2023-04-07,IMPS,28318.608763855267,GB
TXN0000228,ACCT006318,CUST002223,CASE000834,2024-04-16,NEFT,34102.37935341815,HK
TXN0000229,ACCT005115,CUST004253,CASE002568,2023-04-07,IMPS,69463.87266684175,AE
TXN0000230,ACCT002450,CUST002305,CASE000780,2024-11-24,UPI,27040.86801860036,IN
TXN0000231,ACCT003125,CUST003370,CASE000839,2023-06-19,UPI,46180.82840302374,SG
TXN0000232,ACCT006597,CUST002054,CASE001500,2023-08-14,UPI,49906.178877462495,US
TXN0000233,ACCT004108,CUST003709,CASE002063,2024-11-15,UPI,31975.4593070671,HK
TXN0000234,ACCT002854,CUST000523,CASE001989,2024-05-04,UPI,142075.6294516904,AE
TXN0000235,ACCT000165,CUST003562,CASE001981,2023-05-04,NEFT,49764.86015784027,US
TXN0000236,ACCT006946,CUST000187,CASE003153,2024-01-04,NEFT,14714.059249915634,IN
TXN0000237,ACCT005095,CUST003958,CASE004834,2023-06-03,IMPS,48996.40877323345,US
TXN0000238,ACCT008086,CUST000871,CASE000425,2023-08-23,NEFT,31373.2264432533,US
TXN0000239,ACCT008180,CUST004375,CASE003677,2023-01-31,UPI,86095.02747480423,GB
TXN0000240,ACCT005539,CUST005901,CASE000168,2023-02-10,IMPS,30700.24764758166,AE
TXN0000241,ACCT003583,CUST001533,CASE000599,2024-10-25,NEFT,48763.79075348309,IN
TXN0000242,ACCT008079,CUST000889,CASE001127,2024-09-16,NEFT,44783.136194660256,SG
TXN0000243,ACCT004531,CUST001931,CASE000531,2024-11-18,NEFT,63600.246769353034,HK
TXN0000244,ACCT008714,CUST001806,CASE003559,2024-10-17,NEFT,20923.16701930916,GB
TXN0000245,ACCT003833,CUST000824,CASE001799,2023-05-24,IMPS,34059.1124598566,US
TXN0000246,ACCT001695,CUST002238,CASE001563,2024-03-23,IMPS,22122.207532343564,HK
TXN0000247,ACCT003141,CUST004296,CASE003494,2024-03-02,NEFT,33019.11943277001,US
TXN0000248,ACCT000350,CUST005532,CASE000326,2024-12-14,IMPS,150871.80726724424,SG
TXN0000249,ACCT002960,CUST000385,CASE001893,2024-08-23,NEFT,44975.027753702234,IN
TXN0000250,ACCT008538,CUST005317,CASE000661,2024-09-29,UPI,19955.23515540737,GB
TXN0000251,ACCT006986,CUST005408,CASE001567,2023-03-04,IMPS,74551.20210095205,SG
TXN0000252,ACCT004087,CUST004758,CASE002836,2023-02-14,IMPS,166581.36339424492,IN
TXN0000253,ACCT007689,CUST005832,CASE004576,2023-01-05,NEFT,74057.88295577666,US
TXN0000254,ACCT004875,CUST000722,CASE003273,2024-04-18,IMPS,13278.519399878749,AE
TXN0000255,ACCT005678,CUST005134,CASE003397,2024-07-01,NEFT,26991.970259219805,AE
TXN0000256,ACCT001159,CUST003953,CASE002666,2024-09-22,UPI,88748.68266831193,US
TXN0000257,ACCT005873,CUST003439,CASE002290,2024-03-05,NEFT,28481.96945267563,GB
TXN0000258,ACCT005882,CUST004354,CASE003038,2024-11-30,UPI,62572.57661913681,US
TXN0000259,ACCT005453,CUST005320,CASE000284,2024-07-03,UPI,43335.12915677666,GB
TXN0000260,ACCT005365,CUST003175,CASE003388,2024-03-27,UPI,20202.64605448107,AE
TXN0000261,ACCT005807,CUST004840,CASE000816,2024-12-18,IMPS,51587.25754561119,IN
TXN0000262,ACCT006730,CUST002933,CASE001888,2024-06-06,UPI,4844.984673464947,HK
TXN0000263,ACCT003759,CUST005363,CASE000081,2024-04-15,IMPS,26069.49915160133,SG
TXN0000264,ACCT000499,CUST001827,CASE001167,2024-01-21,UPI,22409.55377210271,AE
TXN0000265,ACCT003888,CUST003859,CASE004116,2024-01-14,IMPS,13384.754383527454,HK
TXN0000266,ACCT000648,CUST004878,CASE001774,2023-05-14,IMPS,139201.11316572115,GB
TXN0000267,ACCT008930,CUST001139,CASE000518,2023-12-09,UPI,12073.77589467666,US
TXN0000268,ACCT003770,CUST002503,CASE003631,2024-06-08,NEFT,41642.31815566683,GB
TXN0000269,ACCT005246,CUST004131,CASE001321,2023-02-24,UPI,58985.19873029428,HK
TXN0000270,ACCT005197,CUST005871,CASE001782,2024-11-23,NEFT,89135.66511618861,IN
TXN0000271,ACCT001437,CUST005493,CASE000862,2023-07-05,UPI,18338.410993346264,IN
TXN0000272,ACCT008767,CUST001342,CASE003539,2023-02-11,UPI,74127.34620395198,GB
TXN0000273,ACCT005478,CUST004168,CASE000216,2024-10-07,IMPS,52758.783740447405,IN
TXN0000274,ACCT003849,CUST004924,CASE003421,2023-07-09,UPI,15014.747948293334,SG
TXN0000275,ACCT008965,CUST000486,CASE000365,2023-01-30,IMPS,61869.854178711714,AE
TXN0000276,ACCT001110,CUST004216,CASE002072,2024-07-02,UPI,32564.15311635143,IN
TXN0000277,ACCT008913,CUST004307,CASE002145,2024-02-07,UPI,26736.819598306858,HK
TXN0000278,ACCT001027,CUST005417,CASE003651,2024-02-18,NEFT,46195.82380238056,GB
TXN0000279,ACCT003139,CUST000877,CASE004970,2024-03-17,NEFT,38333.28593657374,US
TXN0000280,ACCT007836,CUST003020,CASE002295,2023-01-17,UPI,32872.38854193176,AE
TXN0000281,ACCT005102,CUST002144,CASE002514,2023-06-09,IMPS,47885.38035522275,SG
TXN0000282,ACCT002126,CUST005866,CASE000369,2023-02-21,NEFT,65752.83069538712,IN
TXN0000283,ACCT004821,CUST001830,CASE002395,2024-05-03,UPI,11449.584990188272,IN
TXN0000284,ACCT003265,CUST002955,CASE003730,2023-09-17,NEFT,113278.1262423024,US
TXN0000285,ACCT004972,CUST005164,CASE001203,2024-08-13,NEFT,7908.9166777964865,GB
TXN0000286,ACCT002096,CUST000357,CASE003804,2023-11-25,NEFT,39345.9559636707,AE
TXN0000287,ACCT001395,CUST001013,CASE004283,2024-07-06,UPI,51365.71404386947,US
TXN0000288,ACCT008140,CUST002993,CASE003470,2024-01-17,NEFT,62731.93898294746,HK
TXN0000289,ACCT007176,CUST003241,CASE003936,2024-01-24,UPI,35563.060768310956,HK
TXN0000290,ACCT001253,CUST001864,CASE000689,2024-02-22,IMPS,43490.26914852447,US
TXN0000291,ACCT003658,CUST001693,CASE002276,2023-02-02,UPI,33166.98995527834,US
TXN0000292,ACCT007808,CUST003723,CASE004809,2023-04-01,NEFT,17723.983314791087,SG
TXN0000293,ACCT005228,CUST000990,CASE004177,2024-12-22,NEFT,79342.91528900192,IN
TXN0000294,ACCT007476,CUST004876,CASE000251,2024-03-07,IMPS,40855.32920492147,HK
TXN0000295,ACCT006599,CUST003976,CASE000877,2023-07-12,UPI,31206.36209413591,SG
TXN0000296,ACCT007938,CUST003606,CASE004660,2023-05-30,IMPS,69172.72293114105,IN
TXN0000297,ACCT008837,CUST003937,CASE001149,2024-07-13,NEFT,38033.75379601804,IN
TXN0000298,ACCT005927,CUST000966,CASE001930,2023-05-29,IMPS,82197.82104849191,US
TXN0000299,ACCT002994,CUST005298,CASE002062,2023-09-03,IMPS,38805.75059131875,IN
TXN0000300,ACCT006727,CUST000865,CASE003737,2024-11-27,NEFT,24646.751583904897,IN
TXN0000301,ACCT002299,CUST003262,CASE002910,2023-02-28,IMPS,34043.95566718534,AE
TXN0000302,ACCT007515,CUST005544,CASE002838,2023-02-12,UPI,70483.60178852045,SG
TXN0000303,ACCT005706,CUST004106,CASE002188,2023-09-06,IMPS,69495.13921915911,SG
TXN0000304,ACCT000591,CUST001751,CASE004862,2024-07-04,IMPS,47681.29256979715,GB
TXN0000305,ACCT006770,CUST000002,CASE004306,2024-11-10,IMPS,41818.109946060256,US
TXN0000306,ACCT002700,CUST000307,CASE000257,2024-08-15,UPI,118811.18611689238,GB
TXN0000307,ACCT000635,CUST005701,CASE000075,2024-06-01,IMPS,34323.02095889352,SG
TXN0000308,ACCT000355,CUST002017,CASE001424,2023-04-07,UPI,55297.07975146886,SG
TXN0000309,ACCT006596,CUST001104,CASE004029,2024-06-03,NEFT,40761.22118425085,US
TXN0000310,ACCT000256,CUST004418,CASE002545,2024-06-23,UPI,23723.025314280858,US
TXN0000311,ACCT007005,CUST004102,CASE002107,2023-11-22,IMPS,76312.57588321807,SG
TXN0000312,ACCT002441,CUST003222,CASE004077,2023-08-22,NEFT,46002.2897310848,IN
TXN0000313,ACCT004240,CUST002819,CASE000942,2023-03-05,NEFT,67703.59480653929,IN
TXN0000314,ACCT001925,CUST004166,CASE001985,2023-06-29,UPI,84967.86170494251,AE
TXN0000315,ACCT005347,CUST002939,CASE002407,2023-08-10,IMPS,49469.37292243011,AE
TXN0000316,ACCT000478,CUST001451,CASE003082,2024-10-14,NEFT,47902.37642471377,GB
TXN0000317,ACCT006933,CUST000921,CASE003956,2024-11-10,IMPS,34966.71542341678,GB
TXN0000318,ACCT004201,CUST003496,CASE000468,2024-08-25,IMPS,58490.884097799106,SG
TXN0000319,ACCT003729,CUST002645,CASE004873,2023-12-10,NEFT,51278.945793334635,GB
TXN0000320,ACCT008196,CUST005555,CASE004700,2024-10-15,NEFT,30279.318540150492,AE
TXN0000321,ACCT004647,CUST003064,CASE000863,2023-04-05,IMPS,35321.37711803371,GB
TXN0000322,ACCT003140,CUST000790,CASE002363,2024-08-19,NEFT,16515.598557572444,AE
TXN0000323,ACCT002227,CUST000630,CASE002927,2024-12-17,NEFT,93628.23266166587,GB
TXN0000324,ACCT006209,CUST001725,CASE003799,2023-05-09,UPI,14819.58589570728,SG
TXN0000325,ACCT001322,CUST004709,CASE001983,2023-07-30,UPI,12461.31837081388,HK
TXN0000326,ACCT004437,CUST003534,CASE003124,2023-10-03,UPI,94808.45725094294,GB
TXN0000327,ACCT007685,CUST001418,CASE001721,2023-09-14,IMPS,40050.23178270992,HK
TXN0000328,ACCT002263,CUST005587,CASE001269,2024-06-05,IMPS,39155.116568200196,AE
TXN0000329,ACCT002023,CUST002611,CASE000545,2023-03-26,NEFT,73321.1826072208,IN
TXN0000330,ACCT000443,CUST003620,CASE000840,2024-01-15,UPI,24706.3594498428,AE
TXN0000331,ACCT006587,CUST005281,CASE001054,2023-10-07,UPI,17817.653131989566,AE
TXN0000332,ACCT001236,CUST000658,CASE003473,2024-11-02,IMPS,33983.96964030987,HK
TXN0000333,ACCT004004,CUST001467,CASE001115,2023-07-26,IMPS,33386.65746149826,SG
TXN0000334,ACCT006954,CUST002119,CASE002562,2023-03-26,NEFT,50188.31317285347,GB
TXN0000335,ACCT005097,CUST000926,CASE000699,2024-09-07,NEFT,43493.81536383082,US
TXN0000336,ACCT004510,CUST000505,CASE002595,2024-08-15,NEFT,20759.856429029453,US
TXN0000337,ACCT002527,CUST002456,CASE003021,2024-05-13,IMPS,33775.625506782526,IN
TXN0000338,ACCT008747,CUST001212,CASE002548,2024-03-26,IMPS,41804.94169725906,IN
TXN0000339,ACCT002998,CUST000758,CASE003035,2024-03-07,NEFT,20160.242904344577,US
TXN0000340,ACCT003769,CUST005125,CASE002731,2023-06-10,IMPS,24641.90754814354,GB
TXN0000341,ACCT002809,CUST000920,CASE004062,2023-01-22,NEFT,46959.60964769029,SG
TXN0000342,ACCT000747,CUST003725,CASE004800,2023-03-10,IMPS,54342.260430185685,GB
TXN0000343,ACCT007391,CUST001586,CASE001078,2024-12-09,NEFT,26221.284930628422,SG
TXN0000344,ACCT002963,CUST005500,CASE004004,2024-01-18,NEFT,35066.82164992127,HK
TXN0000345,ACCT004147,CUST003247,CASE003200,2024-03-15,NEFT,56222.75110649473,SG
TXN0000346,ACCT004019,CUST003055,CASE000434,2024-09-18,NEFT,14175.087460779341,IN
TXN0000347,ACCT007124,CUST005322,CASE004187,2024-11-09,IMPS,15630.735095038137,AE
TXN0000348,ACCT006393,CUST003946,CASE003748,2024-07-30,UPI,26956.160133621248,SG
TXN0000349,ACCT005981,CUST005031,CASE004608,2023-06-26,IMPS,35102.73960753421,SG
TXN0000350,ACCT004756,CUST002755,CASE000994,2023-04-19,UPI,29720.033229252487,IN
TXN0000351,ACCT004165,CUST000098,CASE002902,2023-07-16,NEFT,94442.01883415694,GB
TXN0000352,ACCT003246,CUST005569,CASE004699,2023-02-16,NEFT,42481.10510617841,US
TXN0000353,ACCT003647,CUST001720,CASE003840,2023-07-16,IMPS,46294.336718003695,IN
TXN0000354,ACCT007215,CUST001466,CASE000854,2023-10-08,UPI,28262.053710229,GB
TXN0000355,ACCT007814,CUST002911,CASE000466,2023-11-03,IMPS,16681.229357600583,AE
TXN0000356,ACCT002158,CUST004065,CASE004789,2024-08-05,UPI,25593.08552311985,SG
TXN0000357,ACCT004040,CUST002389,CASE001267,2023-07-27,NEFT,45329.736413581406,HK
TXN0000358,ACCT005858,CUST002808,CASE000744,2023-11-28,UPI,55757.11170732383,HK
TXN0000359,ACCT004336,CUST005319,CASE002510,2023-09-19,NEFT,22677.641762315732,US
TXN0000360,ACCT005806,CUST001727,CASE000951,2024-01-29,IMPS,69601.7202924885,AE
TXN0000361,ACCT007351,CUST004298,CASE002359,2024-07-05,NEFT,118448.26687032386,GB
TXN0000362,ACCT002355,CUST001264,CASE001088,2023-06-27,IMPS,44348.58915902778,AE
TXN0000363,ACCT004586,CUST004774,CASE003229,2023-06-12,IMPS,37113.88335629443,GB
TXN0000364,ACCT002120,CUST005697,CASE002217,2023-11-14,NEFT,55070.957513029876,GB
TXN0000365,ACCT000499,CUST001827,CASE003191,2024-07-19,NEFT,43477.95814513396,SG
TXN0000366,ACCT006007,CUST005376,CASE001896,2023-10-21,IMPS,30410.49439966007,US
TXN0000367,ACCT001302,CUST001295,CASE001113,2023-01-06,NEFT,55290.53227999803,GB
TXN0000368,ACCT002151,CUST003015,CASE003907,2023-01-30,UPI,49826.88876623259,GB
TXN0000369,ACCT004784,CUST003315,CASE004309,2024-09-08,UPI,26919.5810219602,GB
TXN0000370,ACCT002210,CUST000286,CASE003945,2024-01-16,NEFT,49680.25550829093,SG
TXN0000371,ACCT002992,CUST001666,CASE002171,2024-06-27,NEFT,59320.34456413281,AE
TXN0000372,ACCT003756,CUST001303,CASE003609,2024-07-09,UPI,72117.09054695077,US
TXN0000373,ACCT003539,CUST004809,CASE000654,2023-05-26,IMPS,86473.27964724651,SG
TXN0000374,ACCT001962,CUST005541,CASE004012,2023-01-02,NEFT,88741.80118173675,HK
TXN0000375,ACCT002706,CUST002745,CASE002060,2024-05-01,IMPS,20343.45598916358,GB
TXN0000376,ACCT008552,CUST000520,CASE003135,2024-06-01,IMPS,92159.61325349209,SG
TXN0000377,ACCT003549,CUST005034,CASE002037,2024-01-06,NEFT,29229.965769394174,IN
TXN0000378,ACCT000432,CUST000757,CASE004583,2024-03-17,IMPS,110905.09916093106,AE
TXN0000379,ACCT001074,CUST001436,CASE004656,2024-05-31,UPI,23705.84962822525,SG
TXN0000380,ACCT000848,CUST003693,CASE003681,2023-12-29,UPI,26540.71903561089,AE
TXN0000381,ACCT001728,CUST001059,CASE002255,2024-11-21,UPI,30425.32028744821,IN
TXN0000382,ACCT005102,CUST002144,CASE003719,2024-06-15,UPI,9751.990316828043,GB
TXN0000383,ACCT006114,CUST002354,CASE000152,2024-02-27,NEFT,29773.22707070559,IN
TXN0000384,ACCT000964,CUST000607,CASE003913,2024-03-11,UPI,18278.42408460973,IN
TXN0000385,ACCT002567,CUST003613,CASE001475,2023-09-27,NEFT,44563.43426558132,AE
TXN0000386,ACCT005298,CUST002381,CASE001922,2023-04-13,UPI,45706.70989100704,AE
TXN0000387,ACCT001236,CUST000658,CASE003806,2024-02-05,IMPS,153940.64760457212,SG
TXN0000388,ACCT001884,CUST000540,CASE001620,2023-01-23,IMPS,62868.8773791688,AE
TXN0000389,ACCT003222,CUST004103,CASE004411,2024-02-13,IMPS,35518.90405191705,IN
TXN0000390,ACCT007110,CUST004886,CASE000550,2024-12-30,NEFT,30536.868171323895,HK
TXN0000391,ACCT005509,CUST001260,CASE000998,2023-08-06,IMPS,39517.537767430775,AE
TXN0000392,ACCT000394,CUST000564,CASE003467,2024-02-29,IMPS,17299.11758466238,HK
TXN0000393,ACCT005728,CUST003961,CASE002791,2023-09-10,NEFT,139300.74211643494,GB
TXN0000394,ACCT008868,CUST002375,CASE002776,2024-04-01,UPI,110358.03309788993,US
TXN0000395,ACCT001589,CUST002089,CASE003586,2024-04-25,NEFT,26207.56498187204,AE
TXN0000396,ACCT004065,CUST003083,CASE003223,2024-06-09,NEFT,13306.55741438869,AE
TXN0000397,ACCT007297,CUST004568,CASE004426,2023-03-23,NEFT,90248.41341253297,IN
TXN0000398,ACCT004720,CUST001834,CASE004534,2024-05-20,UPI,23581.899807143724,SG
TXN0000399,ACCT005308,CUST005688,CASE003288,2023-07-21,IMPS,96301.42454218348,AE
TXN0000400,ACCT001738,CUST003253,CASE001585,2024-05-29,NEFT,19998.52545203269,SG
TXN0000401,ACCT003297,CUST000694,CASE003094,2023-11-27,UPI,36946.086527095766,HK
TXN0000402,ACCT004202,CUST001416,CASE003437,2024-03-10,IMPS,38251.996148416896,US
TXN0000403,ACCT008369,CUST001866,CASE000618,2023-07-30,NEFT,42226.42754184605,IN
TXN0000404,ACCT000895,CUST004765,CASE001239,2023-12-22,NEFT,34091.29644317813,HK
TXN0000405,ACCT004747,CUST005304,CASE004744,2023-07-03,IMPS,58310.80153355485,HK
TXN0000406,ACCT008815,CUST002459,CASE000594,2023-02-10,NEFT,16300.90038524084,AE
TXN0000407,ACCT004567,CUST004558,CASE002179,2023-12-01,UPI,28285.75198507614,SG
TXN0000408,ACCT008545,CUST002890,CASE003593,2023-07-11,NEFT,57656.533880873314,US
TXN0000409,ACCT000240,CUST000059,CASE003953,2023-01-31,NEFT,51867.11934947814,GB
TXN0000410,ACCT003292,CUST003156,CASE003663,2024-10-12,IMPS,53680.928151035136,SG
TXN0000411,ACCT006454,CUST001495,CASE004830,2024-11-30,NEFT,15130.23226893034,AE
TXN0000412,ACCT000823,CUST004016,CASE003848,2023-05-04,IMPS,18077.67129173762,AE
TXN0000413,ACCT005609,CUST003779,CASE003964,2023-10-30,NEFT,59773.31707263754,AE
TXN0000414,ACCT001186,CUST004413,CASE004527,2023-01-21,UPI,62600.511672948,SG
TXN0000415,ACCT007502,CUST000205,CASE004809,2024-09-03,NEFT,32931.97096423827,IN
TXN0000416,ACCT006020,CUST004245,CASE002789,2023-05-22,NEFT,72383.80783828779,HK
TXN0000417,ACCT006237,CUST004093,CASE000007,2024-09-01,IMPS,25961.796337714768,SG
TXN0000418,ACCT008047,CUST002414,CASE000379,2024-04-15,IMPS,62518.608183957695,GB
TXN0000419,ACCT003368,CUST004620,CASE002015,2023-02-26,NEFT,31729.618011879167,GB
TXN0000420,ACCT006647,CUST004076,CASE004224,2024-04-01,UPI,154729.4319686574,SG
TXN0000421,ACCT007106,CUST004962,CASE003636,2024-04-12,IMPS,93294.92277032763,GB
TXN0000422,ACCT007229,CUST001013,CASE000361,2023-11-28,UPI,40963.94255615366,IN
TXN0000423,ACCT008172,CUST001954,CASE002278,2024-10-07,UPI,96795.7189878267,AE
TXN0000424,ACCT004056,CUST001909,CASE002276,2024-08-31,UPI,36828.66717281541,GB
TXN0000425,ACCT001300,CUST005551,CASE003175,2023-06-02,NEFT,126703.89914496128,US
TXN0000426,ACCT007171,CUST003743,CASE003126,2024-10-03,IMPS,25294.74456410725,AE
TXN0000427,ACCT008254,CUST001377,CASE002931,2024-12-05,UPI,57312.10901195553,HK
TXN0000428,ACCT008025,CUST000754,CASE002089,2023-09-10,IMPS,95560.9498680896,SG
TXN0000429,ACCT008219,CUST000798,CASE002380,2023-04-26,IMPS,13134.319166109659,US
TXN0000430,ACCT008184,CUST002780,CASE004145,2024-01-15,UPI,12855.201647509455,SG
TXN0000431,ACCT003832,CUST000711,CASE004951,2024-07-24,IMPS,9420.503628057362,US
TXN0000432,ACCT008202,CUST000303,CASE002116,2024-07-04,UPI,25130.8676739703,GB
TXN0000433,ACCT002819,CUST004263,CASE001793,2023-06-09,UPI,68068.26599261297,US
TXN0000434,ACCT008588,CUST001674,CASE000196,2024-09-02,IMPS,68782.93854472325,IN
TXN0000435,ACCT007554,CUST001224,CASE000056,2024-05-29,UPI,32170.78798261506,SG
TXN0000436,ACCT004475,CUST003935,CASE003715,2023-11-23,NEFT,85750.01356356636,HK
TXN0000437,ACCT001165,CUST003143,CASE000905,2023-07-26,IMPS,22090.116456203294,GB
TXN0000438,ACCT007613,CUST000762,CASE003422,2023-09-03,NEFT,13134.598227779366,US
TXN0000439,ACCT003780,CUST001749,CASE002541,2023-11-09,UPI,25829.24999564054,SG
TXN0000440,ACCT007212,CUST002650,CASE003273,2023-12-16,IMPS,50025.65185013626,SG
TXN0000441,ACCT007764,CUST003230,CASE003229,2024-01-09,NEFT,35610.2797137959,IN
TXN0000442,ACCT005781,CUST003604,CASE002802,2024-07-26,IMPS,7019.929400900719,GB
TXN0000443,ACCT002289,CUST004539,CASE001516,2024-12-20,NEFT,32179.687743946753,IN
TXN0000444,ACCT008045,CUST001510,CASE004402,2024-04-29,IMPS,11879.65690986187,US
TXN0000445,ACCT008112,CUST004708,CASE003995,2024-01-25,IMPS,42294.12521438596,AE
TXN0000446,ACCT007669,CUST004489,CASE001365,2023-04-21,NEFT,41830.02324887979,IN
TXN0000447,ACCT007064,CUST004760,CASE000333,2023-10-09,IMPS,26162.39514797205,HK
TXN0000448,ACCT002789,CUST004963,CASE004311,2023-06-30,IMPS,28621.09216026352,HK
TXN0000449,ACCT004516,CUST005474,CASE002501,2023-04-19,NEFT,13757.54910390123,HK
TXN0000450,ACCT007075,CUST001190,CASE000719,2023-05-07,UPI,41117.24414690798,SG
TXN0000451,ACCT004050,CUST004478,CASE001556,2024-06-24,IMPS,53579.77529292278,US
TXN0000452,ACCT003917,CUST000648,CASE000918,2023-03-26,UPI,27823.571496796125,US
TXN0000453,ACCT004307,CUST002792,CASE004357,2024-01-25,NEFT,49816.495486790365,SG
TXN0000454,ACCT005622,CUST002711,CASE002372,2023-04-14,NEFT,29056.60469151555,SG
TXN0000455,ACCT002515,CUST001332,CASE002265,2023-02-28,NEFT,22723.55811256558,AE
TXN0000456,ACCT006752,CUST003046,CASE004287,2023-12-20,NEFT,50608.28225023765,AE
TXN0000457,ACCT005200,CUST005865,CASE004475,2024-11-14,IMPS,29015.053594480938,AE
TXN0000458,ACCT008220,CUST003738,CASE001979,2024-05-25,UPI,33574.77407574258,SG
TXN0000459,ACCT005720,CUST003656,CASE002028,2023-12-02,IMPS,26594.79242254024,GB
TXN0000460,ACCT003332,CUST001110,CASE004401,2023-10-04,IMPS,152080.39339941097,HK
TXN0000461,ACCT004102,CUST002139,CASE001154,2024-12-18,IMPS,39677.897941962176,SG
TXN0000462,ACCT006342,CUST004493,CASE004778,2024-04-22,IMPS,30334.287409860168,IN
TXN0000463,ACCT007081,CUST004566,CASE004938,2024-12-26,NEFT,36883.61180967805,SG
TXN0000464,ACCT007710,CUST004050,CASE001606,2024-04-04,UPI,43485.966457536415,HK
TXN0000465,ACCT008793,CUST003786,CASE002965,2024-10-29,IMPS,24870.473368876264,IN
TXN0000466,ACCT007951,CUST003802,CASE004967,2024-03-14,NEFT,43539.91568215958,IN
TXN0000467,ACCT001483,CUST001682,CASE000632,2024-09-23,NEFT,44419.329291825125,US
TXN0000468,ACCT000953,CUST003922,CASE001043,2024-06-09,IMPS,37383.152995982455,IN
TXN0000469,ACCT003079,CUST004003,CASE000827,2023-05-04,NEFT,38623.97232473226,AE
TXN0000470,ACCT002035,CUST005780,CASE002245,2023-02-02,IMPS,37630.17019403609,SG
TXN0000471,ACCT006271,CUST000994,CASE003417,2023-07-30,IMPS,12675.083546529826,GB
TXN0000472,ACCT002997,CUST003040,CASE003482,2023-09-19,NEFT,10128.761177802158,HK
TXN0000473,ACCT003557,CUST002502,CASE000299,2023-10-02,IMPS,98215.93805902828,US
TXN0000474,ACCT002551,CUST003936,CASE001051,2023-10-25,UPI,80588.98438934055,SG
TXN0000475,ACCT003942,CUST004988,CASE001926,2023-01-12,NEFT,23186.246953810023,IN
TXN0000476,ACCT008103,CUST000008,CASE004318,2024-08-10,IMPS,48091.835342206374,SG
TXN0000477,ACCT001074,CUST001436,CASE002320,2023-04-20,UPI,63408.57270651057,US
TXN0000478,ACCT004875,CUST000722,CASE003997,2023-02-08,NEFT,305070.5746206517,SG
TXN0000479,ACCT006047,CUST004242,CASE001740,2024-04-11,IMPS,94591.58573479,GB
TXN0000480,ACCT004043,CUST005102,CASE004629,2024-05-11,IMPS,37503.93048095799,US
TXN0000481,ACCT007629,CUST002978,CASE002477,2023-01-04,NEFT,16047.54856706937,AE
TXN0000482,ACCT001410,CUST005076,CASE003967,2023-12-30,UPI,20227.78137222173,IN
TXN0000483,ACCT002850,CUST000372,CASE001979,2024-06-19,IMPS,51617.65441204357,AE
TXN0000484,ACCT008012,CUST004303,CASE003574,2024-01-16,UPI,28042.44054079312,SG
TXN0000485,ACCT005623,CUST002926,CASE001043,2023-12-06,UPI,16232.886007844176,HK
TXN0000486,ACCT005849,CUST004774,CASE002540,2023-09-06,NEFT,36842.87128614676,US
TXN0000487,ACCT001749,CUST005813,CASE003192,2023-05-20,UPI,20371.616279333135,HK
TXN0000488,ACCT007013,CUST002498,CASE004753,2023-07-11,IMPS,95949.1466967638,AE
TXN0000489,ACCT002090,CUST004157,CASE001138,2023-02-09,IMPS,50467.16744073245,IN
TXN0000490,ACCT005665,CUST002503,CASE002087,2023-06-11,UPI,53622.47209258744,AE
TXN0000491,ACCT004089,CUST004141,CASE004421,2024-01-03,UPI,62254.608492418745,US
TXN0000492,ACCT005416,CUST000417,CASE003658,2024-09-22,NEFT,31205.41454597927,HK
TXN0000493,ACCT003096,CUST000278,CASE001079,2023-02-24,IMPS,27767.670169374298,US
TXN0000494,ACCT000712,CUST001807,CASE004920,2024-06-18,UPI,95762.10667727316,IN
TXN0000495,ACCT002426,CUST001309,CASE002971,2024-03-16,UPI,48488.69128706983,SG
TXN0000496,ACCT007569,CUST001160,CASE000734,2023-03-07,UPI,29177.2649881017,HK
TXN0000497,ACCT003064,CUST003421,CASE002665,2023-11-01,IMPS,22368.901080879932,US
TXN0000498,ACCT001456,CUST003643,CASE002060,2024-10-09,NEFT,14265.016478391535,AE
TXN0000499,ACCT006454,CUST001495,CASE002377,2023-07-27,NEFT,22703.495601675328,SG
TXN0000500,ACCT003445,CUST003205,CASE003428,2024-09-19,IMPS,83602.46876908027,US
TXN0000501,ACCT001523,CUST000894,CASE000062,2024-08-13,IMPS,90294.92184973008,GB
TXN0000502,ACCT000924,CUST004830,CASE003617,2024-12-15,UPI,19070.378640977226,HK
TXN0000503,ACCT008196,CUST005555,CASE000385,2024-01-31,NEFT,47960.231402948,GB
TXN0000504,ACCT008312,CUST004344,CASE003952,2024-06-03,NEFT,36205.67772201115,IN
TXN0000505,ACCT000924,CUST004830,CASE000324,2023-06-19,NEFT,22417.316387835,IN
TXN0000506,ACCT000715,CUST002236,CASE001735,2023-11-25,IMPS,36994.86796090305,GB
TXN0000507,ACCT002303,CUST004307,CASE003899,2024-05-16,NEFT,24094.929913525248,HK
TXN0000508,ACCT005419,CUST005423,CASE000988,2023-11-17,IMPS,37969.05132174342,HK
TXN0000509,ACCT002715,CUST003835,CASE000228,2024-05-23,NEFT,27368.308698363024,AE
TXN0000510,ACCT004740,CUST004789,CASE001805,2023-06-18,IMPS,58467.57486681709,AE
TXN0000511,ACCT004703,CUST005304,CASE004329,2023-11-17,IMPS,34269.90988600781,SG
TXN0000512,ACCT001066,CUST005524,CASE001645,2024-07-24,NEFT,29020.3242094238,SG
TXN0000513,ACCT001984,CUST003430,CASE000557,2023-09-01,UPI,19725.74002691062,US
TXN0000514,ACCT006004,CUST003149,CASE004661,2023-11-04,NEFT,34809.87101666423,GB
TXN0000515,ACCT006335,CUST001726,CASE004751,2023-10-08,IMPS,73188.50808377458,HK
TXN0000516,ACCT005361,CUST005677,CASE001874,2024-12-16,IMPS,32959.30946110413,GB
TXN0000517,ACCT003587,CUST000440,CASE004665,2023-05-22,UPI,26592.526139522273,HK
TXN0000518,ACCT004458,CUST001946,CASE000072,2023-03-10,UPI,34178.70219540633,US
TXN0000519,ACCT002618,CUST002598,CASE000759,2023-09-11,UPI,86430.04559783191,GB
TXN0000520,ACCT004352,CUST001044,CASE003017,2024-05-07,IMPS,12964.843388097526,GB
TXN0000521,ACCT003244,CUST003538,CASE003249,2024-01-12,UPI,61676.32076410678,HK
TXN0000522,ACCT000739,CUST001112,CASE003520,2024-12-27,UPI,17633.779716094632,SG
TXN0000523,ACCT003507,CUST005031,CASE004466,2023-02-05,NEFT,42130.15811777206,IN
TXN0000524,ACCT003616,CUST001378,CASE001170,2024-03-10,IMPS,18324.566822051936,IN
TXN0000525,ACCT000265,CUST001560,CASE001559,2023-08-30,UPI,12045.611312153565,US
TXN0000526,ACCT002504,CUST002729,CASE000713,2023-01-26,NEFT,16358.523289934377,GB
TXN0000527,ACCT005008,CUST004067,CASE002133,2024-03-08,UPI,37683.6151648128,IN
TXN0000528,ACCT007551,CUST005498,CASE002691,2024-04-04,IMPS,53359.567178598554,AE
TXN0000529,ACCT000892,CUST001994,CASE002409,2024-05-27,UPI,22651.430811416514,HK
TXN0000530,ACCT006601,CUST003585,CASE003591,2023-02-09,UPI,67455.9921344544,US
TXN0000531,ACCT002554,CUST005153,CASE003091,2023-11-01,NEFT,12439.698766604048,US
TXN0000532,ACCT005057,CUST002198,CASE000040,2024-09-28,IMPS,29894.333846840844,GB
TXN0000533,ACCT005068,CUST005652,CASE002917,2023-05-04,IMPS,19620.968823767445,GB
TXN0000534,ACCT000269,CUST003532,CASE002738,2023-05-21,IMPS,23307.950674338765,GB
TXN0000535,ACCT006999,CUST003971,CASE003116,2023-10-20,UPI,43486.96701728914,US
TXN0000536,ACCT002398,CUST002787,CASE003670,2023-09-12,UPI,29736.438969286803,GB
TXN0000537,ACCT002603,CUST004998,CASE003383,2024-07-11,NEFT,25280.61724273394,US
TXN0000538,ACCT002714,CUST004131,CASE002216,2024-06-13,IMPS,100138.7167312791,HK
TXN0000539,ACCT002898,CUST001882,CASE002076,2023-07-07,IMPS,34656.80843259617,GB
TXN0000540,ACCT004120,CUST003818,CASE002896,2023-02-05,UPI,61614.12135961386,IN
TXN0000541,ACCT004887,CUST004373,CASE004205,2023-10-21,UPI,13597.715694471255,HK
TXN0000542,ACCT002766,CUST000509,CASE004260,2024-08-11,NEFT,68765.94801450383,GB
TXN0000543,ACCT008549,CUST003465,CASE002227,2023-05-12,IMPS,128633.89538575952,SG
TXN0000544,ACCT004175,CUST000689,CASE002951,2024-12-27,IMPS,10922.428275990755,IN
TXN0000545,ACCT008522,CUST000335,CASE000711,2023-11-20,NEFT,27209.455934112782,AE
TXN0000546,ACCT004911,CUST000535,CASE001867,2024-02-24,IMPS,36058.4516341667,GB
TXN0000547,ACCT003856,CUST005394,CASE000994,2023-01-22,IMPS,36671.680156513765,HK
TXN0000548,ACCT003124,CUST004520,CASE001108,2023-02-22,IMPS,48734.406161304745,GB
TXN0000549,ACCT003334,CUST000056,CASE002030,2024-09-01,IMPS,38209.41568093395,GB
TXN0000550,ACCT000039,CUST001274,CASE000228,2023-05-05,UPI,51432.55808887087,IN
TXN0000551,ACCT006317,CUST003240,CASE000255,2023-05-21,NEFT,24651.983870080145,IN
TXN0000552,ACCT002512,CUST002687,CASE001772,2023-04-28,NEFT,85758.83186141906,IN
TXN0000553,ACCT003193,CUST005607,CASE001777,2024-05-09,NEFT,58290.31064104774,GB
TXN0000554,ACCT001091,CUST005490,CASE001454,2024-03-05,IMPS,59483.95022886272,IN
TXN0000555,ACCT002752,CUST001930,CASE004500,2023-04-05,UPI,19882.250352920786,US
TXN0000556,ACCT006987,CUST002951,CASE002849,2023-05-23,UPI,22385.60223887009,US
TXN0000557,ACCT000298,CUST004509,CASE002624,2024-01-13,NEFT,20925.16838654758,HK
TXN0000558,ACCT000226,CUST003589,CASE004767,2023-03-23,IMPS,58755.72702180662,GB
TXN0000559,ACCT001298,CUST003812,CASE001742,2024-10-16,NEFT,27994.566089811164,AE
TXN0000560,ACCT004818,CUST000732,CASE004181,2023-06-19,NEFT,48722.82723988083,HK
TXN0000561,ACCT001864,CUST002030,CASE004038,2023-08-10,NEFT,184876.30388933633,SG
TXN0000562,ACCT007133,CUST001854,CASE004526,2023-02-15,IMPS,46605.865853715346,HK
TXN0000563,ACCT000177,CUST002445,CASE000272,2023-05-25,IMPS,32436.167358843206,SG
TXN0000564,ACCT000873,CUST000702,CASE004258,2024-07-23,IMPS,90345.4307128166,IN
TXN0000565,ACCT008935,CUST001411,CASE000935,2024-03-17,IMPS,25877.895136800373,AE
TXN0000566,ACCT003358,CUST005185,CASE000104,2024-06-13,IMPS,8132.085142719229,IN
TXN0000567,ACCT006139,CUST002046,CASE004476,2023-03-01,IMPS,16217.725314888292,AE
TXN0000568,ACCT002275,CUST005813,CASE001313,2023-10-26,NEFT,9757.971797879645,SG
TXN0000569,ACCT002418,CUST001155,CASE000916,2023-06-21,UPI,42346.80429114152,IN
TXN0000570,ACCT007155,CUST004981,CASE001357,2023-08-14,IMPS,42515.23191829056,US
TXN0000571,ACCT003525,CUST002671,CASE000218,2024-06-11,NEFT,143541.20638800313,IN
TXN0000572,ACCT001368,CUST001083,CASE003548,2023-03-29,UPI,46563.63758099202,HK
TXN0000573,ACCT008799,CUST003128,CASE001471,2023-01-06,IMPS,41718.24544080379,SG
TXN0000574,ACCT001571,CUST005333,CASE002102,2024-11-10,NEFT,49413.74760533398,AE
TXN0000575,ACCT007083,CUST005894,CASE001402,2023-05-13,UPI,8354.37273870649,IN
TXN0000576,ACCT004897,CUST000034,CASE000190,2023-06-12,NEFT,45459.43339873499,SG
TXN0000577,ACCT000196,CUST000475,CASE004276,2024-04-17,UPI,78358.69687310045,SG
TXN0000578,ACCT001217,CUST000823,CASE002641,2023-12-14,UPI,18644.144818044027,SG
TXN0000579,ACCT000044,CUST003113,CASE004488,2023-05-08,NEFT,64161.39669776426,SG
TXN0000580,ACCT006765,CUST002082,CASE004068,2024-08-30,UPI,46913.335653273054,US
TXN0000581,ACCT004105,CUST005741,CASE000057,2023-02-08,NEFT,29982.68342657411,US
TXN0000582,ACCT003723,CUST003259,CASE002410,2023-07-31,NEFT,65507.92700260515,IN
TXN0000583,ACCT005567,CUST002417,CASE000064,2024-07-11,NEFT,122766.67756890743,IN
TXN0000584,ACCT008152,CUST005413,CASE004874,2024-05-13,NEFT,42537.06705586531,HK
TXN0000585,ACCT003972,CUST002155,CASE000966,2023-01-21,IMPS,48224.94473752601,GB
TXN0000586,ACCT008965,CUST000486,CASE000738,2023-03-25,NEFT,21386.961910721944,AE
TXN0000587,ACCT001036,CUST001166,CASE001602,2024-11-26,NEFT,19325.6385219766,HK
TXN0000588,ACCT008752,CUST003055,CASE000324,2024-04-08,IMPS,43342.49163091416,SG
TXN0000589,ACCT000483,CUST003373,CASE000527,2023-09-02,NEFT,20157.675835554423,IN
TXN0000590,ACCT007686,CUST005429,CASE000637,2024-09-14,NEFT,53642.18060685685,GB
TXN0000591,ACCT001454,CUST001780,CASE004430,2023-07-30,NEFT,19197.443064692736,SG
TXN0000592,ACCT007208,CUST004477,CASE003323,2024-03-07,IMPS,50572.01289639471,AE
TXN0000593,ACCT001468,CUST001555,CASE000459,2024-10-06,NEFT,64277.391439765684,HK
TXN0000594,ACCT000414,CUST000946,CASE000658,2024-06-15,IMPS,82579.19203484459,AE
TXN0000595,ACCT008887,CUST005718,CASE001019,2024-12-10,UPI,20511.881344290443,IN
TXN0000596,ACCT004496,CUST001515,CASE003295,2024-09-10,NEFT,39428.07833703367,HK
TXN0000597,ACCT007193,CUST005023,CASE002772,2024-10-30,IMPS,29386.534938592325,AE
TXN0000598,ACCT004391,CUST002872,CASE003965,2023-03-16,UPI,28166.80046577344,IN
TXN0000599,ACCT002512,CUST002687,CASE000616,2023-09-15,NEFT,48149.61522926696,HK
TXN0000600,ACCT008733,CUST005502,CASE000035,2024-06-30,NEFT,42849.41019613206,SG
TXN0000601,ACCT002780,CUST002417,CASE001114,2024-01-08,NEFT,17775.9321800002,SG
TXN0000602,ACCT002593,CUST004368,CASE001496,2024-06-08,RTGS,43381.40405387537,US
TXN0000603,ACCT004807,CUST002407,CASE004113,2024-09-30,RTGS,81976.14313693233,HK
TXN0000604,ACCT005007,CUST004491,CASE002781,2023-07-16,NEFT,57161.27505943179,GB
TXN0000605,ACCT003375,CUST000221,CASE001989,2023-02-23,RTGS,86128.10493844043,US
TXN0000606,ACCT002403,CUST002616,CASE004330,2024-08-07,NEFT,24191.692998067912,SG
TXN0000607,ACCT000120,CUST003759,CASE002036,2023-05-16,RTGS,16921.46162072998,US
TXN0000608,ACCT001429,CUST000952,CASE001073,2024-10-10,RTGS,10731.868400968211,GB
TXN0000609,ACCT008323,CUST002265,CASE001361,2024-06-27,RTGS,88616.87483780863,AE
TXN0000610,ACCT003312,CUST001196,CASE002554,2024-11-06,NEFT,46651.80071100794,IN
TXN0000611,ACCT008718,CUST002674,CASE002014,2023-12-16,NEFT,24844.38544856412,SG
TXN0000612,ACCT000213,CUST004970,CASE001608,2023-04-12,NEFT,35484.906207829394,SG
TXN0000613,ACCT005973,CUST005729,CASE004327,2023-07-14,RTGS,22863.65255489389,US
TXN0000614,ACCT004534,CUST000647,CASE002321,2023-11-10,NEFT,187082.36146049842,SG
TXN0000615,ACCT007846,CUST002290,CASE002511,2024-08-27,NEFT,34714.266321516494,AE
TXN0000616,ACCT003483,CUST002811,CASE002782,2023-04-01,NEFT,47106.98705280275,SG
TXN0000617,ACCT008653,CUST001949,CASE001366,2024-02-06,RTGS,47380.44783346974,IN
TXN0000618,ACCT000356,CUST004743,CASE002460,2024-11-26,NEFT,52836.03469711997,HK
TXN0000619,ACCT006947,CUST002719,CASE000912,2023-03-29,RTGS,30656.338218898032,IN
TXN0000620,ACCT004058,CUST002838,CASE002362,2023-08-14,NEFT,25080.554353578704,AE
TXN0000621,ACCT001827,CUST002543,CASE001757,2024-08-18,RTGS,37345.75730242971,GB
TXN0000622,ACCT001806,CUST005580,CASE000018,2023-11-06,NEFT,100120.94205388201,IN
TXN0000623,ACCT003776,CUST000748,CASE000617,2023-11-13,RTGS,93032.04417607491,US
TXN0000624,ACCT005500,CUST003476,CASE000400,2024-07-17,NEFT,89949.86748733626,SG
TXN0000625,ACCT008733,CUST005502,CASE004122,2023-03-31,NEFT,22047.222472481524,IN
TXN0000626,ACCT001030,CUST000941,CASE003146,2024-08-29,NEFT,24891.65501385639,AE
TXN0000627,ACCT007282,CUST004824,CASE000109,2023-08-27,NEFT,37222.33665029034,HK
TXN0000628,ACCT000479,CUST003378,CASE004874,2023-11-20,NEFT,27813.438780553337,GB
TXN0000629,ACCT004964,CUST004484,CASE001205,2024-05-16,RTGS,77602.49847811474,IN
TXN0000630,ACCT008016,CUST002880,CASE003480,2023-11-26,NEFT,13421.3568630626,IN
TXN0000631,ACCT007846,CUST002290,CASE001350,2023-04-20,NEFT,65729.58569245339,SG
TXN0000632,ACCT007557,CUST000938,CASE000014,2023-04-04,NEFT,36172.90916041422,SG
TXN0000633,ACCT008051,CUST005233,CASE004433,2023-06-08,RTGS,33761.90864042586,HK
TXN0000634,ACCT000875,CUST005899,CASE003204,2023-06-14,NEFT,20658.330837311172,IN
TXN0000635,ACCT006202,CUST003862,CASE003237,2023-02-28,RTGS,11375.133140942797,HK
TXN0000636,ACCT001694,CUST003393,CASE000553,2023-02-25,NEFT,70262.51752178735,SG
TXN0000637,ACCT005046,CUST000779,CASE003897,2023-08-18,NEFT,43994.506610752906,AE
TXN0000638,ACCT000612,CUST002006,CASE002900,2023-03-24,RTGS,13687.921743322166,US
TXN0000639,ACCT000443,CUST003620,CASE004913,2024-08-27,RTGS,16273.347564793617,SG
TXN0000640,ACCT002313,CUST003817,CASE004013,2023-07-15,RTGS,31355.16915912276,GB
TXN0000641,ACCT002403,CUST002616,CASE003915,2023-10-22,NEFT,100592.59955500043,US
TXN0000642,ACCT007076,CUST005376,CASE000130,2023-11-29,NEFT,36216.968540128735,HK
TXN0000643,ACCT006309,CUST002569,CASE004387,2024-05-15,NEFT,10286.14414649879,IN
TXN0000644,ACCT007252,CUST001230,CASE001937,2024-04-17,NEFT,35128.5960471643,SG
TXN0000645,ACCT001432,CUST004404,CASE003358,2024-09-18,RTGS,36395.5094484519,US
TXN0000646,ACCT000120,CUST003759,CASE003834,2023-07-14,RTGS,7841.619114430732,HK
TXN0000647,ACCT003435,CUST001819,CASE000467,2024-10-11,NEFT,30354.579102912132,IN
TXN0000648,ACCT001827,CUST002543,CASE002547,2024-06-29,NEFT,23698.136337435335,GB
TXN0000649,ACCT006270,CUST003374,CASE004772,2024-11-24,NEFT,53989.30033626007,SG
TXN0000650,ACCT008029,CUST001777,CASE001970,2023-10-07,NEFT,96522.66316492029,SG
TXN0000651,ACCT002974,CUST004407,CASE004840,2024-09-22,RTGS,74622.96946480307,SG
TXN0000652,ACCT003606,CUST000678,CASE002644,2024-07-13,RTGS,33765.85328845858,HK
TXN0000653,ACCT001571,CUST005333,CASE002889,2024-04-10,RTGS,22078.624404982656,GB
TXN0000654,ACCT007408,CUST000093,CASE004513,2023-10-15,NEFT,122221.7431566473,SG
TXN0000655,ACCT004534,CUST000647,CASE002660,2023-04-04,NEFT,42643.87256496387,AE
TXN0000656,ACCT002974,CUST004407,CASE003508,2024-05-27,NEFT,37178.1819467542,SG
TXN0000657,ACCT006462,CUST002230,CASE004791,2024-02-20,RTGS,40427.84755149354,US
TXN0000658,ACCT002135,CUST002541,CASE002206,2024-06-30,NEFT,29016.17947867636,IN
TXN0000659,ACCT000022,CUST004598,CASE004673,2024-09-12,RTGS,23600.51643407505,GB
TXN0000660,ACCT005478,CUST004168,CASE003849,2024-04-13,RTGS,21575.710970733555,SG
TXN0000661,ACCT005051,CUST005302,CASE003950,2024-07-08,NEFT,22800.379299435983,HK
TXN0000662,ACCT008783,CUST004839,CASE001072,2023-12-21,RTGS,27338.949444028363,GB
TXN0000663,ACCT001432,CUST004404,CASE000184,2024-03-03,NEFT,18013.16225051508,HK
TXN0000664,ACCT008330,CUST004076,CASE004906,2023-03-31,RTGS,19581.37236688715,HK
TXN0000665,ACCT008738,CUST004018,CASE003133,2024-03-10,NEFT,30343.042516488626,SG
TXN0000666,ACCT007190,CUST001364,CASE000541,2023-09-10,NEFT,33486.75102656746,HK
TXN0000667,ACCT005046,CUST000779,CASE001896,2023-07-07,NEFT,62904.010951881006,IN
TXN0000668,ACCT000880,CUST005658,CASE002047,2024-03-16,NEFT,6242.478661440952,HK
TXN0000669,ACCT000908,CUST002512,CASE001632,2024-06-03,NEFT,74042.30836989309,IN
TXN0000670,ACCT005051,CUST005302,CASE000548,2024-08-20,NEFT,92132.11507235556,IN
TXN0000671,ACCT000376,CUST005503,CASE003385,2024-08-16,RTGS,12689.076532226201,HK
TXN0000672,ACCT006679,CUST004836,CASE003737,2023-10-23,RTGS,27724.451565637162,HK
TXN0000673,ACCT006309,CUST002569,CASE001705,2024-05-24,RTGS,25463.47828720118,SG
TXN0000674,ACCT000880,CUST005658,CASE000910,2023-07-06,RTGS,16065.197068129582,IN
TXN0000675,ACCT007084,CUST000970,CASE001683,2024-04-20,NEFT,20391.33167272383,AE
TXN0000676,ACCT007084,CUST000970,CASE001545,2023-06-29,NEFT,19250.925754030795,GB
TXN0000677,ACCT005478,CUST004168,CASE004261,2023-09-29,NEFT,92055.07268979544,SG
TXN0000678,ACCT002126,CUST005866,CASE003541,2023-11-19,NEFT,60053.21645225352,AE
TXN0000679,ACCT007778,CUST001542,CASE001011,2024-08-10,RTGS,69903.23691854884,GB
TXN0000680,ACCT005746,CUST000381,CASE003442,2024-01-05,RTGS,64164.29843890089,SG
TXN0000681,ACCT004123,CUST000990,CASE004743,2024-06-27,RTGS,20281.231176991154,HK
TXN0000682,ACCT006883,CUST001069,CASE002681,2023-03-13,RTGS,20556.448578734187,HK
TXN0000683,ACCT003174,CUST005758,CASE002960,2023-06-02,NEFT,37585.772619351934,US
TXN0000684,ACCT003203,CUST004809,CASE001481,2023-06-04,NEFT,16429.31291864794,US
TXN0000685,ACCT006202,CUST003862,CASE004829,2024-05-04,NEFT,69352.19868262942,SG
TXN0000686,ACCT006527,CUST002647,CASE004784,2024-05-30,RTGS,28192.951510914092,SG
TXN0000687,ACCT004249,CUST004892,CASE002634,2023-09-19,RTGS,30580.896872211684,AE
TXN0000688,ACCT006947,CUST002719,CASE001280,2023-11-14,NEFT,38504.774735116676,GB
TXN0000689,ACCT008738,CUST004018,CASE000077,2023-10-14,RTGS,45568.26534538241,IN
TXN0000690,ACCT002403,CUST002616,CASE002468,2024-09-15,RTGS,32616.539536823762,HK
TXN0000691,ACCT008920,CUST003773,CASE002816,2024-09-11,NEFT,66951.67822726125,IN
TXN0000692,ACCT000304,CUST000765,CASE000629,2024-10-11,NEFT,20466.60917156413,HK
TXN0000693,ACCT006997,CUST000816,CASE003469,2023-08-06,RTGS,60636.03517683773,IN
TXN0000694,ACCT006883,CUST001069,CASE003993,2024-06-29,NEFT,47369.58146583752,US
TXN0000695,ACCT000304,CUST000765,CASE001454,2023-10-29,RTGS,27067.78356383568,HK
TXN0000696,ACCT003955,CUST004067,CASE004601,2024-12-06,NEFT,46334.27356194836,HK
TXN0000697,ACCT000612,CUST002006,CASE003465,2023-11-02,NEFT,14920.335766818438,HK
TXN0000698,ACCT007147,CUST004014,CASE002664,2024-08-29,RTGS,45220.44534121431,SG
TXN0000699,ACCT008600,CUST003637,CASE004770,2023-12-19,RTGS,23448.74675163035,SG
TXN0000700,ACCT008920,CUST003773,CASE000116,2023-11-28,NEFT,24358.675683310288,SG
TXN0000701,ACCT006082,CUST002050,CASE000588,2023-05-01,RTGS,58331.32103012454,AE
TXN0000702,ACCT002572,CUST005657,CASE003043,2023-06-25,NEFT,21771.4921803897,IN
TXN0000703,ACCT000875,CUST005899,CASE000668,2023-03-24,RTGS,13889.547631541423,AE
TXN0000704,ACCT003425,CUST005285,CASE003178,2024-04-08,RTGS,16607.23982445625,US
TXN0000705,ACCT004366,CUST005240,CASE004683,2024-08-27,RTGS,51120.93383502522,HK
TXN0000706,ACCT001571,CUST005333,CASE001679,2024-05-31,RTGS,14748.378429436916,HK
TXN0000707,ACCT004417,CUST002416,CASE000644,2024-10-24,RTGS,81073.11029941203,HK
TXN0000708,ACCT001030,CUST000941,CASE003321,2023-05-15,NEFT,8440.742072453737,US
TXN0000709,ACCT007803,CUST005697,CASE000742,2023-04-24,NEFT,96150.02894828502,US
TXN0000710,ACCT002403,CUST002616,CASE002834,2024-11-11,NEFT,33615.75009263983,AE
TXN0000711,ACCT003762,CUST000676,CASE003386,2023-06-14,NEFT,31442.754743259044,AE
TXN0000712,ACCT008113,CUST000031,CASE003208,2024-02-15,RTGS,24791.668459820812,US
TXN0000713,ACCT002464,CUST002997,CASE002441,2024-10-13,RTGS,51577.54654223042,IN
TXN0000714,ACCT005670,CUST005289,CASE001786,2024-01-30,NEFT,41510.0535554725,AE
TXN0000715,ACCT007282,CUST004824,CASE003121,2023-09-24,RTGS,54584.835150751955,AE
TXN0000716,ACCT003910,CUST004396,CASE003385,2024-10-03,NEFT,41609.99641141239,IN
TXN0000717,ACCT008595,CUST004436,CASE004425,2023-02-09,NEFT,42681.10957582129,IN
TXN0000718,ACCT003425,CUST005285,CASE004606,2023-05-18,RTGS,28233.820416929706,SG
TXN0000719,ACCT005965,CUST002821,CASE004117,2024-06-23,NEFT,38089.676762376985,IN
TXN0000720,ACCT008733,CUST005502,CASE003206,2024-10-20,NEFT,49555.04516378242,HK
TXN0000721,ACCT006138,CUST001662,CASE000604,2024-02-07,RTGS,10500.897392818777,GB
TXN0000722,ACCT008783,CUST004839,CASE002755,2024-04-26,RTGS,14784.06483905273,IN
TXN0000723,ACCT004374,CUST002842,CASE001418,2024-05-19,RTGS,70321.77980239032,GB
TXN0000724,ACCT004449,CUST005712,CASE001622,2023-11-07,RTGS,46517.266587395025,GB
TXN0000725,ACCT004286,CUST004613,CASE003672,2024-08-27,RTGS,24859.831407867903,GB
TXN0000726,ACCT007264,CUST005132,CASE000389,2024-04-27,NEFT,34362.149127049524,GB
TXN0000727,ACCT006883,CUST001069,CASE000550,2024-04-06,RTGS,39731.17575062227,AE
TXN0000728,ACCT006093,CUST004808,CASE000592,2024-10-09,RTGS,20027.53060788561,US
TXN0000729,ACCT008589,CUST004266,CASE001387,2024-02-29,NEFT,25881.67172468734,IN
TXN0000730,ACCT001540,CUST005621,CASE002198,2024-01-09,RTGS,30408.10390929618,US
TXN0000731,ACCT000004,CUST002254,CASE003609,2023-12-14,NEFT,18291.250722226145,HK
TXN0000732,ACCT007253,CUST001329,CASE003169,2023-05-14,NEFT,44933.07146981334,IN
TXN0000733,ACCT007327,CUST004606,CASE001074,2024-12-21,NEFT,13784.89889483327,US
TXN0000734,ACCT008491,CUST005189,CASE002098,2023-06-27,RTGS,68030.40383388815,GB
TXN0000735,ACCT001283,CUST003134,CASE001948,2024-12-01,RTGS,45924.12730409126,US
TXN0000736,ACCT008483,CUST001136,CASE000279,2023-02-12,RTGS,36973.52702499026,GB
TXN0000737,ACCT005636,CUST002690,CASE003634,2024-08-12,RTGS,70592.12955661141,US
TXN0000738,ACCT007190,CUST001364,CASE001543,2024-09-09,RTGS,120518.16727966513,HK
TXN0000739,ACCT005999,CUST003038,CASE003766,2023-04-08,RTGS,67382.16557934083,IN
TXN0000740,ACCT008600,CUST003637,CASE000282,2024-07-05,RTGS,8856.67600073888,GB
TXN0000741,ACCT005373,CUST001664,CASE001146,2023-05-16,RTGS,16582.205830913106,IN
TXN0000742,ACCT001571,CUST005333,CASE004734,2023-03-23,NEFT,24787.85260230051,US
TXN0000743,ACCT007514,CUST004229,CASE000143,2023-07-20,RTGS,43069.960879114304,AE
TXN0000744,ACCT002895,CUST003475,CASE003075,2024-02-25,RTGS,41882.08016029871,SG
TXN0000745,ACCT000479,CUST003378,CASE000021,2024-04-24,NEFT,15863.972694360767,SG
TXN0000746,ACCT001981,CUST003129,CASE001588,2024-11-12,RTGS,38924.40958698391,US
TXN0000747,ACCT004058,CUST002838,CASE003692,2023-08-21,RTGS,21955.606101406527,AE
TXN0000748,ACCT006657,CUST000789,CASE002800,2024-05-03,NEFT,22685.90738395805,SG
TXN0000749,ACCT003628,CUST004441,CASE002899,2024-08-11,NEFT,15005.843993501834,US
TXN0000750,ACCT002403,CUST002616,CASE001740,2024-11-21,NEFT,20521.74668968779,IN
TXN0000751,ACCT007885,CUST004618,CASE004058,2023-05-10,RTGS,14830.293753223095,US
TXN0000752,ACCT002936,CUST004720,CASE000743,2023-09-25,NEFT,20231.593416838,SG
TXN0000753,ACCT006300,CUST005172,CASE000335,2024-09-18,RTGS,70143.52120000674,IN
TXN0000754,ACCT000544,CUST005494,CASE004149,2024-01-16,NEFT,25338.84986048957,SG
TXN0000755,ACCT005621,CUST003992,CASE004065,2024-06-03,NEFT,163817.48798043354,SG
TXN0000756,ACCT006657,CUST000789,CASE000266,2024-10-29,NEFT,54205.828620056294,US
TXN0000757,ACCT004487,CUST003257,CASE000555,2024-04-21,RTGS,32316.38322214306,US
TXN0000758,ACCT005500,CUST003476,CASE004437,2023-10-29,NEFT,16008.84693471785,GB
TXN0000759,ACCT000573,CUST005043,CASE004776,2023-04-21,NEFT,48753.99203128801,GB
TXN0000760,ACCT008974,CUST000791,CASE004734,2024-11-28,RTGS,28579.648259707155,SG
TXN0000761,ACCT002970,CUST001223,CASE004831,2023-10-01,NEFT,27785.514518926488,IN
TXN0000762,ACCT008178,CUST002521,CASE003836,2024-07-11,RTGS,137922.37410274294,HK
TXN0000763,ACCT000908,CUST002512,CASE004290,2024-11-06,RTGS,42827.69218585161,US
TXN0000764,ACCT001283,CUST003134,CASE004622,2023-02-12,RTGS,86248.64241724079,US
TXN0000765,ACCT007076,CUST005376,CASE001593,2023-09-13,RTGS,23417.68791159141,IN
TXN0000766,ACCT001806,CUST005580,CASE004657,2023-08-04,RTGS,34489.507045832,GB
TXN0000767,ACCT007274,CUST004077,CASE001986,2023-11-25,NEFT,113769.68621948759,US
TXN0000768,ACCT002970,CUST001223,CASE004514,2023-09-27,RTGS,23622.001334101667,SG
TXN0000769,ACCT006452,CUST001541,CASE004173,2023-04-01,NEFT,86595.22305767334,HK
TXN0000770,ACCT003146,CUST004313,CASE004042,2023-12-12,RTGS,51516.96326857625,IN
TXN0000771,ACCT007885,CUST004618,CASE004348,2023-03-17,NEFT,28919.432845410145,HK
TXN0000772,ACCT001283,CUST003134,CASE001522,2024-02-26,RTGS,44086.99092064043,AE
TXN0000773,ACCT007998,CUST004260,CASE003950,2024-01-06,RTGS,59632.79188028841,IN
TXN0000774,ACCT003174,CUST005758,CASE003097,2024-06-28,RTGS,58744.878281969424,SG
TXN0000775,ACCT000386,CUST000820,CASE003394,2023-09-06,RTGS,10075.039909003694,HK
TXN0000776,ACCT007771,CUST003566,CASE002920,2023-10-03,RTGS,17123.833409668885,AE
TXN0000777,ACCT004472,CUST005424,CASE004246,2024-07-10,RTGS,34137.1401232607,US
TXN0000778,ACCT007442,CUST005139,CASE004945,2024-06-22,RTGS,26231.368225703714,US
TXN0000779,ACCT002936,CUST004720,CASE000844,2023-04-21,RTGS,60434.24899032557,IN
TXN0000780,ACCT004344,CUST001829,CASE002821,2024-10-03,NEFT,38384.765697800576,IN
TXN0000781,ACCT001283,CUST003134,CASE003017,2024-02-19,RTGS,15027.334182483839,IN
TXN0000782,ACCT004964,CUST004484,CASE000555,2024-02-26,NEFT,31021.650272289542,US
TXN0000783,ACCT001571,CUST005333,CASE002622,2023-06-17,NEFT,48484.431090996484,US
TXN0000784,ACCT003425,CUST005285,CASE002819,2024-09-01,RTGS,41584.67624057796,HK
TXN0000785,ACCT005930,CUST003073,CASE002946,2023-08-08,NEFT,81164.0972565061,AE
TXN0000786,ACCT004449,CUST005712,CASE002763,2023-03-31,RTGS,56065.56710791352,GB
TXN0000787,ACCT007076,CUST005376,CASE004456,2023-12-09,NEFT,58233.28009164085,IN
TXN0000788,ACCT005930,CUST003073,CASE000902,2024-01-26,NEFT,42849.361301548655,GB
TXN0000789,ACCT007913,CUST004947,CASE002056,2024-04-25,RTGS,15035.43955073191,HK
TXN0000790,ACCT000703,CUST003908,CASE001714,2024-06-05,NEFT,57592.86187068018,GB
TXN0000791,ACCT006998,CUST002585,CASE003637,2024-01-30,RTGS,43247.41526569521,GB
TXN0000792,ACCT008339,CUST001717,CASE001270,2023-05-06,NEFT,41851.801045726206,AE
TXN0000793,ACCT004417,CUST002416,CASE004182,2024-07-29,NEFT,12269.984126442185,GB
TXN0000794,ACCT006550,CUST001372,CASE000777,2024-07-16,NEFT,14843.244692973374,US
TXN0000795,ACCT005159,CUST004695,CASE001346,2023-03-22,RTGS,59588.26735839531,SG
TXN0000796,ACCT004299,CUST000164,CASE000030,2023-04-07,NEFT,42132.266009286235,IN
TXN0000797,ACCT002997,CUST003040,CASE001299,2023-07-07,NEFT,49593.69138672312,US
TXN0000798,ACCT003788,CUST003646,CASE000075,2024-07-02,RTGS,35062.42943248606,SG
TXN0000799,ACCT004220,CUST003925,CASE004127,2024-01-10,RTGS,45276.86500670324,US
TXN0000800,ACCT002282,CUST000995,CASE004393,2024-10-22,IMPS,147493.94,SG
TXN0000801,ACCT001514,CUST003449,CASE002394,2024-10-22,IMPS,164350.39,GB
TXN0000802,ACCT003190,CUST002221,CASE002442,2024-10-22,NEFT,181206.84,HK
TXN0000803,ACCT002421,CUST002378,CASE000415,2024-10-22,IMPS,198063.29,GB
TXN0000804,ACCT006008,CUST004269,CASE001728,2024-10-22,NEFT,214919.74,IN
TXN0000805,ACCT000978,CUST004967,CASE002962,2024-10-22,NEFT,231776.19,US
TXN0000806,ACCT008594,CUST005591,CASE001451,2024-10-22,IMPS,248632.64,US
TXN0000807,ACCT006846,CUST002616,CASE003237,2024-10-22,IMPS,265489.09,HK
TXN0000808,ACCT002829,CUST003650,CASE003219,2024-10-22,NEFT,282345.54,AE
TXN0000809,ACCT003316,CUST002261,CASE001248,2024-08-01,IMPS,61632.54,US
TXN0000810,ACCT004000,CUST003865,CASE001931,2024-08-01,NEFT,68676.25,AE
TXN0000811,ACCT000270,CUST002903,CASE002553,2024-08-01,IMPS,75719.97,US
TXN0000812,ACCT004809,CUST003857,CASE004224,2024-08-01,NEFT,82763.69,SG
TXN0000813,ACCT006348,CUST000852,CASE002305,2024-08-01,IMPS,89807.41,US
TXN0000814,ACCT000687,CUST000527,CASE000740,2024-08-01,NEFT,96851.13,HK
TXN0000815,ACCT001690,CUST003474,CASE002082,2024-08-01,NEFT,103894.85,GB
TXN0000816,ACCT007686,CUST005429,CASE000284,2024-08-01,NEFT,110938.56,AE
TXN0000817,ACCT002584,CUST004595,CASE000501,2024-08-01,NEFT,117982.28,GB
TXN0000818,ACCT006361,CUST001036,CASE004294,2024-08-06,NEFT,88986.91,SG
TXN0000819,ACCT006752,CUST003046,CASE002607,2024-08-06,IMPS,99156.84,SG
TXN0000820,ACCT003849,CUST004924,CASE002377,2024-08-06,NEFT,109326.78,IN
TXN0000821,ACCT006150,CUST000055,CASE003717,2024-08-06,IMPS,119496.71,US
TXN0000822,ACCT007071,CUST005777,CASE001248,2024-08-06,IMPS,129666.64,AE
TXN0000823,ACCT002932,CUST004128,CASE000623,2024-08-06,IMPS,139836.58,IN
TXN0000824,ACCT008380,CUST000446,CASE000359,2023-10-25,IMPS,63653.33,GB
TXN0000825,ACCT005116,CUST004286,CASE001497,2023-10-25,NEFT,70928.0,HK
TXN0000826,ACCT008636,CUST001216,CASE002427,2023-10-25,NEFT,78202.66,HK
TXN0000827,ACCT006996,CUST005814,CASE000852,2023-10-25,NEFT,85477.33,HK
TXN0000828,ACCT001308,CUST005235,CASE002749,2023-10-25,IMPS,92752.0,AE
TXN0000829,ACCT000597,CUST002325,CASE003111,2023-10-25,NEFT,100026.66,AE
TXN0000830,ACCT004546,CUST003679,CASE003856,2023-08-12,IMPS,64723.15,AE
TXN0000831,ACCT001190,CUST004522,CASE000624,2023-08-12,NEFT,72120.09,HK
TXN0000832,ACCT000392,CUST001086,CASE000459,2023-08-12,IMPS,79517.02,AE
TXN0000833,ACCT006823,CUST002461,CASE001253,2023-08-12,IMPS,86913.95,AE
TXN0000834,ACCT006372,CUST004429,CASE002839,2023-08-12,NEFT,94310.88,SG
TXN0000835,ACCT008055,CUST005671,CASE000115,2023-08-12,IMPS,101707.82,HK
TXN0000836,ACCT008941,CUST001055,CASE000555,2023-08-12,NEFT,109104.75,GB
TXN0000837,ACCT008919,CUST003419,CASE003802,2023-08-12,NEFT,116501.68,AE
TXN0000838,ACCT006142,CUST001278,CASE004431,2023-03-15,IMPS,69777.63,SG
TXN0000839,ACCT000393,CUST002860,CASE001822,2023-03-15,NEFT,77752.22,GB
TXN0000840,ACCT002768,CUST000969,CASE001000,2023-03-15,NEFT,85726.8,HK
TXN0000841,ACCT003996,CUST000361,CASE002087,2023-03-15,NEFT,93701.39,HK
TXN0000842,ACCT000419,CUST002309,CASE002924,2023-03-15,IMPS,101675.98,SG
TXN0000843,ACCT005670,CUST005289,CASE001399,2023-03-15,NEFT,109650.56,US
TXN0000844,ACCT000499,CUST001827,CASE002398,2023-03-15,NEFT,117625.15,US
TXN0000845,ACCT006974,CUST005706,CASE001283,2023-03-15,NEFT,125599.74,IN
TXN0000846,ACCT007107,CUST004646,CASE004159,2023-03-15,NEFT,133574.32,GB
TXN0000847,ACCT007283,CUST005403,CASE002921,2023-03-15,NEFT,141548.91,GB
TXN0000848,ACCT008340,CUST003561,CASE000985,2024-03-01,NEFT,95975.89,AE
TXN0000849,ACCT005804,CUST003923,CASE004975,2024-03-01,IMPS,106944.57,HK
TXN0000850,ACCT002273,CUST001291,CASE002738,2024-03-01,NEFT,117913.24,IN
TXN0000851,ACCT001814,CUST001237,CASE000468,2024-03-01,IMPS,128881.91,HK
TXN0000852,ACCT007217,CUST004836,CASE001114,2024-03-01,NEFT,139850.59,SG
TXN0000853,ACCT006431,CUST001338,CASE001898,2024-03-01,NEFT,150819.26,US
TXN0000854,ACCT000888,CUST002411,CASE001245,2023-07-14,IMPS,63027.28,AE
TXN0000855,ACCT004048,CUST004042,CASE004144,2023-07-14,NEFT,70230.4,SG
TXN0000856,ACCT002766,CUST000509,CASE000388,2023-07-14,IMPS,77433.51,GB
TXN0000857,ACCT005987,CUST003188,CASE003948,2023-07-14,NEFT,84636.63,GB
TXN0000858,ACCT000751,CUST002280,CASE002907,2023-07-14,IMPS,91839.75,SG
TXN0000859,ACCT002759,CUST004694,CASE004884,2023-07-14,NEFT,99042.87,US
TXN0000860,ACCT007969,CUST003677,CASE001265,2023-07-14,IMPS,106245.98,GB
TXN0000861,ACCT008595,CUST004436,CASE002356,2024-09-29,NEFT,178443.22,US
TXN0000862,ACCT000314,CUST003105,CASE002014,2024-09-29,IMPS,198836.73,AE
TXN0000863,ACCT003131,CUST004389,CASE004222,2024-09-29,NEFT,219230.25,SG
TXN0000864,ACCT003683,CUST005747,CASE002726,2024-09-29,NEFT,239623.76,IN
TXN0000865,ACCT000431,CUST000417,CASE004188,2024-09-29,IMPS,260017.27,HK
TXN0000866,ACCT008565,CUST002395,CASE002741,2024-09-29,NEFT,280410.78,US
TXN0000867,ACCT006732,CUST003758,CASE002581,2024-09-29,NEFT,300804.29,IN
TXN0000868,ACCT004173,CUST005164,CASE001732,2024-09-29,NEFT,321197.8,HK
TXN0000869,ACCT001717,CUST002470,CASE004654,2024-01-01,NEFT,49109.49,IN
TXN0000870,ACCT000973,CUST000698,CASE003864,2024-01-01,NEFT,54722.01,IN
TXN0000871,ACCT000852,CUST005000,CASE002060,2024-01-01,IMPS,60334.52,GB
TXN0000872,ACCT007919,CUST003030,CASE000243,2024-01-01,NEFT,65947.03,AE
TXN0000873,ACCT004148,CUST004207,CASE002921,2024-01-01,IMPS,71559.55,HK
TXN0000874,ACCT004734,CUST003824,CASE004342,2024-01-01,IMPS,77172.06,HK
TXN0000875,ACCT004214,CUST002014,CASE003988,2024-01-01,IMPS,82784.58,AE
TXN0000876,ACCT004557,CUST001655,CASE000476,2023-11-02,IMPS,75090.48,SG
TXN0000877,ACCT006200,CUST001943,CASE002158,2023-11-02,IMPS,83672.25,IN
TXN0000878,ACCT006634,CUST005077,CASE000055,2023-11-02,NEFT,92254.02,US
TXN0000879,ACCT006178,CUST001432,CASE004451,2023-11-02,NEFT,100835.79,IN
TXN0000880,ACCT000081,CUST001717,CASE003575,2023-11-02,NEFT,109417.56,US
TXN0000881,ACCT007250,CUST004633,CASE004105,2023-11-02,NEFT,117999.33,GB
TXN0000882,ACCT002214,CUST005286,CASE002913,2023-11-02,NEFT,126581.1,AE
TXN0000883,ACCT003591,CUST001119,CASE000039,2023-11-02,IMPS,135162.87,SG
TXN0000884,ACCT004048,CUST004042,CASE003528,2023-10-18,NEFT,64520.19,HK
TXN0000885,ACCT005981,CUST005031,CASE004579,2023-10-18,IMPS,71893.93,IN
TXN0000886,ACCT001917,CUST005490,CASE000809,2023-10-18,NEFT,79267.66,HK
TXN0000887,ACCT006589,CUST003594,CASE003280,2023-10-18,NEFT,86641.4,HK
TXN0000888,ACCT000299,CUST000803,CASE003768,2023-10-18,NEFT,94015.13,SG
TXN0000889,ACCT002241,CUST004242,CASE002144,2023-10-18,NEFT,101388.87,GB
TXN0000890,ACCT006487,CUST001780,CASE002036,2023-10-18,NEFT,108762.61,SG
TXN0000891,ACCT005384,CUST004943,CASE003994,2023-10-18,NEFT,116136.34,HK
TXN0000892,ACCT007916,CUST001239,CASE001284,2023-10-18,IMPS,123510.08,US
TXN0000893,ACCT007228,CUST005885,CASE001804,2023-10-18,NEFT,130883.81,IN
TXN0000894,ACCT005864,CUST003099,CASE001940,2023-05-21,IMPS,200137.28,SG
TXN0000895,ACCT003938,CUST003560,CASE000762,2023-05-21,NEFT,223010.11,IN
TXN0000896,ACCT006008,CUST004269,CASE004935,2023-05-21,IMPS,245882.94,HK
TXN0000897,ACCT002223,CUST003686,CASE003730,2023-05-21,IMPS,268755.78,SG
TXN0000898,ACCT006507,CUST002049,CASE004010,2023-05-21,IMPS,291628.61,AE
TXN0000899,ACCT000685,CUST005787,CASE003795,2023-05-21,IMPS,314501.44,IN
TXN0000900,ACCT008552,CUST000520,CASE004821,2023-05-21,IMPS,337374.27,US
TXN0000901,ACCT008804,CUST002474,CASE004718,2023-05-21,NEFT,360247.1,HK
TXN0000902,ACCT005665,CUST002503,CASE004375,2023-05-21,IMPS,383119.94,IN
TXN0000903,ACCT003084,CUST001379,CASE002987,2023-05-21,IMPS,405992.77,HK
TXN0000904,ACCT007853,CUST002009,CASE003852,2023-01-17,IMPS,94514.16,AE
TXN0000905,ACCT007385,CUST004035,CASE004436,2023-01-17,IMPS,105315.78,GB
TXN0000906,ACCT003818,CUST005000,CASE000420,2023-01-17,NEFT,116117.4,US
TXN0000907,ACCT006307,CUST002815,CASE002404,2023-01-17,NEFT,126919.02,IN
TXN0000908,ACCT001542,CUST004017,CASE002571,2023-01-17,IMPS,137720.63,HK
TXN0000909,ACCT000514,CUST002713,CASE001758,2023-01-17,IMPS,148522.25,IN
TXN0000910,ACCT003287,CUST004541,CASE001324,2023-01-17,IMPS,159323.87,IN
TXN0000911,ACCT004110,CUST001914,CASE003719,2023-01-17,IMPS,170125.49,IN
TXN0000912,ACCT001653,CUST002784,CASE000973,2023-08-28,NEFT,156010.53,IN
TXN0000913,ACCT006344,CUST000216,CASE004408,2023-08-28,IMPS,173840.31,SG
TXN0000914,ACCT005248,CUST004087,CASE004555,2023-08-28,IMPS,191670.08,GB
TXN0000915,ACCT008296,CUST000309,CASE003681,2023-08-28,IMPS,209499.86,IN
TXN0000916,ACCT007580,CUST003635,CASE003155,2023-08-28,NEFT,227329.63,SG
TXN0000917,ACCT002967,CUST005705,CASE001310,2023-08-28,IMPS,245159.41,US
TXN0000918,ACCT003795,CUST005686,CASE004533,2023-08-28,NEFT,262989.18,AE
TXN0000919,ACCT006721,CUST004670,CASE001362,2023-08-28,NEFT,280818.96,HK
TXN0000920,ACCT004051,CUST002009,CASE001349,2023-08-28,IMPS,298648.73,SG
TXN0000921,ACCT001049,CUST005733,CASE000506,2023-12-28,NEFT,34449.02,GB
TXN0000922,ACCT006625,CUST004437,CASE001758,2023-12-28,IMPS,38386.05,HK
TXN0000923,ACCT000424,CUST001668,CASE001665,2023-12-28,IMPS,42323.09,IN
TXN0000924,ACCT008681,CUST001191,CASE003019,2023-12-28,IMPS,46260.12,US
TXN0000925,ACCT004788,CUST005801,CASE004048,2023-12-28,IMPS,50197.15,IN
TXN0000926,ACCT001638,CUST005094,CASE001010,2023-12-28,IMPS,54134.18,HK
TXN0000927,ACCT005697,CUST005357,CASE002092,2023-12-28,IMPS,58071.21,US
TXN0000928,ACCT005485,CUST002625,CASE002220,2023-12-28,NEFT,62008.24,GB
TXN0000929,ACCT006028,CUST001898,CASE000019,2023-12-28,IMPS,65945.27,IN
TXN0000930,ACCT003168,CUST003090,CASE002227,2023-12-28,NEFT,69882.3,IN
TXN0000931,ACCT006056,CUST004776,CASE003642,2024-08-25,NEFT,98597.6,US
TXN0000932,ACCT006723,CUST001466,CASE001302,2024-08-25,IMPS,109865.9,US
TXN0000933,ACCT000740,CUST003783,CASE004294,2024-08-25,IMPS,121134.2,GB
TXN0000934,ACCT002442,CUST004141,CASE001446,2024-08-25,NEFT,132402.5,GB
TXN0000935,ACCT003907,CUST003296,CASE002503,2024-08-25,IMPS,143670.79,AE
TXN0000936,ACCT002016,CUST003064,CASE001689,2024-08-25,IMPS,154939.09,GB
TXN0000937,ACCT000835,CUST002213,CASE002119,2024-08-25,IMPS,166207.39,US
TXN0000938,ACCT006928,CUST005615,CASE004717,2024-08-25,IMPS,177475.69,GB
TXN0000939,ACCT005118,CUST005740,CASE003071,2024-08-25,NEFT,188743.98,IN
TXN0000940,ACCT007872,CUST003844,CASE003968,2024-10-11,NEFT,143250.56,IN
TXN0000941,ACCT003194,CUST002297,CASE002643,2024-10-11,NEFT,159622.05,AE
TXN0000942,ACCT006735,CUST003499,CASE002905,2024-10-11,NEFT,175993.55,GB
TXN0000943,ACCT006683,CUST001809,CASE003524,2024-10-11,NEFT,192365.04,GB
TXN0000944,ACCT005271,CUST003430,CASE003765,2024-10-11,IMPS,208736.53,IN
TXN0000945,ACCT004520,CUST004832,CASE001598,2024-10-11,IMPS,225108.03,GB
TXN0000946,ACCT007297,CUST004568,CASE000017,2024-10-11,IMPS,241479.52,GB
TXN0000947,ACCT006001,CUST004990,CASE003896,2024-10-11,NEFT,257851.01,SG
TXN0000948,ACCT008336,CUST005283,CASE000165,2024-10-11,NEFT,274222.5,SG
TXN0000949,ACCT007561,CUST004212,CASE001293,2024-10-11,NEFT,290594.0,SG
TXN0000950,ACCT000766,CUST002026,CASE004049,2024-06-13,IMPS,88251.19,HK
TXN0000951,ACCT004809,CUST003857,CASE001210,2024-06-13,IMPS,98337.04,HK
TXN0000952,ACCT001982,CUST004120,CASE003587,2024-06-13,NEFT,108422.89,IN
TXN0000953,ACCT003293,CUST000102,CASE003670,2024-06-13,NEFT,118508.74,US
TXN0000954,ACCT001632,CUST000942,CASE000841,2024-06-13,IMPS,128594.59,HK
TXN0000955,ACCT006702,CUST002178,CASE001745,2024-06-13,IMPS,138680.44,GB
TXN0000956,ACCT000152,CUST002060,CASE003991,2023-06-13,NEFT,159191.05,GB
TXN0000957,ACCT006725,CUST004573,CASE003784,2023-06-13,IMPS,177384.31,HK
TXN0000958,ACCT004844,CUST004341,CASE001376,2023-06-13,NEFT,195577.57,HK
TXN0000959,ACCT002924,CUST000363,CASE001179,2023-06-13,NEFT,213770.83,GB
TXN0000960,ACCT007513,CUST000805,CASE002556,2023-06-13,IMPS,231964.1,AE
TXN0000961,ACCT002577,CUST003864,CASE003247,2023-06-13,NEFT,250157.36,GB
TXN0000962,ACCT000386,CUST000820,CASE004707,2023-06-13,NEFT,268350.62,IN
TXN0000963,ACCT004819,CUST001821,CASE004181,2023-06-13,IMPS,286543.88,SG
TXN0000964,ACCT007906,CUST001086,CASE000368,2024-11-23,NEFT,61586.57,GB
TXN0000965,ACCT002067,CUST005177,CASE003571,2024-11-23,NEFT,68625.03,US
TXN0000966,ACCT005497,CUST005157,CASE003202,2024-11-23,NEFT,75663.5,GB
TXN0000967,ACCT006858,CUST003219,CASE002624,2024-11-23,NEFT,82701.96,GB
TXN0000968,ACCT000888,CUST002411,CASE000269,2024-11-23,IMPS,89740.43,GB
TXN0000969,ACCT004633,CUST003630,CASE003219,2024-11-23,NEFT,96778.89,IN
TXN0000970,ACCT006291,CUST005028,CASE002109,2024-11-23,NEFT,103817.36,IN
TXN0000971,ACCT007658,CUST005321,CASE001855,2024-11-23,IMPS,110855.82,IN
TXN0000972,ACCT002536,CUST002521,CASE000035,2023-09-08,IMPS,195669.16,SG
TXN0000973,ACCT000909,CUST002060,CASE001465,2023-09-08,NEFT,218031.35,SG
TXN0000974,ACCT007078,CUST001295,CASE000934,2023-09-08,NEFT,240393.54,GB
TXN0000975,ACCT006290,CUST003122,CASE004631,2023-09-08,IMPS,262755.73,SG
TXN0000976,ACCT007194,CUST000447,CASE002744,2023-09-08,NEFT,285117.92,AE
TXN0000977,ACCT007135,CUST003348,CASE004101,2023-09-08,NEFT,307480.11,GB
TXN0000978,ACCT006652,CUST002643,CASE000601,2023-09-08,IMPS,329842.3,HK
TXN0000979,ACCT005992,CUST003864,CASE001531,2023-12-18,NEFT,333671.07,IN
TXN0000980,ACCT001111,CUST000010,CASE003098,2023-12-18,NEFT,371804.9,HK
TXN0000981,ACCT003929,CUST000542,CASE002430,2023-12-18,IMPS,409938.74,SG
TXN0000982,ACCT008509,CUST000664,CASE003050,2023-12-18,IMPS,448072.57,AE
TXN0000983,ACCT000525,CUST002832,CASE000903,2023-12-18,IMPS,486206.41,SG
TXN0000984,ACCT005455,CUST000940,CASE000248,2023-12-18,NEFT,524340.25,HK
TXN0000985,ACCT005987,CUST003188,CASE002187,2024-02-17,IMPS,67566.59,SG
TXN0000986,ACCT008155,CUST005701,CASE001038,2024-02-17,NEFT,75288.49,AE
TXN0000987,ACCT000138,CUST000386,CASE004807,2024-02-17,IMPS,83010.38,US
TXN0000988,ACCT005967,CUST003262,CASE001420,2024-02-17,IMPS,90732.28,SG
TXN0000989,ACCT002564,CUST000901,CASE004889,2024-02-17,IMPS,98454.17,AE
TXN0000990,ACCT006120,CUST004543,CASE002020,2024-02-17,IMPS,106176.07,SG
TXN0000991,ACCT000592,CUST004188,CASE000205,2024-02-17,IMPS,113897.97,IN
TXN0000992,ACCT006529,CUST005155,CASE001533,2024-02-17,IMPS,121619.86,SG
TXN0000993,ACCT001031,CUST004462,CASE004817,2024-01-04,IMPS,64297.15,SG
TXN0000994,ACCT006000,CUST000656,CASE000549,2024-01-04,NEFT,71645.39,AE
TXN0000995,ACCT001432,CUST004404,CASE001622,2024-01-04,IMPS,78993.64,SG
TXN0000996,ACCT007907,CUST005045,CASE002739,2024-01-04,IMPS,86341.89,US
TXN0000997,ACCT007320,CUST002330,CASE000542,2024-01-04,NEFT,93690.13,US
TXN0000998,ACCT005952,CUST001669,CASE003467,2024-01-04,IMPS,101038.38,GB
TXN0000999,ACCT001238,CUST005525,CASE000918,2024-01-04,NEFT,108386.62,AE
TXN0001000,ACCT003290,CUST004900,CASE003416,2024-01-04,IMPS,115734.87,IN
TXN0001001,ACCT006172,CUST004430,CASE001045,2024-09-23,NEFT,200908.08,GB
TXN0001002,ACCT001261,CUST001363,CASE003684,2024-09-23,IMPS,223869.0,IN
TXN0001003,ACCT005241,CUST001010,CASE000020,2024-09-23,NEFT,246829.92,IN
TXN0001004,ACCT002437,CUST002528,CASE004326,2024-09-23,IMPS,269790.85,GB
TXN0001005,ACCT007071,CUST005777,CASE001375,2024-09-23,NEFT,292751.77,US
TXN0001006,ACCT005495,CUST001727,CASE000593,2024-09-23,IMPS,315712.69,US
TXN0001007,ACCT004068,CUST000852,CASE000357,2024-09-23,IMPS,338673.62,US
TXN0001008,ACCT002477,CUST003165,CASE002018,2024-09-23,IMPS,361634.54,HK
TXN0001009,ACCT001957,CUST005908,CASE004270,2024-07-19,NEFT,216710.0,IN
TXN0001010,ACCT002225,CUST003048,CASE004219,2024-07-19,IMPS,241476.86,US
TXN0001011,ACCT006584,CUST001907,CASE002701,2024-07-19,NEFT,266243.72,GB
TXN0001012,ACCT008444,CUST000363,CASE004477,2024-07-19,NEFT,291010.58,IN
TXN0001013,ACCT001802,CUST003801,CASE000132,2024-07-19,IMPS,315777.43,AE
TXN0001014,ACCT007988,CUST002092,CASE002316,2024-07-19,NEFT,340544.29,GB
TXN0001015,ACCT004092,CUST003231,CASE002785,2024-07-19,NEFT,365311.15,IN
TXN0001016,ACCT000136,CUST004043,CASE000396,2024-07-19,NEFT,390078.01,SG
TXN0001017,ACCT005592,CUST001735,CASE003367,2023-02-23,NEFT,61381.03,GB
TXN0001018,ACCT008491,CUST005189,CASE004657,2023-02-23,IMPS,68396.0,SG
TXN0001019,ACCT007080,CUST000556,CASE000181,2023-02-23,IMPS,75410.97,AE
TXN0001020,ACCT000624,CUST004050,CASE001317,2023-02-23,NEFT,82425.95,SG
TXN0001021,ACCT003021,CUST001736,CASE003671,2023-02-23,IMPS,89440.92,HK
TXN0001022,ACCT001732,CUST001886,CASE001182,2023-02-23,IMPS,96455.9,US
TXN0001023,ACCT003866,CUST000448,CASE001221,2023-02-23,NEFT,103470.87,GB
TXN0001024,ACCT008581,CUST001350,CASE004791,2024-10-01,IMPS,65281.24,GB
TXN0001025,ACCT003116,CUST005463,CASE004906,2024-10-01,IMPS,72741.95,IN
TXN0001026,ACCT006497,CUST000658,CASE003185,2024-10-01,NEFT,80202.66,IN
TXN0001027,ACCT002601,CUST005680,CASE000004,2024-10-01,NEFT,87663.38,AE
TXN0001028,ACCT000845,CUST002012,CASE000648,2024-10-01,NEFT,95124.09,GB
TXN0001029,ACCT007489,CUST003703,CASE003545,2024-10-01,IMPS,102584.8,SG
TXN0001030,ACCT004383,CUST002751,CASE002900,2024-10-01,IMPS,110045.51,HK
TXN0001031,ACCT008344,CUST003713,CASE003438,2024-10-01,NEFT,117506.23,HK
TXN0001032,ACCT008394,CUST002938,CASE002382,2024-12-21,IMPS,70933.73,GB
TXN0001033,ACCT001582,CUST003408,CASE003260,2024-12-21,NEFT,79040.44,SG
TXN0001034,ACCT003459,CUST000951,CASE000324,2024-12-21,IMPS,87147.15,US
TXN0001035,ACCT000372,CUST001956,CASE001182,2024-12-21,IMPS,95253.87,GB
TXN0001036,ACCT004677,CUST001015,CASE001557,2024-12-21,IMPS,103360.58,AE
TXN0001037,ACCT005659,CUST005568,CASE001853,2024-12-21,NEFT,111467.29,IN
TXN0001038,ACCT000940,CUST000373,CASE001211,2024-12-21,IMPS,119574.0,SG
TXN0001039,ACCT004968,CUST001255,CASE003159,2024-12-21,IMPS,127680.71,SG
TXN0001040,ACCT003853,CUST002335,CASE001527,2024-12-21,NEFT,135787.43,HK
TXN0001041,ACCT005965,CUST002821,CASE002646,2023-04-03,NEFT,37492.71,US
TXN0001042,ACCT005949,CUST002258,CASE004724,2023-04-03,NEFT,41777.59,AE
TXN0001043,ACCT008029,CUST001777,CASE000297,2023-04-03,IMPS,46062.47,US
TXN0001044,ACCT004118,CUST001347,CASE003023,2023-04-03,NEFT,50347.35,SG
TXN0001045,ACCT005253,CUST003546,CASE001154,2023-04-03,IMPS,54632.23,GB
TXN0001046,ACCT008915,CUST005838,CASE004219,2023-04-03,IMPS,58917.11,US
TXN0001047,ACCT006503,CUST004450,CASE004626,2023-04-03,IMPS,63201.99,US
TXN0001048,ACCT002048,CUST004324,CASE001164,2024-05-30,IMPS,48406.09,HK
TXN0001049,ACCT002818,CUST002688,CASE001338,2024-05-30,IMPS,53938.22,AE
TXN0001050,ACCT000249,CUST000581,CASE003395,2024-05-30,NEFT,59470.34,US
TXN0001051,ACCT007101,CUST001514,CASE000680,2024-05-30,NEFT,65002.47,AE
TXN0001052,ACCT006277,CUST004718,CASE002790,2024-05-30,IMPS,70534.59,AE
TXN0001053,ACCT006110,CUST000080,CASE001006,2024-05-30,IMPS,76066.72,US
TXN0001054,ACCT006241,CUST004375,CASE004976,2024-05-30,NEFT,81598.84,GB
TXN0001055,ACCT003214,CUST005547,CASE002779,2024-05-30,IMPS,87130.97,GB
TXN0001056,ACCT002913,CUST001689,CASE004596,2024-05-30,IMPS,92663.09,GB
TXN0001057,ACCT006070,CUST004148,CASE001319,2024-05-30,NEFT,98195.22,AE
TXN0001058,ACCT000291,CUST003457,CASE001094,2024-11-04,NEFT,45985.79,GB
TXN0001059,ACCT001441,CUST004812,CASE004681,2024-11-04,IMPS,51241.3,SG
TXN0001060,ACCT007445,CUST002746,CASE003726,2024-11-04,IMPS,56496.82,AE
TXN0001061,ACCT008146,CUST005307,CASE001750,2024-11-04,IMPS,61752.34,SG
TXN0001062,ACCT001322,CUST004709,CASE002310,2024-11-04,NEFT,67007.86,GB
TXN0001063,ACCT000439,CUST001072,CASE000600,2024-11-04,NEFT,72263.38,IN
TXN0001064,ACCT006890,CUST005344,CASE001526,2024-11-04,NEFT,77518.9,AE
TXN0001065,ACCT002130,CUST001652,CASE004331,2024-11-04,NEFT,82774.41,HK
TXN0001066,ACCT004853,CUST004665,CASE003840,2024-11-04,IMPS,88029.93,US
TXN0001067,ACCT005946,CUST004626,CASE003478,2024-11-04,NEFT,93285.45,HK
TXN0001068,ACCT004211,CUST005031,CASE004173,2023-01-02,NEFT,52991.85,SG
TXN0001069,ACCT007712,CUST005409,CASE003837,2023-01-02,NEFT,59048.07,US
TXN0001070,ACCT007899,CUST003972,CASE003230,2023-01-02,NEFT,65104.28,IN
TXN0001071,ACCT002225,CUST003048,CASE004475,2023-01-02,NEFT,71160.49,HK
TXN0001072,ACCT000848,CUST003693,CASE003897,2023-01-02,IMPS,77216.7,US
TXN0001073,ACCT001599,CUST000792,CASE001817,2023-01-02,IMPS,83272.91,AE
TXN0001074,ACCT001303,CUST000606,CASE001168,2023-01-02,IMPS,89329.13,AE
TXN0001075,ACCT001008,CUST003347,CASE001735,2023-01-02,IMPS,95385.34,US
TXN0001076,ACCT004838,CUST003869,CASE001063,2023-01-02,NEFT,101441.55,AE
TXN0001077,ACCT005900,CUST004341,CASE003653,2023-07-15,IMPS,82269.94,GB
TXN0001078,ACCT008070,CUST003610,CASE000393,2023-07-15,IMPS,91672.22,AE
TXN0001079,ACCT007814,CUST002911,CASE004270,2023-07-15,NEFT,101074.5,US
TXN0001080,ACCT007390,CUST002380,CASE001530,2023-07-15,IMPS,110476.78,IN
TXN0001081,ACCT002974,CUST004407,CASE002310,2023-07-15,NEFT,119879.06,US
TXN0001082,ACCT007471,CUST001360,CASE003539,2023-07-15,IMPS,129281.34,IN
TXN0001083,ACCT007475,CUST001536,CASE003101,2023-07-15,NEFT,138683.62,AE
TXN0001084,ACCT006492,CUST003043,CASE002338,2024-09-22,NEFT,96674.11,HK
TXN0001085,ACCT008753,CUST000100,CASE004816,2024-09-22,IMPS,107722.58,US
TXN0001086,ACCT008015,CUST003654,CASE003019,2024-09-22,NEFT,118771.05,GB
TXN0001087,ACCT008881,CUST002643,CASE003663,2024-09-22,IMPS,129819.52,HK
TXN0001088,ACCT008283,CUST005672,CASE003141,2024-09-22,NEFT,140867.99,US
TXN0001089,ACCT004879,CUST005190,CASE004832,2024-09-22,NEFT,151916.46,AE
TXN0001090,ACCT002890,CUST002445,CASE001978,2024-09-22,IMPS,162964.93,AE
TXN0001091,ACCT002462,CUST002167,CASE004851,2024-07-07,IMPS,212962.71,SG
TXN0001092,ACCT005198,CUST005384,CASE003647,2024-07-07,IMPS,237301.31,GB
TXN0001093,ACCT005088,CUST003111,CASE004304,2024-07-07,IMPS,261639.91,GB
TXN0001094,ACCT006674,CUST005390,CASE004259,2024-07-07,NEFT,285978.5,US
TXN0001095,ACCT001331,CUST004637,CASE001764,2024-07-07,IMPS,310317.1,GB
TXN0001096,ACCT006877,CUST002151,CASE000643,2024-07-07,IMPS,334655.7,AE
TXN0001097,ACCT005335,CUST002188,CASE000424,2024-05-06,IMPS,46145.73,IN
TXN0001098,ACCT004761,CUST002140,CASE003774,2024-05-06,IMPS,51419.53,AE
TXN0001099,ACCT005375,CUST003630,CASE003993,2024-05-06,IMPS,56693.32,US
TXN0001100,ACCT002213,CUST001934,CASE001128,2024-05-06,IMPS,61967.12,HK
TXN0001101,ACCT001060,CUST002641,CASE004139,2024-05-06,NEFT,67240.92,US
TXN0001102,ACCT001881,CUST005169,CASE002893,2024-05-06,IMPS,72514.72,SG
TXN0001103,ACCT005494,CUST000537,CASE003808,2024-05-06,IMPS,77788.51,US
TXN0001104,ACCT007180,CUST004229,CASE003922,2024-05-06,NEFT,83062.31,US
TXN0001105,ACCT002834,CUST003404,CASE001108,2024-05-06,NEFT,88336.11,IN
TXN0001106,ACCT003763,CUST003047,CASE004507,2024-05-06,NEFT,93609.91,GB
TXN0001107,ACCT000381,CUST000595,CASE003410,2024-09-26,IMPS,151624.98,US
TXN0001108,ACCT000495,CUST003771,CASE003237,2024-09-26,NEFT,168953.55,AE
TXN0001109,ACCT001597,CUST000764,CASE000703,2024-09-26,IMPS,186282.11,SG
TXN0001110,ACCT004187,CUST002717,CASE002649,2024-09-26,IMPS,203610.68,US
TXN0001111,ACCT002915,CUST000827,CASE000883,2024-09-26,IMPS,220939.25,SG
TXN0001112,ACCT008268,CUST001293,CASE004629,2024-09-26,NEFT,238267.82,GB
TXN0001113,ACCT001609,CUST001002,CASE002236,2024-11-30,NEFT,73878.62,AE
TXN0001114,ACCT000230,CUST002031,CASE003964,2024-11-30,NEFT,82321.89,GB
TXN0001115,ACCT008377,CUST003859,CASE004827,2024-11-30,IMPS,90765.17,HK
TXN0001116,ACCT000130,CUST004781,CASE002864,2024-11-30,IMPS,99208.44,GB
TXN0001117,ACCT000026,CUST005746,CASE002437,2024-11-30,NEFT,107651.71,US
TXN0001118,ACCT004345,CUST005453,CASE000368,2024-11-30,NEFT,116094.98,SG
TXN0001119,ACCT005785,CUST004216,CASE003741,2024-11-30,NEFT,124538.25,IN
TXN0001120,ACCT008436,CUST003558,CASE001273,2024-11-30,IMPS,132981.52,GB
TXN0001121,ACCT007926,CUST004321,CASE000524,2024-11-30,IMPS,141424.79,AE
TXN0001122,ACCT004195,CUST005935,CASE003966,2023-10-17,IMPS,81543.66,HK
TXN0001123,ACCT003370,CUST004852,CASE001743,2023-10-17,IMPS,90862.93,SG
TXN0001124,ACCT003851,CUST005908,CASE003179,2023-10-17,NEFT,100182.21,SG
TXN0001125,ACCT005367,CUST005613,CASE002644,2023-10-17,IMPS,109501.48,IN
TXN0001126,ACCT003802,CUST005987,CASE000571,2023-10-17,NEFT,118820.76,IN
TXN0001127,ACCT007079,CUST002601,CASE004836,2023-10-17,IMPS,128140.03,HK
TXN0001128,ACCT007591,CUST003494,CASE002104,2023-10-17,NEFT,137459.31,IN
TXN0001129,ACCT001230,CUST002172,CASE003378,2023-11-03,IMPS,125927.77,US
TXN0001130,ACCT002988,CUST001099,CASE002237,2023-11-03,IMPS,140319.52,HK
TXN0001131,ACCT008356,CUST001928,CASE000739,2023-11-03,NEFT,154711.27,HK
TXN0001132,ACCT000489,CUST000886,CASE001395,2023-11-03,NEFT,169103.01,SG
TXN0001133,ACCT006766,CUST002950,CASE003017,2023-11-03,NEFT,183494.76,HK
TXN0001134,ACCT001399,CUST005508,CASE004100,2023-11-03,IMPS,197886.5,GB
TXN0001135,ACCT000578,CUST000004,CASE000414,2023-11-03,NEFT,212278.25,AE
TXN0001136,ACCT007887,CUST000504,CASE002853,2023-11-03,NEFT,226669.99,AE
TXN0001137,ACCT004329,CUST002643,CASE004693,2023-11-03,IMPS,241061.74,SG
TXN0001138,ACCT005938,CUST001268,CASE003888,2023-09-06,NEFT,42827.64,US
TXN0001139,ACCT005340,CUST001200,CASE000454,2023-09-06,NEFT,47722.23,GB
TXN0001140,ACCT008717,CUST000758,CASE001441,2023-09-06,IMPS,52616.81,US
TXN0001141,ACCT007299,CUST000401,CASE004878,2023-09-06,NEFT,57511.4,SG
TXN0001142,ACCT006222,CUST001873,CASE003163,2023-09-06,IMPS,62405.99,SG
TXN0001143,ACCT008022,CUST000279,CASE000590,2023-09-06,IMPS,67300.57,AE
TXN0001144,ACCT003390,CUST001983,CASE000723,2023-09-06,IMPS,72195.16,SG
TXN0001145,ACCT003353,CUST001456,CASE004753,2023-07-18,NEFT,105663.83,IN
TXN0001146,ACCT006634,CUST005077,CASE000522,2023-07-18,IMPS,117739.7,GB
TXN0001147,ACCT003876,CUST004328,CASE003222,2023-07-18,IMPS,129815.56,HK
TXN0001148,ACCT001759,CUST003770,CASE000136,2023-07-18,NEFT,141891.43,IN
TXN0001149,ACCT006470,CUST000407,CASE001646,2023-07-18,IMPS,153967.3,HK
TXN0001150,ACCT002885,CUST001044,CASE000968,2023-07-18,NEFT,166043.16,IN
TXN0001151,ACCT007232,CUST005786,CASE000633,2023-07-18,IMPS,178119.03,HK
TXN0001152,ACCT005469,CUST003162,CASE000463,2023-07-18,IMPS,190194.9,HK
TXN0001153,ACCT006463,CUST005739,CASE000455,2023-07-18,IMPS,202270.76,SG
TXN0001154,ACCT004885,CUST000039,CASE000741,2023-07-18,NEFT,214346.63,AE
TXN0001155,ACCT003202,CUST001698,CASE004758,2024-08-17,IMPS,92822.42,GB
TXN0001156,ACCT007806,CUST005106,CASE003610,2024-08-17,IMPS,103430.69,HK
TXN0001157,ACCT004037,CUST000066,CASE000502,2024-08-17,IMPS,114038.97,SG
TXN0001158,ACCT006810,CUST001782,CASE002443,2024-08-17,IMPS,124647.24,US
TXN0001159,ACCT005979,CUST002773,CASE003885,2024-08-17,NEFT,135255.52,IN
TXN0001160,ACCT002623,CUST002241,CASE004816,2024-08-17,NEFT,145863.8,US
TXN0001161,ACCT007910,CUST002105,CASE004989,2024-08-17,IMPS,156472.07,US
TXN0001162,ACCT002674,CUST003334,CASE002668,2024-08-17,NEFT,167080.35,SG
TXN0001163,ACCT003000,CUST005936,CASE003859,2023-10-31,NEFT,112875.74,SG
TXN0001164,ACCT007836,CUST003020,CASE000162,2023-10-31,IMPS,125775.83,AE
TXN0001165,ACCT000156,CUST005905,CASE002046,2023-10-31,NEFT,138675.91,HK
TXN0001166,ACCT000814,CUST003510,CASE000621,2023-10-31,IMPS,151576.0,SG
TXN0001167,ACCT002086,CUST002955,CASE003949,2023-10-31,IMPS,164476.08,IN
TXN0001168,ACCT004052,CUST001234,CASE004977,2023-10-31,NEFT,177376.17,IN
TXN0001169,ACCT003554,CUST002566,CASE001416,2023-10-31,IMPS,190276.25,GB
TXN0001170,ACCT001719,CUST001125,CASE000518,2023-10-31,IMPS,203176.34,GB
TXN0001171,ACCT003476,CUST002613,CASE003389,2023-10-31,IMPS,216076.42,IN
TXN0001172,ACCT002109,CUST004767,CASE003570,2023-10-31,IMPS,228976.51,GB
TXN0001173,ACCT005505,CUST003566,CASE000212,2023-09-09,IMPS,99914.82,HK
TXN0001174,ACCT002565,CUST001563,CASE000048,2023-09-09,NEFT,111333.65,GB
TXN0001175,ACCT002542,CUST003888,CASE001212,2023-09-09,NEFT,122752.49,US
TXN0001176,ACCT003607,CUST004632,CASE004984,2023-09-09,NEFT,134171.32,AE
TXN0001177,ACCT006040,CUST003273,CASE002924,2023-09-09,NEFT,145590.16,AE
TXN0001178,ACCT005924,CUST000059,CASE004319,2023-09-09,IMPS,157009.0,US
TXN0001179,ACCT002125,CUST000517,CASE000851,2023-09-09,IMPS,168427.83,SG
TXN0001180,ACCT008959,CUST001609,CASE002874,2023-09-09,NEFT,179846.67,US
TXN0001181,ACCT004921,CUST003553,CASE002630,2023-08-04,IMPS,366499.4,IN
TXN0001182,ACCT007937,CUST005413,CASE001237,2023-08-04,IMPS,408385.04,US
TXN0001183,ACCT002567,CUST003613,CASE000842,2023-08-04,NEFT,450270.69,IN
TXN0001184,ACCT006727,CUST000865,CASE004511,2023-08-04,NEFT,492156.34,SG
TXN0001185,ACCT008623,CUST003648,CASE004312,2023-08-04,NEFT,534041.98,US
TXN0001186,ACCT005076,CUST005951,CASE004423,2023-08-04,NEFT,575927.63,HK
TXN0001187,ACCT008173,CUST004008,CASE003303,2023-08-04,IMPS,617813.27,GB
TXN0001188,ACCT004360,CUST000266,CASE002873,2023-08-04,IMPS,659698.92,IN
TXN0001189,ACCT006757,CUST002650,CASE004448,2023-08-04,IMPS,701584.56,IN
TXN0001190,ACCT005244,CUST005395,CASE002130,2024-01-13,IMPS,57292.68,SG
TXN0001191,ACCT008680,CUST004092,CASE003566,2024-01-13,IMPS,63840.41,IN
TXN0001192,ACCT000173,CUST001464,CASE003659,2024-01-13,NEFT,70388.14,US
TXN0001193,ACCT001784,CUST002863,CASE003088,2024-01-13,IMPS,76935.88,AE
TXN0001194,ACCT000025,CUST005324,CASE002423,2024-01-13,IMPS,83483.61,HK
TXN0001195,ACCT006889,CUST003239,CASE001985,2024-01-13,IMPS,90031.35,AE
TXN0001196,ACCT007278,CUST004981,CASE001395,2023-05-02,IMPS,61082.08,US
TXN0001197,ACCT007253,CUST001329,CASE000609,2023-05-02,NEFT,68062.89,SG
TXN0001198,ACCT004531,CUST001931,CASE001486,2023-05-02,NEFT,75043.7,AE
TXN0001199,ACCT006692,CUST003835,CASE002378,2023-05-02,IMPS,82024.51,AE
TXN0001200,ACCT003750,CUST003505,CASE002007,2023-05-02,IMPS,89005.32,SG
TXN0001201,ACCT003255,CUST000603,CASE000412,2023-05-02,IMPS,95986.13,SG
TXN0001202,ACCT007857,CUST005479,CASE000945,2023-05-02,NEFT,102966.94,US
TXN0001203,ACCT002424,CUST003426,CASE000072,2023-05-02,IMPS,109947.75,SG
TXN0001204,ACCT004137,CUST005709,CASE001343,2024-11-02,IMPS,57796.75,US
TXN0001205,ACCT007754,CUST005762,CASE002210,2024-11-02,NEFT,64402.09,SG
TXN0001206,ACCT002140,CUST002076,CASE003694,2024-11-02,IMPS,71007.43,AE
TXN0001207,ACCT006828,CUST000643,CASE003094,2024-11-02,IMPS,77612.77,IN
TXN0001208,ACCT000433,CUST005197,CASE004757,2024-11-02,IMPS,84218.12,IN
TXN0001209,ACCT007835,CUST005775,CASE003597,2024-11-02,NEFT,90823.46,SG
TXN0001210,ACCT006372,CUST004429,CASE002454,2023-09-29,IMPS,60191.46,US
TXN0001211,ACCT007141,CUST001662,CASE002968,2023-09-29,IMPS,67070.48,HK
TXN0001212,ACCT005978,CUST003282,CASE002005,2023-09-29,NEFT,73949.51,IN
TXN0001213,ACCT003359,CUST004023,CASE002150,2023-09-29,IMPS,80828.53,SG
TXN0001214,ACCT007229,CUST001013,CASE000529,2023-09-29,IMPS,87707.56,HK
TXN0001215,ACCT008663,CUST001681,CASE004625,2023-09-29,NEFT,94586.58,SG
TXN0001216,ACCT008637,CUST002893,CASE002777,2023-09-29,NEFT,101465.6,HK
TXN0001217,ACCT007811,CUST004523,CASE004221,2024-01-30,IMPS,57304.81,HK
TXN0001218,ACCT007920,CUST001437,CASE003025,2024-01-30,IMPS,63853.93,HK
TXN0001219,ACCT004550,CUST001579,CASE000667,2024-01-30,NEFT,70403.05,US
TXN0001220,ACCT003884,CUST002994,CASE002721,2024-01-30,IMPS,76952.17,SG
TXN0001221,ACCT007186,CUST003261,CASE004855,2024-01-30,IMPS,83501.29,GB
TXN0001222,ACCT002586,CUST005425,CASE001040,2024-01-30,NEFT,90050.41,GB
TXN0001223,ACCT001301,CUST004478,CASE004872,2024-01-30,NEFT,96599.53,IN
TXN0001224,ACCT002321,CUST001491,CASE000490,2024-01-30,NEFT,103148.65,SG
TXN0001225,ACCT003642,CUST002856,CASE002619,2024-01-30,NEFT,109697.77,SG
TXN0001226,ACCT007179,CUST003174,CASE004648,2023-01-26,IMPS,171438.86,IN
TXN0001227,ACCT003771,CUST005948,CASE002272,2023-01-26,NEFT,191031.87,SG
TXN0001228,ACCT006223,CUST000819,CASE002380,2023-01-26,NEFT,210624.89,HK
TXN0001229,ACCT005278,CUST002410,CASE003845,2023-01-26,NEFT,230217.9,IN
TXN0001230,ACCT005970,CUST000976,CASE001544,2023-01-26,NEFT,249810.91,US
TXN0001231,ACCT004660,CUST001424,CASE002024,2023-01-26,NEFT,269403.93,IN
TXN0001232,ACCT005509,CUST001260,CASE001282,2023-01-16,IMPS,196983.38,US
TXN0001233,ACCT003879,CUST002593,CASE000984,2023-01-16,NEFT,219495.77,US
TXN0001234,ACCT003313,CUST000519,CASE000001,2023-01-16,IMPS,242008.15,US
TXN0001235,ACCT006093,CUST004808,CASE004589,2023-01-16,IMPS,264520.54,HK
TXN0001236,ACCT003191,CUST000382,CASE003856,2023-01-16,IMPS,287032.93,US
TXN0001237,ACCT006037,CUST001290,CASE003901,2023-01-16,NEFT,309545.31,AE
TXN0001238,ACCT007739,CUST005881,CASE003481,2023-01-16,IMPS,332057.7,AE
TXN0001239,ACCT005141,CUST001355,CASE004817,2023-01-16,NEFT,354570.09,HK
TXN0001240,ACCT008876,CUST001502,CASE001799,2023-01-16,IMPS,377082.47,US
TXN0001241,ACCT004052,CUST001234,CASE002395,2023-01-09,NEFT,59642.53,SG
TXN0001242,ACCT007166,CUST005769,CASE000380,2023-01-09,IMPS,66458.82,HK
TXN0001243,ACCT006305,CUST000649,CASE004921,2023-01-09,NEFT,73275.11,HK
TXN0001244,ACCT006749,CUST002582,CASE004996,2023-01-09,NEFT,80091.4,GB
TXN0001245,ACCT000447,CUST004595,CASE000670,2023-01-09,NEFT,86907.69,IN
TXN0001246,ACCT008185,CUST000460,CASE001895,2023-01-09,IMPS,93723.98,GB
TXN0001247,ACCT008169,CUST000208,CASE001209,2023-01-09,NEFT,100540.27,HK
TXN0001248,ACCT008246,CUST004859,CASE001211,2023-01-09,IMPS,107356.56,HK
TXN0001249,ACCT005340,CUST001200,CASE002832,2023-01-09,NEFT,114172.85,SG
TXN0001250,ACCT005489,CUST001372,CASE001947,2023-01-09,IMPS,120989.14,IN
TXN0001251,ACCT004986,CUST000860,CASE001349,2023-06-07,IMPS,50978.47,SG
TXN0001252,ACCT001285,CUST005597,CASE004536,2023-06-07,IMPS,56804.58,IN
TXN0001253,ACCT005755,CUST002158,CASE000281,2023-06-07,IMPS,62630.7,US
TXN0001254,ACCT006970,CUST001396,CASE000059,2023-06-07,IMPS,68456.81,HK
TXN0001255,ACCT008190,CUST000969,CASE002584,2023-06-07,IMPS,74282.92,AE
TXN0001256,ACCT001984,CUST003430,CASE002987,2023-06-07,NEFT,80109.03,AE
TXN0001257,ACCT001109,CUST003312,CASE002775,2023-06-07,IMPS,85935.14,US
TXN0001258,ACCT007518,CUST005936,CASE001163,2023-06-07,IMPS,91761.25,HK
TXN0001259,ACCT007243,CUST001310,CASE003039,2023-06-07,NEFT,97587.36,IN
TXN0001260,ACCT005235,CUST000883,CASE000197,2023-06-07,IMPS,103413.47,SG
TXN0001261,ACCT000745,CUST002682,CASE002602,2024-02-20,NEFT,111460.04,HK
TXN0001262,ACCT006697,CUST003408,CASE004529,2024-02-20,NEFT,124198.33,HK
TXN0001263,ACCT006807,CUST004674,CASE001501,2024-02-20,NEFT,136936.62,HK
TXN0001264,ACCT007348,CUST002697,CASE001839,2024-02-20,IMPS,149674.91,HK
TXN0001265,ACCT002977,CUST001847,CASE000915,2024-02-20,NEFT,162413.2,SG
TXN0001266,ACCT001063,CUST000212,CASE002541,2024-02-20,NEFT,175151.49,IN
TXN0001267,ACCT002106,CUST005383,CASE003876,2024-02-20,NEFT,187889.78,IN
TXN0001268,ACCT000042,CUST000838,CASE003343,2023-06-17,NEFT,60309.1,US
TXN0001269,ACCT006982,CUST003184,CASE004112,2023-06-17,IMPS,67201.56,AE
TXN0001270,ACCT003150,CUST003252,CASE004227,2023-06-17,IMPS,74094.03,IN
TXN0001271,ACCT000580,CUST002351,CASE003630,2023-06-17,IMPS,80986.5,AE
TXN0001272,ACCT008671,CUST003055,CASE004389,2023-06-17,NEFT,87878.97,HK
TXN0001273,ACCT006095,CUST003949,CASE002753,2023-06-17,IMPS,94771.44,GB
TXN0001274,ACCT008695,CUST005464,CASE000377,2023-06-17,IMPS,101663.9,HK
TXN0001275,ACCT006085,CUST003090,CASE003944,2023-09-05,IMPS,122802.32,GB
TXN0001276,ACCT005733,CUST001899,CASE002899,2023-09-05,NEFT,136836.87,IN
TXN0001277,ACCT005829,CUST003322,CASE000321,2023-09-05,IMPS,150871.42,AE
TXN0001278,ACCT007355,CUST005014,CASE004368,2023-09-05,IMPS,164905.97,GB
TXN0001279,ACCT003990,CUST005523,CASE000212,2023-09-05,NEFT,178940.52,GB
TXN0001280,ACCT005360,CUST002357,CASE002666,2023-09-05,IMPS,192975.07,US
TXN0001281,ACCT004762,CUST005375,CASE001240,2023-09-05,IMPS,207009.62,AE
TXN0001282,ACCT001647,CUST002191,CASE003969,2023-09-05,IMPS,221044.17,US
TXN0001283,ACCT000050,CUST000356,CASE002948,2023-09-05,IMPS,235078.72,HK
TXN0001284,ACCT000762,CUST000563,CASE000702,2024-09-07,IMPS,94875.98,SG
TXN0001285,ACCT008625,CUST002492,CASE003825,2024-09-07,NEFT,105718.95,GB
TXN0001286,ACCT000349,CUST000557,CASE004751,2024-09-07,IMPS,116561.92,AE
TXN0001287,ACCT002506,CUST004255,CASE003327,2024-09-07,NEFT,127404.89,HK
TXN0001288,ACCT004721,CUST002068,CASE004285,2024-09-07,NEFT,138247.86,GB
TXN0001289,ACCT001871,CUST001301,CASE003508,2024-09-07,NEFT,149090.83,GB
TXN0001290,ACCT000269,CUST003532,CASE000705,2024-09-07,NEFT,159933.8,SG
TXN0001291,ACCT006266,CUST004567,CASE000369,2024-05-30,IMPS,33830.75,IN
TXN0001292,ACCT007156,CUST003117,CASE002555,2024-05-30,NEFT,37697.13,SG
TXN0001293,ACCT001464,CUST002939,CASE000278,2024-05-30,IMPS,41563.5,GB
TXN0001294,ACCT003785,CUST001853,CASE001066,2024-05-30,NEFT,45429.87,GB
TXN0001295,ACCT004662,CUST001645,CASE000190,2024-05-30,IMPS,49296.24,HK
TXN0001296,ACCT000273,CUST003826,CASE003150,2024-05-30,NEFT,53162.62,SG
TXN0001297,ACCT004514,CUST000793,CASE001983,2024-05-30,IMPS,57028.99,SG
TXN0001298,ACCT007217,CUST004836,CASE002854,2024-05-30,IMPS,60895.36,GB
TXN0001299,ACCT000668,CUST002250,CASE002665,2023-08-25,IMPS,212580.33,US
TXN0001300,ACCT003691,CUST003218,CASE003970,2023-08-25,NEFT,236875.22,IN
TXN0001301,ACCT006452,CUST001541,CASE001931,2023-08-25,NEFT,261170.11,SG
TXN0001302,ACCT003460,CUST005982,CASE002432,2023-08-25,NEFT,285465.01,GB
TXN0001303,ACCT003565,CUST003427,CASE002136,2023-08-25,NEFT,309759.9,SG
TXN0001304,ACCT006611,CUST002849,CASE003289,2023-08-25,IMPS,334054.8,GB
TXN0001305,ACCT004799,CUST005504,CASE004977,2023-08-25,NEFT,358349.69,IN
TXN0001306,ACCT007983,CUST002234,CASE000286,2023-08-25,NEFT,382644.59,SG
TXN0001307,ACCT002296,CUST000707,CASE001735,2023-08-25,IMPS,406939.48,US
TXN0001308,ACCT002700,CUST000307,CASE002239,2023-08-25,NEFT,431234.38,GB
TXN0001309,ACCT008909,CUST001544,CASE000418,2024-07-27,IMPS,246742.03,US
TXN0001310,ACCT006835,CUST001858,CASE001727,2024-07-27,IMPS,274941.12,IN
TXN0001311,ACCT008124,CUST000028,CASE000114,2024-07-27,IMPS,303140.21,US
TXN0001312,ACCT002716,CUST002236,CASE003261,2024-07-27,NEFT,331339.3,HK
TXN0001313,ACCT005181,CUST004165,CASE001826,2024-07-27,NEFT,359538.39,IN
TXN0001314,ACCT001712,CUST003238,CASE004470,2024-07-27,NEFT,387737.48,SG
TXN0001315,ACCT004942,CUST005826,CASE004938,2024-07-27,IMPS,415936.57,IN
TXN0001316,ACCT000168,CUST000027,CASE004502,2024-07-27,NEFT,444135.66,IN
TXN0001317,ACCT006169,CUST004307,CASE000448,2024-07-27,IMPS,472334.75,IN
TXN0001318,ACCT001794,CUST001422,CASE002068,2024-07-27,IMPS,500533.84,SG
TXN0001319,ACCT006309,CUST002569,CASE001043,2023-11-24,NEFT,58156.85,HK
TXN0001320,ACCT002515,CUST001332,CASE004862,2023-11-24,IMPS,64803.34,US
TXN0001321,ACCT006058,CUST002847,CASE003234,2023-11-24,IMPS,71449.84,AE
TXN0001322,ACCT007196,CUST004236,CASE004785,2023-11-24,NEFT,78096.34,SG
TXN0001323,ACCT003796,CUST001083,CASE004788,2023-11-24,IMPS,84742.83,SG
TXN0001324,ACCT001831,CUST000467,CASE002295,2023-11-24,IMPS,91389.33,SG
TXN0001325,ACCT002537,CUST005942,CASE004550,2023-11-24,NEFT,98035.83,IN
TXN0001326,ACCT005721,CUST001305,CASE000981,2023-11-24,IMPS,104682.32,HK
TXN0001327,ACCT003589,CUST000079,CASE001807,2023-11-24,NEFT,111328.82,IN
TXN0001328,ACCT008128,CUST000993,CASE003669,2023-07-25,IMPS,66566.13,IN
TXN0001329,ACCT001541,CUST000885,CASE002728,2023-07-25,IMPS,74173.69,IN
TXN0001330,ACCT006952,CUST004477,CASE002151,2023-07-25,IMPS,81781.24,IN
TXN0001331,ACCT000604,CUST001925,CASE001519,2023-07-25,IMPS,89388.8,HK
TXN0001332,ACCT004551,CUST001034,CASE002326,2023-07-25,IMPS,96996.36,SG
TXN0001333,ACCT002827,CUST000745,CASE004912,2023-07-25,NEFT,104603.92,HK
TXN0001334,ACCT006270,CUST003374,CASE003024,2023-07-25,IMPS,112211.47,SG
TXN0001335,ACCT001352,CUST005141,CASE004697,2023-07-25,NEFT,119819.03,IN
TXN0001336,ACCT007585,CUST005534,CASE004486,2023-01-17,NEFT,99716.99,AE
TXN0001337,ACCT000730,CUST000221,CASE002020,2023-01-17,IMPS,111113.22,US
TXN0001338,ACCT004167,CUST001821,CASE002665,2023-01-17,IMPS,122509.44,GB
TXN0001339,ACCT008291,CUST003376,CASE002560,2023-01-17,NEFT,133905.67,AE
TXN0001340,ACCT007948,CUST000951,CASE003416,2023-01-17,IMPS,145301.9,IN
TXN0001341,ACCT007022,CUST002912,CASE002305,2023-01-17,IMPS,156698.12,GB
TXN0001342,ACCT002213,CUST001934,CASE002548,2023-01-17,NEFT,168094.35,HK
TXN0001343,ACCT000056,CUST000646,CASE002894,2023-05-01,IMPS,102667.01,SG
TXN0001344,ACCT002792,CUST005751,CASE000708,2023-05-01,IMPS,114400.38,US
TXN0001345,ACCT007133,CUST001854,CASE001175,2023-05-01,NEFT,126133.76,HK
TXN0001346,ACCT002032,CUST003871,CASE000724,2023-05-01,NEFT,137867.13,AE
TXN0001347,ACCT003119,CUST005401,CASE001007,2023-05-01,IMPS,149600.5,GB
TXN0001348,ACCT005773,CUST002891,CASE002824,2023-05-01,IMPS,161333.88,IN
TXN0001349,ACCT003134,CUST004115,CASE004716,2023-05-01,NEFT,173067.25,GB
TXN0001350,ACCT004628,CUST005611,CASE002238,2023-05-01,IMPS,184800.62,AE
TXN0001351,ACCT002317,CUST001052,CASE004183,2024-05-11,NEFT,124704.05,SG
TXN0001352,ACCT007885,CUST004618,CASE000109,2024-05-11,NEFT,138955.95,HK
TXN0001353,ACCT005559,CUST000253,CASE003857,2024-05-11,NEFT,153207.84,IN
TXN0001354,ACCT000109,CUST002194,CASE003206,2024-05-11,NEFT,167459.73,AE
TXN0001355,ACCT006026,CUST004226,CASE002514,2024-05-11,NEFT,181711.62,IN
TXN0001356,ACCT006586,CUST004575,CASE001736,2024-05-11,NEFT,195963.52,HK
TXN0001357,ACCT008867,CUST000400,CASE002034,2024-05-11,NEFT,210215.41,AE
TXN0001358,ACCT008247,CUST001421,CASE003850,2024-05-11,IMPS,224467.3,AE
TXN0001359,ACCT003996,CUST000361,CASE003559,2023-12-07,IMPS,280602.62,US
TXN0001360,ACCT002534,CUST003413,CASE004151,2023-12-07,IMPS,312671.49,US
TXN0001361,ACCT006709,CUST004256,CASE004757,2023-12-07,NEFT,344740.37,GB
TXN0001362,ACCT002055,CUST000392,CASE003153,2023-12-07,IMPS,376809.24,US
TXN0001363,ACCT007354,CUST001713,CASE003751,2023-12-07,IMPS,408878.11,SG
TXN0001364,ACCT007327,CUST004606,CASE004712,2023-12-07,NEFT,440946.98,SG
TXN0001365,ACCT007038,CUST003219,CASE004974,2023-12-07,IMPS,473015.85,US
TXN0001366,ACCT003298,CUST005938,CASE003350,2024-11-03,IMPS,75538.95,US
TXN0001367,ACCT006834,CUST000988,CASE004945,2024-11-03,IMPS,84171.98,IN
TXN0001368,ACCT008012,CUST004303,CASE001884,2024-11-03,IMPS,92805.0,HK
TXN0001369,ACCT005679,CUST000627,CASE003598,2024-11-03,IMPS,101438.02,GB
TXN0001370,ACCT008109,CUST005735,CASE001530,2024-11-03,NEFT,110071.05,IN
TXN0001371,ACCT002573,CUST001671,CASE000620,2024-11-03,NEFT,118704.07,HK
TXN0001372,ACCT001759,CUST003770,CASE004544,2023-02-02,NEFT,52030.94,GB
TXN0001373,ACCT007925,CUST001482,CASE001552,2023-02-02,NEFT,57977.33,AE
TXN0001374,ACCT007376,CUST002899,CASE002613,2023-02-02,NEFT,63923.72,GB
TXN0001375,ACCT000243,CUST005170,CASE004196,2023-02-02,NEFT,69870.12,IN
TXN0001376,ACCT005596,CUST001167,CASE003261,2023-02-02,NEFT,75816.51,HK
TXN0001377,ACCT003987,CUST002090,CASE004429,2023-02-02,IMPS,81762.9,IN
TXN0001378,ACCT004955,CUST005355,CASE002045,2023-02-02,NEFT,87709.29,HK
TXN0001379,ACCT000956,CUST001511,CASE004616,2023-08-03,NEFT,36716.46,HK
TXN0001380,ACCT001954,CUST005676,CASE002945,2023-08-03,NEFT,40912.63,HK
TXN0001381,ACCT003639,CUST000265,CASE002131,2023-08-03,NEFT,45108.8,IN
TXN0001382,ACCT008205,CUST005357,CASE004750,2023-08-03,IMPS,49304.96,IN
TXN0001383,ACCT008660,CUST002134,CASE003094,2023-08-03,NEFT,53501.13,HK
TXN0001384,ACCT005987,CUST003188,CASE004097,2023-08-03,NEFT,57697.3,HK
TXN0001385,ACCT003178,CUST003555,CASE001931,2023-08-03,NEFT,61893.47,GB
TXN0001386,ACCT001180,CUST004809,CASE002894,2023-08-03,IMPS,66089.63,IN
TXN0001387,ACCT001808,CUST005268,CASE003254,2023-08-03,IMPS,70285.8,IN
TXN0001388,ACCT005794,CUST005877,CASE003362,2023-08-03,NEFT,74481.97,GB
TXN0001389,ACCT005095,CUST003958,CASE000814,2024-11-05,IMPS,54177.12,AE
TXN0001390,ACCT008102,CUST005246,CASE000354,2024-11-05,IMPS,60368.79,HK
TXN0001391,ACCT002160,CUST004076,CASE000533,2024-11-05,NEFT,66560.47,IN
TXN0001392,ACCT002370,CUST005335,CASE000272,2024-11-05,IMPS,72752.14,IN
TXN0001393,ACCT005520,CUST004572,CASE003933,2024-11-05,IMPS,78943.81,US
TXN0001394,ACCT001717,CUST002470,CASE000145,2024-11-05,IMPS,85135.48,HK
TXN0001395,ACCT002399,CUST004970,CASE004289,2024-11-05,NEFT,91327.15,IN
TXN0001396,ACCT007826,CUST002206,CASE004525,2023-06-16,IMPS,82346.89,IN
TXN0001397,ACCT005797,CUST001887,CASE004565,2023-06-16,IMPS,91757.96,GB
TXN0001398,ACCT003014,CUST004579,CASE000932,2023-06-16,NEFT,101169.03,SG
TXN0001399,ACCT006925,CUST000368,CASE003626,2023-06-16,NEFT,110580.11,AE
TXN0001400,ACCT008700,CUST002775,CASE001606,2023-06-16,IMPS,119991.18,IN
TXN0001401,ACCT006483,CUST000739,CASE000678,2023-06-16,IMPS,129402.25,SG
TXN0001402,ACCT006856,CUST005519,CASE004740,2023-06-16,NEFT,138813.32,IN
TXN0001403,ACCT006131,CUST004088,CASE000083,2023-06-16,NEFT,148224.4,US
TXN0001404,ACCT000813,CUST004365,CASE000215,2023-06-16,NEFT,157635.47,IN
TXN0001405,ACCT008740,CUST004942,CASE003205,2023-06-16,IMPS,167046.54,AE
TXN0001406,ACCT007904,CUST002277,CASE003678,2024-02-03,IMPS,246546.72,US
TXN0001407,ACCT000120,CUST003759,CASE000518,2024-02-03,NEFT,274723.49,AE
TXN0001408,ACCT002905,CUST005940,CASE003784,2024-02-03,NEFT,302900.26,AE
TXN0001409,ACCT004662,CUST001645,CASE002705,2024-02-03,NEFT,331077.02,AE
TXN0001410,ACCT008069,CUST001458,CASE004883,2024-02-03,NEFT,359253.79,AE
TXN0001411,ACCT004677,CUST001015,CASE001108,2024-02-03,NEFT,387430.56,US
TXN0001412,ACCT005374,CUST005084,CASE002390,2024-01-16,IMPS,61574.63,AE
TXN0001413,ACCT004194,CUST003549,CASE004145,2024-01-16,NEFT,68611.73,US
TXN0001414,ACCT000610,CUST000201,CASE002551,2024-01-16,IMPS,75648.83,SG
TXN0001415,ACCT001838,CUST004867,CASE003724,2024-01-16,IMPS,82685.93,US
TXN0001416,ACCT004862,CUST005170,CASE000471,2024-01-16,NEFT,89723.04,HK
TXN0001417,ACCT004077,CUST002293,CASE002209,2024-01-16,NEFT,96760.14,HK
TXN0001418,ACCT004846,CUST003385,CASE003276,2024-01-16,NEFT,103797.24,HK
TXN0001419,ACCT003968,CUST003518,CASE002957,2024-02-24,IMPS,96071.2,IN
TXN0001420,ACCT007833,CUST004655,CASE004095,2024-02-24,NEFT,107050.76,GB
TXN0001421,ACCT005741,CUST004243,CASE000257,2024-02-24,IMPS,118030.33,US
TXN0001422,ACCT005890,CUST004418,CASE001543,2024-02-24,NEFT,129009.9,IN
TXN0001423,ACCT005989,CUST000044,CASE001187,2024-02-24,IMPS,139989.46,IN
TXN0001424,ACCT000280,CUST000497,CASE001860,2024-02-24,NEFT,150969.03,SG
TXN0001425,ACCT004590,CUST000828,CASE002317,2024-02-24,NEFT,161948.59,AE
TXN0001426,ACCT005509,CUST001260,CASE001938,2024-02-24,NEFT,172928.16,IN
TXN0001427,ACCT008916,CUST004515,CASE003446,2024-02-24,IMPS,183907.72,US
TXN0001428,ACCT003998,CUST002004,CASE002168,2024-02-24,IMPS,194887.29,IN
TXN0001429,ACCT001367,CUST001645,CASE002678,2024-12-16,NEFT,83176.35,AE
TXN0001430,ACCT005119,CUST005065,CASE003562,2024-12-16,NEFT,92682.22,AE
TXN0001431,ACCT006648,CUST004518,CASE003140,2024-12-16,NEFT,102188.09,IN
TXN0001432,ACCT000508,CUST002877,CASE000633,2024-12-16,NEFT,111693.96,HK
TXN0001433,ACCT001485,CUST004541,CASE001069,2024-12-16,IMPS,121199.83,HK
TXN0001434,ACCT003276,CUST001536,CASE001858,2024-12-16,IMPS,130705.7,AE
TXN0001435,ACCT001549,CUST001216,CASE000992,2023-03-08,IMPS,171374.76,US
TXN0001436,ACCT004798,CUST003898,CASE002593,2023-03-08,IMPS,190960.45,HK
TXN0001437,ACCT000860,CUST003995,CASE000379,2023-03-08,IMPS,210546.14,SG
TXN0001438,ACCT002559,CUST005577,CASE004946,2023-03-08,NEFT,230131.82,GB
TXN0001439,ACCT003118,CUST003959,CASE000237,2023-03-08,IMPS,249717.51,US
TXN0001440,ACCT001727,CUST001440,CASE004899,2023-03-08,NEFT,269303.2,GB
TXN0001441,ACCT000128,CUST004789,CASE000047,2023-03-08,NEFT,288888.89,SG
TXN0001442,ACCT001046,CUST003840,CASE003613,2023-03-08,IMPS,308474.57,AE
TXN0001443,ACCT007789,CUST000588,CASE001289,2023-03-08,IMPS,328060.26,HK
TXN0001444,ACCT006048,CUST000126,CASE000231,2023-03-26,NEFT,382594.72,AE
TXN0001445,ACCT001426,CUST000305,CASE004320,2023-03-26,NEFT,426319.83,HK
TXN0001446,ACCT007731,CUST001685,CASE000802,2023-03-26,IMPS,470044.94,IN
TXN0001447,ACCT007082,CUST004367,CASE003394,2023-03-26,IMPS,513770.05,SG
TXN0001448,ACCT003910,CUST004396,CASE000178,2023-03-26,IMPS,557495.16,AE
TXN0001449,ACCT005923,CUST005810,CASE004761,2023-03-26,IMPS,601220.27,AE
TXN0001450,ACCT002984,CUST003381,CASE003001,2023-03-26,NEFT,644945.38,HK
TXN0001451,ACCT004322,CUST005772,CASE003636,2023-03-26,IMPS,688670.49,SG
TXN0001452,ACCT000719,CUST003186,CASE004041,2023-04-10,IMPS,61086.78,GB
TXN0001453,ACCT006017,CUST000088,CASE001338,2023-04-10,IMPS,68068.13,HK
TXN0001454,ACCT007714,CUST000742,CASE002588,2023-04-10,NEFT,75049.47,US
TXN0001455,ACCT001401,CUST004789,CASE004282,2023-04-10,IMPS,82030.82,US
TXN0001456,ACCT008166,CUST001147,CASE003286,2023-04-10,NEFT,89012.17,GB
TXN0001457,ACCT005524,CUST002119,CASE000809,2023-04-10,NEFT,95993.51,HK
TXN0001458,ACCT003140,CUST000790,CASE002599,2023-04-10,NEFT,102974.86,IN
TXN0001459,ACCT002477,CUST003165,CASE000547,2023-04-10,NEFT,109956.21,SG
TXN0001460,ACCT001901,CUST002866,CASE000610,2023-12-08,NEFT,62624.28,GB
TXN0001461,ACCT002576,CUST005010,CASE003635,2023-12-08,NEFT,69781.34,IN
TXN0001462,ACCT004797,CUST005230,CASE002161,2023-12-08,IMPS,76938.4,IN
TXN0001463,ACCT008205,CUST005357,CASE003358,2023-12-08,NEFT,84095.46,HK
TXN0001464,ACCT005108,CUST004300,CASE002542,2023-12-08,IMPS,91252.53,SG
TXN0001465,ACCT005969,CUST005401,CASE004447,2023-12-08,NEFT,98409.59,SG
TXN0001466,ACCT005003,CUST003357,CASE000041,2023-12-08,IMPS,105566.65,AE
TXN0001467,ACCT006824,CUST000307,CASE000061,2023-12-08,IMPS,112723.71,IN
TXN0001468,ACCT008077,CUST005288,CASE000302,2023-03-22,NEFT,157167.69,IN
TXN0001469,ACCT006608,CUST004643,CASE001030,2023-03-22,NEFT,175129.71,HK
TXN0001470,ACCT001464,CUST002939,CASE004361,2023-03-22,NEFT,193091.73,AE
TXN0001471,ACCT007562,CUST000839,CASE004280,2023-03-22,NEFT,211053.75,GB
TXN0001472,ACCT000474,CUST005085,CASE003728,2023-03-22,NEFT,229015.78,AE
TXN0001473,ACCT006340,CUST000523,CASE002003,2023-03-22,NEFT,246977.8,SG
TXN0001474,ACCT006238,CUST001102,CASE003268,2024-10-26,NEFT,126463.24,GB
TXN0001475,ACCT005860,CUST004887,CASE003586,2024-10-26,NEFT,140916.18,US
TXN0001476,ACCT006913,CUST002823,CASE002384,2024-10-26,NEFT,155369.12,IN
TXN0001477,ACCT004253,CUST000480,CASE003451,2024-10-26,NEFT,169822.06,SG
TXN0001478,ACCT000201,CUST005996,CASE002222,2024-10-26,NEFT,184275.01,GB
TXN0001479,ACCT000503,CUST003265,CASE002482,2024-10-26,NEFT,198727.95,GB
TXN0001480,ACCT001043,CUST002365,CASE001001,2024-10-26,NEFT,213180.89,SG
TXN0001481,ACCT001046,CUST003840,CASE002598,2024-10-26,IMPS,227633.83,SG
TXN0001482,ACCT005197,CUST005871,CASE003576,2024-10-26,IMPS,242086.77,AE
TXN0001483,ACCT004764,CUST005337,CASE004327,2024-10-26,IMPS,256539.71,AE
TXN0001484,ACCT001024,CUST002168,CASE003280,2024-12-16,IMPS,254383.04,IN
TXN0001485,ACCT006971,CUST000493,CASE004248,2024-12-16,NEFT,283455.39,US
TXN0001486,ACCT004815,CUST005569,CASE000802,2024-12-16,IMPS,312527.74,GB
TXN0001487,ACCT002070,CUST001982,CASE001220,2024-12-16,IMPS,341600.09,AE
TXN0001488,ACCT001201,CUST003366,CASE003462,2024-12-16,IMPS,370672.44,HK
TXN0001489,ACCT001299,CUST002357,CASE001204,2024-12-16,IMPS,399744.79,IN
TXN0001490,ACCT006926,CUST001913,CASE002349,2024-12-16,IMPS,428817.13,HK
TXN0001491,ACCT003086,CUST001387,CASE002360,2023-01-27,IMPS,119244.22,IN
TXN0001492,ACCT003828,CUST005047,CASE001747,2023-01-27,NEFT,132872.13,HK
TXN0001493,ACCT001615,CUST000422,CASE001834,2023-01-27,NEFT,146500.05,GB
TXN0001494,ACCT007097,CUST001245,CASE003484,2023-01-27,IMPS,160127.96,GB
TXN0001495,ACCT004430,CUST000763,CASE000862,2023-01-27,NEFT,173755.87,GB
TXN0001496,ACCT005153,CUST003102,CASE004067,2023-01-27,NEFT,187383.78,US
TXN0001497,ACCT000157,CUST000939,CASE003962,2023-01-27,NEFT,201011.69,US
TXN0001498,ACCT007048,CUST005624,CASE004724,2023-01-27,IMPS,214639.6,GB
TXN0001499,ACCT007420,CUST000051,CASE002280,2023-03-24,IMPS,67710.52,GB
TXN0001500,ACCT006157,CUST004034,CASE004002,2023-03-24,IMPS,75448.86,SG
TXN0001501,ACCT000877,CUST004003,CASE001970,2023-03-24,IMPS,83187.21,AE
TXN0001502,ACCT001827,CUST002543,CASE001826,2023-03-24,IMPS,90925.55,SG
TXN0001503,ACCT008633,CUST003047,CASE002037,2023-03-24,IMPS,98663.9,HK
TXN0001504,ACCT003727,CUST004053,CASE000283,2023-03-24,IMPS,106402.24,IN
TXN0001505,ACCT000225,CUST003060,CASE004113,2023-03-24,IMPS,114140.59,SG
TXN0001506,ACCT004494,CUST004458,CASE002973,2023-03-24,NEFT,121878.93,AE
TXN0001507,ACCT005240,CUST004824,CASE003260,2024-02-07,IMPS,119726.47,US
TXN0001508,ACCT000800,CUST004851,CASE002201,2024-02-07,IMPS,133409.49,GB
TXN0001509,ACCT004164,CUST000995,CASE002937,2024-02-07,NEFT,147092.52,AE
TXN0001510,ACCT000068,CUST001867,CASE002684,2024-02-07,NEFT,160775.54,GB
TXN0001511,ACCT003511,CUST003519,CASE000267,2024-02-07,IMPS,174458.57,US
TXN0001512,ACCT007763,CUST004835,CASE003958,2024-02-07,IMPS,188141.59,US
TXN0001513,ACCT000304,CUST000765,CASE004114,2024-02-07,NEFT,201824.62,IN
TXN0001514,ACCT001354,CUST000323,CASE003662,2024-02-07,IMPS,215507.64,GB
TXN0001515,ACCT001894,CUST004938,CASE003200,2024-02-07,NEFT,229190.67,HK
TXN0001516,ACCT006500,CUST002184,CASE000741,2024-05-08,NEFT,163373.49,US
TXN0001517,ACCT003367,CUST000933,CASE002207,2024-05-08,IMPS,182044.75,IN
TXN0001518,ACCT002817,CUST001348,CASE001455,2024-05-08,IMPS,200716.0,GB
TXN0001519,ACCT004719,CUST000070,CASE004201,2024-05-08,IMPS,219387.26,GB
TXN0001520,ACCT001261,CUST001363,CASE004183,2024-05-08,NEFT,238058.51,US
TXN0001521,ACCT006980,CUST000069,CASE003226,2024-05-08,NEFT,256729.77,US
TXN0001522,ACCT001459,CUST000814,CASE001313,2024-11-13,NEFT,137428.82,AE
TXN0001523,ACCT002011,CUST000219,CASE000667,2024-11-13,NEFT,153134.97,AE
TXN0001524,ACCT002460,CUST003531,CASE003197,2024-11-13,IMPS,168841.13,HK
TXN0001525,ACCT001930,CUST001477,CASE001123,2024-11-13,IMPS,184547.28,SG
TXN0001526,ACCT007543,CUST002629,CASE001755,2024-11-13,NEFT,200253.43,US
TXN0001527,ACCT005444,CUST002719,CASE003514,2024-11-13,IMPS,215959.58,IN
TXN0001528,ACCT002287,CUST000216,CASE001433,2024-11-13,IMPS,231665.73,GB
TXN0001529,ACCT004280,CUST005763,CASE001546,2024-05-21,IMPS,113884.09,AE
TXN0001530,ACCT001507,CUST004824,CASE002585,2024-05-21,NEFT,126899.42,GB
TXN0001531,ACCT003105,CUST000557,CASE001905,2024-05-21,IMPS,139914.74,GB
TXN0001532,ACCT004576,CUST005105,CASE002084,2024-05-21,IMPS,152930.07,AE
TXN0001533,ACCT002859,CUST000260,CASE002536,2024-05-21,NEFT,165945.39,GB
TXN0001534,ACCT008140,CUST002993,CASE000098,2024-05-21,NEFT,178960.72,US
TXN0001535,ACCT000569,CUST005448,CASE000537,2024-05-19,IMPS,159305.16,US
TXN0001536,ACCT007198,CUST003798,CASE001176,2024-05-19,IMPS,177511.46,SG
TXN0001537,ACCT003907,CUST003296,CASE002698,2024-05-19,NEFT,195717.77,US
TXN0001538,ACCT007884,CUST005956,CASE002704,2024-05-19,NEFT,213924.07,AE
TXN0001539,ACCT004275,CUST002606,CASE004708,2024-05-19,NEFT,232130.38,SG
TXN0001540,ACCT001834,CUST000629,CASE004485,2024-05-19,IMPS,250336.68,HK
TXN0001541,ACCT006056,CUST004776,CASE004980,2024-05-19,IMPS,268542.98,GB
TXN0001542,ACCT006478,CUST005859,CASE001823,2023-12-19,NEFT,169422.25,US
TXN0001543,ACCT004840,CUST004100,CASE003460,2023-12-19,NEFT,188784.8,GB
TXN0001544,ACCT002985,CUST003413,CASE001046,2023-12-19,NEFT,208147.34,US
TXN0001545,ACCT008005,CUST000087,CASE000697,2023-12-19,NEFT,227509.88,AE
TXN0001546,ACCT003455,CUST000857,CASE000850,2023-12-19,IMPS,246872.43,IN
TXN0001547,ACCT007543,CUST002629,CASE001961,2023-12-19,NEFT,266234.97,GB
TXN0001548,ACCT005706,CUST004106,CASE000416,2023-12-19,NEFT,285597.51,IN
TXN0001549,ACCT005377,CUST005192,CASE000849,2024-10-08,IMPS,192503.09,AE
TXN0001550,ACCT003076,CUST005611,CASE001143,2024-10-08,NEFT,214503.44,GB
TXN0001551,ACCT006111,CUST005742,CASE001486,2024-10-08,NEFT,236503.79,AE
TXN0001552,ACCT000727,CUST001046,CASE000274,2024-10-08,NEFT,258504.15,US
TXN0001553,ACCT002919,CUST004898,CASE002043,2024-10-08,IMPS,280504.5,US
TXN0001554,ACCT004263,CUST001976,CASE003888,2024-10-08,IMPS,302504.85,IN
TXN0001555,ACCT006636,CUST005081,CASE001698,2024-10-08,IMPS,324505.2,US
TXN0001556,ACCT004570,CUST002672,CASE002037,2024-10-08,NEFT,346505.56,HK
TXN0001557,ACCT008607,CUST001904,CASE004316,2024-10-08,NEFT,368505.91,SG
TXN0001558,ACCT008507,CUST001697,CASE000444,2023-04-20,IMPS,123970.38,US
TXN0001559,ACCT003361,CUST001986,CASE004883,2023-04-20,NEFT,138138.43,AE
TXN0001560,ACCT007860,CUST005192,CASE000554,2023-04-20,IMPS,152306.47,SG
TXN0001561,ACCT002777,CUST005655,CASE001900,2023-04-20,NEFT,166474.52,IN
TXN0001562,ACCT002030,CUST000314,CASE004452,2023-04-20,IMPS,180642.56,SG
TXN0001563,ACCT003690,CUST005540,CASE004904,2023-04-20,IMPS,194810.61,US
TXN0001564,ACCT001829,CUST003703,CASE004427,2023-04-20,NEFT,208978.65,IN
TXN0001565,ACCT006951,CUST001670,CASE003640,2023-04-20,NEFT,223146.69,GB
TXN0001566,ACCT003045,CUST003818,CASE003586,2023-04-20,IMPS,237314.74,GB
TXN0001567,ACCT008909,CUST001544,CASE004710,2024-06-05,IMPS,75985.76,SG
TXN0001568,ACCT002021,CUST001840,CASE001385,2024-06-05,IMPS,84669.85,SG
TXN0001569,ACCT001569,CUST000938,CASE002566,2024-06-05,IMPS,93353.94,SG
TXN0001570,ACCT003660,CUST000487,CASE003602,2024-06-05,NEFT,102038.02,HK
TXN0001571,ACCT003423,CUST000363,CASE000128,2024-06-05,NEFT,110722.11,SG
TXN0001572,ACCT007298,CUST001701,CASE002917,2024-06-05,NEFT,119406.2,SG
TXN0001573,ACCT001003,CUST001424,CASE001675,2024-06-05,NEFT,128090.29,SG
TXN0001574,ACCT002037,CUST003675,CASE001117,2023-09-08,NEFT,91729.59,GB
TXN0001575,ACCT008376,CUST000603,CASE004032,2023-09-08,IMPS,102212.97,HK
TXN0001576,ACCT000450,CUST000617,CASE002791,2023-09-08,NEFT,112696.35,US
TXN0001577,ACCT002936,CUST004720,CASE002901,2023-09-08,IMPS,123179.73,AE
TXN0001578,ACCT003807,CUST002452,CASE000575,2023-09-08,IMPS,133663.12,SG
TXN0001579,ACCT008479,CUST004782,CASE002415,2023-09-08,IMPS,144146.5,IN
TXN0001580,ACCT003545,CUST001414,CASE000499,2024-06-12,IMPS,173247.67,GB
TXN0001581,ACCT000546,CUST002984,CASE001747,2024-06-12,IMPS,193047.4,AE
TXN0001582,ACCT007312,CUST002713,CASE000819,2024-06-12,NEFT,212847.14,US
TXN0001583,ACCT000265,CUST001560,CASE003529,2024-06-12,NEFT,232646.87,GB
TXN0001584,ACCT006248,CUST004652,CASE000855,2024-06-13,NEFT,252446.6,US
TXN0001585,ACCT006734,CUST005450,CASE002761,2024-06-13,IMPS,272246.34,GB
TXN0001586,ACCT006818,CUST005758,CASE000210,2024-06-13,NEFT,292046.07,US
TXN0001587,ACCT003368,CUST004620,CASE001761,2023-12-29,NEFT,51452.31,HK
TXN0001588,ACCT001870,CUST004996,CASE000226,2023-12-29,NEFT,57332.57,HK
TXN0001589,ACCT003119,CUST005401,CASE004412,2023-12-29,NEFT,63212.84,US
TXN0001590,ACCT004189,CUST000350,CASE000417,2023-12-29,NEFT,69093.1,IN
TXN0001591,ACCT000936,CUST005801,CASE003040,2023-12-29,IMPS,74973.37,US
TXN0001592,ACCT003775,CUST005370,CASE000370,2023-12-29,NEFT,80853.63,HK
TXN0001593,ACCT007990,CUST004786,CASE000791,2023-12-29,NEFT,86733.89,HK
TXN0001594,ACCT008076,CUST001462,CASE002215,2023-12-29,NEFT,92614.16,HK
TXN0001595,ACCT001265,CUST000377,CASE001041,2023-12-29,IMPS,98494.42,SG
TXN0001596,ACCT004424,CUST001394,CASE002747,2024-03-23,NEFT,104796.54,GB
TXN0001597,ACCT007835,CUST005775,CASE003151,2024-03-23,NEFT,116773.29,HK
TXN0001598,ACCT003995,CUST000022,CASE001060,2024-03-23,NEFT,128750.04,IN
TXN0001599,ACCT002416,CUST003684,CASE001302,2024-03-23,IMPS,140726.79,GB
TXN0001600,ACCT005902,CUST001880,CASE002832,2024-03-23,NEFT,152703.54,HK
TXN0001601,ACCT005264,CUST003174,CASE001919,2024-03-23,NEFT,164680.29,SG
TXN0001602,ACCT000994,CUST000813,CASE000092,2024-03-23,IMPS,176657.03,US
TXN0001603,ACCT006957,CUST005104,CASE004657,2024-03-23,NEFT,188633.78,US
TXN0001604,ACCT005382,CUST004821,CASE004421,2024-03-23,IMPS,200610.53,GB
TXN0001605,ACCT002203,CUST005566,CASE002275,2024-03-23,IMPS,212587.28,SG
TXN0001606,ACCT007319,CUST005506,CASE000455,2023-09-02,IMPS,66341.36,GB
TXN0001607,ACCT008825,CUST004030,CASE000696,2023-09-02,IMPS,73923.23,SG
TXN0001608,ACCT001302,CUST001295,CASE003440,2023-09-02,IMPS,81505.1,HK
TXN0001609,ACCT007328,CUST001454,CASE000079,2023-09-02,IMPS,89086.97,US
TXN0001610,ACCT004318,CUST004312,CASE000398,2023-09-02,NEFT,96668.84,IN
TXN0001611,ACCT004824,CUST002715,CASE004084,2023-09-02,IMPS,104250.71,SG
TXN0001612,ACCT003039,CUST002944,CASE000291,2023-09-02,NEFT,111832.58,IN
TXN0001613,ACCT000551,CUST005105,CASE001836,2023-09-02,NEFT,119414.45,SG
TXN0001614,ACCT004968,CUST001255,CASE000157,2024-05-04,IMPS,85461.31,US
TXN0001615,ACCT000546,CUST002984,CASE002088,2024-05-04,NEFT,95228.31,SG
TXN0001616,ACCT005720,CUST003656,CASE002944,2024-05-04,IMPS,104995.32,SG
TXN0001617,ACCT008829,CUST000234,CASE000046,2024-05-04,IMPS,114762.33,IN
TXN0001618,ACCT000855,CUST002756,CASE000330,2024-05-04,NEFT,124529.33,SG
TXN0001619,ACCT006351,CUST001273,CASE000185,2024-05-04,NEFT,134296.34,SG
TXN0001620,ACCT004176,CUST004771,CASE002876,2024-09-20,IMPS,180889.79,AE
TXN0001621,ACCT005879,CUST005037,CASE003329,2024-09-20,IMPS,201562.9,IN
TXN0001622,ACCT004128,CUST002526,CASE004519,2024-09-20,IMPS,222236.02,US
TXN0001623,ACCT007569,CUST001160,CASE002311,2024-09-20,NEFT,242909.14,HK
TXN0001624,ACCT006309,CUST002569,CASE001103,2024-09-20,IMPS,263582.26,SG
TXN0001625,ACCT008658,CUST001037,CASE003458,2024-09-20,IMPS,284255.38,IN
TXN0001626,ACCT003458,CUST000704,CASE001577,2024-09-20,NEFT,304928.5,US
TXN0001627,ACCT004845,CUST002445,CASE003855,2024-09-20,NEFT,325601.61,US
TXN0001628,ACCT008774,CUST004899,CASE000649,2024-09-20,IMPS,346274.73,IN
TXN0001629,ACCT002796,CUST005441,CASE003016,2023-02-16,NEFT,94205.28,US
TXN0001630,ACCT001750,CUST005245,CASE004929,2023-02-16,IMPS,104971.6,IN
TXN0001631,ACCT006293,CUST003800,CASE001969,2023-02-16,IMPS,115737.91,IN
TXN0001632,ACCT005782,CUST001357,CASE000177,2023-02-16,IMPS,126504.23,HK
TXN0001633,ACCT002899,CUST002028,CASE004074,2023-02-16,NEFT,137270.55,SG
TXN0001634,ACCT006110,CUST000080,CASE003546,2023-02-16,NEFT,148036.87,GB
TXN0001635,ACCT007934,CUST003383,CASE003294,2024-03-29,IMPS,86373.31,HK
TXN0001636,ACCT006346,CUST004293,CASE001329,2024-03-29,NEFT,96244.54,SG
TXN0001637,ACCT003092,CUST004442,CASE003079,2024-03-29,IMPS,106115.78,IN
TXN0001638,ACCT001664,CUST000252,CASE004178,2024-03-29,IMPS,115987.01,SG
TXN0001639,ACCT000654,CUST003496,CASE002278,2024-03-29,IMPS,125858.25,HK
TXN0001640,ACCT003748,CUST003740,CASE002318,2024-03-29,IMPS,135729.48,SG
TXN0001641,ACCT002561,CUST000259,CASE002059,2024-03-29,NEFT,145600.72,GB
TXN0001642,ACCT004056,CUST001909,CASE000689,2024-03-29,IMPS,155471.95,GB
TXN0001643,ACCT001993,CUST003041,CASE001518,2024-03-29,NEFT,165343.19,US
TXN0001644,ACCT001443,CUST001266,CASE004880,2024-08-19,IMPS,37147.75,GB
TXN0001645,ACCT003967,CUST002745,CASE004738,2024-08-19,NEFT,41393.2,HK
TXN0001646,ACCT007274,CUST004077,CASE004708,2024-08-19,IMPS,45638.66,IN
TXN0001647,ACCT002081,CUST001535,CASE002453,2024-08-19,IMPS,49884.12,US
TXN0001648,ACCT004455,CUST005412,CASE000164,2024-08-19,IMPS,54129.57,IN
TXN0001649,ACCT004572,CUST004258,CASE003150,2024-08-19,IMPS,58375.03,SG
TXN0001650,ACCT004180,CUST000179,CASE003911,2024-01-07,IMPS,131442.43,HK
TXN0001651,ACCT006639,CUST005907,CASE004688,2024-01-07,IMPS,146464.42,HK
TXN0001652,ACCT003845,CUST005281,CASE003710,2024-01-07,NEFT,161486.41,US
TXN0001653,ACCT002535,CUST004782,CASE002635,2024-01-07,NEFT,176508.41,AE
TXN0001654,ACCT004739,CUST003254,CASE001213,2024-01-07,IMPS,191530.4,SG
TXN0001655,ACCT008244,CUST001747,CASE004612,2024-01-07,NEFT,206552.39,IN
TXN0001656,ACCT008100,CUST001220,CASE001005,2024-01-07,IMPS,221574.38,HK
TXN0001657,ACCT000300,CUST000415,CASE004410,2024-01-07,NEFT,236596.37,US
TXN0001658,ACCT007809,CUST004174,CASE002512,2024-01-07,IMPS,251618.37,HK
TXN0001659,ACCT003997,CUST000101,CASE003750,2024-01-07,IMPS,266640.36,HK
TXN0001660,ACCT000940,CUST000373,CASE000928,2023-09-24,NEFT,123730.68,HK
TXN0001661,ACCT001338,CUST004974,CASE004747,2023-09-24,IMPS,137871.33,HK
TXN0001662,ACCT001975,CUST003014,CASE004350,2023-09-24,NEFT,152011.98,SG
TXN0001663,ACCT003109,CUST001792,CASE003666,2023-09-24,IMPS,166152.63,SG
TXN0001664,ACCT005977,CUST004165,CASE000215,2023-09-24,NEFT,180293.28,GB
TXN0001665,ACCT002682,CUST002339,CASE003573,2023-09-24,IMPS,194433.93,GB
TXN0001666,ACCT006235,CUST001447,CASE004844,2023-09-24,NEFT,208574.58,GB
TXN0001667,ACCT004148,CUST004207,CASE003973,2023-09-24,IMPS,222715.23,IN
TXN0001668,ACCT002068,CUST004222,CASE002274,2023-09-24,IMPS,236855.88,HK
TXN0001669,ACCT001819,CUST005173,CASE000701,2024-08-05,NEFT,307590.58,SG
TXN0001670,ACCT004452,CUST005980,CASE002311,2024-08-05,IMPS,342743.79,SG
TXN0001671,ACCT000558,CUST002534,CASE000294,2024-08-05,IMPS,377897.0,GB
TXN0001672,ACCT005824,CUST000459,CASE003755,2024-08-05,IMPS,413050.21,SG
TXN0001673,ACCT007378,CUST005033,CASE003033,2024-08-05,NEFT,448203.42,HK
TXN0001674,ACCT007669,CUST004489,CASE004020,2024-08-05,NEFT,483356.63,SG
TXN0001675,ACCT000908,CUST002512,CASE004503,2024-08-05,IMPS,518509.84,SG
TXN0001676,ACCT002209,CUST003590,CASE002758,2024-08-05,IMPS,553663.05,GB
TXN0001677,ACCT005984,CUST005791,CASE003879,2024-08-05,IMPS,588816.26,HK
TXN0001678,ACCT003450,CUST004100,CASE003681,2023-06-17,NEFT,69836.02,AE
TXN0001679,ACCT003966,CUST000241,CASE003852,2023-06-17,IMPS,77817.28,AE
TXN0001680,ACCT005543,CUST000373,CASE003890,2023-06-17,NEFT,85798.54,HK
TXN0001681,ACCT004449,CUST005712,CASE004158,2023-06-17,IMPS,93779.8,US
TXN0001682,ACCT003011,CUST004814,CASE000494,2023-06-17,IMPS,101761.05,GB
TXN0001683,ACCT000053,CUST004393,CASE001291,2023-06-17,IMPS,109742.31,GB
TXN0001684,ACCT005472,CUST005931,CASE003303,2023-06-17,IMPS,117723.57,IN
TXN0001685,ACCT000433,CUST005197,CASE003357,2023-06-17,NEFT,125704.83,HK
TXN0001686,ACCT005595,CUST004199,CASE001536,2023-06-17,NEFT,133686.09,HK
TXN0001687,ACCT004329,CUST002643,CASE000841,2024-01-10,IMPS,95804.25,HK
TXN0001688,ACCT008864,CUST003437,CASE001835,2024-01-10,IMPS,106753.3,HK
TXN0001689,ACCT002826,CUST004005,CASE003826,2024-01-10,IMPS,117702.36,GB
TXN0001690,ACCT004678,CUST005581,CASE001144,2024-01-10,IMPS,128651.42,SG
TXN0001691,ACCT003221,CUST000643,CASE000870,2024-01-10,IMPS,139600.47,HK
TXN0001692,ACCT005905,CUST002872,CASE004623,2024-01-10,IMPS,150549.53,IN
TXN0001693,ACCT000757,CUST004419,CASE003192,2024-01-10,NEFT,161498.59,AE
TXN0001694,ACCT000928,CUST000824,CASE004768,2024-01-10,IMPS,172447.64,SG
TXN0001695,ACCT002845,CUST002085,CASE004344,2023-11-28,IMPS,97557.99,IN
TXN0001696,ACCT005622,CUST002711,CASE004175,2023-11-28,IMPS,108707.48,AE
TXN0001697,ACCT002883,CUST003220,CASE000439,2023-11-28,NEFT,119856.96,HK
TXN0001698,ACCT005641,CUST004786,CASE000174,2023-11-28,NEFT,131006.45,US
TXN0001699,ACCT000592,CUST004188,CASE001612,2023-11-28,NEFT,142155.93,AE
TXN0001700,ACCT001624,CUST001268,CASE004748,2023-11-28,IMPS,153305.42,IN
TXN0001701,ACCT006361,CUST001036,CASE001709,2023-11-28,NEFT,164454.9,HK
TXN0001702,ACCT001212,CUST000304,CASE001899,2023-11-28,IMPS,175604.39,AE
TXN0001703,ACCT005713,CUST005429,CASE004704,2023-11-28,IMPS,186753.87,GB
TXN0001704,ACCT004611,CUST003291,CASE004689,2024-05-15,NEFT,216434.67,SG
TXN0001705,ACCT001601,CUST001066,CASE002154,2024-05-15,IMPS,241170.06,IN
TXN0001706,ACCT000062,CUST004730,CASE000559,2024-05-15,NEFT,265905.46,IN
TXN0001707,ACCT001480,CUST001996,CASE004533,2024-05-15,NEFT,290640.85,HK
TXN0001708,ACCT006216,CUST003693,CASE002156,2024-05-15,NEFT,315376.24,HK
TXN0001709,ACCT005775,CUST003989,CASE004835,2024-05-15,IMPS,340111.63,SG
TXN0001710,ACCT001931,CUST001755,CASE000673,2024-05-15,NEFT,364847.02,GB
TXN0001711,ACCT001934,CUST001573,CASE000226,2024-05-15,NEFT,389582.41,AE
TXN0001712,ACCT000976,CUST004572,CASE001548,2023-06-18,IMPS,79331.83,US
TXN0001713,ACCT006021,CUST002343,CASE003946,2023-06-18,NEFT,88398.33,SG
TXN0001714,ACCT006305,CUST000649,CASE001303,2023-06-18,IMPS,97464.82,US
TXN0001715,ACCT007082,CUST004367,CASE003154,2023-06-18,IMPS,106531.32,AE
TXN0001716,ACCT007090,CUST002611,CASE003927,2023-06-18,IMPS,115597.81,AE
TXN0001717,ACCT004159,CUST002047,CASE004505,2023-06-18,IMPS,124664.31,GB
TXN0001718,ACCT002527,CUST002456,CASE000440,2023-06-18,IMPS,133730.8,GB
TXN0001719,ACCT002938,CUST004731,CASE000612,2024-03-22,NEFT,99308.36,HK
TXN0001720,ACCT007350,CUST003390,CASE002931,2024-03-22,NEFT,110657.88,IN
TXN0001721,ACCT007781,CUST002952,CASE002888,2024-03-22,IMPS,122007.41,AE
TXN0001722,ACCT002239,CUST001525,CASE003478,2024-03-22,NEFT,133356.94,HK
TXN0001723,ACCT001300,CUST005551,CASE002277,2024-03-22,NEFT,144706.46,GB
TXN0001724,ACCT007438,CUST005290,CASE004187,2024-03-22,IMPS,156055.99,AE
TXN0001725,ACCT002353,CUST004849,CASE004314,2024-09-14,NEFT,120971.47,HK
TXN0001726,ACCT006465,CUST004031,CASE001358,2024-09-14,IMPS,134796.78,US
TXN0001727,ACCT007560,CUST004585,CASE003934,2024-09-14,IMPS,148622.09,SG
TXN0001728,ACCT007986,CUST002188,CASE004411,2024-09-14,IMPS,162447.4,HK
TXN0001729,ACCT003942,CUST004988,CASE000427,2024-09-14,NEFT,176272.71,SG
TXN0001730,ACCT008360,CUST004750,CASE003630,2024-09-14,NEFT,190098.02,HK
TXN0001731,ACCT008627,CUST001081,CASE004890,2024-09-14,NEFT,203923.33,HK
TXN0001732,ACCT004398,CUST003590,CASE002569,2024-09-14,IMPS,217748.64,AE
TXN0001733,ACCT001299,CUST002357,CASE000822,2024-09-14,IMPS,231573.95,GB
TXN0001734,ACCT003612,CUST002252,CASE003770,2023-03-02,NEFT,93951.84,IN
TXN0001735,ACCT001218,CUST003607,CASE001104,2023-03-02,NEFT,104689.19,US
TXN0001736,ACCT008418,CUST004736,CASE002043,2023-03-02,IMPS,115426.54,GB
TXN0001737,ACCT000823,CUST004016,CASE003739,2023-03-02,NEFT,126163.9,IN
TXN0001738,ACCT002306,CUST004710,CASE003460,2023-03-02,NEFT,136901.25,SG
TXN0001739,ACCT000300,CUST000415,CASE004335,2023-03-02,IMPS,147638.6,IN
TXN0001740,ACCT004681,CUST003052,CASE003242,2023-03-02,IMPS,158375.95,AE
TXN0001741,ACCT000331,CUST000480,CASE002604,2023-03-02,IMPS,169113.31,IN
TXN0001742,ACCT004324,CUST003241,CASE004772,2023-03-02,NEFT,179850.66,AE
TXN0001743,ACCT001034,CUST001221,CASE003629,2023-10-14,IMPS,64261.24,AE
TXN0001744,ACCT001302,CUST001295,CASE001794,2023-10-14,NEFT,71605.38,HK
TXN0001745,ACCT000498,CUST001865,CASE000380,2023-10-14,NEFT,78949.52,GB
TXN0001746,ACCT001865,CUST005797,CASE003778,2023-10-14,NEFT,86293.66,SG
TXN0001747,ACCT005297,CUST005853,CASE000756,2023-10-14,NEFT,93637.81,HK
TXN0001748,ACCT008375,CUST001808,CASE003399,2023-10-14,IMPS,100981.95,IN
TXN0001749,ACCT004951,CUST004866,CASE001911,2023-10-14,IMPS,108326.09,IN
TXN0001750,ACCT007296,CUST005150,CASE000801,2023-03-06,NEFT,94374.49,GB
TXN0001751,ACCT003492,CUST001312,CASE004635,2023-03-06,IMPS,105160.15,AE
TXN0001752,ACCT007425,CUST003245,CASE001282,2023-03-06,IMPS,115945.8,IN
TXN0001753,ACCT003868,CUST004055,CASE001305,2023-03-06,NEFT,126731.46,GB
TXN0001754,ACCT007882,CUST004896,CASE000128,2023-03-06,IMPS,137517.11,IN
TXN0001755,ACCT000726,CUST003829,CASE000634,2023-03-06,IMPS,148302.77,AE
TXN0001756,ACCT005483,CUST005338,CASE004445,2023-07-13,IMPS,159971.52,GB
TXN0001757,ACCT004423,CUST002801,CASE002268,2023-07-13,NEFT,178253.98,HK
TXN0001758,ACCT006986,CUST005408,CASE000526,2023-07-13,NEFT,196536.45,US
TXN0001759,ACCT006601,CUST003585,CASE000267,2023-07-13,NEFT,214818.9,SG
TXN0001760,ACCT000869,CUST004554,CASE000431,2023-07-13,IMPS,233101.36,IN
TXN0001761,ACCT002803,CUST003660,CASE001986,2023-07-13,IMPS,251383.83,IN
TXN0001762,ACCT005130,CUST003153,CASE004688,2023-07-13,NEFT,269666.28,SG
TXN0001763,ACCT001393,CUST002167,CASE000477,2023-07-13,IMPS,287948.74,AE
TXN0001764,ACCT004438,CUST005355,CASE003328,2023-07-13,IMPS,306231.2,US
TXN0001765,ACCT004490,CUST005416,CASE003081,2023-07-19,IMPS,45372.56,AE
TXN0001766,ACCT008101,CUST005349,CASE003869,2023-07-19,IMPS,50558.0,SG
TXN0001767,ACCT007942,CUST001728,CASE002240,2023-07-19,NEFT,55743.44,AE
TXN0001768,ACCT007161,CUST004686,CASE002537,2023-07-19,NEFT,60928.87,HK
TXN0001769,ACCT006835,CUST001858,CASE000467,2023-07-19,IMPS,66114.31,HK
TXN0001770,ACCT000815,CUST005420,CASE004098,2023-07-19,IMPS,71299.74,HK
TXN0001771,ACCT005364,CUST003126,CASE004031,2023-07-19,NEFT,76485.18,SG
TXN0001772,ACCT001735,CUST005473,CASE003135,2024-03-12,NEFT,90976.26,IN
TXN0001773,ACCT008491,CUST005189,CASE004558,2024-03-12,IMPS,101373.55,IN
TXN0001774,ACCT002611,CUST002439,CASE004650,2024-03-12,NEFT,111770.84,HK
TXN0001775,ACCT008170,CUST005897,CASE002901,2024-03-12,IMPS,122168.12,HK
TXN0001776,ACCT008176,CUST004429,CASE004561,2024-03-12,NEFT,132565.41,AE
TXN0001777,ACCT001792,CUST002097,CASE004030,2024-03-12,IMPS,142962.7,GB
TXN0001778,ACCT001898,CUST004774,CASE002672,2024-03-12,IMPS,153359.99,IN
TXN0001779,ACCT004917,CUST004263,CASE002219,2024-03-12,IMPS,163757.27,GB
TXN0001780,ACCT004899,CUST002039,CASE004343,2024-01-19,NEFT,55187.93,US
TXN0001781,ACCT004572,CUST004258,CASE002839,2024-01-19,NEFT,61495.12,IN
TXN0001782,ACCT002252,CUST005686,CASE002691,2024-01-19,NEFT,67802.31,IN
TXN0001783,ACCT004270,CUST002907,CASE003591,2024-01-19,NEFT,74109.51,GB
TXN0001784,ACCT002375,CUST005235,CASE001449,2024-01-19,IMPS,80416.7,HK
TXN0001785,ACCT006626,CUST003008,CASE003640,2024-01-19,IMPS,86723.89,IN
TXN0001786,ACCT004175,CUST000689,CASE003648,2024-11-09,NEFT,172060.26,HK
TXN0001787,ACCT001029,CUST003483,CASE003598,2024-11-09,NEFT,191724.29,GB
TXN0001788,ACCT006734,CUST005450,CASE000362,2024-11-09,NEFT,211388.32,HK
TXN0001789,ACCT008273,CUST000060,CASE002169,2024-11-09,NEFT,231052.35,AE
TXN0001790,ACCT001908,CUST004875,CASE002949,2024-11-09,IMPS,250716.38,US
TXN0001791,ACCT004831,CUST003855,CASE001263,2024-11-09,IMPS,270380.41,GB
TXN0001792,ACCT002456,CUST002341,CASE004883,2024-11-09,NEFT,290044.44,GB
TXN0001793,ACCT006414,CUST004030,CASE000240,2023-09-08,NEFT,33680.02,HK
TXN0001794,ACCT006736,CUST000853,CASE000114,2023-09-08,IMPS,37529.16,IN
TXN0001795,ACCT001717,CUST002470,CASE002850,2023-09-08,IMPS,41378.31,IN
TXN0001796,ACCT000777,CUST001786,CASE000045,2023-09-08,NEFT,45227.45,HK
TXN0001797,ACCT005127,CUST005438,CASE004536,2023-09-08,IMPS,49076.6,SG
TXN0001798,ACCT004122,CUST003331,CASE004153,2023-09-08,NEFT,52925.74,SG
TXN0001799,ACCT001991,CUST005253,CASE002971,2023-09-08,IMPS,56774.89,HK
TXN0001800,ACCT007521,CUST003176,CASE000841,2023-09-08,IMPS,60624.03,US
TXN0001801,ACCT001369,CUST004419,CASE003959,2023-09-08,IMPS,64473.18,HK
TXN0001802,ACCT007102,CUST000215,CASE004533,2024-09-12,NEFT,60067.18,AE
TXN0001803,ACCT007011,CUST002027,CASE004803,2024-09-12,IMPS,66932.0,IN
TXN0001804,ACCT007998,CUST004260,CASE001682,2024-09-12,IMPS,73796.82,IN
TXN0001805,ACCT002151,CUST003015,CASE000908,2024-09-12,NEFT,80661.64,SG
TXN0001806,ACCT001513,CUST001039,CASE003707,2024-09-12,NEFT,87526.47,AE
TXN0001807,ACCT002611,CUST002439,CASE003976,2024-09-12,IMPS,94391.29,US
TXN0001808,ACCT006928,CUST005615,CASE002829,2024-06-17,NEFT,105334.81,US
TXN0001809,ACCT007600,CUST003653,CASE002348,2024-06-17,IMPS,117373.07,GB
TXN0001810,ACCT004594,CUST003367,CASE003204,2024-06-17,IMPS,129411.34,US
TXN0001811,ACCT000892,CUST001994,CASE000743,2024-06-17,NEFT,141449.6,AE
TXN0001812,ACCT008584,CUST005711,CASE002804,2024-06-17,NEFT,153487.87,HK
TXN0001813,ACCT001676,CUST002658,CASE000499,2024-06-17,NEFT,165526.13,US
TXN0001814,ACCT002795,CUST004404,CASE003400,2024-06-17,NEFT,177564.39,IN
TXN0001815,ACCT008843,CUST003900,CASE003305,2024-09-07,NEFT,214891.06,GB
TXN0001816,ACCT000628,CUST005375,CASE000388,2024-09-07,NEFT,239450.04,GB
TXN0001817,ACCT002437,CUST002528,CASE001974,2024-09-07,IMPS,264009.02,HK
TXN0001818,ACCT005861,CUST004839,CASE001856,2024-09-07,NEFT,288568.0,SG
TXN0001819,ACCT008043,CUST000909,CASE002882,2024-09-07,IMPS,313126.97,US
TXN0001820,ACCT000631,CUST000874,CASE002606,2024-09-07,NEFT,337685.95,IN
TXN0001821,ACCT006207,CUST004086,CASE003161,2024-12-18,NEFT,80750.7,IN
TXN0001822,ACCT001260,CUST003635,CASE002948,2024-12-18,NEFT,89979.35,AE
TXN0001823,ACCT007137,CUST002211,CASE004207,2024-12-18,IMPS,99208.0,HK
TXN0001824,ACCT006773,CUST002331,CASE001183,2024-12-18,NEFT,108436.65,IN
TXN0001825,ACCT002486,CUST001055,CASE001457,2024-12-18,NEFT,117665.3,SG
TXN0001826,ACCT006650,CUST005023,CASE002946,2024-12-18,IMPS,126893.95,IN
TXN0001827,ACCT005689,CUST004834,CASE003173,2024-12-18,NEFT,136122.61,US
TXN0001828,ACCT008876,CUST001502,CASE000151,2024-12-18,IMPS,145351.26,US
TXN0001829,ACCT006498,CUST001197,CASE004581,2024-12-18,IMPS,154579.91,HK
TXN0001830,ACCT008160,CUST002944,CASE003581,2023-02-09,NEFT,60201.49,HK
TXN0001831,ACCT001588,CUST005449,CASE004423,2023-02-09,IMPS,67081.66,SG
TXN0001832,ACCT008779,CUST003889,CASE001974,2023-02-09,IMPS,73961.83,GB
TXN0001833,ACCT003279,CUST004563,CASE000224,2023-02-09,NEFT,80842.0,IN
TXN0001834,ACCT004711,CUST000165,CASE003528,2023-02-09,IMPS,87722.17,IN
TXN0001835,ACCT001922,CUST005293,CASE002566,2023-02-09,NEFT,94602.34,GB
TXN0001836,ACCT000917,CUST005654,CASE000011,2023-02-09,IMPS,101482.51,GB
TXN0001837,ACCT008135,CUST003282,CASE002580,2023-12-30,NEFT,259695.83,GB
TXN0001838,ACCT000626,CUST001999,CASE000473,2023-12-30,NEFT,289375.35,SG
TXN0001839,ACCT006289,CUST000643,CASE000121,2023-12-30,IMPS,319054.87,AE
TXN0001840,ACCT004521,CUST001864,CASE004340,2023-12-30,IMPS,348734.4,US
TXN0001841,ACCT004014,CUST005901,CASE001310,2023-12-30,NEFT,378413.92,HK
TXN0001842,ACCT007706,CUST005616,CASE002154,2023-12-30,IMPS,408093.44,SG
TXN0001843,ACCT006111,CUST005742,CASE001541,2023-12-30,NEFT,437772.97,IN
TXN0001844,ACCT000088,CUST004991,CASE002627,2023-12-30,NEFT,467452.49,GB
TXN0001845,ACCT004664,CUST002044,CASE000969,2023-12-30,NEFT,497132.01,US
TXN0001846,ACCT004631,CUST001101,CASE004022,2023-12-30,IMPS,526811.54,SG
TXN0001847,ACCT003437,CUST004250,CASE001311,2023-01-19,IMPS,35233.89,US
TXN0001848,ACCT008883,CUST005612,CASE004108,2023-01-19,NEFT,39260.62,SG
TXN0001849,ACCT008323,CUST002265,CASE003641,2023-01-19,NEFT,43287.35,AE
TXN0001850,ACCT000004,CUST002254,CASE002579,2023-01-19,IMPS,47314.08,AE
TXN0001851,ACCT008880,CUST004455,CASE000108,2023-01-19,NEFT,51340.81,SG
TXN0001852,ACCT004633,CUST003630,CASE004393,2023-01-19,NEFT,55367.54,SG
TXN0001853,ACCT002949,CUST002462,CASE002619,2023-01-19,NEFT,59394.27,SG
TXN0001854,ACCT007942,CUST001728,CASE000960,2023-01-19,NEFT,63421.0,AE
TXN0001855,ACCT005038,CUST001432,CASE001287,2023-01-19,IMPS,67447.73,SG
TXN0001856,ACCT001506,CUST001950,CASE001001,2024-07-12,IMPS,22455.45,AE
TXN0001857,ACCT007172,CUST000348,CASE004347,2024-07-12,NEFT,25021.78,GB
TXN0001858,ACCT008359,CUST004856,CASE000720,2024-07-12,IMPS,27588.12,US
TXN0001859,ACCT007766,CUST002607,CASE002940,2024-07-12,NEFT,30154.46,GB
TXN0001860,ACCT005662,CUST003792,CASE002372,2024-07-12,NEFT,32720.79,IN
TXN0001861,ACCT000221,CUST002554,CASE000181,2024-07-12,NEFT,35287.13,GB
TXN0001862,ACCT008071,CUST000569,CASE004756,2023-09-15,IMPS,109379.72,US
TXN0001863,ACCT004232,CUST004454,CASE001772,2023-09-15,NEFT,121880.26,AE
TXN0001864,ACCT000684,CUST001252,CASE003336,2023-09-15,IMPS,134380.8,GB
TXN0001865,ACCT004504,CUST003603,CASE003135,2023-09-15,NEFT,146881.34,US
TXN0001866,ACCT006123,CUST002572,CASE003671,2023-09-15,IMPS,159381.87,AE
TXN0001867,ACCT001110,CUST004216,CASE001664,2023-09-15,IMPS,171882.41,IN
TXN0001868,ACCT006057,CUST002852,CASE003371,2023-11-17,NEFT,62152.08,IN
TXN0001869,ACCT002920,CUST005506,CASE000664,2023-11-17,IMPS,69255.17,AE
TXN0001870,ACCT003337,CUST005081,CASE001009,2023-11-17,IMPS,76358.26,AE
TXN0001871,ACCT000794,CUST005549,CASE001681,2023-11-17,IMPS,83461.36,US
TXN0001872,ACCT006152,CUST000347,CASE000710,2023-11-17,IMPS,90564.45,AE
TXN0001873,ACCT000840,CUST003569,CASE004385,2023-11-17,IMPS,97667.55,IN
TXN0001874,ACCT006013,CUST001436,CASE003525,2023-11-17,NEFT,104770.64,HK
TXN0001875,ACCT003108,CUST000075,CASE002582,2024-05-25,IMPS,45516.6,GB
TXN0001876,ACCT007057,CUST002698,CASE003055,2024-05-25,IMPS,50718.5,HK
TXN0001877,ACCT004874,CUST004011,CASE003016,2024-05-25,NEFT,55920.4,IN
TXN0001878,ACCT003401,CUST004770,CASE000892,2024-05-25,IMPS,61122.3,SG
TXN0001879,ACCT007005,CUST004102,CASE001907,2024-05-25,IMPS,66324.19,GB
TXN0001880,ACCT005734,CUST000515,CASE004376,2024-05-25,NEFT,71526.09,HK
TXN0001881,ACCT003195,CUST004449,CASE003366,2024-05-25,IMPS,76727.99,AE
TXN0001882,ACCT001377,CUST002418,CASE000380,2024-05-25,NEFT,81929.89,AE
TXN0001883,ACCT004608,CUST004987,CASE000850,2024-02-12,NEFT,128487.38,GB
TXN0001884,ACCT002551,CUST003936,CASE000034,2024-02-12,IMPS,143171.65,AE
TXN0001885,ACCT003444,CUST003065,CASE000222,2024-02-12,IMPS,157855.92,US
TXN0001886,ACCT003944,CUST002534,CASE004061,2024-02-12,NEFT,172540.2,IN
TXN0001887,ACCT003638,CUST002439,CASE000048,2024-02-12,IMPS,187224.47,IN
TXN0001888,ACCT008490,CUST005767,CASE002009,2024-02-12,IMPS,201908.74,US
TXN0001889,ACCT006219,CUST001075,CASE003802,2023-02-03,NEFT,97231.74,SG
TXN0001890,ACCT007025,CUST001935,CASE004148,2023-02-03,IMPS,108343.94,US
TXN0001891,ACCT008440,CUST001221,CASE003495,2023-02-03,IMPS,119456.14,AE
TXN0001892,ACCT004968,CUST001255,CASE004125,2023-02-03,IMPS,130568.34,IN
TXN0001893,ACCT007657,CUST004556,CASE001681,2023-02-03,IMPS,141680.54,HK
TXN0001894,ACCT000658,CUST003889,CASE004342,2023-02-03,NEFT,152792.74,IN
TXN0001895,ACCT008187,CUST005907,CASE001649,2023-02-03,NEFT,163904.94,AE
TXN0001896,ACCT002504,CUST002729,CASE004623,2023-02-03,NEFT,175017.14,HK
TXN0001897,ACCT006369,CUST002665,CASE000765,2023-02-03,NEFT,186129.34,US
TXN0001898,ACCT008881,CUST002643,CASE001136,2024-06-21,IMPS,59881.62,IN
TXN0001899,ACCT002781,CUST003011,CASE004616,2024-06-21,NEFT,66725.23,US
TXN0001900,ACCT004827,CUST004797,CASE001542,2024-06-21,IMPS,73568.85,HK
TXN0001901,ACCT007605,CUST001624,CASE004321,2024-06-21,IMPS,80412.46,GB
TXN0001902,ACCT008192,CUST005357,CASE004141,2024-06-21,NEFT,87256.07,GB
TXN0001903,ACCT000826,CUST002968,CASE003471,2024-06-21,NEFT,94099.69,US
TXN0001904,ACCT007647,CUST002856,CASE000093,2024-06-21,IMPS,100943.3,IN
TXN0001905,ACCT005930,CUST003073,CASE003269,2024-06-21,IMPS,107786.91,US
TXN0001906,ACCT001627,CUST001838,CASE001308,2024-06-21,NEFT,114630.53,HK
TXN0001907,ACCT008580,CUST000896,CASE002553,2024-06-21,NEFT,121474.14,GB
TXN0001908,ACCT006054,CUST005949,CASE003460,2024-12-22,NEFT,38963.85,US
TXN0001909,ACCT002816,CUST001228,CASE003684,2024-12-22,NEFT,43416.86,US
TXN0001910,ACCT008918,CUST000934,CASE001285,2024-12-22,NEFT,47869.87,GB
TXN0001911,ACCT004363,CUST002607,CASE000827,2024-12-22,IMPS,52322.88,GB
TXN0001912,ACCT006184,CUST002586,CASE004953,2024-12-22,IMPS,56775.89,HK
TXN0001913,ACCT005285,CUST004197,CASE001778,2024-12-22,NEFT,61228.9,IN
TXN0001914,ACCT008251,CUST002244,CASE004568,2024-12-22,NEFT,65681.92,IN
TXN0001915,ACCT004332,CUST006000,CASE002226,2023-12-21,NEFT,141782.07,US
TXN0001916,ACCT000072,CUST000828,CASE001577,2023-12-21,NEFT,157985.74,SG
TXN0001917,ACCT008947,CUST001027,CASE002608,2023-12-21,IMPS,174189.41,US
TXN0001918,ACCT005665,CUST002503,CASE003751,2023-12-21,IMPS,190393.07,GB
TXN0001919,ACCT004235,CUST005844,CASE003170,2023-12-21,NEFT,206596.74,IN
TXN0001920,ACCT004218,CUST003376,CASE000819,2023-12-21,NEFT,222800.4,AE
TXN0001921,ACCT008696,CUST001205,CASE004132,2023-12-21,NEFT,239004.07,GB
TXN0001922,ACCT006923,CUST001195,CASE004553,2024-02-17,IMPS,124081.36,IN
TXN0001923,ACCT006800,CUST003008,CASE003647,2024-02-17,NEFT,138262.09,US
TXN0001924,ACCT004877,CUST005034,CASE002740,2024-02-17,NEFT,152442.82,GB
TXN0001925,ACCT000920,CUST001773,CASE003595,2024-02-17,NEFT,166623.54,IN
TXN0001926,ACCT005246,CUST004131,CASE003427,2024-02-17,NEFT,180804.27,GB
TXN0001927,ACCT007808,CUST003723,CASE000190,2024-02-17,IMPS,194985.0,SG
TXN0001928,ACCT004976,CUST005421,CASE002734,2024-02-17,NEFT,209165.73,SG
TXN0001929,ACCT003647,CUST001720,CASE004428,2024-02-17,IMPS,223346.45,GB
TXN0001930,ACCT000399,CUST003590,CASE001925,2024-02-17,NEFT,237527.18,GB
TXN0001931,ACCT003282,CUST003343,CASE004868,2023-07-29,IMPS,79147.35,US
TXN0001932,ACCT001276,CUST004637,CASE002065,2023-07-29,IMPS,88192.76,AE
TXN0001933,ACCT004649,CUST004222,CASE000912,2023-07-29,NEFT,97238.17,HK
TXN0001934,ACCT002738,CUST004222,CASE003683,2023-07-29,NEFT,106283.58,AE
TXN0001935,ACCT001957,CUST005908,CASE002883,2023-07-29,NEFT,115328.99,GB
TXN0001936,ACCT007832,CUST000311,CASE003347,2023-07-29,IMPS,124374.4,HK
TXN0001937,ACCT005542,CUST004798,CASE000263,2023-07-29,NEFT,133419.82,US
TXN0001938,ACCT006353,CUST005365,CASE000115,2023-07-29,IMPS,142465.23,HK
TXN0001939,ACCT002254,CUST001640,CASE003285,2023-07-29,IMPS,151510.64,SG
TXN0001940,ACCT001884,CUST000540,CASE000958,2023-10-27,NEFT,254372.31,US
TXN0001941,ACCT005441,CUST001813,CASE004187,2023-10-27,IMPS,283443.44,GB
TXN0001942,ACCT007246,CUST003118,CASE003502,2023-10-27,IMPS,312514.56,SG
TXN0001943,ACCT007357,CUST000896,CASE002590,2023-10-27,NEFT,341585.68,SG
TXN0001944,ACCT004822,CUST002516,CASE001227,2023-10-27,IMPS,370656.8,SG
TXN0001945,ACCT006657,CUST000789,CASE004606,2023-10-27,IMPS,399727.92,HK
TXN0001946,ACCT002860,CUST002352,CASE000193,2023-02-03,IMPS,44201.82,IN
TXN0001947,ACCT002928,CUST004422,CASE002129,2023-02-03,IMPS,49253.46,IN
TXN0001948,ACCT000899,CUST004350,CASE004234,2023-02-03,NEFT,54305.1,AE
TXN0001949,ACCT007590,CUST000706,CASE001912,2023-02-03,IMPS,59356.73,US
TXN0001950,ACCT002655,CUST001987,CASE004404,2023-02-03,IMPS,64408.37,US
TXN0001951,ACCT002217,CUST003137,CASE001939,2023-02-03,NEFT,69460.01,US
TXN0001952,ACCT006882,CUST005717,CASE001663,2023-02-03,NEFT,74511.64,US
TXN0001953,ACCT007737,CUST002495,CASE001130,2023-02-03,IMPS,79563.28,AE
TXN0001954,ACCT004446,CUST001684,CASE002072,2023-02-03,IMPS,84614.92,HK
TXN0001955,ACCT006903,CUST004719,CASE004544,2024-01-22,IMPS,33632.79,IN
TXN0001956,ACCT003060,CUST004533,CASE001645,2024-01-22,IMPS,37476.54,HK
TXN0001957,ACCT006755,CUST003528,CASE002502,2024-01-22,NEFT,41320.29,US
TXN0001958,ACCT007058,CUST003680,CASE003363,2024-01-22,NEFT,45164.04,AE
TXN0001959,ACCT001424,CUST001146,CASE001900,2024-01-22,IMPS,49007.79,GB
TXN0001960,ACCT000990,CUST004659,CASE000034,2024-01-22,IMPS,52851.54,GB
TXN0001961,ACCT003714,CUST000764,CASE000258,2024-01-22,IMPS,56695.28,IN
TXN0001962,ACCT005905,CUST002872,CASE001218,2024-01-22,NEFT,60539.03,HK
TXN0001963,ACCT006578,CUST001261,CASE002338,2024-01-22,IMPS,64382.78,HK
TXN0001964,ACCT006111,CUST005742,CASE004797,2024-01-22,NEFT,68226.53,HK
TXN0001965,ACCT000595,CUST005398,CASE002531,2024-10-10,IMPS,55460.55,SG
TXN0001966,ACCT001370,CUST002998,CASE002037,2024-10-10,IMPS,61798.9,IN
TXN0001967,ACCT000105,CUST001877,CASE000788,2024-10-10,NEFT,68137.25,HK
TXN0001968,ACCT000770,CUST001249,CASE003278,2024-10-10,IMPS,74475.6,AE
TXN0001969,ACCT001743,CUST000638,CASE002443,2024-10-10,IMPS,80813.95,GB
TXN0001970,ACCT007041,CUST000720,CASE000035,2024-10-10,NEFT,87152.3,GB
TXN0001971,ACCT006427,CUST004593,CASE001482,2024-10-10,IMPS,93490.64,GB
TXN0001972,ACCT005827,CUST001475,CASE002785,2024-10-10,NEFT,99828.99,GB
TXN0001973,ACCT008298,CUST001475,CASE004666,2023-10-18,IMPS,81733.6,IN
TXN0001974,ACCT007500,CUST003636,CASE003666,2023-10-18,NEFT,91074.59,IN
TXN0001975,ACCT003236,CUST005195,CASE000539,2023-10-18,IMPS,100415.57,IN
TXN0001976,ACCT000926,CUST004889,CASE000764,2023-10-18,IMPS,109756.55,AE
TXN0001977,ACCT008177,CUST005271,CASE000008,2023-10-18,IMPS,119097.54,GB
TXN0001978,ACCT003249,CUST003114,CASE002930,2023-10-18,NEFT,128438.52,IN
TXN0001979,ACCT002587,CUST003919,CASE003336,2023-10-18,NEFT,137779.5,SG
TXN0001980,ACCT001786,CUST005959,CASE001210,2023-10-18,NEFT,147120.49,HK
TXN0001981,ACCT006745,CUST004374,CASE002108,2023-10-18,IMPS,156461.47,AE
TXN0001982,ACCT006502,CUST000585,CASE004713,2023-10-18,IMPS,165802.45,GB
TXN0001983,ACCT005545,CUST000595,CASE002158,2024-11-21,IMPS,97204.83,IN
TXN0001984,ACCT002297,CUST000539,CASE003369,2024-11-21,NEFT,108313.96,IN
TXN0001985,ACCT007063,CUST001136,CASE004165,2024-11-21,NEFT,119423.08,SG
TXN0001986,ACCT005835,CUST005964,CASE001575,2024-11-21,IMPS,130532.21,GB
TXN0001987,ACCT000998,CUST002168,CASE002813,2024-11-21,IMPS,141641.33,SG
TXN0001988,ACCT005241,CUST001010,CASE002593,2024-11-21,IMPS,152750.45,US
TXN0001989,ACCT003154,CUST003761,CASE000487,2024-11-21,NEFT,163859.58,SG
TXN0001990,ACCT004661,CUST001580,CASE002821,2024-11-21,NEFT,174968.7,SG
TXN0001991,ACCT008178,CUST002521,CASE004337,2024-11-21,NEFT,186077.83,GB
TXN0001992,ACCT003743,CUST003765,CASE001097,2024-12-08,NEFT,72680.65,US
TXN0001993,ACCT000815,CUST005420,CASE003752,2024-12-08,IMPS,80987.01,GB
TXN0001994,ACCT001622,CUST004157,CASE002416,2024-12-08,IMPS,89293.37,GB
TXN0001995,ACCT006544,CUST000926,CASE001862,2024-12-08,IMPS,97599.73,AE
TXN0001996,ACCT004486,CUST002527,CASE004860,2024-12-08,NEFT,105906.09,GB
TXN0001997,ACCT003785,CUST001853,CASE002827,2024-12-08,IMPS,114212.45,GB
TXN0001998,ACCT000336,CUST000469,CASE004304,2024-12-08,IMPS,122518.81,HK
TXN0001999,ACCT004627,CUST005704,CASE001232,2024-12-10,IMPS,103756.83,GB
TXN0002000,ACCT000882,CUST005292,CASE002424,2024-12-10,NEFT,115614.76,IN
TXN0002001,ACCT004833,CUST005197,CASE003360,2024-12-10,NEFT,127472.68,HK
TXN0002002,ACCT007741,CUST000732,CASE000179,2024-12-10,NEFT,139330.61,IN
TXN0002003,ACCT007446,CUST003789,CASE004580,2024-12-10,IMPS,151188.53,SG
TXN0002004,ACCT002122,CUST005176,CASE001424,2024-12-10,IMPS,163046.45,US
TXN0002005,ACCT004290,CUST002532,CASE004743,2024-12-10,NEFT,174904.38,US
TXN0002006,ACCT006445,CUST005609,CASE000541,2024-12-10,NEFT,186762.3,HK
TXN0002007,ACCT004489,CUST004007,CASE001075,2024-12-10,IMPS,198620.23,IN
TXN0002008,ACCT002075,CUST000013,CASE000015,2024-04-04,NEFT,39642.15,SG
TXN0002009,ACCT006942,CUST000912,CASE003847,2024-04-04,IMPS,44172.69,US
TXN0002010,ACCT005825,CUST001363,CASE002963,2024-04-04,NEFT,48703.22,US
TXN0002011,ACCT008290,CUST003690,CASE001873,2024-04-04,IMPS,53233.75,SG
TXN0002012,ACCT005713,CUST005429,CASE003104,2024-04-04,IMPS,57764.28,SG
TXN0002013,ACCT007698,CUST000800,CASE001208,2024-04-04,NEFT,62294.82,AE
TXN0002014,ACCT000825,CUST003552,CASE001676,2024-04-04,IMPS,66825.35,SG
TXN0002015,ACCT002949,CUST002462,CASE000458,2024-04-04,IMPS,71355.88,GB
TXN0002016,ACCT004657,CUST004295,CASE000220,2024-04-04,IMPS,75886.41,US
TXN0002017,ACCT008450,CUST004351,CASE003395,2024-04-04,NEFT,80416.94,GB
TXN0002018,ACCT003922,CUST002677,CASE002672,2024-02-24,IMPS,199751.79,US
TXN0002019,ACCT005387,CUST001586,CASE003872,2024-02-24,NEFT,222580.57,AE
TXN0002020,ACCT004792,CUST005952,CASE001279,2024-02-24,NEFT,245409.34,US
TXN0002021,ACCT003911,CUST004405,CASE000601,2024-02-24,NEFT,268238.12,GB
TXN0002022,ACCT005287,CUST005747,CASE000585,2024-02-24,NEFT,291066.89,AE
TXN0002023,ACCT007370,CUST004988,CASE002528,2024-02-24,IMPS,313895.67,GB
TXN0002024,ACCT008371,CUST001943,CASE003805,2024-03-06,NEFT,79959.96,GB
TXN0002025,ACCT001290,CUST001903,CASE000425,2024-03-06,IMPS,89098.25,HK
TXN0002026,ACCT005233,CUST005872,CASE003031,2024-03-06,NEFT,98236.53,IN
TXN0002027,ACCT004195,CUST005935,CASE000206,2024-03-06,IMPS,107374.81,US
TXN0002028,ACCT004303,CUST002718,CASE000164,2024-03-06,IMPS,116513.09,GB
TXN0002029,ACCT008123,CUST001851,CASE001067,2024-03-06,IMPS,125651.37,HK
TXN0002030,ACCT003040,CUST002527,CASE003712,2023-11-28,IMPS,164217.91,AE
TXN0002031,ACCT007271,CUST002074,CASE004064,2023-11-28,NEFT,182985.68,US
TXN0002032,ACCT006631,CUST003106,CASE002092,2023-11-28,NEFT,201753.44,GB
TXN0002033,ACCT002938,CUST004731,CASE000329,2023-11-28,IMPS,220521.2,HK
TXN0002034,ACCT004184,CUST003633,CASE003613,2023-11-28,NEFT,239288.96,US
TXN0002035,ACCT003313,CUST000519,CASE004053,2023-11-28,IMPS,258056.72,GB
TXN0002036,ACCT002130,CUST001652,CASE001336,2023-11-28,IMPS,276824.48,GB
TXN0002037,ACCT007122,CUST003841,CASE000882,2023-08-04,IMPS,103177.63,GB
TXN0002038,ACCT003198,CUST000270,CASE004153,2023-08-04,NEFT,114969.36,SG
TXN0002039,ACCT006371,CUST003828,CASE004659,2023-08-04,IMPS,126761.08,AE
TXN0002040,ACCT001784,CUST002863,CASE003275,2023-08-04,NEFT,138552.81,AE
TXN0002041,ACCT008507,CUST001697,CASE000825,2023-08-04,NEFT,150344.54,HK
TXN0002042,ACCT004925,CUST004016,CASE000858,2023-08-04,IMPS,162136.27,SG
TXN0002043,ACCT005931,CUST005363,CASE001360,2023-08-04,IMPS,173928.0,HK
TXN0002044,ACCT007313,CUST000719,CASE003654,2023-06-09,NEFT,110483.78,US
TXN0002045,ACCT008903,CUST001336,CASE000584,2023-06-09,NEFT,123110.5,GB
TXN0002046,ACCT008096,CUST002053,CASE002448,2023-06-09,NEFT,135737.21,HK
TXN0002047,ACCT001620,CUST000849,CASE003137,2023-06-09,IMPS,148363.93,IN
TXN0002048,ACCT005917,CUST004902,CASE000777,2023-06-09,IMPS,160990.65,HK
TXN0002049,ACCT005432,CUST000559,CASE002956,2023-06-09,IMPS,173617.37,GB
TXN0002050,ACCT003669,CUST005768,CASE001168,2023-06-09,NEFT,186244.08,IN
TXN0002051,ACCT003164,CUST000260,CASE000168,2023-06-09,NEFT,198870.8,IN
TXN0002052,ACCT008657,CUST004707,CASE002668,2023-04-04,NEFT,118235.35,AE
TXN0002053,ACCT006950,CUST001736,CASE003456,2023-04-04,NEFT,131747.97,AE
TXN0002054,ACCT005042,CUST005545,CASE000023,2023-04-04,NEFT,145260.58,SG
TXN0002055,ACCT005846,CUST003366,CASE004063,2023-04-04,NEFT,158773.19,HK
TXN0002056,ACCT008550,CUST002271,CASE001398,2023-04-04,NEFT,172285.8,GB
TXN0002057,ACCT007604,CUST002723,CASE004715,2023-04-04,IMPS,185798.42,GB
TXN0002058,ACCT000925,CUST004298,CASE004080,2023-04-04,NEFT,199311.03,SG
TXN0002059,ACCT000082,CUST005491,CASE001535,2023-04-04,IMPS,212823.64,AE
TXN0002060,ACCT005752,CUST004272,CASE004224,2023-04-04,IMPS,226336.25,GB
TXN0002061,ACCT005198,CUST005384,CASE000216,2024-01-18,NEFT,109885.83,HK
TXN0002062,ACCT003186,CUST001732,CASE003655,2024-01-18,IMPS,122444.21,US
TXN0002063,ACCT001456,CUST003643,CASE000795,2024-01-18,NEFT,135002.59,SG
TXN0002064,ACCT001257,CUST005192,CASE002057,2024-01-18,IMPS,147560.97,GB
TXN0002065,ACCT005701,CUST001830,CASE000943,2024-01-18,IMPS,160119.36,US
TXN0002066,ACCT002680,CUST002354,CASE002214,2024-01-18,IMPS,172677.74,SG
TXN0002067,ACCT004263,CUST001976,CASE001441,2024-01-18,IMPS,185236.12,GB
TXN0002068,ACCT003382,CUST005676,CASE001659,2024-01-18,IMPS,197794.5,US
TXN0002069,ACCT008832,CUST004040,CASE000052,2024-01-18,IMPS,210352.88,US
TXN0002070,ACCT008080,CUST001179,CASE000046,2024-02-15,IMPS,123525.85,GB
TXN0002071,ACCT007320,CUST002330,CASE000482,2024-02-15,IMPS,137643.09,SG
TXN0002072,ACCT001220,CUST004309,CASE004438,2024-02-15,NEFT,151760.33,AE
TXN0002073,ACCT005813,CUST000354,CASE000727,2024-02-15,IMPS,165877.57,GB
TXN0002074,ACCT007381,CUST004258,CASE000251,2024-02-15,NEFT,179994.81,AE
TXN0002075,ACCT003745,CUST001018,CASE004353,2024-02-15,NEFT,194112.05,HK
TXN0002076,ACCT006784,CUST000178,CASE001070,2024-02-15,IMPS,208229.29,IN
TXN0002077,ACCT001728,CUST001059,CASE003762,2024-09-18,IMPS,186477.07,GB
TXN0002078,ACCT004488,CUST003858,CASE000079,2024-09-18,IMPS,207788.74,IN
TXN0002079,ACCT004552,CUST000350,CASE000448,2024-09-18,IMPS,229100.41,GB
TXN0002080,ACCT006116,CUST003269,CASE001922,2024-09-18,IMPS,250412.07,SG
TXN0002081,ACCT006788,CUST004189,CASE000665,2024-09-18,NEFT,271723.74,IN
TXN0002082,ACCT007040,CUST001125,CASE003213,2024-09-18,NEFT,293035.4,GB
TXN0002083,ACCT001265,CUST000377,CASE002804,2024-09-18,IMPS,314347.07,HK
TXN0002084,ACCT006688,CUST001710,CASE002492,2024-09-18,IMPS,335658.73,HK
TXN0002085,ACCT006469,CUST001247,CASE002766,2024-08-16,NEFT,94512.26,IN
TXN0002086,ACCT005944,CUST004392,CASE004257,2024-08-16,IMPS,105313.66,SG
TXN0002087,ACCT007504,CUST004097,CASE001245,2024-08-16,NEFT,116115.06,AE
TXN0002088,ACCT003156,CUST001993,CASE000447,2024-08-16,NEFT,126916.46,US
TXN0002089,ACCT002282,CUST000995,CASE003492,2024-08-16,IMPS,137717.86,GB
TXN0002090,ACCT007809,CUST004174,CASE000961,2024-08-16,NEFT,148519.26,SG
TXN0002091,ACCT007860,CUST005192,CASE000192,2024-08-16,IMPS,159320.66,HK
TXN0002092,ACCT004930,CUST000157,CASE003074,2024-08-16,NEFT,170122.06,SG
TXN0002093,ACCT001370,CUST002998,CASE003792,2024-08-16,NEFT,180923.46,AE
TXN0002094,ACCT005276,CUST003260,CASE003424,2024-01-17,NEFT,128537.29,AE
TXN0002095,ACCT003340,CUST003607,CASE000512,2024-01-17,NEFT,143227.27,US
TXN0002096,ACCT004856,CUST002592,CASE000913,2024-01-17,IMPS,157917.24,SG
TXN0002097,ACCT002702,CUST002445,CASE003924,2024-01-17,NEFT,172607.22,IN
TXN0002098,ACCT008900,CUST003973,CASE003538,2024-01-17,NEFT,187297.19,HK
TXN0002099,ACCT000002,CUST000913,CASE003255,2024-01-17,NEFT,201987.17,US
TXN0002100,ACCT007102,CUST000215,CASE004704,2023-04-03,IMPS,79596.92,GB
TXN0002101,ACCT007531,CUST002731,CASE003630,2023-04-03,IMPS,88693.71,US
TXN0002102,ACCT000946,CUST005226,CASE001661,2023-04-03,IMPS,97790.5,IN
TXN0002103,ACCT005434,CUST001306,CASE003379,2023-04-03,IMPS,106887.29,HK
TXN0002104,ACCT000961,CUST000536,CASE004651,2023-04-03,NEFT,115984.08,US
TXN0002105,ACCT004411,CUST005630,CASE000399,2023-04-03,IMPS,125080.87,US
TXN0002106,ACCT001941,CUST004159,CASE002222,2023-04-03,IMPS,134177.66,US
TXN0002107,ACCT002437,CUST002528,CASE004433,2024-06-04,IMPS,199315.13,US
TXN0002108,ACCT002451,CUST004055,CASE003843,2024-06-04,IMPS,222094.0,HK
TXN0002109,ACCT008377,CUST003859,CASE002097,2024-06-04,NEFT,244872.87,AE
TXN0002110,ACCT003588,CUST002942,CASE002853,2024-06-04,IMPS,267651.75,US
TXN0002111,ACCT000302,CUST004429,CASE004351,2024-06-04,IMPS,290430.62,GB
TXN0002112,ACCT008407,CUST003757,CASE004407,2024-06-04,IMPS,313209.49,GB
TXN0002113,ACCT007324,CUST005734,CASE000531,2024-03-18,IMPS,55979.27,SG
TXN0002114,ACCT004156,CUST003705,CASE003999,2024-03-18,IMPS,62376.9,SG
TXN0002115,ACCT008229,CUST005044,CASE000131,2024-03-18,IMPS,68774.53,IN
TXN0002116,ACCT003071,CUST004668,CASE001771,2024-03-18,NEFT,75172.16,HK
TXN0002117,ACCT003840,CUST003518,CASE001241,2024-03-18,IMPS,81569.79,GB
TXN0002118,ACCT000201,CUST005996,CASE000538,2024-03-18,NEFT,87967.42,SG
TXN0002119,ACCT000586,CUST002640,CASE003655,2024-03-18,IMPS,94365.05,GB
TXN0002120,ACCT004539,CUST004680,CASE002528,2023-08-17,IMPS,247492.69,US
TXN0002121,ACCT000292,CUST001504,CASE001966,2023-08-17,NEFT,275777.57,HK
TXN0002122,ACCT008777,CUST001703,CASE003442,2023-08-17,NEFT,304062.45,SG
TXN0002123,ACCT002612,CUST002368,CASE004653,2023-08-17,NEFT,332347.33,SG
TXN0002124,ACCT008761,CUST001767,CASE001775,2023-08-17,NEFT,360632.21,GB
TXN0002125,ACCT002991,CUST002089,CASE003062,2023-08-17,NEFT,388917.09,US
TXN0002126,ACCT007688,CUST000639,CASE001977,2023-03-24,NEFT,82000.23,HK
TXN0002127,ACCT008826,CUST005635,CASE000216,2023-03-24,NEFT,91371.68,SG
TXN0002128,ACCT001406,CUST005529,CASE004868,2023-03-24,IMPS,100743.13,IN
TXN0002129,ACCT003649,CUST005646,CASE003541,2023-03-24,IMPS,110114.59,GB
TXN0002130,ACCT001936,CUST001127,CASE002306,2023-03-24,IMPS,119486.04,US
TXN0002131,ACCT001028,CUST001621,CASE000492,2023-03-24,IMPS,128857.5,SG
TXN0002132,ACCT005974,CUST001326,CASE002692,2023-03-24,NEFT,138228.95,IN
TXN0002133,ACCT004178,CUST002121,CASE000173,2024-09-05,NEFT,35600.21,US
TXN0002134,ACCT002552,CUST001397,CASE000410,2024-09-05,IMPS,39668.81,GB
TXN0002135,ACCT008103,CUST000008,CASE004282,2024-09-05,IMPS,43737.41,IN
TXN0002136,ACCT001526,CUST001815,CASE002526,2024-09-05,IMPS,47806.0,IN
TXN0002137,ACCT001191,CUST004452,CASE003496,2024-09-05,IMPS,51874.6,GB
TXN0002138,ACCT002631,CUST002828,CASE000787,2024-09-05,IMPS,55943.19,IN
TXN0002139,ACCT007111,CUST001903,CASE003823,2024-09-05,IMPS,60011.79,GB
TXN0002140,ACCT004560,CUST004875,CASE002295,2024-03-06,NEFT,90711.07,GB
TXN0002141,ACCT002674,CUST003334,CASE002089,2024-03-06,NEFT,101078.05,US
TXN0002142,ACCT000033,CUST000054,CASE003970,2024-03-06,IMPS,111445.04,GB
TXN0002143,ACCT006705,CUST000577,CASE003967,2024-03-06,IMPS,121812.01,AE
TXN0002144,ACCT007681,CUST002804,CASE000056,2024-03-06,IMPS,132178.99,IN
TXN0002145,ACCT000822,CUST003442,CASE000482,2024-03-06,NEFT,142545.98,AE
TXN0002146,ACCT000489,CUST000886,CASE002995,2024-03-06,NEFT,152912.95,IN
TXN0002147,ACCT005609,CUST003779,CASE000757,2024-03-06,IMPS,163279.93,HK
TXN0002148,ACCT008502,CUST002211,CASE004830,2024-03-06,IMPS,173646.91,US
TXN0002149,ACCT005647,CUST003509,CASE001459,2024-03-06,IMPS,184013.89,AE
TXN0002150,ACCT004977,CUST000828,CASE001484,2024-12-25,NEFT,55822.99,SG
TXN0002151,ACCT007672,CUST003145,CASE004908,2024-12-25,NEFT,62202.76,US
TXN0002152,ACCT006871,CUST000677,CASE000678,2024-12-25,NEFT,68582.53,IN
TXN0002153,ACCT004325,CUST004801,CASE003306,2024-12-25,NEFT,74962.3,AE
TXN0002154,ACCT001648,CUST000238,CASE002150,2024-12-25,NEFT,81342.07,US
TXN0002155,ACCT004432,CUST004867,CASE001188,2024-12-25,NEFT,87721.84,HK
TXN0002156,ACCT005673,CUST002299,CASE003879,2024-12-25,IMPS,94101.61,IN
TXN0002157,ACCT008292,CUST001960,CASE004729,2024-12-25,IMPS,100481.38,SG
TXN0002158,ACCT006925,CUST000368,CASE002098,2023-06-04,IMPS,139101.37,US
TXN0002159,ACCT008293,CUST001430,CASE000749,2023-06-04,NEFT,154998.67,AE
TXN0002160,ACCT002824,CUST005873,CASE000961,2023-06-04,NEFT,170895.97,IN
TXN0002161,ACCT003847,CUST002033,CASE002777,2023-06-04,IMPS,186793.27,HK
TXN0002162,ACCT005905,CUST002872,CASE004932,2023-06-04,IMPS,202690.56,SG
TXN0002163,ACCT006075,CUST002411,CASE003037,2023-06-04,NEFT,218587.86,IN
TXN0002164,ACCT004325,CUST004801,CASE004471,2023-06-04,NEFT,234485.16,SG
TXN0002165,ACCT002574,CUST003362,CASE001985,2024-04-18,IMPS,56783.31,IN
TXN0002166,ACCT003356,CUST002388,CASE002619,2024-04-18,IMPS,63272.83,AE
TXN0002167,ACCT007710,CUST004050,CASE001226,2024-04-18,IMPS,69762.35,GB
TXN0002168,ACCT005925,CUST004735,CASE001206,2024-04-18,NEFT,76251.87,SG
TXN0002169,ACCT000229,CUST000992,CASE002058,2024-04-18,NEFT,82741.39,GB
TXN0002170,ACCT008262,CUST000334,CASE000787,2024-04-18,NEFT,89230.91,GB
TXN0002171,ACCT003535,CUST004891,CASE004661,2024-04-18,NEFT,95720.43,SG
TXN0002172,ACCT007086,CUST002602,CASE003444,2023-01-15,NEFT,64270.88,GB
TXN0002173,ACCT005340,CUST001200,CASE002669,2023-01-15,IMPS,71616.13,SG
TXN0002174,ACCT007163,CUST004393,CASE002498,2023-01-15,NEFT,78961.37,US
TXN0002175,ACCT002717,CUST001580,CASE002398,2023-01-15,NEFT,86306.62,IN
TXN0002176,ACCT000107,CUST002585,CASE004433,2023-01-15,IMPS,93651.86,AE
TXN0002177,ACCT008042,CUST001514,CASE001534,2023-01-15,IMPS,100997.11,SG
TXN0002178,ACCT003233,CUST003250,CASE004273,2023-01-15,IMPS,108342.35,HK
TXN0002179,ACCT003649,CUST005646,CASE004724,2023-01-15,NEFT,115687.59,AE
TXN0002180,ACCT006125,CUST001791,CASE000191,2023-01-15,IMPS,123032.84,HK
TXN0002181,ACCT005918,CUST004455,CASE002885,2023-02-16,IMPS,27033.92,US
TXN0002182,ACCT008301,CUST005014,CASE001114,2023-02-16,NEFT,30123.51,HK
TXN0002183,ACCT007587,CUST000868,CASE001662,2023-02-16,NEFT,33213.11,GB
TXN0002184,ACCT003565,CUST003427,CASE003349,2023-02-16,NEFT,36302.7,HK
TXN0002185,ACCT006235,CUST001447,CASE000165,2023-02-16,IMPS,39392.29,IN
TXN0002186,ACCT000319,CUST002337,CASE003032,2023-02-16,NEFT,42481.88,AE
TXN0002187,ACCT008579,CUST000631,CASE003681,2023-02-16,NEFT,45571.47,GB
TXN0002188,ACCT004928,CUST001351,CASE001733,2024-10-23,IMPS,64035.2,GB
TXN0002189,ACCT001564,CUST004142,CASE000736,2024-10-23,IMPS,71353.51,AE
TXN0002190,ACCT004680,CUST001982,CASE004835,2024-10-23,IMPS,78671.82,US
TXN0002191,ACCT007272,CUST000101,CASE000065,2024-10-23,IMPS,85990.13,US
TXN0002192,ACCT007812,CUST003687,CASE002727,2024-10-23,NEFT,93308.44,AE
TXN0002193,ACCT005530,CUST003548,CASE004421,2024-10-23,NEFT,100626.75,US
TXN0002194,ACCT006222,CUST001873,CASE001441,2024-10-23,NEFT,107945.05,GB
TXN0002195,ACCT006396,CUST000734,CASE002722,2023-07-29,IMPS,19618.82,IN
TXN0002196,ACCT005409,CUST003821,CASE002685,2023-07-29,NEFT,21860.97,HK
TXN0002197,ACCT007421,CUST000933,CASE001385,2023-07-29,NEFT,24103.12,AE
TXN0002198,ACCT005960,CUST004546,CASE004438,2023-07-29,NEFT,26345.27,GB
TXN0002199,ACCT003200,CUST002577,CASE002299,2023-07-29,NEFT,28587.42,HK
TXN0002200,ACCT007975,CUST000337,CASE002203,2023-07-29,IMPS,30829.57,AE
TXN0002201,ACCT006373,CUST002232,CASE001000,2023-07-29,IMPS,33071.72,AE
TXN0002202,ACCT007333,CUST000763,CASE002785,2024-04-15,IMPS,32475.15,IN
TXN0002203,ACCT001232,CUST005106,CASE003149,2024-04-15,NEFT,36186.59,GB
TXN0002204,ACCT006162,CUST004188,CASE004250,2024-04-15,NEFT,39898.04,GB
TXN0002205,ACCT000727,CUST001046,CASE001155,2024-04-15,NEFT,43609.49,IN
TXN0002206,ACCT007087,CUST001193,CASE001194,2024-04-15,IMPS,47320.93,US
TXN0002207,ACCT003317,CUST003450,CASE000121,2024-04-15,IMPS,51032.38,SG
TXN0002208,ACCT007943,CUST004733,CASE000103,2023-11-24,NEFT,132564.0,SG
TXN0002209,ACCT008305,CUST002850,CASE004903,2023-11-24,IMPS,147714.18,SG
TXN0002210,ACCT006116,CUST003269,CASE001444,2023-11-24,IMPS,162864.35,SG
TXN0002211,ACCT008117,CUST003917,CASE004762,2023-11-24,NEFT,178014.52,HK
TXN0002212,ACCT001734,CUST004578,CASE000601,2023-11-24,IMPS,193164.69,AE
TXN0002213,ACCT000938,CUST001037,CASE002615,2023-11-24,NEFT,208314.87,AE
TXN0002214,ACCT004022,CUST005516,CASE004493,2023-11-24,NEFT,223465.04,US
TXN0002215,ACCT008504,CUST005018,CASE004304,2024-12-27,CASH_DEPOSIT,9686.274001955591,IN
TXN0002216,ACCT008504,CUST005018,CASE000030,2024-12-28,CASH_DEPOSIT,9795.956226485094,HK
TXN0002217,ACCT008504,CUST005018,CASE001429,2024-12-28,CASH_DEPOSIT,9254.109555752988,AE
TXN0002218,ACCT008504,CUST005018,CASE003392,2024-12-28,CASH_DEPOSIT,9023.100399375246,US
TXN0002219,ACCT008504,CUST005018,CASE002734,2024-12-28,CASH_DEPOSIT,9456.83407176389,US
TXN0002220,ACCT008504,CUST005018,CASE002229,2024-12-28,CASH_DEPOSIT,9257.583691440253,AE
TXN0002221,ACCT008504,CUST005018,CASE000926,2024-12-28,CASH_DEPOSIT,9120.897693199026,AE
TXN0002222,ACCT008504,CUST005018,CASE004050,2024-12-28,CASH_DEPOSIT,9388.380230016968,HK
TXN0002223,ACCT006827,CUST003126,CASE000596,2023-06-14,CASH_DEPOSIT,9698.199089232594,GB
TXN0002224,ACCT006827,CUST003126,CASE004132,2023-06-15,CASH_DEPOSIT,9615.553919449534,IN
TXN0002225,ACCT006827,CUST003126,CASE002434,2023-06-15,CASH_DEPOSIT,9209.641533801178,GB
TXN0002226,ACCT006827,CUST003126,CASE004844,2023-06-15,CASH_DEPOSIT,9041.99142898638,HK
TXN0002227,ACCT006827,CUST003126,CASE003079,2023-06-15,CASH_DEPOSIT,9296.50510372742,US
TXN0002228,ACCT006827,CUST003126,CASE004550,2023-06-15,CASH_DEPOSIT,9158.918873261811,IN
TXN0002229,ACCT006827,CUST003126,CASE004306,2023-06-15,CASH_DEPOSIT,9059.136035514337,GB
TXN0002230,ACCT006827,CUST003126,CASE001361,2023-06-15,CASH_DEPOSIT,9251.346162083653,US
TXN0002231,ACCT003743,CUST003765,CASE003166,2023-03-23,CASH_DEPOSIT,9143.540198863086,SG
TXN0002232,ACCT003743,CUST003765,CASE000061,2023-03-23,CASH_DEPOSIT,9278.252520031361,AE
TXN0002233,ACCT003743,CUST003765,CASE001741,2023-03-23,CASH_DEPOSIT,9118.030733,IN
TXN0002234,ACCT003743,CUST003765,CASE004324,2023-03-23,CASH_DEPOSIT,9064.949754926482,IN
TXN0002235,ACCT003743,CUST003765,CASE000139,2023-03-23,CASH_DEPOSIT,9707.896078199716,SG
TXN0002236,ACCT003743,CUST003765,CASE001152,2023-03-23,CASH_DEPOSIT,9632.925590277076,HK
TXN0002237,ACCT003743,CUST003765,CASE004518,2023-03-23,CASH_DEPOSIT,9473.294532969589,IN
TXN0002238,ACCT003743,CUST003765,CASE001367,2023-03-23,CASH_DEPOSIT,9479.756133896997,IN
TXN0002239,ACCT003583,CUST001533,CASE002819,2023-01-19,CASH_DEPOSIT,9104.713704011958,AE
TXN0002240,ACCT003583,CUST001533,CASE003247,2023-01-19,CASH_DEPOSIT,9150.71805781972,IN
TXN0002241,ACCT003583,CUST001533,CASE002820,2023-01-19,CASH_DEPOSIT,9008.715607354905,AE
TXN0002242,ACCT003583,CUST001533,CASE000153,2023-01-20,CASH_DEPOSIT,9840.767484443411,IN
TXN0002243,ACCT003583,CUST001533,CASE001482,2023-01-20,CASH_DEPOSIT,9541.769666917102,SG
TXN0002244,ACCT003583,CUST001533,CASE001392,2023-01-20,CASH_DEPOSIT,9202.95224455939,AE
TXN0002245,ACCT003583,CUST001533,CASE000148,2023-01-20,CASH_DEPOSIT,9488.89676248363,IN
TXN0002246,ACCT003583,CUST001533,CASE000263,2023-01-20,CASH_DEPOSIT,9596.253987430813,AE
TXN0002247,ACCT001491,CUST001209,CASE002272,2024-10-08,CASH_DEPOSIT,9004.396670812923,HK
TXN0002248,ACCT001491,CUST001209,CASE001936,2024-10-08,CASH_DEPOSIT,9074.128725966628,HK
TXN0002249,ACCT001491,CUST001209,CASE004058,2024-10-08,CASH_DEPOSIT,9842.104072264447,AE
TXN0002250,ACCT001491,CUST001209,CASE002313,2024-10-08,CASH_DEPOSIT,9141.047521924183,SG
TXN0002251,ACCT001491,CUST001209,CASE004681,2024-10-08,CASH_DEPOSIT,9626.497330827291,US
TXN0002252,ACCT001491,CUST001209,CASE001677,2024-10-08,CASH_DEPOSIT,9390.514469610445,GB
TXN0002253,ACCT001491,CUST001209,CASE001695,2024-10-08,CASH_DEPOSIT,9205.821295208334,SG
TXN0002254,ACCT001491,CUST001209,CASE003296,2024-10-08,CASH_DEPOSIT,9100.831491941559,GB
TXN0002255,ACCT006902,CUST005610,CASE000293,2023-04-13,CASH_DEPOSIT,9876.720437865044,SG
TXN0002256,ACCT006902,CUST005610,CASE000980,2023-04-13,CASH_DEPOSIT,9340.079466585257,HK
TXN0002257,ACCT006902,CUST005610,CASE002976,2023-04-13,CASH_DEPOSIT,9031.945973564963,GB
TXN0002258,ACCT006902,CUST005610,CASE002769,2023-04-13,CASH_DEPOSIT,9729.122362705322,IN
TXN0002259,ACCT006902,CUST005610,CASE001029,2023-04-13,CASH_DEPOSIT,9199.205025969251,IN
TXN0002260,ACCT006902,CUST005610,CASE000452,2023-04-13,CASH_DEPOSIT,9398.817083110758,US
TXN0002261,ACCT006902,CUST005610,CASE000001,2023-04-13,CASH_DEPOSIT,9264.074796273691,HK
TXN0002262,ACCT006902,CUST005610,CASE001651,2023-04-13,CASH_DEPOSIT,9084.027081533915,SG
TXN0002263,ACCT006875,CUST004491,CASE004616,2023-11-19,CASH_DEPOSIT,9214.973683005952,IN
TXN0002264,ACCT006875,CUST004491,CASE001846,2023-11-19,CASH_DEPOSIT,9715.821339529024,GB
TXN0002265,ACCT006875,CUST004491,CASE002965,2023-11-19,CASH_DEPOSIT,9860.344189833224,HK
TXN0002266,ACCT006875,CUST004491,CASE004957,2023-11-19,CASH_DEPOSIT,9180.551385873232,IN
TXN0002267,ACCT006875,CUST004491,CASE000160,2023-11-19,CASH_DEPOSIT,9786.233544751505,GB
TXN0002268,ACCT006875,CUST004491,CASE004528,2023-11-19,CASH_DEPOSIT,9024.898053078854,SG
TXN0002269,ACCT006875,CUST004491,CASE003090,2023-11-19,CASH_DEPOSIT,9352.663473989454,HK
TXN0002270,ACCT006875,CUST004491,CASE002541,2023-11-19,CASH_DEPOSIT,9039.419548088837,HK
TXN0002271,ACCT003952,CUST005747,CASE002972,2024-05-18,CASH_DEPOSIT,9241.191009820966,IN
TXN0002272,ACCT003952,CUST005747,CASE002095,2024-05-18,CASH_DEPOSIT,9202.634068725934,GB
TXN0002273,ACCT003952,CUST005747,CASE002956,2024-05-18,CASH_DEPOSIT,9780.522795453095,US
TXN0002274,ACCT003952,CUST005747,CASE002356,2024-05-18,CASH_DEPOSIT,9349.65908955271,GB
TXN0002275,ACCT003952,CUST005747,CASE004113,2024-05-18,CASH_DEPOSIT,9052.788918375316,IN
TXN0002276,ACCT003952,CUST005747,CASE001386,2024-05-18,CASH_DEPOSIT,9126.400160731733,IN
TXN0002277,ACCT003952,CUST005747,CASE002852,2024-05-18,CASH_DEPOSIT,9337.772042898714,IN
TXN0002278,ACCT003952,CUST005747,CASE004948,2024-05-18,CASH_DEPOSIT,9492.792558954554,IN
TXN0002279,ACCT000260,CUST004721,CASE002860,2024-10-16,CASH_DEPOSIT,9766.4793166365,IN
TXN0002280,ACCT000260,CUST004721,CASE000983,2024-10-16,CASH_DEPOSIT,9872.132145681911,GB
TXN0002281,ACCT000260,CUST004721,CASE003781,2024-10-16,CASH_DEPOSIT,9350.894622007605,HK
TXN0002282,ACCT000260,CUST004721,CASE002299,2024-10-16,CASH_DEPOSIT,9722.172130784456,HK
TXN0002283,ACCT000260,CUST004721,CASE001307,2024-10-17,CASH_DEPOSIT,9796.857411804103,GB
TXN0002284,ACCT000260,CUST004721,CASE004221,2024-10-17,CASH_DEPOSIT,9606.275452477008,GB
TXN0002285,ACCT000260,CUST004721,CASE004949,2024-10-17,CASH_DEPOSIT,9892.443648551785,GB
TXN0002286,ACCT000260,CUST004721,CASE004407,2024-10-17,CASH_DEPOSIT,9311.19900556265,GB
TXN0002287,ACCT008177,CUST005271,CASE000029,2024-09-01,CASH_DEPOSIT,9009.142203092311,SG
TXN0002288,ACCT008177,CUST005271,CASE000245,2024-09-01,CASH_DEPOSIT,9072.299493110104,AE
TXN0002289,ACCT008177,CUST005271,CASE002781,2024-09-01,CASH_DEPOSIT,9704.69529707926,AE
TXN0002290,ACCT008177,CUST005271,CASE002420,2024-09-01,CASH_DEPOSIT,9439.097768358404,IN
TXN0002291,ACCT008177,CUST005271,CASE001169,2024-09-01,CASH_DEPOSIT,9262.323131462004,GB
TXN0002292,ACCT008177,CUST005271,CASE004769,2024-09-01,CASH_DEPOSIT,9103.49785400633,HK
TXN0002293,ACCT008177,CUST005271,CASE000528,2024-09-01,CASH_DEPOSIT,9303.404189617146,SG
TXN0002294,ACCT008177,CUST005271,CASE002910,2024-09-01,CASH_DEPOSIT,9522.421295429636,IN
TXN0002295,ACCT000835,CUST002213,CASE000152,2023-02-08,CASH_DEPOSIT,9565.316491242429,HK
TXN0002296,ACCT000835,CUST002213,CASE001604,2023-02-08,CASH_DEPOSIT,9274.509122397183,SG
TXN0002297,ACCT000835,CUST002213,CASE002084,2023-02-08,CASH_DEPOSIT,9820.144152832407,AE
TXN0002298,ACCT000835,CUST002213,CASE004862,2023-02-08,CASH_DEPOSIT,9619.134736993152,SG
TXN0002299,ACCT000835,CUST002213,CASE000761,2023-02-08,CASH_DEPOSIT,9371.548166619756,IN
TXN0002300,ACCT000835,CUST002213,CASE001307,2023-02-08,CASH_DEPOSIT,9508.94352472303,SG
TXN0002301,ACCT000835,CUST002213,CASE004273,2023-02-08,CASH_DEPOSIT,9051.017866138218,IN
TXN0002302,ACCT000835,CUST002213,CASE002435,2023-02-08,CASH_DEPOSIT,9638.78914853592,HK
TXN0002303,ACCT002472,CUST001595,CASE003602,2024-10-11,CASH_DEPOSIT,9376.508230756428,SG
TXN0002304,ACCT002472,CUST001595,CASE003506,2024-10-11,CASH_DEPOSIT,9442.785877386657,IN
TXN0002305,ACCT002472,CUST001595,CASE001391,2024-10-11,CASH_DEPOSIT,9156.114538212902,SG
TXN0002306,ACCT002472,CUST001595,CASE001657,2024-10-11,CASH_DEPOSIT,9817.259691835814,GB
TXN0002307,ACCT002472,CUST001595,CASE000765,2024-10-11,CASH_DEPOSIT,9169.386798360536,HK
TXN0002308,ACCT002472,CUST001595,CASE001530,2024-10-11,CASH_DEPOSIT,9167.827668745515,US
TXN0002309,ACCT002472,CUST001595,CASE002838,2024-10-11,CASH_DEPOSIT,9816.732736068949,SG
TXN0002310,ACCT002472,CUST001595,CASE002179,2024-10-11,CASH_DEPOSIT,9442.60780761375,GB
TXN0002311,ACCT001577,CUST001872,CASE003680,2023-10-29,CASH_DEPOSIT,9879.718617201052,US
TXN0002312,ACCT001577,CUST001872,CASE004501,2023-10-29,CASH_DEPOSIT,9315.895797269219,SG
TXN0002313,ACCT001577,CUST001872,CASE003651,2023-10-29,CASH_DEPOSIT,9498.338577168066,AE
TXN0002314,ACCT001577,CUST001872,CASE003327,2023-10-29,CASH_DEPOSIT,9190.15808313808,US
TXN0002315,ACCT001577,CUST001872,CASE004450,2023-10-29,CASH_DEPOSIT,9023.670191204223,AE
TXN0002316,ACCT001577,CUST001872,CASE002900,2023-10-29,CASH_DEPOSIT,9586.5512184416,HK
TXN0002317,ACCT001577,CUST001872,CASE000499,2023-10-29,CASH_DEPOSIT,9122.956154726206,HK
TXN0002318,ACCT001577,CUST001872,CASE003349,2023-10-29,CASH_DEPOSIT,9347.817273065439,HK
TXN0002319,ACCT004256,CUST002929,CASE002711,2023-12-27,CASH_DEPOSIT,9344.173055534182,IN
TXN0002320,ACCT004256,CUST002929,CASE000475,2023-12-27,CASH_DEPOSIT,9829.525061083528,GB
TXN0002321,ACCT004256,CUST002929,CASE002505,2023-12-27,CASH_DEPOSIT,9583.894082756624,AE
TXN0002322,ACCT004256,CUST002929,CASE000128,2023-12-27,CASH_DEPOSIT,9320.563952041091,US
TXN0002323,ACCT004256,CUST002929,CASE000982,2023-12-27,CASH_DEPOSIT,9463.17732027722,IN
TXN0002324,ACCT004256,CUST002929,CASE002744,2023-12-27,CASH_DEPOSIT,9468.87033514616,IN
TXN0002325,ACCT004256,CUST002929,CASE001255,2023-12-27,CASH_DEPOSIT,9214.575524448166,SG
TXN0002326,ACCT004256,CUST002929,CASE002017,2023-12-27,CASH_DEPOSIT,9126.859729067131,AE
TXN0002327,ACCT008873,CUST004210,CASE004624,2024-08-14,CASH_DEPOSIT,9303.612789136117,IN
TXN0002328,ACCT008873,CUST004210,CASE001001,2024-08-14,CASH_DEPOSIT,9686.297960341499,US
TXN0002329,ACCT008873,CUST004210,CASE002859,2024-08-14,CASH_DEPOSIT,9031.791041799315,AE
TXN0002330,ACCT008873,CUST004210,CASE004954,2024-08-14,CASH_DEPOSIT,9770.624762659088,IN
TXN0002331,ACCT008873,CUST004210,CASE003548,2024-08-14,CASH_DEPOSIT,9175.28555775882,HK
TXN0002332,ACCT008873,CUST004210,CASE004435,2024-08-14,CASH_DEPOSIT,9800.603664021737,AE
TXN0002333,ACCT008873,CUST004210,CASE004320,2024-08-14,CASH_DEPOSIT,9204.297319842959,SG
TXN0002334,ACCT008873,CUST004210,CASE003529,2024-08-14,CASH_DEPOSIT,9094.143113969712,GB
TXN0002335,ACCT007601,CUST005049,CASE000534,2024-09-06,CASH_DEPOSIT,9533.223656029168,US
TXN0002336,ACCT007601,CUST005049,CASE002691,2024-09-07,CASH_DEPOSIT,9661.009175446929,IN
TXN0002337,ACCT007601,CUST005049,CASE004741,2024-09-07,CASH_DEPOSIT,9793.035637523195,HK
TXN0002338,ACCT007601,CUST005049,CASE003974,2024-09-07,CASH_DEPOSIT,9541.689111430913,SG
TXN0002339,ACCT007601,CUST005049,CASE002273,2024-09-07,CASH_DEPOSIT,9313.514747787909,IN
TXN0002340,ACCT007601,CUST005049,CASE000954,2024-09-07,CASH_DEPOSIT,9531.987893948926,SG
TXN0002341,ACCT007601,CUST005049,CASE003556,2024-09-07,CASH_DEPOSIT,9458.851245858805,HK
TXN0002342,ACCT007601,CUST005049,CASE002501,2024-09-07,CASH_DEPOSIT,9497.074059986806,AE
TXN0002343,ACCT005201,CUST003708,CASE003479,2024-08-01,CASH_DEPOSIT,9371.836536718944,US
TXN0002344,ACCT005201,CUST003708,CASE003784,2024-08-01,CASH_DEPOSIT,9539.517377490003,US
TXN0002345,ACCT005201,CUST003708,CASE001476,2024-08-01,CASH_DEPOSIT,9506.876559849232,GB
TXN0002346,ACCT005201,CUST003708,CASE003899,2024-08-01,CASH_DEPOSIT,9203.92257904752,AE
TXN0002347,ACCT005201,CUST003708,CASE001871,2024-08-01,CASH_DEPOSIT,9866.960805937826,HK
TXN0002348,ACCT005201,CUST003708,CASE000646,2024-08-01,CASH_DEPOSIT,9171.589645808566,US
TXN0002349,ACCT005201,CUST003708,CASE003322,2024-08-01,CASH_DEPOSIT,9293.818311156061,SG
TXN0002350,ACCT005201,CUST003708,CASE002176,2024-08-02,CASH_DEPOSIT,9831.528212448758,IN
TXN0002351,ACCT003827,CUST003373,CASE003673,2023-08-28,CASH_DEPOSIT,9018.951489057426,HK
TXN0002352,ACCT003827,CUST003373,CASE001890,2023-08-28,CASH_DEPOSIT,9586.689588206502,AE
TXN0002353,ACCT003827,CUST003373,CASE004484,2023-08-28,CASH_DEPOSIT,9399.56204776604,IN
TXN0002354,ACCT003827,CUST003373,CASE002902,2023-08-28,CASH_DEPOSIT,9030.054004038473,GB
TXN0002355,ACCT003827,CUST003373,CASE003857,2023-08-28,CASH_DEPOSIT,9524.711826391123,IN
TXN0002356,ACCT003827,CUST003373,CASE001525,2023-08-28,CASH_DEPOSIT,9612.637348035154,AE
TXN0002357,ACCT003827,CUST003373,CASE003617,2023-08-28,CASH_DEPOSIT,9674.417425813403,SG
TXN0002358,ACCT003827,CUST003373,CASE004376,2023-08-28,CASH_DEPOSIT,9416.246828618983,IN
TXN0002359,ACCT003570,CUST003466,CASE001580,2023-02-28,CASH_DEPOSIT,9895.769869808215,SG
TXN0002360,ACCT003570,CUST003466,CASE003945,2023-02-28,CASH_DEPOSIT,9169.597996100876,GB
TXN0002361,ACCT003570,CUST003466,CASE004601,2023-02-28,CASH_DEPOSIT,9724.313555610894,AE
TXN0002362,ACCT003570,CUST003466,CASE000891,2023-02-28,CASH_DEPOSIT,9111.901680073452,GB
TXN0002363,ACCT003570,CUST003466,CASE001398,2023-02-28,CASH_DEPOSIT,9415.13970750255,IN
TXN0002364,ACCT003570,CUST003466,CASE003779,2023-02-28,CASH_DEPOSIT,9184.475444479322,US
TXN0002365,ACCT003570,CUST003466,CASE001876,2023-02-28,CASH_DEPOSIT,9797.243458122235,GB
TXN0002366,ACCT003570,CUST003466,CASE002299,2023-02-28,CASH_DEPOSIT,9280.832260168625,SG
TXN0002367,ACCT005718,CUST004212,CASE003704,2024-09-08,CASH_DEPOSIT,9783.739303609633,AE
TXN0002368,ACCT005718,CUST004212,CASE003248,2024-09-08,CASH_DEPOSIT,9586.71647226767,US
TXN0002369,ACCT005718,CUST004212,CASE001443,2024-09-08,CASH_DEPOSIT,9294.134290018737,HK
TXN0002370,ACCT005718,CUST004212,CASE000155,2024-09-08,CASH_DEPOSIT,9208.254784539915,IN
TXN0002371,ACCT005718,CUST004212,CASE004282,2024-09-08,CASH_DEPOSIT,9781.35932149299,US
TXN0002372,ACCT005718,CUST004212,CASE001593,2024-09-08,CASH_DEPOSIT,9201.233747556336,IN
TXN0002373,ACCT005718,CUST004212,CASE002998,2024-09-08,CASH_DEPOSIT,9268.391869159841,HK
TXN0002374,ACCT005718,CUST004212,CASE000853,2024-09-08,CASH_DEPOSIT,9662.220159142185,HK
TXN0002375,ACCT007104,CUST005055,CASE000387,2023-01-08,CASH_DEPOSIT,9476.563545101737,GB
TXN0002376,ACCT007104,CUST005055,CASE004164,2023-01-08,CASH_DEPOSIT,9807.357795250984,GB
TXN0002377,ACCT007104,CUST005055,CASE001064,2023-01-08,CASH_DEPOSIT,9675.94997104172,SG
TXN0002378,ACCT007104,CUST005055,CASE001513,2023-01-08,CASH_DEPOSIT,9853.203535541386,US
TXN0002379,ACCT007104,CUST005055,CASE003541,2023-01-08,CASH_DEPOSIT,9703.573707889213,IN
TXN0002380,ACCT007104,CUST005055,CASE003093,2023-01-08,CASH_DEPOSIT,9184.702902556006,IN
TXN0002381,ACCT007104,CUST005055,CASE003555,2023-01-08,CASH_DEPOSIT,9411.760344324835,AE
TXN0002382,ACCT007104,CUST005055,CASE001599,2023-01-08,CASH_DEPOSIT,9235.71693753881,GB
TXN0002383,ACCT008459,CUST004576,CASE001096,2023-03-08,CASH_DEPOSIT,9406.280777005919,AE
TXN0002384,ACCT008459,CUST004576,CASE000057,2023-03-08,CASH_DEPOSIT,9468.088192269082,SG
TXN0002385,ACCT008459,CUST004576,CASE001878,2023-03-08,CASH_DEPOSIT,9006.0797071825,IN
TXN0002386,ACCT008459,CUST004576,CASE001883,2023-03-08,CASH_DEPOSIT,9708.403096084237,SG
TXN0002387,ACCT008459,CUST004576,CASE003292,2023-03-08,CASH_DEPOSIT,9589.078861272461,SG
TXN0002388,ACCT008459,CUST004576,CASE004757,2023-03-08,CASH_DEPOSIT,9371.177228015396,AE
TXN0002389,ACCT008459,CUST004576,CASE003336,2023-03-08,CASH_DEPOSIT,9177.829603141383,US
TXN0002390,ACCT008459,CUST004576,CASE001916,2023-03-08,CASH_DEPOSIT,9183.11837159105,GB
TXN0002391,ACCT002155,CUST003168,CASE004575,2024-11-20,CASH_DEPOSIT,9572.08379088822,IN
TXN0002392,ACCT002155,CUST003168,CASE001701,2024-11-20,CASH_DEPOSIT,9327.400828233509,GB
TXN0002393,ACCT002155,CUST003168,CASE004128,2024-11-20,CASH_DEPOSIT,9328.539294150007,US
TXN0002394,ACCT002155,CUST003168,CASE001433,2024-11-20,CASH_DEPOSIT,9030.760471070345,IN
TXN0002395,ACCT002155,CUST003168,CASE000520,2024-11-20,CASH_DEPOSIT,9357.772729084001,HK
TXN0002396,ACCT002155,CUST003168,CASE002002,2024-11-20,CASH_DEPOSIT,9586.497182508332,US
TXN0002397,ACCT002155,CUST003168,CASE003880,2024-11-21,CASH_DEPOSIT,9065.403158385177,US
TXN0002398,ACCT002155,CUST003168,CASE001266,2024-11-21,CASH_DEPOSIT,9363.29800271992,US
TXN0002399,ACCT005076,CUST005951,CASE003389,2024-04-09,CASH_DEPOSIT,9424.869224756045,GB
TXN0002400,ACCT005076,CUST005951,CASE000582,2024-04-09,CASH_DEPOSIT,9477.678610071025,IN
TXN0002401,ACCT005076,CUST005951,CASE002034,2024-04-09,CASH_DEPOSIT,9625.350970232888,US
TXN0002402,ACCT005076,CUST005951,CASE004400,2024-04-09,CASH_DEPOSIT,9375.703946744612,IN
TXN0002403,ACCT005076,CUST005951,CASE001994,2024-04-09,CASH_DEPOSIT,9477.977180180369,HK
TXN0002404,ACCT005076,CUST005951,CASE004425,2024-04-09,CASH_DEPOSIT,9541.563592726792,SG
TXN0002405,ACCT005076,CUST005951,CASE000475,2024-04-09,CASH_DEPOSIT,9847.590968617422,US
TXN0002406,ACCT005076,CUST005951,CASE001506,2024-04-09,CASH_DEPOSIT,9868.987641960905,HK
TXN0002407,ACCT008469,CUST005306,CASE002854,2023-03-16,CASH_DEPOSIT,9383.128838352528,AE
TXN0002408,ACCT008469,CUST005306,CASE003455,2023-03-16,CASH_DEPOSIT,9220.577740257842,US
TXN0002409,ACCT008469,CUST005306,CASE001991,2023-03-16,CASH_DEPOSIT,9656.209021313342,AE
TXN0002410,ACCT008469,CUST005306,CASE002462,2023-03-17,CASH_DEPOSIT,9394.804062326655,US
TXN0002411,ACCT008469,CUST005306,CASE000701,2023-03-17,CASH_DEPOSIT,9089.219645215806,SG
TXN0002412,ACCT008469,CUST005306,CASE001305,2023-03-17,CASH_DEPOSIT,9719.79328543283,AE
TXN0002413,ACCT008469,CUST005306,CASE003186,2023-03-17,CASH_DEPOSIT,9735.838452916725,HK
TXN0002414,ACCT008469,CUST005306,CASE004719,2023-03-17,CASH_DEPOSIT,9058.066074634009,SG
TXN0002415,ACCT008049,CUST005411,CASE000635,2023-01-30,CASH_DEPOSIT,9249.255462239524,AE
TXN0002416,ACCT008049,CUST005411,CASE003585,2023-01-30,CASH_DEPOSIT,9229.790943602984,IN
TXN0002417,ACCT008049,CUST005411,CASE004603,2023-01-30,CASH_DEPOSIT,9033.433507297153,AE
TXN0002418,ACCT008049,CUST005411,CASE004494,2023-01-30,CASH_DEPOSIT,9115.344357166226,HK
TXN0002419,ACCT008049,CUST005411,CASE003299,2023-01-30,CASH_DEPOSIT,9453.411805605545,AE
TXN0002420,ACCT008049,CUST005411,CASE004461,2023-01-30,CASH_DEPOSIT,9734.650722174394,GB
TXN0002421,ACCT008049,CUST005411,CASE003930,2023-01-30,CASH_DEPOSIT,9632.37202140094,AE
TXN0002422,ACCT008049,CUST005411,CASE003762,2023-01-30,CASH_DEPOSIT,9717.98611735472,HK
TXN0002423,ACCT006816,CUST004000,CASE002719,2024-08-11,CASH_DEPOSIT,9550.098597916995,GB
TXN0002424,ACCT006816,CUST004000,CASE003340,2024-08-11,CASH_DEPOSIT,9635.307995350367,US
TXN0002425,ACCT006816,CUST004000,CASE003888,2024-08-11,CASH_DEPOSIT,9383.979197768573,SG
TXN0002426,ACCT006816,CUST004000,CASE004864,2024-08-11,CASH_DEPOSIT,9628.234206673475,US
TXN0002427,ACCT006816,CUST004000,CASE003402,2024-08-11,CASH_DEPOSIT,9579.974472503169,HK
TXN0002428,ACCT006816,CUST004000,CASE003897,2024-08-12,CASH_DEPOSIT,9607.910504355514,GB
TXN0002429,ACCT006816,CUST004000,CASE000702,2024-08-12,CASH_DEPOSIT,9374.837192915013,US
TXN0002430,ACCT006816,CUST004000,CASE002808,2024-08-12,CASH_DEPOSIT,9318.190979952258,HK
TXN0002431,ACCT007892,CUST004693,CASE002968,2024-07-08,CASH_DEPOSIT,9800.276303828676,US
TXN0002432,ACCT007892,CUST004693,CASE002266,2024-07-08,CASH_DEPOSIT,9619.193098309977,SG
TXN0002433,ACCT007892,CUST004693,CASE000604,2024-07-09,CASH_DEPOSIT,9210.341938380887,US
TXN0002434,ACCT007892,CUST004693,CASE001572,2024-07-09,CASH_DEPOSIT,9820.791341573531,HK
TXN0002435,ACCT007892,CUST004693,CASE004634,2024-07-09,CASH_DEPOSIT,9280.849201136783,AE
TXN0002436,ACCT007892,CUST004693,CASE003092,2024-07-09,CASH_DEPOSIT,9682.72495387138,IN
TXN0002437,ACCT007892,CUST004693,CASE002188,2024-07-09,CASH_DEPOSIT,9117.474299235686,SG
TXN0002438,ACCT007892,CUST004693,CASE003195,2024-07-09,CASH_DEPOSIT,9164.173610629638,HK
TXN0002439,ACCT001020,CUST003720,CASE004236,2023-05-01,CASH_DEPOSIT,9887.484916533902,AE
TXN0002440,ACCT001020,CUST003720,CASE004815,2023-05-01,CASH_DEPOSIT,9710.534488138885,US
TXN0002441,ACCT001020,CUST003720,CASE003261,2023-05-01,CASH_DEPOSIT,9821.68712142454,IN
TXN0002442,ACCT001020,CUST003720,CASE003590,2023-05-01,CASH_DEPOSIT,9866.280845632647,GB
TXN0002443,ACCT001020,CUST003720,CASE001326,2023-05-01,CASH_DEPOSIT,9187.490760442994,US
TXN0002444,ACCT001020,CUST003720,CASE004161,2023-05-01,CASH_DEPOSIT,9002.29857415344,GB
TXN0002445,ACCT001020,CUST003720,CASE004022,2023-05-01,CASH_DEPOSIT,9273.61819813016,SG
TXN0002446,ACCT001020,CUST003720,CASE003581,2023-05-01,CASH_DEPOSIT,9562.622571297643,US
TXN0002447,ACCT008994,CUST001982,CASE003075,2024-12-29,CASH_DEPOSIT,9461.256746635108,SG
TXN0002448,ACCT008994,CUST001982,CASE000125,2024-12-29,CASH_DEPOSIT,9772.725072563522,US
TXN0002449,ACCT008994,CUST001982,CASE000833,2024-12-29,CASH_DEPOSIT,9699.028977512527,US
TXN0002450,ACCT008994,CUST001982,CASE000026,2024-12-29,CASH_DEPOSIT,9826.147500295801,HK
TXN0002451,ACCT008994,CUST001982,CASE001693,2024-12-29,CASH_DEPOSIT,9186.2804126902,GB
TXN0002452,ACCT008994,CUST001982,CASE002491,2024-12-29,CASH_DEPOSIT,9211.419869326908,IN
TXN0002453,ACCT008994,CUST001982,CASE003008,2024-12-29,CASH_DEPOSIT,9608.622618942363,US
TXN0002454,ACCT008994,CUST001982,CASE000351,2024-12-29,CASH_DEPOSIT,9163.449749522426,IN
TXN0002455,ACCT006612,CUST002652,CASE002617,2023-10-18,CASH_DEPOSIT,9327.99717730581,HK
TXN0002456,ACCT006612,CUST002652,CASE001739,2023-10-18,CASH_DEPOSIT,9469.284481854915,GB
TXN0002457,ACCT006612,CUST002652,CASE000089,2023-10-18,CASH_DEPOSIT,9499.719673127813,GB
TXN0002458,ACCT006612,CUST002652,CASE000027,2023-10-18,CASH_DEPOSIT,9602.674473623883,SG
TXN0002459,ACCT006612,CUST002652,CASE002764,2023-10-18,CASH_DEPOSIT,9053.386848302958,SG
TXN0002460,ACCT006612,CUST002652,CASE002326,2023-10-18,CASH_DEPOSIT,9189.16264676328,IN
TXN0002461,ACCT006612,CUST002652,CASE000055,2023-10-18,CASH_DEPOSIT,9515.019887419447,IN
TXN0002462,ACCT006612,CUST002652,CASE000954,2023-10-18,CASH_DEPOSIT,9835.297168355997,HK
TXN0002463,ACCT001096,CUST005683,CASE000650,2024-05-27,CASH_DEPOSIT,9174.310809262708,HK
TXN0002464,ACCT001096,CUST005683,CASE001348,2024-05-27,CASH_DEPOSIT,9365.287497779445,SG
TXN0002465,ACCT001096,CUST005683,CASE003086,2024-05-27,CASH_DEPOSIT,9624.257241465693,US
TXN0002466,ACCT001096,CUST005683,CASE000749,2024-05-27,CASH_DEPOSIT,9632.142327210933,US
TXN0002467,ACCT001096,CUST005683,CASE001886,2024-05-27,CASH_DEPOSIT,9264.016560402735,GB
TXN0002468,ACCT001096,CUST005683,CASE003700,2024-05-27,CASH_DEPOSIT,9780.127979500749,SG
TXN0002469,ACCT001096,CUST005683,CASE002966,2024-05-27,CASH_DEPOSIT,9299.159812646072,SG
TXN0002470,ACCT001096,CUST005683,CASE003150,2024-05-27,CASH_DEPOSIT,9706.778879575671,US
TXN0002471,ACCT004397,CUST003162,CASE003054,2024-08-24,CASH_DEPOSIT,9376.128932977152,AE
TXN0002472,ACCT004397,CUST003162,CASE004478,2024-08-24,CASH_DEPOSIT,9783.96583104433,AE
TXN0002473,ACCT004397,CUST003162,CASE004824,2024-08-24,CASH_DEPOSIT,9547.200536981127,HK
TXN0002474,ACCT004397,CUST003162,CASE000412,2024-08-24,CASH_DEPOSIT,9339.449990938167,US
TXN0002475,ACCT004397,CUST003162,CASE002624,2024-08-24,CASH_DEPOSIT,9462.504146394338,US
TXN0002476,ACCT004397,CUST003162,CASE002369,2024-08-25,CASH_DEPOSIT,9259.602897593242,GB
TXN0002477,ACCT004397,CUST003162,CASE001828,2024-08-25,CASH_DEPOSIT,9173.666746744011,SG
TXN0002478,ACCT004397,CUST003162,CASE002734,2024-08-25,CASH_DEPOSIT,9400.421212122521,IN
TXN0002479,ACCT006396,CUST000734,CASE000464,2023-04-04,CASH_DEPOSIT,9779.920958766092,AE
TXN0002480,ACCT006396,CUST000734,CASE004976,2023-04-04,CASH_DEPOSIT,9589.459216357567,AE
TXN0002481,ACCT006396,CUST000734,CASE002386,2023-04-05,CASH_DEPOSIT,9540.594477071672,SG
TXN0002482,ACCT006396,CUST000734,CASE000575,2023-04-05,CASH_DEPOSIT,9849.378085475813,GB
TXN0002483,ACCT006396,CUST000734,CASE001617,2023-04-05,CASH_DEPOSIT,9076.289975732358,SG
TXN0002484,ACCT006396,CUST000734,CASE003601,2023-04-05,CASH_DEPOSIT,9297.322995575214,US
TXN0002485,ACCT006396,CUST000734,CASE003895,2023-04-05,CASH_DEPOSIT,9827.725853300304,AE
TXN0002486,ACCT006396,CUST000734,CASE004564,2023-04-05,CASH_DEPOSIT,9360.967748974454,HK
TXN0002487,ACCT004089,CUST004141,CASE003434,2023-02-14,CASH_DEPOSIT,9576.571506923186,SG
TXN0002488,ACCT004089,CUST004141,CASE001623,2023-02-14,CASH_DEPOSIT,9777.166538493282,HK
TXN0002489,ACCT004089,CUST004141,CASE003034,2023-02-14,CASH_DEPOSIT,9582.615821159701,IN
TXN0002490,ACCT004089,CUST004141,CASE001935,2023-02-14,CASH_DEPOSIT,9256.336456456327,HK
TXN0002491,ACCT004089,CUST004141,CASE003111,2023-02-14,CASH_DEPOSIT,9409.888566545755,HK
TXN0002492,ACCT004089,CUST004141,CASE001653,2023-02-14,CASH_DEPOSIT,9724.088224187564,GB
TXN0002493,ACCT004089,CUST004141,CASE001087,2023-02-14,CASH_DEPOSIT,9647.56194023004,SG
TXN0002494,ACCT004089,CUST004141,CASE003834,2023-02-14,CASH_DEPOSIT,9431.49600473277,IN
TXN0002495,ACCT006909,CUST002993,CASE003700,2024-01-02,CASH_DEPOSIT,9295.592286449057,US
TXN0002496,ACCT006909,CUST002993,CASE000247,2024-01-02,CASH_DEPOSIT,9728.151828191898,US
TXN0002497,ACCT006909,CUST002993,CASE000196,2024-01-02,CASH_DEPOSIT,9301.034565549902,AE
TXN0002498,ACCT006909,CUST002993,CASE002276,2024-01-02,CASH_DEPOSIT,9634.376795307708,SG
TXN0002499,ACCT006909,CUST002993,CASE004329,2024-01-02,CASH_DEPOSIT,9503.835964450156,AE
TXN0002500,ACCT006909,CUST002993,CASE003661,2024-01-02,CASH_DEPOSIT,9756.409540244973,HK
TXN0002501,ACCT006909,CUST002993,CASE001930,2024-01-02,CASH_DEPOSIT,9860.364797033177,GB
TXN0002502,ACCT006909,CUST002993,CASE002209,2024-01-02,CASH_DEPOSIT,9348.193682269855,US
TXN0002503,ACCT006987,CUST002951,CASE004777,2024-10-15,CASH_DEPOSIT,9543.901515686144,HK
TXN0002504,ACCT006987,CUST002951,CASE003924,2024-10-15,CASH_DEPOSIT,9467.425975124606,US
TXN0002505,ACCT006987,CUST002951,CASE000645,2024-10-15,CASH_DEPOSIT,9208.750631722514,SG
TXN0002506,ACCT006987,CUST002951,CASE001961,2024-10-15,CASH_DEPOSIT,9485.307765926655,SG
TXN0002507,ACCT006987,CUST002951,CASE002338,2024-10-15,CASH_DEPOSIT,9671.296779456365,US
TXN0002508,ACCT006987,CUST002951,CASE002385,2024-10-15,CASH_DEPOSIT,9618.298834214409,SG
TXN0002509,ACCT006987,CUST002951,CASE003753,2024-10-15,CASH_DEPOSIT,9250.953679290651,IN
TXN0002510,ACCT006987,CUST002951,CASE002459,2024-10-15,CASH_DEPOSIT,9123.936525926523,SG
TXN0002511,ACCT002467,CUST000371,CASE004929,2024-01-09,CASH_DEPOSIT,9057.369393518724,SG
TXN0002512,ACCT002467,CUST000371,CASE001337,2024-01-09,CASH_DEPOSIT,9414.060201827386,US
TXN0002513,ACCT002467,CUST000371,CASE000450,2024-01-09,CASH_DEPOSIT,9249.539160835353,HK
TXN0002514,ACCT002467,CUST000371,CASE002013,2024-01-09,CASH_DEPOSIT,9882.128435234208,US
TXN0002515,ACCT002467,CUST000371,CASE003128,2024-01-09,CASH_DEPOSIT,9838.420767540452,IN
TXN0002516,ACCT002467,CUST000371,CASE001380,2024-01-09,CASH_DEPOSIT,9403.950598772797,US
TXN0002517,ACCT002467,CUST000371,CASE003391,2024-01-09,CASH_DEPOSIT,9205.548950901117,US
TXN0002518,ACCT002467,CUST000371,CASE000153,2024-01-09,CASH_DEPOSIT,9608.368093622128,US
TXN0002519,ACCT006097,CUST002113,CASE000004,2024-02-20,CASH_DEPOSIT,9432.277883687211,GB
TXN0002520,ACCT006097,CUST002113,CASE000871,2024-02-20,CASH_DEPOSIT,9322.405694622268,AE
TXN0002521,ACCT006097,CUST002113,CASE004921,2024-02-20,CASH_DEPOSIT,9754.234934020022,GB
TXN0002522,ACCT006097,CUST002113,CASE003226,2024-02-20,CASH_DEPOSIT,9886.615484133945,HK
TXN0002523,ACCT006097,CUST002113,CASE002495,2024-02-20,CASH_DEPOSIT,9622.451795595956,GB
TXN0002524,ACCT006097,CUST002113,CASE000754,2024-02-20,CASH_DEPOSIT,9733.025221678206,HK
TXN0002525,ACCT006097,CUST002113,CASE003304,2024-02-20,CASH_DEPOSIT,9060.343798748376,AE
TXN0002526,ACCT006097,CUST002113,CASE003602,2024-02-20,CASH_DEPOSIT,9365.747327044655,GB
TXN0002527,ACCT008643,CUST005832,CASE001905,2023-11-16,CASH_DEPOSIT,9363.378904102989,AE
TXN0002528,ACCT008643,CUST005832,CASE004376,2023-11-16,CASH_DEPOSIT,9186.866771519248,IN
TXN0002529,ACCT008643,CUST005832,CASE001622,2023-11-16,CASH_DEPOSIT,9009.315613244533,AE
TXN0002530,ACCT008643,CUST005832,CASE004225,2023-11-16,CASH_DEPOSIT,9116.843122040791,HK
TXN0002531,ACCT008643,CUST005832,CASE002072,2023-11-16,CASH_DEPOSIT,9024.50329772411,HK
TXN0002532,ACCT008643,CUST005832,CASE002268,2023-11-16,CASH_DEPOSIT,9329.64066362563,US
TXN0002533,ACCT008643,CUST005832,CASE002563,2023-11-16,CASH_DEPOSIT,9407.257517630485,AE
TXN0002534,ACCT008643,CUST005832,CASE002036,2023-11-16,CASH_DEPOSIT,9267.248796985461,SG
TXN0002535,ACCT005513,CUST002718,CASE003810,2023-08-12,CASH_DEPOSIT,9118.760430798258,HK
TXN0002536,ACCT005513,CUST002718,CASE004431,2023-08-12,CASH_DEPOSIT,9043.55700175873,GB
TXN0002537,ACCT005513,CUST002718,CASE001447,2023-08-12,CASH_DEPOSIT,9763.059396808081,US
TXN0002538,ACCT005513,CUST002718,CASE004159,2023-08-12,CASH_DEPOSIT,9807.060078003973,AE
TXN0002539,ACCT005513,CUST002718,CASE000194,2023-08-12,CASH_DEPOSIT,9008.236607353469,GB
TXN0002540,ACCT005513,CUST002718,CASE002912,2023-08-12,CASH_DEPOSIT,9740.536833680431,AE
TXN0002541,ACCT005513,CUST002718,CASE002367,2023-08-12,CASH_DEPOSIT,9289.211111689321,GB
TXN0002542,ACCT005513,CUST002718,CASE003493,2023-08-12,CASH_DEPOSIT,9359.44815778861,US
TXN0002543,ACCT000647,CUST004579,CASE001790,2023-01-30,CASH_DEPOSIT,9540.998555365702,AE
TXN0002544,ACCT000647,CUST004579,CASE002590,2023-01-30,CASH_DEPOSIT,9707.070823874461,AE
TXN0002545,ACCT000647,CUST004579,CASE002232,2023-01-30,CASH_DEPOSIT,9013.122781028118,IN
TXN0002546,ACCT000647,CUST004579,CASE002680,2023-01-30,CASH_DEPOSIT,9573.537863124571,US
TXN0002547,ACCT000647,CUST004579,CASE001192,2023-01-30,CASH_DEPOSIT,9625.671781013692,HK
TXN0002548,ACCT000647,CUST004579,CASE000764,2023-01-30,CASH_DEPOSIT,9465.54263290404,GB
TXN0002549,ACCT000647,CUST004579,CASE004675,2023-01-31,CASH_DEPOSIT,9432.337381721725,GB
TXN0002550,ACCT000647,CUST004579,CASE001854,2023-01-31,CASH_DEPOSIT,9723.894988874777,AE
TXN0002551,ACCT005386,CUST005939,CASE000164,2023-12-05,CASH_DEPOSIT,9814.055721008921,IN
TXN0002552,ACCT005386,CUST005939,CASE002626,2023-12-05,CASH_DEPOSIT,9230.84789154583,HK
TXN0002553,ACCT005386,CUST005939,CASE000688,2023-12-05,CASH_DEPOSIT,9866.840241405258,HK
TXN0002554,ACCT005386,CUST005939,CASE002982,2023-12-05,CASH_DEPOSIT,9795.81019146557,IN
TXN0002555,ACCT005386,CUST005939,CASE000114,2023-12-05,CASH_DEPOSIT,9253.207746586175,AE
TXN0002556,ACCT005386,CUST005939,CASE000517,2023-12-05,CASH_DEPOSIT,9481.171341063295,GB
TXN0002557,ACCT005386,CUST005939,CASE001480,2023-12-05,CASH_DEPOSIT,9798.970153340335,GB
TXN0002558,ACCT005386,CUST005939,CASE001152,2023-12-05,CASH_DEPOSIT,9331.741698412194,AE
TXN0002559,ACCT007013,CUST002498,CASE000521,2023-10-14,CASH_DEPOSIT,9253.298481453505,AE
TXN0002560,ACCT007013,CUST002498,CASE004438,2023-10-15,CASH_DEPOSIT,9198.343353604967,SG
TXN0002561,ACCT007013,CUST002498,CASE001422,2023-10-15,CASH_DEPOSIT,9409.46508726385,HK
TXN0002562,ACCT007013,CUST002498,CASE000425,2023-10-15,CASH_DEPOSIT,9272.443380261804,IN
TXN0002563,ACCT007013,CUST002498,CASE004180,2023-10-15,CASH_DEPOSIT,9555.887034949636,US
TXN0002564,ACCT007013,CUST002498,CASE001722,2023-10-15,CASH_DEPOSIT,9803.35097216121,SG
TXN0002565,ACCT007013,CUST002498,CASE002148,2023-10-15,CASH_DEPOSIT,9305.685426211643,AE
TXN0002566,ACCT007013,CUST002498,CASE003521,2023-10-15,CASH_DEPOSIT,9566.631230291528,AE
TXN0002567,ACCT008732,CUST005547,CASE000020,2024-06-03,CASH_DEPOSIT,9725.49326027297,HK
TXN0002568,ACCT008732,CUST005547,CASE002033,2024-06-03,CASH_DEPOSIT,9076.191834003625,US
TXN0002569,ACCT008732,CUST005547,CASE003725,2024-06-03,CASH_DEPOSIT,9871.95094481442,SG
TXN0002570,ACCT008732,CUST005547,CASE002108,2024-06-03,CASH_DEPOSIT,9220.377358534,IN
TXN0002571,ACCT008732,CUST005547,CASE000723,2024-06-03,CASH_DEPOSIT,9605.394223674299,US
TXN0002572,ACCT008732,CUST005547,CASE004389,2024-06-03,CASH_DEPOSIT,9016.610560840916,AE
TXN0002573,ACCT008732,CUST005547,CASE002833,2024-06-03,CASH_DEPOSIT,9046.611647921733,GB
TXN0002574,ACCT008732,CUST005547,CASE003422,2024-06-03,CASH_DEPOSIT,9691.958181131567,GB
TXN0002575,ACCT001280,CUST001435,CASE000190,2023-04-12,CASH_DEPOSIT,9361.365106367617,GB
TXN0002576,ACCT001280,CUST001435,CASE002858,2023-04-12,CASH_DEPOSIT,9097.784630851002,US
TXN0002577,ACCT001280,CUST001435,CASE003602,2023-04-12,CASH_DEPOSIT,9196.672349983895,AE
TXN0002578,ACCT001280,CUST001435,CASE000009,2023-04-12,CASH_DEPOSIT,9214.561062392639,AE
TXN0002579,ACCT001280,CUST001435,CASE002236,2023-04-13,CASH_DEPOSIT,9284.034592521417,HK
TXN0002580,ACCT001280,CUST001435,CASE004882,2023-04-13,CASH_DEPOSIT,9205.110313514831,SG
TXN0002581,ACCT001280,CUST001435,CASE001047,2023-04-13,CASH_DEPOSIT,9802.83385925392,US
TXN0002582,ACCT001280,CUST001435,CASE002083,2023-04-13,CASH_DEPOSIT,9619.159850391563,GB
TXN0002583,ACCT001003,CUST001424,CASE001727,2024-03-29,CASH_DEPOSIT,9701.664241551705,IN
TXN0002584,ACCT001003,CUST001424,CASE000392,2024-03-30,CASH_DEPOSIT,9840.679218861314,HK
TXN0002585,ACCT001003,CUST001424,CASE002804,2024-03-30,CASH_DEPOSIT,9218.642769110078,GB
TXN0002586,ACCT001003,CUST001424,CASE000311,2024-03-30,CASH_DEPOSIT,9523.646197648903,AE
TXN0002587,ACCT001003,CUST001424,CASE001714,2024-03-30,CASH_DEPOSIT,9570.616872295901,AE
TXN0002588,ACCT001003,CUST001424,CASE001165,2024-03-30,CASH_DEPOSIT,9791.938468437873,IN
TXN0002589,ACCT001003,CUST001424,CASE003013,2024-03-30,CASH_DEPOSIT,9613.220943718215,GB
TXN0002590,ACCT001003,CUST001424,CASE003135,2024-03-30,CASH_DEPOSIT,9845.414813128238,AE
TXN0002591,ACCT008274,CUST001470,CASE002828,2023-08-23,CASH_DEPOSIT,9334.320807055425,GB
TXN0002592,ACCT008274,CUST001470,CASE001800,2023-08-23,CASH_DEPOSIT,9491.72879995628,AE
TXN0002593,ACCT008274,CUST001470,CASE002370,2023-08-23,CASH_DEPOSIT,9542.126118558692,AE
TXN0002594,ACCT008274,CUST001470,CASE002877,2023-08-23,CASH_DEPOSIT,9026.53592244176,IN
TXN0002595,ACCT008274,CUST001470,CASE002896,2023-08-23,CASH_DEPOSIT,9454.125683438902,HK
TXN0002596,ACCT008274,CUST001470,CASE001531,2023-08-23,CASH_DEPOSIT,9395.901839268798,US
TXN0002597,ACCT008274,CUST001470,CASE004636,2023-08-23,CASH_DEPOSIT,9610.967690213276,SG
TXN0002598,ACCT008274,CUST001470,CASE004176,2023-08-23,CASH_DEPOSIT,9162.099018346056,AE
TXN0002599,ACCT007303,CUST005352,CASE000584,2024-02-07,CASH_DEPOSIT,9010.90540374746,US
TXN0002600,ACCT007303,CUST005352,CASE004822,2024-02-07,CASH_DEPOSIT,9732.260853240112,GB
TXN0002601,ACCT007303,CUST005352,CASE000146,2024-02-07,CASH_DEPOSIT,9263.169365851514,HK
TXN0002602,ACCT007303,CUST005352,CASE003437,2024-02-07,CASH_DEPOSIT,9307.325281815201,AE
TXN0002603,ACCT007303,CUST005352,CASE003090,2024-02-07,CASH_DEPOSIT,9611.023244796643,GB
TXN0002604,ACCT007303,CUST005352,CASE001714,2024-02-07,CASH_DEPOSIT,9003.189816373304,AE
TXN0002605,ACCT007303,CUST005352,CASE004377,2024-02-07,CASH_DEPOSIT,9089.465450088413,GB
TXN0002606,ACCT007303,CUST005352,CASE004264,2024-02-07,CASH_DEPOSIT,9402.52687425176,HK
TXN0002607,ACCT005378,CUST005773,CASE000284,2023-02-11,CASH_DEPOSIT,9598.07787402676,HK
TXN0002608,ACCT005378,CUST005773,CASE001040,2023-02-11,CASH_DEPOSIT,9797.462602580785,IN
TXN0002609,ACCT005378,CUST005773,CASE004796,2023-02-11,CASH_DEPOSIT,9360.350065781435,IN
TXN0002610,ACCT005378,CUST005773,CASE001706,2023-02-11,CASH_DEPOSIT,9882.78504132313,US
TXN0002611,ACCT005378,CUST005773,CASE002128,2023-02-11,CASH_DEPOSIT,9569.508715413587,US
TXN0002612,ACCT005378,CUST005773,CASE004055,2023-02-11,CASH_DEPOSIT,9432.009445101396,AE
TXN0002613,ACCT005378,CUST005773,CASE002441,2023-02-11,CASH_DEPOSIT,9037.289968387342,GB
TXN0002614,ACCT005378,CUST005773,CASE002203,2023-02-11,CASH_DEPOSIT,9742.224512297653,IN
TXN0002615,ACCT007827,CUST003366,CASE000662,2023-07-02,CASH_DEPOSIT,9516.741530861018,US
TXN0002616,ACCT007827,CUST003366,CASE001482,2023-07-02,CASH_DEPOSIT,9108.713344937643,IN
TXN0002617,ACCT007827,CUST003366,CASE004001,2023-07-03,CASH_DEPOSIT,9681.583236588593,AE
TXN0002618,ACCT007827,CUST003366,CASE002070,2023-07-03,CASH_DEPOSIT,9661.476961935361,AE
TXN0002619,ACCT007827,CUST003366,CASE003214,2023-07-03,CASH_DEPOSIT,9074.298832423377,HK
TXN0002620,ACCT007827,CUST003366,CASE000543,2023-07-03,CASH_DEPOSIT,9247.128073387403,IN
TXN0002621,ACCT007827,CUST003366,CASE001802,2023-07-03,CASH_DEPOSIT,9624.941105513466,SG
TXN0002622,ACCT007827,CUST003366,CASE003444,2023-07-03,CASH_DEPOSIT,9398.670850004899,SG
TXN0002623,ACCT000409,CUST002453,CASE001580,2024-02-27,CASH_DEPOSIT,9095.757168220947,IN
TXN0002624,ACCT000409,CUST002453,CASE003165,2024-02-27,CASH_DEPOSIT,9067.711768022624,IN
TXN0002625,ACCT000409,CUST002453,CASE000743,2024-02-27,CASH_DEPOSIT,9199.085744922058,SG
TXN0002626,ACCT000409,CUST002453,CASE000383,2024-02-27,CASH_DEPOSIT,9890.253218351798,IN
TXN0002627,ACCT000409,CUST002453,CASE003140,2024-02-27,CASH_DEPOSIT,9265.685537178211,HK
TXN0002628,ACCT000409,CUST002453,CASE000309,2024-02-27,CASH_DEPOSIT,9189.715701002337,US
TXN0002629,ACCT000409,CUST002453,CASE002432,2024-02-27,CASH_DEPOSIT,9021.780816633729,AE
TXN0002630,ACCT000409,CUST002453,CASE004021,2024-02-27,CASH_DEPOSIT,9086.78038759559,AE
TXN0002631,ACCT002142,CUST005300,CASE002066,2024-10-23,CASH_DEPOSIT,9343.786345817882,SG
TXN0002632,ACCT002142,CUST005300,CASE003120,2024-10-23,CASH_DEPOSIT,9104.113141703032,IN
TXN0002633,ACCT002142,CUST005300,CASE003721,2024-10-23,CASH_DEPOSIT,9055.17624755988,GB
TXN0002634,ACCT002142,CUST005300,CASE003713,2024-10-23,CASH_DEPOSIT,9442.299497999984,US
TXN0002635,ACCT002142,CUST005300,CASE001348,2024-10-23,CASH_DEPOSIT,9796.991161679498,IN
TXN0002636,ACCT002142,CUST005300,CASE000966,2024-10-23,CASH_DEPOSIT,9110.023902275008,IN
TXN0002637,ACCT002142,CUST005300,CASE004982,2024-10-23,CASH_DEPOSIT,9413.218506759755,IN
TXN0002638,ACCT002142,CUST005300,CASE003858,2024-10-23,CASH_DEPOSIT,9594.632604207787,US
TXN0002639,ACCT008734,CUST000716,CASE000779,2024-07-13,CASH_DEPOSIT,9653.77350817814,HK
TXN0002640,ACCT008734,CUST000716,CASE003201,2024-07-13,CASH_DEPOSIT,9661.364791619486,SG
TXN0002641,ACCT008734,CUST000716,CASE003511,2024-07-13,CASH_DEPOSIT,9573.946004233552,GB
TXN0002642,ACCT008734,CUST000716,CASE003035,2024-07-13,CASH_DEPOSIT,9485.417132577413,HK
TXN0002643,ACCT008734,CUST000716,CASE000175,2024-07-13,CASH_DEPOSIT,9404.874734083634,AE
TXN0002644,ACCT008734,CUST000716,CASE003778,2024-07-13,CASH_DEPOSIT,9358.618631702579,GB
TXN0002645,ACCT008734,CUST000716,CASE002290,2024-07-13,CASH_DEPOSIT,9569.907507525111,HK
TXN0002646,ACCT008734,CUST000716,CASE000170,2024-07-13,CASH_DEPOSIT,9750.111796524658,US
TXN0002647,ACCT003563,CUST004185,CASE004424,2024-07-30,CASH_DEPOSIT,9476.32832418471,GB
TXN0002648,ACCT003563,CUST004185,CASE001780,2024-07-30,CASH_DEPOSIT,9283.039591059174,IN
TXN0002649,ACCT003563,CUST004185,CASE002588,2024-07-30,CASH_DEPOSIT,9004.013022483223,AE
TXN0002650,ACCT003563,CUST004185,CASE001737,2024-07-30,CASH_DEPOSIT,9238.10772664308,IN
TXN0002651,ACCT003563,CUST004185,CASE004462,2024-07-30,CASH_DEPOSIT,9550.68263512883,AE
TXN0002652,ACCT003563,CUST004185,CASE000265,2024-07-30,CASH_DEPOSIT,9708.774023627548,IN
TXN0002653,ACCT003563,CUST004185,CASE003839,2024-07-30,CASH_DEPOSIT,9138.52330411512,SG
TXN0002654,ACCT003563,CUST004185,CASE002845,2024-07-30,CASH_DEPOSIT,9235.702130958467,AE
TXN0002655,ACCT007114,CUST000214,CASE000733,2024-09-17,CASH_DEPOSIT,9710.91195374935,HK
TXN0002656,ACCT007114,CUST000214,CASE002798,2024-09-17,CASH_DEPOSIT,9476.103212129708,IN
TXN0002657,ACCT007114,CUST000214,CASE001156,2024-09-17,CASH_DEPOSIT,9423.99470857081,GB
TXN0002658,ACCT007114,CUST000214,CASE002859,2024-09-17,CASH_DEPOSIT,9047.42819572399,US
TXN0002659,ACCT007114,CUST000214,CASE001436,2024-09-17,CASH_DEPOSIT,9080.758225375637,HK
TXN0002660,ACCT007114,CUST000214,CASE000240,2024-09-17,CASH_DEPOSIT,9616.641416574841,US
TXN0002661,ACCT007114,CUST000214,CASE002116,2024-09-17,CASH_DEPOSIT,9704.492631192465,US
TXN0002662,ACCT007114,CUST000214,CASE004224,2024-09-17,CASH_DEPOSIT,9481.739651412696,GB
TXN0002663,ACCT001296,CUST005463,CASE004114,2023-03-25,CASH_DEPOSIT,9694.595390041184,IN
TXN0002664,ACCT001296,CUST005463,CASE001898,2023-03-25,CASH_DEPOSIT,9274.093334614328,IN
TXN0002665,ACCT001296,CUST005463,CASE003805,2023-03-25,CASH_DEPOSIT,9883.415561815378,HK
TXN0002666,ACCT001296,CUST005463,CASE001094,2023-03-25,CASH_DEPOSIT,9083.480276092376,HK
TXN0002667,ACCT001296,CUST005463,CASE004232,2023-03-25,CASH_DEPOSIT,9632.131094218807,IN
TXN0002668,ACCT001296,CUST005463,CASE000777,2023-03-25,CASH_DEPOSIT,9508.200096918055,GB
TXN0002669,ACCT001296,CUST005463,CASE003514,2023-03-25,CASH_DEPOSIT,9899.316180303778,AE
TXN0002670,ACCT001296,CUST005463,CASE002735,2023-03-25,CASH_DEPOSIT,9115.825906222484,AE
TXN0002671,ACCT006853,CUST001809,CASE003700,2024-01-11,CASH_DEPOSIT,9745.310915172906,IN
TXN0002672,ACCT006853,CUST001809,CASE000054,2024-01-11,CASH_DEPOSIT,9011.245492896438,HK
TXN0002673,ACCT006853,CUST001809,CASE003549,2024-01-12,CASH_DEPOSIT,9369.360355089468,SG
TXN0002674,ACCT006853,CUST001809,CASE002517,2024-01-12,CASH_DEPOSIT,9892.888711127329,IN
TXN0002675,ACCT006853,CUST001809,CASE001927,2024-01-12,CASH_DEPOSIT,9425.393360091262,SG
TXN0002676,ACCT006853,CUST001809,CASE004664,2024-01-12,CASH_DEPOSIT,9384.958218740898,SG
TXN0002677,ACCT006853,CUST001809,CASE002391,2024-01-12,CASH_DEPOSIT,9572.216915487887,AE
TXN0002678,ACCT006853,CUST001809,CASE003764,2024-01-12,CASH_DEPOSIT,9155.155031276923,HK
TXN0002679,ACCT006224,CUST005905,CASE001812,2024-02-23,CASH_DEPOSIT,9645.70435981562,GB
TXN0002680,ACCT006224,CUST005905,CASE003161,2024-02-23,CASH_DEPOSIT,9079.593555996018,IN
TXN0002681,ACCT006224,CUST005905,CASE002042,2024-02-23,CASH_DEPOSIT,9652.62961346639,GB
TXN0002682,ACCT006224,CUST005905,CASE000247,2024-02-23,CASH_DEPOSIT,9665.639035745264,IN
TXN0002683,ACCT006224,CUST005905,CASE000140,2024-02-23,CASH_DEPOSIT,9608.717999995111,US
TXN0002684,ACCT006224,CUST005905,CASE000507,2024-02-23,CASH_DEPOSIT,9641.23472110803,GB
TXN0002685,ACCT006224,CUST005905,CASE000629,2024-02-23,CASH_DEPOSIT,9716.419608007991,SG
TXN0002686,ACCT006224,CUST005905,CASE003113,2024-02-23,CASH_DEPOSIT,9558.886505282886,GB
TXN0002687,ACCT003646,CUST001942,CASE002515,2023-04-20,CASH_DEPOSIT,9052.15909917243,HK
TXN0002688,ACCT003646,CUST001942,CASE004842,2023-04-20,CASH_DEPOSIT,9135.852507525013,HK
TXN0002689,ACCT003646,CUST001942,CASE002961,2023-04-20,CASH_DEPOSIT,9631.816428768027,GB
TXN0002690,ACCT003646,CUST001942,CASE001884,2023-04-20,CASH_DEPOSIT,9618.028329433891,AE
TXN0002691,ACCT003646,CUST001942,CASE000751,2023-04-20,CASH_DEPOSIT,9696.206190154628,HK
TXN0002692,ACCT003646,CUST001942,CASE004749,2023-04-20,CASH_DEPOSIT,9831.662254639612,GB
TXN0002693,ACCT003646,CUST001942,CASE004486,2023-04-20,CASH_DEPOSIT,9390.967812885834,GB
TXN0002694,ACCT003646,CUST001942,CASE003348,2023-04-20,CASH_DEPOSIT,9078.380459463759,HK
TXN0002695,ACCT003163,CUST005324,CASE000687,2023-01-21,CASH_DEPOSIT,9052.18657639789,GB
TXN0002696,ACCT003163,CUST005324,CASE001639,2023-01-21,CASH_DEPOSIT,9193.91893250311,SG
TXN0002697,ACCT003163,CUST005324,CASE002636,2023-01-21,CASH_DEPOSIT,9366.671036367943,HK
TXN0002698,ACCT003163,CUST005324,CASE004279,2023-01-21,CASH_DEPOSIT,9055.113063180039,HK
TXN0002699,ACCT003163,CUST005324,CASE002039,2023-01-21,CASH_DEPOSIT,9553.987021491648,SG
TXN0002700,ACCT003163,CUST005324,CASE002135,2023-01-21,CASH_DEPOSIT,9130.475905279174,IN
TXN0002701,ACCT003163,CUST005324,CASE001182,2023-01-21,CASH_DEPOSIT,9417.388303942058,IN
TXN0002702,ACCT003163,CUST005324,CASE002378,2023-01-22,CASH_DEPOSIT,9441.695590843785,AE
TXN0002703,ACCT006670,CUST000261,CASE004938,2023-08-11,CASH_DEPOSIT,9271.27917049404,GB
TXN0002704,ACCT006670,CUST000261,CASE004328,2023-08-11,CASH_DEPOSIT,9126.053117601241,AE
TXN0002705,ACCT006670,CUST000261,CASE000199,2023-08-11,CASH_DEPOSIT,9470.242654790854,US
TXN0002706,ACCT006670,CUST000261,CASE002750,2023-08-11,CASH_DEPOSIT,9525.331019339576,IN
TXN0002707,ACCT006670,CUST000261,CASE004589,2023-08-11,CASH_DEPOSIT,9604.815851538717,GB
TXN0002708,ACCT006670,CUST000261,CASE002855,2023-08-11,CASH_DEPOSIT,9500.839134908858,SG
TXN0002709,ACCT006670,CUST000261,CASE003094,2023-08-11,CASH_DEPOSIT,9710.65990283287,AE
TXN0002710,ACCT006670,CUST000261,CASE001686,2023-08-11,CASH_DEPOSIT,9429.09893926383,AE
TXN0002711,ACCT003068,CUST002703,CASE004591,2023-09-20,CASH_DEPOSIT,9086.559412014269,HK
TXN0002712,ACCT003068,CUST002703,CASE001827,2023-09-20,CASH_DEPOSIT,9884.523053185525,SG
TXN0002713,ACCT003068,CUST002703,CASE000855,2023-09-20,CASH_DEPOSIT,9230.494839084999,US
TXN0002714,ACCT003068,CUST002703,CASE002067,2023-09-20,CASH_DEPOSIT,9877.256710681486,SG
TXN0002715,ACCT003068,CUST002703,CASE001492,2023-09-20,CASH_DEPOSIT,9382.793010823192,AE
TXN0002716,ACCT003068,CUST002703,CASE003286,2023-09-20,CASH_DEPOSIT,9360.841875972772,US
TXN0002717,ACCT003068,CUST002703,CASE000941,2023-09-20,CASH_DEPOSIT,9846.072348850124,HK
TXN0002718,ACCT003068,CUST002703,CASE003037,2023-09-20,CASH_DEPOSIT,9059.877878643556,IN
TXN0002719,ACCT001710,CUST000373,CASE001177,2023-07-12,CASH_DEPOSIT,9618.90663200129,GB
TXN0002720,ACCT001710,CUST000373,CASE003722,2023-07-12,CASH_DEPOSIT,9294.933646429297,IN
TXN0002721,ACCT001710,CUST000373,CASE000189,2023-07-12,CASH_DEPOSIT,9006.394625179875,SG
TXN0002722,ACCT001710,CUST000373,CASE002725,2023-07-12,CASH_DEPOSIT,9233.834718276972,GB
TXN0002723,ACCT001710,CUST000373,CASE003971,2023-07-12,CASH_DEPOSIT,9859.497557872437,HK
TXN0002724,ACCT001710,CUST000373,CASE003766,2023-07-12,CASH_DEPOSIT,9281.162905553083,US
TXN0002725,ACCT001710,CUST000373,CASE004470,2023-07-12,CASH_DEPOSIT,9103.52816658661,GB
TXN0002726,ACCT001710,CUST000373,CASE003737,2023-07-12,CASH_DEPOSIT,9107.048954523507,HK
TXN0002727,ACCT008117,CUST003917,CASE004970,2024-02-21,CASH_DEPOSIT,9176.856878512597,SG
TXN0002728,ACCT008117,CUST003917,CASE001045,2024-02-21,CASH_DEPOSIT,9158.814465056994,SG
TXN0002729,ACCT008117,CUST003917,CASE004433,2024-02-21,CASH_DEPOSIT,9114.117970751553,US
TXN0002730,ACCT008117,CUST003917,CASE000127,2024-02-21,CASH_DEPOSIT,9348.211474607782,GB
TXN0002731,ACCT008117,CUST003917,CASE002035,2024-02-21,CASH_DEPOSIT,9791.96221923925,SG
TXN0002732,ACCT008117,CUST003917,CASE002891,2024-02-21,CASH_DEPOSIT,9438.48254368846,SG
TXN0002733,ACCT008117,CUST003917,CASE002147,2024-02-21,CASH_DEPOSIT,9095.969135512934,IN
TXN0002734,ACCT008117,CUST003917,CASE004741,2024-02-21,CASH_DEPOSIT,9580.256745137796,GB
TXN0002735,ACCT000535,CUST002087,CASE003789,2024-05-23,CASH_DEPOSIT,9263.611047016268,AE
TXN0002736,ACCT000535,CUST002087,CASE004727,2024-05-23,CASH_DEPOSIT,9566.419922206385,US
TXN0002737,ACCT000535,CUST002087,CASE002568,2024-05-23,CASH_DEPOSIT,9846.589036468451,US
TXN0002738,ACCT000535,CUST002087,CASE000068,2024-05-23,CASH_DEPOSIT,9253.557771474481,GB
TXN0002739,ACCT000535,CUST002087,CASE003890,2024-05-23,CASH_DEPOSIT,9121.20175296677,IN
TXN0002740,ACCT000535,CUST002087,CASE004013,2024-05-23,CASH_DEPOSIT,9797.97849504797,GB
TXN0002741,ACCT000535,CUST002087,CASE003156,2024-05-23,CASH_DEPOSIT,9823.075072389252,GB
TXN0002742,ACCT000535,CUST002087,CASE001595,2024-05-23,CASH_DEPOSIT,9896.038050981531,US
TXN0002743,ACCT001575,CUST003524,CASE003994,2024-06-13,CASH_DEPOSIT,9253.60567379199,US
TXN0002744,ACCT001575,CUST003524,CASE004311,2024-06-13,CASH_DEPOSIT,9012.608212388535,IN
TXN0002745,ACCT001575,CUST003524,CASE004407,2024-06-13,CASH_DEPOSIT,9025.916233018032,US
TXN0002746,ACCT001575,CUST003524,CASE000367,2024-06-13,CASH_DEPOSIT,9149.916906726043,HK
TXN0002747,ACCT001575,CUST003524,CASE004957,2024-06-13,CASH_DEPOSIT,9745.305540317324,US
TXN0002748,ACCT001575,CUST003524,CASE002421,2024-06-13,CASH_DEPOSIT,9293.21356788474,IN
TXN0002749,ACCT001575,CUST003524,CASE002008,2024-06-13,CASH_DEPOSIT,9625.081539217685,HK
TXN0002750,ACCT001575,CUST003524,CASE001039,2024-06-13,CASH_DEPOSIT,9226.647099776246,HK
TXN0002751,ACCT005227,CUST001537,CASE004299,2024-03-07,CASH_DEPOSIT,9869.554977242246,IN
TXN0002752,ACCT005227,CUST001537,CASE003153,2024-03-07,CASH_DEPOSIT,9214.202482962033,SG
TXN0002753,ACCT005227,CUST001537,CASE003392,2024-03-07,CASH_DEPOSIT,9160.577651050855,IN
TXN0002754,ACCT005227,CUST001537,CASE002991,2024-03-07,CASH_DEPOSIT,9498.981213624289,US
TXN0002755,ACCT005227,CUST001537,CASE000985,2024-03-07,CASH_DEPOSIT,9023.152108506967,US
TXN0002756,ACCT005227,CUST001537,CASE002027,2024-03-07,CASH_DEPOSIT,9012.157528148846,IN
TXN0002757,ACCT005227,CUST001537,CASE001599,2024-03-07,CASH_DEPOSIT,9298.961805812776,HK
TXN0002758,ACCT005227,CUST001537,CASE003255,2024-03-07,CASH_DEPOSIT,9138.398703124665,US
TXN0002759,ACCT007849,CUST000641,CASE001267,2024-05-04,CASH_DEPOSIT,9707.37896153408,IN
TXN0002760,ACCT007849,CUST000641,CASE000578,2024-05-04,CASH_DEPOSIT,9009.072829849072,IN
TXN0002761,ACCT007849,CUST000641,CASE003475,2024-05-04,CASH_DEPOSIT,9056.269056422041,US
TXN0002762,ACCT007849,CUST000641,CASE001680,2024-05-04,CASH_DEPOSIT,9845.584115756097,GB
TXN0002763,ACCT007849,CUST000641,CASE003208,2024-05-04,CASH_DEPOSIT,9340.615546332932,AE
TXN0002764,ACCT007849,CUST000641,CASE000567,2024-05-04,CASH_DEPOSIT,9329.650134907683,SG
TXN0002765,ACCT007849,CUST000641,CASE004599,2024-05-04,CASH_DEPOSIT,9877.985136364345,IN
TXN0002766,ACCT007849,CUST000641,CASE001040,2024-05-04,CASH_DEPOSIT,9002.347562123476,HK
TXN0002767,ACCT002197,CUST000615,CASE004869,2024-04-26,CASH_DEPOSIT,9748.638625735806,SG
TXN0002768,ACCT002197,CUST000615,CASE003350,2024-04-26,CASH_DEPOSIT,9595.983715375853,AE
TXN0002769,ACCT002197,CUST000615,CASE001948,2024-04-26,CASH_DEPOSIT,9484.143909007458,SG
TXN0002770,ACCT002197,CUST000615,CASE003199,2024-04-26,CASH_DEPOSIT,9633.139815880528,AE
TXN0002771,ACCT002197,CUST000615,CASE002207,2024-04-26,CASH_DEPOSIT,9438.594862672528,US
TXN0002772,ACCT002197,CUST000615,CASE000725,2024-04-26,CASH_DEPOSIT,9316.032696128683,IN
TXN0002773,ACCT002197,CUST000615,CASE001882,2024-04-26,CASH_DEPOSIT,9694.123585495945,AE
TXN0002774,ACCT002197,CUST000615,CASE004297,2024-04-26,CASH_DEPOSIT,9326.918375970889,US
TXN0002775,ACCT007464,CUST001224,CASE001811,2024-10-18,CASH_DEPOSIT,9803.005391090463,SG
TXN0002776,ACCT007464,CUST001224,CASE004225,2024-10-18,CASH_DEPOSIT,9589.315164789503,US
TXN0002777,ACCT007464,CUST001224,CASE000669,2024-10-18,CASH_DEPOSIT,9798.73714440471,GB
TXN0002778,ACCT007464,CUST001224,CASE004548,2024-10-18,CASH_DEPOSIT,9315.130271681111,HK
TXN0002779,ACCT007464,CUST001224,CASE001226,2024-10-18,CASH_DEPOSIT,9187.160702919184,US
TXN0002780,ACCT007464,CUST001224,CASE004794,2024-10-18,CASH_DEPOSIT,9077.66343761002,US
TXN0002781,ACCT007464,CUST001224,CASE004995,2024-10-18,CASH_DEPOSIT,9882.636423487544,SG
TXN0002782,ACCT007464,CUST001224,CASE004640,2024-10-18,CASH_DEPOSIT,9385.736414203157,SG
TXN0002783,ACCT002570,CUST001241,CASE004881,2024-05-21,CASH_DEPOSIT,9168.39204890863,US
TXN0002784,ACCT002570,CUST001241,CASE002157,2024-05-21,CASH_DEPOSIT,9247.35467207036,US
TXN0002785,ACCT002570,CUST001241,CASE004608,2024-05-21,CASH_DEPOSIT,9728.634725987387,US
TXN0002786,ACCT002570,CUST001241,CASE001325,2024-05-21,CASH_DEPOSIT,9425.885355947174,US
TXN0002787,ACCT002570,CUST001241,CASE004228,2024-05-21,CASH_DEPOSIT,9303.468385375156,SG
TXN0002788,ACCT002570,CUST001241,CASE002216,2024-05-21,CASH_DEPOSIT,9664.80888303579,US
TXN0002789,ACCT002570,CUST001241,CASE000362,2024-05-21,CASH_DEPOSIT,9038.633987735962,US
TXN0002790,ACCT002570,CUST001241,CASE004528,2024-05-21,CASH_DEPOSIT,9378.799395005883,US
TXN0002791,ACCT005679,CUST000627,CASE004041,2024-07-24,CASH_DEPOSIT,9756.262001543542,GB
TXN0002792,ACCT005679,CUST000627,CASE000458,2024-07-24,CASH_DEPOSIT,9888.561263824,US
TXN0002793,ACCT005679,CUST000627,CASE000170,2024-07-24,CASH_DEPOSIT,9319.943523490043,IN
TXN0002794,ACCT005679,CUST000627,CASE001723,2024-07-25,CASH_DEPOSIT,9256.702140552232,GB
TXN0002795,ACCT005679,CUST000627,CASE001204,2024-07-25,CASH_DEPOSIT,9401.727106342905,GB
TXN0002796,ACCT005679,CUST000627,CASE003061,2024-07-25,CASH_DEPOSIT,9297.15827114477,GB
TXN0002797,ACCT005679,CUST000627,CASE004483,2024-07-25,CASH_DEPOSIT,9450.19637139173,SG
TXN0002798,ACCT005679,CUST000627,CASE000109,2024-07-25,CASH_DEPOSIT,9736.156019120015,IN
TXN0002799,ACCT005562,CUST004371,CASE001730,2024-06-23,CASH_DEPOSIT,9114.942324179094,HK
TXN0002800,ACCT005562,CUST004371,CASE001534,2024-06-23,CASH_DEPOSIT,9245.878668377898,SG
TXN0002801,ACCT005562,CUST004371,CASE000305,2024-06-23,CASH_DEPOSIT,9706.249857210716,IN
TXN0002802,ACCT005562,CUST004371,CASE002826,2024-06-23,CASH_DEPOSIT,9875.783943534518,IN
TXN0002803,ACCT005562,CUST004371,CASE003674,2024-06-23,CASH_DEPOSIT,9353.831829180175,AE
TXN0002804,ACCT005562,CUST004371,CASE003482,2024-06-23,CASH_DEPOSIT,9624.97011156666,IN
TXN0002805,ACCT005562,CUST004371,CASE003876,2024-06-23,CASH_DEPOSIT,9727.936874818783,GB
TXN0002806,ACCT005562,CUST004371,CASE002354,2024-06-23,CASH_DEPOSIT,9807.785695369557,US
TXN0002807,ACCT007937,CUST005413,CASE000446,2023-08-13,CASH_DEPOSIT,9347.704928506422,GB
TXN0002808,ACCT007937,CUST005413,CASE003601,2023-08-13,CASH_DEPOSIT,9191.36261343934,AE
TXN0002809,ACCT007937,CUST005413,CASE000775,2023-08-13,CASH_DEPOSIT,9542.89677386473,GB
TXN0002810,ACCT007937,CUST005413,CASE003421,2023-08-13,CASH_DEPOSIT,9033.258203003594,AE
TXN0002811,ACCT007937,CUST005413,CASE002519,2023-08-13,CASH_DEPOSIT,9576.849707321699,GB
TXN0002812,ACCT007937,CUST005413,CASE002164,2023-08-13,CASH_DEPOSIT,9454.401008881056,AE
TXN0002813,ACCT007937,CUST005413,CASE001286,2023-08-13,CASH_DEPOSIT,9610.161252607284,AE
TXN0002814,ACCT007937,CUST005413,CASE004618,2023-08-13,CASH_DEPOSIT,9284.428389391951,HK
TXN0002815,ACCT005641,CUST004786,CASE003545,2023-12-21,CASH_DEPOSIT,9193.31868578254,US
TXN0002816,ACCT005641,CUST004786,CASE003934,2023-12-21,CASH_DEPOSIT,9837.685434901156,HK
TXN0002817,ACCT005641,CUST004786,CASE002949,2023-12-21,CASH_DEPOSIT,9861.794805559455,GB
TXN0002818,ACCT005641,CUST004786,CASE002719,2023-12-21,CASH_DEPOSIT,9312.341034597934,US
TXN0002819,ACCT005641,CUST004786,CASE003148,2023-12-21,CASH_DEPOSIT,9501.703892584115,US
TXN0002820,ACCT005641,CUST004786,CASE003492,2023-12-21,CASH_DEPOSIT,9022.023046405957,HK
TXN0002821,ACCT005641,CUST004786,CASE004104,2023-12-21,CASH_DEPOSIT,9887.185216478762,HK
TXN0002822,ACCT005641,CUST004786,CASE003284,2023-12-22,CASH_DEPOSIT,9151.023412436682,SG
TXN0002823,ACCT008359,CUST004856,CASE000421,2024-01-03,CASH_DEPOSIT,9201.747675541534,IN
TXN0002824,ACCT008359,CUST004856,CASE002140,2024-01-03,CASH_DEPOSIT,9309.064053871598,HK
TXN0002825,ACCT008359,CUST004856,CASE002043,2024-01-03,CASH_DEPOSIT,9306.514718112789,AE
TXN0002826,ACCT008359,CUST004856,CASE004176,2024-01-03,CASH_DEPOSIT,9400.25143742214,SG
TXN0002827,ACCT008359,CUST004856,CASE004168,2024-01-03,CASH_DEPOSIT,9526.468701205811,SG
TXN0002828,ACCT008359,CUST004856,CASE002349,2024-01-03,CASH_DEPOSIT,9409.609197865782,IN
TXN0002829,ACCT008359,CUST004856,CASE002695,2024-01-03,CASH_DEPOSIT,9334.68985655683,GB
TXN0002830,ACCT008359,CUST004856,CASE001605,2024-01-03,CASH_DEPOSIT,9190.807385657994,HK
TXN0002831,ACCT007003,CUST001528,CASE000538,2024-04-13,CASH_DEPOSIT,9583.883932197943,US
TXN0002832,ACCT007003,CUST001528,CASE000989,2024-04-13,CASH_DEPOSIT,9531.484278697606,AE
TXN0002833,ACCT007003,CUST001528,CASE002982,2024-04-13,CASH_DEPOSIT,9580.444303131006,GB
TXN0002834,ACCT007003,CUST001528,CASE002289,2024-04-13,CASH_DEPOSIT,9293.123103733831,AE
TXN0002835,ACCT007003,CUST001528,CASE000846,2024-04-13,CASH_DEPOSIT,9517.379809707716,GB
TXN0002836,ACCT007003,CUST001528,CASE001244,2024-04-13,CASH_DEPOSIT,9221.535859227572,SG
TXN0002837,ACCT007003,CUST001528,CASE003771,2024-04-13,CASH_DEPOSIT,9554.398834712505,HK
TXN0002838,ACCT007003,CUST001528,CASE000048,2024-04-13,CASH_DEPOSIT,9072.882482169733,IN
TXN0002839,ACCT006184,CUST002586,CASE001587,2023-12-09,CASH_DEPOSIT,9265.060863247147,HK
TXN0002840,ACCT006184,CUST002586,CASE004469,2023-12-09,CASH_DEPOSIT,9746.83956382877,US
TXN0002841,ACCT006184,CUST002586,CASE004258,2023-12-09,CASH_DEPOSIT,9779.461524142433,SG
TXN0002842,ACCT006184,CUST002586,CASE002116,2023-12-10,CASH_DEPOSIT,9394.64037335981,AE
TXN0002843,ACCT006184,CUST002586,CASE002223,2023-12-10,CASH_DEPOSIT,9516.097661798367,HK
TXN0002844,ACCT006184,CUST002586,CASE001684,2023-12-10,CASH_DEPOSIT,9898.93469768771,GB
TXN0002845,ACCT006184,CUST002586,CASE003199,2023-12-10,CASH_DEPOSIT,9697.994674980388,GB
TXN0002846,ACCT006184,CUST002586,CASE001739,2023-12-10,CASH_DEPOSIT,9479.892143786496,GB
TXN0002847,ACCT006848,CUST004628,CASE000743,2023-03-05,CASH_DEPOSIT,9568.668006089165,GB
TXN0002848,ACCT006848,CUST004628,CASE003764,2023-03-05,CASH_DEPOSIT,9598.772179577221,HK
TXN0002849,ACCT006848,CUST004628,CASE002592,2023-03-05,CASH_DEPOSIT,9870.82335095448,US
TXN0002850,ACCT006848,CUST004628,CASE001549,2023-03-05,CASH_DEPOSIT,9485.700197246842,IN
TXN0002851,ACCT006848,CUST004628,CASE001332,2023-03-05,CASH_DEPOSIT,9571.031505512152,GB
TXN0002852,ACCT006848,CUST004628,CASE003663,2023-03-05,CASH_DEPOSIT,9814.669125712111,US
TXN0002853,ACCT006848,CUST004628,CASE000227,2023-03-05,CASH_DEPOSIT,9576.1742287078,SG
TXN0002854,ACCT006848,CUST004628,CASE001100,2023-03-05,CASH_DEPOSIT,9596.926508533268,HK
TXN0002855,ACCT006071,CUST000873,CASE001147,2023-09-05,CASH_DEPOSIT,9269.272589355,GB
TXN0002856,ACCT006071,CUST000873,CASE002474,2023-09-05,CASH_DEPOSIT,9677.249890093162,SG
TXN0002857,ACCT006071,CUST000873,CASE003620,2023-09-05,CASH_DEPOSIT,9483.977082269384,HK
TXN0002858,ACCT006071,CUST000873,CASE000771,2023-09-05,CASH_DEPOSIT,9336.89678839409,GB
TXN0002859,ACCT006071,CUST000873,CASE000742,2023-09-05,CASH_DEPOSIT,9374.184502394985,AE
TXN0002860,ACCT006071,CUST000873,CASE001981,2023-09-05,CASH_DEPOSIT,9446.397957701878,HK
TXN0002861,ACCT006071,CUST000873,CASE004262,2023-09-05,CASH_DEPOSIT,9098.276069783888,GB
TXN0002862,ACCT006071,CUST000873,CASE002516,2023-09-05,CASH_DEPOSIT,9313.698128039905,IN
TXN0002863,ACCT003866,CUST000448,CASE001413,2024-08-17,CASH_DEPOSIT,9295.003982817389,AE
TXN0002864,ACCT003866,CUST000448,CASE004230,2024-08-17,CASH_DEPOSIT,9729.815979546325,IN
TXN0002865,ACCT003866,CUST000448,CASE002616,2024-08-17,CASH_DEPOSIT,9260.077636784135,HK
TXN0002866,ACCT003866,CUST000448,CASE003140,2024-08-17,CASH_DEPOSIT,9825.356926705404,AE
TXN0002867,ACCT003866,CUST000448,CASE001702,2024-08-17,CASH_DEPOSIT,9242.991981613017,SG
TXN0002868,ACCT003866,CUST000448,CASE002319,2024-08-17,CASH_DEPOSIT,9819.360785968414,US
TXN0002869,ACCT003866,CUST000448,CASE003373,2024-08-17,CASH_DEPOSIT,9462.891721274376,AE
TXN0002870,ACCT003866,CUST000448,CASE000449,2024-08-17,CASH_DEPOSIT,9446.233847966423,AE
TXN0002871,ACCT001633,CUST002283,CASE000273,2023-12-27,CASH_DEPOSIT,9570.553640369313,AE
TXN0002872,ACCT001633,CUST002283,CASE000365,2023-12-27,CASH_DEPOSIT,9669.249223670666,HK
TXN0002873,ACCT001633,CUST002283,CASE003970,2023-12-28,CASH_DEPOSIT,9703.057754547817,HK
TXN0002874,ACCT001633,CUST002283,CASE002243,2023-12-28,CASH_DEPOSIT,9747.373839967517,AE
TXN0002875,ACCT001633,CUST002283,CASE003401,2023-12-28,CASH_DEPOSIT,9251.851478306586,IN
TXN0002876,ACCT001633,CUST002283,CASE003075,2023-12-28,CASH_DEPOSIT,9584.597432611768,AE
TXN0002877,ACCT001633,CUST002283,CASE003262,2023-12-28,CASH_DEPOSIT,9652.104947939339,SG
TXN0002878,ACCT001633,CUST002283,CASE001469,2023-12-28,CASH_DEPOSIT,9639.315136247242,US
TXN0002879,ACCT008967,CUST000975,CASE001402,2024-05-30,CASH_DEPOSIT,9033.956510054897,SG
TXN0002880,ACCT008967,CUST000975,CASE000723,2024-05-30,CASH_DEPOSIT,9085.174092829138,SG
TXN0002881,ACCT008967,CUST000975,CASE000781,2024-05-30,CASH_DEPOSIT,9852.397705733058,HK
TXN0002882,ACCT008967,CUST000975,CASE003124,2024-05-30,CASH_DEPOSIT,9584.658709005951,US
TXN0002883,ACCT008967,CUST000975,CASE002556,2024-05-30,CASH_DEPOSIT,9039.20116377558,US
TXN0002884,ACCT008967,CUST000975,CASE000421,2024-05-30,CASH_DEPOSIT,9152.525005114183,GB
TXN0002885,ACCT008967,CUST000975,CASE002014,2024-05-30,CASH_DEPOSIT,9739.751829580815,SG
TXN0002886,ACCT008967,CUST000975,CASE001260,2024-05-31,CASH_DEPOSIT,9589.624183800253,AE
TXN0002887,ACCT000583,CUST004752,CASE002951,2024-11-23,CASH_DEPOSIT,9834.840544699491,AE
TXN0002888,ACCT000583,CUST004752,CASE000630,2024-11-23,CASH_DEPOSIT,9687.459004409951,IN
TXN0002889,ACCT000583,CUST004752,CASE000035,2024-11-23,CASH_DEPOSIT,9551.526942218125,SG
TXN0002890,ACCT000583,CUST004752,CASE004951,2024-11-23,CASH_DEPOSIT,9590.42084051478,AE
TXN0002891,ACCT000583,CUST004752,CASE001353,2024-11-23,CASH_DEPOSIT,9327.411540307685,AE
TXN0002892,ACCT000583,CUST004752,CASE004029,2024-11-23,CASH_DEPOSIT,9046.35331597867,IN
TXN0002893,ACCT000583,CUST004752,CASE001848,2024-11-23,CASH_DEPOSIT,9376.946950004756,AE
TXN0002894,ACCT000583,CUST004752,CASE002931,2024-11-23,CASH_DEPOSIT,9329.384815357776,HK
TXN0002895,ACCT008342,CUST002739,CASE001261,2023-10-15,CASH_DEPOSIT,9473.234278657465,US
TXN0002896,ACCT008342,CUST002739,CASE004619,2023-10-15,CASH_DEPOSIT,9794.663913465336,HK
TXN0002897,ACCT008342,CUST002739,CASE003192,2023-10-15,CASH_DEPOSIT,9476.887440764805,US
TXN0002898,ACCT008342,CUST002739,CASE002829,2023-10-16,CASH_DEPOSIT,9039.415972581559,GB
TXN0002899,ACCT008342,CUST002739,CASE001709,2023-10-16,CASH_DEPOSIT,9439.4979763053,AE
TXN0002900,ACCT008342,CUST002739,CASE001031,2023-10-16,CASH_DEPOSIT,9002.968108764026,HK
TXN0002901,ACCT008342,CUST002739,CASE002367,2023-10-16,CASH_DEPOSIT,9000.872251541947,IN
TXN0002902,ACCT008342,CUST002739,CASE003034,2023-10-16,CASH_DEPOSIT,9226.681727993162,IN
TXN0002903,ACCT007455,CUST004549,CASE003379,2024-09-19,CASH_DEPOSIT,9013.967411218828,GB
TXN0002904,ACCT007455,CUST004549,CASE002648,2024-09-19,CASH_DEPOSIT,9312.308966395201,US
TXN0002905,ACCT007455,CUST004549,CASE002647,2024-09-19,CASH_DEPOSIT,9580.973187520742,US
TXN0002906,ACCT007455,CUST004549,CASE004071,2024-09-19,CASH_DEPOSIT,9780.765024063548,GB
TXN0002907,ACCT007455,CUST004549,CASE001387,2024-09-19,CASH_DEPOSIT,9147.42448167324,SG
TXN0002908,ACCT007455,CUST004549,CASE001968,2024-09-19,CASH_DEPOSIT,9037.917780331163,IN
TXN0002909,ACCT007455,CUST004549,CASE000525,2024-09-19,CASH_DEPOSIT,9359.366750830193,US
TXN0002910,ACCT007455,CUST004549,CASE003520,2024-09-19,CASH_DEPOSIT,9780.663176875269,US
TXN0002911,ACCT001651,CUST005757,CASE001984,2024-07-27,CASH_DEPOSIT,9343.621362618507,SG
TXN0002912,ACCT001651,CUST005757,CASE000745,2024-07-28,CASH_DEPOSIT,9685.596741769388,SG
TXN0002913,ACCT001651,CUST005757,CASE001262,2024-07-28,CASH_DEPOSIT,9750.02319026344,US
TXN0002914,ACCT001651,CUST005757,CASE001184,2024-07-28,CASH_DEPOSIT,9097.92967826291,AE
TXN0002915,ACCT001651,CUST005757,CASE000989,2024-07-28,CASH_DEPOSIT,9498.395448699905,SG
TXN0002916,ACCT001651,CUST005757,CASE001079,2024-07-28,CASH_DEPOSIT,9644.195008980616,GB
TXN0002917,ACCT001651,CUST005757,CASE002441,2024-07-28,CASH_DEPOSIT,9836.903388775116,AE
TXN0002918,ACCT001651,CUST005757,CASE004872,2024-07-28,CASH_DEPOSIT,9235.123010459685,AE
TXN0002919,ACCT004707,CUST002205,CASE001078,2023-07-06,CASH_DEPOSIT,9133.797130050485,GB
TXN0002920,ACCT004707,CUST002205,CASE000791,2023-07-06,CASH_DEPOSIT,9013.56829646607,AE
TXN0002921,ACCT004707,CUST002205,CASE004945,2023-07-06,CASH_DEPOSIT,9402.831205530343,AE
TXN0002922,ACCT004707,CUST002205,CASE001320,2023-07-06,CASH_DEPOSIT,9593.364606088928,SG
TXN0002923,ACCT004707,CUST002205,CASE004801,2023-07-06,CASH_DEPOSIT,9299.619725758095,HK
TXN0002924,ACCT004707,CUST002205,CASE001912,2023-07-06,CASH_DEPOSIT,9642.731744340208,SG
TXN0002925,ACCT004707,CUST002205,CASE004950,2023-07-06,CASH_DEPOSIT,9683.039278876924,SG
TXN0002926,ACCT004707,CUST002205,CASE003971,2023-07-06,CASH_DEPOSIT,9104.916775767475,HK
TXN0002927,ACCT004599,CUST004687,CASE004000,2024-11-25,CASH_DEPOSIT,9247.316793107308,HK
TXN0002928,ACCT004599,CUST004687,CASE004403,2024-11-25,CASH_DEPOSIT,9050.404118073367,US
TXN0002929,ACCT004599,CUST004687,CASE002973,2024-11-25,CASH_DEPOSIT,9412.53480778649,AE
TXN0002930,ACCT004599,CUST004687,CASE002254,2024-11-25,CASH_DEPOSIT,9062.203296382684,IN
TXN0002931,ACCT004599,CUST004687,CASE003809,2024-11-25,CASH_DEPOSIT,9000.240236354954,IN
TXN0002932,ACCT004599,CUST004687,CASE001946,2024-11-25,CASH_DEPOSIT,9352.900032113384,HK
TXN0002933,ACCT004599,CUST004687,CASE001538,2024-11-25,CASH_DEPOSIT,9115.974228357069,IN
TXN0002934,ACCT004599,CUST004687,CASE001343,2024-11-25,CASH_DEPOSIT,9380.764745346418,HK
TXN0002935,ACCT008027,CUST004868,CASE004815,2024-08-02,CASH_DEPOSIT,9386.389496686437,AE
TXN0002936,ACCT008027,CUST004868,CASE004901,2024-08-02,CASH_DEPOSIT,9289.126037288359,GB
TXN0002937,ACCT008027,CUST004868,CASE003691,2024-08-02,CASH_DEPOSIT,9514.97001889068,HK
TXN0002938,ACCT008027,CUST004868,CASE001494,2024-08-02,CASH_DEPOSIT,9489.50223813693,GB
TXN0002939,ACCT008027,CUST004868,CASE004117,2024-08-02,CASH_DEPOSIT,9174.820448843464,AE
TXN0002940,ACCT008027,CUST004868,CASE001362,2024-08-02,CASH_DEPOSIT,9251.42691648721,US
TXN0002941,ACCT008027,CUST004868,CASE001316,2024-08-02,CASH_DEPOSIT,9149.178465213372,US
TXN0002942,ACCT008027,CUST004868,CASE000678,2024-08-02,CASH_DEPOSIT,9177.11400292694,AE
TXN0002943,ACCT005332,CUST005491,CASE004927,2023-05-18,CASH_DEPOSIT,9195.723550051944,IN
TXN0002944,ACCT005332,CUST005491,CASE000225,2023-05-18,CASH_DEPOSIT,9130.093108391842,US
TXN0002945,ACCT005332,CUST005491,CASE000348,2023-05-18,CASH_DEPOSIT,9827.43378049211,GB
TXN0002946,ACCT005332,CUST005491,CASE002452,2023-05-18,CASH_DEPOSIT,9898.80401156925,IN
TXN0002947,ACCT005332,CUST005491,CASE001315,2023-05-18,CASH_DEPOSIT,9280.349517647583,AE
TXN0002948,ACCT005332,CUST005491,CASE003029,2023-05-18,CASH_DEPOSIT,9226.476018353365,HK
TXN0002949,ACCT005332,CUST005491,CASE004280,2023-05-18,CASH_DEPOSIT,9607.815854427625,GB
TXN0002950,ACCT005332,CUST005491,CASE001858,2023-05-18,CASH_DEPOSIT,9517.753838267989,GB
TXN0002951,ACCT005710,CUST002981,CASE001281,2023-01-27,CASH_DEPOSIT,9373.48484410338,GB
TXN0002952,ACCT005710,CUST002981,CASE003761,2023-01-27,CASH_DEPOSIT,9176.954291600367,SG
TXN0002953,ACCT005710,CUST002981,CASE001612,2023-01-27,CASH_DEPOSIT,9317.173160097229,SG
TXN0002954,ACCT005710,CUST002981,CASE004279,2023-01-28,CASH_DEPOSIT,9186.500595838663,HK
TXN0002955,ACCT005710,CUST002981,CASE004772,2023-01-28,CASH_DEPOSIT,9579.539335883754,SG
TXN0002956,ACCT005710,CUST002981,CASE004993,2023-01-28,CASH_DEPOSIT,9658.22850178988,IN
TXN0002957,ACCT005710,CUST002981,CASE000265,2023-01-28,CASH_DEPOSIT,9218.078296528758,US
TXN0002958,ACCT005710,CUST002981,CASE003951,2023-01-28,CASH_DEPOSIT,9306.249915102522,SG
TXN0002959,ACCT005662,CUST003792,CASE001517,2023-02-15,CASH_DEPOSIT,9629.382491053415,SG
TXN0002960,ACCT005662,CUST003792,CASE001491,2023-02-16,CASH_DEPOSIT,9116.199444998023,GB
TXN0002961,ACCT005662,CUST003792,CASE003949,2023-02-16,CASH_DEPOSIT,9012.607891150636,IN
TXN0002962,ACCT005662,CUST003792,CASE000574,2023-02-16,CASH_DEPOSIT,9786.578854915748,US
TXN0002963,ACCT005662,CUST003792,CASE002487,2023-02-16,CASH_DEPOSIT,9542.703961819774,US
TXN0002964,ACCT005662,CUST003792,CASE003739,2023-02-16,CASH_DEPOSIT,9354.434077539625,SG
TXN0002965,ACCT005662,CUST003792,CASE002868,2023-02-16,CASH_DEPOSIT,9647.185972832856,AE
TXN0002966,ACCT005662,CUST003792,CASE002045,2023-02-16,CASH_DEPOSIT,9241.989477671243,GB
TXN0002967,ACCT006240,CUST004236,CASE003122,2024-11-06,CASH_DEPOSIT,9037.205810102812,US
TXN0002968,ACCT006240,CUST004236,CASE001142,2024-11-06,CASH_DEPOSIT,9598.114631731378,HK
TXN0002969,ACCT006240,CUST004236,CASE002728,2024-11-06,CASH_DEPOSIT,9671.651880111107,AE
TXN0002970,ACCT006240,CUST004236,CASE002165,2024-11-06,CASH_DEPOSIT,9722.56391288033,GB
TXN0002971,ACCT006240,CUST004236,CASE000509,2024-11-06,CASH_DEPOSIT,9716.383548822358,SG
TXN0002972,ACCT006240,CUST004236,CASE001458,2024-11-06,CASH_DEPOSIT,9664.977895240721,GB
TXN0002973,ACCT006240,CUST004236,CASE001171,2024-11-06,CASH_DEPOSIT,9880.611008886517,HK
TXN0002974,ACCT006240,CUST004236,CASE004157,2024-11-06,CASH_DEPOSIT,9401.127888104265,IN
TXN0002975,ACCT004347,CUST001437,CASE002476,2023-02-08,CASH_DEPOSIT,9511.581764832636,HK
TXN0002976,ACCT004347,CUST001437,CASE003476,2023-02-08,CASH_DEPOSIT,9223.519656660714,SG
TXN0002977,ACCT004347,CUST001437,CASE002662,2023-02-08,CASH_DEPOSIT,9757.23076358553,AE
TXN0002978,ACCT004347,CUST001437,CASE002623,2023-02-08,CASH_DEPOSIT,9021.11592134206,SG
TXN0002979,ACCT004347,CUST001437,CASE003343,2023-02-08,CASH_DEPOSIT,9126.20913222794,GB
TXN0002980,ACCT004347,CUST001437,CASE001808,2023-02-08,CASH_DEPOSIT,9265.43863259025,SG
TXN0002981,ACCT004347,CUST001437,CASE001702,2023-02-08,CASH_DEPOSIT,9625.939726078332,HK
TXN0002982,ACCT004347,CUST001437,CASE002184,2023-02-08,CASH_DEPOSIT,9310.706999409358,AE
TXN0002983,ACCT001963,CUST005895,CASE003370,2023-02-03,CASH_DEPOSIT,9301.63435718596,US
TXN0002984,ACCT001963,CUST005895,CASE000248,2023-02-03,CASH_DEPOSIT,9585.490942890312,US
TXN0002985,ACCT001963,CUST005895,CASE000640,2023-02-03,CASH_DEPOSIT,9216.693183436586,GB
TXN0002986,ACCT001963,CUST005895,CASE002978,2023-02-03,CASH_DEPOSIT,9147.179540934094,AE
TXN0002987,ACCT001963,CUST005895,CASE003640,2023-02-03,CASH_DEPOSIT,9248.071722148481,SG
TXN0002988,ACCT001963,CUST005895,CASE000506,2023-02-03,CASH_DEPOSIT,9494.12124169758,HK
TXN0002989,ACCT001963,CUST005895,CASE003124,2023-02-03,CASH_DEPOSIT,9585.473137821718,SG
TXN0002990,ACCT001963,CUST005895,CASE003389,2023-02-03,CASH_DEPOSIT,9146.993130860006,GB
TXN0002991,ACCT003814,CUST000561,CASE000246,2023-01-29,CASH_DEPOSIT,9884.398104199327,HK
TXN0002992,ACCT003814,CUST000561,CASE000326,2023-01-29,CASH_DEPOSIT,9071.398310073368,GB
TXN0002993,ACCT003814,CUST000561,CASE000895,2023-01-29,CASH_DEPOSIT,9659.846263624697,AE
TXN0002994,ACCT003814,CUST000561,CASE002376,2023-01-29,CASH_DEPOSIT,9899.588286544224,US
TXN0002995,ACCT003814,CUST000561,CASE004965,2023-01-29,CASH_DEPOSIT,9334.727550689548,GB
TXN0002996,ACCT003814,CUST000561,CASE000859,2023-01-29,CASH_DEPOSIT,9848.200187951028,IN
TXN0002997,ACCT003814,CUST000561,CASE004804,2023-01-29,CASH_DEPOSIT,9434.129780356969,GB
TXN0002998,ACCT003814,CUST000561,CASE002099,2023-01-30,CASH_DEPOSIT,9022.966711606972,US
TXN0002999,ACCT000896,CUST003024,CASE001576,2024-05-26,CASH_DEPOSIT,9395.389132593526,GB
TXN0003000,ACCT000896,CUST003024,CASE002404,2024-05-26,CASH_DEPOSIT,9658.76883906095,US
TXN0003001,ACCT000896,CUST003024,CASE002321,2024-05-26,CASH_DEPOSIT,9899.273208735065,US
TXN0003002,ACCT000896,CUST003024,CASE003394,2024-05-26,CASH_DEPOSIT,9014.648654622191,SG
TXN0003003,ACCT000896,CUST003024,CASE000702,2024-05-26,CASH_DEPOSIT,9799.358604389505,AE
TXN0003004,ACCT000896,CUST003024,CASE000329,2024-05-26,CASH_DEPOSIT,9053.096657340067,GB
TXN0003005,ACCT000896,CUST003024,CASE001696,2024-05-26,CASH_DEPOSIT,9616.552150778383,IN
TXN0003006,ACCT000896,CUST003024,CASE003035,2024-05-26,CASH_DEPOSIT,9720.643293956029,IN
TXN0003007,ACCT001445,CUST005366,CASE004503,2023-10-11,CASH_DEPOSIT,9462.207587883908,SG
TXN0003008,ACCT001445,CUST005366,CASE000127,2023-10-11,CASH_DEPOSIT,9348.333726627608,HK
TXN0003009,ACCT001445,CUST005366,CASE002931,2023-10-11,CASH_DEPOSIT,9869.999450660287,GB
TXN0003010,ACCT001445,CUST005366,CASE002170,2023-10-11,CASH_DEPOSIT,9240.546285393939,US
TXN0003011,ACCT001445,CUST005366,CASE000590,2023-10-11,CASH_DEPOSIT,9311.006822016165,SG
TXN0003012,ACCT001445,CUST005366,CASE002877,2023-10-11,CASH_DEPOSIT,9018.917610571734,IN
TXN0003013,ACCT001445,CUST005366,CASE003751,2023-10-11,CASH_DEPOSIT,9647.439216959709,HK
TXN0003014,ACCT001445,CUST005366,CASE000533,2023-10-11,CASH_DEPOSIT,9616.769498143147,SG
TXN0003015,ACCT003774,CUST003517,CASE002744,2024-02-24,CASH_DEPOSIT,9103.37245013003,IN
TXN0003016,ACCT003774,CUST003517,CASE003559,2024-02-24,CASH_DEPOSIT,9071.345418069464,AE
TXN0003017,ACCT003774,CUST003517,CASE002098,2024-02-24,CASH_DEPOSIT,9761.462416399967,AE
TXN0003018,ACCT003774,CUST003517,CASE002157,2024-02-24,CASH_DEPOSIT,9554.703141551669,IN
TXN0003019,ACCT003774,CUST003517,CASE003456,2024-02-24,CASH_DEPOSIT,9353.597941953947,SG
TXN0003020,ACCT003774,CUST003517,CASE004088,2024-02-24,CASH_DEPOSIT,9568.623645821806,AE
TXN0003021,ACCT003774,CUST003517,CASE000996,2024-02-24,CASH_DEPOSIT,9312.986683055056,GB
TXN0003022,ACCT003774,CUST003517,CASE004090,2024-02-24,CASH_DEPOSIT,9447.099983543616,IN
TXN0003023,ACCT002386,CUST003327,CASE000261,2023-01-06,CASH_DEPOSIT,9130.528396291413,US
TXN0003024,ACCT002386,CUST003327,CASE001449,2023-01-06,CASH_DEPOSIT,9288.792799653977,SG
TXN0003025,ACCT002386,CUST003327,CASE003580,2023-01-06,CASH_DEPOSIT,9493.914249284599,GB
TXN0003026,ACCT002386,CUST003327,CASE003511,2023-01-06,CASH_DEPOSIT,9665.720452731392,GB
TXN0003027,ACCT002386,CUST003327,CASE001887,2023-01-06,CASH_DEPOSIT,9285.840894201221,AE
TXN0003028,ACCT002386,CUST003327,CASE000123,2023-01-06,CASH_DEPOSIT,9035.078540364064,US
TXN0003029,ACCT002386,CUST003327,CASE004840,2023-01-06,CASH_DEPOSIT,9703.925653300694,IN
TXN0003030,ACCT002386,CUST003327,CASE000211,2023-01-06,CASH_DEPOSIT,9695.333511777442,US
TXN0003031,ACCT008276,CUST005790,CASE003701,2023-03-30,CASH_DEPOSIT,9751.173688076171,GB
TXN0003032,ACCT008276,CUST005790,CASE004811,2023-03-30,CASH_DEPOSIT,9894.5464373544,AE
TXN0003033,ACCT008276,CUST005790,CASE003666,2023-03-30,CASH_DEPOSIT,9464.713240926776,SG
TXN0003034,ACCT008276,CUST005790,CASE004843,2023-03-30,CASH_DEPOSIT,9301.887859694514,SG
TXN0003035,ACCT008276,CUST005790,CASE002169,2023-03-30,CASH_DEPOSIT,9720.46977520248,GB
TXN0003036,ACCT008276,CUST005790,CASE002710,2023-03-30,CASH_DEPOSIT,9268.067872799365,IN
TXN0003037,ACCT008276,CUST005790,CASE002135,2023-03-31,CASH_DEPOSIT,9364.657308785138,GB
TXN0003038,ACCT008276,CUST005790,CASE004363,2023-03-31,CASH_DEPOSIT,9431.283198435336,GB
TXN0003039,ACCT006451,CUST003383,CASE004495,2024-10-14,CASH_DEPOSIT,9804.811884094886,IN
TXN0003040,ACCT006451,CUST003383,CASE000575,2024-10-14,CASH_DEPOSIT,9033.773050463551,AE
TXN0003041,ACCT006451,CUST003383,CASE003837,2024-10-14,CASH_DEPOSIT,9628.954993115149,AE
TXN0003042,ACCT006451,CUST003383,CASE003491,2024-10-14,CASH_DEPOSIT,9170.123157034122,HK
TXN0003043,ACCT006451,CUST003383,CASE004233,2024-10-14,CASH_DEPOSIT,9447.917919276488,AE
TXN0003044,ACCT006451,CUST003383,CASE004159,2024-10-14,CASH_DEPOSIT,9409.965096510161,IN
TXN0003045,ACCT006451,CUST003383,CASE004184,2024-10-14,CASH_DEPOSIT,9443.85234343067,GB
TXN0003046,ACCT006451,CUST003383,CASE000441,2024-10-14,CASH_DEPOSIT,9226.299637292133,US
TXN0003047,ACCT003656,CUST005048,CASE001794,2024-05-06,CASH_DEPOSIT,9074.920016857031,AE
TXN0003048,ACCT003656,CUST005048,CASE003723,2024-05-06,CASH_DEPOSIT,9894.028727858651,US
TXN0003049,ACCT003656,CUST005048,CASE001477,2024-05-06,CASH_DEPOSIT,9049.28616438608,GB
TXN0003050,ACCT003656,CUST005048,CASE003157,2024-05-06,CASH_DEPOSIT,9712.307813681999,IN
TXN0003051,ACCT003656,CUST005048,CASE000133,2024-05-06,CASH_DEPOSIT,9578.638805803494,IN
TXN0003052,ACCT003656,CUST005048,CASE001238,2024-05-06,CASH_DEPOSIT,9743.639243968842,US
TXN0003053,ACCT003656,CUST005048,CASE001151,2024-05-06,CASH_DEPOSIT,9660.148461948496,HK
TXN0003054,ACCT003656,CUST005048,CASE004606,2024-05-06,CASH_DEPOSIT,9052.151194911095,HK
TXN0003055,ACCT006935,CUST001992,CASE000164,2024-08-25,CASH_DEPOSIT,9879.796723862677,US
TXN0003056,ACCT006935,CUST001992,CASE001961,2024-08-25,CASH_DEPOSIT,9001.48099292865,US
TXN0003057,ACCT006935,CUST001992,CASE001479,2024-08-25,CASH_DEPOSIT,9668.055831724312,GB
TXN0003058,ACCT006935,CUST001992,CASE003961,2024-08-25,CASH_DEPOSIT,9351.972240271918,AE
TXN0003059,ACCT006935,CUST001992,CASE004331,2024-08-25,CASH_DEPOSIT,9018.5745909592,HK
TXN0003060,ACCT006935,CUST001992,CASE001694,2024-08-25,CASH_DEPOSIT,9799.187409310558,AE
TXN0003061,ACCT006935,CUST001992,CASE003204,2024-08-25,CASH_DEPOSIT,9039.639350414393,GB
TXN0003062,ACCT006935,CUST001992,CASE004041,2024-08-25,CASH_DEPOSIT,9578.490827214982,HK
TXN0003063,ACCT005577,CUST004548,CASE000218,2023-10-03,CASH_DEPOSIT,9473.513361670319,GB
TXN0003064,ACCT005577,CUST004548,CASE000399,2023-10-03,CASH_DEPOSIT,9305.783098551114,GB
TXN0003065,ACCT005577,CUST004548,CASE000353,2023-10-03,CASH_DEPOSIT,9493.558881404264,HK
TXN0003066,ACCT005577,CUST004548,CASE004838,2023-10-03,CASH_DEPOSIT,9324.636394107047,US
TXN0003067,ACCT005577,CUST004548,CASE003038,2023-10-03,CASH_DEPOSIT,9316.33624423433,HK
TXN0003068,ACCT005577,CUST004548,CASE000638,2023-10-03,CASH_DEPOSIT,9280.466444939275,US
TXN0003069,ACCT005577,CUST004548,CASE001039,2023-10-03,CASH_DEPOSIT,9697.35275254232,SG
TXN0003070,ACCT005577,CUST004548,CASE003215,2023-10-03,CASH_DEPOSIT,9376.002105021842,IN
TXN0003071,ACCT000211,CUST002172,CASE004788,2024-06-27,CASH_DEPOSIT,9536.603175641038,US
TXN0003072,ACCT000211,CUST002172,CASE000756,2024-06-27,CASH_DEPOSIT,9396.196123652424,US
TXN0003073,ACCT000211,CUST002172,CASE004135,2024-06-27,CASH_DEPOSIT,9686.08992596949,IN
TXN0003074,ACCT000211,CUST002172,CASE004396,2024-06-27,CASH_DEPOSIT,9550.16899920724,AE
TXN0003075,ACCT000211,CUST002172,CASE002159,2024-06-27,CASH_DEPOSIT,9443.984177482793,US
TXN0003076,ACCT000211,CUST002172,CASE000768,2024-06-27,CASH_DEPOSIT,9213.309197280847,HK
TXN0003077,ACCT000211,CUST002172,CASE000767,2024-06-27,CASH_DEPOSIT,9251.17491041975,IN
TXN0003078,ACCT000211,CUST002172,CASE002727,2024-06-27,CASH_DEPOSIT,9391.908136717957,SG
TXN0003079,ACCT000666,CUST005135,CASE002778,2023-08-05,CASH_DEPOSIT,9743.15514225018,GB
TXN0003080,ACCT000666,CUST005135,CASE000862,2023-08-05,CASH_DEPOSIT,9664.02948265554,SG
TXN0003081,ACCT000666,CUST005135,CASE001084,2023-08-05,CASH_DEPOSIT,9318.974234761014,AE
TXN0003082,ACCT000666,CUST005135,CASE004411,2023-08-05,CASH_DEPOSIT,9047.193485830496,AE
TXN0003083,ACCT000666,CUST005135,CASE001621,2023-08-05,CASH_DEPOSIT,9032.200609270283,US
TXN0003084,ACCT000666,CUST005135,CASE004061,2023-08-05,CASH_DEPOSIT,9191.617725655813,SG
TXN0003085,ACCT000666,CUST005135,CASE002950,2023-08-06,CASH_DEPOSIT,9397.893482188078,HK
TXN0003086,ACCT000666,CUST005135,CASE001667,2023-08-06,CASH_DEPOSIT,9856.36481367425,SG
TXN0003087,ACCT001229,CUST003847,CASE004046,2024-11-21,CASH_DEPOSIT,9223.499681300224,SG
TXN0003088,ACCT001229,CUST003847,CASE001120,2024-11-21,CASH_DEPOSIT,9538.611086015962,HK
TXN0003089,ACCT001229,CUST003847,CASE001400,2024-11-21,CASH_DEPOSIT,9466.30837465963,IN
TXN0003090,ACCT001229,CUST003847,CASE000212,2024-11-21,CASH_DEPOSIT,9491.121456327202,AE
TXN0003091,ACCT001229,CUST003847,CASE000018,2024-11-21,CASH_DEPOSIT,9485.796017796529,IN
TXN0003092,ACCT001229,CUST003847,CASE001174,2024-11-21,CASH_DEPOSIT,9224.170236070539,IN
TXN0003093,ACCT001229,CUST003847,CASE001961,2024-11-21,CASH_DEPOSIT,9137.00323225832,SG
TXN0003094,ACCT001229,CUST003847,CASE003318,2024-11-21,CASH_DEPOSIT,9731.46774688059,IN
TXN0003095,ACCT000403,CUST005011,CASE004262,2024-03-24,CASH_DEPOSIT,9312.746640593998,US
TXN0003096,ACCT000403,CUST005011,CASE003282,2024-03-24,CASH_DEPOSIT,9102.393677070455,HK
TXN0003097,ACCT000403,CUST005011,CASE004086,2024-03-24,CASH_DEPOSIT,9506.256162499105,HK
TXN0003098,ACCT000403,CUST005011,CASE004909,2024-03-24,CASH_DEPOSIT,9281.187003398501,IN
TXN0003099,ACCT000403,CUST005011,CASE004834,2024-03-24,CASH_DEPOSIT,9201.046544355668,SG
TXN0003100,ACCT000403,CUST005011,CASE003557,2024-03-24,CASH_DEPOSIT,9645.769715811335,GB
TXN0003101,ACCT000403,CUST005011,CASE001384,2024-03-24,CASH_DEPOSIT,9112.624083612236,HK
TXN0003102,ACCT000403,CUST005011,CASE000858,2024-03-24,CASH_DEPOSIT,9119.010287436655,IN
TXN0003103,ACCT004401,CUST003392,CASE003126,2024-08-29,CASH_DEPOSIT,9152.435917792865,IN
TXN0003104,ACCT004401,CUST003392,CASE002477,2024-08-29,CASH_DEPOSIT,9470.900581663258,HK
TXN0003105,ACCT004401,CUST003392,CASE004791,2024-08-29,CASH_DEPOSIT,9648.927696779241,AE
TXN0003106,ACCT004401,CUST003392,CASE004815,2024-08-29,CASH_DEPOSIT,9636.561567912706,SG
TXN0003107,ACCT004401,CUST003392,CASE003283,2024-08-29,CASH_DEPOSIT,9486.8364830049,SG
TXN0003108,ACCT004401,CUST003392,CASE004793,2024-08-29,CASH_DEPOSIT,9764.829622006251,HK
TXN0003109,ACCT004401,CUST003392,CASE004969,2024-08-29,CASH_DEPOSIT,9317.049485230249,IN
TXN0003110,ACCT004401,CUST003392,CASE001912,2024-08-29,CASH_DEPOSIT,9038.384886522612,US
TXN0003111,ACCT007224,CUST005667,CASE002489,2023-11-15,CASH_DEPOSIT,9706.405882351839,SG
TXN0003112,ACCT007224,CUST005667,CASE001840,2023-11-15,CASH_DEPOSIT,9201.471835067317,GB
TXN0003113,ACCT007224,CUST005667,CASE003095,2023-11-16,CASH_DEPOSIT,9813.59744599955,GB
TXN0003114,ACCT007224,CUST005667,CASE000508,2023-11-16,CASH_DEPOSIT,9558.432423116592,US
TXN0003115,ACCT007224,CUST005667,CASE001825,2023-11-16,CASH_DEPOSIT,9394.520976435435,GB
TXN0003116,ACCT007224,CUST005667,CASE003628,2023-11-16,CASH_DEPOSIT,9542.565194333823,HK
TXN0003117,ACCT007224,CUST005667,CASE001785,2023-11-16,CASH_DEPOSIT,9094.218998966848,GB
TXN0003118,ACCT007224,CUST005667,CASE004690,2023-11-16,CASH_DEPOSIT,9161.749419118705,IN
TXN0003119,ACCT002597,CUST005537,CASE004401,2023-08-10,CASH_DEPOSIT,9578.052524018896,SG
TXN0003120,ACCT002597,CUST005537,CASE002420,2023-08-10,CASH_DEPOSIT,9762.254191803904,HK
TXN0003121,ACCT002597,CUST005537,CASE001308,2023-08-10,CASH_DEPOSIT,9285.610239673055,IN
TXN0003122,ACCT002597,CUST005537,CASE000038,2023-08-10,CASH_DEPOSIT,9442.745344809575,US
TXN0003123,ACCT002597,CUST005537,CASE000162,2023-08-10,CASH_DEPOSIT,9039.802198706284,HK
TXN0003124,ACCT002597,CUST005537,CASE004143,2023-08-10,CASH_DEPOSIT,9786.33374412066,US
TXN0003125,ACCT002597,CUST005537,CASE001312,2023-08-11,CASH_DEPOSIT,9451.833529099124,GB
TXN0003126,ACCT002597,CUST005537,CASE003028,2023-08-11,CASH_DEPOSIT,9116.491185587218,HK
TXN0003127,ACCT002143,CUST001566,CASE002701,2024-08-09,CASH_DEPOSIT,9501.11274373671,SG
TXN0003128,ACCT002143,CUST001566,CASE002463,2024-08-09,CASH_DEPOSIT,9565.158207663348,GB
TXN0003129,ACCT002143,CUST001566,CASE000146,2024-08-09,CASH_DEPOSIT,9563.406139635097,GB
TXN0003130,ACCT002143,CUST001566,CASE004510,2024-08-09,CASH_DEPOSIT,9793.145155287051,HK
TXN0003131,ACCT002143,CUST001566,CASE001627,2024-08-09,CASH_DEPOSIT,9474.304916674066,GB
TXN0003132,ACCT002143,CUST001566,CASE003196,2024-08-09,CASH_DEPOSIT,9339.309666172272,US
TXN0003133,ACCT002143,CUST001566,CASE002110,2024-08-10,CASH_DEPOSIT,9470.857602416152,SG
TXN0003134,ACCT002143,CUST001566,CASE000357,2024-08-10,CASH_DEPOSIT,9352.172125852027,AE
TXN0003135,ACCT006627,CUST003720,CASE001502,2024-09-08,CASH_DEPOSIT,9889.392676223933,GB
TXN0003136,ACCT006627,CUST003720,CASE002823,2024-09-08,CASH_DEPOSIT,9779.208896823642,GB
TXN0003137,ACCT006627,CUST003720,CASE000137,2024-09-08,CASH_DEPOSIT,9019.943568344672,HK
TXN0003138,ACCT006627,CUST003720,CASE002388,2024-09-08,CASH_DEPOSIT,9556.17182432266,GB
TXN0003139,ACCT006627,CUST003720,CASE004231,2024-09-08,CASH_DEPOSIT,9626.42088641652,HK
TXN0003140,ACCT006627,CUST003720,CASE000509,2024-09-08,CASH_DEPOSIT,9068.132456563577,US
TXN0003141,ACCT006627,CUST003720,CASE001956,2024-09-08,CASH_DEPOSIT,9820.824984947274,SG
TXN0003142,ACCT006627,CUST003720,CASE004966,2024-09-08,CASH_DEPOSIT,9063.395406018299,US
TXN0003143,ACCT004121,CUST002573,CASE004162,2023-09-27,CASH_DEPOSIT,9678.215057240915,AE
TXN0003144,ACCT004121,CUST002573,CASE004589,2023-09-27,CASH_DEPOSIT,9700.865637857887,US
TXN0003145,ACCT004121,CUST002573,CASE004026,2023-09-27,CASH_DEPOSIT,9273.887488138258,GB
TXN0003146,ACCT004121,CUST002573,CASE002868,2023-09-27,CASH_DEPOSIT,9130.234993213357,IN
TXN0003147,ACCT004121,CUST002573,CASE002528,2023-09-27,CASH_DEPOSIT,9722.494524891608,AE
TXN0003148,ACCT004121,CUST002573,CASE000376,2023-09-27,CASH_DEPOSIT,9759.744052734899,AE
TXN0003149,ACCT004121,CUST002573,CASE000488,2023-09-27,CASH_DEPOSIT,9743.463798656952,GB
TXN0003150,ACCT004121,CUST002573,CASE003505,2023-09-27,CASH_DEPOSIT,9398.95516527836,HK
TXN0003151,ACCT005455,CUST000940,CASE002629,2023-09-17,CASH_DEPOSIT,9031.109827753688,AE
TXN0003152,ACCT005455,CUST000940,CASE003144,2023-09-17,CASH_DEPOSIT,9435.745834677551,GB
TXN0003153,ACCT005455,CUST000940,CASE003216,2023-09-17,CASH_DEPOSIT,9587.079275384185,HK
TXN0003154,ACCT005455,CUST000940,CASE003188,2023-09-17,CASH_DEPOSIT,9195.549237710915,IN
TXN0003155,ACCT005455,CUST000940,CASE002075,2023-09-17,CASH_DEPOSIT,9162.687275371609,HK
TXN0003156,ACCT005455,CUST000940,CASE002919,2023-09-17,CASH_DEPOSIT,9076.081509110207,IN
TXN0003157,ACCT005455,CUST000940,CASE001228,2023-09-17,CASH_DEPOSIT,9661.125826101787,US
TXN0003158,ACCT005455,CUST000940,CASE000528,2023-09-17,CASH_DEPOSIT,9393.062472150988,GB
TXN0003159,ACCT008329,CUST003887,CASE002167,2024-11-15,CASH_DEPOSIT,9864.665562134285,GB
TXN0003160,ACCT008329,CUST003887,CASE004471,2024-11-15,CASH_DEPOSIT,9374.917930897776,SG
TXN0003161,ACCT008329,CUST003887,CASE001327,2024-11-15,CASH_DEPOSIT,9399.253393521494,GB
TXN0003162,ACCT008329,CUST003887,CASE004059,2024-11-15,CASH_DEPOSIT,9613.070807051037,HK
TXN0003163,ACCT008329,CUST003887,CASE003169,2024-11-15,CASH_DEPOSIT,9054.155877129922,IN
TXN0003164,ACCT008329,CUST003887,CASE003204,2024-11-15,CASH_DEPOSIT,9783.36462990322,IN
TXN0003165,ACCT008329,CUST003887,CASE002089,2024-11-15,CASH_DEPOSIT,9443.340756764479,IN
TXN0003166,ACCT008329,CUST003887,CASE000494,2024-11-15,CASH_DEPOSIT,9275.91658847843,IN
TXN0003167,ACCT002541,CUST004890,CASE001657,2023-09-12,CASH_DEPOSIT,9608.942586628184,GB
TXN0003168,ACCT002541,CUST004890,CASE003495,2023-09-12,CASH_DEPOSIT,9834.495766017282,AE
TXN0003169,ACCT002541,CUST004890,CASE004562,2023-09-12,CASH_DEPOSIT,9468.257483277213,HK
TXN0003170,ACCT002541,CUST004890,CASE002691,2023-09-12,CASH_DEPOSIT,9430.686823607854,SG
TXN0003171,ACCT002541,CUST004890,CASE002439,2023-09-12,CASH_DEPOSIT,9120.659569665568,HK
TXN0003172,ACCT002541,CUST004890,CASE000938,2023-09-12,CASH_DEPOSIT,9254.808014706487,AE
TXN0003173,ACCT002541,CUST004890,CASE000054,2023-09-12,CASH_DEPOSIT,9245.291612988878,AE
TXN0003174,ACCT002541,CUST004890,CASE001339,2023-09-12,CASH_DEPOSIT,9582.742945132048,HK
TXN0003175,ACCT005834,CUST005895,CASE001482,2024-09-11,CASH_DEPOSIT,9867.700237837815,US
TXN0003176,ACCT005834,CUST005895,CASE003084,2024-09-11,CASH_DEPOSIT,9821.777931607252,HK
TXN0003177,ACCT005834,CUST005895,CASE003722,2024-09-11,CASH_DEPOSIT,9349.643950617841,SG
TXN0003178,ACCT005834,CUST005895,CASE002118,2024-09-11,CASH_DEPOSIT,9306.944561055217,IN
TXN0003179,ACCT005834,CUST005895,CASE004786,2024-09-11,CASH_DEPOSIT,9701.17315854472,GB
TXN0003180,ACCT005834,CUST005895,CASE004690,2024-09-11,CASH_DEPOSIT,9680.387364242648,AE
TXN0003181,ACCT005834,CUST005895,CASE002933,2024-09-11,CASH_DEPOSIT,9325.123882727006,SG
TXN0003182,ACCT005834,CUST005895,CASE002445,2024-09-11,CASH_DEPOSIT,9359.3792259025,GB
TXN0003183,ACCT002778,CUST000962,CASE002147,2023-05-21,CASH_DEPOSIT,9770.434180800195,HK
TXN0003184,ACCT002778,CUST000962,CASE002130,2023-05-21,CASH_DEPOSIT,9298.524111742789,HK
TXN0003185,ACCT002778,CUST000962,CASE001646,2023-05-21,CASH_DEPOSIT,9322.245858266164,US
TXN0003186,ACCT002778,CUST000962,CASE004606,2023-05-21,CASH_DEPOSIT,9061.255987363904,GB
TXN0003187,ACCT002778,CUST000962,CASE004970,2023-05-21,CASH_DEPOSIT,9346.581187063914,AE
TXN0003188,ACCT002778,CUST000962,CASE001967,2023-05-21,CASH_DEPOSIT,9056.19311217445,US
TXN0003189,ACCT002778,CUST000962,CASE001203,2023-05-21,CASH_DEPOSIT,9298.045247899223,US
TXN0003190,ACCT002778,CUST000962,CASE002894,2023-05-22,CASH_DEPOSIT,9056.499873594641,GB
TXN0003191,ACCT003824,CUST001746,CASE001077,2023-07-30,CASH_DEPOSIT,9202.239143268669,US
TXN0003192,ACCT003824,CUST001746,CASE001967,2023-07-30,CASH_DEPOSIT,9808.729977496905,US
TXN0003193,ACCT003824,CUST001746,CASE001448,2023-07-30,CASH_DEPOSIT,9279.658720964828,SG
TXN0003194,ACCT003824,CUST001746,CASE002127,2023-07-30,CASH_DEPOSIT,9140.253665698778,US
TXN0003195,ACCT003824,CUST001746,CASE003476,2023-07-30,CASH_DEPOSIT,9271.388963825939,US
TXN0003196,ACCT003824,CUST001746,CASE004571,2023-07-31,CASH_DEPOSIT,9346.712098511656,GB
TXN0003197,ACCT003824,CUST001746,CASE003698,2023-07-31,CASH_DEPOSIT,9485.33650592683,HK
TXN0003198,ACCT003824,CUST001746,CASE002089,2023-07-31,CASH_DEPOSIT,9799.540402050596,GB
TXN0003199,ACCT007990,CUST004786,CASE003813,2023-05-09,CASH_DEPOSIT,9395.276658420968,IN
TXN0003200,ACCT007990,CUST004786,CASE004505,2023-05-09,CASH_DEPOSIT,9315.857479727923,HK
TXN0003201,ACCT007990,CUST004786,CASE004400,2023-05-09,CASH_DEPOSIT,9432.382813869743,IN
TXN0003202,ACCT007990,CUST004786,CASE001005,2023-05-09,CASH_DEPOSIT,9800.320297971166,HK
TXN0003203,ACCT007990,CUST004786,CASE004005,2023-05-09,CASH_DEPOSIT,9058.479933191084,AE
TXN0003204,ACCT007990,CUST004786,CASE000703,2023-05-09,CASH_DEPOSIT,9839.166584062152,AE
TXN0003205,ACCT007990,CUST004786,CASE001618,2023-05-09,CASH_DEPOSIT,9650.246204776477,IN
TXN0003206,ACCT007990,CUST004786,CASE001766,2023-05-09,CASH_DEPOSIT,9018.04726815841,IN
TXN0003207,ACCT001923,CUST005493,CASE000986,2023-11-05,CASH_DEPOSIT,9373.852199170144,HK
TXN0003208,ACCT001923,CUST005493,CASE003254,2023-11-06,CASH_DEPOSIT,9279.643301457607,US
TXN0003209,ACCT001923,CUST005493,CASE004729,2023-11-06,CASH_DEPOSIT,9470.448918273167,GB
TXN0003210,ACCT001923,CUST005493,CASE003222,2023-11-06,CASH_DEPOSIT,9431.566785960662,AE
TXN0003211,ACCT001923,CUST005493,CASE001476,2023-11-06,CASH_DEPOSIT,9451.987564748188,SG
TXN0003212,ACCT001923,CUST005493,CASE001486,2023-11-06,CASH_DEPOSIT,9512.548067989128,AE
TXN0003213,ACCT001923,CUST005493,CASE004523,2023-11-06,CASH_DEPOSIT,9444.631688776142,HK
TXN0003214,ACCT001923,CUST005493,CASE003735,2023-11-06,CASH_DEPOSIT,9038.173708231834,IN
TXN0003215,ACCT007261,CUST005982,CASE004676,2023-03-13,CASH_DEPOSIT,9466.931556157997,SG
TXN0003216,ACCT007261,CUST005982,CASE002736,2023-03-13,CASH_DEPOSIT,9548.716101995473,HK
TXN0003217,ACCT007261,CUST005982,CASE001414,2023-03-13,CASH_DEPOSIT,9333.542257716286,AE
TXN0003218,ACCT007261,CUST005982,CASE004896,2023-03-13,CASH_DEPOSIT,9896.929086269445,US
TXN0003219,ACCT007261,CUST005982,CASE000213,2023-03-13,CASH_DEPOSIT,9882.977568341883,US
TXN0003220,ACCT007261,CUST005982,CASE000575,2023-03-13,CASH_DEPOSIT,9263.082732875784,AE
TXN0003221,ACCT007261,CUST005982,CASE002795,2023-03-13,CASH_DEPOSIT,9215.259204253713,SG
TXN0003222,ACCT007261,CUST005982,CASE003919,2023-03-13,CASH_DEPOSIT,9896.064497212743,IN
TXN0003223,ACCT001073,CUST000330,CASE001522,2023-09-26,CASH_DEPOSIT,9466.104666834215,AE
TXN0003224,ACCT001073,CUST000330,CASE004635,2023-09-26,CASH_DEPOSIT,9501.634428664642,SG
TXN0003225,ACCT001073,CUST000330,CASE004946,2023-09-26,CASH_DEPOSIT,9400.154062977963,IN
TXN0003226,ACCT001073,CUST000330,CASE003562,2023-09-26,CASH_DEPOSIT,9740.55261852897,HK
TXN0003227,ACCT001073,CUST000330,CASE004963,2023-09-26,CASH_DEPOSIT,9587.843196725058,AE
TXN0003228,ACCT001073,CUST000330,CASE003205,2023-09-26,CASH_DEPOSIT,9188.579209800602,SG
TXN0003229,ACCT001073,CUST000330,CASE001610,2023-09-26,CASH_DEPOSIT,9219.409817443662,AE
TXN0003230,ACCT001073,CUST000330,CASE001322,2023-09-26,CASH_DEPOSIT,9800.73827927104,SG
TXN0003231,ACCT000133,CUST001797,CASE002006,2024-10-26,CASH_DEPOSIT,9864.897577648386,AE
TXN0003232,ACCT000133,CUST001797,CASE000726,2024-10-26,CASH_DEPOSIT,9733.81539031486,IN
TXN0003233,ACCT000133,CUST001797,CASE002457,2024-10-26,CASH_DEPOSIT,9144.446640488275,GB
TXN0003234,ACCT000133,CUST001797,CASE004881,2024-10-26,CASH_DEPOSIT,9406.0382075217,IN
TXN0003235,ACCT000133,CUST001797,CASE004959,2024-10-26,CASH_DEPOSIT,9521.391409113157,SG
TXN0003236,ACCT000133,CUST001797,CASE001905,2024-10-26,CASH_DEPOSIT,9424.103399649639,IN
TXN0003237,ACCT000133,CUST001797,CASE003512,2024-10-26,CASH_DEPOSIT,9001.676570805444,US
TXN0003238,ACCT000133,CUST001797,CASE001608,2024-10-26,CASH_DEPOSIT,9332.721769039876,AE
TXN0003239,ACCT001098,CUST002362,CASE001773,2024-11-29,CASH_DEPOSIT,9721.450951177583,SG
TXN0003240,ACCT001098,CUST002362,CASE001581,2024-11-29,CASH_DEPOSIT,9333.806245397904,HK
TXN0003241,ACCT001098,CUST002362,CASE004224,2024-11-29,CASH_DEPOSIT,9554.470099950307,GB
TXN0003242,ACCT001098,CUST002362,CASE003552,2024-11-29,CASH_DEPOSIT,9393.2521853633,AE
TXN0003243,ACCT001098,CUST002362,CASE002461,2024-11-29,CASH_DEPOSIT,9569.435762364776,GB
TXN0003244,ACCT001098,CUST002362,CASE004748,2024-11-29,CASH_DEPOSIT,9647.420590210595,US
TXN0003245,ACCT001098,CUST002362,CASE003308,2024-11-29,CASH_DEPOSIT,9027.322266217527,AE
TXN0003246,ACCT001098,CUST002362,CASE003674,2024-11-29,CASH_DEPOSIT,9705.586372101749,AE
TXN0003247,ACCT002288,CUST002957,CASE000189,2024-05-07,CASH_DEPOSIT,9339.306419630479,SG
TXN0003248,ACCT002288,CUST002957,CASE004756,2024-05-07,CASH_DEPOSIT,9780.793572165258,SG
TXN0003249,ACCT002288,CUST002957,CASE001149,2024-05-07,CASH_DEPOSIT,9554.391310727926,IN
TXN0003250,ACCT002288,CUST002957,CASE001433,2024-05-07,CASH_DEPOSIT,9552.784782994964,SG
TXN0003251,ACCT002288,CUST002957,CASE001741,2024-05-07,CASH_DEPOSIT,9236.37984813234,GB
TXN0003252,ACCT002288,CUST002957,CASE004933,2024-05-07,CASH_DEPOSIT,9045.120873956233,GB
TXN0003253,ACCT002288,CUST002957,CASE001389,2024-05-07,CASH_DEPOSIT,9487.345568907984,IN
TXN0003254,ACCT002288,CUST002957,CASE001101,2024-05-07,CASH_DEPOSIT,9452.37552845566,IN
TXN0003255,ACCT002268,CUST000532,CASE001238,2024-12-24,CASH_DEPOSIT,9193.97747338147,GB
TXN0003256,ACCT002268,CUST000532,CASE004881,2024-12-24,CASH_DEPOSIT,9172.772687142871,IN
TXN0003257,ACCT002268,CUST000532,CASE000022,2024-12-24,CASH_DEPOSIT,9332.172843813105,GB
TXN0003258,ACCT002268,CUST000532,CASE002442,2024-12-24,CASH_DEPOSIT,9559.510794389538,HK
TXN0003259,ACCT002268,CUST000532,CASE004578,2024-12-24,CASH_DEPOSIT,9070.76299332916,IN
TXN0003260,ACCT002268,CUST000532,CASE001946,2024-12-24,CASH_DEPOSIT,9461.572149626862,IN
TXN0003261,ACCT002268,CUST000532,CASE000253,2024-12-24,CASH_DEPOSIT,9654.654143528864,IN
TXN0003262,ACCT002268,CUST000532,CASE002213,2024-12-24,CASH_DEPOSIT,9613.937734698184,HK
TXN0003263,ACCT000278,CUST005294,CASE002247,2023-03-03,CASH_DEPOSIT,9106.65488867534,AE
TXN0003264,ACCT000278,CUST005294,CASE002931,2023-03-03,CASH_DEPOSIT,9374.658472097479,HK
TXN0003265,ACCT000278,CUST005294,CASE000839,2023-03-03,CASH_DEPOSIT,9176.426798605833,GB
TXN0003266,ACCT000278,CUST005294,CASE002819,2023-03-03,CASH_DEPOSIT,9107.745160304146,SG
TXN0003267,ACCT000278,CUST005294,CASE001066,2023-03-03,CASH_DEPOSIT,9557.50484591888,US
TXN0003268,ACCT000278,CUST005294,CASE003883,2023-03-03,CASH_DEPOSIT,9682.719791047697,US
TXN0003269,ACCT000278,CUST005294,CASE000387,2023-03-03,CASH_DEPOSIT,9536.683465846141,US
TXN0003270,ACCT000278,CUST005294,CASE002399,2023-03-03,CASH_DEPOSIT,9211.448979685812,IN
TXN0003271,ACCT006821,CUST004877,CASE003020,2023-09-04,CASH_DEPOSIT,9016.26189736941,US
TXN0003272,ACCT006821,CUST004877,CASE001672,2023-09-04,CASH_DEPOSIT,9487.829927139215,HK
TXN0003273,ACCT006821,CUST004877,CASE000224,2023-09-04,CASH_DEPOSIT,9810.937924035035,IN
TXN0003274,ACCT006821,CUST004877,CASE000112,2023-09-04,CASH_DEPOSIT,9742.048617212915,IN
TXN0003275,ACCT006821,CUST004877,CASE001776,2023-09-04,CASH_DEPOSIT,9306.294904682502,GB
TXN0003276,ACCT006821,CUST004877,CASE003154,2023-09-04,CASH_DEPOSIT,9016.24005557344,SG
TXN0003277,ACCT006821,CUST004877,CASE002982,2023-09-04,CASH_DEPOSIT,9547.619341086196,GB
TXN0003278,ACCT006821,CUST004877,CASE004979,2023-09-04,CASH_DEPOSIT,9589.699961543658,HK
TXN0003279,ACCT002067,CUST005177,CASE003392,2023-02-15,CASH_DEPOSIT,9765.22696707436,IN
TXN0003280,ACCT002067,CUST005177,CASE002743,2023-02-15,CASH_DEPOSIT,9334.45241508486,AE
TXN0003281,ACCT002067,CUST005177,CASE001467,2023-02-15,CASH_DEPOSIT,9322.930677968227,SG
TXN0003282,ACCT002067,CUST005177,CASE002526,2023-02-15,CASH_DEPOSIT,9670.516943600105,GB
TXN0003283,ACCT002067,CUST005177,CASE004601,2023-02-15,CASH_DEPOSIT,9667.8854128168,GB
TXN0003284,ACCT002067,CUST005177,CASE002462,2023-02-15,CASH_DEPOSIT,9015.695615691973,US
TXN0003285,ACCT002067,CUST005177,CASE003374,2023-02-15,CASH_DEPOSIT,9038.890671270012,SG
TXN0003286,ACCT002067,CUST005177,CASE000797,2023-02-15,CASH_DEPOSIT,9290.433161859582,GB
TXN0003287,ACCT003446,CUST003794,CASE002728,2023-05-07,CASH_DEPOSIT,9028.430589728458,GB
TXN0003288,ACCT003446,CUST003794,CASE002370,2023-05-07,CASH_DEPOSIT,9681.047146123256,IN
TXN0003289,ACCT003446,CUST003794,CASE004635,2023-05-07,CASH_DEPOSIT,9820.494018317579,AE
TXN0003290,ACCT003446,CUST003794,CASE000805,2023-05-07,CASH_DEPOSIT,9179.123212472541,GB
TXN0003291,ACCT003446,CUST003794,CASE004745,2023-05-07,CASH_DEPOSIT,9211.00128637093,IN
TXN0003292,ACCT003446,CUST003794,CASE003280,2023-05-07,CASH_DEPOSIT,9732.890940399859,HK
TXN0003293,ACCT003446,CUST003794,CASE002952,2023-05-07,CASH_DEPOSIT,9618.499475150553,AE
TXN0003294,ACCT003446,CUST003794,CASE002722,2023-05-07,CASH_DEPOSIT,9884.058984790925,GB
TXN0003295,ACCT006206,CUST001507,CASE001550,2024-02-17,CASH_DEPOSIT,9235.044931065557,US
TXN0003296,ACCT006206,CUST001507,CASE000115,2024-02-17,CASH_DEPOSIT,9129.963491342392,IN
TXN0003297,ACCT006206,CUST001507,CASE004351,2024-02-17,CASH_DEPOSIT,9609.207348482936,US
TXN0003298,ACCT006206,CUST001507,CASE004423,2024-02-17,CASH_DEPOSIT,9293.906055363246,GB
TXN0003299,ACCT006206,CUST001507,CASE001638,2024-02-17,CASH_DEPOSIT,9435.661718715202,US
TXN0003300,ACCT006206,CUST001507,CASE003918,2024-02-17,CASH_DEPOSIT,9040.577009115781,IN
TXN0003301,ACCT006206,CUST001507,CASE001689,2024-02-17,CASH_DEPOSIT,9406.975647243435,IN
TXN0003302,ACCT006206,CUST001507,CASE004521,2024-02-17,CASH_DEPOSIT,9046.56855561882,US
TXN0003303,ACCT005012,CUST002709,CASE000505,2024-02-08,CASH_DEPOSIT,9184.726991673666,HK
TXN0003304,ACCT005012,CUST002709,CASE004516,2024-02-08,CASH_DEPOSIT,9468.451690024725,IN
TXN0003305,ACCT005012,CUST002709,CASE000184,2024-02-08,CASH_DEPOSIT,9230.710442942001,GB
TXN0003306,ACCT005012,CUST002709,CASE000964,2024-02-08,CASH_DEPOSIT,9622.225282255167,SG
TXN0003307,ACCT005012,CUST002709,CASE000589,2024-02-08,CASH_DEPOSIT,9287.478083011243,US
TXN0003308,ACCT005012,CUST002709,CASE003165,2024-02-08,CASH_DEPOSIT,9218.478796924466,IN
TXN0003309,ACCT005012,CUST002709,CASE000020,2024-02-08,CASH_DEPOSIT,9790.776828155915,IN
TXN0003310,ACCT005012,CUST002709,CASE002932,2024-02-08,CASH_DEPOSIT,9463.234903199793,SG
TXN0003311,ACCT001789,CUST001936,CASE002055,2024-07-16,CASH_DEPOSIT,9613.81673494781,US
TXN0003312,ACCT001789,CUST001936,CASE004774,2024-07-16,CASH_DEPOSIT,9007.553783708945,SG
TXN0003313,ACCT001789,CUST001936,CASE002678,2024-07-16,CASH_DEPOSIT,9148.87216453622,AE
TXN0003314,ACCT001789,CUST001936,CASE002959,2024-07-16,CASH_DEPOSIT,9131.497076085747,HK
TXN0003315,ACCT001789,CUST001936,CASE000829,2024-07-16,CASH_DEPOSIT,9244.409881100335,AE
TXN0003316,ACCT001789,CUST001936,CASE000514,2024-07-16,CASH_DEPOSIT,9400.904826485523,IN
TXN0003317,ACCT001789,CUST001936,CASE000993,2024-07-16,CASH_DEPOSIT,9595.20577129932,SG
TXN0003318,ACCT001789,CUST001936,CASE000884,2024-07-16,CASH_DEPOSIT,9529.931781665784,HK
TXN0003319,ACCT007067,CUST001658,CASE002523,2023-03-27,CASH_DEPOSIT,9086.614006730462,US
TXN0003320,ACCT007067,CUST001658,CASE000310,2023-03-27,CASH_DEPOSIT,9141.795122067972,US
TXN0003321,ACCT007067,CUST001658,CASE001111,2023-03-27,CASH_DEPOSIT,9674.511236760825,GB
TXN0003322,ACCT007067,CUST001658,CASE001080,2023-03-27,CASH_DEPOSIT,9732.031797384887,IN
TXN0003323,ACCT007067,CUST001658,CASE003383,2023-03-27,CASH_DEPOSIT,9736.024665900306,GB
TXN0003324,ACCT007067,CUST001658,CASE000495,2023-03-27,CASH_DEPOSIT,9464.638310516162,IN
TXN0003325,ACCT007067,CUST001658,CASE001697,2023-03-27,CASH_DEPOSIT,9057.852614285255,AE
TXN0003326,ACCT007067,CUST001658,CASE003726,2023-03-27,CASH_DEPOSIT,9110.306177122811,US
TXN0003327,ACCT006252,CUST005657,CASE003197,2023-09-19,CASH_DEPOSIT,9563.080879213312,GB
TXN0003328,ACCT006252,CUST005657,CASE001530,2023-09-19,CASH_DEPOSIT,9815.115368523922,AE
TXN0003329,ACCT006252,CUST005657,CASE001575,2023-09-20,CASH_DEPOSIT,9654.281582552354,HK
TXN0003330,ACCT006252,CUST005657,CASE002404,2023-09-20,CASH_DEPOSIT,9276.687891703075,AE
TXN0003331,ACCT006252,CUST005657,CASE001392,2023-09-20,CASH_DEPOSIT,9253.395831985574,AE
TXN0003332,ACCT006252,CUST005657,CASE003987,2023-09-20,CASH_DEPOSIT,9020.36329563685,SG
TXN0003333,ACCT006252,CUST005657,CASE001637,2023-09-20,CASH_DEPOSIT,9282.403799021717,US
TXN0003334,ACCT006252,CUST005657,CASE003009,2023-09-20,CASH_DEPOSIT,9308.465145953804,IN
TXN0003335,ACCT004430,CUST000763,CASE003572,2023-05-06,CASH_DEPOSIT,9576.969565911731,US
TXN0003336,ACCT004430,CUST000763,CASE002715,2023-05-06,CASH_DEPOSIT,9357.527579644055,HK
TXN0003337,ACCT004430,CUST000763,CASE000216,2023-05-06,CASH_DEPOSIT,9161.214830556557,GB
TXN0003338,ACCT004430,CUST000763,CASE003825,2023-05-06,CASH_DEPOSIT,9441.415081668812,SG
TXN0003339,ACCT004430,CUST000763,CASE003054,2023-05-06,CASH_DEPOSIT,9858.082551847172,US
TXN0003340,ACCT004430,CUST000763,CASE002866,2023-05-06,CASH_DEPOSIT,9824.722576601276,GB
TXN0003341,ACCT004430,CUST000763,CASE004691,2023-05-06,CASH_DEPOSIT,9814.655662196172,US
TXN0003342,ACCT004430,CUST000763,CASE002754,2023-05-06,CASH_DEPOSIT,9335.813402426353,IN
TXN0003343,ACCT005112,CUST001835,CASE003016,2024-04-05,CASH_DEPOSIT,9646.364676037434,AE
TXN0003344,ACCT005112,CUST001835,CASE002601,2024-04-05,CASH_DEPOSIT,9230.386896596376,AE
TXN0003345,ACCT005112,CUST001835,CASE001625,2024-04-05,CASH_DEPOSIT,9086.425303932447,AE
TXN0003346,ACCT005112,CUST001835,CASE004297,2024-04-05,CASH_DEPOSIT,9127.395683065355,HK
TXN0003347,ACCT005112,CUST001835,CASE000490,2024-04-05,CASH_DEPOSIT,9509.872145811223,GB
TXN0003348,ACCT005112,CUST001835,CASE001270,2024-04-05,CASH_DEPOSIT,9020.245286092228,US
TXN0003349,ACCT005112,CUST001835,CASE003760,2024-04-05,CASH_DEPOSIT,9579.196583004748,AE
TXN0003350,ACCT005112,CUST001835,CASE000872,2024-04-05,CASH_DEPOSIT,9282.922845314739,GB
TXN0003351,ACCT003998,CUST002004,CASE002559,2024-07-12,CASH_DEPOSIT,9131.048467974932,GB
TXN0003352,ACCT003998,CUST002004,CASE004225,2024-07-12,CASH_DEPOSIT,9756.908008020946,IN
TXN0003353,ACCT003998,CUST002004,CASE002973,2024-07-12,CASH_DEPOSIT,9096.020603641187,HK
TXN0003354,ACCT003998,CUST002004,CASE001861,2024-07-12,CASH_DEPOSIT,9649.499959763805,IN
TXN0003355,ACCT003998,CUST002004,CASE001135,2024-07-12,CASH_DEPOSIT,9054.416300321665,SG
TXN0003356,ACCT003998,CUST002004,CASE000125,2024-07-12,CASH_DEPOSIT,9197.644968435887,IN
TXN0003357,ACCT003998,CUST002004,CASE002308,2024-07-12,CASH_DEPOSIT,9189.840424502792,HK
TXN0003358,ACCT003998,CUST002004,CASE001515,2024-07-12,CASH_DEPOSIT,9749.554247980472,IN
TXN0003359,ACCT004069,CUST001681,CASE000228,2023-12-28,CASH_DEPOSIT,9451.95564337149,SG
TXN0003360,ACCT004069,CUST001681,CASE001132,2023-12-28,CASH_DEPOSIT,9597.411625217728,GB
TXN0003361,ACCT004069,CUST001681,CASE003886,2023-12-28,CASH_DEPOSIT,9802.407935489568,IN
TXN0003362,ACCT004069,CUST001681,CASE002505,2023-12-28,CASH_DEPOSIT,9384.679540602614,US
TXN0003363,ACCT004069,CUST001681,CASE003876,2023-12-28,CASH_DEPOSIT,9359.551182096116,US
TXN0003364,ACCT004069,CUST001681,CASE001506,2023-12-28,CASH_DEPOSIT,9842.882616854396,SG
TXN0003365,ACCT004069,CUST001681,CASE003573,2023-12-28,CASH_DEPOSIT,9604.670532289783,GB
TXN0003366,ACCT004069,CUST001681,CASE001735,2023-12-28,CASH_DEPOSIT,9070.070511529404,SG
TXN0003367,ACCT007338,CUST000555,CASE003116,2024-06-20,CASH_DEPOSIT,9707.635002292403,HK
TXN0003368,ACCT007338,CUST000555,CASE003301,2024-06-20,CASH_DEPOSIT,9630.522365886753,AE
TXN0003369,ACCT007338,CUST000555,CASE004146,2024-06-20,CASH_DEPOSIT,9508.263215197547,IN
TXN0003370,ACCT007338,CUST000555,CASE000869,2024-06-20,CASH_DEPOSIT,9398.603404327216,US
TXN0003371,ACCT007338,CUST000555,CASE000391,2024-06-20,CASH_DEPOSIT,9449.192375561299,GB
TXN0003372,ACCT007338,CUST000555,CASE001050,2024-06-20,CASH_DEPOSIT,9571.498014521694,IN
TXN0003373,ACCT007338,CUST000555,CASE003962,2024-06-20,CASH_DEPOSIT,9059.444766712413,IN
TXN0003374,ACCT007338,CUST000555,CASE003026,2024-06-21,CASH_DEPOSIT,9128.150140611291,US
TXN0003375,ACCT003661,CUST004671,CASE004522,2023-07-02,CASH_DEPOSIT,9189.205717947796,IN
TXN0003376,ACCT003661,CUST004671,CASE000916,2023-07-02,CASH_DEPOSIT,9209.06931602192,HK
TXN0003377,ACCT003661,CUST004671,CASE003327,2023-07-02,CASH_DEPOSIT,9388.242640244629,GB
TXN0003378,ACCT003661,CUST004671,CASE002519,2023-07-03,CASH_DEPOSIT,9276.662200021652,HK
TXN0003379,ACCT003661,CUST004671,CASE000938,2023-07-03,CASH_DEPOSIT,9035.701512835652,IN
TXN0003380,ACCT003661,CUST004671,CASE004752,2023-07-03,CASH_DEPOSIT,9726.381761922124,SG
TXN0003381,ACCT003661,CUST004671,CASE000965,2023-07-03,CASH_DEPOSIT,9712.626270196948,SG
TXN0003382,ACCT003661,CUST004671,CASE003717,2023-07-03,CASH_DEPOSIT,9490.63739040759,AE
TXN0003383,ACCT000984,CUST003691,CASE002638,2024-12-10,CASH_DEPOSIT,9445.247260523509,GB
TXN0003384,ACCT000984,CUST003691,CASE004226,2024-12-10,CASH_DEPOSIT,9842.203129307272,HK
TXN0003385,ACCT000984,CUST003691,CASE002470,2024-12-10,CASH_DEPOSIT,9163.591108933904,AE
TXN0003386,ACCT000984,CUST003691,CASE001457,2024-12-10,CASH_DEPOSIT,9362.88619550368,GB
TXN0003387,ACCT000984,CUST003691,CASE004174,2024-12-10,CASH_DEPOSIT,9305.026413629144,US
TXN0003388,ACCT000984,CUST003691,CASE004758,2024-12-10,CASH_DEPOSIT,9640.13473196845,AE
TXN0003389,ACCT000984,CUST003691,CASE002304,2024-12-10,CASH_DEPOSIT,9062.270230287311,HK
TXN0003390,ACCT000984,CUST003691,CASE000212,2024-12-10,CASH_DEPOSIT,9311.756726934636,US
TXN0003391,ACCT000378,CUST002458,CASE000553,2023-10-05,CASH_DEPOSIT,9564.365000716822,HK
TXN0003392,ACCT000378,CUST002458,CASE002514,2023-10-05,CASH_DEPOSIT,9232.352328068904,SG
TXN0003393,ACCT000378,CUST002458,CASE003993,2023-10-05,CASH_DEPOSIT,9054.402106557292,SG
TXN0003394,ACCT000378,CUST002458,CASE001393,2023-10-05,CASH_DEPOSIT,9542.143362983614,SG
TXN0003395,ACCT000378,CUST002458,CASE003618,2023-10-05,CASH_DEPOSIT,9843.468979805359,US
TXN0003396,ACCT000378,CUST002458,CASE003505,2023-10-05,CASH_DEPOSIT,9365.412437548915,IN
TXN0003397,ACCT000378,CUST002458,CASE003255,2023-10-05,CASH_DEPOSIT,9278.602475560156,GB
TXN0003398,ACCT000378,CUST002458,CASE004412,2023-10-05,CASH_DEPOSIT,9105.054966416776,US
TXN0003399,ACCT006671,CUST004678,CASE004013,2023-02-22,CASH_DEPOSIT,9151.916400833756,GB
TXN0003400,ACCT006671,CUST004678,CASE002424,2023-02-22,CASH_DEPOSIT,9580.154810832695,HK
TXN0003401,ACCT006671,CUST004678,CASE003422,2023-02-22,CASH_DEPOSIT,9259.401654670452,HK
TXN0003402,ACCT006671,CUST004678,CASE003072,2023-02-22,CASH_DEPOSIT,9666.769234556823,GB
TXN0003403,ACCT006671,CUST004678,CASE001926,2023-02-22,CASH_DEPOSIT,9416.531348275992,GB
TXN0003404,ACCT006671,CUST004678,CASE000839,2023-02-22,CASH_DEPOSIT,9577.996855755217,GB
TXN0003405,ACCT006671,CUST004678,CASE004260,2023-02-22,CASH_DEPOSIT,9746.577616206321,IN
TXN0003406,ACCT006671,CUST004678,CASE002680,2023-02-22,CASH_DEPOSIT,9373.85499958662,SG
TXN0003407,ACCT003500,CUST001512,CASE002883,2024-09-06,CASH_DEPOSIT,9249.55711636754,SG
TXN0003408,ACCT003500,CUST001512,CASE000245,2024-09-06,CASH_DEPOSIT,9537.45509766858,GB
TXN0003409,ACCT003500,CUST001512,CASE000500,2024-09-06,CASH_DEPOSIT,9541.015236119309,HK
TXN0003410,ACCT003500,CUST001512,CASE002530,2024-09-06,CASH_DEPOSIT,9577.74202190148,GB
TXN0003411,ACCT003500,CUST001512,CASE001725,2024-09-06,CASH_DEPOSIT,9303.651353507039,IN
TXN0003412,ACCT003500,CUST001512,CASE001605,2024-09-06,CASH_DEPOSIT,9064.112550291722,IN
TXN0003413,ACCT003500,CUST001512,CASE003857,2024-09-06,CASH_DEPOSIT,9093.896762551496,AE
TXN0003414,ACCT003500,CUST001512,CASE000889,2024-09-06,CASH_DEPOSIT,9528.975553496695,GB
TXN0003415,ACCT005856,CUST005933,CASE002117,2023-10-24,CASH_DEPOSIT,9621.587167788,IN
TXN0003416,ACCT005856,CUST005933,CASE001332,2023-10-24,CASH_DEPOSIT,9329.424588439888,SG
TXN0003417,ACCT005856,CUST005933,CASE002366,2023-10-24,CASH_DEPOSIT,9448.260758237777,GB
TXN0003418,ACCT005856,CUST005933,CASE002628,2023-10-24,CASH_DEPOSIT,9319.695854842388,AE
TXN0003419,ACCT005856,CUST005933,CASE001276,2023-10-24,CASH_DEPOSIT,9277.230689088115,GB
TXN0003420,ACCT005856,CUST005933,CASE002522,2023-10-24,CASH_DEPOSIT,9194.423691883605,AE
TXN0003421,ACCT005856,CUST005933,CASE001261,2023-10-24,CASH_DEPOSIT,9669.969745887232,IN
TXN0003422,ACCT005856,CUST005933,CASE002255,2023-10-24,CASH_DEPOSIT,9114.465784625407,IN
TXN0003423,ACCT006855,CUST000414,CASE001327,2023-08-16,CASH_DEPOSIT,9037.766692875686,HK
TXN0003424,ACCT006855,CUST000414,CASE000506,2023-08-16,CASH_DEPOSIT,9140.7462138136,GB
TXN0003425,ACCT006855,CUST000414,CASE004207,2023-08-16,CASH_DEPOSIT,9651.762120803702,HK
TXN0003426,ACCT006855,CUST000414,CASE003369,2023-08-16,CASH_DEPOSIT,9042.38925993903,HK
TXN0003427,ACCT006855,CUST000414,CASE003064,2023-08-16,CASH_DEPOSIT,9395.208968618635,IN
TXN0003428,ACCT006855,CUST000414,CASE001318,2023-08-16,CASH_DEPOSIT,9516.219940146513,IN
TXN0003429,ACCT006855,CUST000414,CASE001599,2023-08-16,CASH_DEPOSIT,9350.75098237846,AE
TXN0003430,ACCT006855,CUST000414,CASE000009,2023-08-16,CASH_DEPOSIT,9337.034916573926,HK
TXN0003431,ACCT005692,CUST004519,CASE003181,2023-02-02,CASH_DEPOSIT,9804.227446105286,GB
TXN0003432,ACCT005692,CUST004519,CASE002751,2023-02-02,CASH_DEPOSIT,9605.723997568577,US
TXN0003433,ACCT005692,CUST004519,CASE002878,2023-02-02,CASH_DEPOSIT,9228.076609561424,AE
TXN0003434,ACCT005692,CUST004519,CASE004755,2023-02-02,CASH_DEPOSIT,9357.228064723615,SG
TXN0003435,ACCT005692,CUST004519,CASE000224,2023-02-02,CASH_DEPOSIT,9093.135140947452,IN
TXN0003436,ACCT005692,CUST004519,CASE004668,2023-02-02,CASH_DEPOSIT,9029.868613809287,HK
TXN0003437,ACCT005692,CUST004519,CASE000280,2023-02-02,CASH_DEPOSIT,9363.52015489388,SG
TXN0003438,ACCT005692,CUST004519,CASE003375,2023-02-02,CASH_DEPOSIT,9852.879165191416,AE
TXN0003439,ACCT003056,CUST001813,CASE003820,2023-03-17,CASH_DEPOSIT,9107.837286046699,SG
TXN0003440,ACCT003056,CUST001813,CASE003873,2023-03-17,CASH_DEPOSIT,9542.06680684296,US
TXN0003441,ACCT003056,CUST001813,CASE003341,2023-03-17,CASH_DEPOSIT,9801.516510687183,IN
TXN0003442,ACCT003056,CUST001813,CASE002898,2023-03-17,CASH_DEPOSIT,9470.709714199369,AE
TXN0003443,ACCT003056,CUST001813,CASE001736,2023-03-17,CASH_DEPOSIT,9854.38789757751,SG
TXN0003444,ACCT003056,CUST001813,CASE004058,2023-03-17,CASH_DEPOSIT,9161.545694094342,IN
TXN0003445,ACCT003056,CUST001813,CASE000371,2023-03-17,CASH_DEPOSIT,9195.289553484341,HK
TXN0003446,ACCT003056,CUST001813,CASE001175,2023-03-17,CASH_DEPOSIT,9151.535094152187,US
TXN0003447,ACCT004159,CUST002047,CASE004641,2024-04-24,CASH_DEPOSIT,9821.281433522667,AE
TXN0003448,ACCT004159,CUST002047,CASE002401,2024-04-24,CASH_DEPOSIT,9437.97442271679,AE
TXN0003449,ACCT004159,CUST002047,CASE000271,2024-04-25,CASH_DEPOSIT,9654.859717620577,IN
TXN0003450,ACCT004159,CUST002047,CASE003860,2024-04-25,CASH_DEPOSIT,9696.377624218856,GB
TXN0003451,ACCT004159,CUST002047,CASE001749,2024-04-25,CASH_DEPOSIT,9405.19628643898,US
TXN0003452,ACCT004159,CUST002047,CASE000851,2024-04-25,CASH_DEPOSIT,9051.61841590908,IN
TXN0003453,ACCT004159,CUST002047,CASE002868,2024-04-25,CASH_DEPOSIT,9029.777385947287,AE
TXN0003454,ACCT004159,CUST002047,CASE004339,2024-04-25,CASH_DEPOSIT,9850.48186992921,AE
TXN0003455,ACCT002694,CUST001441,CASE002748,2023-04-25,CASH_DEPOSIT,9418.911504331358,IN
TXN0003456,ACCT002694,CUST001441,CASE004295,2023-04-25,CASH_DEPOSIT,9257.87116748163,IN
TXN0003457,ACCT002694,CUST001441,CASE001533,2023-04-25,CASH_DEPOSIT,9587.687546893498,SG
TXN0003458,ACCT002694,CUST001441,CASE004993,2023-04-26,CASH_DEPOSIT,9495.233508297337,HK
TXN0003459,ACCT002694,CUST001441,CASE000284,2023-04-26,CASH_DEPOSIT,9225.31178942908,SG
TXN0003460,ACCT002694,CUST001441,CASE001388,2023-04-26,CASH_DEPOSIT,9833.640626381937,HK
TXN0003461,ACCT002694,CUST001441,CASE003002,2023-04-26,CASH_DEPOSIT,9356.414962944134,SG
TXN0003462,ACCT002694,CUST001441,CASE004797,2023-04-26,CASH_DEPOSIT,9116.817186179569,AE
TXN0003463,ACCT007682,CUST004461,CASE002440,2023-02-13,CASH_DEPOSIT,9108.690243208015,GB
TXN0003464,ACCT007682,CUST004461,CASE003159,2023-02-13,CASH_DEPOSIT,9069.65938036991,US
TXN0003465,ACCT007682,CUST004461,CASE003114,2023-02-13,CASH_DEPOSIT,9280.682997600905,IN
TXN0003466,ACCT007682,CUST004461,CASE003501,2023-02-13,CASH_DEPOSIT,9133.934370194675,GB
TXN0003467,ACCT007682,CUST004461,CASE000677,2023-02-13,CASH_DEPOSIT,9237.183889481266,US
TXN0003468,ACCT007682,CUST004461,CASE002173,2023-02-13,CASH_DEPOSIT,9681.824182097489,AE
TXN0003469,ACCT007682,CUST004461,CASE000272,2023-02-13,CASH_DEPOSIT,9418.426697553587,AE
TXN0003470,ACCT007682,CUST004461,CASE000270,2023-02-13,CASH_DEPOSIT,9412.561833353102,SG
TXN0003471,ACCT003369,CUST001637,CASE001380,2023-09-07,CASH_DEPOSIT,9700.664313467312,AE
TXN0003472,ACCT003369,CUST001637,CASE002247,2023-09-07,CASH_DEPOSIT,9735.769489915368,HK
TXN0003473,ACCT003369,CUST001637,CASE003255,2023-09-07,CASH_DEPOSIT,9694.459475524334,IN
TXN0003474,ACCT003369,CUST001637,CASE002927,2023-09-07,CASH_DEPOSIT,9483.56328445694,IN
TXN0003475,ACCT003369,CUST001637,CASE000257,2023-09-07,CASH_DEPOSIT,9526.63336421435,HK
TXN0003476,ACCT003369,CUST001637,CASE001928,2023-09-07,CASH_DEPOSIT,9677.458703172406,AE
TXN0003477,ACCT003369,CUST001637,CASE003975,2023-09-07,CASH_DEPOSIT,9605.958990483234,US
TXN0003478,ACCT003369,CUST001637,CASE000631,2023-09-07,CASH_DEPOSIT,9684.460896282068,HK
TXN0003479,ACCT005518,CUST001459,CASE001404,2023-03-30,CASH_DEPOSIT,9312.876627910904,GB
TXN0003480,ACCT005518,CUST001459,CASE004766,2023-03-30,CASH_DEPOSIT,9160.691475993875,IN
TXN0003481,ACCT005518,CUST001459,CASE001144,2023-03-30,CASH_DEPOSIT,9537.168864623103,AE
TXN0003482,ACCT005518,CUST001459,CASE004972,2023-03-30,CASH_DEPOSIT,9792.304210836275,AE
TXN0003483,ACCT005518,CUST001459,CASE002108,2023-03-30,CASH_DEPOSIT,9222.086145666635,IN
TXN0003484,ACCT005518,CUST001459,CASE003920,2023-03-30,CASH_DEPOSIT,9297.314123895607,HK
TXN0003485,ACCT005518,CUST001459,CASE003067,2023-03-30,CASH_DEPOSIT,9440.96342596928,GB
TXN0003486,ACCT005518,CUST001459,CASE002117,2023-03-30,CASH_DEPOSIT,9145.616820036541,SG
TXN0003487,ACCT008533,CUST001134,CASE001930,2024-11-28,CASH_DEPOSIT,9879.174376102928,HK
TXN0003488,ACCT008533,CUST001134,CASE004795,2024-11-28,CASH_DEPOSIT,9012.65473253791,US
TXN0003489,ACCT008533,CUST001134,CASE002316,2024-11-28,CASH_DEPOSIT,9211.409890632127,IN
TXN0003490,ACCT008533,CUST001134,CASE001594,2024-11-28,CASH_DEPOSIT,9180.92030703851,HK
TXN0003491,ACCT008533,CUST001134,CASE000921,2024-11-28,CASH_DEPOSIT,9196.32696697957,SG
TXN0003492,ACCT008533,CUST001134,CASE003397,2024-11-28,CASH_DEPOSIT,9766.709550098742,US
TXN0003493,ACCT008533,CUST001134,CASE004241,2024-11-28,CASH_DEPOSIT,9344.288997203144,IN
TXN0003494,ACCT008533,CUST001134,CASE003944,2024-11-28,CASH_DEPOSIT,9850.104233770946,US
TXN0003495,ACCT000414,CUST000946,CASE000406,2023-09-18,UPI,705.5887675765696,AE
TXN0003496,ACCT007939,CUST005948,CASE002987,2023-09-18,UPI,1679.6629663057968,IN
TXN0003497,ACCT006704,CUST000334,CASE000130,2023-09-18,UPI,1347.05219747806,SG
TXN0003498,ACCT000094,CUST001339,CASE001273,2023-09-18,UPI,1099.57680542269,US
TXN0003499,ACCT003640,CUST003685,CASE003708,2023-09-18,UPI,360.61124726583165,IN
TXN0003500,ACCT001827,CUST002543,CASE001769,2023-09-18,UPI,750.2696591721594,HK
TXN0003501,ACCT006834,CUST000988,CASE003683,2023-09-18,NEFT,5645.62,AE
TXN0003502,ACCT002358,CUST005116,CASE003340,2024-03-25,UPI,598.2210522328401,GB
TXN0003503,ACCT004561,CUST002113,CASE004675,2024-03-25,UPI,1495.7520667881956,SG
TXN0003504,ACCT008172,CUST001954,CASE003413,2024-03-25,UPI,742.0500670989225,GB
TXN0003505,ACCT004037,CUST000066,CASE002020,2024-03-25,UPI,1789.1933933953565,HK
TXN0003506,ACCT008369,CUST001866,CASE001756,2024-03-25,UPI,1542.6363585590082,AE
TXN0003507,ACCT000488,CUST005745,CASE003862,2024-03-25,UPI,1578.4068757738003,AE
TXN0003508,ACCT003731,CUST002767,CASE000701,2024-03-25,NEFT,7358.95,US
TXN0003509,ACCT006824,CUST000307,CASE000617,2024-04-20,UPI,1153.9811870320775,GB
TXN0003510,ACCT008294,CUST005002,CASE000253,2024-04-20,UPI,1152.006811971024,US
TXN0003511,ACCT001023,CUST001913,CASE002153,2024-04-20,UPI,1208.241673217879,IN
TXN0003512,ACCT003787,CUST005571,CASE003228,2024-04-20,UPI,1362.4505419534069,GB
TXN0003513,ACCT002402,CUST005885,CASE002202,2024-04-20,UPI,600.8915971510517,SG
TXN0003514,ACCT002082,CUST005443,CASE001522,2024-04-20,UPI,859.8264024362467,HK
TXN0003515,ACCT005663,CUST003649,CASE004934,2024-04-20,NEFT,6020.53,SG
TXN0003516,ACCT002194,CUST002250,CASE003968,2024-01-15,UPI,695.3678954790644,AE
TXN0003517,ACCT002420,CUST000415,CASE000835,2024-01-15,UPI,615.1271337464939,SG
TXN0003518,ACCT003902,CUST005838,CASE001197,2024-01-15,UPI,1994.3379789003845,SG
TXN0003519,ACCT001579,CUST002777,CASE003215,2024-01-15,UPI,385.3138299371632,US
TXN0003520,ACCT003074,CUST004511,CASE001523,2024-01-15,UPI,1770.6538392856519,US
TXN0003521,ACCT007252,CUST001230,CASE002078,2024-01-15,UPI,1884.9843758562188,SG
TXN0003522,ACCT006385,CUST004621,CASE000700,2024-01-15,NEFT,6978.5,GB
TXN0003523,ACCT001123,CUST003622,CASE003458,2023-09-20,UPI,1685.1821265662334,IN
TXN0003524,ACCT002843,CUST000179,CASE002427,2023-09-20,UPI,1229.2981779446195,US
TXN0003525,ACCT001741,CUST000154,CASE001842,2023-09-20,UPI,1631.55375013115,AE
TXN0003526,ACCT006982,CUST003184,CASE000039,2023-09-20,UPI,1287.8046901739758,GB
TXN0003527,ACCT007607,CUST005496,CASE002652,2023-09-20,UPI,1915.632472781424,AE
TXN0003528,ACCT006654,CUST005251,CASE003237,2023-09-20,UPI,1390.3939811694281,GB
TXN0003529,ACCT006466,CUST001539,CASE003924,2023-09-20,NEFT,8682.87,IN
TXN0003530,ACCT002206,CUST001170,CASE000032,2024-02-02,UPI,445.71905479382355,HK
TXN0003531,ACCT001945,CUST005423,CASE004776,2024-02-02,UPI,563.5738091813362,GB
TXN0003532,ACCT004311,CUST000488,CASE003274,2024-02-02,UPI,448.35526878740194,SG
TXN0003533,ACCT000889,CUST001816,CASE003366,2024-02-02,UPI,1874.9243834645106,AE
TXN0003534,ACCT008333,CUST005490,CASE002788,2024-02-02,UPI,1035.4728354998497,IN
TXN0003535,ACCT007506,CUST001559,CASE003445,2024-02-02,UPI,1948.897889576629,GB
TXN0003536,ACCT001532,CUST002471,CASE002910,2024-02-02,NEFT,6001.1,US
TXN0003537,ACCT006758,CUST004985,CASE004795,2024-04-08,UPI,944.4571606585365,HK
TXN0003538,ACCT003012,CUST005934,CASE001130,2024-04-08,UPI,990.1541807089111,AE
TXN0003539,ACCT005020,CUST005481,CASE004687,2024-04-08,UPI,943.0058953691719,GB
TXN0003540,ACCT005693,CUST002135,CASE000854,2024-04-08,UPI,1274.6973235014912,SG
TXN0003541,ACCT000075,CUST003715,CASE002204,2024-04-08,UPI,698.6440752858742,AE
TXN0003542,ACCT004128,CUST002526,CASE001271,2024-04-08,UPI,1808.5266489965989,SG
TXN0003543,ACCT001233,CUST005675,CASE003426,2024-04-08,NEFT,6326.51,AE
TXN0003544,ACCT007691,CUST003987,CASE002225,2023-04-03,UPI,1145.667351748501,GB
TXN0003545,ACCT002424,CUST003426,CASE001484,2023-04-03,UPI,1831.1598886907361,AE
TXN0003546,ACCT003047,CUST005919,CASE002471,2023-04-03,UPI,467.9007527108344,AE
TXN0003547,ACCT001765,CUST001994,CASE004837,2023-04-03,UPI,1944.0065294333133,HK
TXN0003548,ACCT008409,CUST001403,CASE000759,2023-04-03,UPI,626.0583501650974,GB
TXN0003549,ACCT000463,CUST002988,CASE001906,2023-04-03,UPI,1545.3874400674406,SG
TXN0003550,ACCT003237,CUST002240,CASE001672,2023-04-03,NEFT,7182.17,IN
TXN0003551,ACCT002895,CUST003475,CASE004841,2023-03-20,UPI,353.13348192557976,SG
TXN0003552,ACCT005357,CUST001947,CASE000121,2023-03-20,UPI,1218.763481839729,US
TXN0003553,ACCT003853,CUST002335,CASE001379,2023-03-20,UPI,1550.4209455090893,HK
TXN0003554,ACCT004890,CUST003057,CASE002573,2023-03-20,UPI,471.90663919950055,AE
TXN0003555,ACCT005286,CUST002449,CASE000718,2023-03-20,UPI,1551.2801902380497,AE
TXN0003556,ACCT006988,CUST000884,CASE001653,2023-03-20,UPI,840.3061762848521,GB
TXN0003557,ACCT005353,CUST001838,CASE001845,2023-03-20,NEFT,5686.52,IN
TXN0003558,ACCT001057,CUST004900,CASE003119,2023-03-02,UPI,1329.2575936414619,AE
TXN0003559,ACCT003205,CUST005839,CASE002853,2023-03-02,UPI,1880.6024370408993,SG
TXN0003560,ACCT001395,CUST001013,CASE002937,2023-03-02,UPI,1058.6071853933568,SG
TXN0003561,ACCT003460,CUST005982,CASE001992,2023-03-02,UPI,1771.0969387351658,GB
TXN0003562,ACCT002726,CUST001526,CASE002652,2023-03-02,UPI,1377.3906093839212,SG
TXN0003563,ACCT006721,CUST004670,CASE004461,2023-03-02,UPI,483.1790441580108,US
TXN0003564,ACCT007201,CUST000741,CASE001206,2023-03-02,NEFT,7505.13,IN
TXN0003565,ACCT004174,CUST005282,CASE002794,2023-04-14,UPI,1268.3401652366401,US
TXN0003566,ACCT002847,CUST001786,CASE004197,2023-04-14,UPI,1469.174589743043,SG
TXN0003567,ACCT001942,CUST004422,CASE004561,2023-04-14,UPI,889.1718557735123,HK
TXN0003568,ACCT001639,CUST005027,CASE004622,2023-04-14,UPI,1273.9362643812601,GB
TXN0003569,ACCT001398,CUST005512,CASE003500,2023-04-14,UPI,1395.4881010516365,GB
TXN0003570,ACCT004807,CUST002407,CASE004890,2023-04-14,UPI,599.1918461587306,US
TXN0003571,ACCT008838,CUST004634,CASE000875,2023-04-14,NEFT,6550.54,SG
TXN0003572,ACCT001636,CUST003516,CASE001641,2024-07-20,UPI,1010.9906321451843,AE
TXN0003573,ACCT007105,CUST002187,CASE000910,2024-07-20,UPI,1865.097162719083,AE
TXN0003574,ACCT004765,CUST002448,CASE003163,2024-07-20,UPI,1004.2657672770905,IN
TXN0003575,ACCT007035,CUST001848,CASE000089,2024-07-20,UPI,1032.8293112724568,SG
TXN0003576,ACCT003712,CUST004768,CASE003709,2024-07-20,UPI,763.5978632398908,GB
TXN0003577,ACCT003882,CUST004657,CASE003134,2024-07-20,UPI,333.7256284279348,HK
TXN0003578,ACCT004077,CUST002293,CASE001041,2024-07-20,NEFT,5709.98,HK
TXN0003579,ACCT006142,CUST001278,CASE001961,2024-01-11,UPI,306.90403215532956,IN
TXN0003580,ACCT007429,CUST000239,CASE004331,2024-01-11,UPI,595.9354809196989,US
TXN0003581,ACCT000007,CUST001144,CASE003178,2024-01-11,UPI,814.3810313615945,US
TXN0003582,ACCT002301,CUST005889,CASE004867,2024-01-11,UPI,1608.3426718919513,HK
TXN0003583,ACCT002308,CUST001027,CASE000432,2024-01-11,UPI,1058.7173840114733,SG
TXN0003584,ACCT007046,CUST005018,CASE001391,2024-01-11,UPI,451.42390834420326,US
TXN0003585,ACCT004255,CUST004338,CASE000534,2024-01-11,NEFT,4593.92,US
TXN0003586,ACCT007272,CUST000101,CASE004522,2024-05-15,UPI,940.9241088560025,GB
TXN0003587,ACCT006310,CUST002596,CASE002113,2024-05-15,UPI,1068.8501651062577,HK
TXN0003588,ACCT000234,CUST000173,CASE000959,2024-05-15,UPI,1939.771031137021,US
TXN0003589,ACCT005958,CUST003033,CASE002823,2024-05-15,UPI,1695.1334308422704,AE
TXN0003590,ACCT007423,CUST002731,CASE002744,2024-05-15,UPI,1790.9380190458903,SG
TXN0003591,ACCT004268,CUST004717,CASE003204,2024-05-15,UPI,1658.7361827646057,IN
TXN0003592,ACCT001733,CUST004099,CASE000920,2024-05-15,NEFT,8639.64,SG
TXN0003593,ACCT004455,CUST005412,CASE000401,2024-02-25,UPI,1737.651332813562,AE
TXN0003594,ACCT007636,CUST003714,CASE001030,2024-02-25,UPI,1325.1097134066993,HK
TXN0003595,ACCT004610,CUST005683,CASE002832,2024-02-25,UPI,1110.5031883098904,HK
TXN0003596,ACCT000941,CUST000447,CASE004767,2024-02-25,UPI,1010.8809634409224,SG
TXN0003597,ACCT002123,CUST001494,CASE002915,2024-02-25,UPI,451.3212340965697,GB
TXN0003598,ACCT005778,CUST000055,CASE003214,2024-02-25,UPI,1579.095687009953,AE
TXN0003599,ACCT003834,CUST001147,CASE000461,2024-02-25,NEFT,6853.83,AE
TXN0003600,ACCT008309,CUST001931,CASE004284,2024-05-17,UPI,847.617864406022,AE
TXN0003601,ACCT003443,CUST003652,CASE001218,2024-05-17,UPI,622.709680326331,US
TXN0003602,ACCT007005,CUST004102,CASE003983,2024-05-17,UPI,1353.4281260215923,US
TXN0003603,ACCT005058,CUST000762,CASE001661,2024-05-17,UPI,667.5167085220551,SG
TXN0003604,ACCT005977,CUST004165,CASE004743,2024-05-17,UPI,1210.8285508213646,IN
TXN0003605,ACCT007590,CUST000706,CASE003819,2024-05-17,UPI,1781.4651841745156,HK
TXN0003606,ACCT005409,CUST003821,CASE004197,2024-05-17,NEFT,6159.39,SG
TXN0003607,ACCT002426,CUST001309,CASE001162,2024-06-30,UPI,1661.435566230006,SG
TXN0003608,ACCT004420,CUST002140,CASE001857,2024-06-30,UPI,1511.4635288727357,HK
TXN0003609,ACCT003214,CUST005547,CASE003449,2024-06-30,UPI,1476.9355639209996,HK
TXN0003610,ACCT008149,CUST004543,CASE000795,2024-06-30,UPI,600.2801221192103,IN
TXN0003611,ACCT001899,CUST005437,CASE003582,2024-06-30,UPI,1084.4800880630596,SG
TXN0003612,ACCT005612,CUST000600,CASE004891,2024-06-30,UPI,1764.0644055657745,SG
TXN0003613,ACCT006420,CUST004891,CASE001600,2024-06-30,NEFT,7693.73,US
TXN0003614,ACCT008543,CUST001847,CASE002760,2024-09-18,UPI,381.0167880541466,US
TXN0003615,ACCT002105,CUST001976,CASE004972,2024-09-18,UPI,1623.348613958434,SG
TXN0003616,ACCT003858,CUST001684,CASE000501,2024-09-18,UPI,1214.802183971625,US
TXN0003617,ACCT007565,CUST002870,CASE001233,2024-09-18,UPI,1275.351153632441,US
TXN0003618,ACCT004534,CUST000647,CASE000995,2024-09-18,UPI,866.9930648279236,HK
TXN0003619,ACCT004903,CUST002557,CASE001797,2024-09-18,UPI,1286.658390219795,IN
TXN0003620,ACCT006051,CUST000739,CASE004637,2024-09-18,NEFT,6315.76,GB
TXN0003621,ACCT005837,CUST002323,CASE002068,2023-05-04,UPI,1848.1461779854242,SG
TXN0003622,ACCT000544,CUST005494,CASE004750,2023-05-04,UPI,1527.7574880750892,HK
TXN0003623,ACCT006380,CUST004841,CASE001205,2023-05-04,UPI,1086.4399852788338,SG
TXN0003624,ACCT005911,CUST001097,CASE004052,2023-05-04,UPI,1846.6259184660698,SG
TXN0003625,ACCT000371,CUST002574,CASE003032,2023-05-04,UPI,356.09002281504866,AE
TXN0003626,ACCT007945,CUST000446,CASE003812,2023-05-04,UPI,1565.8127854656336,IN
TXN0003627,ACCT004315,CUST005773,CASE003017,2023-05-04,NEFT,7819.33,SG
TXN0003628,ACCT003793,CUST000988,CASE000410,2023-12-01,UPI,946.6114542459276,HK
TXN0003629,ACCT007235,CUST002974,CASE004673,2023-12-01,UPI,1641.901350317873,US
TXN0003630,ACCT001261,CUST001363,CASE000004,2023-12-01,UPI,1130.4530042767642,US
TXN0003631,ACCT005794,CUST005877,CASE000807,2023-12-01,UPI,347.8702923051436,US
TXN0003632,ACCT000379,CUST003746,CASE003995,2023-12-01,UPI,1746.4114530459592,AE
TXN0003633,ACCT003744,CUST000134,CASE002298,2023-12-01,UPI,1705.158935189227,HK
TXN0003634,ACCT007568,CUST002221,CASE002971,2023-12-01,NEFT,7142.49,GB
TXN0003635,ACCT001025,CUST005121,CASE004089,2023-04-02,UPI,1510.6421661282404,IN
TXN0003636,ACCT002483,CUST005574,CASE001140,2023-04-02,UPI,1172.7357779443123,IN
TXN0003637,ACCT005206,CUST000018,CASE000722,2023-04-02,UPI,1298.8113279939726,GB
TXN0003638,ACCT000465,CUST002932,CASE000036,2023-04-02,UPI,658.0339338698515,AE
TXN0003639,ACCT005832,CUST005224,CASE000367,2023-04-02,UPI,1294.7428045424444,IN
TXN0003640,ACCT001535,CUST000256,CASE002490,2023-04-02,UPI,1631.180716688517,HK
TXN0003641,ACCT004456,CUST002307,CASE003652,2023-04-02,NEFT,7187.84,AE
TXN0003642,ACCT006065,CUST004710,CASE002638,2024-07-04,UPI,890.639989813192,AE
TXN0003643,ACCT008258,CUST001352,CASE001539,2024-07-04,UPI,709.0843447945422,GB
TXN0003644,ACCT004137,CUST005709,CASE004052,2024-07-04,UPI,1350.6566438634286,SG
TXN0003645,ACCT004800,CUST002937,CASE002567,2024-07-04,UPI,1116.151551856249,HK
TXN0003646,ACCT004640,CUST000732,CASE002323,2024-07-04,UPI,1878.0479701244508,AE
TXN0003647,ACCT003800,CUST003139,CASE001603,2024-07-04,UPI,1701.9791338570315,AE
TXN0003648,ACCT000899,CUST004350,CASE004572,2024-07-04,NEFT,7264.23,US
TXN0003649,ACCT006790,CUST004675,CASE002807,2024-11-17,UPI,1541.513522513728,IN
TXN0003650,ACCT000689,CUST003340,CASE001698,2024-11-17,UPI,1270.2443693738924,GB
TXN0003651,ACCT003275,CUST000716,CASE000435,2024-11-17,UPI,794.625267047221,US
TXN0003652,ACCT001462,CUST004461,CASE001708,2024-11-17,UPI,534.3919843494907,IN
TXN0003653,ACCT000804,CUST000835,CASE003323,2024-11-17,UPI,499.7656093374367,GB
TXN0003654,ACCT004173,CUST005164,CASE002155,2024-11-17,UPI,1610.6278355626278,US
TXN0003655,ACCT005039,CUST000324,CASE001650,2024-11-17,NEFT,5938.61,SG
TXN0003656,ACCT001946,CUST002759,CASE003976,2024-11-10,UPI,1992.1067378976832,GB
TXN0003657,ACCT003186,CUST001732,CASE001671,2024-11-10,UPI,1122.8525560855005,SG
TXN0003658,ACCT003830,CUST003625,CASE000348,2024-11-10,UPI,1521.0986723628469,GB
TXN0003659,ACCT007437,CUST000292,CASE000910,2024-11-10,UPI,1718.2292473178952,US
TXN0003660,ACCT002489,CUST003058,CASE000819,2024-11-10,UPI,1523.5092646649246,GB
TXN0003661,ACCT002615,CUST005655,CASE000754,2024-11-10,UPI,1746.1011141780004,HK
TXN0003662,ACCT003983,CUST004644,CASE003554,2024-11-10,NEFT,9142.7,GB
TXN0003663,ACCT006164,CUST003260,CASE003780,2023-06-20,UPI,413.9486215840543,GB
TXN0003664,ACCT001860,CUST004134,CASE000696,2023-06-20,UPI,1431.8671843837653,GB
TXN0003665,ACCT000447,CUST004595,CASE004457,2023-06-20,UPI,1669.490072137727,IN
TXN0003666,ACCT003860,CUST004972,CASE004438,2023-06-20,UPI,562.2274620328135,US
TXN0003667,ACCT006540,CUST002953,CASE004729,2023-06-20,UPI,709.692912611732,GB
TXN0003668,ACCT000103,CUST002657,CASE001151,2023-06-20,UPI,1115.4181938373922,GB
TXN0003669,ACCT002703,CUST004653,CASE003685,2023-06-20,NEFT,5607.51,US
TXN0003670,ACCT006932,CUST000703,CASE002537,2023-07-06,UPI,1629.9733393497997,SG
TXN0003671,ACCT001139,CUST001298,CASE004963,2023-07-06,UPI,1420.9052354732253,GB
TXN0003672,ACCT005713,CUST005429,CASE002392,2023-07-06,UPI,1458.722644461194,HK
TXN0003673,ACCT008575,CUST000657,CASE003201,2023-07-06,UPI,1479.739443318459,AE
TXN0003674,ACCT006425,CUST001545,CASE001332,2023-07-06,UPI,1306.1169279036394,SG
TXN0003675,ACCT002570,CUST001241,CASE001897,2023-07-06,UPI,1672.3286109292735,US
TXN0003676,ACCT005185,CUST005501,CASE001179,2023-07-06,NEFT,8519.4,IN
TXN0003677,ACCT001234,CUST003257,CASE002141,2024-01-04,UPI,1377.248330313763,SG
TXN0003678,ACCT000728,CUST005098,CASE004928,2024-01-04,UPI,317.0335816759465,GB
TXN0003679,ACCT003134,CUST004115,CASE002992,2024-01-04,UPI,340.0678956011226,HK
TXN0003680,ACCT006166,CUST004725,CASE001979,2024-01-04,UPI,535.3476106079465,US
TXN0003681,ACCT001469,CUST001001,CASE000202,2024-01-04,UPI,877.9848858747262,HK
TXN0003682,ACCT007878,CUST002370,CASE001856,2024-01-04,UPI,1745.2589930629006,AE
TXN0003683,ACCT001153,CUST005871,CASE004258,2024-01-04,NEFT,4933.29,AE
TXN0003684,ACCT004842,CUST005577,CASE004426,2023-09-06,UPI,1694.0625352254533,GB
TXN0003685,ACCT002917,CUST000276,CASE002458,2023-09-06,UPI,389.19373944754636,US
TXN0003686,ACCT008539,CUST003920,CASE004710,2023-09-06,UPI,961.6460626204115,GB
TXN0003687,ACCT005935,CUST003350,CASE004488,2023-09-06,UPI,591.1585561953422,SG
TXN0003688,ACCT002989,CUST003182,CASE000223,2023-09-06,UPI,1531.7414660978322,IN
TXN0003689,ACCT001834,CUST000629,CASE002984,2023-09-06,UPI,302.74586793902375,GB
TXN0003690,ACCT006292,CUST002348,CASE002481,2023-09-06,NEFT,5197.02,SG
TXN0003691,ACCT000065,CUST000570,CASE003659,2024-01-17,UPI,1310.877377838249,SG
TXN0003692,ACCT001718,CUST001731,CASE004501,2024-01-17,UPI,396.80285023856425,HK
TXN0003693,ACCT003093,CUST005258,CASE001104,2024-01-17,UPI,323.6673843485608,AE
TXN0003694,ACCT007407,CUST001740,CASE003738,2024-01-17,UPI,474.5536493389063,SG
TXN0003695,ACCT000896,CUST003024,CASE001098,2024-01-17,UPI,1346.0832040079124,SG
TXN0003696,ACCT008678,CUST000205,CASE001976,2024-01-17,UPI,1621.5334842126042,US
TXN0003697,ACCT005080,CUST003409,CASE000214,2024-01-17,NEFT,5199.84,AE
TXN0003698,ACCT000856,CUST000236,CASE001881,2024-06-20,UPI,766.3203014426392,GB
TXN0003699,ACCT008327,CUST001223,CASE000554,2024-06-20,UPI,1127.5345558159725,IN
TXN0003700,ACCT007437,CUST000292,CASE001412,2024-06-20,UPI,1978.353880757894,US
TXN0003701,ACCT007341,CUST000532,CASE002677,2024-06-20,UPI,880.663432850169,SG
TXN0003702,ACCT001875,CUST003174,CASE001276,2024-06-20,UPI,1803.8578431859462,HK
TXN0003703,ACCT000915,CUST000980,CASE000457,2024-06-20,UPI,664.8290566177918,HK
TXN0003704,ACCT000103,CUST002657,CASE001734,2024-06-20,NEFT,6860.48,AE
TXN0003705,ACCT005718,CUST004212,CASE000848,2024-09-10,UPI,607.1608772070208,HK
TXN0003706,ACCT007159,CUST003229,CASE004363,2024-09-10,UPI,958.1139879674354,US
TXN0003707,ACCT001935,CUST001856,CASE001346,2024-09-10,UPI,1338.9674849531182,HK
TXN0003708,ACCT002628,CUST004450,CASE000809,2024-09-10,UPI,785.6416606189196,AE
TXN0003709,ACCT005971,CUST001883,CASE004728,2024-09-10,UPI,663.9428788045145,GB
TXN0003710,ACCT002902,CUST001271,CASE003011,2024-09-10,UPI,890.9542147436689,HK
TXN0003711,ACCT000379,CUST003746,CASE003259,2024-09-10,NEFT,4982.54,AE
TXN0003712,ACCT005344,CUST001672,CASE004901,2024-04-09,UPI,1889.514376469961,IN
TXN0003713,ACCT004980,CUST002212,CASE002433,2024-04-09,UPI,1291.8908448778475,IN
TXN0003714,ACCT008167,CUST000293,CASE002986,2024-04-09,UPI,1576.2000047232036,AE
TXN0003715,ACCT007006,CUST003752,CASE001606,2024-04-09,UPI,1593.7066551021255,HK
TXN0003716,ACCT002874,CUST005593,CASE002858,2024-04-09,UPI,1593.434287194833,HK
TXN0003717,ACCT008324,CUST000435,CASE002900,2024-04-09,UPI,1889.823053751812,US
TXN0003718,ACCT002804,CUST004327,CASE002554,2024-04-09,NEFT,9342.84,HK
TXN0003719,ACCT005297,CUST005853,CASE004069,2024-03-29,UPI,908.7734008409889,HK
TXN0003720,ACCT005269,CUST004130,CASE000964,2024-03-29,UPI,1528.9527282685674,US
TXN0003721,ACCT005986,CUST001317,CASE000429,2024-03-29,UPI,991.6170236816245,HK
TXN0003722,ACCT006776,CUST004241,CASE002295,2024-03-29,UPI,1088.7304739537103,SG
TXN0003723,ACCT006129,CUST005597,CASE004800,2024-03-29,UPI,413.2547987180964,GB
TXN0003724,ACCT002251,CUST002340,CASE002715,2024-03-29,UPI,308.9174034604878,HK
TXN0003725,ACCT006844,CUST004296,CASE003739,2024-03-29,NEFT,4978.23,IN
TXN0003726,ACCT008185,CUST000460,CASE002926,2023-11-26,UPI,745.9789070668572,IN
TXN0003727,ACCT008937,CUST002496,CASE000386,2023-11-26,UPI,1741.7323897787737,SG
TXN0003728,ACCT006673,CUST003184,CASE000056,2023-11-26,UPI,1470.6909408839688,GB
TXN0003729,ACCT006386,CUST003564,CASE001806,2023-11-26,UPI,1918.3698875287284,US
TXN0003730,ACCT003008,CUST000324,CASE004134,2023-11-26,UPI,1497.0083209108775,SG
TXN0003731,ACCT004846,CUST003385,CASE000838,2023-11-26,UPI,353.82651475998824,HK
TXN0003732,ACCT002715,CUST003835,CASE003807,2023-11-26,NEFT,7341.23,SG
TXN0003733,ACCT002588,CUST004305,CASE001479,2023-01-22,UPI,1386.9768503660337,SG
TXN0003734,ACCT003022,CUST001557,CASE001837,2023-01-22,UPI,597.1281609448556,US
TXN0003735,ACCT004616,CUST001947,CASE002175,2023-01-22,UPI,321.2612293418419,GB
TXN0003736,ACCT002203,CUST005566,CASE004036,2023-01-22,UPI,1694.1851947444159,HK
TXN0003737,ACCT001572,CUST004517,CASE002406,2023-01-22,UPI,713.9175821178347,US
TXN0003738,ACCT007722,CUST001223,CASE000751,2023-01-22,UPI,1088.860397398802,SG
TXN0003739,ACCT002667,CUST003870,CASE001078,2023-01-22,NEFT,5512.21,GB
TXN0003740,ACCT003939,CUST000951,CASE004475,2023-08-03,UPI,928.4949614215399,SG
TXN0003741,ACCT003720,CUST002935,CASE002716,2023-08-03,UPI,680.1268512447361,US
TXN0003742,ACCT004806,CUST001484,CASE004674,2023-08-03,UPI,1768.2854780799703,US
TXN0003743,ACCT001091,CUST005490,CASE003550,2023-08-03,UPI,1366.4359407214438,US
TXN0003744,ACCT005705,CUST003807,CASE004916,2023-08-03,UPI,890.6617274793184,GB
TXN0003745,ACCT002187,CUST002880,CASE004507,2023-08-03,UPI,877.5708969187715,GB
TXN0003746,ACCT005388,CUST002410,CASE002636,2023-08-03,NEFT,6186.0,IN
TXN0003747,ACCT001078,CUST003623,CASE004491,2024-03-19,UPI,1478.1062385072935,IN
TXN0003748,ACCT004947,CUST002096,CASE004712,2024-03-19,UPI,1144.1172781178675,HK
TXN0003749,ACCT001037,CUST000585,CASE001004,2024-03-19,UPI,724.0276165489036,IN
TXN0003750,ACCT006935,CUST001992,CASE001957,2024-03-19,UPI,788.1223382001011,AE
TXN0003751,ACCT000418,CUST002232,CASE004625,2024-03-19,UPI,1020.1720352920737,US
TXN0003752,ACCT001578,CUST003390,CASE000441,2024-03-19,UPI,1337.2722381396816,SG
TXN0003753,ACCT000115,CUST001742,CASE002309,2024-03-19,NEFT,6167.23,GB
TXN0003754,ACCT001672,CUST001290,CASE003706,2024-04-15,UPI,1578.258431420955,GB
TXN0003755,ACCT001010,CUST005648,CASE000230,2024-04-15,UPI,1935.6488984646237,GB
TXN0003756,ACCT008041,CUST004638,CASE003007,2024-04-15,UPI,915.6518515118426,US
TXN0003757,ACCT004766,CUST001544,CASE002930,2024-04-15,UPI,653.4926410386909,US
TXN0003758,ACCT002754,CUST002188,CASE000730,2024-04-15,UPI,1550.1810905586055,IN
TXN0003759,ACCT002670,CUST001127,CASE000137,2024-04-15,UPI,1517.3453555216568,GB
TXN0003760,ACCT005280,CUST001093,CASE002412,2024-04-15,NEFT,7743.05,IN
TXN0003761,ACCT006670,CUST000261,CASE002626,2023-05-26,UPI,1227.083748327276,SG
TXN0003762,ACCT007623,CUST003855,CASE004483,2023-05-26,UPI,1269.4656406437502,HK
TXN0003763,ACCT005390,CUST001454,CASE000286,2023-05-26,UPI,595.9161933625759,GB
TXN0003764,ACCT001957,CUST005908,CASE002741,2023-05-26,UPI,934.5507668585693,IN
TXN0003765,ACCT003360,CUST004718,CASE003752,2023-05-26,UPI,1330.5687813599873,SG
TXN0003766,ACCT007633,CUST005450,CASE000019,2023-05-26,UPI,1719.3535883811269,HK
TXN0003767,ACCT008417,CUST001393,CASE000243,2023-05-26,NEFT,6723.09,GB
TXN0003768,ACCT004516,CUST005474,CASE000924,2024-12-06,UPI,1439.7175999015644,AE
TXN0003769,ACCT001648,CUST000238,CASE001408,2024-12-06,UPI,1592.746711675715,US
TXN0003770,ACCT003359,CUST004023,CASE003112,2024-12-06,UPI,746.342261432894,US
TXN0003771,ACCT005899,CUST005716,CASE004817,2024-12-06,UPI,832.3852014768953,SG
TXN0003772,ACCT002624,CUST002358,CASE003969,2024-12-06,UPI,1214.7623058258146,HK
TXN0003773,ACCT006705,CUST000577,CASE004777,2024-12-06,UPI,1553.004260396217,US
TXN0003774,ACCT001519,CUST003673,CASE001118,2024-12-06,NEFT,7010.01,HK
TXN0003775,ACCT004126,CUST001701,CASE004900,2024-09-29,UPI,936.8003358001077,IN
TXN0003776,ACCT000342,CUST001290,CASE004291,2024-09-29,UPI,1039.4352160909036,GB
TXN0003777,ACCT006959,CUST001158,CASE001020,2024-09-29,UPI,602.7709770609639,IN
TXN0003778,ACCT003692,CUST004010,CASE002901,2024-09-29,UPI,318.3077237643747,IN
TXN0003779,ACCT000445,CUST005781,CASE002121,2024-09-29,UPI,1418.636682136061,SG
TXN0003780,ACCT006288,CUST003662,CASE004781,2024-09-29,UPI,1987.5795632362867,IN
TXN0003781,ACCT001810,CUST005117,CASE003845,2024-09-29,NEFT,5988.35,AE
TXN0003782,ACCT003190,CUST002221,CASE004608,2024-04-11,UPI,744.3017467661059,SG
TXN0003783,ACCT006933,CUST000921,CASE001642,2024-04-11,UPI,1876.3957945936047,AE
TXN0003784,ACCT008388,CUST003060,CASE002201,2024-04-11,UPI,1110.3146933726384,US
TXN0003785,ACCT003978,CUST003729,CASE004429,2024-04-11,UPI,1477.6061478595286,GB
TXN0003786,ACCT008663,CUST001681,CASE004080,2024-04-11,UPI,1105.0391898603662,IN
TXN0003787,ACCT008452,CUST003927,CASE000726,2024-04-11,UPI,492.0969005970304,GB
TXN0003788,ACCT004275,CUST002606,CASE000983,2024-04-11,NEFT,6465.47,GB
TXN0003789,ACCT005338,CUST005599,CASE001310,2024-09-10,UPI,1104.529494324165,AE
TXN0003790,ACCT004358,CUST003208,CASE001927,2024-09-10,UPI,643.4624817922381,AE
TXN0003791,ACCT007245,CUST004509,CASE000103,2024-09-10,UPI,768.3249595658035,GB
TXN0003792,ACCT001611,CUST002897,CASE001185,2024-09-10,UPI,1091.0297341130595,HK
TXN0003793,ACCT006820,CUST000782,CASE001966,2024-09-10,UPI,1155.4806673882324,AE
TXN0003794,ACCT007952,CUST003267,CASE000336,2024-09-10,UPI,1567.6547092707003,US
TXN0003795,ACCT003829,CUST005625,CASE001573,2024-09-10,NEFT,6013.96,GB
TXN0003796,ACCT008315,CUST002965,CASE001161,2023-05-15,UPI,1551.8157346983992,AE
TXN0003797,ACCT005002,CUST005763,CASE002310,2023-05-15,UPI,1794.6229591377278,US
TXN0003798,ACCT003920,CUST001273,CASE002606,2023-05-15,UPI,799.3584716318193,IN
TXN0003799,ACCT008437,CUST004747,CASE004603,2023-05-15,UPI,1326.3313303468706,IN
TXN0003800,ACCT004185,CUST001056,CASE004802,2023-05-15,UPI,1006.1525992840718,SG
TXN0003801,ACCT000564,CUST002423,CASE002384,2023-05-15,UPI,1108.8785826369801,AE
TXN0003802,ACCT002821,CUST000953,CASE004844,2023-05-15,NEFT,7207.8,IN
TXN0003803,ACCT002181,CUST004937,CASE002253,2024-02-02,UPI,800.9152924933005,IN
TXN0003804,ACCT002039,CUST000044,CASE004417,2024-02-02,UPI,1147.5574282877972,GB
TXN0003805,ACCT003657,CUST001141,CASE000784,2024-02-02,UPI,1709.590575909224,AE
TXN0003806,ACCT004519,CUST003392,CASE001718,2024-02-02,UPI,1140.5213641876771,SG
TXN0003807,ACCT000972,CUST002490,CASE002797,2024-02-02,UPI,359.3573650798247,GB
TXN0003808,ACCT002795,CUST004404,CASE002721,2024-02-02,UPI,1434.8679080910097,GB
TXN0003809,ACCT003054,CUST000375,CASE004080,2024-02-02,NEFT,6263.17,AE
TXN0003810,ACCT001888,CUST005558,CASE001906,2024-12-16,UPI,890.6207694481676,HK
TXN0003811,ACCT002659,CUST001849,CASE000385,2024-12-16,UPI,1151.4169080376384,IN
TXN0003812,ACCT005484,CUST001578,CASE001278,2024-12-16,UPI,1367.8901358960927,US
TXN0003813,ACCT007971,CUST005559,CASE003428,2024-12-16,UPI,1925.163344119783,US
TXN0003814,ACCT004715,CUST001084,CASE003310,2024-12-16,UPI,925.6296269505599,AE
TXN0003815,ACCT006314,CUST002192,CASE003701,2024-12-16,UPI,438.26639918314686,IN
TXN0003816,ACCT004030,CUST003811,CASE003417,2024-12-16,NEFT,6364.04,AE
TXN0003817,ACCT002175,CUST000656,CASE002195,2023-04-17,UPI,1906.516784279109,IN
TXN0003818,ACCT006185,CUST005647,CASE003545,2023-04-17,UPI,1077.0042302281227,SG
TXN0003819,ACCT005536,CUST004382,CASE001746,2023-04-17,UPI,1522.358291465181,HK
TXN0003820,ACCT002096,CUST000357,CASE000953,2023-04-17,UPI,559.0216868208481,GB
TXN0003821,ACCT005451,CUST003891,CASE000360,2023-04-17,UPI,716.9061542353076,GB
TXN0003822,ACCT001719,CUST001125,CASE001965,2023-04-17,UPI,1751.257394035895,SG
TXN0003823,ACCT008424,CUST004008,CASE004963,2023-04-17,NEFT,7156.41,HK
TXN0003824,ACCT001354,CUST000323,CASE004315,2023-01-22,UPI,1302.831081490173,SG
TXN0003825,ACCT004204,CUST001759,CASE002917,2023-01-22,UPI,1164.848361155743,SG
TXN0003826,ACCT004555,CUST005597,CASE004865,2023-01-22,UPI,1436.622494827662,HK
TXN0003827,ACCT004830,CUST000965,CASE003820,2023-01-22,UPI,539.3597245071928,AE
TXN0003828,ACCT000903,CUST002710,CASE002367,2023-01-22,UPI,1419.8125260232182,HK
TXN0003829,ACCT005024,CUST004192,CASE001029,2023-01-22,UPI,726.200720203686,GB
TXN0003830,ACCT005345,CUST004434,CASE003669,2023-01-22,NEFT,6260.19,SG
TXN0003831,ACCT000032,CUST002279,CASE002154,2024-03-17,UPI,737.1223069545683,HK
TXN0003832,ACCT004645,CUST003969,CASE002467,2024-03-17,UPI,853.4561997019878,SG
TXN0003833,ACCT005950,CUST005576,CASE003974,2024-03-17,UPI,818.7745780877448,SG
TXN0003834,ACCT004791,CUST002812,CASE002607,2024-03-17,UPI,1178.579483300263,AE
TXN0003835,ACCT008383,CUST001771,CASE004185,2024-03-17,UPI,839.0255371397128,US
TXN0003836,ACCT006454,CUST001495,CASE002442,2024-03-17,UPI,1432.7804055457052,HK
TXN0003837,ACCT003784,CUST004864,CASE000141,2024-03-18,NEFT,5566.75,US
TXN0003838,ACCT003904,CUST003404,CASE000674,2024-11-26,UPI,342.3087315634176,HK
TXN0003839,ACCT004813,CUST004580,CASE001272,2024-11-26,UPI,1878.3379074095108,IN
TXN0003840,ACCT001605,CUST004601,CASE001834,2024-11-26,UPI,703.9123721161941,HK
TXN0003841,ACCT008180,CUST004375,CASE002788,2024-11-26,UPI,1494.9384937876396,SG
TXN0003842,ACCT003517,CUST002281,CASE003996,2024-11-26,UPI,1195.7881031330016,HK
TXN0003843,ACCT002171,CUST004469,CASE003616,2024-11-26,UPI,1122.31163175612,GB
TXN0003844,ACCT003758,CUST000765,CASE002966,2024-11-26,NEFT,6400.72,SG
TXN0003845,ACCT002690,CUST005924,CASE002600,2023-05-07,UPI,737.5556044019427,IN
TXN0003846,ACCT008636,CUST001216,CASE001725,2023-05-07,UPI,1518.1830066893704,SG
TXN0003847,ACCT003049,CUST002624,CASE002360,2023-05-07,UPI,1587.3593700416388,HK
TXN0003848,ACCT003762,CUST000676,CASE003730,2023-05-07,UPI,533.6556457484292,AE
TXN0003849,ACCT004875,CUST000722,CASE000564,2023-05-07,UPI,374.06384539403433,US
TXN0003850,ACCT003548,CUST002437,CASE003912,2023-05-07,UPI,1121.1282036260782,IN
TXN0003851,ACCT002484,CUST005006,CASE003520,2023-05-07,NEFT,5578.35,AE
TXN0003852,ACCT008021,CUST001582,CASE003736,2024-04-07,UPI,1858.9580019708335,AE
TXN0003853,ACCT006109,CUST004389,CASE001305,2024-04-07,UPI,684.3937063610017,IN
TXN0003854,ACCT008700,CUST002775,CASE002798,2024-04-07,UPI,1986.7951892397787,US
TXN0003855,ACCT007538,CUST000185,CASE002996,2024-04-07,UPI,621.6224554555612,SG
TXN0003856,ACCT008947,CUST001027,CASE001469,2024-04-07,UPI,1460.0560656118716,HK
TXN0003857,ACCT002607,CUST002286,CASE000718,2024-04-07,UPI,1905.1179288686976,US
TXN0003858,ACCT003846,CUST000691,CASE003028,2024-04-07,NEFT,8091.1,IN
TXN0003859,ACCT008314,CUST005071,CASE004620,2024-03-08,UPI,1189.6420738796232,GB
TXN0003860,ACCT008453,CUST005707,CASE000765,2024-03-08,UPI,1471.4224799224742,US
TXN0003861,ACCT001634,CUST004704,CASE004929,2024-03-08,UPI,508.19258801842113,US
TXN0003862,ACCT001968,CUST003678,CASE004071,2024-03-08,UPI,759.4568700215578,GB
TXN0003863,ACCT004675,CUST003252,CASE001106,2024-03-08,UPI,1252.4861529451014,GB
TXN0003864,ACCT004182,CUST001620,CASE001555,2024-03-08,UPI,303.5188063975807,AE
TXN0003865,ACCT000999,CUST005411,CASE002781,2024-03-08,NEFT,5210.48,AE
TXN0003866,ACCT007435,CUST003925,CASE000810,2023-06-01,UPI,618.8977523330354,US
TXN0003867,ACCT000207,CUST005405,CASE002216,2023-06-01,UPI,1056.1797426413818,IN
TXN0003868,ACCT003535,CUST004891,CASE001518,2023-06-01,UPI,1708.70504583052,SG
TXN0003869,ACCT003211,CUST001970,CASE000262,2023-06-01,UPI,552.138501189289,IN
TXN0003870,ACCT001328,CUST003243,CASE003765,2023-06-01,UPI,1341.9448464875063,AE
TXN0003871,ACCT003158,CUST001851,CASE001815,2023-06-01,UPI,489.7059018873126,AE
TXN0003872,ACCT005058,CUST000762,CASE001863,2023-06-01,NEFT,5479.19,IN
TXN0003873,ACCT008159,CUST005643,CASE001399,2024-05-24,UPI,1653.7927577674552,SG
TXN0003874,ACCT008237,CUST002657,CASE001959,2024-05-24,UPI,732.6367856279494,US
TXN0003875,ACCT007962,CUST003888,CASE000974,2024-05-24,UPI,1552.4571020028377,AE
TXN0003876,ACCT002737,CUST003504,CASE002997,2024-05-24,UPI,442.0532990113927,HK
TXN0003877,ACCT008843,CUST003900,CASE004818,2024-05-24,UPI,1353.0194683298844,HK
TXN0003878,ACCT001280,CUST001435,CASE000409,2024-05-24,UPI,1888.7185962515216,AE
TXN0003879,ACCT008451,CUST003231,CASE000914,2024-05-24,NEFT,7241.54,US
TXN0003880,ACCT004604,CUST002257,CASE002383,2024-01-01,UPI,1600.9016161920015,GB
TXN0003881,ACCT002892,CUST005518,CASE000306,2024-01-01,UPI,1359.926985293026,HK
TXN0003882,ACCT001264,CUST000238,CASE002914,2024-01-01,UPI,952.6318212592454,AE
TXN0003883,ACCT008855,CUST002619,CASE001725,2024-01-01,UPI,1687.399728150829,IN
TXN0003884,ACCT007595,CUST004884,CASE004039,2024-01-01,UPI,453.0410430414772,US
TXN0003885,ACCT001749,CUST005813,CASE003492,2024-01-01,UPI,1279.6466410653782,HK
TXN0003886,ACCT002936,CUST004720,CASE000462,2024-01-01,NEFT,6966.87,IN
TXN0003887,ACCT004523,CUST000500,CASE002432,2023-02-07,UPI,389.48961074008565,IN
TXN0003888,ACCT007648,CUST004952,CASE003585,2023-02-07,UPI,1577.4275648942275,HK
TXN0003889,ACCT002072,CUST001177,CASE001821,2023-02-07,UPI,400.4622407192611,IN
TXN0003890,ACCT005563,CUST001802,CASE003862,2023-02-07,UPI,961.2365933801733,SG
TXN0003891,ACCT000551,CUST005105,CASE000159,2023-02-07,UPI,456.58463270705977,AE
TXN0003892,ACCT006734,CUST005450,CASE004403,2023-02-07,UPI,956.0904373411921,SG
TXN0003893,ACCT008764,CUST003405,CASE002558,2023-02-07,NEFT,4504.23,AE
TXN0003894,ACCT004426,CUST001319,CASE003695,2024-05-14,UPI,702.5177786705941,GB
TXN0003895,ACCT001493,CUST000024,CASE004480,2024-05-14,UPI,1688.9723103499632,SG
TXN0003896,ACCT005999,CUST003038,CASE004120,2024-05-14,UPI,1663.2793064908808,IN
TXN0003897,ACCT003718,CUST005441,CASE000389,2024-05-14,UPI,1771.8261753044349,AE
TXN0003898,ACCT001275,CUST003376,CASE004391,2024-05-14,UPI,482.1635320474321,AE
TXN0003899,ACCT003174,CUST005758,CASE003888,2024-05-14,UPI,626.4006919561408,AE
TXN0003900,ACCT007779,CUST004551,CASE000928,2024-05-14,NEFT,6588.4,IN
TXN0003901,ACCT003369,CUST001637,CASE000709,2024-12-26,UPI,353.18569216647677,IN
TXN0003902,ACCT002505,CUST003881,CASE001905,2024-12-26,UPI,562.192750328067,HK
TXN0003903,ACCT000608,CUST001632,CASE003143,2024-12-26,UPI,341.87014786138326,HK
TXN0003904,ACCT002858,CUST003868,CASE002871,2024-12-26,UPI,1444.774759569734,AE
TXN0003905,ACCT002498,CUST004097,CASE004717,2024-12-26,UPI,1768.409545667504,AE
TXN0003906,ACCT006445,CUST005609,CASE002758,2024-12-26,UPI,854.214210646577,GB
TXN0003907,ACCT008541,CUST005758,CASE004050,2024-12-26,NEFT,5058.41,HK
TXN0003908,ACCT004865,CUST005198,CASE003036,2023-12-02,UPI,1323.2477274299572,SG
TXN0003909,ACCT000878,CUST004549,CASE001691,2023-12-02,UPI,1828.942027775831,HK
TXN0003910,ACCT005817,CUST001320,CASE002312,2023-12-02,UPI,875.1558362172633,AE
TXN0003911,ACCT003343,CUST005334,CASE003613,2023-12-02,UPI,1716.1177514732933,AE
TXN0003912,ACCT004189,CUST000350,CASE003580,2023-12-02,UPI,1979.8884135615904,HK
TXN0003913,ACCT006292,CUST002348,CASE001030,2023-12-02,UPI,1068.2222178114157,AE
TXN0003914,ACCT001260,CUST003635,CASE003948,2023-12-02,NEFT,8352.0,HK
TXN0003915,ACCT000195,CUST001962,CASE002274,2023-08-25,UPI,1394.8274042335602,SG
TXN0003916,ACCT005495,CUST001727,CASE001361,2023-08-25,UPI,1991.5660454163506,AE
TXN0003917,ACCT002797,CUST001790,CASE000355,2023-08-25,UPI,800.2171757139577,SG
TXN0003918,ACCT006993,CUST001894,CASE002136,2023-08-25,UPI,1315.531984187232,AE
TXN0003919,ACCT007372,CUST002128,CASE004362,2023-08-25,UPI,922.5755065028122,IN
TXN0003920,ACCT003759,CUST005363,CASE003951,2023-08-25,UPI,938.2500958597932,IN
TXN0003921,ACCT008078,CUST004031,CASE000328,2023-08-25,NEFT,6994.82,GB
TXN0003922,ACCT008382,CUST001188,CASE003980,2023-08-14,UPI,1745.8048341888511,AE
TXN0003923,ACCT007016,CUST003223,CASE000381,2023-08-14,UPI,417.46113512289605,IN
TXN0003924,ACCT005624,CUST001051,CASE001922,2023-08-14,UPI,891.5613691965398,US
TXN0003925,ACCT003034,CUST002319,CASE000754,2023-08-14,UPI,1325.0695938608505,IN
TXN0003926,ACCT005210,CUST002392,CASE002294,2023-08-14,UPI,1612.8067140405276,AE
TXN0003927,ACCT001531,CUST004272,CASE002846,2023-08-14,UPI,733.615189106855,IN
TXN0003928,ACCT003098,CUST005475,CASE001751,2023-08-14,NEFT,6390.0,GB
TXN0003929,ACCT008980,CUST001514,CASE000220,2024-06-30,UPI,1191.9536933825714,US
TXN0003930,ACCT003948,CUST000979,CASE002773,2024-06-30,UPI,1667.814497425653,US
TXN0003931,ACCT006050,CUST000563,CASE002886,2024-06-30,UPI,1521.0645256355153,US
TXN0003932,ACCT003677,CUST001111,CASE003500,2024-06-30,UPI,1396.3173487077888,SG
TXN0003933,ACCT007346,CUST005691,CASE003057,2024-06-30,UPI,845.1671492081002,US
TXN0003934,ACCT007916,CUST001239,CASE002130,2024-06-30,UPI,1063.2167553647027,AE
TXN0003935,ACCT000997,CUST001729,CASE002396,2024-06-30,NEFT,7301.26,AE
TXN0003936,ACCT004969,CUST001684,CASE001745,2024-07-21,UPI,1606.7151482540758,HK
TXN0003937,ACCT007823,CUST001940,CASE002676,2024-07-21,UPI,1201.3349435096957,HK
TXN0003938,ACCT008106,CUST003199,CASE004326,2024-07-21,UPI,1175.7233816004475,SG
TXN0003939,ACCT007424,CUST002797,CASE004281,2024-07-21,UPI,404.94234838753044,GB
TXN0003940,ACCT007885,CUST004618,CASE001486,2024-07-21,UPI,1785.8045111066456,SG
TXN0003941,ACCT008382,CUST001188,CASE000877,2024-07-21,UPI,695.3673541280311,SG
TXN0003942,ACCT000948,CUST000841,CASE000047,2024-07-21,NEFT,6526.39,US
TXN0003943,ACCT004286,CUST004613,CASE003057,2023-12-08,UPI,1188.1453890124553,IN
TXN0003944,ACCT003645,CUST000962,CASE001301,2023-12-08,UPI,482.7844399094319,SG
TXN0003945,ACCT001164,CUST001185,CASE004610,2023-12-08,UPI,1001.6378918288015,US
TXN0003946,ACCT007605,CUST001624,CASE002755,2023-12-08,UPI,1308.8011947446655,AE
TXN0003947,ACCT001729,CUST003115,CASE000167,2023-12-08,UPI,667.8150500839768,IN
TXN0003948,ACCT006032,CUST000296,CASE003160,2023-12-08,UPI,1530.5569786557703,AE
TXN0003949,ACCT006621,CUST001270,CASE000605,2023-12-08,NEFT,5870.75,US
TXN0003950,ACCT006001,CUST004990,CASE001671,2023-09-30,UPI,1069.0737291760715,AE
TXN0003951,ACCT004026,CUST004226,CASE003083,2023-09-30,UPI,370.65194663862826,IN
TXN0003952,ACCT000330,CUST001784,CASE000534,2023-09-30,UPI,676.1408370942432,SG
TXN0003953,ACCT006675,CUST004014,CASE002242,2023-09-30,UPI,829.9985093764732,IN
TXN0003954,ACCT007904,CUST002277,CASE001292,2023-09-30,UPI,1357.0228846985751,GB
TXN0003955,ACCT004735,CUST002476,CASE000582,2023-09-30,UPI,1259.46195284393,GB
TXN0003956,ACCT007961,CUST003196,CASE001732,2023-09-30,NEFT,5284.23,HK
TXN0003957,ACCT006351,CUST001273,CASE004656,2024-02-17,UPI,1920.0339497935408,GB
TXN0003958,ACCT008591,CUST000186,CASE004845,2024-02-17,UPI,677.6285772120895,SG
TXN0003959,ACCT001498,CUST002054,CASE003737,2024-02-17,UPI,367.6643380555338,IN
TXN0003960,ACCT000555,CUST005897,CASE002036,2024-02-17,UPI,1715.206905620672,GB
TXN0003961,ACCT007536,CUST005399,CASE000831,2024-02-17,UPI,1123.7153414452632,US
TXN0003962,ACCT007519,CUST000300,CASE004842,2024-02-17,UPI,749.6138304515474,IN
TXN0003963,ACCT005376,CUST001848,CASE003901,2024-02-17,NEFT,6226.17,GB
TXN0003964,ACCT001730,CUST004363,CASE003410,2023-06-17,UPI,1950.8683404538924,US
TXN0003965,ACCT007331,CUST002951,CASE002827,2023-06-17,UPI,1650.9128603594074,US
TXN0003966,ACCT005072,CUST001367,CASE003390,2023-06-17,UPI,587.9681112883632,IN
TXN0003967,ACCT000266,CUST000773,CASE003275,2023-06-17,UPI,443.3705633381651,GB
TXN0003968,ACCT007251,CUST005403,CASE003856,2023-06-17,UPI,1335.739010204192,SG
TXN0003969,ACCT007569,CUST001160,CASE000451,2023-06-17,UPI,387.61249410177084,IN
TXN0003970,ACCT007796,CUST003578,CASE001765,2023-06-17,NEFT,6038.65,AE
TXN0003971,ACCT001169,CUST001119,CASE004458,2023-10-24,UPI,1564.2375318194443,IN
TXN0003972,ACCT000053,CUST004393,CASE004315,2023-10-24,UPI,942.47674613727,SG
TXN0003973,ACCT007435,CUST003925,CASE000336,2023-10-24,UPI,1636.9535760152817,IN
TXN0003974,ACCT000339,CUST003906,CASE000822,2023-10-24,UPI,1149.3663467914766,IN
TXN0003975,ACCT002302,CUST003922,CASE001085,2023-10-24,UPI,1862.6696583213873,GB
TXN0003976,ACCT006485,CUST000121,CASE004585,2023-10-24,UPI,498.422188220664,AE
TXN0003977,ACCT006525,CUST005583,CASE002611,2023-10-24,NEFT,7271.42,IN
TXN0003978,ACCT001256,CUST000807,CASE004474,2023-04-05,UPI,1868.5961473213656,IN
TXN0003979,ACCT003211,CUST001970,CASE002201,2023-04-05,UPI,1547.6954299506951,GB
TXN0003980,ACCT000086,CUST005309,CASE003130,2023-04-05,UPI,1299.6375679242099,HK
TXN0003981,ACCT008490,CUST005767,CASE003907,2023-04-05,UPI,1041.82927420134,IN
TXN0003982,ACCT001801,CUST004048,CASE002307,2023-04-05,UPI,367.43239556221926,US
TXN0003983,ACCT001337,CUST001886,CASE003487,2023-04-05,UPI,818.3564315356787,AE
TXN0003984,ACCT000586,CUST002640,CASE004577,2023-04-05,NEFT,6596.37,AE
TXN0003985,ACCT006245,CUST002458,CASE002108,2023-10-09,UPI,490.52534300546074,AE
TXN0003986,ACCT005397,CUST003091,CASE004153,2023-10-09,UPI,1850.5765389569044,GB
TXN0003987,ACCT007089,CUST000242,CASE003655,2023-10-09,UPI,956.4478748040119,AE
TXN0003988,ACCT007942,CUST001728,CASE000162,2023-10-09,UPI,484.5311835926209,AE
TXN0003989,ACCT004149,CUST000402,CASE002470,2023-10-09,UPI,1681.6629406474,US
TXN0003990,ACCT005355,CUST004598,CASE000296,2023-10-09,UPI,963.8076643455573,AE
TXN0003991,ACCT002488,CUST003227,CASE001284,2023-10-09,NEFT,6106.17,GB
TXN0003992,ACCT002326,CUST001018,CASE002668,2024-05-30,UPI,1939.4969586111897,SG
TXN0003993,ACCT000826,CUST002968,CASE002715,2024-05-30,UPI,1382.0735036752135,GB
TXN0003994,ACCT005658,CUST001101,CASE002693,2024-05-30,UPI,1093.228778323536,IN
TXN0003995,ACCT002796,CUST005441,CASE002412,2024-05-30,UPI,1970.8907358067402,AE
TXN0003996,ACCT002267,CUST005813,CASE003432,2024-05-30,UPI,1946.2644646176232,AE
TXN0003997,ACCT006141,CUST002917,CASE001470,2024-05-30,UPI,716.6834364850102,AE
TXN0003998,ACCT008492,CUST000012,CASE003793,2024-05-30,NEFT,8596.21,GB
TXN0003999,ACCT002048,CUST004324,CASE001592,2024-01-26,UPI,1052.4745028179398,AE
TXN0004000,ACCT000273,CUST003826,CASE003282,2024-01-26,UPI,304.0475321022539,IN
TXN0004001,ACCT002135,CUST002541,CASE000118,2024-01-26,UPI,1473.349022498793,AE
TXN0004002,ACCT008586,CUST004066,CASE003403,2024-01-26,UPI,479.97341322042064,HK
TXN0004003,ACCT007574,CUST001404,CASE002295,2024-01-26,UPI,1023.0295577190335,SG
TXN0004004,ACCT002740,CUST000711,CASE001458,2024-01-26,UPI,1180.7065688335008,US
TXN0004005,ACCT004711,CUST000165,CASE004544,2024-01-26,NEFT,5237.9,IN
TXN0004006,ACCT004904,CUST001057,CASE003543,2024-04-22,UPI,405.02778347302194,AE
TXN0004007,ACCT006336,CUST001368,CASE003420,2024-04-22,UPI,353.19245522131644,HK
TXN0004008,ACCT007160,CUST005010,CASE001431,2024-04-22,UPI,1773.8377754650382,US
TXN0004009,ACCT002567,CUST003613,CASE004987,2024-04-22,UPI,943.1813922062432,HK
TXN0004010,ACCT005110,CUST005930,CASE004997,2024-04-22,UPI,1907.3030196597035,US
TXN0004011,ACCT000681,CUST001895,CASE002106,2024-04-22,UPI,419.1193129254363,GB
TXN0004012,ACCT003200,CUST002577,CASE001008,2024-04-22,NEFT,5511.58,HK
TXN0004013,ACCT005255,CUST003957,CASE004114,2024-11-02,UPI,736.953829069638,SG
TXN0004014,ACCT006669,CUST000809,CASE002820,2024-11-02,UPI,1545.944622292838,HK
TXN0004015,ACCT001934,CUST001573,CASE002009,2024-11-02,UPI,1085.089080176077,GB
TXN0004016,ACCT007377,CUST001063,CASE000912,2024-11-02,UPI,1685.8786950286103,SG
TXN0004017,ACCT002742,CUST005483,CASE003815,2024-11-02,UPI,635.7850844631572,US
TXN0004018,ACCT003472,CUST003590,CASE001430,2024-11-02,UPI,1568.8457942711013,US
TXN0004019,ACCT005369,CUST004524,CASE001762,2024-11-02,NEFT,6895.57,AE
TXN0004020,ACCT006187,CUST000097,CASE003492,2024-09-17,UPI,1096.347408032177,SG
TXN0004021,ACCT008754,CUST002332,CASE002372,2024-09-17,UPI,736.9996770137068,AE
TXN0004022,ACCT005000,CUST001653,CASE004867,2024-09-17,UPI,1149.3529689618529,SG
TXN0004023,ACCT005003,CUST003357,CASE002808,2024-09-17,UPI,1967.32495075604,GB
TXN0004024,ACCT000961,CUST000536,CASE001550,2024-09-17,UPI,767.7330724968615,GB
TXN0004025,ACCT000458,CUST001214,CASE001273,2024-09-17,UPI,351.1161582480087,GB
TXN0004026,ACCT002844,CUST003244,CASE002460,2024-09-17,NEFT,5765.43,AE
TXN0004027,ACCT004816,CUST002750,CASE002942,2023-09-11,UPI,1586.5702125948262,AE
TXN0004028,ACCT002822,CUST005573,CASE001762,2023-09-11,UPI,1242.017774903117,AE
TXN0004029,ACCT005008,CUST004067,CASE002728,2023-09-11,UPI,1966.374087505222,GB
TXN0004030,ACCT005720,CUST003656,CASE003176,2023-09-11,UPI,715.9835679174762,HK
TXN0004031,ACCT002653,CUST004808,CASE001086,2023-09-11,UPI,1174.9816937401688,US
TXN0004032,ACCT006806,CUST000753,CASE002989,2023-09-11,UPI,1317.739718687185,HK
TXN0004033,ACCT006812,CUST005928,CASE002485,2023-09-11,NEFT,7603.48,US
TXN0004034,ACCT003623,CUST004692,CASE004483,2024-05-31,UPI,309.0053011062021,IN
TXN0004035,ACCT003814,CUST000561,CASE003824,2024-05-31,UPI,492.1710933977263,GB
TXN0004036,ACCT001278,CUST001476,CASE002994,2024-05-31,UPI,974.4230629837706,GB
TXN0004037,ACCT000132,CUST002966,CASE000814,2024-05-31,UPI,1076.7853827707168,SG
TXN0004038,ACCT001888,CUST005558,CASE000648,2024-05-31,UPI,1790.3020594384377,SG
TXN0004039,ACCT008657,CUST004707,CASE000885,2024-05-31,UPI,1572.7812581692456,GB
TXN0004040,ACCT002438,CUST004075,CASE001260,2024-05-31,NEFT,5904.69,AE
TXN0004041,ACCT002629,CUST003111,CASE004496,2023-07-09,UPI,1336.2420444537343,IN
TXN0004042,ACCT008936,CUST005816,CASE003791,2023-07-09,UPI,492.3630104133646,GB
TXN0004043,ACCT005536,CUST004382,CASE000320,2023-07-09,UPI,1863.0714899936218,US
TXN0004044,ACCT006167,CUST001051,CASE001655,2023-07-09,UPI,1618.8295722689406,US
TXN0004045,ACCT005969,CUST005401,CASE000186,2023-07-09,UPI,1062.43075875064,SG
TXN0004046,ACCT002247,CUST005768,CASE000990,2023-07-09,UPI,1807.8714217736688,SG
TXN0004047,ACCT005795,CUST000970,CASE000316,2023-07-09,NEFT,7771.77,GB
TXN0004048,ACCT004339,CUST005794,CASE002416,2023-02-18,UPI,351.72687318612947,AE
TXN0004049,ACCT002280,CUST004168,CASE003764,2023-02-18,UPI,325.72185889137336,HK
TXN0004050,ACCT000232,CUST000525,CASE003073,2023-02-18,UPI,682.9882274207073,SG
TXN0004051,ACCT004737,CUST004266,CASE001197,2023-02-18,UPI,974.865846797541,HK
TXN0004052,ACCT003092,CUST004442,CASE004536,2023-02-18,UPI,1393.5118764803574,IN
TXN0004053,ACCT008621,CUST004344,CASE001419,2023-02-18,UPI,1718.1621899897966,HK
TXN0004054,ACCT001516,CUST000932,CASE001352,2023-02-18,NEFT,5174.63,HK
TXN0004055,ACCT001646,CUST005681,CASE000719,2023-11-21,UPI,1552.200960254337,SG
TXN0004056,ACCT001007,CUST000022,CASE003759,2023-11-21,UPI,719.0228330684708,SG
TXN0004057,ACCT008241,CUST004472,CASE003898,2023-11-21,UPI,688.7612034471982,IN
TXN0004058,ACCT004361,CUST001492,CASE001524,2023-11-21,UPI,769.7460709879044,HK
TXN0004059,ACCT004782,CUST002126,CASE001098,2023-11-21,UPI,1526.0516838862743,US
TXN0004060,ACCT006167,CUST001051,CASE002108,2023-11-21,UPI,675.2599600870444,GB
TXN0004061,ACCT007296,CUST005150,CASE000918,2023-11-21,NEFT,5634.49,SG
TXN0004062,ACCT008295,CUST005667,CASE000519,2024-01-29,UPI,1547.2945618854674,HK
TXN0004063,ACCT002202,CUST004204,CASE004426,2024-01-29,UPI,1145.2775158791878,GB
TXN0004064,ACCT005128,CUST005541,CASE002545,2024-01-29,UPI,1311.6144330522627,IN
TXN0004065,ACCT004660,CUST001424,CASE003888,2024-01-29,UPI,904.7988094755526,SG
TXN0004066,ACCT004798,CUST003898,CASE004003,2024-01-29,UPI,718.4126932024838,SG
TXN0004067,ACCT008328,CUST005614,CASE004829,2024-01-29,UPI,527.090783819455,HK
TXN0004068,ACCT003257,CUST002196,CASE002501,2024-01-29,NEFT,5846.76,SG
TXN0004069,ACCT008900,CUST003973,CASE001463,2024-12-09,UPI,1258.6664367090884,AE
TXN0004070,ACCT004715,CUST001084,CASE002785,2024-12-09,UPI,1873.8053363258969,SG
TXN0004071,ACCT000433,CUST005197,CASE002291,2024-12-09,UPI,1476.2884952252027,AE
TXN0004072,ACCT000155,CUST005573,CASE000924,2024-12-09,UPI,507.6027090568817,SG
TXN0004073,ACCT006545,CUST001934,CASE000971,2024-12-09,UPI,1381.5028131428157,IN
TXN0004074,ACCT007754,CUST005762,CASE003650,2024-12-09,UPI,1593.8151062310187,US
TXN0004075,ACCT007508,CUST003961,CASE002292,2024-12-09,NEFT,7687.1,SG
TXN0004076,ACCT008953,CUST000916,CASE003116,2024-07-14,UPI,888.8703670227178,HK
TXN0004077,ACCT007064,CUST004760,CASE004871,2024-07-14,UPI,1886.9712413675309,AE
TXN0004078,ACCT003522,CUST004399,CASE001941,2024-07-14,UPI,1744.298608112553,US
TXN0004079,ACCT003953,CUST000093,CASE000069,2024-07-14,UPI,875.2865184996274,IN
TXN0004080,ACCT002095,CUST003852,CASE002838,2024-07-14,UPI,1568.2961422342466,GB
TXN0004081,ACCT003201,CUST000129,CASE004873,2024-07-14,UPI,897.1199080493809,SG
TXN0004082,ACCT000514,CUST002713,CASE003025,2024-07-14,NEFT,7467.8,HK
TXN0004083,ACCT007988,CUST002092,CASE001788,2023-12-19,UPI,1732.539493574812,IN
TXN0004084,ACCT005879,CUST005037,CASE001296,2023-12-19,UPI,598.7085684324591,SG
TXN0004085,ACCT008020,CUST002064,CASE000262,2023-12-19,UPI,915.6559288681997,IN
TXN0004086,ACCT001557,CUST005834,CASE000959,2023-12-19,UPI,675.5014747357541,IN
TXN0004087,ACCT001998,CUST001022,CASE004019,2023-12-19,UPI,1056.343744671303,AE
TXN0004088,ACCT005978,CUST003282,CASE004565,2023-12-19,UPI,1433.960070093022,AE
TXN0004089,ACCT003378,CUST005803,CASE001164,2023-12-20,NEFT,6092.07,SG
TXN0004090,ACCT005568,CUST005195,CASE003513,2023-04-07,UPI,872.7337557608188,US
TXN0004091,ACCT003610,CUST002393,CASE004532,2023-04-07,UPI,825.3433348945645,HK
TXN0004092,ACCT007793,CUST005910,CASE000573,2023-04-07,UPI,1806.0395667775422,HK
TXN0004093,ACCT003785,CUST001853,CASE002652,2023-04-07,UPI,1884.0764039482635,GB
TXN0004094,ACCT003535,CUST004891,CASE002856,2023-04-07,UPI,1802.820646275338,GB
TXN0004095,ACCT001374,CUST001348,CASE000463,2023-04-07,UPI,1437.3802577923905,SG
TXN0004096,ACCT002890,CUST002445,CASE004412,2023-04-07,NEFT,8196.97,AE
TXN0004097,ACCT007929,CUST000692,CASE001745,2023-05-04,UPI,1526.6936849403667,US
TXN0004098,ACCT004598,CUST003978,CASE001632,2023-05-04,UPI,1021.7014144084361,GB
TXN0004099,ACCT002043,CUST001767,CASE003527,2023-05-04,UPI,1623.8663937417446,IN
TXN0004100,ACCT000004,CUST002254,CASE004911,2023-05-04,UPI,1604.3162775200055,US
TXN0004101,ACCT006893,CUST004598,CASE004371,2023-05-04,UPI,540.0392874082293,GB
TXN0004102,ACCT007793,CUST005910,CASE004575,2023-05-04,UPI,1527.9918700176722,SG
TXN0004103,ACCT007098,CUST001540,CASE003868,2023-05-04,NEFT,7452.38,HK
TXN0004104,ACCT007205,CUST001473,CASE001121,2023-09-02,UPI,677.7953786770188,IN
TXN0004105,ACCT007203,CUST004102,CASE002898,2023-09-02,UPI,1478.1001530801416,IN
TXN0004106,ACCT006153,CUST003951,CASE004857,2023-09-02,UPI,1705.7072024979238,IN
TXN0004107,ACCT002105,CUST001976,CASE004478,2023-09-02,UPI,1462.9148296005585,SG
TXN0004108,ACCT006485,CUST000121,CASE004244,2023-09-02,UPI,1941.8744411613548,SG
TXN0004109,ACCT004511,CUST001239,CASE002387,2023-09-02,UPI,1261.1348641221725,IN
TXN0004110,ACCT001686,CUST000669,CASE002340,2023-09-02,NEFT,8101.15,US
TXN0004111,ACCT001373,CUST002233,CASE000714,2023-03-19,UPI,1601.9554103829983,SG
TXN0004112,ACCT008879,CUST001370,CASE002603,2023-03-19,UPI,948.585256088766,SG
TXN0004113,ACCT002788,CUST003728,CASE003169,2023-03-19,UPI,1939.330112549849,GB
TXN0004114,ACCT001629,CUST002869,CASE004243,2023-03-19,UPI,1733.1531771481734,IN
TXN0004115,ACCT000161,CUST005251,CASE002012,2023-03-19,UPI,968.4065246445623,HK
TXN0004116,ACCT003783,CUST001088,CASE003026,2023-03-19,UPI,724.6991342948997,GB
TXN0004117,ACCT003367,CUST000933,CASE004505,2023-03-19,NEFT,7520.32,SG
TXN0004118,ACCT001458,CUST002972,CASE003503,2023-04-23,UPI,1310.9803588732884,SG
TXN0004119,ACCT003265,CUST002955,CASE000507,2023-04-23,UPI,978.2607306433065,HK
TXN0004120,ACCT003940,CUST003715,CASE004224,2023-04-23,UPI,1548.9503814288119,HK
TXN0004121,ACCT004768,CUST004238,CASE004188,2023-04-23,UPI,433.50822554211857,SG
TXN0004122,ACCT004440,CUST004976,CASE002523,2023-04-23,UPI,1458.745710896191,AE
TXN0004123,ACCT007606,CUST005841,CASE002395,2023-04-23,UPI,350.4135542121517,SG
TXN0004124,ACCT002814,CUST004692,CASE004004,2023-04-23,NEFT,5776.82,HK
TXN0004125,ACCT004809,CUST003857,CASE003442,2023-04-05,UPI,1402.0297081074905,GB
TXN0004126,ACCT005675,CUST004413,CASE000822,2023-04-05,UPI,1702.5736171412852,US
TXN0004127,ACCT006577,CUST005281,CASE002003,2023-04-05,UPI,656.944449730631,AE
TXN0004128,ACCT006012,CUST000471,CASE001817,2023-04-05,UPI,1588.205990921975,AE
TXN0004129,ACCT003226,CUST003581,CASE000326,2023-04-05,UPI,1499.843762345895,SG
TXN0004130,ACCT005787,CUST002301,CASE003796,2023-04-05,UPI,1076.489761835442,GB
TXN0004131,ACCT004768,CUST004238,CASE003111,2023-04-05,NEFT,7529.78,HK
TXN0004132,ACCT003062,CUST004745,CASE002758,2023-12-19,UPI,1999.3655867815467,IN
TXN0004133,ACCT006256,CUST002084,CASE003504,2023-12-19,UPI,1076.0221460641699,HK
TXN0004134,ACCT006334,CUST000656,CASE004716,2023-12-19,UPI,375.83860972362334,GB
TXN0004135,ACCT000316,CUST003199,CASE004224,2023-12-19,UPI,1445.4292245738968,SG
TXN0004136,ACCT006989,CUST000157,CASE000671,2023-12-19,UPI,1510.121941205642,IN
TXN0004137,ACCT006714,CUST004356,CASE003052,2023-12-19,UPI,1015.4639949792945,SG
TXN0004138,ACCT000914,CUST002585,CASE001114,2023-12-19,NEFT,7051.13,HK
TXN0004139,ACCT001758,CUST005064,CASE002128,2024-01-21,UPI,760.9434982508365,IN
TXN0004140,ACCT004457,CUST002437,CASE000115,2024-01-21,UPI,607.0809233429263,GB
TXN0004141,ACCT004260,CUST000821,CASE001602,2024-01-21,UPI,1579.3494345569409,US
TXN0004142,ACCT004646,CUST004232,CASE004218,2024-01-21,UPI,1041.1177485038083,AE
TXN0004143,ACCT006354,CUST003194,CASE000411,2024-01-21,UPI,841.1997354866176,IN
TXN0004144,ACCT001102,CUST000301,CASE004524,2024-01-21,UPI,309.0877048609593,GB
TXN0004145,ACCT004173,CUST005164,CASE000064,2024-01-21,NEFT,4881.84,US
TXN0004146,ACCT008703,CUST005994,CASE004518,2023-10-28,UPI,1374.7046691808303,IN
TXN0004147,ACCT002378,CUST005138,CASE003906,2023-10-28,UPI,1307.1085763453752,IN
TXN0004148,ACCT008290,CUST003690,CASE004854,2023-10-28,UPI,1262.8545154754295,US
TXN0004149,ACCT001734,CUST004578,CASE004377,2023-10-28,UPI,1671.536292691946,HK
TXN0004150,ACCT002107,CUST005147,CASE000790,2023-10-28,UPI,1787.9226083061428,HK
TXN0004151,ACCT001595,CUST000748,CASE004299,2023-10-28,UPI,865.2022801685098,IN
TXN0004152,ACCT001732,CUST001886,CASE002966,2023-10-29,NEFT,7855.86,HK
TXN0004153,ACCT008519,CUST002995,CASE003532,2023-03-21,UPI,1169.4078643200924,GB
TXN0004154,ACCT005234,CUST002769,CASE001026,2023-03-21,UPI,1047.211394922782,AE
TXN0004155,ACCT005017,CUST000730,CASE004892,2023-03-21,UPI,999.5447443648026,IN
TXN0004156,ACCT008493,CUST005139,CASE001842,2023-03-21,UPI,867.4453267364464,AE
TXN0004157,ACCT006615,CUST002256,CASE003576,2023-03-21,UPI,1167.6217964477985,SG
TXN0004158,ACCT001318,CUST001944,CASE003994,2023-03-21,UPI,1649.169052944257,HK
TXN0004159,ACCT000131,CUST003272,CASE000637,2023-03-21,NEFT,6555.38,AE
TXN0004160,ACCT004031,CUST002313,CASE000948,2024-11-30,UPI,792.3941788666489,AE
TXN0004161,ACCT008011,CUST000801,CASE003496,2024-11-30,UPI,854.4652613547411,AE
TXN0004162,ACCT005647,CUST003509,CASE002808,2024-11-30,UPI,1631.8128642631175,US
TXN0004163,ACCT008059,CUST001327,CASE003466,2024-11-30,UPI,719.964623594047,GB
TXN0004164,ACCT001521,CUST004205,CASE004249,2024-11-30,UPI,928.8203038754758,AE
TXN0004165,ACCT006945,CUST003860,CASE002766,2024-11-30,UPI,844.8297421887488,IN
TXN0004166,ACCT007552,CUST000964,CASE001758,2024-11-30,NEFT,5483.67,US
TXN0004167,ACCT005403,CUST001066,CASE002064,2023-05-12,UPI,1096.962649841506,US
TXN0004168,ACCT006774,CUST004881,CASE001411,2023-05-12,UPI,1478.4897791616438,US
TXN0004169,ACCT003199,CUST001470,CASE002354,2023-05-12,UPI,458.10305458576534,IN
TXN0004170,ACCT005469,CUST003162,CASE000193,2023-05-12,UPI,698.2648851958008,AE
TXN0004171,ACCT006591,CUST000175,CASE000102,2023-05-12,UPI,642.8654348963951,GB
TXN0004172,ACCT006813,CUST002660,CASE004138,2023-05-12,UPI,1104.7630766703214,HK
TXN0004173,ACCT007468,CUST003074,CASE003653,2023-05-12,NEFT,5205.48,SG
TXN0004174,ACCT004991,CUST002316,CASE002073,2023-11-29,UPI,1489.7393050492988,US
TXN0004175,ACCT008443,CUST003423,CASE004002,2023-11-29,UPI,542.096929962416,AE
TXN0004176,ACCT002899,CUST002028,CASE000867,2023-11-29,UPI,1345.1436204239567,AE
TXN0004177,ACCT005341,CUST000509,CASE004179,2023-11-29,UPI,1820.2889260714155,US
TXN0004178,ACCT007719,CUST000002,CASE002290,2023-11-29,UPI,1897.0346259499645,IN
TXN0004179,ACCT005757,CUST004460,CASE000476,2023-11-29,UPI,1829.7720195672512,AE
TXN0004180,ACCT004846,CUST003385,CASE002789,2023-11-29,NEFT,8477.87,IN
TXN0004181,ACCT006119,CUST000623,CASE000442,2024-08-16,UPI,1431.0740004831287,US
TXN0004182,ACCT006813,CUST002660,CASE002648,2024-08-16,UPI,1497.8605376681824,GB
TXN0004183,ACCT007026,CUST004107,CASE001796,2024-08-16,UPI,1010.8089167879567,US
TXN0004184,ACCT004367,CUST004633,CASE002402,2024-08-16,UPI,1133.659366828538,HK
TXN0004185,ACCT001282,CUST004993,CASE001872,2024-08-16,UPI,1803.7957104767056,SG
TXN0004186,ACCT005562,CUST004371,CASE001953,2024-08-16,UPI,447.523742028175,GB
TXN0004187,ACCT005085,CUST003590,CASE002040,2024-08-16,NEFT,6958.49,SG
TXN0004188,ACCT007516,CUST001088,CASE001109,2023-01-20,UPI,1020.6858629487098,US
TXN0004189,ACCT007300,CUST001515,CASE003454,2023-01-20,UPI,1541.5676044852396,HK
TXN0004190,ACCT002573,CUST001671,CASE000350,2023-01-20,UPI,923.3635605653448,HK
TXN0004191,ACCT000808,CUST004919,CASE001936,2023-01-20,UPI,1690.5891198517127,US
TXN0004192,ACCT006159,CUST002251,CASE003610,2023-01-20,UPI,696.2639433428842,GB
TXN0004193,ACCT004194,CUST003549,CASE002551,2023-01-20,UPI,1127.888080269463,IN
TXN0004194,ACCT001430,CUST000797,CASE004577,2023-01-20,NEFT,6650.34,SG
TXN0004195,ACCT001835,CUST005282,CASE004258,2024-12-01,UPI,507.4061928234232,AE
TXN0004196,ACCT000901,CUST003486,CASE000101,2024-12-01,UPI,1976.6266144651477,AE
TXN0004197,ACCT004512,CUST005706,CASE000289,2024-12-01,UPI,1441.1543977193085,US
TXN0004198,ACCT005495,CUST001727,CASE004188,2024-12-01,UPI,1550.755112747605,AE
TXN0004199,ACCT001858,CUST005852,CASE003979,2024-12-01,UPI,1111.5025144160556,AE
TXN0004200,ACCT002216,CUST002967,CASE000435,2024-12-01,UPI,1468.7196362079383,AE
TXN0004201,ACCT007687,CUST005486,CASE000089,2024-12-01,NEFT,7653.36,HK
TXN0004202,ACCT005893,CUST005319,CASE000791,2023-08-07,UPI,1831.9329719282496,US
TXN0004203,ACCT007781,CUST002952,CASE004168,2023-08-07,UPI,1884.5618304127831,US
TXN0004204,ACCT007652,CUST000844,CASE004309,2023-08-07,UPI,1147.2478420842199,US
TXN0004205,ACCT004990,CUST000965,CASE002865,2023-08-07,UPI,1170.3859439467947,US
TXN0004206,ACCT008055,CUST005671,CASE002913,2023-08-07,UPI,1363.7332327493887,HK
TXN0004207,ACCT007817,CUST003480,CASE000699,2023-08-07,UPI,1490.9698597167226,IN
TXN0004208,ACCT006465,CUST004031,CASE004906,2023-08-07,NEFT,8444.39,IN
TXN0004209,ACCT000888,CUST002411,CASE003077,2023-11-20,UPI,413.9618590505462,US
TXN0004210,ACCT002899,CUST002028,CASE001846,2023-11-20,UPI,1504.4058542208559,GB
TXN0004211,ACCT005806,CUST001727,CASE000790,2023-11-20,UPI,1520.1810074658456,IN
TXN0004212,ACCT003346,CUST002462,CASE001089,2023-11-20,UPI,1216.145531553892,HK
TXN0004213,ACCT006517,CUST001632,CASE003216,2023-11-20,UPI,1440.0365559642555,US
TXN0004214,ACCT008881,CUST002643,CASE004968,2023-11-20,UPI,1756.2931286068222,US
TXN0004215,ACCT004813,CUST004580,CASE002472,2023-11-20,NEFT,7458.47,AE
TXN0004216,ACCT006313,CUST005820,CASE002712,2023-06-27,UPI,618.3837875836508,IN
TXN0004217,ACCT000815,CUST005420,CASE002596,2023-06-27,UPI,1390.5104785273347,AE
TXN0004218,ACCT001584,CUST000779,CASE002233,2023-06-27,UPI,744.5960436718916,AE
TXN0004219,ACCT007258,CUST003438,CASE003335,2023-06-27,UPI,366.8725829449831,SG
TXN0004220,ACCT003653,CUST005184,CASE001770,2023-06-27,UPI,1734.6403916315699,SG
TXN0004221,ACCT004625,CUST002297,CASE004917,2023-06-27,UPI,602.2284971666618,SG
TXN0004222,ACCT000343,CUST000466,CASE003582,2023-06-27,NEFT,5184.37,IN
TXN0004223,ACCT000497,CUST002501,CASE004424,2024-11-01,UPI,1471.8907856949706,SG
TXN0004224,ACCT002697,CUST004059,CASE004839,2024-11-01,UPI,1637.1487554671075,HK
TXN0004225,ACCT005200,CUST005865,CASE001688,2024-11-01,UPI,391.35347315475246,US
TXN0004226,ACCT008893,CUST002881,CASE003640,2024-11-01,UPI,1926.7514625271415,HK
TXN0004227,ACCT007351,CUST004298,CASE003369,2024-11-01,UPI,418.7616791122539,HK
TXN0004228,ACCT001861,CUST005294,CASE001607,2024-11-01,UPI,940.4749256296179,SG
TXN0004229,ACCT006842,CUST000444,CASE002629,2024-11-01,NEFT,6447.06,HK
TXN0004230,ACCT001975,CUST003014,CASE002822,2023-08-07,UPI,1526.1388047438531,GB
TXN0004231,ACCT008391,CUST005897,CASE001567,2023-08-07,UPI,635.5431220580318,GB
TXN0004232,ACCT005943,CUST002141,CASE002008,2023-08-07,UPI,1794.9771666309869,IN
TXN0004233,ACCT000828,CUST003767,CASE000262,2023-08-07,UPI,603.0288612786171,US
TXN0004234,ACCT000698,CUST004785,CASE002555,2023-08-07,UPI,1602.1363114119397,IN
TXN0004235,ACCT000484,CUST005488,CASE001437,2023-08-07,UPI,1953.041736958966,SG
TXN0004236,ACCT001119,CUST002964,CASE003696,2023-08-07,NEFT,7709.12,IN
TXN0004237,ACCT003992,CUST000945,CASE004022,2024-07-10,UPI,727.5983282301668,GB
TXN0004238,ACCT001272,CUST001193,CASE001676,2024-07-10,UPI,722.0250790576604,SG
TXN0004239,ACCT002443,CUST003746,CASE002551,2024-07-10,UPI,1689.324790067583,IN
TXN0004240,ACCT007207,CUST005703,CASE001016,2024-07-10,UPI,797.0039561655003,US
TXN0004241,ACCT007903,CUST000630,CASE003224,2024-07-10,UPI,1272.985719350186,AE
TXN0004242,ACCT007870,CUST003720,CASE003843,2024-07-10,UPI,1736.5693958644333,US
TXN0004243,ACCT006627,CUST003720,CASE001156,2024-07-10,NEFT,6598.23,GB
TXN0004244,ACCT001698,CUST000933,CASE004056,2023-03-18,UPI,359.6070698395378,AE
TXN0004245,ACCT004384,CUST003659,CASE004440,2023-03-18,UPI,1142.7402981890732,AE
TXN0004246,ACCT005582,CUST004692,CASE000712,2023-03-18,UPI,437.54216584944993,HK
TXN0004247,ACCT000325,CUST005886,CASE004017,2023-03-18,UPI,1603.2683214027015,GB
TXN0004248,ACCT003866,CUST000448,CASE000657,2023-03-18,UPI,1264.633571484027,AE
TXN0004249,ACCT000990,CUST004659,CASE002249,2023-03-18,UPI,544.4111471292421,US
TXN0004250,ACCT002911,CUST000129,CASE000658,2023-03-18,NEFT,5084.59,US
TXN0004251,ACCT005227,CUST001537,CASE000755,2024-06-27,UPI,1394.5851739905595,US
TXN0004252,ACCT002814,CUST004692,CASE003944,2024-06-27,UPI,973.8711719713153,IN
TXN0004253,ACCT007934,CUST003383,CASE000423,2024-06-27,UPI,769.7981692592068,HK
TXN0004254,ACCT008705,CUST000329,CASE003552,2024-06-27,UPI,837.903746025476,US
TXN0004255,ACCT003510,CUST004852,CASE003619,2024-06-27,UPI,1040.9878036152204,US
TXN0004256,ACCT007350,CUST003390,CASE003789,2024-06-27,UPI,932.4600225963072,IN
TXN0004257,ACCT006878,CUST000697,CASE001008,2024-06-27,NEFT,5652.13,AE
TXN0004258,ACCT001416,CUST000518,CASE004036,2024-10-25,UPI,1479.9862840380067,HK
TXN0004259,ACCT007837,CUST000928,CASE000009,2024-10-25,UPI,1526.2317036307738,GB
TXN0004260,ACCT008020,CUST002064,CASE000093,2024-10-25,UPI,1766.5364710881158,IN
TXN0004261,ACCT007186,CUST003261,CASE004731,2024-10-25,UPI,515.8282055791228,HK
TXN0004262,ACCT004533,CUST002449,CASE002508,2024-10-25,UPI,1617.2776481017804,SG
TXN0004263,ACCT008287,CUST005242,CASE002378,2024-10-25,UPI,611.1655112517857,AE
TXN0004264,ACCT003195,CUST004449,CASE000088,2024-10-25,NEFT,7141.17,AE
TXN0004265,ACCT000656,CUST003653,CASE003442,2024-01-22,UPI,1151.209850483504,SG
TXN0004266,ACCT005579,CUST001010,CASE004621,2024-01-22,UPI,1020.1773176099791,SG
TXN0004267,ACCT001437,CUST005493,CASE004428,2024-01-22,UPI,1554.2378203165856,HK
TXN0004268,ACCT004982,CUST004962,CASE004924,2024-01-22,UPI,1222.757072727443,GB
TXN0004269,ACCT004453,CUST004425,CASE004934,2024-01-22,UPI,1169.0443942484358,GB
TXN0004270,ACCT002924,CUST000363,CASE000064,2024-01-22,UPI,628.7976956957666,AE
TXN0004271,ACCT008931,CUST003621,CASE001367,2024-01-22,NEFT,6408.91,HK
TXN0004272,ACCT003392,CUST005396,CASE003854,2024-01-25,UPI,1100.3742958871826,SG
TXN0004273,ACCT008047,CUST002414,CASE004353,2024-01-25,UPI,932.6670009581903,SG
TXN0004274,ACCT004702,CUST001814,CASE002685,2024-01-25,UPI,1636.4214476916297,HK
TXN0004275,ACCT006333,CUST005741,CASE002657,2024-01-25,UPI,1498.7949205875952,AE
TXN0004276,ACCT002349,CUST000766,CASE002136,2024-01-25,UPI,307.2363137154414,GB
TXN0004277,ACCT004717,CUST001419,CASE001681,2024-01-25,UPI,1920.6391231085001,IN
TXN0004278,ACCT006598,CUST000324,CASE000915,2024-01-25,NEFT,7026.33,AE
TXN0004279,ACCT007545,CUST001578,CASE003037,2023-05-15,UPI,888.2198740794491,IN
TXN0004280,ACCT002264,CUST002619,CASE001341,2023-05-15,UPI,739.7631461116866,HK
TXN0004281,ACCT003909,CUST005248,CASE003060,2023-05-15,UPI,968.4994497898606,GB
TXN0004282,ACCT004608,CUST004987,CASE002583,2023-05-15,UPI,1592.635512390284,SG
TXN0004283,ACCT007267,CUST001078,CASE001904,2023-05-15,UPI,1945.0894345081733,IN
TXN0004284,ACCT002469,CUST000420,CASE003473,2023-05-15,UPI,786.9993322280175,HK
TXN0004285,ACCT002460,CUST003531,CASE001192,2023-05-15,NEFT,6575.15,GB
TXN0004286,ACCT003301,CUST004686,CASE004551,2023-12-07,UPI,1028.399976373833,AE
TXN0004287,ACCT008230,CUST001807,CASE000487,2023-12-07,UPI,1669.2889597759336,HK
TXN0004288,ACCT000998,CUST002168,CASE000402,2023-12-07,UPI,1935.0577236671336,AE
TXN0004289,ACCT008612,CUST004741,CASE004327,2023-12-07,UPI,733.6151043877983,GB
TXN0004290,ACCT004471,CUST002413,CASE000928,2023-12-07,UPI,1588.417870764266,GB
TXN0004291,ACCT003921,CUST004395,CASE004898,2023-12-07,UPI,1081.7013078474438,US
TXN0004292,ACCT008050,CUST000621,CASE003919,2023-12-07,NEFT,7634.66,US
TXN0004293,ACCT003328,CUST005052,CASE002014,2024-08-10,UPI,1652.262135906366,US
TXN0004294,ACCT003210,CUST004620,CASE004318,2024-08-10,UPI,632.6757299271208,HK
TXN0004295,ACCT008395,CUST002210,CASE001723,2024-08-10,UPI,1692.1926455965033,US
TXN0004296,ACCT006530,CUST005966,CASE004277,2024-08-10,UPI,1523.5260214954192,US
TXN0004297,ACCT002452,CUST004895,CASE002831,2024-08-10,UPI,1644.5701569307248,US
TXN0004298,ACCT007331,CUST002951,CASE001724,2024-08-10,UPI,508.69256579359154,US
TXN0004299,ACCT003668,CUST002652,CASE004412,2024-08-10,NEFT,7271.22,IN
TXN0004300,ACCT002328,CUST001254,CASE002044,2023-09-28,UPI,606.9141511821924,SG
TXN0004301,ACCT003861,CUST004175,CASE003932,2023-09-28,UPI,363.14660113277995,US
TXN0004302,ACCT003815,CUST004346,CASE002949,2023-09-28,UPI,1957.3611388640863,AE
TXN0004303,ACCT008566,CUST003703,CASE000206,2023-09-28,UPI,493.8105582117976,HK
TXN0004304,ACCT004189,CUST000350,CASE004890,2023-09-28,UPI,1901.389648600694,HK
TXN0004305,ACCT003228,CUST000623,CASE001709,2023-09-28,UPI,351.8170426318046,SG
TXN0004306,ACCT006208,CUST003473,CASE004869,2023-09-28,NEFT,5390.72,US
TXN0004307,ACCT007598,CUST005654,CASE001262,2023-02-14,UPI,1220.0103996011485,GB
TXN0004308,ACCT007110,CUST004886,CASE001517,2023-02-14,UPI,562.2435159545662,US
TXN0004309,ACCT000927,CUST002319,CASE003683,2023-02-14,UPI,449.9002577889279,HK
TXN0004310,ACCT007280,CUST001949,CASE004410,2023-02-14,UPI,1048.6235862727717,HK
TXN0004311,ACCT003751,CUST001658,CASE004930,2023-02-14,UPI,1935.1065811018802,HK
TXN0004312,ACCT001108,CUST000950,CASE004988,2023-02-14,UPI,427.9012576171494,IN
TXN0004313,ACCT005749,CUST002655,CASE004721,2023-02-14,NEFT,5361.6,HK
TXN0004314,ACCT003731,CUST002767,CASE001780,2024-01-25,UPI,1914.354860324032,IN
TXN0004315,ACCT007962,CUST003888,CASE002299,2024-01-25,UPI,914.6364649117401,IN
TXN0004316,ACCT002586,CUST005425,CASE002100,2024-01-25,UPI,1436.676433098261,AE
TXN0004317,ACCT000907,CUST002220,CASE001929,2024-01-25,UPI,959.4533741436358,AE
TXN0004318,ACCT007738,CUST003562,CASE004081,2024-01-25,UPI,557.4237642840517,AE
TXN0004319,ACCT001781,CUST004347,CASE004327,2024-01-25,UPI,962.2046194621386,US
TXN0004320,ACCT007049,CUST001864,CASE004962,2024-01-25,NEFT,6407.51,IN
TXN0004321,ACCT006447,CUST002333,CASE000665,2024-10-01,UPI,995.056673752507,AE
TXN0004322,ACCT004934,CUST001075,CASE000176,2024-10-01,UPI,540.0928220640504,HK
TXN0004323,ACCT005970,CUST000976,CASE003872,2024-10-01,UPI,704.9707800560034,AE
TXN0004324,ACCT006603,CUST002415,CASE001671,2024-10-01,UPI,749.4947455382434,US
TXN0004325,ACCT007796,CUST003578,CASE001208,2024-10-01,UPI,1236.245205193819,HK
TXN0004326,ACCT008576,CUST003201,CASE002645,2024-10-01,UPI,1422.8844686550658,IN
TXN0004327,ACCT008791,CUST001433,CASE003810,2024-10-01,NEFT,5366.31,AE
TXN0004328,ACCT005815,CUST004699,CASE004299,2024-10-17,UPI,685.2563303992708,IN
TXN0004329,ACCT008372,CUST003380,CASE003513,2024-10-17,UPI,345.92776286752587,HK
TXN0004330,ACCT002639,CUST003624,CASE002194,2024-10-17,UPI,1828.9431815407852,GB
TXN0004331,ACCT005129,CUST005255,CASE000135,2024-10-17,UPI,1655.5894940350406,SG
TXN0004332,ACCT004380,CUST005489,CASE000236,2024-10-17,UPI,410.1532375894246,SG
TXN0004333,ACCT007655,CUST000877,CASE001831,2024-10-17,UPI,1155.4749457866387,SG
TXN0004334,ACCT004900,CUST001854,CASE003070,2024-10-17,NEFT,5777.28,SG
TXN0004335,ACCT004704,CUST001845,CASE001924,2024-09-09,RTGS,128189.13,HK
TXN0004336,ACCT004704,CUST001845,CASE004632,2024-09-09,RTGS,103265.28,HK
TXN0004337,ACCT004704,CUST001845,CASE000504,2024-09-09,RTGS,44783.55,HK
TXN0004338,ACCT004704,CUST001845,CASE004702,2024-09-09,RTGS,77742.32,US
TXN0004339,ACCT004704,CUST001845,CASE003740,2024-09-09,RTGS,79827.26,AE
TXN0004340,ACCT004704,CUST001845,CASE001317,2024-09-09,RTGS,39925.2,AE
TXN0004341,ACCT007034,CUST002296,CASE000693,2023-08-27,RTGS,197169.86,SG
TXN0004342,ACCT007034,CUST002296,CASE001942,2023-08-27,RTGS,135428.52,IN
TXN0004343,ACCT007034,CUST002296,CASE001211,2023-08-27,RTGS,70066.73,HK
TXN0004344,ACCT007034,CUST002296,CASE001113,2023-08-27,RTGS,81300.99,HK
TXN0004345,ACCT007034,CUST002296,CASE000491,2023-08-27,RTGS,90654.57,HK
TXN0004346,ACCT007034,CUST002296,CASE003854,2023-08-27,RTGS,23499.65,GB
TXN0004347,ACCT003986,CUST001289,CASE000318,2024-10-27,RTGS,68973.35,SG
TXN0004348,ACCT003986,CUST001289,CASE002066,2024-10-27,RTGS,53135.01,SG
TXN0004349,ACCT003986,CUST001289,CASE004540,2024-10-27,RTGS,43862.28,HK
TXN0004350,ACCT003986,CUST001289,CASE000959,2024-10-27,RTGS,67583.67,HK
TXN0004351,ACCT003986,CUST001289,CASE000577,2024-10-27,RTGS,235247.59,AE
TXN0004352,ACCT003986,CUST001289,CASE004080,2024-10-27,RTGS,117511.05,SG
TXN0004353,ACCT000105,CUST001877,CASE003298,2023-02-12,RTGS,56787.67,US
TXN0004354,ACCT000105,CUST001877,CASE002851,2023-02-12,RTGS,112795.48,SG
TXN0004355,ACCT000105,CUST001877,CASE002838,2023-02-12,RTGS,185237.71,US
TXN0004356,ACCT000105,CUST001877,CASE004796,2023-02-12,RTGS,139324.65,GB
TXN0004357,ACCT000105,CUST001877,CASE001177,2023-02-12,RTGS,82914.08,SG
TXN0004358,ACCT000105,CUST001877,CASE002612,2023-02-12,RTGS,54264.19,SG
TXN0004359,ACCT007146,CUST005055,CASE001738,2023-09-21,RTGS,121627.2,AE
TXN0004360,ACCT007146,CUST005055,CASE000786,2023-09-21,RTGS,101303.19,SG
TXN0004361,ACCT007146,CUST005055,CASE002533,2023-09-21,RTGS,136885.19,SG
TXN0004362,ACCT007146,CUST005055,CASE001553,2023-09-21,RTGS,117111.88,US
TXN0004363,ACCT007146,CUST005055,CASE000700,2023-09-21,RTGS,150168.54,HK
TXN0004364,ACCT007146,CUST005055,CASE004621,2023-09-21,RTGS,58025.67,US
TXN0004365,ACCT003418,CUST005446,CASE001954,2024-12-29,RTGS,176348.66,US
TXN0004366,ACCT003418,CUST005446,CASE002596,2024-12-29,RTGS,90069.93,HK
TXN0004367,ACCT003418,CUST005446,CASE004811,2024-12-29,RTGS,277878.28,IN
TXN0004368,ACCT003418,CUST005446,CASE000109,2024-12-29,RTGS,52905.85,SG
TXN0004369,ACCT003418,CUST005446,CASE004897,2024-12-29,RTGS,226694.87,SG
TXN0004370,ACCT003418,CUST005446,CASE000107,2024-12-29,RTGS,90086.75,HK
TXN0004371,ACCT003419,CUST002909,CASE000522,2023-11-16,RTGS,54118.49,AE
TXN0004372,ACCT003419,CUST002909,CASE003971,2023-11-16,RTGS,59841.24,SG
TXN0004373,ACCT003419,CUST002909,CASE004117,2023-11-16,RTGS,66010.79,GB
TXN0004374,ACCT003419,CUST002909,CASE000524,2023-11-16,RTGS,103185.28,HK
TXN0004375,ACCT003419,CUST002909,CASE000204,2023-11-16,RTGS,109478.47,GB
TXN0004376,ACCT003419,CUST002909,CASE004735,2023-11-16,RTGS,56701.84,US
TXN0004377,ACCT008690,CUST005780,CASE002257,2023-04-23,RTGS,78839.48,SG
TXN0004378,ACCT008690,CUST005780,CASE004467,2023-04-23,RTGS,289278.2,HK
TXN0004379,ACCT008690,CUST005780,CASE004776,2023-04-23,RTGS,225552.41,US
TXN0004380,ACCT008690,CUST005780,CASE001106,2023-04-23,RTGS,103940.73,US
TXN0004381,ACCT008690,CUST005780,CASE000061,2023-04-23,RTGS,81845.12,GB
TXN0004382,ACCT008690,CUST005780,CASE004527,2023-04-23,RTGS,85974.04,SG
TXN0004383,ACCT005909,CUST000801,CASE004117,2023-04-23,RTGS,115600.17,SG
TXN0004384,ACCT005909,CUST000801,CASE002625,2023-04-23,RTGS,43308.59,HK
TXN0004385,ACCT005909,CUST000801,CASE004585,2023-04-23,RTGS,68552.56,AE
TXN0004386,ACCT005909,CUST000801,CASE004678,2023-04-23,RTGS,29396.52,IN
TXN0004387,ACCT005909,CUST000801,CASE003346,2023-04-23,RTGS,101652.54,IN
TXN0004388,ACCT005909,CUST000801,CASE004476,2023-04-23,RTGS,117959.84,SG
TXN0004389,ACCT008656,CUST002594,CASE002671,2024-03-16,RTGS,59866.36,SG
TXN0004390,ACCT008656,CUST002594,CASE004489,2024-03-16,RTGS,205699.98,SG
TXN0004391,ACCT008656,CUST002594,CASE000127,2024-03-16,RTGS,38342.82,US
TXN0004392,ACCT008656,CUST002594,CASE004454,2024-03-16,RTGS,33228.29,HK
TXN0004393,ACCT008656,CUST002594,CASE002522,2024-03-16,RTGS,91532.83,HK
TXN0004394,ACCT008656,CUST002594,CASE001530,2024-03-16,RTGS,149947.56,HK
TXN0004395,ACCT000843,CUST002199,CASE002077,2024-06-17,RTGS,219726.42,US
TXN0004396,ACCT000843,CUST002199,CASE002508,2024-06-17,RTGS,60745.69,US
TXN0004397,ACCT000843,CUST002199,CASE000303,2024-06-17,RTGS,152816.08,SG
TXN0004398,ACCT000843,CUST002199,CASE003118,2024-06-17,RTGS,78172.78,AE
TXN0004399,ACCT000843,CUST002199,CASE000225,2024-06-17,RTGS,72128.57,GB
TXN0004400,ACCT000843,CUST002199,CASE003044,2024-06-17,RTGS,135941.22,HK
TXN0004401,ACCT005059,CUST003053,CASE000886,2023-07-31,RTGS,118323.26,SG
TXN0004402,ACCT005059,CUST003053,CASE000798,2023-07-31,RTGS,31068.4,AE
TXN0004403,ACCT005059,CUST003053,CASE002741,2023-07-31,RTGS,194017.98,IN
TXN0004404,ACCT005059,CUST003053,CASE003234,2023-07-31,RTGS,183108.97,GB
TXN0004405,ACCT005059,CUST003053,CASE003082,2023-07-31,RTGS,54964.58,HK
TXN0004406,ACCT005059,CUST003053,CASE002950,2023-07-31,RTGS,101444.19,IN
TXN0004407,ACCT000342,CUST001290,CASE002956,2024-10-10,RTGS,107602.59,GB
TXN0004408,ACCT000342,CUST001290,CASE003751,2024-10-10,RTGS,93543.9,HK
TXN0004409,ACCT000342,CUST001290,CASE003971,2024-10-10,RTGS,57503.37,US
TXN0004410,ACCT000342,CUST001290,CASE003902,2024-10-10,RTGS,53466.36,US
TXN0004411,ACCT000342,CUST001290,CASE004782,2024-10-10,RTGS,78782.76,IN
TXN0004412,ACCT000342,CUST001290,CASE003994,2024-10-10,RTGS,161687.27,SG
TXN0004413,ACCT007564,CUST004445,CASE001563,2023-04-29,RTGS,110850.97,SG
TXN0004414,ACCT007564,CUST004445,CASE000678,2023-04-29,RTGS,64049.62,GB
TXN0004415,ACCT007564,CUST004445,CASE000150,2023-04-29,RTGS,127109.11,US
TXN0004416,ACCT007564,CUST004445,CASE000221,2023-04-29,RTGS,14481.92,AE
TXN0004417,ACCT007564,CUST004445,CASE003462,2023-04-29,RTGS,159379.17,SG
TXN0004418,ACCT007564,CUST004445,CASE000584,2023-04-29,RTGS,28168.33,SG
TXN0004419,ACCT004116,CUST001274,CASE001380,2024-06-08,RTGS,64364.49,IN
TXN0004420,ACCT004116,CUST001274,CASE000609,2024-06-08,RTGS,40862.99,GB
TXN0004421,ACCT004116,CUST001274,CASE001072,2024-06-08,RTGS,36789.69,HK
TXN0004422,ACCT004116,CUST001274,CASE001095,2024-06-08,RTGS,160536.72,AE
TXN0004423,ACCT004116,CUST001274,CASE003687,2024-06-08,RTGS,60425.18,AE
TXN0004424,ACCT004116,CUST001274,CASE001796,2024-06-08,RTGS,98487.43,AE
TXN0004425,ACCT008803,CUST000346,CASE002156,2023-07-09,RTGS,77779.22,SG
TXN0004426,ACCT008803,CUST000346,CASE002048,2023-07-09,RTGS,106511.31,HK
TXN0004427,ACCT008803,CUST000346,CASE000108,2023-07-09,RTGS,83773.75,AE
TXN0004428,ACCT008803,CUST000346,CASE003162,2023-07-09,RTGS,37048.63,AE
TXN0004429,ACCT008803,CUST000346,CASE001481,2023-07-09,RTGS,145443.36,US
TXN0004430,ACCT008803,CUST000346,CASE002165,2023-07-09,RTGS,59487.89,GB
TXN0004431,ACCT005971,CUST001883,CASE003305,2023-11-20,RTGS,31439.89,US
TXN0004432,ACCT005971,CUST001883,CASE003391,2023-11-20,RTGS,61877.56,US
TXN0004433,ACCT005971,CUST001883,CASE002734,2023-11-20,RTGS,196857.97,US
TXN0004434,ACCT005971,CUST001883,CASE000258,2023-11-20,RTGS,133241.02,IN
TXN0004435,ACCT005971,CUST001883,CASE004557,2023-11-20,RTGS,64899.2,US
TXN0004436,ACCT005971,CUST001883,CASE001764,2023-11-20,RTGS,64875.63,US
TXN0004437,ACCT005368,CUST002562,CASE000436,2023-12-31,RTGS,65959.81,IN
TXN0004438,ACCT005368,CUST002562,CASE002209,2023-12-31,RTGS,278126.33,AE
TXN0004439,ACCT005368,CUST002562,CASE002729,2023-12-31,RTGS,100603.59,HK
TXN0004440,ACCT005368,CUST002562,CASE000873,2023-12-31,RTGS,103549.69,US
TXN0004441,ACCT005368,CUST002562,CASE003940,2023-12-31,RTGS,148442.36,HK
TXN0004442,ACCT005368,CUST002562,CASE000874,2023-12-31,RTGS,92323.63,SG
TXN0004443,ACCT008692,CUST003883,CASE002848,2024-02-08,RTGS,68484.08,GB
TXN0004444,ACCT008692,CUST003883,CASE002417,2024-02-08,RTGS,71109.2,SG
TXN0004445,ACCT008692,CUST003883,CASE003329,2024-02-08,RTGS,76635.92,IN
TXN0004446,ACCT008692,CUST003883,CASE002069,2024-02-08,RTGS,78233.14,IN
TXN0004447,ACCT008692,CUST003883,CASE000764,2024-02-08,RTGS,123792.2,IN
TXN0004448,ACCT008692,CUST003883,CASE003332,2024-02-08,RTGS,82532.67,SG
TXN0004449,ACCT002319,CUST005242,CASE003203,2024-12-08,RTGS,124164.92,HK
TXN0004450,ACCT002319,CUST005242,CASE004533,2024-12-08,RTGS,76217.93,SG
TXN0004451,ACCT002319,CUST005242,CASE002570,2024-12-08,RTGS,83864.95,GB
TXN0004452,ACCT002319,CUST005242,CASE001925,2024-12-08,RTGS,24121.56,GB
TXN0004453,ACCT002319,CUST005242,CASE001801,2024-12-08,RTGS,138632.04,HK
TXN0004454,ACCT002319,CUST005242,CASE003487,2024-12-08,RTGS,98486.52,HK
TXN0004455,ACCT005771,CUST004231,CASE001382,2024-04-25,RTGS,145595.57,GB
TXN0004456,ACCT005771,CUST004231,CASE002258,2024-04-25,RTGS,14073.22,SG
TXN0004457,ACCT005771,CUST004231,CASE001909,2024-04-25,RTGS,280073.33,US
TXN0004458,ACCT005771,CUST004231,CASE003506,2024-04-25,RTGS,73572.61,AE
TXN0004459,ACCT005771,CUST004231,CASE003123,2024-04-25,RTGS,155545.19,HK
TXN0004460,ACCT005771,CUST004231,CASE004181,2024-04-25,RTGS,42866.18,SG
TXN0004461,ACCT001765,CUST001994,CASE000793,2024-02-13,RTGS,115548.57,SG
TXN0004462,ACCT001765,CUST001994,CASE001313,2024-02-13,RTGS,42520.12,US
TXN0004463,ACCT001765,CUST001994,CASE001915,2024-02-13,RTGS,55023.77,HK
TXN0004464,ACCT001765,CUST001994,CASE002746,2024-02-13,RTGS,252256.25,US
TXN0004465,ACCT001765,CUST001994,CASE003065,2024-02-13,RTGS,71351.42,AE
TXN0004466,ACCT001765,CUST001994,CASE000711,2024-02-13,RTGS,91148.16,GB
TXN0004467,ACCT001345,CUST005553,CASE000633,2024-05-04,RTGS,134837.09,GB
TXN0004468,ACCT001345,CUST005553,CASE002831,2024-05-04,RTGS,107709.28,HK
TXN0004469,ACCT001345,CUST005553,CASE000896,2024-05-04,RTGS,87555.95,HK
TXN0004470,ACCT001345,CUST005553,CASE001343,2024-05-04,RTGS,99584.17,HK
TXN0004471,ACCT001345,CUST005553,CASE002372,2024-05-04,RTGS,338348.35,HK
TXN0004472,ACCT001345,CUST005553,CASE002434,2024-05-04,RTGS,77281.56,SG
TXN0004473,ACCT003137,CUST003528,CASE001440,2023-12-13,RTGS,90259.25,AE
TXN0004474,ACCT003137,CUST003528,CASE003954,2023-12-13,RTGS,150267.84,HK
TXN0004475,ACCT003137,CUST003528,CASE004999,2023-12-13,RTGS,155297.43,GB
TXN0004476,ACCT003137,CUST003528,CASE004568,2023-12-13,RTGS,163080.64,AE
TXN0004477,ACCT003137,CUST003528,CASE002837,2023-12-13,RTGS,117362.19,US
TXN0004478,ACCT003137,CUST003528,CASE002795,2023-12-13,RTGS,40294.85,GB
TXN0004479,ACCT008564,CUST004366,CASE001615,2024-12-25,RTGS,213169.06,IN
TXN0004480,ACCT008564,CUST004366,CASE002574,2024-12-25,RTGS,40214.17,GB
TXN0004481,ACCT008564,CUST004366,CASE002494,2024-12-25,RTGS,95928.96,IN
TXN0004482,ACCT008564,CUST004366,CASE003666,2024-12-25,RTGS,50879.55,SG
TXN0004483,ACCT008564,CUST004366,CASE002244,2024-12-25,RTGS,76979.84,IN
TXN0004484,ACCT008564,CUST004366,CASE001600,2024-12-25,RTGS,97444.61,US
TXN0004485,ACCT002482,CUST005106,CASE000855,2024-03-22,RTGS,97012.61,GB
TXN0004486,ACCT002482,CUST005106,CASE002845,2024-03-22,RTGS,103046.37,HK
TXN0004487,ACCT002482,CUST005106,CASE003599,2024-03-22,RTGS,210661.67,HK
TXN0004488,ACCT002482,CUST005106,CASE003153,2024-03-22,RTGS,105019.62,IN
TXN0004489,ACCT002482,CUST005106,CASE001990,2024-03-22,RTGS,69098.47,GB
TXN0004490,ACCT002482,CUST005106,CASE002151,2024-03-22,RTGS,142662.11,AE
TXN0004491,ACCT002037,CUST003675,CASE000308,2023-03-09,RTGS,163319.59,US
TXN0004492,ACCT002037,CUST003675,CASE002136,2023-03-09,RTGS,38300.46,SG
TXN0004493,ACCT002037,CUST003675,CASE000639,2023-03-09,RTGS,114487.62,US
TXN0004494,ACCT002037,CUST003675,CASE002371,2023-03-09,RTGS,121842.63,IN
TXN0004495,ACCT002037,CUST003675,CASE001060,2023-03-09,RTGS,66919.37,US
TXN0004496,ACCT002037,CUST003675,CASE001941,2023-03-09,RTGS,182627.9,SG
TXN0004497,ACCT004115,CUST000893,CASE003490,2023-01-05,RTGS,73112.06,IN
TXN0004498,ACCT004115,CUST000893,CASE000393,2023-01-05,RTGS,86260.56,GB
TXN0004499,ACCT004115,CUST000893,CASE002064,2023-01-05,RTGS,72109.34,US
TXN0004500,ACCT004115,CUST000893,CASE002493,2023-01-05,RTGS,80751.3,SG
TXN0004501,ACCT004115,CUST000893,CASE001740,2023-01-05,RTGS,41440.62,AE
TXN0004502,ACCT004115,CUST000893,CASE002864,2023-01-05,RTGS,33716.8,AE
TXN0004503,ACCT001579,CUST002777,CASE003123,2024-09-28,RTGS,208248.0,US
TXN0004504,ACCT001579,CUST002777,CASE002262,2024-09-28,RTGS,48127.31,HK
TXN0004505,ACCT001579,CUST002777,CASE003110,2024-09-28,RTGS,44132.27,GB
TXN0004506,ACCT001579,CUST002777,CASE000628,2024-09-28,RTGS,21976.91,SG
TXN0004507,ACCT001579,CUST002777,CASE001867,2024-09-28,RTGS,54524.47,AE
TXN0004508,ACCT001579,CUST002777,CASE003486,2024-09-28,RTGS,36167.93,US
TXN0004509,ACCT000119,CUST005267,CASE001652,2024-07-16,RTGS,214269.75,SG
TXN0004510,ACCT000119,CUST005267,CASE004026,2024-07-16,RTGS,146630.66,US
TXN0004511,ACCT000119,CUST005267,CASE000128,2024-07-16,RTGS,52938.79,US
TXN0004512,ACCT000119,CUST005267,CASE003990,2024-07-16,RTGS,309045.38,IN
TXN0004513,ACCT000119,CUST005267,CASE003948,2024-07-16,RTGS,144183.37,GB
TXN0004514,ACCT000119,CUST005267,CASE002451,2024-07-16,RTGS,65833.43,SG
TXN0004515,ACCT005106,CUST005772,CASE000809,2024-03-28,RTGS,17856.78,SG
TXN0004516,ACCT005106,CUST005772,CASE002678,2024-03-28,RTGS,316268.7,US
TXN0004517,ACCT005106,CUST005772,CASE004446,2024-03-28,RTGS,34753.6,HK
TXN0004518,ACCT005106,CUST005772,CASE003143,2024-03-28,RTGS,29808.32,US
TXN0004519,ACCT005106,CUST005772,CASE003826,2024-03-28,RTGS,147756.98,AE
TXN0004520,ACCT005106,CUST005772,CASE003493,2024-03-28,RTGS,345806.05,GB
TXN0004521,ACCT008479,CUST004782,CASE002108,2023-02-08,RTGS,183568.95,AE
TXN0004522,ACCT008479,CUST004782,CASE004249,2023-02-08,RTGS,112210.0,IN
TXN0004523,ACCT008479,CUST004782,CASE004431,2023-02-08,RTGS,114306.02,SG
TXN0004524,ACCT008479,CUST004782,CASE001147,2023-02-08,RTGS,133496.59,HK
TXN0004525,ACCT008479,CUST004782,CASE001601,2023-02-08,RTGS,126138.91,GB
TXN0004526,ACCT008479,CUST004782,CASE004871,2023-02-08,RTGS,94702.6,US
TXN0004527,ACCT007466,CUST000256,CASE002554,2024-12-21,RTGS,85161.32,GB
TXN0004528,ACCT007466,CUST000256,CASE002257,2024-12-21,RTGS,77051.25,SG
TXN0004529,ACCT007466,CUST000256,CASE000027,2024-12-21,RTGS,50889.06,AE
TXN0004530,ACCT007466,CUST000256,CASE000057,2024-12-21,RTGS,67600.92,HK
TXN0004531,ACCT007466,CUST000256,CASE002144,2024-12-21,RTGS,28969.76,SG
TXN0004532,ACCT007466,CUST000256,CASE004999,2024-12-21,RTGS,75416.26,US
TXN0004533,ACCT008383,CUST001771,CASE003928,2023-03-06,RTGS,44206.51,AE
TXN0004534,ACCT008383,CUST001771,CASE000433,2023-03-06,RTGS,41259.16,IN
TXN0004535,ACCT008383,CUST001771,CASE004039,2023-03-06,RTGS,89118.16,GB
TXN0004536,ACCT008383,CUST001771,CASE001960,2023-03-06,RTGS,184422.26,GB
TXN0004537,ACCT008383,CUST001771,CASE003744,2023-03-06,RTGS,138797.58,AE
TXN0004538,ACCT008383,CUST001771,CASE001694,2023-03-06,RTGS,31178.42,HK
TXN0004539,ACCT006992,CUST003167,CASE000486,2024-04-21,RTGS,44179.01,SG
TXN0004540,ACCT006992,CUST003167,CASE001198,2024-04-21,RTGS,140680.22,GB
TXN0004541,ACCT006992,CUST003167,CASE000368,2024-04-21,RTGS,44368.7,SG
TXN0004542,ACCT006992,CUST003167,CASE002133,2024-04-21,RTGS,69912.66,HK
TXN0004543,ACCT006992,CUST003167,CASE002922,2024-04-21,RTGS,111280.93,AE
TXN0004544,ACCT006992,CUST003167,CASE001154,2024-04-21,RTGS,44746.8,AE
TXN0004545,ACCT005998,CUST001817,CASE000430,2023-07-22,RTGS,85221.35,SG
TXN0004546,ACCT005998,CUST001817,CASE004615,2023-07-22,RTGS,35931.39,HK
TXN0004547,ACCT005998,CUST001817,CASE002501,2023-07-22,RTGS,55768.32,SG
TXN0004548,ACCT005998,CUST001817,CASE001596,2023-07-22,RTGS,96920.96,GB
TXN0004549,ACCT005998,CUST001817,CASE004813,2023-07-22,RTGS,30760.47,HK
TXN0004550,ACCT005998,CUST001817,CASE001189,2023-07-22,RTGS,104199.93,HK
TXN0004551,ACCT006224,CUST005905,CASE000209,2024-10-01,RTGS,79062.92,US
TXN0004552,ACCT006224,CUST005905,CASE001281,2024-10-01,RTGS,111443.82,HK
TXN0004553,ACCT006224,CUST005905,CASE000091,2024-10-01,RTGS,91503.31,GB
TXN0004554,ACCT006224,CUST005905,CASE000735,2024-10-01,RTGS,181364.88,SG
TXN0004555,ACCT006224,CUST005905,CASE000938,2024-10-01,RTGS,86242.35,HK
TXN0004556,ACCT006224,CUST005905,CASE000747,2024-10-01,RTGS,61829.67,IN
TXN0004557,ACCT001459,CUST000814,CASE003558,2024-06-28,RTGS,86091.02,SG
TXN0004558,ACCT001459,CUST000814,CASE002544,2024-06-28,RTGS,110830.88,GB
TXN0004559,ACCT001459,CUST000814,CASE001282,2024-06-28,RTGS,82380.0,GB
TXN0004560,ACCT001459,CUST000814,CASE002364,2024-06-28,RTGS,81972.32,AE
TXN0004561,ACCT001459,CUST000814,CASE000334,2024-06-28,RTGS,52500.97,IN
TXN0004562,ACCT001459,CUST000814,CASE001042,2024-06-28,RTGS,53746.91,US
TXN0004563,ACCT003001,CUST001561,CASE004266,2023-05-10,RTGS,34482.9,SG
TXN0004564,ACCT003001,CUST001561,CASE002950,2023-05-10,RTGS,228554.04,HK
TXN0004565,ACCT003001,CUST001561,CASE004406,2023-05-10,RTGS,37928.72,GB
TXN0004566,ACCT003001,CUST001561,CASE004696,2023-05-10,RTGS,52787.98,SG
TXN0004567,ACCT003001,CUST001561,CASE004607,2023-05-10,RTGS,51986.41,US
TXN0004568,ACCT003001,CUST001561,CASE001275,2023-05-10,RTGS,136863.11,SG
TXN0004569,ACCT007907,CUST005045,CASE002639,2023-08-05,RTGS,67024.41,AE
TXN0004570,ACCT007907,CUST005045,CASE003648,2023-08-05,RTGS,169130.72,HK
TXN0004571,ACCT007907,CUST005045,CASE003262,2023-08-05,RTGS,53406.49,SG
TXN0004572,ACCT007907,CUST005045,CASE000837,2023-08-05,RTGS,94577.83,AE
TXN0004573,ACCT007907,CUST005045,CASE004204,2023-08-05,RTGS,48463.86,GB
TXN0004574,ACCT007907,CUST005045,CASE003569,2023-08-05,RTGS,289778.29,AE
TXN0004575,ACCT003083,CUST003776,CASE003342,2023-11-29,RTGS,39231.01,HK
TXN0004576,ACCT003083,CUST003776,CASE003720,2023-11-29,RTGS,96343.42,IN
TXN0004577,ACCT003083,CUST003776,CASE000658,2023-11-29,RTGS,117013.9,GB
TXN0004578,ACCT003083,CUST003776,CASE000642,2023-11-29,RTGS,102545.45,AE
TXN0004579,ACCT003083,CUST003776,CASE000585,2023-11-29,RTGS,71582.74,AE
TXN0004580,ACCT003083,CUST003776,CASE004226,2023-11-29,RTGS,74005.12,HK
TXN0004581,ACCT003445,CUST003205,CASE001463,2024-05-12,RTGS,82130.83,IN
TXN0004582,ACCT003445,CUST003205,CASE002354,2024-05-12,RTGS,73246.13,GB
TXN0004583,ACCT003445,CUST003205,CASE001758,2024-05-12,RTGS,142644.3,SG
TXN0004584,ACCT003445,CUST003205,CASE002717,2024-05-12,RTGS,301370.51,HK
TXN0004585,ACCT003445,CUST003205,CASE004620,2024-05-12,RTGS,57255.95,US
TXN0004586,ACCT003445,CUST003205,CASE001893,2024-05-12,RTGS,35168.29,US
TXN0004587,ACCT008526,CUST005310,CASE002966,2023-06-05,RTGS,75872.74,AE
TXN0004588,ACCT008526,CUST005310,CASE002346,2023-06-05,RTGS,376098.94,AE
TXN0004589,ACCT008526,CUST005310,CASE001576,2023-06-05,RTGS,49393.65,SG
TXN0004590,ACCT008526,CUST005310,CASE002783,2023-06-05,RTGS,213897.46,AE
TXN0004591,ACCT008526,CUST005310,CASE002884,2023-06-05,RTGS,218907.03,IN
TXN0004592,ACCT008526,CUST005310,CASE001604,2023-06-05,RTGS,57390.21,GB
TXN0004593,ACCT006223,CUST000819,CASE003544,2023-11-23,RTGS,112552.13,US
TXN0004594,ACCT006223,CUST000819,CASE002096,2023-11-23,RTGS,212526.06,HK
TXN0004595,ACCT006223,CUST000819,CASE002933,2023-11-23,RTGS,63723.28,HK
TXN0004596,ACCT006223,CUST000819,CASE003402,2023-11-23,RTGS,70801.37,IN
TXN0004597,ACCT006223,CUST000819,CASE004470,2023-11-23,RTGS,56430.97,IN
TXN0004598,ACCT006223,CUST000819,CASE000319,2023-11-23,RTGS,43517.91,AE
TXN0004599,ACCT000332,CUST004745,CASE000841,2023-05-07,RTGS,54188.03,GB
TXN0004600,ACCT000332,CUST004745,CASE001718,2023-05-07,RTGS,38384.84,US
TXN0004601,ACCT000332,CUST004745,CASE002977,2023-05-07,RTGS,81652.85,IN
TXN0004602,ACCT000332,CUST004745,CASE000791,2023-05-07,RTGS,50402.6,HK
TXN0004603,ACCT000332,CUST004745,CASE001839,2023-05-07,RTGS,92046.9,AE
TXN0004604,ACCT000332,CUST004745,CASE001256,2023-05-07,RTGS,31452.84,US
TXN0004605,ACCT004250,CUST001795,CASE001037,2023-03-18,RTGS,97568.51,AE
TXN0004606,ACCT004250,CUST001795,CASE001890,2023-03-18,RTGS,131913.18,GB
TXN0004607,ACCT004250,CUST001795,CASE003379,2023-03-18,RTGS,24186.27,GB
TXN0004608,ACCT004250,CUST001795,CASE000933,2023-03-18,RTGS,100129.12,SG
TXN0004609,ACCT004250,CUST001795,CASE002617,2023-03-18,RTGS,167105.95,AE
TXN0004610,ACCT004250,CUST001795,CASE000872,2023-03-18,RTGS,38715.58,SG
TXN0004611,ACCT000596,CUST000695,CASE001022,2023-07-27,RTGS,218234.48,US
TXN0004612,ACCT000596,CUST000695,CASE004002,2023-07-27,RTGS,102867.12,US
TXN0004613,ACCT000596,CUST000695,CASE004045,2023-07-27,RTGS,52405.92,US
TXN0004614,ACCT000596,CUST000695,CASE000265,2023-07-27,RTGS,77367.38,IN
TXN0004615,ACCT000596,CUST000695,CASE002892,2023-07-27,RTGS,111834.8,US
TXN0004616,ACCT000596,CUST000695,CASE001705,2023-07-27,RTGS,83732.72,AE
TXN0004617,ACCT008794,CUST005819,CASE001604,2023-08-20,RTGS,110529.25,AE
TXN0004618,ACCT008794,CUST005819,CASE001558,2023-08-20,RTGS,46045.15,SG
TXN0004619,ACCT008794,CUST005819,CASE002202,2023-08-20,RTGS,88556.71,HK
TXN0004620,ACCT008794,CUST005819,CASE001701,2023-08-20,RTGS,34253.81,AE
TXN0004621,ACCT008794,CUST005819,CASE004610,2023-08-20,RTGS,74835.4,GB
TXN0004622,ACCT008794,CUST005819,CASE000710,2023-08-20,RTGS,46510.68,IN
TXN0004623,ACCT005591,CUST002817,CASE004650,2023-12-12,RTGS,51455.05,HK
TXN0004624,ACCT005591,CUST002817,CASE001442,2023-12-12,RTGS,167952.72,AE
TXN0004625,ACCT005591,CUST002817,CASE000821,2023-12-12,RTGS,153978.46,SG
TXN0004626,ACCT005591,CUST002817,CASE002792,2023-12-12,RTGS,115296.78,SG
TXN0004627,ACCT005591,CUST002817,CASE003720,2023-12-12,RTGS,41539.26,US
TXN0004628,ACCT005591,CUST002817,CASE003581,2023-12-12,RTGS,66166.98,GB
TXN0004629,ACCT002649,CUST002226,CASE000055,2024-05-04,RTGS,165651.35,AE
TXN0004630,ACCT002649,CUST002226,CASE002702,2024-05-04,RTGS,87099.99,HK
TXN0004631,ACCT002649,CUST002226,CASE000180,2024-05-04,RTGS,321701.58,GB
TXN0004632,ACCT002649,CUST002226,CASE000120,2024-05-04,RTGS,101293.0,US
TXN0004633,ACCT002649,CUST002226,CASE003552,2024-05-04,RTGS,89770.47,US
TXN0004634,ACCT002649,CUST002226,CASE004913,2024-05-04,RTGS,66457.11,GB
TXN0004635,ACCT000204,CUST004364,CASE004059,2024-01-10,RTGS,86673.76,US
TXN0004636,ACCT000204,CUST004364,CASE004666,2024-01-10,RTGS,73006.23,US
TXN0004637,ACCT000204,CUST004364,CASE004298,2024-01-10,RTGS,122350.74,IN
TXN0004638,ACCT000204,CUST004364,CASE004655,2024-01-10,RTGS,142031.38,SG
TXN0004639,ACCT000204,CUST004364,CASE002236,2024-01-10,RTGS,49920.56,HK
TXN0004640,ACCT000204,CUST004364,CASE001420,2024-01-10,RTGS,35991.65,AE
TXN0004641,ACCT001368,CUST001083,CASE000296,2024-04-09,RTGS,26583.84,AE
TXN0004642,ACCT001368,CUST001083,CASE000746,2024-04-09,RTGS,108507.73,SG
TXN0004643,ACCT001368,CUST001083,CASE000927,2024-04-09,RTGS,41264.67,HK
TXN0004644,ACCT001368,CUST001083,CASE004258,2024-04-09,RTGS,21983.5,HK
TXN0004645,ACCT001368,CUST001083,CASE003712,2024-04-09,RTGS,101005.38,AE
TXN0004646,ACCT001368,CUST001083,CASE001675,2024-04-09,RTGS,357032.33,AE
TXN0004647,ACCT007759,CUST000256,CASE004135,2023-01-27,RTGS,79709.13,US
TXN0004648,ACCT007759,CUST000256,CASE003346,2023-01-27,RTGS,132306.49,HK
TXN0004649,ACCT007759,CUST000256,CASE003546,2023-01-27,RTGS,84025.83,US
TXN0004650,ACCT007759,CUST000256,CASE004419,2023-01-27,RTGS,75391.37,GB
TXN0004651,ACCT007759,CUST000256,CASE001742,2023-01-27,RTGS,138860.87,IN
TXN0004652,ACCT007759,CUST000256,CASE003156,2023-01-27,RTGS,67212.68,AE
TXN0004653,ACCT001099,CUST005428,CASE002905,2023-02-16,RTGS,93921.75,IN
TXN0004654,ACCT001099,CUST005428,CASE002074,2023-02-16,RTGS,97032.44,HK
TXN0004655,ACCT001099,CUST005428,CASE003298,2023-02-16,RTGS,53579.81,GB
TXN0004656,ACCT001099,CUST005428,CASE002378,2023-02-16,RTGS,145075.17,GB
TXN0004657,ACCT001099,CUST005428,CASE000641,2023-02-16,RTGS,72027.7,IN
TXN0004658,ACCT001099,CUST005428,CASE002898,2023-02-16,RTGS,50834.72,HK
TXN0004659,ACCT001088,CUST003346,CASE001679,2024-05-29,RTGS,110380.4,GB
TXN0004660,ACCT001088,CUST003346,CASE001179,2024-05-29,RTGS,46662.73,HK
TXN0004661,ACCT001088,CUST003346,CASE004697,2024-05-29,RTGS,81364.2,HK
TXN0004662,ACCT001088,CUST003346,CASE004565,2024-05-29,RTGS,79563.48,GB
TXN0004663,ACCT001088,CUST003346,CASE004737,2024-05-29,RTGS,153479.03,SG
TXN0004664,ACCT001088,CUST003346,CASE003138,2024-05-29,RTGS,106361.7,US
TXN0004665,ACCT003098,CUST005475,CASE002453,2023-09-15,RTGS,78807.68,AE
TXN0004666,ACCT003098,CUST005475,CASE001320,2023-09-15,RTGS,130671.48,AE
TXN0004667,ACCT003098,CUST005475,CASE002145,2023-09-15,RTGS,184223.77,US
TXN0004668,ACCT003098,CUST005475,CASE002732,2023-09-15,RTGS,111800.14,AE
TXN0004669,ACCT003098,CUST005475,CASE001383,2023-09-15,RTGS,80498.47,SG
TXN0004670,ACCT003098,CUST005475,CASE003550,2023-09-15,RTGS,36412.97,IN
TXN0004671,ACCT002277,CUST005225,CASE004196,2024-05-14,RTGS,42222.72,IN
TXN0004672,ACCT002277,CUST005225,CASE002233,2024-05-14,RTGS,66612.47,IN
TXN0004673,ACCT002277,CUST005225,CASE002597,2024-05-14,RTGS,55496.46,IN
TXN0004674,ACCT002277,CUST005225,CASE000851,2024-05-14,RTGS,71510.47,SG
TXN0004675,ACCT002277,CUST005225,CASE002935,2024-05-14,RTGS,82765.94,IN
TXN0004676,ACCT002277,CUST005225,CASE000117,2024-05-14,RTGS,109929.83,GB
TXN0004677,ACCT003968,CUST003518,CASE003926,2024-06-07,RTGS,76686.63,GB
TXN0004678,ACCT003968,CUST003518,CASE001324,2024-06-07,RTGS,107117.63,US
TXN0004679,ACCT003968,CUST003518,CASE001796,2024-06-07,RTGS,83155.41,HK
TXN0004680,ACCT003968,CUST003518,CASE000592,2024-06-07,RTGS,24452.85,AE
TXN0004681,ACCT003968,CUST003518,CASE003375,2024-06-07,RTGS,45532.46,SG
TXN0004682,ACCT003968,CUST003518,CASE001112,2024-06-07,RTGS,73374.33,SG
TXN0004683,ACCT004374,CUST002842,CASE004710,2024-06-19,RTGS,38714.33,GB
TXN0004684,ACCT004374,CUST002842,CASE002338,2024-06-19,RTGS,114661.45,SG
TXN0004685,ACCT004374,CUST002842,CASE004913,2024-06-19,RTGS,200432.42,GB
TXN0004686,ACCT004374,CUST002842,CASE000108,2024-06-19,RTGS,166215.27,SG
TXN0004687,ACCT004374,CUST002842,CASE002077,2024-06-19,RTGS,70383.64,IN
TXN0004688,ACCT004374,CUST002842,CASE000686,2024-06-19,RTGS,195676.41,HK
TXN0004689,ACCT004530,CUST004692,CASE001944,2023-04-18,RTGS,87463.99,US
TXN0004690,ACCT004530,CUST004692,CASE004325,2023-04-18,RTGS,65351.15,GB
TXN0004691,ACCT004530,CUST004692,CASE001522,2023-04-18,RTGS,55367.07,HK
TXN0004692,ACCT004530,CUST004692,CASE004122,2023-04-18,RTGS,66722.67,AE
TXN0004693,ACCT004530,CUST004692,CASE004657,2023-04-18,RTGS,63378.24,IN
TXN0004694,ACCT004530,CUST004692,CASE004497,2023-04-18,RTGS,88612.8,IN
TXN0004695,ACCT002498,CUST004097,CASE003194,2023-08-27,RTGS,88091.06,IN
TXN0004696,ACCT002498,CUST004097,CASE001308,2023-08-27,RTGS,80146.34,US
TXN0004697,ACCT002498,CUST004097,CASE004960,2023-08-27,RTGS,103979.06,HK
TXN0004698,ACCT002498,CUST004097,CASE001323,2023-08-27,RTGS,163434.84,IN
TXN0004699,ACCT002498,CUST004097,CASE004809,2023-08-27,RTGS,141423.53,GB
TXN0004700,ACCT002498,CUST004097,CASE004976,2023-08-27,RTGS,32821.63,HK
TXN0004701,ACCT004045,CUST003801,CASE002607,2023-10-06,RTGS,17282.15,US
TXN0004702,ACCT004045,CUST003801,CASE000613,2023-10-06,RTGS,140136.73,HK
TXN0004703,ACCT004045,CUST003801,CASE001747,2023-10-06,RTGS,35230.05,AE
TXN0004704,ACCT004045,CUST003801,CASE003604,2023-10-06,RTGS,69907.11,IN
TXN0004705,ACCT004045,CUST003801,CASE002870,2023-10-06,RTGS,39644.76,AE
TXN0004706,ACCT004045,CUST003801,CASE004087,2023-10-06,RTGS,27135.38,US
TXN0004707,ACCT000028,CUST003437,CASE000422,2024-02-17,RTGS,110708.9,SG
TXN0004708,ACCT000028,CUST003437,CASE003832,2024-02-17,RTGS,126156.06,HK
TXN0004709,ACCT000028,CUST003437,CASE004509,2024-02-17,RTGS,56606.31,HK
TXN0004710,ACCT000028,CUST003437,CASE003013,2024-02-17,RTGS,16901.48,AE
TXN0004711,ACCT000028,CUST003437,CASE000708,2024-02-17,RTGS,57643.64,HK
TXN0004712,ACCT000028,CUST003437,CASE000291,2024-02-17,RTGS,101201.04,GB
TXN0004713,ACCT005298,CUST002381,CASE001861,2023-06-28,RTGS,32939.74,IN
TXN0004714,ACCT005298,CUST002381,CASE001636,2023-06-28,RTGS,89303.67,AE
TXN0004715,ACCT005298,CUST002381,CASE003136,2023-06-28,RTGS,79268.49,US
TXN0004716,ACCT005298,CUST002381,CASE002226,2023-06-28,RTGS,113250.43,HK
TXN0004717,ACCT005298,CUST002381,CASE000551,2023-06-28,RTGS,85950.78,AE
TXN0004718,ACCT005298,CUST002381,CASE000574,2023-06-28,RTGS,44620.14,IN
TXN0004719,ACCT001499,CUST001430,CASE004122,2024-04-07,RTGS,164016.91,AE
TXN0004720,ACCT001499,CUST001430,CASE004419,2024-04-07,RTGS,72741.27,GB
TXN0004721,ACCT001499,CUST001430,CASE001294,2024-04-07,RTGS,78700.06,AE
TXN0004722,ACCT001499,CUST001430,CASE003542,2024-04-07,RTGS,45698.52,AE
TXN0004723,ACCT001499,CUST001430,CASE003015,2024-04-07,RTGS,61317.01,SG
TXN0004724,ACCT001499,CUST001430,CASE000145,2024-04-07,RTGS,47046.9,US
TXN0004725,ACCT000481,CUST001470,CASE004657,2023-06-10,RTGS,72114.78,IN
TXN0004726,ACCT000481,CUST001470,CASE000624,2023-06-10,RTGS,223419.62,SG
TXN0004727,ACCT000481,CUST001470,CASE002807,2023-06-10,RTGS,35124.05,AE
TXN0004728,ACCT000481,CUST001470,CASE003540,2023-06-10,RTGS,30383.2,HK
TXN0004729,ACCT000481,CUST001470,CASE001698,2023-06-10,RTGS,193393.86,HK
TXN0004730,ACCT000481,CUST001470,CASE003431,2023-06-10,RTGS,70557.81,GB
TXN0004731,ACCT005386,CUST005939,CASE002661,2023-03-06,RTGS,53548.24,AE
TXN0004732,ACCT005386,CUST005939,CASE004220,2023-03-06,RTGS,149301.75,GB
TXN0004733,ACCT005386,CUST005939,CASE001742,2023-03-06,RTGS,55626.37,AE
TXN0004734,ACCT005386,CUST005939,CASE001773,2023-03-06,RTGS,239279.53,SG
TXN0004735,ACCT005386,CUST005939,CASE002630,2023-03-06,RTGS,120154.95,GB
TXN0004736,ACCT005386,CUST005939,CASE004880,2023-03-06,RTGS,59696.88,HK
TXN0004737,ACCT003469,CUST002854,CASE004884,2024-07-07,RTGS,291900.08,HK
TXN0004738,ACCT003469,CUST002854,CASE003590,2024-07-07,RTGS,55623.05,HK
TXN0004739,ACCT003469,CUST002854,CASE004504,2024-07-07,RTGS,124871.33,AE
TXN0004740,ACCT003469,CUST002854,CASE002839,2024-07-07,RTGS,95736.74,AE
TXN0004741,ACCT003469,CUST002854,CASE004977,2024-07-07,RTGS,174700.21,HK
TXN0004742,ACCT003469,CUST002854,CASE003175,2024-07-07,RTGS,204165.99,SG
TXN0004743,ACCT007098,CUST001540,CASE001177,2023-08-13,RTGS,81551.04,AE
TXN0004744,ACCT007098,CUST001540,CASE002650,2023-08-13,RTGS,50905.75,SG
TXN0004745,ACCT007098,CUST001540,CASE001275,2023-08-13,RTGS,105426.07,SG
TXN0004746,ACCT007098,CUST001540,CASE003771,2023-08-13,RTGS,53271.28,US
TXN0004747,ACCT007098,CUST001540,CASE000069,2023-08-13,RTGS,267751.41,HK
TXN0004748,ACCT007098,CUST001540,CASE000120,2023-08-13,RTGS,86829.62,IN
TXN0004749,ACCT003225,CUST000801,CASE000172,2023-04-21,RTGS,64253.34,AE
TXN0004750,ACCT003225,CUST000801,CASE004679,2023-04-21,RTGS,89374.45,IN
TXN0004751,ACCT003225,CUST000801,CASE000838,2023-04-21,RTGS,35650.06,IN
TXN0004752,ACCT003225,CUST000801,CASE001028,2023-04-21,RTGS,44659.11,HK
TXN0004753,ACCT003225,CUST000801,CASE001647,2023-04-21,RTGS,164395.48,HK
TXN0004754,ACCT003225,CUST000801,CASE001370,2023-04-21,RTGS,53940.96,HK
TXN0004755,ACCT002504,CUST002729,CASE001536,2024-07-21,RTGS,42686.39,HK
TXN0004756,ACCT002504,CUST002729,CASE002567,2024-07-21,RTGS,110389.86,SG
TXN0004757,ACCT002504,CUST002729,CASE003175,2024-07-21,RTGS,162950.93,HK
TXN0004758,ACCT002504,CUST002729,CASE004176,2024-07-21,RTGS,123149.45,GB
TXN0004759,ACCT002504,CUST002729,CASE003552,2024-07-21,RTGS,145424.24,HK
TXN0004760,ACCT002504,CUST002729,CASE003194,2024-07-21,RTGS,50802.7,HK
TXN0004761,ACCT003047,CUST005919,CASE003346,2023-10-28,RTGS,34087.82,GB
TXN0004762,ACCT003047,CUST005919,CASE000040,2023-10-28,RTGS,196925.76,IN
TXN0004763,ACCT003047,CUST005919,CASE001689,2023-10-28,RTGS,65918.47,AE
TXN0004764,ACCT003047,CUST005919,CASE004000,2023-10-28,RTGS,68822.23,US
TXN0004765,ACCT003047,CUST005919,CASE000776,2023-10-28,RTGS,177495.12,HK
TXN0004766,ACCT003047,CUST005919,CASE001401,2023-10-28,RTGS,111694.18,GB
TXN0004767,ACCT006833,CUST003413,CASE000989,2024-06-01,RTGS,105168.02,US
TXN0004768,ACCT006833,CUST003413,CASE000578,2024-06-01,RTGS,293250.75,SG
TXN0004769,ACCT006833,CUST003413,CASE000771,2024-06-01,RTGS,54375.61,US
TXN0004770,ACCT006833,CUST003413,CASE000980,2024-06-01,RTGS,139592.95,SG
TXN0004771,ACCT006833,CUST003413,CASE002906,2024-06-01,RTGS,82783.98,HK
TXN0004772,ACCT006833,CUST003413,CASE003407,2024-06-01,RTGS,93989.4,GB
TXN0004773,ACCT003422,CUST005020,CASE004778,2024-02-28,RTGS,200158.13,SG
TXN0004774,ACCT003422,CUST005020,CASE003264,2024-02-28,RTGS,108497.6,IN
TXN0004775,ACCT003422,CUST005020,CASE004223,2024-02-28,RTGS,110498.76,AE
TXN0004776,ACCT003422,CUST005020,CASE004111,2024-02-28,RTGS,152251.09,HK
TXN0004777,ACCT003422,CUST005020,CASE003310,2024-02-28,RTGS,64267.56,IN
TXN0004778,ACCT003422,CUST005020,CASE000694,2024-02-28,RTGS,48351.67,IN
TXN0004779,ACCT006232,CUST001226,CASE003020,2023-10-25,RTGS,42740.25,US
TXN0004780,ACCT006232,CUST001226,CASE001557,2023-10-25,RTGS,24586.87,AE
TXN0004781,ACCT006232,CUST001226,CASE003702,2023-10-25,RTGS,274719.59,US
TXN0004782,ACCT006232,CUST001226,CASE004483,2023-10-25,RTGS,41268.59,US
TXN0004783,ACCT006232,CUST001226,CASE000355,2023-10-25,RTGS,70054.57,HK
TXN0004784,ACCT006232,CUST001226,CASE001567,2023-10-25,RTGS,67757.74,IN
TXN0004785,ACCT003647,CUST001720,CASE000584,2023-08-10,RTGS,96203.97,IN
TXN0004786,ACCT003647,CUST001720,CASE000404,2023-08-10,RTGS,130512.49,AE
TXN0004787,ACCT003647,CUST001720,CASE001742,2023-08-10,RTGS,134063.12,IN
TXN0004788,ACCT003647,CUST001720,CASE001920,2023-08-10,RTGS,56383.7,US
TXN0004789,ACCT003647,CUST001720,CASE004697,2023-08-10,RTGS,72367.23,SG
TXN0004790,ACCT003647,CUST001720,CASE001142,2023-08-10,RTGS,94781.53,US
TXN0004791,ACCT002525,CUST005806,CASE001249,2023-01-28,RTGS,68910.73,AE
TXN0004792,ACCT002525,CUST005806,CASE000375,2023-01-28,RTGS,209858.6,AE
TXN0004793,ACCT002525,CUST005806,CASE003045,2023-01-28,RTGS,107405.52,GB
TXN0004794,ACCT002525,CUST005806,CASE001824,2023-01-28,RTGS,124331.74,AE
TXN0004795,ACCT002525,CUST005806,CASE002944,2023-01-28,RTGS,119075.22,IN
TXN0004796,ACCT002525,CUST005806,CASE000983,2023-01-28,RTGS,161759.55,AE
TXN0004797,ACCT008145,CUST002376,CASE001996,2024-08-15,RTGS,89178.46,US
TXN0004798,ACCT008145,CUST002376,CASE004929,2024-08-15,RTGS,36742.26,AE
TXN0004799,ACCT008145,CUST002376,CASE004517,2024-08-15,RTGS,101680.89,HK
TXN0004800,ACCT008145,CUST002376,CASE003585,2024-08-15,RTGS,54120.47,US
TXN0004801,ACCT008145,CUST002376,CASE002015,2024-08-15,RTGS,58256.56,HK
TXN0004802,ACCT008145,CUST002376,CASE004517,2024-08-15,RTGS,113732.03,GB
TXN0004803,ACCT002988,CUST001099,CASE003344,2023-04-12,RTGS,168173.55,SG
TXN0004804,ACCT002988,CUST001099,CASE002496,2023-04-12,RTGS,81027.58,SG
TXN0004805,ACCT002988,CUST001099,CASE004170,2023-04-12,RTGS,96286.34,HK
TXN0004806,ACCT002988,CUST001099,CASE003765,2023-04-12,RTGS,222150.62,SG
TXN0004807,ACCT002988,CUST001099,CASE000194,2023-04-12,RTGS,92432.49,HK
TXN0004808,ACCT002988,CUST001099,CASE000191,2023-04-12,RTGS,381090.36,HK
TXN0004809,ACCT001059,CUST003540,CASE004637,2023-08-29,RTGS,112317.81,US
TXN0004810,ACCT001059,CUST003540,CASE004814,2023-08-29,RTGS,27814.82,US
TXN0004811,ACCT001059,CUST003540,CASE001157,2023-08-29,RTGS,125716.78,IN
TXN0004812,ACCT001059,CUST003540,CASE004835,2023-08-29,RTGS,100556.69,US
TXN0004813,ACCT001059,CUST003540,CASE000516,2023-08-29,RTGS,173448.08,AE
TXN0004814,ACCT001059,CUST003540,CASE000039,2023-08-29,RTGS,119813.39,US
TXN0004815,ACCT003894,CUST002148,CASE004793,2024-12-17,RTGS,73622.67,IN
TXN0004816,ACCT003894,CUST002148,CASE000690,2024-12-17,RTGS,38376.59,US
TXN0004817,ACCT003894,CUST002148,CASE000619,2024-12-17,RTGS,70570.53,GB
TXN0004818,ACCT003894,CUST002148,CASE004841,2024-12-17,RTGS,48024.65,HK
TXN0004819,ACCT003894,CUST002148,CASE001598,2024-12-17,RTGS,56470.17,IN
TXN0004820,ACCT003894,CUST002148,CASE000011,2024-12-17,RTGS,113883.24,HK
TXN0004821,ACCT004581,CUST003396,CASE000433,2024-03-19,RTGS,217885.42,SG
TXN0004822,ACCT004581,CUST003396,CASE001959,2024-03-19,RTGS,101375.31,AE
TXN0004823,ACCT004581,CUST003396,CASE000794,2024-03-19,RTGS,39036.49,US
TXN0004824,ACCT004581,CUST003396,CASE004673,2024-03-19,RTGS,104458.33,US
TXN0004825,ACCT004581,CUST003396,CASE001164,2024-03-19,RTGS,164022.81,GB
TXN0004826,ACCT004581,CUST003396,CASE002302,2024-03-19,RTGS,55487.45,GB
TXN0004827,ACCT001827,CUST002543,CASE000709,2024-09-10,RTGS,73819.01,GB
TXN0004828,ACCT001827,CUST002543,CASE004849,2024-09-10,RTGS,80708.15,AE
TXN0004829,ACCT001827,CUST002543,CASE001466,2024-09-10,RTGS,49953.25,SG
TXN0004830,ACCT001827,CUST002543,CASE004257,2024-09-10,RTGS,118036.62,GB
TXN0004831,ACCT001827,CUST002543,CASE002708,2024-09-10,RTGS,74400.13,IN
TXN0004832,ACCT001827,CUST002543,CASE001906,2024-09-10,RTGS,102898.81,AE
TXN0004833,ACCT008290,CUST003690,CASE004015,2023-03-22,RTGS,46971.04,IN
TXN0004834,ACCT008290,CUST003690,CASE003955,2023-03-22,RTGS,61531.65,GB
TXN0004835,ACCT008290,CUST003690,CASE000627,2023-03-22,RTGS,123403.0,IN
TXN0004836,ACCT008290,CUST003690,CASE003899,2023-03-22,RTGS,63964.4,HK
TXN0004837,ACCT008290,CUST003690,CASE001436,2023-03-22,RTGS,225474.02,HK
TXN0004838,ACCT008290,CUST003690,CASE004924,2023-03-22,RTGS,62943.97,SG
TXN0004839,ACCT005347,CUST002939,CASE004376,2023-04-10,RTGS,91545.62,AE
TXN0004840,ACCT005347,CUST002939,CASE002867,2023-04-10,RTGS,139991.42,IN
TXN0004841,ACCT005347,CUST002939,CASE001920,2023-04-10,RTGS,34158.35,SG
TXN0004842,ACCT005347,CUST002939,CASE004236,2023-04-10,RTGS,27814.05,IN
TXN0004843,ACCT005347,CUST002939,CASE003370,2023-04-10,RTGS,32028.72,SG
TXN0004844,ACCT005347,CUST002939,CASE003554,2023-04-10,RTGS,170643.59,HK
TXN0004845,ACCT008200,CUST001909,CASE000872,2023-08-02,RTGS,57449.81,AE
TXN0004846,ACCT008200,CUST001909,CASE000481,2023-08-02,RTGS,371276.18,IN
TXN0004847,ACCT008200,CUST001909,CASE001457,2023-08-02,RTGS,57024.33,US
TXN0004848,ACCT008200,CUST001909,CASE002773,2023-08-02,RTGS,89367.53,US
TXN0004849,ACCT008200,CUST001909,CASE000990,2023-08-02,RTGS,201803.13,IN
TXN0004850,ACCT008200,CUST001909,CASE004307,2023-08-02,RTGS,266582.13,IN
TXN0004851,ACCT001979,CUST003783,CASE000769,2024-10-04,RTGS,275594.0,SG
TXN0004852,ACCT001979,CUST003783,CASE000374,2024-10-04,RTGS,165181.75,AE
TXN0004853,ACCT001979,CUST003783,CASE003037,2024-10-04,RTGS,147889.32,AE
TXN0004854,ACCT001979,CUST003783,CASE004851,2024-10-04,RTGS,114153.36,HK
TXN0004855,ACCT001979,CUST003783,CASE001336,2024-10-04,RTGS,127618.24,US
TXN0004856,ACCT001979,CUST003783,CASE000798,2024-10-04,RTGS,57473.0,SG
TXN0004857,ACCT000789,CUST000886,CASE001152,2024-02-22,RTGS,48965.08,GB
TXN0004858,ACCT000789,CUST000886,CASE002758,2024-02-22,RTGS,79838.19,HK
TXN0004859,ACCT000789,CUST000886,CASE000669,2024-02-22,RTGS,72234.36,HK
TXN0004860,ACCT000789,CUST000886,CASE003134,2024-02-22,RTGS,60952.19,HK
TXN0004861,ACCT000789,CUST000886,CASE001171,2024-02-22,RTGS,121493.3,HK
TXN0004862,ACCT000789,CUST000886,CASE003253,2024-02-22,RTGS,141912.37,US
TXN0004863,ACCT002951,CUST000500,CASE004545,2023-12-26,RTGS,84358.09,US
TXN0004864,ACCT002951,CUST000500,CASE003839,2023-12-26,RTGS,194133.23,US
TXN0004865,ACCT002951,CUST000500,CASE000735,2023-12-26,RTGS,40326.68,US
TXN0004866,ACCT002951,CUST000500,CASE001629,2023-12-26,RTGS,71224.08,US
TXN0004867,ACCT002951,CUST000500,CASE002517,2023-12-26,RTGS,52035.87,HK
TXN0004868,ACCT002951,CUST000500,CASE000375,2023-12-26,RTGS,26104.42,SG
TXN0004869,ACCT000207,CUST005405,CASE003886,2024-05-18,RTGS,76128.16,AE
TXN0004870,ACCT000207,CUST005405,CASE004545,2024-05-18,RTGS,74364.46,IN
TXN0004871,ACCT000207,CUST005405,CASE004237,2024-05-18,RTGS,198362.56,AE
TXN0004872,ACCT000207,CUST005405,CASE001766,2024-05-18,RTGS,116805.91,IN
TXN0004873,ACCT000207,CUST005405,CASE002442,2024-05-18,RTGS,43272.38,US
TXN0004874,ACCT000207,CUST005405,CASE002549,2024-05-18,RTGS,243345.48,GB
TXN0004875,ACCT001514,CUST003449,CASE001918,2024-10-07,RTGS,166441.99,IN
TXN0004876,ACCT001514,CUST003449,CASE002422,2024-10-07,RTGS,113441.27,SG
TXN0004877,ACCT001514,CUST003449,CASE004646,2024-10-07,RTGS,69835.06,HK
TXN0004878,ACCT001514,CUST003449,CASE004823,2024-10-07,RTGS,44986.53,SG
TXN0004879,ACCT001514,CUST003449,CASE002685,2024-10-07,RTGS,63988.45,US
TXN0004880,ACCT001514,CUST003449,CASE001811,2024-10-07,RTGS,153741.99,SG
TXN0004881,ACCT000258,CUST005926,CASE000750,2024-08-13,RTGS,247838.77,US
TXN0004882,ACCT000258,CUST005926,CASE003439,2024-08-13,RTGS,201940.43,US
TXN0004883,ACCT000258,CUST005926,CASE002022,2024-08-13,RTGS,59663.29,SG
TXN0004884,ACCT000258,CUST005926,CASE000060,2024-08-13,RTGS,40864.27,IN
TXN0004885,ACCT000258,CUST005926,CASE000852,2024-08-13,RTGS,87056.59,US
TXN0004886,ACCT000258,CUST005926,CASE000732,2024-08-13,RTGS,27687.0,GB
TXN0004887,ACCT003246,CUST005569,CASE001757,2024-05-04,RTGS,97118.05,IN
TXN0004888,ACCT003246,CUST005569,CASE003187,2024-05-04,RTGS,73219.74,HK
TXN0004889,ACCT003246,CUST005569,CASE003906,2024-05-04,RTGS,60485.56,IN
TXN0004890,ACCT003246,CUST005569,CASE000871,2024-05-04,RTGS,30728.94,HK
TXN0004891,ACCT003246,CUST005569,CASE004558,2024-05-04,RTGS,108873.5,GB
TXN0004892,ACCT003246,CUST005569,CASE003390,2024-05-04,RTGS,58113.97,SG
TXN0004893,ACCT008823,CUST003418,CASE000254,2024-06-07,RTGS,39649.43,US
TXN0004894,ACCT008823,CUST003418,CASE004004,2024-06-07,RTGS,14277.28,AE
TXN0004895,ACCT008823,CUST003418,CASE002536,2024-06-07,RTGS,78690.13,US
TXN0004896,ACCT008823,CUST003418,CASE004194,2024-06-07,RTGS,231684.75,IN
TXN0004897,ACCT008823,CUST003418,CASE003189,2024-06-07,RTGS,216758.14,US
TXN0004898,ACCT008823,CUST003418,CASE004951,2024-06-07,RTGS,60810.89,AE
TXN0004899,ACCT004601,CUST003876,CASE000457,2023-07-17,RTGS,55740.08,SG
TXN0004900,ACCT004601,CUST003876,CASE003604,2023-07-17,RTGS,105984.32,AE
TXN0004901,ACCT004601,CUST003876,CASE004084,2023-07-17,RTGS,43947.48,HK
TXN0004902,ACCT004601,CUST003876,CASE000680,2023-07-17,RTGS,95880.42,AE
TXN0004903,ACCT004601,CUST003876,CASE001606,2023-07-17,RTGS,126681.34,GB
TXN0004904,ACCT004601,CUST003876,CASE001252,2023-07-17,RTGS,167032.19,IN
TXN0004905,ACCT001219,CUST000817,CASE002233,2023-11-14,RTGS,75334.2,US
TXN0004906,ACCT001219,CUST000817,CASE000898,2023-11-14,RTGS,70797.41,HK
TXN0004907,ACCT001219,CUST000817,CASE001587,2023-11-14,RTGS,47239.82,IN
TXN0004908,ACCT001219,CUST000817,CASE000513,2023-11-14,RTGS,48710.69,HK
TXN0004909,ACCT001219,CUST000817,CASE003198,2023-11-14,RTGS,69835.28,HK
TXN0004910,ACCT001219,CUST000817,CASE003080,2023-11-14,RTGS,99727.95,AE
TXN0004911,ACCT007175,CUST004407,CASE004470,2023-04-15,RTGS,138404.06,SG
TXN0004912,ACCT007175,CUST004407,CASE002833,2023-04-15,RTGS,49408.34,US
TXN0004913,ACCT007175,CUST004407,CASE000418,2023-04-15,RTGS,195906.94,SG
TXN0004914,ACCT007175,CUST004407,CASE000323,2023-04-15,RTGS,67989.45,SG
TXN0004915,ACCT007175,CUST004407,CASE000724,2023-04-15,RTGS,78980.92,AE
TXN0004916,ACCT007175,CUST004407,CASE002603,2023-04-15,RTGS,51095.66,HK
TXN0004917,ACCT005677,CUST002157,CASE000827,2023-10-26,RTGS,18680.54,GB
TXN0004918,ACCT005677,CUST002157,CASE002585,2023-10-26,RTGS,135972.66,HK
TXN0004919,ACCT005677,CUST002157,CASE003438,2023-10-26,RTGS,124478.5,HK
TXN0004920,ACCT005677,CUST002157,CASE002746,2023-10-26,RTGS,67574.46,HK
TXN0004921,ACCT005677,CUST002157,CASE000682,2023-10-26,RTGS,83281.05,IN
TXN0004922,ACCT005677,CUST002157,CASE000320,2023-10-26,RTGS,109026.41,HK
TXN0004923,ACCT001714,CUST000449,CASE002766,2024-02-10,RTGS,31327.59,GB
TXN0004924,ACCT001714,CUST000449,CASE004643,2024-02-10,RTGS,58241.32,AE
TXN0004925,ACCT001714,CUST000449,CASE004667,2024-02-10,RTGS,128841.82,HK
TXN0004926,ACCT001714,CUST000449,CASE004831,2024-02-10,RTGS,37692.19,AE
TXN0004927,ACCT001714,CUST000449,CASE001495,2024-02-10,RTGS,95407.9,SG
TXN0004928,ACCT001714,CUST000449,CASE001125,2024-02-10,RTGS,35448.38,SG
TXN0004929,ACCT006899,CUST002182,CASE000232,2023-03-02,RTGS,105835.35,GB
TXN0004930,ACCT006899,CUST002182,CASE001537,2023-03-02,RTGS,78307.37,SG
TXN0004931,ACCT006899,CUST002182,CASE002115,2023-03-02,RTGS,30354.58,US
TXN0004932,ACCT006899,CUST002182,CASE004225,2023-03-02,RTGS,160914.03,HK
TXN0004933,ACCT006899,CUST002182,CASE004129,2023-03-02,RTGS,51484.03,HK
TXN0004934,ACCT006899,CUST002182,CASE001567,2023-03-02,RTGS,49199.09,IN
TXN0004935,ACCT004144,CUST005826,CASE001320,2023-06-08,UPI,67686.90807560913,US
TXN0004936,ACCT004144,CUST005826,CASE001777,2023-06-08,IMPS,47009.307359772225,AE
TXN0004937,ACCT004144,CUST005826,CASE000028,2023-06-08,NEFT,54546.99802768722,IN
TXN0004938,ACCT004144,CUST005826,CASE004776,2023-06-08,CASH_DEPOSIT,30949.955098712544,US
TXN0004939,ACCT004144,CUST005826,CASE000079,2023-06-08,RTGS,169182.3,US
TXN0004940,ACCT004597,CUST005365,CASE003444,2023-01-06,UPI,32363.898191596585,SG
TXN0004941,ACCT004597,CUST005365,CASE004647,2023-01-06,IMPS,61685.27936017746,GB
TXN0004942,ACCT004597,CUST005365,CASE002491,2023-01-06,NEFT,25301.787663887608,IN
TXN0004943,ACCT004597,CUST005365,CASE000004,2023-01-06,CASH_DEPOSIT,41632.57760287388,AE
TXN0004944,ACCT004597,CUST005365,CASE003688,2023-01-06,RTGS,298812.92,US
TXN0004945,ACCT000611,CUST000379,CASE000462,2024-06-06,UPI,50534.63038984891,AE
TXN0004946,ACCT000611,CUST000379,CASE004618,2024-06-06,IMPS,56772.593335011356,IN
TXN0004947,ACCT000611,CUST000379,CASE003236,2024-06-06,NEFT,39545.52203152477,US
TXN0004948,ACCT000611,CUST000379,CASE004714,2024-06-06,CASH_DEPOSIT,58887.04649913281,IN
TXN0004949,ACCT000611,CUST000379,CASE001581,2024-06-06,RTGS,81543.96,US
TXN0004950,ACCT004370,CUST001153,CASE001091,2024-02-17,UPI,29384.29176076971,HK
TXN0004951,ACCT004370,CUST001153,CASE001589,2024-02-17,IMPS,23976.227124413388,HK
TXN0004952,ACCT004370,CUST001153,CASE003892,2024-02-17,NEFT,53588.44293904849,IN
TXN0004953,ACCT004370,CUST001153,CASE003750,2024-02-17,CASH_DEPOSIT,65858.82004699402,SG
TXN0004954,ACCT004370,CUST001153,CASE004897,2024-02-17,RTGS,155655.18,HK
TXN0004955,ACCT004902,CUST002821,CASE000814,2024-12-25,UPI,54446.83230844518,SG
TXN0004956,ACCT004902,CUST002821,CASE003786,2024-12-25,IMPS,55365.79554537503,US
TXN0004957,ACCT004902,CUST002821,CASE002170,2024-12-25,NEFT,56444.83092722652,IN
TXN0004958,ACCT004902,CUST002821,CASE001343,2024-12-25,CASH_DEPOSIT,32891.126918750786,HK
TXN0004959,ACCT004902,CUST002821,CASE000291,2024-12-25,RTGS,194013.01,SG
TXN0004960,ACCT008737,CUST001593,CASE002769,2024-09-16,UPI,36892.247249193315,IN
TXN0004961,ACCT008737,CUST001593,CASE002176,2024-09-16,IMPS,41497.83453458434,SG
TXN0004962,ACCT008737,CUST001593,CASE004397,2024-09-16,NEFT,24017.36331860463,US
TXN0004963,ACCT008737,CUST001593,CASE004848,2024-09-16,CASH_DEPOSIT,42095.194278879055,GB
TXN0004964,ACCT008737,CUST001593,CASE000205,2024-09-16,RTGS,227351.81,IN
TXN0004965,ACCT001850,CUST004957,CASE000510,2024-12-15,UPI,46277.91481513568,HK
TXN0004966,ACCT001850,CUST004957,CASE000662,2024-12-15,IMPS,61895.75229410062,SG
TXN0004967,ACCT001850,CUST004957,CASE001973,2024-12-15,NEFT,21097.56033913509,SG
TXN0004968,ACCT001850,CUST004957,CASE001736,2024-12-15,CASH_DEPOSIT,62923.15964015437,US
TXN0004969,ACCT001850,CUST004957,CASE004472,2024-12-15,RTGS,166750.76,GB
TXN0004970,ACCT001232,CUST005106,CASE003199,2024-12-27,UPI,20832.532827913376,AE
TXN0004971,ACCT001232,CUST005106,CASE003584,2024-12-27,IMPS,43737.78541868496,GB
TXN0004972,ACCT001232,CUST005106,CASE003605,2024-12-27,NEFT,59770.937844259344,AE
TXN0004973,ACCT001232,CUST005106,CASE001332,2024-12-27,CASH_DEPOSIT,40527.50574916539,HK
TXN0004974,ACCT001232,CUST005106,CASE001906,2024-12-27,RTGS,120351.74,IN
TXN0004975,ACCT000189,CUST002656,CASE002431,2023-07-07,UPI,35925.31903705297,SG
TXN0004976,ACCT000189,CUST002656,CASE002321,2023-07-07,IMPS,52765.13349265262,AE
TXN0004977,ACCT000189,CUST002656,CASE000345,2023-07-07,NEFT,61755.00611321651,US
TXN0004978,ACCT000189,CUST002656,CASE004926,2023-07-07,CASH_DEPOSIT,34795.76973554271,HK
TXN0004979,ACCT000189,CUST002656,CASE000834,2023-07-07,RTGS,91293.64,HK
TXN0004980,ACCT003084,CUST001379,CASE000025,2023-02-14,UPI,48313.75857143064,US
TXN0004981,ACCT003084,CUST001379,CASE004679,2023-02-14,IMPS,54754.13168608064,US
TXN0004982,ACCT003084,CUST001379,CASE002285,2023-02-14,NEFT,62259.288504218675,HK
TXN0004983,ACCT003084,CUST001379,CASE003813,2023-02-14,CASH_DEPOSIT,40968.58772193997,IN
TXN0004984,ACCT003084,CUST001379,CASE000968,2023-02-14,RTGS,157956.81,IN
TXN0004985,ACCT000650,CUST003626,CASE001336,2023-06-17,UPI,40198.39798252447,SG
TXN0004986,ACCT000650,CUST003626,CASE001090,2023-06-17,IMPS,54655.92354455422,IN
TXN0004987,ACCT000650,CUST003626,CASE004875,2023-06-17,NEFT,68964.93814718534,IN
TXN0004988,ACCT000650,CUST003626,CASE002839,2023-06-17,CASH_DEPOSIT,46333.655426592115,HK
TXN0004989,ACCT000650,CUST003626,CASE003061,2023-06-17,RTGS,78834.59,IN
TXN0004990,ACCT000898,CUST004535,CASE000604,2024-08-17,UPI,34890.8131845974,SG
TXN0004991,ACCT000898,CUST004535,CASE003132,2024-08-17,IMPS,62572.31348858389,GB
TXN0004992,ACCT000898,CUST004535,CASE003067,2024-08-17,NEFT,22063.152173575487,GB
TXN0004993,ACCT000898,CUST004535,CASE004071,2024-08-17,CASH_DEPOSIT,64798.90769585273,SG
TXN0004994,ACCT000898,CUST004535,CASE001268,2024-08-17,RTGS,25992.94,AE
TXN0004995,ACCT002684,CUST000485,CASE004656,2023-03-30,UPI,35965.829991056075,AE
TXN0004996,ACCT002684,CUST000485,CASE000180,2023-03-30,IMPS,48222.5577907743,SG
TXN0004997,ACCT002684,CUST000485,CASE000963,2023-03-30,NEFT,42974.18602900134,GB
TXN0004998,ACCT002684,CUST000485,CASE003215,2023-03-30,CASH_DEPOSIT,52103.466420661185,GB
TXN0004999,ACCT002684,CUST000485,CASE003739,2023-03-30,RTGS,194916.48,AE
TXN0005000,ACCT003548,CUST002437,CASE004980,2023-04-29,UPI,45970.673926315096,AE
TXN0005001,ACCT003548,CUST002437,CASE003814,2023-04-29,IMPS,31371.308061499574,HK
TXN0005002,ACCT003548,CUST002437,CASE003899,2023-04-29,NEFT,41022.1921993543,US
TXN0005003,ACCT003548,CUST002437,CASE003179,2023-04-29,CASH_DEPOSIT,66775.98676677501,US
TXN0005004,ACCT003548,CUST002437,CASE001676,2023-04-29,RTGS,258009.45,AE
TXN0005005,ACCT001913,CUST003086,CASE001280,2024-08-15,UPI,45267.51543690207,HK
TXN0005006,ACCT001913,CUST003086,CASE000289,2024-08-15,IMPS,68627.49857839747,HK
TXN0005007,ACCT001913,CUST003086,CASE002342,2024-08-15,NEFT,37950.099139010665,HK
TXN0005008,ACCT001913,CUST003086,CASE003597,2024-08-15,CASH_DEPOSIT,46482.77518852124,US
TXN0005009,ACCT001913,CUST003086,CASE003232,2024-08-15,RTGS,36338.43,SG
TXN0005010,ACCT001438,CUST005706,CASE003674,2024-08-25,UPI,33851.89746973877,US
TXN0005011,ACCT001438,CUST005706,CASE004409,2024-08-25,IMPS,33268.2224310633,GB
TXN0005012,ACCT001438,CUST005706,CASE004584,2024-08-25,NEFT,62373.04689456274,SG
TXN0005013,ACCT001438,CUST005706,CASE001183,2024-08-25,CASH_DEPOSIT,39925.60749719737,AE
TXN0005014,ACCT001438,CUST005706,CASE004019,2024-08-25,RTGS,81842.52,AE
TXN0005015,ACCT001768,CUST003281,CASE003222,2023-03-09,UPI,44027.14883174559,AE
TXN0005016,ACCT001768,CUST003281,CASE000557,2023-03-09,IMPS,69693.33545381782,SG
TXN0005017,ACCT001768,CUST003281,CASE003920,2023-03-09,NEFT,47989.478372887446,GB
TXN0005018,ACCT001768,CUST003281,CASE003645,2023-03-09,CASH_DEPOSIT,42065.96445313691,HK
TXN0005019,ACCT001768,CUST003281,CASE004786,2023-03-09,RTGS,217484.56,HK
TXN0005020,ACCT001268,CUST002404,CASE004399,2023-01-15,UPI,23365.693809045108,HK
TXN0005021,ACCT001268,CUST002404,CASE004658,2023-01-15,IMPS,44865.28586091516,HK
TXN0005022,ACCT001268,CUST002404,CASE004419,2023-01-15,NEFT,63744.270656187175,US
TXN0005023,ACCT001268,CUST002404,CASE003589,2023-01-15,CASH_DEPOSIT,53493.84605214707,GB
TXN0005024,ACCT001268,CUST002404,CASE001432,2023-01-15,RTGS,515497.56,IN
TXN0005025,ACCT000499,CUST001827,CASE002426,2024-05-31,UPI,43533.26511941404,HK
TXN0005026,ACCT000499,CUST001827,CASE000571,2024-05-31,IMPS,27212.07068224463,HK
TXN0005027,ACCT000499,CUST001827,CASE003334,2024-05-31,NEFT,33093.33174363864,SG
TXN0005028,ACCT000499,CUST001827,CASE003316,2024-05-31,CASH_DEPOSIT,46563.56234894338,SG
TXN0005029,ACCT000499,CUST001827,CASE002836,2024-05-31,RTGS,151883.16,AE
TXN0005030,ACCT002174,CUST000841,CASE001913,2023-02-19,UPI,64608.434316421335,GB
TXN0005031,ACCT002174,CUST000841,CASE004111,2023-02-19,IMPS,26267.844374711134,GB
TXN0005032,ACCT002174,CUST000841,CASE004356,2023-02-19,NEFT,51176.327558941004,GB
TXN0005033,ACCT002174,CUST000841,CASE003500,2023-02-19,CASH_DEPOSIT,53046.56949229695,SG
TXN0005034,ACCT002174,CUST000841,CASE002077,2023-02-19,RTGS,96914.92,HK
TXN0005035,ACCT006716,CUST001553,CASE000840,2024-09-19,UPI,59166.71827013713,HK
TXN0005036,ACCT006716,CUST001553,CASE002867,2024-09-19,IMPS,59993.19589370977,US
TXN0005037,ACCT006716,CUST001553,CASE003794,2024-09-19,NEFT,50704.129641794665,IN
TXN0005038,ACCT006716,CUST001553,CASE002743,2024-09-19,CASH_DEPOSIT,69787.2855132072,SG
TXN0005039,ACCT006716,CUST001553,CASE001508,2024-09-19,RTGS,134410.35,HK
TXN0005040,ACCT001276,CUST004637,CASE003161,2024-07-27,UPI,33148.136807564966,SG
TXN0005041,ACCT001276,CUST004637,CASE004925,2024-07-27,IMPS,27708.804565772196,SG
TXN0005042,ACCT001276,CUST004637,CASE001603,2024-07-27,NEFT,48061.76895362794,SG
TXN0005043,ACCT001276,CUST004637,CASE001954,2024-07-27,CASH_DEPOSIT,38969.476052745275,AE
TXN0005044,ACCT001276,CUST004637,CASE001474,2024-07-27,RTGS,342256.74,AE
TXN0005045,ACCT007588,CUST003143,CASE000662,2024-07-10,UPI,24127.096092072454,US
TXN0005046,ACCT007588,CUST003143,CASE000674,2024-07-10,IMPS,22993.197792442763,GB
TXN0005047,ACCT007588,CUST003143,CASE000422,2024-07-10,NEFT,50037.989288136494,IN
TXN0005048,ACCT007588,CUST003143,CASE002581,2024-07-10,CASH_DEPOSIT,32700.774313078433,SG
TXN0005049,ACCT007588,CUST003143,CASE003659,2024-07-10,RTGS,101804.75,GB
TXN0005050,ACCT004041,CUST004619,CASE001479,2023-08-14,UPI,27483.959034234766,AE
TXN0005051,ACCT004041,CUST004619,CASE000544,2023-08-14,IMPS,29411.756369245843,US
TXN0005052,ACCT004041,CUST004619,CASE004753,2023-08-14,NEFT,40794.63727408163,GB
TXN0005053,ACCT004041,CUST004619,CASE002040,2023-08-14,CASH_DEPOSIT,51183.98097065486,SG
TXN0005054,ACCT004041,CUST004619,CASE000082,2023-08-14,RTGS,92862.52,US
TXN0005055,ACCT006391,CUST002537,CASE004074,2024-04-11,UPI,60649.20237432612,AE
TXN0005056,ACCT006391,CUST002537,CASE003713,2024-04-11,IMPS,48881.445147281964,SG
TXN0005057,ACCT006391,CUST002537,CASE002744,2024-04-11,NEFT,33643.842472489196,HK
TXN0005058,ACCT006391,CUST002537,CASE001553,2024-04-11,CASH_DEPOSIT,43709.30318051159,HK
TXN0005059,ACCT006391,CUST002537,CASE001177,2024-04-11,RTGS,112279.26,SG
TXN0005060,ACCT004897,CUST000034,CASE004620,2023-11-01,UPI,33830.58255452383,US
TXN0005061,ACCT004897,CUST000034,CASE003110,2023-11-01,IMPS,50094.88249617981,HK
TXN0005062,ACCT004897,CUST000034,CASE003829,2023-11-01,NEFT,48683.465829832974,US
TXN0005063,ACCT004897,CUST000034,CASE003414,2023-11-01,CASH_DEPOSIT,68682.36893961465,AE
TXN0005064,ACCT004897,CUST000034,CASE002384,2023-11-01,RTGS,84659.57,HK
TXN0005065,ACCT005433,CUST004139,CASE004836,2024-01-25,UPI,66100.05414716907,US
TXN0005066,ACCT005433,CUST004139,CASE002193,2024-01-25,IMPS,28872.269461286538,SG
TXN0005067,ACCT005433,CUST004139,CASE001987,2024-01-25,NEFT,39441.99871566943,IN
TXN0005068,ACCT005433,CUST004139,CASE002295,2024-01-25,CASH_DEPOSIT,56393.5897238264,AE
TXN0005069,ACCT005433,CUST004139,CASE004745,2024-01-25,RTGS,161456.78,AE
TXN0005070,ACCT005009,CUST001702,CASE000363,2024-03-31,UPI,54273.81685641421,US
TXN0005071,ACCT005009,CUST001702,CASE000656,2024-03-31,IMPS,24602.409782049814,AE
TXN0005072,ACCT005009,CUST001702,CASE000607,2024-03-31,NEFT,21903.035186852903,SG
TXN0005073,ACCT005009,CUST001702,CASE004160,2024-03-31,CASH_DEPOSIT,69386.08524891819,SG
TXN0005074,ACCT005009,CUST001702,CASE001723,2024-03-31,RTGS,397598.37,HK
TXN0005075,ACCT004570,CUST002672,CASE000887,2023-01-25,UPI,34532.770156941275,GB
TXN0005076,ACCT004570,CUST002672,CASE001354,2023-01-25,IMPS,53460.7665732175,AE
TXN0005077,ACCT004570,CUST002672,CASE004403,2023-01-25,NEFT,20392.537564494687,HK
TXN0005078,ACCT004570,CUST002672,CASE000634,2023-01-25,CASH_DEPOSIT,43805.26861987599,US
TXN0005079,ACCT004570,CUST002672,CASE000379,2023-01-25,RTGS,182086.68,AE
TXN0005080,ACCT002596,CUST002903,CASE001982,2024-07-17,UPI,21329.197539318462,SG
TXN0005081,ACCT002596,CUST002903,CASE002351,2024-07-17,IMPS,45473.86316469345,AE
TXN0005082,ACCT002596,CUST002903,CASE002102,2024-07-17,NEFT,41307.76102382796,US
TXN0005083,ACCT002596,CUST002903,CASE001796,2024-07-17,CASH_DEPOSIT,41110.58953112552,IN
TXN0005084,ACCT002596,CUST002903,CASE001711,2024-07-17,RTGS,128924.01,AE
TXN0005085,ACCT003801,CUST000732,CASE001989,2024-02-28,UPI,60550.083017923316,HK
TXN0005086,ACCT003801,CUST000732,CASE003942,2024-02-28,IMPS,67927.7483706954,AE
TXN0005087,ACCT003801,CUST000732,CASE004490,2024-02-28,NEFT,57349.46487677279,SG
TXN0005088,ACCT003801,CUST000732,CASE003464,2024-02-28,CASH_DEPOSIT,28701.111032500077,GB
TXN0005089,ACCT003801,CUST000732,CASE002796,2024-02-28,RTGS,125907.63,US
TXN0005090,ACCT006875,CUST004491,CASE001688,2024-02-28,UPI,26929.80709352915,IN
TXN0005091,ACCT006875,CUST004491,CASE000655,2024-02-28,IMPS,54017.51133252056,AE
TXN0005092,ACCT006875,CUST004491,CASE002996,2024-02-28,NEFT,67632.39099846905,US
TXN0005093,ACCT006875,CUST004491,CASE001602,2024-02-28,CASH_DEPOSIT,50672.23672557583,GB
TXN0005094,ACCT006875,CUST004491,CASE001688,2024-02-28,RTGS,58716.5,IN
TXN0005095,ACCT008904,CUST000840,CASE002703,2023-04-03,UPI,25553.390878292368,HK
TXN0005096,ACCT008904,CUST000840,CASE003691,2023-04-03,IMPS,53149.026487977426,IN
TXN0005097,ACCT008904,CUST000840,CASE001528,2023-04-03,NEFT,44910.93942210605,SG
TXN0005098,ACCT008904,CUST000840,CASE002815,2023-04-03,CASH_DEPOSIT,64882.225138276066,SG
TXN0005099,ACCT008904,CUST000840,CASE002670,2023-04-03,RTGS,254805.67,GB
TXN0005100,ACCT007178,CUST004569,CASE000903,2023-02-23,UPI,31527.89065228736,SG
TXN0005101,ACCT007178,CUST004569,CASE003986,2023-02-23,IMPS,60020.72569967339,AE
TXN0005102,ACCT007178,CUST004569,CASE001070,2023-02-23,NEFT,53688.7881314354,SG
TXN0005103,ACCT007178,CUST004569,CASE002423,2023-02-23,CASH_DEPOSIT,39360.20843845855,SG
TXN0005104,ACCT007178,CUST004569,CASE001891,2023-02-23,RTGS,143155.72,US
TXN0005105,ACCT004584,CUST004642,CASE004207,2023-11-28,UPI,34335.685734146056,AE
TXN0005106,ACCT004584,CUST004642,CASE004691,2023-11-28,IMPS,60372.7628337445,IN
TXN0005107,ACCT004584,CUST004642,CASE004545,2023-11-28,NEFT,62844.555655939796,GB
TXN0005108,ACCT004584,CUST004642,CASE003902,2023-11-28,CASH_DEPOSIT,45171.24254704119,AE
TXN0005109,ACCT004584,CUST004642,CASE001560,2023-11-29,RTGS,134605.37,GB
TXN0005110,ACCT007759,CUST000256,CASE004022,2023-09-29,UPI,61922.11485926601,GB
TXN0005111,ACCT007759,CUST000256,CASE003186,2023-09-29,IMPS,50297.02572323906,SG
TXN0005112,ACCT007759,CUST000256,CASE000055,2023-09-29,NEFT,25522.163117640164,AE
TXN0005113,ACCT007759,CUST000256,CASE003596,2023-09-29,CASH_DEPOSIT,47489.726536439965,AE
TXN0005114,ACCT007759,CUST000256,CASE004484,2023-09-29,RTGS,1018921.34,IN
TXN0005115,ACCT004087,CUST004758,CASE002520,2023-12-04,UPI,66688.57482723518,US
TXN0005116,ACCT004087,CUST004758,CASE002564,2023-12-04,IMPS,22092.820547059044,US
TXN0005117,ACCT004087,CUST004758,CASE000959,2023-12-04,NEFT,56407.415097184334,US
TXN0005118,ACCT004087,CUST004758,CASE002189,2023-12-04,CASH_DEPOSIT,53151.467379402544,AE
TXN0005119,ACCT004087,CUST004758,CASE002831,2023-12-04,RTGS,179448.28,HK
TXN0005120,ACCT003096,CUST000278,CASE001411,2024-03-27,UPI,59410.37432350958,IN
TXN0005121,ACCT003096,CUST000278,CASE004168,2024-03-27,IMPS,63102.127358588645,HK
TXN0005122,ACCT003096,CUST000278,CASE000034,2024-03-27,NEFT,54323.61410712929,IN
TXN0005123,ACCT003096,CUST000278,CASE001465,2024-03-27,CASH_DEPOSIT,63600.7883921282,AE
TXN0005124,ACCT003096,CUST000278,CASE002941,2024-03-27,RTGS,95541.5,AE
TXN0005125,ACCT002734,CUST005005,CASE004718,2023-02-03,UPI,49321.86806017042,GB
TXN0005126,ACCT002734,CUST005005,CASE000404,2023-02-03,IMPS,39174.05723999758,US
TXN0005127,ACCT002734,CUST005005,CASE003479,2023-02-03,NEFT,21516.006995538548,HK
TXN0005128,ACCT002734,CUST005005,CASE000955,2023-02-03,CASH_DEPOSIT,62464.5257916244,IN
TXN0005129,ACCT002734,CUST005005,CASE002343,2023-02-03,RTGS,116142.83,HK
TXN0005130,ACCT008791,CUST001433,CASE002888,2023-05-21,UPI,60442.416245410575,US
TXN0005131,ACCT008791,CUST001433,CASE003991,2023-05-21,IMPS,58448.37588137962,AE
TXN0005132,ACCT008791,CUST001433,CASE003431,2023-05-21,NEFT,59527.236071291125,SG
TXN0005133,ACCT008791,CUST001433,CASE004219,2023-05-21,CASH_DEPOSIT,56810.93208599492,US
TXN0005134,ACCT008791,CUST001433,CASE002991,2023-05-21,RTGS,298778.57,HK
TXN0005135,ACCT007039,CUST005382,CASE001613,2024-08-27,UPI,29140.457013564002,IN
TXN0005136,ACCT007039,CUST005382,CASE002854,2024-08-27,IMPS,20994.860469782518,IN
TXN0005137,ACCT007039,CUST005382,CASE002788,2024-08-27,NEFT,54435.977155481596,IN
TXN0005138,ACCT007039,CUST005382,CASE001633,2024-08-27,CASH_DEPOSIT,61115.801769219855,AE
TXN0005139,ACCT007039,CUST005382,CASE000499,2024-08-27,RTGS,160548.73,GB
TXN0005140,ACCT005726,CUST001198,CASE003502,2023-04-30,UPI,65744.3818777857,US
TXN0005141,ACCT005726,CUST001198,CASE002572,2023-04-30,IMPS,58896.309869947494,HK
TXN0005142,ACCT005726,CUST001198,CASE003406,2023-04-30,NEFT,39079.58445581042,HK
TXN0005143,ACCT005726,CUST001198,CASE002084,2023-04-30,CASH_DEPOSIT,39827.48462753354,HK
TXN0005144,ACCT005726,CUST001198,CASE002278,2023-05-01,RTGS,63286.28,AE
TXN0005145,ACCT008275,CUST000731,CASE000111,2023-08-25,UPI,20867.320226522937,GB
TXN0005146,ACCT008275,CUST000731,CASE003634,2023-08-25,IMPS,30586.378261462567,SG
TXN0005147,ACCT008275,CUST000731,CASE002222,2023-08-25,NEFT,42367.32263512147,HK
TXN0005148,ACCT008275,CUST000731,CASE003889,2023-08-25,CASH_DEPOSIT,20862.089826884137,AE
TXN0005149,ACCT008275,CUST000731,CASE001461,2023-08-25,RTGS,260387.96,AE
TXN0005150,ACCT002957,CUST003500,CASE004442,2023-04-25,UPI,62354.03192175024,GB
TXN0005151,ACCT002957,CUST003500,CASE003503,2023-04-25,IMPS,31160.168230861724,AE
TXN0005152,ACCT002957,CUST003500,CASE001713,2023-04-25,NEFT,63546.23556006029,GB
TXN0005153,ACCT002957,CUST003500,CASE000364,2023-04-25,CASH_DEPOSIT,33428.546238505296,IN
TXN0005154,ACCT002957,CUST003500,CASE002261,2023-04-25,RTGS,100458.92,IN
TXN0005155,ACCT008091,CUST000286,CASE003454,2023-11-11,UPI,43090.984873101705,HK
TXN0005156,ACCT008091,CUST000286,CASE000414,2023-11-11,IMPS,22114.997691777975,IN
TXN0005157,ACCT008091,CUST000286,CASE004903,2023-11-11,NEFT,64359.342139771754,IN
TXN0005158,ACCT008091,CUST000286,CASE003123,2023-11-11,CASH_DEPOSIT,46483.54764924009,AE
TXN0005159,ACCT008091,CUST000286,CASE004093,2023-11-11,RTGS,461560.88,US
TXN0005160,ACCT003912,CUST005047,CASE001689,2024-04-29,UPI,51274.80520105906,SG
TXN0005161,ACCT003912,CUST005047,CASE000699,2024-04-29,IMPS,53235.676429382635,SG
TXN0005162,ACCT003912,CUST005047,CASE004824,2024-04-29,NEFT,26419.731078580142,GB
TXN0005163,ACCT003912,CUST005047,CASE001846,2024-04-29,CASH_DEPOSIT,68189.43288881649,IN
TXN0005164,ACCT003912,CUST005047,CASE002848,2024-04-29,RTGS,286765.31,GB
TXN0005165,ACCT008614,CUST005372,CASE003036,2023-02-07,UPI,45168.75918243742,HK
TXN0005166,ACCT008614,CUST005372,CASE000808,2023-02-07,IMPS,43046.39269728001,GB
TXN0005167,ACCT008614,CUST005372,CASE001830,2023-02-07,NEFT,25482.366498174684,GB
TXN0005168,ACCT008614,CUST005372,CASE004024,2023-02-07,CASH_DEPOSIT,66885.95466039344,IN
TXN0005169,ACCT008614,CUST005372,CASE002301,2023-02-07,RTGS,114691.07,SG
TXN0005170,ACCT006360,CUST005133,CASE001623,2024-02-21,UPI,20826.41992919243,GB
TXN0005171,ACCT006360,CUST005133,CASE004150,2024-02-21,IMPS,24381.98046555852,SG
TXN0005172,ACCT006360,CUST005133,CASE004499,2024-02-21,NEFT,62630.608420500925,SG
TXN0005173,ACCT006360,CUST005133,CASE001318,2024-02-21,CASH_DEPOSIT,50806.9196439424,HK
TXN0005174,ACCT006360,CUST005133,CASE002648,2024-02-21,RTGS,323514.88,HK
TXN0005175,ACCT001077,CUST005338,CASE003991,2024-01-01,UPI,32480.184893510872,GB
TXN0005176,ACCT001077,CUST005338,CASE003459,2024-01-01,IMPS,23338.821994968992,SG
TXN0005177,ACCT001077,CUST005338,CASE002835,2024-01-01,NEFT,40081.464962743965,SG
TXN0005178,ACCT001077,CUST005338,CASE003875,2024-01-01,CASH_DEPOSIT,24145.965048612292,US
TXN0005179,ACCT001077,CUST005338,CASE000648,2024-01-01,RTGS,156233.02,GB
TXN0005180,ACCT008750,CUST003029,CASE003937,2023-05-02,UPI,28251.421022148625,HK
TXN0005181,ACCT008750,CUST003029,CASE004898,2023-05-02,IMPS,40920.028481377536,US
TXN0005182,ACCT008750,CUST003029,CASE000181,2023-05-02,NEFT,41713.74287276977,SG
TXN0005183,ACCT008750,CUST003029,CASE003181,2023-05-02,CASH_DEPOSIT,45271.738482138506,IN
TXN0005184,ACCT008750,CUST003029,CASE003148,2023-05-02,RTGS,250209.73,HK
TXN0005185,ACCT001644,CUST004989,CASE001063,2023-03-07,UPI,47532.581827493035,IN
TXN0005186,ACCT001644,CUST004989,CASE002566,2023-03-07,IMPS,69350.19294947921,US
TXN0005187,ACCT001644,CUST004989,CASE002958,2023-03-07,NEFT,35211.05550951287,US
TXN0005188,ACCT001644,CUST004989,CASE004040,2023-03-07,CASH_DEPOSIT,21118.05483146043,SG
TXN0005189,ACCT001644,CUST004989,CASE001624,2023-03-07,RTGS,200632.52,GB
TXN0005190,ACCT003248,CUST005413,CASE001103,2023-03-29,UPI,48912.665644606896,US
TXN0005191,ACCT003248,CUST005413,CASE000774,2023-03-29,IMPS,69424.5918761438,US
TXN0005192,ACCT003248,CUST005413,CASE003891,2023-03-29,NEFT,26003.8595122343,SG
TXN0005193,ACCT003248,CUST005413,CASE001786,2023-03-29,CASH_DEPOSIT,47273.549300423445,SG
TXN0005194,ACCT003248,CUST005413,CASE002252,2023-03-29,RTGS,90271.46,US
TXN0005195,ACCT006260,CUST003686,CASE001390,2024-12-28,UPI,53375.177787273366,AE
TXN0005196,ACCT006260,CUST003686,CASE004652,2024-12-28,IMPS,40802.400562619565,US
TXN0005197,ACCT006260,CUST003686,CASE002811,2024-12-28,NEFT,36916.56700289168,US
TXN0005198,ACCT006260,CUST003686,CASE001624,2024-12-28,CASH_DEPOSIT,22723.531056509804,SG
TXN0005199,ACCT006260,CUST003686,CASE000484,2024-12-28,RTGS,101952.33,GB
TXN0005200,ACCT007537,CUST002560,CASE002013,2023-10-14,UPI,51319.592887848165,SG
TXN0005201,ACCT007537,CUST002560,CASE000322,2023-10-14,IMPS,50855.28392228063,US
TXN0005202,ACCT007537,CUST002560,CASE001905,2023-10-14,NEFT,37399.38253269077,SG
TXN0005203,ACCT007537,CUST002560,CASE000700,2023-10-14,CASH_DEPOSIT,31999.87117994651,US
TXN0005204,ACCT007537,CUST002560,CASE003610,2023-10-14,RTGS,278275.54,GB
TXN0005205,ACCT007419,CUST002654,CASE001718,2024-10-18,UPI,45303.70644606634,SG
TXN0005206,ACCT007419,CUST002654,CASE001540,2024-10-18,IMPS,44835.033931935424,AE
TXN0005207,ACCT007419,CUST002654,CASE004563,2024-10-18,NEFT,23949.83326601464,IN
TXN0005208,ACCT007419,CUST002654,CASE000705,2024-10-18,CASH_DEPOSIT,53107.41427310901,HK
TXN0005209,ACCT007419,CUST002654,CASE000769,2024-10-18,RTGS,122703.4,IN
TXN0005210,ACCT003702,CUST005191,CASE004026,2023-08-09,UPI,28725.40662186958,AE
TXN0005211,ACCT003702,CUST005191,CASE002547,2023-08-09,IMPS,23302.448055932604,SG
TXN0005212,ACCT003702,CUST005191,CASE002144,2023-08-09,NEFT,57842.886520322536,IN
TXN0005213,ACCT003702,CUST005191,CASE000544,2023-08-09,CASH_DEPOSIT,51331.438054644685,US
TXN0005214,ACCT003702,CUST005191,CASE004330,2023-08-09,RTGS,117736.16,IN
TXN0005215,ACCT001019,CUST005759,CASE000740,2023-01-22,UPI,63823.777819485906,AE
TXN0005216,ACCT001019,CUST005759,CASE001381,2023-01-22,IMPS,22949.040321080138,GB
TXN0005217,ACCT001019,CUST005759,CASE004486,2023-01-22,NEFT,33814.326310363496,US
TXN0005218,ACCT001019,CUST005759,CASE000066,2023-01-22,CASH_DEPOSIT,32763.277037333315,IN
TXN0005219,ACCT001019,CUST005759,CASE002026,2023-01-22,RTGS,84568.49,GB
TXN0005220,ACCT002649,CUST002226,CASE004576,2023-03-26,UPI,53025.05673327956,GB
TXN0005221,ACCT002649,CUST002226,CASE003819,2023-03-26,IMPS,49011.112879960085,HK
TXN0005222,ACCT002649,CUST002226,CASE002047,2023-03-26,NEFT,33328.34336481551,GB
TXN0005223,ACCT002649,CUST002226,CASE002368,2023-03-26,CASH_DEPOSIT,55533.98527968905,SG
TXN0005224,ACCT002649,CUST002226,CASE000619,2023-03-26,RTGS,193406.6,US
TXN0005225,ACCT005084,CUST005558,CASE004468,2023-11-28,UPI,38665.187397538844,GB
TXN0005226,ACCT005084,CUST005558,CASE003254,2023-11-28,IMPS,30317.9350167902,SG
TXN0005227,ACCT005084,CUST005558,CASE000365,2023-11-28,NEFT,35478.45508433394,GB
TXN0005228,ACCT005084,CUST005558,CASE003780,2023-11-28,CASH_DEPOSIT,34575.05543356507,GB
TXN0005229,ACCT005084,CUST005558,CASE004942,2023-11-28,RTGS,517055.51,AE
TXN0005230,ACCT000245,CUST001876,CASE001826,2024-11-03,UPI,59417.50609287231,US
TXN0005231,ACCT000245,CUST001876,CASE003080,2024-11-03,IMPS,62140.87752471766,SG
TXN0005232,ACCT000245,CUST001876,CASE003852,2024-11-03,NEFT,26064.442756236993,US
TXN0005233,ACCT000245,CUST001876,CASE000578,2024-11-03,CASH_DEPOSIT,47172.60080833383,AE
TXN0005234,ACCT000245,CUST001876,CASE003303,2024-11-03,RTGS,79052.77,HK
TXN0005235,ACCT001937,CUST001270,CASE003749,2023-10-27,UPI,56435.33502411435,HK
TXN0005236,ACCT001937,CUST001270,CASE004116,2023-10-27,IMPS,53753.56079586633,GB
TXN0005237,ACCT001937,CUST001270,CASE003087,2023-10-27,NEFT,54801.53895346305,SG
TXN0005238,ACCT001937,CUST001270,CASE002429,2023-10-27,CASH_DEPOSIT,66011.47432070931,US
TXN0005239,ACCT001937,CUST001270,CASE003041,2023-10-27,RTGS,152195.67,US
TXN0005240,ACCT007247,CUST000360,CASE003801,2024-05-30,UPI,50023.15905265845,HK
TXN0005241,ACCT007247,CUST000360,CASE004154,2024-05-30,IMPS,44119.95724362915,IN
TXN0005242,ACCT007247,CUST000360,CASE002606,2024-05-30,NEFT,65122.480564702164,IN
TXN0005243,ACCT007247,CUST000360,CASE001575,2024-05-30,CASH_DEPOSIT,46223.90431653989,GB
TXN0005244,ACCT007247,CUST000360,CASE003891,2024-05-30,RTGS,350012.07,AE
TXN0005245,ACCT003670,CUST002398,CASE002315,2024-03-15,UPI,33952.26473645351,GB
TXN0005246,ACCT003670,CUST002398,CASE001440,2024-03-15,IMPS,66329.75334833922,HK
TXN0005247,ACCT003670,CUST002398,CASE003313,2024-03-15,NEFT,48119.46924779913,SG
TXN0005248,ACCT003670,CUST002398,CASE002015,2024-03-15,CASH_DEPOSIT,22609.861436023115,GB
TXN0005249,ACCT003670,CUST002398,CASE003016,2024-03-15,RTGS,143000.83,SG
TXN0005250,ACCT006597,CUST002054,CASE003768,2023-01-03,UPI,27770.50520530243,AE
TXN0005251,ACCT006597,CUST002054,CASE001785,2023-01-03,IMPS,23335.485699975776,IN
TXN0005252,ACCT006597,CUST002054,CASE003595,2023-01-03,NEFT,45697.77920773653,GB
TXN0005253,ACCT006597,CUST002054,CASE004161,2023-01-03,CASH_DEPOSIT,59945.85708849585,US
TXN0005254,ACCT006597,CUST002054,CASE001347,2023-01-03,RTGS,196774.49,GB
TXN0005255,ACCT002563,CUST005739,CASE004096,2024-04-02,UPI,36683.41859326455,HK
TXN0005256,ACCT002563,CUST005739,CASE004282,2024-04-02,IMPS,22757.987570787758,US
TXN0005257,ACCT002563,CUST005739,CASE000262,2024-04-02,NEFT,44908.34475092786,HK
TXN0005258,ACCT002563,CUST005739,CASE004926,2024-04-02,CASH_DEPOSIT,61626.76136753166,GB
TXN0005259,ACCT002563,CUST005739,CASE003420,2024-04-02,RTGS,79296.91,AE
TXN0005260,ACCT001362,CUST000739,CASE002512,2023-09-26,UPI,31242.4044955259,SG
TXN0005261,ACCT001362,CUST000739,CASE004031,2023-09-26,IMPS,48148.02744486775,SG
TXN0005262,ACCT001362,CUST000739,CASE004473,2023-09-26,NEFT,20152.62798896626,SG
TXN0005263,ACCT001362,CUST000739,CASE003998,2023-09-26,CASH_DEPOSIT,57128.151356056434,IN
TXN0005264,ACCT001362,CUST000739,CASE003604,2023-09-26,RTGS,193953.72,AE
TXN0005265,ACCT008658,CUST001037,CASE003090,2024-05-05,UPI,61436.313683444045,AE
TXN0005266,ACCT008658,CUST001037,CASE003062,2024-05-05,IMPS,30101.986461316716,GB
TXN0005267,ACCT008658,CUST001037,CASE002054,2024-05-05,NEFT,68496.11394740228,IN
TXN0005268,ACCT008658,CUST001037,CASE003210,2024-05-05,CASH_DEPOSIT,66674.15847676848,HK
TXN0005269,ACCT008658,CUST001037,CASE002180,2024-05-05,RTGS,134068.21,IN
TXN0005270,ACCT006217,CUST001474,CASE002021,2023-05-08,UPI,22840.321542088066,AE
TXN0005271,ACCT006217,CUST001474,CASE003262,2023-05-08,IMPS,38609.27003418905,HK
TXN0005272,ACCT006217,CUST001474,CASE000628,2023-05-08,NEFT,23093.276196354633,US
TXN0005273,ACCT006217,CUST001474,CASE000911,2023-05-08,CASH_DEPOSIT,25938.440734433825,IN
TXN0005274,ACCT006217,CUST001474,CASE002733,2023-05-08,RTGS,270987.66,GB
TXN0005275,ACCT002601,CUST005680,CASE000644,2024-07-10,UPI,43816.30346550509,US
TXN0005276,ACCT002601,CUST005680,CASE000646,2024-07-10,IMPS,27492.46410000099,AE
TXN0005277,ACCT002601,CUST005680,CASE004773,2024-07-10,NEFT,69618.9812404121,GB
TXN0005278,ACCT002601,CUST005680,CASE000287,2024-07-10,CASH_DEPOSIT,21617.777091704298,AE
TXN0005279,ACCT002601,CUST005680,CASE003153,2024-07-10,RTGS,305841.48,IN
TXN0005280,ACCT001473,CUST001738,CASE003953,2024-01-03,UPI,34768.198538533376,GB
TXN0005281,ACCT001473,CUST001738,CASE002285,2024-01-03,IMPS,65564.45557176747,HK
TXN0005282,ACCT001473,CUST001738,CASE002685,2024-01-03,NEFT,38210.71293206232,IN
TXN0005283,ACCT001473,CUST001738,CASE001692,2024-01-03,CASH_DEPOSIT,67916.69668530076,SG
TXN0005284,ACCT001473,CUST001738,CASE004809,2024-01-03,RTGS,709367.32,IN
TXN0005285,ACCT004943,CUST005330,CASE003365,2024-08-02,UPI,37447.0620810539,HK
TXN0005286,ACCT004943,CUST005330,CASE001609,2024-08-02,IMPS,21175.32115066585,HK
TXN0005287,ACCT004943,CUST005330,CASE003376,2024-08-02,NEFT,31634.746012289463,GB
TXN0005288,ACCT004943,CUST005330,CASE002727,2024-08-02,CASH_DEPOSIT,45448.57762739681,IN
TXN0005289,ACCT004943,CUST005330,CASE003658,2024-08-02,RTGS,212388.09,SG
TXN0005290,ACCT003421,CUST005301,CASE002598,2023-09-10,UPI,64965.22016953909,GB
TXN0005291,ACCT003421,CUST005301,CASE004643,2023-09-10,IMPS,23215.061866722048,IN
TXN0005292,ACCT003421,CUST005301,CASE003258,2023-09-10,NEFT,38294.61389444873,SG
TXN0005293,ACCT003421,CUST005301,CASE003219,2023-09-10,CASH_DEPOSIT,20984.014498839562,GB
TXN0005294,ACCT003421,CUST005301,CASE003499,2023-09-10,RTGS,182383.77,GB
TXN0005295,ACCT007863,CUST002560,CASE001704,2024-01-13,UPI,51253.220922903885,SG
TXN0005296,ACCT007863,CUST002560,CASE002804,2024-01-13,IMPS,35446.906461103164,AE
TXN0005297,ACCT007863,CUST002560,CASE002257,2024-01-13,NEFT,67411.13664816934,US
TXN0005298,ACCT007863,CUST002560,CASE004784,2024-01-13,CASH_DEPOSIT,33735.30282485446,IN
TXN0005299,ACCT007863,CUST002560,CASE001771,2024-01-13,RTGS,168555.64,SG
TXN0005300,ACCT000402,CUST002479,CASE001609,2024-03-19,UPI,53432.6443320092,SG
TXN0005301,ACCT000402,CUST002479,CASE002272,2024-03-19,IMPS,61673.48165837548,IN
TXN0005302,ACCT000402,CUST002479,CASE004904,2024-03-19,NEFT,66911.30303169173,AE
TXN0005303,ACCT000402,CUST002479,CASE003310,2024-03-19,CASH_DEPOSIT,51849.08991001801,SG
TXN0005304,ACCT000402,CUST002479,CASE001675,2024-03-19,RTGS,121356.87,AE
TXN0005305,ACCT007468,CUST003074,CASE004775,2023-03-08,UPI,21726.92473949041,IN
TXN0005306,ACCT007468,CUST003074,CASE002296,2023-03-08,IMPS,41463.12399429201,AE
TXN0005307,ACCT007468,CUST003074,CASE003868,2023-03-08,NEFT,33264.05769450384,GB
TXN0005308,ACCT007468,CUST003074,CASE004596,2023-03-08,CASH_DEPOSIT,56644.22169700697,IN
TXN0005309,ACCT007468,CUST003074,CASE000141,2023-03-08,RTGS,183777.47,SG
TXN0005310,ACCT001558,CUST002664,CASE001241,2023-10-25,UPI,31956.765713747274,GB
TXN0005311,ACCT001558,CUST002664,CASE003204,2023-10-25,IMPS,60911.82535525874,AE
TXN0005312,ACCT001558,CUST002664,CASE001803,2023-10-25,NEFT,49126.615448572644,AE
TXN0005313,ACCT001558,CUST002664,CASE000981,2023-10-25,CASH_DEPOSIT,38065.340254305855,IN
TXN0005314,ACCT001558,CUST002664,CASE002401,2023-10-25,RTGS,125636.7,US
TXN0005315,ACCT001772,CUST002542,CASE001736,2023-04-19,UPI,58465.04268943758,IN
TXN0005316,ACCT001772,CUST002542,CASE001958,2023-04-19,IMPS,41380.43499484222,US
TXN0005317,ACCT001772,CUST002542,CASE001393,2023-04-19,NEFT,45616.79117822944,SG
TXN0005318,ACCT001772,CUST002542,CASE004046,2023-04-19,CASH_DEPOSIT,25796.90427125854,US
TXN0005319,ACCT001772,CUST002542,CASE004044,2023-04-19,RTGS,165954.21,HK
TXN0005320,ACCT002005,CUST001208,CASE000700,2024-06-13,UPI,20393.500362133163,IN
TXN0005321,ACCT002005,CUST001208,CASE001224,2024-06-13,IMPS,27032.24525337646,AE
TXN0005322,ACCT002005,CUST001208,CASE002673,2024-06-13,NEFT,67296.5676273944,US
TXN0005323,ACCT002005,CUST001208,CASE001717,2024-06-13,CASH_DEPOSIT,32445.26756243954,SG
TXN0005324,ACCT002005,CUST001208,CASE000675,2024-06-13,RTGS,330694.11,SG
TXN0005325,ACCT005771,CUST004231,CASE004452,2023-12-02,UPI,55592.43334620829,HK
TXN0005326,ACCT005771,CUST004231,CASE002901,2023-12-02,IMPS,55917.86001291003,GB
TXN0005327,ACCT005771,CUST004231,CASE000230,2023-12-02,NEFT,58571.14287937434,US
TXN0005328,ACCT005771,CUST004231,CASE003657,2023-12-02,CASH_DEPOSIT,25176.509270987925,GB
TXN0005329,ACCT005771,CUST004231,CASE000738,2023-12-02,RTGS,81999.22,HK
TXN0005330,ACCT002717,CUST001580,CASE004393,2024-02-18,UPI,28659.748389393102,GB
TXN0005331,ACCT002717,CUST001580,CASE003164,2024-02-18,IMPS,34511.26459443336,US
TXN0005332,ACCT002717,CUST001580,CASE000793,2024-02-18,NEFT,60638.15024398501,HK
TXN0005333,ACCT002717,CUST001580,CASE004898,2024-02-18,CASH_DEPOSIT,38769.73365626179,HK
TXN0005334,ACCT002717,CUST001580,CASE001737,2024-02-18,RTGS,297246.7,US
TXN0005335,ACCT004667,CUST000415,CASE001160,2024-05-15,UPI,63907.455068338175,GB
TXN0005336,ACCT004667,CUST000415,CASE001140,2024-05-15,IMPS,30885.139147271984,AE
TXN0005337,ACCT004667,CUST000415,CASE003546,2024-05-15,NEFT,27935.868522553825,AE
TXN0005338,ACCT004667,CUST000415,CASE004557,2024-05-15,CASH_DEPOSIT,69247.15119254336,GB
TXN0005339,ACCT004667,CUST000415,CASE003218,2024-05-15,RTGS,330598.4,US
TXN0005340,ACCT001288,CUST004778,CASE002406,2023-05-04,UPI,32568.689921508638,SG
TXN0005341,ACCT001288,CUST004778,CASE003975,2023-05-04,IMPS,66693.21310575155,US
TXN0005342,ACCT001288,CUST004778,CASE000061,2023-05-04,NEFT,43840.77025472035,SG
TXN0005343,ACCT001288,CUST004778,CASE000740,2023-05-04,CASH_DEPOSIT,43279.82868367171,HK
TXN0005344,ACCT001288,CUST004778,CASE002558,2023-05-04,RTGS,139741.48,AE
TXN0005345,ACCT004405,CUST004474,CASE004803,2023-03-02,UPI,37209.231651664624,SG
TXN0005346,ACCT004405,CUST004474,CASE002636,2023-03-02,IMPS,39335.507114007356,AE
TXN0005347,ACCT004405,CUST004474,CASE004744,2023-03-02,NEFT,30846.352642995662,AE
TXN0005348,ACCT004405,CUST004474,CASE002201,2023-03-02,CASH_DEPOSIT,33404.24951125168,GB
TXN0005349,ACCT004405,CUST004474,CASE001901,2023-03-02,RTGS,41993.82,SG
TXN0005350,ACCT006132,CUST001636,CASE000043,2023-04-03,UPI,35962.725847611226,US
TXN0005351,ACCT006132,CUST001636,CASE002162,2023-04-03,IMPS,44141.11916651369,HK
TXN0005352,ACCT006132,CUST001636,CASE000991,2023-04-03,NEFT,55849.939861798004,GB
TXN0005353,ACCT006132,CUST001636,CASE000227,2023-04-03,CASH_DEPOSIT,53440.25069865205,HK
TXN0005354,ACCT006132,CUST001636,CASE001458,2023-04-03,RTGS,104161.45,SG
TXN0005355,ACCT000009,CUST005544,CASE001534,2023-03-22,UPI,66943.0920382175,IN
TXN0005356,ACCT000009,CUST005544,CASE003675,2023-03-22,IMPS,29759.4692034193,HK
TXN0005357,ACCT000009,CUST005544,CASE002337,2023-03-22,NEFT,32952.41699093254,US
TXN0005358,ACCT000009,CUST005544,CASE004244,2023-03-22,CASH_DEPOSIT,28250.731707271825,SG
TXN0005359,ACCT000009,CUST005544,CASE003520,2023-03-22,RTGS,326631.3,IN
TXN0005360,ACCT002817,CUST001348,CASE001948,2024-12-19,UPI,63575.02302394042,IN
TXN0005361,ACCT002817,CUST001348,CASE004502,2024-12-19,IMPS,57573.82498121916,AE
TXN0005362,ACCT002817,CUST001348,CASE004585,2024-12-19,NEFT,63003.05023096416,IN
TXN0005363,ACCT002817,CUST001348,CASE003883,2024-12-19,CASH_DEPOSIT,28779.789887864223,GB
TXN0005364,ACCT002817,CUST001348,CASE000036,2024-12-19,RTGS,147955.93,US
TXN0005365,ACCT008429,CUST002287,CASE000295,2024-11-28,UPI,28552.34451524099,US
TXN0005366,ACCT008429,CUST002287,CASE000943,2024-11-28,IMPS,37820.88249062597,IN
TXN0005367,ACCT008429,CUST002287,CASE001602,2024-11-28,NEFT,58365.31458206314,GB
TXN0005368,ACCT008429,CUST002287,CASE004024,2024-11-28,CASH_DEPOSIT,53936.80611968979,US
TXN0005369,ACCT008429,CUST002287,CASE001734,2024-11-28,RTGS,82356.22,IN
TXN0005370,ACCT002570,CUST001241,CASE004754,2024-01-16,UPI,49373.994784754774,IN
TXN0005371,ACCT002570,CUST001241,CASE000187,2024-01-16,IMPS,35757.37971324961,IN
TXN0005372,ACCT002570,CUST001241,CASE004897,2024-01-16,NEFT,28468.770041761225,US
TXN0005373,ACCT002570,CUST001241,CASE003798,2024-01-16,CASH_DEPOSIT,62196.98062580718,US
TXN0005374,ACCT002570,CUST001241,CASE004305,2024-01-16,RTGS,110804.83,AE
TXN0005375,ACCT004107,CUST002606,CASE000279,2024-12-22,UPI,28441.900995079377,AE
TXN0005376,ACCT004107,CUST002606,CASE002455,2024-12-22,IMPS,62036.97412115959,IN
TXN0005377,ACCT004107,CUST002606,CASE003833,2024-12-22,NEFT,62783.93113940897,HK
TXN0005378,ACCT004107,CUST002606,CASE003942,2024-12-22,CASH_DEPOSIT,20627.455574638003,US
TXN0005379,ACCT004107,CUST002606,CASE004020,2024-12-22,RTGS,248391.79,IN
TXN0005380,ACCT005688,CUST003319,CASE001216,2023-02-08,UPI,47104.68632271988,SG
TXN0005381,ACCT005688,CUST003319,CASE004179,2023-02-08,IMPS,20675.16360664781,US
TXN0005382,ACCT005688,CUST003319,CASE001325,2023-02-08,NEFT,61091.95604022746,GB
TXN0005383,ACCT005688,CUST003319,CASE000960,2023-02-08,CASH_DEPOSIT,47067.73032492578,SG
TXN0005384,ACCT005688,CUST003319,CASE001531,2023-02-08,RTGS,208236.7,AE
TXN0005385,ACCT008360,CUST004750,CASE000177,2023-11-20,UPI,68117.45213174584,US
TXN0005386,ACCT008360,CUST004750,CASE002374,2023-11-20,IMPS,68335.2220392308,US
TXN0005387,ACCT008360,CUST004750,CASE000843,2023-11-20,NEFT,65916.34314864577,HK
TXN0005388,ACCT008360,CUST004750,CASE004774,2023-11-20,CASH_DEPOSIT,38664.01731685065,IN
TXN0005389,ACCT008360,CUST004750,CASE003324,2023-11-20,RTGS,129966.41,SG
TXN0005390,ACCT008206,CUST000157,CASE001031,2024-07-13,UPI,32405.207183671413,GB
TXN0005391,ACCT008206,CUST000157,CASE000176,2024-07-13,IMPS,50683.40483052962,IN
TXN0005392,ACCT008206,CUST000157,CASE004718,2024-07-13,NEFT,35804.40498970446,HK
TXN0005393,ACCT008206,CUST000157,CASE001670,2024-07-13,CASH_DEPOSIT,33964.21325249158,SG
TXN0005394,ACCT008206,CUST000157,CASE001109,2024-07-13,RTGS,120366.43,US
TXN0005395,ACCT007235,CUST002974,CASE000610,2024-02-25,UPI,51435.399312614805,SG
TXN0005396,ACCT007235,CUST002974,CASE001509,2024-02-25,IMPS,68892.30800403151,GB
TXN0005397,ACCT007235,CUST002974,CASE004874,2024-02-25,NEFT,53657.948904057266,SG
TXN0005398,ACCT007235,CUST002974,CASE004764,2024-02-25,CASH_DEPOSIT,24086.058135196436,SG
TXN0005399,ACCT007235,CUST002974,CASE004069,2024-02-25,RTGS,118579.12,IN
TXN0005400,ACCT007664,CUST004838,CASE000386,2023-03-10,UPI,57085.605280179654,AE
TXN0005401,ACCT007664,CUST004838,CASE003291,2023-03-10,IMPS,29432.83595850562,AE
TXN0005402,ACCT007664,CUST004838,CASE000938,2023-03-10,NEFT,51203.58517339324,GB
TXN0005403,ACCT007664,CUST004838,CASE002177,2023-03-10,CASH_DEPOSIT,28977.010921387075,IN
TXN0005404,ACCT007664,CUST004838,CASE000710,2023-03-10,RTGS,86244.75,SG
TXN0005405,ACCT008734,CUST000716,CASE003555,2024-07-14,UPI,52286.02222584262,HK
TXN0005406,ACCT008734,CUST000716,CASE000903,2024-07-14,IMPS,60901.35430146582,GB
TXN0005407,ACCT008734,CUST000716,CASE004440,2024-07-14,NEFT,53335.42615966771,HK
TXN0005408,ACCT008734,CUST000716,CASE000527,2024-07-14,CASH_DEPOSIT,38769.1480330808,SG
TXN0005409,ACCT008734,CUST000716,CASE001195,2024-07-14,RTGS,395385.29,IN
TXN0005410,ACCT008552,CUST000520,CASE002769,2024-08-13,UPI,51033.60116701061,US
TXN0005411,ACCT008552,CUST000520,CASE000940,2024-08-13,IMPS,49870.49434686839,US
TXN0005412,ACCT008552,CUST000520,CASE003166,2024-08-13,NEFT,56260.39427145012,SG
TXN0005413,ACCT008552,CUST000520,CASE001682,2024-08-13,CASH_DEPOSIT,25879.621384986385,AE
TXN0005414,ACCT008552,CUST000520,CASE003195,2024-08-13,RTGS,123623.79,HK
TXN0005415,ACCT008991,CUST004102,CASE001786,2023-04-04,UPI,31151.4285535338,HK
TXN0005416,ACCT008991,CUST004102,CASE000006,2023-04-04,IMPS,21159.776743954604,GB
TXN0005417,ACCT008991,CUST004102,CASE000476,2023-04-04,NEFT,48341.08529493868,IN
TXN0005418,ACCT008991,CUST004102,CASE003358,2023-04-04,CASH_DEPOSIT,20240.002906732057,AE
TXN0005419,ACCT008991,CUST004102,CASE001485,2023-04-04,RTGS,311353.96,SG
TXN0005420,ACCT004447,CUST001557,CASE002176,2023-07-02,UPI,39221.928845097194,US
TXN0005421,ACCT004447,CUST001557,CASE004210,2023-07-02,IMPS,24014.626393477192,US
TXN0005422,ACCT004447,CUST001557,CASE004746,2023-07-02,NEFT,26025.58949654289,HK
TXN0005423,ACCT004447,CUST001557,CASE002707,2023-07-02,CASH_DEPOSIT,52696.29354176015,SG
TXN0005424,ACCT004447,CUST001557,CASE003688,2023-07-02,RTGS,373689.38,US
TXN0005425,ACCT005675,CUST004413,CASE004572,2023-08-10,UPI,40035.29167887182,IN
TXN0005426,ACCT005675,CUST004413,CASE004936,2023-08-10,IMPS,33485.91833084279,GB
TXN0005427,ACCT005675,CUST004413,CASE004870,2023-08-10,NEFT,46691.916940885465,AE
TXN0005428,ACCT005675,CUST004413,CASE002324,2023-08-10,CASH_DEPOSIT,68733.47356743936,US
TXN0005429,ACCT005675,CUST004413,CASE000405,2023-08-10,RTGS,273040.96,US
TXN0005430,ACCT001139,CUST001298,CASE002670,2023-01-26,UPI,40819.95777285006,HK
TXN0005431,ACCT001139,CUST001298,CASE004390,2023-01-26,IMPS,24669.322670578225,GB
TXN0005432,ACCT001139,CUST001298,CASE001562,2023-01-26,NEFT,29410.342549691835,IN
TXN0005433,ACCT001139,CUST001298,CASE001380,2023-01-26,CASH_DEPOSIT,43531.90987896298,HK
TXN0005434,ACCT001139,CUST001298,CASE002360,2023-01-26,RTGS,115776.67,IN
TXN0005435,ACCT003894,CUST002148,CASE000024,2024-07-03,UPI,42347.77113310432,SG
TXN0005436,ACCT003894,CUST002148,CASE003528,2024-07-03,IMPS,52774.03784780767,SG
TXN0005437,ACCT003894,CUST002148,CASE000494,2024-07-03,NEFT,45794.61601202559,HK
TXN0005438,ACCT003894,CUST002148,CASE004713,2024-07-03,CASH_DEPOSIT,25512.94127754361,IN
TXN0005439,ACCT003894,CUST002148,CASE003079,2024-07-03,RTGS,191114.62,SG
TXN0005440,ACCT000290,CUST001149,CASE000209,2024-09-16,UPI,50265.45761608222,US
TXN0005441,ACCT000290,CUST001149,CASE004087,2024-09-16,IMPS,36408.022945798875,SG
TXN0005442,ACCT000290,CUST001149,CASE002928,2024-09-16,NEFT,37693.33209491459,GB
TXN0005443,ACCT000290,CUST001149,CASE001542,2024-09-16,CASH_DEPOSIT,29784.972888957578,IN
TXN0005444,ACCT000290,CUST001149,CASE002985,2024-09-16,RTGS,147838.13,GB
TXN0005445,ACCT006312,CUST002387,CASE004627,2024-07-23,UPI,32804.26304205759,AE
TXN0005446,ACCT006312,CUST002387,CASE004179,2024-07-23,IMPS,65933.20543401793,IN
TXN0005447,ACCT006312,CUST002387,CASE003362,2024-07-23,NEFT,58448.08898514806,US
TXN0005448,ACCT006312,CUST002387,CASE001018,2024-07-23,CASH_DEPOSIT,45698.41918799281,IN
TXN0005449,ACCT006312,CUST002387,CASE004571,2024-07-23,RTGS,87218.3,HK
TXN0005450,ACCT003905,CUST003470,CASE003804,2023-05-17,UPI,24046.23880916179,IN
TXN0005451,ACCT003905,CUST003470,CASE004303,2023-05-17,IMPS,21143.916879046443,IN
TXN0005452,ACCT003905,CUST003470,CASE001054,2023-05-17,NEFT,56929.118791156005,AE
TXN0005453,ACCT003905,CUST003470,CASE004351,2023-05-17,CASH_DEPOSIT,36353.03956844535,US
TXN0005454,ACCT003905,CUST003470,CASE000696,2023-05-17,RTGS,182226.58,GB
TXN0005455,ACCT001906,CUST003211,CASE000807,2023-05-09,UPI,43168.195567512565,SG
TXN0005456,ACCT001906,CUST003211,CASE003686,2023-05-09,IMPS,47275.927748334754,US
TXN0005457,ACCT001906,CUST003211,CASE002157,2023-05-09,NEFT,35552.907856856924,HK
TXN0005458,ACCT001906,CUST003211,CASE000160,2023-05-09,CASH_DEPOSIT,41736.79500192024,IN
TXN0005459,ACCT001906,CUST003211,CASE001139,2023-05-09,RTGS,73936.86,SG
TXN0005460,ACCT007271,CUST002074,CASE000758,2024-11-15,UPI,35778.3361140471,AE
TXN0005461,ACCT007271,CUST002074,CASE002868,2024-11-15,IMPS,32831.15010643721,US
TXN0005462,ACCT007271,CUST002074,CASE003609,2024-11-15,NEFT,59871.27951708464,US
TXN0005463,ACCT007271,CUST002074,CASE003203,2024-11-15,CASH_DEPOSIT,24386.141000347503,IN
TXN0005464,ACCT007271,CUST002074,CASE004700,2024-11-15,RTGS,305895.31,US
TXN0005465,ACCT001094,CUST002702,CASE004813,2024-10-06,UPI,21402.57578071671,IN
TXN0005466,ACCT001094,CUST002702,CASE002464,2024-10-06,IMPS,35176.0406534549,SG
TXN0005467,ACCT001094,CUST002702,CASE003065,2024-10-06,NEFT,28498.113471703808,AE
TXN0005468,ACCT001094,CUST002702,CASE002017,2024-10-06,CASH_DEPOSIT,41050.19329092061,US
TXN0005469,ACCT001094,CUST002702,CASE001779,2024-10-06,RTGS,113507.05,US
TXN0005470,ACCT000789,CUST000886,CASE003296,2023-12-22,UPI,39518.71840023829,HK
TXN0005471,ACCT000789,CUST000886,CASE002104,2023-12-22,IMPS,55078.49542489016,GB
TXN0005472,ACCT000789,CUST000886,CASE001972,2023-12-22,NEFT,29086.79888177877,IN
TXN0005473,ACCT000789,CUST000886,CASE004864,2023-12-22,CASH_DEPOSIT,44040.8217866809,HK
TXN0005474,ACCT000789,CUST000886,CASE003313,2023-12-22,RTGS,169242.24,SG
TXN0005475,ACCT001077,CUST005338,CASE000479,2023-03-21,UPI,33872.71224288981,HK
TXN0005476,ACCT001077,CUST005338,CASE003569,2023-03-21,IMPS,47533.140493103914,AE
TXN0005477,ACCT001077,CUST005338,CASE003454,2023-03-21,NEFT,22131.030215176834,GB
TXN0005478,ACCT001077,CUST005338,CASE000844,2023-03-21,CASH_DEPOSIT,22440.508408247017,US
TXN0005479,ACCT001077,CUST005338,CASE001199,2023-03-21,RTGS,177790.88,HK
TXN0005480,ACCT006856,CUST005519,CASE004975,2023-11-19,UPI,30315.86000939631,GB
TXN0005481,ACCT006856,CUST005519,CASE003437,2023-11-19,IMPS,37906.254224557495,IN
TXN0005482,ACCT006856,CUST005519,CASE003666,2023-11-19,NEFT,43055.618255357156,AE
TXN0005483,ACCT006856,CUST005519,CASE004137,2023-11-19,CASH_DEPOSIT,37165.58275214229,IN
TXN0005484,ACCT006856,CUST005519,CASE001042,2023-11-19,RTGS,128418.22,HK
TXN0005485,ACCT003112,CUST003058,CASE003707,2023-09-18,UPI,66887.78114935271,IN
TXN0005486,ACCT003112,CUST003058,CASE004513,2023-09-18,IMPS,53575.816075240306,AE
TXN0005487,ACCT003112,CUST003058,CASE001087,2023-09-18,NEFT,30112.67402995813,GB
TXN0005488,ACCT003112,CUST003058,CASE002657,2023-09-18,CASH_DEPOSIT,22576.595606681476,GB
TXN0005489,ACCT003112,CUST003058,CASE000353,2023-09-18,RTGS,213289.75,SG
TXN0005490,ACCT006539,CUST001628,CASE003713,2024-01-01,UPI,20853.671051877962,IN
TXN0005491,ACCT006539,CUST001628,CASE003050,2024-01-01,IMPS,66204.7061961249,AE
TXN0005492,ACCT006539,CUST001628,CASE000636,2024-01-01,NEFT,25659.64458889301,SG
TXN0005493,ACCT006539,CUST001628,CASE004155,2024-01-01,CASH_DEPOSIT,34750.9137902677,AE
TXN0005494,ACCT006539,CUST001628,CASE003398,2024-01-01,RTGS,112808.66,AE
TXN0005495,ACCT007549,CUST002615,CASE004171,2023-09-21,UPI,54321.95563111373,SG
TXN0005496,ACCT007549,CUST002615,CASE001940,2023-09-21,IMPS,66681.52665096053,AE
TXN0005497,ACCT007549,CUST002615,CASE001235,2023-09-21,NEFT,34384.450600561584,IN
TXN0005498,ACCT007549,CUST002615,CASE004809,2023-09-21,CASH_DEPOSIT,27505.60567546431,HK
TXN0005499,ACCT007549,CUST002615,CASE002981,2023-09-21,RTGS,253006.12,US
TXN0005500,ACCT001035,CUST002177,CASE001715,2023-10-21,UPI,29705.31614477354,GB
TXN0005501,ACCT001035,CUST002177,CASE001087,2023-10-21,IMPS,30374.595595429393,AE
TXN0005502,ACCT001035,CUST002177,CASE004523,2023-10-21,NEFT,41702.17549732262,GB
TXN0005503,ACCT001035,CUST002177,CASE000026,2023-10-21,CASH_DEPOSIT,22317.274535578283,IN
TXN0005504,ACCT001035,CUST002177,CASE001278,2023-10-21,RTGS,66889.87,IN
TXN0005505,ACCT005479,CUST003651,CASE000718,2023-09-19,UPI,33142.87110004328,AE
TXN0005506,ACCT005479,CUST003651,CASE000851,2023-09-19,IMPS,25021.513692436354,US
TXN0005507,ACCT005479,CUST003651,CASE001598,2023-09-19,NEFT,29521.752581991106,SG
TXN0005508,ACCT005479,CUST003651,CASE000639,2023-09-19,CASH_DEPOSIT,62743.94387432077,HK
TXN0005509,ACCT005479,CUST003651,CASE004857,2023-09-19,RTGS,161816.51,SG
TXN0005510,ACCT005602,CUST001592,CASE003580,2024-05-03,UPI,64138.90334719789,GB
TXN0005511,ACCT005602,CUST001592,CASE003087,2024-05-03,IMPS,66396.90465551475,AE
TXN0005512,ACCT005602,CUST001592,CASE003698,2024-05-03,NEFT,30081.54541662939,IN
TXN0005513,ACCT005602,CUST001592,CASE001117,2024-05-03,CASH_DEPOSIT,44275.41133867241,IN
TXN0005514,ACCT005602,CUST001592,CASE002500,2024-05-03,RTGS,480099.17,SG
TXN0005515,ACCT007858,CUST000640,CASE003641,2024-06-21,UPI,26107.061964296063,SG
TXN0005516,ACCT007858,CUST000640,CASE001415,2024-06-21,IMPS,37225.47969948144,AE
TXN0005517,ACCT007858,CUST000640,CASE001069,2024-06-21,NEFT,22365.39055965207,AE
TXN0005518,ACCT007858,CUST000640,CASE001058,2024-06-21,CASH_DEPOSIT,68901.59412408754,AE
TXN0005519,ACCT007858,CUST000640,CASE000751,2024-06-21,RTGS,82305.38,HK
TXN0005520,ACCT005098,CUST003370,CASE001578,2023-06-27,UPI,53103.438738807396,GB
TXN0005521,ACCT005098,CUST003370,CASE004910,2023-06-27,IMPS,65805.59025871515,US
TXN0005522,ACCT005098,CUST003370,CASE001310,2023-06-27,NEFT,51344.09961987282,IN
TXN0005523,ACCT005098,CUST003370,CASE001094,2023-06-27,CASH_DEPOSIT,23435.53510186528,US
TXN0005524,ACCT005098,CUST003370,CASE003621,2023-06-27,RTGS,99881.88,IN
TXN0005525,ACCT003479,CUST000367,CASE003860,2024-07-17,UPI,41083.63949203618,HK
TXN0005526,ACCT003479,CUST000367,CASE000956,2024-07-17,IMPS,26284.148636261794,GB
TXN0005527,ACCT003479,CUST000367,CASE002012,2024-07-17,NEFT,44933.16677219221,IN
TXN0005528,ACCT003479,CUST000367,CASE000940,2024-07-17,CASH_DEPOSIT,23889.653101608757,IN
TXN0005529,ACCT003479,CUST000367,CASE003215,2024-07-17,RTGS,204175.52,IN
TXN0005530,ACCT005433,CUST004139,CASE002789,2023-05-25,UPI,35566.99633054494,HK
TXN0005531,ACCT005433,CUST004139,CASE003281,2023-05-25,IMPS,46742.153544263696,GB
TXN0005532,ACCT005433,CUST004139,CASE001641,2023-05-25,NEFT,24447.30856301967,US
TXN0005533,ACCT005433,CUST004139,CASE001488,2023-05-25,CASH_DEPOSIT,30527.980130976688,AE
TXN0005534,ACCT005433,CUST004139,CASE004337,2023-05-25,RTGS,167065.23,AE
TXN0005535,ACCT002993,CUST002706,CASE001365,2024-07-27,NEFT,246828.91,SG
TXN0005536,ACCT002993,CUST002706,CASE001757,2024-07-30,RTGS,241403.34,AE
TXN0005537,ACCT004389,CUST005679,CASE004460,2024-02-15,NEFT,292700.6,IN
TXN0005538,ACCT004389,CUST005679,CASE004029,2024-02-18,RTGS,350295.39,HK
TXN0005539,ACCT007139,CUST001824,CASE003876,2023-10-05,NEFT,255752.09,HK
TXN0005540,ACCT007139,CUST001824,CASE002577,2023-10-08,RTGS,155742.23,SG
TXN0005541,ACCT005776,CUST003950,CASE004540,2024-04-08,NEFT,299424.29,US
TXN0005542,ACCT005776,CUST003950,CASE000820,2024-04-11,RTGS,562778.44,SG
TXN0005543,ACCT003868,CUST004055,CASE001362,2024-08-15,NEFT,184700.78,GB
TXN0005544,ACCT003868,CUST004055,CASE002421,2024-08-18,RTGS,100307.38,SG
TXN0005545,ACCT003875,CUST000582,CASE002144,2023-07-21,NEFT,388605.92,US
TXN0005546,ACCT003875,CUST000582,CASE000540,2023-07-24,RTGS,167457.26,IN
TXN0005547,ACCT000559,CUST005464,CASE002174,2024-07-18,NEFT,54310.39,GB
TXN0005548,ACCT000559,CUST005464,CASE003814,2024-07-21,RTGS,299289.06,US
TXN0005549,ACCT001975,CUST003014,CASE001188,2024-03-09,NEFT,145056.08,AE
TXN0005550,ACCT001975,CUST003014,CASE001749,2024-03-12,RTGS,170483.22,GB
TXN0005551,ACCT004368,CUST000853,CASE004694,2024-06-11,NEFT,244082.32,SG
TXN0005552,ACCT004368,CUST000853,CASE002281,2024-06-14,RTGS,201795.87,HK
TXN0005553,ACCT004950,CUST000399,CASE004303,2024-02-21,NEFT,306123.45,SG
TXN0005554,ACCT004950,CUST000399,CASE003237,2024-02-24,RTGS,138610.11,US
TXN0005555,ACCT005086,CUST001485,CASE000659,2023-08-22,NEFT,272103.05,GB
TXN0005556,ACCT005086,CUST001485,CASE002151,2023-08-25,RTGS,154042.55,AE
TXN0005557,ACCT006029,CUST005040,CASE004804,2023-12-26,NEFT,311563.65,IN
TXN0005558,ACCT006029,CUST005040,CASE002104,2023-12-29,RTGS,260389.18,AE
TXN0005559,ACCT000909,CUST002060,CASE001798,2024-01-08,NEFT,114097.59,AE
TXN0005560,ACCT000909,CUST002060,CASE004746,2024-01-11,RTGS,345345.76,IN
TXN0005561,ACCT003839,CUST002880,CASE001063,2024-12-02,NEFT,145000.81,HK
TXN0005562,ACCT003839,CUST002880,CASE003304,2024-12-05,RTGS,292303.17,SG
TXN0005563,ACCT006498,CUST001197,CASE001734,2023-03-31,NEFT,249308.17,GB
TXN0005564,ACCT006498,CUST001197,CASE004925,2023-04-03,RTGS,542325.87,SG
TXN0005565,ACCT004325,CUST004801,CASE002745,2023-10-12,NEFT,174904.09,GB
TXN0005566,ACCT004325,CUST004801,CASE004679,2023-10-15,RTGS,145964.99,IN
TXN0005567,ACCT003408,CUST000302,CASE000086,2023-12-09,NEFT,197683.17,HK
TXN0005568,ACCT003408,CUST000302,CASE003839,2023-12-12,RTGS,150062.07,HK
TXN0005569,ACCT003568,CUST004709,CASE004601,2023-02-16,NEFT,323203.61,IN
TXN0005570,ACCT003568,CUST004709,CASE001976,2023-02-19,RTGS,68249.53,US
TXN0005571,ACCT003504,CUST003541,CASE004582,2023-07-18,NEFT,106283.27,HK
TXN0005572,ACCT003504,CUST003541,CASE001319,2023-07-21,RTGS,94847.95,IN
TXN0005573,ACCT007846,CUST002290,CASE004614,2023-09-24,NEFT,353718.68,IN
TXN0005574,ACCT007846,CUST002290,CASE004911,2023-09-27,RTGS,502363.96,IN
TXN0005575,ACCT003118,CUST003959,CASE004236,2024-03-02,NEFT,187850.76,GB
TXN0005576,ACCT003118,CUST003959,CASE004624,2024-03-05,RTGS,162660.27,IN
TXN0005577,ACCT003454,CUST003955,CASE000108,2024-11-17,NEFT,208585.42,HK
TXN0005578,ACCT003454,CUST003955,CASE001936,2024-11-20,RTGS,361435.58,US
TXN0005579,ACCT004971,CUST005618,CASE002784,2024-02-18,NEFT,114652.46,IN
TXN0005580,ACCT004971,CUST005618,CASE002976,2024-02-21,RTGS,207675.81,IN
TXN0005581,ACCT008347,CUST000430,CASE000770,2023-04-03,NEFT,359040.77,GB
TXN0005582,ACCT008347,CUST000430,CASE000710,2023-04-06,RTGS,243134.15,SG
TXN0005583,ACCT002181,CUST004937,CASE002734,2023-12-24,NEFT,224094.16,HK
TXN0005584,ACCT002181,CUST004937,CASE003334,2023-12-27,RTGS,328187.31,AE
TXN0005585,ACCT007692,CUST000937,CASE001328,2024-12-27,NEFT,39503.05,GB
TXN0005586,ACCT007692,CUST000937,CASE003786,2024-12-30,RTGS,270340.44,GB
TXN0005587,ACCT005076,CUST005951,CASE001009,2023-06-28,NEFT,135080.64,SG
TXN0005588,ACCT005076,CUST005951,CASE002205,2023-07-01,RTGS,60013.95,SG
TXN0005589,ACCT005750,CUST000846,CASE004856,2023-03-06,NEFT,271792.51,US
TXN0005590,ACCT005750,CUST000846,CASE003706,2023-03-09,RTGS,410408.08,SG
TXN0005591,ACCT000574,CUST004663,CASE002127,2023-02-24,NEFT,184167.98,HK
TXN0005592,ACCT000574,CUST004663,CASE001741,2023-02-27,RTGS,318837.5,AE
TXN0005593,ACCT004287,CUST001543,CASE002326,2023-09-07,NEFT,526201.55,SG
TXN0005594,ACCT004287,CUST001543,CASE000028,2023-09-10,RTGS,396194.61,IN
TXN0005595,ACCT002332,CUST002644,CASE004270,2023-04-19,NEFT,535015.7,GB
TXN0005596,ACCT002332,CUST002644,CASE004119,2023-04-22,RTGS,280965.91,SG
TXN0005597,ACCT001641,CUST005265,CASE001050,2023-06-08,NEFT,209260.01,IN
TXN0005598,ACCT001641,CUST005265,CASE002932,2023-06-11,RTGS,68839.48,US
TXN0005599,ACCT000917,CUST005654,CASE001919,2024-03-06,NEFT,172548.76,IN
TXN0005600,ACCT000917,CUST005654,CASE004636,2024-03-09,RTGS,108528.07,GB
TXN0005601,ACCT003037,CUST004372,CASE001352,2023-04-28,NEFT,735744.56,GB
TXN0005602,ACCT003037,CUST004372,CASE002530,2023-05-01,RTGS,161972.3,IN
TXN0005603,ACCT008189,CUST003322,CASE004851,2023-11-28,NEFT,215344.75,HK
TXN0005604,ACCT008189,CUST003322,CASE000374,2023-12-01,RTGS,250597.5,GB
TXN0005605,ACCT008692,CUST003883,CASE001302,2023-06-06,NEFT,205301.34,US
TXN0005606,ACCT008692,CUST003883,CASE001349,2023-06-09,RTGS,497695.02,HK
TXN0005607,ACCT006698,CUST003024,CASE000495,2023-12-15,NEFT,137651.86,GB
TXN0005608,ACCT006698,CUST003024,CASE000151,2023-12-18,RTGS,202293.85,GB
TXN0005609,ACCT007879,CUST001373,CASE002685,2024-01-14,NEFT,128103.05,GB
TXN0005610,ACCT007879,CUST001373,CASE002406,2024-01-17,RTGS,81527.74,US
TXN0005611,ACCT006710,CUST000796,CASE004897,2023-05-24,NEFT,138553.41,SG
TXN0005612,ACCT006710,CUST000796,CASE004844,2023-05-27,RTGS,176044.14,IN
TXN0005613,ACCT001889,CUST003167,CASE001781,2023-04-20,NEFT,154583.75,SG
TXN0005614,ACCT001889,CUST003167,CASE002724,2023-04-23,RTGS,118807.47,AE
TXN0005615,ACCT001937,CUST001270,CASE001817,2023-05-06,NEFT,86015.45,SG
TXN0005616,ACCT001937,CUST001270,CASE001627,2023-05-09,RTGS,171244.7,HK
TXN0005617,ACCT004235,CUST005844,CASE004764,2023-10-30,NEFT,81083.96,AE
TXN0005618,ACCT004235,CUST005844,CASE003810,2023-11-02,RTGS,284004.6,IN
TXN0005619,ACCT007792,CUST001180,CASE003561,2024-05-07,NEFT,210141.52,SG
TXN0005620,ACCT007792,CUST001180,CASE002380,2024-05-10,RTGS,75070.37,IN
TXN0005621,ACCT001415,CUST005306,CASE001438,2023-07-28,NEFT,166133.54,AE
TXN0005622,ACCT001415,CUST005306,CASE000980,2023-07-31,RTGS,114624.66,IN
TXN0005623,ACCT004266,CUST000459,CASE004046,2024-12-07,NEFT,242214.11,AE
TXN0005624,ACCT004266,CUST000459,CASE000155,2024-12-10,RTGS,402311.68,SG
TXN0005625,ACCT005248,CUST004087,CASE000826,2023-06-26,NEFT,64923.77,HK
TXN0005626,ACCT005248,CUST004087,CASE004519,2023-06-29,RTGS,192861.54,SG
TXN0005627,ACCT005764,CUST004815,CASE001263,2023-09-04,NEFT,181678.33,HK
TXN0005628,ACCT005764,CUST004815,CASE004881,2023-09-07,RTGS,269282.47,SG
TXN0005629,ACCT006020,CUST004245,CASE004284,2023-01-11,NEFT,227291.96,AE
TXN0005630,ACCT006020,CUST004245,CASE003210,2023-01-14,RTGS,114637.53,IN
TXN0005631,ACCT002605,CUST001576,CASE002310,2023-04-26,NEFT,165155.1,US
TXN0005632,ACCT002605,CUST001576,CASE004724,2023-04-29,RTGS,111646.91,AE
TXN0005633,ACCT002455,CUST003856,CASE004580,2024-09-08,NEFT,381427.83,GB
TXN0005634,ACCT002455,CUST003856,CASE003329,2024-09-11,RTGS,182316.44,HK
TXN0005635,ACCT008658,CUST001037,CASE000256,2023-01-12,NEFT,625800.59,HK
TXN0005636,ACCT008658,CUST001037,CASE002790,2023-01-15,RTGS,173566.42,GB
TXN0005637,ACCT008688,CUST002714,CASE002553,2023-09-25,NEFT,130748.2,GB
TXN0005638,ACCT008688,CUST002714,CASE001603,2023-09-28,RTGS,72582.82,IN
TXN0005639,ACCT002862,CUST001475,CASE003484,2024-05-27,NEFT,67791.28,IN
TXN0005640,ACCT002862,CUST001475,CASE002086,2024-05-30,RTGS,69579.87,IN
TXN0005641,ACCT003827,CUST003373,CASE000147,2024-05-21,NEFT,234766.96,HK
TXN0005642,ACCT003827,CUST003373,CASE001327,2024-05-24,RTGS,244249.9,HK
TXN0005643,ACCT004272,CUST001443,CASE000240,2024-07-01,NEFT,77447.71,IN
TXN0005644,ACCT004272,CUST001443,CASE002864,2024-07-04,RTGS,307963.06,IN
TXN0005645,ACCT004814,CUST001500,CASE003626,2024-09-16,NEFT,149677.16,US
TXN0005646,ACCT004814,CUST001500,CASE001858,2024-09-19,RTGS,196572.76,US
TXN0005647,ACCT007256,CUST005834,CASE000683,2024-01-03,NEFT,526183.36,IN
TXN0005648,ACCT007256,CUST005834,CASE002152,2024-01-06,RTGS,308296.02,US
TXN0005649,ACCT001644,CUST004989,CASE004896,2024-12-29,NEFT,170238.26,IN
TXN0005650,ACCT001644,CUST004989,CASE002940,2025-01-01,RTGS,105450.49,SG
TXN0005651,ACCT004849,CUST001126,CASE004283,2024-03-07,NEFT,54994.22,SG
TXN0005652,ACCT004849,CUST001126,CASE000361,2024-03-10,RTGS,116917.07,SG
TXN0005653,ACCT005035,CUST003804,CASE002133,2024-01-23,NEFT,176203.44,IN
TXN0005654,ACCT005035,CUST003804,CASE004197,2024-01-26,RTGS,99548.92,US
TXN0005655,ACCT007995,CUST005505,CASE000636,2024-09-24,NEFT,184853.42,SG
TXN0005656,ACCT007995,CUST005505,CASE003282,2024-09-27,RTGS,188494.34,US
TXN0005657,ACCT002632,CUST001200,CASE001635,2023-04-14,NEFT,174758.28,HK
TXN0005658,ACCT002632,CUST001200,CASE004771,2023-04-17,RTGS,121870.05,IN
TXN0005659,ACCT001034,CUST001221,CASE002310,2023-11-06,NEFT,221297.99,GB
TXN0005660,ACCT001034,CUST001221,CASE000113,2023-11-09,RTGS,234656.15,SG
TXN0005661,ACCT007827,CUST003366,CASE001931,2024-10-19,NEFT,103967.46,AE
TXN0005662,ACCT007827,CUST003366,CASE000094,2024-10-22,RTGS,419689.97,US
TXN0005663,ACCT005077,CUST000481,CASE002497,2024-01-01,NEFT,188512.53,IN
TXN0005664,ACCT005077,CUST000481,CASE002576,2024-01-04,RTGS,182047.31,GB
TXN0005665,ACCT003047,CUST005919,CASE002474,2024-08-18,NEFT,305896.26,AE
TXN0005666,ACCT003047,CUST005919,CASE003828,2024-08-21,RTGS,207034.72,HK
TXN0005667,ACCT007483,CUST002225,CASE003551,2023-08-05,NEFT,354319.61,SG
TXN0005668,ACCT007483,CUST002225,CASE001983,2023-08-08,RTGS,213840.7,HK
TXN0005669,ACCT006687,CUST000108,CASE003611,2024-07-24,NEFT,138497.87,US
TXN0005670,ACCT006687,CUST000108,CASE002815,2024-07-27,RTGS,223600.05,HK
TXN0005671,ACCT007263,CUST002366,CASE002430,2023-03-20,NEFT,100693.54,AE
TXN0005672,ACCT007263,CUST002366,CASE003253,2023-03-23,RTGS,192114.72,IN
TXN0005673,ACCT001861,CUST005294,CASE004243,2023-03-15,NEFT,196051.89,SG
TXN0005674,ACCT001861,CUST005294,CASE004815,2023-03-18,RTGS,158870.08,SG
TXN0005675,ACCT002266,CUST002847,CASE004049,2023-08-30,NEFT,185155.29,IN
TXN0005676,ACCT002266,CUST002847,CASE003525,2023-09-02,RTGS,58197.79,US
TXN0005677,ACCT004929,CUST003305,CASE001343,2024-01-17,NEFT,143894.79,SG
TXN0005678,ACCT004929,CUST003305,CASE003333,2024-01-20,RTGS,190311.8,GB
TXN0005679,ACCT004471,CUST002413,CASE001420,2024-07-22,NEFT,220132.84,SG
TXN0005680,ACCT004471,CUST002413,CASE000720,2024-07-25,RTGS,97159.29,IN
TXN0005681,ACCT001342,CUST001558,CASE004561,2023-01-22,NEFT,427409.29,US
TXN0005682,ACCT001342,CUST001558,CASE001664,2023-01-25,RTGS,107045.28,GB
TXN0005683,ACCT004390,CUST000556,CASE002211,2024-03-19,NEFT,357806.27,IN
TXN0005684,ACCT004390,CUST000556,CASE000437,2024-03-22,RTGS,232589.12,IN
TXN0005685,ACCT002118,CUST005609,CASE003714,2023-02-05,NEFT,135718.24,SG
TXN0005686,ACCT002118,CUST005609,CASE003830,2023-02-08,RTGS,522248.43,SG
TXN0005687,ACCT001528,CUST000356,CASE004659,2023-09-01,NEFT,97722.84,HK
TXN0005688,ACCT001528,CUST000356,CASE000791,2023-09-04,RTGS,312451.53,US
TXN0005689,ACCT004491,CUST002171,CASE001547,2024-11-19,NEFT,364551.11,US
TXN0005690,ACCT004491,CUST002171,CASE000463,2024-11-22,RTGS,120371.73,AE
TXN0005691,ACCT001110,CUST004216,CASE002639,2023-05-15,NEFT,461183.75,GB
TXN0005692,ACCT001110,CUST004216,CASE004416,2023-05-18,RTGS,154923.11,AE
TXN0005693,ACCT007829,CUST004722,CASE004170,2024-08-05,NEFT,237824.63,IN
TXN0005694,ACCT007829,CUST004722,CASE004081,2024-08-08,RTGS,210429.35,IN
TXN0005695,ACCT002957,CUST003500,CASE002974,2023-12-25,NEFT,184515.25,HK
TXN0005696,ACCT002957,CUST003500,CASE002206,2023-12-28,RTGS,292785.96,GB
TXN0005697,ACCT006713,CUST001893,CASE001341,2024-06-22,NEFT,321954.62,SG
TXN0005698,ACCT006713,CUST001893,CASE002249,2024-06-25,RTGS,63044.3,AE
TXN0005699,ACCT005073,CUST000927,CASE000498,2024-06-11,NEFT,437432.11,AE
TXN0005700,ACCT005073,CUST000927,CASE003164,2024-06-14,RTGS,66384.37,US
TXN0005701,ACCT001771,CUST003243,CASE002394,2024-05-03,NEFT,371610.06,HK
TXN0005702,ACCT001771,CUST003243,CASE003324,2024-05-06,RTGS,353887.81,HK
TXN0005703,ACCT002157,CUST001531,CASE003964,2024-12-17,NEFT,103932.07,GB
TXN0005704,ACCT002157,CUST001531,CASE001428,2024-12-20,RTGS,140677.25,US
TXN0005705,ACCT002444,CUST001973,CASE000952,2023-04-13,NEFT,103017.06,GB
TXN0005706,ACCT002444,CUST001973,CASE004287,2023-04-16,RTGS,158222.81,GB
TXN0005707,ACCT000418,CUST002232,CASE001973,2024-01-31,NEFT,166250.68,AE
TXN0005708,ACCT000418,CUST002232,CASE002479,2024-02-03,RTGS,287365.0,GB
TXN0005709,ACCT005742,CUST002960,CASE002949,2023-06-29,NEFT,439001.41,IN
TXN0005710,ACCT005742,CUST002960,CASE004497,2023-07-02,RTGS,415867.68,AE
TXN0005711,ACCT000334,CUST000500,CASE004208,2024-06-18,NEFT,142738.82,GB
TXN0005712,ACCT000334,CUST000500,CASE002640,2024-06-21,RTGS,158764.78,HK
TXN0005713,ACCT008219,CUST000798,CASE004564,2023-02-05,NEFT,72839.21,SG
TXN0005714,ACCT008219,CUST000798,CASE002282,2023-02-08,RTGS,110989.41,IN
TXN0005715,ACCT002518,CUST002452,CASE001640,2023-12-17,NEFT,356818.89,HK
TXN0005716,ACCT002518,CUST002452,CASE001081,2023-12-20,RTGS,474521.32,GB
TXN0005717,ACCT004521,CUST001864,CASE000892,2024-04-24,NEFT,95364.66,GB
TXN0005718,ACCT004521,CUST001864,CASE002403,2024-04-27,RTGS,126150.84,HK
TXN0005719,ACCT000905,CUST005758,CASE003734,2023-07-25,NEFT,196856.28,SG
TXN0005720,ACCT000905,CUST005758,CASE000672,2023-07-28,RTGS,212949.18,SG
TXN0005721,ACCT008038,CUST003080,CASE003284,2024-05-06,NEFT,123045.63,GB
TXN0005722,ACCT008038,CUST003080,CASE000147,2024-05-09,RTGS,232152.27,HK
TXN0005723,ACCT008846,CUST003058,CASE002041,2024-08-21,NEFT,150507.63,GB
TXN0005724,ACCT008846,CUST003058,CASE004240,2024-08-24,RTGS,178445.9,AE
TXN0005725,ACCT000267,CUST000795,CASE004867,2023-01-11,NEFT,277574.1,HK
TXN0005726,ACCT000267,CUST000795,CASE004394,2023-01-14,RTGS,180694.94,IN
TXN0005727,ACCT007893,CUST000423,CASE002197,2024-07-21,NEFT,153928.13,HK
TXN0005728,ACCT007893,CUST000423,CASE002573,2024-07-24,RTGS,168543.01,GB
TXN0005729,ACCT003319,CUST003967,CASE001223,2023-01-04,NEFT,189672.63,AE
TXN0005730,ACCT003319,CUST003967,CASE001393,2023-01-07,RTGS,144163.81,IN
TXN0005731,ACCT008422,CUST003373,CASE003267,2024-03-01,NEFT,171235.49,US
TXN0005732,ACCT008422,CUST003373,CASE000172,2024-03-04,RTGS,469723.94,AE
TXN0005733,ACCT005247,CUST001103,CASE001779,2024-09-28,NEFT,280022.24,AE
TXN0005734,ACCT005247,CUST001103,CASE001225,2024-10-01,RTGS,150756.91,AE
TXN0005735,ACCT008109,CUST005735,CASE002499,2023-04-22,NEFT,303836.59,SG
TXN0005736,ACCT008109,CUST005735,CASE001133,2023-04-25,RTGS,147328.55,SG
TXN0005737,ACCT006422,CUST000060,CASE004226,2024-10-21,NEFT,404314.14,AE
TXN0005738,ACCT006422,CUST000060,CASE004557,2024-10-24,RTGS,224694.6,US
TXN0005739,ACCT001335,CUST004070,CASE004786,2023-07-17,NEFT,187529.48,GB
TXN0005740,ACCT001335,CUST004070,CASE004874,2023-07-20,RTGS,235470.82,SG
TXN0005741,ACCT002733,CUST001438,CASE001759,2024-06-04,NEFT,77928.49,GB
TXN0005742,ACCT002733,CUST001438,CASE001570,2024-06-07,RTGS,91551.02,AE
TXN0005743,ACCT008227,CUST004073,CASE003482,2024-12-30,NEFT,97705.94,HK
TXN0005744,ACCT008227,CUST004073,CASE000979,2025-01-02,RTGS,196119.21,US
TXN0005745,ACCT007287,CUST003620,CASE004165,2023-03-04,NEFT,565565.64,GB
TXN0005746,ACCT007287,CUST003620,CASE000769,2023-03-07,RTGS,686589.74,US
TXN0005747,ACCT003225,CUST000801,CASE001966,2023-04-24,NEFT,293285.94,GB
TXN0005748,ACCT003225,CUST000801,CASE001858,2023-04-27,RTGS,243097.73,HK
TXN0005749,ACCT005211,CUST004487,CASE000661,2024-07-09,NEFT,67876.01,SG
TXN0005750,ACCT005211,CUST004487,CASE002825,2024-07-12,RTGS,129976.36,GB
TXN0005751,ACCT004947,CUST002096,CASE001076,2023-07-19,NEFT,124667.12,AE
TXN0005752,ACCT004947,CUST002096,CASE003917,2023-07-22,RTGS,124020.68,IN
TXN0005753,ACCT000841,CUST005989,CASE004227,2024-11-09,NEFT,180807.16,US
TXN0005754,ACCT000841,CUST005989,CASE004034,2024-11-12,RTGS,135599.07,SG
TXN0005755,ACCT004166,CUST000506,CASE002812,2023-05-09,NEFT,60991.68,US
TXN0005756,ACCT004166,CUST000506,CASE003707,2023-05-12,RTGS,281942.46,AE
TXN0005757,ACCT003578,CUST004546,CASE004220,2024-01-17,NEFT,105074.7,SG
TXN0005758,ACCT003578,CUST004546,CASE000428,2024-01-20,RTGS,207785.22,US
TXN0005759,ACCT007176,CUST003241,CASE001822,2024-10-14,NEFT,694204.77,AE
TXN0005760,ACCT007176,CUST003241,CASE000413,2024-10-17,RTGS,103681.75,IN
TXN0005761,ACCT000073,CUST003114,CASE000017,2024-10-07,NEFT,43822.39,GB
TXN0005762,ACCT000073,CUST003114,CASE003725,2024-10-10,RTGS,151616.5,HK
TXN0005763,ACCT007123,CUST005833,CASE003957,2024-08-02,NEFT,387181.33,SG
TXN0005764,ACCT007123,CUST005833,CASE004160,2024-08-05,RTGS,582870.67,SG
TXN0005765,ACCT008501,CUST003489,CASE000767,2023-12-10,NEFT,95639.66,GB
TXN0005766,ACCT008501,CUST003489,CASE002599,2023-12-13,RTGS,242493.86,HK
TXN0005767,ACCT003840,CUST003518,CASE002723,2023-06-25,NEFT,151279.8,AE
TXN0005768,ACCT003840,CUST003518,CASE004109,2023-06-28,RTGS,168913.68,AE
TXN0005769,ACCT000611,CUST000379,CASE004376,2023-05-24,NEFT,977426.77,GB
TXN0005770,ACCT000611,CUST000379,CASE004851,2023-05-27,RTGS,73052.23,SG
TXN0005771,ACCT000918,CUST001517,CASE004868,2023-09-11,NEFT,232888.82,GB
TXN0005772,ACCT000918,CUST001517,CASE002372,2023-09-14,RTGS,238310.1,GB
TXN0005773,ACCT007513,CUST000805,CASE001383,2023-10-23,NEFT,383672.44,HK
TXN0005774,ACCT007513,CUST000805,CASE004297,2023-10-26,RTGS,190899.43,IN
TXN0005775,ACCT000720,CUST002754,CASE001268,2023-12-25,NEFT,240602.86,SG
TXN0005776,ACCT000720,CUST002754,CASE004432,2023-12-28,RTGS,142304.3,IN
TXN0005777,ACCT005787,CUST002301,CASE002148,2023-05-03,NEFT,235048.89,GB
TXN0005778,ACCT005787,CUST002301,CASE001089,2023-05-06,RTGS,146502.35,HK
TXN0005779,ACCT006991,CUST005320,CASE002011,2023-03-31,NEFT,290400.35,HK
TXN0005780,ACCT006991,CUST005320,CASE001239,2023-04-03,RTGS,144198.48,IN
TXN0005781,ACCT007798,CUST000694,CASE000522,2024-10-23,NEFT,250780.39,IN
TXN0005782,ACCT007798,CUST000694,CASE003656,2024-10-26,RTGS,176867.2,SG
TXN0005783,ACCT005409,CUST003821,CASE003725,2023-09-16,NEFT,393054.2,HK
TXN0005784,ACCT005409,CUST003821,CASE002411,2023-09-19,RTGS,174534.18,HK
TXN0005785,ACCT006036,CUST000003,CASE003430,2023-03-28,NEFT,69027.01,HK
TXN0005786,ACCT006036,CUST000003,CASE002488,2023-03-31,RTGS,383795.46,SG
TXN0005787,ACCT008325,CUST001587,CASE004022,2024-03-13,NEFT,116149.48,IN
TXN0005788,ACCT008325,CUST001587,CASE003266,2024-03-16,RTGS,121595.15,HK
TXN0005789,ACCT008056,CUST005469,CASE000429,2024-02-08,NEFT,139898.98,AE
TXN0005790,ACCT008056,CUST005469,CASE000149,2024-02-11,RTGS,410600.08,AE
TXN0005791,ACCT002221,CUST001257,CASE000080,2023-06-20,NEFT,55529.41,US
TXN0005792,ACCT002221,CUST001257,CASE001757,2023-06-23,RTGS,1182760.0,AE
TXN0005793,ACCT001977,CUST004673,CASE003931,2024-11-28,NEFT,376889.28,IN
TXN0005794,ACCT001977,CUST004673,CASE002623,2024-12-01,RTGS,205799.05,GB
TXN0005795,ACCT000300,CUST000415,CASE001591,2024-09-20,NEFT,193520.02,IN
TXN0005796,ACCT000300,CUST000415,CASE001883,2024-09-23,RTGS,213639.35,US
TXN0005797,ACCT000161,CUST005251,CASE002208,2023-05-28,NEFT,273415.01,AE
TXN0005798,ACCT000161,CUST005251,CASE000864,2023-05-31,RTGS,265094.46,AE
TXN0005799,ACCT003606,CUST000678,CASE004680,2023-03-26,NEFT,279130.68,SG
TXN0005800,ACCT003606,CUST000678,CASE000237,2023-03-29,RTGS,189939.44,SG
TXN0005801,ACCT008436,CUST003558,CASE000888,2024-05-01,NEFT,177667.59,US
TXN0005802,ACCT008436,CUST003558,CASE004433,2024-05-04,RTGS,164381.98,HK
TXN0005803,ACCT005980,CUST004511,CASE001871,2024-03-14,NEFT,177926.83,AE
TXN0005804,ACCT005980,CUST004511,CASE001454,2024-03-17,RTGS,355391.11,GB
TXN0005805,ACCT002182,CUST005880,CASE004303,2024-11-10,NEFT,285559.78,IN
TXN0005806,ACCT002182,CUST005880,CASE004837,2024-11-13,RTGS,30837.26,AE
TXN0005807,ACCT008552,CUST000520,CASE003245,2023-07-02,NEFT,296443.85,AE
TXN0005808,ACCT008552,CUST000520,CASE004735,2023-07-05,RTGS,202309.47,IN
TXN0005809,ACCT000639,CUST004567,CASE000256,2023-11-22,NEFT,197767.5,SG
TXN0005810,ACCT000639,CUST004567,CASE003514,2023-11-25,RTGS,142571.81,HK
TXN0005811,ACCT006796,CUST002914,CASE000331,2024-12-08,NEFT,392597.53,AE
TXN0005812,ACCT006796,CUST002914,CASE004447,2024-12-11,RTGS,317816.04,IN
TXN0005813,ACCT006349,CUST002151,CASE004682,2024-03-25,NEFT,125787.1,SG
TXN0005814,ACCT006349,CUST002151,CASE004468,2024-03-28,RTGS,229795.14,HK
TXN0005815,ACCT000641,CUST000995,CASE004406,2023-12-30,NEFT,111644.9,GB
TXN0005816,ACCT000641,CUST000995,CASE003334,2024-01-02,RTGS,78664.03,SG
TXN0005817,ACCT004491,CUST002171,CASE000984,2024-03-31,NEFT,137316.3,US
TXN0005818,ACCT004491,CUST002171,CASE002876,2024-04-03,RTGS,301989.71,IN
TXN0005819,ACCT001734,CUST004578,CASE001364,2023-09-24,NEFT,354317.14,HK
TXN0005820,ACCT001734,CUST004578,CASE001436,2023-09-27,RTGS,244889.75,SG
TXN0005821,ACCT007527,CUST000361,CASE000840,2023-06-27,NEFT,309010.37,US
TXN0005822,ACCT007527,CUST000361,CASE000381,2023-06-30,RTGS,245344.62,US
TXN0005823,ACCT002222,CUST005563,CASE002470,2023-09-20,NEFT,136105.24,AE
TXN0005824,ACCT002222,CUST005563,CASE001838,2023-09-23,RTGS,233249.89,IN
TXN0005825,ACCT002644,CUST001656,CASE001473,2024-05-12,NEFT,323294.31,HK
TXN0005826,ACCT002644,CUST001656,CASE003051,2024-05-15,RTGS,283023.99,AE
TXN0005827,ACCT005634,CUST003981,CASE003991,2024-10-16,NEFT,408162.5,GB
TXN0005828,ACCT005634,CUST003981,CASE001206,2024-10-19,RTGS,275321.4,AE
TXN0005829,ACCT001976,CUST005557,CASE001816,2024-06-28,NEFT,246950.1,SG
TXN0005830,ACCT001976,CUST005557,CASE000556,2024-07-01,RTGS,342080.81,GB
TXN0005831,ACCT006287,CUST003994,CASE004442,2024-11-01,NEFT,196842.64,AE
TXN0005832,ACCT006287,CUST003994,CASE003424,2024-11-04,RTGS,106041.66,HK
TXN0005833,ACCT005987,CUST003188,CASE001081,2024-09-09,NEFT,181358.76,HK
TXN0005834,ACCT005987,CUST003188,CASE003611,2024-09-12,RTGS,115124.63,HK
TXN0005835,ACCT008339,CUST001717,CASE002468,2023-01-21,IMPS,23513.75,HK
TXN0005836,ACCT005430,CUST001507,CASE000500,2024-11-27,IMPS,36399.84,US
TXN0005837,ACCT006243,CUST002587,CASE004375,2023-07-21,UPI,17588.91,HK
TXN0005838,ACCT008257,CUST004534,CASE003282,2023-11-28,UPI,12603.18,AE
TXN0005839,ACCT002062,CUST000909,CASE003192,2024-01-09,IMPS,12625.16,IN
TXN0005840,ACCT005336,CUST001319,CASE004455,2023-01-02,NEFT,20116.51,IN
TXN0005841,ACCT001400,CUST002148,CASE003858,2023-01-25,UPI,29450.29,US
TXN0005842,ACCT003875,CUST000582,CASE003348,2024-10-08,NEFT,9470.64,AE
TXN0005843,ACCT007809,CUST004174,CASE000391,2024-03-31,UPI,58167.74,AE
TXN0005844,ACCT003006,CUST004956,CASE000725,2023-02-13,IMPS,98336.34,US
TXN0005845,ACCT003259,CUST003113,CASE003890,2024-06-07,NEFT,4333.79,SG
TXN0005846,ACCT004770,CUST000466,CASE002324,2024-05-27,IMPS,23401.41,SG
TXN0005847,ACCT007901,CUST001039,CASE004913,2024-02-07,IMPS,18824.67,AE
TXN0005848,ACCT004755,CUST000523,CASE003766,2024-09-26,IMPS,16288.24,IN
TXN0005849,ACCT007465,CUST002298,CASE004572,2023-11-13,UPI,67033.32,HK
TXN0005850,ACCT007363,CUST003963,CASE003080,2024-11-04,UPI,17106.31,IN
TXN0005851,ACCT007740,CUST002821,CASE001566,2024-02-18,NEFT,28438.65,HK
TXN0005852,ACCT006158,CUST004707,CASE004957,2023-04-12,NEFT,5483.47,AE
TXN0005853,ACCT000487,CUST001305,CASE004045,2024-02-07,IMPS,47059.58,US
TXN0005854,ACCT000477,CUST001332,CASE001444,2024-01-24,UPI,16328.33,IN
TXN0005855,ACCT002644,CUST001656,CASE004550,2023-09-03,UPI,8540.66,IN
TXN0005856,ACCT005986,CUST001317,CASE003185,2023-02-28,IMPS,17118.52,AE
TXN0005857,ACCT002793,CUST004500,CASE001573,2023-03-21,NEFT,81656.53,SG
TXN0005858,ACCT006870,CUST002754,CASE001883,2024-11-03,NEFT,20113.56,HK
TXN0005859,ACCT003003,CUST002200,CASE002082,2024-11-17,UPI,2436.41,IN
TXN0005860,ACCT001628,CUST000887,CASE000479,2024-11-18,IMPS,41351.93,IN
TXN0005861,ACCT004348,CUST003100,CASE000570,2023-02-06,UPI,66917.75,US
TXN0005862,ACCT002567,CUST003613,CASE003945,2023-04-02,NEFT,87253.72,US
TXN0005863,ACCT006510,CUST001000,CASE003822,2024-12-09,IMPS,31593.51,US
TXN0005864,ACCT003379,CUST001718,CASE004889,2023-03-17,UPI,4191.04,GB
TXN0005865,ACCT004367,CUST004633,CASE003896,2024-04-18,NEFT,60500.41,SG
TXN0005866,ACCT001317,CUST000874,CASE004384,2023-11-20,IMPS,23462.91,SG
TXN0005867,ACCT008691,CUST002422,CASE004879,2024-07-26,IMPS,65946.07,GB
TXN0005868,ACCT006239,CUST005167,CASE000817,2024-04-22,NEFT,17837.44,US
TXN0005869,ACCT004761,CUST002140,CASE004168,2024-04-29,UPI,35655.78,GB
TXN0005870,ACCT004454,CUST002174,CASE002753,2023-07-13,IMPS,116015.5,IN
TXN0005871,ACCT004299,CUST000164,CASE002376,2024-12-28,IMPS,15000.97,GB
TXN0005872,ACCT005686,CUST004767,CASE000813,2023-07-15,NEFT,3323.91,IN
TXN0005873,ACCT007567,CUST002610,CASE004984,2024-03-02,UPI,3179.83,US
TXN0005874,ACCT007764,CUST003230,CASE002783,2024-11-01,UPI,5243.99,HK
TXN0005875,ACCT005258,CUST005668,CASE002036,2024-12-07,UPI,13006.7,GB
TXN0005876,ACCT001928,CUST002971,CASE002205,2024-01-04,UPI,43495.94,SG
TXN0005877,ACCT005993,CUST004918,CASE000110,2023-01-10,NEFT,24619.75,HK
TXN0005878,ACCT005197,CUST005871,CASE003506,2023-09-14,UPI,35526.57,HK
TXN0005879,ACCT007215,CUST001466,CASE003973,2024-04-25,UPI,5155.8,US
TXN0005880,ACCT003134,CUST004115,CASE003336,2023-09-06,IMPS,84805.06,AE
TXN0005881,ACCT008905,CUST001785,CASE003956,2023-11-28,IMPS,23305.9,US
TXN0005882,ACCT004898,CUST005134,CASE000316,2024-06-23,NEFT,30353.15,HK
TXN0005883,ACCT003419,CUST002909,CASE000913,2023-04-16,NEFT,43037.61,HK
TXN0005884,ACCT006393,CUST003946,CASE000565,2023-01-12,NEFT,57244.67,SG
TXN0005885,ACCT005831,CUST004618,CASE001494,2023-01-20,IMPS,50577.9,US
TXN0005886,ACCT001309,CUST003476,CASE002662,2023-09-16,IMPS,8390.51,GB
TXN0005887,ACCT004601,CUST003876,CASE001472,2024-05-11,UPI,27560.47,AE
TXN0005888,ACCT008811,CUST000220,CASE001096,2024-07-07,IMPS,2784.41,AE
TXN0005889,ACCT003836,CUST004830,CASE002459,2023-03-05,UPI,22932.68,US
TXN0005890,ACCT006655,CUST002639,CASE004427,2024-04-27,IMPS,34838.54,GB
TXN0005891,ACCT000757,CUST004419,CASE000273,2023-07-16,NEFT,12036.19,HK
TXN0005892,ACCT000098,CUST005243,CASE000860,2023-09-19,UPI,55262.82,HK
TXN0005893,ACCT006138,CUST001662,CASE000537,2023-12-06,UPI,30584.89,IN
TXN0005894,ACCT008866,CUST002917,CASE000626,2023-11-05,IMPS,63548.89,SG
TXN0005895,ACCT007322,CUST005415,CASE002751,2024-08-18,UPI,80885.13,IN
TXN0005896,ACCT008644,CUST004386,CASE002951,2024-04-17,NEFT,41436.94,SG
TXN0005897,ACCT008285,CUST001689,CASE004925,2024-11-20,UPI,43035.31,GB
TXN0005898,ACCT007814,CUST002911,CASE003435,2024-10-13,NEFT,10292.41,US
TXN0005899,ACCT000707,CUST003195,CASE004499,2023-03-02,IMPS,44661.72,US
TXN0005900,ACCT007298,CUST001701,CASE001591,2023-08-24,NEFT,7838.83,AE
TXN0005901,ACCT001369,CUST004419,CASE002646,2023-12-18,NEFT,3707.51,SG
TXN0005902,ACCT005211,CUST004487,CASE003786,2024-11-26,IMPS,30610.7,IN
TXN0005903,ACCT006502,CUST000585,CASE002801,2024-08-20,NEFT,136221.4,GB
TXN0005904,ACCT005559,CUST000253,CASE003058,2023-05-29,NEFT,52632.79,HK
TXN0005905,ACCT004647,CUST003064,CASE002992,2024-10-24,UPI,75804.23,SG
TXN0005906,ACCT001349,CUST001121,CASE002981,2024-10-02,NEFT,83780.91,AE
TXN0005907,ACCT007747,CUST001045,CASE002821,2024-12-10,UPI,38069.15,HK
TXN0005908,ACCT002652,CUST005044,CASE004625,2024-11-20,IMPS,64643.44,US
TXN0005909,ACCT001332,CUST005619,CASE003692,2024-09-30,UPI,12777.94,US
TXN0005910,ACCT002449,CUST000415,CASE003261,2024-03-09,UPI,16018.94,AE
TXN0005911,ACCT001671,CUST002793,CASE003352,2024-08-14,NEFT,39792.76,IN
TXN0005912,ACCT006550,CUST001372,CASE001647,2023-08-29,NEFT,9299.47,AE
TXN0005913,ACCT003912,CUST005047,CASE004414,2023-09-13,IMPS,39002.36,AE
TXN0005914,ACCT008442,CUST000042,CASE001858,2024-07-17,UPI,23357.52,GB
TXN0005915,ACCT001457,CUST001935,CASE002930,2023-07-13,NEFT,13650.32,SG
TXN0005916,ACCT008376,CUST000603,CASE001425,2024-06-16,NEFT,19372.57,GB
TXN0005917,ACCT000131,CUST003272,CASE002120,2023-12-04,IMPS,2463.28,HK
TXN0005918,ACCT007348,CUST002697,CASE001243,2024-03-16,UPI,6807.19,US
TXN0005919,ACCT001351,CUST000796,CASE001375,2023-01-16,UPI,3245.61,GB
TXN0005920,ACCT006851,CUST004116,CASE004594,2024-10-21,IMPS,10460.92,IN
TXN0005921,ACCT008326,CUST000924,CASE004755,2024-09-10,IMPS,2522.73,IN
TXN0005922,ACCT006415,CUST003909,CASE003392,2024-06-23,IMPS,31024.47,SG
TXN0005923,ACCT000058,CUST002402,CASE001326,2024-04-17,NEFT,35496.6,SG
TXN0005924,ACCT001023,CUST001913,CASE004702,2023-04-14,UPI,10953.03,IN
TXN0005925,ACCT005924,CUST000059,CASE004797,2023-06-07,IMPS,63162.6,AE
TXN0005926,ACCT007884,CUST005956,CASE003231,2023-12-27,NEFT,65472.9,IN
TXN0005927,ACCT006160,CUST004021,CASE001556,2023-04-16,IMPS,29420.06,AE
TXN0005928,ACCT008693,CUST002375,CASE003887,2024-09-29,UPI,18687.62,GB
TXN0005929,ACCT000729,CUST004376,CASE002406,2023-12-25,IMPS,111160.11,SG
TXN0005930,ACCT006493,CUST003799,CASE004581,2023-06-21,NEFT,53934.63,HK
TXN0005931,ACCT004348,CUST003100,CASE003734,2024-07-31,IMPS,33968.92,US
TXN0005932,ACCT003313,CUST000519,CASE002613,2023-06-09,UPI,30096.78,GB
TXN0005933,ACCT003708,CUST003024,CASE000845,2024-01-23,NEFT,19623.8,HK
TXN0005934,ACCT004698,CUST000407,CASE001813,2023-01-24,NEFT,92729.71,HK
TXN0005935,ACCT005709,CUST003251,CASE004597,2023-03-24,IMPS,8178.32,GB
TXN0005936,ACCT006691,CUST000656,CASE001532,2024-06-16,NEFT,29571.27,AE
TXN0005937,ACCT007437,CUST000292,CASE003221,2023-04-12,NEFT,30793.07,IN
TXN0005938,ACCT002611,CUST002439,CASE003385,2024-06-24,IMPS,12046.59,AE
TXN0005939,ACCT005896,CUST003447,CASE000138,2024-05-24,IMPS,17202.71,IN
TXN0005940,ACCT002313,CUST003817,CASE004643,2024-04-11,NEFT,136243.61,IN
TXN0005941,ACCT004302,CUST000006,CASE002760,2023-09-07,UPI,30815.32,US
TXN0005942,ACCT005986,CUST001317,CASE003176,2023-03-07,UPI,21258.78,SG
TXN0005943,ACCT004450,CUST004540,CASE002376,2023-09-19,UPI,14722.25,SG
TXN0005944,ACCT005912,CUST002086,CASE000577,2023-09-01,IMPS,58113.58,IN
TXN0005945,ACCT002242,CUST003171,CASE004467,2024-08-14,NEFT,39387.78,GB
TXN0005946,ACCT007805,CUST003488,CASE003519,2023-12-18,NEFT,47599.09,IN
TXN0005947,ACCT004720,CUST001834,CASE000814,2023-04-20,UPI,38007.79,IN
TXN0005948,ACCT000556,CUST002461,CASE003863,2024-02-25,IMPS,23303.22,SG
TXN0005949,ACCT002364,CUST000233,CASE002330,2024-11-28,UPI,80982.83,US
TXN0005950,ACCT007072,CUST004292,CASE002713,2023-05-17,IMPS,7151.97,GB
TXN0005951,ACCT007102,CUST000215,CASE001355,2024-09-23,IMPS,34141.76,US
TXN0005952,ACCT000904,CUST002883,CASE003769,2023-08-08,IMPS,22467.01,IN
TXN0005953,ACCT000290,CUST001149,CASE001177,2024-01-22,IMPS,2095.23,US
TXN0005954,ACCT003548,CUST002437,CASE000076,2024-10-10,NEFT,5155.86,HK
TXN0005955,ACCT004116,CUST001274,CASE001969,2024-01-18,NEFT,149535.71,SG
TXN0005956,ACCT008593,CUST003413,CASE002735,2024-05-06,NEFT,50463.88,IN
TXN0005957,ACCT007572,CUST004703,CASE003807,2023-04-18,NEFT,40769.13,HK
TXN0005958,ACCT000381,CUST000595,CASE000060,2024-02-09,IMPS,32176.48,GB
TXN0005959,ACCT007319,CUST005506,CASE001394,2023-12-25,UPI,53481.06,SG
TXN0005960,ACCT005618,CUST001618,CASE002515,2023-05-03,NEFT,19677.37,AE
TXN0005961,ACCT003838,CUST003146,CASE001322,2024-09-28,NEFT,12495.34,AE
TXN0005962,ACCT005527,CUST003696,CASE002492,2024-11-08,IMPS,69314.96,US
TXN0005963,ACCT003456,CUST002421,CASE001122,2024-12-01,UPI,30887.34,AE
TXN0005964,ACCT000047,CUST002818,CASE002103,2024-11-26,IMPS,70209.02,HK
TXN0005965,ACCT007910,CUST002105,CASE004934,2023-07-13,UPI,53408.7,SG
TXN0005966,ACCT004836,CUST005085,CASE000506,2023-09-02,NEFT,27151.7,AE
TXN0005967,ACCT008110,CUST002702,CASE000161,2024-09-24,UPI,73058.65,SG
TXN0005968,ACCT004431,CUST002769,CASE000355,2023-01-28,UPI,40909.33,US
TXN0005969,ACCT008838,CUST004634,CASE001978,2024-04-01,NEFT,44723.23,SG
TXN0005970,ACCT000673,CUST001921,CASE004334,2023-01-16,NEFT,28571.61,HK
TXN0005971,ACCT006623,CUST002423,CASE003061,2024-06-02,IMPS,11874.99,SG
TXN0005972,ACCT008543,CUST001847,CASE003805,2023-05-07,UPI,121597.6,HK
TXN0005973,ACCT006393,CUST003946,CASE003562,2023-12-30,IMPS,24797.82,SG
TXN0005974,ACCT005108,CUST004300,CASE002796,2023-05-17,NEFT,13190.77,IN
TXN0005975,ACCT001417,CUST005206,CASE003341,2024-09-16,UPI,65373.42,HK
TXN0005976,ACCT005115,CUST004253,CASE001418,2024-10-28,UPI,53071.94,IN
TXN0005977,ACCT006953,CUST004287,CASE002911,2024-04-21,UPI,28944.07,AE
TXN0005978,ACCT003128,CUST004337,CASE003688,2023-08-02,UPI,57249.27,IN
TXN0005979,ACCT004715,CUST001084,CASE001822,2023-01-17,NEFT,12944.95,GB
TXN0005980,ACCT005213,CUST003063,CASE000985,2023-12-16,IMPS,106143.52,AE
TXN0005981,ACCT004153,CUST001425,CASE003140,2024-04-02,IMPS,15964.48,GB
TXN0005982,ACCT003493,CUST002712,CASE000557,2024-08-08,UPI,35641.12,HK
TXN0005983,ACCT005537,CUST000049,CASE001640,2023-06-19,UPI,5747.65,GB
TXN0005984,ACCT004876,CUST001061,CASE000512,2024-05-20,IMPS,15182.12,GB
TXN0005985,ACCT007118,CUST003905,CASE003720,2023-10-04,NEFT,35061.37,HK
TXN0005986,ACCT005836,CUST005422,CASE004807,2024-09-09,NEFT,13318.76,IN
TXN0005987,ACCT005658,CUST001101,CASE002006,2024-05-08,UPI,17003.76,GB
TXN0005988,ACCT008360,CUST004750,CASE002199,2024-12-24,NEFT,26535.13,GB
TXN0005989,ACCT005112,CUST001835,CASE001634,2024-02-12,NEFT,9009.13,HK
TXN0005990,ACCT008719,CUST000451,CASE003769,2023-03-30,IMPS,29019.61,SG
TXN0005991,ACCT000387,CUST000601,CASE002844,2023-03-03,IMPS,12779.54,SG
TXN0005992,ACCT005961,CUST003963,CASE004876,2024-01-19,UPI,15880.85,GB
TXN0005993,ACCT008930,CUST001139,CASE004963,2024-02-09,NEFT,112062.44,HK
TXN0005994,ACCT001711,CUST001807,CASE000226,2024-03-06,IMPS,16391.52,IN
TXN0005995,ACCT007996,CUST004823,CASE001033,2024-01-26,NEFT,10326.78,US
TXN0005996,ACCT007475,CUST001536,CASE003397,2024-07-20,UPI,45607.33,US
TXN0005997,ACCT003503,CUST005385,CASE002137,2024-08-12,IMPS,79607.98,AE
TXN0005998,ACCT000988,CUST003513,CASE000567,2023-10-18,UPI,116527.73,IN
TXN0005999,ACCT006616,CUST004905,CASE002177,2024-04-18,IMPS,114171.89,AE
TXN0006000,ACCT002494,CUST001631,CASE000551,2024-09-03,NEFT,12420.76,US
TXN0006001,ACCT004873,CUST001298,CASE001074,2024-03-28,UPI,4252.95,GB
TXN0006002,ACCT004052,CUST001234,CASE003882,2024-07-02,IMPS,16391.53,AE
TXN0006003,ACCT002065,CUST004392,CASE001148,2023-10-11,IMPS,20664.82,IN
TXN0006004,ACCT002965,CUST004297,CASE002452,2024-09-18,UPI,9661.03,US
TXN0006005,ACCT001007,CUST000022,CASE001675,2024-07-07,IMPS,17227.91,IN
TXN0006006,ACCT007256,CUST005834,CASE002293,2024-07-26,UPI,42926.55,HK
TXN0006007,ACCT003433,CUST000808,CASE003727,2024-02-12,UPI,14363.3,IN
TXN0006008,ACCT001092,CUST000857,CASE001715,2024-02-20,IMPS,8212.78,SG
TXN0006009,ACCT000328,CUST001556,CASE001553,2024-12-17,IMPS,16579.7,IN
TXN0006010,ACCT008966,CUST003843,CASE002395,2023-03-15,UPI,116374.7,HK
TXN0006011,ACCT000059,CUST005150,CASE001934,2023-07-18,UPI,22116.23,SG
TXN0006012,ACCT000351,CUST001927,CASE003374,2024-06-21,IMPS,43468.83,SG
TXN0006013,ACCT007911,CUST000117,CASE003151,2024-03-08,NEFT,41393.02,GB
TXN0006014,ACCT002129,CUST002404,CASE000907,2023-11-14,UPI,54985.88,AE
TXN0006015,ACCT001445,CUST005366,CASE001917,2024-12-03,IMPS,42482.98,US
TXN0006016,ACCT004612,CUST000318,CASE000185,2024-10-07,IMPS,40742.36,HK
TXN0006017,ACCT008716,CUST002928,CASE004244,2024-11-17,NEFT,33790.43,SG
TXN0006018,ACCT005395,CUST004210,CASE001324,2023-02-12,IMPS,7203.72,HK
TXN0006019,ACCT007922,CUST005741,CASE004539,2023-01-05,NEFT,4079.4,IN
TXN0006020,ACCT006940,CUST002813,CASE003676,2023-04-09,IMPS,142704.41,US
TXN0006021,ACCT003145,CUST005078,CASE001007,2024-12-01,IMPS,1719.65,GB
TXN0006022,ACCT000627,CUST001209,CASE001178,2024-01-15,IMPS,8579.46,IN
TXN0006023,ACCT000128,CUST004789,CASE002267,2023-11-20,UPI,5170.23,SG
TXN0006024,ACCT003276,CUST001536,CASE004251,2023-01-16,UPI,55996.97,SG
TXN0006025,ACCT002738,CUST004222,CASE002834,2024-11-10,IMPS,7327.24,SG
TXN0006026,ACCT003036,CUST003820,CASE002115,2023-07-05,IMPS,18613.81,US
TXN0006027,ACCT007476,CUST004876,CASE004176,2024-02-10,IMPS,17002.83,GB
TXN0006028,ACCT003176,CUST000678,CASE001812,2024-11-28,UPI,24425.5,SG
TXN0006029,ACCT000431,CUST000417,CASE002143,2023-12-14,UPI,63618.36,GB
TXN0006030,ACCT006481,CUST000068,CASE004032,2023-06-28,UPI,39884.04,IN
TXN0006031,ACCT003600,CUST004029,CASE004048,2023-09-21,UPI,39785.46,GB
TXN0006032,ACCT008046,CUST002076,CASE000676,2023-05-07,UPI,17256.12,GB
TXN0006033,ACCT002625,CUST000999,CASE001232,2024-07-24,UPI,19196.9,AE
TXN0006034,ACCT004608,CUST004987,CASE004465,2023-05-26,UPI,51411.86,HK
TXN0006035,ACCT003454,CUST003955,CASE001722,2024-12-15,IMPS,49159.94,SG
TXN0006036,ACCT000539,CUST000014,CASE003370,2023-03-17,UPI,33221.27,AE
TXN0006037,ACCT008898,CUST002306,CASE002293,2023-10-21,IMPS,69804.01,GB
TXN0006038,ACCT003093,CUST005258,CASE002492,2024-01-30,IMPS,21494.14,US
TXN0006039,ACCT001162,CUST003742,CASE000936,2024-06-23,NEFT,4400.86,AE
TXN0006040,ACCT005073,CUST000927,CASE001324,2024-07-17,IMPS,76439.34,US
TXN0006041,ACCT006388,CUST005242,CASE002583,2023-05-28,IMPS,46201.49,US
TXN0006042,ACCT005106,CUST005772,CASE004454,2023-06-12,NEFT,59925.08,US
TXN0006043,ACCT006454,CUST001495,CASE001998,2023-11-22,IMPS,37675.05,SG
TXN0006044,ACCT003028,CUST005766,CASE002779,2024-04-13,UPI,35265.0,SG
TXN0006045,ACCT001842,CUST004755,CASE003805,2023-05-14,NEFT,4007.52,HK
TXN0006046,ACCT000094,CUST001339,CASE000933,2023-07-21,NEFT,36443.53,IN
TXN0006047,ACCT004271,CUST001424,CASE004048,2023-10-16,IMPS,78463.95,HK
TXN0006048,ACCT005790,CUST001532,CASE003953,2024-12-21,UPI,29148.18,GB
TXN0006049,ACCT004482,CUST002391,CASE002855,2023-10-04,IMPS,9438.74,IN
TXN0006050,ACCT003282,CUST003343,CASE003386,2023-07-22,UPI,27136.33,AE
TXN0006051,ACCT003542,CUST002884,CASE003457,2024-06-01,IMPS,44701.78,SG
TXN0006052,ACCT001780,CUST000935,CASE001751,2024-02-18,NEFT,29141.43,IN
TXN0006053,ACCT004905,CUST000842,CASE003498,2023-01-29,IMPS,191898.96,HK
TXN0006054,ACCT006690,CUST004026,CASE001375,2024-08-15,NEFT,4129.29,SG
TXN0006055,ACCT008982,CUST002880,CASE002116,2024-08-23,UPI,24955.9,IN
TXN0006056,ACCT005117,CUST005639,CASE003150,2024-09-12,IMPS,11185.22,US
TXN0006057,ACCT003354,CUST003263,CASE001352,2023-04-27,NEFT,73046.35,US
TXN0006058,ACCT001654,CUST002876,CASE003879,2024-04-07,NEFT,41583.46,AE
TXN0006059,ACCT005552,CUST004969,CASE001841,2023-02-07,NEFT,22228.69,IN
TXN0006060,ACCT001316,CUST003959,CASE003668,2024-05-27,NEFT,88432.25,GB
TXN0006061,ACCT004325,CUST004801,CASE004307,2024-02-12,IMPS,19218.93,HK
TXN0006062,ACCT003268,CUST000043,CASE000710,2023-12-22,UPI,3108.75,IN
TXN0006063,ACCT006618,CUST001314,CASE004494,2024-10-12,IMPS,12030.85,AE
TXN0006064,ACCT006454,CUST001495,CASE003826,2023-03-05,NEFT,83207.79,GB
TXN0006065,ACCT000932,CUST002957,CASE004556,2023-06-27,IMPS,34513.48,GB
TXN0006066,ACCT007575,CUST000584,CASE000633,2023-09-30,UPI,22568.85,US
TXN0006067,ACCT001059,CUST003540,CASE004377,2024-11-20,NEFT,2261.21,GB
TXN0006068,ACCT005217,CUST001345,CASE001382,2024-12-11,UPI,57955.83,HK
TXN0006069,ACCT001310,CUST005656,CASE002542,2023-04-21,UPI,14785.93,IN
TXN0006070,ACCT004861,CUST002725,CASE004292,2023-05-11,UPI,20039.38,GB
TXN0006071,ACCT005392,CUST000611,CASE001792,2024-05-14,NEFT,13104.75,GB
TXN0006072,ACCT007540,CUST002558,CASE001933,2023-03-31,NEFT,5793.11,SG
TXN0006073,ACCT007421,CUST000933,CASE004641,2024-12-06,UPI,17208.62,IN
TXN0006074,ACCT000607,CUST001841,CASE001470,2024-05-16,IMPS,62260.11,SG
TXN0006075,ACCT006587,CUST005281,CASE001235,2024-11-21,UPI,16116.11,US
TXN0006076,ACCT005879,CUST005037,CASE003749,2024-05-23,NEFT,71342.99,AE
TXN0006077,ACCT006560,CUST003894,CASE004195,2024-05-21,UPI,117270.4,IN
TXN0006078,ACCT000130,CUST004781,CASE002200,2023-12-10,IMPS,16950.55,GB
TXN0006079,ACCT002119,CUST003807,CASE001745,2023-12-15,NEFT,122026.43,SG
TXN0006080,ACCT004567,CUST004558,CASE004328,2023-07-30,IMPS,63666.13,AE
TXN0006081,ACCT003641,CUST002153,CASE004365,2024-10-21,NEFT,10977.08,US
TXN0006082,ACCT007951,CUST003802,CASE003430,2024-05-29,NEFT,17130.67,SG
TXN0006083,ACCT008494,CUST000580,CASE001949,2023-05-17,UPI,42288.57,SG
TXN0006084,ACCT006220,CUST004718,CASE001674,2024-04-12,IMPS,90240.85,HK
TXN0006085,ACCT000694,CUST000511,CASE002737,2023-12-27,UPI,49601.03,AE
TXN0006086,ACCT006412,CUST000069,CASE000731,2024-09-06,NEFT,148146.28,IN
TXN0006087,ACCT004027,CUST000377,CASE002625,2024-01-04,NEFT,16845.05,HK
TXN0006088,ACCT001682,CUST001290,CASE002296,2024-10-12,UPI,15976.69,HK
TXN0006089,ACCT006124,CUST002897,CASE000432,2024-01-18,NEFT,2127.32,US
TXN0006090,ACCT007056,CUST004960,CASE004697,2023-04-02,IMPS,22025.38,US
TXN0006091,ACCT004581,CUST003396,CASE002888,2024-09-17,UPI,6246.69,HK
TXN0006092,ACCT000724,CUST005933,CASE002774,2024-09-18,IMPS,23123.34,US
TXN0006093,ACCT006778,CUST002473,CASE001891,2024-02-14,IMPS,1775.78,GB
TXN0006094,ACCT002247,CUST005768,CASE001765,2023-12-16,NEFT,60485.85,US
TXN0006095,ACCT003428,CUST003274,CASE000622,2024-05-13,UPI,57156.94,US
TXN0006096,ACCT003417,CUST005388,CASE004439,2024-07-22,IMPS,29668.49,GB
TXN0006097,ACCT006506,CUST001575,CASE002338,2023-10-16,NEFT,33897.03,AE
TXN0006098,ACCT003102,CUST001127,CASE004297,2023-06-05,NEFT,25372.35,IN
TXN0006099,ACCT003582,CUST001150,CASE003550,2023-12-29,UPI,60069.85,SG
TXN0006100,ACCT008818,CUST003872,CASE003304,2023-12-21,UPI,34572.37,IN
TXN0006101,ACCT002402,CUST005885,CASE002478,2024-10-11,IMPS,3039.47,SG
TXN0006102,ACCT006191,CUST004760,CASE003158,2023-10-30,IMPS,13915.55,GB
TXN0006103,ACCT003437,CUST004250,CASE000929,2024-07-02,UPI,28069.5,AE
TXN0006104,ACCT002343,CUST002249,CASE002328,2023-06-13,UPI,36938.3,AE
TXN0006105,ACCT001587,CUST002561,CASE004676,2024-01-18,UPI,40931.85,US
TXN0006106,ACCT003048,CUST003847,CASE004611,2024-05-14,IMPS,4659.76,GB
TXN0006107,ACCT003522,CUST004399,CASE000758,2023-02-05,NEFT,13442.54,AE
TXN0006108,ACCT003797,CUST003914,CASE004661,2024-08-22,IMPS,38169.18,GB
TXN0006109,ACCT003568,CUST004709,CASE002843,2024-01-01,NEFT,30758.17,US
TXN0006110,ACCT000113,CUST005882,CASE001064,2024-04-11,UPI,20522.24,US
TXN0006111,ACCT002536,CUST002521,CASE000119,2023-07-02,UPI,47890.28,GB
TXN0006112,ACCT004683,CUST004867,CASE000058,2024-11-16,IMPS,7020.12,GB
TXN0006113,ACCT005274,CUST002034,CASE002431,2024-12-28,NEFT,10276.49,US
TXN0006114,ACCT001283,CUST003134,CASE001102,2024-04-14,UPI,45471.82,AE
TXN0006115,ACCT006742,CUST002765,CASE004474,2023-08-31,NEFT,10738.27,AE
TXN0006116,ACCT007089,CUST000242,CASE000158,2023-07-05,UPI,22738.24,GB
TXN0006117,ACCT003574,CUST004403,CASE003553,2023-06-03,NEFT,26255.15,GB
TXN0006118,ACCT007471,CUST001360,CASE000512,2023-11-11,NEFT,3338.06,SG
TXN0006119,ACCT008175,CUST000517,CASE002989,2024-04-15,UPI,30737.85,HK
TXN0006120,ACCT001430,CUST000797,CASE000613,2023-03-25,NEFT,14567.04,IN
TXN0006121,ACCT006521,CUST005456,CASE004740,2024-11-28,NEFT,72319.02,AE
TXN0006122,ACCT002690,CUST005924,CASE004134,2024-07-30,UPI,10857.27,US
TXN0006123,ACCT005619,CUST005945,CASE001206,2023-06-13,NEFT,19482.39,IN
TXN0006124,ACCT001053,CUST004424,CASE004243,2024-03-10,NEFT,63187.45,GB
TXN0006125,ACCT001230,CUST002172,CASE001161,2023-05-03,IMPS,33428.32,GB
TXN0006126,ACCT008155,CUST005701,CASE000284,2023-12-08,NEFT,89410.6,IN
TXN0006127,ACCT005063,CUST003284,CASE004391,2023-01-05,UPI,10829.42,AE
TXN0006128,ACCT005031,CUST001894,CASE003980,2023-04-28,IMPS,29186.46,SG
TXN0006129,ACCT002272,CUST002458,CASE004063,2024-08-11,NEFT,27568.47,US
TXN0006130,ACCT005433,CUST004139,CASE000355,2024-01-05,IMPS,19212.5,AE
TXN0006131,ACCT003525,CUST002671,CASE000669,2024-06-04,NEFT,48496.64,IN
TXN0006132,ACCT001078,CUST003623,CASE000768,2024-12-09,IMPS,64224.94,IN
TXN0006133,ACCT004787,CUST004777,CASE004736,2024-04-05,NEFT,68237.21,GB
TXN0006134,ACCT002867,CUST003444,CASE001250,2024-11-30,IMPS,6702.51,SG
TXN0006135,ACCT002365,CUST000666,CASE003196,2023-09-08,UPI,64637.13,AE
TXN0006136,ACCT001744,CUST002565,CASE004591,2024-08-15,IMPS,17104.4,SG
TXN0006137,ACCT004614,CUST002716,CASE003835,2023-12-30,NEFT,20492.71,HK
TXN0006138,ACCT008848,CUST004713,CASE003504,2024-06-19,UPI,26964.76,GB
TXN0006139,ACCT008737,CUST001593,CASE003417,2023-05-26,NEFT,97225.57,AE
TXN0006140,ACCT000326,CUST003987,CASE003007,2024-08-19,UPI,279523.7,GB
TXN0006141,ACCT008947,CUST001027,CASE002529,2023-03-14,UPI,61562.8,IN
TXN0006142,ACCT000770,CUST001249,CASE002819,2024-07-19,NEFT,18815.85,US
TXN0006143,ACCT002933,CUST002370,CASE000949,2023-10-28,UPI,58649.04,HK
TXN0006144,ACCT006776,CUST004241,CASE001246,2024-11-27,IMPS,53231.2,US
TXN0006145,ACCT008419,CUST004529,CASE003413,2023-08-29,UPI,23061.39,IN
TXN0006146,ACCT005976,CUST001757,CASE000353,2024-03-13,IMPS,113156.47,US
TXN0006147,ACCT005476,CUST003072,CASE002124,2024-08-04,IMPS,41743.31,AE
TXN0006148,ACCT000815,CUST005420,CASE004291,2023-06-13,IMPS,61129.21,HK
TXN0006149,ACCT008898,CUST002306,CASE001838,2024-12-22,IMPS,67585.35,AE
TXN0006150,ACCT002710,CUST004451,CASE001891,2023-08-18,IMPS,10479.0,GB
TXN0006151,ACCT003147,CUST002068,CASE001434,2024-05-21,NEFT,26587.55,GB
TXN0006152,ACCT001211,CUST004058,CASE000124,2024-01-09,UPI,15547.79,IN
TXN0006153,ACCT002326,CUST001018,CASE001625,2023-09-04,UPI,12807.66,SG
TXN0006154,ACCT000385,CUST004613,CASE000678,2023-12-30,UPI,13302.01,GB
TXN0006155,ACCT006063,CUST003726,CASE004349,2024-11-25,UPI,24100.39,AE
TXN0006156,ACCT002742,CUST005483,CASE000785,2024-10-24,IMPS,41029.07,HK
TXN0006157,ACCT001638,CUST005094,CASE001801,2023-09-23,UPI,29229.0,GB
TXN0006158,ACCT004988,CUST005889,CASE004121,2024-08-07,NEFT,133743.49,US
TXN0006159,ACCT002478,CUST004131,CASE002346,2024-05-30,IMPS,4680.26,GB
TXN0006160,ACCT006894,CUST005047,CASE001889,2023-06-30,NEFT,63341.13,IN
TXN0006161,ACCT004461,CUST003219,CASE002777,2024-11-30,UPI,23862.16,US
TXN0006162,ACCT001333,CUST000402,CASE002866,2023-10-07,UPI,6180.2,AE
TXN0006163,ACCT005623,CUST002926,CASE002955,2023-04-08,IMPS,77896.71,US
TXN0006164,ACCT000548,CUST000574,CASE002061,2023-02-18,NEFT,52872.81,AE
TXN0006165,ACCT007262,CUST003656,CASE001677,2023-06-16,UPI,33827.05,GB
TXN0006166,ACCT008690,CUST005780,CASE002755,2024-10-29,NEFT,26072.53,HK
TXN0006167,ACCT005588,CUST002497,CASE004354,2024-11-23,UPI,5419.28,IN
TXN0006168,ACCT006132,CUST001636,CASE004063,2024-07-02,NEFT,19275.29,GB
TXN0006169,ACCT002507,CUST003744,CASE001509,2023-10-15,NEFT,50675.59,GB
TXN0006170,ACCT004588,CUST000866,CASE003029,2023-03-01,IMPS,21768.5,US
TXN0006171,ACCT001629,CUST002869,CASE000366,2023-03-30,IMPS,71878.99,IN
TXN0006172,ACCT004348,CUST003100,CASE004149,2023-12-19,NEFT,23406.69,AE
TXN0006173,ACCT004499,CUST003027,CASE000619,2023-12-16,UPI,19659.14,GB
TXN0006174,ACCT006901,CUST002650,CASE001806,2024-07-25,UPI,5214.8,IN
TXN0006175,ACCT007231,CUST000936,CASE004628,2024-10-08,IMPS,50121.0,HK
TXN0006176,ACCT003325,CUST005121,CASE001975,2023-10-13,UPI,27865.92,US
TXN0006177,ACCT007606,CUST005841,CASE002682,2023-03-21,UPI,30412.12,AE
TXN0006178,ACCT008951,CUST003481,CASE001299,2024-09-10,UPI,18845.31,SG
TXN0006179,ACCT000378,CUST002458,CASE001617,2023-04-15,UPI,12465.11,HK
TXN0006180,ACCT005475,CUST004235,CASE000314,2024-02-19,UPI,21845.15,GB
TXN0006181,ACCT000740,CUST003783,CASE002191,2024-03-11,UPI,38899.26,IN
TXN0006182,ACCT008693,CUST002375,CASE004234,2024-05-16,IMPS,22054.04,GB
TXN0006183,ACCT004280,CUST005763,CASE004598,2023-09-27,UPI,16980.92,GB
TXN0006184,ACCT000624,CUST004050,CASE002471,2023-08-30,IMPS,35501.12,US
TXN0006185,ACCT002286,CUST004048,CASE003176,2024-02-01,NEFT,106437.91,GB
TXN0006186,ACCT003810,CUST001091,CASE004846,2024-01-17,IMPS,69558.99,AE
TXN0006187,ACCT007945,CUST000446,CASE001629,2024-09-03,NEFT,29109.81,US
TXN0006188,ACCT002470,CUST004672,CASE003006,2023-10-14,IMPS,21941.09,GB
TXN0006189,ACCT007624,CUST001899,CASE001547,2024-09-23,IMPS,56872.21,GB
TXN0006190,ACCT003786,CUST004256,CASE002232,2023-06-20,IMPS,70099.16,US
TXN0006191,ACCT001829,CUST003703,CASE001172,2024-03-12,NEFT,46861.05,GB
TXN0006192,ACCT006376,CUST001107,CASE001959,2023-08-16,IMPS,58437.35,GB
TXN0006193,ACCT008069,CUST001458,CASE000093,2023-07-24,UPI,14805.08,AE
TXN0006194,ACCT000346,CUST001523,CASE000061,2023-02-09,UPI,20632.43,AE
TXN0006195,ACCT001488,CUST001770,CASE004027,2024-05-14,UPI,26175.58,SG
TXN0006196,ACCT006123,CUST002572,CASE000589,2024-09-07,NEFT,6910.02,HK
TXN0006197,ACCT003522,CUST004399,CASE002359,2023-08-26,NEFT,8088.42,AE
TXN0006198,ACCT000973,CUST000698,CASE003923,2023-08-22,UPI,100849.73,SG
TXN0006199,ACCT005809,CUST005303,CASE004544,2023-04-25,NEFT,9258.81,AE
TXN0006200,ACCT008655,CUST000338,CASE000657,2023-03-17,NEFT,24172.69,AE
TXN0006201,ACCT007491,CUST001771,CASE004223,2024-11-18,NEFT,41388.7,US
TXN0006202,ACCT000473,CUST003330,CASE001176,2024-09-06,UPI,7181.57,HK
TXN0006203,ACCT002000,CUST000688,CASE002411,2023-06-23,IMPS,13665.83,AE
TXN0006204,ACCT008750,CUST003029,CASE003393,2024-09-24,IMPS,67719.69,AE
TXN0006205,ACCT008897,CUST004245,CASE001367,2023-02-10,UPI,39353.28,AE
TXN0006206,ACCT008607,CUST001904,CASE000497,2024-08-07,UPI,20988.25,SG
TXN0006207,ACCT004286,CUST004613,CASE002397,2024-01-06,UPI,28332.75,IN
TXN0006208,ACCT002622,CUST005912,CASE001480,2023-09-24,IMPS,9623.98,SG
TXN0006209,ACCT006009,CUST002347,CASE002031,2023-07-03,UPI,72438.26,IN
TXN0006210,ACCT000478,CUST001451,CASE002289,2024-01-27,UPI,108127.52,GB
TXN0006211,ACCT008788,CUST005234,CASE000762,2024-08-02,IMPS,40805.68,SG
TXN0006212,ACCT003861,CUST004175,CASE001847,2024-07-05,NEFT,20135.09,HK
TXN0006213,ACCT004368,CUST000853,CASE002295,2024-03-21,NEFT,7685.94,HK
TXN0006214,ACCT001494,CUST002272,CASE000541,2024-08-26,NEFT,15024.28,GB
TXN0006215,ACCT003308,CUST002203,CASE001228,2024-08-13,IMPS,25271.39,IN
TXN0006216,ACCT004670,CUST001632,CASE002136,2023-06-30,UPI,16022.0,HK
TXN0006217,ACCT003099,CUST000398,CASE002635,2023-02-15,IMPS,62209.08,SG
TXN0006218,ACCT005688,CUST003319,CASE000981,2023-08-14,UPI,11046.78,SG
TXN0006219,ACCT001878,CUST005562,CASE004574,2023-12-19,IMPS,45387.41,IN
TXN0006220,ACCT007375,CUST005106,CASE001545,2023-04-15,NEFT,26281.99,US
TXN0006221,ACCT007026,CUST004107,CASE002996,2023-04-17,IMPS,41528.36,GB
TXN0006222,ACCT001722,CUST002688,CASE001479,2024-04-05,UPI,10522.99,HK
TXN0006223,ACCT005196,CUST003876,CASE004764,2023-10-17,IMPS,69781.67,GB
TXN0006224,ACCT002461,CUST001098,CASE001560,2024-01-14,UPI,80074.24,AE
TXN0006225,ACCT007784,CUST002364,CASE001649,2023-08-13,IMPS,8863.64,SG
TXN0006226,ACCT003779,CUST000009,CASE003229,2023-05-21,UPI,6058.99,AE
TXN0006227,ACCT000869,CUST004554,CASE004979,2024-05-18,UPI,3277.26,SG
TXN0006228,ACCT008691,CUST002422,CASE004418,2023-07-19,UPI,33549.04,HK
TXN0006229,ACCT003555,CUST000966,CASE003307,2023-02-21,UPI,25163.19,SG
TXN0006230,ACCT005240,CUST004824,CASE002386,2024-01-06,IMPS,7986.5,US
TXN0006231,ACCT003279,CUST004563,CASE001178,2024-01-16,IMPS,32757.95,IN
TXN0006232,ACCT006555,CUST001992,CASE001368,2023-07-11,NEFT,27805.85,US
TXN0006233,ACCT007473,CUST004962,CASE004794,2024-04-24,UPI,6707.35,AE
TXN0006234,ACCT004367,CUST004633,CASE004911,2024-01-05,IMPS,38860.69,AE
TXN0006235,ACCT005962,CUST002079,CASE002753,2024-07-06,NEFT,12005.64,HK
TXN0006236,ACCT002685,CUST000733,CASE003415,2023-09-10,NEFT,16393.11,AE
TXN0006237,ACCT006778,CUST002473,CASE001295,2024-02-13,UPI,6102.87,HK
TXN0006238,ACCT007826,CUST002206,CASE004778,2023-06-11,UPI,45549.45,IN
TXN0006239,ACCT006757,CUST002650,CASE001167,2023-06-19,IMPS,21152.63,IN
TXN0006240,ACCT007498,CUST001656,CASE000549,2024-04-03,IMPS,18414.82,SG
TXN0006241,ACCT004348,CUST003100,CASE002295,2024-07-26,IMPS,10416.68,SG
TXN0006242,ACCT003696,CUST002202,CASE004824,2024-07-22,IMPS,66691.62,HK
TXN0006243,ACCT001659,CUST005385,CASE002239,2023-12-24,UPI,96064.44,AE
TXN0006244,ACCT006708,CUST001769,CASE003816,2023-06-21,IMPS,1525.88,US
TXN0006245,ACCT008695,CUST005464,CASE004552,2024-07-04,UPI,78345.88,US
TXN0006246,ACCT001249,CUST001924,CASE002990,2024-01-17,NEFT,43676.61,HK
TXN0006247,ACCT003621,CUST004185,CASE003718,2023-03-26,UPI,10946.17,US
TXN0006248,ACCT001696,CUST001766,CASE004699,2023-10-25,UPI,21499.63,US
TXN0006249,ACCT007821,CUST004081,CASE000960,2023-09-13,UPI,83008.82,IN
TXN0006250,ACCT005788,CUST001733,CASE003375,2023-08-21,UPI,49556.39,US
TXN0006251,ACCT005623,CUST002926,CASE002139,2024-04-26,UPI,71446.35,HK
TXN0006252,ACCT002682,CUST002339,CASE000813,2023-11-06,NEFT,61302.24,HK
TXN0006253,ACCT006744,CUST001296,CASE000333,2024-06-29,NEFT,68666.04,US
TXN0006254,ACCT007290,CUST004917,CASE003140,2023-11-02,NEFT,7136.81,AE
TXN0006255,ACCT006994,CUST003119,CASE003074,2024-10-04,IMPS,93193.43,HK
TXN0006256,ACCT003774,CUST003517,CASE000094,2024-01-05,UPI,77401.32,IN
TXN0006257,ACCT007420,CUST000051,CASE004579,2023-01-09,IMPS,18225.69,SG
TXN0006258,ACCT001872,CUST002982,CASE004700,2023-06-29,NEFT,14127.62,IN
TXN0006259,ACCT001602,CUST004558,CASE004457,2023-09-04,IMPS,23864.08,GB
TXN0006260,ACCT002148,CUST002720,CASE004074,2023-12-31,NEFT,55181.07,HK
TXN0006261,ACCT008234,CUST002764,CASE004232,2023-11-09,NEFT,67390.98,AE
TXN0006262,ACCT006123,CUST002572,CASE002138,2023-02-23,NEFT,14988.16,IN
TXN0006263,ACCT002804,CUST004327,CASE000215,2024-11-22,UPI,106116.77,AE
TXN0006264,ACCT002800,CUST004881,CASE003178,2023-08-22,NEFT,45260.52,HK
TXN0006265,ACCT001367,CUST001645,CASE002945,2023-03-13,IMPS,47987.03,US
TXN0006266,ACCT007093,CUST002486,CASE002908,2023-05-23,IMPS,22557.35,HK
TXN0006267,ACCT000860,CUST003995,CASE001648,2024-02-27,UPI,43905.16,AE
TXN0006268,ACCT002877,CUST001090,CASE000208,2024-07-21,NEFT,10260.47,US
TXN0006269,ACCT001940,CUST000829,CASE003729,2024-11-22,IMPS,24021.4,HK
TXN0006270,ACCT004176,CUST004771,CASE002429,2023-12-12,IMPS,34272.08,AE
TXN0006271,ACCT007279,CUST004043,CASE002146,2024-03-17,IMPS,13302.18,IN
TXN0006272,ACCT007488,CUST003045,CASE002458,2024-09-23,NEFT,16193.69,HK
TXN0006273,ACCT002529,CUST000137,CASE003182,2023-04-14,NEFT,39816.02,GB
TXN0006274,ACCT005364,CUST003126,CASE004867,2023-11-17,NEFT,14364.1,SG
TXN0006275,ACCT007723,CUST003711,CASE000637,2024-04-14,NEFT,121848.4,GB
TXN0006276,ACCT007036,CUST001243,CASE000938,2023-02-03,NEFT,57531.79,GB
TXN0006277,ACCT000754,CUST000671,CASE003859,2024-12-13,UPI,10038.83,HK
TXN0006278,ACCT006582,CUST001031,CASE001312,2023-02-06,NEFT,84637.08,IN
TXN0006279,ACCT000408,CUST004544,CASE001072,2024-06-27,NEFT,15023.62,AE
TXN0006280,ACCT008383,CUST001771,CASE001481,2023-07-12,UPI,66858.68,AE
TXN0006281,ACCT000486,CUST002186,CASE002755,2023-05-09,UPI,51073.18,GB
TXN0006282,ACCT006577,CUST005281,CASE000190,2024-05-01,NEFT,13139.7,AE
TXN0006283,ACCT005916,CUST002321,CASE002070,2024-09-29,NEFT,21238.94,IN
TXN0006284,ACCT003100,CUST000053,CASE002698,2023-07-22,IMPS,20729.53,GB
TXN0006285,ACCT005131,CUST001218,CASE003406,2024-08-26,IMPS,7756.99,GB
TXN0006286,ACCT003610,CUST002393,CASE002651,2024-10-20,IMPS,36304.65,IN
TXN0006287,ACCT002896,CUST004358,CASE003950,2024-02-02,UPI,6460.29,SG
TXN0006288,ACCT008046,CUST002076,CASE001570,2024-07-20,UPI,11103.07,GB
TXN0006289,ACCT001628,CUST000887,CASE003321,2023-06-02,NEFT,55759.1,IN
TXN0006290,ACCT004906,CUST003143,CASE003000,2024-02-01,UPI,136743.92,US
TXN0006291,ACCT004752,CUST005607,CASE000175,2024-04-10,UPI,24858.12,HK
TXN0006292,ACCT008965,CUST000486,CASE003870,2024-03-15,NEFT,29419.4,IN
TXN0006293,ACCT000981,CUST001849,CASE000788,2024-03-25,IMPS,59271.9,GB
TXN0006294,ACCT001713,CUST004910,CASE004428,2023-11-24,NEFT,9022.15,US
TXN0006295,ACCT000885,CUST003672,CASE003826,2024-02-18,NEFT,62604.03,US
TXN0006296,ACCT005147,CUST002279,CASE001166,2023-05-28,UPI,66654.82,GB
TXN0006297,ACCT007547,CUST002267,CASE001566,2024-09-03,NEFT,39461.74,GB
TXN0006298,ACCT008870,CUST004339,CASE004154,2023-02-28,IMPS,18908.47,GB
TXN0006299,ACCT005585,CUST004401,CASE001479,2024-08-13,NEFT,74212.49,US
TXN0006300,ACCT007398,CUST001699,CASE003790,2024-03-17,UPI,55993.69,GB
TXN0006301,ACCT008088,CUST005861,CASE000251,2024-02-04,UPI,34853.09,SG
TXN0006302,ACCT001482,CUST004626,CASE003423,2024-09-23,NEFT,21102.93,GB
TXN0006303,ACCT005119,CUST005065,CASE002163,2024-09-01,UPI,37313.23,AE
TXN0006304,ACCT003363,CUST003081,CASE004519,2023-01-27,UPI,18284.28,HK
TXN0006305,ACCT005969,CUST005401,CASE001557,2023-05-16,IMPS,12400.55,AE
TXN0006306,ACCT004253,CUST000480,CASE002445,2023-02-22,NEFT,20419.66,AE
TXN0006307,ACCT001528,CUST000356,CASE003251,2023-12-07,IMPS,20050.01,HK
TXN0006308,ACCT005159,CUST004695,CASE000693,2023-05-12,UPI,2136.96,GB
TXN0006309,ACCT004102,CUST002139,CASE003739,2024-11-16,IMPS,63668.86,AE
TXN0006310,ACCT001413,CUST004998,CASE004762,2023-06-25,IMPS,15399.3,HK
TXN0006311,ACCT002521,CUST004156,CASE003265,2024-09-21,IMPS,26005.33,IN
TXN0006312,ACCT007577,CUST005024,CASE001674,2023-06-27,UPI,136516.46,GB
TXN0006313,ACCT000614,CUST005008,CASE002220,2024-12-07,IMPS,17954.02,IN
TXN0006314,ACCT007356,CUST000477,CASE003204,2023-06-13,IMPS,30304.11,US
TXN0006315,ACCT008035,CUST000708,CASE001492,2023-04-01,IMPS,31824.03,HK
TXN0006316,ACCT003178,CUST003555,CASE002621,2024-12-27,NEFT,126629.13,IN
TXN0006317,ACCT002160,CUST004076,CASE004838,2024-01-27,NEFT,135147.98,AE
TXN0006318,ACCT002369,CUST002169,CASE000251,2023-06-10,UPI,21432.21,SG
TXN0006319,ACCT005275,CUST002242,CASE003356,2024-05-18,UPI,11707.91,IN
TXN0006320,ACCT008131,CUST002941,CASE003361,2023-08-21,NEFT,91900.02,AE
TXN0006321,ACCT008256,CUST003031,CASE001012,2024-08-22,UPI,38656.46,AE
TXN0006322,ACCT006049,CUST005765,CASE001196,2023-12-10,NEFT,28392.75,US
TXN0006323,ACCT005504,CUST005757,CASE001983,2023-10-25,NEFT,59284.24,IN
TXN0006324,ACCT006217,CUST001474,CASE003483,2023-04-30,NEFT,12691.32,AE
TXN0006325,ACCT004849,CUST001126,CASE002963,2024-09-25,IMPS,5347.42,GB
TXN0006326,ACCT006423,CUST004491,CASE003345,2024-02-16,UPI,13000.71,US
TXN0006327,ACCT005712,CUST000087,CASE000292,2024-11-16,UPI,14953.5,GB
TXN0006328,ACCT005425,CUST000598,CASE002738,2023-11-05,UPI,35522.08,HK
TXN0006329,ACCT006401,CUST002129,CASE003635,2024-03-05,NEFT,26009.73,IN
TXN0006330,ACCT003457,CUST003408,CASE001069,2023-03-30,UPI,91055.54,US
TXN0006331,ACCT002416,CUST003684,CASE000071,2024-10-15,NEFT,29394.33,SG
TXN0006332,ACCT002762,CUST005355,CASE001483,2024-05-04,NEFT,45099.35,SG
TXN0006333,ACCT007389,CUST005805,CASE002376,2024-06-19,IMPS,54303.85,SG
TXN0006334,ACCT000706,CUST002447,CASE004241,2023-09-08,IMPS,24109.76,SG
TXN0006335,ACCT008426,CUST004847,CASE001969,2024-03-21,IMPS,64089.33,US
TXN0006336,ACCT008990,CUST001316,CASE004965,2024-02-15,NEFT,49645.27,US
TXN0006337,ACCT004729,CUST003085,CASE000010,2024-08-19,IMPS,8152.18,HK
TXN0006338,ACCT000636,CUST004244,CASE000287,2024-03-26,IMPS,39950.36,US
TXN0006339,ACCT005994,CUST003567,CASE001088,2023-09-26,UPI,9055.45,IN
TXN0006340,ACCT008625,CUST002492,CASE004072,2024-12-11,UPI,27388.59,HK
TXN0006341,ACCT003179,CUST005284,CASE000741,2024-11-26,NEFT,136464.27,SG
TXN0006342,ACCT003766,CUST001356,CASE001662,2024-03-26,UPI,50840.21,HK
TXN0006343,ACCT007618,CUST002543,CASE004041,2023-09-26,UPI,21745.77,US
TXN0006344,ACCT002240,CUST004089,CASE001182,2024-02-25,UPI,21093.44,GB
TXN0006345,ACCT007355,CUST005014,CASE002037,2023-04-22,UPI,48332.1,AE
TXN0006346,ACCT005858,CUST002808,CASE000143,2024-01-31,NEFT,8955.64,SG
TXN0006347,ACCT001294,CUST003765,CASE001124,2024-01-13,UPI,61617.56,IN
TXN0006348,ACCT002109,CUST004767,CASE002672,2024-08-01,UPI,3871.13,SG
TXN0006349,ACCT004450,CUST004540,CASE002872,2024-12-15,NEFT,16630.84,IN
TXN0006350,ACCT002388,CUST003716,CASE000578,2024-06-26,IMPS,42896.75,HK
TXN0006351,ACCT008750,CUST003029,CASE003949,2024-01-20,UPI,33968.24,HK
TXN0006352,ACCT008024,CUST005075,CASE002744,2024-04-26,UPI,8255.56,IN
TXN0006353,ACCT004974,CUST002467,CASE004043,2023-12-14,UPI,49576.7,AE
TXN0006354,ACCT000935,CUST000116,CASE002445,2023-07-09,UPI,6986.87,IN
TXN0006355,ACCT004650,CUST001303,CASE003646,2023-03-21,UPI,53835.2,US
TXN0006356,ACCT005611,CUST004503,CASE001682,2024-05-12,NEFT,128340.45,GB
TXN0006357,ACCT005086,CUST001485,CASE002988,2023-02-23,IMPS,33271.56,IN
TXN0006358,ACCT001390,CUST000740,CASE000680,2023-01-13,NEFT,10877.6,AE
TXN0006359,ACCT008666,CUST000285,CASE003746,2024-11-08,NEFT,89889.16,HK
TXN0006360,ACCT005657,CUST002945,CASE004110,2023-11-07,IMPS,22202.82,GB
TXN0006361,ACCT003298,CUST005938,CASE001235,2023-06-10,UPI,16432.05,IN
TXN0006362,ACCT004625,CUST002297,CASE002906,2023-03-15,NEFT,21831.73,AE
TXN0006363,ACCT001400,CUST002148,CASE000273,2024-02-12,NEFT,101079.44,IN
TXN0006364,ACCT004986,CUST000860,CASE000466,2024-12-21,UPI,7740.8,GB
TXN0006365,ACCT002681,CUST002632,CASE001061,2024-09-30,NEFT,29306.5,SG
TXN0006366,ACCT006389,CUST005240,CASE002498,2024-08-29,NEFT,20763.05,GB
TXN0006367,ACCT006359,CUST003631,CASE004163,2023-09-17,UPI,17924.78,US
TXN0006368,ACCT002880,CUST000972,CASE001626,2024-08-24,UPI,4482.08,US
TXN0006369,ACCT006733,CUST005756,CASE003669,2024-07-15,NEFT,33530.42,GB
TXN0006370,ACCT008039,CUST005378,CASE002095,2023-07-13,UPI,49179.21,US
TXN0006371,ACCT002699,CUST002372,CASE001133,2023-03-09,NEFT,44356.21,SG
TXN0006372,ACCT000088,CUST004991,CASE002365,2024-02-06,UPI,34608.57,HK
TXN0006373,ACCT000330,CUST001784,CASE001225,2024-04-02,IMPS,11891.64,HK
TXN0006374,ACCT004134,CUST005621,CASE003332,2024-12-18,UPI,57280.21,US
TXN0006375,ACCT005875,CUST004961,CASE003519,2023-10-24,UPI,21441.34,GB
TXN0006376,ACCT001553,CUST005115,CASE004279,2023-06-22,IMPS,14832.48,GB
TXN0006377,ACCT001157,CUST002240,CASE001519,2024-03-11,IMPS,11894.81,SG
TXN0006378,ACCT006422,CUST000060,CASE003894,2024-04-10,UPI,49340.73,HK
TXN0006379,ACCT000779,CUST005731,CASE001206,2023-08-19,NEFT,215692.98,SG
TXN0006380,ACCT001779,CUST005188,CASE002582,2024-06-22,UPI,11135.54,HK
TXN0006381,ACCT002540,CUST000219,CASE002101,2024-11-07,UPI,4889.59,HK
TXN0006382,ACCT004865,CUST005198,CASE003594,2024-11-13,UPI,23172.36,AE
TXN0006383,ACCT005007,CUST004491,CASE000084,2024-11-24,IMPS,36294.65,SG
TXN0006384,ACCT003571,CUST001522,CASE004333,2024-04-24,UPI,125152.38,AE
TXN0006385,ACCT007573,CUST002006,CASE004942,2023-10-20,IMPS,17417.4,AE
TXN0006386,ACCT008077,CUST005288,CASE001520,2024-01-10,NEFT,4511.33,SG
TXN0006387,ACCT002888,CUST000029,CASE000591,2024-01-10,UPI,98337.83,AE
TXN0006388,ACCT008828,CUST002005,CASE000869,2023-11-17,NEFT,68433.25,AE
TXN0006389,ACCT008269,CUST000129,CASE004778,2023-03-24,IMPS,22256.15,US
TXN0006390,ACCT007563,CUST001693,CASE002348,2024-03-16,NEFT,21741.09,GB
TXN0006391,ACCT008275,CUST000731,CASE000305,2023-08-31,NEFT,4845.54,HK
TXN0006392,ACCT001996,CUST005828,CASE000740,2023-09-27,IMPS,37722.32,GB
TXN0006393,ACCT000176,CUST005123,CASE001538,2024-03-10,UPI,43608.62,AE
TXN0006394,ACCT005303,CUST005820,CASE004266,2024-01-26,IMPS,80184.74,IN
TXN0006395,ACCT000495,CUST003771,CASE003172,2023-08-03,UPI,5290.16,SG
TXN0006396,ACCT006417,CUST000075,CASE004387,2024-10-26,NEFT,33478.72,GB
TXN0006397,ACCT006871,CUST000677,CASE002755,2024-12-23,UPI,11918.15,SG
TXN0006398,ACCT001817,CUST003842,CASE003961,2024-01-26,UPI,66647.46,US
TXN0006399,ACCT004906,CUST003143,CASE004762,2023-01-07,IMPS,32738.59,HK
TXN0006400,ACCT002270,CUST004442,CASE001582,2023-04-28,NEFT,39536.01,HK
TXN0006401,ACCT002057,CUST003440,CASE002000,2023-11-07,UPI,13873.62,GB
TXN0006402,ACCT001183,CUST004012,CASE003172,2024-02-24,IMPS,10223.24,GB
TXN0006403,ACCT002255,CUST001005,CASE002994,2023-08-17,IMPS,47593.27,GB
TXN0006404,ACCT001112,CUST005388,CASE004465,2023-01-15,NEFT,20221.3,US
TXN0006405,ACCT006810,CUST001782,CASE004941,2024-03-04,NEFT,39530.62,SG
TXN0006406,ACCT002261,CUST003647,CASE000469,2023-09-21,UPI,11266.75,SG
TXN0006407,ACCT005178,CUST005072,CASE003270,2024-09-09,NEFT,11152.19,GB
TXN0006408,ACCT006247,CUST004606,CASE000363,2023-10-18,UPI,56248.85,US
TXN0006409,ACCT005173,CUST004565,CASE004128,2023-07-22,NEFT,137300.15,IN
TXN0006410,ACCT005520,CUST004572,CASE001272,2024-02-02,NEFT,24410.2,SG
TXN0006411,ACCT008014,CUST005616,CASE004448,2023-03-28,UPI,138236.87,GB
TXN0006412,ACCT006398,CUST002523,CASE004416,2024-09-27,NEFT,36590.18,US
TXN0006413,ACCT002981,CUST003794,CASE004965,2023-07-19,UPI,50351.99,HK
TXN0006414,ACCT005733,CUST001899,CASE000775,2024-04-02,NEFT,78949.84,GB
TXN0006415,ACCT007901,CUST001039,CASE004526,2023-07-20,IMPS,37334.47,GB
TXN0006416,ACCT003081,CUST005257,CASE002589,2024-07-29,UPI,18160.78,AE
TXN0006417,ACCT003612,CUST002252,CASE002504,2023-10-29,IMPS,23410.82,SG
TXN0006418,ACCT003224,CUST000440,CASE000430,2024-06-28,IMPS,58345.46,AE
TXN0006419,ACCT004825,CUST003045,CASE002198,2023-12-28,IMPS,19046.33,SG
TXN0006420,ACCT006484,CUST001235,CASE002696,2024-11-04,NEFT,21194.95,SG
TXN0006421,ACCT006537,CUST005231,CASE003137,2024-12-15,IMPS,8259.88,SG
TXN0006422,ACCT000943,CUST002394,CASE003505,2024-02-02,IMPS,10757.71,HK
TXN0006423,ACCT000450,CUST000617,CASE003121,2024-12-25,IMPS,17279.75,IN
TXN0006424,ACCT004658,CUST004659,CASE004434,2023-01-14,UPI,57656.04,GB
TXN0006425,ACCT000467,CUST005588,CASE001097,2024-04-09,IMPS,75778.41,HK
TXN0006426,ACCT003315,CUST003561,CASE003501,2024-10-01,UPI,32385.41,US
TXN0006427,ACCT004994,CUST004078,CASE001250,2024-09-09,IMPS,9877.91,IN
TXN0006428,ACCT007786,CUST001029,CASE004554,2024-05-21,IMPS,13984.47,US
TXN0006429,ACCT008948,CUST001720,CASE003472,2023-06-01,IMPS,13780.63,US
TXN0006430,ACCT004848,CUST001236,CASE003210,2024-06-18,UPI,9324.89,US
TXN0006431,ACCT004484,CUST003880,CASE004715,2023-10-18,IMPS,15692.41,SG
TXN0006432,ACCT005690,CUST001743,CASE002805,2024-03-05,UPI,55102.75,GB
TXN0006433,ACCT006950,CUST001736,CASE003841,2024-12-30,NEFT,66088.08,GB
TXN0006434,ACCT002147,CUST005372,CASE000688,2023-09-25,UPI,20064.52,AE
TXN0006435,ACCT000350,CUST005532,CASE003941,2023-06-26,NEFT,11993.5,HK
TXN0006436,ACCT003533,CUST005236,CASE002328,2024-07-06,IMPS,80104.59,US
TXN0006437,ACCT008182,CUST000135,CASE003800,2023-12-17,NEFT,29907.81,GB
TXN0006438,ACCT006282,CUST002332,CASE004093,2024-12-05,NEFT,6474.4,IN
TXN0006439,ACCT008737,CUST001593,CASE001860,2024-12-26,NEFT,20186.74,SG
TXN0006440,ACCT000639,CUST004567,CASE003615,2024-05-07,UPI,53196.88,GB
TXN0006441,ACCT005640,CUST005681,CASE003434,2024-09-16,UPI,6159.67,AE
TXN0006442,ACCT004640,CUST000732,CASE000966,2023-11-17,UPI,5686.19,IN
TXN0006443,ACCT001660,CUST003284,CASE003439,2023-12-03,UPI,17624.94,HK
TXN0006444,ACCT002664,CUST003386,CASE001958,2024-06-25,NEFT,62552.54,AE
TXN0006445,ACCT002869,CUST003134,CASE004032,2024-12-17,IMPS,50929.95,AE
TXN0006446,ACCT001068,CUST004810,CASE003445,2023-05-16,NEFT,21761.57,US
TXN0006447,ACCT008195,CUST003755,CASE003527,2024-11-20,UPI,16435.88,HK
TXN0006448,ACCT007353,CUST005701,CASE003035,2023-12-23,IMPS,49501.93,HK
TXN0006449,ACCT001414,CUST001814,CASE000122,2024-07-08,NEFT,11110.3,IN
TXN0006450,ACCT002584,CUST004595,CASE002094,2024-06-08,UPI,28518.0,GB
TXN0006451,ACCT005846,CUST003366,CASE002259,2024-11-13,UPI,33894.0,HK
TXN0006452,ACCT000447,CUST004595,CASE000010,2023-03-25,NEFT,20060.02,HK
TXN0006453,ACCT006445,CUST005609,CASE001641,2024-03-02,UPI,58326.26,IN
TXN0006454,ACCT000518,CUST001463,CASE004172,2023-10-18,IMPS,84813.9,HK
TXN0006455,ACCT008749,CUST003504,CASE001033,2023-05-22,NEFT,44447.15,GB
TXN0006456,ACCT000857,CUST004050,CASE003919,2024-12-20,IMPS,72110.94,GB
TXN0006457,ACCT007402,CUST000373,CASE001111,2023-03-31,NEFT,42953.98,GB
TXN0006458,ACCT000921,CUST003967,CASE001728,2024-05-26,NEFT,106333.23,SG
TXN0006459,ACCT002359,CUST005904,CASE004502,2023-10-22,NEFT,28431.01,HK
TXN0006460,ACCT002835,CUST003743,CASE003515,2023-01-22,IMPS,18256.31,HK
TXN0006461,ACCT008601,CUST005282,CASE004572,2024-09-06,NEFT,110976.62,IN
TXN0006462,ACCT008011,CUST000801,CASE003554,2023-04-07,UPI,66888.2,HK
TXN0006463,ACCT001781,CUST004347,CASE002810,2023-02-01,UPI,20629.22,US
TXN0006464,ACCT003703,CUST000763,CASE000019,2024-04-14,IMPS,33426.29,GB
TXN0006465,ACCT001574,CUST001762,CASE000834,2023-11-19,NEFT,67496.77,AE
TXN0006466,ACCT006913,CUST002823,CASE001255,2023-05-08,NEFT,44459.45,IN
TXN0006467,ACCT008900,CUST003973,CASE000824,2024-06-15,UPI,7697.31,AE
TXN0006468,ACCT000343,CUST000466,CASE003121,2024-11-09,UPI,44576.93,AE
TXN0006469,ACCT004264,CUST002184,CASE004340,2023-05-31,NEFT,31724.54,US
TXN0006470,ACCT001177,CUST002318,CASE004576,2023-01-05,IMPS,7707.06,AE
TXN0006471,ACCT004261,CUST002031,CASE003838,2023-01-13,IMPS,56909.96,US
TXN0006472,ACCT004957,CUST000396,CASE000925,2023-08-31,IMPS,26424.78,GB
TXN0006473,ACCT007653,CUST003324,CASE000732,2023-11-30,IMPS,28118.56,US
TXN0006474,ACCT006528,CUST001300,CASE001932,2023-06-22,UPI,15955.93,US
TXN0006475,ACCT002959,CUST004061,CASE004811,2023-03-30,UPI,136838.54,HK
TXN0006476,ACCT006301,CUST005017,CASE000839,2024-08-16,UPI,3850.77,HK
TXN0006477,ACCT005566,CUST004471,CASE003765,2023-01-04,NEFT,32757.87,AE
TXN0006478,ACCT006202,CUST003862,CASE002720,2023-01-27,NEFT,36900.72,GB
TXN0006479,ACCT001241,CUST002595,CASE004385,2023-06-24,NEFT,24039.49,AE
TXN0006480,ACCT001013,CUST002386,CASE000717,2023-09-23,IMPS,25494.48,HK
TXN0006481,ACCT007703,CUST000571,CASE001992,2024-10-29,NEFT,15995.01,IN
TXN0006482,ACCT004442,CUST001287,CASE002996,2023-03-09,UPI,14597.8,US
TXN0006483,ACCT001007,CUST000022,CASE000641,2024-01-07,UPI,9616.7,US
TXN0006484,ACCT007185,CUST003601,CASE001522,2024-11-05,IMPS,88701.38,AE
TXN0006485,ACCT004500,CUST001529,CASE002748,2024-02-01,UPI,14864.17,GB
TXN0006486,ACCT000388,CUST004405,CASE000786,2023-08-31,NEFT,35335.31,GB
TXN0006487,ACCT005799,CUST002706,CASE001460,2023-05-21,UPI,38614.92,GB
TXN0006488,ACCT004446,CUST001684,CASE003277,2023-01-22,IMPS,74078.52,HK
TXN0006489,ACCT001405,CUST000888,CASE001049,2024-05-03,NEFT,31141.42,AE
TXN0006490,ACCT000864,CUST002789,CASE004427,2024-06-28,IMPS,35839.32,HK
TXN0006491,ACCT001080,CUST001487,CASE002855,2024-12-29,NEFT,23419.96,SG
TXN0006492,ACCT001947,CUST005063,CASE000937,2023-05-18,UPI,92534.87,GB
TXN0006493,ACCT007908,CUST002302,CASE000497,2023-09-29,IMPS,31593.06,SG
TXN0006494,ACCT001263,CUST002454,CASE000314,2023-02-13,UPI,7591.4,US
TXN0006495,ACCT006782,CUST001760,CASE004312,2024-12-30,IMPS,6799.47,HK
TXN0006496,ACCT001819,CUST005173,CASE002515,2023-06-23,IMPS,34343.73,HK
TXN0006497,ACCT003216,CUST002718,CASE002933,2023-05-01,IMPS,21514.3,HK
TXN0006498,ACCT000970,CUST001223,CASE003065,2023-10-10,IMPS,14566.53,US
TXN0006499,ACCT003061,CUST004785,CASE001531,2023-01-20,IMPS,65510.93,HK
TXN0006500,ACCT002575,CUST004111,CASE004720,2023-07-23,NEFT,15303.76,GB
TXN0006501,ACCT008816,CUST005248,CASE000704,2024-07-19,UPI,17902.24,GB
TXN0006502,ACCT003735,CUST004638,CASE000585,2023-05-21,UPI,14213.45,HK
TXN0006503,ACCT008015,CUST003654,CASE001482,2024-12-08,IMPS,5663.49,HK
TXN0006504,ACCT000877,CUST004003,CASE000311,2024-07-21,UPI,76388.32,AE
TXN0006505,ACCT006846,CUST002616,CASE000109,2023-01-13,UPI,36824.48,US
TXN0006506,ACCT003384,CUST003352,CASE004741,2024-08-16,UPI,52280.01,IN
TXN0006507,ACCT004979,CUST004263,CASE001948,2023-04-05,NEFT,52934.99,US
TXN0006508,ACCT004182,CUST001620,CASE000741,2024-09-14,IMPS,34033.76,GB
TXN0006509,ACCT001123,CUST003622,CASE003947,2023-05-11,NEFT,16461.96,AE
TXN0006510,ACCT001306,CUST004814,CASE004432,2023-12-26,NEFT,7530.59,US
TXN0006511,ACCT007732,CUST005583,CASE000597,2023-12-16,NEFT,58462.83,AE
TXN0006512,ACCT000670,CUST000635,CASE003843,2024-10-24,UPI,19028.83,GB
TXN0006513,ACCT006540,CUST002953,CASE000116,2024-07-30,UPI,31508.93,GB
TXN0006514,ACCT007933,CUST004063,CASE003774,2023-11-28,NEFT,25667.52,HK
TXN0006515,ACCT000565,CUST004542,CASE003057,2024-08-31,NEFT,69650.59,AE
TXN0006516,ACCT001076,CUST004252,CASE000558,2023-09-08,NEFT,41372.75,AE
TXN0006517,ACCT002008,CUST001819,CASE004401,2024-05-18,NEFT,44974.45,GB
TXN0006518,ACCT005491,CUST004369,CASE001397,2023-10-06,NEFT,35468.41,GB
TXN0006519,ACCT003653,CUST005184,CASE003056,2023-07-18,IMPS,27722.76,GB
TXN0006520,ACCT008295,CUST005667,CASE004306,2024-12-11,IMPS,4972.12,US
TXN0006521,ACCT002495,CUST004936,CASE004287,2023-03-16,IMPS,44130.36,GB
TXN0006522,ACCT007424,CUST002797,CASE002782,2023-09-10,NEFT,23552.7,US
TXN0006523,ACCT007101,CUST001514,CASE000092,2024-10-01,NEFT,65289.19,US
TXN0006524,ACCT007350,CUST003390,CASE004063,2023-07-14,IMPS,73967.88,HK
TXN0006525,ACCT005417,CUST005124,CASE000970,2024-08-12,NEFT,30089.93,GB
TXN0006526,ACCT007372,CUST002128,CASE001060,2023-06-24,NEFT,34460.98,SG
TXN0006527,ACCT007727,CUST005043,CASE000918,2024-09-19,UPI,41433.21,IN
TXN0006528,ACCT001940,CUST000829,CASE004262,2023-03-30,UPI,19357.16,US
TXN0006529,ACCT007870,CUST003720,CASE001651,2023-11-24,IMPS,5597.01,IN
TXN0006530,ACCT006866,CUST002374,CASE000601,2023-09-25,NEFT,133538.16,HK
TXN0006531,ACCT004710,CUST004205,CASE000387,2024-04-22,NEFT,16370.14,GB
TXN0006532,ACCT004558,CUST005139,CASE002365,2024-04-10,UPI,12922.27,US
TXN0006533,ACCT002963,CUST005500,CASE003488,2023-01-20,NEFT,70175.89,IN
TXN0006534,ACCT000225,CUST003060,CASE004241,2024-05-22,IMPS,63504.85,SG
TXN0006535,ACCT002687,CUST004704,CASE003802,2023-07-28,UPI,15954.52,IN
TXN0006536,ACCT003572,CUST003987,CASE002429,2024-07-09,IMPS,83239.68,HK
TXN0006537,ACCT003257,CUST002196,CASE002787,2024-01-08,NEFT,56494.5,US
TXN0006538,ACCT003339,CUST002700,CASE002699,2023-08-01,NEFT,5906.93,GB
TXN0006539,ACCT005920,CUST002112,CASE003347,2023-05-29,UPI,8920.35,GB
TXN0006540,ACCT006107,CUST002893,CASE002260,2023-04-14,UPI,72451.58,HK
TXN0006541,ACCT003595,CUST004141,CASE004066,2023-04-06,IMPS,42748.27,US
TXN0006542,ACCT008463,CUST003332,CASE003880,2024-12-22,NEFT,13891.81,HK
TXN0006543,ACCT002587,CUST003919,CASE004078,2023-06-28,IMPS,13580.35,IN
TXN0006544,ACCT008226,CUST000936,CASE003813,2024-06-11,NEFT,84199.67,IN
TXN0006545,ACCT006160,CUST004021,CASE002911,2023-11-20,IMPS,12395.02,SG
TXN0006546,ACCT003572,CUST003987,CASE001665,2023-07-22,NEFT,108479.0,SG
TXN0006547,ACCT007088,CUST005957,CASE002183,2024-07-29,IMPS,44858.9,SG
TXN0006548,ACCT000008,CUST000840,CASE004847,2024-02-07,IMPS,25676.31,GB
TXN0006549,ACCT004913,CUST002443,CASE001547,2023-06-18,IMPS,59006.61,HK
TXN0006550,ACCT003805,CUST002567,CASE000804,2024-03-05,NEFT,16568.25,GB
TXN0006551,ACCT008863,CUST002959,CASE004651,2023-03-30,UPI,26382.67,US
TXN0006552,ACCT003099,CUST000398,CASE002899,2023-01-28,UPI,86087.75,HK
TXN0006553,ACCT005595,CUST004199,CASE003513,2024-05-31,UPI,12266.86,GB
TXN0006554,ACCT002017,CUST001932,CASE003520,2023-02-07,NEFT,19013.47,IN
TXN0006555,ACCT001771,CUST003243,CASE003533,2024-12-20,NEFT,107376.21,GB
TXN0006556,ACCT004436,CUST000254,CASE004432,2023-11-17,NEFT,6618.57,IN
TXN0006557,ACCT005919,CUST003348,CASE002428,2024-09-28,NEFT,5098.34,GB
TXN0006558,ACCT008094,CUST004681,CASE000991,2023-10-03,UPI,138957.74,US
TXN0006559,ACCT008666,CUST000285,CASE000524,2023-12-24,NEFT,167846.32,HK
TXN0006560,ACCT003666,CUST004414,CASE003330,2024-02-13,UPI,46575.16,AE
TXN0006561,ACCT003771,CUST005948,CASE000041,2024-10-03,IMPS,80744.89,AE
TXN0006562,ACCT003655,CUST001360,CASE000760,2024-11-07,UPI,13449.95,HK
TXN0006563,ACCT002193,CUST003564,CASE004380,2024-10-24,UPI,20448.92,US
TXN0006564,ACCT001138,CUST005815,CASE000608,2024-09-23,UPI,44309.08,IN
TXN0006565,ACCT002541,CUST004890,CASE004268,2024-04-19,UPI,93405.8,IN
TXN0006566,ACCT007533,CUST000378,CASE003089,2023-02-09,NEFT,19719.57,AE
TXN0006567,ACCT003985,CUST003013,CASE004725,2024-04-03,UPI,31403.63,GB
TXN0006568,ACCT007379,CUST004610,CASE002179,2024-02-14,NEFT,24108.9,AE
TXN0006569,ACCT004278,CUST004847,CASE002656,2023-09-10,IMPS,149926.74,SG
TXN0006570,ACCT006602,CUST004580,CASE000081,2023-06-11,IMPS,36652.73,IN
TXN0006571,ACCT003650,CUST002873,CASE003318,2023-12-21,IMPS,45932.62,AE
TXN0006572,ACCT003860,CUST004972,CASE000383,2023-05-18,NEFT,32821.28,IN
TXN0006573,ACCT002061,CUST000515,CASE002361,2024-09-16,NEFT,107774.97,IN
TXN0006574,ACCT000064,CUST005772,CASE001100,2023-04-16,UPI,80810.96,IN
TXN0006575,ACCT007998,CUST004260,CASE002393,2024-02-20,UPI,76476.04,IN
TXN0006576,ACCT004971,CUST005618,CASE001937,2023-11-20,IMPS,56556.22,HK
TXN0006577,ACCT000728,CUST005098,CASE001931,2024-05-05,UPI,19798.22,GB
TXN0006578,ACCT007780,CUST003151,CASE002091,2024-06-30,IMPS,71624.93,AE
TXN0006579,ACCT006124,CUST002897,CASE003507,2023-10-01,IMPS,988.63,GB
TXN0006580,ACCT002710,CUST004451,CASE002462,2024-06-12,UPI,6810.44,HK
TXN0006581,ACCT006629,CUST005227,CASE002514,2023-02-13,UPI,11542.98,US
TXN0006582,ACCT000024,CUST005866,CASE004969,2023-04-30,NEFT,8731.14,AE
TXN0006583,ACCT006120,CUST004543,CASE004458,2023-03-20,IMPS,31036.07,SG
TXN0006584,ACCT004871,CUST001382,CASE004960,2023-08-30,UPI,45519.53,HK
TXN0006585,ACCT005492,CUST000061,CASE004614,2024-03-04,UPI,163370.54,SG
TXN0006586,ACCT004438,CUST005355,CASE003096,2024-10-28,NEFT,137076.05,GB
TXN0006587,ACCT007649,CUST004708,CASE000545,2023-10-14,IMPS,37174.29,AE
TXN0006588,ACCT004030,CUST003811,CASE002686,2023-02-05,UPI,44030.26,AE
TXN0006589,ACCT002929,CUST001780,CASE002928,2023-01-20,IMPS,39676.95,IN
TXN0006590,ACCT007909,CUST002255,CASE002215,2024-04-06,UPI,36375.44,AE
TXN0006591,ACCT000381,CUST000595,CASE001120,2024-08-02,UPI,42350.71,AE
TXN0006592,ACCT000691,CUST004446,CASE000201,2023-07-18,UPI,16204.3,US
TXN0006593,ACCT002252,CUST005686,CASE002945,2024-06-06,UPI,28103.26,HK
TXN0006594,ACCT007464,CUST001224,CASE001962,2023-06-13,IMPS,21322.7,HK
TXN0006595,ACCT002443,CUST003746,CASE001851,2024-07-11,UPI,5676.78,SG
TXN0006596,ACCT008078,CUST004031,CASE000563,2023-06-14,NEFT,3125.42,US
TXN0006597,ACCT007285,CUST003718,CASE004853,2024-03-24,IMPS,40095.86,SG
TXN0006598,ACCT003423,CUST000363,CASE002023,2023-09-07,UPI,11040.26,SG
TXN0006599,ACCT005303,CUST005820,CASE002389,2023-09-02,UPI,53606.5,AE
TXN0006600,ACCT006898,CUST000587,CASE001042,2023-07-06,IMPS,41140.16,SG
TXN0006601,ACCT003855,CUST000220,CASE003313,2024-02-03,NEFT,3274.3,GB
TXN0006602,ACCT000534,CUST001558,CASE002445,2024-05-20,IMPS,53060.18,SG
TXN0006603,ACCT002527,CUST002456,CASE000409,2024-09-19,NEFT,17345.55,US
TXN0006604,ACCT006254,CUST000492,CASE003980,2024-08-29,UPI,39832.58,US
TXN0006605,ACCT000799,CUST000623,CASE004336,2023-10-04,IMPS,18878.13,US
TXN0006606,ACCT000017,CUST001792,CASE002362,2024-03-20,UPI,15793.92,SG
TXN0006607,ACCT004450,CUST004540,CASE001482,2024-05-02,UPI,16126.54,US
TXN0006608,ACCT006373,CUST002232,CASE002083,2024-01-10,UPI,11737.44,HK
TXN0006609,ACCT006733,CUST005756,CASE003248,2024-04-17,UPI,32078.34,US
TXN0006610,ACCT003858,CUST001684,CASE004308,2023-10-04,UPI,33644.58,AE
TXN0006611,ACCT004530,CUST004692,CASE002972,2023-05-22,UPI,39365.43,SG
TXN0006612,ACCT008035,CUST000708,CASE004830,2024-12-09,UPI,39600.42,SG
TXN0006613,ACCT000337,CUST000411,CASE002005,2023-06-06,NEFT,25504.12,HK
TXN0006614,ACCT008912,CUST005650,CASE000841,2023-01-28,IMPS,38858.0,IN
TXN0006615,ACCT000473,CUST003330,CASE004257,2023-08-20,IMPS,33806.14,IN
TXN0006616,ACCT004714,CUST003884,CASE002510,2023-11-03,UPI,35814.58,GB
TXN0006617,ACCT003490,CUST001430,CASE003581,2023-11-25,NEFT,7434.96,AE
TXN0006618,ACCT005078,CUST001306,CASE003063,2023-10-20,IMPS,11259.88,GB
TXN0006619,ACCT005296,CUST005114,CASE004711,2023-05-28,IMPS,17696.45,IN
TXN0006620,ACCT004276,CUST005715,CASE003411,2024-05-10,IMPS,43720.31,AE
TXN0006621,ACCT003638,CUST002439,CASE001734,2024-04-11,UPI,3863.31,IN
TXN0006622,ACCT002549,CUST000421,CASE000963,2023-02-06,NEFT,14262.57,GB
TXN0006623,ACCT000667,CUST001960,CASE004491,2024-01-15,NEFT,38102.07,IN
TXN0006624,ACCT000551,CUST005105,CASE004580,2024-01-23,NEFT,40661.88,US
TXN0006625,ACCT008463,CUST003332,CASE003711,2024-06-20,NEFT,19569.56,IN
TXN0006626,ACCT006821,CUST004877,CASE002445,2024-01-31,IMPS,3801.24,AE
TXN0006627,ACCT003216,CUST002718,CASE004448,2023-09-06,IMPS,11735.07,AE
TXN0006628,ACCT003689,CUST002028,CASE001150,2024-05-30,UPI,5737.74,SG
TXN0006629,ACCT000731,CUST003228,CASE001633,2023-02-12,IMPS,58607.96,US
TXN0006630,ACCT003772,CUST005730,CASE004270,2024-04-27,IMPS,33840.99,SG
TXN0006631,ACCT007839,CUST003945,CASE004855,2024-11-11,NEFT,53751.93,SG
TXN0006632,ACCT003518,CUST005766,CASE000104,2023-10-13,UPI,12082.96,IN
TXN0006633,ACCT005510,CUST000195,CASE002305,2024-12-28,NEFT,11240.09,US
TXN0006634,ACCT006771,CUST005950,CASE001841,2023-01-28,UPI,51029.37,IN
TXN0006635,ACCT002661,CUST001908,CASE001112,2024-12-10,UPI,47127.8,HK
TXN0006636,ACCT008781,CUST002748,CASE001877,2024-10-18,UPI,15493.57,US
TXN0006637,ACCT005814,CUST001048,CASE000405,2023-10-10,NEFT,71109.31,SG
TXN0006638,ACCT001560,CUST004894,CASE003822,2024-10-03,UPI,3491.82,GB
TXN0006639,ACCT006176,CUST003226,CASE003435,2023-05-04,IMPS,49288.41,AE
TXN0006640,ACCT004848,CUST001236,CASE000026,2023-11-16,UPI,12367.51,SG
TXN0006641,ACCT001472,CUST005430,CASE001464,2024-01-25,UPI,4928.79,GB
TXN0006642,ACCT006440,CUST005123,CASE002635,2023-03-22,NEFT,21730.76,GB
TXN0006643,ACCT007809,CUST004174,CASE003315,2024-04-05,NEFT,67830.89,SG
TXN0006644,ACCT002289,CUST004539,CASE001760,2024-01-17,UPI,27666.78,IN
TXN0006645,ACCT007261,CUST005982,CASE002972,2024-12-27,NEFT,51075.36,AE
TXN0006646,ACCT007239,CUST003147,CASE001835,2023-11-15,IMPS,4206.97,AE
TXN0006647,ACCT008138,CUST005301,CASE004479,2023-05-29,IMPS,49147.51,US
TXN0006648,ACCT001216,CUST002720,CASE000254,2024-08-13,UPI,33425.58,IN
TXN0006649,ACCT002761,CUST002143,CASE000592,2023-01-18,UPI,13083.06,AE
TXN0006650,ACCT007361,CUST004334,CASE003260,2024-09-07,IMPS,10237.12,AE
TXN0006651,ACCT006070,CUST004148,CASE000911,2024-01-02,NEFT,6604.95,IN
TXN0006652,ACCT002119,CUST003807,CASE000766,2024-01-25,IMPS,57693.82,HK
TXN0006653,ACCT002875,CUST005422,CASE001217,2024-08-20,IMPS,6224.98,IN
TXN0006654,ACCT004198,CUST000242,CASE003874,2024-07-30,NEFT,10740.09,US
TXN0006655,ACCT001414,CUST001814,CASE000575,2024-01-08,IMPS,6561.8,GB
TXN0006656,ACCT006842,CUST000444,CASE004127,2024-08-12,IMPS,51364.68,GB
TXN0006657,ACCT001235,CUST005324,CASE004351,2024-11-09,IMPS,3091.94,GB
TXN0006658,ACCT002080,CUST003413,CASE002871,2023-08-28,NEFT,13563.49,GB
TXN0006659,ACCT005639,CUST002505,CASE001729,2023-12-28,NEFT,50885.6,AE
TXN0006660,ACCT000754,CUST000671,CASE004211,2023-02-06,IMPS,60599.19,AE
TXN0006661,ACCT004489,CUST004007,CASE001277,2024-02-29,NEFT,102814.94,HK
TXN0006662,ACCT000975,CUST000971,CASE001896,2023-12-13,NEFT,37434.13,SG
TXN0006663,ACCT005016,CUST005503,CASE002413,2024-11-13,IMPS,33465.25,HK
TXN0006664,ACCT004275,CUST002606,CASE002771,2024-03-18,IMPS,6880.65,US
TXN0006665,ACCT001987,CUST004954,CASE003051,2023-03-06,UPI,2816.91,AE
TXN0006666,ACCT002711,CUST004296,CASE004792,2024-02-17,NEFT,15129.93,SG
TXN0006667,ACCT008857,CUST005680,CASE004595,2023-05-08,UPI,72393.27,US
TXN0006668,ACCT006747,CUST003630,CASE001418,2024-01-30,UPI,50704.99,AE
TXN0006669,ACCT002428,CUST004733,CASE004798,2023-03-20,IMPS,32769.59,SG
TXN0006670,ACCT002705,CUST000880,CASE002345,2024-07-13,IMPS,2560.35,SG
TXN0006671,ACCT007367,CUST005791,CASE004472,2023-03-04,UPI,149282.4,GB
TXN0006672,ACCT001683,CUST005062,CASE001298,2024-08-10,UPI,111203.54,SG
TXN0006673,ACCT007698,CUST000800,CASE000811,2023-05-27,IMPS,208713.43,SG
TXN0006674,ACCT001291,CUST003778,CASE003590,2023-06-23,UPI,21552.93,SG
TXN0006675,ACCT005626,CUST005370,CASE003618,2024-11-01,IMPS,53148.43,AE
TXN0006676,ACCT003175,CUST001404,CASE002149,2023-11-12,UPI,23562.5,US
TXN0006677,ACCT007464,CUST001224,CASE003044,2023-12-15,IMPS,35598.59,GB
TXN0006678,ACCT001206,CUST003124,CASE002894,2024-12-24,IMPS,10245.16,SG
TXN0006679,ACCT001524,CUST003703,CASE002053,2024-08-31,UPI,66607.59,AE
TXN0006680,ACCT001255,CUST003556,CASE003934,2023-02-11,IMPS,11719.95,IN
TXN0006681,ACCT004981,CUST005102,CASE001029,2024-11-14,UPI,31917.0,US
TXN0006682,ACCT004654,CUST004152,CASE002600,2023-03-18,UPI,23246.83,IN
TXN0006683,ACCT006299,CUST003456,CASE004483,2024-11-13,IMPS,23223.09,GB
TXN0006684,ACCT000256,CUST004418,CASE004252,2024-10-26,IMPS,33247.95,SG
TXN0006685,ACCT003683,CUST005747,CASE004960,2024-09-19,NEFT,16518.61,SG
TXN0006686,ACCT002614,CUST001699,CASE000877,2024-08-14,IMPS,54209.97,GB
TXN0006687,ACCT000612,CUST002006,CASE003490,2024-02-25,NEFT,23246.21,SG
TXN0006688,ACCT001307,CUST002451,CASE004093,2023-03-23,UPI,10917.11,IN
TXN0006689,ACCT008576,CUST003201,CASE003668,2024-07-29,NEFT,78206.09,SG
TXN0006690,ACCT001973,CUST003843,CASE002626,2023-02-22,IMPS,24414.42,HK
TXN0006691,ACCT007736,CUST005567,CASE003524,2024-03-22,NEFT,35004.91,HK
TXN0006692,ACCT008066,CUST000493,CASE003486,2023-09-14,NEFT,48699.99,US
TXN0006693,ACCT002915,CUST000827,CASE003012,2024-03-08,UPI,62184.69,AE
TXN0006694,ACCT008453,CUST005707,CASE000495,2024-04-20,IMPS,33920.12,IN
TXN0006695,ACCT005525,CUST003340,CASE000149,2023-03-06,NEFT,21849.99,HK
TXN0006696,ACCT008425,CUST001774,CASE000747,2023-03-24,UPI,14431.44,IN
TXN0006697,ACCT006235,CUST001447,CASE004189,2024-01-16,NEFT,11695.76,IN
TXN0006698,ACCT005250,CUST004345,CASE003308,2023-07-16,NEFT,86553.02,HK
TXN0006699,ACCT007419,CUST002654,CASE003119,2024-05-26,IMPS,72191.08,US
TXN0006700,ACCT005185,CUST005501,CASE001645,2023-04-20,UPI,16130.16,GB
TXN0006701,ACCT004706,CUST001694,CASE003135,2023-10-27,NEFT,29576.3,US
TXN0006702,ACCT005638,CUST005402,CASE002894,2023-06-20,UPI,12073.32,HK
TXN0006703,ACCT000359,CUST005074,CASE002395,2023-11-25,UPI,36013.65,SG
TXN0006704,ACCT001077,CUST005338,CASE000509,2024-07-22,UPI,55407.87,AE
TXN0006705,ACCT003624,CUST000936,CASE001550,2024-09-20,IMPS,22482.97,IN
TXN0006706,ACCT003327,CUST004865,CASE003813,2024-12-01,UPI,60345.12,HK
TXN0006707,ACCT000842,CUST004854,CASE001508,2024-03-21,UPI,12912.49,GB
TXN0006708,ACCT006923,CUST001195,CASE004652,2023-05-05,NEFT,9297.53,GB
TXN0006709,ACCT005849,CUST004774,CASE000046,2023-11-27,IMPS,27962.03,GB
TXN0006710,ACCT005893,CUST005319,CASE003600,2024-07-09,UPI,2966.39,AE
TXN0006711,ACCT000659,CUST003687,CASE002247,2023-12-26,IMPS,6631.1,US
TXN0006712,ACCT000245,CUST001876,CASE000136,2024-01-22,NEFT,29028.26,AE
TXN0006713,ACCT007485,CUST000712,CASE002093,2023-07-07,NEFT,16284.71,SG
TXN0006714,ACCT000996,CUST005125,CASE003283,2024-02-06,NEFT,35178.28,US
TXN0006715,ACCT002274,CUST005832,CASE000423,2023-04-06,NEFT,6315.98,SG
TXN0006716,ACCT006878,CUST000697,CASE003654,2024-03-29,UPI,16098.7,GB
TXN0006717,ACCT001382,CUST001154,CASE001739,2024-12-06,IMPS,8754.59,HK
TXN0006718,ACCT008570,CUST005679,CASE003666,2023-07-29,UPI,50435.15,AE
TXN0006719,ACCT000026,CUST005746,CASE004405,2024-07-20,NEFT,8062.6,US
TXN0006720,ACCT002765,CUST001936,CASE004000,2023-12-10,NEFT,23375.86,IN
TXN0006721,ACCT007215,CUST001466,CASE001378,2024-10-31,UPI,6158.45,GB
TXN0006722,ACCT004918,CUST004886,CASE000364,2023-08-09,IMPS,88052.24,AE
TXN0006723,ACCT003558,CUST000959,CASE003310,2023-01-17,UPI,40352.39,HK
TXN0006724,ACCT004326,CUST000828,CASE002791,2024-04-02,UPI,20030.26,GB
TXN0006725,ACCT004318,CUST004312,CASE004219,2023-01-19,IMPS,41439.45,AE
TXN0006726,ACCT001768,CUST003281,CASE002282,2024-02-28,UPI,871.42,AE
TXN0006727,ACCT000481,CUST001470,CASE004512,2023-08-23,UPI,15956.86,GB
TXN0006728,ACCT003560,CUST003059,CASE002829,2024-08-03,IMPS,40513.68,IN
TXN0006729,ACCT002164,CUST000677,CASE004908,2023-10-06,NEFT,28170.58,US
TXN0006730,ACCT006498,CUST001197,CASE004041,2024-03-06,IMPS,379802.12,SG
TXN0006731,ACCT008295,CUST005667,CASE004480,2024-05-24,IMPS,1177.84,AE
TXN0006732,ACCT002798,CUST002028,CASE002081,2024-09-06,UPI,28160.01,AE
TXN0006733,ACCT005484,CUST001578,CASE003783,2023-11-13,IMPS,6351.44,IN
TXN0006734,ACCT007953,CUST003902,CASE004459,2023-10-28,UPI,66788.28,US
TXN0006735,ACCT004890,CUST003057,CASE001230,2023-12-05,IMPS,9975.83,SG
TXN0006736,ACCT005652,CUST001815,CASE000310,2023-02-24,UPI,20703.63,IN
TXN0006737,ACCT002572,CUST005657,CASE004543,2024-10-22,NEFT,16016.41,IN
TXN0006738,ACCT001659,CUST005385,CASE000830,2023-12-21,UPI,71943.89,IN
TXN0006739,ACCT006551,CUST002262,CASE003086,2024-07-23,IMPS,24060.41,US
TXN0006740,ACCT004445,CUST002713,CASE000387,2024-07-21,UPI,43258.1,HK
TXN0006741,ACCT001138,CUST005815,CASE004846,2024-09-17,UPI,46185.07,AE
TXN0006742,ACCT004608,CUST004987,CASE002434,2023-05-22,UPI,19474.46,IN
TXN0006743,ACCT005637,CUST005050,CASE001213,2024-06-29,NEFT,17151.48,US
TXN0006744,ACCT006453,CUST000561,CASE002270,2024-12-19,NEFT,116144.62,HK
TXN0006745,ACCT002253,CUST004024,CASE004552,2023-06-12,NEFT,3072.28,US
TXN0006746,ACCT008042,CUST001514,CASE002190,2024-12-11,IMPS,51409.62,HK
TXN0006747,ACCT002329,CUST002492,CASE002360,2023-12-11,UPI,28985.6,GB
TXN0006748,ACCT005798,CUST003397,CASE003575,2024-03-23,UPI,88310.1,GB
TXN0006749,ACCT007814,CUST002911,CASE000607,2024-06-26,IMPS,16521.19,SG
TXN0006750,ACCT002369,CUST002169,CASE004574,2023-08-05,UPI,102930.52,IN
TXN0006751,ACCT003785,CUST001853,CASE004895,2023-10-23,NEFT,14682.03,AE
TXN0006752,ACCT000164,CUST002405,CASE001817,2023-05-29,UPI,60903.25,US
TXN0006753,ACCT004784,CUST003315,CASE001804,2023-03-30,IMPS,25936.06,GB
TXN0006754,ACCT004342,CUST005028,CASE002436,2024-01-16,IMPS,107384.98,GB
TXN0006755,ACCT002191,CUST002889,CASE000797,2023-09-02,UPI,22653.15,HK
TXN0006756,ACCT004765,CUST002448,CASE004681,2023-08-06,UPI,12777.9,SG
TXN0006757,ACCT002672,CUST004509,CASE002301,2023-07-26,UPI,24848.85,GB
TXN0006758,ACCT005960,CUST004546,CASE001788,2023-11-14,IMPS,35271.11,US
TXN0006759,ACCT007883,CUST002491,CASE001143,2023-02-02,NEFT,10578.63,GB
TXN0006760,ACCT000732,CUST004849,CASE004048,2023-07-07,UPI,69046.45,SG
TXN0006761,ACCT007820,CUST004735,CASE003316,2023-12-30,NEFT,9080.17,HK
TXN0006762,ACCT005833,CUST000153,CASE004064,2023-10-22,IMPS,52676.23,HK
TXN0006763,ACCT006501,CUST003215,CASE001801,2024-03-22,IMPS,112920.87,SG
TXN0006764,ACCT008363,CUST001629,CASE002281,2024-12-13,IMPS,94199.34,IN
TXN0006765,ACCT003482,CUST000186,CASE000907,2024-08-27,IMPS,10247.06,HK
TXN0006766,ACCT004192,CUST001377,CASE002325,2024-06-29,UPI,30120.39,GB
TXN0006767,ACCT004701,CUST001756,CASE000109,2023-08-26,UPI,31253.43,IN
TXN0006768,ACCT004654,CUST004152,CASE000352,2023-09-02,UPI,68149.68,IN
TXN0006769,ACCT005479,CUST003651,CASE004593,2024-08-16,UPI,19812.78,AE
TXN0006770,ACCT006922,CUST005106,CASE004762,2024-08-16,UPI,100241.63,IN
TXN0006771,ACCT005287,CUST005747,CASE003382,2024-12-05,NEFT,15975.56,SG
TXN0006772,ACCT003351,CUST003925,CASE002629,2024-08-06,NEFT,47675.07,HK
TXN0006773,ACCT008830,CUST000978,CASE000406,2023-03-12,IMPS,12937.55,HK
TXN0006774,ACCT000588,CUST003620,CASE001734,2024-05-25,UPI,28916.98,SG
TXN0006775,ACCT004463,CUST004503,CASE002255,2023-06-12,UPI,38918.64,IN
TXN0006776,ACCT002061,CUST000515,CASE000358,2024-07-19,UPI,32061.37,GB
TXN0006777,ACCT005450,CUST004346,CASE000817,2023-05-29,UPI,13222.99,AE
TXN0006778,ACCT001586,CUST003497,CASE004708,2024-12-08,IMPS,18918.19,US
TXN0006779,ACCT006036,CUST000003,CASE003600,2023-02-24,IMPS,71407.72,IN
TXN0006780,ACCT007101,CUST001514,CASE001776,2023-09-08,IMPS,20824.67,HK
TXN0006781,ACCT000755,CUST003853,CASE003854,2023-03-09,NEFT,58610.17,IN
TXN0006782,ACCT003353,CUST001456,CASE001239,2023-02-04,NEFT,3887.29,GB
TXN0006783,ACCT005819,CUST005158,CASE002351,2023-06-05,NEFT,25630.51,SG
TXN0006784,ACCT001985,CUST001328,CASE003428,2023-05-02,NEFT,5809.27,SG
TXN0006785,ACCT001201,CUST003366,CASE000816,2023-04-04,NEFT,108563.9,SG
TXN0006786,ACCT006692,CUST003835,CASE004044,2023-10-22,UPI,35771.65,AE
TXN0006787,ACCT007836,CUST003020,CASE004466,2023-04-05,UPI,25173.93,SG
TXN0006788,ACCT005736,CUST003027,CASE004785,2023-10-09,UPI,48759.89,US
TXN0006789,ACCT006509,CUST000104,CASE000879,2023-03-10,UPI,33455.61,AE
TXN0006790,ACCT001921,CUST000766,CASE001513,2024-07-15,UPI,44300.61,SG
TXN0006791,ACCT003242,CUST004531,CASE003181,2024-06-01,NEFT,88659.82,AE
TXN0006792,ACCT001823,CUST000461,CASE001461,2024-09-17,NEFT,29768.34,IN
TXN0006793,ACCT005483,CUST005338,CASE002113,2023-08-03,NEFT,52389.46,IN
TXN0006794,ACCT006292,CUST002348,CASE003434,2024-10-14,UPI,6948.62,GB
TXN0006795,ACCT001849,CUST002634,CASE004532,2023-09-24,UPI,28721.6,SG
TXN0006796,ACCT004611,CUST003291,CASE001640,2023-10-17,IMPS,40954.77,HK
TXN0006797,ACCT001011,CUST004865,CASE001656,2023-08-19,IMPS,33370.14,GB
TXN0006798,ACCT003095,CUST004293,CASE002004,2023-06-13,UPI,5166.54,HK
TXN0006799,ACCT004511,CUST001239,CASE000241,2023-09-29,IMPS,52270.85,GB
TXN0006800,ACCT000053,CUST004393,CASE004386,2023-09-29,NEFT,45951.15,AE
TXN0006801,ACCT005507,CUST000591,CASE004148,2024-02-01,IMPS,8362.09,HK
TXN0006802,ACCT006156,CUST002584,CASE002789,2023-06-04,UPI,30184.86,US
TXN0006803,ACCT007971,CUST005559,CASE001686,2023-01-04,IMPS,10872.41,IN
TXN0006804,ACCT001014,CUST000268,CASE004333,2024-03-15,UPI,45175.75,SG
TXN0006805,ACCT006331,CUST005424,CASE001588,2023-11-27,IMPS,4775.16,IN
TXN0006806,ACCT003502,CUST005247,CASE003249,2023-05-19,NEFT,54749.33,AE
TXN0006807,ACCT003347,CUST002627,CASE004010,2023-12-23,NEFT,5146.2,IN
TXN0006808,ACCT001933,CUST003984,CASE002938,2023-03-06,UPI,142404.12,US
TXN0006809,ACCT003127,CUST000138,CASE003645,2023-07-21,NEFT,34074.61,AE
TXN0006810,ACCT008385,CUST003728,CASE002878,2024-11-19,NEFT,62550.68,HK
TXN0006811,ACCT006029,CUST005040,CASE004549,2023-08-17,UPI,77116.7,GB
TXN0006812,ACCT007613,CUST000762,CASE000153,2023-12-24,IMPS,17833.26,HK
TXN0006813,ACCT004598,CUST003978,CASE004093,2023-06-09,UPI,62796.68,US
TXN0006814,ACCT002597,CUST005537,CASE001071,2024-11-02,IMPS,37114.1,AE
TXN0006815,ACCT005327,CUST000873,CASE001764,2024-02-29,IMPS,63846.66,US
TXN0006816,ACCT004060,CUST005681,CASE003190,2024-10-05,NEFT,18997.01,IN
TXN0006817,ACCT006423,CUST004491,CASE001210,2023-06-02,IMPS,30518.58,AE
TXN0006818,ACCT001797,CUST005370,CASE004115,2023-08-18,NEFT,52928.82,GB
TXN0006819,ACCT007713,CUST000504,CASE002949,2024-09-05,IMPS,15095.93,HK
TXN0006820,ACCT000244,CUST000483,CASE004445,2023-04-05,NEFT,20928.54,HK
TXN0006821,ACCT008264,CUST000819,CASE004895,2024-03-28,IMPS,53118.56,US
TXN0006822,ACCT005089,CUST002938,CASE004966,2024-09-28,UPI,48643.23,GB
TXN0006823,ACCT006755,CUST003528,CASE001065,2024-12-07,IMPS,30204.94,HK
TXN0006824,ACCT008118,CUST003573,CASE004951,2024-07-23,NEFT,129189.99,IN
TXN0006825,ACCT001994,CUST004543,CASE003271,2024-10-05,UPI,61141.6,SG
TXN0006826,ACCT005083,CUST004661,CASE000978,2023-05-05,IMPS,83300.55,US
TXN0006827,ACCT008233,CUST003492,CASE000953,2023-02-03,IMPS,54637.23,SG
TXN0006828,ACCT007327,CUST004606,CASE000722,2023-05-18,NEFT,51038.64,GB
TXN0006829,ACCT006177,CUST005623,CASE004195,2024-05-19,IMPS,9628.86,US
TXN0006830,ACCT002188,CUST003663,CASE001398,2024-06-18,IMPS,15911.78,HK
TXN0006831,ACCT001922,CUST005293,CASE000750,2023-07-25,UPI,18055.04,AE
TXN0006832,ACCT008892,CUST004752,CASE003911,2023-05-06,UPI,1961.02,SG
TXN0006833,ACCT005052,CUST001397,CASE001878,2023-11-26,IMPS,42836.72,HK
TXN0006834,ACCT005602,CUST001592,CASE003845,2023-06-19,NEFT,5273.17,IN
TXN0006835,ACCT004966,CUST003887,CASE003713,2024-07-04,UPI,12020.88,IN
TXN0006836,ACCT002672,CUST004509,CASE001518,2023-10-20,UPI,16666.47,IN
TXN0006837,ACCT002250,CUST005013,CASE004214,2024-10-27,UPI,14328.97,IN
TXN0006838,ACCT003937,CUST000707,CASE003544,2024-05-28,NEFT,180520.58,GB
TXN0006839,ACCT002983,CUST004608,CASE002999,2023-04-27,IMPS,79399.24,SG
TXN0006840,ACCT008298,CUST001475,CASE002976,2023-06-30,UPI,9941.61,US
TXN0006841,ACCT001039,CUST001360,CASE002934,2023-09-02,NEFT,8050.32,AE
TXN0006842,ACCT002778,CUST000962,CASE000273,2023-12-07,NEFT,17384.52,AE
TXN0006843,ACCT005980,CUST004511,CASE002576,2024-03-11,IMPS,28856.08,SG
TXN0006844,ACCT002230,CUST004338,CASE004113,2023-09-07,UPI,27153.63,GB
TXN0006845,ACCT007409,CUST005248,CASE004129,2023-03-27,NEFT,10174.04,GB
TXN0006846,ACCT006589,CUST003594,CASE001931,2023-07-12,UPI,75032.33,HK
TXN0006847,ACCT000469,CUST005464,CASE000420,2023-06-17,NEFT,22144.05,IN
TXN0006848,ACCT001217,CUST000823,CASE002899,2024-04-17,UPI,20804.24,SG
TXN0006849,ACCT007816,CUST001523,CASE003066,2023-04-13,UPI,11376.08,GB
TXN0006850,ACCT001957,CUST005908,CASE002851,2023-04-09,IMPS,43283.99,GB
TXN0006851,ACCT006933,CUST000921,CASE003084,2024-09-10,IMPS,4403.78,AE
TXN0006852,ACCT008140,CUST002993,CASE000134,2023-02-09,IMPS,9726.73,AE
TXN0006853,ACCT006781,CUST001818,CASE000442,2024-10-28,UPI,32606.45,AE
TXN0006854,ACCT006324,CUST003392,CASE003739,2024-10-04,IMPS,24031.81,SG
TXN0006855,ACCT008236,CUST003294,CASE000547,2023-09-17,UPI,22152.32,US
TXN0006856,ACCT006662,CUST001064,CASE004153,2023-09-11,NEFT,32358.85,US
TXN0006857,ACCT007686,CUST005429,CASE003786,2023-04-06,NEFT,32245.45,SG
TXN0006858,ACCT006838,CUST000094,CASE000737,2023-07-11,UPI,83660.48,IN
TXN0006859,ACCT006123,CUST002572,CASE001931,2023-12-17,NEFT,5066.9,SG
TXN0006860,ACCT007812,CUST003687,CASE004635,2024-04-01,NEFT,9212.5,HK
TXN0006861,ACCT004228,CUST005265,CASE000167,2024-10-18,UPI,38485.21,US
TXN0006862,ACCT007811,CUST004523,CASE002113,2023-07-27,IMPS,24566.03,IN
TXN0006863,ACCT007746,CUST003312,CASE001874,2023-05-15,NEFT,16430.69,SG
TXN0006864,ACCT006849,CUST001226,CASE002692,2023-09-10,UPI,18455.46,GB
TXN0006865,ACCT005479,CUST003651,CASE001127,2024-05-03,IMPS,2631.89,HK
TXN0006866,ACCT003023,CUST000962,CASE000939,2023-10-09,UPI,29636.69,AE
TXN0006867,ACCT000493,CUST001823,CASE002874,2024-11-25,NEFT,37771.04,AE
TXN0006868,ACCT001823,CUST000461,CASE001011,2024-05-10,IMPS,19029.72,SG
TXN0006869,ACCT002088,CUST004310,CASE000449,2023-07-24,UPI,11648.02,US
TXN0006870,ACCT006925,CUST000368,CASE000615,2024-09-11,NEFT,78083.11,GB
TXN0006871,ACCT003553,CUST001098,CASE000100,2023-10-25,IMPS,35032.46,GB
TXN0006872,ACCT001009,CUST003691,CASE002814,2023-11-29,UPI,56500.03,GB
TXN0006873,ACCT000982,CUST004281,CASE000722,2023-01-22,IMPS,28670.56,US
TXN0006874,ACCT003754,CUST005325,CASE000797,2024-07-21,NEFT,18550.71,GB
TXN0006875,ACCT004816,CUST002750,CASE002240,2023-12-19,UPI,66938.48,AE
TXN0006876,ACCT008457,CUST001971,CASE001558,2023-06-24,IMPS,48771.83,GB
TXN0006877,ACCT002400,CUST001177,CASE002936,2023-03-26,IMPS,41207.83,AE
TXN0006878,ACCT002541,CUST004890,CASE002033,2024-07-04,NEFT,51057.81,SG
TXN0006879,ACCT001294,CUST003765,CASE001134,2024-10-01,NEFT,68059.51,HK
TXN0006880,ACCT008998,CUST000812,CASE001796,2023-10-15,IMPS,4667.49,SG
TXN0006881,ACCT002859,CUST000260,CASE003359,2024-02-21,UPI,114755.32,US
TXN0006882,ACCT008949,CUST001067,CASE003353,2023-01-21,IMPS,22245.19,US
TXN0006883,ACCT004398,CUST003590,CASE002244,2024-02-01,IMPS,34608.74,HK
TXN0006884,ACCT000847,CUST002285,CASE004650,2024-04-26,UPI,102853.62,GB
TXN0006885,ACCT007028,CUST000508,CASE002000,2023-03-22,NEFT,11899.89,US
TXN0006886,ACCT004144,CUST005826,CASE002089,2024-08-24,NEFT,5722.57,US
TXN0006887,ACCT003567,CUST001130,CASE002531,2024-05-21,IMPS,6794.67,SG
TXN0006888,ACCT007448,CUST000459,CASE000508,2023-07-14,IMPS,33457.31,GB
TXN0006889,ACCT002763,CUST002946,CASE003886,2024-01-09,UPI,108078.15,IN
TXN0006890,ACCT005073,CUST000927,CASE001225,2024-12-16,IMPS,34432.14,US
TXN0006891,ACCT006913,CUST002823,CASE003642,2023-03-01,UPI,24127.17,HK
TXN0006892,ACCT001104,CUST000722,CASE004480,2023-02-26,NEFT,24885.03,GB
TXN0006893,ACCT008843,CUST003900,CASE003873,2024-05-18,NEFT,23752.55,US
TXN0006894,ACCT000902,CUST004509,CASE000027,2023-02-04,UPI,22025.95,US
TXN0006895,ACCT004386,CUST002173,CASE002589,2024-09-03,NEFT,9251.5,AE
TXN0006896,ACCT002198,CUST005499,CASE000527,2023-12-31,IMPS,26145.4,US
TXN0006897,ACCT005437,CUST004400,CASE002968,2023-01-06,UPI,37609.5,GB
TXN0006898,ACCT002161,CUST003010,CASE001088,2024-11-28,IMPS,4263.28,IN
TXN0006899,ACCT006662,CUST001064,CASE003553,2023-03-10,IMPS,17220.53,AE
TXN0006900,ACCT000180,CUST004989,CASE004442,2024-02-19,UPI,20780.62,GB
TXN0006901,ACCT008538,CUST005317,CASE000875,2023-11-24,NEFT,38087.89,SG
TXN0006902,ACCT003932,CUST003584,CASE004154,2023-05-09,IMPS,30472.6,SG
TXN0006903,ACCT005341,CUST000509,CASE000641,2024-07-17,NEFT,58717.17,SG
TXN0006904,ACCT003796,CUST001083,CASE000368,2024-02-21,IMPS,67876.2,GB
TXN0006905,ACCT008066,CUST000493,CASE000591,2023-12-26,UPI,26112.01,US
TXN0006906,ACCT000669,CUST003604,CASE000725,2024-01-02,IMPS,164221.05,IN
TXN0006907,ACCT000154,CUST000095,CASE003725,2024-06-20,IMPS,34057.37,GB
TXN0006908,ACCT005217,CUST001345,CASE002570,2023-09-14,UPI,90308.98,IN
TXN0006909,ACCT005685,CUST000256,CASE000323,2023-08-18,NEFT,8442.91,GB
TXN0006910,ACCT000328,CUST001556,CASE003875,2024-12-17,IMPS,81459.18,AE
TXN0006911,ACCT003725,CUST003520,CASE004275,2024-09-23,NEFT,83822.59,US
TXN0006912,ACCT001335,CUST004070,CASE000385,2024-01-28,NEFT,19344.67,HK
TXN0006913,ACCT006190,CUST003109,CASE004735,2024-06-01,IMPS,67412.14,SG
TXN0006914,ACCT005213,CUST003063,CASE003795,2024-05-07,NEFT,37403.23,IN
TXN0006915,ACCT004125,CUST002936,CASE003838,2023-06-23,IMPS,121718.79,HK
TXN0006916,ACCT006660,CUST000547,CASE003058,2023-07-13,NEFT,44263.0,SG
TXN0006917,ACCT006429,CUST003234,CASE003981,2024-11-29,UPI,1933.24,IN
TXN0006918,ACCT002884,CUST004333,CASE004059,2023-12-31,NEFT,24776.36,AE
TXN0006919,ACCT003430,CUST003527,CASE001277,2023-12-20,IMPS,41282.26,IN
TXN0006920,ACCT006604,CUST004447,CASE003163,2024-04-13,UPI,42755.76,US
TXN0006921,ACCT002971,CUST002457,CASE004619,2023-07-25,UPI,5578.35,IN
TXN0006922,ACCT004351,CUST002413,CASE002386,2024-02-26,IMPS,35104.91,SG
TXN0006923,ACCT006458,CUST005218,CASE003304,2024-05-23,NEFT,2179.2,US
TXN0006924,ACCT008636,CUST001216,CASE001960,2024-04-15,NEFT,64541.65,AE
TXN0006925,ACCT001153,CUST005871,CASE001880,2024-10-04,NEFT,10892.57,AE
TXN0006926,ACCT000518,CUST001463,CASE004957,2023-04-09,IMPS,55856.92,SG
TXN0006927,ACCT003445,CUST003205,CASE003411,2024-02-18,NEFT,49550.6,SG
TXN0006928,ACCT005736,CUST003027,CASE002116,2023-08-31,IMPS,25180.51,IN
TXN0006929,ACCT005067,CUST003160,CASE000752,2023-11-11,UPI,5025.55,HK
TXN0006930,ACCT006334,CUST000656,CASE000512,2024-01-14,UPI,109476.85,AE
TXN0006931,ACCT003588,CUST002942,CASE003611,2023-01-13,NEFT,52307.1,SG
TXN0006932,ACCT002049,CUST003468,CASE003488,2024-08-04,UPI,19145.64,GB
TXN0006933,ACCT006467,CUST002627,CASE004102,2024-11-08,IMPS,10821.52,IN
TXN0006934,ACCT008772,CUST001144,CASE001080,2024-04-05,IMPS,47745.6,GB
TXN0006935,ACCT001586,CUST003497,CASE004113,2024-01-24,UPI,13877.79,IN
TXN0006936,ACCT007192,CUST002412,CASE003911,2023-04-27,IMPS,64102.22,SG
TXN0006937,ACCT003850,CUST004916,CASE003785,2024-06-21,NEFT,86162.63,AE
TXN0006938,ACCT002483,CUST005574,CASE003208,2023-11-26,NEFT,85138.92,HK
TXN0006939,ACCT003698,CUST003394,CASE004277,2023-09-02,NEFT,31666.59,GB
TXN0006940,ACCT007149,CUST002662,CASE000294,2024-07-26,UPI,50378.21,IN
TXN0006941,ACCT008671,CUST003055,CASE004714,2023-09-08,NEFT,20118.63,IN
TXN0006942,ACCT004772,CUST003311,CASE004067,2023-02-22,IMPS,24764.21,US
TXN0006943,ACCT002762,CUST005355,CASE004939,2023-12-09,UPI,69901.43,SG
TXN0006944,ACCT002323,CUST003545,CASE003433,2024-01-11,UPI,5718.98,HK
TXN0006945,ACCT000986,CUST002436,CASE003888,2023-07-06,NEFT,3478.33,AE
TXN0006946,ACCT000444,CUST004520,CASE002581,2023-07-18,IMPS,48023.63,SG
TXN0006947,ACCT007580,CUST003635,CASE002672,2023-06-19,UPI,17583.39,US
TXN0006948,ACCT001501,CUST005416,CASE000738,2023-07-17,UPI,13218.8,AE
TXN0006949,ACCT000298,CUST004509,CASE001981,2024-06-12,IMPS,35269.44,HK
TXN0006950,ACCT002353,CUST004849,CASE000943,2024-12-15,NEFT,69014.69,GB
TXN0006951,ACCT005458,CUST003651,CASE001963,2024-05-14,NEFT,10424.28,IN
TXN0006952,ACCT005630,CUST005076,CASE001355,2024-01-24,NEFT,34360.77,SG
TXN0006953,ACCT000055,CUST003101,CASE000521,2023-10-21,IMPS,19992.3,IN
TXN0006954,ACCT007124,CUST005322,CASE000558,2023-09-27,NEFT,9998.02,HK
TXN0006955,ACCT001501,CUST005416,CASE004702,2023-06-07,NEFT,20433.78,GB
TXN0006956,ACCT008880,CUST004455,CASE003154,2023-05-30,IMPS,13433.01,IN
TXN0006957,ACCT004898,CUST005134,CASE000588,2024-06-04,UPI,40984.96,US
TXN0006958,ACCT007858,CUST000640,CASE002465,2023-06-26,UPI,13934.74,GB
TXN0006959,ACCT003323,CUST002021,CASE000538,2023-02-28,NEFT,37503.37,SG
TXN0006960,ACCT002721,CUST005990,CASE004940,2024-12-15,UPI,71868.89,GB
TXN0006961,ACCT001304,CUST003619,CASE001311,2023-02-19,IMPS,6340.86,IN
TXN0006962,ACCT002549,CUST000421,CASE001968,2024-09-05,NEFT,68462.78,AE
TXN0006963,ACCT008951,CUST003481,CASE003165,2023-01-14,UPI,26990.73,IN
TXN0006964,ACCT003849,CUST004924,CASE002939,2024-04-02,NEFT,30277.04,HK
TXN0006965,ACCT003723,CUST003259,CASE002432,2023-12-25,NEFT,10952.61,GB
TXN0006966,ACCT001686,CUST000669,CASE003031,2024-04-03,NEFT,12020.94,AE
TXN0006967,ACCT000516,CUST000945,CASE002233,2024-08-23,UPI,8578.0,GB
TXN0006968,ACCT000102,CUST005609,CASE002449,2023-10-27,IMPS,108706.02,GB
TXN0006969,ACCT001305,CUST002831,CASE004199,2023-01-19,UPI,57231.63,SG
TXN0006970,ACCT005233,CUST005872,CASE003068,2024-07-08,UPI,12993.88,SG
TXN0006971,ACCT004758,CUST005248,CASE000583,2023-05-12,UPI,19047.79,SG
TXN0006972,ACCT001494,CUST002272,CASE002877,2024-07-25,IMPS,6964.33,SG
TXN0006973,ACCT008650,CUST005459,CASE001555,2023-07-02,UPI,67424.91,GB
TXN0006974,ACCT003499,CUST005159,CASE001862,2023-11-29,IMPS,16436.76,IN
TXN0006975,ACCT001277,CUST005586,CASE004036,2024-05-24,NEFT,19012.39,AE
TXN0006976,ACCT003386,CUST004091,CASE000444,2024-07-10,IMPS,10813.21,US
TXN0006977,ACCT002956,CUST005561,CASE001442,2024-07-29,UPI,35984.6,GB
TXN0006978,ACCT002488,CUST003227,CASE004799,2023-03-01,UPI,35418.94,IN
TXN0006979,ACCT009000,CUST000115,CASE003950,2024-07-21,NEFT,25997.12,US
TXN0006980,ACCT003495,CUST003493,CASE000518,2023-02-06,UPI,8975.76,AE
TXN0006981,ACCT008459,CUST004576,CASE003464,2024-05-15,NEFT,28938.32,IN
TXN0006982,ACCT002650,CUST001125,CASE003335,2023-04-30,NEFT,12729.6,GB
TXN0006983,ACCT008298,CUST001475,CASE001671,2023-04-03,NEFT,20730.77,SG
TXN0006984,ACCT008509,CUST000664,CASE003025,2024-02-26,UPI,29921.99,US
TXN0006985,ACCT000138,CUST000386,CASE003703,2024-02-12,NEFT,50416.75,HK
TXN0006986,ACCT007138,CUST003384,CASE004055,2023-12-22,UPI,33128.0,US
TXN0006987,ACCT000844,CUST002641,CASE002240,2023-08-09,IMPS,1972.29,AE
TXN0006988,ACCT003271,CUST002949,CASE003126,2024-02-16,NEFT,12917.38,SG
TXN0006989,ACCT008426,CUST004847,CASE004783,2024-06-20,UPI,24404.9,AE
TXN0006990,ACCT007730,CUST001603,CASE003970,2024-03-24,UPI,5567.85,SG
TXN0006991,ACCT004189,CUST000350,CASE002160,2024-12-20,UPI,7010.65,US
TXN0006992,ACCT000606,CUST002543,CASE004724,2023-12-27,IMPS,52232.7,US
TXN0006993,ACCT003394,CUST005860,CASE000883,2024-05-17,UPI,84068.69,SG
TXN0006994,ACCT006417,CUST000075,CASE004300,2023-10-19,NEFT,38375.08,GB
TXN0006995,ACCT001748,CUST003314,CASE002222,2024-08-29,UPI,7376.3,US
TXN0006996,ACCT004132,CUST000741,CASE003725,2023-09-09,IMPS,53063.05,US
TXN0006997,ACCT003085,CUST002886,CASE002823,2023-05-28,IMPS,11650.34,GB
TXN0006998,ACCT007290,CUST004917,CASE003883,2024-06-04,NEFT,10426.89,SG
TXN0006999,ACCT006190,CUST003109,CASE003473,2024-06-30,UPI,29306.02,HK
TXN0007000,ACCT006114,CUST002354,CASE000481,2023-07-28,NEFT,15219.93,US
TXN0007001,ACCT005741,CUST004243,CASE003147,2023-02-08,UPI,18759.3,IN
TXN0007002,ACCT001572,CUST004517,CASE001754,2024-12-30,UPI,59578.31,GB
TXN0007003,ACCT005561,CUST001281,CASE004269,2023-10-20,UPI,13815.39,SG
TXN0007004,ACCT005766,CUST000638,CASE002968,2024-11-20,UPI,21951.93,IN
TXN0007005,ACCT004930,CUST000157,CASE002223,2023-12-04,UPI,18606.84,US
TXN0007006,ACCT004715,CUST001084,CASE003236,2024-06-29,NEFT,21318.49,GB
TXN0007007,ACCT001087,CUST002851,CASE003602,2024-01-21,UPI,7804.41,GB
TXN0007008,ACCT005181,CUST004165,CASE003542,2024-02-11,IMPS,64511.57,GB
TXN0007009,ACCT003500,CUST001512,CASE000298,2024-06-26,NEFT,25877.7,US
TXN0007010,ACCT007806,CUST005106,CASE003474,2024-09-02,NEFT,26377.73,SG
TXN0007011,ACCT000575,CUST002466,CASE002055,2023-08-02,IMPS,4341.22,AE
TXN0007012,ACCT003198,CUST000270,CASE003740,2024-03-16,UPI,42452.42,IN
TXN0007013,ACCT005251,CUST000398,CASE001635,2024-09-05,IMPS,90868.71,AE
TXN0007014,ACCT004768,CUST004238,CASE003850,2023-03-11,NEFT,16540.31,GB
TXN0007015,ACCT002197,CUST000615,CASE003461,2023-08-13,NEFT,52697.74,GB
TXN0007016,ACCT003672,CUST004692,CASE002109,2024-01-29,NEFT,62795.37,IN
TXN0007017,ACCT002381,CUST005259,CASE001003,2024-10-03,UPI,29192.54,SG
TXN0007018,ACCT008532,CUST001678,CASE001387,2023-10-24,UPI,48894.68,AE
TXN0007019,ACCT001373,CUST002233,CASE004262,2024-06-29,IMPS,28226.88,GB
TXN0007020,ACCT005513,CUST002718,CASE002305,2024-02-04,IMPS,33405.67,HK
TXN0007021,ACCT002311,CUST000608,CASE000152,2024-10-13,IMPS,27985.66,GB
TXN0007022,ACCT001437,CUST005493,CASE004184,2023-11-22,NEFT,74072.24,AE
TXN0007023,ACCT007699,CUST003648,CASE000379,2023-06-26,IMPS,34942.59,IN
TXN0007024,ACCT008345,CUST000355,CASE003604,2023-08-08,UPI,117141.54,GB
TXN0007025,ACCT004197,CUST004065,CASE004122,2024-12-08,NEFT,40891.27,GB
TXN0007026,ACCT002070,CUST001982,CASE000846,2024-05-17,UPI,57929.46,AE
TXN0007027,ACCT001803,CUST004619,CASE004591,2023-05-12,NEFT,61085.82,AE
TXN0007028,ACCT007650,CUST001044,CASE004884,2023-06-20,NEFT,16269.71,SG
TXN0007029,ACCT007081,CUST004566,CASE004359,2023-12-13,IMPS,22127.41,GB
TXN0007030,ACCT008662,CUST001512,CASE002600,2024-02-22,NEFT,15282.46,SG
TXN0007031,ACCT007742,CUST004774,CASE000910,2023-08-10,IMPS,43689.6,SG
TXN0007032,ACCT007327,CUST004606,CASE003730,2023-07-25,IMPS,18727.97,US
TXN0007033,ACCT003312,CUST001196,CASE004424,2024-05-20,NEFT,44903.27,IN
TXN0007034,ACCT007245,CUST004509,CASE003631,2023-07-12,UPI,36307.26,US
TXN0007035,ACCT001690,CUST003474,CASE002215,2023-03-25,NEFT,56286.87,AE
TXN0007036,ACCT003596,CUST005350,CASE003701,2024-04-02,UPI,10846.64,HK
TXN0007037,ACCT000332,CUST004745,CASE002755,2023-03-21,NEFT,26123.89,US
TXN0007038,ACCT008739,CUST002604,CASE001595,2023-06-18,UPI,60628.21,AE
TXN0007039,ACCT003991,CUST005922,CASE000268,2024-08-07,NEFT,7223.59,HK
TXN0007040,ACCT003971,CUST000524,CASE002780,2023-12-22,NEFT,10515.63,SG
TXN0007041,ACCT008209,CUST000376,CASE001229,2024-10-16,UPI,2845.05,IN
TXN0007042,ACCT000062,CUST004730,CASE002735,2024-06-24,NEFT,45572.06,HK
TXN0007043,ACCT006675,CUST004014,CASE003423,2024-06-11,UPI,12450.89,GB
TXN0007044,ACCT006397,CUST003620,CASE004639,2023-06-08,NEFT,47973.41,GB
TXN0007045,ACCT003069,CUST001885,CASE003184,2024-06-06,NEFT,107533.22,GB
TXN0007046,ACCT000526,CUST005969,CASE004645,2024-02-08,NEFT,5602.84,HK
TXN0007047,ACCT008742,CUST004191,CASE004723,2024-01-24,UPI,101779.32,US
TXN0007048,ACCT003843,CUST002030,CASE000886,2023-02-24,NEFT,37741.3,AE
TXN0007049,ACCT006617,CUST004543,CASE001565,2023-01-05,IMPS,38272.41,IN
TXN0007050,ACCT005478,CUST004168,CASE003238,2024-07-03,NEFT,107964.93,HK
TXN0007051,ACCT004685,CUST001455,CASE001584,2023-11-16,IMPS,7791.78,GB
TXN0007052,ACCT002918,CUST003658,CASE000185,2024-12-11,NEFT,11642.53,SG
TXN0007053,ACCT005000,CUST001653,CASE004265,2024-07-26,IMPS,32934.42,GB
TXN0007054,ACCT004718,CUST004925,CASE000095,2024-10-16,NEFT,55243.84,SG
TXN0007055,ACCT005427,CUST002604,CASE000234,2023-08-11,IMPS,14989.6,AE
TXN0007056,ACCT008736,CUST003232,CASE001810,2023-08-24,UPI,15864.09,GB
TXN0007057,ACCT007419,CUST002654,CASE002329,2024-11-02,IMPS,128570.04,AE
TXN0007058,ACCT008247,CUST001421,CASE003779,2024-09-04,UPI,17462.88,AE
TXN0007059,ACCT004466,CUST000447,CASE000261,2024-03-04,NEFT,52941.87,GB
TXN0007060,ACCT006604,CUST004447,CASE002758,2024-01-17,IMPS,19624.53,AE
TXN0007061,ACCT007626,CUST001178,CASE000098,2023-05-17,UPI,16245.25,HK
TXN0007062,ACCT002247,CUST005768,CASE004453,2024-09-10,IMPS,113614.58,GB
TXN0007063,ACCT000782,CUST001375,CASE001507,2023-01-05,IMPS,8143.68,AE
TXN0007064,ACCT004409,CUST004736,CASE000689,2023-01-28,NEFT,56733.11,AE
TXN0007065,ACCT003126,CUST000098,CASE000488,2024-11-11,NEFT,15685.81,HK
TXN0007066,ACCT008806,CUST002490,CASE002276,2024-04-23,UPI,16602.96,AE
TXN0007067,ACCT003782,CUST000639,CASE004807,2023-10-12,IMPS,8710.59,AE
TXN0007068,ACCT002872,CUST003078,CASE004344,2024-06-19,UPI,44705.36,AE
TXN0007069,ACCT002097,CUST005208,CASE004854,2024-06-13,IMPS,8896.87,IN
TXN0007070,ACCT003604,CUST004004,CASE000002,2023-10-25,NEFT,29882.25,US
TXN0007071,ACCT006079,CUST002112,CASE002289,2024-09-20,NEFT,14058.34,IN
TXN0007072,ACCT003087,CUST001147,CASE003131,2023-01-02,IMPS,10849.81,SG
TXN0007073,ACCT001616,CUST002357,CASE001119,2024-11-21,UPI,37673.13,AE
TXN0007074,ACCT002788,CUST003728,CASE001353,2023-06-24,UPI,103056.17,GB
TXN0007075,ACCT006107,CUST002893,CASE001466,2023-01-20,UPI,38992.33,AE
TXN0007076,ACCT002590,CUST002571,CASE001113,2024-03-18,UPI,124284.65,GB
TXN0007077,ACCT008852,CUST004765,CASE001529,2024-11-25,NEFT,9522.18,HK
TXN0007078,ACCT003825,CUST005146,CASE002202,2023-05-14,UPI,48893.01,US
TXN0007079,ACCT001390,CUST000740,CASE000692,2023-02-10,UPI,11835.96,US
TXN0007080,ACCT005562,CUST004371,CASE000001,2023-04-21,NEFT,41096.66,SG
TXN0007081,ACCT007855,CUST005167,CASE001468,2023-08-19,NEFT,17163.79,GB
TXN0007082,ACCT008851,CUST001335,CASE002022,2024-12-25,IMPS,20616.51,GB
TXN0007083,ACCT005304,CUST005326,CASE002496,2024-05-21,NEFT,46623.35,GB
TXN0007084,ACCT002002,CUST002235,CASE000711,2024-09-04,NEFT,11629.91,HK
TXN0007085,ACCT006662,CUST001064,CASE000841,2024-05-31,UPI,61358.44,IN
TXN0007086,ACCT005699,CUST002997,CASE003564,2024-07-22,UPI,39040.0,GB
TXN0007087,ACCT007306,CUST001191,CASE000011,2024-06-02,UPI,30627.31,SG
TXN0007088,ACCT008550,CUST002271,CASE002851,2023-11-12,UPI,60967.48,HK
TXN0007089,ACCT002387,CUST002437,CASE001544,2023-01-20,NEFT,7208.94,GB
TXN0007090,ACCT002891,CUST003793,CASE001189,2023-12-03,UPI,60988.25,GB
TXN0007091,ACCT003352,CUST002574,CASE001035,2023-10-17,UPI,32053.05,IN
TXN0007092,ACCT005168,CUST000146,CASE003804,2023-11-17,IMPS,3685.19,US
TXN0007093,ACCT001550,CUST000539,CASE001167,2024-10-14,IMPS,82599.96,HK
TXN0007094,ACCT005091,CUST000237,CASE000179,2023-01-15,NEFT,52713.0,SG
TXN0007095,ACCT007382,CUST005974,CASE001353,2024-09-11,IMPS,47910.17,SG
TXN0007096,ACCT007449,CUST004269,CASE003245,2024-06-02,IMPS,51592.57,US
TXN0007097,ACCT006969,CUST002093,CASE003580,2024-01-03,NEFT,16142.83,IN
TXN0007098,ACCT002998,CUST000758,CASE001118,2024-06-06,NEFT,81604.93,GB
TXN0007099,ACCT002310,CUST005263,CASE002197,2023-09-25,NEFT,76752.0,IN
TXN0007100,ACCT002319,CUST005242,CASE004259,2023-11-29,UPI,60780.74,GB
TXN0007101,ACCT004190,CUST003777,CASE003538,2023-02-17,NEFT,28057.08,GB
TXN0007102,ACCT002130,CUST001652,CASE004247,2024-09-11,IMPS,17299.75,IN
TXN0007103,ACCT000293,CUST002282,CASE004996,2023-08-14,UPI,21162.91,US
TXN0007104,ACCT003045,CUST003818,CASE003882,2023-02-20,NEFT,24447.13,IN
TXN0007105,ACCT005596,CUST001167,CASE000788,2024-04-20,IMPS,21548.2,HK
TXN0007106,ACCT002386,CUST003327,CASE000781,2023-11-07,UPI,33807.91,SG
TXN0007107,ACCT003995,CUST000022,CASE004460,2023-10-07,IMPS,16167.04,SG
TXN0007108,ACCT003415,CUST000896,CASE004927,2024-05-09,NEFT,55022.81,HK
TXN0007109,ACCT008276,CUST005790,CASE000413,2023-06-03,NEFT,15880.82,GB
TXN0007110,ACCT002889,CUST000187,CASE000355,2023-09-22,NEFT,106815.92,GB
TXN0007111,ACCT005952,CUST001669,CASE000080,2023-09-20,IMPS,32207.68,AE
TXN0007112,ACCT004231,CUST005168,CASE002935,2023-09-22,UPI,3547.65,HK
TXN0007113,ACCT005841,CUST004969,CASE002106,2024-03-29,UPI,34424.42,GB
TXN0007114,ACCT003993,CUST001872,CASE002431,2023-07-15,UPI,27477.23,GB
TXN0007115,ACCT004929,CUST003305,CASE002294,2023-01-14,NEFT,31879.06,SG
TXN0007116,ACCT005985,CUST000427,CASE004312,2023-03-09,NEFT,38832.45,AE
TXN0007117,ACCT001186,CUST004413,CASE002334,2024-11-21,IMPS,14909.9,US
TXN0007118,ACCT004816,CUST002750,CASE001939,2023-05-23,UPI,78532.9,AE
TXN0007119,ACCT005490,CUST004408,CASE003591,2024-11-09,IMPS,11047.6,US
TXN0007120,ACCT006723,CUST001466,CASE002628,2024-10-23,UPI,20814.01,GB
TXN0007121,ACCT005589,CUST001721,CASE003617,2024-09-06,NEFT,10645.99,US
TXN0007122,ACCT006224,CUST005905,CASE004476,2024-11-15,UPI,10419.96,US
TXN0007123,ACCT002761,CUST002143,CASE002756,2024-12-14,NEFT,2989.61,GB
TXN0007124,ACCT002635,CUST002357,CASE004129,2023-05-08,UPI,28369.01,US
TXN0007125,ACCT004626,CUST004028,CASE000685,2023-07-10,UPI,120392.47,HK
TXN0007126,ACCT006161,CUST001499,CASE003490,2023-10-31,IMPS,12411.26,AE
TXN0007127,ACCT000008,CUST000840,CASE001584,2023-08-18,NEFT,127910.61,AE
TXN0007128,ACCT005239,CUST005507,CASE002420,2023-09-28,UPI,72580.62,IN
TXN0007129,ACCT007512,CUST001174,CASE002341,2024-07-11,IMPS,14782.08,IN
TXN0007130,ACCT004336,CUST005319,CASE001726,2024-12-07,NEFT,2685.77,SG
TXN0007131,ACCT002385,CUST005612,CASE003139,2024-07-14,UPI,24607.72,AE
TXN0007132,ACCT006039,CUST002261,CASE003220,2023-07-23,IMPS,14341.31,IN
TXN0007133,ACCT006937,CUST001210,CASE002585,2024-06-17,IMPS,14648.14,HK
TXN0007134,ACCT006587,CUST005281,CASE003137,2023-11-05,UPI,29924.32,SG
TXN0007135,ACCT005576,CUST004535,CASE000691,2023-03-30,IMPS,35535.46,IN
TXN0007136,ACCT006922,CUST005106,CASE001848,2024-03-19,IMPS,23599.51,US
TXN0007137,ACCT003010,CUST001542,CASE001265,2024-05-14,NEFT,35233.33,AE
TXN0007138,ACCT005099,CUST003611,CASE001411,2023-11-25,UPI,4823.58,US
TXN0007139,ACCT005171,CUST003378,CASE004316,2023-11-19,IMPS,112052.6,AE
TXN0007140,ACCT008137,CUST005180,CASE000567,2023-12-14,IMPS,24910.65,HK
TXN0007141,ACCT003536,CUST003184,CASE000458,2023-07-12,NEFT,30450.2,IN
TXN0007142,ACCT000872,CUST001566,CASE000370,2023-11-27,NEFT,12560.06,SG
TXN0007143,ACCT003518,CUST005766,CASE002689,2023-09-18,NEFT,101496.99,US
TXN0007144,ACCT001636,CUST003516,CASE002970,2024-07-28,NEFT,9120.28,SG
TXN0007145,ACCT008850,CUST002127,CASE004189,2024-06-10,NEFT,24820.75,SG
TXN0007146,ACCT006260,CUST003686,CASE003084,2024-09-04,NEFT,74927.27,IN
TXN0007147,ACCT008570,CUST005679,CASE003516,2024-12-01,IMPS,133981.88,IN
TXN0007148,ACCT003338,CUST003113,CASE002320,2024-05-28,UPI,6184.97,AE
TXN0007149,ACCT008805,CUST004795,CASE000807,2023-05-19,IMPS,10553.12,US
TXN0007150,ACCT002323,CUST003545,CASE002758,2023-06-23,IMPS,22545.79,HK
TXN0007151,ACCT006862,CUST004135,CASE000363,2024-04-16,UPI,52868.14,HK
TXN0007152,ACCT002602,CUST002166,CASE001600,2024-01-20,NEFT,9250.23,HK
TXN0007153,ACCT006119,CUST000623,CASE003765,2023-02-28,IMPS,41872.73,GB
TXN0007154,ACCT007086,CUST002602,CASE003847,2024-06-22,IMPS,169432.08,GB
TXN0007155,ACCT001937,CUST001270,CASE001293,2023-01-22,IMPS,9499.64,HK
TXN0007156,ACCT001803,CUST004619,CASE004769,2023-07-18,UPI,9032.67,GB
TXN0007157,ACCT004181,CUST000529,CASE002151,2023-12-15,NEFT,18734.83,US
TXN0007158,ACCT001432,CUST004404,CASE001507,2023-07-30,IMPS,42304.52,HK
TXN0007159,ACCT001579,CUST002777,CASE004738,2024-05-09,NEFT,92857.5,US
TXN0007160,ACCT005574,CUST003057,CASE004604,2024-09-18,NEFT,13634.09,AE
TXN0007161,ACCT003337,CUST005081,CASE000103,2024-08-14,NEFT,34988.5,AE
TXN0007162,ACCT003916,CUST002539,CASE003960,2023-11-02,IMPS,28392.02,IN
TXN0007163,ACCT005574,CUST003057,CASE000330,2024-05-17,UPI,5323.73,US
TXN0007164,ACCT005378,CUST005773,CASE003158,2024-02-20,NEFT,8630.15,IN
TXN0007165,ACCT006510,CUST001000,CASE004486,2023-05-22,NEFT,48202.89,US
TXN0007166,ACCT005965,CUST002821,CASE000352,2024-03-20,NEFT,13184.21,AE
TXN0007167,ACCT000221,CUST002554,CASE004325,2023-12-09,NEFT,41110.04,HK
TXN0007168,ACCT003489,CUST004228,CASE002195,2023-02-12,IMPS,30542.67,IN
TXN0007169,ACCT006369,CUST002665,CASE000801,2023-11-12,IMPS,129085.21,AE
TXN0007170,ACCT000059,CUST005150,CASE002863,2023-09-12,UPI,25935.99,AE
TXN0007171,ACCT006871,CUST000677,CASE000106,2024-09-20,NEFT,9150.63,SG
TXN0007172,ACCT008437,CUST004747,CASE002577,2024-03-12,NEFT,20937.4,GB
TXN0007173,ACCT007840,CUST005657,CASE003972,2024-03-28,NEFT,30483.45,SG
TXN0007174,ACCT008683,CUST002624,CASE002459,2024-10-21,NEFT,80252.61,US
TXN0007175,ACCT003995,CUST000022,CASE004412,2023-02-21,IMPS,14552.71,US
TXN0007176,ACCT002332,CUST002644,CASE002305,2024-06-18,NEFT,18179.48,SG
TXN0007177,ACCT004403,CUST003103,CASE000191,2024-12-04,NEFT,28813.56,SG
TXN0007178,ACCT007171,CUST003743,CASE004846,2023-02-18,NEFT,64017.96,GB
TXN0007179,ACCT005282,CUST003382,CASE002889,2023-02-28,IMPS,11118.66,GB
TXN0007180,ACCT007295,CUST005078,CASE003292,2024-10-06,UPI,10735.69,HK
TXN0007181,ACCT003741,CUST000816,CASE001133,2023-02-06,UPI,36085.24,US
TXN0007182,ACCT001373,CUST002233,CASE004796,2024-10-07,UPI,117066.67,HK
TXN0007183,ACCT003746,CUST001295,CASE001628,2023-07-08,IMPS,71173.15,US
TXN0007184,ACCT005769,CUST003083,CASE004679,2024-05-03,NEFT,37359.42,GB
TXN0007185,ACCT005463,CUST001998,CASE000492,2024-07-22,UPI,19147.52,IN
TXN0007186,ACCT005395,CUST004210,CASE000979,2023-07-08,NEFT,2576.27,HK
TXN0007187,ACCT002516,CUST003220,CASE001509,2024-07-18,UPI,6831.09,IN
TXN0007188,ACCT003910,CUST004396,CASE003661,2023-07-05,UPI,39822.52,IN
TXN0007189,ACCT002835,CUST003743,CASE001055,2024-01-14,IMPS,21431.82,IN
TXN0007190,ACCT003592,CUST001599,CASE001532,2023-01-03,IMPS,24955.53,US
TXN0007191,ACCT007387,CUST004993,CASE000273,2024-05-30,NEFT,40082.9,AE
TXN0007192,ACCT004134,CUST005621,CASE002682,2023-08-29,IMPS,15452.24,AE
TXN0007193,ACCT001953,CUST001482,CASE000456,2023-11-06,IMPS,66232.04,HK
TXN0007194,ACCT000487,CUST001305,CASE004499,2024-03-24,NEFT,17855.84,US
TXN0007195,ACCT007147,CUST004014,CASE002646,2023-07-24,IMPS,3631.17,US
TXN0007196,ACCT003701,CUST000619,CASE000582,2024-05-23,IMPS,11259.29,HK
TXN0007197,ACCT001852,CUST004108,CASE001694,2024-05-14,NEFT,11385.49,AE
TXN0007198,ACCT006379,CUST001451,CASE000142,2024-06-11,IMPS,20104.49,GB
TXN0007199,ACCT001291,CUST003778,CASE001474,2023-05-08,NEFT,15495.14,AE
TXN0007200,ACCT000353,CUST000983,CASE004127,2024-01-22,IMPS,57734.91,SG
TXN0007201,ACCT007229,CUST001013,CASE004872,2024-02-26,UPI,24307.38,IN
TXN0007202,ACCT003240,CUST001869,CASE002227,2023-06-10,UPI,55327.97,AE
TXN0007203,ACCT000719,CUST003186,CASE002814,2024-01-30,UPI,44427.73,GB
TXN0007204,ACCT008639,CUST003735,CASE004543,2023-04-17,IMPS,20329.45,SG
TXN0007205,ACCT001634,CUST004704,CASE004574,2023-12-01,NEFT,12075.65,GB
TXN0007206,ACCT003651,CUST005823,CASE002560,2024-09-23,UPI,23494.61,AE
TXN0007207,ACCT006185,CUST005647,CASE001915,2023-09-26,NEFT,19189.51,AE
TXN0007208,ACCT004332,CUST006000,CASE003953,2024-12-28,IMPS,85212.2,HK
TXN0007209,ACCT006541,CUST000427,CASE000216,2024-04-23,UPI,13896.57,GB
TXN0007210,ACCT008000,CUST005552,CASE004138,2023-01-12,IMPS,28375.85,HK
TXN0007211,ACCT008096,CUST002053,CASE001903,2024-10-21,IMPS,18240.58,US
TXN0007212,ACCT005598,CUST001508,CASE003048,2024-02-07,NEFT,33556.67,GB
TXN0007213,ACCT007389,CUST005805,CASE002762,2023-07-26,IMPS,45784.76,SG
TXN0007214,ACCT004157,CUST004555,CASE004194,2023-07-10,NEFT,38412.81,US
TXN0007215,ACCT007855,CUST005167,CASE002184,2023-03-17,UPI,48281.63,AE
TXN0007216,ACCT008912,CUST005650,CASE003730,2024-08-25,IMPS,59535.82,US
TXN0007217,ACCT004326,CUST000828,CASE000983,2024-02-01,NEFT,18083.41,US
TXN0007218,ACCT006973,CUST001645,CASE003840,2023-01-23,NEFT,63329.99,SG
TXN0007219,ACCT003607,CUST004632,CASE004526,2024-06-30,NEFT,11525.66,SG
TXN0007220,ACCT006158,CUST004707,CASE000237,2024-08-31,IMPS,13009.59,GB
TXN0007221,ACCT002972,CUST003084,CASE004934,2024-04-03,UPI,14091.76,HK
TXN0007222,ACCT005498,CUST001747,CASE004791,2024-10-03,NEFT,4054.72,SG
TXN0007223,ACCT003229,CUST002791,CASE003008,2024-05-16,NEFT,33685.06,AE
TXN0007224,ACCT006734,CUST005450,CASE000652,2023-12-11,IMPS,41468.57,GB
TXN0007225,ACCT006345,CUST003253,CASE003638,2023-02-01,NEFT,3526.54,GB
TXN0007226,ACCT001013,CUST002386,CASE002540,2024-06-16,NEFT,25219.68,SG
TXN0007227,ACCT005703,CUST002384,CASE001527,2023-05-14,NEFT,7032.83,SG
TXN0007228,ACCT001763,CUST003578,CASE002121,2023-01-06,NEFT,51730.35,SG
TXN0007229,ACCT002833,CUST004205,CASE000801,2024-01-29,NEFT,27936.23,GB
TXN0007230,ACCT000651,CUST005019,CASE004265,2024-11-21,NEFT,9054.52,HK
TXN0007231,ACCT004211,CUST005031,CASE000679,2024-03-03,UPI,10762.01,HK
TXN0007232,ACCT005281,CUST001132,CASE004088,2023-07-22,UPI,146612.9,US
TXN0007233,ACCT007415,CUST002522,CASE002678,2024-07-10,NEFT,188074.44,HK
TXN0007234,ACCT006740,CUST003290,CASE002266,2023-11-16,UPI,30209.29,HK
TXN0007235,ACCT003574,CUST004403,CASE004038,2024-12-30,UPI,17223.14,US
TXN0007236,ACCT006792,CUST001268,CASE003143,2023-09-18,UPI,68584.67,HK
TXN0007237,ACCT006408,CUST002818,CASE000231,2023-11-28,UPI,51308.4,AE
TXN0007238,ACCT002380,CUST002373,CASE001364,2024-05-10,UPI,47218.88,SG
TXN0007239,ACCT005269,CUST004130,CASE003953,2023-10-06,UPI,38307.15,US
TXN0007240,ACCT008310,CUST001573,CASE004464,2024-06-19,IMPS,5216.4,GB
TXN0007241,ACCT005703,CUST002384,CASE001667,2024-04-06,NEFT,11069.73,GB
TXN0007242,ACCT002600,CUST005270,CASE004368,2023-11-22,NEFT,32265.54,US
TXN0007243,ACCT000955,CUST002792,CASE000898,2024-12-12,UPI,7136.83,IN
TXN0007244,ACCT006123,CUST002572,CASE004974,2023-05-08,UPI,53127.37,US
TXN0007245,ACCT000333,CUST004442,CASE001248,2024-07-04,IMPS,33687.0,HK
TXN0007246,ACCT003006,CUST004956,CASE004010,2023-05-28,IMPS,43991.92,SG
TXN0007247,ACCT008854,CUST001198,CASE004697,2023-11-27,UPI,65809.0,HK
TXN0007248,ACCT007311,CUST002445,CASE002199,2023-10-14,NEFT,6613.8,GB
TXN0007249,ACCT007238,CUST005795,CASE001660,2024-10-10,IMPS,16188.32,IN
TXN0007250,ACCT005176,CUST000745,CASE003290,2023-02-09,NEFT,26838.84,AE
TXN0007251,ACCT007613,CUST000762,CASE000766,2024-11-14,IMPS,49072.34,US
TXN0007252,ACCT001074,CUST001436,CASE002298,2023-06-29,NEFT,37357.07,GB
TXN0007253,ACCT004399,CUST003438,CASE000373,2023-12-03,UPI,10864.52,GB
TXN0007254,ACCT008403,CUST002299,CASE004442,2024-05-28,IMPS,28189.92,GB
TXN0007255,ACCT007612,CUST001080,CASE002502,2024-05-12,NEFT,6121.55,IN
TXN0007256,ACCT008341,CUST002060,CASE000012,2023-08-14,NEFT,26065.88,SG
TXN0007257,ACCT005938,CUST001268,CASE003184,2023-05-20,NEFT,62910.87,HK
TXN0007258,ACCT005555,CUST003586,CASE004266,2023-09-03,IMPS,11194.19,HK
TXN0007259,ACCT006702,CUST002178,CASE001742,2023-08-31,UPI,11222.7,US
TXN0007260,ACCT002132,CUST001635,CASE001638,2024-10-31,UPI,38768.89,GB
TXN0007261,ACCT003323,CUST002021,CASE003238,2023-05-27,UPI,47446.87,GB
TXN0007262,ACCT004965,CUST002071,CASE002452,2023-03-17,NEFT,86972.43,SG
TXN0007263,ACCT004695,CUST002336,CASE001151,2023-01-19,UPI,6806.42,HK
TXN0007264,ACCT003828,CUST005047,CASE001047,2024-03-27,NEFT,82111.96,IN
TXN0007265,ACCT005172,CUST000294,CASE002107,2024-01-29,NEFT,5973.5,GB
TXN0007266,ACCT004524,CUST003172,CASE000650,2024-03-13,UPI,25195.88,AE
TXN0007267,ACCT000207,CUST005405,CASE003665,2024-06-08,UPI,66400.02,IN
TXN0007268,ACCT000584,CUST004970,CASE002343,2023-02-07,NEFT,54240.93,HK
TXN0007269,ACCT006105,CUST002587,CASE001033,2024-05-03,UPI,110628.89,AE
TXN0007270,ACCT005780,CUST001139,CASE003778,2023-07-16,UPI,88543.35,HK
TXN0007271,ACCT002512,CUST002687,CASE003430,2024-12-13,NEFT,62841.26,SG
TXN0007272,ACCT004267,CUST001798,CASE003446,2024-11-15,IMPS,12568.14,HK
TXN0007273,ACCT000883,CUST005832,CASE000550,2023-02-07,IMPS,11167.83,IN
TXN0007274,ACCT006140,CUST005068,CASE001914,2024-08-26,IMPS,71247.99,US
TXN0007275,ACCT008659,CUST003612,CASE004552,2024-08-25,IMPS,62084.89,SG
TXN0007276,ACCT003373,CUST005585,CASE000588,2023-03-21,UPI,27244.05,GB
TXN0007277,ACCT005742,CUST002960,CASE003871,2023-03-25,NEFT,5335.79,US
TXN0007278,ACCT001326,CUST000180,CASE004137,2024-01-14,NEFT,65434.61,IN
TXN0007279,ACCT005889,CUST004944,CASE001139,2024-05-04,NEFT,49177.23,AE
TXN0007280,ACCT003366,CUST002991,CASE003793,2023-07-27,NEFT,16867.97,IN
TXN0007281,ACCT005965,CUST002821,CASE001449,2023-09-25,UPI,31173.01,IN
TXN0007282,ACCT000157,CUST000939,CASE000574,2023-07-20,UPI,8251.6,US
TXN0007283,ACCT004775,CUST005577,CASE003550,2024-05-24,IMPS,16116.15,US
TXN0007284,ACCT005558,CUST005413,CASE000034,2023-05-31,UPI,46790.26,US
TXN0007285,ACCT006832,CUST003558,CASE004826,2023-11-25,IMPS,11927.55,IN
TXN0007286,ACCT000886,CUST000142,CASE001780,2024-05-06,IMPS,12493.33,HK
TXN0007287,ACCT008296,CUST000309,CASE001942,2024-05-18,IMPS,6104.1,IN
TXN0007288,ACCT004507,CUST001854,CASE003226,2023-03-14,UPI,36808.25,GB
TXN0007289,ACCT000295,CUST002047,CASE001286,2024-12-03,IMPS,3625.86,US
TXN0007290,ACCT002111,CUST001093,CASE001916,2024-04-01,IMPS,183636.65,HK
TXN0007291,ACCT002196,CUST000470,CASE000834,2023-06-30,UPI,32153.62,SG
TXN0007292,ACCT008347,CUST000430,CASE004851,2023-06-28,IMPS,3316.04,US
TXN0007293,ACCT006456,CUST002373,CASE000147,2023-03-27,NEFT,50672.95,AE
TXN0007294,ACCT001961,CUST002985,CASE001574,2024-02-09,NEFT,6340.76,SG
TXN0007295,ACCT001131,CUST005721,CASE001530,2023-09-29,NEFT,83447.32,GB
TXN0007296,ACCT007017,CUST001287,CASE002310,2024-12-06,IMPS,105909.44,HK
TXN0007297,ACCT008602,CUST000176,CASE002434,2024-02-16,NEFT,22579.07,SG
TXN0007298,ACCT002041,CUST000156,CASE001775,2024-02-19,IMPS,55956.4,AE
TXN0007299,ACCT001974,CUST001590,CASE004536,2023-06-03,UPI,56550.45,US
TXN0007300,ACCT002585,CUST002663,CASE003748,2023-05-23,NEFT,18835.69,SG
TXN0007301,ACCT005017,CUST000730,CASE000406,2024-11-15,UPI,30349.93,SG
TXN0007302,ACCT005225,CUST005005,CASE002749,2023-01-21,IMPS,15219.26,GB
TXN0007303,ACCT004872,CUST004721,CASE002417,2023-10-01,IMPS,26185.65,IN
TXN0007304,ACCT003301,CUST004686,CASE000281,2023-02-01,NEFT,7000.61,AE
TXN0007305,ACCT004905,CUST000842,CASE003849,2024-06-07,IMPS,51536.8,IN
TXN0007306,ACCT007733,CUST002594,CASE002919,2024-03-14,NEFT,17733.24,GB
TXN0007307,ACCT003338,CUST003113,CASE002568,2023-01-01,UPI,11732.16,SG
TXN0007308,ACCT005601,CUST002071,CASE003029,2023-08-08,NEFT,20055.61,AE
TXN0007309,ACCT007636,CUST003714,CASE003249,2023-06-11,IMPS,36082.03,GB
TXN0007310,ACCT005658,CUST001101,CASE002245,2023-04-25,IMPS,7769.08,US
TXN0007311,ACCT007804,CUST004952,CASE004847,2024-12-13,UPI,87790.41,SG
TXN0007312,ACCT001198,CUST004685,CASE001984,2024-11-20,NEFT,9095.13,HK
TXN0007313,ACCT002658,CUST004351,CASE001178,2024-03-26,UPI,57207.17,SG
TXN0007314,ACCT008372,CUST003380,CASE000419,2024-11-01,UPI,89256.81,AE
TXN0007315,ACCT007938,CUST003606,CASE001934,2024-12-17,NEFT,13760.6,US
TXN0007316,ACCT007736,CUST005567,CASE000628,2024-05-30,IMPS,11294.97,AE
TXN0007317,ACCT008095,CUST005961,CASE004095,2024-03-22,NEFT,46841.64,US
TXN0007318,ACCT002135,CUST002541,CASE004986,2024-12-04,UPI,56930.8,AE
TXN0007319,ACCT004308,CUST005874,CASE004682,2023-01-05,UPI,22790.01,GB
TXN0007320,ACCT003993,CUST001872,CASE002459,2024-12-06,NEFT,14465.87,HK
TXN0007321,ACCT004670,CUST001632,CASE002688,2023-01-30,IMPS,71262.53,IN
TXN0007322,ACCT005464,CUST000327,CASE000498,2023-01-10,NEFT,36811.12,AE
TXN0007323,ACCT005409,CUST003821,CASE003779,2024-08-31,NEFT,29115.95,IN
TXN0007324,ACCT006312,CUST002387,CASE000477,2024-05-25,UPI,8759.03,US
TXN0007325,ACCT001623,CUST001743,CASE002977,2024-12-28,UPI,39893.72,AE
TXN0007326,ACCT007223,CUST002655,CASE003957,2024-11-19,NEFT,7301.36,GB
TXN0007327,ACCT004295,CUST000461,CASE002552,2024-04-22,NEFT,46205.46,HK
TXN0007328,ACCT007233,CUST003682,CASE000963,2023-06-14,NEFT,31697.15,SG
TXN0007329,ACCT004759,CUST002664,CASE001758,2023-02-19,NEFT,40902.55,GB
TXN0007330,ACCT003998,CUST002004,CASE003161,2024-02-08,UPI,139558.84,HK
TXN0007331,ACCT000026,CUST005746,CASE000861,2023-12-20,NEFT,68377.22,US
TXN0007332,ACCT008982,CUST002880,CASE004524,2024-09-01,NEFT,30061.98,GB
TXN0007333,ACCT008048,CUST003826,CASE004440,2024-12-21,IMPS,52171.04,US
TXN0007334,ACCT007534,CUST000845,CASE000426,2024-08-24,NEFT,8765.35,GB
TXN0007335,ACCT007195,CUST005653,CASE003878,2024-12-19,NEFT,97922.78,US
TXN0007336,ACCT006666,CUST000877,CASE002066,2023-09-03,IMPS,22534.47,IN
TXN0007337,ACCT003221,CUST000643,CASE001674,2024-07-22,UPI,6153.73,AE
TXN0007338,ACCT002689,CUST004384,CASE000177,2023-08-16,IMPS,49573.69,HK
TXN0007339,ACCT007016,CUST003223,CASE001970,2024-04-23,UPI,12651.48,HK
TXN0007340,ACCT001391,CUST003233,CASE000238,2023-03-05,NEFT,12320.85,AE
TXN0007341,ACCT008244,CUST001747,CASE004186,2023-11-10,NEFT,4696.33,GB
TXN0007342,ACCT000075,CUST003715,CASE001259,2023-08-31,IMPS,44995.54,US
TXN0007343,ACCT000894,CUST005440,CASE001321,2023-09-27,UPI,51958.16,AE
TXN0007344,ACCT007059,CUST004442,CASE003619,2024-08-31,NEFT,36668.28,HK
TXN0007345,ACCT002861,CUST003350,CASE003476,2023-12-30,IMPS,123099.37,AE
TXN0007346,ACCT006806,CUST000753,CASE002666,2023-04-09,UPI,17459.5,GB
TXN0007347,ACCT003608,CUST000253,CASE000334,2023-04-18,IMPS,84338.15,IN
TXN0007348,ACCT001453,CUST003036,CASE002003,2023-03-25,NEFT,8440.91,IN
TXN0007349,ACCT007867,CUST004383,CASE004600,2024-02-13,NEFT,40896.32,GB
TXN0007350,ACCT001003,CUST001424,CASE001116,2023-04-21,NEFT,61466.84,SG
TXN0007351,ACCT003258,CUST001264,CASE000780,2023-04-10,IMPS,13564.57,IN
TXN0007352,ACCT001269,CUST002937,CASE002725,2024-09-15,IMPS,28618.48,AE
TXN0007353,ACCT000772,CUST001035,CASE004724,2023-02-09,NEFT,92198.65,IN
TXN0007354,ACCT001096,CUST005683,CASE004184,2023-09-07,UPI,5268.17,SG
TXN0007355,ACCT002022,CUST000231,CASE002645,2023-02-19,NEFT,47010.6,IN
TXN0007356,ACCT004961,CUST003640,CASE002815,2024-10-03,UPI,2434.57,IN
TXN0007357,ACCT001243,CUST005888,CASE002716,2024-12-04,UPI,10975.56,IN
TXN0007358,ACCT008541,CUST005758,CASE001599,2023-12-30,IMPS,72632.44,US
TXN0007359,ACCT000901,CUST003486,CASE004829,2024-03-09,UPI,33685.13,IN
TXN0007360,ACCT003943,CUST000451,CASE002260,2024-04-11,UPI,20768.98,SG
TXN0007361,ACCT001816,CUST000560,CASE004408,2023-07-18,UPI,24321.05,US
TXN0007362,ACCT001981,CUST003129,CASE000346,2024-08-06,IMPS,121046.84,US
TXN0007363,ACCT005724,CUST004636,CASE002780,2024-02-24,IMPS,17149.19,US
TXN0007364,ACCT001072,CUST004721,CASE003417,2023-09-18,IMPS,18304.64,GB
TXN0007365,ACCT003029,CUST001676,CASE000459,2024-04-21,IMPS,57358.03,SG
TXN0007366,ACCT003002,CUST000423,CASE002523,2023-05-30,NEFT,139800.26,HK
TXN0007367,ACCT005532,CUST000139,CASE003966,2024-10-22,NEFT,4082.61,US
TXN0007368,ACCT003167,CUST003107,CASE003090,2023-11-24,NEFT,18290.27,SG
TXN0007369,ACCT000575,CUST002466,CASE004528,2024-12-30,NEFT,36808.68,IN
TXN0007370,ACCT001645,CUST005389,CASE000696,2023-09-30,IMPS,151276.07,HK
TXN0007371,ACCT000384,CUST005089,CASE003551,2023-10-08,IMPS,59459.05,AE
TXN0007372,ACCT007568,CUST002221,CASE003195,2024-10-22,UPI,35276.34,IN
TXN0007373,ACCT000553,CUST005435,CASE002048,2024-08-27,UPI,17187.86,IN
TXN0007374,ACCT007746,CUST003312,CASE004603,2024-07-24,NEFT,20263.45,HK
TXN0007375,ACCT008667,CUST005453,CASE003825,2023-02-20,NEFT,15030.17,US
TXN0007376,ACCT000347,CUST000562,CASE004599,2023-12-29,NEFT,45904.0,HK
TXN0007377,ACCT001908,CUST004875,CASE004266,2023-01-01,NEFT,13729.05,SG
TXN0007378,ACCT004021,CUST004113,CASE000498,2023-12-29,NEFT,31106.41,GB
TXN0007379,ACCT007189,CUST003780,CASE002505,2023-03-19,NEFT,45116.76,AE
TXN0007380,ACCT004296,CUST001906,CASE003276,2024-08-01,IMPS,15128.25,HK
TXN0007381,ACCT002860,CUST002352,CASE000785,2024-04-08,UPI,78445.62,US
TXN0007382,ACCT008558,CUST004315,CASE001911,2024-10-02,NEFT,53440.79,AE
TXN0007383,ACCT004577,CUST004814,CASE001477,2023-09-05,UPI,12548.49,US
TXN0007384,ACCT002609,CUST002446,CASE003719,2024-01-01,IMPS,54484.17,IN
TXN0007385,ACCT003117,CUST005051,CASE003372,2024-04-24,NEFT,18503.52,IN
TXN0007386,ACCT006428,CUST003581,CASE000955,2023-03-04,UPI,6853.35,AE
TXN0007387,ACCT008071,CUST000569,CASE004432,2023-02-22,IMPS,7563.54,HK
TXN0007388,ACCT007557,CUST000938,CASE004683,2024-10-20,NEFT,54736.63,AE
TXN0007389,ACCT000958,CUST002069,CASE002618,2024-01-02,IMPS,11246.38,US
TXN0007390,ACCT004896,CUST005544,CASE003397,2024-04-15,UPI,36552.14,AE
TXN0007391,ACCT005426,CUST005798,CASE003148,2024-08-21,NEFT,86842.66,GB
TXN0007392,ACCT006469,CUST001247,CASE000016,2024-11-17,IMPS,31186.01,HK
TXN0007393,ACCT008469,CUST005306,CASE003029,2024-09-24,UPI,33920.64,GB
TXN0007394,ACCT002563,CUST005739,CASE003729,2024-08-19,NEFT,12225.93,AE
TXN0007395,ACCT007538,CUST000185,CASE002156,2023-12-10,UPI,40655.75,IN
TXN0007396,ACCT000440,CUST005220,CASE000854,2024-09-30,IMPS,34154.66,HK
TXN0007397,ACCT007337,CUST003105,CASE003608,2024-01-23,UPI,11994.02,AE
TXN0007398,ACCT000528,CUST003575,CASE001595,2024-11-30,IMPS,7765.17,IN
TXN0007399,ACCT001899,CUST005437,CASE004317,2023-04-07,IMPS,19996.9,HK
TXN0007400,ACCT004624,CUST002548,CASE002601,2023-07-20,UPI,12174.58,IN
TXN0007401,ACCT002795,CUST004404,CASE002407,2023-07-12,UPI,41577.25,GB
TXN0007402,ACCT004436,CUST000254,CASE003100,2024-10-26,UPI,17080.18,SG
TXN0007403,ACCT000849,CUST001998,CASE000255,2023-03-18,IMPS,29916.64,IN
TXN0007404,ACCT007934,CUST003383,CASE004184,2024-02-04,NEFT,49717.45,AE
TXN0007405,ACCT007147,CUST004014,CASE001173,2024-10-03,UPI,6068.21,IN
TXN0007406,ACCT002367,CUST005255,CASE001422,2024-09-18,IMPS,63833.46,IN
TXN0007407,ACCT007926,CUST004321,CASE004034,2024-01-02,NEFT,7753.5,SG
TXN0007408,ACCT007577,CUST005024,CASE004914,2024-08-10,NEFT,64130.5,HK
TXN0007409,ACCT002306,CUST004710,CASE004877,2024-09-18,UPI,22211.43,HK
TXN0007410,ACCT006944,CUST003687,CASE004775,2023-12-15,NEFT,13816.28,SG
TXN0007411,ACCT002425,CUST002034,CASE000902,2024-05-06,UPI,4182.45,IN
TXN0007412,ACCT001285,CUST005597,CASE001869,2023-06-03,NEFT,28023.36,SG
TXN0007413,ACCT007513,CUST000805,CASE001615,2023-02-15,NEFT,31640.31,GB
TXN0007414,ACCT006715,CUST003157,CASE003355,2023-03-27,NEFT,2079.13,SG
TXN0007415,ACCT008309,CUST001931,CASE001966,2024-02-13,UPI,81164.55,HK
TXN0007416,ACCT006189,CUST001727,CASE003692,2023-02-22,IMPS,117348.03,IN
TXN0007417,ACCT002167,CUST000647,CASE003693,2024-06-19,IMPS,155832.95,SG
TXN0007418,ACCT008862,CUST002234,CASE003922,2023-06-02,NEFT,13030.22,US
TXN0007419,ACCT002615,CUST005655,CASE001616,2023-02-15,IMPS,37020.35,SG
TXN0007420,ACCT004477,CUST000795,CASE004240,2023-08-02,UPI,2941.11,US
TXN0007421,ACCT005487,CUST000675,CASE000463,2024-04-06,NEFT,24877.55,US
TXN0007422,ACCT007483,CUST002225,CASE003578,2024-01-15,UPI,33180.15,HK
TXN0007423,ACCT004047,CUST004848,CASE001595,2024-03-27,IMPS,80355.06,GB
TXN0007424,ACCT001123,CUST003622,CASE001324,2024-08-13,IMPS,23770.54,IN
TXN0007425,ACCT000157,CUST000939,CASE003218,2023-06-08,NEFT,25391.51,SG
TXN0007426,ACCT004750,CUST002316,CASE001083,2023-01-03,IMPS,81295.67,HK
TXN0007427,ACCT002929,CUST001780,CASE001093,2023-12-23,NEFT,165227.33,SG
TXN0007428,ACCT007292,CUST002005,CASE001795,2024-04-19,UPI,22296.37,SG
TXN0007429,ACCT008765,CUST003625,CASE000358,2024-05-14,IMPS,125096.62,IN
TXN0007430,ACCT003635,CUST000839,CASE003505,2024-07-08,UPI,12203.36,AE
TXN0007431,ACCT004278,CUST004847,CASE002573,2023-03-03,UPI,25378.0,HK
TXN0007432,ACCT001741,CUST000154,CASE001102,2024-08-22,UPI,15294.59,AE
TXN0007433,ACCT007471,CUST001360,CASE002130,2023-01-08,NEFT,7357.92,HK
TXN0007434,ACCT006934,CUST000447,CASE004438,2024-10-29,IMPS,38956.99,SG
TXN0007435,ACCT000533,CUST004724,CASE004746,2024-05-09,UPI,16775.74,IN
TXN0007436,ACCT001019,CUST005759,CASE003697,2023-07-27,IMPS,27991.98,AE
TXN0007437,ACCT006952,CUST004477,CASE000604,2023-11-19,IMPS,148146.48,AE
TXN0007438,ACCT001290,CUST001903,CASE003652,2024-04-17,IMPS,4074.67,HK
TXN0007439,ACCT004929,CUST003305,CASE001116,2023-10-01,IMPS,85477.15,IN
TXN0007440,ACCT004064,CUST005385,CASE004774,2024-04-27,NEFT,36731.76,HK
TXN0007441,ACCT008610,CUST002752,CASE000392,2024-11-07,NEFT,10556.43,AE
TXN0007442,ACCT008220,CUST003738,CASE001446,2023-12-17,NEFT,34074.79,AE
TXN0007443,ACCT000268,CUST005399,CASE000629,2024-08-21,UPI,20901.19,AE
TXN0007444,ACCT005996,CUST000525,CASE003333,2024-07-06,NEFT,40766.8,HK
TXN0007445,ACCT008510,CUST005083,CASE004052,2023-08-12,NEFT,19688.9,US
TXN0007446,ACCT003369,CUST001637,CASE004017,2024-01-09,IMPS,20229.64,AE
TXN0007447,ACCT002773,CUST005621,CASE004689,2023-12-17,IMPS,49776.29,SG
TXN0007448,ACCT005990,CUST000747,CASE004425,2024-08-13,NEFT,26937.5,SG
TXN0007449,ACCT007793,CUST005910,CASE002135,2024-06-17,IMPS,43858.68,IN
TXN0007450,ACCT002852,CUST002823,CASE003982,2024-01-07,UPI,52323.69,IN
TXN0007451,ACCT006312,CUST002387,CASE004596,2023-08-29,IMPS,12643.74,AE
TXN0007452,ACCT006202,CUST003862,CASE000091,2023-07-31,UPI,46016.09,SG
TXN0007453,ACCT002746,CUST003912,CASE002222,2024-12-30,IMPS,49489.62,HK
TXN0007454,ACCT001891,CUST002065,CASE000723,2023-01-29,UPI,91412.78,HK
TXN0007455,ACCT000699,CUST005698,CASE001485,2023-10-23,UPI,24789.03,SG
TXN0007456,ACCT002311,CUST000608,CASE003587,2024-05-07,NEFT,70856.27,HK
TXN0007457,ACCT007896,CUST005115,CASE004652,2023-04-09,UPI,9631.0,US
TXN0007458,ACCT008789,CUST002240,CASE002790,2023-03-20,NEFT,13935.98,US
TXN0007459,ACCT000840,CUST003569,CASE000960,2024-02-16,NEFT,80038.02,US
TXN0007460,ACCT005077,CUST000481,CASE002422,2023-08-03,UPI,29921.3,GB
TXN0007461,ACCT001889,CUST003167,CASE001904,2024-02-10,NEFT,10598.29,GB
TXN0007462,ACCT006576,CUST002913,CASE000878,2024-06-29,UPI,34293.18,HK
TXN0007463,ACCT003519,CUST000513,CASE000598,2024-01-16,IMPS,15167.7,IN
TXN0007464,ACCT006494,CUST005710,CASE003599,2024-10-21,IMPS,33955.24,AE
TXN0007465,ACCT006097,CUST002113,CASE000532,2023-04-10,NEFT,19722.02,HK
TXN0007466,ACCT004066,CUST005958,CASE002341,2023-09-24,UPI,5146.53,US
TXN0007467,ACCT008313,CUST000784,CASE003900,2023-01-16,NEFT,13563.12,SG
TXN0007468,ACCT002794,CUST003858,CASE000592,2024-06-26,UPI,72850.72,HK
TXN0007469,ACCT005999,CUST003038,CASE001951,2023-08-16,UPI,62021.26,SG
TXN0007470,ACCT007372,CUST002128,CASE003865,2023-08-13,UPI,46822.65,HK
TXN0007471,ACCT000392,CUST001086,CASE004267,2023-10-08,NEFT,31504.04,HK
TXN0007472,ACCT002215,CUST003001,CASE004868,2024-10-15,UPI,63081.39,IN
TXN0007473,ACCT002525,CUST005806,CASE000659,2024-06-06,NEFT,6045.13,GB
TXN0007474,ACCT008034,CUST000983,CASE004062,2024-09-10,NEFT,23537.38,SG
TXN0007475,ACCT003662,CUST002874,CASE002069,2023-05-08,IMPS,23364.67,AE
TXN0007476,ACCT002740,CUST000711,CASE001745,2024-01-13,NEFT,48432.19,SG
TXN0007477,ACCT006178,CUST001432,CASE001193,2024-04-05,UPI,11762.54,SG
TXN0007478,ACCT007885,CUST004618,CASE002348,2023-05-03,UPI,30188.2,HK
TXN0007479,ACCT002446,CUST004779,CASE002497,2024-05-13,UPI,36817.59,GB
TXN0007480,ACCT003868,CUST004055,CASE001777,2023-10-22,NEFT,21037.15,AE
TXN0007481,ACCT002231,CUST003007,CASE000822,2023-12-13,NEFT,32356.33,HK
TXN0007482,ACCT005799,CUST002706,CASE000587,2023-08-26,UPI,32291.61,HK
TXN0007483,ACCT003588,CUST002942,CASE000686,2024-09-23,NEFT,44782.69,GB
TXN0007484,ACCT008447,CUST004131,CASE001175,2024-07-31,NEFT,3625.66,SG
TXN0007485,ACCT002331,CUST001327,CASE004912,2024-09-23,UPI,7199.46,HK
TXN0007486,ACCT003710,CUST003999,CASE001126,2024-01-18,NEFT,4400.35,US
TXN0007487,ACCT008328,CUST005614,CASE001806,2023-01-25,UPI,28697.65,US
TXN0007488,ACCT008030,CUST004911,CASE000218,2024-03-01,NEFT,19580.27,US
TXN0007489,ACCT002887,CUST001825,CASE003013,2023-12-10,IMPS,38245.38,IN
TXN0007490,ACCT004516,CUST005474,CASE004867,2023-07-29,IMPS,6584.25,SG
TXN0007491,ACCT004655,CUST003305,CASE004919,2023-08-26,NEFT,53692.76,GB
TXN0007492,ACCT007591,CUST003494,CASE001542,2023-04-25,IMPS,6724.75,AE
TXN0007493,ACCT003787,CUST005571,CASE003975,2024-02-18,IMPS,32927.87,GB
TXN0007494,ACCT005784,CUST000632,CASE001794,2023-12-14,NEFT,114685.26,HK
TXN0007495,ACCT008870,CUST004339,CASE001605,2023-06-30,UPI,32014.33,IN
TXN0007496,ACCT001755,CUST000171,CASE003442,2023-06-17,IMPS,26048.28,SG
TXN0007497,ACCT005675,CUST004413,CASE003644,2024-07-30,NEFT,67861.21,SG
TXN0007498,ACCT007262,CUST003656,CASE003923,2024-01-07,IMPS,48670.25,IN
TXN0007499,ACCT005926,CUST004281,CASE001885,2024-02-24,NEFT,104496.29,AE
TXN0007500,ACCT003807,CUST002452,CASE003047,2023-05-10,IMPS,24675.39,SG
TXN0007501,ACCT000281,CUST003299,CASE002500,2023-09-18,UPI,25330.67,IN
TXN0007502,ACCT000902,CUST004509,CASE001909,2023-07-22,NEFT,39800.64,HK
TXN0007503,ACCT003155,CUST004629,CASE001050,2024-12-27,UPI,54846.03,AE
TXN0007504,ACCT000526,CUST005969,CASE004425,2023-06-27,IMPS,13919.78,AE
TXN0007505,ACCT002066,CUST000135,CASE003227,2024-09-12,UPI,81207.81,GB
TXN0007506,ACCT006781,CUST001818,CASE000136,2023-01-01,UPI,72138.99,US
TXN0007507,ACCT006770,CUST000002,CASE001871,2024-02-24,NEFT,26400.45,US
TXN0007508,ACCT008350,CUST001295,CASE000808,2023-11-30,IMPS,77466.98,US
TXN0007509,ACCT002770,CUST002514,CASE000708,2024-08-29,NEFT,33412.65,IN
TXN0007510,ACCT002109,CUST004767,CASE004310,2024-03-27,IMPS,4712.62,AE
TXN0007511,ACCT005241,CUST001010,CASE003632,2023-07-10,NEFT,21915.67,SG
TXN0007512,ACCT003120,CUST003997,CASE002375,2024-07-12,NEFT,53692.94,US
TXN0007513,ACCT006494,CUST005710,CASE000670,2024-05-27,NEFT,101465.69,AE
TXN0007514,ACCT000215,CUST001736,CASE001407,2024-08-29,IMPS,30591.14,AE
TXN0007515,ACCT006423,CUST004491,CASE003115,2024-05-28,UPI,10045.38,SG
TXN0007516,ACCT001817,CUST003842,CASE003157,2023-03-14,IMPS,45153.54,SG
TXN0007517,ACCT004131,CUST000983,CASE001572,2024-04-14,IMPS,19908.03,US
TXN0007518,ACCT006806,CUST000753,CASE003544,2024-01-02,NEFT,61773.67,US
TXN0007519,ACCT000308,CUST003979,CASE003731,2023-01-12,NEFT,22056.86,IN
TXN0007520,ACCT003070,CUST003112,CASE004328,2023-02-01,IMPS,29399.23,US
TXN0007521,ACCT008706,CUST001143,CASE000663,2023-05-28,NEFT,146827.22,AE
TXN0007522,ACCT004381,CUST005236,CASE000176,2023-04-02,UPI,64739.5,SG
TXN0007523,ACCT003485,CUST000896,CASE001816,2024-05-16,NEFT,76730.64,IN
TXN0007524,ACCT002638,CUST002838,CASE002232,2024-11-09,IMPS,44581.38,AE
TXN0007525,ACCT008240,CUST004719,CASE003534,2024-07-26,UPI,62355.94,IN
TXN0007526,ACCT001400,CUST002148,CASE001215,2024-04-27,NEFT,48699.16,GB
TXN0007527,ACCT003389,CUST002481,CASE000775,2023-02-23,UPI,82921.51,IN
TXN0007528,ACCT001596,CUST000700,CASE000386,2023-01-05,UPI,19408.1,GB
TXN0007529,ACCT008031,CUST005228,CASE000215,2024-03-13,IMPS,73200.44,SG
TXN0007530,ACCT002531,CUST002714,CASE003751,2023-12-06,NEFT,29105.94,GB
TXN0007531,ACCT006642,CUST004416,CASE000272,2024-10-02,NEFT,32167.79,IN
TXN0007532,ACCT005079,CUST000850,CASE002282,2023-03-01,UPI,70515.06,AE
TXN0007533,ACCT002204,CUST001311,CASE001953,2023-09-12,IMPS,38786.62,AE
TXN0007534,ACCT007748,CUST002410,CASE001464,2024-11-21,IMPS,15746.66,GB
TXN0007535,ACCT005671,CUST004970,CASE001607,2023-10-21,IMPS,108993.48,AE
TXN0007536,ACCT002088,CUST004310,CASE002239,2023-01-31,IMPS,26878.21,SG
TXN0007537,ACCT004252,CUST002302,CASE002347,2023-03-06,UPI,16445.33,GB
TXN0007538,ACCT003509,CUST003683,CASE003263,2024-09-12,UPI,11078.07,IN
TXN0007539,ACCT007148,CUST005635,CASE003142,2024-08-02,IMPS,6000.7,AE
TXN0007540,ACCT000508,CUST002877,CASE002590,2023-12-28,UPI,19512.58,HK
TXN0007541,ACCT006098,CUST000554,CASE001709,2024-02-17,IMPS,3946.99,US
TXN0007542,ACCT001949,CUST004893,CASE004206,2023-03-21,UPI,46289.36,US
TXN0007543,ACCT008934,CUST002803,CASE003619,2023-04-22,UPI,15921.83,US
TXN0007544,ACCT008514,CUST005527,CASE001902,2024-06-06,UPI,59539.65,GB
TXN0007545,ACCT005517,CUST000445,CASE001161,2023-04-16,IMPS,6736.9,GB
TXN0007546,ACCT002151,CUST003015,CASE001182,2024-12-06,IMPS,13308.98,HK
TXN0007547,ACCT004950,CUST000399,CASE002251,2023-04-05,UPI,12953.9,AE
TXN0007548,ACCT003151,CUST000648,CASE002765,2023-10-23,IMPS,6210.21,HK
TXN0007549,ACCT007406,CUST005223,CASE000885,2024-07-19,UPI,96169.02,GB
TXN0007550,ACCT002480,CUST004505,CASE002473,2024-01-13,UPI,16736.08,AE
TXN0007551,ACCT002044,CUST001225,CASE004396,2023-08-30,NEFT,251027.35,US
TXN0007552,ACCT003276,CUST001536,CASE004954,2024-07-01,UPI,157105.15,HK
TXN0007553,ACCT004281,CUST005739,CASE001229,2024-02-06,IMPS,23908.16,HK
TXN0007554,ACCT007791,CUST000129,CASE000842,2024-03-10,NEFT,35155.88,HK
TXN0007555,ACCT006950,CUST001736,CASE003078,2023-04-25,UPI,58456.92,GB
TXN0007556,ACCT005342,CUST005658,CASE003505,2023-11-27,IMPS,105665.55,US
TXN0007557,ACCT002583,CUST001699,CASE000329,2024-04-09,IMPS,12305.51,AE
TXN0007558,ACCT002623,CUST002241,CASE002276,2024-06-26,IMPS,12784.24,GB
TXN0007559,ACCT008926,CUST002853,CASE002568,2024-07-08,IMPS,13515.51,HK
TXN0007560,ACCT006211,CUST005741,CASE004576,2023-08-18,IMPS,21817.46,AE
TXN0007561,ACCT000670,CUST000635,CASE003166,2023-05-29,UPI,65559.68,US
TXN0007562,ACCT004050,CUST004478,CASE004279,2024-07-20,UPI,91079.22,IN
TXN0007563,ACCT003843,CUST002030,CASE000379,2024-06-08,UPI,7366.87,SG
TXN0007564,ACCT006874,CUST000404,CASE000545,2024-11-11,UPI,4839.31,GB
TXN0007565,ACCT008070,CUST003610,CASE003894,2024-09-21,IMPS,50932.46,AE
TXN0007566,ACCT006193,CUST002666,CASE000358,2024-03-20,IMPS,32663.94,IN
TXN0007567,ACCT002377,CUST004080,CASE001645,2023-01-30,UPI,16913.75,IN
TXN0007568,ACCT007960,CUST005781,CASE000229,2024-10-14,NEFT,62756.23,GB
TXN0007569,ACCT002133,CUST000344,CASE002017,2024-11-15,IMPS,71927.25,US
TXN0007570,ACCT008901,CUST003376,CASE002776,2024-10-26,UPI,15139.65,SG
TXN0007571,ACCT005547,CUST004120,CASE001006,2024-10-09,IMPS,5586.76,US
TXN0007572,ACCT002023,CUST002611,CASE004379,2023-06-05,IMPS,37766.58,SG
TXN0007573,ACCT004668,CUST002953,CASE003187,2024-02-26,NEFT,23824.51,HK
TXN0007574,ACCT006249,CUST000391,CASE000270,2023-12-03,NEFT,18990.54,GB
TXN0007575,ACCT006912,CUST002628,CASE001085,2023-11-06,UPI,24233.0,HK
TXN0007576,ACCT005231,CUST003745,CASE000305,2024-10-15,IMPS,72103.62,SG
TXN0007577,ACCT002692,CUST001435,CASE001930,2023-04-03,IMPS,37541.42,US
TXN0007578,ACCT007371,CUST002593,CASE000221,2024-01-18,NEFT,19728.31,IN
TXN0007579,ACCT008679,CUST003315,CASE003333,2024-12-09,IMPS,13459.76,GB
TXN0007580,ACCT003362,CUST002670,CASE001696,2024-01-04,NEFT,17738.17,US
TXN0007581,ACCT001920,CUST004313,CASE002434,2024-11-20,UPI,8918.11,GB
TXN0007582,ACCT003172,CUST005217,CASE001267,2023-02-06,IMPS,32236.69,IN
TXN0007583,ACCT003385,CUST005514,CASE000320,2023-02-13,IMPS,77449.93,GB
TXN0007584,ACCT008161,CUST003986,CASE003241,2023-07-11,IMPS,10929.0,HK
TXN0007585,ACCT008800,CUST002372,CASE004989,2023-03-12,UPI,17378.02,GB
TXN0007586,ACCT007246,CUST003118,CASE000116,2023-12-15,UPI,50318.61,SG
TXN0007587,ACCT006300,CUST005172,CASE004848,2023-02-04,UPI,108728.11,AE
TXN0007588,ACCT001062,CUST002052,CASE002198,2023-05-27,NEFT,12500.67,US
TXN0007589,ACCT001107,CUST002649,CASE001530,2023-10-10,UPI,21561.14,US
TXN0007590,ACCT007188,CUST002343,CASE002658,2024-05-24,IMPS,2319.88,SG
TXN0007591,ACCT005459,CUST001969,CASE002138,2024-11-15,IMPS,12977.96,GB
TXN0007592,ACCT005650,CUST002566,CASE000313,2024-05-07,NEFT,155755.02,HK
TXN0007593,ACCT006289,CUST000643,CASE000109,2023-11-19,UPI,7073.39,US
TXN0007594,ACCT001444,CUST003399,CASE001788,2024-12-08,UPI,27342.05,IN
TXN0007595,ACCT004021,CUST004113,CASE002645,2023-10-21,UPI,72030.45,AE
TXN0007596,ACCT008751,CUST003164,CASE001458,2024-06-01,IMPS,3719.17,GB
TXN0007597,ACCT006329,CUST005962,CASE004184,2023-07-27,IMPS,32019.78,IN
TXN0007598,ACCT006640,CUST000519,CASE000786,2023-08-01,NEFT,93831.48,SG
TXN0007599,ACCT002591,CUST001419,CASE000896,2024-03-04,IMPS,57188.87,SG
TXN0007600,ACCT006762,CUST001753,CASE003988,2024-05-21,IMPS,39101.04,GB
TXN0007601,ACCT004134,CUST005621,CASE000240,2024-05-22,IMPS,30869.7,HK
TXN0007602,ACCT000269,CUST003532,CASE000509,2023-04-19,UPI,70629.69,HK
TXN0007603,ACCT000503,CUST003265,CASE001358,2024-04-23,NEFT,43980.84,AE
TXN0007604,ACCT004351,CUST002413,CASE003357,2023-08-31,UPI,12124.23,HK
TXN0007605,ACCT005725,CUST005402,CASE000150,2023-01-26,IMPS,37491.03,GB
TXN0007606,ACCT000310,CUST001752,CASE003694,2024-06-11,UPI,19925.17,US
TXN0007607,ACCT007304,CUST002860,CASE000058,2024-09-10,IMPS,2134.84,GB
TXN0007608,ACCT005084,CUST005558,CASE002796,2023-01-23,NEFT,12005.3,HK
TXN0007609,ACCT001137,CUST001961,CASE002722,2023-12-05,IMPS,15627.14,HK
TXN0007610,ACCT005683,CUST004155,CASE003457,2024-10-19,UPI,61011.76,AE
TXN0007611,ACCT008224,CUST000524,CASE002252,2023-10-24,UPI,5261.27,AE
TXN0007612,ACCT002493,CUST001182,CASE003151,2023-08-16,NEFT,6859.52,US
TXN0007613,ACCT007974,CUST005595,CASE003459,2024-11-19,IMPS,15330.9,US
TXN0007614,ACCT001208,CUST005437,CASE002184,2023-01-17,NEFT,10685.68,GB
TXN0007615,ACCT006164,CUST003260,CASE000320,2024-06-16,IMPS,30623.6,IN
TXN0007616,ACCT002197,CUST000615,CASE000834,2024-04-19,UPI,24082.89,SG
TXN0007617,ACCT002038,CUST005041,CASE004998,2023-03-26,UPI,23749.41,IN
TXN0007618,ACCT005680,CUST005960,CASE002387,2024-12-28,NEFT,10457.36,IN
TXN0007619,ACCT003212,CUST004643,CASE001380,2024-05-06,NEFT,66994.26,HK
TXN0007620,ACCT003448,CUST004822,CASE002091,2024-06-18,UPI,21007.18,HK
TXN0007621,ACCT000451,CUST005661,CASE001312,2023-02-23,NEFT,45193.39,US
TXN0007622,ACCT005532,CUST000139,CASE004458,2024-04-02,UPI,2553.96,SG
TXN0007623,ACCT002683,CUST005292,CASE000997,2024-12-18,UPI,32335.8,IN
TXN0007624,ACCT005098,CUST003370,CASE002547,2023-03-03,UPI,36069.53,HK
TXN0007625,ACCT007408,CUST000093,CASE004682,2024-11-07,IMPS,48827.88,US
TXN0007626,ACCT008359,CUST004856,CASE001425,2024-09-06,UPI,6013.65,IN
TXN0007627,ACCT006206,CUST001507,CASE002803,2024-10-03,IMPS,46320.98,SG
TXN0007628,ACCT004006,CUST004530,CASE000628,2023-08-04,NEFT,24223.07,AE
TXN0007629,ACCT003425,CUST005285,CASE004182,2024-06-24,IMPS,19969.19,SG
TXN0007630,ACCT003308,CUST002203,CASE000657,2023-12-07,UPI,37060.87,SG
TXN0007631,ACCT008643,CUST005832,CASE003620,2024-10-09,IMPS,21920.47,AE
TXN0007632,ACCT000075,CUST003715,CASE000831,2023-05-10,NEFT,53006.89,US
TXN0007633,ACCT007964,CUST001190,CASE004458,2024-05-09,IMPS,6723.34,AE
TXN0007634,ACCT002422,CUST003147,CASE003092,2023-02-13,IMPS,3348.62,AE
TXN0007635,ACCT008353,CUST004219,CASE000283,2024-08-25,UPI,4865.47,HK
TXN0007636,ACCT003964,CUST002202,CASE003799,2023-03-23,NEFT,15519.19,SG
TXN0007637,ACCT000525,CUST002832,CASE004560,2023-04-27,IMPS,7710.58,US
TXN0007638,ACCT000304,CUST000765,CASE000458,2024-12-05,IMPS,46638.43,GB
TXN0007639,ACCT005477,CUST004214,CASE002291,2024-11-17,IMPS,12864.36,IN
TXN0007640,ACCT000823,CUST004016,CASE000677,2024-06-14,IMPS,47417.54,HK
TXN0007641,ACCT001126,CUST002188,CASE002602,2024-09-14,UPI,17305.72,AE
TXN0007642,ACCT005424,CUST002934,CASE003505,2024-06-11,UPI,8383.15,IN
TXN0007643,ACCT001206,CUST003124,CASE002286,2024-04-03,IMPS,30583.43,GB
TXN0007644,ACCT002821,CUST000953,CASE004642,2023-10-15,NEFT,66044.0,AE
TXN0007645,ACCT000845,CUST002012,CASE004967,2024-06-09,IMPS,30922.85,AE
TXN0007646,ACCT002569,CUST003431,CASE003836,2024-09-11,IMPS,40224.9,HK
TXN0007647,ACCT001671,CUST002793,CASE004387,2024-08-25,IMPS,16449.97,SG
TXN0007648,ACCT007592,CUST003211,CASE000167,2023-02-08,NEFT,35833.58,US
TXN0007649,ACCT002571,CUST003383,CASE003578,2023-06-29,IMPS,13534.56,HK
TXN0007650,ACCT005270,CUST003152,CASE000945,2024-11-29,NEFT,10812.18,US
TXN0007651,ACCT005505,CUST003566,CASE001564,2023-05-09,IMPS,11902.62,SG
TXN0007652,ACCT001134,CUST000237,CASE000589,2023-11-21,NEFT,20672.9,HK
TXN0007653,ACCT006304,CUST000585,CASE001885,2024-12-07,NEFT,45696.64,GB
TXN0007654,ACCT007823,CUST001940,CASE004829,2023-05-13,IMPS,10700.09,GB
TXN0007655,ACCT000466,CUST001721,CASE001795,2023-09-25,UPI,10209.47,IN
TXN0007656,ACCT002564,CUST000901,CASE000382,2023-10-07,NEFT,67776.12,IN
TXN0007657,ACCT001774,CUST001816,CASE001489,2024-10-31,NEFT,50916.87,GB
TXN0007658,ACCT004479,CUST001696,CASE000683,2023-03-14,IMPS,50435.04,IN
TXN0007659,ACCT000002,CUST000913,CASE003725,2024-12-06,IMPS,22459.48,HK
TXN0007660,ACCT001402,CUST003122,CASE002079,2023-03-13,NEFT,12971.57,GB
TXN0007661,ACCT005595,CUST004199,CASE004992,2024-01-05,NEFT,8641.8,HK
TXN0007662,ACCT003700,CUST003703,CASE002669,2023-08-23,NEFT,78358.1,GB
TXN0007663,ACCT004516,CUST005474,CASE003419,2024-12-22,NEFT,10754.57,HK
TXN0007664,ACCT002835,CUST003743,CASE001561,2024-06-11,NEFT,40841.89,HK
TXN0007665,ACCT003819,CUST005325,CASE002819,2023-12-28,UPI,18596.26,HK
TXN0007666,ACCT000587,CUST003810,CASE004409,2023-09-15,UPI,4933.09,GB
TXN0007667,ACCT000202,CUST003982,CASE001855,2024-11-13,IMPS,53683.4,AE
TXN0007668,ACCT006993,CUST001894,CASE002481,2023-11-15,UPI,20183.78,HK
TXN0007669,ACCT004330,CUST001118,CASE001820,2023-12-15,IMPS,28317.4,IN
TXN0007670,ACCT001010,CUST005648,CASE004577,2023-11-15,UPI,41344.34,US
TXN0007671,ACCT007266,CUST000964,CASE000581,2024-01-04,UPI,38055.92,SG
TXN0007672,ACCT008576,CUST003201,CASE000801,2023-10-17,UPI,47296.32,GB
TXN0007673,ACCT006643,CUST003175,CASE004060,2024-08-30,UPI,26978.77,US
TXN0007674,ACCT004099,CUST001071,CASE002735,2023-07-15,IMPS,38869.55,US
TXN0007675,ACCT006765,CUST002082,CASE004733,2024-10-31,NEFT,38146.22,AE
TXN0007676,ACCT007285,CUST003718,CASE001387,2023-07-18,IMPS,15305.11,US
TXN0007677,ACCT003102,CUST001127,CASE001133,2023-01-23,IMPS,86801.68,AE
TXN0007678,ACCT000531,CUST000948,CASE000599,2024-03-29,NEFT,23524.8,AE
TXN0007679,ACCT002656,CUST000416,CASE002564,2024-04-22,UPI,10635.87,IN
TXN0007680,ACCT001754,CUST003319,CASE002023,2024-10-13,UPI,18695.22,US
TXN0007681,ACCT004891,CUST000116,CASE004829,2024-05-29,IMPS,22407.46,IN
TXN0007682,ACCT001012,CUST003850,CASE003956,2023-04-05,UPI,18383.94,GB
TXN0007683,ACCT004264,CUST002184,CASE001660,2023-05-16,NEFT,10455.74,AE
TXN0007684,ACCT004846,CUST003385,CASE003496,2023-03-28,UPI,22443.15,GB
TXN0007685,ACCT007397,CUST000967,CASE002426,2024-09-15,NEFT,27754.38,US
TXN0007686,ACCT001048,CUST002492,CASE001829,2024-03-24,IMPS,60434.84,SG
TXN0007687,ACCT007492,CUST004302,CASE003868,2023-11-18,IMPS,61853.34,SG
TXN0007688,ACCT006378,CUST004418,CASE003784,2023-06-12,NEFT,23645.5,AE
TXN0007689,ACCT001933,CUST003984,CASE004800,2023-05-17,NEFT,34709.03,GB
TXN0007690,ACCT002234,CUST005322,CASE000456,2024-09-02,NEFT,3381.65,HK
TXN0007691,ACCT008405,CUST000911,CASE004093,2023-08-14,IMPS,4022.47,AE
TXN0007692,ACCT004933,CUST005957,CASE001563,2023-12-10,NEFT,47390.09,GB
TXN0007693,ACCT005985,CUST000427,CASE000716,2023-12-23,NEFT,24700.99,IN
TXN0007694,ACCT003525,CUST002671,CASE002569,2024-07-19,IMPS,33556.19,US
TXN0007695,ACCT006269,CUST000163,CASE002383,2023-09-06,IMPS,20312.66,SG
TXN0007696,ACCT003677,CUST001111,CASE000905,2023-05-08,UPI,35752.95,GB
TXN0007697,ACCT006121,CUST001463,CASE001521,2023-06-07,UPI,35259.64,AE
TXN0007698,ACCT003860,CUST004972,CASE002391,2024-07-05,NEFT,23483.75,HK
TXN0007699,ACCT000063,CUST001576,CASE003622,2023-10-27,IMPS,17698.91,SG
TXN0007700,ACCT000550,CUST002705,CASE004331,2023-08-12,UPI,17760.91,IN
TXN0007701,ACCT001782,CUST004178,CASE003959,2024-04-29,IMPS,71880.03,IN
TXN0007702,ACCT007998,CUST004260,CASE000667,2024-09-12,NEFT,160810.8,SG
TXN0007703,ACCT002617,CUST004006,CASE002941,2024-06-24,IMPS,13868.51,GB
TXN0007704,ACCT002657,CUST005488,CASE001675,2024-06-29,IMPS,60086.38,HK
TXN0007705,ACCT003914,CUST002274,CASE003259,2023-08-24,UPI,2424.86,AE
TXN0007706,ACCT002668,CUST000824,CASE004149,2023-10-28,UPI,44179.03,IN
TXN0007707,ACCT007478,CUST002526,CASE000216,2024-09-05,UPI,14495.22,HK
TXN0007708,ACCT003753,CUST001081,CASE004912,2023-03-11,IMPS,14493.04,GB
TXN0007709,ACCT006635,CUST002983,CASE003536,2024-03-25,UPI,12628.8,US
TXN0007710,ACCT007182,CUST000404,CASE003111,2023-10-23,UPI,39709.78,HK
TXN0007711,ACCT001550,CUST000539,CASE001424,2023-12-03,UPI,71663.24,HK
TXN0007712,ACCT005957,CUST001465,CASE001324,2023-02-12,UPI,41974.8,IN
TXN0007713,ACCT002262,CUST000720,CASE001152,2024-06-02,UPI,14352.93,IN
TXN0007714,ACCT005806,CUST001727,CASE000156,2024-09-13,NEFT,46926.02,US
TXN0007715,ACCT006605,CUST005711,CASE003513,2023-06-20,IMPS,25468.03,HK
TXN0007716,ACCT003332,CUST001110,CASE002121,2024-04-27,NEFT,55913.39,AE
TXN0007717,ACCT007067,CUST001658,CASE003666,2023-11-18,NEFT,16755.76,US
TXN0007718,ACCT004584,CUST004642,CASE000926,2023-08-22,IMPS,16823.49,AE
TXN0007719,ACCT000284,CUST000896,CASE004198,2023-04-09,UPI,34350.62,HK
TXN0007720,ACCT004079,CUST000360,CASE004115,2023-03-24,UPI,25275.17,HK
TXN0007721,ACCT007931,CUST004879,CASE004980,2024-06-20,NEFT,13099.19,GB
TXN0007722,ACCT002057,CUST003440,CASE001191,2024-09-11,NEFT,22878.65,GB
TXN0007723,ACCT005857,CUST005617,CASE004616,2023-06-16,UPI,25903.54,GB
TXN0007724,ACCT001257,CUST005192,CASE003439,2024-05-31,NEFT,77997.4,US
TXN0007725,ACCT006891,CUST004681,CASE000661,2023-04-02,UPI,86564.2,GB
TXN0007726,ACCT002190,CUST005955,CASE000543,2023-01-06,UPI,30037.86,GB
TXN0007727,ACCT002213,CUST001934,CASE002583,2023-04-28,NEFT,24832.66,HK
TXN0007728,ACCT005758,CUST004671,CASE001744,2024-03-16,NEFT,8688.92,HK
TXN0007729,ACCT007011,CUST002027,CASE003454,2024-12-29,UPI,4570.44,SG
TXN0007730,ACCT002654,CUST001961,CASE003626,2023-11-19,NEFT,82486.04,AE
TXN0007731,ACCT000455,CUST003025,CASE001656,2024-12-19,IMPS,36150.59,SG
TXN0007732,ACCT002242,CUST003171,CASE001961,2024-04-21,NEFT,83617.55,SG
TXN0007733,ACCT000613,CUST003893,CASE003327,2024-06-27,UPI,39948.2,AE
TXN0007734,ACCT007951,CUST003802,CASE002520,2023-07-21,IMPS,47791.25,US
TXN0007735,ACCT007115,CUST002944,CASE000965,2023-09-02,NEFT,24015.03,AE
TXN0007736,ACCT001305,CUST002831,CASE000364,2023-11-09,IMPS,51638.9,GB
TXN0007737,ACCT002515,CUST001332,CASE000964,2024-04-22,UPI,93494.08,AE
TXN0007738,ACCT005812,CUST001997,CASE000624,2024-04-11,UPI,24575.82,GB
TXN0007739,ACCT004268,CUST004717,CASE000480,2023-11-09,UPI,64424.73,HK
TXN0007740,ACCT005550,CUST005619,CASE003271,2023-01-01,NEFT,15257.85,AE
TXN0007741,ACCT002411,CUST002615,CASE000178,2023-06-26,UPI,109559.08,SG
TXN0007742,ACCT004816,CUST002750,CASE000083,2023-05-24,UPI,19956.51,AE
TXN0007743,ACCT007893,CUST000423,CASE002321,2024-06-28,IMPS,65178.9,IN
TXN0007744,ACCT006153,CUST003951,CASE004875,2023-12-18,UPI,36054.09,GB
TXN0007745,ACCT004242,CUST004116,CASE000446,2024-01-11,NEFT,9308.36,AE
TXN0007746,ACCT003501,CUST001527,CASE000353,2024-05-10,IMPS,26303.36,GB
TXN0007747,ACCT005379,CUST005813,CASE003381,2023-02-02,IMPS,9505.2,HK
TXN0007748,ACCT005006,CUST000323,CASE002607,2024-02-12,IMPS,22241.3,GB
TXN0007749,ACCT002149,CUST002239,CASE004059,2023-01-18,NEFT,21105.29,GB
TXN0007750,ACCT004477,CUST000795,CASE003030,2024-08-10,IMPS,6048.34,IN
TXN0007751,ACCT007436,CUST003888,CASE004735,2023-11-19,IMPS,40812.76,HK
TXN0007752,ACCT004058,CUST002838,CASE000984,2023-08-25,UPI,67852.53,US
TXN0007753,ACCT006460,CUST005061,CASE000506,2024-10-20,UPI,49554.24,SG
TXN0007754,ACCT003204,CUST001182,CASE000650,2023-08-14,IMPS,13832.97,US
TXN0007755,ACCT001223,CUST005919,CASE001131,2023-02-09,UPI,54555.55,AE
TXN0007756,ACCT006997,CUST000816,CASE004886,2023-11-24,NEFT,48962.54,US
TXN0007757,ACCT002570,CUST001241,CASE002278,2023-04-15,IMPS,17434.1,GB
TXN0007758,ACCT001594,CUST000550,CASE002475,2024-05-25,NEFT,1142.64,US
TXN0007759,ACCT000696,CUST003442,CASE002954,2024-07-01,NEFT,17098.42,GB
TXN0007760,ACCT006259,CUST000789,CASE000955,2023-11-13,IMPS,7445.8,GB
TXN0007761,ACCT001261,CUST001363,CASE002969,2023-10-24,NEFT,56423.07,HK
TXN0007762,ACCT004510,CUST000505,CASE004164,2024-12-05,UPI,68222.46,HK
TXN0007763,ACCT007024,CUST002477,CASE002526,2024-06-10,UPI,18051.32,HK
TXN0007764,ACCT001164,CUST001185,CASE000522,2024-03-14,IMPS,9907.86,AE
TXN0007765,ACCT000850,CUST003807,CASE003341,2024-02-24,UPI,69188.09,AE
TXN0007766,ACCT008531,CUST005811,CASE003946,2024-07-19,IMPS,51419.65,IN
TXN0007767,ACCT004616,CUST001947,CASE000687,2023-01-25,IMPS,9456.11,US
TXN0007768,ACCT001364,CUST002677,CASE004775,2023-02-19,NEFT,50824.64,SG
TXN0007769,ACCT003755,CUST002473,CASE002361,2024-05-03,UPI,8783.0,IN
TXN0007770,ACCT002697,CUST004059,CASE000372,2023-11-10,IMPS,16746.54,HK
TXN0007771,ACCT005350,CUST005048,CASE000356,2024-08-30,IMPS,48009.88,US
TXN0007772,ACCT000058,CUST002402,CASE002489,2024-03-01,NEFT,20941.22,IN
TXN0007773,ACCT001145,CUST000764,CASE000237,2023-04-03,NEFT,42059.15,IN
TXN0007774,ACCT005878,CUST003899,CASE000737,2024-08-30,UPI,23173.65,SG
TXN0007775,ACCT006054,CUST005949,CASE003654,2023-04-28,NEFT,60044.27,GB
TXN0007776,ACCT001494,CUST002272,CASE002932,2024-11-24,UPI,26886.73,AE
TXN0007777,ACCT008544,CUST002626,CASE003538,2023-11-12,IMPS,33849.86,US
TXN0007778,ACCT008371,CUST001943,CASE002067,2023-01-20,NEFT,7407.63,US
TXN0007779,ACCT005249,CUST000036,CASE000896,2023-01-22,IMPS,20195.93,GB
TXN0007780,ACCT008224,CUST000524,CASE002266,2024-07-23,IMPS,27307.03,IN
TXN0007781,ACCT003309,CUST002467,CASE000880,2024-09-25,UPI,78569.12,IN
TXN0007782,ACCT002091,CUST004159,CASE004576,2023-03-02,UPI,67937.06,US
TXN0007783,ACCT006653,CUST003358,CASE001436,2023-11-25,IMPS,19762.76,US
TXN0007784,ACCT005204,CUST005398,CASE004618,2024-12-16,IMPS,6218.09,GB
TXN0007785,ACCT007328,CUST001454,CASE004007,2024-10-27,UPI,17643.19,IN
TXN0007786,ACCT000931,CUST001864,CASE002374,2023-04-19,IMPS,16634.94,SG
TXN0007787,ACCT003160,CUST005604,CASE004434,2024-05-13,NEFT,173624.8,IN
TXN0007788,ACCT001527,CUST005039,CASE003367,2024-07-07,UPI,57321.73,AE
TXN0007789,ACCT004034,CUST000708,CASE003553,2024-08-31,NEFT,32309.11,IN
TXN0007790,ACCT003191,CUST000382,CASE000070,2023-09-09,UPI,14967.22,IN
TXN0007791,ACCT003336,CUST002722,CASE004685,2024-05-02,IMPS,51644.17,GB
TXN0007792,ACCT002431,CUST001556,CASE004200,2023-01-07,UPI,23702.1,HK
TXN0007793,ACCT000597,CUST002325,CASE002687,2024-07-10,NEFT,116533.08,HK
TXN0007794,ACCT001528,CUST000356,CASE003160,2024-09-02,IMPS,35933.54,AE
TXN0007795,ACCT003088,CUST005901,CASE003347,2023-11-20,IMPS,33738.14,GB
TXN0007796,ACCT001032,CUST001842,CASE003065,2023-12-21,IMPS,19713.45,US
TXN0007797,ACCT000113,CUST005882,CASE000238,2024-04-12,UPI,40552.16,US
TXN0007798,ACCT005127,CUST005438,CASE001763,2023-10-20,IMPS,82574.48,AE
TXN0007799,ACCT006649,CUST001263,CASE000797,2024-06-23,NEFT,2904.7,IN
TXN0007800,ACCT003815,CUST004346,CASE004172,2024-10-24,IMPS,11195.8,HK
TXN0007801,ACCT000549,CUST005442,CASE001329,2023-01-01,UPI,58349.75,SG
TXN0007802,ACCT006723,CUST001466,CASE003441,2023-11-22,IMPS,2717.7,US
TXN0007803,ACCT007304,CUST002860,CASE000464,2024-12-30,IMPS,11435.89,US
TXN0007804,ACCT000876,CUST003330,CASE004615,2023-12-31,UPI,43393.9,US
TXN0007805,ACCT007109,CUST001892,CASE004319,2023-05-17,UPI,35419.26,SG
TXN0007806,ACCT005756,CUST004741,CASE000295,2024-10-17,IMPS,12397.36,AE
TXN0007807,ACCT004231,CUST005168,CASE003597,2024-09-07,IMPS,4031.93,IN
TXN0007808,ACCT000820,CUST002796,CASE002808,2024-05-22,UPI,19722.72,HK
TXN0007809,ACCT000669,CUST003604,CASE002524,2023-06-26,NEFT,73193.45,US
TXN0007810,ACCT004602,CUST000307,CASE003071,2024-01-14,NEFT,12541.87,IN
TXN0007811,ACCT007039,CUST005382,CASE002762,2024-11-29,IMPS,65277.48,AE
TXN0007812,ACCT003016,CUST003928,CASE004771,2024-07-14,IMPS,98689.47,GB
TXN0007813,ACCT003809,CUST003136,CASE002981,2023-03-04,NEFT,9986.54,AE
TXN0007814,ACCT005834,CUST005895,CASE003272,2024-09-06,IMPS,16686.35,SG
TXN0007815,ACCT000807,CUST005606,CASE000212,2023-06-14,IMPS,112147.32,SG
TXN0007816,ACCT004833,CUST005197,CASE003030,2023-11-10,NEFT,28342.81,IN
TXN0007817,ACCT004521,CUST001864,CASE004572,2023-10-27,UPI,181873.02,AE
TXN0007818,ACCT007473,CUST004962,CASE002020,2023-11-12,IMPS,3018.46,US
TXN0007819,ACCT004059,CUST005210,CASE001212,2024-03-27,UPI,34139.61,GB
TXN0007820,ACCT002542,CUST003888,CASE000969,2023-03-12,UPI,12331.99,SG
TXN0007821,ACCT005767,CUST004233,CASE000923,2024-12-30,IMPS,17258.33,GB
TXN0007822,ACCT007922,CUST005741,CASE002804,2024-09-02,UPI,11068.99,AE
TXN0007823,ACCT001675,CUST005912,CASE001946,2024-08-02,IMPS,22584.32,HK
TXN0007824,ACCT000118,CUST003242,CASE003039,2024-01-01,UPI,2391.86,SG
TXN0007825,ACCT001642,CUST004561,CASE004658,2023-01-19,UPI,13589.31,US
TXN0007826,ACCT007019,CUST002841,CASE001594,2024-12-29,NEFT,27317.17,SG
TXN0007827,ACCT004833,CUST005197,CASE003870,2023-06-24,UPI,3237.21,SG
TXN0007828,ACCT007362,CUST000719,CASE004010,2023-07-13,IMPS,74098.29,IN
TXN0007829,ACCT006479,CUST003592,CASE001708,2023-04-17,UPI,8933.09,US
TXN0007830,ACCT005962,CUST002079,CASE000897,2023-01-23,IMPS,18830.8,AE
TXN0007831,ACCT001043,CUST002365,CASE001572,2023-07-25,IMPS,6665.81,US
TXN0007832,ACCT001292,CUST005226,CASE002006,2024-10-15,IMPS,31017.74,AE
TXN0007833,ACCT007813,CUST003152,CASE002058,2023-09-24,UPI,84992.61,AE
TXN0007834,ACCT002544,CUST005371,CASE001118,2024-03-17,IMPS,20913.26,HK
TXN0007835,ACCT001213,CUST001035,CASE002252,2023-01-08,NEFT,25486.23,IN
TXN0007836,ACCT001730,CUST004363,CASE004983,2024-02-07,NEFT,51570.4,GB
TXN0007837,ACCT007978,CUST005222,CASE002341,2023-04-12,UPI,4711.66,SG
TXN0007838,ACCT003153,CUST003327,CASE004688,2024-08-11,UPI,75796.3,GB
TXN0007839,ACCT002045,CUST004496,CASE002208,2024-09-19,IMPS,2684.12,GB
TXN0007840,ACCT000196,CUST000475,CASE001845,2024-03-26,NEFT,51283.21,GB
TXN0007841,ACCT006930,CUST001278,CASE003851,2023-12-15,NEFT,6001.28,AE
TXN0007842,ACCT001248,CUST000561,CASE002165,2023-03-09,NEFT,37435.36,GB
TXN0007843,ACCT007637,CUST003994,CASE000495,2024-09-09,IMPS,12905.15,SG
TXN0007844,ACCT004155,CUST003313,CASE001326,2023-03-12,NEFT,78328.43,AE
TXN0007845,ACCT002677,CUST003912,CASE001816,2024-03-28,IMPS,24495.36,AE
TXN0007846,ACCT007246,CUST003118,CASE002941,2024-05-07,IMPS,17771.09,IN
TXN0007847,ACCT003634,CUST003483,CASE003944,2024-11-28,NEFT,3139.35,HK
TXN0007848,ACCT004588,CUST000866,CASE001240,2024-07-05,UPI,17366.6,SG
TXN0007849,ACCT003265,CUST002955,CASE001480,2024-05-16,IMPS,53846.92,AE
TXN0007850,ACCT006738,CUST001478,CASE002094,2023-10-23,UPI,31509.98,AE
TXN0007851,ACCT005636,CUST002690,CASE003315,2023-10-07,IMPS,23745.81,AE
TXN0007852,ACCT006387,CUST004289,CASE002976,2023-09-24,IMPS,36175.94,SG
TXN0007853,ACCT005732,CUST003995,CASE004830,2023-09-20,NEFT,32640.3,IN
TXN0007854,ACCT008674,CUST001332,CASE003762,2024-12-24,UPI,32576.84,GB
TXN0007855,ACCT004130,CUST002171,CASE004546,2024-04-24,NEFT,62518.93,SG
TXN0007856,ACCT003467,CUST004269,CASE000576,2024-08-08,UPI,21360.99,AE
TXN0007857,ACCT000896,CUST003024,CASE000672,2023-04-23,UPI,16410.03,AE
TXN0007858,ACCT001716,CUST001675,CASE003707,2024-11-24,UPI,6159.32,HK
TXN0007859,ACCT002284,CUST001138,CASE003733,2024-08-13,UPI,12954.36,AE
TXN0007860,ACCT001637,CUST004596,CASE004925,2024-09-08,UPI,19183.9,US
TXN0007861,ACCT004072,CUST003440,CASE001158,2023-04-22,UPI,15780.66,GB
TXN0007862,ACCT008202,CUST000303,CASE002322,2023-02-12,UPI,47879.41,US
TXN0007863,ACCT008954,CUST000637,CASE000619,2024-05-22,NEFT,98883.47,IN
TXN0007864,ACCT005837,CUST002323,CASE002015,2023-08-15,NEFT,60717.45,US
TXN0007865,ACCT000870,CUST000084,CASE003364,2024-12-25,NEFT,39902.19,SG
TXN0007866,ACCT008505,CUST004444,CASE002033,2024-10-20,IMPS,12520.58,HK
TXN0007867,ACCT002551,CUST003936,CASE001728,2024-08-21,UPI,9259.7,HK
TXN0007868,ACCT004523,CUST000500,CASE002547,2023-09-29,NEFT,9533.3,HK
TXN0007869,ACCT005894,CUST003535,CASE004568,2023-10-09,UPI,5361.81,US
TXN0007870,ACCT005935,CUST003350,CASE003017,2024-12-01,IMPS,105058.89,HK
TXN0007871,ACCT001436,CUST003040,CASE000467,2024-05-28,UPI,51812.04,HK
TXN0007872,ACCT007810,CUST003475,CASE001528,2024-04-15,IMPS,26650.73,AE
TXN0007873,ACCT002120,CUST005697,CASE003424,2024-04-21,NEFT,29592.39,AE
TXN0007874,ACCT007408,CUST000093,CASE000093,2024-09-04,IMPS,22720.57,IN
TXN0007875,ACCT002217,CUST003137,CASE000375,2024-10-24,UPI,54634.17,HK
TXN0007876,ACCT005986,CUST001317,CASE003924,2023-05-05,NEFT,22948.71,AE
TXN0007877,ACCT005119,CUST005065,CASE000519,2024-04-05,IMPS,9391.63,HK
TXN0007878,ACCT008422,CUST003373,CASE003961,2024-01-01,NEFT,64729.44,AE
TXN0007879,ACCT004475,CUST003935,CASE003928,2023-06-30,IMPS,84429.67,GB
TXN0007880,ACCT006624,CUST002158,CASE001544,2024-12-06,IMPS,13673.79,HK
TXN0007881,ACCT003110,CUST004143,CASE003896,2024-09-26,NEFT,51570.51,AE
TXN0007882,ACCT000642,CUST003740,CASE004711,2023-12-11,IMPS,273921.91,US
TXN0007883,ACCT004111,CUST000612,CASE000723,2023-10-14,NEFT,56015.04,AE
TXN0007884,ACCT003165,CUST000766,CASE001429,2024-02-13,IMPS,19659.58,AE
TXN0007885,ACCT004454,CUST002174,CASE002508,2024-12-19,UPI,14226.32,IN
TXN0007886,ACCT007123,CUST005833,CASE001898,2023-04-20,IMPS,40716.69,HK
TXN0007887,ACCT005119,CUST005065,CASE003881,2023-07-30,UPI,32639.19,HK
TXN0007888,ACCT007212,CUST002650,CASE002258,2024-03-18,IMPS,8711.1,IN
TXN0007889,ACCT008213,CUST001070,CASE000044,2023-10-22,UPI,10976.91,US
TXN0007890,ACCT008616,CUST002674,CASE001582,2024-08-04,NEFT,40732.67,AE
TXN0007891,ACCT000323,CUST004553,CASE004316,2023-10-30,NEFT,63301.73,IN
TXN0007892,ACCT007796,CUST003578,CASE001886,2023-04-11,IMPS,70854.28,US
TXN0007893,ACCT001087,CUST002851,CASE002630,2023-09-07,IMPS,30635.51,IN
TXN0007894,ACCT000452,CUST001222,CASE003818,2024-02-27,UPI,18701.17,AE
TXN0007895,ACCT007793,CUST005910,CASE004247,2024-05-29,UPI,45385.81,HK
TXN0007896,ACCT000920,CUST001773,CASE000931,2023-04-14,UPI,17937.27,GB
TXN0007897,ACCT005550,CUST005619,CASE000326,2024-05-03,UPI,10462.16,AE
TXN0007898,ACCT002058,CUST005235,CASE003516,2024-02-12,IMPS,63700.34,HK
TXN0007899,ACCT004447,CUST001557,CASE004128,2023-10-26,NEFT,23297.03,GB
TXN0007900,ACCT008699,CUST003622,CASE004494,2023-07-07,UPI,20624.03,GB
TXN0007901,ACCT001871,CUST001301,CASE003551,2024-12-08,NEFT,33675.11,IN
TXN0007902,ACCT004810,CUST001049,CASE004236,2024-02-20,UPI,13954.42,IN
TXN0007903,ACCT006387,CUST004289,CASE000691,2024-10-19,UPI,11671.55,US
TXN0007904,ACCT001996,CUST005828,CASE001643,2024-03-14,UPI,70853.77,IN
TXN0007905,ACCT007320,CUST002330,CASE003188,2024-09-13,IMPS,32358.29,GB
TXN0007906,ACCT003348,CUST004942,CASE000628,2023-08-19,IMPS,10509.17,IN
TXN0007907,ACCT007467,CUST002779,CASE003699,2024-08-11,NEFT,16940.42,HK
TXN0007908,ACCT004212,CUST005073,CASE002621,2023-11-26,IMPS,43867.34,US
TXN0007909,ACCT008337,CUST002984,CASE003354,2024-11-23,UPI,11412.02,GB
TXN0007910,ACCT002376,CUST000249,CASE002333,2023-08-17,UPI,4519.63,GB
TXN0007911,ACCT001950,CUST003087,CASE001947,2023-11-20,IMPS,2445.66,AE
TXN0007912,ACCT003381,CUST002387,CASE004086,2023-07-03,NEFT,6849.47,AE
TXN0007913,ACCT000769,CUST005090,CASE002514,2023-12-18,UPI,15256.75,GB
TXN0007914,ACCT008050,CUST000621,CASE002083,2024-05-29,NEFT,19946.55,IN
TXN0007915,ACCT005862,CUST000564,CASE002681,2023-02-10,UPI,12915.97,SG
TXN0007916,ACCT002411,CUST002615,CASE001385,2023-01-07,NEFT,32533.97,GB
TXN0007917,ACCT000331,CUST000480,CASE000280,2024-05-17,IMPS,13536.36,US
TXN0007918,ACCT003219,CUST005647,CASE000018,2023-05-01,NEFT,2551.86,AE
TXN0007919,ACCT000886,CUST000142,CASE004072,2024-10-26,NEFT,58263.55,IN
TXN0007920,ACCT006709,CUST004256,CASE003300,2024-07-18,UPI,52382.32,IN
TXN0007921,ACCT002401,CUST002561,CASE004387,2024-09-17,NEFT,55648.41,GB
TXN0007922,ACCT002013,CUST000437,CASE000962,2023-05-28,UPI,24977.78,GB
TXN0007923,ACCT006910,CUST002854,CASE004921,2023-02-10,UPI,117357.99,AE
TXN0007924,ACCT006092,CUST003775,CASE000716,2024-11-24,UPI,28556.35,SG
TXN0007925,ACCT000353,CUST000983,CASE000409,2023-03-15,NEFT,9251.02,US
TXN0007926,ACCT000242,CUST005799,CASE003382,2023-05-05,UPI,22887.59,IN
TXN0007927,ACCT007648,CUST004952,CASE004201,2023-03-20,NEFT,45612.17,US
TXN0007928,ACCT004095,CUST004652,CASE003057,2023-06-20,UPI,35960.26,SG
TXN0007929,ACCT002254,CUST001640,CASE000699,2023-06-09,NEFT,27771.72,GB
TXN0007930,ACCT007823,CUST001940,CASE001456,2023-03-27,NEFT,11722.35,IN
TXN0007931,ACCT004494,CUST004458,CASE003538,2023-11-19,IMPS,20569.88,SG
TXN0007932,ACCT007176,CUST003241,CASE002085,2023-11-26,IMPS,24872.51,IN
TXN0007933,ACCT006696,CUST004572,CASE000526,2023-02-12,IMPS,43942.4,SG
TXN0007934,ACCT003069,CUST001885,CASE001000,2023-10-21,UPI,55205.97,SG
TXN0007935,ACCT001135,CUST005162,CASE002635,2023-10-30,NEFT,19645.68,SG
TXN0007936,ACCT008248,CUST002749,CASE002087,2023-01-20,UPI,27140.09,IN
TXN0007937,ACCT002083,CUST005475,CASE000794,2023-10-07,IMPS,126924.38,US
TXN0007938,ACCT005035,CUST003804,CASE000021,2023-07-12,IMPS,33140.09,US
TXN0007939,ACCT002494,CUST001631,CASE004982,2024-02-02,NEFT,21995.59,US
TXN0007940,ACCT003843,CUST002030,CASE001998,2023-06-23,NEFT,17508.49,GB
TXN0007941,ACCT006235,CUST001447,CASE004516,2024-10-14,IMPS,18992.72,US
TXN0007942,ACCT006073,CUST000593,CASE000544,2023-04-24,IMPS,58494.13,HK
TXN0007943,ACCT000984,CUST003691,CASE004101,2024-09-21,UPI,45229.58,US
TXN0007944,ACCT001496,CUST001065,CASE002869,2023-10-18,UPI,10675.34,AE
TXN0007945,ACCT004327,CUST002758,CASE003871,2024-11-10,UPI,99538.12,IN
TXN0007946,ACCT003344,CUST004870,CASE004553,2023-11-10,UPI,31870.16,US
TXN0007947,ACCT000438,CUST002733,CASE001486,2023-03-22,UPI,84776.62,IN
TXN0007948,ACCT002139,CUST003879,CASE000038,2023-02-08,UPI,10683.16,HK
TXN0007949,ACCT001940,CUST000829,CASE004682,2024-09-03,NEFT,55787.26,HK
TXN0007950,ACCT007728,CUST004735,CASE003848,2024-10-30,IMPS,7785.2,HK
TXN0007951,ACCT008377,CUST003859,CASE001593,2023-08-09,UPI,30554.42,IN
TXN0007952,ACCT007140,CUST005500,CASE002490,2024-04-06,NEFT,15545.27,US
TXN0007953,ACCT003857,CUST002472,CASE000242,2023-12-10,IMPS,14016.49,US
TXN0007954,ACCT005598,CUST001508,CASE004023,2024-11-20,IMPS,32074.92,HK
TXN0007955,ACCT001757,CUST001408,CASE004713,2023-11-15,IMPS,25686.14,GB
TXN0007956,ACCT006166,CUST004725,CASE002145,2023-04-29,UPI,35021.51,HK
TXN0007957,ACCT006331,CUST005424,CASE000825,2024-09-21,UPI,26721.13,SG
TXN0007958,ACCT008733,CUST005502,CASE001307,2024-03-31,UPI,44513.23,HK
TXN0007959,ACCT003313,CUST000519,CASE003529,2023-02-10,UPI,68864.34,AE
TXN0007960,ACCT000320,CUST003466,CASE000913,2023-04-15,NEFT,26625.24,SG
TXN0007961,ACCT002381,CUST005259,CASE000904,2024-08-18,IMPS,33370.17,IN
TXN0007962,ACCT001106,CUST002068,CASE001686,2023-12-12,NEFT,47290.7,GB
TXN0007963,ACCT002995,CUST000648,CASE001331,2023-03-18,IMPS,14362.65,SG
TXN0007964,ACCT006530,CUST005966,CASE000845,2024-04-22,UPI,17606.93,HK
TXN0007965,ACCT007301,CUST001215,CASE004179,2023-03-21,NEFT,19657.61,SG
TXN0007966,ACCT008752,CUST003055,CASE002369,2023-12-21,UPI,43768.04,AE
TXN0007967,ACCT001359,CUST002989,CASE003670,2024-03-02,NEFT,43324.42,GB
TXN0007968,ACCT003477,CUST000551,CASE004225,2024-04-25,IMPS,116475.17,GB
TXN0007969,ACCT007133,CUST001854,CASE004872,2024-06-15,IMPS,48211.57,HK
TXN0007970,ACCT000996,CUST005125,CASE002350,2024-07-09,IMPS,31183.23,AE
TXN0007971,ACCT002183,CUST003491,CASE003013,2024-04-26,UPI,24880.06,SG
TXN0007972,ACCT007793,CUST005910,CASE000285,2024-09-20,NEFT,35446.83,IN
TXN0007973,ACCT005262,CUST001052,CASE004300,2024-08-27,IMPS,87767.63,GB
TXN0007974,ACCT000856,CUST000236,CASE002016,2023-06-21,IMPS,10743.23,US
TXN0007975,ACCT002888,CUST000029,CASE003384,2024-02-23,UPI,46393.6,HK
TXN0007976,ACCT001297,CUST000077,CASE002067,2023-07-28,NEFT,82238.29,GB
TXN0007977,ACCT001263,CUST002454,CASE000883,2023-06-21,IMPS,6847.28,AE
TXN0007978,ACCT008089,CUST002122,CASE003278,2023-05-31,IMPS,44877.9,AE
TXN0007979,ACCT000847,CUST002285,CASE001240,2024-09-16,NEFT,20158.22,HK
TXN0007980,ACCT002049,CUST003468,CASE004643,2023-12-19,IMPS,2782.95,US
TXN0007981,ACCT007028,CUST000508,CASE000531,2023-10-11,IMPS,34211.41,HK
TXN0007982,ACCT003816,CUST004615,CASE002845,2023-04-14,IMPS,53769.13,GB
TXN0007983,ACCT005973,CUST005729,CASE002776,2024-05-06,NEFT,10501.62,HK
TXN0007984,ACCT006681,CUST000403,CASE000064,2023-03-28,UPI,33760.56,IN
TXN0007985,ACCT005861,CUST004839,CASE001998,2024-06-17,IMPS,26571.33,IN
TXN0007986,ACCT004130,CUST002171,CASE001632,2024-09-11,IMPS,33454.14,GB
TXN0007987,ACCT003342,CUST003528,CASE003682,2023-05-03,IMPS,62664.44,IN
TXN0007988,ACCT007790,CUST005312,CASE002884,2024-07-11,NEFT,21673.42,US
TXN0007989,ACCT002886,CUST005963,CASE002054,2023-06-01,UPI,40392.4,US
TXN0007990,ACCT002122,CUST005176,CASE000104,2023-04-27,NEFT,9944.29,IN
TXN0007991,ACCT007725,CUST002388,CASE004302,2023-11-04,UPI,82119.96,IN
TXN0007992,ACCT002002,CUST002235,CASE001989,2024-02-10,IMPS,26625.63,US
TXN0007993,ACCT003457,CUST003408,CASE002730,2023-05-29,IMPS,37850.73,HK
TXN0007994,ACCT001275,CUST003376,CASE001787,2023-08-10,NEFT,17133.79,US
TXN0007995,ACCT004307,CUST002792,CASE003801,2024-03-05,IMPS,8219.02,IN
TXN0007996,ACCT004124,CUST004391,CASE004481,2023-06-04,NEFT,51987.13,GB
TXN0007997,ACCT007559,CUST005104,CASE002677,2023-07-01,UPI,50292.57,IN
TXN0007998,ACCT005385,CUST001610,CASE001549,2023-11-18,NEFT,7693.98,AE
TXN0007999,ACCT004993,CUST000871,CASE004641,2024-06-08,UPI,37673.12,GB
TXN0008000,ACCT004004,CUST001467,CASE001721,2023-07-08,UPI,66640.08,HK
TXN0008001,ACCT008541,CUST005758,CASE002675,2024-06-03,UPI,22862.23,GB
TXN0008002,ACCT008592,CUST002402,CASE001324,2024-10-08,IMPS,40187.5,US
TXN0008003,ACCT008699,CUST003622,CASE002320,2024-08-03,NEFT,54489.65,US
TXN0008004,ACCT008786,CUST000055,CASE002868,2024-04-22,IMPS,32025.5,SG
TXN0008005,ACCT006727,CUST000865,CASE001499,2023-11-10,IMPS,2464.74,HK
TXN0008006,ACCT003259,CUST003113,CASE002401,2023-11-19,UPI,10325.33,HK
TXN0008007,ACCT000626,CUST001999,CASE001152,2024-01-07,NEFT,14510.49,US
TXN0008008,ACCT000735,CUST000223,CASE004993,2024-02-25,NEFT,10768.44,IN
TXN0008009,ACCT002309,CUST002598,CASE001758,2023-07-29,NEFT,5341.31,AE
TXN0008010,ACCT007461,CUST002718,CASE004181,2024-03-20,NEFT,20191.95,IN
TXN0008011,ACCT004165,CUST000098,CASE000073,2023-03-30,UPI,20043.98,AE
TXN0008012,ACCT007434,CUST005509,CASE000889,2024-12-12,UPI,70700.28,US
TXN0008013,ACCT001608,CUST005489,CASE002718,2024-03-14,NEFT,153166.8,HK
TXN0008014,ACCT007337,CUST003105,CASE001420,2023-01-16,UPI,36329.65,HK
TXN0008015,ACCT001141,CUST004513,CASE001492,2023-05-10,IMPS,40246.19,SG
TXN0008016,ACCT006021,CUST002343,CASE004620,2023-08-08,NEFT,5569.71,IN
TXN0008017,ACCT004084,CUST003052,CASE001806,2023-04-14,UPI,17014.93,GB
TXN0008018,ACCT008305,CUST002850,CASE000558,2024-04-23,IMPS,22533.66,US
TXN0008019,ACCT006633,CUST000154,CASE002528,2024-11-15,UPI,6271.18,IN
TXN0008020,ACCT005274,CUST002034,CASE003368,2024-08-19,UPI,8548.51,US
TXN0008021,ACCT005581,CUST000042,CASE001710,2024-05-09,NEFT,125270.85,GB
TXN0008022,ACCT006390,CUST004373,CASE002862,2023-02-27,NEFT,28339.62,AE
TXN0008023,ACCT005065,CUST003740,CASE002343,2023-06-22,IMPS,39412.19,US
TXN0008024,ACCT002994,CUST005298,CASE000412,2024-06-17,UPI,54385.7,HK
TXN0008025,ACCT003807,CUST002452,CASE001839,2023-11-12,IMPS,66553.54,US
TXN0008026,ACCT000433,CUST005197,CASE002462,2023-05-11,NEFT,12405.44,GB
TXN0008027,ACCT005282,CUST003382,CASE001080,2023-06-24,NEFT,42858.57,SG
TXN0008028,ACCT001282,CUST004993,CASE001494,2024-10-16,NEFT,8917.08,HK
TXN0008029,ACCT005200,CUST005865,CASE001322,2023-12-18,UPI,2303.4,GB
TXN0008030,ACCT002284,CUST001138,CASE004326,2024-12-01,UPI,14455.73,HK
TXN0008031,ACCT001830,CUST000309,CASE001580,2023-10-23,UPI,12729.64,US
TXN0008032,ACCT003105,CUST000557,CASE004153,2023-03-22,NEFT,7849.77,IN
TXN0008033,ACCT000478,CUST001451,CASE002628,2023-08-20,UPI,7460.57,IN
TXN0008034,ACCT003080,CUST005928,CASE001734,2024-12-30,IMPS,74582.4,SG
TXN0008035,ACCT005091,CUST000237,CASE001640,2024-08-06,UPI,25771.14,GB
TXN0008036,ACCT005540,CUST005066,CASE002540,2024-09-07,NEFT,25775.96,SG
TXN0008037,ACCT004863,CUST001449,CASE004662,2023-09-13,UPI,4084.42,HK
TXN0008038,ACCT008989,CUST002886,CASE001405,2023-03-06,UPI,8575.79,AE
TXN0008039,ACCT007951,CUST003802,CASE002499,2023-01-11,UPI,40665.5,HK
TXN0008040,ACCT005751,CUST005766,CASE001939,2023-11-12,UPI,24228.44,IN
TXN0008041,ACCT002941,CUST002627,CASE003319,2023-11-25,UPI,15731.82,SG
TXN0008042,ACCT002666,CUST005877,CASE000182,2023-02-09,UPI,1508.75,GB
TXN0008043,ACCT004736,CUST005548,CASE000079,2024-11-18,UPI,25533.57,SG
TXN0008044,ACCT002565,CUST001563,CASE000398,2024-01-25,IMPS,6826.02,IN
TXN0008045,ACCT003296,CUST003177,CASE000164,2023-04-18,IMPS,10193.24,US
TXN0008046,ACCT003884,CUST002994,CASE004325,2023-02-11,NEFT,14385.65,SG
TXN0008047,ACCT007254,CUST001185,CASE001853,2023-02-20,UPI,14420.96,AE
TXN0008048,ACCT006279,CUST005318,CASE001800,2024-05-28,IMPS,15682.61,IN
TXN0008049,ACCT000322,CUST005985,CASE001104,2023-04-01,NEFT,47684.95,IN
TXN0008050,ACCT008018,CUST005942,CASE001754,2023-09-23,NEFT,27054.39,GB
TXN0008051,ACCT005881,CUST000320,CASE003852,2024-05-15,UPI,125841.16,US
TXN0008052,ACCT006938,CUST002357,CASE001409,2024-02-09,UPI,25255.94,HK
TXN0008053,ACCT008108,CUST001242,CASE004672,2024-03-08,IMPS,32873.2,SG
TXN0008054,ACCT008514,CUST005527,CASE004119,2023-07-25,IMPS,19700.75,US
TXN0008055,ACCT000145,CUST004886,CASE003819,2023-10-01,IMPS,9113.47,HK
TXN0008056,ACCT005705,CUST003807,CASE001806,2024-10-19,IMPS,76766.99,GB
TXN0008057,ACCT001248,CUST000561,CASE004220,2024-09-17,NEFT,54446.06,IN
TXN0008058,ACCT005861,CUST004839,CASE000115,2023-11-28,UPI,55878.67,GB
TXN0008059,ACCT006838,CUST000094,CASE001723,2023-05-17,UPI,18363.86,US
TXN0008060,ACCT008686,CUST004475,CASE000472,2024-04-07,NEFT,6271.65,GB
TXN0008061,ACCT005033,CUST002426,CASE002722,2023-09-21,IMPS,145375.79,SG
TXN0008062,ACCT004733,CUST001788,CASE002747,2024-02-24,NEFT,19137.31,IN
TXN0008063,ACCT003231,CUST005029,CASE004697,2023-02-22,UPI,70418.77,AE
TXN0008064,ACCT000444,CUST004520,CASE004260,2024-03-07,UPI,57208.94,GB
TXN0008065,ACCT004890,CUST003057,CASE002335,2024-08-21,NEFT,3994.6,HK
TXN0008066,ACCT002569,CUST003431,CASE004510,2024-01-23,NEFT,70507.22,SG
TXN0008067,ACCT003614,CUST004405,CASE003206,2023-03-19,UPI,9843.37,AE
TXN0008068,ACCT004859,CUST000663,CASE003447,2024-11-15,NEFT,57248.77,US
TXN0008069,ACCT002337,CUST002327,CASE000783,2024-09-30,UPI,19290.18,SG
TXN0008070,ACCT004615,CUST005657,CASE001401,2024-12-11,IMPS,11109.91,GB
TXN0008071,ACCT005838,CUST000703,CASE004336,2023-10-02,IMPS,135700.73,AE
TXN0008072,ACCT005937,CUST000874,CASE002069,2024-12-07,IMPS,34163.83,IN
TXN0008073,ACCT003094,CUST000482,CASE002059,2024-05-12,IMPS,125006.88,AE
TXN0008074,ACCT002090,CUST004157,CASE000022,2023-04-13,NEFT,5139.03,AE
TXN0008075,ACCT002241,CUST004242,CASE003710,2024-08-22,UPI,18475.03,GB
TXN0008076,ACCT000136,CUST004043,CASE001131,2024-05-07,UPI,24582.92,US
TXN0008077,ACCT008218,CUST002518,CASE000485,2024-07-17,NEFT,38320.64,GB
TXN0008078,ACCT002966,CUST002612,CASE001139,2023-02-14,UPI,6508.87,IN
TXN0008079,ACCT006939,CUST000113,CASE002354,2024-08-09,UPI,36614.68,IN
TXN0008080,ACCT000397,CUST002335,CASE004061,2024-12-07,NEFT,6598.09,HK
TXN0008081,ACCT007570,CUST005771,CASE004501,2024-11-25,UPI,55200.93,HK
TXN0008082,ACCT003141,CUST004296,CASE002421,2023-06-09,IMPS,98404.67,AE
TXN0008083,ACCT001906,CUST003211,CASE003861,2023-09-17,NEFT,45425.57,AE
TXN0008084,ACCT002774,CUST004117,CASE002187,2024-05-31,NEFT,24952.83,GB
TXN0008085,ACCT003662,CUST002874,CASE002415,2023-03-11,NEFT,60014.74,AE
TXN0008086,ACCT003473,CUST005915,CASE000728,2024-02-20,NEFT,64963.7,US
TXN0008087,ACCT001354,CUST000323,CASE000852,2024-03-21,UPI,41872.8,HK
TXN0008088,ACCT004906,CUST003143,CASE003683,2024-06-29,IMPS,29101.43,SG
TXN0008089,ACCT003260,CUST005831,CASE000909,2024-11-21,UPI,41408.84,IN
TXN0008090,ACCT003285,CUST000735,CASE003099,2024-08-23,IMPS,65141.18,SG
TXN0008091,ACCT001291,CUST003778,CASE004021,2024-11-15,IMPS,14357.92,HK
TXN0008092,ACCT000811,CUST000337,CASE000582,2024-04-06,NEFT,34554.75,GB
TXN0008093,ACCT003670,CUST002398,CASE001998,2023-07-20,NEFT,24110.19,HK
TXN0008094,ACCT005364,CUST003126,CASE004893,2023-11-25,UPI,22109.7,HK
TXN0008095,ACCT002420,CUST000415,CASE000320,2024-04-11,UPI,35233.41,IN
TXN0008096,ACCT008884,CUST002467,CASE003973,2023-07-30,IMPS,47910.0,SG
TXN0008097,ACCT008455,CUST003707,CASE004549,2024-11-15,UPI,12608.87,IN
TXN0008098,ACCT008144,CUST003766,CASE002383,2024-09-25,IMPS,21793.62,US
TXN0008099,ACCT000366,CUST002592,CASE004309,2023-05-22,NEFT,19825.43,SG
TXN0008100,ACCT003324,CUST005906,CASE001629,2023-07-12,IMPS,38232.52,IN
TXN0008101,ACCT005420,CUST002468,CASE000411,2023-04-28,IMPS,14462.2,GB
TXN0008102,ACCT007571,CUST002321,CASE004943,2024-12-11,IMPS,10265.38,AE
TXN0008103,ACCT002002,CUST002235,CASE002782,2023-10-11,NEFT,18093.89,AE
TXN0008104,ACCT001660,CUST003284,CASE004928,2023-04-21,IMPS,17970.32,SG
TXN0008105,ACCT006389,CUST005240,CASE004403,2023-07-24,NEFT,33438.97,HK
TXN0008106,ACCT004620,CUST003052,CASE002393,2023-07-17,UPI,20649.03,US
TXN0008107,ACCT000940,CUST000373,CASE004792,2023-04-21,IMPS,18077.88,AE
TXN0008108,ACCT006706,CUST002490,CASE001723,2023-07-17,IMPS,29289.36,IN
TXN0008109,ACCT004115,CUST000893,CASE002526,2024-10-19,UPI,6273.81,SG
TXN0008110,ACCT008681,CUST001191,CASE003715,2023-02-24,UPI,19647.06,HK
TXN0008111,ACCT002771,CUST001309,CASE003556,2023-09-04,IMPS,31105.04,HK
TXN0008112,ACCT008804,CUST002474,CASE003763,2023-06-01,IMPS,24649.01,IN
TXN0008113,ACCT000382,CUST000077,CASE003345,2023-12-22,UPI,29539.58,SG
TXN0008114,ACCT005304,CUST005326,CASE001100,2023-11-28,UPI,50556.22,AE
TXN0008115,ACCT003305,CUST003119,CASE002403,2024-11-19,IMPS,174548.97,AE
TXN0008116,ACCT000756,CUST000159,CASE002936,2024-12-12,UPI,19026.3,HK
TXN0008117,ACCT007055,CUST002560,CASE001693,2023-09-29,IMPS,62524.96,SG
TXN0008118,ACCT003737,CUST002816,CASE003620,2023-07-30,NEFT,101219.06,GB
TXN0008119,ACCT006229,CUST003121,CASE004661,2023-11-05,UPI,5330.44,HK
TXN0008120,ACCT006683,CUST001809,CASE003502,2024-03-02,IMPS,23073.88,IN
TXN0008121,ACCT002979,CUST005797,CASE004044,2023-10-02,IMPS,28560.51,HK
TXN0008122,ACCT006719,CUST005382,CASE002070,2024-05-13,NEFT,53856.1,IN
TXN0008123,ACCT004138,CUST004943,CASE004902,2023-11-04,UPI,38558.34,AE
TXN0008124,ACCT005718,CUST004212,CASE001019,2024-04-13,NEFT,26400.28,IN
TXN0008125,ACCT005685,CUST000256,CASE001454,2023-09-24,IMPS,17784.22,US
TXN0008126,ACCT002307,CUST000605,CASE001553,2024-03-07,NEFT,40339.75,HK
TXN0008127,ACCT002356,CUST001403,CASE002182,2024-03-02,NEFT,1657.51,HK
TXN0008128,ACCT007694,CUST004884,CASE002783,2024-03-07,UPI,41613.42,GB
TXN0008129,ACCT000882,CUST005292,CASE001285,2023-12-27,NEFT,59829.69,GB
TXN0008130,ACCT006313,CUST005820,CASE000736,2024-11-05,NEFT,18420.62,AE
TXN0008131,ACCT005193,CUST004589,CASE003693,2024-06-19,UPI,23226.13,US
TXN0008132,ACCT005135,CUST000096,CASE000130,2024-09-27,IMPS,62242.32,IN
TXN0008133,ACCT001213,CUST001035,CASE001886,2024-01-19,IMPS,23699.2,HK
TXN0008134,ACCT008922,CUST000955,CASE002541,2024-06-09,UPI,8466.96,HK
TXN0008135,ACCT006811,CUST000633,CASE002319,2023-09-17,UPI,34340.62,US
TXN0008136,ACCT007827,CUST003366,CASE000027,2024-11-09,NEFT,23205.09,US
TXN0008137,ACCT001822,CUST004845,CASE000747,2023-10-04,UPI,15525.25,AE
TXN0008138,ACCT004334,CUST005237,CASE003379,2024-11-25,NEFT,26007.45,HK
TXN0008139,ACCT008567,CUST005087,CASE004356,2024-09-03,NEFT,9659.36,HK
TXN0008140,ACCT006248,CUST004652,CASE001634,2023-06-06,IMPS,12070.4,HK
TXN0008141,ACCT003720,CUST002935,CASE002471,2023-02-05,UPI,10609.95,HK
TXN0008142,ACCT006553,CUST000981,CASE003634,2023-03-08,UPI,40420.8,HK
TXN0008143,ACCT003124,CUST004520,CASE002161,2023-07-03,UPI,50573.28,IN
TXN0008144,ACCT004426,CUST001319,CASE003026,2023-05-08,UPI,13394.12,HK
TXN0008145,ACCT008781,CUST002748,CASE000468,2023-12-22,UPI,3162.05,US
TXN0008146,ACCT003232,CUST004880,CASE001266,2024-12-01,UPI,3302.46,IN
TXN0008147,ACCT008692,CUST003883,CASE003279,2023-09-22,IMPS,26188.98,HK
TXN0008148,ACCT000923,CUST005936,CASE004487,2024-01-04,IMPS,75280.2,HK
TXN0008149,ACCT000710,CUST004474,CASE000159,2024-09-03,UPI,5623.57,US
TXN0008150,ACCT007518,CUST005936,CASE000987,2023-08-02,UPI,109367.18,HK
TXN0008151,ACCT003214,CUST005547,CASE000073,2023-02-27,IMPS,12056.57,US
TXN0008152,ACCT003278,CUST003677,CASE001131,2023-10-16,UPI,42552.31,HK
TXN0008153,ACCT000359,CUST005074,CASE000307,2023-09-11,NEFT,28665.77,US
TXN0008154,ACCT008730,CUST004411,CASE002364,2024-09-02,UPI,16351.19,IN
TXN0008155,ACCT006301,CUST005017,CASE004906,2023-08-31,NEFT,4336.98,SG
TXN0008156,ACCT004307,CUST002792,CASE002947,2023-10-30,IMPS,7647.62,HK
TXN0008157,ACCT002726,CUST001526,CASE004443,2024-05-29,UPI,6473.76,AE
TXN0008158,ACCT005285,CUST004197,CASE002821,2024-07-01,IMPS,25084.54,AE
TXN0008159,ACCT008665,CUST005793,CASE002191,2023-09-12,UPI,28355.14,IN
TXN0008160,ACCT005683,CUST004155,CASE003291,2024-12-02,IMPS,85620.35,AE
TXN0008161,ACCT001625,CUST005380,CASE003793,2024-03-28,NEFT,31450.98,US
TXN0008162,ACCT006227,CUST004550,CASE004660,2024-02-03,IMPS,37194.33,HK
TXN0008163,ACCT007444,CUST004399,CASE002970,2024-06-18,IMPS,55897.01,HK
TXN0008164,ACCT008757,CUST002524,CASE002641,2024-07-21,UPI,33960.67,GB
TXN0008165,ACCT006686,CUST000581,CASE003121,2023-04-22,IMPS,72091.27,AE
TXN0008166,ACCT004983,CUST005741,CASE003102,2024-03-05,IMPS,7697.17,GB
TXN0008167,ACCT004407,CUST000831,CASE000953,2023-04-08,UPI,6909.19,GB
TXN0008168,ACCT001521,CUST004205,CASE003074,2024-09-13,IMPS,9641.28,SG
TXN0008169,ACCT002027,CUST002747,CASE000414,2023-04-24,UPI,12337.63,SG
TXN0008170,ACCT008757,CUST002524,CASE002647,2024-03-25,IMPS,29339.57,GB
TXN0008171,ACCT007808,CUST003723,CASE002838,2024-06-24,UPI,11867.38,AE
TXN0008172,ACCT006167,CUST001051,CASE004415,2023-12-14,NEFT,77157.15,AE
TXN0008173,ACCT007240,CUST005955,CASE003735,2023-12-05,UPI,6140.3,IN
TXN0008174,ACCT006520,CUST004270,CASE000660,2023-01-04,IMPS,46744.53,GB
TXN0008175,ACCT007724,CUST004353,CASE004414,2023-03-18,IMPS,73198.12,GB
TXN0008176,ACCT001002,CUST001965,CASE003083,2024-06-30,IMPS,32593.82,GB
TXN0008177,ACCT003892,CUST000554,CASE003533,2023-04-18,UPI,17404.0,HK
TXN0008178,ACCT003936,CUST002003,CASE000391,2023-09-22,NEFT,99603.13,IN
TXN0008179,ACCT007809,CUST004174,CASE001394,2023-02-24,UPI,26454.98,IN
TXN0008180,ACCT002322,CUST001058,CASE001984,2023-05-19,UPI,37536.13,IN
TXN0008181,ACCT008004,CUST004487,CASE004868,2024-06-09,NEFT,32249.25,AE
TXN0008182,ACCT008974,CUST000791,CASE002287,2023-12-16,NEFT,14950.18,IN
TXN0008183,ACCT005497,CUST005157,CASE003577,2023-07-09,IMPS,19535.75,US
TXN0008184,ACCT003035,CUST003119,CASE003518,2023-10-25,UPI,35510.56,AE
TXN0008185,ACCT004224,CUST003138,CASE003479,2024-07-19,NEFT,4992.25,HK
TXN0008186,ACCT003654,CUST003508,CASE003156,2023-08-04,IMPS,21325.11,HK
TXN0008187,ACCT003337,CUST005081,CASE000690,2024-12-20,NEFT,30175.15,AE
TXN0008188,ACCT002427,CUST002683,CASE001823,2023-01-08,UPI,6709.65,GB
TXN0008189,ACCT007741,CUST000732,CASE003360,2024-08-24,NEFT,27218.78,IN
TXN0008190,ACCT003203,CUST004809,CASE002010,2023-02-21,IMPS,11852.76,GB
TXN0008191,ACCT004079,CUST000360,CASE001783,2023-05-05,UPI,20994.67,AE
TXN0008192,ACCT008969,CUST000355,CASE002292,2024-04-04,NEFT,32174.36,GB
TXN0008193,ACCT007238,CUST005795,CASE002758,2024-06-18,UPI,32111.84,AE
TXN0008194,ACCT003952,CUST005747,CASE003600,2023-09-23,NEFT,34521.45,AE
TXN0008195,ACCT005703,CUST002384,CASE001841,2023-12-21,IMPS,8841.13,AE
TXN0008196,ACCT002179,CUST002511,CASE000132,2024-09-26,IMPS,5719.11,US
TXN0008197,ACCT000265,CUST001560,CASE003208,2023-07-06,UPI,25055.49,SG
TXN0008198,ACCT004778,CUST000209,CASE002696,2023-01-08,NEFT,100243.01,GB
TXN0008199,ACCT003717,CUST005201,CASE001839,2024-11-24,NEFT,5267.63,AE
TXN0008200,ACCT002189,CUST000347,CASE000107,2023-01-31,IMPS,123399.26,IN
TXN0008201,ACCT002858,CUST003868,CASE004369,2024-01-28,UPI,27738.26,US
TXN0008202,ACCT003637,CUST002028,CASE000511,2023-09-17,IMPS,10201.44,AE
TXN0008203,ACCT000856,CUST000236,CASE004714,2023-12-28,IMPS,7158.11,US
TXN0008204,ACCT001114,CUST003785,CASE000324,2023-11-14,IMPS,27355.79,HK
TXN0008205,ACCT000452,CUST001222,CASE000920,2023-11-04,IMPS,7579.6,GB
TXN0008206,ACCT008077,CUST005288,CASE003974,2023-04-18,IMPS,10043.46,AE
TXN0008207,ACCT003471,CUST000800,CASE003603,2023-12-04,UPI,28629.03,HK
TXN0008208,ACCT002444,CUST001973,CASE001626,2024-12-16,IMPS,17590.98,US
TXN0008209,ACCT006844,CUST004296,CASE000454,2024-04-07,NEFT,47847.69,HK
TXN0008210,ACCT003411,CUST004399,CASE000133,2023-04-08,NEFT,29709.09,GB
TXN0008211,ACCT008363,CUST001629,CASE004957,2023-11-05,UPI,12567.92,US
TXN0008212,ACCT002209,CUST003590,CASE004853,2024-01-23,NEFT,91291.17,GB
TXN0008213,ACCT006091,CUST005584,CASE000240,2023-08-23,NEFT,6067.05,SG
TXN0008214,ACCT006731,CUST005526,CASE001837,2023-01-18,NEFT,23102.12,SG
TXN0008215,ACCT002816,CUST001228,CASE002889,2023-09-04,IMPS,30954.99,AE
TXN0008216,ACCT008833,CUST000547,CASE000315,2023-07-08,IMPS,45224.87,AE
TXN0008217,ACCT006509,CUST000104,CASE002202,2024-09-23,UPI,39624.99,GB
TXN0008218,ACCT000332,CUST004745,CASE000797,2023-01-02,UPI,25744.63,US
TXN0008219,ACCT005597,CUST001319,CASE004569,2024-04-29,UPI,12293.63,GB
TXN0008220,ACCT007690,CUST004704,CASE001175,2023-07-30,IMPS,9924.83,HK
TXN0008221,ACCT001668,CUST003082,CASE000078,2023-09-30,IMPS,35425.36,SG
TXN0008222,ACCT004009,CUST003436,CASE004075,2023-03-02,IMPS,17297.27,GB
TXN0008223,ACCT002581,CUST001132,CASE002063,2024-01-21,NEFT,65485.57,HK
TXN0008224,ACCT004638,CUST004956,CASE000786,2023-09-10,NEFT,79601.36,US
TXN0008225,ACCT005176,CUST000745,CASE000735,2023-11-29,IMPS,39924.71,US
TXN0008226,ACCT008728,CUST000185,CASE003103,2024-06-13,IMPS,57825.12,AE
TXN0008227,ACCT001805,CUST003678,CASE004593,2024-09-08,UPI,4972.3,GB
TXN0008228,ACCT008380,CUST000446,CASE003961,2024-02-20,NEFT,14031.41,US
TXN0008229,ACCT004964,CUST004484,CASE001036,2024-11-09,NEFT,29756.82,HK
TXN0008230,ACCT003712,CUST004768,CASE004114,2024-02-08,UPI,2603.11,IN
TXN0008231,ACCT008673,CUST004423,CASE000313,2023-03-17,UPI,10922.13,GB
TXN0008232,ACCT002492,CUST002996,CASE001039,2023-01-31,UPI,13313.92,US
TXN0008233,ACCT008466,CUST002937,CASE004702,2023-05-06,IMPS,42412.79,GB
TXN0008234,ACCT008968,CUST002073,CASE002589,2024-01-07,NEFT,21088.86,AE
TXN0008235,ACCT004284,CUST004618,CASE004798,2024-05-25,IMPS,41299.03,HK
TXN0008236,ACCT008264,CUST000819,CASE000580,2023-01-29,NEFT,108778.06,HK
TXN0008237,ACCT001104,CUST000722,CASE000993,2024-05-20,UPI,12988.49,HK
TXN0008238,ACCT008646,CUST001494,CASE004263,2024-07-15,NEFT,71008.61,GB
TXN0008239,ACCT001416,CUST000518,CASE003298,2023-05-23,NEFT,45590.11,US
TXN0008240,ACCT008324,CUST000435,CASE001313,2024-08-10,IMPS,45917.69,AE
TXN0008241,ACCT003730,CUST002324,CASE003275,2023-08-25,IMPS,23036.07,IN
TXN0008242,ACCT001494,CUST002272,CASE002597,2024-07-20,NEFT,10201.49,SG
TXN0008243,ACCT006030,CUST001389,CASE000683,2024-06-12,UPI,35747.09,HK
TXN0008244,ACCT000172,CUST004101,CASE002535,2023-07-18,NEFT,41562.03,GB
TXN0008245,ACCT001165,CUST003143,CASE002111,2023-10-27,UPI,37515.54,SG
TXN0008246,ACCT001179,CUST002446,CASE001878,2023-02-27,UPI,53664.95,AE
TXN0008247,ACCT001552,CUST002253,CASE003877,2024-06-27,UPI,19309.61,IN
TXN0008248,ACCT004944,CUST000307,CASE000092,2023-11-02,IMPS,2497.5,IN
TXN0008249,ACCT007973,CUST004344,CASE003119,2023-02-18,IMPS,21304.29,US
TXN0008250,ACCT005762,CUST003101,CASE000465,2024-11-12,IMPS,15355.39,GB
TXN0008251,ACCT006961,CUST005725,CASE004516,2024-11-12,UPI,59322.49,GB
TXN0008252,ACCT004717,CUST001419,CASE001101,2023-03-22,IMPS,15505.04,US
TXN0008253,ACCT002808,CUST004622,CASE001310,2024-04-28,UPI,25589.26,US
TXN0008254,ACCT008918,CUST000934,CASE003544,2024-10-18,UPI,5557.41,SG
TXN0008255,ACCT007794,CUST003988,CASE002019,2023-07-29,NEFT,52205.2,AE
TXN0008256,ACCT005171,CUST003378,CASE002997,2023-08-22,IMPS,30169.84,US
TXN0008257,ACCT001779,CUST005188,CASE004760,2024-12-11,UPI,18239.84,US
TXN0008258,ACCT003249,CUST003114,CASE001533,2023-10-13,IMPS,95357.68,AE
TXN0008259,ACCT008984,CUST000744,CASE003255,2024-01-26,UPI,29684.59,US
TXN0008260,ACCT004142,CUST001216,CASE003543,2023-12-08,NEFT,30008.69,US
TXN0008261,ACCT002228,CUST004702,CASE003331,2024-05-17,IMPS,57795.85,US
TXN0008262,ACCT000525,CUST002832,CASE004674,2023-09-14,UPI,9644.32,HK
TXN0008263,ACCT005841,CUST004969,CASE002282,2023-03-14,UPI,34900.4,HK
TXN0008264,ACCT003075,CUST005363,CASE001239,2024-05-24,IMPS,19346.24,IN
TXN0008265,ACCT003557,CUST002502,CASE002336,2023-12-03,UPI,11050.37,GB
TXN0008266,ACCT004516,CUST005474,CASE004085,2024-05-02,IMPS,1388.07,AE
TXN0008267,ACCT005102,CUST002144,CASE004912,2024-06-02,IMPS,57666.22,US
TXN0008268,ACCT008754,CUST002332,CASE002337,2023-02-22,IMPS,9437.78,US
TXN0008269,ACCT004090,CUST001094,CASE001717,2023-06-22,NEFT,20558.3,US
TXN0008270,ACCT007072,CUST004292,CASE004036,2023-08-31,UPI,14773.5,IN
TXN0008271,ACCT005972,CUST003659,CASE004714,2024-05-26,IMPS,56572.31,SG
TXN0008272,ACCT004477,CUST000795,CASE003217,2023-10-10,NEFT,5426.88,IN
TXN0008273,ACCT004316,CUST001161,CASE003717,2024-11-24,NEFT,26038.96,SG
TXN0008274,ACCT001381,CUST000617,CASE001167,2023-03-22,IMPS,37699.39,HK
TXN0008275,ACCT004130,CUST002171,CASE002966,2024-10-21,IMPS,7533.4,AE
TXN0008276,ACCT003622,CUST000928,CASE003979,2023-12-26,UPI,25900.76,AE
TXN0008277,ACCT000967,CUST005624,CASE003529,2023-05-21,IMPS,54084.98,SG
TXN0008278,ACCT005527,CUST003696,CASE003294,2024-05-25,UPI,53421.1,US
TXN0008279,ACCT001253,CUST001864,CASE004997,2024-03-20,IMPS,8585.06,SG
TXN0008280,ACCT005656,CUST002267,CASE004863,2023-12-14,UPI,18712.08,IN
TXN0008281,ACCT008475,CUST001326,CASE004026,2023-09-01,IMPS,8839.44,IN
TXN0008282,ACCT000912,CUST005909,CASE001939,2024-02-16,NEFT,44551.64,GB
TXN0008283,ACCT000075,CUST003715,CASE000204,2023-11-21,NEFT,62278.27,SG
TXN0008284,ACCT006693,CUST005235,CASE002122,2024-12-15,UPI,129166.66,IN
TXN0008285,ACCT007414,CUST000556,CASE001319,2024-08-07,UPI,37734.04,HK
TXN0008286,ACCT001396,CUST003726,CASE001444,2024-09-08,NEFT,13735.5,HK
TXN0008287,ACCT004010,CUST001840,CASE004474,2024-07-22,UPI,112052.67,HK
TXN0008288,ACCT002825,CUST004778,CASE002068,2023-02-06,IMPS,69617.53,US
TXN0008289,ACCT008683,CUST002624,CASE000087,2024-11-02,IMPS,58437.26,SG
TXN0008290,ACCT003538,CUST003216,CASE003783,2023-03-13,NEFT,67931.25,HK
TXN0008291,ACCT003571,CUST001522,CASE001379,2024-08-10,IMPS,17853.44,GB
TXN0008292,ACCT007888,CUST005156,CASE001551,2024-05-12,NEFT,13171.45,HK
TXN0008293,ACCT008924,CUST000143,CASE002862,2023-07-29,UPI,13831.15,US
TXN0008294,ACCT001325,CUST002419,CASE000470,2024-06-22,UPI,88501.77,GB
TXN0008295,ACCT005432,CUST000559,CASE004684,2024-10-05,UPI,33367.07,GB
TXN0008296,ACCT006058,CUST002847,CASE003615,2023-11-29,UPI,120075.18,IN
TXN0008297,ACCT006125,CUST001791,CASE003820,2024-09-06,NEFT,97743.75,SG
TXN0008298,ACCT003129,CUST005917,CASE001772,2024-01-11,UPI,29694.98,AE
TXN0008299,ACCT008808,CUST004582,CASE004191,2023-10-20,IMPS,13333.13,GB
TXN0008300,ACCT003854,CUST005657,CASE000535,2024-10-16,UPI,11264.59,GB
TXN0008301,ACCT007861,CUST004418,CASE004469,2024-03-02,UPI,76517.11,IN
TXN0008302,ACCT004390,CUST000556,CASE003933,2023-06-07,UPI,65245.07,HK
TXN0008303,ACCT005877,CUST001454,CASE004446,2023-10-26,UPI,13813.41,AE
TXN0008304,ACCT005852,CUST005404,CASE002244,2024-10-22,NEFT,62519.96,US
TXN0008305,ACCT000530,CUST004190,CASE004301,2024-01-15,IMPS,21322.5,IN
TXN0008306,ACCT003433,CUST000808,CASE001904,2024-09-15,NEFT,37595.16,GB
TXN0008307,ACCT001714,CUST000449,CASE004094,2023-11-13,NEFT,69436.46,GB
TXN0008308,ACCT006512,CUST002040,CASE002043,2023-09-02,IMPS,20905.96,AE
TXN0008309,ACCT005835,CUST005964,CASE001363,2023-07-11,IMPS,82430.57,US
TXN0008310,ACCT002711,CUST004296,CASE004756,2023-01-07,IMPS,35866.08,HK
TXN0008311,ACCT008178,CUST002521,CASE002559,2023-07-03,IMPS,24157.3,AE
TXN0008312,ACCT008286,CUST001173,CASE000320,2023-12-16,UPI,67968.09,GB
TXN0008313,ACCT002293,CUST004520,CASE000438,2024-02-23,IMPS,24652.53,GB
TXN0008314,ACCT004248,CUST002613,CASE001159,2023-10-28,UPI,53738.62,GB
TXN0008315,ACCT000313,CUST001349,CASE000584,2024-09-24,IMPS,22379.82,AE
TXN0008316,ACCT001192,CUST003091,CASE000746,2024-03-31,NEFT,67777.72,GB
TXN0008317,ACCT002880,CUST000972,CASE003658,2024-05-22,NEFT,4684.25,AE
TXN0008318,ACCT001703,CUST005556,CASE004727,2023-04-04,NEFT,64778.22,SG
TXN0008319,ACCT002443,CUST003746,CASE000849,2024-06-07,NEFT,3812.6,IN
TXN0008320,ACCT008710,CUST002524,CASE001451,2024-01-27,NEFT,16600.4,IN
TXN0008321,ACCT002968,CUST003411,CASE001364,2023-09-09,UPI,72364.09,IN
TXN0008322,ACCT008945,CUST001857,CASE001280,2024-12-28,NEFT,7095.96,SG
TXN0008323,ACCT002529,CUST000137,CASE002438,2024-03-02,UPI,87795.99,GB
TXN0008324,ACCT003792,CUST002815,CASE001840,2024-07-13,NEFT,21422.03,IN
TXN0008325,ACCT008532,CUST001678,CASE003955,2023-09-06,IMPS,75595.34,AE
TXN0008326,ACCT008515,CUST002982,CASE004528,2023-11-20,UPI,8163.53,SG
TXN0008327,ACCT005922,CUST000045,CASE002835,2023-05-22,UPI,33172.67,SG
TXN0008328,ACCT000114,CUST002578,CASE002681,2023-12-02,UPI,18752.68,HK
TXN0008329,ACCT001643,CUST000216,CASE004927,2024-05-01,IMPS,8070.75,US
TXN0008330,ACCT005973,CUST005729,CASE001491,2023-12-16,UPI,39127.5,GB
TXN0008331,ACCT007155,CUST004981,CASE002320,2024-03-25,UPI,25950.33,GB
TXN0008332,ACCT006753,CUST003378,CASE003416,2024-02-23,UPI,110452.38,IN
TXN0008333,ACCT007211,CUST003388,CASE000208,2023-12-18,UPI,13119.13,GB
TXN0008334,ACCT007275,CUST004085,CASE003146,2024-06-05,NEFT,4904.06,HK
TXN0008335,ACCT004131,CUST000983,CASE002457,2023-03-19,UPI,10060.73,HK
TXN0008336,ACCT006989,CUST000157,CASE002996,2024-04-09,NEFT,14577.39,AE
TXN0008337,ACCT005643,CUST004634,CASE001195,2023-12-11,UPI,21386.6,SG
TXN0008338,ACCT000876,CUST003330,CASE001267,2024-01-04,NEFT,25629.18,IN
TXN0008339,ACCT005687,CUST004743,CASE003720,2023-05-24,UPI,28053.2,IN
TXN0008340,ACCT008726,CUST002277,CASE004225,2024-05-09,UPI,63807.72,US
TXN0008341,ACCT001153,CUST005871,CASE000846,2024-10-15,NEFT,49065.28,IN
TXN0008342,ACCT004696,CUST000225,CASE000492,2024-02-11,NEFT,58214.06,US
TXN0008343,ACCT006589,CUST003594,CASE000451,2024-07-19,UPI,50254.44,HK
TXN0008344,ACCT007439,CUST001113,CASE003734,2023-05-05,UPI,49610.5,US
TXN0008345,ACCT000147,CUST003153,CASE002493,2024-01-19,IMPS,21890.02,US
TXN0008346,ACCT001152,CUST004083,CASE000550,2023-06-05,NEFT,8820.97,HK
TXN0008347,ACCT007059,CUST004442,CASE003477,2023-04-08,IMPS,35467.08,AE
TXN0008348,ACCT003471,CUST000800,CASE000776,2024-02-29,UPI,31448.03,AE
TXN0008349,ACCT005189,CUST000445,CASE003568,2024-11-25,NEFT,14330.56,SG
TXN0008350,ACCT007493,CUST002477,CASE004524,2023-04-23,IMPS,21182.04,IN
TXN0008351,ACCT008261,CUST004768,CASE003801,2023-03-30,NEFT,4575.69,HK
TXN0008352,ACCT003030,CUST003250,CASE004001,2023-01-29,NEFT,40325.45,IN
TXN0008353,ACCT004742,CUST000061,CASE003964,2024-03-08,UPI,70227.54,IN
TXN0008354,ACCT006670,CUST000261,CASE003441,2024-02-08,UPI,30512.19,IN
TXN0008355,ACCT004188,CUST001004,CASE001821,2024-03-31,UPI,44581.92,HK
TXN0008356,ACCT003279,CUST004563,CASE001371,2024-02-07,UPI,108512.06,US
TXN0008357,ACCT008367,CUST000903,CASE003980,2023-06-15,UPI,27932.97,AE
TXN0008358,ACCT000694,CUST000511,CASE003457,2024-12-06,IMPS,185969.02,HK
TXN0008359,ACCT007911,CUST000117,CASE001719,2024-04-29,UPI,24953.79,HK
TXN0008360,ACCT006356,CUST001879,CASE001418,2023-07-08,UPI,59277.19,HK
TXN0008361,ACCT004943,CUST005330,CASE001941,2023-06-29,IMPS,8392.88,US
TXN0008362,ACCT007249,CUST002746,CASE000114,2023-09-24,UPI,33359.82,US
TXN0008363,ACCT003146,CUST004313,CASE000303,2024-08-14,IMPS,31895.32,IN
TXN0008364,ACCT004801,CUST004156,CASE000621,2024-12-14,IMPS,21460.89,IN
TXN0008365,ACCT008845,CUST000980,CASE003999,2024-11-24,NEFT,11695.54,IN
TXN0008366,ACCT003946,CUST005391,CASE004143,2024-10-08,NEFT,16142.04,US
TXN0008367,ACCT001055,CUST003587,CASE001600,2023-01-31,IMPS,44128.65,HK
TXN0008368,ACCT004387,CUST001718,CASE003575,2023-12-15,IMPS,3322.93,GB
TXN0008369,ACCT004052,CUST001234,CASE001068,2024-02-21,UPI,54422.99,HK
TXN0008370,ACCT005433,CUST004139,CASE001287,2024-07-04,IMPS,9578.3,HK
TXN0008371,ACCT007221,CUST000739,CASE003701,2023-08-24,NEFT,51471.0,US
TXN0008372,ACCT003048,CUST003847,CASE000428,2024-06-04,IMPS,5203.29,IN
TXN0008373,ACCT002472,CUST001595,CASE002578,2023-10-19,NEFT,24954.13,HK
TXN0008374,ACCT006274,CUST004961,CASE000585,2024-01-04,UPI,51977.68,US
TXN0008375,ACCT003291,CUST002658,CASE004525,2024-11-04,UPI,25498.83,HK
TXN0008376,ACCT001816,CUST000560,CASE000900,2023-02-11,IMPS,87989.9,HK
TXN0008377,ACCT000812,CUST002845,CASE001778,2023-12-08,NEFT,3174.2,SG
TXN0008378,ACCT002672,CUST004509,CASE003507,2024-03-04,UPI,19511.99,US
TXN0008379,ACCT004509,CUST004623,CASE004456,2024-09-15,UPI,67254.11,SG
TXN0008380,ACCT005156,CUST000646,CASE003805,2023-05-07,IMPS,4388.92,AE
TXN0008381,ACCT004561,CUST002113,CASE001662,2024-11-03,NEFT,12982.29,US
TXN0008382,ACCT007336,CUST003020,CASE004244,2023-01-27,NEFT,18382.0,AE
TXN0008383,ACCT002752,CUST001930,CASE001475,2024-04-19,IMPS,29038.04,SG
TXN0008384,ACCT006245,CUST002458,CASE003109,2024-06-01,IMPS,39499.88,HK
TXN0008385,ACCT000419,CUST002309,CASE004310,2023-11-09,UPI,53275.77,HK
TXN0008386,ACCT005798,CUST003397,CASE000239,2023-09-26,UPI,92731.75,AE
TXN0008387,ACCT005308,CUST005688,CASE004456,2024-03-05,IMPS,6045.64,GB
TXN0008388,ACCT000916,CUST004390,CASE002913,2023-11-07,IMPS,13525.12,HK
TXN0008389,ACCT007923,CUST001935,CASE000860,2024-09-11,NEFT,13011.24,AE
TXN0008390,ACCT007149,CUST002662,CASE001752,2024-02-22,UPI,33866.58,US
TXN0008391,ACCT000564,CUST002423,CASE004989,2023-11-27,NEFT,6110.2,US
TXN0008392,ACCT003834,CUST001147,CASE001998,2023-04-18,NEFT,28594.09,HK
TXN0008393,ACCT001869,CUST004283,CASE004092,2024-06-11,NEFT,13659.06,GB
TXN0008394,ACCT008640,CUST001363,CASE004723,2024-10-05,UPI,46990.12,IN
TXN0008395,ACCT006282,CUST002332,CASE000903,2023-01-06,NEFT,6955.55,HK
TXN0008396,ACCT005415,CUST004890,CASE002211,2024-02-27,IMPS,125192.56,HK
TXN0008397,ACCT003017,CUST001712,CASE000262,2023-06-04,IMPS,6162.71,IN
TXN0008398,ACCT003404,CUST004151,CASE003972,2023-12-16,NEFT,6481.06,IN
TXN0008399,ACCT003051,CUST003037,CASE002684,2024-05-27,UPI,30568.67,GB
TXN0008400,ACCT005978,CUST003282,CASE004453,2024-11-19,NEFT,26281.31,HK
TXN0008401,ACCT008668,CUST002597,CASE001534,2024-05-21,UPI,10398.48,US
TXN0008402,ACCT004318,CUST004312,CASE002170,2023-04-12,UPI,18209.96,AE
TXN0008403,ACCT003225,CUST000801,CASE001726,2023-05-13,NEFT,105167.17,AE
TXN0008404,ACCT001373,CUST002233,CASE000060,2023-08-23,NEFT,45462.32,AE
TXN0008405,ACCT005424,CUST002934,CASE002017,2024-05-09,NEFT,19096.01,GB
TXN0008406,ACCT000272,CUST003368,CASE001107,2024-05-03,IMPS,37996.72,AE
TXN0008407,ACCT008050,CUST000621,CASE002092,2024-03-26,NEFT,38930.54,GB
TXN0008408,ACCT007923,CUST001935,CASE001884,2024-01-21,IMPS,9609.7,IN
TXN0008409,ACCT008414,CUST001285,CASE003645,2024-10-13,UPI,27828.53,GB
TXN0008410,ACCT000219,CUST001648,CASE004323,2024-10-02,IMPS,13970.89,SG
TXN0008411,ACCT005564,CUST001118,CASE001567,2023-08-14,UPI,25012.45,GB
TXN0008412,ACCT003972,CUST002155,CASE002435,2024-08-25,NEFT,65541.71,AE
TXN0008413,ACCT007465,CUST002298,CASE000376,2024-06-11,UPI,29010.8,AE
TXN0008414,ACCT003241,CUST002915,CASE003939,2023-06-08,UPI,68982.31,GB
TXN0008415,ACCT005345,CUST004434,CASE001808,2023-01-18,IMPS,23439.29,AE
TXN0008416,ACCT006129,CUST005597,CASE003921,2023-11-03,UPI,22766.44,US
TXN0008417,ACCT004713,CUST000073,CASE001925,2024-12-15,NEFT,51131.99,HK
TXN0008418,ACCT002753,CUST003660,CASE001030,2023-01-10,UPI,60286.39,HK
TXN0008419,ACCT000062,CUST004730,CASE001052,2024-10-11,IMPS,24735.09,HK
TXN0008420,ACCT002140,CUST002076,CASE000214,2024-05-09,UPI,34902.05,AE
TXN0008421,ACCT003022,CUST001557,CASE004008,2023-01-11,NEFT,77964.47,SG
TXN0008422,ACCT001143,CUST004525,CASE002167,2024-03-17,UPI,30088.23,IN
TXN0008423,ACCT006765,CUST002082,CASE004568,2023-12-30,IMPS,41855.63,US
TXN0008424,ACCT005871,CUST004132,CASE004968,2024-11-28,IMPS,2342.62,GB
TXN0008425,ACCT008585,CUST001213,CASE000309,2023-02-19,IMPS,38424.64,AE
TXN0008426,ACCT002637,CUST000648,CASE001366,2023-08-15,NEFT,25115.78,IN
TXN0008427,ACCT003474,CUST005708,CASE001047,2024-07-25,IMPS,31989.19,IN
TXN0008428,ACCT003980,CUST002951,CASE000413,2024-11-17,UPI,7960.9,SG
TXN0008429,ACCT002714,CUST004131,CASE001058,2023-01-02,IMPS,4673.2,US
TXN0008430,ACCT003257,CUST002196,CASE004018,2023-09-20,NEFT,18571.62,GB
TXN0008431,ACCT002993,CUST002706,CASE002913,2023-01-19,UPI,24062.07,AE
TXN0008432,ACCT000823,CUST004016,CASE003219,2023-05-14,NEFT,75609.95,US
TXN0008433,ACCT003472,CUST003590,CASE001328,2023-12-02,NEFT,34531.79,AE
TXN0008434,ACCT001919,CUST005615,CASE002472,2024-02-14,UPI,121256.86,AE
TXN0008435,ACCT008085,CUST005271,CASE002885,2023-09-30,UPI,25527.39,US
TXN0008436,ACCT006878,CUST000697,CASE000287,2023-11-18,IMPS,100851.1,GB
TXN0008437,ACCT008031,CUST005228,CASE001528,2024-12-23,UPI,115691.03,SG
TXN0008438,ACCT002248,CUST003656,CASE003161,2023-07-09,NEFT,88646.54,HK
TXN0008439,ACCT004240,CUST002819,CASE000776,2023-06-29,UPI,8159.67,SG
TXN0008440,ACCT002397,CUST001672,CASE003220,2024-01-23,UPI,30005.16,US
TXN0008441,ACCT005081,CUST004840,CASE002436,2023-07-12,IMPS,38538.2,IN
TXN0008442,ACCT001666,CUST004346,CASE004596,2024-02-15,NEFT,12076.02,SG
TXN0008443,ACCT002651,CUST000895,CASE003785,2024-07-05,UPI,60587.33,IN
TXN0008444,ACCT008429,CUST002287,CASE000098,2024-02-21,UPI,19104.96,US
TXN0008445,ACCT008734,CUST000716,CASE004111,2023-11-16,IMPS,24597.08,IN
TXN0008446,ACCT003000,CUST005936,CASE000419,2023-04-26,IMPS,17800.02,IN
TXN0008447,ACCT004700,CUST004688,CASE002947,2023-07-27,IMPS,16183.62,GB
TXN0008448,ACCT001523,CUST000894,CASE002144,2024-03-16,IMPS,27268.55,US
TXN0008449,ACCT007816,CUST001523,CASE000992,2024-11-06,UPI,16696.36,US
TXN0008450,ACCT007590,CUST000706,CASE000335,2024-04-21,UPI,14404.95,GB
TXN0008451,ACCT008980,CUST001514,CASE001899,2023-08-06,NEFT,82464.65,GB
TXN0008452,ACCT005944,CUST004392,CASE000567,2023-04-16,UPI,4333.35,HK
TXN0008453,ACCT008859,CUST002928,CASE002806,2024-03-04,IMPS,37279.61,GB
TXN0008454,ACCT006383,CUST005170,CASE001199,2024-07-06,NEFT,26324.43,AE
TXN0008455,ACCT004429,CUST004482,CASE003513,2024-08-21,IMPS,45077.58,SG
TXN0008456,ACCT005961,CUST003963,CASE003692,2023-10-11,UPI,54134.91,AE
TXN0008457,ACCT003753,CUST001081,CASE003931,2023-09-25,NEFT,20644.03,AE
TXN0008458,ACCT007560,CUST004585,CASE004876,2024-03-02,NEFT,53169.67,GB
TXN0008459,ACCT003043,CUST004201,CASE004906,2024-11-21,UPI,28228.63,SG
TXN0008460,ACCT004559,CUST001212,CASE001856,2023-12-16,UPI,52936.07,HK
TXN0008461,ACCT000919,CUST001570,CASE002382,2024-01-24,NEFT,35497.74,HK
TXN0008462,ACCT000045,CUST000793,CASE000039,2024-06-24,NEFT,12052.56,US
TXN0008463,ACCT001040,CUST002520,CASE004156,2023-01-24,IMPS,83772.21,HK
TXN0008464,ACCT000895,CUST004765,CASE000533,2024-12-09,NEFT,33447.47,IN
TXN0008465,ACCT000424,CUST001668,CASE001187,2024-01-31,IMPS,11335.58,AE
TXN0008466,ACCT002375,CUST005235,CASE004614,2024-08-08,NEFT,38072.58,US
TXN0008467,ACCT008355,CUST000581,CASE000809,2024-08-23,UPI,60397.34,SG
TXN0008468,ACCT008604,CUST001549,CASE003174,2024-05-08,NEFT,43068.48,GB
TXN0008469,ACCT005390,CUST001454,CASE002272,2024-06-27,UPI,8616.12,GB
TXN0008470,ACCT002860,CUST002352,CASE000485,2023-11-16,NEFT,9039.58,HK
TXN0008471,ACCT001350,CUST005147,CASE000982,2023-05-21,NEFT,25655.4,HK
TXN0008472,ACCT002597,CUST005537,CASE003374,2024-06-18,UPI,15830.18,HK
TXN0008473,ACCT007265,CUST001481,CASE004756,2023-06-14,UPI,12935.35,HK
TXN0008474,ACCT007914,CUST001431,CASE003039,2024-07-12,IMPS,7991.39,US
TXN0008475,ACCT004764,CUST005337,CASE004337,2023-12-16,UPI,67511.45,SG
TXN0008476,ACCT005474,CUST000203,CASE000660,2024-11-24,UPI,32507.25,US
TXN0008477,ACCT007888,CUST005156,CASE000932,2024-07-10,IMPS,25598.53,US
TXN0008478,ACCT007269,CUST000029,CASE004402,2023-06-04,IMPS,73644.12,HK
TXN0008479,ACCT004288,CUST004033,CASE003628,2024-07-04,UPI,17829.88,GB
TXN0008480,ACCT003469,CUST002854,CASE001920,2024-08-02,IMPS,156221.63,HK
TXN0008481,ACCT001076,CUST004252,CASE003269,2024-07-22,NEFT,21503.34,SG
TXN0008482,ACCT000777,CUST001786,CASE001443,2023-11-01,NEFT,9032.79,GB
TXN0008483,ACCT008825,CUST004030,CASE004811,2023-01-23,NEFT,4335.07,SG
TXN0008484,ACCT006696,CUST004572,CASE002015,2024-10-17,NEFT,41452.65,AE
TXN0008485,ACCT004583,CUST001215,CASE001057,2024-12-16,NEFT,19592.21,AE
TXN0008486,ACCT001195,CUST001546,CASE001388,2024-06-14,NEFT,22319.34,IN
TXN0008487,ACCT005759,CUST001425,CASE002091,2023-09-24,UPI,42873.21,SG
TXN0008488,ACCT001921,CUST000766,CASE001215,2023-08-26,UPI,22570.07,SG
TXN0008489,ACCT000999,CUST005411,CASE004950,2024-12-19,NEFT,77778.89,US
TXN0008490,ACCT002080,CUST003413,CASE002058,2023-02-23,IMPS,114829.98,GB
TXN0008491,ACCT001227,CUST001265,CASE001122,2023-08-24,NEFT,31850.87,GB
TXN0008492,ACCT008904,CUST000840,CASE004237,2024-03-26,IMPS,33802.64,AE
TXN0008493,ACCT005777,CUST004950,CASE003655,2023-02-17,IMPS,4383.74,HK
TXN0008494,ACCT001218,CUST003607,CASE002388,2024-10-08,NEFT,32753.16,AE
TXN0008495,ACCT003796,CUST001083,CASE000382,2023-03-24,NEFT,108986.97,AE
TXN0008496,ACCT002158,CUST004065,CASE000570,2023-05-22,UPI,44114.91,HK
TXN0008497,ACCT007489,CUST003703,CASE000863,2024-08-03,NEFT,41654.42,HK
TXN0008498,ACCT000973,CUST000698,CASE003223,2023-05-07,IMPS,38987.03,IN
TXN0008499,ACCT000394,CUST000564,CASE000991,2024-08-07,UPI,13589.79,HK
TXN0008500,ACCT002786,CUST003918,CASE000133,2024-06-06,NEFT,48163.69,AE
TXN0008501,ACCT007288,CUST000651,CASE001609,2024-11-29,NEFT,30327.0,IN
TXN0008502,ACCT005757,CUST004460,CASE004980,2023-03-13,UPI,10660.84,US
TXN0008503,ACCT008026,CUST000466,CASE001500,2024-02-11,IMPS,22125.47,SG
TXN0008504,ACCT006589,CUST003594,CASE004550,2023-11-13,IMPS,34597.48,US
TXN0008505,ACCT006531,CUST000346,CASE002770,2023-10-27,NEFT,9598.88,GB
TXN0008506,ACCT000292,CUST001504,CASE000044,2023-10-19,IMPS,18860.21,GB
TXN0008507,ACCT006794,CUST000310,CASE003997,2023-09-30,NEFT,63235.31,SG
TXN0008508,ACCT002789,CUST004963,CASE000604,2024-01-01,NEFT,21780.07,GB
TXN0008509,ACCT003305,CUST003119,CASE001566,2023-09-30,UPI,81447.31,IN
TXN0008510,ACCT003809,CUST003136,CASE004007,2023-03-13,UPI,3985.99,GB
TXN0008511,ACCT000853,CUST005474,CASE002537,2024-09-05,NEFT,8019.35,HK
TXN0008512,ACCT008660,CUST002134,CASE000161,2024-08-02,NEFT,105903.24,SG
TXN0008513,ACCT007765,CUST005122,CASE001719,2023-07-05,UPI,28825.14,AE
TXN0008514,ACCT007778,CUST001542,CASE002744,2023-02-25,IMPS,35974.4,GB
TXN0008515,ACCT000025,CUST005324,CASE000429,2023-12-26,NEFT,2771.41,HK
TXN0008516,ACCT004217,CUST004087,CASE000244,2024-04-09,UPI,14741.09,GB
TXN0008517,ACCT005248,CUST004087,CASE000712,2023-11-27,IMPS,50355.66,SG
TXN0008518,ACCT000202,CUST003982,CASE000182,2024-07-29,NEFT,18949.06,IN
TXN0008519,ACCT005640,CUST005681,CASE002848,2024-03-09,UPI,4752.3,HK
TXN0008520,ACCT004601,CUST003876,CASE002764,2024-01-27,NEFT,60975.59,IN
TXN0008521,ACCT007262,CUST003656,CASE000613,2023-08-19,IMPS,25027.09,AE
TXN0008522,ACCT008636,CUST001216,CASE001483,2023-09-03,UPI,33485.75,GB
TXN0008523,ACCT004021,CUST004113,CASE003767,2023-04-23,IMPS,24970.05,AE
TXN0008524,ACCT004020,CUST000979,CASE000821,2024-10-21,UPI,8387.92,HK
TXN0008525,ACCT007845,CUST004313,CASE001711,2023-02-04,NEFT,31333.7,US
TXN0008526,ACCT001417,CUST005206,CASE000022,2023-11-05,UPI,68519.22,SG
TXN0008527,ACCT005766,CUST000638,CASE002091,2024-08-30,IMPS,49859.99,IN
TXN0008528,ACCT004307,CUST002792,CASE003553,2024-01-29,IMPS,11188.57,US
TXN0008529,ACCT000973,CUST000698,CASE001198,2024-10-27,UPI,46131.46,IN
TXN0008530,ACCT000933,CUST001470,CASE000955,2023-02-05,UPI,8935.64,SG
TXN0008531,ACCT008612,CUST004741,CASE002860,2024-06-17,UPI,32620.46,IN
TXN0008532,ACCT008383,CUST001771,CASE004268,2024-04-28,IMPS,122490.19,GB
TXN0008533,ACCT003601,CUST003405,CASE000092,2024-12-03,IMPS,58890.27,GB
TXN0008534,ACCT006906,CUST005503,CASE001810,2024-04-21,UPI,14270.0,AE
TXN0008535,ACCT008517,CUST000910,CASE004528,2024-06-14,UPI,12393.51,GB
TXN0008536,ACCT002717,CUST001580,CASE002596,2023-10-18,UPI,3053.71,SG
TXN0008537,ACCT008140,CUST002993,CASE001082,2024-06-21,IMPS,79355.12,GB
TXN0008538,ACCT005194,CUST005078,CASE004385,2023-02-20,NEFT,5716.06,HK
TXN0008539,ACCT002485,CUST000974,CASE003616,2024-04-24,IMPS,71270.94,HK
TXN0008540,ACCT006655,CUST002639,CASE004480,2024-08-21,NEFT,52724.66,US
TXN0008541,ACCT007726,CUST003195,CASE002083,2024-10-25,UPI,88593.64,US
TXN0008542,ACCT008134,CUST002481,CASE003483,2024-12-12,UPI,29859.6,AE
TXN0008543,ACCT002131,CUST000359,CASE003080,2024-01-30,IMPS,37059.62,SG
TXN0008544,ACCT007199,CUST005293,CASE001986,2024-08-23,NEFT,15112.58,HK
TXN0008545,ACCT007625,CUST001834,CASE004050,2024-08-04,IMPS,25744.71,SG
TXN0008546,ACCT000135,CUST004175,CASE002448,2024-02-11,UPI,63663.46,GB
TXN0008547,ACCT000918,CUST001517,CASE000021,2024-11-10,UPI,54240.36,IN
TXN0008548,ACCT005793,CUST004932,CASE000052,2023-10-02,UPI,27939.79,IN
TXN0008549,ACCT005905,CUST002872,CASE002478,2023-10-16,UPI,27766.61,GB
TXN0008550,ACCT008878,CUST004906,CASE001507,2024-11-23,NEFT,16691.17,SG
TXN0008551,ACCT005380,CUST005306,CASE000519,2023-08-02,UPI,152158.63,GB
TXN0008552,ACCT007234,CUST005195,CASE003697,2023-06-19,IMPS,90595.33,HK
TXN0008553,ACCT000462,CUST002526,CASE001532,2024-08-01,NEFT,43204.14,SG
TXN0008554,ACCT007829,CUST004722,CASE002909,2024-06-28,UPI,17473.68,GB
TXN0008555,ACCT003790,CUST000067,CASE003335,2023-07-22,UPI,82758.13,US
TXN0008556,ACCT003116,CUST005463,CASE001506,2023-07-22,UPI,16034.38,SG
TXN0008557,ACCT000350,CUST005532,CASE000060,2024-09-15,NEFT,37562.98,IN
TXN0008558,ACCT003962,CUST003047,CASE004175,2024-09-18,NEFT,10969.51,IN
TXN0008559,ACCT008339,CUST001717,CASE002520,2024-07-09,UPI,33587.1,SG
TXN0008560,ACCT008132,CUST002732,CASE002581,2023-08-31,UPI,4066.71,US
TXN0008561,ACCT005815,CUST004699,CASE004774,2023-05-02,UPI,59092.45,SG
TXN0008562,ACCT002333,CUST005811,CASE004107,2024-07-18,NEFT,15334.66,AE
TXN0008563,ACCT001689,CUST005423,CASE004527,2023-04-30,IMPS,72049.92,SG
TXN0008564,ACCT002222,CUST005563,CASE003745,2023-02-03,NEFT,25717.77,AE
TXN0008565,ACCT005509,CUST001260,CASE002886,2023-06-07,UPI,1632.14,HK
TXN0008566,ACCT000374,CUST003243,CASE002126,2024-09-12,IMPS,32262.84,US
TXN0008567,ACCT002348,CUST004371,CASE000150,2024-08-09,IMPS,13805.98,AE
TXN0008568,ACCT005560,CUST003883,CASE002670,2024-02-10,NEFT,25856.44,HK
TXN0008569,ACCT003424,CUST004614,CASE003266,2024-01-15,NEFT,10849.95,IN
TXN0008570,ACCT008906,CUST001267,CASE003222,2023-02-04,IMPS,22999.92,AE
TXN0008571,ACCT006140,CUST005068,CASE001947,2024-08-12,IMPS,37188.82,SG
TXN0008572,ACCT003568,CUST004709,CASE004933,2024-09-15,NEFT,60274.43,IN
TXN0008573,ACCT007618,CUST002543,CASE003567,2024-01-02,UPI,21564.55,GB
TXN0008574,ACCT007962,CUST003888,CASE001588,2024-08-30,NEFT,65519.82,HK
TXN0008575,ACCT003607,CUST004632,CASE001501,2023-09-26,UPI,8104.0,HK
TXN0008576,ACCT007919,CUST003030,CASE000763,2023-08-08,IMPS,56459.99,IN
TXN0008577,ACCT008709,CUST000958,CASE004750,2024-02-29,IMPS,59712.98,IN
TXN0008578,ACCT005856,CUST005933,CASE002328,2023-03-20,NEFT,38174.33,SG
TXN0008579,ACCT000823,CUST004016,CASE002803,2024-10-22,UPI,91233.94,SG
TXN0008580,ACCT008453,CUST005707,CASE003798,2023-04-29,NEFT,25444.19,AE
TXN0008581,ACCT001793,CUST001617,CASE000256,2023-05-20,UPI,12917.05,AE
TXN0008582,ACCT007418,CUST004506,CASE002994,2023-09-26,NEFT,2640.26,GB
TXN0008583,ACCT003814,CUST000561,CASE000002,2024-06-12,NEFT,32446.42,IN
TXN0008584,ACCT006841,CUST003134,CASE002959,2023-12-24,NEFT,36533.37,GB
TXN0008585,ACCT000997,CUST001729,CASE001875,2024-04-29,UPI,113031.96,AE
TXN0008586,ACCT008184,CUST002780,CASE004144,2024-02-21,NEFT,9848.05,SG
TXN0008587,ACCT001163,CUST004516,CASE000571,2024-07-05,UPI,28701.68,GB
TXN0008588,ACCT004734,CUST003824,CASE000864,2023-07-22,IMPS,10923.52,US
TXN0008589,ACCT003369,CUST001637,CASE003207,2024-11-09,UPI,13728.46,IN
TXN0008590,ACCT005784,CUST000632,CASE000653,2023-09-03,NEFT,36294.12,US
TXN0008591,ACCT001295,CUST002092,CASE003624,2024-04-12,IMPS,12746.18,US
TXN0008592,ACCT005140,CUST004062,CASE000260,2023-12-29,IMPS,77167.68,IN
TXN0008593,ACCT006560,CUST003894,CASE000362,2023-09-08,UPI,24031.48,IN
TXN0008594,ACCT007400,CUST003397,CASE002310,2024-04-19,IMPS,86422.11,US
TXN0008595,ACCT000611,CUST000379,CASE001811,2024-10-19,UPI,11458.28,HK
TXN0008596,ACCT000281,CUST003299,CASE003802,2023-08-06,NEFT,24397.77,GB
TXN0008597,ACCT000312,CUST000481,CASE004039,2023-02-09,IMPS,79081.04,US
TXN0008598,ACCT006229,CUST003121,CASE004567,2024-01-03,UPI,10712.49,AE
TXN0008599,ACCT001157,CUST002240,CASE004855,2024-07-22,UPI,7460.75,US
TXN0008600,ACCT002602,CUST002166,CASE004391,2024-02-05,UPI,19370.66,HK
TXN0008601,ACCT000140,CUST001253,CASE002087,2023-05-02,IMPS,4012.98,SG
TXN0008602,ACCT005634,CUST003981,CASE000675,2024-04-17,IMPS,6967.92,AE
TXN0008603,ACCT008003,CUST002567,CASE004434,2023-07-23,UPI,108326.75,GB
TXN0008604,ACCT007781,CUST002952,CASE000364,2023-06-24,IMPS,29120.54,AE
TXN0008605,ACCT007462,CUST002897,CASE004962,2024-03-13,UPI,4551.27,GB
TXN0008606,ACCT001898,CUST004774,CASE002273,2024-07-29,NEFT,15872.67,SG
TXN0008607,ACCT004605,CUST003302,CASE004736,2023-11-15,UPI,30806.44,GB
TXN0008608,ACCT005181,CUST004165,CASE002740,2024-08-08,NEFT,40970.68,US
TXN0008609,ACCT006471,CUST004383,CASE004875,2023-05-02,IMPS,7830.2,AE
TXN0008610,ACCT003115,CUST005225,CASE003421,2023-04-26,UPI,67214.58,US
TXN0008611,ACCT003043,CUST004201,CASE004180,2023-09-07,UPI,22466.95,SG
TXN0008612,ACCT005518,CUST001459,CASE004694,2023-03-28,NEFT,52201.8,HK
TXN0008613,ACCT008430,CUST000119,CASE001227,2024-12-22,IMPS,11165.13,AE
TXN0008614,ACCT002373,CUST003413,CASE001719,2023-03-08,IMPS,4685.5,US
TXN0008615,ACCT002548,CUST005910,CASE000062,2024-02-12,UPI,34216.55,SG
TXN0008616,ACCT000706,CUST002447,CASE000540,2024-09-08,IMPS,23418.45,AE
TXN0008617,ACCT000769,CUST005090,CASE003338,2024-04-17,UPI,6984.04,SG
TXN0008618,ACCT008163,CUST005184,CASE002389,2024-01-04,UPI,12605.32,SG
TXN0008619,ACCT002860,CUST002352,CASE003974,2023-10-07,IMPS,271319.44,SG
TXN0008620,ACCT002511,CUST001146,CASE004786,2024-03-18,IMPS,17476.73,SG
TXN0008621,ACCT007947,CUST002166,CASE000940,2024-09-01,NEFT,25857.63,GB
TXN0008622,ACCT000251,CUST001950,CASE000403,2023-07-25,IMPS,5209.24,HK
TXN0008623,ACCT005279,CUST003710,CASE001201,2024-11-02,NEFT,7431.45,US
TXN0008624,ACCT002405,CUST003267,CASE004285,2024-05-24,UPI,30141.16,HK
TXN0008625,ACCT007005,CUST004102,CASE000885,2024-12-21,UPI,14266.31,US
TXN0008626,ACCT007276,CUST004453,CASE004541,2023-12-07,UPI,9356.84,US
TXN0008627,ACCT000208,CUST003894,CASE001253,2023-03-12,IMPS,33442.7,IN
TXN0008628,ACCT003107,CUST001238,CASE003807,2023-10-15,IMPS,61850.01,HK
TXN0008629,ACCT005194,CUST005078,CASE003011,2024-11-14,UPI,3692.94,US
TXN0008630,ACCT002578,CUST005959,CASE002912,2023-08-06,NEFT,27538.03,IN
TXN0008631,ACCT007383,CUST005177,CASE004196,2023-08-27,IMPS,59716.1,US
TXN0008632,ACCT001597,CUST000764,CASE004386,2024-04-29,IMPS,16104.8,US
TXN0008633,ACCT007640,CUST003894,CASE000963,2024-06-12,IMPS,10468.84,SG
TXN0008634,ACCT002185,CUST005651,CASE002423,2024-01-24,NEFT,65310.45,AE
TXN0008635,ACCT001871,CUST001301,CASE003843,2024-08-29,UPI,40746.68,GB
TXN0008636,ACCT003498,CUST003319,CASE002639,2023-01-09,UPI,10988.98,AE
TXN0008637,ACCT003965,CUST000968,CASE000895,2023-04-12,UPI,2905.57,SG
TXN0008638,ACCT002192,CUST005037,CASE004820,2024-08-07,IMPS,32855.03,AE
TXN0008639,ACCT005375,CUST003630,CASE003961,2023-08-15,NEFT,51048.3,IN
TXN0008640,ACCT008366,CUST001885,CASE000209,2023-12-01,IMPS,20290.79,AE
TXN0008641,ACCT005413,CUST001260,CASE001707,2023-07-29,NEFT,2137.97,AE
TXN0008642,ACCT003812,CUST005548,CASE003124,2024-03-18,UPI,63149.41,GB
TXN0008643,ACCT000584,CUST004970,CASE000432,2024-01-03,NEFT,135445.33,GB
TXN0008644,ACCT007384,CUST004078,CASE003382,2023-02-25,UPI,7880.05,HK
TXN0008645,ACCT006760,CUST004614,CASE002941,2024-01-26,UPI,14346.2,US
TXN0008646,ACCT002173,CUST002632,CASE003086,2023-01-21,UPI,6994.99,IN
TXN0008647,ACCT008256,CUST003031,CASE001763,2023-01-27,UPI,72433.08,US
TXN0008648,ACCT007174,CUST004250,CASE002316,2023-11-06,UPI,23448.87,IN
TXN0008649,ACCT005806,CUST001727,CASE002726,2023-10-05,IMPS,63481.47,GB
TXN0008650,ACCT006588,CUST002846,CASE004990,2024-12-28,UPI,24976.98,US
TXN0008651,ACCT001184,CUST001218,CASE000057,2023-05-07,UPI,29682.51,US
TXN0008652,ACCT001117,CUST001537,CASE000657,2023-12-31,IMPS,7257.88,US
TXN0008653,ACCT008619,CUST005455,CASE000948,2023-12-26,IMPS,53330.2,HK
TXN0008654,ACCT005506,CUST005297,CASE004596,2024-02-07,IMPS,20039.96,HK
TXN0008655,ACCT006501,CUST003215,CASE003691,2023-05-01,UPI,39838.48,HK
TXN0008656,ACCT004635,CUST002208,CASE003094,2023-03-26,IMPS,48246.2,SG
TXN0008657,ACCT007369,CUST003499,CASE003943,2024-11-21,UPI,19487.97,SG
TXN0008658,ACCT008650,CUST005459,CASE001767,2024-12-30,IMPS,50323.49,AE
TXN0008659,ACCT008826,CUST005635,CASE001483,2023-01-11,NEFT,6287.17,US
TXN0008660,ACCT005998,CUST001817,CASE002596,2023-07-31,NEFT,5562.6,HK
TXN0008661,ACCT003101,CUST003379,CASE003664,2023-10-31,UPI,41740.62,IN
TXN0008662,ACCT004991,CUST002316,CASE003534,2023-03-25,UPI,91324.3,GB
TXN0008663,ACCT006089,CUST002783,CASE002149,2023-08-30,IMPS,44402.39,SG
TXN0008664,ACCT007075,CUST001190,CASE000551,2023-08-06,IMPS,6496.26,GB
TXN0008665,ACCT002914,CUST000552,CASE003460,2024-02-15,UPI,59182.86,SG
TXN0008666,ACCT001626,CUST003951,CASE004694,2023-07-18,NEFT,27530.11,US
TXN0008667,ACCT002153,CUST003277,CASE000275,2023-06-01,UPI,53484.85,US
TXN0008668,ACCT005715,CUST005031,CASE004970,2023-06-19,UPI,11524.92,IN
TXN0008669,ACCT003023,CUST000962,CASE003549,2023-12-08,UPI,13973.63,IN
TXN0008670,ACCT005753,CUST005191,CASE000714,2023-09-27,UPI,24222.3,US
TXN0008671,ACCT007766,CUST002607,CASE004591,2023-05-03,UPI,41006.87,SG
TXN0008672,ACCT008312,CUST004344,CASE001404,2024-06-26,UPI,11981.62,US
TXN0008673,ACCT007907,CUST005045,CASE000236,2023-01-21,IMPS,33796.59,US
TXN0008674,ACCT007250,CUST004633,CASE002194,2024-10-31,NEFT,25183.0,US
TXN0008675,ACCT006054,CUST005949,CASE003602,2023-11-09,UPI,29481.54,GB
TXN0008676,ACCT004370,CUST001153,CASE001553,2023-03-24,NEFT,3322.52,IN
TXN0008677,ACCT007845,CUST004313,CASE002381,2024-04-05,UPI,49683.71,AE
TXN0008678,ACCT008330,CUST004076,CASE004506,2024-10-31,NEFT,37557.46,SG
TXN0008679,ACCT002036,CUST003843,CASE002885,2023-02-21,IMPS,66880.95,GB
TXN0008680,ACCT008846,CUST003058,CASE002322,2023-04-26,NEFT,62097.68,AE
TXN0008681,ACCT000820,CUST002796,CASE003214,2024-04-26,UPI,5067.39,IN
TXN0008682,ACCT000680,CUST001236,CASE000870,2023-03-05,NEFT,26131.48,IN
TXN0008683,ACCT008027,CUST004868,CASE004067,2023-01-16,IMPS,2229.3,US
TXN0008684,ACCT007692,CUST000937,CASE003061,2023-08-21,IMPS,30452.67,AE
TXN0008685,ACCT001934,CUST001573,CASE004093,2023-01-03,NEFT,4934.57,AE
TXN0008686,ACCT007915,CUST004848,CASE001864,2023-03-04,NEFT,176286.49,IN
TXN0008687,ACCT006930,CUST001278,CASE000536,2023-09-03,NEFT,41813.65,IN
TXN0008688,ACCT007397,CUST000967,CASE004062,2024-03-27,UPI,41575.76,HK
TXN0008689,ACCT008031,CUST005228,CASE000417,2024-06-16,UPI,88130.96,HK
TXN0008690,ACCT004367,CUST004633,CASE004290,2024-11-09,IMPS,152104.68,US
TXN0008691,ACCT004702,CUST001814,CASE002796,2024-06-01,IMPS,13079.47,IN
TXN0008692,ACCT004466,CUST000447,CASE002901,2023-11-10,NEFT,78903.99,AE
TXN0008693,ACCT008226,CUST000936,CASE000873,2024-08-03,NEFT,35643.15,AE
TXN0008694,ACCT006831,CUST002851,CASE003454,2024-01-19,UPI,15800.67,HK
TXN0008695,ACCT003890,CUST000137,CASE002211,2023-10-14,IMPS,38894.41,IN
TXN0008696,ACCT007638,CUST000248,CASE000645,2024-12-07,UPI,9509.06,AE
TXN0008697,ACCT006224,CUST005905,CASE003033,2024-03-05,UPI,7834.33,IN
TXN0008698,ACCT006404,CUST000087,CASE004320,2023-09-11,IMPS,8939.55,GB
TXN0008699,ACCT005586,CUST004486,CASE003972,2024-06-18,NEFT,52137.69,IN
TXN0008700,ACCT000022,CUST004598,CASE004136,2024-05-22,IMPS,8163.99,GB
TXN0008701,ACCT003008,CUST000324,CASE002490,2023-07-03,NEFT,63565.9,AE
TXN0008702,ACCT003376,CUST005958,CASE004260,2023-05-24,NEFT,7367.63,GB
TXN0008703,ACCT007775,CUST001421,CASE000673,2023-09-15,UPI,12567.53,AE
TXN0008704,ACCT006461,CUST003710,CASE001442,2024-12-16,IMPS,19041.55,SG
TXN0008705,ACCT008752,CUST003055,CASE000534,2024-01-29,UPI,276897.49,GB
TXN0008706,ACCT004211,CUST005031,CASE004109,2024-03-02,NEFT,17970.62,HK
TXN0008707,ACCT004239,CUST003971,CASE002553,2023-03-30,IMPS,3651.52,HK
TXN0008708,ACCT001914,CUST005272,CASE001029,2024-08-19,UPI,8207.21,HK
TXN0008709,ACCT006131,CUST004088,CASE001508,2023-05-29,NEFT,12622.28,IN
TXN0008710,ACCT000402,CUST002479,CASE001829,2023-03-29,UPI,10884.55,HK
TXN0008711,ACCT005659,CUST005568,CASE003847,2024-06-23,NEFT,17495.19,SG
TXN0008712,ACCT008842,CUST005619,CASE001893,2024-11-02,UPI,23990.1,GB
TXN0008713,ACCT005878,CUST003899,CASE002080,2023-09-05,UPI,24476.88,GB
TXN0008714,ACCT006123,CUST002572,CASE004228,2024-09-14,UPI,27806.52,SG
TXN0008715,ACCT006411,CUST004384,CASE000580,2023-08-13,IMPS,87270.35,HK
TXN0008716,ACCT008557,CUST004108,CASE000835,2023-09-11,IMPS,76174.31,AE
TXN0008717,ACCT007021,CUST002883,CASE002649,2023-08-30,NEFT,24464.56,IN
TXN0008718,ACCT000111,CUST001729,CASE002625,2023-07-28,UPI,77519.52,US
TXN0008719,ACCT004257,CUST004785,CASE004761,2024-02-07,IMPS,72512.99,AE
TXN0008720,ACCT003280,CUST004545,CASE003546,2024-01-06,IMPS,6900.88,US
TXN0008721,ACCT005901,CUST003515,CASE002221,2024-10-02,NEFT,7119.87,US
TXN0008722,ACCT004429,CUST004482,CASE003705,2024-07-25,NEFT,155443.01,HK
TXN0008723,ACCT002420,CUST000415,CASE004188,2024-12-30,NEFT,22196.02,IN
TXN0008724,ACCT002276,CUST005737,CASE002433,2024-08-01,IMPS,74271.22,IN
TXN0008725,ACCT000400,CUST004451,CASE004324,2024-12-17,IMPS,4968.79,HK
TXN0008726,ACCT008878,CUST004906,CASE004170,2023-07-03,IMPS,8215.68,US
TXN0008727,ACCT005523,CUST001865,CASE002978,2023-09-24,NEFT,33950.93,AE
TXN0008728,ACCT001875,CUST003174,CASE000284,2024-11-29,IMPS,46799.66,GB
TXN0008729,ACCT001529,CUST005958,CASE001384,2024-02-06,NEFT,3976.34,GB
TXN0008730,ACCT005342,CUST005658,CASE002611,2024-03-12,NEFT,37806.02,AE
TXN0008731,ACCT001374,CUST001348,CASE002988,2023-04-17,NEFT,16855.75,US
TXN0008732,ACCT005099,CUST003611,CASE000879,2023-05-27,UPI,4558.26,GB
TXN0008733,ACCT007750,CUST003025,CASE003442,2023-04-25,IMPS,23433.51,US
TXN0008734,ACCT000738,CUST003512,CASE003076,2023-12-29,IMPS,14200.72,US
TXN0008735,ACCT000850,CUST003807,CASE000504,2024-12-06,UPI,36553.76,GB
TXN0008736,ACCT002024,CUST000812,CASE005000,2023-06-26,IMPS,8670.51,US
TXN0008737,ACCT006661,CUST000359,CASE001775,2024-11-24,UPI,11278.79,HK
TXN0008738,ACCT004110,CUST001914,CASE004686,2024-03-17,UPI,26510.32,IN
TXN0008739,ACCT005650,CUST002566,CASE004826,2023-09-22,NEFT,67339.69,IN
TXN0008740,ACCT002726,CUST001526,CASE002614,2023-04-07,IMPS,5433.23,US
TXN0008741,ACCT004502,CUST000366,CASE000478,2024-09-13,IMPS,42232.94,US
TXN0008742,ACCT004055,CUST000196,CASE002287,2023-07-11,IMPS,25393.19,HK
TXN0008743,ACCT000785,CUST005885,CASE002083,2024-01-14,NEFT,10376.47,IN
TXN0008744,ACCT007721,CUST005414,CASE002210,2023-09-30,NEFT,17272.13,SG
TXN0008745,ACCT002491,CUST004570,CASE002076,2024-03-23,IMPS,38201.15,US
TXN0008746,ACCT008256,CUST003031,CASE004478,2023-09-05,NEFT,108002.89,IN
TXN0008747,ACCT000083,CUST002188,CASE003632,2023-01-12,UPI,27840.12,HK
TXN0008748,ACCT004497,CUST003040,CASE004078,2023-06-06,IMPS,41772.54,GB
TXN0008749,ACCT006125,CUST001791,CASE003880,2023-11-22,NEFT,27476.6,SG
TXN0008750,ACCT002092,CUST004540,CASE001001,2023-08-22,UPI,20355.86,AE
TXN0008751,ACCT008942,CUST005688,CASE003856,2024-09-30,IMPS,6774.98,IN
TXN0008752,ACCT003952,CUST005747,CASE003415,2023-05-26,IMPS,18321.38,US
TXN0008753,ACCT006135,CUST002175,CASE000532,2023-06-27,IMPS,77116.56,HK
TXN0008754,ACCT001700,CUST003522,CASE004992,2023-07-24,NEFT,108491.27,AE
TXN0008755,ACCT003853,CUST002335,CASE000723,2023-10-31,IMPS,45190.65,HK
TXN0008756,ACCT003568,CUST004709,CASE000987,2024-02-11,IMPS,70926.84,HK
TXN0008757,ACCT002485,CUST000974,CASE002663,2023-04-02,IMPS,71701.06,HK
TXN0008758,ACCT004996,CUST004989,CASE001711,2024-10-30,UPI,40027.92,AE
TXN0008759,ACCT005041,CUST002951,CASE001859,2023-02-10,NEFT,38318.07,US
TXN0008760,ACCT008417,CUST001393,CASE002711,2024-02-12,NEFT,3454.1,SG
TXN0008761,ACCT002817,CUST001348,CASE004961,2023-01-02,IMPS,35469.36,GB
TXN0008762,ACCT004094,CUST004849,CASE004487,2023-02-12,UPI,68481.82,US
TXN0008763,ACCT004228,CUST005265,CASE003288,2024-08-19,IMPS,15826.45,IN
TXN0008764,ACCT007981,CUST005002,CASE004186,2024-12-30,UPI,50905.81,AE
TXN0008765,ACCT000520,CUST002175,CASE002458,2023-02-26,IMPS,66193.21,US
TXN0008766,ACCT007053,CUST001252,CASE004563,2024-04-04,IMPS,12030.36,IN
TXN0008767,ACCT000197,CUST001974,CASE002123,2023-02-17,UPI,115923.77,IN
TXN0008768,ACCT001624,CUST001268,CASE000679,2024-06-11,UPI,95548.82,SG
TXN0008769,ACCT005279,CUST003710,CASE002130,2024-12-30,UPI,19767.59,GB
TXN0008770,ACCT006687,CUST000108,CASE002365,2023-01-08,IMPS,66286.1,IN
TXN0008771,ACCT004928,CUST001351,CASE002333,2024-03-02,IMPS,24917.01,IN
TXN0008772,ACCT001916,CUST001047,CASE001837,2023-12-29,NEFT,42378.57,HK
TXN0008773,ACCT000824,CUST000865,CASE002166,2024-11-01,NEFT,11216.43,IN
TXN0008774,ACCT006081,CUST004710,CASE003792,2023-01-29,UPI,20544.66,AE
TXN0008775,ACCT003818,CUST005000,CASE004631,2023-05-26,UPI,79043.71,IN
TXN0008776,ACCT008319,CUST003803,CASE003351,2023-06-21,UPI,16456.14,HK
TXN0008777,ACCT001945,CUST005423,CASE003401,2024-04-09,UPI,29120.92,GB
TXN0008778,ACCT001073,CUST000330,CASE000766,2023-08-28,IMPS,28353.79,SG
TXN0008779,ACCT004830,CUST000965,CASE002819,2024-07-09,NEFT,162207.47,AE
TXN0008780,ACCT001616,CUST002357,CASE001377,2023-02-07,IMPS,62938.49,SG
TXN0008781,ACCT008123,CUST001851,CASE003933,2024-12-12,IMPS,37274.26,US
TXN0008782,ACCT002173,CUST002632,CASE000585,2024-03-03,UPI,9903.26,AE
TXN0008783,ACCT007654,CUST005852,CASE004762,2024-06-29,UPI,43219.13,HK
TXN0008784,ACCT007490,CUST002480,CASE004049,2024-12-06,NEFT,44147.34,US
TXN0008785,ACCT004750,CUST002316,CASE003861,2024-02-02,IMPS,65349.1,US
TXN0008786,ACCT003668,CUST002652,CASE002466,2024-04-08,IMPS,103387.32,GB
TXN0008787,ACCT005396,CUST000978,CASE001688,2023-01-24,UPI,55577.4,SG
TXN0008788,ACCT002678,CUST005330,CASE000789,2023-08-23,UPI,34530.62,IN
TXN0008789,ACCT004250,CUST001795,CASE004374,2024-05-06,NEFT,18214.69,US
TXN0008790,ACCT003722,CUST004379,CASE001630,2023-06-14,UPI,26068.61,GB
TXN0008791,ACCT004735,CUST002476,CASE001101,2024-09-07,UPI,12032.82,GB
TXN0008792,ACCT004568,CUST003256,CASE000364,2024-08-03,IMPS,107588.67,SG
TXN0008793,ACCT001630,CUST004557,CASE004554,2023-05-25,IMPS,26197.49,SG
TXN0008794,ACCT001724,CUST000064,CASE000579,2024-05-19,UPI,45194.65,HK
TXN0008795,ACCT000686,CUST001753,CASE003836,2023-06-26,UPI,31955.11,GB
TXN0008796,ACCT006558,CUST004761,CASE004554,2023-03-27,UPI,8726.66,IN
TXN0008797,ACCT007156,CUST003117,CASE004127,2023-07-10,IMPS,46140.76,US
TXN0008798,ACCT001310,CUST005656,CASE000573,2024-05-17,IMPS,36811.39,US
TXN0008799,ACCT001838,CUST004867,CASE002079,2023-10-19,UPI,9437.06,SG
TXN0008800,ACCT001045,CUST001019,CASE003414,2024-08-06,IMPS,5424.87,HK
TXN0008801,ACCT004779,CUST005370,CASE004959,2024-09-30,IMPS,25331.18,US
TXN0008802,ACCT006029,CUST005040,CASE003161,2024-09-26,NEFT,70713.95,US
TXN0008803,ACCT001421,CUST005319,CASE000631,2023-06-27,NEFT,4290.83,SG
TXN0008804,ACCT003653,CUST005184,CASE002124,2023-06-22,NEFT,54210.37,US
TXN0008805,ACCT003807,CUST002452,CASE001281,2024-02-06,NEFT,131338.26,AE
TXN0008806,ACCT006014,CUST005246,CASE003919,2023-08-04,UPI,25660.36,AE
TXN0008807,ACCT007032,CUST000242,CASE000854,2023-07-29,NEFT,18643.87,US
TXN0008808,ACCT003825,CUST005146,CASE001364,2023-09-04,IMPS,7410.21,HK
TXN0008809,ACCT007245,CUST004509,CASE001108,2024-02-27,UPI,11546.79,GB
TXN0008810,ACCT004129,CUST003796,CASE000331,2023-11-04,UPI,15083.63,IN
TXN0008811,ACCT002706,CUST002745,CASE002205,2023-08-12,NEFT,98069.25,GB
TXN0008812,ACCT006255,CUST001766,CASE004031,2023-10-12,IMPS,39966.12,AE
TXN0008813,ACCT007933,CUST004063,CASE001287,2023-09-01,NEFT,37979.93,US
TXN0008814,ACCT001851,CUST003897,CASE002721,2024-05-09,UPI,1329.97,HK
TXN0008815,ACCT004796,CUST004380,CASE000037,2023-07-22,UPI,15273.44,IN
TXN0008816,ACCT001186,CUST004413,CASE004590,2023-01-01,NEFT,92360.87,AE
TXN0008817,ACCT004162,CUST000835,CASE001132,2023-02-06,UPI,28253.11,GB
TXN0008818,ACCT008311,CUST000963,CASE002463,2023-06-06,IMPS,10376.8,SG
TXN0008819,ACCT006287,CUST003994,CASE000365,2023-01-19,UPI,24276.2,HK
TXN0008820,ACCT006987,CUST002951,CASE002351,2023-02-11,NEFT,78176.09,US
TXN0008821,ACCT004437,CUST003534,CASE002470,2023-11-12,IMPS,51475.61,SG
TXN0008822,ACCT006686,CUST000581,CASE003977,2023-09-15,UPI,49935.76,GB
TXN0008823,ACCT002494,CUST001631,CASE004307,2023-01-10,UPI,25635.65,US
TXN0008824,ACCT003321,CUST002959,CASE004394,2024-05-26,NEFT,76147.2,SG
TXN0008825,ACCT004862,CUST005170,CASE000339,2024-08-09,IMPS,7959.57,HK
TXN0008826,ACCT005081,CUST004840,CASE004464,2024-06-10,NEFT,71427.48,IN
TXN0008827,ACCT003216,CUST002718,CASE000247,2024-06-15,NEFT,14034.23,IN
TXN0008828,ACCT000167,CUST003717,CASE003551,2024-11-17,UPI,5256.24,US
TXN0008829,ACCT007925,CUST001482,CASE003541,2023-02-09,NEFT,33914.41,SG
TXN0008830,ACCT006171,CUST003919,CASE001253,2023-04-15,IMPS,16282.54,IN
TXN0008831,ACCT006600,CUST005789,CASE001392,2024-02-11,NEFT,28501.43,GB
TXN0008832,ACCT008193,CUST005467,CASE003718,2024-01-13,NEFT,19913.07,US
TXN0008833,ACCT003834,CUST001147,CASE003543,2024-11-06,NEFT,37409.45,AE
TXN0008834,ACCT005913,CUST003909,CASE001636,2023-04-10,UPI,20381.04,GB
TXN0008835,ACCT001392,CUST000115,CASE003299,2024-08-23,UPI,15554.85,IN
TXN0008836,ACCT005901,CUST003515,CASE002565,2023-08-10,NEFT,8618.44,HK
TXN0008837,ACCT005227,CUST001537,CASE003023,2023-01-19,UPI,4176.04,SG
TXN0008838,ACCT005053,CUST002693,CASE003042,2023-02-19,IMPS,45359.08,HK
TXN0008839,ACCT003852,CUST004978,CASE002198,2024-03-18,NEFT,78262.26,US
TXN0008840,ACCT000622,CUST005705,CASE001825,2024-09-15,UPI,22697.35,AE
TXN0008841,ACCT008496,CUST005659,CASE004280,2024-08-13,NEFT,72224.1,US
TXN0008842,ACCT006298,CUST002764,CASE001922,2024-02-14,IMPS,64067.78,AE
TXN0008843,ACCT002181,CUST004937,CASE000854,2023-02-15,NEFT,12333.72,SG
TXN0008844,ACCT005911,CUST001097,CASE001192,2023-05-04,UPI,16078.04,AE
TXN0008845,ACCT003973,CUST005836,CASE003715,2024-11-17,IMPS,77194.5,SG
TXN0008846,ACCT004689,CUST002866,CASE004349,2024-04-29,IMPS,37064.79,US
TXN0008847,ACCT003377,CUST003782,CASE004707,2024-12-10,UPI,20496.74,GB
TXN0008848,ACCT001311,CUST002049,CASE004525,2023-04-26,IMPS,30383.78,AE
TXN0008849,ACCT000617,CUST003396,CASE002719,2024-06-30,UPI,3841.58,HK
TXN0008850,ACCT007927,CUST000272,CASE001613,2024-02-01,IMPS,42819.73,IN
TXN0008851,ACCT002193,CUST003564,CASE002384,2024-08-01,NEFT,9030.17,US
TXN0008852,ACCT004773,CUST005412,CASE003228,2023-12-10,NEFT,107870.26,HK
TXN0008853,ACCT003830,CUST003625,CASE000398,2024-04-02,NEFT,64504.92,US
TXN0008854,ACCT002522,CUST004176,CASE000922,2024-08-03,UPI,63968.03,US
TXN0008855,ACCT003480,CUST005823,CASE001587,2023-07-23,IMPS,46488.39,IN
TXN0008856,ACCT004736,CUST005548,CASE004409,2023-07-07,IMPS,27468.37,US
TXN0008857,ACCT001808,CUST005268,CASE003041,2023-12-13,NEFT,21265.37,IN
TXN0008858,ACCT006125,CUST001791,CASE002136,2023-03-17,UPI,22575.14,SG
TXN0008859,ACCT002275,CUST005813,CASE000692,2023-08-24,NEFT,20336.3,HK
TXN0008860,ACCT006689,CUST005372,CASE004999,2023-11-14,NEFT,12850.56,IN
TXN0008861,ACCT008990,CUST001316,CASE001827,2024-12-15,IMPS,14951.51,IN
TXN0008862,ACCT002351,CUST005251,CASE004834,2023-10-15,UPI,29231.44,US
TXN0008863,ACCT005909,CUST000801,CASE002659,2023-12-15,NEFT,95309.16,HK
TXN0008864,ACCT000260,CUST004721,CASE002408,2023-11-21,NEFT,34696.74,AE
TXN0008865,ACCT000037,CUST002788,CASE004029,2024-10-20,UPI,18900.07,AE
TXN0008866,ACCT006793,CUST000773,CASE000709,2023-12-13,UPI,18555.05,IN
TXN0008867,ACCT006376,CUST001107,CASE001906,2024-07-31,UPI,83139.72,GB
TXN0008868,ACCT000071,CUST001908,CASE001307,2023-05-06,UPI,58301.24,AE
TXN0008869,ACCT005814,CUST001048,CASE002126,2023-06-04,UPI,88568.72,SG
TXN0008870,ACCT003404,CUST004151,CASE000309,2024-10-19,NEFT,23901.0,AE
TXN0008871,ACCT006393,CUST003946,CASE001411,2023-08-31,NEFT,193499.9,IN
TXN0008872,ACCT006480,CUST005957,CASE004783,2023-05-09,NEFT,22011.7,HK
TXN0008873,ACCT003058,CUST000133,CASE003996,2024-12-09,UPI,87856.56,AE
TXN0008874,ACCT004561,CUST002113,CASE000405,2023-06-19,IMPS,17353.12,US
TXN0008875,ACCT006225,CUST002212,CASE000650,2024-03-28,IMPS,53706.04,IN
TXN0008876,ACCT005733,CUST001899,CASE003767,2024-05-04,IMPS,9957.02,IN
TXN0008877,ACCT000980,CUST005067,CASE003035,2023-11-17,UPI,26138.46,AE
TXN0008878,ACCT005594,CUST005292,CASE002992,2024-07-21,IMPS,17811.48,GB
TXN0008879,ACCT003296,CUST003177,CASE004575,2024-07-09,UPI,19538.07,AE
TXN0008880,ACCT006097,CUST002113,CASE004945,2023-04-28,IMPS,26219.92,SG
TXN0008881,ACCT000148,CUST003127,CASE004362,2023-05-13,IMPS,7591.6,IN
TXN0008882,ACCT000866,CUST004884,CASE003351,2024-10-11,IMPS,46538.63,IN
TXN0008883,ACCT005140,CUST004062,CASE004768,2023-12-21,NEFT,70142.85,AE
TXN0008884,ACCT003031,CUST001961,CASE003279,2024-07-04,IMPS,40432.85,GB
TXN0008885,ACCT004357,CUST004693,CASE001648,2024-12-15,NEFT,22944.5,US
TXN0008886,ACCT006745,CUST004374,CASE003452,2023-03-22,UPI,50995.19,HK
TXN0008887,ACCT003157,CUST005712,CASE003300,2023-09-06,UPI,10961.76,SG
TXN0008888,ACCT002766,CUST000509,CASE004607,2023-07-31,NEFT,43588.13,AE
TXN0008889,ACCT008850,CUST002127,CASE002764,2024-11-23,NEFT,24309.22,SG
TXN0008890,ACCT001350,CUST005147,CASE004867,2023-11-04,IMPS,9563.01,IN
TXN0008891,ACCT007936,CUST001950,CASE004962,2024-10-15,UPI,11780.46,HK
TXN0008892,ACCT003035,CUST003119,CASE000182,2023-12-03,UPI,50297.81,US
TXN0008893,ACCT006457,CUST000905,CASE004802,2023-05-11,UPI,24148.34,HK
TXN0008894,ACCT003750,CUST003505,CASE000960,2023-10-04,IMPS,37961.31,GB
TXN0008895,ACCT002960,CUST000385,CASE000082,2023-08-18,UPI,23840.28,GB
TXN0008896,ACCT003423,CUST000363,CASE000034,2024-11-20,UPI,30224.17,GB
TXN0008897,ACCT007998,CUST004260,CASE003935,2024-12-13,UPI,48760.07,US
TXN0008898,ACCT003549,CUST005034,CASE003815,2023-08-20,IMPS,26168.56,IN
TXN0008899,ACCT002482,CUST005106,CASE003472,2024-02-27,NEFT,64726.6,HK
TXN0008900,ACCT004868,CUST003704,CASE002981,2024-02-17,NEFT,2657.41,GB
TXN0008901,ACCT004393,CUST000886,CASE001218,2024-06-29,UPI,25343.95,AE
TXN0008902,ACCT006352,CUST000691,CASE002649,2023-09-09,UPI,32653.31,SG
TXN0008903,ACCT003248,CUST005413,CASE000105,2024-01-01,NEFT,59234.73,GB
TXN0008904,ACCT005681,CUST000618,CASE001201,2024-03-02,NEFT,29773.69,IN
TXN0008905,ACCT006663,CUST001464,CASE001819,2023-10-19,NEFT,4876.72,AE
TXN0008906,ACCT002963,CUST005500,CASE004265,2024-07-02,UPI,42349.69,SG
TXN0008907,ACCT000270,CUST002903,CASE001991,2024-03-21,IMPS,69956.75,SG
TXN0008908,ACCT001311,CUST002049,CASE001193,2024-11-14,UPI,13781.05,SG
TXN0008909,ACCT002177,CUST005415,CASE000211,2023-08-03,IMPS,54762.1,AE
TXN0008910,ACCT001841,CUST003791,CASE003466,2023-04-16,UPI,56934.02,IN
TXN0008911,ACCT003392,CUST005396,CASE003365,2024-03-13,UPI,25447.66,SG
TXN0008912,ACCT008201,CUST000591,CASE004194,2023-07-20,IMPS,12610.14,SG
TXN0008913,ACCT005435,CUST003408,CASE003476,2024-04-21,UPI,68320.48,HK
TXN0008914,ACCT003868,CUST004055,CASE004166,2024-06-14,NEFT,99639.72,AE
TXN0008915,ACCT000138,CUST000386,CASE002427,2024-03-30,IMPS,16759.74,HK
TXN0008916,ACCT005178,CUST005072,CASE000896,2024-01-03,IMPS,14483.3,US
TXN0008917,ACCT008788,CUST005234,CASE003764,2023-07-03,NEFT,53269.43,SG
TXN0008918,ACCT003932,CUST003584,CASE002112,2024-04-07,IMPS,15866.88,GB
TXN0008919,ACCT000730,CUST000221,CASE001584,2024-12-03,NEFT,72977.42,AE
TXN0008920,ACCT004356,CUST005751,CASE000157,2024-10-23,UPI,107398.04,HK
TXN0008921,ACCT008622,CUST004494,CASE004240,2023-07-08,IMPS,5188.78,US
TXN0008922,ACCT000329,CUST002431,CASE000733,2024-12-01,IMPS,6425.76,GB
TXN0008923,ACCT002885,CUST001044,CASE003225,2023-01-04,NEFT,24793.98,HK
TXN0008924,ACCT004115,CUST000893,CASE003332,2023-10-11,NEFT,13753.75,HK
TXN0008925,ACCT008962,CUST005405,CASE004099,2024-04-09,NEFT,16279.24,SG
TXN0008926,ACCT005178,CUST005072,CASE000433,2024-01-09,UPI,8740.59,GB
TXN0008927,ACCT001562,CUST002416,CASE000459,2024-07-09,NEFT,5905.3,HK
TXN0008928,ACCT003709,CUST003725,CASE002626,2024-09-02,UPI,134425.51,SG
TXN0008929,ACCT005044,CUST003490,CASE002739,2024-07-06,IMPS,28900.43,SG
TXN0008930,ACCT001463,CUST005283,CASE004409,2024-12-16,UPI,41293.25,HK
TXN0008931,ACCT001245,CUST004433,CASE001024,2023-01-17,IMPS,30507.05,AE
TXN0008932,ACCT002788,CUST003728,CASE002190,2024-08-22,IMPS,29948.35,GB
TXN0008933,ACCT000553,CUST005435,CASE000995,2023-01-08,NEFT,11173.03,US
TXN0008934,ACCT000408,CUST004544,CASE002523,2024-05-30,UPI,21162.95,GB
TXN0008935,ACCT002797,CUST001790,CASE002599,2023-11-22,UPI,90389.73,US
TXN0008936,ACCT000573,CUST005043,CASE003252,2023-01-27,UPI,57321.63,GB
TXN0008937,ACCT003711,CUST002682,CASE001174,2023-03-20,IMPS,51322.39,HK
TXN0008938,ACCT003120,CUST003997,CASE003411,2023-07-31,NEFT,61577.59,SG
TXN0008939,ACCT002599,CUST005577,CASE002591,2023-11-21,IMPS,25857.05,US
TXN0008940,ACCT004151,CUST002449,CASE000393,2024-01-23,NEFT,64827.68,SG
TXN0008941,ACCT000712,CUST001807,CASE000184,2023-03-08,NEFT,6322.83,AE
TXN0008942,ACCT007011,CUST002027,CASE003898,2024-06-07,IMPS,5948.2,HK
TXN0008943,ACCT008097,CUST003653,CASE000391,2023-04-05,NEFT,25659.92,AE
TXN0008944,ACCT007635,CUST002661,CASE002845,2023-12-08,UPI,39057.66,SG
TXN0008945,ACCT007256,CUST005834,CASE004887,2023-06-30,NEFT,33672.2,AE
TXN0008946,ACCT006275,CUST001630,CASE003280,2024-11-14,IMPS,23201.21,AE
TXN0008947,ACCT005870,CUST004283,CASE004971,2023-05-19,IMPS,18412.94,AE
TXN0008948,ACCT006518,CUST003776,CASE003903,2024-05-20,NEFT,6908.77,GB
TXN0008949,ACCT003293,CUST000102,CASE003720,2024-04-15,IMPS,45914.63,GB
TXN0008950,ACCT002149,CUST002239,CASE002680,2023-03-18,IMPS,70848.84,US
TXN0008951,ACCT006215,CUST002291,CASE001684,2024-01-02,UPI,56358.53,US
TXN0008952,ACCT004128,CUST002526,CASE004538,2023-12-28,NEFT,19659.66,SG
TXN0008953,ACCT004907,CUST004124,CASE002832,2024-03-30,IMPS,12991.89,AE
TXN0008954,ACCT003477,CUST000551,CASE001789,2023-03-22,UPI,88645.46,HK
TXN0008955,ACCT004912,CUST000375,CASE004450,2023-05-21,NEFT,13495.61,SG
TXN0008956,ACCT000803,CUST001990,CASE001276,2023-11-06,NEFT,8860.56,GB
TXN0008957,ACCT000101,CUST001800,CASE002790,2023-12-24,IMPS,18230.6,SG
TXN0008958,ACCT000265,CUST001560,CASE003354,2023-09-03,IMPS,20355.53,IN
TXN0008959,ACCT005971,CUST001883,CASE003936,2023-02-03,NEFT,64255.13,US
TXN0008960,ACCT007305,CUST000301,CASE001445,2023-06-30,UPI,10551.46,US
TXN0008961,ACCT007683,CUST005687,CASE004249,2024-01-15,IMPS,49680.34,SG
TXN0008962,ACCT007109,CUST001892,CASE001737,2024-04-29,UPI,44567.76,US
TXN0008963,ACCT001007,CUST000022,CASE003593,2024-01-02,IMPS,10421.68,SG
TXN0008964,ACCT001577,CUST001872,CASE002276,2023-11-25,NEFT,20897.29,US
TXN0008965,ACCT006463,CUST005739,CASE000845,2024-12-23,NEFT,34629.04,GB
TXN0008966,ACCT007083,CUST005894,CASE002328,2024-03-08,UPI,80254.61,AE
TXN0008967,ACCT008777,CUST001703,CASE000869,2024-07-13,IMPS,5908.02,IN
TXN0008968,ACCT000774,CUST005485,CASE003658,2024-10-14,NEFT,38735.05,GB
TXN0008969,ACCT007073,CUST001108,CASE002174,2024-12-02,UPI,4296.85,SG
TXN0008970,ACCT003639,CUST000265,CASE003753,2024-05-23,UPI,42682.11,GB
TXN0008971,ACCT003102,CUST001127,CASE002264,2023-10-07,UPI,64328.11,GB
TXN0008972,ACCT002521,CUST004156,CASE001646,2024-02-22,UPI,46255.75,IN
TXN0008973,ACCT004849,CUST001126,CASE004495,2023-02-12,NEFT,3559.09,IN
TXN0008974,ACCT008851,CUST001335,CASE003719,2023-10-01,NEFT,21554.02,SG
TXN0008975,ACCT001751,CUST003422,CASE001323,2023-11-21,NEFT,34896.55,HK
TXN0008976,ACCT007199,CUST005293,CASE003162,2024-06-15,IMPS,21340.82,IN
TXN0008977,ACCT008555,CUST003707,CASE001233,2024-08-10,UPI,14865.16,SG
TXN0008978,ACCT008762,CUST005963,CASE000254,2023-04-11,NEFT,17462.68,AE
TXN0008979,ACCT002347,CUST005034,CASE002849,2024-08-27,UPI,100884.38,SG
TXN0008980,ACCT002447,CUST002891,CASE004410,2023-09-01,UPI,53406.77,SG
TXN0008981,ACCT008582,CUST002261,CASE002891,2023-01-07,UPI,23473.62,IN
TXN0008982,ACCT005638,CUST005402,CASE000515,2023-11-01,UPI,18104.79,US
TXN0008983,ACCT005556,CUST003125,CASE004895,2023-12-22,IMPS,26729.23,IN
TXN0008984,ACCT004731,CUST003761,CASE000306,2024-02-29,UPI,31438.84,HK
TXN0008985,ACCT001148,CUST003781,CASE002825,2024-01-26,UPI,163421.39,IN
TXN0008986,ACCT004264,CUST002184,CASE003777,2023-10-08,UPI,6860.51,HK
TXN0008987,ACCT006023,CUST000276,CASE004542,2024-02-21,IMPS,27466.66,SG
TXN0008988,ACCT004897,CUST000034,CASE004648,2023-05-19,IMPS,25784.05,AE
TXN0008989,ACCT004650,CUST001303,CASE003733,2024-12-26,IMPS,28766.99,IN
TXN0008990,ACCT003032,CUST004523,CASE000989,2024-04-08,NEFT,18640.06,HK
TXN0008991,ACCT004256,CUST002929,CASE000686,2024-09-07,UPI,27267.01,HK
TXN0008992,ACCT002618,CUST002598,CASE002864,2023-10-09,IMPS,34178.7,US
TXN0008993,ACCT008329,CUST003887,CASE004795,2023-04-07,UPI,33812.9,US
TXN0008994,ACCT000253,CUST005481,CASE001398,2024-12-23,UPI,16848.0,HK
TXN0008995,ACCT004020,CUST000979,CASE000837,2024-06-02,UPI,13201.69,US
TXN0008996,ACCT000494,CUST001635,CASE002230,2023-06-30,NEFT,5897.15,US
TXN0008997,ACCT004050,CUST004478,CASE000299,2024-10-31,UPI,45362.82,HK
TXN0008998,ACCT000015,CUST000245,CASE000538,2024-01-04,NEFT,29191.33,US
TXN0008999,ACCT007566,CUST004501,CASE002129,2024-01-13,NEFT,92464.24,SG
TXN0009000,ACCT000901,CUST003486,CASE004128,2024-10-17,NEFT,85652.55,GB
TXN0009001,ACCT002776,CUST002548,CASE003276,2023-07-14,UPI,8725.17,GB
TXN0009002,ACCT004658,CUST004659,CASE003860,2024-05-05,NEFT,54720.66,SG
TXN0009003,ACCT002960,CUST000385,CASE004183,2024-01-16,IMPS,18080.2,AE
TXN0009004,ACCT000157,CUST000939,CASE002632,2023-04-12,NEFT,6797.47,AE
TXN0009005,ACCT008326,CUST000924,CASE001771,2023-07-06,UPI,4121.27,GB
TXN0009006,ACCT000598,CUST004223,CASE003146,2023-06-19,NEFT,20505.58,GB
TXN0009007,ACCT008420,CUST001882,CASE001418,2023-11-05,UPI,23968.87,AE
TXN0009008,ACCT005629,CUST002336,CASE002358,2023-02-19,UPI,2869.8,AE
TXN0009009,ACCT006728,CUST005232,CASE003180,2024-01-17,IMPS,41280.26,AE
TXN0009010,ACCT007334,CUST002452,CASE001716,2023-07-11,UPI,154684.18,IN
TXN0009011,ACCT008714,CUST001806,CASE003198,2024-11-09,IMPS,2566.92,US
TXN0009012,ACCT000694,CUST000511,CASE003211,2024-02-13,NEFT,17614.63,AE
TXN0009013,ACCT004665,CUST000271,CASE004532,2024-09-23,UPI,32102.1,GB
TXN0009014,ACCT008636,CUST001216,CASE003750,2024-10-28,UPI,59774.35,IN
TXN0009015,ACCT000950,CUST004703,CASE003215,2023-12-02,NEFT,47024.89,SG
TXN0009016,ACCT004266,CUST000459,CASE000424,2023-10-09,IMPS,40965.49,AE
TXN0009017,ACCT003233,CUST003250,CASE000683,2024-07-16,IMPS,29083.38,SG
TXN0009018,ACCT000553,CUST005435,CASE001174,2023-03-27,IMPS,22067.97,IN
TXN0009019,ACCT000371,CUST002574,CASE000704,2023-07-10,IMPS,101523.65,AE
TXN0009020,ACCT007249,CUST002746,CASE004843,2023-07-01,NEFT,6527.39,GB
TXN0009021,ACCT008045,CUST001510,CASE004480,2024-04-19,UPI,33798.5,IN
TXN0009022,ACCT007230,CUST000748,CASE004155,2024-11-05,NEFT,38425.32,SG
TXN0009023,ACCT001404,CUST003044,CASE001221,2024-04-02,NEFT,22219.34,IN
TXN0009024,ACCT007571,CUST002321,CASE000476,2024-10-17,NEFT,96043.15,AE
TXN0009025,ACCT008705,CUST000329,CASE004304,2024-01-17,IMPS,11869.35,HK
TXN0009026,ACCT002442,CUST004141,CASE003246,2023-11-24,IMPS,38230.0,IN
TXN0009027,ACCT005438,CUST003305,CASE002765,2024-02-18,UPI,74633.12,IN
TXN0009028,ACCT003885,CUST004476,CASE000108,2024-11-17,UPI,26065.78,GB
TXN0009029,ACCT008173,CUST004008,CASE000791,2023-02-23,IMPS,5614.69,GB
TXN0009030,ACCT004179,CUST000615,CASE000167,2023-12-27,NEFT,22653.78,AE
TXN0009031,ACCT004935,CUST001731,CASE003240,2023-01-27,UPI,30643.41,AE
TXN0009032,ACCT007919,CUST003030,CASE003074,2023-11-15,NEFT,34257.73,AE
TXN0009033,ACCT002225,CUST003048,CASE003746,2024-05-13,UPI,25814.03,HK
TXN0009034,ACCT002751,CUST003143,CASE001991,2024-03-01,NEFT,97628.13,GB
TXN0009035,ACCT008902,CUST002788,CASE001881,2024-06-17,NEFT,32537.14,IN
TXN0009036,ACCT001229,CUST003847,CASE003630,2024-08-31,NEFT,4596.08,IN
TXN0009037,ACCT007233,CUST003682,CASE003960,2024-03-31,NEFT,47803.1,SG
TXN0009038,ACCT001959,CUST000358,CASE000206,2023-03-02,IMPS,49773.02,AE
TXN0009039,ACCT004677,CUST001015,CASE003315,2024-09-24,NEFT,124312.43,HK
TXN0009040,ACCT003300,CUST001989,CASE001024,2023-03-24,NEFT,74563.83,HK
TXN0009041,ACCT006295,CUST001187,CASE003606,2024-12-18,UPI,89863.39,US
TXN0009042,ACCT001503,CUST001080,CASE000301,2023-02-28,IMPS,6505.5,US
TXN0009043,ACCT008409,CUST001403,CASE000042,2024-04-12,IMPS,2181.97,AE
TXN0009044,ACCT003308,CUST002203,CASE001986,2023-04-05,NEFT,46773.98,AE
TXN0009045,ACCT005114,CUST002772,CASE000907,2024-08-20,UPI,28957.42,GB
TXN0009046,ACCT007796,CUST003578,CASE003551,2023-04-11,NEFT,28341.76,SG
TXN0009047,ACCT008209,CUST000376,CASE003907,2023-10-08,UPI,4071.45,US
TXN0009048,ACCT001473,CUST001738,CASE004279,2024-10-09,IMPS,34859.9,GB
TXN0009049,ACCT005598,CUST001508,CASE004432,2024-04-16,IMPS,74306.2,IN
TXN0009050,ACCT006393,CUST003946,CASE004468,2024-11-30,NEFT,70583.24,AE
TXN0009051,ACCT004278,CUST004847,CASE001525,2024-01-18,UPI,54189.6,US
TXN0009052,ACCT008074,CUST005000,CASE002683,2023-02-22,UPI,40994.52,GB
TXN0009053,ACCT008440,CUST001221,CASE001744,2023-02-08,IMPS,8390.61,SG
TXN0009054,ACCT003015,CUST001778,CASE000777,2023-04-02,NEFT,11663.59,GB
TXN0009055,ACCT008951,CUST003481,CASE001380,2024-02-12,NEFT,75395.68,US
TXN0009056,ACCT001549,CUST001216,CASE003836,2023-08-30,IMPS,59693.8,IN
TXN0009057,ACCT005245,CUST004828,CASE001261,2023-06-12,UPI,51442.81,SG
TXN0009058,ACCT005874,CUST001226,CASE002263,2023-04-20,UPI,10354.49,SG
TXN0009059,ACCT003527,CUST003749,CASE004215,2023-02-16,UPI,214644.42,GB
TXN0009060,ACCT001800,CUST005145,CASE004492,2024-07-16,IMPS,21833.16,US
TXN0009061,ACCT004423,CUST002801,CASE000677,2024-02-24,NEFT,2720.64,HK
TXN0009062,ACCT007559,CUST005104,CASE001753,2024-12-25,UPI,75834.01,HK
TXN0009063,ACCT004007,CUST005850,CASE003802,2024-07-27,UPI,80858.71,AE
TXN0009064,ACCT008406,CUST003814,CASE001789,2023-09-04,UPI,78151.82,SG
TXN0009065,ACCT003480,CUST005823,CASE004854,2024-01-06,IMPS,142381.82,SG
TXN0009066,ACCT001170,CUST000572,CASE002472,2024-11-24,IMPS,37698.85,HK
TXN0009067,ACCT001566,CUST003525,CASE001601,2023-10-13,IMPS,29196.3,HK
TXN0009068,ACCT000632,CUST003483,CASE002672,2024-01-12,NEFT,4859.06,IN
TXN0009069,ACCT003720,CUST002935,CASE000291,2023-11-04,UPI,18625.04,US
TXN0009070,ACCT006852,CUST005717,CASE004811,2024-11-13,UPI,172139.95,US
TXN0009071,ACCT002694,CUST001441,CASE001867,2024-06-15,UPI,16171.14,HK
TXN0009072,ACCT001805,CUST003678,CASE003824,2023-10-12,UPI,8421.8,HK
TXN0009073,ACCT006662,CUST001064,CASE004111,2023-06-06,UPI,47595.24,SG
TXN0009074,ACCT000606,CUST002543,CASE002520,2024-07-02,NEFT,80863.45,HK
TXN0009075,ACCT005705,CUST003807,CASE001994,2024-08-10,UPI,43497.93,AE
TXN0009076,ACCT005126,CUST002833,CASE004663,2023-05-19,UPI,15482.46,IN
TXN0009077,ACCT000828,CUST003767,CASE002183,2024-07-01,UPI,45649.24,US
TXN0009078,ACCT003864,CUST002422,CASE004151,2024-05-04,UPI,73382.19,AE
TXN0009079,ACCT002279,CUST002962,CASE003038,2024-11-02,UPI,100433.54,IN
TXN0009080,ACCT001696,CUST001766,CASE000003,2024-02-24,NEFT,36986.56,GB
TXN0009081,ACCT008884,CUST002467,CASE003053,2023-10-29,UPI,39706.21,US
TXN0009082,ACCT003712,CUST004768,CASE002215,2024-10-08,IMPS,2306.99,IN
TXN0009083,ACCT000400,CUST004451,CASE002870,2023-03-17,NEFT,13303.74,AE
TXN0009084,ACCT006429,CUST003234,CASE000719,2024-02-21,IMPS,8115.47,HK
TXN0009085,ACCT005029,CUST002097,CASE003940,2024-07-15,IMPS,31513.23,SG
TXN0009086,ACCT005442,CUST001748,CASE002163,2023-08-19,UPI,15528.45,GB
TXN0009087,ACCT008945,CUST001857,CASE000991,2024-11-22,IMPS,7585.38,HK
TXN0009088,ACCT000488,CUST005745,CASE000676,2023-11-03,IMPS,2177.34,GB
TXN0009089,ACCT006850,CUST002678,CASE000598,2024-03-09,NEFT,16285.32,SG
TXN0009090,ACCT002065,CUST004392,CASE002006,2024-08-11,UPI,12043.76,SG
TXN0009091,ACCT004865,CUST005198,CASE003551,2024-10-03,NEFT,25389.54,HK
TXN0009092,ACCT008615,CUST005293,CASE002572,2023-01-21,UPI,9929.94,HK
TXN0009093,ACCT007624,CUST001899,CASE000518,2024-03-25,NEFT,10354.67,US
TXN0009094,ACCT006614,CUST003838,CASE001714,2024-05-12,UPI,145938.27,AE
TXN0009095,ACCT005221,CUST005912,CASE002889,2024-12-22,NEFT,15100.28,IN
TXN0009096,ACCT001887,CUST004571,CASE000820,2023-07-21,IMPS,22557.14,HK
TXN0009097,ACCT002337,CUST002327,CASE003016,2024-08-30,NEFT,58024.75,AE
TXN0009098,ACCT000405,CUST004334,CASE002733,2024-06-01,IMPS,8068.83,GB
TXN0009099,ACCT003172,CUST005217,CASE002231,2023-02-19,NEFT,59185.15,HK
TXN0009100,ACCT006140,CUST005068,CASE003048,2024-05-05,UPI,36575.34,HK
TXN0009101,ACCT000755,CUST003853,CASE000752,2023-12-11,NEFT,107237.58,GB
TXN0009102,ACCT007193,CUST005023,CASE004618,2023-03-14,NEFT,21300.43,IN
TXN0009103,ACCT000353,CUST000983,CASE002552,2023-01-31,NEFT,8023.61,IN
TXN0009104,ACCT002871,CUST003093,CASE003438,2024-03-28,NEFT,16604.38,SG
TXN0009105,ACCT000294,CUST003790,CASE002041,2024-06-02,NEFT,62806.58,IN
TXN0009106,ACCT000345,CUST000657,CASE004555,2023-12-21,IMPS,64615.93,AE
TXN0009107,ACCT005192,CUST002720,CASE000155,2024-11-03,IMPS,19731.81,US
TXN0009108,ACCT006179,CUST003746,CASE004083,2024-09-17,UPI,5918.12,SG
TXN0009109,ACCT008569,CUST005516,CASE003333,2023-05-20,UPI,24372.29,AE
TXN0009110,ACCT007784,CUST002364,CASE003179,2023-03-11,UPI,42934.9,US
TXN0009111,ACCT000871,CUST004233,CASE001409,2024-10-25,UPI,5124.9,GB
TXN0009112,ACCT008200,CUST001909,CASE003783,2024-10-16,IMPS,16063.04,US
TXN0009113,ACCT007794,CUST003988,CASE000006,2024-12-24,NEFT,14408.76,US
TXN0009114,ACCT005912,CUST002086,CASE004928,2024-02-12,UPI,42430.41,US
TXN0009115,ACCT002055,CUST000392,CASE000054,2023-11-14,UPI,22570.99,HK
TXN0009116,ACCT005553,CUST000709,CASE004927,2024-01-31,IMPS,82637.27,HK
TXN0009117,ACCT007711,CUST005284,CASE002519,2023-05-19,NEFT,43066.39,IN
TXN0009118,ACCT007554,CUST001224,CASE000355,2024-09-27,NEFT,21028.78,SG
TXN0009119,ACCT002761,CUST002143,CASE004883,2024-01-16,NEFT,11508.16,AE
TXN0009120,ACCT005361,CUST005677,CASE001266,2024-11-20,IMPS,40807.58,GB
TXN0009121,ACCT004858,CUST001478,CASE001014,2023-10-05,NEFT,21491.14,GB
TXN0009122,ACCT005957,CUST001465,CASE003312,2024-01-05,UPI,82211.28,US
TXN0009123,ACCT006233,CUST003875,CASE004639,2024-09-18,UPI,36122.59,AE
TXN0009124,ACCT005893,CUST005319,CASE002722,2024-09-06,IMPS,8841.05,SG
TXN0009125,ACCT001083,CUST005201,CASE004815,2024-12-09,IMPS,19371.43,US
TXN0009126,ACCT003759,CUST005363,CASE004872,2023-06-05,IMPS,33994.79,US
TXN0009127,ACCT005659,CUST005568,CASE001942,2023-03-21,UPI,15931.11,IN
TXN0009128,ACCT005948,CUST005013,CASE003118,2023-09-12,UPI,10585.86,SG
TXN0009129,ACCT004309,CUST001454,CASE004123,2024-09-23,UPI,28640.44,US
TXN0009130,ACCT000729,CUST004376,CASE004038,2023-03-26,IMPS,53840.77,SG
TXN0009131,ACCT002842,CUST005926,CASE003492,2024-02-03,UPI,58650.42,US
TXN0009132,ACCT007640,CUST003894,CASE003886,2023-11-16,NEFT,56481.48,IN
TXN0009133,ACCT007407,CUST001740,CASE000374,2023-04-08,NEFT,18671.28,US
TXN0009134,ACCT007486,CUST004072,CASE002020,2023-10-20,NEFT,5025.04,GB
TXN0009135,ACCT003770,CUST002503,CASE004758,2023-07-21,IMPS,50814.55,SG
TXN0009136,ACCT000698,CUST004785,CASE004420,2023-08-26,IMPS,41128.12,SG
TXN0009137,ACCT000918,CUST001517,CASE001587,2024-08-10,NEFT,70978.91,IN
TXN0009138,ACCT008170,CUST005897,CASE001906,2023-07-05,IMPS,29228.35,SG
TXN0009139,ACCT008622,CUST004494,CASE002621,2023-09-08,UPI,4492.11,US
TXN0009140,ACCT008368,CUST002672,CASE000254,2024-09-22,NEFT,60362.34,GB
TXN0009141,ACCT004208,CUST003654,CASE004447,2024-12-19,NEFT,3763.09,GB
TXN0009142,ACCT004336,CUST005319,CASE004274,2024-01-04,UPI,3071.47,HK
TXN0009143,ACCT003751,CUST001658,CASE002291,2024-08-17,UPI,32125.04,IN
TXN0009144,ACCT001838,CUST004867,CASE000463,2024-12-08,UPI,7774.21,HK
TXN0009145,ACCT000710,CUST004474,CASE000663,2023-05-10,NEFT,6104.99,HK
TXN0009146,ACCT007227,CUST001344,CASE003272,2024-10-09,IMPS,35582.66,HK
TXN0009147,ACCT000332,CUST004745,CASE001384,2024-09-11,IMPS,14103.44,IN
TXN0009148,ACCT005639,CUST002505,CASE000076,2023-02-17,NEFT,58798.02,IN
TXN0009149,ACCT001027,CUST005417,CASE000033,2023-04-29,NEFT,16737.91,GB
TXN0009150,ACCT006544,CUST000926,CASE004943,2023-04-02,UPI,16423.69,IN
TXN0009151,ACCT006281,CUST001430,CASE004970,2024-01-08,NEFT,6184.77,IN
TXN0009152,ACCT000888,CUST002411,CASE003349,2023-07-11,UPI,13579.78,GB
TXN0009153,ACCT006778,CUST002473,CASE002529,2023-08-07,NEFT,7542.42,SG
TXN0009154,ACCT000586,CUST002640,CASE002405,2024-06-30,UPI,79681.9,AE
TXN0009155,ACCT005754,CUST002241,CASE001866,2023-01-12,UPI,42691.8,US
TXN0009156,ACCT005354,CUST005302,CASE002147,2024-01-02,UPI,22309.9,GB
TXN0009157,ACCT004070,CUST004341,CASE003442,2023-06-17,NEFT,42050.7,IN
TXN0009158,ACCT008351,CUST000239,CASE001019,2024-10-03,NEFT,19431.52,SG
TXN0009159,ACCT007440,CUST003945,CASE003456,2023-08-30,IMPS,42928.63,HK
TXN0009160,ACCT002493,CUST001182,CASE004619,2024-06-27,IMPS,14256.24,US
TXN0009161,ACCT005012,CUST002709,CASE002206,2024-05-01,NEFT,36646.16,HK
TXN0009162,ACCT001299,CUST002357,CASE001831,2024-08-07,NEFT,38428.61,HK
TXN0009163,ACCT001604,CUST004805,CASE001399,2023-09-08,NEFT,9601.61,GB
TXN0009164,ACCT006546,CUST005185,CASE000959,2024-11-13,UPI,20296.36,SG
TXN0009165,ACCT005381,CUST003013,CASE003730,2024-05-08,UPI,16215.03,IN
TXN0009166,ACCT000198,CUST004648,CASE003975,2023-01-13,NEFT,21001.68,AE
TXN0009167,ACCT003724,CUST001785,CASE000846,2024-03-31,IMPS,27174.65,GB
TXN0009168,ACCT002792,CUST005751,CASE001874,2023-11-23,NEFT,54474.06,IN
TXN0009169,ACCT008547,CUST004126,CASE003666,2024-04-19,UPI,17117.46,IN
TXN0009170,ACCT001482,CUST004626,CASE004995,2023-03-17,UPI,15300.3,US
TXN0009171,ACCT006064,CUST003310,CASE002662,2023-09-27,UPI,32908.38,AE
TXN0009172,ACCT005918,CUST004455,CASE001273,2023-01-11,IMPS,11990.31,IN
TXN0009173,ACCT006359,CUST003631,CASE002655,2024-10-05,NEFT,10428.73,GB
TXN0009174,ACCT004593,CUST002817,CASE004797,2024-03-02,UPI,87761.34,US
TXN0009175,ACCT005194,CUST005078,CASE000945,2024-05-30,NEFT,2147.26,GB
TXN0009176,ACCT005473,CUST002317,CASE003491,2024-08-23,NEFT,24052.2,AE
TXN0009177,ACCT000190,CUST004003,CASE003922,2024-04-17,UPI,18902.8,HK
TXN0009178,ACCT002241,CUST004242,CASE001875,2024-02-25,UPI,39835.4,AE
TXN0009179,ACCT005498,CUST001747,CASE000644,2024-09-26,IMPS,3174.98,IN
TXN0009180,ACCT002923,CUST002005,CASE003421,2024-04-08,UPI,147969.49,SG
TXN0009181,ACCT003591,CUST001119,CASE003977,2023-07-20,IMPS,8562.2,IN
TXN0009182,ACCT007331,CUST002951,CASE004370,2023-08-14,IMPS,7820.43,US
TXN0009183,ACCT002791,CUST003407,CASE000248,2024-05-17,UPI,11689.01,US
TXN0009184,ACCT001979,CUST003783,CASE004640,2024-08-24,UPI,52915.46,SG
TXN0009185,ACCT007951,CUST003802,CASE004073,2024-02-13,UPI,54999.34,US
TXN0009186,ACCT002456,CUST002341,CASE004256,2023-10-01,IMPS,27784.12,HK
TXN0009187,ACCT006167,CUST001051,CASE000562,2023-12-28,UPI,63081.98,IN
TXN0009188,ACCT005833,CUST000153,CASE003580,2023-06-29,NEFT,93008.61,US
TXN0009189,ACCT002588,CUST004305,CASE001776,2024-05-01,UPI,28153.63,SG
TXN0009190,ACCT005867,CUST000890,CASE002033,2023-05-12,IMPS,15140.36,GB
TXN0009191,ACCT006146,CUST005537,CASE004118,2023-09-15,NEFT,12365.39,SG
TXN0009192,ACCT008927,CUST002553,CASE003051,2024-09-29,UPI,16824.62,HK
TXN0009193,ACCT005916,CUST002321,CASE004356,2023-12-23,NEFT,11494.53,HK
TXN0009194,ACCT008942,CUST005688,CASE003756,2023-10-13,UPI,3036.59,SG
TXN0009195,ACCT005130,CUST003153,CASE003790,2023-09-16,UPI,43400.47,IN
TXN0009196,ACCT008638,CUST002330,CASE000153,2023-03-07,NEFT,24584.78,GB
TXN0009197,ACCT000633,CUST001793,CASE002011,2023-01-01,UPI,16656.1,SG
TXN0009198,ACCT002190,CUST005955,CASE001416,2023-03-18,IMPS,12138.52,US
TXN0009199,ACCT006434,CUST003193,CASE004512,2023-08-05,UPI,6691.86,HK
TXN0009200,ACCT008268,CUST001293,CASE000307,2024-12-10,IMPS,14570.18,GB
TXN0009201,ACCT000684,CUST001252,CASE003023,2024-01-28,NEFT,101506.54,GB
TXN0009202,ACCT005879,CUST005037,CASE002423,2024-09-18,UPI,41874.44,HK
TXN0009203,ACCT001649,CUST001478,CASE003847,2023-05-11,NEFT,33263.05,IN
TXN0009204,ACCT001368,CUST001083,CASE001026,2024-02-04,UPI,116212.0,IN
TXN0009205,ACCT007938,CUST003606,CASE000017,2024-02-25,NEFT,7828.49,HK
TXN0009206,ACCT006225,CUST002212,CASE002240,2024-01-28,NEFT,20261.36,SG
TXN0009207,ACCT008938,CUST000236,CASE000713,2023-08-12,NEFT,5551.15,HK
TXN0009208,ACCT003170,CUST003900,CASE001440,2023-04-11,UPI,46911.21,SG
TXN0009209,ACCT000505,CUST002283,CASE001777,2024-11-11,UPI,20527.59,SG
TXN0009210,ACCT008356,CUST001928,CASE001045,2024-03-19,IMPS,72882.96,US
TXN0009211,ACCT008016,CUST002880,CASE002373,2023-07-10,NEFT,144793.95,AE
TXN0009212,ACCT000856,CUST000236,CASE004779,2023-05-07,UPI,2778.96,IN
TXN0009213,ACCT005784,CUST000632,CASE002336,2024-05-04,NEFT,43812.28,SG
TXN0009214,ACCT000932,CUST002957,CASE000102,2024-09-21,IMPS,37257.36,US
TXN0009215,ACCT002944,CUST001174,CASE001327,2023-05-15,NEFT,21451.17,HK
TXN0009216,ACCT001113,CUST004445,CASE002093,2023-03-06,IMPS,8800.12,IN
TXN0009217,ACCT008572,CUST001543,CASE001457,2023-04-16,NEFT,20372.05,GB
TXN0009218,ACCT008312,CUST004344,CASE001784,2023-02-12,UPI,51901.49,HK
TXN0009219,ACCT001441,CUST004812,CASE001395,2024-03-25,NEFT,27410.28,AE
TXN0009220,ACCT002540,CUST000219,CASE003640,2024-06-12,NEFT,11331.62,GB
TXN0009221,ACCT004590,CUST000828,CASE001316,2023-03-15,IMPS,35804.01,AE
TXN0009222,ACCT007654,CUST005852,CASE003693,2024-06-17,NEFT,21980.8,US
TXN0009223,ACCT006865,CUST003539,CASE003305,2023-12-14,UPI,18477.21,SG
TXN0009224,ACCT004729,CUST003085,CASE004045,2024-12-10,UPI,2692.01,HK
TXN0009225,ACCT001687,CUST002230,CASE001278,2023-10-15,NEFT,24707.07,GB
TXN0009226,ACCT003846,CUST000691,CASE004780,2023-05-16,UPI,13714.02,US
TXN0009227,ACCT005183,CUST001695,CASE000023,2024-01-30,UPI,13232.99,SG
TXN0009228,ACCT004406,CUST003075,CASE001350,2023-02-28,UPI,44963.75,HK
TXN0009229,ACCT002298,CUST002534,CASE004883,2023-07-30,IMPS,11863.44,SG
TXN0009230,ACCT006479,CUST003592,CASE002667,2024-01-19,NEFT,49934.16,SG
TXN0009231,ACCT000395,CUST002002,CASE004660,2023-09-01,IMPS,29205.11,SG
TXN0009232,ACCT003804,CUST000846,CASE001154,2023-09-19,UPI,91151.94,GB
TXN0009233,ACCT005225,CUST005005,CASE000516,2023-10-11,NEFT,4516.55,IN
TXN0009234,ACCT005905,CUST002872,CASE003062,2024-12-14,NEFT,31879.45,GB
TXN0009235,ACCT000139,CUST000899,CASE003039,2024-12-13,IMPS,8454.42,AE
TXN0009236,ACCT004193,CUST004702,CASE001235,2023-08-22,IMPS,36903.3,US
TXN0009237,ACCT000381,CUST000595,CASE001393,2023-04-29,NEFT,51914.03,US
TXN0009238,ACCT007864,CUST005023,CASE003737,2023-01-19,NEFT,31253.35,US
TXN0009239,ACCT006949,CUST004408,CASE001697,2024-09-29,NEFT,16914.74,SG
TXN0009240,ACCT002672,CUST004509,CASE003722,2024-02-08,UPI,28033.32,HK
TXN0009241,ACCT001473,CUST001738,CASE003661,2024-06-15,UPI,10944.37,HK
TXN0009242,ACCT003282,CUST003343,CASE003463,2024-10-01,UPI,46132.01,HK
TXN0009243,ACCT005633,CUST002604,CASE000628,2024-06-29,IMPS,24885.13,US
TXN0009244,ACCT005804,CUST003923,CASE003630,2024-11-26,NEFT,86850.59,AE
TXN0009245,ACCT001319,CUST003125,CASE001349,2023-11-07,NEFT,12451.89,GB
TXN0009246,ACCT003857,CUST002472,CASE000834,2023-04-04,IMPS,13449.82,IN
TXN0009247,ACCT004016,CUST002223,CASE000401,2023-11-25,IMPS,34098.98,US
TXN0009248,ACCT008862,CUST002234,CASE004332,2024-02-26,IMPS,45911.38,IN
TXN0009249,ACCT002828,CUST004181,CASE002275,2024-10-20,UPI,34791.62,HK
TXN0009250,ACCT000231,CUST001841,CASE002996,2024-08-09,UPI,60720.85,HK
TXN0009251,ACCT006807,CUST004674,CASE000534,2023-04-04,NEFT,26430.62,IN
TXN0009252,ACCT008351,CUST000239,CASE004976,2023-10-15,NEFT,5233.79,GB
TXN0009253,ACCT003152,CUST003057,CASE002049,2023-03-20,NEFT,7281.12,IN
TXN0009254,ACCT001705,CUST004859,CASE003263,2023-11-12,IMPS,10211.74,SG
TXN0009255,ACCT008982,CUST002880,CASE000871,2023-03-09,IMPS,31577.86,IN
TXN0009256,ACCT001869,CUST004283,CASE003630,2023-05-11,IMPS,9232.65,GB
TXN0009257,ACCT001678,CUST004885,CASE002242,2023-06-07,NEFT,11829.47,AE
TXN0009258,ACCT001614,CUST005907,CASE002656,2024-01-27,UPI,11347.65,IN
TXN0009259,ACCT003130,CUST002251,CASE000860,2023-01-03,NEFT,20787.6,HK
TXN0009260,ACCT003698,CUST003394,CASE004009,2023-09-26,NEFT,72715.82,IN
TXN0009261,ACCT007838,CUST004754,CASE003513,2023-05-02,IMPS,21871.3,HK
TXN0009262,ACCT004735,CUST002476,CASE001458,2024-09-19,UPI,13369.79,SG
TXN0009263,ACCT005607,CUST000446,CASE003876,2023-10-07,IMPS,12160.75,AE
TXN0009264,ACCT008751,CUST003164,CASE001594,2024-10-12,NEFT,1291.46,HK
TXN0009265,ACCT002538,CUST005637,CASE003515,2023-09-28,NEFT,23966.46,IN
TXN0009266,ACCT006419,CUST002400,CASE004065,2024-10-04,NEFT,10780.21,GB
TXN0009267,ACCT005174,CUST004499,CASE001024,2023-08-26,UPI,8007.17,GB
TXN0009268,ACCT000754,CUST000671,CASE001958,2023-01-22,IMPS,17720.64,HK
TXN0009269,ACCT004535,CUST003235,CASE000554,2024-06-28,IMPS,44078.37,GB
TXN0009270,ACCT000708,CUST003433,CASE001553,2024-09-24,UPI,19923.32,GB
TXN0009271,ACCT008175,CUST000517,CASE002659,2024-12-11,IMPS,39248.48,SG
TXN0009272,ACCT007737,CUST002495,CASE002615,2024-06-15,NEFT,47762.62,AE
TXN0009273,ACCT007063,CUST001136,CASE004638,2023-08-19,IMPS,49043.06,GB
TXN0009274,ACCT003538,CUST003216,CASE004674,2024-12-08,NEFT,55104.8,HK
TXN0009275,ACCT004354,CUST005971,CASE003307,2023-03-29,NEFT,10594.41,HK
TXN0009276,ACCT005290,CUST005832,CASE000140,2023-08-23,IMPS,16544.99,AE
TXN0009277,ACCT002930,CUST000463,CASE004178,2023-04-26,UPI,28593.48,GB
TXN0009278,ACCT001847,CUST005340,CASE002690,2024-01-15,UPI,36219.46,US
TXN0009279,ACCT001686,CUST000669,CASE002710,2023-10-23,NEFT,19348.06,GB
TXN0009280,ACCT008882,CUST002591,CASE001512,2023-06-18,IMPS,4715.5,IN
TXN0009281,ACCT004230,CUST002042,CASE001641,2024-01-30,IMPS,3439.67,US
TXN0009282,ACCT004372,CUST000638,CASE002624,2023-04-03,IMPS,81396.85,IN
TXN0009283,ACCT004746,CUST004600,CASE003175,2024-11-04,NEFT,59036.2,IN
TXN0009284,ACCT006465,CUST004031,CASE004050,2024-10-27,UPI,2177.09,HK
TXN0009285,ACCT002069,CUST004711,CASE004584,2024-01-30,UPI,5673.63,AE
TXN0009286,ACCT003533,CUST005236,CASE003841,2024-06-07,UPI,59029.55,AE
TXN0009287,ACCT003790,CUST000067,CASE004924,2023-04-29,IMPS,125760.99,AE
TXN0009288,ACCT005193,CUST004589,CASE003279,2024-10-03,UPI,22498.85,GB
TXN0009289,ACCT008131,CUST002941,CASE004010,2024-02-25,UPI,98550.88,IN
TXN0009290,ACCT005898,CUST000356,CASE003934,2023-06-30,IMPS,74404.26,SG
TXN0009291,ACCT003943,CUST000451,CASE003134,2024-04-17,UPI,28806.36,GB
TXN0009292,ACCT000703,CUST003908,CASE004313,2023-04-01,IMPS,34679.93,SG
TXN0009293,ACCT003929,CUST000542,CASE004792,2023-05-09,NEFT,26729.49,US
TXN0009294,ACCT003084,CUST001379,CASE002753,2024-03-29,IMPS,27651.68,HK
TXN0009295,ACCT001769,CUST004293,CASE001591,2023-06-11,NEFT,9527.52,IN
TXN0009296,ACCT006031,CUST005522,CASE004533,2023-07-15,IMPS,4871.14,US
TXN0009297,ACCT006624,CUST002158,CASE002509,2024-06-17,NEFT,33738.89,US
TXN0009298,ACCT002437,CUST002528,CASE004393,2023-09-04,IMPS,36743.83,GB
TXN0009299,ACCT003422,CUST005020,CASE001999,2024-02-29,UPI,10951.7,GB
TXN0009300,ACCT000298,CUST004509,CASE001963,2023-09-11,UPI,27574.26,GB
TXN0009301,ACCT002532,CUST005520,CASE000818,2023-06-12,NEFT,26492.06,GB
TXN0009302,ACCT006185,CUST005647,CASE002368,2024-01-26,UPI,9332.08,HK
TXN0009303,ACCT003818,CUST005000,CASE004139,2024-10-29,UPI,45679.04,AE
TXN0009304,ACCT004825,CUST003045,CASE001549,2023-11-12,UPI,10631.75,AE
TXN0009305,ACCT007030,CUST002111,CASE003026,2024-03-02,NEFT,110960.39,HK
TXN0009306,ACCT001019,CUST005759,CASE004954,2024-02-27,IMPS,54186.09,HK
TXN0009307,ACCT007741,CUST000732,CASE003546,2023-11-19,NEFT,17070.61,GB
TXN0009308,ACCT003932,CUST003584,CASE003448,2024-06-04,UPI,22324.13,US
TXN0009309,ACCT008610,CUST002752,CASE003631,2023-04-18,UPI,15221.91,GB
TXN0009310,ACCT003428,CUST003274,CASE000169,2023-10-26,IMPS,117425.22,US
TXN0009311,ACCT001117,CUST001537,CASE001302,2024-12-29,IMPS,10987.62,US
TXN0009312,ACCT003425,CUST005285,CASE003097,2023-12-10,NEFT,19640.35,HK
TXN0009313,ACCT003497,CUST001900,CASE001068,2024-06-14,UPI,39062.3,GB
TXN0009314,ACCT000163,CUST000914,CASE001807,2024-05-26,IMPS,76625.2,IN
TXN0009315,ACCT001559,CUST003121,CASE003658,2024-03-23,IMPS,27571.75,SG
TXN0009316,ACCT008356,CUST001928,CASE004484,2023-08-05,UPI,61277.78,AE
TXN0009317,ACCT003546,CUST005519,CASE003883,2023-12-29,IMPS,45830.52,GB
TXN0009318,ACCT001034,CUST001221,CASE001829,2023-07-30,UPI,11675.86,GB
TXN0009319,ACCT004534,CUST000647,CASE001419,2023-05-15,IMPS,11775.02,IN
TXN0009320,ACCT008455,CUST003707,CASE000212,2024-06-17,NEFT,12500.66,GB
TXN0009321,ACCT005911,CUST001097,CASE004424,2024-10-15,IMPS,18970.25,US
TXN0009322,ACCT008268,CUST001293,CASE003337,2023-04-09,UPI,46267.98,US
TXN0009323,ACCT006878,CUST000697,CASE001956,2023-11-15,UPI,37497.77,GB
TXN0009324,ACCT008753,CUST000100,CASE002039,2024-08-20,UPI,11234.28,SG
TXN0009325,ACCT008532,CUST001678,CASE001107,2024-12-22,NEFT,46596.58,US
TXN0009326,ACCT000686,CUST001753,CASE003018,2024-07-09,IMPS,71418.36,IN
TXN0009327,ACCT005945,CUST003470,CASE001307,2023-07-24,IMPS,5496.55,AE
TXN0009328,ACCT004612,CUST000318,CASE003430,2023-12-01,NEFT,176149.29,SG
TXN0009329,ACCT007180,CUST004229,CASE003533,2024-09-05,NEFT,10995.92,SG
TXN0009330,ACCT000128,CUST004789,CASE003137,2023-10-06,UPI,3111.34,US
TXN0009331,ACCT000770,CUST001249,CASE003326,2024-06-21,IMPS,19443.05,SG
TXN0009332,ACCT000618,CUST005160,CASE002964,2023-07-11,UPI,27750.38,GB
TXN0009333,ACCT008211,CUST005746,CASE001656,2024-04-17,IMPS,11235.85,GB
TXN0009334,ACCT006790,CUST004675,CASE004819,2024-09-26,UPI,74242.63,US
TXN0009335,ACCT002012,CUST003399,CASE003974,2024-05-07,NEFT,42253.15,HK
TXN0009336,ACCT003861,CUST004175,CASE004766,2024-11-06,UPI,61437.29,HK
TXN0009337,ACCT001137,CUST001961,CASE000305,2023-11-18,UPI,49943.49,HK
TXN0009338,ACCT001928,CUST002971,CASE003826,2024-07-09,IMPS,24264.8,GB
TXN0009339,ACCT001011,CUST004865,CASE003901,2024-04-21,UPI,34290.82,US
TXN0009340,ACCT000780,CUST002100,CASE000542,2023-12-28,NEFT,71319.88,HK
TXN0009341,ACCT006302,CUST004683,CASE002702,2024-05-19,IMPS,10844.15,SG
TXN0009342,ACCT006257,CUST003904,CASE003691,2023-05-08,NEFT,12445.66,SG
TXN0009343,ACCT002159,CUST005670,CASE004200,2024-05-20,NEFT,44825.24,SG
TXN0009344,ACCT002922,CUST000399,CASE000520,2024-08-14,UPI,10051.65,AE
TXN0009345,ACCT007195,CUST005653,CASE003429,2024-09-22,IMPS,52307.13,HK
TXN0009346,ACCT001843,CUST004541,CASE004361,2023-11-17,UPI,63153.78,US
TXN0009347,ACCT003788,CUST003646,CASE004899,2023-12-25,UPI,6180.82,IN
TXN0009348,ACCT008201,CUST000591,CASE000107,2024-01-06,NEFT,7904.78,IN
TXN0009349,ACCT002549,CUST000421,CASE001402,2024-12-19,UPI,63600.91,US
TXN0009350,ACCT001818,CUST003623,CASE002047,2023-05-10,UPI,11134.52,AE
TXN0009351,ACCT004295,CUST000461,CASE000938,2024-10-22,UPI,46438.44,IN
TXN0009352,ACCT002814,CUST004692,CASE001103,2023-02-27,UPI,66854.52,IN
TXN0009353,ACCT006738,CUST001478,CASE001144,2024-11-15,NEFT,21200.85,AE
TXN0009354,ACCT008644,CUST004386,CASE004891,2023-01-02,IMPS,18262.93,GB
TXN0009355,ACCT007979,CUST002899,CASE004627,2023-07-10,IMPS,26584.24,AE
TXN0009356,ACCT003635,CUST000839,CASE001395,2023-04-29,UPI,4124.41,US
TXN0009357,ACCT005289,CUST002572,CASE000335,2023-04-20,UPI,24449.91,HK
TXN0009358,ACCT002261,CUST003647,CASE002485,2023-03-14,IMPS,18583.74,GB
TXN0009359,ACCT008651,CUST001258,CASE004850,2023-01-17,UPI,28800.94,GB
TXN0009360,ACCT008390,CUST003750,CASE003559,2023-05-03,NEFT,19938.76,US
TXN0009361,ACCT000413,CUST002167,CASE001433,2023-01-13,NEFT,48770.76,HK
TXN0009362,ACCT006572,CUST002773,CASE004572,2024-11-28,IMPS,28331.86,AE
TXN0009363,ACCT000269,CUST003532,CASE001085,2024-07-14,IMPS,29014.49,HK
TXN0009364,ACCT002706,CUST002745,CASE002715,2024-11-03,UPI,40148.65,AE
TXN0009365,ACCT008616,CUST002674,CASE002592,2024-11-30,NEFT,78135.89,AE
TXN0009366,ACCT007273,CUST003758,CASE003151,2023-02-28,UPI,31016.89,US
TXN0009367,ACCT004369,CUST004065,CASE001625,2023-09-25,NEFT,115126.74,AE
TXN0009368,ACCT000155,CUST005573,CASE001857,2024-04-28,IMPS,38848.25,IN
TXN0009369,ACCT002388,CUST003716,CASE004357,2023-07-05,NEFT,32002.58,AE
TXN0009370,ACCT007361,CUST004334,CASE002493,2024-05-04,IMPS,28164.7,SG
TXN0009371,ACCT007394,CUST000197,CASE002694,2024-06-05,IMPS,27074.68,SG
TXN0009372,ACCT001935,CUST001856,CASE000590,2023-07-01,UPI,34738.5,HK
TXN0009373,ACCT003004,CUST003090,CASE004523,2023-06-23,UPI,10591.46,IN
TXN0009374,ACCT007556,CUST002242,CASE002145,2024-08-03,NEFT,28831.71,US
TXN0009375,ACCT004902,CUST002821,CASE002914,2024-08-22,UPI,91832.96,AE
TXN0009376,ACCT002386,CUST003327,CASE004029,2023-05-10,IMPS,155465.68,AE
TXN0009377,ACCT008493,CUST005139,CASE003102,2023-01-10,NEFT,59184.09,GB
TXN0009378,ACCT001863,CUST000321,CASE003894,2024-05-06,UPI,34163.25,GB
TXN0009379,ACCT006288,CUST003662,CASE004995,2024-09-06,NEFT,47432.5,SG
TXN0009380,ACCT004758,CUST005248,CASE001403,2024-09-22,UPI,3948.44,AE
TXN0009381,ACCT000144,CUST003459,CASE003735,2024-11-06,NEFT,56567.51,US
TXN0009382,ACCT006858,CUST003219,CASE000015,2023-05-03,UPI,60867.62,SG
TXN0009383,ACCT008013,CUST000852,CASE000170,2023-05-05,NEFT,12776.91,GB
TXN0009384,ACCT003809,CUST003136,CASE000070,2024-12-05,UPI,15755.83,GB
TXN0009385,ACCT000619,CUST004716,CASE000897,2023-01-10,NEFT,12613.07,IN
TXN0009386,ACCT000803,CUST001990,CASE001379,2023-05-15,NEFT,14691.61,IN
TXN0009387,ACCT000061,CUST002963,CASE003941,2024-10-17,NEFT,12338.48,US
TXN0009388,ACCT001722,CUST002688,CASE003814,2024-11-22,UPI,26878.02,US
TXN0009389,ACCT002631,CUST002828,CASE000644,2023-08-10,IMPS,14639.79,HK
TXN0009390,ACCT002887,CUST001825,CASE003004,2024-04-06,UPI,14641.33,SG
TXN0009391,ACCT003639,CUST000265,CASE004761,2023-02-08,IMPS,43336.23,IN
TXN0009392,ACCT005200,CUST005865,CASE000421,2023-05-16,UPI,18099.09,SG
TXN0009393,ACCT008996,CUST004672,CASE003847,2024-07-04,UPI,48930.69,IN
TXN0009394,ACCT006142,CUST001278,CASE004998,2023-09-13,IMPS,48408.54,HK
TXN0009395,ACCT003514,CUST005774,CASE002387,2024-10-17,IMPS,8514.45,HK
TXN0009396,ACCT006636,CUST005081,CASE002100,2024-01-12,IMPS,34491.24,US
TXN0009397,ACCT004374,CUST002842,CASE000189,2024-11-27,UPI,6190.86,IN
TXN0009398,ACCT004783,CUST003429,CASE003555,2023-01-31,UPI,60967.38,GB
TXN0009399,ACCT000993,CUST004995,CASE003762,2023-01-21,NEFT,19248.28,GB
TXN0009400,ACCT000737,CUST005266,CASE002237,2023-07-09,NEFT,10622.24,IN
TXN0009401,ACCT003529,CUST002150,CASE000110,2024-01-27,UPI,8688.7,SG
TXN0009402,ACCT004370,CUST001153,CASE004095,2023-06-21,UPI,4807.99,SG
TXN0009403,ACCT001226,CUST005364,CASE001008,2024-03-03,UPI,19084.61,AE
TXN0009404,ACCT004102,CUST002139,CASE000921,2024-02-26,NEFT,29150.65,SG
TXN0009405,ACCT001374,CUST001348,CASE004647,2024-07-24,IMPS,46345.46,GB
TXN0009406,ACCT000153,CUST004533,CASE004741,2023-12-27,UPI,34743.31,US
TXN0009407,ACCT001732,CUST001886,CASE004051,2024-11-26,NEFT,12399.01,AE
TXN0009408,ACCT007914,CUST001431,CASE000815,2023-08-23,NEFT,34919.29,US
TXN0009409,ACCT001677,CUST004650,CASE003178,2024-07-16,UPI,22656.18,IN
TXN0009410,ACCT003257,CUST002196,CASE002392,2023-07-22,UPI,5219.38,GB
TXN0009411,ACCT001942,CUST004422,CASE004702,2024-06-04,IMPS,21065.58,SG
TXN0009412,ACCT003753,CUST001081,CASE002182,2023-10-07,NEFT,39482.26,GB
TXN0009413,ACCT000464,CUST000327,CASE003161,2023-09-06,NEFT,11000.46,AE
TXN0009414,ACCT002296,CUST000707,CASE000081,2023-05-22,NEFT,58711.85,HK
TXN0009415,ACCT002278,CUST001427,CASE000352,2024-10-13,NEFT,19220.21,US
TXN0009416,ACCT004904,CUST001057,CASE004001,2023-11-22,IMPS,41544.76,HK
TXN0009417,ACCT008335,CUST000443,CASE001289,2023-10-27,NEFT,38555.64,US
TXN0009418,ACCT006777,CUST001107,CASE004527,2023-06-19,IMPS,67802.49,GB
TXN0009419,ACCT008531,CUST005811,CASE004556,2023-09-06,UPI,41417.66,US
TXN0009420,ACCT000958,CUST002069,CASE001325,2024-05-24,NEFT,21970.8,SG
TXN0009421,ACCT002732,CUST001583,CASE000241,2023-09-07,NEFT,27090.84,AE
TXN0009422,ACCT001853,CUST001236,CASE001764,2024-04-14,UPI,6940.24,IN
TXN0009423,ACCT003188,CUST004644,CASE000547,2023-10-04,UPI,78591.67,SG
TXN0009424,ACCT008296,CUST000309,CASE000623,2024-01-11,NEFT,16605.73,HK
TXN0009425,ACCT004383,CUST002751,CASE003364,2024-04-16,UPI,15198.52,AE
TXN0009426,ACCT001288,CUST004778,CASE002446,2024-11-23,NEFT,50033.82,SG
TXN0009427,ACCT007404,CUST002865,CASE001527,2024-05-20,IMPS,14992.2,SG
TXN0009428,ACCT008425,CUST001774,CASE000962,2023-11-02,NEFT,13581.05,US
TXN0009429,ACCT004317,CUST000909,CASE000005,2023-03-21,NEFT,77232.47,US
TXN0009430,ACCT001878,CUST005562,CASE001308,2023-08-20,IMPS,15640.96,SG
TXN0009431,ACCT004986,CUST000860,CASE002703,2023-04-02,IMPS,19505.6,IN
TXN0009432,ACCT008691,CUST002422,CASE004406,2023-03-28,IMPS,41972.71,IN
TXN0009433,ACCT003190,CUST002221,CASE002422,2024-06-17,IMPS,61478.68,HK
TXN0009434,ACCT001533,CUST003753,CASE000498,2023-12-26,IMPS,57797.54,AE
TXN0009435,ACCT007563,CUST001693,CASE004800,2024-08-07,UPI,14090.56,SG
TXN0009436,ACCT002191,CUST002889,CASE003431,2023-02-04,UPI,32767.79,HK
TXN0009437,ACCT007063,CUST001136,CASE003869,2023-06-12,IMPS,35137.84,US
TXN0009438,ACCT008583,CUST000918,CASE002758,2024-03-29,IMPS,59356.65,HK
TXN0009439,ACCT001007,CUST000022,CASE002656,2024-05-08,NEFT,12248.28,GB
TXN0009440,ACCT001763,CUST003578,CASE001478,2024-08-07,UPI,61793.25,HK
TXN0009441,ACCT005139,CUST003845,CASE000854,2023-01-24,NEFT,17474.73,SG
TXN0009442,ACCT003231,CUST005029,CASE000541,2023-08-05,IMPS,47530.09,HK
TXN0009443,ACCT002690,CUST005924,CASE000053,2023-01-21,UPI,21649.01,IN
TXN0009444,ACCT005046,CUST000779,CASE000354,2023-05-13,NEFT,28182.27,US
TXN0009445,ACCT002603,CUST004998,CASE003103,2023-01-03,IMPS,14836.69,US
TXN0009446,ACCT008762,CUST005963,CASE001887,2024-12-09,NEFT,64357.21,IN
TXN0009447,ACCT001433,CUST001112,CASE004169,2023-11-12,NEFT,29337.32,HK
TXN0009448,ACCT008118,CUST003573,CASE002174,2023-07-18,NEFT,32142.31,SG
TXN0009449,ACCT001080,CUST001487,CASE000548,2024-11-08,UPI,33186.92,HK
TXN0009450,ACCT000839,CUST003809,CASE000910,2024-11-07,UPI,5296.43,HK
TXN0009451,ACCT008890,CUST000786,CASE000032,2024-12-04,UPI,33354.1,AE
TXN0009452,ACCT002476,CUST000603,CASE001735,2024-08-09,UPI,11106.46,GB
TXN0009453,ACCT000354,CUST004667,CASE002536,2024-11-08,NEFT,19885.29,AE
TXN0009454,ACCT005764,CUST004815,CASE004793,2023-04-29,NEFT,11374.61,GB
TXN0009455,ACCT001666,CUST004346,CASE004837,2023-03-31,UPI,7429.35,HK
TXN0009456,ACCT000218,CUST005652,CASE002300,2024-06-15,UPI,9981.42,AE
TXN0009457,ACCT003236,CUST005195,CASE003402,2024-06-27,UPI,25326.92,HK
TXN0009458,ACCT003855,CUST000220,CASE003700,2023-05-12,NEFT,4447.14,IN
TXN0009459,ACCT002689,CUST004384,CASE004900,2023-05-26,NEFT,134597.13,GB
TXN0009460,ACCT005297,CUST005853,CASE002291,2023-01-02,IMPS,9376.94,AE
TXN0009461,ACCT006175,CUST002845,CASE003415,2024-08-25,NEFT,11523.55,US
TXN0009462,ACCT001730,CUST004363,CASE003214,2023-02-13,NEFT,93051.85,HK
TXN0009463,ACCT006098,CUST000554,CASE000222,2024-03-24,NEFT,3323.96,GB
TXN0009464,ACCT000633,CUST001793,CASE002715,2024-06-07,NEFT,20000.05,HK
TXN0009465,ACCT007362,CUST000719,CASE004559,2023-07-01,UPI,30278.53,AE
TXN0009466,ACCT003786,CUST004256,CASE001928,2024-10-18,IMPS,100690.88,IN
TXN0009467,ACCT004115,CUST000893,CASE001091,2023-08-28,UPI,23110.9,GB
TXN0009468,ACCT000188,CUST004907,CASE004944,2024-07-25,UPI,26039.22,SG
TXN0009469,ACCT004672,CUST003018,CASE003484,2024-03-18,IMPS,36181.08,IN
TXN0009470,ACCT001458,CUST002972,CASE002610,2024-02-15,UPI,32805.51,HK
TXN0009471,ACCT001474,CUST005257,CASE001103,2024-11-24,UPI,50229.2,GB
TXN0009472,ACCT006598,CUST000324,CASE001579,2023-04-21,IMPS,30962.61,HK
TXN0009473,ACCT007814,CUST002911,CASE004926,2023-11-04,IMPS,8930.6,IN
TXN0009474,ACCT005821,CUST000322,CASE004203,2024-04-11,IMPS,48880.85,SG
TXN0009475,ACCT008478,CUST004673,CASE002179,2023-01-12,UPI,51712.67,SG
TXN0009476,ACCT006715,CUST003157,CASE002312,2023-02-14,UPI,2817.81,US
TXN0009477,ACCT008225,CUST000872,CASE003887,2024-04-15,UPI,3181.1,GB
TXN0009478,ACCT006645,CUST004294,CASE004106,2023-04-23,UPI,83209.77,US
TXN0009479,ACCT000006,CUST001829,CASE004632,2023-05-20,NEFT,63277.54,SG
TXN0009480,ACCT001448,CUST005044,CASE002493,2023-05-12,IMPS,20180.74,SG
TXN0009481,ACCT002335,CUST002835,CASE001647,2023-05-15,IMPS,30811.47,IN
TXN0009482,ACCT006914,CUST004866,CASE001188,2024-11-21,IMPS,139912.41,US
TXN0009483,ACCT008169,CUST000208,CASE002365,2023-06-11,NEFT,105822.13,US
TXN0009484,ACCT000328,CUST001556,CASE000461,2023-06-02,UPI,48059.93,SG
TXN0009485,ACCT004828,CUST002409,CASE001061,2024-07-09,IMPS,23055.42,IN
TXN0009486,ACCT004530,CUST004692,CASE004393,2023-07-23,IMPS,48249.64,AE
TXN0009487,ACCT007433,CUST002769,CASE000250,2024-08-30,NEFT,26515.1,SG
TXN0009488,ACCT005235,CUST000883,CASE004629,2024-03-29,IMPS,45185.88,HK
TXN0009489,ACCT002562,CUST004691,CASE003893,2024-06-27,NEFT,11979.45,GB
TXN0009490,ACCT000305,CUST001937,CASE003502,2023-05-02,NEFT,20971.1,US
TXN0009491,ACCT005958,CUST003033,CASE002196,2023-06-25,IMPS,8015.57,AE
TXN0009492,ACCT001418,CUST003804,CASE002025,2024-10-18,IMPS,18961.53,GB
TXN0009493,ACCT005906,CUST004826,CASE003641,2023-01-02,IMPS,111834.64,SG
TXN0009494,ACCT001012,CUST003850,CASE003995,2023-07-06,UPI,16221.44,AE
TXN0009495,ACCT005351,CUST005534,CASE004756,2024-08-28,UPI,43214.08,AE
TXN0009496,ACCT003448,CUST004822,CASE001969,2023-11-21,NEFT,16806.2,GB
TXN0009497,ACCT008579,CUST000631,CASE003143,2023-02-21,NEFT,38135.09,US
TXN0009498,ACCT003989,CUST004702,CASE001896,2024-07-13,IMPS,19289.61,US
TXN0009499,ACCT001098,CUST002362,CASE000964,2023-02-08,NEFT,33559.72,US
TXN0009500,ACCT000010,CUST004468,CASE000776,2024-05-02,UPI,10794.55,US
TXN0009501,ACCT005819,CUST005158,CASE004011,2024-05-14,IMPS,43478.87,GB
TXN0009502,ACCT003357,CUST005694,CASE000723,2023-11-01,NEFT,89004.62,HK
TXN0009503,ACCT007976,CUST000798,CASE000150,2023-10-12,IMPS,5253.88,HK
TXN0009504,ACCT005951,CUST003256,CASE000218,2024-05-26,NEFT,126797.7,SG
TXN0009505,ACCT008029,CUST001777,CASE000473,2024-12-08,NEFT,153729.82,IN
TXN0009506,ACCT003114,CUST005062,CASE004432,2024-03-23,IMPS,43094.3,HK
TXN0009507,ACCT001173,CUST002785,CASE000964,2024-04-28,UPI,29596.48,HK
TXN0009508,ACCT000902,CUST004509,CASE003084,2024-10-17,NEFT,152052.84,US
TXN0009509,ACCT006389,CUST005240,CASE003737,2024-06-05,IMPS,16405.6,GB
TXN0009510,ACCT003257,CUST002196,CASE002185,2023-04-18,NEFT,17096.01,US
TXN0009511,ACCT001514,CUST003449,CASE001055,2023-07-12,NEFT,48362.11,US
TXN0009512,ACCT005820,CUST004200,CASE000241,2023-02-14,NEFT,24513.9,SG
TXN0009513,ACCT004759,CUST002664,CASE000892,2023-01-22,UPI,37342.65,SG
TXN0009514,ACCT003947,CUST001439,CASE003357,2024-12-16,NEFT,11693.02,SG
TXN0009515,ACCT001875,CUST003174,CASE002140,2023-06-03,UPI,28490.71,IN
TXN0009516,ACCT002286,CUST004048,CASE004575,2023-12-03,UPI,45901.92,GB
TXN0009517,ACCT003569,CUST003144,CASE000149,2023-10-22,UPI,9157.75,IN
TXN0009518,ACCT003689,CUST002028,CASE003898,2024-01-30,IMPS,10296.25,AE
TXN0009519,ACCT001964,CUST001946,CASE001420,2023-03-20,IMPS,4026.75,IN
TXN0009520,ACCT008670,CUST001212,CASE000228,2024-06-26,IMPS,10132.53,US
TXN0009521,ACCT001319,CUST003125,CASE003943,2024-07-05,UPI,36265.92,HK
TXN0009522,ACCT001454,CUST001780,CASE002530,2023-04-11,IMPS,30769.86,SG
TXN0009523,ACCT001245,CUST004433,CASE000491,2024-02-26,IMPS,8361.04,HK
TXN0009524,ACCT002531,CUST002714,CASE004661,2024-11-19,NEFT,31786.41,SG
TXN0009525,ACCT004557,CUST001655,CASE004272,2024-07-08,UPI,36850.11,US
TXN0009526,ACCT002855,CUST004434,CASE004720,2023-05-22,IMPS,7248.91,AE
TXN0009527,ACCT006247,CUST004606,CASE003403,2023-02-13,IMPS,70731.92,SG
TXN0009528,ACCT006714,CUST004356,CASE001466,2024-09-09,UPI,12798.15,US
TXN0009529,ACCT005603,CUST000939,CASE001572,2023-06-23,UPI,37337.74,SG
TXN0009530,ACCT006144,CUST000983,CASE000485,2023-04-02,IMPS,24490.44,HK
TXN0009531,ACCT008551,CUST000447,CASE001991,2024-01-05,IMPS,35128.19,HK
TXN0009532,ACCT002030,CUST000314,CASE004338,2023-02-04,UPI,30239.07,SG
TXN0009533,ACCT006165,CUST001820,CASE002110,2024-01-18,IMPS,34892.75,IN
TXN0009534,ACCT005683,CUST004155,CASE001786,2024-11-10,IMPS,66407.88,SG
TXN0009535,ACCT004874,CUST004011,CASE004535,2023-01-29,NEFT,15495.16,IN
TXN0009536,ACCT002921,CUST005762,CASE002118,2023-06-06,IMPS,29383.81,AE
TXN0009537,ACCT000886,CUST000142,CASE002750,2024-01-25,IMPS,27475.6,SG
TXN0009538,ACCT007504,CUST004097,CASE001119,2023-09-27,UPI,27716.53,AE
TXN0009539,ACCT007458,CUST001707,CASE004497,2023-04-18,NEFT,30325.74,IN
TXN0009540,ACCT007604,CUST002723,CASE003171,2024-05-22,UPI,1727.94,HK
TXN0009541,ACCT000070,CUST000654,CASE004266,2024-11-24,UPI,16393.68,US
TXN0009542,ACCT008640,CUST001363,CASE001930,2024-03-13,IMPS,37938.78,AE
TXN0009543,ACCT008676,CUST002471,CASE000655,2024-01-11,NEFT,34982.46,GB
TXN0009544,ACCT007248,CUST001400,CASE004576,2023-09-20,UPI,87186.27,GB
TXN0009545,ACCT008815,CUST002459,CASE001560,2024-11-24,IMPS,37188.81,HK
TXN0009546,ACCT002778,CUST000962,CASE000204,2023-03-18,IMPS,23624.31,IN
TXN0009547,ACCT002941,CUST002627,CASE003705,2024-08-30,NEFT,19556.14,IN
TXN0009548,ACCT004408,CUST003928,CASE003040,2023-06-11,UPI,52584.62,IN
TXN0009549,ACCT006678,CUST005746,CASE004135,2024-02-03,NEFT,53116.48,AE
TXN0009550,ACCT002923,CUST002005,CASE000942,2024-04-18,NEFT,41956.65,IN
TXN0009551,ACCT006068,CUST001434,CASE004471,2023-07-26,IMPS,77457.65,IN
TXN0009552,ACCT001896,CUST002731,CASE000740,2023-01-11,NEFT,40149.23,HK
TXN0009553,ACCT007152,CUST003503,CASE004511,2024-08-25,NEFT,47500.9,GB
TXN0009554,ACCT001775,CUST002729,CASE003961,2024-01-30,UPI,2789.81,IN
TXN0009555,ACCT004361,CUST001492,CASE000265,2024-06-09,NEFT,24667.2,IN
TXN0009556,ACCT001479,CUST002733,CASE001654,2023-08-09,NEFT,93507.28,AE
TXN0009557,ACCT005574,CUST003057,CASE003764,2023-02-12,NEFT,6470.36,IN
TXN0009558,ACCT005380,CUST005306,CASE001101,2023-01-14,UPI,25269.48,GB
TXN0009559,ACCT008056,CUST005469,CASE004236,2024-03-05,UPI,7474.99,HK
TXN0009560,ACCT008779,CUST003889,CASE003459,2023-03-28,UPI,6302.69,AE
TXN0009561,ACCT006647,CUST004076,CASE001194,2024-06-06,NEFT,10868.76,GB
TXN0009562,ACCT007862,CUST004749,CASE003043,2023-07-10,IMPS,17843.4,GB
TXN0009563,ACCT006578,CUST001261,CASE000478,2023-05-09,NEFT,49983.82,GB
TXN0009564,ACCT006598,CUST000324,CASE002515,2024-09-30,NEFT,54928.05,IN
TXN0009565,ACCT007368,CUST002353,CASE001791,2024-02-21,NEFT,25514.82,IN
TXN0009566,ACCT003887,CUST001416,CASE001762,2023-02-09,IMPS,60654.32,HK
TXN0009567,ACCT006446,CUST002228,CASE002568,2023-05-20,UPI,14626.63,SG
TXN0009568,ACCT000990,CUST004659,CASE003597,2024-11-08,NEFT,53428.38,IN
TXN0009569,ACCT000108,CUST003287,CASE004044,2024-05-19,NEFT,19980.68,AE
TXN0009570,ACCT001219,CUST000817,CASE001221,2023-12-01,UPI,22072.49,AE
TXN0009571,ACCT001292,CUST005226,CASE002371,2023-04-04,NEFT,53215.31,SG
TXN0009572,ACCT007614,CUST005723,CASE000894,2023-03-22,NEFT,86148.96,AE
TXN0009573,ACCT000165,CUST003562,CASE000638,2023-01-18,UPI,38868.43,HK
TXN0009574,ACCT003281,CUST004198,CASE002778,2023-03-30,NEFT,45195.76,IN
TXN0009575,ACCT002204,CUST001311,CASE002708,2024-09-29,UPI,27145.55,GB
TXN0009576,ACCT007183,CUST001556,CASE004953,2023-12-03,UPI,15085.26,SG
TXN0009577,ACCT008709,CUST000958,CASE001330,2024-12-03,UPI,60390.29,HK
TXN0009578,ACCT003116,CUST005463,CASE001201,2023-10-06,NEFT,4877.02,SG
TXN0009579,ACCT003192,CUST000610,CASE004299,2024-11-07,NEFT,12055.0,IN
TXN0009580,ACCT008349,CUST001441,CASE001381,2023-10-23,IMPS,46616.71,GB
TXN0009581,ACCT003460,CUST005982,CASE003358,2023-07-04,UPI,43512.0,GB
TXN0009582,ACCT001728,CUST001059,CASE001170,2023-09-21,NEFT,26959.23,SG
TXN0009583,ACCT008738,CUST004018,CASE002758,2024-08-30,IMPS,11322.77,HK
TXN0009584,ACCT008424,CUST004008,CASE004304,2024-09-12,NEFT,9463.96,US
TXN0009585,ACCT000660,CUST002124,CASE003929,2024-10-05,NEFT,5494.76,AE
TXN0009586,ACCT008251,CUST002244,CASE000766,2024-09-09,UPI,13981.38,AE
TXN0009587,ACCT007666,CUST001955,CASE001449,2023-05-19,NEFT,128750.89,HK
TXN0009588,ACCT001370,CUST002998,CASE003296,2023-06-30,IMPS,5977.9,US
TXN0009589,ACCT005476,CUST003072,CASE004280,2023-02-16,UPI,32330.97,SG
TXN0009590,ACCT001221,CUST003744,CASE000445,2023-01-27,IMPS,15892.57,GB
TXN0009591,ACCT001033,CUST005306,CASE001121,2024-11-06,UPI,51118.84,SG
TXN0009592,ACCT008838,CUST004634,CASE004290,2024-08-18,IMPS,45334.07,HK
TXN0009593,ACCT005103,CUST005366,CASE001862,2024-01-29,IMPS,34880.46,GB
TXN0009594,ACCT006698,CUST003024,CASE002753,2024-06-29,UPI,83172.72,IN
TXN0009595,ACCT001726,CUST003528,CASE003827,2024-05-28,IMPS,60569.16,GB
TXN0009596,ACCT001498,CUST002054,CASE000869,2024-06-25,IMPS,46373.56,SG
TXN0009597,ACCT001288,CUST004778,CASE003069,2023-01-18,IMPS,32339.02,AE
TXN0009598,ACCT002007,CUST000752,CASE002811,2023-11-10,IMPS,6259.39,US
TXN0009599,ACCT008788,CUST005234,CASE002443,2023-04-03,IMPS,54001.26,SG
TXN0009600,ACCT007961,CUST003196,CASE000894,2024-06-28,NEFT,22681.92,GB
TXN0009601,ACCT004687,CUST004808,CASE000511,2023-08-18,UPI,25747.86,IN
TXN0009602,ACCT006805,CUST002461,CASE003038,2024-10-07,UPI,40526.62,HK
TXN0009603,ACCT005156,CUST000646,CASE001803,2024-06-24,NEFT,3495.72,SG
TXN0009604,ACCT006065,CUST004710,CASE002587,2023-12-29,NEFT,17968.39,SG
TXN0009605,ACCT000051,CUST005978,CASE000813,2023-04-25,IMPS,146106.64,IN
TXN0009606,ACCT008512,CUST000450,CASE002503,2024-11-03,NEFT,3894.65,IN
TXN0009607,ACCT002778,CUST000962,CASE001599,2024-12-25,NEFT,66854.23,SG
TXN0009608,ACCT006705,CUST000577,CASE003004,2024-04-08,UPI,35359.18,GB
TXN0009609,ACCT004827,CUST004797,CASE004955,2023-08-02,IMPS,27104.45,US
TXN0009610,ACCT005190,CUST001827,CASE004255,2023-12-02,UPI,19858.15,GB
TXN0009611,ACCT006139,CUST002046,CASE002046,2023-01-07,NEFT,31879.52,GB
TXN0009612,ACCT000499,CUST001827,CASE003744,2024-04-07,UPI,35048.64,US
TXN0009613,ACCT002588,CUST004305,CASE004155,2023-10-22,IMPS,39604.61,AE
TXN0009614,ACCT008389,CUST001118,CASE003432,2023-01-20,NEFT,77040.83,AE
TXN0009615,ACCT000872,CUST001566,CASE000087,2024-09-12,UPI,4825.92,AE
TXN0009616,ACCT003828,CUST005047,CASE000418,2024-08-31,UPI,28123.2,GB
TXN0009617,ACCT001807,CUST004625,CASE001983,2023-04-18,UPI,51758.34,AE
TXN0009618,ACCT008822,CUST002357,CASE003491,2023-08-20,NEFT,118753.95,HK
TXN0009619,ACCT008694,CUST004700,CASE002260,2023-06-06,IMPS,7375.88,GB
TXN0009620,ACCT008391,CUST005897,CASE004688,2024-06-15,IMPS,29894.64,IN
TXN0009621,ACCT002997,CUST003040,CASE001578,2024-04-10,UPI,35632.98,GB
TXN0009622,ACCT006566,CUST002038,CASE002194,2023-11-22,IMPS,136831.43,AE
TXN0009623,ACCT006767,CUST003707,CASE003120,2024-07-23,NEFT,2802.07,US
TXN0009624,ACCT004266,CUST000459,CASE000624,2024-05-18,UPI,56672.84,IN
TXN0009625,ACCT006722,CUST005123,CASE000367,2024-04-22,UPI,13507.37,SG
TXN0009626,ACCT003421,CUST005301,CASE000735,2023-05-13,UPI,3848.07,SG
TXN0009627,ACCT001539,CUST003493,CASE002504,2023-01-26,UPI,8092.83,SG
TXN0009628,ACCT007013,CUST002498,CASE004583,2023-06-27,IMPS,41927.42,US
TXN0009629,ACCT002483,CUST005574,CASE000538,2023-08-28,NEFT,37751.14,SG
TXN0009630,ACCT004207,CUST002293,CASE002775,2023-02-05,NEFT,4697.92,GB
TXN0009631,ACCT008090,CUST000847,CASE002206,2024-01-29,IMPS,241132.17,IN
TXN0009632,ACCT007065,CUST004435,CASE001311,2024-02-02,UPI,4172.85,HK
TXN0009633,ACCT005853,CUST004185,CASE004635,2023-11-18,UPI,29153.98,AE
TXN0009634,ACCT001682,CUST001290,CASE000122,2024-04-19,UPI,10900.03,SG
TXN0009635,ACCT000386,CUST000820,CASE002337,2024-01-11,NEFT,17656.27,US
TXN0009636,ACCT002027,CUST002747,CASE004653,2024-10-13,NEFT,8051.76,IN
TXN0009637,ACCT003304,CUST005615,CASE004853,2024-11-13,UPI,43184.64,AE
TXN0009638,ACCT007908,CUST002302,CASE004186,2024-05-31,NEFT,84874.44,IN
TXN0009639,ACCT003521,CUST000834,CASE000735,2023-03-19,NEFT,68483.6,HK
TXN0009640,ACCT000378,CUST002458,CASE003791,2024-04-02,IMPS,49253.84,IN
TXN0009641,ACCT008832,CUST004040,CASE001512,2023-07-17,UPI,3806.31,US
TXN0009642,ACCT000445,CUST005781,CASE000807,2024-11-29,UPI,46321.87,GB
TXN0009643,ACCT008903,CUST001336,CASE000468,2023-11-19,UPI,265516.47,HK
TXN0009644,ACCT008182,CUST000135,CASE003094,2023-11-04,IMPS,38127.66,HK
TXN0009645,ACCT000105,CUST001877,CASE001007,2024-07-03,IMPS,38229.77,AE
TXN0009646,ACCT007780,CUST003151,CASE001296,2024-01-09,IMPS,121720.2,HK
TXN0009647,ACCT008831,CUST002271,CASE004378,2024-11-12,NEFT,36849.72,IN
TXN0009648,ACCT000990,CUST004659,CASE002379,2023-04-10,NEFT,36144.21,IN
TXN0009649,ACCT006707,CUST000639,CASE002913,2023-02-27,UPI,3841.5,SG
TXN0009650,ACCT002077,CUST002891,CASE003970,2023-12-22,IMPS,74764.83,US
TXN0009651,ACCT007185,CUST003601,CASE001006,2024-11-30,IMPS,31660.05,IN
TXN0009652,ACCT006938,CUST002357,CASE002932,2024-11-27,NEFT,37480.14,AE
TXN0009653,ACCT004728,CUST003472,CASE002491,2024-12-08,NEFT,18537.19,AE
TXN0009654,ACCT006955,CUST004496,CASE004671,2024-03-31,NEFT,5198.27,HK
TXN0009655,ACCT006737,CUST001367,CASE000084,2024-04-23,IMPS,54072.98,IN
TXN0009656,ACCT007658,CUST005321,CASE003279,2024-09-17,NEFT,19538.06,IN
TXN0009657,ACCT004285,CUST001165,CASE003474,2024-01-21,UPI,26636.26,SG
TXN0009658,ACCT000683,CUST005685,CASE000350,2024-11-10,NEFT,18178.83,AE
TXN0009659,ACCT003850,CUST004916,CASE000827,2023-01-03,UPI,22385.45,IN
TXN0009660,ACCT006056,CUST004776,CASE003942,2024-08-07,IMPS,11310.72,IN
TXN0009661,ACCT001140,CUST002546,CASE003869,2023-01-10,UPI,13546.26,US
TXN0009662,ACCT005009,CUST001702,CASE002838,2023-05-21,NEFT,27737.23,HK
TXN0009663,ACCT000225,CUST003060,CASE000978,2024-12-16,UPI,31503.86,AE
TXN0009664,ACCT000723,CUST003313,CASE002046,2023-06-02,UPI,121291.17,GB
TXN0009665,ACCT005694,CUST004453,CASE000671,2023-07-11,UPI,10320.84,AE
TXN0009666,ACCT003250,CUST000703,CASE003825,2024-01-13,IMPS,53390.23,US
TXN0009667,ACCT001204,CUST003875,CASE002568,2024-04-07,UPI,26791.95,GB
TXN0009668,ACCT007869,CUST003841,CASE002357,2024-12-11,IMPS,92470.65,US
TXN0009669,ACCT006227,CUST004550,CASE003668,2023-10-27,NEFT,24201.68,GB
TXN0009670,ACCT007121,CUST004954,CASE002232,2024-01-12,IMPS,6085.73,AE
TXN0009671,ACCT004740,CUST004789,CASE001808,2024-09-28,NEFT,2133.28,SG
TXN0009672,ACCT008633,CUST003047,CASE000879,2024-04-05,IMPS,31308.99,GB
TXN0009673,ACCT005383,CUST004478,CASE000204,2024-02-11,NEFT,22948.64,SG
TXN0009674,ACCT008347,CUST000430,CASE003861,2023-11-24,UPI,2914.76,GB
TXN0009675,ACCT003903,CUST004105,CASE001900,2023-12-04,UPI,30039.58,GB
TXN0009676,ACCT000966,CUST005157,CASE004259,2024-10-11,IMPS,16752.56,GB
TXN0009677,ACCT002538,CUST005637,CASE001455,2023-02-01,NEFT,14763.82,HK
TXN0009678,ACCT003990,CUST005523,CASE003075,2024-02-19,UPI,4742.42,US
TXN0009679,ACCT003764,CUST005444,CASE000633,2023-04-01,IMPS,75700.37,GB
TXN0009680,ACCT000912,CUST005909,CASE000769,2023-03-13,IMPS,30253.29,AE
TXN0009681,ACCT008441,CUST004700,CASE001613,2023-05-09,UPI,46405.93,HK
TXN0009682,ACCT005560,CUST003883,CASE003167,2023-06-28,NEFT,10717.76,IN
TXN0009683,ACCT005432,CUST000559,CASE004480,2024-07-15,UPI,9407.82,US
TXN0009684,ACCT002320,CUST004816,CASE003824,2023-10-23,UPI,12172.03,GB
TXN0009685,ACCT001251,CUST005607,CASE002905,2024-01-25,NEFT,40735.39,US
TXN0009686,ACCT006574,CUST000492,CASE004217,2024-04-21,UPI,33799.41,HK
TXN0009687,ACCT001267,CUST000460,CASE000662,2024-09-13,NEFT,9791.59,GB
TXN0009688,ACCT007650,CUST001044,CASE003214,2024-11-28,UPI,13101.63,HK
TXN0009689,ACCT001621,CUST004735,CASE000067,2023-10-05,IMPS,4249.81,GB
TXN0009690,ACCT007002,CUST000722,CASE000660,2023-12-09,NEFT,7483.53,AE
TXN0009691,ACCT006773,CUST002331,CASE000520,2023-04-25,UPI,1228.42,HK
TXN0009692,ACCT003314,CUST001370,CASE001964,2023-11-02,IMPS,13133.05,HK
TXN0009693,ACCT005073,CUST000927,CASE002720,2024-10-24,UPI,48060.73,US
TXN0009694,ACCT008976,CUST004930,CASE000828,2024-02-27,IMPS,32774.4,GB
TXN0009695,ACCT002814,CUST004692,CASE004339,2024-11-30,NEFT,96799.26,SG
TXN0009696,ACCT003409,CUST002946,CASE002006,2024-09-27,IMPS,79735.17,IN
TXN0009697,ACCT001552,CUST002253,CASE003779,2023-11-04,UPI,29808.25,AE
TXN0009698,ACCT006546,CUST005185,CASE000874,2023-09-11,UPI,19731.7,SG
TXN0009699,ACCT003903,CUST004105,CASE001836,2024-07-05,UPI,17244.37,IN
TXN0009700,ACCT008883,CUST005612,CASE000275,2023-09-06,IMPS,6279.76,IN
TXN0009701,ACCT002797,CUST001790,CASE003048,2023-02-05,NEFT,32870.92,SG
TXN0009702,ACCT007874,CUST002716,CASE001802,2023-03-10,NEFT,16976.34,SG
TXN0009703,ACCT005270,CUST003152,CASE003381,2024-01-30,NEFT,21422.88,US
TXN0009704,ACCT001691,CUST003979,CASE000701,2024-01-31,UPI,12180.57,AE
TXN0009705,ACCT007408,CUST000093,CASE001402,2024-04-12,NEFT,23459.54,SG
TXN0009706,ACCT001408,CUST003863,CASE001648,2024-01-13,NEFT,7667.97,AE
TXN0009707,ACCT003833,CUST000824,CASE003690,2023-11-25,UPI,49889.7,HK
TXN0009708,ACCT001138,CUST005815,CASE001138,2023-09-24,IMPS,34328.85,IN
TXN0009709,ACCT002522,CUST004176,CASE004014,2024-04-26,IMPS,108000.32,HK
TXN0009710,ACCT000452,CUST001222,CASE000376,2024-09-23,UPI,11974.22,US
TXN0009711,ACCT005643,CUST004634,CASE004839,2023-02-22,NEFT,20952.06,SG
TXN0009712,ACCT008947,CUST001027,CASE001816,2024-04-08,NEFT,53757.91,GB
TXN0009713,ACCT001888,CUST005558,CASE004512,2024-02-01,NEFT,11596.76,AE
TXN0009714,ACCT005939,CUST003491,CASE002656,2023-10-14,UPI,31199.24,GB
TXN0009715,ACCT006499,CUST000460,CASE000198,2024-07-30,UPI,1603.07,GB
TXN0009716,ACCT005597,CUST001319,CASE001123,2024-12-01,IMPS,40814.53,US
TXN0009717,ACCT000177,CUST002445,CASE000084,2024-03-02,NEFT,16309.89,US
TXN0009718,ACCT001133,CUST000995,CASE002672,2024-06-15,IMPS,19821.11,IN
TXN0009719,ACCT007058,CUST003680,CASE004943,2023-11-17,NEFT,17774.89,US
TXN0009720,ACCT002891,CUST003793,CASE004170,2023-01-10,IMPS,152198.74,HK
TXN0009721,ACCT005240,CUST004824,CASE004584,2023-04-11,UPI,12244.92,SG
TXN0009722,ACCT008503,CUST005719,CASE000765,2023-02-17,UPI,23068.52,US
TXN0009723,ACCT004466,CUST000447,CASE001283,2023-12-02,IMPS,11465.16,IN
TXN0009724,ACCT004387,CUST001718,CASE004093,2023-09-19,IMPS,4560.65,GB
TXN0009725,ACCT007673,CUST000542,CASE001985,2023-05-30,IMPS,43420.05,GB
TXN0009726,ACCT002663,CUST000821,CASE004178,2024-05-14,UPI,29305.62,GB
TXN0009727,ACCT002617,CUST004006,CASE001757,2023-01-29,NEFT,5508.22,US
TXN0009728,ACCT005626,CUST005370,CASE001114,2024-04-17,UPI,17877.48,IN
TXN0009729,ACCT007043,CUST003132,CASE003000,2024-10-01,UPI,19583.49,HK
TXN0009730,ACCT007462,CUST002897,CASE000598,2023-05-28,NEFT,8251.01,IN
TXN0009731,ACCT007448,CUST000459,CASE004564,2023-12-30,IMPS,20859.95,GB
TXN0009732,ACCT007942,CUST001728,CASE004967,2023-09-14,NEFT,51001.12,HK
TXN0009733,ACCT003851,CUST005908,CASE003904,2023-11-22,IMPS,23742.83,IN
TXN0009734,ACCT000285,CUST002037,CASE001121,2023-03-12,NEFT,83548.51,SG
TXN0009735,ACCT000173,CUST001464,CASE001792,2024-10-04,NEFT,9484.84,HK
TXN0009736,ACCT008544,CUST002626,CASE000395,2024-08-21,IMPS,10662.71,GB
TXN0009737,ACCT002429,CUST005908,CASE002894,2024-12-19,NEFT,21190.97,GB
TXN0009738,ACCT006066,CUST000039,CASE002095,2024-11-17,IMPS,44304.43,HK
TXN0009739,ACCT003871,CUST001975,CASE001079,2023-05-28,IMPS,25233.1,AE
TXN0009740,ACCT003146,CUST004313,CASE001610,2024-10-05,UPI,26089.8,IN
TXN0009741,ACCT003034,CUST002319,CASE000251,2023-05-25,UPI,48086.03,SG
TXN0009742,ACCT004964,CUST004484,CASE000099,2023-01-08,IMPS,3156.78,SG
TXN0009743,ACCT005822,CUST004689,CASE001516,2023-08-13,IMPS,140101.74,AE
TXN0009744,ACCT008192,CUST005357,CASE003966,2023-02-25,NEFT,18649.44,AE
TXN0009745,ACCT004523,CUST000500,CASE001372,2023-07-23,UPI,70929.02,GB
TXN0009746,ACCT000346,CUST001523,CASE002350,2024-09-07,NEFT,15327.55,AE
TXN0009747,ACCT008012,CUST004303,CASE001233,2024-05-10,UPI,114641.88,SG
TXN0009748,ACCT006023,CUST000276,CASE004065,2023-08-12,NEFT,25680.85,SG
TXN0009749,ACCT006343,CUST000441,CASE003553,2024-04-07,IMPS,2949.52,GB
TXN0009750,ACCT004101,CUST002390,CASE004149,2024-12-28,UPI,28085.65,GB
TXN0009751,ACCT007188,CUST002343,CASE002751,2023-11-24,UPI,12201.78,US
TXN0009752,ACCT001796,CUST001253,CASE004137,2023-06-15,NEFT,2651.97,AE
TXN0009753,ACCT004324,CUST003241,CASE002640,2024-06-07,IMPS,52207.92,HK
TXN0009754,ACCT006282,CUST002332,CASE001508,2024-06-26,IMPS,6836.17,GB
TXN0009755,ACCT000460,CUST001045,CASE002561,2024-05-17,IMPS,76522.13,IN
TXN0009756,ACCT003896,CUST000327,CASE001154,2023-11-14,NEFT,27211.06,HK
TXN0009757,ACCT003699,CUST003074,CASE003939,2024-02-10,NEFT,65173.47,US
TXN0009758,ACCT005068,CUST005652,CASE002444,2024-08-19,UPI,30494.84,AE
TXN0009759,ACCT007140,CUST005500,CASE002619,2023-08-04,NEFT,16883.49,AE
TXN0009760,ACCT007209,CUST001109,CASE002879,2024-01-02,IMPS,12346.92,SG
TXN0009761,ACCT004848,CUST001236,CASE002224,2024-02-02,IMPS,53745.21,US
TXN0009762,ACCT002003,CUST003681,CASE001286,2023-01-10,NEFT,14886.56,GB
TXN0009763,ACCT005395,CUST004210,CASE004606,2024-02-28,NEFT,6420.41,US
TXN0009764,ACCT007186,CUST003261,CASE002585,2023-03-08,NEFT,32615.62,SG
TXN0009765,ACCT000090,CUST001402,CASE000505,2023-03-29,NEFT,12712.78,US
TXN0009766,ACCT007229,CUST001013,CASE003041,2024-03-14,NEFT,20669.71,HK
TXN0009767,ACCT004567,CUST004558,CASE003489,2023-08-23,UPI,63611.2,US
TXN0009768,ACCT000719,CUST003186,CASE001271,2023-01-11,NEFT,8715.9,HK
TXN0009769,ACCT008157,CUST000875,CASE000128,2023-05-05,UPI,98202.17,GB
TXN0009770,ACCT003891,CUST004812,CASE002204,2024-08-26,UPI,21554.57,US
TXN0009771,ACCT007368,CUST002353,CASE001346,2023-12-22,IMPS,58114.03,US
TXN0009772,ACCT001044,CUST003598,CASE001522,2023-03-02,IMPS,13916.06,GB
TXN0009773,ACCT004888,CUST001634,CASE004926,2024-01-16,NEFT,54210.78,SG
TXN0009774,ACCT002223,CUST003686,CASE003317,2023-06-10,IMPS,218270.02,IN
TXN0009775,ACCT004727,CUST002256,CASE004050,2024-10-28,IMPS,17206.2,SG
TXN0009776,ACCT007860,CUST005192,CASE004255,2024-01-29,NEFT,74421.84,SG
TXN0009777,ACCT008336,CUST005283,CASE003040,2023-11-16,IMPS,50851.85,IN
TXN0009778,ACCT005277,CUST002809,CASE004715,2024-04-07,IMPS,11966.07,HK
TXN0009779,ACCT005906,CUST004826,CASE004661,2024-04-26,NEFT,65737.62,GB
TXN0009780,ACCT001354,CUST000323,CASE000877,2024-08-21,NEFT,60890.54,US
TXN0009781,ACCT004162,CUST000835,CASE002059,2023-08-06,IMPS,16584.41,HK
TXN0009782,ACCT005865,CUST003158,CASE004377,2024-12-20,NEFT,113005.23,US
TXN0009783,ACCT003198,CUST000270,CASE001617,2023-02-10,NEFT,21097.76,IN
TXN0009784,ACCT007273,CUST003758,CASE000013,2023-04-17,NEFT,19829.71,SG
TXN0009785,ACCT004114,CUST004790,CASE002282,2023-01-19,IMPS,55194.22,SG
TXN0009786,ACCT002064,CUST004889,CASE004122,2024-01-11,UPI,43210.15,SG
TXN0009787,ACCT006312,CUST002387,CASE003369,2023-12-17,NEFT,14860.41,US
TXN0009788,ACCT005055,CUST003586,CASE000546,2023-01-27,IMPS,14157.27,AE
TXN0009789,ACCT004955,CUST005355,CASE002597,2023-06-26,UPI,73351.33,GB
TXN0009790,ACCT000385,CUST004613,CASE003044,2024-06-24,IMPS,43072.76,HK
TXN0009791,ACCT001816,CUST000560,CASE004176,2023-12-02,NEFT,25437.47,GB
TXN0009792,ACCT000539,CUST000014,CASE000420,2023-03-29,UPI,53478.55,SG
TXN0009793,ACCT001446,CUST000812,CASE004145,2024-02-01,IMPS,12221.5,HK
TXN0009794,ACCT000722,CUST005564,CASE001118,2024-05-23,NEFT,39290.37,GB
TXN0009795,ACCT002647,CUST004605,CASE000256,2024-04-27,UPI,3409.11,IN
TXN0009796,ACCT001723,CUST000983,CASE003234,2023-09-10,NEFT,63249.35,IN
TXN0009797,ACCT008026,CUST000466,CASE004011,2024-08-26,NEFT,37764.29,IN
TXN0009798,ACCT002096,CUST000357,CASE001042,2023-04-11,UPI,14671.99,HK
TXN0009799,ACCT008056,CUST005469,CASE003695,2023-07-15,UPI,22224.32,IN
TXN0009800,ACCT008732,CUST005547,CASE000407,2024-09-07,UPI,25575.85,US
TXN0009801,ACCT004449,CUST005712,CASE000319,2023-09-23,UPI,14881.08,IN
TXN0009802,ACCT003462,CUST002854,CASE000919,2024-11-23,NEFT,123446.67,GB
TXN0009803,ACCT008352,CUST003974,CASE003149,2024-08-03,IMPS,26775.24,SG
TXN0009804,ACCT004899,CUST002039,CASE003719,2024-05-28,NEFT,29238.67,US
TXN0009805,ACCT002540,CUST000219,CASE004752,2024-08-06,NEFT,20067.61,GB
TXN0009806,ACCT001158,CUST003404,CASE000651,2024-05-21,IMPS,20020.07,HK
TXN0009807,ACCT004230,CUST002042,CASE001776,2023-11-02,IMPS,11666.87,AE
TXN0009808,ACCT007135,CUST003348,CASE000660,2024-06-01,UPI,2643.28,US
TXN0009809,ACCT008895,CUST000106,CASE003766,2023-12-08,NEFT,71831.38,HK
TXN0009810,ACCT008898,CUST002306,CASE002482,2023-10-15,IMPS,30897.81,US
TXN0009811,ACCT005222,CUST003353,CASE003491,2023-12-01,IMPS,79689.45,AE
TXN0009812,ACCT005626,CUST005370,CASE002403,2023-08-19,IMPS,64687.39,SG
TXN0009813,ACCT002835,CUST003743,CASE002177,2024-10-04,UPI,35342.21,IN
TXN0009814,ACCT006768,CUST003666,CASE002173,2024-08-23,UPI,39829.79,AE
TXN0009815,ACCT001873,CUST003055,CASE004241,2023-05-19,IMPS,24009.91,IN
TXN0009816,ACCT003117,CUST005051,CASE002721,2023-02-08,IMPS,67409.61,SG
TXN0009817,ACCT004567,CUST004558,CASE000766,2024-01-12,UPI,197524.25,AE
TXN0009818,ACCT004097,CUST003564,CASE002720,2023-01-05,UPI,40413.7,US
TXN0009819,ACCT002610,CUST001843,CASE000126,2024-08-03,NEFT,88856.54,GB
TXN0009820,ACCT004274,CUST004854,CASE003574,2024-12-25,IMPS,32102.12,IN
TXN0009821,ACCT004009,CUST003436,CASE001587,2023-12-29,NEFT,25327.31,SG
TXN0009822,ACCT008546,CUST002191,CASE001200,2024-11-18,UPI,35675.33,US
TXN0009823,ACCT005154,CUST003304,CASE000782,2023-06-11,UPI,15630.11,AE
TXN0009824,ACCT000421,CUST001726,CASE003954,2024-07-30,UPI,4523.67,GB
TXN0009825,ACCT006515,CUST002025,CASE003313,2023-10-14,IMPS,63675.46,SG
TXN0009826,ACCT002574,CUST003362,CASE004016,2023-03-10,NEFT,67212.76,GB
TXN0009827,ACCT000278,CUST005294,CASE000449,2024-01-24,UPI,30317.5,SG
TXN0009828,ACCT003475,CUST003707,CASE001007,2023-02-12,UPI,10913.13,HK
TXN0009829,ACCT008183,CUST000304,CASE004633,2024-08-03,UPI,16901.12,AE
TXN0009830,ACCT000898,CUST004535,CASE000009,2024-11-26,NEFT,32145.77,IN
TXN0009831,ACCT000323,CUST004553,CASE000109,2024-06-03,IMPS,52572.01,AE
TXN0009832,ACCT002000,CUST000688,CASE004783,2024-02-29,NEFT,12863.21,AE
TXN0009833,ACCT000926,CUST004889,CASE002232,2023-01-01,NEFT,56351.82,AE
TXN0009834,ACCT008322,CUST001705,CASE001567,2023-03-12,NEFT,26052.41,US
TXN0009835,ACCT004463,CUST004503,CASE004203,2024-05-19,NEFT,10969.1,HK
TXN0009836,ACCT002340,CUST001609,CASE004964,2023-05-16,IMPS,16115.84,AE
TXN0009837,ACCT003777,CUST005765,CASE000575,2023-09-25,IMPS,16579.13,AE
TXN0009838,ACCT007076,CUST005376,CASE003120,2023-03-30,UPI,31014.98,GB
TXN0009839,ACCT005723,CUST004640,CASE000618,2024-12-04,IMPS,28014.87,GB
TXN0009840,ACCT007512,CUST001174,CASE002803,2024-03-06,NEFT,50396.46,HK
TXN0009841,ACCT006438,CUST000649,CASE003548,2023-04-07,IMPS,14325.61,AE
TXN0009842,ACCT006113,CUST002034,CASE000236,2024-11-30,UPI,2660.98,GB
TXN0009843,ACCT002830,CUST000456,CASE000441,2023-06-30,IMPS,59953.54,GB
TXN0009844,ACCT004380,CUST005489,CASE002287,2024-12-16,NEFT,31225.31,IN
TXN0009845,ACCT002064,CUST004889,CASE002040,2024-07-23,UPI,41083.73,HK
TXN0009846,ACCT007868,CUST000089,CASE001795,2023-07-21,IMPS,58869.17,IN
TXN0009847,ACCT007802,CUST003736,CASE003974,2024-01-19,UPI,51857.24,AE
TXN0009848,ACCT001611,CUST002897,CASE004031,2024-02-04,NEFT,8695.49,GB
TXN0009849,ACCT002526,CUST004612,CASE003180,2024-01-30,IMPS,61999.96,SG
TXN0009850,ACCT000150,CUST003835,CASE001402,2023-06-08,NEFT,13382.2,AE
TXN0009851,ACCT006113,CUST002034,CASE003563,2024-08-03,NEFT,25462.54,HK
TXN0009852,ACCT002566,CUST000156,CASE000924,2024-04-24,UPI,34023.6,US
TXN0009853,ACCT003448,CUST004822,CASE000045,2024-04-02,UPI,26756.87,AE
TXN0009854,ACCT001158,CUST003404,CASE001280,2024-03-18,IMPS,35681.68,AE
TXN0009855,ACCT003835,CUST001009,CASE000651,2024-04-09,IMPS,26001.42,IN
TXN0009856,ACCT005851,CUST005106,CASE000345,2024-07-20,NEFT,52642.2,GB
TXN0009857,ACCT007932,CUST001263,CASE000830,2023-05-08,UPI,18663.66,IN
TXN0009858,ACCT001830,CUST000309,CASE004917,2023-01-07,IMPS,5587.21,US
TXN0009859,ACCT005463,CUST001998,CASE004321,2024-12-13,UPI,21609.96,US
TXN0009860,ACCT001643,CUST000216,CASE000258,2023-06-21,NEFT,5176.72,AE
TXN0009861,ACCT006543,CUST001785,CASE001858,2023-11-04,NEFT,44322.47,HK
TXN0009862,ACCT006564,CUST003043,CASE000015,2023-11-09,UPI,12030.3,HK
TXN0009863,ACCT002168,CUST003528,CASE002041,2024-12-19,UPI,18298.04,GB
TXN0009864,ACCT004699,CUST001335,CASE000019,2024-04-15,IMPS,22504.53,GB
TXN0009865,ACCT001852,CUST004108,CASE001976,2023-06-17,UPI,12532.46,HK
TXN0009866,ACCT008269,CUST000129,CASE000018,2023-07-28,IMPS,29040.61,IN
TXN0009867,ACCT008092,CUST000598,CASE001398,2024-12-09,NEFT,20195.81,AE
TXN0009868,ACCT005413,CUST001260,CASE001724,2023-05-18,UPI,1951.94,GB
TXN0009869,ACCT000891,CUST005668,CASE004339,2024-08-08,NEFT,8382.92,IN
TXN0009870,ACCT005378,CUST005773,CASE002278,2023-03-24,UPI,5452.17,AE
TXN0009871,ACCT000060,CUST005067,CASE003518,2024-11-28,UPI,48577.74,HK
TXN0009872,ACCT000456,CUST004772,CASE000469,2023-04-17,UPI,7180.88,HK
TXN0009873,ACCT005137,CUST001286,CASE002405,2023-06-03,IMPS,70281.04,GB
TXN0009874,ACCT002748,CUST002033,CASE003924,2023-10-15,IMPS,87971.52,SG
TXN0009875,ACCT006104,CUST001884,CASE004504,2024-04-16,IMPS,100260.4,AE
TXN0009876,ACCT006290,CUST003122,CASE002203,2023-08-26,UPI,13340.68,US
TXN0009877,ACCT005475,CUST004235,CASE003321,2024-01-29,UPI,42389.29,SG
TXN0009878,ACCT008733,CUST005502,CASE001827,2024-07-22,IMPS,31739.73,US
TXN0009879,ACCT003967,CUST002745,CASE001463,2023-11-27,UPI,45802.33,HK
TXN0009880,ACCT002329,CUST002492,CASE004222,2023-10-21,UPI,35005.66,IN
TXN0009881,ACCT001082,CUST003571,CASE004355,2023-12-15,UPI,52925.74,US
TXN0009882,ACCT002078,CUST001971,CASE003986,2024-08-24,UPI,111351.65,IN
TXN0009883,ACCT001383,CUST001849,CASE002594,2024-12-20,IMPS,19595.81,AE
TXN0009884,ACCT000536,CUST000364,CASE002705,2024-08-27,IMPS,13623.5,SG
TXN0009885,ACCT007344,CUST001103,CASE000184,2023-08-02,UPI,56493.38,AE
TXN0009886,ACCT007256,CUST005834,CASE004676,2024-05-22,IMPS,82854.26,IN
TXN0009887,ACCT008383,CUST001771,CASE000066,2024-08-19,IMPS,45906.64,SG
TXN0009888,ACCT002317,CUST001052,CASE000214,2023-04-10,UPI,85845.72,IN
TXN0009889,ACCT005419,CUST005423,CASE002409,2023-01-31,UPI,34004.29,AE
TXN0009890,ACCT007670,CUST001303,CASE003367,2023-11-01,IMPS,119219.39,AE
TXN0009891,ACCT003747,CUST003616,CASE003405,2023-06-07,UPI,56255.56,AE
TXN0009892,ACCT001393,CUST002167,CASE002545,2023-12-28,NEFT,46123.88,IN
TXN0009893,ACCT005448,CUST001790,CASE001055,2023-12-04,UPI,237953.78,GB
TXN0009894,ACCT007674,CUST002792,CASE001014,2024-04-21,UPI,11676.91,GB
TXN0009895,ACCT006894,CUST005047,CASE000715,2024-03-22,IMPS,43679.84,HK
TXN0009896,ACCT005057,CUST002198,CASE004126,2024-03-01,IMPS,74495.16,AE
TXN0009897,ACCT000923,CUST005936,CASE001225,2024-03-31,NEFT,48037.77,IN
TXN0009898,ACCT008169,CUST000208,CASE003149,2023-01-15,IMPS,186021.53,SG
TXN0009899,ACCT008723,CUST004780,CASE002606,2024-10-24,NEFT,38533.21,AE
TXN0009900,ACCT000992,CUST000494,CASE000920,2023-11-21,IMPS,29504.26,HK
TXN0009901,ACCT004553,CUST003469,CASE003756,2024-07-11,UPI,27705.35,SG
TXN0009902,ACCT003700,CUST003703,CASE001477,2023-04-05,UPI,112965.82,HK
TXN0009903,ACCT002491,CUST004570,CASE001825,2024-10-22,NEFT,87718.23,SG
TXN0009904,ACCT008157,CUST000875,CASE004604,2024-05-16,UPI,26696.98,SG
TXN0009905,ACCT001338,CUST004974,CASE002773,2023-07-14,NEFT,40118.49,GB
TXN0009906,ACCT006165,CUST001820,CASE003837,2024-12-20,NEFT,15031.17,GB
TXN0009907,ACCT006023,CUST000276,CASE003514,2023-10-18,UPI,22490.53,IN
TXN0009908,ACCT004276,CUST005715,CASE002253,2024-12-28,NEFT,70853.85,AE
TXN0009909,ACCT008966,CUST003843,CASE004119,2024-04-26,UPI,92526.01,HK
TXN0009910,ACCT002050,CUST000911,CASE001885,2024-06-07,UPI,5852.55,SG
TXN0009911,ACCT002943,CUST002473,CASE001278,2023-06-23,UPI,3934.39,GB
TXN0009912,ACCT006865,CUST003539,CASE004078,2024-06-22,IMPS,23991.62,AE
TXN0009913,ACCT002689,CUST004384,CASE004822,2024-12-15,NEFT,21559.15,HK
TXN0009914,ACCT000848,CUST003693,CASE004480,2023-08-07,NEFT,110571.53,SG
TXN0009915,ACCT008304,CUST002468,CASE004223,2023-07-22,IMPS,30759.03,IN
TXN0009916,ACCT001632,CUST000942,CASE002993,2023-01-11,NEFT,71828.68,IN
TXN0009917,ACCT007196,CUST004236,CASE004009,2023-01-18,NEFT,96124.91,IN
TXN0009918,ACCT005687,CUST004743,CASE002619,2024-03-30,NEFT,34567.65,IN
TXN0009919,ACCT006112,CUST002158,CASE001035,2024-12-23,NEFT,16568.01,AE
TXN0009920,ACCT007065,CUST004435,CASE001330,2024-09-25,IMPS,3989.56,HK
TXN0009921,ACCT003735,CUST004638,CASE004115,2024-06-29,IMPS,24716.43,GB
TXN0009922,ACCT005329,CUST003121,CASE001131,2023-11-18,IMPS,3360.9,IN
TXN0009923,ACCT005383,CUST004478,CASE002715,2023-08-13,UPI,56172.07,HK
TXN0009924,ACCT006446,CUST002228,CASE004895,2023-11-24,IMPS,7728.68,US
TXN0009925,ACCT007686,CUST005429,CASE000038,2024-07-24,UPI,64550.59,IN
TXN0009926,ACCT004608,CUST004987,CASE002964,2023-11-21,IMPS,40579.36,GB
TXN0009927,ACCT002685,CUST000733,CASE000835,2024-12-18,NEFT,13371.78,AE
TXN0009928,ACCT004919,CUST004294,CASE000178,2023-06-01,UPI,21826.73,SG
TXN0009929,ACCT002637,CUST000648,CASE004616,2023-07-28,IMPS,23313.76,IN
TXN0009930,ACCT001300,CUST005551,CASE003542,2024-11-20,NEFT,27146.55,US
TXN0009931,ACCT005208,CUST002910,CASE000190,2024-04-18,NEFT,24910.82,AE
TXN0009932,ACCT001431,CUST001924,CASE004832,2024-07-22,IMPS,18293.35,IN
TXN0009933,ACCT005129,CUST005255,CASE001590,2023-11-08,UPI,33411.93,US
TXN0009934,ACCT003539,CUST004809,CASE003734,2024-06-19,NEFT,5013.82,IN
TXN0009935,ACCT004788,CUST005801,CASE001944,2023-09-06,UPI,33273.04,AE
TXN0009936,ACCT007787,CUST001101,CASE004791,2023-06-16,UPI,19283.87,AE
TXN0009937,ACCT002452,CUST004895,CASE004039,2024-09-18,NEFT,16026.49,SG
TXN0009938,ACCT002245,CUST002145,CASE004460,2023-11-28,IMPS,66622.97,HK
TXN0009939,ACCT005697,CUST005357,CASE004882,2023-07-26,IMPS,18716.94,GB
TXN0009940,ACCT008142,CUST002786,CASE002491,2023-09-19,NEFT,35449.38,AE
TXN0009941,ACCT001641,CUST005265,CASE000976,2024-08-16,UPI,139590.94,HK
TXN0009942,ACCT008615,CUST005293,CASE002728,2024-04-15,NEFT,9228.71,US
TXN0009943,ACCT002803,CUST003660,CASE002542,2024-12-15,UPI,51895.36,GB
TXN0009944,ACCT004816,CUST002750,CASE001730,2024-12-21,NEFT,30012.05,HK
TXN0009945,ACCT005982,CUST005711,CASE004958,2024-04-17,NEFT,39685.13,GB
TXN0009946,ACCT005512,CUST005873,CASE000085,2024-07-05,UPI,5431.86,IN
TXN0009947,ACCT000112,CUST004647,CASE003080,2024-09-24,IMPS,22144.16,US
TXN0009948,ACCT000284,CUST000896,CASE000796,2024-09-02,NEFT,21142.25,AE
TXN0009949,ACCT008086,CUST000871,CASE003133,2023-04-09,NEFT,43138.69,HK
TXN0009950,ACCT006128,CUST001498,CASE003870,2024-05-19,UPI,22123.46,GB
TXN0009951,ACCT000070,CUST000654,CASE001813,2023-07-28,NEFT,14970.34,GB
TXN0009952,ACCT001783,CUST001589,CASE004060,2023-09-13,NEFT,16099.06,IN
TXN0009953,ACCT008120,CUST005962,CASE004051,2023-08-17,UPI,72627.31,HK
TXN0009954,ACCT008114,CUST004223,CASE004367,2023-02-14,UPI,35815.82,HK
TXN0009955,ACCT007954,CUST002469,CASE000245,2023-03-16,NEFT,34346.09,HK
TXN0009956,ACCT003919,CUST001665,CASE002948,2024-12-18,NEFT,13262.12,IN
TXN0009957,ACCT004417,CUST002416,CASE002773,2024-03-11,NEFT,8618.67,SG
TXN0009958,ACCT006316,CUST005281,CASE001363,2023-05-24,UPI,17158.66,SG
TXN0009959,ACCT000806,CUST002471,CASE003703,2024-03-06,UPI,139368.44,GB
TXN0009960,ACCT002175,CUST000656,CASE000310,2024-08-14,NEFT,31854.46,HK
TXN0009961,ACCT005094,CUST001071,CASE000276,2024-02-18,UPI,94583.4,SG
TXN0009962,ACCT004767,CUST001229,CASE003949,2023-11-13,NEFT,57457.12,GB
TXN0009963,ACCT003127,CUST000138,CASE002972,2024-01-08,UPI,12085.93,GB
TXN0009964,ACCT008731,CUST003650,CASE001171,2023-07-19,NEFT,21898.28,GB
TXN0009965,ACCT000173,CUST001464,CASE004868,2023-01-24,UPI,11858.01,GB
TXN0009966,ACCT004372,CUST000638,CASE000016,2023-09-18,IMPS,20287.21,HK
TXN0009967,ACCT005527,CUST003696,CASE001531,2023-07-24,IMPS,108987.12,AE
TXN0009968,ACCT003465,CUST003731,CASE004854,2023-01-07,IMPS,58091.64,SG
TXN0009969,ACCT003155,CUST004629,CASE003498,2023-04-14,IMPS,36910.57,US
TXN0009970,ACCT003585,CUST003695,CASE004703,2024-11-02,UPI,29509.32,GB
TXN0009971,ACCT005912,CUST002086,CASE000289,2024-07-31,UPI,77822.44,US
TXN0009972,ACCT008581,CUST001350,CASE000924,2024-02-27,IMPS,24085.71,US
TXN0009973,ACCT008371,CUST001943,CASE000118,2023-07-27,IMPS,31912.27,GB
TXN0009974,ACCT004107,CUST002606,CASE002517,2023-05-23,NEFT,15212.22,HK
TXN0009975,ACCT002276,CUST005737,CASE001616,2023-06-08,IMPS,37924.14,SG
TXN0009976,ACCT005563,CUST001802,CASE000035,2024-07-20,NEFT,35249.12,US
TXN0009977,ACCT004509,CUST004623,CASE002432,2024-01-29,UPI,53325.25,AE
TXN0009978,ACCT007137,CUST002211,CASE000320,2024-07-05,IMPS,7534.05,SG
TXN0009979,ACCT005073,CUST000927,CASE004679,2024-09-08,UPI,82064.07,HK
TXN0009980,ACCT001931,CUST001755,CASE000380,2024-11-09,NEFT,12618.45,HK
TXN0009981,ACCT005909,CUST000801,CASE001826,2023-02-09,NEFT,45716.99,IN
TXN0009982,ACCT008239,CUST005605,CASE003922,2024-05-26,UPI,18828.63,US
TXN0009983,ACCT005245,CUST004828,CASE002187,2024-06-23,IMPS,24259.67,SG
TXN0009984,ACCT000512,CUST005567,CASE003040,2023-09-20,NEFT,62853.09,GB
TXN0009985,ACCT001202,CUST000358,CASE000991,2023-12-28,UPI,97547.35,US
TXN0009986,ACCT008346,CUST000856,CASE000983,2023-03-02,UPI,16635.42,HK
TXN0009987,ACCT002381,CUST005259,CASE001030,2024-07-15,IMPS,35598.27,GB
TXN0009988,ACCT008921,CUST000626,CASE004916,2023-02-05,UPI,30591.33,SG
TXN0009989,ACCT004900,CUST001854,CASE003882,2024-05-10,NEFT,79586.27,SG
TXN0009990,ACCT005811,CUST000184,CASE003636,2023-06-08,UPI,21035.93,IN
TXN0009991,ACCT006026,CUST004226,CASE002185,2023-06-06,IMPS,31705.04,IN
TXN0009992,ACCT004637,CUST003415,CASE002854,2023-05-23,UPI,18410.52,HK
TXN0009993,ACCT002878,CUST005354,CASE002331,2023-07-30,NEFT,45367.11,GB
TXN0009994,ACCT006429,CUST003234,CASE004311,2024-03-08,NEFT,2461.24,US
TXN0009995,ACCT002438,CUST004075,CASE002394,2024-01-25,NEFT,16406.86,AE
TXN0009996,ACCT007787,CUST001101,CASE001675,2023-03-22,UPI,28327.05,GB
TXN0009997,ACCT001148,CUST003781,CASE001974,2024-06-29,UPI,19690.13,IN
TXN0009998,ACCT007846,CUST002290,CASE003320,2023-01-14,NEFT,6062.45,US
TXN0009999,ACCT001608,CUST005489,CASE000581,2023-02-11,UPI,133105.98,AE
