account_id,customer_id,account_type,account_open_date,account_status,dormancy_flag,last_dormant_date,account_close_date
ACC_000001,CUST_00001,SAVINGS,1979-10-02,ACTIVE,N,,
ACC_000002,CUST_00002,SAVINGS,1991-08-25,ACTIVE,N,,
ACC_000003,CUST_00002,SAVINGS,2007-11-06,ACTIVE,N,,
ACC_000004,CUST_00003,SAVINGS,2001-04-27,ACTIVE,N,,
ACC_000005,CUST_00003,SAVINGS,1971-05-25,ACTIVE,N,,
ACC_000006,CUST_00004,SAVINGS,2000-11-30,DORMANT,Y,2009-07-29,
ACC_000007,CUST_00004,SAVINGS,2024-12-06,ACTIVE,N,,
ACC_000008,CUST_00005,SAVINGS,1961-07-15,ACTIVE,N,,
ACC_000009,CUST_00006,SAVINGS,1968-04-13,ACTIVE,N,,
ACC_000010,CUST_00007,SAVINGS,1961-06-09,ACTIVE,N,,
ACC_000011,CUST_00008,CURRENT,1990-02-26,ACTIVE,N,,
ACC_000012,CUST_00009,SAVINGS,2010-07-01,ACTIVE,N,,
ACC_000013,CUST_00010,SAVINGS,2020-08-11,ACTIVE,N,,
ACC_000014,CUST_00011,SAVINGS,1997-11-06,DORMANT,Y,2005-09-05,
ACC_000015,CUST_00012,SAVINGS,1955-08-08,ACTIVE,N,,
ACC_000016,CUST_00013,SAVINGS,2013-04-27,ACTIVE,N,,
ACC_000017,CUST_00014,SAVINGS,2019-09-20,ACTIVE,N,,
ACC_000018,CUST_00015,SAVINGS,1995-10-13,ACTIVE,N,,
ACC_000019,CUST_00016,SAVINGS,2007-12-29,ACTIVE,N,,
ACC_000020,CUST_00017,SAVINGS,2011-05-27,DORMANT,Y,2019-05-10,
ACC_000021,CUST_00018,SAVINGS,2008-11-11,ACTIVE,N,,
ACC_000022,CUST_00019,SAVINGS,2005-08-29,ACTIVE,N,,
ACC_000023,CUST_00020,SAVINGS,2000-01-08,ACTIVE,N,,
ACC_000024,CUST_00021,CURRENT,2017-09-18,ACTIVE,N,,
ACC_000025,CUST_00022,SAVINGS,1993-02-23,ACTIVE,N,,
ACC_000026,CUST_00023,SAVINGS,1987-02-27,ACTIVE,N,,
ACC_000027,CUST_00024,SAVINGS,2002-01-15,ACTIVE,N,,
ACC_000028,CUST_00025,SAVINGS,1953-05-13,ACTIVE,N,,
ACC_000029,CUST_00025,SAVINGS,1974-06-10,ACTIVE,N,,
ACC_000030,CUST_00026,CURRENT,2010-02-11,DORMANT,Y,2014-02-02,
ACC_000031,CUST_00027,SAVINGS,1986-02-25,ACTIVE,N,,
ACC_000032,CUST_00027,SAVINGS,1960-04-30,ACTIVE,N,,
ACC_000033,CUST_00028,SAVINGS,1998-11-15,ACTIVE,N,,
ACC_000034,CUST_00029,SAVINGS,1961-03-21,ACTIVE,N,,
ACC_000035,CUST_00030,SAVINGS,1990-01-31,ACTIVE,N,,
ACC_000036,CUST_00031,SAVINGS,2018-04-16,ACTIVE,N,,
ACC_000037,CUST_00032,SAVINGS,2019-10-16,ACTIVE,N,,
ACC_000038,CUST_00032,SAVINGS,2024-05-26,ACTIVE,N,,
ACC_000039,CUST_00033,SAVINGS,1960-08-21,ACTIVE,N,,
ACC_000040,CUST_00034,CURRENT,1987-08-16,ACTIVE,N,,
ACC_000041,CUST_00035,SAVINGS,1980-12-30,ACTIVE,N,,
ACC_000042,CUST_00036,SAVINGS,1963-05-24,ACTIVE,N,,
ACC_000043,CUST_00036,SAVINGS,1966-02-21,ACTIVE,N,,
ACC_000044,CUST_00037,SAVINGS,1959-09-17,ACTIVE,N,,
ACC_000045,CUST_00038,SAVINGS,1999-01-11,ACTIVE,N,,
ACC_000046,CUST_00039,SAVINGS,1955-03-18,ACTIVE,N,,
ACC_000047,CUST_00040,CURRENT,2024-04-25,ACTIVE,N,,
ACC_000048,CUST_00041,SAVINGS,1977-04-06,ACTIVE,N,,
ACC_000049,CUST_00042,SAVINGS,1995-06-05,ACTIVE,N,,
ACC_000050,CUST_00043,SAVINGS,1976-10-06,ACTIVE,N,,
ACC_000051,CUST_00043,SAVINGS,1994-10-23,ACTIVE,N,,
ACC_000052,CUST_00044,CURRENT,1984-01-11,ACTIVE,N,,
ACC_000053,CUST_00045,SAVINGS,1991-03-15,ACTIVE,N,,
ACC_000054,CUST_00046,CURRENT,1987-05-10,ACTIVE,N,,
ACC_000055,CUST_00047,SAVINGS,1975-12-12,ACTIVE,N,,
ACC_000056,CUST_00047,SAVINGS,1968-10-06,ACTIVE,N,,
ACC_000057,CUST_00048,SAVINGS,2023-12-02,ACTIVE,N,,
ACC_000058,CUST_00049,SAVINGS,1985-07-17,ACTIVE,N,,
ACC_000059,CUST_00050,SAVINGS,1951-03-01,ACTIVE,N,,
ACC_000060,CUST_00051,SAVINGS,1990-10-04,ACTIVE,N,,
ACC_000061,CUST_00052,CURRENT,1988-05-11,ACTIVE,N,,
ACC_000062,CUST_00053,CURRENT,1997-03-06,ACTIVE,N,,
ACC_000063,CUST_00053,CURRENT,2004-12-16,DORMANT,Y,2018-10-06,
ACC_000064,CUST_00054,CURRENT,1951-08-15,ACTIVE,N,,
ACC_000065,CUST_00054,CURRENT,2014-03-29,DORMANT,Y,2022-12-17,
ACC_000066,CUST_00054,CURRENT,1970-04-26,INACTIVE,N,,1997-05-14
ACC_000067,CUST_00055,SAVINGS,1980-12-21,ACTIVE,N,,
ACC_000068,CUST_00056,CURRENT,1980-11-19,INACTIVE,N,,1995-03-02
ACC_000069,CUST_00057,SAVINGS,2014-07-28,DORMANT,Y,2018-07-19,
ACC_000070,CUST_00058,SAVINGS,2020-03-15,DORMANT,Y,2024-11-25,
ACC_000071,CUST_00059,SAVINGS,2013-10-18,INACTIVE,N,,2021-08-24
ACC_000072,CUST_00060,CURRENT,1996-05-13,ACTIVE,N,,
ACC_000073,CUST_00060,CURRENT,1961-09-08,ACTIVE,N,,
ACC_000074,CUST_00061,SAVINGS,1992-08-11,ACTIVE,N,,
ACC_000075,CUST_00062,CURRENT,1975-07-26,ACTIVE,N,,
ACC_000076,CUST_00063,SAVINGS,2008-05-11,ACTIVE,N,,
ACC_000077,CUST_00063,SAVINGS,2006-11-06,ACTIVE,N,,
ACC_000078,CUST_00064,SAVINGS,1978-07-11,ACTIVE,N,,
ACC_000079,CUST_00065,SAVINGS,2009-09-14,ACTIVE,N,,
ACC_000080,CUST_00065,SAVINGS,2011-03-30,ACTIVE,N,,
ACC_000081,CUST_00066,SAVINGS,1954-02-05,ACTIVE,N,,
ACC_000082,CUST_00067,SAVINGS,2000-12-30,DORMANT,Y,2005-09-21,
ACC_000083,CUST_00068,SAVINGS,1967-06-21,ACTIVE,N,,
ACC_000084,CUST_00068,SAVINGS,1991-08-04,ACTIVE,N,,
ACC_000085,CUST_00068,SAVINGS,1951-04-27,ACTIVE,N,,
ACC_000086,CUST_00069,SAVINGS,2018-01-09,ACTIVE,N,,
ACC_000087,CUST_00070,SAVINGS,1998-04-09,INACTIVE,N,,2009-10-31
ACC_000088,CUST_00071,SAVINGS,1980-09-09,ACTIVE,N,,
ACC_000089,CUST_00072,SAVINGS,2007-01-17,ACTIVE,N,,
ACC_000090,CUST_00073,SAVINGS,2007-12-10,ACTIVE,N,,
ACC_000091,CUST_00074,SAVINGS,2004-11-24,ACTIVE,N,,
ACC_000092,CUST_00075,SAVINGS,2023-03-03,ACTIVE,N,,
ACC_000093,CUST_00076,SAVINGS,1990-10-13,ACTIVE,N,,
ACC_000094,CUST_00077,SAVINGS,1994-05-19,ACTIVE,N,,
ACC_000095,CUST_00077,SAVINGS,1953-03-01,ACTIVE,N,,
ACC_000096,CUST_00078,SAVINGS,1954-05-21,ACTIVE,N,,
ACC_000097,CUST_00078,SAVINGS,1968-12-08,ACTIVE,N,,
ACC_000098,CUST_00079,CURRENT,1970-12-02,ACTIVE,N,,
ACC_000099,CUST_00080,SAVINGS,1994-12-12,ACTIVE,N,,
ACC_000100,CUST_00080,SAVINGS,2003-03-15,ACTIVE,N,,
ACC_000101,CUST_00081,CURRENT,2001-11-24,INACTIVE,N,,2008-11-04
ACC_000102,CUST_00082,SAVINGS,2003-03-02,ACTIVE,N,,
ACC_000103,CUST_00083,SAVINGS,1958-09-03,ACTIVE,N,,
ACC_000104,CUST_00084,SAVINGS,2022-09-29,ACTIVE,N,,
ACC_000105,CUST_00085,SAVINGS,2002-08-05,ACTIVE,N,,
ACC_000106,CUST_00086,SAVINGS,1975-08-20,DORMANT,Y,2007-12-10,
ACC_000107,CUST_00087,SAVINGS,1964-10-14,INACTIVE,N,,1987-03-01
ACC_000108,CUST_00088,SAVINGS,2011-06-15,ACTIVE,N,,
ACC_000109,CUST_00088,SAVINGS,1991-06-19,ACTIVE,N,,
ACC_000110,CUST_00089,CURRENT,1962-09-10,ACTIVE,N,,
ACC_000111,CUST_00090,SAVINGS,1973-05-01,ACTIVE,N,,
ACC_000112,CUST_00091,SAVINGS,1964-03-13,ACTIVE,N,,
ACC_000113,CUST_00092,SAVINGS,1974-03-06,DORMANT,Y,1976-05-10,
ACC_000114,CUST_00093,SAVINGS,2016-07-02,DORMANT,Y,2016-09-23,
ACC_000115,CUST_00094,SAVINGS,1975-05-30,ACTIVE,N,,
ACC_000116,CUST_00094,SAVINGS,1977-01-31,ACTIVE,N,,
ACC_000117,CUST_00094,SAVINGS,1959-06-17,ACTIVE,N,,
ACC_000118,CUST_00095,SAVINGS,2002-07-09,ACTIVE,N,,
ACC_000119,CUST_00096,SAVINGS,1988-08-17,DORMANT,Y,2002-08-21,
ACC_000120,CUST_00096,SAVINGS,1981-09-19,ACTIVE,N,,
ACC_000121,CUST_00096,CURRENT,1989-08-14,DORMANT,Y,1994-05-19,
ACC_000122,CUST_00097,SAVINGS,2011-11-18,ACTIVE,N,,
ACC_000123,CUST_00097,SAVINGS,1957-10-27,ACTIVE,N,,
ACC_000124,CUST_00098,SAVINGS,2000-03-04,ACTIVE,N,,
ACC_000125,CUST_00099,SAVINGS,2020-07-28,INACTIVE,N,,2020-08-31
ACC_000126,CUST_00100,SAVINGS,1973-05-21,ACTIVE,N,,
ACC_000127,CUST_00101,SAVINGS,1994-06-22,ACTIVE,N,,
ACC_000128,CUST_00102,SAVINGS,2005-12-02,ACTIVE,N,,
ACC_000129,CUST_00102,SAVINGS,2003-03-25,DORMANT,Y,2008-07-27,
ACC_000130,CUST_00103,SAVINGS,1965-01-27,ACTIVE,N,,
ACC_000131,CUST_00104,SAVINGS,1967-07-30,ACTIVE,N,,
ACC_000132,CUST_00105,CURRENT,2023-01-05,ACTIVE,N,,
ACC_000133,CUST_00105,CURRENT,2006-12-12,DORMANT,Y,2023-03-21,
ACC_000134,CUST_00106,SAVINGS,1959-05-12,ACTIVE,N,,
ACC_000135,CUST_00107,SAVINGS,2002-12-10,ACTIVE,N,,
ACC_000136,CUST_00108,SAVINGS,1978-02-07,ACTIVE,N,,
ACC_000137,CUST_00109,SAVINGS,1967-09-07,ACTIVE,N,,
ACC_000138,CUST_00110,SAVINGS,1977-12-29,ACTIVE,N,,
ACC_000139,CUST_00111,CURRENT,1992-02-28,ACTIVE,N,,
ACC_000140,CUST_00112,SAVINGS,2008-10-27,ACTIVE,N,,
ACC_000141,CUST_00113,CURRENT,2014-08-14,ACTIVE,N,,
ACC_000142,CUST_00114,CURRENT,1971-08-12,ACTIVE,N,,
ACC_000143,CUST_00115,SAVINGS,1992-03-26,ACTIVE,N,,
ACC_000144,CUST_00116,CURRENT,1977-08-16,ACTIVE,N,,
ACC_000145,CUST_00117,SAVINGS,2018-05-22,DORMANT,Y,2024-06-25,
ACC_000146,CUST_00118,SAVINGS,2012-06-18,ACTIVE,N,,
ACC_000147,CUST_00119,CURRENT,1987-06-28,ACTIVE,N,,
ACC_000148,CUST_00120,SAVINGS,1977-06-14,ACTIVE,N,,
ACC_000149,CUST_00120,SAVINGS,1951-01-06,ACTIVE,N,,
ACC_000150,CUST_00121,SAVINGS,1969-06-03,ACTIVE,N,,
ACC_000151,CUST_00122,CURRENT,2010-08-31,ACTIVE,N,,
ACC_000152,CUST_00123,SAVINGS,1958-09-15,ACTIVE,N,,
ACC_000153,CUST_00124,SAVINGS,2004-05-03,ACTIVE,N,,
ACC_000154,CUST_00125,SAVINGS,1983-08-06,ACTIVE,N,,
ACC_000155,CUST_00126,CURRENT,2021-07-27,INACTIVE,N,,2022-12-19
ACC_000156,CUST_00127,SAVINGS,2016-10-26,ACTIVE,N,,
ACC_000157,CUST_00128,CURRENT,2012-08-19,ACTIVE,N,,
ACC_000158,CUST_00129,SAVINGS,2012-12-21,ACTIVE,N,,
ACC_000159,CUST_00129,SAVINGS,1955-04-27,ACTIVE,N,,
ACC_000160,CUST_00130,SAVINGS,1962-05-26,ACTIVE,N,,
ACC_000161,CUST_00130,SAVINGS,1989-03-09,ACTIVE,N,,
ACC_000162,CUST_00130,SAVINGS,2012-02-08,ACTIVE,N,,
ACC_000163,CUST_00131,SAVINGS,1997-03-13,ACTIVE,N,,
ACC_000164,CUST_00132,SAVINGS,1990-06-26,ACTIVE,N,,
ACC_000165,CUST_00133,SAVINGS,2003-03-25,DORMANT,Y,2024-02-01,
ACC_000166,CUST_00134,SAVINGS,1973-11-01,ACTIVE,N,,
ACC_000167,CUST_00135,CURRENT,2006-06-28,ACTIVE,N,,
ACC_000168,CUST_00136,CURRENT,1983-11-28,ACTIVE,N,,
ACC_000169,CUST_00137,SAVINGS,1974-06-10,ACTIVE,N,,
ACC_000170,CUST_00138,SAVINGS,2008-10-21,ACTIVE,N,,
ACC_000171,CUST_00139,SAVINGS,2012-04-23,ACTIVE,N,,
ACC_000172,CUST_00140,CURRENT,2002-05-09,ACTIVE,N,,
ACC_000173,CUST_00141,SAVINGS,1974-12-20,DORMANT,Y,2022-07-02,
ACC_000174,CUST_00142,SAVINGS,1963-01-02,ACTIVE,N,,
ACC_000175,CUST_00143,SAVINGS,2003-07-25,ACTIVE,N,,
ACC_000176,CUST_00144,SAVINGS,1955-12-11,ACTIVE,N,,
ACC_000177,CUST_00145,SAVINGS,1982-08-16,ACTIVE,N,,
ACC_000178,CUST_00146,SAVINGS,1971-06-30,DORMANT,Y,1990-02-14,
ACC_000179,CUST_00147,SAVINGS,2023-03-10,ACTIVE,N,,
ACC_000180,CUST_00148,SAVINGS,1989-09-22,ACTIVE,N,,
ACC_000181,CUST_00148,SAVINGS,1959-01-31,ACTIVE,N,,
ACC_000182,CUST_00149,SAVINGS,1979-07-27,DORMANT,Y,2013-02-23,
ACC_000183,CUST_00150,CURRENT,2005-12-22,ACTIVE,N,,
ACC_000184,CUST_00151,CURRENT,1966-07-02,ACTIVE,N,,
ACC_000185,CUST_00151,CURRENT,2000-03-08,DORMANT,Y,2002-10-15,
ACC_000186,CUST_00152,SAVINGS,1964-04-27,ACTIVE,N,,
ACC_000187,CUST_00152,SAVINGS,2018-08-25,ACTIVE,N,,
ACC_000188,CUST_00153,SAVINGS,1994-05-16,DORMANT,Y,2008-04-28,
ACC_000189,CUST_00154,SAVINGS,2011-05-17,DORMANT,Y,2014-03-06,
ACC_000190,CUST_00154,SAVINGS,1984-05-27,ACTIVE,N,,
ACC_000191,CUST_00155,SAVINGS,1978-03-23,ACTIVE,N,,
ACC_000192,CUST_00155,SAVINGS,2018-11-16,ACTIVE,N,,
ACC_000193,CUST_00156,SAVINGS,1956-01-28,ACTIVE,N,,
ACC_000194,CUST_00157,SAVINGS,2012-11-25,ACTIVE,N,,
ACC_000195,CUST_00158,SAVINGS,1953-08-21,ACTIVE,N,,
ACC_000196,CUST_00159,SAVINGS,1959-12-18,ACTIVE,N,,
ACC_000197,CUST_00160,SAVINGS,2012-11-12,ACTIVE,N,,
ACC_000198,CUST_00161,SAVINGS,2001-11-16,ACTIVE,N,,
ACC_000199,CUST_00162,SAVINGS,1996-10-09,ACTIVE,N,,
ACC_000200,CUST_00163,SAVINGS,2004-05-08,ACTIVE,N,,
ACC_000201,CUST_00164,SAVINGS,1976-06-16,ACTIVE,N,,
ACC_000202,CUST_00165,SAVINGS,2003-12-27,ACTIVE,N,,
ACC_000203,CUST_00166,SAVINGS,1955-02-21,ACTIVE,N,,
ACC_000204,CUST_00167,SAVINGS,1951-06-18,ACTIVE,N,,
ACC_000205,CUST_00167,SAVINGS,1984-02-09,INACTIVE,N,,1991-11-29
ACC_000206,CUST_00168,SAVINGS,1968-07-29,ACTIVE,N,,
ACC_000207,CUST_00169,SAVINGS,1994-07-09,DORMANT,Y,2017-04-29,
ACC_000208,CUST_00169,SAVINGS,2013-03-08,DORMANT,Y,2021-06-06,
ACC_000209,CUST_00170,SAVINGS,2012-10-16,ACTIVE,N,,
ACC_000210,CUST_00170,SAVINGS,1959-04-16,ACTIVE,N,,
ACC_000211,CUST_00171,SAVINGS,1961-03-27,ACTIVE,N,,
ACC_000212,CUST_00172,CURRENT,2024-08-22,ACTIVE,N,,
ACC_000213,CUST_00173,CURRENT,1982-12-23,ACTIVE,N,,
ACC_000214,CUST_00174,SAVINGS,2009-07-29,ACTIVE,N,,
ACC_000215,CUST_00175,SAVINGS,1969-02-02,ACTIVE,N,,
ACC_000216,CUST_00175,SAVINGS,2014-01-27,ACTIVE,N,,
ACC_000217,CUST_00176,SAVINGS,1987-12-29,ACTIVE,N,,
ACC_000218,CUST_00177,SAVINGS,1971-12-18,ACTIVE,N,,
ACC_000219,CUST_00177,SAVINGS,1973-03-21,ACTIVE,N,,
ACC_000220,CUST_00177,CURRENT,1952-06-17,INACTIVE,N,,1966-02-20
ACC_000221,CUST_00178,SAVINGS,1974-02-14,ACTIVE,N,,
ACC_000222,CUST_00179,CURRENT,1990-01-13,ACTIVE,N,,
ACC_000223,CUST_00180,SAVINGS,1966-11-24,ACTIVE,N,,
ACC_000224,CUST_00181,SAVINGS,2022-10-07,ACTIVE,N,,
ACC_000225,CUST_00182,SAVINGS,2003-03-13,ACTIVE,N,,
ACC_000226,CUST_00182,SAVINGS,1972-12-04,ACTIVE,N,,
ACC_000227,CUST_00183,CURRENT,1960-07-23,ACTIVE,N,,
ACC_000228,CUST_00184,CURRENT,1951-07-12,ACTIVE,N,,
ACC_000229,CUST_00184,CURRENT,1987-03-11,ACTIVE,N,,
ACC_000230,CUST_00185,CURRENT,1970-11-22,ACTIVE,N,,
ACC_000231,CUST_00186,SAVINGS,2009-12-22,INACTIVE,N,,2016-01-25
ACC_000232,CUST_00187,SAVINGS,1974-03-21,ACTIVE,N,,
ACC_000233,CUST_00187,SAVINGS,1979-06-28,ACTIVE,N,,
ACC_000234,CUST_00188,SAVINGS,1954-09-09,DORMANT,Y,1984-02-09,
ACC_000235,CUST_00189,SAVINGS,2010-03-01,ACTIVE,N,,
ACC_000236,CUST_00189,SAVINGS,1956-07-01,ACTIVE,N,,
ACC_000237,CUST_00189,SAVINGS,2021-03-01,ACTIVE,N,,
ACC_000238,CUST_00190,SAVINGS,1963-12-28,ACTIVE,N,,
ACC_000239,CUST_00191,SAVINGS,2003-03-01,ACTIVE,N,,
ACC_000240,CUST_00192,CURRENT,1991-12-18,INACTIVE,N,,2007-01-25
ACC_000241,CUST_00193,CURRENT,1957-02-18,ACTIVE,N,,
ACC_000242,CUST_00193,CURRENT,1950-08-20,ACTIVE,N,,
ACC_000243,CUST_00194,CURRENT,1956-08-16,ACTIVE,N,,
ACC_000244,CUST_00195,SAVINGS,2001-05-13,ACTIVE,N,,
ACC_000245,CUST_00195,SAVINGS,1977-06-16,INACTIVE,N,,1994-06-13
ACC_000246,CUST_00196,SAVINGS,2000-12-27,ACTIVE,N,,
ACC_000247,CUST_00197,SAVINGS,1982-06-19,ACTIVE,N,,
ACC_000248,CUST_00198,CURRENT,1977-03-21,ACTIVE,N,,
ACC_000249,CUST_00199,CURRENT,1962-06-09,ACTIVE,N,,
ACC_000250,CUST_00200,CURRENT,1952-03-08,ACTIVE,N,,
ACC_000251,CUST_00201,SAVINGS,2007-05-23,DORMANT,Y,2008-05-04,
ACC_000252,CUST_00202,SAVINGS,1951-12-25,ACTIVE,N,,
ACC_000253,CUST_00203,SAVINGS,1995-11-19,ACTIVE,N,,
ACC_000254,CUST_00204,CURRENT,1976-02-25,INACTIVE,N,,2022-06-03
ACC_000255,CUST_00204,CURRENT,1958-08-07,ACTIVE,N,,
ACC_000256,CUST_00205,SAVINGS,1980-01-08,ACTIVE,N,,
ACC_000257,CUST_00206,SAVINGS,1963-02-24,ACTIVE,N,,
ACC_000258,CUST_00206,SAVINGS,1972-11-06,ACTIVE,N,,
ACC_000259,CUST_00206,SAVINGS,1972-09-25,ACTIVE,N,,
ACC_000260,CUST_00207,SAVINGS,1955-12-28,ACTIVE,N,,
ACC_000261,CUST_00208,SAVINGS,2006-07-29,DORMANT,Y,2024-01-05,
ACC_000262,CUST_00209,SAVINGS,1964-08-27,ACTIVE,N,,
ACC_000263,CUST_00210,CURRENT,1994-07-11,ACTIVE,N,,
ACC_000264,CUST_00210,SAVINGS,1993-12-01,ACTIVE,N,,
ACC_000265,CUST_00211,SAVINGS,1975-10-19,ACTIVE,N,,
ACC_000266,CUST_00212,SAVINGS,1978-03-10,ACTIVE,N,,
ACC_000267,CUST_00213,SAVINGS,2023-09-23,ACTIVE,N,,
ACC_000268,CUST_00214,SAVINGS,2003-10-08,ACTIVE,N,,
ACC_000269,CUST_00215,SAVINGS,2008-03-27,ACTIVE,N,,
ACC_000270,CUST_00216,SAVINGS,1966-06-11,DORMANT,Y,1982-04-04,
ACC_000271,CUST_00217,SAVINGS,1979-02-05,ACTIVE,N,,
ACC_000272,CUST_00218,SAVINGS,1964-05-30,ACTIVE,N,,
ACC_000273,CUST_00219,SAVINGS,1998-07-13,ACTIVE,N,,
ACC_000274,CUST_00220,SAVINGS,1994-01-04,ACTIVE,N,,
ACC_000275,CUST_00221,SAVINGS,1973-08-18,ACTIVE,N,,
ACC_000276,CUST_00222,SAVINGS,1952-01-16,ACTIVE,N,,
ACC_000277,CUST_00222,SAVINGS,2004-09-24,ACTIVE,N,,
ACC_000278,CUST_00223,SAVINGS,1993-01-15,ACTIVE,N,,
ACC_000279,CUST_00224,SAVINGS,1951-08-19,ACTIVE,N,,
ACC_000280,CUST_00225,SAVINGS,2002-12-20,ACTIVE,N,,
ACC_000281,CUST_00226,SAVINGS,1978-12-16,DORMANT,Y,2010-03-05,
ACC_000282,CUST_00226,SAVINGS,1979-12-16,ACTIVE,N,,
ACC_000283,CUST_00227,SAVINGS,1958-12-26,ACTIVE,N,,
ACC_000284,CUST_00228,SAVINGS,1987-11-25,ACTIVE,N,,
ACC_000285,CUST_00228,SAVINGS,2000-03-21,ACTIVE,N,,
ACC_000286,CUST_00229,CURRENT,1955-12-25,ACTIVE,N,,
ACC_000287,CUST_00230,SAVINGS,1959-03-02,ACTIVE,N,,
ACC_000288,CUST_00231,SAVINGS,1979-09-30,ACTIVE,N,,
ACC_000289,CUST_00232,CURRENT,2005-12-13,ACTIVE,N,,
ACC_000290,CUST_00233,SAVINGS,1991-01-15,DORMANT,Y,2017-02-25,
ACC_000291,CUST_00234,CURRENT,2017-12-29,ACTIVE,N,,
ACC_000292,CUST_00235,SAVINGS,1963-11-10,ACTIVE,N,,
ACC_000293,CUST_00236,SAVINGS,2022-12-22,DORMANT,Y,2024-08-27,
ACC_000294,CUST_00237,SAVINGS,1973-05-03,ACTIVE,N,,
ACC_000295,CUST_00238,SAVINGS,1984-04-16,ACTIVE,N,,
ACC_000296,CUST_00238,SAVINGS,1962-11-23,ACTIVE,N,,
ACC_000297,CUST_00239,SAVINGS,1994-02-22,ACTIVE,N,,
ACC_000298,CUST_00240,SAVINGS,2002-11-19,ACTIVE,N,,
ACC_000299,CUST_00240,SAVINGS,1968-02-04,INACTIVE,N,,1990-09-09
ACC_000300,CUST_00241,CURRENT,1973-11-11,DORMANT,Y,2017-02-04,
ACC_000301,CUST_00242,CURRENT,1993-04-11,ACTIVE,N,,
ACC_000302,CUST_00243,CURRENT,2015-08-14,ACTIVE,N,,
ACC_000303,CUST_00244,SAVINGS,1959-03-11,ACTIVE,N,,
ACC_000304,CUST_00245,SAVINGS,1995-08-11,ACTIVE,N,,
ACC_000305,CUST_00245,SAVINGS,1952-05-27,ACTIVE,N,,
ACC_000306,CUST_00246,CURRENT,2011-02-05,ACTIVE,N,,
ACC_000307,CUST_00247,SAVINGS,2002-01-15,ACTIVE,N,,
ACC_000308,CUST_00248,SAVINGS,2019-07-21,DORMANT,Y,2021-07-12,
ACC_000309,CUST_00249,SAVINGS,2018-07-08,ACTIVE,N,,
ACC_000310,CUST_00250,CURRENT,1951-10-23,ACTIVE,N,,
ACC_000311,CUST_00250,CURRENT,1981-08-28,ACTIVE,N,,
ACC_000312,CUST_00251,SAVINGS,1952-11-20,ACTIVE,N,,
ACC_000313,CUST_00252,SAVINGS,1966-11-19,ACTIVE,N,,
ACC_000314,CUST_00253,CURRENT,1992-01-13,ACTIVE,N,,
ACC_000315,CUST_00254,SAVINGS,1982-03-05,ACTIVE,N,,
ACC_000316,CUST_00255,SAVINGS,2008-04-26,DORMANT,Y,2021-03-14,
ACC_000317,CUST_00256,SAVINGS,1983-02-23,ACTIVE,N,,
ACC_000318,CUST_00257,CURRENT,1960-10-21,ACTIVE,N,,
ACC_000319,CUST_00257,CURRENT,1958-02-26,ACTIVE,N,,
ACC_000320,CUST_00257,CURRENT,1968-09-20,INACTIVE,N,,1994-03-16
ACC_000321,CUST_00258,SAVINGS,2017-11-16,ACTIVE,N,,
ACC_000322,CUST_00259,SAVINGS,1990-05-15,ACTIVE,N,,
ACC_000323,CUST_00260,SAVINGS,1977-06-30,ACTIVE,N,,
ACC_000324,CUST_00261,SAVINGS,1970-08-23,ACTIVE,N,,
ACC_000325,CUST_00262,SAVINGS,2001-02-20,ACTIVE,N,,
ACC_000326,CUST_00263,SAVINGS,1977-10-26,ACTIVE,N,,
ACC_000327,CUST_00264,SAVINGS,1955-02-28,ACTIVE,N,,
ACC_000328,CUST_00265,CURRENT,1982-05-27,ACTIVE,N,,
ACC_000329,CUST_00266,SAVINGS,2010-05-23,ACTIVE,N,,
ACC_000330,CUST_00267,SAVINGS,1994-09-26,ACTIVE,N,,
ACC_000331,CUST_00268,SAVINGS,1968-04-10,DORMANT,Y,1987-03-14,
ACC_000332,CUST_00269,SAVINGS,1993-03-20,ACTIVE,N,,
ACC_000333,CUST_00270,SAVINGS,1955-05-23,ACTIVE,N,,
ACC_000334,CUST_00270,SAVINGS,2020-11-21,DORMANT,Y,2024-04-03,
ACC_000335,CUST_00271,CURRENT,2006-06-20,ACTIVE,N,,
ACC_000336,CUST_00271,SAVINGS,1989-04-05,ACTIVE,N,,
ACC_000337,CUST_00272,SAVINGS,1953-03-23,ACTIVE,N,,
ACC_000338,CUST_00273,CURRENT,1981-03-03,ACTIVE,N,,
ACC_000339,CUST_00274,CURRENT,1995-02-01,ACTIVE,N,,
ACC_000340,CUST_00274,CURRENT,1996-08-24,ACTIVE,N,,
ACC_000341,CUST_00275,SAVINGS,1982-12-21,ACTIVE,N,,
ACC_000342,CUST_00276,SAVINGS,1978-01-05,ACTIVE,N,,
ACC_000343,CUST_00277,SAVINGS,2023-05-27,DORMANT,Y,2023-07-08,
ACC_000344,CUST_00277,SAVINGS,1983-10-19,INACTIVE,N,,1998-12-07
ACC_000345,CUST_00278,SAVINGS,2001-12-02,ACTIVE,N,,
ACC_000346,CUST_00278,SAVINGS,2020-12-21,ACTIVE,N,,
ACC_000347,CUST_00279,SAVINGS,1993-10-10,ACTIVE,N,,
ACC_000348,CUST_00280,CURRENT,1974-12-25,ACTIVE,N,,
ACC_000349,CUST_00280,SAVINGS,2010-03-16,ACTIVE,N,,
ACC_000350,CUST_00281,CURRENT,1950-10-28,INACTIVE,N,,1959-08-14
ACC_000351,CUST_00282,SAVINGS,2016-11-29,ACTIVE,N,,
ACC_000352,CUST_00282,SAVINGS,1959-07-11,ACTIVE,N,,
ACC_000353,CUST_00283,SAVINGS,1976-03-12,ACTIVE,N,,
ACC_000354,CUST_00284,SAVINGS,1957-02-03,ACTIVE,N,,
ACC_000355,CUST_00285,CURRENT,1969-04-06,ACTIVE,N,,
ACC_000356,CUST_00286,SAVINGS,1977-10-17,ACTIVE,N,,
ACC_000357,CUST_00287,SAVINGS,1967-02-02,ACTIVE,N,,
ACC_000358,CUST_00288,SAVINGS,1962-06-28,ACTIVE,N,,
ACC_000359,CUST_00289,SAVINGS,1973-08-21,INACTIVE,N,,2013-12-18
ACC_000360,CUST_00290,SAVINGS,2024-09-12,ACTIVE,N,,
ACC_000361,CUST_00291,SAVINGS,1977-10-25,ACTIVE,N,,
ACC_000362,CUST_00292,SAVINGS,1982-03-01,ACTIVE,N,,
ACC_000363,CUST_00292,SAVINGS,2019-01-23,ACTIVE,N,,
ACC_000364,CUST_00293,SAVINGS,1960-08-21,ACTIVE,N,,
ACC_000365,CUST_00294,SAVINGS,2008-01-05,ACTIVE,N,,
ACC_000366,CUST_00295,SAVINGS,2013-07-27,ACTIVE,N,,
ACC_000367,CUST_00296,SAVINGS,1992-05-22,ACTIVE,N,,
ACC_000368,CUST_00297,SAVINGS,1972-05-05,INACTIVE,N,,2021-06-14
ACC_000369,CUST_00297,SAVINGS,1976-11-19,ACTIVE,N,,
ACC_000370,CUST_00298,SAVINGS,1983-05-03,ACTIVE,N,,
ACC_000371,CUST_00299,SAVINGS,2007-09-16,ACTIVE,N,,
ACC_000372,CUST_00299,SAVINGS,1974-01-05,DORMANT,Y,2015-03-29,
ACC_000373,CUST_00299,SAVINGS,1983-11-20,ACTIVE,N,,
ACC_000374,CUST_00300,SAVINGS,1991-04-03,ACTIVE,N,,
ACC_000375,CUST_00301,SAVINGS,1988-11-01,ACTIVE,N,,
ACC_000376,CUST_00302,SAVINGS,2011-01-04,ACTIVE,N,,
ACC_000377,CUST_00303,SAVINGS,1977-05-30,INACTIVE,N,,1995-11-29
ACC_000378,CUST_00304,CURRENT,2015-06-28,ACTIVE,N,,
ACC_000379,CUST_00305,SAVINGS,1960-11-21,ACTIVE,N,,
ACC_000380,CUST_00306,SAVINGS,1998-12-09,DORMANT,Y,2012-06-27,
ACC_000381,CUST_00307,SAVINGS,2001-05-29,ACTIVE,N,,
ACC_000382,CUST_00307,SAVINGS,1972-10-31,ACTIVE,N,,
ACC_000383,CUST_00308,SAVINGS,2014-01-24,ACTIVE,N,,
ACC_000384,CUST_00309,SAVINGS,2010-01-26,ACTIVE,N,,
ACC_000385,CUST_00309,SAVINGS,2007-07-13,ACTIVE,N,,
ACC_000386,CUST_00310,SAVINGS,2018-10-09,ACTIVE,N,,
ACC_000387,CUST_00311,SAVINGS,2008-12-27,ACTIVE,N,,
ACC_000388,CUST_00312,SAVINGS,1971-03-20,ACTIVE,N,,
ACC_000389,CUST_00313,CURRENT,2015-08-08,ACTIVE,N,,
ACC_000390,CUST_00314,SAVINGS,1952-09-11,ACTIVE,N,,
ACC_000391,CUST_00315,SAVINGS,2001-11-29,ACTIVE,N,,
ACC_000392,CUST_00316,SAVINGS,2008-03-03,DORMANT,Y,2022-09-12,
ACC_000393,CUST_00317,SAVINGS,1961-04-30,ACTIVE,N,,
ACC_000394,CUST_00318,SAVINGS,1990-11-11,ACTIVE,N,,
ACC_000395,CUST_00319,SAVINGS,2023-02-11,ACTIVE,N,,
ACC_000396,CUST_00320,SAVINGS,1970-10-18,ACTIVE,N,,
ACC_000397,CUST_00321,SAVINGS,1973-11-30,ACTIVE,N,,
ACC_000398,CUST_00322,SAVINGS,1985-01-07,ACTIVE,N,,
ACC_000399,CUST_00323,SAVINGS,2001-10-12,ACTIVE,N,,
ACC_000400,CUST_00324,SAVINGS,2013-02-07,ACTIVE,N,,
ACC_000401,CUST_00325,SAVINGS,1991-08-17,ACTIVE,N,,
ACC_000402,CUST_00326,SAVINGS,2011-09-26,ACTIVE,N,,
ACC_000403,CUST_00327,SAVINGS,1988-07-19,ACTIVE,N,,
ACC_000404,CUST_00328,CURRENT,2001-01-21,ACTIVE,N,,
ACC_000405,CUST_00329,SAVINGS,2015-06-11,ACTIVE,N,,
ACC_000406,CUST_00329,SAVINGS,1959-10-17,DORMANT,Y,1982-06-20,
ACC_000407,CUST_00330,SAVINGS,1968-08-07,ACTIVE,N,,
ACC_000408,CUST_00331,SAVINGS,2013-11-12,ACTIVE,N,,
ACC_000409,CUST_00332,SAVINGS,1976-08-21,ACTIVE,N,,
ACC_000410,CUST_00333,SAVINGS,1971-01-22,ACTIVE,N,,
ACC_000411,CUST_00333,SAVINGS,1975-10-23,ACTIVE,N,,
ACC_000412,CUST_00334,SAVINGS,1950-07-27,ACTIVE,N,,
ACC_000413,CUST_00335,SAVINGS,1951-09-30,ACTIVE,N,,
ACC_000414,CUST_00336,SAVINGS,2018-02-22,ACTIVE,N,,
ACC_000415,CUST_00337,CURRENT,2000-12-08,ACTIVE,N,,
ACC_000416,CUST_00337,CURRENT,2016-11-20,INACTIVE,N,,2020-04-29
ACC_000417,CUST_00337,CURRENT,2006-08-05,ACTIVE,N,,
ACC_000418,CUST_00338,SAVINGS,2003-09-18,DORMANT,Y,2016-05-29,
ACC_000419,CUST_00339,SAVINGS,2002-04-08,ACTIVE,N,,
ACC_000420,CUST_00340,SAVINGS,2016-08-17,ACTIVE,N,,
ACC_000421,CUST_00341,SAVINGS,1991-11-23,ACTIVE,N,,
ACC_000422,CUST_00342,SAVINGS,1959-09-12,ACTIVE,N,,
ACC_000423,CUST_00343,CURRENT,2005-08-20,ACTIVE,N,,
ACC_000424,CUST_00344,CURRENT,1955-04-15,ACTIVE,N,,
ACC_000425,CUST_00345,SAVINGS,1966-12-10,ACTIVE,N,,
ACC_000426,CUST_00346,SAVINGS,2002-05-17,DORMANT,Y,2021-08-14,
ACC_000427,CUST_00347,SAVINGS,1972-02-06,INACTIVE,N,,1985-04-25
ACC_000428,CUST_00347,SAVINGS,2009-05-19,ACTIVE,N,,
ACC_000429,CUST_00348,SAVINGS,1984-09-27,ACTIVE,N,,
ACC_000430,CUST_00348,SAVINGS,1997-06-10,ACTIVE,N,,
ACC_000431,CUST_00348,SAVINGS,2019-05-11,ACTIVE,N,,
ACC_000432,CUST_00349,SAVINGS,2016-07-02,ACTIVE,N,,
ACC_000433,CUST_00350,SAVINGS,2000-02-10,ACTIVE,N,,
ACC_000434,CUST_00351,SAVINGS,1957-11-08,ACTIVE,N,,
ACC_000435,CUST_00352,CURRENT,2002-06-12,DORMANT,Y,2016-11-14,
ACC_000436,CUST_00353,SAVINGS,1983-08-04,INACTIVE,N,,2000-01-30
ACC_000437,CUST_00354,SAVINGS,2015-01-07,INACTIVE,N,,2015-08-09
ACC_000438,CUST_00355,SAVINGS,1999-03-11,ACTIVE,N,,
ACC_000439,CUST_00356,SAVINGS,1953-11-05,ACTIVE,N,,
ACC_000440,CUST_00357,SAVINGS,1970-02-16,ACTIVE,N,,
ACC_000441,CUST_00358,SAVINGS,1985-07-26,ACTIVE,N,,
ACC_000442,CUST_00359,CURRENT,2011-12-28,ACTIVE,N,,
ACC_000443,CUST_00360,CURRENT,1970-01-21,DORMANT,Y,1987-05-12,
ACC_000444,CUST_00361,SAVINGS,1983-09-04,DORMANT,Y,2024-08-25,
ACC_000445,CUST_00362,SAVINGS,1971-12-21,ACTIVE,N,,
ACC_000446,CUST_00362,SAVINGS,1951-09-06,ACTIVE,N,,
ACC_000447,CUST_00363,SAVINGS,1965-11-20,ACTIVE,N,,
ACC_000448,CUST_00364,SAVINGS,1962-07-25,ACTIVE,N,,
ACC_000449,CUST_00365,CURRENT,2002-04-24,ACTIVE,N,,
ACC_000450,CUST_00365,CURRENT,2004-02-15,INACTIVE,N,,2024-01-25
ACC_000451,CUST_00366,SAVINGS,1960-12-08,ACTIVE,N,,
ACC_000452,CUST_00367,SAVINGS,2020-07-28,ACTIVE,N,,
ACC_000453,CUST_00367,SAVINGS,1975-09-13,ACTIVE,N,,
ACC_000454,CUST_00367,SAVINGS,2007-07-25,INACTIVE,N,,2013-03-15
ACC_000455,CUST_00368,CURRENT,2008-02-05,ACTIVE,N,,
ACC_000456,CUST_00369,SAVINGS,1984-06-01,ACTIVE,N,,
ACC_000457,CUST_00370,SAVINGS,1991-02-18,ACTIVE,N,,
ACC_000458,CUST_00370,SAVINGS,2018-02-20,ACTIVE,N,,
ACC_000459,CUST_00371,SAVINGS,2022-07-27,ACTIVE,N,,
ACC_000460,CUST_00372,SAVINGS,2002-02-05,ACTIVE,N,,
ACC_000461,CUST_00373,SAVINGS,1991-12-01,ACTIVE,N,,
ACC_000462,CUST_00374,SAVINGS,2006-01-08,ACTIVE,N,,
ACC_000463,CUST_00375,CURRENT,1962-02-04,ACTIVE,N,,
ACC_000464,CUST_00376,SAVINGS,1964-11-15,ACTIVE,N,,
ACC_000465,CUST_00377,SAVINGS,1996-11-14,ACTIVE,N,,
ACC_000466,CUST_00378,SAVINGS,1969-06-04,ACTIVE,N,,
ACC_000467,CUST_00379,SAVINGS,1986-08-13,ACTIVE,N,,
ACC_000468,CUST_00380,SAVINGS,1978-07-08,ACTIVE,N,,
ACC_000469,CUST_00381,CURRENT,2004-03-01,ACTIVE,N,,
ACC_000470,CUST_00382,CURRENT,1991-12-07,ACTIVE,N,,
ACC_000471,CUST_00383,SAVINGS,1950-11-16,ACTIVE,N,,
ACC_000472,CUST_00383,SAVINGS,1972-12-02,ACTIVE,N,,
ACC_000473,CUST_00383,SAVINGS,2016-12-03,ACTIVE,N,,
ACC_000474,CUST_00384,CURRENT,1950-03-20,ACTIVE,N,,
ACC_000475,CUST_00385,CURRENT,1963-03-09,ACTIVE,N,,
ACC_000476,CUST_00385,SAVINGS,1959-07-04,ACTIVE,N,,
ACC_000477,CUST_00386,SAVINGS,2006-11-13,ACTIVE,N,,
ACC_000478,CUST_00387,SAVINGS,2021-06-13,ACTIVE,N,,
ACC_000479,CUST_00387,SAVINGS,2006-09-25,ACTIVE,N,,
ACC_000480,CUST_00388,SAVINGS,1989-03-30,ACTIVE,N,,
ACC_000481,CUST_00389,SAVINGS,2008-08-26,ACTIVE,N,,
ACC_000482,CUST_00390,SAVINGS,1973-03-23,DORMANT,Y,1985-03-24,
ACC_000483,CUST_00391,SAVINGS,2000-12-28,ACTIVE,N,,
ACC_000484,CUST_00392,SAVINGS,1975-05-15,ACTIVE,N,,
ACC_000485,CUST_00393,CURRENT,1968-04-13,ACTIVE,N,,
ACC_000486,CUST_00394,SAVINGS,1976-12-13,ACTIVE,N,,
ACC_000487,CUST_00395,SAVINGS,2016-03-17,ACTIVE,N,,
ACC_000488,CUST_00396,CURRENT,1974-10-08,ACTIVE,N,,
ACC_000489,CUST_00397,CURRENT,2018-05-29,ACTIVE,N,,
ACC_000490,CUST_00398,SAVINGS,1965-01-01,ACTIVE,N,,
ACC_000491,CUST_00399,CURRENT,2011-05-03,ACTIVE,N,,
ACC_000492,CUST_00400,SAVINGS,1978-12-07,ACTIVE,N,,
ACC_000493,CUST_00401,SAVINGS,1975-04-08,ACTIVE,N,,
ACC_000494,CUST_00401,SAVINGS,1977-05-07,ACTIVE,N,,
ACC_000495,CUST_00402,CURRENT,1958-01-11,ACTIVE,N,,
ACC_000496,CUST_00403,SAVINGS,1974-11-14,ACTIVE,N,,
ACC_000497,CUST_00404,SAVINGS,1976-02-12,ACTIVE,N,,
ACC_000498,CUST_00405,SAVINGS,1985-04-19,ACTIVE,N,,
ACC_000499,CUST_00406,CURRENT,2005-08-21,ACTIVE,N,,
ACC_000500,CUST_00407,SAVINGS,2009-12-25,ACTIVE,N,,
ACC_000501,CUST_00408,SAVINGS,1964-11-11,DORMANT,Y,2023-12-15,
ACC_000502,CUST_00409,CURRENT,1972-08-11,ACTIVE,N,,
ACC_000503,CUST_00409,CURRENT,1960-11-11,ACTIVE,N,,
ACC_000504,CUST_00410,SAVINGS,1989-11-23,ACTIVE,N,,
ACC_000505,CUST_00411,SAVINGS,1961-08-31,ACTIVE,N,,
ACC_000506,CUST_00412,SAVINGS,2001-05-29,DORMANT,Y,2005-08-25,
ACC_000507,CUST_00413,SAVINGS,1987-09-01,ACTIVE,N,,
ACC_000508,CUST_00414,SAVINGS,1958-09-30,ACTIVE,N,,
ACC_000509,CUST_00414,SAVINGS,1996-07-26,ACTIVE,N,,
ACC_000510,CUST_00415,SAVINGS,1954-01-14,ACTIVE,N,,
ACC_000511,CUST_00416,SAVINGS,1981-12-14,ACTIVE,N,,
ACC_000512,CUST_00416,SAVINGS,2015-01-16,ACTIVE,N,,
ACC_000513,CUST_00417,SAVINGS,2016-01-14,ACTIVE,N,,
ACC_000514,CUST_00418,SAVINGS,1963-09-21,DORMANT,Y,1964-05-14,
ACC_000515,CUST_00419,SAVINGS,1958-04-24,ACTIVE,N,,
ACC_000516,CUST_00420,SAVINGS,1986-03-19,ACTIVE,N,,
ACC_000517,CUST_00421,SAVINGS,1950-12-26,ACTIVE,N,,
ACC_000518,CUST_00421,SAVINGS,1955-09-12,ACTIVE,N,,
ACC_000519,CUST_00421,SAVINGS,1963-03-08,ACTIVE,N,,
ACC_000520,CUST_00422,SAVINGS,1978-09-23,INACTIVE,N,,2014-04-09
ACC_000521,CUST_00423,SAVINGS,1950-12-27,ACTIVE,N,,
ACC_000522,CUST_00424,SAVINGS,2001-02-16,DORMANT,Y,2021-08-23,
ACC_000523,CUST_00425,SAVINGS,2020-10-13,ACTIVE,N,,
ACC_000524,CUST_00425,SAVINGS,1986-03-07,INACTIVE,N,,2019-03-31
ACC_000525,CUST_00426,SAVINGS,2014-05-29,ACTIVE,N,,
ACC_000526,CUST_00427,SAVINGS,1995-11-14,ACTIVE,N,,
ACC_000527,CUST_00428,CURRENT,2008-06-13,ACTIVE,N,,
ACC_000528,CUST_00429,SAVINGS,1995-10-22,ACTIVE,N,,
ACC_000529,CUST_00430,SAVINGS,2000-06-18,ACTIVE,N,,
ACC_000530,CUST_00431,SAVINGS,1996-09-10,ACTIVE,N,,
ACC_000531,CUST_00432,SAVINGS,1992-11-25,ACTIVE,N,,
ACC_000532,CUST_00433,SAVINGS,1982-08-11,ACTIVE,N,,
ACC_000533,CUST_00433,CURRENT,1999-02-28,ACTIVE,N,,
ACC_000534,CUST_00434,SAVINGS,2004-03-26,INACTIVE,N,,2017-02-09
ACC_000535,CUST_00434,SAVINGS,1957-10-16,ACTIVE,N,,
ACC_000536,CUST_00435,SAVINGS,1998-06-16,ACTIVE,N,,
ACC_000537,CUST_00435,SAVINGS,1994-12-13,DORMANT,Y,2022-05-19,
ACC_000538,CUST_00436,SAVINGS,1963-08-20,ACTIVE,N,,
ACC_000539,CUST_00437,SAVINGS,1950-06-03,ACTIVE,N,,
ACC_000540,CUST_00438,SAVINGS,2012-03-09,ACTIVE,N,,
ACC_000541,CUST_00439,SAVINGS,2004-09-08,ACTIVE,N,,
ACC_000542,CUST_00440,SAVINGS,1968-11-24,ACTIVE,N,,
ACC_000543,CUST_00440,SAVINGS,1953-06-30,ACTIVE,N,,
ACC_000544,CUST_00441,SAVINGS,1966-09-23,ACTIVE,N,,
ACC_000545,CUST_00442,SAVINGS,2022-03-21,ACTIVE,N,,
ACC_000546,CUST_00443,SAVINGS,1988-01-14,ACTIVE,N,,
ACC_000547,CUST_00444,SAVINGS,1983-10-29,INACTIVE,N,,2008-11-23
ACC_000548,CUST_00445,SAVINGS,2011-07-04,ACTIVE,N,,
ACC_000549,CUST_00446,CURRENT,2014-09-04,INACTIVE,N,,2023-06-08
ACC_000550,CUST_00446,CURRENT,2006-03-24,ACTIVE,N,,
ACC_000551,CUST_00446,CURRENT,1975-07-31,ACTIVE,N,,
ACC_000552,CUST_00447,SAVINGS,1950-06-05,ACTIVE,N,,
ACC_000553,CUST_00447,SAVINGS,1993-11-06,ACTIVE,N,,
ACC_000554,CUST_00448,CURRENT,1952-04-06,INACTIVE,N,,2001-04-14
ACC_000555,CUST_00448,SAVINGS,1956-03-24,ACTIVE,N,,
ACC_000556,CUST_00449,SAVINGS,1994-04-21,ACTIVE,N,,
ACC_000557,CUST_00449,SAVINGS,2010-06-21,ACTIVE,N,,
ACC_000558,CUST_00449,SAVINGS,1981-10-15,DORMANT,Y,2023-01-29,
ACC_000559,CUST_00450,SAVINGS,2015-12-12,ACTIVE,N,,
ACC_000560,CUST_00451,CURRENT,2004-06-18,ACTIVE,N,,
ACC_000561,CUST_00452,SAVINGS,1961-01-27,ACTIVE,N,,
ACC_000562,CUST_00452,SAVINGS,1997-05-29,ACTIVE,N,,
ACC_000563,CUST_00453,SAVINGS,2008-03-28,DORMANT,Y,2024-03-19,
ACC_000564,CUST_00454,CURRENT,2014-10-20,ACTIVE,N,,
ACC_000565,CUST_00455,SAVINGS,1963-09-03,ACTIVE,N,,
ACC_000566,CUST_00456,CURRENT,2002-05-19,ACTIVE,N,,
ACC_000567,CUST_00456,SAVINGS,1989-12-30,ACTIVE,N,,
ACC_000568,CUST_00457,SAVINGS,1976-07-20,ACTIVE,N,,
ACC_000569,CUST_00458,SAVINGS,1969-06-26,ACTIVE,N,,
ACC_000570,CUST_00459,SAVINGS,2020-10-12,ACTIVE,N,,
ACC_000571,CUST_00460,SAVINGS,2018-09-06,ACTIVE,N,,
ACC_000572,CUST_00461,SAVINGS,1954-04-28,ACTIVE,N,,
ACC_000573,CUST_00462,SAVINGS,1967-05-28,ACTIVE,N,,
ACC_000574,CUST_00463,SAVINGS,2017-10-07,ACTIVE,N,,
ACC_000575,CUST_00464,SAVINGS,1961-11-08,ACTIVE,N,,
ACC_000576,CUST_00465,SAVINGS,1991-01-06,ACTIVE,N,,
ACC_000577,CUST_00466,SAVINGS,2024-09-07,DORMANT,Y,2024-12-06,
ACC_000578,CUST_00466,SAVINGS,1972-11-14,ACTIVE,N,,
ACC_000579,CUST_00467,SAVINGS,2010-09-28,ACTIVE,N,,
ACC_000580,CUST_00467,SAVINGS,1965-09-29,ACTIVE,N,,
ACC_000581,CUST_00468,CURRENT,2015-08-16,ACTIVE,N,,
ACC_000582,CUST_00468,CURRENT,2023-08-02,ACTIVE,N,,
ACC_000583,CUST_00469,SAVINGS,1982-10-15,ACTIVE,N,,
ACC_000584,CUST_00470,SAVINGS,1983-02-14,ACTIVE,N,,
ACC_000585,CUST_00471,SAVINGS,1978-10-21,DORMANT,Y,1990-05-27,
ACC_000586,CUST_00472,SAVINGS,1962-03-04,ACTIVE,N,,
ACC_000587,CUST_00473,SAVINGS,1964-05-09,ACTIVE,N,,
ACC_000588,CUST_00474,CURRENT,2009-03-10,ACTIVE,N,,
ACC_000589,CUST_00475,SAVINGS,1953-12-23,ACTIVE,N,,
ACC_000590,CUST_00476,SAVINGS,1971-10-23,ACTIVE,N,,
ACC_000591,CUST_00476,SAVINGS,1994-06-09,ACTIVE,N,,
ACC_000592,CUST_00476,SAVINGS,2002-03-12,ACTIVE,N,,
ACC_000593,CUST_00477,SAVINGS,1988-02-27,ACTIVE,N,,
ACC_000594,CUST_00478,SAVINGS,1979-12-29,ACTIVE,N,,
ACC_000595,CUST_00479,SAVINGS,1985-01-23,DORMANT,Y,2017-06-22,
ACC_000596,CUST_00480,SAVINGS,1966-10-03,ACTIVE,N,,
ACC_000597,CUST_00481,SAVINGS,1968-06-23,ACTIVE,N,,
ACC_000598,CUST_00482,SAVINGS,2022-10-02,ACTIVE,N,,
ACC_000599,CUST_00483,SAVINGS,2016-12-15,ACTIVE,N,,
ACC_000600,CUST_00484,SAVINGS,1962-04-23,ACTIVE,N,,
ACC_000601,CUST_00485,SAVINGS,1995-04-18,ACTIVE,N,,
ACC_000602,CUST_00485,SAVINGS,1980-06-17,ACTIVE,N,,
ACC_000603,CUST_00486,CURRENT,1958-10-20,ACTIVE,N,,
ACC_000604,CUST_00487,SAVINGS,1996-09-17,DORMANT,Y,2009-07-16,
ACC_000605,CUST_00488,SAVINGS,2001-12-10,INACTIVE,N,,2024-03-10
ACC_000606,CUST_00489,SAVINGS,2009-06-21,ACTIVE,N,,
ACC_000607,CUST_00490,CURRENT,1981-10-05,ACTIVE,N,,
ACC_000608,CUST_00491,SAVINGS,1980-06-04,ACTIVE,N,,
ACC_000609,CUST_00492,SAVINGS,1985-04-06,ACTIVE,N,,
ACC_000610,CUST_00492,SAVINGS,1965-09-29,ACTIVE,N,,
ACC_000611,CUST_00492,SAVINGS,1989-08-08,DORMANT,Y,1995-07-27,
ACC_000612,CUST_00493,SAVINGS,1965-02-27,DORMANT,Y,1971-03-23,
ACC_000613,CUST_00494,SAVINGS,1996-04-22,ACTIVE,N,,
ACC_000614,CUST_00495,SAVINGS,1975-08-11,ACTIVE,N,,
ACC_000615,CUST_00496,SAVINGS,1965-10-20,ACTIVE,N,,
ACC_000616,CUST_00497,SAVINGS,2000-01-19,ACTIVE,N,,
ACC_000617,CUST_00498,SAVINGS,1967-05-05,ACTIVE,N,,
ACC_000618,CUST_00499,CURRENT,1992-08-25,ACTIVE,N,,
ACC_000619,CUST_00500,SAVINGS,2001-09-29,ACTIVE,N,,
ACC_000620,CUST_00501,SAVINGS,1950-03-25,ACTIVE,N,,
ACC_000621,CUST_00501,SAVINGS,1992-04-19,ACTIVE,N,,
ACC_000622,CUST_00502,SAVINGS,1958-06-04,ACTIVE,N,,
ACC_000623,CUST_00503,SAVINGS,2022-11-23,ACTIVE,N,,
ACC_000624,CUST_00503,SAVINGS,1975-11-03,INACTIVE,N,,2002-04-02
ACC_000625,CUST_00504,SAVINGS,2007-09-01,ACTIVE,N,,
ACC_000626,CUST_00505,SAVINGS,1993-07-03,ACTIVE,N,,
ACC_000627,CUST_00506,SAVINGS,1999-09-06,ACTIVE,N,,
ACC_000628,CUST_00507,CURRENT,1967-03-11,DORMANT,Y,2002-07-23,
ACC_000629,CUST_00507,CURRENT,1980-03-26,ACTIVE,N,,
ACC_000630,CUST_00508,SAVINGS,1964-07-04,ACTIVE,N,,
ACC_000631,CUST_00509,CURRENT,2003-10-21,ACTIVE,N,,
ACC_000632,CUST_00510,SAVINGS,1951-04-02,ACTIVE,N,,
ACC_000633,CUST_00511,SAVINGS,2023-04-06,ACTIVE,N,,
ACC_000634,CUST_00512,SAVINGS,2012-09-08,DORMANT,Y,2018-01-23,
ACC_000635,CUST_00512,SAVINGS,1969-09-11,DORMANT,Y,1989-11-22,
ACC_000636,CUST_00512,SAVINGS,1979-10-17,ACTIVE,N,,
ACC_000637,CUST_00513,CURRENT,2018-01-10,ACTIVE,N,,
ACC_000638,CUST_00514,CURRENT,2012-01-13,ACTIVE,N,,
ACC_000639,CUST_00515,SAVINGS,1970-01-24,ACTIVE,N,,
ACC_000640,CUST_00516,CURRENT,1988-07-27,INACTIVE,N,,1998-06-30
ACC_000641,CUST_00517,SAVINGS,1954-09-04,ACTIVE,N,,
ACC_000642,CUST_00518,SAVINGS,1993-07-28,ACTIVE,N,,
ACC_000643,CUST_00519,SAVINGS,1992-01-16,ACTIVE,N,,
ACC_000644,CUST_00520,SAVINGS,2018-05-17,INACTIVE,N,,2024-03-25
ACC_000645,CUST_00521,SAVINGS,1966-10-21,ACTIVE,N,,
ACC_000646,CUST_00522,SAVINGS,1987-03-21,ACTIVE,N,,
ACC_000647,CUST_00523,SAVINGS,2015-02-04,ACTIVE,N,,
ACC_000648,CUST_00523,SAVINGS,1979-05-11,ACTIVE,N,,
ACC_000649,CUST_00524,SAVINGS,2017-05-16,ACTIVE,N,,
ACC_000650,CUST_00524,SAVINGS,1989-09-03,ACTIVE,N,,
ACC_000651,CUST_00524,SAVINGS,2001-04-09,ACTIVE,N,,
ACC_000652,CUST_00525,SAVINGS,1958-01-02,ACTIVE,N,,
ACC_000653,CUST_00526,SAVINGS,1995-05-05,ACTIVE,N,,
ACC_000654,CUST_00527,CURRENT,1970-10-13,ACTIVE,N,,
ACC_000655,CUST_00528,SAVINGS,1978-08-31,ACTIVE,N,,
ACC_000656,CUST_00528,SAVINGS,1980-08-19,ACTIVE,N,,
ACC_000657,CUST_00528,SAVINGS,1957-02-26,ACTIVE,N,,
ACC_000658,CUST_00529,SAVINGS,1974-05-14,DORMANT,Y,2007-07-16,
ACC_000659,CUST_00530,CURRENT,2003-04-29,ACTIVE,N,,
ACC_000660,CUST_00530,CURRENT,1990-09-16,ACTIVE,N,,
ACC_000661,CUST_00531,SAVINGS,1971-09-01,DORMANT,Y,1973-02-18,
ACC_000662,CUST_00532,SAVINGS,2024-07-29,ACTIVE,N,,
ACC_000663,CUST_00533,SAVINGS,2003-05-23,ACTIVE,N,,
ACC_000664,CUST_00534,SAVINGS,1995-12-03,ACTIVE,N,,
ACC_000665,CUST_00534,SAVINGS,2007-06-30,ACTIVE,N,,
ACC_000666,CUST_00535,SAVINGS,2014-06-07,ACTIVE,N,,
ACC_000667,CUST_00536,CURRENT,1997-05-28,ACTIVE,N,,
ACC_000668,CUST_00537,SAVINGS,2003-04-07,ACTIVE,N,,
ACC_000669,CUST_00538,SAVINGS,2003-03-23,ACTIVE,N,,
ACC_000670,CUST_00539,SAVINGS,1959-10-11,ACTIVE,N,,
ACC_000671,CUST_00540,SAVINGS,2021-11-03,INACTIVE,N,,2024-12-05
ACC_000672,CUST_00541,SAVINGS,1988-07-09,ACTIVE,N,,
ACC_000673,CUST_00541,SAVINGS,1988-06-06,ACTIVE,N,,
ACC_000674,CUST_00542,SAVINGS,1976-07-21,ACTIVE,N,,
ACC_000675,CUST_00543,SAVINGS,2024-08-01,ACTIVE,N,,
ACC_000676,CUST_00543,SAVINGS,2003-08-05,DORMANT,Y,2006-11-26,
ACC_000677,CUST_00544,SAVINGS,1967-10-26,ACTIVE,N,,
ACC_000678,CUST_00545,SAVINGS,1994-01-07,ACTIVE,N,,
ACC_000679,CUST_00546,SAVINGS,1957-05-14,ACTIVE,N,,
ACC_000680,CUST_00546,SAVINGS,1991-05-21,ACTIVE,N,,
ACC_000681,CUST_00547,SAVINGS,2012-04-09,ACTIVE,N,,
ACC_000682,CUST_00548,SAVINGS,1972-04-12,ACTIVE,N,,
ACC_000683,CUST_00549,SAVINGS,1968-09-21,ACTIVE,N,,
ACC_000684,CUST_00550,SAVINGS,2010-02-21,INACTIVE,N,,2021-12-24
ACC_000685,CUST_00551,SAVINGS,2015-08-30,ACTIVE,N,,
ACC_000686,CUST_00552,CURRENT,1989-08-13,ACTIVE,N,,
ACC_000687,CUST_00553,SAVINGS,1969-09-17,DORMANT,Y,1983-12-26,
ACC_000688,CUST_00554,SAVINGS,1979-09-09,ACTIVE,N,,
ACC_000689,CUST_00554,SAVINGS,1976-08-18,ACTIVE,N,,
ACC_000690,CUST_00555,CURRENT,1951-03-30,ACTIVE,N,,
ACC_000691,CUST_00556,SAVINGS,1999-04-20,INACTIVE,N,,2023-12-31
ACC_000692,CUST_00556,SAVINGS,1963-11-16,ACTIVE,N,,
ACC_000693,CUST_00557,SAVINGS,1970-02-02,ACTIVE,N,,
ACC_000694,CUST_00558,SAVINGS,2001-04-01,ACTIVE,N,,
ACC_000695,CUST_00559,SAVINGS,2008-02-17,ACTIVE,N,,
ACC_000696,CUST_00560,SAVINGS,1972-11-23,ACTIVE,N,,
ACC_000697,CUST_00561,SAVINGS,1957-09-01,ACTIVE,N,,
ACC_000698,CUST_00561,SAVINGS,1963-01-27,ACTIVE,N,,
ACC_000699,CUST_00562,SAVINGS,1998-05-25,ACTIVE,N,,
ACC_000700,CUST_00563,CURRENT,2014-06-30,DORMANT,Y,2017-07-20,
ACC_000701,CUST_00563,SAVINGS,1957-02-21,ACTIVE,N,,
ACC_000702,CUST_00564,SAVINGS,1965-12-21,ACTIVE,N,,
ACC_000703,CUST_00565,SAVINGS,2020-02-25,ACTIVE,N,,
ACC_000704,CUST_00566,SAVINGS,1996-01-26,ACTIVE,N,,
ACC_000705,CUST_00566,SAVINGS,2009-01-16,ACTIVE,N,,
ACC_000706,CUST_00567,SAVINGS,1970-03-22,DORMANT,Y,2012-11-19,
ACC_000707,CUST_00568,SAVINGS,2004-12-25,ACTIVE,N,,
ACC_000708,CUST_00569,CURRENT,1983-05-07,ACTIVE,N,,
ACC_000709,CUST_00569,CURRENT,1954-08-17,ACTIVE,N,,
ACC_000710,CUST_00570,SAVINGS,1966-03-03,ACTIVE,N,,
ACC_000711,CUST_00570,SAVINGS,1982-10-12,ACTIVE,N,,
ACC_000712,CUST_00571,SAVINGS,2003-12-26,ACTIVE,N,,
ACC_000713,CUST_00572,SAVINGS,2016-07-02,ACTIVE,N,,
ACC_000714,CUST_00573,SAVINGS,1991-03-13,DORMANT,Y,2014-08-08,
ACC_000715,CUST_00574,SAVINGS,1973-06-23,ACTIVE,N,,
ACC_000716,CUST_00575,CURRENT,2001-02-01,ACTIVE,N,,
ACC_000717,CUST_00576,CURRENT,1962-03-13,INACTIVE,N,,2015-02-13
ACC_000718,CUST_00577,SAVINGS,2013-02-08,ACTIVE,N,,
ACC_000719,CUST_00578,CURRENT,2002-01-02,ACTIVE,N,,
ACC_000720,CUST_00579,SAVINGS,1987-06-17,ACTIVE,N,,
ACC_000721,CUST_00580,SAVINGS,2010-07-31,ACTIVE,N,,
ACC_000722,CUST_00581,SAVINGS,1999-12-29,DORMANT,Y,2000-05-21,
ACC_000723,CUST_00581,SAVINGS,1966-05-02,ACTIVE,N,,
ACC_000724,CUST_00582,SAVINGS,1965-11-15,ACTIVE,N,,
ACC_000725,CUST_00583,CURRENT,1961-03-31,DORMANT,Y,1969-07-20,
ACC_000726,CUST_00584,SAVINGS,2016-08-01,ACTIVE,N,,
ACC_000727,CUST_00585,SAVINGS,2019-05-18,ACTIVE,N,,
ACC_000728,CUST_00585,SAVINGS,1980-08-12,ACTIVE,N,,
ACC_000729,CUST_00586,SAVINGS,1953-02-18,ACTIVE,N,,
ACC_000730,CUST_00586,SAVINGS,2015-04-05,ACTIVE,N,,
ACC_000731,CUST_00586,SAVINGS,1987-04-03,ACTIVE,N,,
ACC_000732,CUST_00587,SAVINGS,1962-11-14,ACTIVE,N,,
ACC_000733,CUST_00588,SAVINGS,1974-08-25,DORMANT,Y,2000-10-10,
ACC_000734,CUST_00589,CURRENT,2015-11-25,ACTIVE,N,,
ACC_000735,CUST_00590,CURRENT,2009-01-08,ACTIVE,N,,
ACC_000736,CUST_00591,SAVINGS,1990-08-10,ACTIVE,N,,
ACC_000737,CUST_00592,CURRENT,1967-01-17,ACTIVE,N,,
ACC_000738,CUST_00592,SAVINGS,1963-07-15,ACTIVE,N,,
ACC_000739,CUST_00593,SAVINGS,1994-04-07,DORMANT,Y,1996-06-04,
ACC_000740,CUST_00594,SAVINGS,2023-02-26,ACTIVE,N,,
ACC_000741,CUST_00594,SAVINGS,1975-03-01,ACTIVE,N,,
ACC_000742,CUST_00595,CURRENT,2005-03-02,DORMANT,Y,2005-11-02,
ACC_000743,CUST_00595,CURRENT,2003-08-06,ACTIVE,N,,
ACC_000744,CUST_00595,CURRENT,2023-01-03,INACTIVE,N,,2024-09-02
ACC_000745,CUST_00596,SAVINGS,2022-02-22,ACTIVE,N,,
ACC_000746,CUST_00597,SAVINGS,2016-06-29,ACTIVE,N,,
ACC_000747,CUST_00597,SAVINGS,1958-09-14,ACTIVE,N,,
ACC_000748,CUST_00597,SAVINGS,2020-08-15,ACTIVE,N,,
ACC_000749,CUST_00598,SAVINGS,2023-05-10,ACTIVE,N,,
ACC_000750,CUST_00599,SAVINGS,1966-11-21,ACTIVE,N,,
ACC_000751,CUST_00600,SAVINGS,1978-03-28,ACTIVE,N,,
ACC_000752,CUST_00601,SAVINGS,1965-12-20,ACTIVE,N,,
ACC_000753,CUST_00602,SAVINGS,1974-08-03,ACTIVE,N,,
ACC_000754,CUST_00603,SAVINGS,1974-06-28,ACTIVE,N,,
ACC_000755,CUST_00604,SAVINGS,1950-09-22,ACTIVE,N,,
ACC_000756,CUST_00605,SAVINGS,2010-11-14,ACTIVE,N,,
ACC_000757,CUST_00606,SAVINGS,1992-10-10,ACTIVE,N,,
ACC_000758,CUST_00607,SAVINGS,1966-09-30,ACTIVE,N,,
ACC_000759,CUST_00607,SAVINGS,1955-04-30,ACTIVE,N,,
ACC_000760,CUST_00608,SAVINGS,1967-07-14,ACTIVE,N,,
ACC_000761,CUST_00609,SAVINGS,1978-01-25,ACTIVE,N,,
ACC_000762,CUST_00610,CURRENT,1971-12-10,ACTIVE,N,,
ACC_000763,CUST_00611,SAVINGS,1961-12-14,ACTIVE,N,,
ACC_000764,CUST_00612,SAVINGS,1984-12-11,ACTIVE,N,,
ACC_000765,CUST_00613,SAVINGS,1954-10-07,ACTIVE,N,,
ACC_000766,CUST_00613,SAVINGS,1961-07-08,ACTIVE,N,,
ACC_000767,CUST_00614,SAVINGS,1966-12-22,ACTIVE,N,,
ACC_000768,CUST_00615,CURRENT,2018-11-20,ACTIVE,N,,
ACC_000769,CUST_00616,CURRENT,1990-08-21,ACTIVE,N,,
ACC_000770,CUST_00617,SAVINGS,1999-06-25,ACTIVE,N,,
ACC_000771,CUST_00618,SAVINGS,2024-02-05,ACTIVE,N,,
ACC_000772,CUST_00618,SAVINGS,1973-05-10,ACTIVE,N,,
ACC_000773,CUST_00619,SAVINGS,2007-07-30,ACTIVE,N,,
ACC_000774,CUST_00620,SAVINGS,1950-01-05,ACTIVE,N,,
ACC_000775,CUST_00621,SAVINGS,1983-10-19,ACTIVE,N,,
ACC_000776,CUST_00622,SAVINGS,1990-11-29,ACTIVE,N,,
ACC_000777,CUST_00623,SAVINGS,1956-04-13,DORMANT,Y,1996-03-18,
ACC_000778,CUST_00624,SAVINGS,2022-09-10,ACTIVE,N,,
ACC_000779,CUST_00625,SAVINGS,2010-07-22,ACTIVE,N,,
ACC_000780,CUST_00626,SAVINGS,1969-01-13,ACTIVE,N,,
ACC_000781,CUST_00627,SAVINGS,2016-10-01,ACTIVE,N,,
ACC_000782,CUST_00627,SAVINGS,1992-08-04,ACTIVE,N,,
ACC_000783,CUST_00627,SAVINGS,2021-02-18,ACTIVE,N,,
ACC_000784,CUST_00628,SAVINGS,1997-12-03,ACTIVE,N,,
ACC_000785,CUST_00629,SAVINGS,2023-04-02,ACTIVE,N,,
ACC_000786,CUST_00630,SAVINGS,2019-06-29,ACTIVE,N,,
ACC_000787,CUST_00631,SAVINGS,1978-07-24,ACTIVE,N,,
ACC_000788,CUST_00632,CURRENT,1963-06-23,ACTIVE,N,,
ACC_000789,CUST_00633,SAVINGS,1956-02-02,ACTIVE,N,,
ACC_000790,CUST_00633,SAVINGS,1982-04-09,ACTIVE,N,,
ACC_000791,CUST_00634,SAVINGS,1955-01-01,ACTIVE,N,,
ACC_000792,CUST_00635,SAVINGS,1975-08-07,DORMANT,Y,1985-03-28,
ACC_000793,CUST_00636,SAVINGS,1990-10-16,ACTIVE,N,,
ACC_000794,CUST_00637,SAVINGS,1979-04-17,ACTIVE,N,,
ACC_000795,CUST_00638,SAVINGS,1968-04-07,ACTIVE,N,,
ACC_000796,CUST_00638,SAVINGS,1979-05-28,ACTIVE,N,,
ACC_000797,CUST_00639,SAVINGS,1998-11-14,ACTIVE,N,,
ACC_000798,CUST_00639,SAVINGS,1987-10-03,ACTIVE,N,,
ACC_000799,CUST_00640,SAVINGS,1967-06-28,ACTIVE,N,,
ACC_000800,CUST_00641,CURRENT,2007-06-09,ACTIVE,N,,
ACC_000801,CUST_00641,SAVINGS,1960-02-14,ACTIVE,N,,
ACC_000802,CUST_00642,SAVINGS,2024-11-01,DORMANT,Y,2024-11-25,
ACC_000803,CUST_00643,SAVINGS,1985-06-24,ACTIVE,N,,
ACC_000804,CUST_00644,SAVINGS,2001-12-17,ACTIVE,N,,
ACC_000805,CUST_00645,CURRENT,1972-03-24,ACTIVE,N,,
ACC_000806,CUST_00646,CURRENT,2004-06-13,DORMANT,Y,2019-12-19,
ACC_000807,CUST_00647,SAVINGS,1961-05-01,ACTIVE,N,,
ACC_000808,CUST_00648,SAVINGS,1984-08-05,ACTIVE,N,,
ACC_000809,CUST_00649,SAVINGS,2007-11-21,DORMANT,Y,2012-10-05,
ACC_000810,CUST_00650,SAVINGS,2022-12-08,ACTIVE,N,,
ACC_000811,CUST_00651,SAVINGS,1977-09-25,ACTIVE,N,,
ACC_000812,CUST_00652,SAVINGS,1959-08-09,ACTIVE,N,,
ACC_000813,CUST_00653,SAVINGS,1986-08-31,ACTIVE,N,,
ACC_000814,CUST_00653,SAVINGS,1976-03-20,ACTIVE,N,,
ACC_000815,CUST_00654,SAVINGS,2000-08-25,ACTIVE,N,,
ACC_000816,CUST_00655,SAVINGS,2019-08-10,DORMANT,Y,2024-10-01,
ACC_000817,CUST_00656,SAVINGS,1972-04-29,ACTIVE,N,,
ACC_000818,CUST_00657,SAVINGS,2007-02-13,ACTIVE,N,,
ACC_000819,CUST_00657,SAVINGS,1970-11-22,ACTIVE,N,,
ACC_000820,CUST_00658,SAVINGS,1993-01-21,ACTIVE,N,,
ACC_000821,CUST_00659,SAVINGS,2009-01-06,ACTIVE,N,,
ACC_000822,CUST_00659,SAVINGS,2001-07-29,ACTIVE,N,,
ACC_000823,CUST_00660,SAVINGS,1953-07-11,ACTIVE,N,,
ACC_000824,CUST_00661,SAVINGS,1983-09-08,ACTIVE,N,,
ACC_000825,CUST_00662,SAVINGS,1960-07-20,ACTIVE,N,,
ACC_000826,CUST_00662,SAVINGS,1986-10-06,DORMANT,Y,1995-03-30,
ACC_000827,CUST_00663,SAVINGS,2022-05-02,ACTIVE,N,,
ACC_000828,CUST_00663,SAVINGS,1964-12-20,ACTIVE,N,,
ACC_000829,CUST_00664,SAVINGS,2024-08-19,ACTIVE,N,,
ACC_000830,CUST_00665,SAVINGS,2005-05-13,ACTIVE,N,,
ACC_000831,CUST_00665,SAVINGS,1958-12-23,DORMANT,Y,1981-05-22,
ACC_000832,CUST_00666,SAVINGS,1962-02-09,ACTIVE,N,,
ACC_000833,CUST_00667,SAVINGS,1999-05-19,ACTIVE,N,,
ACC_000834,CUST_00668,SAVINGS,1995-05-24,ACTIVE,N,,
ACC_000835,CUST_00669,SAVINGS,1987-03-11,ACTIVE,N,,
ACC_000836,CUST_00670,SAVINGS,1969-12-01,ACTIVE,N,,
ACC_000837,CUST_00671,CURRENT,1980-09-22,ACTIVE,N,,
ACC_000838,CUST_00672,CURRENT,1987-03-31,ACTIVE,N,,
ACC_000839,CUST_00673,SAVINGS,1951-05-06,DORMANT,Y,1964-09-02,
ACC_000840,CUST_00674,SAVINGS,2001-05-01,ACTIVE,N,,
ACC_000841,CUST_00675,SAVINGS,1980-03-30,ACTIVE,N,,
ACC_000842,CUST_00675,SAVINGS,2001-07-13,ACTIVE,N,,
ACC_000843,CUST_00676,SAVINGS,1964-04-16,ACTIVE,N,,
ACC_000844,CUST_00677,SAVINGS,1966-10-23,ACTIVE,N,,
ACC_000845,CUST_00678,SAVINGS,1973-12-01,ACTIVE,N,,
ACC_000846,CUST_00678,SAVINGS,2021-08-27,ACTIVE,N,,
ACC_000847,CUST_00678,SAVINGS,1991-09-21,ACTIVE,N,,
ACC_000848,CUST_00679,SAVINGS,2016-08-21,ACTIVE,N,,
ACC_000849,CUST_00680,CURRENT,1963-01-02,ACTIVE,N,,
ACC_000850,CUST_00681,SAVINGS,2021-12-28,ACTIVE,N,,
ACC_000851,CUST_00682,CURRENT,1997-06-26,DORMANT,Y,2021-04-25,
ACC_000852,CUST_00683,SAVINGS,1988-05-19,ACTIVE,N,,
ACC_000853,CUST_00684,CURRENT,1986-11-22,ACTIVE,N,,
ACC_000854,CUST_00685,CURRENT,1963-06-26,ACTIVE,N,,
ACC_000855,CUST_00686,SAVINGS,1956-07-12,DORMANT,Y,1979-10-07,
ACC_000856,CUST_00686,SAVINGS,1993-04-12,ACTIVE,N,,
ACC_000857,CUST_00686,CURRENT,2003-01-08,DORMANT,Y,2009-03-02,
ACC_000858,CUST_00687,SAVINGS,1996-12-23,ACTIVE,N,,
ACC_000859,CUST_00688,CURRENT,2022-05-13,ACTIVE,N,,
ACC_000860,CUST_00689,SAVINGS,2004-10-19,ACTIVE,N,,
ACC_000861,CUST_00690,SAVINGS,2014-11-25,ACTIVE,N,,
ACC_000862,CUST_00690,SAVINGS,1967-05-13,ACTIVE,N,,
ACC_000863,CUST_00691,SAVINGS,1985-04-04,ACTIVE,N,,
ACC_000864,CUST_00692,SAVINGS,1951-04-18,ACTIVE,N,,
ACC_000865,CUST_00693,SAVINGS,2019-11-24,ACTIVE,N,,
ACC_000866,CUST_00694,SAVINGS,1971-03-01,ACTIVE,N,,
ACC_000867,CUST_00694,SAVINGS,1967-03-14,ACTIVE,N,,
ACC_000868,CUST_00695,SAVINGS,1969-06-02,ACTIVE,N,,
ACC_000869,CUST_00695,SAVINGS,2001-07-22,ACTIVE,N,,
ACC_000870,CUST_00696,SAVINGS,1986-05-23,ACTIVE,N,,
ACC_000871,CUST_00697,SAVINGS,1957-03-12,DORMANT,Y,2019-09-10,
ACC_000872,CUST_00698,SAVINGS,2000-05-18,ACTIVE,N,,
ACC_000873,CUST_00698,SAVINGS,1983-11-27,ACTIVE,N,,
ACC_000874,CUST_00699,SAVINGS,2006-12-04,INACTIVE,N,,2022-07-02
ACC_000875,CUST_00700,SAVINGS,1974-12-03,ACTIVE,N,,
ACC_000876,CUST_00701,SAVINGS,2009-09-28,DORMANT,Y,2015-10-06,
ACC_000877,CUST_00702,SAVINGS,2013-10-14,ACTIVE,N,,
ACC_000878,CUST_00703,SAVINGS,2018-05-09,ACTIVE,N,,
ACC_000879,CUST_00704,SAVINGS,1989-01-13,ACTIVE,N,,
ACC_000880,CUST_00705,CURRENT,1987-07-17,ACTIVE,N,,
ACC_000881,CUST_00706,CURRENT,2008-03-21,ACTIVE,N,,
ACC_000882,CUST_00707,CURRENT,2020-11-07,DORMANT,Y,2024-11-08,
ACC_000883,CUST_00708,SAVINGS,1981-02-18,ACTIVE,N,,
ACC_000884,CUST_00708,SAVINGS,1991-07-15,ACTIVE,N,,
ACC_000885,CUST_00709,SAVINGS,1961-10-31,ACTIVE,N,,
ACC_000886,CUST_00710,SAVINGS,1991-08-08,ACTIVE,N,,
ACC_000887,CUST_00711,SAVINGS,2005-04-29,ACTIVE,N,,
ACC_000888,CUST_00712,SAVINGS,1992-07-25,DORMANT,Y,2021-04-28,
ACC_000889,CUST_00712,SAVINGS,1962-04-08,ACTIVE,N,,
ACC_000890,CUST_00713,SAVINGS,1960-10-25,ACTIVE,N,,
ACC_000891,CUST_00714,SAVINGS,1960-06-09,ACTIVE,N,,
ACC_000892,CUST_00715,SAVINGS,1982-09-02,ACTIVE,N,,
ACC_000893,CUST_00715,CURRENT,1962-09-29,ACTIVE,N,,
ACC_000894,CUST_00716,CURRENT,1972-06-21,ACTIVE,N,,
ACC_000895,CUST_00717,SAVINGS,1957-10-24,ACTIVE,N,,
ACC_000896,CUST_00718,SAVINGS,1961-07-06,ACTIVE,N,,
ACC_000897,CUST_00719,SAVINGS,1988-11-26,ACTIVE,N,,
ACC_000898,CUST_00720,SAVINGS,2017-01-28,ACTIVE,N,,
ACC_000899,CUST_00721,CURRENT,1951-06-16,INACTIVE,N,,2009-02-27
ACC_000900,CUST_00722,SAVINGS,2019-03-26,ACTIVE,N,,
ACC_000901,CUST_00723,SAVINGS,1968-07-26,ACTIVE,N,,
ACC_000902,CUST_00724,SAVINGS,2015-04-13,DORMANT,Y,2023-10-01,
ACC_000903,CUST_00725,SAVINGS,2020-02-04,ACTIVE,N,,
ACC_000904,CUST_00726,SAVINGS,2022-06-18,ACTIVE,N,,
ACC_000905,CUST_00727,SAVINGS,1966-12-21,ACTIVE,N,,
ACC_000906,CUST_00728,SAVINGS,2005-03-09,ACTIVE,N,,
ACC_000907,CUST_00729,CURRENT,1951-11-22,INACTIVE,N,,1977-10-10
ACC_000908,CUST_00729,SAVINGS,1950-12-29,ACTIVE,N,,
ACC_000909,CUST_00730,SAVINGS,2007-11-03,ACTIVE,N,,
ACC_000910,CUST_00731,SAVINGS,2022-09-21,ACTIVE,N,,
ACC_000911,CUST_00732,SAVINGS,1996-12-18,ACTIVE,N,,
ACC_000912,CUST_00732,SAVINGS,1983-03-29,ACTIVE,N,,
ACC_000913,CUST_00733,SAVINGS,2021-11-16,ACTIVE,N,,
ACC_000914,CUST_00733,SAVINGS,1955-10-07,ACTIVE,N,,
ACC_000915,CUST_00734,SAVINGS,2011-01-23,ACTIVE,N,,
ACC_000916,CUST_00735,SAVINGS,1972-12-08,ACTIVE,N,,
ACC_000917,CUST_00736,CURRENT,2021-04-02,ACTIVE,N,,
ACC_000918,CUST_00736,CURRENT,1980-08-19,ACTIVE,N,,
ACC_000919,CUST_00737,SAVINGS,1973-10-17,ACTIVE,N,,
ACC_000920,CUST_00738,SAVINGS,1960-03-23,ACTIVE,N,,
ACC_000921,CUST_00738,SAVINGS,1999-12-16,ACTIVE,N,,
ACC_000922,CUST_00739,SAVINGS,1968-02-23,ACTIVE,N,,
ACC_000923,CUST_00740,SAVINGS,2019-11-30,ACTIVE,N,,
ACC_000924,CUST_00741,SAVINGS,1998-01-31,ACTIVE,N,,
ACC_000925,CUST_00742,SAVINGS,1956-12-05,ACTIVE,N,,
ACC_000926,CUST_00743,SAVINGS,2007-07-14,ACTIVE,N,,
ACC_000927,CUST_00744,SAVINGS,2017-06-09,ACTIVE,N,,
ACC_000928,CUST_00745,SAVINGS,2001-08-05,DORMANT,Y,2007-05-24,
ACC_000929,CUST_00745,SAVINGS,2000-10-21,ACTIVE,N,,
ACC_000930,CUST_00745,SAVINGS,1965-05-30,ACTIVE,N,,
ACC_000931,CUST_00746,CURRENT,1995-12-31,ACTIVE,N,,
ACC_000932,CUST_00746,CURRENT,1983-12-29,ACTIVE,N,,
ACC_000933,CUST_00746,CURRENT,2023-05-17,DORMANT,Y,2023-08-16,
ACC_000934,CUST_00747,CURRENT,1989-06-24,ACTIVE,N,,
ACC_000935,CUST_00748,SAVINGS,1990-09-20,ACTIVE,N,,
ACC_000936,CUST_00749,CURRENT,2015-10-03,ACTIVE,N,,
ACC_000937,CUST_00750,SAVINGS,1989-12-14,ACTIVE,N,,
ACC_000938,CUST_00751,SAVINGS,1986-01-12,ACTIVE,N,,
ACC_000939,CUST_00752,CURRENT,1978-12-31,ACTIVE,N,,
ACC_000940,CUST_00753,SAVINGS,1950-04-22,DORMANT,Y,2003-11-17,
ACC_000941,CUST_00754,SAVINGS,1979-08-07,ACTIVE,N,,
ACC_000942,CUST_00755,CURRENT,1991-06-27,ACTIVE,N,,
ACC_000943,CUST_00756,SAVINGS,2020-03-01,ACTIVE,N,,
ACC_000944,CUST_00757,SAVINGS,1954-10-28,ACTIVE,N,,
ACC_000945,CUST_00758,SAVINGS,2013-01-08,ACTIVE,N,,
ACC_000946,CUST_00759,CURRENT,2016-06-14,ACTIVE,N,,
ACC_000947,CUST_00760,SAVINGS,1957-10-29,ACTIVE,N,,
ACC_000948,CUST_00761,SAVINGS,1998-06-02,ACTIVE,N,,
ACC_000949,CUST_00762,SAVINGS,1950-10-20,ACTIVE,N,,
ACC_000950,CUST_00763,SAVINGS,2012-08-27,ACTIVE,N,,
ACC_000951,CUST_00764,SAVINGS,1994-09-19,ACTIVE,N,,
ACC_000952,CUST_00765,SAVINGS,1990-08-10,ACTIVE,N,,
ACC_000953,CUST_00766,SAVINGS,1998-03-02,ACTIVE,N,,
ACC_000954,CUST_00767,SAVINGS,1964-08-02,ACTIVE,N,,
ACC_000955,CUST_00767,SAVINGS,1950-09-14,ACTIVE,N,,
ACC_000956,CUST_00768,CURRENT,1997-08-06,INACTIVE,N,,2022-03-06
ACC_000957,CUST_00769,SAVINGS,1975-05-03,ACTIVE,N,,
ACC_000958,CUST_00770,SAVINGS,2004-09-20,ACTIVE,N,,
ACC_000959,CUST_00770,SAVINGS,1998-04-02,ACTIVE,N,,
ACC_000960,CUST_00770,SAVINGS,1951-03-17,DORMANT,Y,1964-12-30,
ACC_000961,CUST_00771,CURRENT,2008-08-19,ACTIVE,N,,
ACC_000962,CUST_00771,SAVINGS,2016-12-19,ACTIVE,N,,
ACC_000963,CUST_00772,CURRENT,1976-11-19,ACTIVE,N,,
ACC_000964,CUST_00773,CURRENT,1961-07-14,ACTIVE,N,,
ACC_000965,CUST_00774,SAVINGS,2022-01-04,ACTIVE,N,,
ACC_000966,CUST_00775,SAVINGS,2019-12-31,ACTIVE,N,,
ACC_000967,CUST_00776,SAVINGS,1970-12-02,ACTIVE,N,,
ACC_000968,CUST_00777,SAVINGS,2005-11-24,ACTIVE,N,,
ACC_000969,CUST_00777,SAVINGS,1966-11-09,ACTIVE,N,,
ACC_000970,CUST_00778,SAVINGS,2016-05-03,DORMANT,Y,2016-06-14,
ACC_000971,CUST_00779,SAVINGS,1971-03-08,ACTIVE,N,,
ACC_000972,CUST_00780,SAVINGS,1984-01-17,DORMANT,Y,1999-06-06,
ACC_000973,CUST_00781,SAVINGS,2014-01-23,ACTIVE,N,,
ACC_000974,CUST_00782,SAVINGS,2003-10-23,ACTIVE,N,,
ACC_000975,CUST_00783,SAVINGS,2000-12-11,ACTIVE,N,,
ACC_000976,CUST_00783,SAVINGS,1990-09-25,ACTIVE,N,,
ACC_000977,CUST_00784,SAVINGS,1999-08-11,ACTIVE,N,,
ACC_000978,CUST_00785,SAVINGS,2008-04-18,ACTIVE,N,,
ACC_000979,CUST_00786,CURRENT,1974-10-18,ACTIVE,N,,
ACC_000980,CUST_00786,CURRENT,2023-01-03,ACTIVE,N,,
ACC_000981,CUST_00787,SAVINGS,1986-09-05,ACTIVE,N,,
ACC_000982,CUST_00787,CURRENT,1964-10-17,ACTIVE,N,,
ACC_000983,CUST_00788,SAVINGS,2009-09-09,ACTIVE,N,,
ACC_000984,CUST_00789,SAVINGS,2009-10-18,ACTIVE,N,,
ACC_000985,CUST_00790,CURRENT,1972-01-10,INACTIVE,N,,1981-07-17
ACC_000986,CUST_00791,SAVINGS,1998-02-22,ACTIVE,N,,
ACC_000987,CUST_00791,SAVINGS,2009-01-23,DORMANT,Y,2009-02-28,
ACC_000988,CUST_00791,SAVINGS,1998-11-22,ACTIVE,N,,
ACC_000989,CUST_00792,SAVINGS,1977-01-04,ACTIVE,N,,
ACC_000990,CUST_00793,SAVINGS,1965-01-23,ACTIVE,N,,
ACC_000991,CUST_00794,SAVINGS,1975-10-20,ACTIVE,N,,
ACC_000992,CUST_00795,SAVINGS,1988-10-10,ACTIVE,N,,
ACC_000993,CUST_00795,SAVINGS,1955-06-25,ACTIVE,N,,
ACC_000994,CUST_00796,CURRENT,1968-03-12,ACTIVE,N,,
ACC_000995,CUST_00797,CURRENT,2003-09-12,ACTIVE,N,,
ACC_000996,CUST_00798,SAVINGS,2007-04-22,ACTIVE,N,,
ACC_000997,CUST_00798,CURRENT,1995-01-29,ACTIVE,N,,
ACC_000998,CUST_00799,SAVINGS,1954-04-21,DORMANT,Y,1976-02-14,
ACC_000999,CUST_00800,CURRENT,1977-01-30,ACTIVE,N,,
ACC_001000,CUST_00801,SAVINGS,2015-03-26,ACTIVE,N,,
ACC_001001,CUST_00801,SAVINGS,1986-03-05,DORMANT,Y,1994-04-04,
ACC_001002,CUST_00802,SAVINGS,2007-04-24,ACTIVE,N,,
ACC_001003,CUST_00803,CURRENT,2016-07-24,ACTIVE,N,,
ACC_001004,CUST_00804,SAVINGS,2024-11-14,ACTIVE,N,,
ACC_001005,CUST_00805,SAVINGS,2017-06-12,ACTIVE,N,,
ACC_001006,CUST_00806,SAVINGS,1967-05-06,ACTIVE,N,,
ACC_001007,CUST_00807,CURRENT,1994-03-21,ACTIVE,N,,
ACC_001008,CUST_00808,CURRENT,2004-06-03,ACTIVE,N,,
ACC_001009,CUST_00808,CURRENT,2018-04-21,ACTIVE,N,,
ACC_001010,CUST_00809,SAVINGS,2002-12-03,ACTIVE,N,,
ACC_001011,CUST_00810,SAVINGS,1967-11-20,ACTIVE,N,,
ACC_001012,CUST_00811,SAVINGS,1964-12-07,ACTIVE,N,,
ACC_001013,CUST_00811,SAVINGS,1964-09-06,ACTIVE,N,,
ACC_001014,CUST_00812,SAVINGS,1952-11-17,ACTIVE,N,,
ACC_001015,CUST_00813,SAVINGS,1967-03-02,ACTIVE,N,,
ACC_001016,CUST_00814,CURRENT,1971-03-04,ACTIVE,N,,
ACC_001017,CUST_00815,CURRENT,1996-11-01,DORMANT,Y,2013-11-05,
ACC_001018,CUST_00816,SAVINGS,1951-11-10,ACTIVE,N,,
ACC_001019,CUST_00817,SAVINGS,1982-03-10,DORMANT,Y,1985-09-23,
ACC_001020,CUST_00818,SAVINGS,1996-07-25,ACTIVE,N,,
ACC_001021,CUST_00818,SAVINGS,2008-06-23,DORMANT,Y,2018-08-20,
ACC_001022,CUST_00819,SAVINGS,1951-02-04,ACTIVE,N,,
ACC_001023,CUST_00820,SAVINGS,2009-02-10,INACTIVE,N,,2017-04-12
ACC_001024,CUST_00821,SAVINGS,1989-05-25,ACTIVE,N,,
ACC_001025,CUST_00822,SAVINGS,1988-05-30,ACTIVE,N,,
ACC_001026,CUST_00823,SAVINGS,2016-02-19,ACTIVE,N,,
ACC_001027,CUST_00824,SAVINGS,1961-03-30,ACTIVE,N,,
ACC_001028,CUST_00824,SAVINGS,2008-05-19,ACTIVE,N,,
ACC_001029,CUST_00825,SAVINGS,1983-09-20,ACTIVE,N,,
ACC_001030,CUST_00826,CURRENT,1970-10-03,ACTIVE,N,,
ACC_001031,CUST_00827,SAVINGS,2019-07-31,ACTIVE,N,,
ACC_001032,CUST_00828,SAVINGS,1975-06-07,ACTIVE,N,,
ACC_001033,CUST_00829,SAVINGS,1983-12-15,ACTIVE,N,,
ACC_001034,CUST_00830,SAVINGS,1988-04-06,DORMANT,Y,1996-02-02,
ACC_001035,CUST_00831,SAVINGS,1985-11-13,ACTIVE,N,,
ACC_001036,CUST_00831,SAVINGS,1983-09-01,ACTIVE,N,,
ACC_001037,CUST_00832,SAVINGS,2008-05-29,ACTIVE,N,,
ACC_001038,CUST_00833,SAVINGS,1977-01-02,ACTIVE,N,,
ACC_001039,CUST_00834,SAVINGS,2014-07-01,ACTIVE,N,,
ACC_001040,CUST_00835,SAVINGS,1964-01-11,ACTIVE,N,,
ACC_001041,CUST_00836,SAVINGS,2018-05-15,ACTIVE,N,,
ACC_001042,CUST_00837,CURRENT,1974-08-29,DORMANT,Y,1987-07-01,
ACC_001043,CUST_00838,SAVINGS,1970-03-30,ACTIVE,N,,
ACC_001044,CUST_00839,SAVINGS,1981-03-21,ACTIVE,N,,
ACC_001045,CUST_00839,SAVINGS,1966-05-25,ACTIVE,N,,
ACC_001046,CUST_00840,SAVINGS,1968-01-03,ACTIVE,N,,
ACC_001047,CUST_00841,SAVINGS,2004-08-12,ACTIVE,N,,
ACC_001048,CUST_00842,SAVINGS,1955-03-23,ACTIVE,N,,
ACC_001049,CUST_00843,SAVINGS,1987-04-10,ACTIVE,N,,
ACC_001050,CUST_00843,SAVINGS,1976-02-27,ACTIVE,N,,
ACC_001051,CUST_00844,SAVINGS,1969-11-25,ACTIVE,N,,
ACC_001052,CUST_00845,SAVINGS,2008-01-08,INACTIVE,N,,2008-04-26
ACC_001053,CUST_00846,SAVINGS,1977-03-04,ACTIVE,N,,
ACC_001054,CUST_00846,SAVINGS,1962-05-18,INACTIVE,N,,2021-03-12
ACC_001055,CUST_00846,SAVINGS,1956-12-08,ACTIVE,N,,
ACC_001056,CUST_00847,SAVINGS,2001-10-07,DORMANT,Y,2015-08-16,
ACC_001057,CUST_00847,CURRENT,2021-06-13,ACTIVE,N,,
ACC_001058,CUST_00848,CURRENT,1991-09-16,ACTIVE,N,,
ACC_001059,CUST_00849,SAVINGS,1981-07-01,ACTIVE,N,,
ACC_001060,CUST_00850,SAVINGS,1980-03-08,ACTIVE,N,,
ACC_001061,CUST_00851,SAVINGS,1995-10-03,ACTIVE,N,,
ACC_001062,CUST_00852,SAVINGS,2007-12-28,ACTIVE,N,,
ACC_001063,CUST_00853,SAVINGS,2015-03-21,ACTIVE,N,,
ACC_001064,CUST_00854,CURRENT,1958-05-08,ACTIVE,N,,
ACC_001065,CUST_00855,SAVINGS,2019-05-24,ACTIVE,N,,
ACC_001066,CUST_00856,SAVINGS,2008-02-15,ACTIVE,N,,
ACC_001067,CUST_00857,SAVINGS,1957-01-11,INACTIVE,N,,1977-09-26
ACC_001068,CUST_00858,SAVINGS,1964-12-23,ACTIVE,N,,
ACC_001069,CUST_00859,SAVINGS,1986-08-24,ACTIVE,N,,
ACC_001070,CUST_00860,SAVINGS,1999-06-26,DORMANT,Y,2009-01-10,
ACC_001071,CUST_00861,SAVINGS,1997-10-10,ACTIVE,N,,
ACC_001072,CUST_00862,SAVINGS,2006-11-25,ACTIVE,N,,
ACC_001073,CUST_00863,SAVINGS,1983-08-12,ACTIVE,N,,
ACC_001074,CUST_00864,SAVINGS,1993-07-13,ACTIVE,N,,
ACC_001075,CUST_00865,SAVINGS,1956-06-22,ACTIVE,N,,
ACC_001076,CUST_00866,SAVINGS,1974-09-26,ACTIVE,N,,
ACC_001077,CUST_00867,SAVINGS,1955-07-26,INACTIVE,N,,1955-08-21
ACC_001078,CUST_00867,SAVINGS,1957-02-04,ACTIVE,N,,
ACC_001079,CUST_00867,SAVINGS,1993-10-10,ACTIVE,N,,
ACC_001080,CUST_00868,CURRENT,1978-11-07,ACTIVE,N,,
ACC_001081,CUST_00868,SAVINGS,1988-10-31,DORMANT,Y,2020-12-15,
ACC_001082,CUST_00869,CURRENT,1988-02-17,ACTIVE,N,,
ACC_001083,CUST_00870,CURRENT,1963-09-18,ACTIVE,N,,
ACC_001084,CUST_00871,SAVINGS,2008-08-24,ACTIVE,N,,
ACC_001085,CUST_00872,SAVINGS,1975-02-27,ACTIVE,N,,
ACC_001086,CUST_00872,SAVINGS,1984-05-02,ACTIVE,N,,
ACC_001087,CUST_00872,SAVINGS,2016-11-11,INACTIVE,N,,2019-12-15
ACC_001088,CUST_00873,SAVINGS,1995-07-01,ACTIVE,N,,
ACC_001089,CUST_00873,SAVINGS,1991-06-04,ACTIVE,N,,
ACC_001090,CUST_00874,SAVINGS,1965-03-07,DORMANT,Y,1971-10-10,
ACC_001091,CUST_00875,SAVINGS,1951-11-11,ACTIVE,N,,
ACC_001092,CUST_00876,SAVINGS,1967-09-26,ACTIVE,N,,
ACC_001093,CUST_00877,SAVINGS,1995-01-29,ACTIVE,N,,
ACC_001094,CUST_00878,SAVINGS,1999-01-27,DORMANT,Y,2024-04-17,
ACC_001095,CUST_00879,SAVINGS,1999-03-09,ACTIVE,N,,
ACC_001096,CUST_00880,SAVINGS,2021-12-23,ACTIVE,N,,
ACC_001097,CUST_00881,SAVINGS,2000-07-28,ACTIVE,N,,
ACC_001098,CUST_00882,SAVINGS,1982-06-05,ACTIVE,N,,
ACC_001099,CUST_00883,SAVINGS,1987-07-23,ACTIVE,N,,
ACC_001100,CUST_00883,SAVINGS,1978-08-02,ACTIVE,N,,
ACC_001101,CUST_00884,CURRENT,2002-04-09,ACTIVE,N,,
ACC_001102,CUST_00885,SAVINGS,1961-11-15,INACTIVE,N,,2022-03-31
ACC_001103,CUST_00886,SAVINGS,1964-06-23,ACTIVE,N,,
ACC_001104,CUST_00886,SAVINGS,1967-10-05,ACTIVE,N,,
ACC_001105,CUST_00887,SAVINGS,1966-05-19,ACTIVE,N,,
ACC_001106,CUST_00888,SAVINGS,1955-08-03,INACTIVE,N,,1981-07-03
ACC_001107,CUST_00889,SAVINGS,1976-04-04,ACTIVE,N,,
ACC_001108,CUST_00889,SAVINGS,2010-09-02,ACTIVE,N,,
ACC_001109,CUST_00890,SAVINGS,1963-06-05,DORMANT,Y,1968-07-09,
ACC_001110,CUST_00890,SAVINGS,2024-05-22,ACTIVE,N,,
ACC_001111,CUST_00891,SAVINGS,1996-09-01,ACTIVE,N,,
ACC_001112,CUST_00892,CURRENT,1991-01-12,ACTIVE,N,,
ACC_001113,CUST_00893,SAVINGS,2014-07-16,ACTIVE,N,,
ACC_001114,CUST_00894,SAVINGS,1977-06-29,DORMANT,Y,2013-10-19,
ACC_001115,CUST_00894,SAVINGS,1970-12-01,ACTIVE,N,,
ACC_001116,CUST_00895,SAVINGS,1955-12-18,ACTIVE,N,,
ACC_001117,CUST_00896,SAVINGS,1967-05-26,ACTIVE,N,,
ACC_001118,CUST_00897,SAVINGS,1976-02-03,ACTIVE,N,,
ACC_001119,CUST_00898,CURRENT,2006-12-02,ACTIVE,N,,
ACC_001120,CUST_00899,SAVINGS,2024-12-03,DORMANT,Y,2024-12-15,
ACC_001121,CUST_00899,SAVINGS,1997-04-10,ACTIVE,N,,
ACC_001122,CUST_00900,SAVINGS,1999-10-25,ACTIVE,N,,
ACC_001123,CUST_00900,SAVINGS,2011-01-15,ACTIVE,N,,
ACC_001124,CUST_00901,SAVINGS,1965-12-25,ACTIVE,N,,
ACC_001125,CUST_00902,SAVINGS,2009-05-10,ACTIVE,N,,
ACC_001126,CUST_00903,SAVINGS,1959-03-20,ACTIVE,N,,
ACC_001127,CUST_00903,SAVINGS,2015-09-18,ACTIVE,N,,
ACC_001128,CUST_00904,SAVINGS,2007-01-10,ACTIVE,N,,
ACC_001129,CUST_00905,SAVINGS,2021-04-14,ACTIVE,N,,
ACC_001130,CUST_00906,CURRENT,2018-07-30,ACTIVE,N,,
ACC_001131,CUST_00907,SAVINGS,1952-12-23,ACTIVE,N,,
ACC_001132,CUST_00907,SAVINGS,1972-09-20,ACTIVE,N,,
ACC_001133,CUST_00907,SAVINGS,1987-04-25,ACTIVE,N,,
ACC_001134,CUST_00908,SAVINGS,1967-07-20,ACTIVE,N,,
ACC_001135,CUST_00909,SAVINGS,1989-06-03,ACTIVE,N,,
ACC_001136,CUST_00909,SAVINGS,1956-03-09,ACTIVE,N,,
ACC_001137,CUST_00909,SAVINGS,1958-04-11,ACTIVE,N,,
ACC_001138,CUST_00910,SAVINGS,1975-11-20,ACTIVE,N,,
ACC_001139,CUST_00911,SAVINGS,2004-02-06,ACTIVE,N,,
ACC_001140,CUST_00912,CURRENT,2017-05-16,ACTIVE,N,,
ACC_001141,CUST_00913,SAVINGS,2022-06-21,ACTIVE,N,,
ACC_001142,CUST_00914,SAVINGS,2019-11-20,ACTIVE,N,,
ACC_001143,CUST_00915,SAVINGS,1960-03-16,DORMANT,Y,1971-06-20,
ACC_001144,CUST_00916,SAVINGS,2009-07-30,ACTIVE,N,,
ACC_001145,CUST_00917,SAVINGS,2019-04-25,ACTIVE,N,,
ACC_001146,CUST_00918,CURRENT,2002-04-14,DORMANT,Y,2021-06-03,
ACC_001147,CUST_00918,CURRENT,2003-02-11,ACTIVE,N,,
ACC_001148,CUST_00919,SAVINGS,2004-07-22,ACTIVE,N,,
ACC_001149,CUST_00920,SAVINGS,1986-12-14,ACTIVE,N,,
ACC_001150,CUST_00921,CURRENT,1978-03-01,ACTIVE,N,,
ACC_001151,CUST_00921,CURRENT,1975-01-19,ACTIVE,N,,
ACC_001152,CUST_00922,SAVINGS,1950-06-28,ACTIVE,N,,
ACC_001153,CUST_00923,CURRENT,1971-10-11,ACTIVE,N,,
ACC_001154,CUST_00924,CURRENT,1979-08-24,ACTIVE,N,,
ACC_001155,CUST_00925,SAVINGS,1951-03-17,ACTIVE,N,,
ACC_001156,CUST_00926,SAVINGS,2019-10-17,ACTIVE,N,,
ACC_001157,CUST_00927,SAVINGS,2011-12-27,ACTIVE,N,,
ACC_001158,CUST_00928,SAVINGS,2018-07-27,ACTIVE,N,,
ACC_001159,CUST_00929,SAVINGS,2021-06-18,ACTIVE,N,,
ACC_001160,CUST_00930,SAVINGS,1985-03-24,ACTIVE,N,,
ACC_001161,CUST_00931,SAVINGS,1991-04-18,ACTIVE,N,,
ACC_001162,CUST_00932,SAVINGS,1979-12-27,ACTIVE,N,,
ACC_001163,CUST_00932,SAVINGS,1990-05-03,ACTIVE,N,,
ACC_001164,CUST_00933,SAVINGS,1986-07-18,ACTIVE,N,,
ACC_001165,CUST_00933,SAVINGS,1966-03-18,ACTIVE,N,,
ACC_001166,CUST_00934,SAVINGS,1973-04-15,DORMANT,Y,1988-07-10,
ACC_001167,CUST_00935,SAVINGS,1956-03-17,ACTIVE,N,,
ACC_001168,CUST_00936,SAVINGS,2022-08-14,DORMANT,Y,2023-08-19,
ACC_001169,CUST_00937,SAVINGS,1989-09-20,ACTIVE,N,,
ACC_001170,CUST_00938,CURRENT,1955-04-28,ACTIVE,N,,
ACC_001171,CUST_00939,SAVINGS,1970-03-01,DORMANT,Y,1989-01-23,
ACC_001172,CUST_00940,CURRENT,1968-02-06,ACTIVE,N,,
ACC_001173,CUST_00941,SAVINGS,1986-10-22,ACTIVE,N,,
ACC_001174,CUST_00942,SAVINGS,1957-01-05,ACTIVE,N,,
ACC_001175,CUST_00943,SAVINGS,1983-11-22,ACTIVE,N,,
ACC_001176,CUST_00943,SAVINGS,1978-07-30,ACTIVE,N,,
ACC_001177,CUST_00944,SAVINGS,2022-10-04,ACTIVE,N,,
ACC_001178,CUST_00945,SAVINGS,1965-10-24,ACTIVE,N,,
ACC_001179,CUST_00945,SAVINGS,1950-03-11,ACTIVE,N,,
ACC_001180,CUST_00946,SAVINGS,1997-04-16,ACTIVE,N,,
ACC_001181,CUST_00947,SAVINGS,2000-03-27,ACTIVE,N,,
ACC_001182,CUST_00948,CURRENT,1994-03-05,ACTIVE,N,,
ACC_001183,CUST_00949,CURRENT,1961-05-01,ACTIVE,N,,
ACC_001184,CUST_00950,SAVINGS,2024-10-03,ACTIVE,N,,
ACC_001185,CUST_00951,SAVINGS,1985-12-08,ACTIVE,N,,
ACC_001186,CUST_00951,CURRENT,1968-03-08,ACTIVE,N,,
ACC_001187,CUST_00952,SAVINGS,2005-07-29,ACTIVE,N,,
ACC_001188,CUST_00952,SAVINGS,1990-02-19,ACTIVE,N,,
ACC_001189,CUST_00953,SAVINGS,1994-03-08,ACTIVE,N,,
ACC_001190,CUST_00954,CURRENT,1957-10-17,ACTIVE,N,,
ACC_001191,CUST_00955,SAVINGS,1951-06-02,ACTIVE,N,,
ACC_001192,CUST_00956,SAVINGS,1998-05-20,ACTIVE,N,,
ACC_001193,CUST_00957,CURRENT,1979-11-05,ACTIVE,N,,
ACC_001194,CUST_00958,SAVINGS,1988-01-25,ACTIVE,N,,
ACC_001195,CUST_00959,SAVINGS,1974-01-20,ACTIVE,N,,
ACC_001196,CUST_00960,SAVINGS,1984-11-03,ACTIVE,N,,
ACC_001197,CUST_00961,SAVINGS,1952-02-17,ACTIVE,N,,
ACC_001198,CUST_00962,SAVINGS,2023-02-20,ACTIVE,N,,
ACC_001199,CUST_00963,SAVINGS,1964-06-27,ACTIVE,N,,
ACC_001200,CUST_00964,SAVINGS,2001-12-27,DORMANT,Y,2024-03-26,
ACC_001201,CUST_00965,SAVINGS,1985-01-09,ACTIVE,N,,
ACC_001202,CUST_00966,SAVINGS,2024-12-22,ACTIVE,N,,
ACC_001203,CUST_00967,SAVINGS,1978-01-22,ACTIVE,N,,
ACC_001204,CUST_00968,SAVINGS,2010-03-08,ACTIVE,N,,
ACC_001205,CUST_00969,SAVINGS,1980-01-12,ACTIVE,N,,
ACC_001206,CUST_00969,SAVINGS,1994-02-18,ACTIVE,N,,
ACC_001207,CUST_00970,SAVINGS,1986-08-01,ACTIVE,N,,
ACC_001208,CUST_00971,SAVINGS,1977-10-02,ACTIVE,N,,
ACC_001209,CUST_00972,CURRENT,2003-10-28,ACTIVE,N,,
ACC_001210,CUST_00973,SAVINGS,1971-03-08,DORMANT,Y,2001-07-14,
ACC_001211,CUST_00974,SAVINGS,1981-07-16,ACTIVE,N,,
ACC_001212,CUST_00975,SAVINGS,2009-01-20,ACTIVE,N,,
ACC_001213,CUST_00976,SAVINGS,2000-03-04,ACTIVE,N,,
ACC_001214,CUST_00977,SAVINGS,1970-03-10,DORMANT,Y,2002-10-13,
ACC_001215,CUST_00977,SAVINGS,1962-10-02,ACTIVE,N,,
ACC_001216,CUST_00977,SAVINGS,2017-07-02,ACTIVE,N,,
ACC_001217,CUST_00978,SAVINGS,1974-09-15,ACTIVE,N,,
ACC_001218,CUST_00979,SAVINGS,2012-07-10,ACTIVE,N,,
ACC_001219,CUST_00980,SAVINGS,1975-03-08,ACTIVE,N,,
ACC_001220,CUST_00980,SAVINGS,1973-12-20,ACTIVE,N,,
ACC_001221,CUST_00981,SAVINGS,1975-09-15,ACTIVE,N,,
ACC_001222,CUST_00981,SAVINGS,2016-10-04,ACTIVE,N,,
ACC_001223,CUST_00982,SAVINGS,1974-07-22,DORMANT,Y,2018-08-15,
ACC_001224,CUST_00982,SAVINGS,1988-05-21,ACTIVE,N,,
ACC_001225,CUST_00983,SAVINGS,1952-11-12,ACTIVE,N,,
ACC_001226,CUST_00984,SAVINGS,1992-03-19,ACTIVE,N,,
ACC_001227,CUST_00985,SAVINGS,1972-03-04,ACTIVE,N,,
ACC_001228,CUST_00986,SAVINGS,1974-03-11,ACTIVE,N,,
ACC_001229,CUST_00987,SAVINGS,2003-08-26,ACTIVE,N,,
ACC_001230,CUST_00987,SAVINGS,1975-07-26,ACTIVE,N,,
ACC_001231,CUST_00988,SAVINGS,1959-06-15,ACTIVE,N,,
ACC_001232,CUST_00989,SAVINGS,1969-07-14,ACTIVE,N,,
ACC_001233,CUST_00990,SAVINGS,1959-10-22,DORMANT,Y,1988-10-27,
ACC_001234,CUST_00991,CURRENT,1983-05-19,ACTIVE,N,,
ACC_001235,CUST_00992,SAVINGS,2011-12-06,ACTIVE,N,,
ACC_001236,CUST_00993,SAVINGS,2004-10-12,ACTIVE,N,,
ACC_001237,CUST_00994,SAVINGS,1963-08-23,ACTIVE,N,,
ACC_001238,CUST_00995,SAVINGS,2021-09-11,ACTIVE,N,,
ACC_001239,CUST_00996,SAVINGS,1968-09-07,ACTIVE,N,,
ACC_001240,CUST_00997,CURRENT,1951-08-10,ACTIVE,N,,
ACC_001241,CUST_00998,SAVINGS,1963-07-29,ACTIVE,N,,
ACC_001242,CUST_00999,SAVINGS,2001-06-06,DORMANT,Y,2014-06-30,
ACC_001243,CUST_01000,SAVINGS,1952-10-26,DORMANT,Y,1967-10-17,
ACC_001244,CUST_01000,SAVINGS,1951-11-05,ACTIVE,N,,
ACC_001245,CUST_01001,SAVINGS,1955-12-15,ACTIVE,N,,
ACC_001246,CUST_01002,SAVINGS,1967-12-28,DORMANT,Y,1984-11-20,
ACC_001247,CUST_01002,SAVINGS,1961-05-18,DORMANT,Y,1979-08-04,
ACC_001248,CUST_01003,CURRENT,1969-05-31,ACTIVE,N,,
ACC_001249,CUST_01004,SAVINGS,1951-11-02,ACTIVE,N,,
ACC_001250,CUST_01005,CURRENT,1951-04-13,DORMANT,Y,1965-10-02,
ACC_001251,CUST_01006,SAVINGS,2023-10-26,ACTIVE,N,,
ACC_001252,CUST_01007,SAVINGS,1996-01-21,ACTIVE,N,,
ACC_001253,CUST_01008,SAVINGS,1961-07-25,ACTIVE,N,,
ACC_001254,CUST_01009,CURRENT,1977-07-15,ACTIVE,N,,
ACC_001255,CUST_01009,SAVINGS,1968-12-13,ACTIVE,N,,
ACC_001256,CUST_01009,SAVINGS,2015-05-22,ACTIVE,N,,
ACC_001257,CUST_01010,SAVINGS,2010-06-22,ACTIVE,N,,
ACC_001258,CUST_01011,SAVINGS,1972-03-15,ACTIVE,N,,
ACC_001259,CUST_01012,SAVINGS,1991-11-02,ACTIVE,N,,
ACC_001260,CUST_01012,SAVINGS,1995-02-25,ACTIVE,N,,
ACC_001261,CUST_01013,CURRENT,2015-03-07,ACTIVE,N,,
ACC_001262,CUST_01014,SAVINGS,1971-01-11,ACTIVE,N,,
ACC_001263,CUST_01014,SAVINGS,1983-03-08,ACTIVE,N,,
ACC_001264,CUST_01015,SAVINGS,1957-08-09,ACTIVE,N,,
ACC_001265,CUST_01016,CURRENT,2023-12-22,DORMANT,Y,2024-09-15,
ACC_001266,CUST_01016,CURRENT,1986-05-27,ACTIVE,N,,
ACC_001267,CUST_01017,SAVINGS,2023-12-27,ACTIVE,N,,
ACC_001268,CUST_01018,SAVINGS,1966-10-02,ACTIVE,N,,
ACC_001269,CUST_01019,CURRENT,1952-11-20,ACTIVE,N,,
ACC_001270,CUST_01020,CURRENT,1956-01-23,ACTIVE,N,,
ACC_001271,CUST_01020,SAVINGS,1963-12-29,ACTIVE,N,,
ACC_001272,CUST_01021,CURRENT,2024-02-16,ACTIVE,N,,
ACC_001273,CUST_01021,CURRENT,1990-05-21,ACTIVE,N,,
ACC_001274,CUST_01022,SAVINGS,1963-12-17,ACTIVE,N,,
ACC_001275,CUST_01023,CURRENT,2019-08-15,ACTIVE,N,,
ACC_001276,CUST_01024,SAVINGS,2006-07-09,ACTIVE,N,,
ACC_001277,CUST_01025,CURRENT,1969-04-21,ACTIVE,N,,
ACC_001278,CUST_01026,SAVINGS,1950-03-02,ACTIVE,N,,
ACC_001279,CUST_01027,CURRENT,1980-07-12,ACTIVE,N,,
ACC_001280,CUST_01028,SAVINGS,1953-04-08,ACTIVE,N,,
ACC_001281,CUST_01028,CURRENT,1980-11-07,ACTIVE,N,,
ACC_001282,CUST_01028,SAVINGS,2008-02-19,INACTIVE,N,,2014-09-09
ACC_001283,CUST_01029,SAVINGS,1970-01-22,ACTIVE,N,,
ACC_001284,CUST_01030,CURRENT,1998-02-01,ACTIVE,N,,
ACC_001285,CUST_01031,SAVINGS,1989-01-15,ACTIVE,N,,
ACC_001286,CUST_01032,CURRENT,1980-09-28,ACTIVE,N,,
ACC_001287,CUST_01033,SAVINGS,2002-05-13,ACTIVE,N,,
ACC_001288,CUST_01033,SAVINGS,1965-04-19,ACTIVE,N,,
ACC_001289,CUST_01034,SAVINGS,2016-12-08,ACTIVE,N,,
ACC_001290,CUST_01035,SAVINGS,1973-01-28,ACTIVE,N,,
ACC_001291,CUST_01035,SAVINGS,1964-12-27,DORMANT,Y,1980-04-07,
ACC_001292,CUST_01036,SAVINGS,1963-11-06,ACTIVE,N,,
ACC_001293,CUST_01036,SAVINGS,1988-05-10,ACTIVE,N,,
ACC_001294,CUST_01037,SAVINGS,1998-08-18,ACTIVE,N,,
ACC_001295,CUST_01037,SAVINGS,1960-05-20,ACTIVE,N,,
ACC_001296,CUST_01037,SAVINGS,1995-06-03,ACTIVE,N,,
ACC_001297,CUST_01038,SAVINGS,1966-02-09,ACTIVE,N,,
ACC_001298,CUST_01039,SAVINGS,1999-01-24,ACTIVE,N,,
ACC_001299,CUST_01040,SAVINGS,1961-07-17,ACTIVE,N,,
ACC_001300,CUST_01041,SAVINGS,1955-11-25,ACTIVE,N,,
ACC_001301,CUST_01042,SAVINGS,1970-07-26,ACTIVE,N,,
ACC_001302,CUST_01043,CURRENT,1974-03-27,ACTIVE,N,,
ACC_001303,CUST_01044,SAVINGS,2008-05-03,ACTIVE,N,,
ACC_001304,CUST_01045,CURRENT,2022-03-14,DORMANT,Y,2023-08-16,
ACC_001305,CUST_01046,SAVINGS,1974-09-07,ACTIVE,N,,
ACC_001306,CUST_01046,SAVINGS,2007-11-17,ACTIVE,N,,
ACC_001307,CUST_01046,SAVINGS,1970-06-12,ACTIVE,N,,
ACC_001308,CUST_01047,SAVINGS,1991-01-16,ACTIVE,N,,
ACC_001309,CUST_01047,CURRENT,1989-01-23,ACTIVE,N,,
ACC_001310,CUST_01048,SAVINGS,1997-06-01,ACTIVE,N,,
ACC_001311,CUST_01049,CURRENT,1964-02-23,ACTIVE,N,,
ACC_001312,CUST_01050,SAVINGS,1986-11-24,DORMANT,Y,2020-11-13,
ACC_001313,CUST_01051,CURRENT,2000-03-27,DORMANT,Y,2009-04-07,
ACC_001314,CUST_01052,SAVINGS,1960-05-24,ACTIVE,N,,
ACC_001315,CUST_01052,SAVINGS,1950-04-19,ACTIVE,N,,
ACC_001316,CUST_01052,SAVINGS,1970-03-26,INACTIVE,N,,2023-02-27
ACC_001317,CUST_01053,CURRENT,1969-12-13,ACTIVE,N,,
ACC_001318,CUST_01054,SAVINGS,1993-08-03,ACTIVE,N,,
ACC_001319,CUST_01055,SAVINGS,1970-02-11,ACTIVE,N,,
ACC_001320,CUST_01056,SAVINGS,2003-02-28,ACTIVE,N,,
ACC_001321,CUST_01057,SAVINGS,2010-10-18,DORMANT,Y,2023-01-25,
ACC_001322,CUST_01058,SAVINGS,2015-02-11,ACTIVE,N,,
ACC_001323,CUST_01059,SAVINGS,1959-03-01,ACTIVE,N,,
ACC_001324,CUST_01060,SAVINGS,1965-05-27,ACTIVE,N,,
ACC_001325,CUST_01061,CURRENT,2008-03-05,ACTIVE,N,,
ACC_001326,CUST_01062,SAVINGS,1987-11-26,ACTIVE,N,,
ACC_001327,CUST_01063,SAVINGS,1969-09-09,ACTIVE,N,,
ACC_001328,CUST_01064,SAVINGS,1962-04-24,ACTIVE,N,,
ACC_001329,CUST_01065,SAVINGS,1993-12-20,ACTIVE,N,,
ACC_001330,CUST_01066,SAVINGS,1967-05-11,ACTIVE,N,,
ACC_001331,CUST_01067,SAVINGS,1974-10-02,ACTIVE,N,,
ACC_001332,CUST_01068,SAVINGS,2002-05-27,ACTIVE,N,,
ACC_001333,CUST_01069,SAVINGS,1997-12-28,ACTIVE,N,,
ACC_001334,CUST_01069,SAVINGS,1993-06-17,ACTIVE,N,,
ACC_001335,CUST_01070,SAVINGS,2017-04-06,ACTIVE,N,,
ACC_001336,CUST_01071,SAVINGS,2007-09-07,ACTIVE,N,,
ACC_001337,CUST_01072,SAVINGS,2015-07-03,ACTIVE,N,,
ACC_001338,CUST_01073,SAVINGS,2006-05-04,ACTIVE,N,,
ACC_001339,CUST_01074,SAVINGS,1995-05-21,ACTIVE,N,,
ACC_001340,CUST_01075,SAVINGS,1968-10-24,ACTIVE,N,,
ACC_001341,CUST_01075,SAVINGS,1983-06-21,ACTIVE,N,,
ACC_001342,CUST_01076,CURRENT,2002-02-25,ACTIVE,N,,
ACC_001343,CUST_01076,SAVINGS,2006-12-24,ACTIVE,N,,
ACC_001344,CUST_01077,SAVINGS,2024-10-06,ACTIVE,N,,
ACC_001345,CUST_01078,SAVINGS,2017-08-28,ACTIVE,N,,
ACC_001346,CUST_01079,CURRENT,2023-04-29,ACTIVE,N,,
ACC_001347,CUST_01080,CURRENT,2022-08-24,INACTIVE,N,,2024-09-27
ACC_001348,CUST_01081,SAVINGS,2022-06-21,ACTIVE,N,,
ACC_001349,CUST_01082,SAVINGS,2022-12-24,ACTIVE,N,,
ACC_001350,CUST_01083,SAVINGS,1981-04-27,DORMANT,Y,2007-06-29,
ACC_001351,CUST_01083,SAVINGS,1961-05-19,ACTIVE,N,,
ACC_001352,CUST_01083,SAVINGS,2007-05-31,ACTIVE,N,,
ACC_001353,CUST_01084,CURRENT,2021-09-19,ACTIVE,N,,
ACC_001354,CUST_01085,CURRENT,1979-11-08,ACTIVE,N,,
ACC_001355,CUST_01086,SAVINGS,1961-11-16,ACTIVE,N,,
ACC_001356,CUST_01086,SAVINGS,1982-01-04,ACTIVE,N,,
ACC_001357,CUST_01087,SAVINGS,1999-03-25,DORMANT,Y,1999-04-29,
ACC_001358,CUST_01087,SAVINGS,1977-09-01,ACTIVE,N,,
ACC_001359,CUST_01088,SAVINGS,1952-05-02,DORMANT,Y,2001-08-27,
ACC_001360,CUST_01089,SAVINGS,2014-07-03,ACTIVE,N,,
ACC_001361,CUST_01090,SAVINGS,1968-03-07,ACTIVE,N,,
ACC_001362,CUST_01091,CURRENT,1964-12-28,ACTIVE,N,,
ACC_001363,CUST_01092,SAVINGS,1958-02-09,ACTIVE,N,,
ACC_001364,CUST_01092,SAVINGS,1997-07-19,ACTIVE,N,,
ACC_001365,CUST_01093,CURRENT,1999-02-11,ACTIVE,N,,
ACC_001366,CUST_01093,SAVINGS,1968-12-19,DORMANT,Y,1989-01-07,
ACC_001367,CUST_01093,SAVINGS,2012-08-29,ACTIVE,N,,
ACC_001368,CUST_01094,SAVINGS,1969-08-14,ACTIVE,N,,
ACC_001369,CUST_01094,SAVINGS,2007-04-23,ACTIVE,N,,
ACC_001370,CUST_01095,SAVINGS,1983-01-02,ACTIVE,N,,
ACC_001371,CUST_01096,CURRENT,1978-09-06,ACTIVE,N,,
ACC_001372,CUST_01097,SAVINGS,1980-07-26,ACTIVE,N,,
ACC_001373,CUST_01098,SAVINGS,1957-08-09,ACTIVE,N,,
ACC_001374,CUST_01099,SAVINGS,1968-10-03,ACTIVE,N,,
ACC_001375,CUST_01099,SAVINGS,1965-12-15,ACTIVE,N,,
ACC_001376,CUST_01100,SAVINGS,1969-06-22,ACTIVE,N,,
ACC_001377,CUST_01100,SAVINGS,2001-05-16,ACTIVE,N,,
ACC_001378,CUST_01100,SAVINGS,1953-08-02,ACTIVE,N,,
ACC_001379,CUST_01101,SAVINGS,2007-10-21,ACTIVE,N,,
ACC_001380,CUST_01101,SAVINGS,2000-08-02,DORMANT,Y,2002-06-05,
ACC_001381,CUST_01102,SAVINGS,1964-06-05,ACTIVE,N,,
ACC_001382,CUST_01102,SAVINGS,1960-01-16,ACTIVE,N,,
ACC_001383,CUST_01103,CURRENT,2014-11-24,ACTIVE,N,,
ACC_001384,CUST_01104,CURRENT,1971-07-12,ACTIVE,N,,
ACC_001385,CUST_01105,CURRENT,1954-02-09,ACTIVE,N,,
ACC_001386,CUST_01106,SAVINGS,1969-12-28,ACTIVE,N,,
ACC_001387,CUST_01106,SAVINGS,1999-09-17,ACTIVE,N,,
ACC_001388,CUST_01107,SAVINGS,1969-03-24,ACTIVE,N,,
ACC_001389,CUST_01108,SAVINGS,1960-10-01,ACTIVE,N,,
ACC_001390,CUST_01109,SAVINGS,1983-05-09,ACTIVE,N,,
ACC_001391,CUST_01110,SAVINGS,1960-06-27,ACTIVE,N,,
ACC_001392,CUST_01111,SAVINGS,1951-09-13,ACTIVE,N,,
ACC_001393,CUST_01112,SAVINGS,2006-09-08,DORMANT,Y,2011-10-12,
ACC_001394,CUST_01113,SAVINGS,1974-10-30,ACTIVE,N,,
ACC_001395,CUST_01114,SAVINGS,2013-12-08,ACTIVE,N,,
ACC_001396,CUST_01115,SAVINGS,1969-01-26,ACTIVE,N,,
ACC_001397,CUST_01116,SAVINGS,2021-10-14,ACTIVE,N,,
ACC_001398,CUST_01117,CURRENT,1990-10-06,ACTIVE,N,,
ACC_001399,CUST_01118,CURRENT,2013-12-28,ACTIVE,N,,
ACC_001400,CUST_01119,SAVINGS,2006-01-03,ACTIVE,N,,
ACC_001401,CUST_01120,SAVINGS,1995-11-30,ACTIVE,N,,
ACC_001402,CUST_01121,CURRENT,2010-06-05,ACTIVE,N,,
ACC_001403,CUST_01122,SAVINGS,1951-10-19,ACTIVE,N,,
ACC_001404,CUST_01123,CURRENT,1989-01-11,ACTIVE,N,,
ACC_001405,CUST_01124,SAVINGS,1965-02-22,ACTIVE,N,,
ACC_001406,CUST_01125,SAVINGS,1971-03-21,ACTIVE,N,,
ACC_001407,CUST_01126,SAVINGS,1958-03-02,ACTIVE,N,,
ACC_001408,CUST_01127,SAVINGS,1954-05-16,ACTIVE,N,,
ACC_001409,CUST_01128,SAVINGS,1973-08-16,ACTIVE,N,,
ACC_001410,CUST_01129,SAVINGS,2018-07-01,ACTIVE,N,,
ACC_001411,CUST_01130,SAVINGS,1971-10-28,ACTIVE,N,,
ACC_001412,CUST_01131,SAVINGS,1951-06-25,ACTIVE,N,,
ACC_001413,CUST_01131,CURRENT,2003-12-13,ACTIVE,N,,
ACC_001414,CUST_01131,SAVINGS,2007-08-28,ACTIVE,N,,
ACC_001415,CUST_01132,SAVINGS,2011-10-31,DORMANT,Y,2021-04-04,
ACC_001416,CUST_01132,CURRENT,1985-02-13,ACTIVE,N,,
ACC_001417,CUST_01133,SAVINGS,2018-04-22,ACTIVE,N,,
ACC_001418,CUST_01134,SAVINGS,1991-08-27,ACTIVE,N,,
ACC_001419,CUST_01135,SAVINGS,1980-12-08,ACTIVE,N,,
ACC_001420,CUST_01136,SAVINGS,2007-08-30,DORMANT,Y,2012-12-29,
ACC_001421,CUST_01137,CURRENT,1986-12-30,ACTIVE,N,,
ACC_001422,CUST_01138,SAVINGS,1962-07-07,ACTIVE,N,,
ACC_001423,CUST_01139,SAVINGS,2020-12-22,ACTIVE,N,,
ACC_001424,CUST_01139,SAVINGS,2001-05-21,ACTIVE,N,,
ACC_001425,CUST_01140,SAVINGS,1967-01-12,ACTIVE,N,,
ACC_001426,CUST_01140,SAVINGS,1978-11-01,ACTIVE,N,,
ACC_001427,CUST_01140,SAVINGS,2004-06-30,ACTIVE,N,,
ACC_001428,CUST_01141,SAVINGS,1957-08-15,ACTIVE,N,,
ACC_001429,CUST_01142,SAVINGS,1979-10-17,ACTIVE,N,,
ACC_001430,CUST_01142,SAVINGS,2003-05-23,ACTIVE,N,,
ACC_001431,CUST_01143,SAVINGS,1975-01-01,ACTIVE,N,,
ACC_001432,CUST_01144,SAVINGS,1960-07-05,ACTIVE,N,,
ACC_001433,CUST_01145,SAVINGS,2013-10-03,ACTIVE,N,,
ACC_001434,CUST_01146,CURRENT,2014-12-23,ACTIVE,N,,
ACC_001435,CUST_01146,CURRENT,1992-08-16,ACTIVE,N,,
ACC_001436,CUST_01146,CURRENT,2005-02-18,ACTIVE,N,,
ACC_001437,CUST_01147,SAVINGS,2001-10-13,ACTIVE,N,,
ACC_001438,CUST_01147,SAVINGS,1972-06-07,DORMANT,Y,1976-02-25,
ACC_001439,CUST_01148,SAVINGS,2000-07-23,DORMANT,Y,2022-07-24,
ACC_001440,CUST_01148,SAVINGS,2007-09-27,DORMANT,Y,2014-05-13,
ACC_001441,CUST_01148,SAVINGS,1986-09-26,ACTIVE,N,,
ACC_001442,CUST_01149,CURRENT,1964-10-02,ACTIVE,N,,
ACC_001443,CUST_01149,CURRENT,1964-03-17,DORMANT,Y,1969-07-02,
ACC_001444,CUST_01150,CURRENT,1999-05-13,ACTIVE,N,,
ACC_001445,CUST_01151,SAVINGS,1995-08-29,ACTIVE,N,,
ACC_001446,CUST_01152,SAVINGS,1953-10-26,ACTIVE,N,,
ACC_001447,CUST_01152,SAVINGS,1982-08-08,ACTIVE,N,,
ACC_001448,CUST_01153,SAVINGS,1988-05-29,ACTIVE,N,,
ACC_001449,CUST_01153,SAVINGS,1972-02-25,ACTIVE,N,,
ACC_001450,CUST_01154,SAVINGS,2023-09-16,ACTIVE,N,,
ACC_001451,CUST_01154,CURRENT,1964-06-28,ACTIVE,N,,
ACC_001452,CUST_01155,SAVINGS,1958-11-22,ACTIVE,N,,
ACC_001453,CUST_01156,SAVINGS,1978-11-04,ACTIVE,N,,
ACC_001454,CUST_01157,SAVINGS,1951-06-30,INACTIVE,N,,1993-07-25
ACC_001455,CUST_01157,SAVINGS,1975-07-21,ACTIVE,N,,
ACC_001456,CUST_01158,CURRENT,1977-06-15,DORMANT,Y,2020-11-23,
ACC_001457,CUST_01159,CURRENT,1954-05-28,ACTIVE,N,,
ACC_001458,CUST_01160,SAVINGS,1982-09-17,ACTIVE,N,,
ACC_001459,CUST_01161,SAVINGS,1986-08-20,ACTIVE,N,,
ACC_001460,CUST_01162,SAVINGS,1961-07-29,ACTIVE,N,,
ACC_001461,CUST_01163,SAVINGS,1956-02-09,ACTIVE,N,,
ACC_001462,CUST_01164,SAVINGS,2015-11-06,ACTIVE,N,,
ACC_001463,CUST_01164,CURRENT,1956-03-20,ACTIVE,N,,
ACC_001464,CUST_01165,SAVINGS,1956-07-16,ACTIVE,N,,
ACC_001465,CUST_01166,SAVINGS,1992-10-24,ACTIVE,N,,
ACC_001466,CUST_01167,SAVINGS,1962-09-08,ACTIVE,N,,
ACC_001467,CUST_01167,SAVINGS,1992-01-01,ACTIVE,N,,
ACC_001468,CUST_01167,CURRENT,1951-02-26,ACTIVE,N,,
ACC_001469,CUST_01168,SAVINGS,1998-07-17,ACTIVE,N,,
ACC_001470,CUST_01169,SAVINGS,1988-06-08,ACTIVE,N,,
ACC_001471,CUST_01170,SAVINGS,2004-03-09,DORMANT,Y,2021-03-16,
ACC_001472,CUST_01171,SAVINGS,1976-07-10,ACTIVE,N,,
ACC_001473,CUST_01172,SAVINGS,1992-10-19,ACTIVE,N,,
ACC_001474,CUST_01173,SAVINGS,2003-03-02,DORMANT,Y,2015-04-10,
ACC_001475,CUST_01174,SAVINGS,1967-08-18,ACTIVE,N,,
ACC_001476,CUST_01174,SAVINGS,1963-04-03,ACTIVE,N,,
ACC_001477,CUST_01175,SAVINGS,1995-02-03,ACTIVE,N,,
ACC_001478,CUST_01176,CURRENT,2005-06-07,ACTIVE,N,,
ACC_001479,CUST_01177,CURRENT,2018-07-16,ACTIVE,N,,
ACC_001480,CUST_01178,SAVINGS,1963-09-30,DORMANT,Y,1997-12-01,
ACC_001481,CUST_01179,SAVINGS,1970-06-10,DORMANT,Y,1972-01-19,
ACC_001482,CUST_01179,SAVINGS,2002-01-02,ACTIVE,N,,
ACC_001483,CUST_01179,SAVINGS,2014-11-30,DORMANT,Y,2024-11-20,
ACC_001484,CUST_01180,SAVINGS,1955-02-03,ACTIVE,N,,
ACC_001485,CUST_01181,CURRENT,1989-06-26,ACTIVE,N,,
ACC_001486,CUST_01182,SAVINGS,1971-12-11,ACTIVE,N,,
ACC_001487,CUST_01183,SAVINGS,1970-08-16,ACTIVE,N,,
ACC_001488,CUST_01184,CURRENT,2013-01-11,ACTIVE,N,,
ACC_001489,CUST_01185,SAVINGS,1960-09-19,ACTIVE,N,,
ACC_001490,CUST_01186,CURRENT,1962-09-12,ACTIVE,N,,
ACC_001491,CUST_01187,SAVINGS,1981-07-08,ACTIVE,N,,
ACC_001492,CUST_01188,SAVINGS,1979-05-08,ACTIVE,N,,
ACC_001493,CUST_01189,SAVINGS,1969-03-04,ACTIVE,N,,
ACC_001494,CUST_01190,SAVINGS,1971-12-02,DORMANT,Y,2006-01-19,
ACC_001495,CUST_01191,SAVINGS,2020-04-08,DORMANT,Y,2024-09-19,
ACC_001496,CUST_01192,SAVINGS,1996-06-19,ACTIVE,N,,
ACC_001497,CUST_01193,SAVINGS,2010-11-26,ACTIVE,N,,
ACC_001498,CUST_01193,SAVINGS,1967-11-09,DORMANT,Y,1990-12-04,
ACC_001499,CUST_01193,SAVINGS,1989-08-01,DORMANT,Y,2014-02-06,
ACC_001500,CUST_01194,SAVINGS,2008-08-24,ACTIVE,N,,
ACC_001501,CUST_01195,SAVINGS,1955-06-13,ACTIVE,N,,
ACC_001502,CUST_01196,CURRENT,2002-10-04,ACTIVE,N,,
ACC_001503,CUST_01196,CURRENT,1982-07-18,ACTIVE,N,,
ACC_001504,CUST_01197,SAVINGS,1978-06-03,ACTIVE,N,,
ACC_001505,CUST_01198,SAVINGS,1960-03-17,ACTIVE,N,,
ACC_001506,CUST_01199,SAVINGS,1970-09-28,ACTIVE,N,,
ACC_001507,CUST_01200,SAVINGS,2017-09-17,ACTIVE,N,,
ACC_001508,CUST_01200,SAVINGS,1963-04-05,ACTIVE,N,,
ACC_001509,CUST_01200,SAVINGS,1952-01-13,ACTIVE,N,,
ACC_001510,CUST_01201,SAVINGS,1969-05-30,ACTIVE,N,,
ACC_001511,CUST_01202,SAVINGS,1992-02-17,ACTIVE,N,,
ACC_001512,CUST_01203,SAVINGS,2024-06-19,INACTIVE,N,,2024-07-22
ACC_001513,CUST_01203,SAVINGS,2017-11-26,ACTIVE,N,,
ACC_001514,CUST_01204,SAVINGS,1962-10-23,ACTIVE,N,,
ACC_001515,CUST_01205,SAVINGS,2011-11-25,ACTIVE,N,,
ACC_001516,CUST_01206,SAVINGS,1992-09-12,ACTIVE,N,,
ACC_001517,CUST_01207,SAVINGS,1973-02-05,ACTIVE,N,,
ACC_001518,CUST_01208,SAVINGS,1990-03-26,ACTIVE,N,,
ACC_001519,CUST_01209,SAVINGS,1971-12-23,ACTIVE,N,,
ACC_001520,CUST_01209,SAVINGS,1959-04-12,INACTIVE,N,,1978-05-04
ACC_001521,CUST_01209,SAVINGS,1999-06-14,ACTIVE,N,,
ACC_001522,CUST_01210,SAVINGS,1998-02-04,ACTIVE,N,,
ACC_001523,CUST_01211,SAVINGS,1962-02-22,ACTIVE,N,,
ACC_001524,CUST_01212,SAVINGS,1959-09-07,ACTIVE,N,,
ACC_001525,CUST_01212,SAVINGS,1974-05-22,ACTIVE,N,,
ACC_001526,CUST_01213,SAVINGS,2012-09-15,ACTIVE,N,,
ACC_001527,CUST_01214,SAVINGS,1985-02-08,DORMANT,Y,2017-04-23,
ACC_001528,CUST_01215,SAVINGS,1984-11-05,DORMANT,Y,2014-12-05,
ACC_001529,CUST_01216,SAVINGS,1969-02-11,ACTIVE,N,,
ACC_001530,CUST_01216,SAVINGS,1966-11-15,DORMANT,Y,2005-07-28,
ACC_001531,CUST_01217,SAVINGS,2016-06-14,ACTIVE,N,,
ACC_001532,CUST_01218,SAVINGS,1955-05-23,ACTIVE,N,,
ACC_001533,CUST_01218,SAVINGS,1999-06-21,ACTIVE,N,,
ACC_001534,CUST_01219,SAVINGS,1989-01-04,ACTIVE,N,,
ACC_001535,CUST_01220,CURRENT,2004-07-26,ACTIVE,N,,
ACC_001536,CUST_01220,SAVINGS,2005-09-02,ACTIVE,N,,
ACC_001537,CUST_01220,SAVINGS,1967-07-22,ACTIVE,N,,
ACC_001538,CUST_01221,SAVINGS,2009-12-30,ACTIVE,N,,
ACC_001539,CUST_01221,SAVINGS,1999-11-30,ACTIVE,N,,
ACC_001540,CUST_01221,SAVINGS,2019-10-01,ACTIVE,N,,
ACC_001541,CUST_01222,SAVINGS,1992-09-08,ACTIVE,N,,
ACC_001542,CUST_01223,CURRENT,2000-11-09,ACTIVE,N,,
ACC_001543,CUST_01223,SAVINGS,1961-05-13,ACTIVE,N,,
ACC_001544,CUST_01224,CURRENT,2006-03-27,ACTIVE,N,,
ACC_001545,CUST_01225,SAVINGS,2018-11-10,ACTIVE,N,,
ACC_001546,CUST_01226,SAVINGS,2011-04-05,ACTIVE,N,,
ACC_001547,CUST_01227,SAVINGS,1985-10-09,DORMANT,Y,1988-09-03,
ACC_001548,CUST_01228,SAVINGS,1957-10-07,DORMANT,Y,2008-03-11,
ACC_001549,CUST_01229,SAVINGS,1983-04-27,ACTIVE,N,,
ACC_001550,CUST_01230,SAVINGS,1951-01-30,DORMANT,Y,1972-02-12,
ACC_001551,CUST_01231,CURRENT,1964-05-01,ACTIVE,N,,
ACC_001552,CUST_01232,SAVINGS,1989-07-23,ACTIVE,N,,
ACC_001553,CUST_01233,SAVINGS,2001-02-24,ACTIVE,N,,
ACC_001554,CUST_01234,SAVINGS,1971-07-14,DORMANT,Y,2010-04-30,
ACC_001555,CUST_01235,SAVINGS,2004-05-05,ACTIVE,N,,
ACC_001556,CUST_01236,SAVINGS,1959-12-07,ACTIVE,N,,
ACC_001557,CUST_01236,SAVINGS,1980-05-10,ACTIVE,N,,
ACC_001558,CUST_01236,SAVINGS,2002-11-02,ACTIVE,N,,
ACC_001559,CUST_01237,CURRENT,2012-11-30,INACTIVE,N,,2024-04-18
ACC_001560,CUST_01238,SAVINGS,1962-09-23,INACTIVE,N,,1986-06-21
ACC_001561,CUST_01239,SAVINGS,2013-05-28,ACTIVE,N,,
ACC_001562,CUST_01240,SAVINGS,2013-10-05,ACTIVE,N,,
ACC_001563,CUST_01241,CURRENT,2022-10-30,ACTIVE,N,,
ACC_001564,CUST_01242,SAVINGS,2013-04-07,ACTIVE,N,,
ACC_001565,CUST_01242,SAVINGS,1964-11-07,ACTIVE,N,,
ACC_001566,CUST_01243,SAVINGS,1961-09-06,DORMANT,Y,1973-12-12,
ACC_001567,CUST_01244,SAVINGS,1964-09-30,ACTIVE,N,,
ACC_001568,CUST_01245,SAVINGS,2004-01-10,ACTIVE,N,,
ACC_001569,CUST_01246,SAVINGS,2008-12-12,ACTIVE,N,,
ACC_001570,CUST_01247,SAVINGS,1977-02-23,ACTIVE,N,,
ACC_001571,CUST_01247,SAVINGS,2004-08-24,DORMANT,Y,2015-10-31,
ACC_001572,CUST_01248,SAVINGS,1958-10-10,ACTIVE,N,,
ACC_001573,CUST_01249,CURRENT,1993-03-08,ACTIVE,N,,
ACC_001574,CUST_01249,CURRENT,1996-08-08,ACTIVE,N,,
ACC_001575,CUST_01250,CURRENT,2016-03-08,ACTIVE,N,,
ACC_001576,CUST_01251,SAVINGS,1978-12-10,ACTIVE,N,,
ACC_001577,CUST_01252,CURRENT,2014-10-24,ACTIVE,N,,
ACC_001578,CUST_01253,SAVINGS,1965-07-24,ACTIVE,N,,
ACC_001579,CUST_01253,SAVINGS,1987-11-21,DORMANT,Y,2018-10-27,
ACC_001580,CUST_01254,SAVINGS,1955-03-19,ACTIVE,N,,
ACC_001581,CUST_01255,SAVINGS,2024-03-09,ACTIVE,N,,
ACC_001582,CUST_01255,SAVINGS,1971-03-13,ACTIVE,N,,
ACC_001583,CUST_01255,SAVINGS,2013-12-18,ACTIVE,N,,
ACC_001584,CUST_01256,SAVINGS,1969-10-21,ACTIVE,N,,
ACC_001585,CUST_01257,SAVINGS,1979-01-20,ACTIVE,N,,
ACC_001586,CUST_01257,SAVINGS,1993-07-30,ACTIVE,N,,
ACC_001587,CUST_01258,SAVINGS,1954-04-07,ACTIVE,N,,
ACC_001588,CUST_01259,SAVINGS,2001-10-04,ACTIVE,N,,
ACC_001589,CUST_01260,SAVINGS,1958-06-29,ACTIVE,N,,
ACC_001590,CUST_01260,SAVINGS,1999-03-14,ACTIVE,N,,
ACC_001591,CUST_01261,SAVINGS,2008-07-15,ACTIVE,N,,
ACC_001592,CUST_01262,SAVINGS,2014-06-07,ACTIVE,N,,
ACC_001593,CUST_01263,SAVINGS,1979-01-18,ACTIVE,N,,
ACC_001594,CUST_01264,SAVINGS,1957-05-12,ACTIVE,N,,
ACC_001595,CUST_01265,SAVINGS,1978-10-14,ACTIVE,N,,
ACC_001596,CUST_01266,SAVINGS,1953-02-14,ACTIVE,N,,
ACC_001597,CUST_01267,CURRENT,2007-07-24,ACTIVE,N,,
ACC_001598,CUST_01268,SAVINGS,1986-09-23,ACTIVE,N,,
ACC_001599,CUST_01269,CURRENT,1984-04-22,DORMANT,Y,1996-04-16,
ACC_001600,CUST_01269,SAVINGS,1961-05-18,DORMANT,Y,1971-01-08,
ACC_001601,CUST_01270,SAVINGS,1959-06-05,ACTIVE,N,,
ACC_001602,CUST_01271,CURRENT,1987-04-12,ACTIVE,N,,
ACC_001603,CUST_01272,CURRENT,2005-02-17,ACTIVE,N,,
ACC_001604,CUST_01272,CURRENT,1961-02-13,ACTIVE,N,,
ACC_001605,CUST_01273,SAVINGS,1990-08-09,ACTIVE,N,,
ACC_001606,CUST_01273,SAVINGS,2011-06-10,ACTIVE,N,,
ACC_001607,CUST_01274,SAVINGS,2007-02-15,DORMANT,Y,2024-12-23,
ACC_001608,CUST_01275,SAVINGS,1979-02-21,ACTIVE,N,,
ACC_001609,CUST_01276,SAVINGS,1985-04-24,ACTIVE,N,,
ACC_001610,CUST_01277,SAVINGS,1975-01-20,ACTIVE,N,,
ACC_001611,CUST_01277,SAVINGS,1957-04-25,ACTIVE,N,,
ACC_001612,CUST_01278,SAVINGS,1962-08-01,INACTIVE,N,,2023-06-26
ACC_001613,CUST_01279,CURRENT,2008-04-28,ACTIVE,N,,
ACC_001614,CUST_01280,SAVINGS,1996-07-19,DORMANT,Y,2022-03-05,
ACC_001615,CUST_01281,SAVINGS,1990-05-30,ACTIVE,N,,
ACC_001616,CUST_01282,SAVINGS,1972-05-23,ACTIVE,N,,
ACC_001617,CUST_01283,SAVINGS,1977-01-11,ACTIVE,N,,
ACC_001618,CUST_01283,SAVINGS,1997-07-15,ACTIVE,N,,
ACC_001619,CUST_01284,SAVINGS,2007-01-15,ACTIVE,N,,
ACC_001620,CUST_01285,SAVINGS,2015-07-20,ACTIVE,N,,
ACC_001621,CUST_01286,CURRENT,2014-09-19,DORMANT,Y,2023-10-29,
ACC_001622,CUST_01286,SAVINGS,1971-11-14,ACTIVE,N,,
ACC_001623,CUST_01287,CURRENT,2009-06-12,ACTIVE,N,,
ACC_001624,CUST_01288,SAVINGS,1998-04-10,DORMANT,Y,2021-11-06,
ACC_001625,CUST_01289,SAVINGS,2002-12-18,ACTIVE,N,,
ACC_001626,CUST_01290,SAVINGS,1951-05-09,ACTIVE,N,,
ACC_001627,CUST_01291,SAVINGS,1977-01-09,ACTIVE,N,,
ACC_001628,CUST_01292,SAVINGS,1960-08-03,ACTIVE,N,,
ACC_001629,CUST_01293,SAVINGS,1969-09-06,ACTIVE,N,,
ACC_001630,CUST_01294,SAVINGS,1994-01-22,ACTIVE,N,,
ACC_001631,CUST_01295,SAVINGS,1993-01-29,ACTIVE,N,,
ACC_001632,CUST_01296,CURRENT,1951-12-07,INACTIVE,N,,1972-05-31
ACC_001633,CUST_01297,CURRENT,2012-06-04,ACTIVE,N,,
ACC_001634,CUST_01297,SAVINGS,1970-01-27,ACTIVE,N,,
ACC_001635,CUST_01298,SAVINGS,2017-12-22,ACTIVE,N,,
ACC_001636,CUST_01299,SAVINGS,1993-01-23,ACTIVE,N,,
ACC_001637,CUST_01300,SAVINGS,1965-06-18,INACTIVE,N,,2019-05-11
ACC_001638,CUST_01300,SAVINGS,2005-04-23,INACTIVE,N,,2014-04-01
ACC_001639,CUST_01301,SAVINGS,2020-11-12,ACTIVE,N,,
ACC_001640,CUST_01302,CURRENT,1950-07-02,ACTIVE,N,,
ACC_001641,CUST_01303,CURRENT,2011-04-28,ACTIVE,N,,
ACC_001642,CUST_01304,SAVINGS,1967-02-10,ACTIVE,N,,
ACC_001643,CUST_01305,SAVINGS,2011-02-26,ACTIVE,N,,
ACC_001644,CUST_01306,CURRENT,1963-04-07,ACTIVE,N,,
ACC_001645,CUST_01307,SAVINGS,1954-12-19,ACTIVE,N,,
ACC_001646,CUST_01308,SAVINGS,1979-10-03,DORMANT,Y,1992-07-10,
ACC_001647,CUST_01309,SAVINGS,2007-03-10,ACTIVE,N,,
ACC_001648,CUST_01309,SAVINGS,2024-04-28,ACTIVE,N,,
ACC_001649,CUST_01310,SAVINGS,1972-08-09,DORMANT,Y,2013-07-01,
ACC_001650,CUST_01310,CURRENT,2001-05-21,ACTIVE,N,,
ACC_001651,CUST_01311,CURRENT,1979-06-02,ACTIVE,N,,
ACC_001652,CUST_01312,CURRENT,1997-05-17,ACTIVE,N,,
ACC_001653,CUST_01312,CURRENT,1978-07-20,ACTIVE,N,,
ACC_001654,CUST_01313,SAVINGS,1976-01-07,DORMANT,Y,2022-04-07,
ACC_001655,CUST_01314,SAVINGS,1951-12-16,DORMANT,Y,2002-05-07,
ACC_001656,CUST_01315,SAVINGS,1999-07-07,ACTIVE,N,,
ACC_001657,CUST_01316,SAVINGS,1952-03-15,ACTIVE,N,,
ACC_001658,CUST_01317,SAVINGS,1991-02-04,ACTIVE,N,,
ACC_001659,CUST_01318,SAVINGS,1991-10-12,ACTIVE,N,,
ACC_001660,CUST_01319,SAVINGS,2018-05-02,ACTIVE,N,,
ACC_001661,CUST_01320,SAVINGS,1966-12-24,ACTIVE,N,,
ACC_001662,CUST_01320,SAVINGS,2017-12-06,ACTIVE,N,,
ACC_001663,CUST_01321,SAVINGS,2012-01-23,ACTIVE,N,,
ACC_001664,CUST_01322,SAVINGS,2006-05-09,DORMANT,Y,2020-04-25,
ACC_001665,CUST_01323,CURRENT,1997-11-14,ACTIVE,N,,
ACC_001666,CUST_01324,SAVINGS,1997-12-08,ACTIVE,N,,
ACC_001667,CUST_01325,CURRENT,2023-10-31,ACTIVE,N,,
ACC_001668,CUST_01326,SAVINGS,2007-12-17,ACTIVE,N,,
ACC_001669,CUST_01327,SAVINGS,2021-03-15,ACTIVE,N,,
ACC_001670,CUST_01328,SAVINGS,1995-09-16,ACTIVE,N,,
ACC_001671,CUST_01329,CURRENT,1965-06-07,ACTIVE,N,,
ACC_001672,CUST_01329,SAVINGS,1973-12-05,ACTIVE,N,,
ACC_001673,CUST_01330,SAVINGS,2012-06-12,ACTIVE,N,,
ACC_001674,CUST_01331,SAVINGS,2008-04-21,ACTIVE,N,,
ACC_001675,CUST_01331,SAVINGS,2000-10-12,ACTIVE,N,,
ACC_001676,CUST_01332,SAVINGS,1974-01-28,ACTIVE,N,,
ACC_001677,CUST_01333,CURRENT,1972-02-20,ACTIVE,N,,
ACC_001678,CUST_01333,SAVINGS,2023-11-14,ACTIVE,N,,
ACC_001679,CUST_01334,SAVINGS,2009-04-28,ACTIVE,N,,
ACC_001680,CUST_01334,CURRENT,2001-12-06,ACTIVE,N,,
ACC_001681,CUST_01335,CURRENT,1988-10-16,ACTIVE,N,,
ACC_001682,CUST_01336,SAVINGS,2009-07-17,ACTIVE,N,,
ACC_001683,CUST_01337,SAVINGS,1988-07-20,ACTIVE,N,,
ACC_001684,CUST_01338,SAVINGS,1963-07-04,ACTIVE,N,,
ACC_001685,CUST_01338,CURRENT,1961-12-04,ACTIVE,N,,
ACC_001686,CUST_01338,SAVINGS,1964-02-17,ACTIVE,N,,
ACC_001687,CUST_01339,SAVINGS,1962-03-14,ACTIVE,N,,
ACC_001688,CUST_01340,SAVINGS,1952-03-27,ACTIVE,N,,
ACC_001689,CUST_01341,SAVINGS,2005-12-22,ACTIVE,N,,
ACC_001690,CUST_01341,SAVINGS,1964-02-10,ACTIVE,N,,
ACC_001691,CUST_01342,SAVINGS,2017-07-24,ACTIVE,N,,
ACC_001692,CUST_01343,CURRENT,2024-02-20,ACTIVE,N,,
ACC_001693,CUST_01344,SAVINGS,1963-07-28,ACTIVE,N,,
ACC_001694,CUST_01344,SAVINGS,2010-06-11,ACTIVE,N,,
ACC_001695,CUST_01345,SAVINGS,2018-07-05,ACTIVE,N,,
ACC_001696,CUST_01346,SAVINGS,1954-06-11,ACTIVE,N,,
ACC_001697,CUST_01346,SAVINGS,1989-06-16,ACTIVE,N,,
ACC_001698,CUST_01347,SAVINGS,2007-04-02,ACTIVE,N,,
ACC_001699,CUST_01348,SAVINGS,1978-11-02,ACTIVE,N,,
ACC_001700,CUST_01349,SAVINGS,1980-05-02,INACTIVE,N,,2011-04-09
ACC_001701,CUST_01350,SAVINGS,2001-11-12,ACTIVE,N,,
ACC_001702,CUST_01351,CURRENT,1965-08-01,ACTIVE,N,,
ACC_001703,CUST_01352,SAVINGS,1976-08-13,ACTIVE,N,,
ACC_001704,CUST_01353,SAVINGS,2013-11-28,ACTIVE,N,,
ACC_001705,CUST_01354,SAVINGS,1966-12-08,ACTIVE,N,,
ACC_001706,CUST_01355,SAVINGS,1997-09-20,ACTIVE,N,,
ACC_001707,CUST_01356,CURRENT,2013-02-21,ACTIVE,N,,
ACC_001708,CUST_01357,CURRENT,2006-03-15,ACTIVE,N,,
ACC_001709,CUST_01358,SAVINGS,2003-11-14,ACTIVE,N,,
ACC_001710,CUST_01359,SAVINGS,1951-01-14,DORMANT,Y,2002-01-09,
ACC_001711,CUST_01359,SAVINGS,1980-06-23,ACTIVE,N,,
ACC_001712,CUST_01359,SAVINGS,2019-01-29,ACTIVE,N,,
ACC_001713,CUST_01360,SAVINGS,1988-08-07,ACTIVE,N,,
ACC_001714,CUST_01361,CURRENT,1986-06-03,DORMANT,Y,2004-06-02,
ACC_001715,CUST_01362,SAVINGS,1991-11-02,DORMANT,Y,2020-05-13,
ACC_001716,CUST_01363,SAVINGS,2006-06-11,ACTIVE,N,,
ACC_001717,CUST_01364,CURRENT,1982-11-16,ACTIVE,N,,
ACC_001718,CUST_01365,SAVINGS,1950-07-26,ACTIVE,N,,
ACC_001719,CUST_01366,CURRENT,2006-06-03,ACTIVE,N,,
ACC_001720,CUST_01367,SAVINGS,1954-06-13,ACTIVE,N,,
ACC_001721,CUST_01367,SAVINGS,1952-02-12,ACTIVE,N,,
ACC_001722,CUST_01368,CURRENT,1953-07-28,ACTIVE,N,,
ACC_001723,CUST_01368,CURRENT,1970-11-16,ACTIVE,N,,
ACC_001724,CUST_01369,SAVINGS,2000-12-15,ACTIVE,N,,
ACC_001725,CUST_01370,SAVINGS,2020-08-18,DORMANT,Y,2023-05-01,
ACC_001726,CUST_01371,SAVINGS,1995-08-10,ACTIVE,N,,
ACC_001727,CUST_01372,SAVINGS,1973-03-12,ACTIVE,N,,
ACC_001728,CUST_01373,CURRENT,2008-07-11,ACTIVE,N,,
ACC_001729,CUST_01374,SAVINGS,1982-11-30,ACTIVE,N,,
ACC_001730,CUST_01375,SAVINGS,2003-04-07,ACTIVE,N,,
ACC_001731,CUST_01375,SAVINGS,1976-03-22,ACTIVE,N,,
ACC_001732,CUST_01376,CURRENT,2003-07-13,ACTIVE,N,,
ACC_001733,CUST_01377,SAVINGS,1957-01-08,ACTIVE,N,,
ACC_001734,CUST_01378,SAVINGS,2008-05-26,ACTIVE,N,,
ACC_001735,CUST_01379,SAVINGS,1967-07-17,ACTIVE,N,,
ACC_001736,CUST_01380,SAVINGS,2003-02-19,ACTIVE,N,,
ACC_001737,CUST_01381,SAVINGS,1973-08-23,DORMANT,Y,2001-01-27,
ACC_001738,CUST_01381,SAVINGS,1993-04-19,ACTIVE,N,,
ACC_001739,CUST_01382,SAVINGS,2020-05-26,DORMANT,Y,2021-09-30,
ACC_001740,CUST_01382,SAVINGS,2009-07-13,ACTIVE,N,,
ACC_001741,CUST_01383,SAVINGS,1981-06-08,ACTIVE,N,,
ACC_001742,CUST_01384,CURRENT,1963-07-22,DORMANT,Y,2011-11-14,
ACC_001743,CUST_01385,CURRENT,1967-03-12,DORMANT,Y,2001-07-04,
ACC_001744,CUST_01386,CURRENT,1966-02-10,ACTIVE,N,,
ACC_001745,CUST_01387,SAVINGS,2003-05-10,ACTIVE,N,,
ACC_001746,CUST_01388,SAVINGS,1985-06-02,ACTIVE,N,,
ACC_001747,CUST_01389,SAVINGS,1971-08-25,ACTIVE,N,,
ACC_001748,CUST_01389,CURRENT,1993-11-17,DORMANT,Y,2000-10-23,
ACC_001749,CUST_01390,SAVINGS,1962-09-10,ACTIVE,N,,
ACC_001750,CUST_01390,SAVINGS,1962-09-11,ACTIVE,N,,
ACC_001751,CUST_01391,SAVINGS,1953-06-28,ACTIVE,N,,
ACC_001752,CUST_01392,SAVINGS,2009-07-14,ACTIVE,N,,
ACC_001753,CUST_01393,SAVINGS,1951-07-28,ACTIVE,N,,
ACC_001754,CUST_01394,SAVINGS,1970-10-31,ACTIVE,N,,
ACC_001755,CUST_01395,SAVINGS,1953-10-14,ACTIVE,N,,
ACC_001756,CUST_01396,CURRENT,2023-12-30,DORMANT,Y,2024-12-21,
ACC_001757,CUST_01396,SAVINGS,1960-09-20,ACTIVE,N,,
ACC_001758,CUST_01396,SAVINGS,2002-01-17,ACTIVE,N,,
ACC_001759,CUST_01397,SAVINGS,1953-06-11,ACTIVE,N,,
ACC_001760,CUST_01397,SAVINGS,1967-10-08,ACTIVE,N,,
ACC_001761,CUST_01398,SAVINGS,2011-10-01,ACTIVE,N,,
ACC_001762,CUST_01399,SAVINGS,1998-09-28,DORMANT,Y,2005-02-01,
ACC_001763,CUST_01399,CURRENT,1982-08-17,ACTIVE,N,,
ACC_001764,CUST_01400,CURRENT,1980-03-07,ACTIVE,N,,
ACC_001765,CUST_01401,SAVINGS,1990-05-31,ACTIVE,N,,
ACC_001766,CUST_01402,SAVINGS,1976-05-19,ACTIVE,N,,
ACC_001767,CUST_01402,SAVINGS,2022-11-14,DORMANT,Y,2023-11-29,
ACC_001768,CUST_01403,SAVINGS,2001-06-17,ACTIVE,N,,
ACC_001769,CUST_01404,SAVINGS,1985-06-14,ACTIVE,N,,
ACC_001770,CUST_01405,SAVINGS,1957-01-16,ACTIVE,N,,
ACC_001771,CUST_01406,SAVINGS,1987-06-04,ACTIVE,N,,
ACC_001772,CUST_01407,SAVINGS,1961-04-17,ACTIVE,N,,
ACC_001773,CUST_01408,SAVINGS,1969-07-26,ACTIVE,N,,
ACC_001774,CUST_01409,SAVINGS,1953-02-24,INACTIVE,N,,1967-03-23
ACC_001775,CUST_01410,CURRENT,1965-02-05,ACTIVE,N,,
ACC_001776,CUST_01411,SAVINGS,2012-06-27,INACTIVE,N,,2022-08-16
ACC_001777,CUST_01412,SAVINGS,1966-09-12,INACTIVE,N,,1973-12-25
ACC_001778,CUST_01413,SAVINGS,1969-04-21,ACTIVE,N,,
ACC_001779,CUST_01414,SAVINGS,1988-06-11,ACTIVE,N,,
ACC_001780,CUST_01414,SAVINGS,1985-08-28,ACTIVE,N,,
ACC_001781,CUST_01414,SAVINGS,1974-08-02,ACTIVE,N,,
ACC_001782,CUST_01415,SAVINGS,1962-08-17,ACTIVE,N,,
ACC_001783,CUST_01416,CURRENT,1960-07-13,ACTIVE,N,,
ACC_001784,CUST_01417,SAVINGS,2017-04-08,ACTIVE,N,,
ACC_001785,CUST_01418,SAVINGS,1999-03-10,ACTIVE,N,,
ACC_001786,CUST_01419,SAVINGS,1978-04-22,ACTIVE,N,,
ACC_001787,CUST_01420,CURRENT,2003-03-10,ACTIVE,N,,
ACC_001788,CUST_01420,CURRENT,1963-09-14,ACTIVE,N,,
ACC_001789,CUST_01420,CURRENT,2016-10-30,ACTIVE,N,,
ACC_001790,CUST_01421,SAVINGS,1952-12-27,DORMANT,Y,2009-04-19,
ACC_001791,CUST_01422,SAVINGS,1960-01-06,ACTIVE,N,,
ACC_001792,CUST_01423,SAVINGS,2016-03-19,ACTIVE,N,,
ACC_001793,CUST_01424,CURRENT,1960-05-21,ACTIVE,N,,
ACC_001794,CUST_01425,SAVINGS,1978-08-15,ACTIVE,N,,
ACC_001795,CUST_01425,SAVINGS,2007-02-24,ACTIVE,N,,
ACC_001796,CUST_01426,SAVINGS,2001-01-26,ACTIVE,N,,
ACC_001797,CUST_01427,SAVINGS,1992-09-05,ACTIVE,N,,
ACC_001798,CUST_01428,SAVINGS,2011-05-14,INACTIVE,N,,2014-02-08
ACC_001799,CUST_01429,SAVINGS,1974-06-22,ACTIVE,N,,
ACC_001800,CUST_01430,CURRENT,1990-08-30,ACTIVE,N,,
ACC_001801,CUST_01431,SAVINGS,1951-05-20,ACTIVE,N,,
ACC_001802,CUST_01432,SAVINGS,1974-04-27,ACTIVE,N,,
ACC_001803,CUST_01432,SAVINGS,1954-04-13,ACTIVE,N,,
ACC_001804,CUST_01432,SAVINGS,1965-12-14,ACTIVE,N,,
ACC_001805,CUST_01433,SAVINGS,1996-08-28,INACTIVE,N,,2008-06-15
ACC_001806,CUST_01434,SAVINGS,2015-11-11,ACTIVE,N,,
ACC_001807,CUST_01435,SAVINGS,2024-05-17,ACTIVE,N,,
ACC_001808,CUST_01436,SAVINGS,1950-09-07,ACTIVE,N,,
ACC_001809,CUST_01437,SAVINGS,1971-07-23,ACTIVE,N,,
ACC_001810,CUST_01438,SAVINGS,2021-01-04,ACTIVE,N,,
ACC_001811,CUST_01439,CURRENT,1984-08-21,DORMANT,Y,1992-11-29,
ACC_001812,CUST_01440,SAVINGS,1976-03-31,ACTIVE,N,,
ACC_001813,CUST_01441,SAVINGS,1954-01-09,INACTIVE,N,,1957-02-27
ACC_001814,CUST_01442,SAVINGS,2020-07-01,ACTIVE,N,,
ACC_001815,CUST_01443,SAVINGS,2019-08-25,ACTIVE,N,,
ACC_001816,CUST_01444,CURRENT,1970-09-26,ACTIVE,N,,
ACC_001817,CUST_01445,CURRENT,1979-06-10,ACTIVE,N,,
ACC_001818,CUST_01446,SAVINGS,1999-08-30,ACTIVE,N,,
ACC_001819,CUST_01446,SAVINGS,1965-08-16,DORMANT,Y,1980-05-21,
ACC_001820,CUST_01447,CURRENT,1954-01-06,ACTIVE,N,,
ACC_001821,CUST_01448,SAVINGS,1994-07-31,ACTIVE,N,,
ACC_001822,CUST_01449,CURRENT,1968-11-10,DORMANT,Y,1983-10-25,
ACC_001823,CUST_01450,CURRENT,1961-05-10,ACTIVE,N,,
ACC_001824,CUST_01451,CURRENT,1967-03-25,ACTIVE,N,,
ACC_001825,CUST_01451,SAVINGS,1986-06-02,ACTIVE,N,,
ACC_001826,CUST_01452,CURRENT,1987-04-01,ACTIVE,N,,
ACC_001827,CUST_01453,CURRENT,2015-07-18,ACTIVE,N,,
ACC_001828,CUST_01454,SAVINGS,1977-02-12,ACTIVE,N,,
ACC_001829,CUST_01455,SAVINGS,1962-07-08,ACTIVE,N,,
ACC_001830,CUST_01456,CURRENT,1997-06-09,ACTIVE,N,,
ACC_001831,CUST_01457,SAVINGS,1990-01-21,ACTIVE,N,,
ACC_001832,CUST_01458,SAVINGS,2013-07-25,ACTIVE,N,,
ACC_001833,CUST_01459,CURRENT,2017-06-24,ACTIVE,N,,
ACC_001834,CUST_01459,SAVINGS,2009-05-07,INACTIVE,N,,2018-01-25
ACC_001835,CUST_01460,SAVINGS,2004-06-07,ACTIVE,N,,
ACC_001836,CUST_01461,CURRENT,1976-04-10,ACTIVE,N,,
ACC_001837,CUST_01462,CURRENT,1984-01-15,ACTIVE,N,,
ACC_001838,CUST_01463,SAVINGS,1973-07-16,ACTIVE,N,,
ACC_001839,CUST_01464,SAVINGS,1976-12-06,ACTIVE,N,,
ACC_001840,CUST_01465,SAVINGS,1988-04-03,ACTIVE,N,,
ACC_001841,CUST_01466,SAVINGS,2003-06-19,ACTIVE,N,,
ACC_001842,CUST_01466,SAVINGS,1964-01-02,ACTIVE,N,,
ACC_001843,CUST_01467,SAVINGS,1992-05-28,ACTIVE,N,,
ACC_001844,CUST_01468,SAVINGS,1972-07-18,ACTIVE,N,,
ACC_001845,CUST_01469,CURRENT,1978-01-05,ACTIVE,N,,
ACC_001846,CUST_01469,CURRENT,2016-05-24,INACTIVE,N,,2023-10-08
ACC_001847,CUST_01470,SAVINGS,2010-09-21,ACTIVE,N,,
ACC_001848,CUST_01470,SAVINGS,2007-09-03,DORMANT,Y,2016-11-30,
ACC_001849,CUST_01471,SAVINGS,1993-05-20,ACTIVE,N,,
ACC_001850,CUST_01472,SAVINGS,1964-08-21,ACTIVE,N,,
ACC_001851,CUST_01473,CURRENT,2002-02-18,ACTIVE,N,,
ACC_001852,CUST_01474,SAVINGS,2008-06-06,ACTIVE,N,,
ACC_001853,CUST_01475,SAVINGS,1977-03-08,ACTIVE,N,,
ACC_001854,CUST_01476,SAVINGS,1998-01-12,ACTIVE,N,,
ACC_001855,CUST_01477,SAVINGS,2000-11-23,ACTIVE,N,,
ACC_001856,CUST_01478,SAVINGS,1958-09-30,INACTIVE,N,,1989-04-29
ACC_001857,CUST_01479,SAVINGS,1972-10-05,ACTIVE,N,,
ACC_001858,CUST_01480,SAVINGS,1954-08-06,ACTIVE,N,,
ACC_001859,CUST_01481,SAVINGS,2019-08-06,ACTIVE,N,,
ACC_001860,CUST_01481,SAVINGS,1984-06-10,ACTIVE,N,,
ACC_001861,CUST_01482,SAVINGS,2005-10-10,ACTIVE,N,,
ACC_001862,CUST_01483,SAVINGS,1989-12-10,ACTIVE,N,,
ACC_001863,CUST_01484,SAVINGS,2022-03-15,ACTIVE,N,,
ACC_001864,CUST_01484,SAVINGS,1997-12-10,ACTIVE,N,,
ACC_001865,CUST_01485,SAVINGS,2004-03-17,ACTIVE,N,,
ACC_001866,CUST_01486,SAVINGS,1954-01-28,ACTIVE,N,,
ACC_001867,CUST_01487,SAVINGS,1965-08-09,ACTIVE,N,,
ACC_001868,CUST_01488,SAVINGS,1974-06-27,ACTIVE,N,,
ACC_001869,CUST_01489,SAVINGS,1993-12-01,ACTIVE,N,,
ACC_001870,CUST_01490,SAVINGS,2008-06-09,ACTIVE,N,,
ACC_001871,CUST_01490,CURRENT,1975-04-21,ACTIVE,N,,
ACC_001872,CUST_01491,SAVINGS,1998-09-09,ACTIVE,N,,
ACC_001873,CUST_01492,SAVINGS,1983-05-22,ACTIVE,N,,
ACC_001874,CUST_01493,SAVINGS,1959-11-20,ACTIVE,N,,
ACC_001875,CUST_01494,SAVINGS,1979-04-15,DORMANT,Y,2023-12-28,
ACC_001876,CUST_01495,SAVINGS,2000-08-01,ACTIVE,N,,
ACC_001877,CUST_01496,SAVINGS,2000-08-16,ACTIVE,N,,
ACC_001878,CUST_01496,SAVINGS,1969-09-27,ACTIVE,N,,
ACC_001879,CUST_01497,SAVINGS,1992-10-18,ACTIVE,N,,
ACC_001880,CUST_01498,SAVINGS,1966-08-24,ACTIVE,N,,
ACC_001881,CUST_01499,SAVINGS,1951-04-24,ACTIVE,N,,
ACC_001882,CUST_01499,SAVINGS,1993-05-12,ACTIVE,N,,
ACC_001883,CUST_01499,SAVINGS,1951-06-26,ACTIVE,N,,
ACC_001884,CUST_01500,CURRENT,1994-10-05,ACTIVE,N,,
ACC_001885,CUST_01501,SAVINGS,1979-02-04,ACTIVE,N,,
ACC_001886,CUST_01502,SAVINGS,2013-05-03,ACTIVE,N,,
ACC_001887,CUST_01503,SAVINGS,1993-10-06,ACTIVE,N,,
ACC_001888,CUST_01504,SAVINGS,1981-08-31,ACTIVE,N,,
ACC_001889,CUST_01504,SAVINGS,1959-01-06,INACTIVE,N,,1985-04-02
ACC_001890,CUST_01505,SAVINGS,1988-08-07,ACTIVE,N,,
ACC_001891,CUST_01506,SAVINGS,1978-11-17,ACTIVE,N,,
ACC_001892,CUST_01507,SAVINGS,2021-10-05,ACTIVE,N,,
ACC_001893,CUST_01508,CURRENT,1979-08-07,ACTIVE,N,,
ACC_001894,CUST_01509,SAVINGS,1964-01-04,ACTIVE,N,,
ACC_001895,CUST_01510,SAVINGS,1987-11-04,ACTIVE,N,,
ACC_001896,CUST_01510,SAVINGS,1960-03-08,ACTIVE,N,,
ACC_001897,CUST_01511,CURRENT,2007-05-27,INACTIVE,N,,2022-03-17
ACC_001898,CUST_01511,SAVINGS,1993-04-02,ACTIVE,N,,
ACC_001899,CUST_01512,SAVINGS,1993-07-27,ACTIVE,N,,
ACC_001900,CUST_01513,CURRENT,1976-12-20,ACTIVE,N,,
ACC_001901,CUST_01513,SAVINGS,1976-10-30,ACTIVE,N,,
ACC_001902,CUST_01514,SAVINGS,1956-10-04,ACTIVE,N,,
ACC_001903,CUST_01514,SAVINGS,2017-03-23,ACTIVE,N,,
ACC_001904,CUST_01515,SAVINGS,2017-11-13,ACTIVE,N,,
ACC_001905,CUST_01516,SAVINGS,1956-05-15,ACTIVE,N,,
ACC_001906,CUST_01516,SAVINGS,1987-05-08,ACTIVE,N,,
ACC_001907,CUST_01516,SAVINGS,2007-05-01,ACTIVE,N,,
ACC_001908,CUST_01517,SAVINGS,1966-03-26,ACTIVE,N,,
ACC_001909,CUST_01518,CURRENT,1966-11-21,ACTIVE,N,,
ACC_001910,CUST_01519,SAVINGS,2011-08-17,ACTIVE,N,,
ACC_001911,CUST_01520,CURRENT,1973-04-17,ACTIVE,N,,
ACC_001912,CUST_01521,SAVINGS,1994-06-28,ACTIVE,N,,
ACC_001913,CUST_01522,CURRENT,2002-02-08,ACTIVE,N,,
ACC_001914,CUST_01523,SAVINGS,1982-03-06,ACTIVE,N,,
ACC_001915,CUST_01524,SAVINGS,1952-11-23,ACTIVE,N,,
ACC_001916,CUST_01524,SAVINGS,1988-10-17,ACTIVE,N,,
ACC_001917,CUST_01525,SAVINGS,1952-06-05,ACTIVE,N,,
ACC_001918,CUST_01526,CURRENT,1950-08-20,ACTIVE,N,,
ACC_001919,CUST_01527,SAVINGS,2012-11-05,ACTIVE,N,,
ACC_001920,CUST_01527,SAVINGS,1988-09-13,INACTIVE,N,,1997-08-14
ACC_001921,CUST_01528,SAVINGS,2004-10-27,ACTIVE,N,,
ACC_001922,CUST_01529,SAVINGS,1955-01-14,ACTIVE,N,,
ACC_001923,CUST_01530,SAVINGS,2022-08-09,ACTIVE,N,,
ACC_001924,CUST_01531,SAVINGS,2021-10-17,ACTIVE,N,,
ACC_001925,CUST_01532,SAVINGS,1955-04-29,INACTIVE,N,,2001-03-29
ACC_001926,CUST_01533,SAVINGS,1952-03-19,ACTIVE,N,,
ACC_001927,CUST_01534,SAVINGS,1959-06-15,INACTIVE,N,,1991-06-06
ACC_001928,CUST_01535,SAVINGS,1962-12-12,ACTIVE,N,,
ACC_001929,CUST_01536,SAVINGS,2006-06-29,ACTIVE,N,,
ACC_001930,CUST_01537,SAVINGS,1990-12-19,ACTIVE,N,,
ACC_001931,CUST_01537,SAVINGS,1987-05-21,ACTIVE,N,,
ACC_001932,CUST_01537,SAVINGS,1993-03-03,ACTIVE,N,,
ACC_001933,CUST_01538,SAVINGS,1997-01-25,ACTIVE,N,,
ACC_001934,CUST_01539,CURRENT,2004-06-27,ACTIVE,N,,
ACC_001935,CUST_01540,SAVINGS,1960-11-09,ACTIVE,N,,
ACC_001936,CUST_01540,SAVINGS,1992-08-15,ACTIVE,N,,
ACC_001937,CUST_01541,SAVINGS,2017-03-17,INACTIVE,N,,2022-06-01
ACC_001938,CUST_01542,SAVINGS,1956-05-29,ACTIVE,N,,
ACC_001939,CUST_01542,SAVINGS,2003-07-14,ACTIVE,N,,
ACC_001940,CUST_01542,SAVINGS,1990-08-14,ACTIVE,N,,
ACC_001941,CUST_01543,SAVINGS,2011-11-14,ACTIVE,N,,
ACC_001942,CUST_01544,SAVINGS,2017-02-21,ACTIVE,N,,
ACC_001943,CUST_01545,SAVINGS,1966-07-11,ACTIVE,N,,
ACC_001944,CUST_01545,SAVINGS,2000-11-20,ACTIVE,N,,
ACC_001945,CUST_01545,SAVINGS,1963-12-26,ACTIVE,N,,
ACC_001946,CUST_01546,SAVINGS,1953-12-26,DORMANT,Y,1984-06-21,
ACC_001947,CUST_01547,SAVINGS,1956-07-05,ACTIVE,N,,
ACC_001948,CUST_01548,SAVINGS,1951-06-01,INACTIVE,N,,1970-04-18
ACC_001949,CUST_01549,SAVINGS,1964-04-23,ACTIVE,N,,
ACC_001950,CUST_01550,CURRENT,1993-12-10,ACTIVE,N,,
ACC_001951,CUST_01550,SAVINGS,2009-04-18,ACTIVE,N,,
ACC_001952,CUST_01551,CURRENT,1980-10-21,ACTIVE,N,,
ACC_001953,CUST_01552,SAVINGS,1973-03-01,ACTIVE,N,,
ACC_001954,CUST_01553,SAVINGS,1961-12-24,ACTIVE,N,,
ACC_001955,CUST_01554,CURRENT,1976-01-07,ACTIVE,N,,
ACC_001956,CUST_01555,SAVINGS,2000-03-16,ACTIVE,N,,
ACC_001957,CUST_01556,SAVINGS,2023-03-01,ACTIVE,N,,
ACC_001958,CUST_01557,SAVINGS,1950-09-03,DORMANT,Y,1957-10-25,
ACC_001959,CUST_01558,SAVINGS,1985-05-06,DORMANT,Y,1988-04-10,
ACC_001960,CUST_01559,SAVINGS,1965-01-30,DORMANT,Y,1968-05-07,
ACC_001961,CUST_01560,CURRENT,1991-06-01,ACTIVE,N,,
ACC_001962,CUST_01561,SAVINGS,1960-03-19,ACTIVE,N,,
ACC_001963,CUST_01562,SAVINGS,1985-11-22,ACTIVE,N,,
ACC_001964,CUST_01563,SAVINGS,1994-10-28,DORMANT,Y,2018-03-25,
ACC_001965,CUST_01564,SAVINGS,2001-08-28,ACTIVE,N,,
ACC_001966,CUST_01565,CURRENT,1986-09-26,ACTIVE,N,,
ACC_001967,CUST_01565,SAVINGS,1973-03-08,ACTIVE,N,,
ACC_001968,CUST_01566,SAVINGS,1968-10-01,ACTIVE,N,,
ACC_001969,CUST_01567,SAVINGS,2012-09-13,DORMANT,Y,2014-09-28,
ACC_001970,CUST_01568,SAVINGS,1967-03-10,ACTIVE,N,,
ACC_001971,CUST_01569,SAVINGS,1993-06-18,ACTIVE,N,,
ACC_001972,CUST_01569,SAVINGS,1970-02-22,ACTIVE,N,,
ACC_001973,CUST_01570,SAVINGS,2006-04-01,INACTIVE,N,,2021-06-13
ACC_001974,CUST_01570,SAVINGS,1966-08-28,ACTIVE,N,,
ACC_001975,CUST_01571,SAVINGS,2021-01-05,ACTIVE,N,,
ACC_001976,CUST_01572,SAVINGS,2021-10-21,ACTIVE,N,,
ACC_001977,CUST_01573,SAVINGS,1982-09-26,ACTIVE,N,,
ACC_001978,CUST_01574,CURRENT,2015-01-17,ACTIVE,N,,
ACC_001979,CUST_01575,SAVINGS,2016-09-14,ACTIVE,N,,
ACC_001980,CUST_01575,SAVINGS,1988-03-07,DORMANT,Y,2010-02-01,
ACC_001981,CUST_01576,SAVINGS,2015-09-12,ACTIVE,N,,
ACC_001982,CUST_01576,SAVINGS,1980-09-26,ACTIVE,N,,
ACC_001983,CUST_01576,SAVINGS,1962-06-30,ACTIVE,N,,
ACC_001984,CUST_01577,SAVINGS,1985-11-27,ACTIVE,N,,
ACC_001985,CUST_01578,SAVINGS,1990-04-26,ACTIVE,N,,
ACC_001986,CUST_01579,SAVINGS,1961-04-08,ACTIVE,N,,
ACC_001987,CUST_01579,CURRENT,1998-01-17,ACTIVE,N,,
ACC_001988,CUST_01579,SAVINGS,1982-12-27,DORMANT,Y,1996-12-30,
ACC_001989,CUST_01580,CURRENT,1960-08-14,ACTIVE,N,,
ACC_001990,CUST_01581,SAVINGS,1960-03-24,ACTIVE,N,,
ACC_001991,CUST_01582,SAVINGS,2017-04-25,ACTIVE,N,,
ACC_001992,CUST_01582,SAVINGS,1958-03-15,ACTIVE,N,,
ACC_001993,CUST_01583,SAVINGS,1978-12-02,INACTIVE,N,,1979-10-24
ACC_001994,CUST_01584,SAVINGS,1979-06-02,ACTIVE,N,,
ACC_001995,CUST_01585,SAVINGS,2013-09-18,ACTIVE,N,,
ACC_001996,CUST_01586,CURRENT,2002-05-29,ACTIVE,N,,
ACC_001997,CUST_01586,SAVINGS,1975-07-30,ACTIVE,N,,
ACC_001998,CUST_01586,SAVINGS,2016-05-14,ACTIVE,N,,
ACC_001999,CUST_01587,SAVINGS,1964-03-24,DORMANT,Y,1987-05-24,
ACC_002000,CUST_01588,SAVINGS,1978-05-26,DORMANT,Y,2018-08-01,
ACC_002001,CUST_01589,SAVINGS,2021-10-24,DORMANT,Y,2023-12-31,
ACC_002002,CUST_01590,SAVINGS,1992-08-25,ACTIVE,N,,
ACC_002003,CUST_01590,SAVINGS,1992-06-09,ACTIVE,N,,
ACC_002004,CUST_01591,SAVINGS,2011-10-17,ACTIVE,N,,
ACC_002005,CUST_01592,SAVINGS,1970-12-17,ACTIVE,N,,
ACC_002006,CUST_01593,SAVINGS,2018-08-31,DORMANT,Y,2019-07-25,
ACC_002007,CUST_01594,SAVINGS,1967-09-14,ACTIVE,N,,
ACC_002008,CUST_01595,SAVINGS,1979-10-11,ACTIVE,N,,
ACC_002009,CUST_01596,CURRENT,1999-06-29,ACTIVE,N,,
ACC_002010,CUST_01597,CURRENT,2002-06-24,ACTIVE,N,,
ACC_002011,CUST_01597,SAVINGS,2011-07-30,ACTIVE,N,,
ACC_002012,CUST_01597,SAVINGS,2019-11-19,DORMANT,Y,2021-08-10,
ACC_002013,CUST_01598,SAVINGS,2004-06-20,ACTIVE,N,,
ACC_002014,CUST_01599,SAVINGS,1975-08-01,DORMANT,Y,1980-04-02,
ACC_002015,CUST_01599,SAVINGS,1987-10-25,ACTIVE,N,,
ACC_002016,CUST_01600,CURRENT,2007-08-02,ACTIVE,N,,
ACC_002017,CUST_01601,SAVINGS,1972-05-07,ACTIVE,N,,
ACC_002018,CUST_01602,SAVINGS,1991-10-21,ACTIVE,N,,
ACC_002019,CUST_01602,SAVINGS,1963-11-22,ACTIVE,N,,
ACC_002020,CUST_01603,SAVINGS,1970-01-17,ACTIVE,N,,
ACC_002021,CUST_01604,SAVINGS,2012-09-26,DORMANT,Y,2014-07-23,
ACC_002022,CUST_01605,SAVINGS,1964-12-31,DORMANT,Y,1981-05-15,
ACC_002023,CUST_01606,SAVINGS,1952-04-04,ACTIVE,N,,
ACC_002024,CUST_01607,SAVINGS,2012-09-20,ACTIVE,N,,
ACC_002025,CUST_01608,SAVINGS,1975-06-16,DORMANT,Y,1993-08-10,
ACC_002026,CUST_01609,SAVINGS,1953-11-22,ACTIVE,N,,
ACC_002027,CUST_01610,SAVINGS,2014-10-26,ACTIVE,N,,
ACC_002028,CUST_01611,CURRENT,2022-04-03,ACTIVE,N,,
ACC_002029,CUST_01611,CURRENT,2011-08-09,ACTIVE,N,,
ACC_002030,CUST_01612,SAVINGS,1997-11-25,ACTIVE,N,,
ACC_002031,CUST_01613,CURRENT,1986-02-22,ACTIVE,N,,
ACC_002032,CUST_01614,SAVINGS,1966-02-08,ACTIVE,N,,
ACC_002033,CUST_01615,SAVINGS,2024-11-23,ACTIVE,N,,
ACC_002034,CUST_01616,SAVINGS,1961-06-10,ACTIVE,N,,
ACC_002035,CUST_01617,SAVINGS,1998-03-28,ACTIVE,N,,
ACC_002036,CUST_01618,SAVINGS,2008-09-21,ACTIVE,N,,
ACC_002037,CUST_01618,SAVINGS,1978-11-11,ACTIVE,N,,
ACC_002038,CUST_01619,SAVINGS,1970-07-02,ACTIVE,N,,
ACC_002039,CUST_01620,SAVINGS,2004-01-09,ACTIVE,N,,
ACC_002040,CUST_01621,SAVINGS,2018-05-08,ACTIVE,N,,
ACC_002041,CUST_01622,SAVINGS,2008-08-21,ACTIVE,N,,
ACC_002042,CUST_01623,SAVINGS,2019-02-17,ACTIVE,N,,
ACC_002043,CUST_01624,SAVINGS,1995-06-04,ACTIVE,N,,
ACC_002044,CUST_01625,SAVINGS,1957-03-27,ACTIVE,N,,
ACC_002045,CUST_01626,SAVINGS,2010-01-25,ACTIVE,N,,
ACC_002046,CUST_01626,SAVINGS,1987-02-06,ACTIVE,N,,
ACC_002047,CUST_01626,SAVINGS,2000-04-29,ACTIVE,N,,
ACC_002048,CUST_01627,SAVINGS,1963-04-25,ACTIVE,N,,
ACC_002049,CUST_01627,SAVINGS,1956-09-08,INACTIVE,N,,2008-09-30
ACC_002050,CUST_01628,SAVINGS,2007-07-07,DORMANT,Y,2014-02-10,
ACC_002051,CUST_01629,SAVINGS,1990-01-06,DORMANT,Y,2002-11-27,
ACC_002052,CUST_01630,SAVINGS,2004-10-21,ACTIVE,N,,
ACC_002053,CUST_01630,SAVINGS,1974-01-16,ACTIVE,N,,
ACC_002054,CUST_01631,SAVINGS,1987-07-22,ACTIVE,N,,
ACC_002055,CUST_01632,SAVINGS,2022-01-27,DORMANT,Y,2024-08-27,
ACC_002056,CUST_01633,SAVINGS,2017-03-07,ACTIVE,N,,
ACC_002057,CUST_01634,SAVINGS,2020-08-01,DORMANT,Y,2024-04-09,
ACC_002058,CUST_01635,CURRENT,1964-11-10,ACTIVE,N,,
ACC_002059,CUST_01636,SAVINGS,1956-10-15,ACTIVE,N,,
ACC_002060,CUST_01637,SAVINGS,1983-11-19,ACTIVE,N,,
ACC_002061,CUST_01637,SAVINGS,1965-02-12,ACTIVE,N,,
ACC_002062,CUST_01638,CURRENT,1979-11-20,ACTIVE,N,,
ACC_002063,CUST_01639,SAVINGS,1965-09-05,ACTIVE,N,,
ACC_002064,CUST_01640,CURRENT,1957-03-26,DORMANT,Y,2018-02-20,
ACC_002065,CUST_01641,SAVINGS,1954-11-10,ACTIVE,N,,
ACC_002066,CUST_01642,SAVINGS,1986-03-24,ACTIVE,N,,
ACC_002067,CUST_01642,SAVINGS,1982-07-01,ACTIVE,N,,
ACC_002068,CUST_01643,SAVINGS,1958-12-18,ACTIVE,N,,
ACC_002069,CUST_01644,SAVINGS,2022-06-04,ACTIVE,N,,
ACC_002070,CUST_01645,SAVINGS,1963-10-02,ACTIVE,N,,
ACC_002071,CUST_01646,SAVINGS,1987-06-29,ACTIVE,N,,
ACC_002072,CUST_01647,SAVINGS,1980-10-27,ACTIVE,N,,
ACC_002073,CUST_01648,SAVINGS,2005-01-22,INACTIVE,N,,2018-05-24
ACC_002074,CUST_01649,SAVINGS,2003-06-22,ACTIVE,N,,
ACC_002075,CUST_01650,CURRENT,1963-10-15,ACTIVE,N,,
ACC_002076,CUST_01651,SAVINGS,1979-12-05,ACTIVE,N,,
ACC_002077,CUST_01652,SAVINGS,1986-07-06,INACTIVE,N,,2020-03-16
ACC_002078,CUST_01653,SAVINGS,1977-12-30,ACTIVE,N,,
ACC_002079,CUST_01653,CURRENT,1973-04-11,DORMANT,Y,1987-02-16,
ACC_002080,CUST_01654,SAVINGS,1997-04-24,DORMANT,Y,2018-12-25,
ACC_002081,CUST_01655,CURRENT,1989-03-13,ACTIVE,N,,
ACC_002082,CUST_01656,CURRENT,1989-03-12,ACTIVE,N,,
ACC_002083,CUST_01657,SAVINGS,1950-06-04,ACTIVE,N,,
ACC_002084,CUST_01658,SAVINGS,1962-10-29,ACTIVE,N,,
ACC_002085,CUST_01659,SAVINGS,1975-03-11,ACTIVE,N,,
ACC_002086,CUST_01660,SAVINGS,2018-06-29,ACTIVE,N,,
ACC_002087,CUST_01661,SAVINGS,2014-11-20,ACTIVE,N,,
ACC_002088,CUST_01662,CURRENT,1991-07-22,ACTIVE,N,,
ACC_002089,CUST_01662,SAVINGS,1982-06-23,ACTIVE,N,,
ACC_002090,CUST_01663,CURRENT,1973-03-03,ACTIVE,N,,
ACC_002091,CUST_01664,SAVINGS,1992-11-20,ACTIVE,N,,
ACC_002092,CUST_01665,SAVINGS,1959-06-15,ACTIVE,N,,
ACC_002093,CUST_01666,CURRENT,1972-09-05,DORMANT,Y,1985-06-05,
ACC_002094,CUST_01667,SAVINGS,1995-03-17,DORMANT,Y,2010-09-11,
ACC_002095,CUST_01667,SAVINGS,1969-04-21,ACTIVE,N,,
ACC_002096,CUST_01668,CURRENT,1951-09-26,ACTIVE,N,,
ACC_002097,CUST_01669,SAVINGS,2014-08-05,ACTIVE,N,,
ACC_002098,CUST_01670,SAVINGS,2008-03-29,ACTIVE,N,,
ACC_002099,CUST_01671,SAVINGS,1995-06-19,ACTIVE,N,,
ACC_002100,CUST_01672,CURRENT,1952-11-01,ACTIVE,N,,
ACC_002101,CUST_01673,CURRENT,1974-02-28,ACTIVE,N,,
ACC_002102,CUST_01674,SAVINGS,1985-11-28,ACTIVE,N,,
ACC_002103,CUST_01675,SAVINGS,1960-06-23,ACTIVE,N,,
ACC_002104,CUST_01676,SAVINGS,1973-03-27,ACTIVE,N,,
ACC_002105,CUST_01677,SAVINGS,1951-04-29,ACTIVE,N,,
ACC_002106,CUST_01678,SAVINGS,1997-12-05,INACTIVE,N,,2014-01-18
ACC_002107,CUST_01679,SAVINGS,1950-02-20,ACTIVE,N,,
ACC_002108,CUST_01680,SAVINGS,2016-06-16,ACTIVE,N,,
ACC_002109,CUST_01681,SAVINGS,1983-09-08,ACTIVE,N,,
ACC_002110,CUST_01681,CURRENT,2014-04-26,DORMANT,Y,2016-03-05,
ACC_002111,CUST_01681,CURRENT,1956-02-24,ACTIVE,N,,
ACC_002112,CUST_01682,SAVINGS,1952-05-14,ACTIVE,N,,
ACC_002113,CUST_01683,SAVINGS,1989-07-23,ACTIVE,N,,
ACC_002114,CUST_01684,SAVINGS,1981-01-26,ACTIVE,N,,
ACC_002115,CUST_01685,SAVINGS,2021-06-28,ACTIVE,N,,
ACC_002116,CUST_01686,CURRENT,2018-06-24,ACTIVE,N,,
ACC_002117,CUST_01687,CURRENT,1972-10-08,ACTIVE,N,,
ACC_002118,CUST_01688,SAVINGS,1969-12-13,ACTIVE,N,,
ACC_002119,CUST_01689,SAVINGS,1962-10-13,ACTIVE,N,,
ACC_002120,CUST_01690,SAVINGS,1963-08-11,ACTIVE,N,,
ACC_002121,CUST_01691,SAVINGS,1991-06-16,ACTIVE,N,,
ACC_002122,CUST_01691,SAVINGS,1995-09-08,ACTIVE,N,,
ACC_002123,CUST_01691,SAVINGS,2011-08-08,ACTIVE,N,,
ACC_002124,CUST_01692,SAVINGS,2016-10-11,ACTIVE,N,,
ACC_002125,CUST_01693,SAVINGS,1997-09-28,ACTIVE,N,,
ACC_002126,CUST_01694,SAVINGS,2024-04-09,ACTIVE,N,,
ACC_002127,CUST_01695,SAVINGS,1985-01-09,ACTIVE,N,,
ACC_002128,CUST_01696,SAVINGS,2016-03-18,ACTIVE,N,,
ACC_002129,CUST_01697,SAVINGS,1984-07-04,DORMANT,Y,2009-04-18,
ACC_002130,CUST_01698,SAVINGS,2012-06-08,ACTIVE,N,,
ACC_002131,CUST_01699,SAVINGS,1951-11-06,ACTIVE,N,,
ACC_002132,CUST_01700,SAVINGS,1997-12-29,ACTIVE,N,,
ACC_002133,CUST_01701,SAVINGS,1990-12-26,ACTIVE,N,,
ACC_002134,CUST_01702,SAVINGS,1995-06-04,ACTIVE,N,,
ACC_002135,CUST_01703,SAVINGS,2020-06-23,ACTIVE,N,,
ACC_002136,CUST_01704,SAVINGS,2015-12-03,ACTIVE,N,,
ACC_002137,CUST_01705,SAVINGS,1965-05-07,ACTIVE,N,,
ACC_002138,CUST_01706,SAVINGS,1986-09-27,ACTIVE,N,,
ACC_002139,CUST_01706,SAVINGS,2020-09-04,ACTIVE,N,,
ACC_002140,CUST_01706,SAVINGS,1952-10-27,ACTIVE,N,,
ACC_002141,CUST_01707,SAVINGS,1970-02-17,DORMANT,Y,1998-01-19,
ACC_002142,CUST_01708,SAVINGS,1979-12-23,ACTIVE,N,,
ACC_002143,CUST_01708,SAVINGS,1969-04-11,ACTIVE,N,,
ACC_002144,CUST_01709,SAVINGS,1998-08-13,ACTIVE,N,,
ACC_002145,CUST_01710,CURRENT,2017-10-03,DORMANT,Y,2018-01-07,
ACC_002146,CUST_01711,SAVINGS,1983-04-05,ACTIVE,N,,
ACC_002147,CUST_01712,CURRENT,2008-08-15,ACTIVE,N,,
ACC_002148,CUST_01713,SAVINGS,1998-12-01,ACTIVE,N,,
ACC_002149,CUST_01714,CURRENT,1978-01-29,ACTIVE,N,,
ACC_002150,CUST_01714,SAVINGS,1962-02-24,ACTIVE,N,,
ACC_002151,CUST_01714,SAVINGS,1976-05-19,ACTIVE,N,,
ACC_002152,CUST_01715,SAVINGS,2001-06-01,DORMANT,Y,2023-02-23,
ACC_002153,CUST_01716,SAVINGS,1964-09-09,ACTIVE,N,,
ACC_002154,CUST_01717,SAVINGS,1987-04-13,DORMANT,Y,2024-05-11,
ACC_002155,CUST_01718,SAVINGS,2011-02-23,ACTIVE,N,,
ACC_002156,CUST_01719,SAVINGS,2021-09-17,ACTIVE,N,,
ACC_002157,CUST_01719,CURRENT,1973-10-23,ACTIVE,N,,
ACC_002158,CUST_01720,SAVINGS,1986-02-09,ACTIVE,N,,
ACC_002159,CUST_01721,CURRENT,1997-06-24,ACTIVE,N,,
ACC_002160,CUST_01722,SAVINGS,1995-01-28,ACTIVE,N,,
ACC_002161,CUST_01722,SAVINGS,2003-03-22,ACTIVE,N,,
ACC_002162,CUST_01723,SAVINGS,2006-10-17,ACTIVE,N,,
ACC_002163,CUST_01724,SAVINGS,1987-08-07,INACTIVE,N,,2008-08-24
ACC_002164,CUST_01725,CURRENT,1975-12-09,ACTIVE,N,,
ACC_002165,CUST_01725,SAVINGS,1955-08-06,INACTIVE,N,,2002-04-25
ACC_002166,CUST_01726,SAVINGS,1966-09-26,ACTIVE,N,,
ACC_002167,CUST_01726,CURRENT,2008-12-29,ACTIVE,N,,
ACC_002168,CUST_01726,SAVINGS,2011-12-06,ACTIVE,N,,
ACC_002169,CUST_01727,SAVINGS,1997-03-24,ACTIVE,N,,
ACC_002170,CUST_01728,SAVINGS,1989-04-02,ACTIVE,N,,
ACC_002171,CUST_01728,SAVINGS,1964-12-30,ACTIVE,N,,
ACC_002172,CUST_01729,SAVINGS,1951-02-19,ACTIVE,N,,
ACC_002173,CUST_01730,SAVINGS,2017-11-26,ACTIVE,N,,
ACC_002174,CUST_01731,SAVINGS,1970-01-09,ACTIVE,N,,
ACC_002175,CUST_01732,SAVINGS,2013-06-19,ACTIVE,N,,
ACC_002176,CUST_01733,SAVINGS,1970-06-12,ACTIVE,N,,
ACC_002177,CUST_01734,CURRENT,2021-03-16,ACTIVE,N,,
ACC_002178,CUST_01735,SAVINGS,1989-06-10,DORMANT,Y,2000-07-03,
ACC_002179,CUST_01736,CURRENT,1991-04-30,ACTIVE,N,,
ACC_002180,CUST_01736,CURRENT,2016-04-04,INACTIVE,N,,2021-02-28
ACC_002181,CUST_01737,SAVINGS,1958-10-18,ACTIVE,N,,
ACC_002182,CUST_01737,SAVINGS,1990-02-10,ACTIVE,N,,
ACC_002183,CUST_01738,SAVINGS,1952-02-15,ACTIVE,N,,
ACC_002184,CUST_01739,SAVINGS,2011-10-09,ACTIVE,N,,
ACC_002185,CUST_01740,SAVINGS,1955-07-29,ACTIVE,N,,
ACC_002186,CUST_01741,SAVINGS,1979-07-31,ACTIVE,N,,
ACC_002187,CUST_01741,CURRENT,1988-07-08,ACTIVE,N,,
ACC_002188,CUST_01742,SAVINGS,1966-10-20,ACTIVE,N,,
ACC_002189,CUST_01743,SAVINGS,1957-03-29,ACTIVE,N,,
ACC_002190,CUST_01744,SAVINGS,2016-06-19,ACTIVE,N,,
ACC_002191,CUST_01744,SAVINGS,1991-08-16,ACTIVE,N,,
ACC_002192,CUST_01745,SAVINGS,1950-09-11,ACTIVE,N,,
ACC_002193,CUST_01746,SAVINGS,2008-07-26,ACTIVE,N,,
ACC_002194,CUST_01747,SAVINGS,1997-12-10,ACTIVE,N,,
ACC_002195,CUST_01748,SAVINGS,1950-02-01,ACTIVE,N,,
ACC_002196,CUST_01749,SAVINGS,1956-10-16,ACTIVE,N,,
ACC_002197,CUST_01750,SAVINGS,1984-03-21,DORMANT,Y,1993-08-04,
ACC_002198,CUST_01750,SAVINGS,1997-08-31,ACTIVE,N,,
ACC_002199,CUST_01750,SAVINGS,1988-07-21,DORMANT,Y,2022-09-18,
ACC_002200,CUST_01751,SAVINGS,1971-02-06,ACTIVE,N,,
ACC_002201,CUST_01752,SAVINGS,1961-09-15,ACTIVE,N,,
ACC_002202,CUST_01753,SAVINGS,1986-11-03,ACTIVE,N,,
ACC_002203,CUST_01754,SAVINGS,1969-05-31,DORMANT,Y,2019-04-19,
ACC_002204,CUST_01754,SAVINGS,1976-10-10,ACTIVE,N,,
ACC_002205,CUST_01755,SAVINGS,2008-10-20,ACTIVE,N,,
ACC_002206,CUST_01756,SAVINGS,1960-12-26,ACTIVE,N,,
ACC_002207,CUST_01757,SAVINGS,1989-07-30,INACTIVE,N,,2004-06-20
ACC_002208,CUST_01758,SAVINGS,1954-05-17,ACTIVE,N,,
ACC_002209,CUST_01759,SAVINGS,2014-05-26,ACTIVE,N,,
ACC_002210,CUST_01760,SAVINGS,1998-04-07,ACTIVE,N,,
ACC_002211,CUST_01761,CURRENT,1983-11-08,ACTIVE,N,,
ACC_002212,CUST_01761,SAVINGS,2002-07-27,ACTIVE,N,,
ACC_002213,CUST_01761,CURRENT,2007-07-06,ACTIVE,N,,
ACC_002214,CUST_01762,SAVINGS,2004-04-27,INACTIVE,N,,2007-08-29
ACC_002215,CUST_01763,SAVINGS,1985-07-23,ACTIVE,N,,
ACC_002216,CUST_01764,SAVINGS,1991-02-08,ACTIVE,N,,
ACC_002217,CUST_01765,CURRENT,1992-04-16,ACTIVE,N,,
ACC_002218,CUST_01766,SAVINGS,1973-08-02,ACTIVE,N,,
ACC_002219,CUST_01767,SAVINGS,2009-04-25,ACTIVE,N,,
ACC_002220,CUST_01768,CURRENT,1993-11-21,ACTIVE,N,,
ACC_002221,CUST_01769,SAVINGS,1968-12-10,INACTIVE,N,,2015-06-11
ACC_002222,CUST_01770,CURRENT,1977-02-25,ACTIVE,N,,
ACC_002223,CUST_01770,SAVINGS,1984-01-11,ACTIVE,N,,
ACC_002224,CUST_01771,SAVINGS,1968-06-20,ACTIVE,N,,
ACC_002225,CUST_01772,SAVINGS,2006-08-29,ACTIVE,N,,
ACC_002226,CUST_01773,CURRENT,1977-02-26,ACTIVE,N,,
ACC_002227,CUST_01774,CURRENT,1990-12-22,ACTIVE,N,,
ACC_002228,CUST_01775,SAVINGS,1991-07-06,ACTIVE,N,,
ACC_002229,CUST_01775,SAVINGS,1961-08-26,ACTIVE,N,,
ACC_002230,CUST_01776,SAVINGS,1990-06-20,ACTIVE,N,,
ACC_002231,CUST_01777,SAVINGS,2012-10-06,INACTIVE,N,,2022-01-18
ACC_002232,CUST_01777,SAVINGS,1974-12-16,ACTIVE,N,,
ACC_002233,CUST_01778,SAVINGS,2001-03-03,ACTIVE,N,,
ACC_002234,CUST_01779,SAVINGS,2009-06-18,ACTIVE,N,,
ACC_002235,CUST_01780,SAVINGS,1963-01-27,ACTIVE,N,,
ACC_002236,CUST_01781,SAVINGS,1968-11-12,ACTIVE,N,,
ACC_002237,CUST_01781,SAVINGS,2021-09-01,ACTIVE,N,,
ACC_002238,CUST_01782,CURRENT,2010-02-22,ACTIVE,N,,
ACC_002239,CUST_01783,SAVINGS,1992-08-20,ACTIVE,N,,
ACC_002240,CUST_01784,SAVINGS,2018-07-27,ACTIVE,N,,
ACC_002241,CUST_01785,CURRENT,1998-08-31,ACTIVE,N,,
ACC_002242,CUST_01786,CURRENT,2013-09-30,ACTIVE,N,,
ACC_002243,CUST_01787,SAVINGS,1998-03-17,INACTIVE,N,,2012-10-03
ACC_002244,CUST_01788,SAVINGS,2013-07-01,ACTIVE,N,,
ACC_002245,CUST_01789,SAVINGS,2007-03-26,ACTIVE,N,,
ACC_002246,CUST_01790,SAVINGS,2005-11-02,ACTIVE,N,,
ACC_002247,CUST_01791,SAVINGS,2012-10-12,ACTIVE,N,,
ACC_002248,CUST_01792,SAVINGS,1953-10-07,ACTIVE,N,,
ACC_002249,CUST_01793,SAVINGS,1953-08-06,ACTIVE,N,,
ACC_002250,CUST_01794,SAVINGS,2007-04-15,ACTIVE,N,,
ACC_002251,CUST_01794,SAVINGS,1962-01-13,ACTIVE,N,,
ACC_002252,CUST_01795,SAVINGS,1969-02-18,ACTIVE,N,,
ACC_002253,CUST_01795,CURRENT,1991-02-26,ACTIVE,N,,
ACC_002254,CUST_01795,SAVINGS,1983-01-09,ACTIVE,N,,
ACC_002255,CUST_01796,SAVINGS,2019-09-17,ACTIVE,N,,
ACC_002256,CUST_01797,SAVINGS,2000-10-12,ACTIVE,N,,
ACC_002257,CUST_01797,SAVINGS,1967-04-28,ACTIVE,N,,
ACC_002258,CUST_01798,SAVINGS,2023-12-10,ACTIVE,N,,
ACC_002259,CUST_01798,SAVINGS,1989-12-04,ACTIVE,N,,
ACC_002260,CUST_01798,SAVINGS,1957-04-15,ACTIVE,N,,
ACC_002261,CUST_01799,SAVINGS,2003-06-11,ACTIVE,N,,
ACC_002262,CUST_01799,SAVINGS,1967-02-21,INACTIVE,N,,1994-07-24
ACC_002263,CUST_01800,SAVINGS,1950-10-23,ACTIVE,N,,
ACC_002264,CUST_01801,SAVINGS,2012-12-27,ACTIVE,N,,
ACC_002265,CUST_01802,SAVINGS,2020-07-02,ACTIVE,N,,
ACC_002266,CUST_01802,SAVINGS,2012-08-20,ACTIVE,N,,
ACC_002267,CUST_01802,SAVINGS,1957-05-25,ACTIVE,N,,
ACC_002268,CUST_01803,SAVINGS,1961-07-10,ACTIVE,N,,
ACC_002269,CUST_01803,SAVINGS,1957-06-11,ACTIVE,N,,
ACC_002270,CUST_01804,SAVINGS,1986-10-09,ACTIVE,N,,
ACC_002271,CUST_01804,SAVINGS,1964-07-27,ACTIVE,N,,
ACC_002272,CUST_01805,SAVINGS,1995-05-22,ACTIVE,N,,
ACC_002273,CUST_01806,SAVINGS,1963-04-04,DORMANT,Y,2019-03-10,
ACC_002274,CUST_01807,SAVINGS,1989-07-19,ACTIVE,N,,
ACC_002275,CUST_01808,SAVINGS,2015-07-12,ACTIVE,N,,
ACC_002276,CUST_01809,SAVINGS,1995-02-03,ACTIVE,N,,
ACC_002277,CUST_01810,SAVINGS,1958-04-14,ACTIVE,N,,
ACC_002278,CUST_01811,SAVINGS,1966-07-12,INACTIVE,N,,2016-11-30
ACC_002279,CUST_01812,SAVINGS,2019-07-11,ACTIVE,N,,
ACC_002280,CUST_01813,CURRENT,1957-03-20,ACTIVE,N,,
ACC_002281,CUST_01814,SAVINGS,1977-11-28,ACTIVE,N,,
ACC_002282,CUST_01815,SAVINGS,2020-04-06,ACTIVE,N,,
ACC_002283,CUST_01816,SAVINGS,1969-08-14,ACTIVE,N,,
ACC_002284,CUST_01817,SAVINGS,2017-05-30,ACTIVE,N,,
ACC_002285,CUST_01818,SAVINGS,1968-07-25,INACTIVE,N,,1983-10-11
ACC_002286,CUST_01818,SAVINGS,1971-01-24,ACTIVE,N,,
ACC_002287,CUST_01819,SAVINGS,1990-12-14,ACTIVE,N,,
ACC_002288,CUST_01820,SAVINGS,1992-04-24,ACTIVE,N,,
ACC_002289,CUST_01821,SAVINGS,1950-11-17,ACTIVE,N,,
ACC_002290,CUST_01821,SAVINGS,2016-01-02,ACTIVE,N,,
ACC_002291,CUST_01821,SAVINGS,1977-04-25,ACTIVE,N,,
ACC_002292,CUST_01822,SAVINGS,1965-08-12,ACTIVE,N,,
ACC_002293,CUST_01822,SAVINGS,1959-02-20,ACTIVE,N,,
ACC_002294,CUST_01822,SAVINGS,1950-01-02,ACTIVE,N,,
ACC_002295,CUST_01823,SAVINGS,1970-10-29,DORMANT,Y,2011-11-30,
ACC_002296,CUST_01824,SAVINGS,1966-06-22,ACTIVE,N,,
ACC_002297,CUST_01824,SAVINGS,2020-09-30,ACTIVE,N,,
ACC_002298,CUST_01825,SAVINGS,1963-03-09,ACTIVE,N,,
ACC_002299,CUST_01826,SAVINGS,1983-08-24,ACTIVE,N,,
ACC_002300,CUST_01827,SAVINGS,1977-10-21,ACTIVE,N,,
ACC_002301,CUST_01827,SAVINGS,1964-02-07,ACTIVE,N,,
ACC_002302,CUST_01828,SAVINGS,2014-06-23,ACTIVE,N,,
ACC_002303,CUST_01829,SAVINGS,1953-05-10,ACTIVE,N,,
ACC_002304,CUST_01830,SAVINGS,2018-11-03,INACTIVE,N,,2022-08-12
ACC_002305,CUST_01831,SAVINGS,2003-03-06,INACTIVE,N,,2005-01-25
ACC_002306,CUST_01832,SAVINGS,1966-07-31,ACTIVE,N,,
ACC_002307,CUST_01832,SAVINGS,1990-10-27,ACTIVE,N,,
ACC_002308,CUST_01833,SAVINGS,2005-01-22,ACTIVE,N,,
ACC_002309,CUST_01834,SAVINGS,2015-11-01,ACTIVE,N,,
ACC_002310,CUST_01835,SAVINGS,1975-01-18,ACTIVE,N,,
ACC_002311,CUST_01836,SAVINGS,1981-12-22,ACTIVE,N,,
ACC_002312,CUST_01837,SAVINGS,2024-05-29,ACTIVE,N,,
ACC_002313,CUST_01838,SAVINGS,1985-06-04,ACTIVE,N,,
ACC_002314,CUST_01838,SAVINGS,2009-10-07,ACTIVE,N,,
ACC_002315,CUST_01839,CURRENT,1966-10-08,ACTIVE,N,,
ACC_002316,CUST_01839,CURRENT,2008-11-04,ACTIVE,N,,
ACC_002317,CUST_01840,SAVINGS,1969-11-26,ACTIVE,N,,
ACC_002318,CUST_01840,CURRENT,1952-12-12,ACTIVE,N,,
ACC_002319,CUST_01841,SAVINGS,1975-02-25,ACTIVE,N,,
ACC_002320,CUST_01842,SAVINGS,1969-04-14,ACTIVE,N,,
ACC_002321,CUST_01843,SAVINGS,1982-10-04,ACTIVE,N,,
ACC_002322,CUST_01844,SAVINGS,1973-03-30,ACTIVE,N,,
ACC_002323,CUST_01845,CURRENT,2019-08-14,ACTIVE,N,,
ACC_002324,CUST_01845,CURRENT,2024-05-27,ACTIVE,N,,
ACC_002325,CUST_01846,SAVINGS,1977-04-08,ACTIVE,N,,
ACC_002326,CUST_01847,SAVINGS,2014-10-21,ACTIVE,N,,
ACC_002327,CUST_01848,SAVINGS,2015-05-24,ACTIVE,N,,
ACC_002328,CUST_01849,CURRENT,1989-06-22,ACTIVE,N,,
ACC_002329,CUST_01850,SAVINGS,1989-05-24,ACTIVE,N,,
ACC_002330,CUST_01851,SAVINGS,1963-08-13,ACTIVE,N,,
ACC_002331,CUST_01851,CURRENT,2017-02-03,ACTIVE,N,,
ACC_002332,CUST_01852,SAVINGS,1999-12-30,ACTIVE,N,,
ACC_002333,CUST_01853,CURRENT,1987-06-15,ACTIVE,N,,
ACC_002334,CUST_01854,SAVINGS,2003-03-30,ACTIVE,N,,
ACC_002335,CUST_01855,CURRENT,2002-07-06,ACTIVE,N,,
ACC_002336,CUST_01856,SAVINGS,1964-08-10,ACTIVE,N,,
ACC_002337,CUST_01856,SAVINGS,2013-02-22,ACTIVE,N,,
ACC_002338,CUST_01857,SAVINGS,2006-09-28,ACTIVE,N,,
ACC_002339,CUST_01858,SAVINGS,2007-10-27,ACTIVE,N,,
ACC_002340,CUST_01859,SAVINGS,1970-03-02,ACTIVE,N,,
ACC_002341,CUST_01859,SAVINGS,1953-10-22,ACTIVE,N,,
ACC_002342,CUST_01860,CURRENT,1988-07-28,ACTIVE,N,,
ACC_002343,CUST_01861,SAVINGS,2012-03-17,ACTIVE,N,,
ACC_002344,CUST_01862,SAVINGS,1966-05-08,INACTIVE,N,,2004-09-28
ACC_002345,CUST_01863,SAVINGS,2003-01-01,INACTIVE,N,,2003-05-17
ACC_002346,CUST_01864,SAVINGS,1991-03-17,ACTIVE,N,,
ACC_002347,CUST_01865,SAVINGS,1954-08-22,ACTIVE,N,,
ACC_002348,CUST_01866,CURRENT,2010-06-30,DORMANT,Y,2011-03-21,
ACC_002349,CUST_01867,SAVINGS,1998-04-12,ACTIVE,N,,
ACC_002350,CUST_01867,SAVINGS,1968-12-16,INACTIVE,N,,2000-10-18
ACC_002351,CUST_01868,SAVINGS,2012-05-19,ACTIVE,N,,
ACC_002352,CUST_01869,SAVINGS,1987-09-08,ACTIVE,N,,
ACC_002353,CUST_01870,SAVINGS,1951-03-30,ACTIVE,N,,
ACC_002354,CUST_01871,SAVINGS,1971-07-19,ACTIVE,N,,
ACC_002355,CUST_01872,SAVINGS,1998-09-09,ACTIVE,N,,
ACC_002356,CUST_01873,CURRENT,2018-02-19,ACTIVE,N,,
ACC_002357,CUST_01874,SAVINGS,2018-06-27,ACTIVE,N,,
ACC_002358,CUST_01874,SAVINGS,1978-09-08,ACTIVE,N,,
ACC_002359,CUST_01875,SAVINGS,1997-06-23,ACTIVE,N,,
ACC_002360,CUST_01876,SAVINGS,2021-06-17,ACTIVE,N,,
ACC_002361,CUST_01877,SAVINGS,2003-03-02,ACTIVE,N,,
ACC_002362,CUST_01878,CURRENT,2019-10-29,DORMANT,Y,2020-05-11,
ACC_002363,CUST_01879,SAVINGS,1973-10-01,ACTIVE,N,,
ACC_002364,CUST_01879,SAVINGS,1970-08-10,ACTIVE,N,,
ACC_002365,CUST_01880,SAVINGS,1997-11-21,ACTIVE,N,,
ACC_002366,CUST_01881,SAVINGS,1996-03-06,ACTIVE,N,,
ACC_002367,CUST_01882,CURRENT,2012-07-14,ACTIVE,N,,
ACC_002368,CUST_01883,SAVINGS,1969-01-22,ACTIVE,N,,
ACC_002369,CUST_01884,SAVINGS,1987-11-19,ACTIVE,N,,
ACC_002370,CUST_01884,SAVINGS,1991-03-25,ACTIVE,N,,
ACC_002371,CUST_01885,SAVINGS,2003-08-13,ACTIVE,N,,
ACC_002372,CUST_01885,CURRENT,1959-04-14,ACTIVE,N,,
ACC_002373,CUST_01886,SAVINGS,2015-11-03,ACTIVE,N,,
ACC_002374,CUST_01887,SAVINGS,2001-03-31,ACTIVE,N,,
ACC_002375,CUST_01888,SAVINGS,2014-03-16,ACTIVE,N,,
ACC_002376,CUST_01888,SAVINGS,1974-07-20,ACTIVE,N,,
ACC_002377,CUST_01889,SAVINGS,2019-01-01,DORMANT,Y,2024-08-09,
ACC_002378,CUST_01890,SAVINGS,2021-07-06,ACTIVE,N,,
ACC_002379,CUST_01891,CURRENT,1985-04-13,ACTIVE,N,,
ACC_002380,CUST_01892,SAVINGS,1967-08-13,ACTIVE,N,,
ACC_002381,CUST_01893,SAVINGS,1994-02-08,ACTIVE,N,,
ACC_002382,CUST_01894,SAVINGS,1997-05-17,DORMANT,Y,2017-04-05,
ACC_002383,CUST_01895,SAVINGS,2004-12-14,ACTIVE,N,,
ACC_002384,CUST_01895,CURRENT,1959-03-13,ACTIVE,N,,
ACC_002385,CUST_01896,SAVINGS,1956-02-12,ACTIVE,N,,
ACC_002386,CUST_01896,SAVINGS,1954-01-07,ACTIVE,N,,
ACC_002387,CUST_01897,SAVINGS,1971-08-31,ACTIVE,N,,
ACC_002388,CUST_01898,SAVINGS,1981-07-15,ACTIVE,N,,
ACC_002389,CUST_01899,SAVINGS,1963-02-21,ACTIVE,N,,
ACC_002390,CUST_01899,SAVINGS,1964-06-16,ACTIVE,N,,
ACC_002391,CUST_01900,CURRENT,2017-12-21,ACTIVE,N,,
ACC_002392,CUST_01901,SAVINGS,2014-11-03,ACTIVE,N,,
ACC_002393,CUST_01902,SAVINGS,1994-01-19,ACTIVE,N,,
ACC_002394,CUST_01903,SAVINGS,1981-07-06,ACTIVE,N,,
ACC_002395,CUST_01904,SAVINGS,1982-03-16,ACTIVE,N,,
ACC_002396,CUST_01905,SAVINGS,1964-05-08,ACTIVE,N,,
ACC_002397,CUST_01906,SAVINGS,1973-09-06,ACTIVE,N,,
ACC_002398,CUST_01907,SAVINGS,2002-04-10,ACTIVE,N,,
ACC_002399,CUST_01908,SAVINGS,2007-03-04,ACTIVE,N,,
ACC_002400,CUST_01909,SAVINGS,1958-10-05,ACTIVE,N,,
ACC_002401,CUST_01910,SAVINGS,1958-06-06,ACTIVE,N,,
ACC_002402,CUST_01911,SAVINGS,1984-02-03,ACTIVE,N,,
ACC_002403,CUST_01912,CURRENT,1965-07-31,DORMANT,Y,1968-02-16,
ACC_002404,CUST_01913,SAVINGS,1959-12-02,ACTIVE,N,,
ACC_002405,CUST_01914,SAVINGS,2010-02-03,ACTIVE,N,,
ACC_002406,CUST_01915,SAVINGS,2000-12-11,ACTIVE,N,,
ACC_002407,CUST_01916,SAVINGS,1954-01-04,DORMANT,Y,1977-09-12,
ACC_002408,CUST_01917,CURRENT,1993-09-16,ACTIVE,N,,
ACC_002409,CUST_01918,SAVINGS,1964-08-26,INACTIVE,N,,2012-03-13
ACC_002410,CUST_01919,SAVINGS,2011-03-07,ACTIVE,N,,
ACC_002411,CUST_01920,SAVINGS,2001-05-25,ACTIVE,N,,
ACC_002412,CUST_01921,CURRENT,1968-02-18,ACTIVE,N,,
ACC_002413,CUST_01922,CURRENT,1977-03-08,ACTIVE,N,,
ACC_002414,CUST_01922,SAVINGS,1976-08-21,ACTIVE,N,,
ACC_002415,CUST_01923,SAVINGS,1984-05-13,ACTIVE,N,,
ACC_002416,CUST_01924,SAVINGS,2016-11-02,ACTIVE,N,,
ACC_002417,CUST_01925,SAVINGS,2009-07-18,ACTIVE,N,,
ACC_002418,CUST_01926,SAVINGS,1988-12-08,ACTIVE,N,,
ACC_002419,CUST_01927,SAVINGS,1980-09-09,ACTIVE,N,,
ACC_002420,CUST_01928,SAVINGS,1977-05-20,ACTIVE,N,,
ACC_002421,CUST_01929,SAVINGS,1972-01-23,ACTIVE,N,,
ACC_002422,CUST_01930,SAVINGS,2009-01-28,ACTIVE,N,,
ACC_002423,CUST_01931,SAVINGS,2021-12-07,ACTIVE,N,,
ACC_002424,CUST_01932,SAVINGS,1976-03-04,ACTIVE,N,,
ACC_002425,CUST_01933,SAVINGS,1961-09-15,DORMANT,Y,2001-04-26,
ACC_002426,CUST_01934,CURRENT,1953-04-20,ACTIVE,N,,
ACC_002427,CUST_01935,SAVINGS,1963-02-04,DORMANT,Y,1976-12-11,
ACC_002428,CUST_01936,SAVINGS,1954-07-11,ACTIVE,N,,
ACC_002429,CUST_01937,SAVINGS,1969-02-17,ACTIVE,N,,
ACC_002430,CUST_01938,SAVINGS,1950-09-18,ACTIVE,N,,
ACC_002431,CUST_01939,SAVINGS,1998-12-08,ACTIVE,N,,
ACC_002432,CUST_01940,SAVINGS,2005-07-14,ACTIVE,N,,
ACC_002433,CUST_01941,SAVINGS,2024-05-22,ACTIVE,N,,
ACC_002434,CUST_01942,SAVINGS,1959-10-18,ACTIVE,N,,
ACC_002435,CUST_01943,SAVINGS,1996-05-15,ACTIVE,N,,
ACC_002436,CUST_01944,SAVINGS,1975-03-22,ACTIVE,N,,
ACC_002437,CUST_01945,SAVINGS,2021-11-18,ACTIVE,N,,
ACC_002438,CUST_01946,SAVINGS,2017-07-13,DORMANT,Y,2019-02-23,
ACC_002439,CUST_01947,SAVINGS,1978-03-28,ACTIVE,N,,
ACC_002440,CUST_01948,SAVINGS,2014-06-23,ACTIVE,N,,
ACC_002441,CUST_01949,SAVINGS,2018-03-02,ACTIVE,N,,
ACC_002442,CUST_01950,CURRENT,1997-12-03,ACTIVE,N,,
ACC_002443,CUST_01951,SAVINGS,1998-07-08,ACTIVE,N,,
ACC_002444,CUST_01952,CURRENT,1968-10-06,ACTIVE,N,,
ACC_002445,CUST_01953,SAVINGS,1959-02-21,ACTIVE,N,,
ACC_002446,CUST_01953,SAVINGS,2009-09-24,ACTIVE,N,,
ACC_002447,CUST_01954,SAVINGS,2008-03-08,ACTIVE,N,,
ACC_002448,CUST_01954,SAVINGS,2001-03-10,ACTIVE,N,,
ACC_002449,CUST_01955,SAVINGS,1959-08-24,ACTIVE,N,,
ACC_002450,CUST_01956,CURRENT,1960-08-20,ACTIVE,N,,
ACC_002451,CUST_01956,CURRENT,1967-04-24,ACTIVE,N,,
ACC_002452,CUST_01956,CURRENT,2020-05-25,ACTIVE,N,,
ACC_002453,CUST_01957,SAVINGS,1990-08-03,ACTIVE,N,,
ACC_002454,CUST_01958,SAVINGS,1963-09-26,ACTIVE,N,,
ACC_002455,CUST_01959,CURRENT,1966-01-19,DORMANT,Y,1999-12-27,
ACC_002456,CUST_01960,SAVINGS,1981-05-19,ACTIVE,N,,
ACC_002457,CUST_01961,SAVINGS,1957-01-03,ACTIVE,N,,
ACC_002458,CUST_01962,SAVINGS,2023-07-27,ACTIVE,N,,
ACC_002459,CUST_01963,SAVINGS,1995-01-15,ACTIVE,N,,
ACC_002460,CUST_01963,CURRENT,1953-01-25,ACTIVE,N,,
ACC_002461,CUST_01964,CURRENT,1980-06-28,ACTIVE,N,,
ACC_002462,CUST_01964,SAVINGS,1989-06-15,ACTIVE,N,,
ACC_002463,CUST_01965,SAVINGS,1984-03-19,ACTIVE,N,,
ACC_002464,CUST_01965,SAVINGS,2003-02-20,INACTIVE,N,,2015-04-25
ACC_002465,CUST_01966,SAVINGS,1959-04-01,ACTIVE,N,,
ACC_002466,CUST_01966,SAVINGS,1971-06-27,ACTIVE,N,,
ACC_002467,CUST_01967,SAVINGS,1989-03-16,ACTIVE,N,,
ACC_002468,CUST_01967,SAVINGS,1960-03-06,ACTIVE,N,,
ACC_002469,CUST_01968,SAVINGS,2022-09-26,ACTIVE,N,,
ACC_002470,CUST_01969,SAVINGS,1982-11-08,ACTIVE,N,,
ACC_002471,CUST_01970,SAVINGS,2020-06-19,ACTIVE,N,,
ACC_002472,CUST_01971,SAVINGS,2018-01-21,ACTIVE,N,,
ACC_002473,CUST_01971,SAVINGS,1992-06-30,ACTIVE,N,,
ACC_002474,CUST_01972,SAVINGS,2004-05-02,ACTIVE,N,,
ACC_002475,CUST_01972,SAVINGS,1957-09-16,ACTIVE,N,,
ACC_002476,CUST_01973,SAVINGS,2024-04-20,ACTIVE,N,,
ACC_002477,CUST_01973,SAVINGS,1965-02-02,ACTIVE,N,,
ACC_002478,CUST_01974,SAVINGS,2014-02-06,ACTIVE,N,,
ACC_002479,CUST_01974,SAVINGS,1985-10-20,ACTIVE,N,,
ACC_002480,CUST_01975,SAVINGS,1954-01-30,ACTIVE,N,,
ACC_002481,CUST_01976,CURRENT,1954-05-24,ACTIVE,N,,
ACC_002482,CUST_01977,SAVINGS,1996-01-04,DORMANT,Y,2010-05-07,
ACC_002483,CUST_01978,SAVINGS,1985-07-04,DORMANT,Y,1999-02-24,
ACC_002484,CUST_01979,CURRENT,1995-07-14,ACTIVE,N,,
ACC_002485,CUST_01980,CURRENT,1958-01-31,ACTIVE,N,,
ACC_002486,CUST_01981,SAVINGS,1968-12-16,ACTIVE,N,,
ACC_002487,CUST_01982,SAVINGS,1977-10-18,ACTIVE,N,,
ACC_002488,CUST_01983,SAVINGS,2024-06-16,ACTIVE,N,,
ACC_002489,CUST_01983,SAVINGS,1994-11-10,ACTIVE,N,,
ACC_002490,CUST_01984,SAVINGS,1958-06-26,ACTIVE,N,,
ACC_002491,CUST_01985,SAVINGS,1982-01-25,INACTIVE,N,,2015-08-27
ACC_002492,CUST_01985,SAVINGS,1959-12-04,ACTIVE,N,,
ACC_002493,CUST_01986,SAVINGS,1954-10-24,ACTIVE,N,,
ACC_002494,CUST_01987,SAVINGS,1997-01-26,DORMANT,Y,1999-06-24,
ACC_002495,CUST_01988,SAVINGS,2006-08-26,ACTIVE,N,,
ACC_002496,CUST_01989,SAVINGS,1960-12-20,ACTIVE,N,,
ACC_002497,CUST_01990,CURRENT,2015-02-28,ACTIVE,N,,
ACC_002498,CUST_01991,CURRENT,1967-08-15,ACTIVE,N,,
ACC_002499,CUST_01992,SAVINGS,1986-10-26,ACTIVE,N,,
ACC_002500,CUST_01992,CURRENT,1955-09-06,ACTIVE,N,,
ACC_002501,CUST_01993,SAVINGS,1964-02-29,ACTIVE,N,,
ACC_002502,CUST_01993,SAVINGS,1954-11-05,ACTIVE,N,,
ACC_002503,CUST_01994,SAVINGS,2017-08-02,ACTIVE,N,,
ACC_002504,CUST_01995,CURRENT,2019-02-01,INACTIVE,N,,2020-12-31
ACC_002505,CUST_01996,SAVINGS,1997-09-02,DORMANT,Y,2012-05-08,
ACC_002506,CUST_01996,SAVINGS,2015-01-01,DORMANT,Y,2020-02-29,
ACC_002507,CUST_01997,SAVINGS,1980-12-30,ACTIVE,N,,
ACC_002508,CUST_01997,SAVINGS,1952-12-01,ACTIVE,N,,
ACC_002509,CUST_01998,SAVINGS,1957-07-14,ACTIVE,N,,
ACC_002510,CUST_01999,SAVINGS,1953-08-03,ACTIVE,N,,
ACC_002511,CUST_02000,SAVINGS,1976-09-12,ACTIVE,N,,
ACC_002512,CUST_02001,SAVINGS,2022-09-14,ACTIVE,N,,
ACC_002513,CUST_02002,SAVINGS,2001-08-20,ACTIVE,N,,
ACC_002514,CUST_02003,CURRENT,1952-06-18,ACTIVE,N,,
ACC_002515,CUST_02004,SAVINGS,2015-08-16,ACTIVE,N,,
ACC_002516,CUST_02005,SAVINGS,1957-02-04,ACTIVE,N,,
ACC_002517,CUST_02006,CURRENT,2002-09-09,ACTIVE,N,,
ACC_002518,CUST_02007,SAVINGS,2001-05-05,ACTIVE,N,,
ACC_002519,CUST_02008,SAVINGS,1967-01-17,ACTIVE,N,,
ACC_002520,CUST_02009,SAVINGS,2008-06-26,ACTIVE,N,,
ACC_002521,CUST_02010,SAVINGS,2008-02-04,ACTIVE,N,,
ACC_002522,CUST_02011,CURRENT,2024-10-17,ACTIVE,N,,
ACC_002523,CUST_02012,SAVINGS,1968-10-01,ACTIVE,N,,
ACC_002524,CUST_02013,CURRENT,1965-09-24,ACTIVE,N,,
ACC_002525,CUST_02014,SAVINGS,2009-08-09,ACTIVE,N,,
ACC_002526,CUST_02015,SAVINGS,1966-01-22,ACTIVE,N,,
ACC_002527,CUST_02016,SAVINGS,2000-01-17,ACTIVE,N,,
ACC_002528,CUST_02016,SAVINGS,1997-11-17,ACTIVE,N,,
ACC_002529,CUST_02016,SAVINGS,1976-05-10,ACTIVE,N,,
ACC_002530,CUST_02017,SAVINGS,1996-09-12,DORMANT,Y,2011-07-20,
ACC_002531,CUST_02018,CURRENT,1957-11-19,ACTIVE,N,,
ACC_002532,CUST_02019,SAVINGS,1982-06-01,ACTIVE,N,,
ACC_002533,CUST_02020,SAVINGS,1981-07-31,ACTIVE,N,,
ACC_002534,CUST_02021,CURRENT,1962-07-09,ACTIVE,N,,
ACC_002535,CUST_02022,CURRENT,1951-05-15,ACTIVE,N,,
ACC_002536,CUST_02023,CURRENT,1980-11-29,ACTIVE,N,,
ACC_002537,CUST_02023,CURRENT,2006-03-21,ACTIVE,N,,
ACC_002538,CUST_02024,SAVINGS,2022-12-24,ACTIVE,N,,
ACC_002539,CUST_02025,SAVINGS,1956-03-25,DORMANT,Y,1958-04-04,
ACC_002540,CUST_02026,SAVINGS,1984-01-06,ACTIVE,N,,
ACC_002541,CUST_02027,SAVINGS,1957-09-28,ACTIVE,N,,
ACC_002542,CUST_02028,SAVINGS,1960-06-05,ACTIVE,N,,
ACC_002543,CUST_02029,SAVINGS,1957-09-17,ACTIVE,N,,
ACC_002544,CUST_02030,SAVINGS,1967-04-01,ACTIVE,N,,
ACC_002545,CUST_02031,CURRENT,2009-09-08,ACTIVE,N,,
ACC_002546,CUST_02032,CURRENT,1974-07-31,ACTIVE,N,,
ACC_002547,CUST_02033,SAVINGS,1988-06-17,ACTIVE,N,,
ACC_002548,CUST_02034,SAVINGS,1955-12-14,ACTIVE,N,,
ACC_002549,CUST_02034,SAVINGS,1992-10-02,DORMANT,Y,2004-08-25,
ACC_002550,CUST_02035,SAVINGS,1983-03-30,INACTIVE,N,,2003-02-20
ACC_002551,CUST_02036,SAVINGS,1967-08-28,ACTIVE,N,,
ACC_002552,CUST_02037,SAVINGS,2004-02-22,ACTIVE,N,,
ACC_002553,CUST_02037,SAVINGS,2015-02-25,ACTIVE,N,,
ACC_002554,CUST_02038,SAVINGS,1966-08-28,ACTIVE,N,,
ACC_002555,CUST_02039,SAVINGS,1960-06-14,ACTIVE,N,,
ACC_002556,CUST_02040,SAVINGS,1960-05-24,ACTIVE,N,,
ACC_002557,CUST_02041,CURRENT,1984-01-20,ACTIVE,N,,
ACC_002558,CUST_02042,SAVINGS,2023-12-28,ACTIVE,N,,
ACC_002559,CUST_02043,SAVINGS,1978-01-07,ACTIVE,N,,
ACC_002560,CUST_02044,SAVINGS,2017-05-12,ACTIVE,N,,
ACC_002561,CUST_02045,CURRENT,1998-08-01,ACTIVE,N,,
ACC_002562,CUST_02046,SAVINGS,1979-12-25,ACTIVE,N,,
ACC_002563,CUST_02047,SAVINGS,2010-05-14,ACTIVE,N,,
ACC_002564,CUST_02048,SAVINGS,1991-03-15,ACTIVE,N,,
ACC_002565,CUST_02049,SAVINGS,1999-12-10,ACTIVE,N,,
ACC_002566,CUST_02050,SAVINGS,1989-11-01,ACTIVE,N,,
ACC_002567,CUST_02051,SAVINGS,1983-03-28,ACTIVE,N,,
ACC_002568,CUST_02052,SAVINGS,2021-09-14,ACTIVE,N,,
ACC_002569,CUST_02053,SAVINGS,1986-05-31,ACTIVE,N,,
ACC_002570,CUST_02054,CURRENT,1993-05-25,ACTIVE,N,,
ACC_002571,CUST_02055,SAVINGS,2023-09-09,ACTIVE,N,,
ACC_002572,CUST_02055,SAVINGS,2018-07-09,ACTIVE,N,,
ACC_002573,CUST_02055,SAVINGS,1964-03-16,ACTIVE,N,,
ACC_002574,CUST_02056,CURRENT,1957-05-08,ACTIVE,N,,
ACC_002575,CUST_02057,SAVINGS,1997-03-06,DORMANT,Y,2011-02-26,
ACC_002576,CUST_02057,SAVINGS,2016-03-04,ACTIVE,N,,
ACC_002577,CUST_02057,SAVINGS,1988-01-30,ACTIVE,N,,
ACC_002578,CUST_02058,SAVINGS,1960-09-04,DORMANT,Y,1974-07-12,
ACC_002579,CUST_02059,SAVINGS,1968-08-30,ACTIVE,N,,
ACC_002580,CUST_02059,SAVINGS,2020-11-27,ACTIVE,N,,
ACC_002581,CUST_02060,SAVINGS,1981-05-18,ACTIVE,N,,
ACC_002582,CUST_02061,SAVINGS,1991-07-03,ACTIVE,N,,
ACC_002583,CUST_02062,SAVINGS,1978-09-08,ACTIVE,N,,
ACC_002584,CUST_02062,SAVINGS,1966-09-15,ACTIVE,N,,
ACC_002585,CUST_02063,SAVINGS,2000-09-06,ACTIVE,N,,
ACC_002586,CUST_02064,SAVINGS,1969-04-27,ACTIVE,N,,
ACC_002587,CUST_02065,CURRENT,1954-11-18,ACTIVE,N,,
ACC_002588,CUST_02066,SAVINGS,1981-12-31,ACTIVE,N,,
ACC_002589,CUST_02067,SAVINGS,2009-12-03,ACTIVE,N,,
ACC_002590,CUST_02068,SAVINGS,2011-10-04,ACTIVE,N,,
ACC_002591,CUST_02069,SAVINGS,1965-07-19,ACTIVE,N,,
ACC_002592,CUST_02070,SAVINGS,1952-11-24,ACTIVE,N,,
ACC_002593,CUST_02071,SAVINGS,2017-11-25,ACTIVE,N,,
ACC_002594,CUST_02072,CURRENT,1954-08-06,ACTIVE,N,,
ACC_002595,CUST_02073,SAVINGS,1986-10-15,DORMANT,Y,2005-09-13,
ACC_002596,CUST_02074,CURRENT,2002-04-15,ACTIVE,N,,
ACC_002597,CUST_02075,CURRENT,1990-11-20,ACTIVE,N,,
ACC_002598,CUST_02076,CURRENT,1961-07-02,ACTIVE,N,,
ACC_002599,CUST_02077,SAVINGS,1958-02-16,ACTIVE,N,,
ACC_002600,CUST_02078,CURRENT,1987-12-26,ACTIVE,N,,
ACC_002601,CUST_02079,SAVINGS,2002-04-03,ACTIVE,N,,
ACC_002602,CUST_02080,SAVINGS,2017-06-02,DORMANT,Y,2017-07-30,
ACC_002603,CUST_02081,SAVINGS,2002-01-26,ACTIVE,N,,
ACC_002604,CUST_02081,SAVINGS,2002-05-09,ACTIVE,N,,
ACC_002605,CUST_02081,SAVINGS,2010-06-07,ACTIVE,N,,
ACC_002606,CUST_02082,SAVINGS,1956-01-17,ACTIVE,N,,
ACC_002607,CUST_02083,SAVINGS,1980-07-19,ACTIVE,N,,
ACC_002608,CUST_02084,CURRENT,1977-12-31,DORMANT,Y,2003-10-24,
ACC_002609,CUST_02085,SAVINGS,1975-02-06,ACTIVE,N,,
ACC_002610,CUST_02086,SAVINGS,2008-09-02,ACTIVE,N,,
ACC_002611,CUST_02087,SAVINGS,2022-06-22,ACTIVE,N,,
ACC_002612,CUST_02088,SAVINGS,1957-02-10,ACTIVE,N,,
ACC_002613,CUST_02089,SAVINGS,1991-07-13,ACTIVE,N,,
ACC_002614,CUST_02090,SAVINGS,1954-04-06,ACTIVE,N,,
ACC_002615,CUST_02090,SAVINGS,2023-09-15,ACTIVE,N,,
ACC_002616,CUST_02091,SAVINGS,1997-05-03,ACTIVE,N,,
ACC_002617,CUST_02092,CURRENT,1953-07-16,ACTIVE,N,,
ACC_002618,CUST_02093,SAVINGS,1995-10-05,ACTIVE,N,,
ACC_002619,CUST_02094,CURRENT,1985-09-24,ACTIVE,N,,
ACC_002620,CUST_02094,SAVINGS,1979-06-22,ACTIVE,N,,
ACC_002621,CUST_02095,SAVINGS,1953-09-21,ACTIVE,N,,
ACC_002622,CUST_02096,SAVINGS,1996-05-27,ACTIVE,N,,
ACC_002623,CUST_02097,SAVINGS,2009-01-29,INACTIVE,N,,2023-10-22
ACC_002624,CUST_02098,SAVINGS,2008-03-10,ACTIVE,N,,
ACC_002625,CUST_02099,SAVINGS,1957-10-10,ACTIVE,N,,
ACC_002626,CUST_02100,SAVINGS,1964-11-11,ACTIVE,N,,
ACC_002627,CUST_02100,SAVINGS,2002-10-28,ACTIVE,N,,
ACC_002628,CUST_02100,SAVINGS,1989-02-12,ACTIVE,N,,
ACC_002629,CUST_02101,CURRENT,2022-10-13,ACTIVE,N,,
ACC_002630,CUST_02102,SAVINGS,2013-01-30,ACTIVE,N,,
ACC_002631,CUST_02103,SAVINGS,2007-09-07,ACTIVE,N,,
ACC_002632,CUST_02104,SAVINGS,2020-08-16,ACTIVE,N,,
ACC_002633,CUST_02105,SAVINGS,1985-05-26,ACTIVE,N,,
ACC_002634,CUST_02105,SAVINGS,1972-02-15,ACTIVE,N,,
ACC_002635,CUST_02106,SAVINGS,2001-11-23,DORMANT,Y,2017-10-17,
ACC_002636,CUST_02107,CURRENT,1982-06-04,ACTIVE,N,,
ACC_002637,CUST_02107,CURRENT,1967-12-13,DORMANT,Y,1968-12-24,
ACC_002638,CUST_02108,CURRENT,1988-03-15,ACTIVE,N,,
ACC_002639,CUST_02109,SAVINGS,1987-05-07,ACTIVE,N,,
ACC_002640,CUST_02110,SAVINGS,1961-08-23,ACTIVE,N,,
ACC_002641,CUST_02110,SAVINGS,1984-01-07,ACTIVE,N,,
ACC_002642,CUST_02110,SAVINGS,2023-11-16,ACTIVE,N,,
ACC_002643,CUST_02111,CURRENT,1990-04-06,ACTIVE,N,,
ACC_002644,CUST_02112,CURRENT,1995-12-09,DORMANT,Y,2015-05-15,
ACC_002645,CUST_02113,SAVINGS,2003-09-15,ACTIVE,N,,
ACC_002646,CUST_02114,CURRENT,1955-04-04,ACTIVE,N,,
ACC_002647,CUST_02115,SAVINGS,1987-05-01,ACTIVE,N,,
ACC_002648,CUST_02115,SAVINGS,1999-03-24,ACTIVE,N,,
ACC_002649,CUST_02116,SAVINGS,1986-07-30,ACTIVE,N,,
ACC_002650,CUST_02117,SAVINGS,1984-02-05,ACTIVE,N,,
ACC_002651,CUST_02118,SAVINGS,1951-09-06,ACTIVE,N,,
ACC_002652,CUST_02119,CURRENT,1966-12-02,ACTIVE,N,,
ACC_002653,CUST_02120,CURRENT,1991-10-08,ACTIVE,N,,
ACC_002654,CUST_02121,SAVINGS,1993-09-08,DORMANT,Y,2022-02-17,
ACC_002655,CUST_02122,CURRENT,1986-01-01,ACTIVE,N,,
ACC_002656,CUST_02123,SAVINGS,1974-05-02,ACTIVE,N,,
ACC_002657,CUST_02123,SAVINGS,2010-05-27,ACTIVE,N,,
ACC_002658,CUST_02123,SAVINGS,2012-12-23,ACTIVE,N,,
ACC_002659,CUST_02124,SAVINGS,1952-05-08,DORMANT,Y,2012-03-22,
ACC_002660,CUST_02125,SAVINGS,1951-03-17,ACTIVE,N,,
ACC_002661,CUST_02126,SAVINGS,2013-06-25,ACTIVE,N,,
ACC_002662,CUST_02127,SAVINGS,1955-01-14,ACTIVE,N,,
ACC_002663,CUST_02128,SAVINGS,1998-10-28,ACTIVE,N,,
ACC_002664,CUST_02128,SAVINGS,2015-05-11,ACTIVE,N,,
ACC_002665,CUST_02128,SAVINGS,1979-08-26,ACTIVE,N,,
ACC_002666,CUST_02129,CURRENT,2005-08-12,ACTIVE,N,,
ACC_002667,CUST_02130,SAVINGS,1957-12-22,INACTIVE,N,,1997-05-31
ACC_002668,CUST_02131,SAVINGS,1960-10-29,ACTIVE,N,,
ACC_002669,CUST_02132,SAVINGS,1987-08-17,ACTIVE,N,,
ACC_002670,CUST_02133,SAVINGS,1992-09-27,ACTIVE,N,,
ACC_002671,CUST_02134,CURRENT,1958-09-19,ACTIVE,N,,
ACC_002672,CUST_02134,SAVINGS,2009-12-11,ACTIVE,N,,
ACC_002673,CUST_02134,SAVINGS,1974-06-22,ACTIVE,N,,
ACC_002674,CUST_02135,SAVINGS,1985-02-11,ACTIVE,N,,
ACC_002675,CUST_02136,CURRENT,1987-08-02,DORMANT,Y,2005-03-30,
ACC_002676,CUST_02137,SAVINGS,2017-05-12,INACTIVE,N,,2018-06-11
ACC_002677,CUST_02138,SAVINGS,1980-12-14,ACTIVE,N,,
ACC_002678,CUST_02139,SAVINGS,1973-10-01,ACTIVE,N,,
ACC_002679,CUST_02140,CURRENT,1969-12-29,ACTIVE,N,,
ACC_002680,CUST_02141,SAVINGS,1956-09-30,ACTIVE,N,,
ACC_002681,CUST_02142,SAVINGS,1981-09-01,ACTIVE,N,,
ACC_002682,CUST_02143,SAVINGS,1965-07-30,ACTIVE,N,,
ACC_002683,CUST_02143,SAVINGS,1955-03-29,ACTIVE,N,,
ACC_002684,CUST_02144,CURRENT,1975-01-29,ACTIVE,N,,
ACC_002685,CUST_02145,CURRENT,2018-12-19,ACTIVE,N,,
ACC_002686,CUST_02146,SAVINGS,2009-12-04,ACTIVE,N,,
ACC_002687,CUST_02147,SAVINGS,1993-03-10,DORMANT,Y,1994-08-13,
ACC_002688,CUST_02147,SAVINGS,1981-01-09,ACTIVE,N,,
ACC_002689,CUST_02148,SAVINGS,1958-04-12,ACTIVE,N,,
ACC_002690,CUST_02149,SAVINGS,1985-04-04,ACTIVE,N,,
ACC_002691,CUST_02150,SAVINGS,1985-01-14,ACTIVE,N,,
ACC_002692,CUST_02151,SAVINGS,1952-03-12,ACTIVE,N,,
ACC_002693,CUST_02152,CURRENT,1998-02-02,ACTIVE,N,,
ACC_002694,CUST_02153,SAVINGS,2023-07-22,ACTIVE,N,,
ACC_002695,CUST_02154,SAVINGS,1956-02-02,ACTIVE,N,,
ACC_002696,CUST_02154,SAVINGS,1981-12-10,ACTIVE,N,,
ACC_002697,CUST_02155,SAVINGS,1997-08-07,ACTIVE,N,,
ACC_002698,CUST_02155,CURRENT,1964-11-09,ACTIVE,N,,
ACC_002699,CUST_02156,SAVINGS,1960-07-18,ACTIVE,N,,
ACC_002700,CUST_02157,SAVINGS,2018-12-30,DORMANT,Y,2022-10-08,
ACC_002701,CUST_02158,SAVINGS,1965-05-28,ACTIVE,N,,
ACC_002702,CUST_02159,SAVINGS,2019-07-21,ACTIVE,N,,
ACC_002703,CUST_02160,SAVINGS,1960-07-17,ACTIVE,N,,
ACC_002704,CUST_02161,SAVINGS,1982-04-03,ACTIVE,N,,
ACC_002705,CUST_02162,SAVINGS,1977-10-08,ACTIVE,N,,
ACC_002706,CUST_02163,SAVINGS,1994-05-05,ACTIVE,N,,
ACC_002707,CUST_02164,SAVINGS,2000-07-17,ACTIVE,N,,
ACC_002708,CUST_02165,SAVINGS,2006-08-12,ACTIVE,N,,
ACC_002709,CUST_02166,SAVINGS,1959-09-19,ACTIVE,N,,
ACC_002710,CUST_02167,SAVINGS,2008-01-17,ACTIVE,N,,
ACC_002711,CUST_02167,SAVINGS,1988-07-12,DORMANT,Y,1998-04-07,
ACC_002712,CUST_02168,SAVINGS,1953-05-12,INACTIVE,N,,1997-10-20
ACC_002713,CUST_02169,SAVINGS,1999-01-13,ACTIVE,N,,
ACC_002714,CUST_02170,SAVINGS,1995-08-05,ACTIVE,N,,
ACC_002715,CUST_02171,SAVINGS,2005-07-19,ACTIVE,N,,
ACC_002716,CUST_02171,SAVINGS,2000-12-31,ACTIVE,N,,
ACC_002717,CUST_02172,SAVINGS,2014-01-22,ACTIVE,N,,
ACC_002718,CUST_02173,SAVINGS,1990-01-08,ACTIVE,N,,
ACC_002719,CUST_02174,CURRENT,1954-03-29,ACTIVE,N,,
ACC_002720,CUST_02175,SAVINGS,1971-10-27,ACTIVE,N,,
ACC_002721,CUST_02176,SAVINGS,2000-02-16,ACTIVE,N,,
ACC_002722,CUST_02177,SAVINGS,1956-01-27,ACTIVE,N,,
ACC_002723,CUST_02177,SAVINGS,1989-08-03,ACTIVE,N,,
ACC_002724,CUST_02177,SAVINGS,1970-06-04,ACTIVE,N,,
ACC_002725,CUST_02178,SAVINGS,1953-06-23,DORMANT,Y,1967-12-07,
ACC_002726,CUST_02179,SAVINGS,1978-10-13,ACTIVE,N,,
ACC_002727,CUST_02180,SAVINGS,1992-08-12,ACTIVE,N,,
ACC_002728,CUST_02180,SAVINGS,2019-07-09,ACTIVE,N,,
ACC_002729,CUST_02181,SAVINGS,2019-03-01,ACTIVE,N,,
ACC_002730,CUST_02182,SAVINGS,1996-10-28,ACTIVE,N,,
ACC_002731,CUST_02183,SAVINGS,1979-03-31,ACTIVE,N,,
ACC_002732,CUST_02184,SAVINGS,2001-07-24,ACTIVE,N,,
ACC_002733,CUST_02185,SAVINGS,1954-06-09,ACTIVE,N,,
ACC_002734,CUST_02186,CURRENT,1970-06-05,ACTIVE,N,,
ACC_002735,CUST_02187,CURRENT,2001-11-13,ACTIVE,N,,
ACC_002736,CUST_02188,SAVINGS,1960-09-04,ACTIVE,N,,
ACC_002737,CUST_02189,SAVINGS,1960-07-10,ACTIVE,N,,
ACC_002738,CUST_02190,SAVINGS,1980-07-25,DORMANT,Y,2019-01-15,
ACC_002739,CUST_02191,SAVINGS,2018-07-11,ACTIVE,N,,
ACC_002740,CUST_02192,CURRENT,2024-08-12,ACTIVE,N,,
ACC_002741,CUST_02193,SAVINGS,2006-11-25,ACTIVE,N,,
ACC_002742,CUST_02194,SAVINGS,2023-05-10,ACTIVE,N,,
ACC_002743,CUST_02195,SAVINGS,1966-07-02,ACTIVE,N,,
ACC_002744,CUST_02196,SAVINGS,2021-10-29,ACTIVE,N,,
ACC_002745,CUST_02197,SAVINGS,1956-12-31,ACTIVE,N,,
ACC_002746,CUST_02198,CURRENT,2014-04-14,ACTIVE,N,,
ACC_002747,CUST_02199,SAVINGS,2021-05-18,ACTIVE,N,,
ACC_002748,CUST_02200,SAVINGS,2020-10-26,ACTIVE,N,,
ACC_002749,CUST_02201,SAVINGS,2010-01-09,ACTIVE,N,,
ACC_002750,CUST_02201,SAVINGS,1993-02-19,ACTIVE,N,,
ACC_002751,CUST_02202,SAVINGS,1986-08-21,ACTIVE,N,,
ACC_002752,CUST_02203,SAVINGS,1976-07-17,ACTIVE,N,,
ACC_002753,CUST_02204,SAVINGS,1989-11-20,ACTIVE,N,,
ACC_002754,CUST_02205,SAVINGS,1983-03-19,DORMANT,Y,2005-07-30,
ACC_002755,CUST_02206,CURRENT,1983-01-31,DORMANT,Y,2007-09-18,
ACC_002756,CUST_02207,SAVINGS,1981-06-04,ACTIVE,N,,
ACC_002757,CUST_02208,CURRENT,2012-01-14,ACTIVE,N,,
ACC_002758,CUST_02209,CURRENT,1992-11-05,ACTIVE,N,,
ACC_002759,CUST_02210,CURRENT,1965-09-16,DORMANT,Y,2012-11-14,
ACC_002760,CUST_02211,CURRENT,1982-10-22,ACTIVE,N,,
ACC_002761,CUST_02212,SAVINGS,2010-07-26,ACTIVE,N,,
ACC_002762,CUST_02212,SAVINGS,2005-10-16,ACTIVE,N,,
ACC_002763,CUST_02213,SAVINGS,1999-04-03,ACTIVE,N,,
ACC_002764,CUST_02214,SAVINGS,1960-11-05,DORMANT,Y,1984-10-18,
ACC_002765,CUST_02215,SAVINGS,2018-10-26,DORMANT,Y,2019-06-20,
ACC_002766,CUST_02216,SAVINGS,1999-04-23,ACTIVE,N,,
ACC_002767,CUST_02217,SAVINGS,2015-11-23,DORMANT,Y,2019-10-24,
ACC_002768,CUST_02218,SAVINGS,2011-02-08,ACTIVE,N,,
ACC_002769,CUST_02219,CURRENT,2007-01-03,ACTIVE,N,,
ACC_002770,CUST_02220,SAVINGS,1981-04-09,ACTIVE,N,,
ACC_002771,CUST_02221,SAVINGS,1967-01-19,ACTIVE,N,,
ACC_002772,CUST_02221,CURRENT,2023-03-04,ACTIVE,N,,
ACC_002773,CUST_02222,SAVINGS,1983-05-04,ACTIVE,N,,
ACC_002774,CUST_02223,CURRENT,2005-06-23,ACTIVE,N,,
ACC_002775,CUST_02224,SAVINGS,1968-10-19,ACTIVE,N,,
ACC_002776,CUST_02225,SAVINGS,1985-06-04,INACTIVE,N,,2004-12-11
ACC_002777,CUST_02225,SAVINGS,1996-06-27,ACTIVE,N,,
ACC_002778,CUST_02225,SAVINGS,1992-09-18,ACTIVE,N,,
ACC_002779,CUST_02226,SAVINGS,1966-01-21,ACTIVE,N,,
ACC_002780,CUST_02227,SAVINGS,1961-02-03,ACTIVE,N,,
ACC_002781,CUST_02228,SAVINGS,2005-08-06,ACTIVE,N,,
ACC_002782,CUST_02229,SAVINGS,2007-04-21,ACTIVE,N,,
ACC_002783,CUST_02229,SAVINGS,2018-09-25,DORMANT,Y,2019-12-30,
ACC_002784,CUST_02230,SAVINGS,2017-04-05,DORMANT,Y,2022-08-22,
ACC_002785,CUST_02230,SAVINGS,1976-12-17,ACTIVE,N,,
ACC_002786,CUST_02230,SAVINGS,1974-06-27,ACTIVE,N,,
ACC_002787,CUST_02231,SAVINGS,2011-10-19,ACTIVE,N,,
ACC_002788,CUST_02231,SAVINGS,1952-02-11,ACTIVE,N,,
ACC_002789,CUST_02232,SAVINGS,1972-09-12,ACTIVE,N,,
ACC_002790,CUST_02233,CURRENT,1966-06-10,ACTIVE,N,,
ACC_002791,CUST_02234,CURRENT,2006-12-22,ACTIVE,N,,
ACC_002792,CUST_02235,SAVINGS,1985-11-05,ACTIVE,N,,
ACC_002793,CUST_02236,SAVINGS,2013-12-12,ACTIVE,N,,
ACC_002794,CUST_02237,CURRENT,1963-09-30,DORMANT,Y,1972-05-06,
ACC_002795,CUST_02238,SAVINGS,1954-08-21,ACTIVE,N,,
ACC_002796,CUST_02239,SAVINGS,2008-09-18,ACTIVE,N,,
ACC_002797,CUST_02240,SAVINGS,1953-04-04,ACTIVE,N,,
ACC_002798,CUST_02241,CURRENT,1972-09-20,ACTIVE,N,,
ACC_002799,CUST_02241,SAVINGS,1959-12-09,ACTIVE,N,,
ACC_002800,CUST_02242,SAVINGS,1968-01-07,ACTIVE,N,,
ACC_002801,CUST_02243,CURRENT,2020-01-29,ACTIVE,N,,
ACC_002802,CUST_02244,SAVINGS,2022-01-15,ACTIVE,N,,
ACC_002803,CUST_02245,CURRENT,2002-10-28,ACTIVE,N,,
ACC_002804,CUST_02246,SAVINGS,2007-06-26,DORMANT,Y,2019-07-16,
ACC_002805,CUST_02247,SAVINGS,1967-05-07,ACTIVE,N,,
ACC_002806,CUST_02247,SAVINGS,2004-10-03,ACTIVE,N,,
ACC_002807,CUST_02248,CURRENT,1982-11-10,ACTIVE,N,,
ACC_002808,CUST_02249,SAVINGS,1989-12-06,ACTIVE,N,,
ACC_002809,CUST_02250,SAVINGS,1966-03-14,ACTIVE,N,,
ACC_002810,CUST_02251,SAVINGS,1995-11-03,ACTIVE,N,,
ACC_002811,CUST_02252,CURRENT,1995-10-26,ACTIVE,N,,
ACC_002812,CUST_02252,CURRENT,1964-09-01,ACTIVE,N,,
ACC_002813,CUST_02253,SAVINGS,1956-02-27,ACTIVE,N,,
ACC_002814,CUST_02254,SAVINGS,1960-01-15,ACTIVE,N,,
ACC_002815,CUST_02255,CURRENT,1998-04-24,ACTIVE,N,,
ACC_002816,CUST_02256,SAVINGS,2011-02-04,ACTIVE,N,,
ACC_002817,CUST_02257,CURRENT,2005-08-25,ACTIVE,N,,
ACC_002818,CUST_02257,SAVINGS,2011-03-19,ACTIVE,N,,
ACC_002819,CUST_02257,SAVINGS,2009-04-19,ACTIVE,N,,
ACC_002820,CUST_02258,SAVINGS,1989-05-16,ACTIVE,N,,
ACC_002821,CUST_02259,SAVINGS,2014-12-08,ACTIVE,N,,
ACC_002822,CUST_02260,SAVINGS,1968-04-27,INACTIVE,N,,2018-03-25
ACC_002823,CUST_02261,SAVINGS,1974-12-20,DORMANT,Y,2024-03-19,
ACC_002824,CUST_02262,SAVINGS,2019-04-30,ACTIVE,N,,
ACC_002825,CUST_02263,CURRENT,1961-05-28,ACTIVE,N,,
ACC_002826,CUST_02264,SAVINGS,1970-09-21,ACTIVE,N,,
ACC_002827,CUST_02265,SAVINGS,1951-01-22,ACTIVE,N,,
ACC_002828,CUST_02266,SAVINGS,2000-05-04,ACTIVE,N,,
ACC_002829,CUST_02266,SAVINGS,2011-09-22,ACTIVE,N,,
ACC_002830,CUST_02267,CURRENT,2001-08-19,ACTIVE,N,,
ACC_002831,CUST_02268,SAVINGS,1993-08-12,ACTIVE,N,,
ACC_002832,CUST_02269,SAVINGS,2009-09-10,ACTIVE,N,,
ACC_002833,CUST_02270,SAVINGS,1974-01-19,ACTIVE,N,,
ACC_002834,CUST_02270,SAVINGS,2019-03-25,ACTIVE,N,,
ACC_002835,CUST_02271,SAVINGS,1988-01-06,INACTIVE,N,,1994-08-10
ACC_002836,CUST_02272,SAVINGS,1981-08-11,ACTIVE,N,,
ACC_002837,CUST_02273,SAVINGS,1990-06-21,ACTIVE,N,,
ACC_002838,CUST_02273,SAVINGS,2017-02-19,ACTIVE,N,,
ACC_002839,CUST_02274,SAVINGS,1996-06-05,DORMANT,Y,1998-01-26,
ACC_002840,CUST_02275,SAVINGS,2020-06-15,ACTIVE,N,,
ACC_002841,CUST_02276,SAVINGS,2021-06-24,ACTIVE,N,,
ACC_002842,CUST_02277,SAVINGS,2019-03-04,DORMANT,Y,2022-10-19,
ACC_002843,CUST_02278,SAVINGS,1988-10-28,ACTIVE,N,,
ACC_002844,CUST_02279,SAVINGS,1993-12-07,ACTIVE,N,,
ACC_002845,CUST_02280,SAVINGS,2002-04-10,ACTIVE,N,,
ACC_002846,CUST_02281,SAVINGS,1993-05-11,ACTIVE,N,,
ACC_002847,CUST_02282,SAVINGS,1974-04-14,ACTIVE,N,,
ACC_002848,CUST_02283,SAVINGS,1969-06-28,INACTIVE,N,,1972-05-05
ACC_002849,CUST_02283,SAVINGS,1978-09-03,ACTIVE,N,,
ACC_002850,CUST_02283,SAVINGS,2008-08-06,ACTIVE,N,,
ACC_002851,CUST_02284,SAVINGS,2020-08-27,INACTIVE,N,,2023-01-08
ACC_002852,CUST_02285,SAVINGS,1992-10-14,ACTIVE,N,,
ACC_002853,CUST_02286,SAVINGS,1963-07-16,ACTIVE,N,,
ACC_002854,CUST_02287,SAVINGS,1997-04-10,ACTIVE,N,,
ACC_002855,CUST_02288,SAVINGS,1988-10-05,ACTIVE,N,,
ACC_002856,CUST_02288,SAVINGS,1972-07-15,ACTIVE,N,,
ACC_002857,CUST_02288,SAVINGS,1966-02-19,ACTIVE,N,,
ACC_002858,CUST_02289,SAVINGS,1989-03-05,ACTIVE,N,,
ACC_002859,CUST_02290,SAVINGS,1987-04-10,ACTIVE,N,,
ACC_002860,CUST_02290,SAVINGS,2016-03-25,ACTIVE,N,,
ACC_002861,CUST_02291,SAVINGS,2009-09-26,ACTIVE,N,,
ACC_002862,CUST_02292,SAVINGS,1980-06-08,INACTIVE,N,,1991-12-16
ACC_002863,CUST_02293,SAVINGS,1989-04-06,ACTIVE,N,,
ACC_002864,CUST_02294,SAVINGS,1985-04-23,INACTIVE,N,,1992-07-12
ACC_002865,CUST_02295,SAVINGS,1981-07-13,ACTIVE,N,,
ACC_002866,CUST_02296,SAVINGS,1987-12-03,ACTIVE,N,,
ACC_002867,CUST_02297,SAVINGS,1969-03-11,ACTIVE,N,,
ACC_002868,CUST_02298,SAVINGS,1963-01-23,ACTIVE,N,,
ACC_002869,CUST_02299,SAVINGS,1978-02-25,DORMANT,Y,2015-09-23,
ACC_002870,CUST_02300,SAVINGS,2019-03-27,ACTIVE,N,,
ACC_002871,CUST_02300,SAVINGS,1972-12-24,ACTIVE,N,,
ACC_002872,CUST_02301,SAVINGS,1953-09-21,ACTIVE,N,,
ACC_002873,CUST_02301,SAVINGS,1955-05-30,INACTIVE,N,,1981-12-19
ACC_002874,CUST_02302,SAVINGS,1950-11-28,ACTIVE,N,,
ACC_002875,CUST_02303,SAVINGS,2016-06-19,INACTIVE,N,,2016-11-26
ACC_002876,CUST_02304,SAVINGS,2000-04-17,ACTIVE,N,,
ACC_002877,CUST_02305,CURRENT,1977-08-25,ACTIVE,N,,
ACC_002878,CUST_02306,SAVINGS,1988-05-11,ACTIVE,N,,
ACC_002879,CUST_02307,SAVINGS,2008-01-18,ACTIVE,N,,
ACC_002880,CUST_02307,SAVINGS,2010-07-17,INACTIVE,N,,2019-05-27
ACC_002881,CUST_02307,SAVINGS,1967-03-05,ACTIVE,N,,
ACC_002882,CUST_02308,SAVINGS,2011-10-08,ACTIVE,N,,
ACC_002883,CUST_02309,SAVINGS,1990-02-21,ACTIVE,N,,
ACC_002884,CUST_02309,SAVINGS,1964-12-01,ACTIVE,N,,
ACC_002885,CUST_02310,CURRENT,1966-04-29,ACTIVE,N,,
ACC_002886,CUST_02311,SAVINGS,2010-06-26,ACTIVE,N,,
ACC_002887,CUST_02311,SAVINGS,2008-10-31,ACTIVE,N,,
ACC_002888,CUST_02312,CURRENT,2017-02-17,ACTIVE,N,,
ACC_002889,CUST_02313,SAVINGS,1985-10-20,ACTIVE,N,,
ACC_002890,CUST_02314,SAVINGS,1961-10-28,ACTIVE,N,,
ACC_002891,CUST_02315,SAVINGS,1968-08-15,ACTIVE,N,,
ACC_002892,CUST_02316,SAVINGS,1987-11-24,ACTIVE,N,,
ACC_002893,CUST_02317,SAVINGS,1965-11-07,DORMANT,Y,1989-12-02,
ACC_002894,CUST_02318,SAVINGS,1960-10-05,DORMANT,Y,2011-05-30,
ACC_002895,CUST_02319,SAVINGS,1980-04-10,ACTIVE,N,,
ACC_002896,CUST_02319,SAVINGS,1960-02-13,ACTIVE,N,,
ACC_002897,CUST_02320,SAVINGS,1994-07-10,ACTIVE,N,,
ACC_002898,CUST_02321,CURRENT,1971-05-01,ACTIVE,N,,
ACC_002899,CUST_02322,SAVINGS,2019-01-05,ACTIVE,N,,
ACC_002900,CUST_02323,SAVINGS,1995-08-22,DORMANT,Y,2005-01-12,
ACC_002901,CUST_02323,SAVINGS,2011-09-19,ACTIVE,N,,
ACC_002902,CUST_02324,SAVINGS,2019-10-19,ACTIVE,N,,
ACC_002903,CUST_02325,SAVINGS,1960-01-31,ACTIVE,N,,
ACC_002904,CUST_02326,CURRENT,1992-11-05,ACTIVE,N,,
ACC_002905,CUST_02327,SAVINGS,1955-03-22,INACTIVE,N,,2014-03-15
ACC_002906,CUST_02328,SAVINGS,1963-09-02,ACTIVE,N,,
ACC_002907,CUST_02329,SAVINGS,2020-12-12,ACTIVE,N,,
ACC_002908,CUST_02330,SAVINGS,1993-03-20,ACTIVE,N,,
ACC_002909,CUST_02330,SAVINGS,1975-11-30,ACTIVE,N,,
ACC_002910,CUST_02330,SAVINGS,1954-11-07,ACTIVE,N,,
ACC_002911,CUST_02331,SAVINGS,1951-02-01,ACTIVE,N,,
ACC_002912,CUST_02332,SAVINGS,1983-06-21,ACTIVE,N,,
ACC_002913,CUST_02333,SAVINGS,1968-08-18,ACTIVE,N,,
ACC_002914,CUST_02333,CURRENT,2001-03-15,ACTIVE,N,,
ACC_002915,CUST_02334,SAVINGS,1979-12-21,ACTIVE,N,,
ACC_002916,CUST_02335,SAVINGS,1976-08-19,ACTIVE,N,,
ACC_002917,CUST_02336,SAVINGS,1986-02-08,ACTIVE,N,,
ACC_002918,CUST_02337,SAVINGS,2013-12-25,ACTIVE,N,,
ACC_002919,CUST_02337,SAVINGS,1970-08-11,ACTIVE,N,,
ACC_002920,CUST_02338,SAVINGS,2015-12-10,ACTIVE,N,,
ACC_002921,CUST_02339,SAVINGS,1975-06-20,ACTIVE,N,,
ACC_002922,CUST_02340,SAVINGS,2017-08-09,ACTIVE,N,,
ACC_002923,CUST_02341,SAVINGS,1988-06-18,ACTIVE,N,,
ACC_002924,CUST_02342,SAVINGS,1967-12-09,ACTIVE,N,,
ACC_002925,CUST_02343,SAVINGS,1977-01-10,ACTIVE,N,,
ACC_002926,CUST_02344,SAVINGS,1962-01-27,ACTIVE,N,,
ACC_002927,CUST_02345,CURRENT,2020-04-08,ACTIVE,N,,
ACC_002928,CUST_02346,SAVINGS,1979-02-25,ACTIVE,N,,
ACC_002929,CUST_02347,SAVINGS,1950-06-08,DORMANT,Y,2009-07-18,
ACC_002930,CUST_02348,SAVINGS,1959-02-26,ACTIVE,N,,
ACC_002931,CUST_02349,SAVINGS,2016-10-13,ACTIVE,N,,
ACC_002932,CUST_02350,SAVINGS,1978-05-20,ACTIVE,N,,
ACC_002933,CUST_02351,SAVINGS,1974-03-30,ACTIVE,N,,
ACC_002934,CUST_02352,CURRENT,1955-04-14,ACTIVE,N,,
ACC_002935,CUST_02353,SAVINGS,2006-11-29,ACTIVE,N,,
ACC_002936,CUST_02354,CURRENT,1985-10-21,ACTIVE,N,,
ACC_002937,CUST_02355,SAVINGS,2001-10-04,ACTIVE,N,,
ACC_002938,CUST_02355,SAVINGS,1981-12-11,ACTIVE,N,,
ACC_002939,CUST_02356,SAVINGS,1997-06-17,ACTIVE,N,,
ACC_002940,CUST_02357,CURRENT,2015-11-27,ACTIVE,N,,
ACC_002941,CUST_02358,SAVINGS,2022-03-13,ACTIVE,N,,
ACC_002942,CUST_02359,SAVINGS,1974-07-05,ACTIVE,N,,
ACC_002943,CUST_02360,SAVINGS,1990-11-05,ACTIVE,N,,
ACC_002944,CUST_02361,SAVINGS,1981-07-24,ACTIVE,N,,
ACC_002945,CUST_02362,SAVINGS,1989-10-04,ACTIVE,N,,
ACC_002946,CUST_02363,SAVINGS,2016-01-07,ACTIVE,N,,
ACC_002947,CUST_02364,SAVINGS,2016-09-20,ACTIVE,N,,
ACC_002948,CUST_02364,SAVINGS,2003-05-19,ACTIVE,N,,
ACC_002949,CUST_02365,SAVINGS,1998-08-09,ACTIVE,N,,
ACC_002950,CUST_02366,SAVINGS,2023-12-17,ACTIVE,N,,
ACC_002951,CUST_02367,SAVINGS,2015-06-17,ACTIVE,N,,
ACC_002952,CUST_02368,SAVINGS,1990-03-17,ACTIVE,N,,
ACC_002953,CUST_02368,SAVINGS,1963-02-20,ACTIVE,N,,
ACC_002954,CUST_02369,SAVINGS,1979-10-19,DORMANT,Y,1987-06-11,
ACC_002955,CUST_02370,CURRENT,1989-02-05,DORMANT,Y,2017-08-26,
ACC_002956,CUST_02371,SAVINGS,2010-11-11,ACTIVE,N,,
ACC_002957,CUST_02372,SAVINGS,1994-04-15,ACTIVE,N,,
ACC_002958,CUST_02373,SAVINGS,1983-09-03,ACTIVE,N,,
ACC_002959,CUST_02374,SAVINGS,2007-10-29,ACTIVE,N,,
ACC_002960,CUST_02374,SAVINGS,1965-10-06,DORMANT,Y,1977-10-02,
ACC_002961,CUST_02375,SAVINGS,2013-04-02,INACTIVE,N,,2018-09-04
ACC_002962,CUST_02376,SAVINGS,1965-06-14,ACTIVE,N,,
ACC_002963,CUST_02377,SAVINGS,1997-04-22,ACTIVE,N,,
ACC_002964,CUST_02377,SAVINGS,2004-03-07,ACTIVE,N,,
ACC_002965,CUST_02378,SAVINGS,1967-06-06,ACTIVE,N,,
ACC_002966,CUST_02379,SAVINGS,2015-11-02,ACTIVE,N,,
ACC_002967,CUST_02380,SAVINGS,2016-07-29,DORMANT,Y,2021-09-08,
ACC_002968,CUST_02381,SAVINGS,2006-01-27,ACTIVE,N,,
ACC_002969,CUST_02382,CURRENT,1981-12-18,ACTIVE,N,,
ACC_002970,CUST_02382,CURRENT,1953-12-10,INACTIVE,N,,1993-07-15
ACC_002971,CUST_02383,CURRENT,1986-06-19,DORMANT,Y,2020-12-30,
ACC_002972,CUST_02384,SAVINGS,1979-04-11,ACTIVE,N,,
ACC_002973,CUST_02385,SAVINGS,2005-08-31,ACTIVE,N,,
ACC_002974,CUST_02386,SAVINGS,1958-04-11,ACTIVE,N,,
ACC_002975,CUST_02387,CURRENT,1993-12-26,ACTIVE,N,,
ACC_002976,CUST_02388,SAVINGS,1985-08-09,ACTIVE,N,,
ACC_002977,CUST_02389,SAVINGS,1993-03-24,DORMANT,Y,2007-03-21,
ACC_002978,CUST_02390,SAVINGS,2003-04-08,ACTIVE,N,,
ACC_002979,CUST_02391,SAVINGS,2010-02-24,ACTIVE,N,,
ACC_002980,CUST_02392,SAVINGS,2007-11-14,ACTIVE,N,,
ACC_002981,CUST_02392,SAVINGS,2004-04-05,ACTIVE,N,,
ACC_002982,CUST_02392,CURRENT,1985-06-25,ACTIVE,N,,
ACC_002983,CUST_02393,SAVINGS,1957-06-08,ACTIVE,N,,
ACC_002984,CUST_02393,SAVINGS,1986-07-09,ACTIVE,N,,
ACC_002985,CUST_02393,SAVINGS,2016-01-29,ACTIVE,N,,
ACC_002986,CUST_02394,CURRENT,1979-10-19,INACTIVE,N,,2002-12-03
ACC_002987,CUST_02395,CURRENT,1956-03-18,ACTIVE,N,,
ACC_002988,CUST_02396,SAVINGS,1991-12-28,ACTIVE,N,,
ACC_002989,CUST_02397,SAVINGS,2010-12-04,ACTIVE,N,,
ACC_002990,CUST_02398,SAVINGS,2005-10-10,ACTIVE,N,,
ACC_002991,CUST_02399,SAVINGS,1980-02-14,ACTIVE,N,,
ACC_002992,CUST_02400,SAVINGS,1972-08-31,ACTIVE,N,,
ACC_002993,CUST_02401,SAVINGS,2022-12-14,ACTIVE,N,,
ACC_002994,CUST_02402,SAVINGS,1978-01-24,ACTIVE,N,,
ACC_002995,CUST_02402,SAVINGS,1965-01-05,ACTIVE,N,,
ACC_002996,CUST_02403,SAVINGS,1994-11-14,ACTIVE,N,,
ACC_002997,CUST_02404,SAVINGS,1967-08-03,ACTIVE,N,,
ACC_002998,CUST_02405,SAVINGS,2023-06-18,ACTIVE,N,,
ACC_002999,CUST_02406,SAVINGS,1952-09-17,ACTIVE,N,,
ACC_003000,CUST_02407,SAVINGS,1952-11-15,ACTIVE,N,,
ACC_003001,CUST_02408,SAVINGS,2001-08-10,INACTIVE,N,,2004-09-04
ACC_003002,CUST_02409,SAVINGS,1995-05-12,DORMANT,Y,2007-05-12,
ACC_003003,CUST_02410,SAVINGS,1958-08-21,ACTIVE,N,,
ACC_003004,CUST_02411,SAVINGS,1956-09-12,ACTIVE,N,,
ACC_003005,CUST_02412,SAVINGS,2020-08-03,ACTIVE,N,,
ACC_003006,CUST_02412,SAVINGS,1978-08-24,ACTIVE,N,,
ACC_003007,CUST_02413,SAVINGS,1999-04-13,ACTIVE,N,,
ACC_003008,CUST_02414,SAVINGS,2022-11-17,ACTIVE,N,,
ACC_003009,CUST_02415,SAVINGS,1977-01-03,ACTIVE,N,,
ACC_003010,CUST_02416,SAVINGS,1971-05-15,ACTIVE,N,,
ACC_003011,CUST_02416,CURRENT,2022-11-28,ACTIVE,N,,
ACC_003012,CUST_02417,SAVINGS,2003-10-31,ACTIVE,N,,
ACC_003013,CUST_02418,SAVINGS,1981-03-19,ACTIVE,N,,
ACC_003014,CUST_02419,SAVINGS,1989-06-30,ACTIVE,N,,
ACC_003015,CUST_02419,CURRENT,1971-12-20,ACTIVE,N,,
ACC_003016,CUST_02420,SAVINGS,2000-11-19,ACTIVE,N,,
ACC_003017,CUST_02421,SAVINGS,1995-02-13,ACTIVE,N,,
ACC_003018,CUST_02421,SAVINGS,2006-04-06,ACTIVE,N,,
ACC_003019,CUST_02421,SAVINGS,1979-05-07,INACTIVE,N,,2016-12-21
ACC_003020,CUST_02422,SAVINGS,1983-11-07,DORMANT,Y,1984-10-11,
ACC_003021,CUST_02423,SAVINGS,1954-11-29,ACTIVE,N,,
ACC_003022,CUST_02424,SAVINGS,1952-09-22,ACTIVE,N,,
ACC_003023,CUST_02425,SAVINGS,2021-08-31,ACTIVE,N,,
ACC_003024,CUST_02426,CURRENT,1963-12-15,ACTIVE,N,,
ACC_003025,CUST_02427,SAVINGS,2018-04-03,DORMANT,Y,2021-08-21,
ACC_003026,CUST_02428,SAVINGS,2015-12-30,DORMANT,Y,2016-09-17,
ACC_003027,CUST_02429,SAVINGS,1971-05-12,ACTIVE,N,,
ACC_003028,CUST_02430,CURRENT,1988-07-12,ACTIVE,N,,
ACC_003029,CUST_02431,SAVINGS,1991-01-11,ACTIVE,N,,
ACC_003030,CUST_02432,SAVINGS,1953-04-20,ACTIVE,N,,
ACC_003031,CUST_02433,SAVINGS,1981-04-21,ACTIVE,N,,
ACC_003032,CUST_02433,CURRENT,1983-08-29,ACTIVE,N,,
ACC_003033,CUST_02434,SAVINGS,1954-08-07,ACTIVE,N,,
ACC_003034,CUST_02435,SAVINGS,1987-01-30,ACTIVE,N,,
ACC_003035,CUST_02436,SAVINGS,1966-10-30,ACTIVE,N,,
ACC_003036,CUST_02437,SAVINGS,2001-06-05,INACTIVE,N,,2023-09-21
ACC_003037,CUST_02438,SAVINGS,2004-07-17,ACTIVE,N,,
ACC_003038,CUST_02439,SAVINGS,1967-11-09,ACTIVE,N,,
ACC_003039,CUST_02440,SAVINGS,1986-09-30,ACTIVE,N,,
ACC_003040,CUST_02441,SAVINGS,1961-07-23,ACTIVE,N,,
ACC_003041,CUST_02442,SAVINGS,1960-06-01,ACTIVE,N,,
ACC_003042,CUST_02443,SAVINGS,1960-01-22,INACTIVE,N,,1994-05-22
ACC_003043,CUST_02444,SAVINGS,2006-07-14,ACTIVE,N,,
ACC_003044,CUST_02445,SAVINGS,1952-09-28,ACTIVE,N,,
ACC_003045,CUST_02445,SAVINGS,1952-01-03,ACTIVE,N,,
ACC_003046,CUST_02445,SAVINGS,2023-09-22,ACTIVE,N,,
ACC_003047,CUST_02446,SAVINGS,1970-09-01,ACTIVE,N,,
ACC_003048,CUST_02447,SAVINGS,1963-01-03,ACTIVE,N,,
ACC_003049,CUST_02448,SAVINGS,2003-03-26,ACTIVE,N,,
ACC_003050,CUST_02449,SAVINGS,1976-06-10,ACTIVE,N,,
ACC_003051,CUST_02450,SAVINGS,1992-06-28,ACTIVE,N,,
ACC_003052,CUST_02451,SAVINGS,1994-01-22,ACTIVE,N,,
ACC_003053,CUST_02452,SAVINGS,2007-11-12,ACTIVE,N,,
ACC_003054,CUST_02453,SAVINGS,2019-09-25,ACTIVE,N,,
ACC_003055,CUST_02454,SAVINGS,1953-03-10,ACTIVE,N,,
ACC_003056,CUST_02455,SAVINGS,1991-02-15,ACTIVE,N,,
ACC_003057,CUST_02456,SAVINGS,1987-04-20,ACTIVE,N,,
ACC_003058,CUST_02457,SAVINGS,2012-06-16,ACTIVE,N,,
ACC_003059,CUST_02458,SAVINGS,1977-08-01,ACTIVE,N,,
ACC_003060,CUST_02459,SAVINGS,1963-07-27,ACTIVE,N,,
ACC_003061,CUST_02460,SAVINGS,1985-12-19,ACTIVE,N,,
ACC_003062,CUST_02461,SAVINGS,2014-02-27,INACTIVE,N,,2020-07-24
ACC_003063,CUST_02461,SAVINGS,1989-08-21,ACTIVE,N,,
ACC_003064,CUST_02462,CURRENT,2008-06-17,ACTIVE,N,,
ACC_003065,CUST_02463,SAVINGS,1962-09-01,ACTIVE,N,,
ACC_003066,CUST_02464,SAVINGS,1980-04-01,ACTIVE,N,,
ACC_003067,CUST_02465,SAVINGS,2005-04-20,ACTIVE,N,,
ACC_003068,CUST_02465,SAVINGS,1987-11-30,ACTIVE,N,,
ACC_003069,CUST_02466,SAVINGS,2015-10-14,INACTIVE,N,,2020-08-15
ACC_003070,CUST_02467,SAVINGS,2022-07-27,ACTIVE,N,,
ACC_003071,CUST_02468,SAVINGS,2018-12-12,DORMANT,Y,2021-01-09,
ACC_003072,CUST_02469,SAVINGS,2002-01-17,ACTIVE,N,,
ACC_003073,CUST_02470,SAVINGS,1952-05-05,ACTIVE,N,,
ACC_003074,CUST_02470,SAVINGS,2017-08-24,INACTIVE,N,,2023-11-01
ACC_003075,CUST_02470,SAVINGS,2003-07-30,ACTIVE,N,,
ACC_003076,CUST_02471,SAVINGS,2000-09-23,ACTIVE,N,,
ACC_003077,CUST_02472,SAVINGS,2024-05-22,ACTIVE,N,,
ACC_003078,CUST_02472,SAVINGS,1964-09-27,ACTIVE,N,,
ACC_003079,CUST_02472,SAVINGS,2011-07-22,ACTIVE,N,,
ACC_003080,CUST_02473,CURRENT,1980-06-30,ACTIVE,N,,
ACC_003081,CUST_02474,SAVINGS,1953-05-22,ACTIVE,N,,
ACC_003082,CUST_02475,SAVINGS,2004-01-30,ACTIVE,N,,
ACC_003083,CUST_02476,CURRENT,1981-08-04,ACTIVE,N,,
ACC_003084,CUST_02477,SAVINGS,2010-11-06,ACTIVE,N,,
ACC_003085,CUST_02478,SAVINGS,2000-05-01,ACTIVE,N,,
ACC_003086,CUST_02479,SAVINGS,2014-11-23,ACTIVE,N,,
ACC_003087,CUST_02480,SAVINGS,1964-10-29,ACTIVE,N,,
ACC_003088,CUST_02481,SAVINGS,1992-04-10,ACTIVE,N,,
ACC_003089,CUST_02481,SAVINGS,1995-03-31,ACTIVE,N,,
ACC_003090,CUST_02482,CURRENT,1969-07-26,ACTIVE,N,,
ACC_003091,CUST_02482,CURRENT,1961-05-20,ACTIVE,N,,
ACC_003092,CUST_02483,CURRENT,1962-12-25,ACTIVE,N,,
ACC_003093,CUST_02484,CURRENT,1973-01-13,ACTIVE,N,,
ACC_003094,CUST_02485,SAVINGS,1978-04-07,DORMANT,Y,2011-08-06,
ACC_003095,CUST_02486,SAVINGS,1984-01-09,ACTIVE,N,,
ACC_003096,CUST_02487,SAVINGS,1961-06-02,ACTIVE,N,,
ACC_003097,CUST_02488,CURRENT,1969-03-27,ACTIVE,N,,
ACC_003098,CUST_02489,SAVINGS,2004-11-15,ACTIVE,N,,
ACC_003099,CUST_02490,SAVINGS,2014-06-12,ACTIVE,N,,
ACC_003100,CUST_02491,SAVINGS,2021-03-27,ACTIVE,N,,
ACC_003101,CUST_02492,CURRENT,1981-08-20,ACTIVE,N,,
ACC_003102,CUST_02493,SAVINGS,1958-01-08,ACTIVE,N,,
ACC_003103,CUST_02494,SAVINGS,2017-02-25,ACTIVE,N,,
ACC_003104,CUST_02495,SAVINGS,1984-04-20,ACTIVE,N,,
ACC_003105,CUST_02495,SAVINGS,2006-01-20,ACTIVE,N,,
ACC_003106,CUST_02496,SAVINGS,1992-05-22,ACTIVE,N,,
ACC_003107,CUST_02497,SAVINGS,1995-12-26,ACTIVE,N,,
ACC_003108,CUST_02498,CURRENT,1970-07-01,ACTIVE,N,,
ACC_003109,CUST_02499,SAVINGS,1954-12-20,DORMANT,Y,1998-09-19,
ACC_003110,CUST_02500,SAVINGS,2005-04-30,ACTIVE,N,,
ACC_003111,CUST_02501,SAVINGS,1950-10-04,ACTIVE,N,,
ACC_003112,CUST_02502,SAVINGS,1986-06-30,ACTIVE,N,,
ACC_003113,CUST_02502,CURRENT,1978-06-23,ACTIVE,N,,
ACC_003114,CUST_02503,SAVINGS,2016-07-07,ACTIVE,N,,
ACC_003115,CUST_02504,SAVINGS,2024-04-03,ACTIVE,N,,
ACC_003116,CUST_02504,SAVINGS,2018-01-09,ACTIVE,N,,
ACC_003117,CUST_02505,SAVINGS,1992-08-08,ACTIVE,N,,
ACC_003118,CUST_02506,SAVINGS,1982-01-31,ACTIVE,N,,
ACC_003119,CUST_02507,CURRENT,1993-10-20,ACTIVE,N,,
ACC_003120,CUST_02508,SAVINGS,2012-10-16,DORMANT,Y,2024-11-06,
ACC_003121,CUST_02509,SAVINGS,2015-09-26,ACTIVE,N,,
ACC_003122,CUST_02509,SAVINGS,2020-01-06,ACTIVE,N,,
ACC_003123,CUST_02510,CURRENT,1961-01-31,DORMANT,Y,2023-10-10,
ACC_003124,CUST_02511,SAVINGS,1964-04-18,ACTIVE,N,,
ACC_003125,CUST_02512,CURRENT,2007-12-09,ACTIVE,N,,
ACC_003126,CUST_02513,SAVINGS,1960-07-19,ACTIVE,N,,
ACC_003127,CUST_02514,SAVINGS,2001-02-17,ACTIVE,N,,
ACC_003128,CUST_02515,SAVINGS,1967-04-29,ACTIVE,N,,
ACC_003129,CUST_02515,SAVINGS,1951-11-09,ACTIVE,N,,
ACC_003130,CUST_02515,CURRENT,1972-01-23,ACTIVE,N,,
ACC_003131,CUST_02516,CURRENT,2020-10-06,INACTIVE,N,,2023-12-12
ACC_003132,CUST_02517,SAVINGS,1966-07-14,DORMANT,Y,1977-11-03,
ACC_003133,CUST_02517,SAVINGS,1976-11-11,DORMANT,Y,2006-08-22,
ACC_003134,CUST_02518,CURRENT,1965-06-21,ACTIVE,N,,
ACC_003135,CUST_02518,SAVINGS,1955-04-26,ACTIVE,N,,
ACC_003136,CUST_02519,SAVINGS,2007-09-25,ACTIVE,N,,
ACC_003137,CUST_02520,SAVINGS,2017-05-24,ACTIVE,N,,
ACC_003138,CUST_02521,SAVINGS,1973-03-27,ACTIVE,N,,
ACC_003139,CUST_02522,SAVINGS,2021-05-25,ACTIVE,N,,
ACC_003140,CUST_02522,SAVINGS,2016-04-22,ACTIVE,N,,
ACC_003141,CUST_02523,SAVINGS,1969-01-13,ACTIVE,N,,
ACC_003142,CUST_02524,SAVINGS,2024-06-16,ACTIVE,N,,
ACC_003143,CUST_02525,CURRENT,2006-11-29,ACTIVE,N,,
ACC_003144,CUST_02526,SAVINGS,2004-05-11,ACTIVE,N,,
ACC_003145,CUST_02527,CURRENT,1951-04-06,ACTIVE,N,,
ACC_003146,CUST_02528,SAVINGS,1990-05-22,ACTIVE,N,,
ACC_003147,CUST_02528,SAVINGS,1966-01-02,ACTIVE,N,,
ACC_003148,CUST_02529,SAVINGS,2009-04-08,ACTIVE,N,,
ACC_003149,CUST_02530,SAVINGS,1990-01-16,ACTIVE,N,,
ACC_003150,CUST_02531,SAVINGS,1986-11-24,DORMANT,Y,2022-06-14,
ACC_003151,CUST_02531,SAVINGS,1993-11-16,ACTIVE,N,,
ACC_003152,CUST_02532,SAVINGS,2000-07-30,ACTIVE,N,,
ACC_003153,CUST_02533,SAVINGS,1972-08-02,ACTIVE,N,,
ACC_003154,CUST_02534,SAVINGS,1969-04-05,ACTIVE,N,,
ACC_003155,CUST_02535,SAVINGS,1989-06-30,ACTIVE,N,,
ACC_003156,CUST_02536,SAVINGS,2021-03-19,ACTIVE,N,,
ACC_003157,CUST_02537,SAVINGS,1977-10-29,ACTIVE,N,,
ACC_003158,CUST_02538,SAVINGS,2000-07-12,ACTIVE,N,,
ACC_003159,CUST_02539,SAVINGS,2020-09-08,ACTIVE,N,,
ACC_003160,CUST_02540,CURRENT,1984-03-12,ACTIVE,N,,
ACC_003161,CUST_02541,SAVINGS,2014-04-03,ACTIVE,N,,
ACC_003162,CUST_02542,SAVINGS,2012-12-30,ACTIVE,N,,
ACC_003163,CUST_02543,SAVINGS,1978-08-31,ACTIVE,N,,
ACC_003164,CUST_02544,CURRENT,1994-12-09,ACTIVE,N,,
ACC_003165,CUST_02545,SAVINGS,1968-06-02,ACTIVE,N,,
ACC_003166,CUST_02546,CURRENT,1972-05-09,ACTIVE,N,,
ACC_003167,CUST_02547,SAVINGS,2021-05-14,ACTIVE,N,,
ACC_003168,CUST_02548,SAVINGS,2014-06-30,ACTIVE,N,,
ACC_003169,CUST_02549,SAVINGS,1951-05-04,ACTIVE,N,,
ACC_003170,CUST_02550,SAVINGS,1993-03-28,ACTIVE,N,,
ACC_003171,CUST_02551,SAVINGS,2006-08-29,DORMANT,Y,2012-10-03,
ACC_003172,CUST_02552,SAVINGS,1970-06-18,ACTIVE,N,,
ACC_003173,CUST_02552,SAVINGS,2014-01-13,ACTIVE,N,,
ACC_003174,CUST_02553,SAVINGS,1959-02-15,DORMANT,Y,1959-07-04,
ACC_003175,CUST_02554,CURRENT,1992-06-10,ACTIVE,N,,
ACC_003176,CUST_02555,SAVINGS,1975-07-18,DORMANT,Y,1989-02-06,
ACC_003177,CUST_02556,SAVINGS,1962-10-10,ACTIVE,N,,
ACC_003178,CUST_02557,SAVINGS,2023-03-09,ACTIVE,N,,
ACC_003179,CUST_02558,SAVINGS,2012-05-31,INACTIVE,N,,2018-01-16
ACC_003180,CUST_02559,SAVINGS,1962-11-22,ACTIVE,N,,
ACC_003181,CUST_02560,SAVINGS,1958-04-26,ACTIVE,N,,
ACC_003182,CUST_02561,SAVINGS,2013-10-15,ACTIVE,N,,
ACC_003183,CUST_02562,SAVINGS,1971-04-18,ACTIVE,N,,
ACC_003184,CUST_02563,SAVINGS,1959-02-02,ACTIVE,N,,
ACC_003185,CUST_02564,SAVINGS,1997-09-12,DORMANT,Y,2019-05-08,
ACC_003186,CUST_02565,SAVINGS,1980-10-05,ACTIVE,N,,
ACC_003187,CUST_02565,SAVINGS,1996-12-12,ACTIVE,N,,
ACC_003188,CUST_02565,SAVINGS,1951-12-04,ACTIVE,N,,
ACC_003189,CUST_02566,SAVINGS,1976-03-21,ACTIVE,N,,
ACC_003190,CUST_02567,SAVINGS,1987-05-16,ACTIVE,N,,
ACC_003191,CUST_02568,SAVINGS,1988-09-05,ACTIVE,N,,
ACC_003192,CUST_02569,SAVINGS,2008-01-01,ACTIVE,N,,
ACC_003193,CUST_02570,CURRENT,1991-08-12,DORMANT,Y,2004-02-09,
ACC_003194,CUST_02570,CURRENT,2004-11-19,ACTIVE,N,,
ACC_003195,CUST_02570,CURRENT,1984-09-02,ACTIVE,N,,
ACC_003196,CUST_02571,SAVINGS,2023-08-20,ACTIVE,N,,
ACC_003197,CUST_02572,CURRENT,1977-07-28,INACTIVE,N,,1982-11-04
ACC_003198,CUST_02573,SAVINGS,1970-09-29,ACTIVE,N,,
ACC_003199,CUST_02574,SAVINGS,1964-01-06,ACTIVE,N,,
ACC_003200,CUST_02574,SAVINGS,1979-06-17,ACTIVE,N,,
ACC_003201,CUST_02575,SAVINGS,1988-02-09,ACTIVE,N,,
ACC_003202,CUST_02576,SAVINGS,1974-04-09,ACTIVE,N,,
ACC_003203,CUST_02577,SAVINGS,1985-10-14,ACTIVE,N,,
ACC_003204,CUST_02578,SAVINGS,1963-12-05,ACTIVE,N,,
ACC_003205,CUST_02579,SAVINGS,1967-03-31,ACTIVE,N,,
ACC_003206,CUST_02579,SAVINGS,2021-02-01,ACTIVE,N,,
ACC_003207,CUST_02579,SAVINGS,2002-02-13,INACTIVE,N,,2013-05-09
ACC_003208,CUST_02580,SAVINGS,1987-09-25,ACTIVE,N,,
ACC_003209,CUST_02581,SAVINGS,2014-06-07,ACTIVE,N,,
ACC_003210,CUST_02582,CURRENT,1978-06-27,ACTIVE,N,,
ACC_003211,CUST_02583,SAVINGS,1972-11-17,ACTIVE,N,,
ACC_003212,CUST_02583,SAVINGS,1950-05-13,ACTIVE,N,,
ACC_003213,CUST_02584,SAVINGS,1981-07-21,ACTIVE,N,,
ACC_003214,CUST_02584,SAVINGS,1979-06-17,ACTIVE,N,,
ACC_003215,CUST_02584,SAVINGS,1962-06-07,ACTIVE,N,,
ACC_003216,CUST_02585,SAVINGS,1969-12-09,ACTIVE,N,,
ACC_003217,CUST_02585,SAVINGS,1969-07-05,ACTIVE,N,,
ACC_003218,CUST_02586,SAVINGS,1972-06-07,ACTIVE,N,,
ACC_003219,CUST_02587,SAVINGS,2014-09-17,ACTIVE,N,,
ACC_003220,CUST_02588,CURRENT,1950-01-13,ACTIVE,N,,
ACC_003221,CUST_02589,SAVINGS,1994-01-03,ACTIVE,N,,
ACC_003222,CUST_02590,SAVINGS,1960-08-02,ACTIVE,N,,
ACC_003223,CUST_02591,CURRENT,1957-02-07,ACTIVE,N,,
ACC_003224,CUST_02592,SAVINGS,1968-08-23,ACTIVE,N,,
ACC_003225,CUST_02593,SAVINGS,2019-08-24,ACTIVE,N,,
ACC_003226,CUST_02593,SAVINGS,2009-11-04,ACTIVE,N,,
ACC_003227,CUST_02594,SAVINGS,2007-11-25,ACTIVE,N,,
ACC_003228,CUST_02595,SAVINGS,2014-03-13,ACTIVE,N,,
ACC_003229,CUST_02596,SAVINGS,1994-07-08,ACTIVE,N,,
ACC_003230,CUST_02596,SAVINGS,1991-03-07,ACTIVE,N,,
ACC_003231,CUST_02597,SAVINGS,2018-02-06,DORMANT,Y,2024-07-25,
ACC_003232,CUST_02597,SAVINGS,1965-12-18,ACTIVE,N,,
ACC_003233,CUST_02598,SAVINGS,1982-10-08,ACTIVE,N,,
ACC_003234,CUST_02598,SAVINGS,2003-07-10,ACTIVE,N,,
ACC_003235,CUST_02599,SAVINGS,2001-05-09,ACTIVE,N,,
ACC_003236,CUST_02600,SAVINGS,2002-06-21,ACTIVE,N,,
ACC_003237,CUST_02601,SAVINGS,2014-07-30,DORMANT,Y,2020-08-12,
ACC_003238,CUST_02602,SAVINGS,1992-06-06,ACTIVE,N,,
ACC_003239,CUST_02603,SAVINGS,2021-01-16,ACTIVE,N,,
ACC_003240,CUST_02604,SAVINGS,1993-02-20,ACTIVE,N,,
ACC_003241,CUST_02605,CURRENT,2022-03-24,ACTIVE,N,,
ACC_003242,CUST_02606,SAVINGS,1960-08-23,ACTIVE,N,,
ACC_003243,CUST_02607,SAVINGS,1979-02-10,ACTIVE,N,,
ACC_003244,CUST_02608,SAVINGS,1972-08-10,ACTIVE,N,,
ACC_003245,CUST_02608,SAVINGS,1987-10-20,DORMANT,Y,1997-07-10,
ACC_003246,CUST_02609,SAVINGS,2009-07-05,ACTIVE,N,,
ACC_003247,CUST_02610,SAVINGS,2010-02-09,ACTIVE,N,,
ACC_003248,CUST_02611,SAVINGS,2016-09-13,ACTIVE,N,,
ACC_003249,CUST_02611,SAVINGS,1984-02-06,ACTIVE,N,,
ACC_003250,CUST_02611,CURRENT,1966-05-14,ACTIVE,N,,
ACC_003251,CUST_02612,CURRENT,2009-04-05,ACTIVE,N,,
ACC_003252,CUST_02613,SAVINGS,1997-05-22,INACTIVE,N,,2003-06-12
ACC_003253,CUST_02614,CURRENT,1953-06-11,ACTIVE,N,,
ACC_003254,CUST_02615,SAVINGS,1999-10-09,ACTIVE,N,,
ACC_003255,CUST_02616,SAVINGS,2013-06-07,ACTIVE,N,,
ACC_003256,CUST_02617,SAVINGS,1997-02-02,ACTIVE,N,,
ACC_003257,CUST_02618,SAVINGS,2007-09-20,DORMANT,Y,2014-12-28,
ACC_003258,CUST_02619,SAVINGS,1975-12-29,ACTIVE,N,,
ACC_003259,CUST_02620,SAVINGS,2002-01-20,INACTIVE,N,,2014-10-14
ACC_003260,CUST_02621,SAVINGS,1974-05-13,ACTIVE,N,,
ACC_003261,CUST_02622,CURRENT,1951-06-15,ACTIVE,N,,
ACC_003262,CUST_02623,SAVINGS,1976-08-27,ACTIVE,N,,
ACC_003263,CUST_02624,CURRENT,2010-03-02,ACTIVE,N,,
ACC_003264,CUST_02624,CURRENT,1999-02-17,ACTIVE,N,,
ACC_003265,CUST_02625,SAVINGS,2021-08-03,ACTIVE,N,,
ACC_003266,CUST_02626,SAVINGS,1976-07-10,ACTIVE,N,,
ACC_003267,CUST_02626,SAVINGS,1950-10-07,ACTIVE,N,,
ACC_003268,CUST_02627,SAVINGS,1992-03-30,ACTIVE,N,,
ACC_003269,CUST_02628,SAVINGS,1994-09-14,ACTIVE,N,,
ACC_003270,CUST_02629,SAVINGS,1962-10-23,ACTIVE,N,,
ACC_003271,CUST_02630,SAVINGS,2000-03-15,ACTIVE,N,,
ACC_003272,CUST_02631,SAVINGS,1984-07-15,ACTIVE,N,,
ACC_003273,CUST_02632,SAVINGS,2018-06-06,DORMANT,Y,2018-07-16,
ACC_003274,CUST_02633,SAVINGS,1987-02-28,ACTIVE,N,,
ACC_003275,CUST_02634,SAVINGS,1954-07-25,ACTIVE,N,,
ACC_003276,CUST_02635,SAVINGS,1987-06-03,ACTIVE,N,,
ACC_003277,CUST_02636,CURRENT,2015-02-27,ACTIVE,N,,
ACC_003278,CUST_02636,SAVINGS,2004-03-17,ACTIVE,N,,
ACC_003279,CUST_02637,SAVINGS,1955-12-24,ACTIVE,N,,
ACC_003280,CUST_02637,SAVINGS,1984-06-09,ACTIVE,N,,
ACC_003281,CUST_02638,SAVINGS,1987-04-26,DORMANT,Y,1991-03-18,
ACC_003282,CUST_02639,SAVINGS,1954-02-21,ACTIVE,N,,
ACC_003283,CUST_02640,SAVINGS,2014-01-29,ACTIVE,N,,
ACC_003284,CUST_02641,SAVINGS,2011-11-09,ACTIVE,N,,
ACC_003285,CUST_02642,SAVINGS,2016-09-23,ACTIVE,N,,
ACC_003286,CUST_02642,SAVINGS,1973-08-26,ACTIVE,N,,
ACC_003287,CUST_02643,SAVINGS,2014-06-09,INACTIVE,N,,2023-09-20
ACC_003288,CUST_02644,SAVINGS,1964-02-21,INACTIVE,N,,1966-09-27
ACC_003289,CUST_02644,SAVINGS,2000-04-17,DORMANT,Y,2001-04-10,
ACC_003290,CUST_02644,SAVINGS,1970-11-07,ACTIVE,N,,
ACC_003291,CUST_02645,SAVINGS,1974-01-29,ACTIVE,N,,
ACC_003292,CUST_02646,SAVINGS,1967-12-02,ACTIVE,N,,
ACC_003293,CUST_02647,SAVINGS,1961-04-10,INACTIVE,N,,1989-10-28
ACC_003294,CUST_02647,CURRENT,1966-04-03,ACTIVE,N,,
ACC_003295,CUST_02648,SAVINGS,1957-08-18,ACTIVE,N,,
ACC_003296,CUST_02648,SAVINGS,2010-05-06,ACTIVE,N,,
ACC_003297,CUST_02649,SAVINGS,1958-06-26,ACTIVE,N,,
ACC_003298,CUST_02650,CURRENT,1992-10-07,ACTIVE,N,,
ACC_003299,CUST_02651,CURRENT,1963-04-08,ACTIVE,N,,
ACC_003300,CUST_02652,SAVINGS,2024-01-19,ACTIVE,N,,
ACC_003301,CUST_02653,SAVINGS,1987-10-07,ACTIVE,N,,
ACC_003302,CUST_02654,SAVINGS,1976-06-05,DORMANT,Y,2021-01-02,
ACC_003303,CUST_02655,CURRENT,1952-04-08,ACTIVE,N,,
ACC_003304,CUST_02656,SAVINGS,1995-04-11,ACTIVE,N,,
ACC_003305,CUST_02657,SAVINGS,1993-01-27,ACTIVE,N,,
ACC_003306,CUST_02658,CURRENT,1973-01-11,ACTIVE,N,,
ACC_003307,CUST_02658,CURRENT,1999-11-06,ACTIVE,N,,
ACC_003308,CUST_02659,SAVINGS,2020-04-10,ACTIVE,N,,
ACC_003309,CUST_02660,CURRENT,1951-12-06,ACTIVE,N,,
ACC_003310,CUST_02660,SAVINGS,2004-11-14,ACTIVE,N,,
ACC_003311,CUST_02661,SAVINGS,2006-09-02,ACTIVE,N,,
ACC_003312,CUST_02662,CURRENT,1958-05-15,ACTIVE,N,,
ACC_003313,CUST_02663,SAVINGS,1958-11-03,ACTIVE,N,,
ACC_003314,CUST_02663,SAVINGS,1976-04-05,ACTIVE,N,,
ACC_003315,CUST_02664,SAVINGS,2018-04-04,ACTIVE,N,,
ACC_003316,CUST_02664,SAVINGS,1970-01-28,ACTIVE,N,,
ACC_003317,CUST_02665,SAVINGS,1986-04-16,ACTIVE,N,,
ACC_003318,CUST_02666,SAVINGS,1961-06-06,INACTIVE,N,,1973-03-04
ACC_003319,CUST_02667,SAVINGS,2010-05-07,ACTIVE,N,,
ACC_003320,CUST_02668,SAVINGS,1956-01-22,DORMANT,Y,1993-07-22,
ACC_003321,CUST_02669,SAVINGS,1977-01-15,ACTIVE,N,,
ACC_003322,CUST_02669,SAVINGS,2018-10-17,ACTIVE,N,,
ACC_003323,CUST_02669,SAVINGS,2005-09-13,DORMANT,Y,2011-08-02,
ACC_003324,CUST_02670,SAVINGS,1950-06-10,ACTIVE,N,,
ACC_003325,CUST_02671,SAVINGS,1992-05-08,ACTIVE,N,,
ACC_003326,CUST_02672,SAVINGS,1987-04-05,ACTIVE,N,,
ACC_003327,CUST_02673,SAVINGS,1997-09-23,ACTIVE,N,,
ACC_003328,CUST_02674,SAVINGS,1966-01-08,ACTIVE,N,,
ACC_003329,CUST_02675,CURRENT,1996-06-21,ACTIVE,N,,
ACC_003330,CUST_02676,SAVINGS,2013-06-16,ACTIVE,N,,
ACC_003331,CUST_02677,SAVINGS,1961-09-19,ACTIVE,N,,
ACC_003332,CUST_02678,SAVINGS,2013-01-06,ACTIVE,N,,
ACC_003333,CUST_02679,SAVINGS,1961-12-31,ACTIVE,N,,
ACC_003334,CUST_02680,SAVINGS,1965-10-28,ACTIVE,N,,
ACC_003335,CUST_02681,SAVINGS,1962-04-29,ACTIVE,N,,
ACC_003336,CUST_02681,CURRENT,1974-11-03,INACTIVE,N,,2024-06-26
ACC_003337,CUST_02682,CURRENT,1961-10-05,ACTIVE,N,,
ACC_003338,CUST_02683,SAVINGS,1975-04-09,DORMANT,Y,1996-11-15,
ACC_003339,CUST_02684,CURRENT,1952-09-26,ACTIVE,N,,
ACC_003340,CUST_02684,SAVINGS,1973-01-17,ACTIVE,N,,
ACC_003341,CUST_02685,SAVINGS,1951-06-03,ACTIVE,N,,
ACC_003342,CUST_02686,SAVINGS,1979-08-10,ACTIVE,N,,
ACC_003343,CUST_02686,CURRENT,2000-12-21,ACTIVE,N,,
ACC_003344,CUST_02687,SAVINGS,2012-08-27,ACTIVE,N,,
ACC_003345,CUST_02688,SAVINGS,1961-01-23,ACTIVE,N,,
ACC_003346,CUST_02688,SAVINGS,1983-08-01,ACTIVE,N,,
ACC_003347,CUST_02689,SAVINGS,1991-11-21,ACTIVE,N,,
ACC_003348,CUST_02689,SAVINGS,1976-01-03,ACTIVE,N,,
ACC_003349,CUST_02690,SAVINGS,1968-01-25,DORMANT,Y,1989-03-12,
ACC_003350,CUST_02691,CURRENT,1957-04-05,ACTIVE,N,,
ACC_003351,CUST_02692,SAVINGS,2001-08-16,ACTIVE,N,,
ACC_003352,CUST_02693,SAVINGS,1989-01-26,INACTIVE,N,,2001-03-08
ACC_003353,CUST_02694,SAVINGS,1987-12-20,ACTIVE,N,,
ACC_003354,CUST_02695,SAVINGS,1969-02-10,ACTIVE,N,,
ACC_003355,CUST_02696,CURRENT,1992-12-11,DORMANT,Y,2007-01-11,
ACC_003356,CUST_02697,SAVINGS,1980-10-02,ACTIVE,N,,
ACC_003357,CUST_02698,SAVINGS,1975-08-15,ACTIVE,N,,
ACC_003358,CUST_02699,SAVINGS,1987-02-16,ACTIVE,N,,
ACC_003359,CUST_02700,SAVINGS,1977-02-11,ACTIVE,N,,
ACC_003360,CUST_02701,SAVINGS,1974-02-08,ACTIVE,N,,
ACC_003361,CUST_02701,SAVINGS,1990-02-21,INACTIVE,N,,2007-10-16
ACC_003362,CUST_02702,SAVINGS,2009-10-30,ACTIVE,N,,
ACC_003363,CUST_02703,SAVINGS,1986-01-02,DORMANT,Y,1992-04-16,
ACC_003364,CUST_02704,SAVINGS,2016-09-03,DORMANT,Y,2019-09-11,
ACC_003365,CUST_02705,CURRENT,1999-06-28,ACTIVE,N,,
ACC_003366,CUST_02706,SAVINGS,1997-06-24,ACTIVE,N,,
ACC_003367,CUST_02707,SAVINGS,2021-03-09,ACTIVE,N,,
ACC_003368,CUST_02708,SAVINGS,2011-03-15,DORMANT,Y,2021-12-08,
ACC_003369,CUST_02708,CURRENT,1973-03-15,ACTIVE,N,,
ACC_003370,CUST_02708,SAVINGS,1954-12-31,ACTIVE,N,,
ACC_003371,CUST_02709,SAVINGS,2002-06-29,ACTIVE,N,,
ACC_003372,CUST_02710,SAVINGS,1971-03-12,INACTIVE,N,,2007-10-19
ACC_003373,CUST_02711,CURRENT,1978-09-03,ACTIVE,N,,
ACC_003374,CUST_02712,CURRENT,2009-01-17,INACTIVE,N,,2014-12-12
ACC_003375,CUST_02712,CURRENT,1989-04-16,DORMANT,Y,2003-05-29,
ACC_003376,CUST_02713,SAVINGS,1996-07-27,ACTIVE,N,,
ACC_003377,CUST_02714,SAVINGS,2018-07-25,DORMANT,Y,2023-04-03,
ACC_003378,CUST_02715,SAVINGS,1986-08-09,DORMANT,Y,1992-10-11,
ACC_003379,CUST_02716,SAVINGS,2019-11-09,ACTIVE,N,,
ACC_003380,CUST_02717,CURRENT,1978-09-06,ACTIVE,N,,
ACC_003381,CUST_02718,SAVINGS,1985-02-21,ACTIVE,N,,
ACC_003382,CUST_02719,SAVINGS,1979-09-15,DORMANT,Y,2011-07-13,
ACC_003383,CUST_02720,SAVINGS,1985-07-02,DORMANT,Y,1987-08-22,
ACC_003384,CUST_02721,CURRENT,1965-09-10,ACTIVE,N,,
ACC_003385,CUST_02722,SAVINGS,2020-05-14,ACTIVE,N,,
ACC_003386,CUST_02722,SAVINGS,1975-05-17,INACTIVE,N,,2007-09-17
ACC_003387,CUST_02723,SAVINGS,1969-01-11,ACTIVE,N,,
ACC_003388,CUST_02724,SAVINGS,2013-08-04,ACTIVE,N,,
ACC_003389,CUST_02725,CURRENT,1993-12-16,ACTIVE,N,,
ACC_003390,CUST_02726,CURRENT,2000-09-01,ACTIVE,N,,
ACC_003391,CUST_02727,SAVINGS,2001-06-08,ACTIVE,N,,
ACC_003392,CUST_02728,SAVINGS,1954-08-10,ACTIVE,N,,
ACC_003393,CUST_02729,SAVINGS,1993-11-16,ACTIVE,N,,
ACC_003394,CUST_02729,SAVINGS,1964-03-28,ACTIVE,N,,
ACC_003395,CUST_02730,CURRENT,1998-11-05,ACTIVE,N,,
ACC_003396,CUST_02731,SAVINGS,1951-01-28,ACTIVE,N,,
ACC_003397,CUST_02732,CURRENT,1971-08-10,DORMANT,Y,2000-04-13,
ACC_003398,CUST_02733,SAVINGS,2014-09-19,DORMANT,Y,2020-05-29,
ACC_003399,CUST_02734,SAVINGS,1995-10-28,DORMANT,Y,2017-11-12,
ACC_003400,CUST_02735,CURRENT,1963-08-22,ACTIVE,N,,
ACC_003401,CUST_02735,CURRENT,1975-06-20,ACTIVE,N,,
ACC_003402,CUST_02736,SAVINGS,1998-09-22,DORMANT,Y,2009-02-22,
ACC_003403,CUST_02737,SAVINGS,1972-02-25,ACTIVE,N,,
ACC_003404,CUST_02738,SAVINGS,2013-07-15,ACTIVE,N,,
ACC_003405,CUST_02739,SAVINGS,2024-06-01,ACTIVE,N,,
ACC_003406,CUST_02740,SAVINGS,1975-05-04,DORMANT,Y,1976-10-25,
ACC_003407,CUST_02741,SAVINGS,2009-10-01,ACTIVE,N,,
ACC_003408,CUST_02742,SAVINGS,2012-02-15,ACTIVE,N,,
ACC_003409,CUST_02743,SAVINGS,2009-03-14,ACTIVE,N,,
ACC_003410,CUST_02743,SAVINGS,2004-05-07,DORMANT,Y,2020-06-17,
ACC_003411,CUST_02744,SAVINGS,1983-02-25,ACTIVE,N,,
ACC_003412,CUST_02745,SAVINGS,1984-05-17,DORMANT,Y,2009-10-09,
ACC_003413,CUST_02746,SAVINGS,1995-12-27,ACTIVE,N,,
ACC_003414,CUST_02746,CURRENT,2015-09-05,ACTIVE,N,,
ACC_003415,CUST_02747,SAVINGS,2004-08-06,ACTIVE,N,,
ACC_003416,CUST_02748,SAVINGS,1990-11-08,ACTIVE,N,,
ACC_003417,CUST_02749,SAVINGS,1955-06-18,ACTIVE,N,,
ACC_003418,CUST_02750,SAVINGS,1981-11-21,ACTIVE,N,,
ACC_003419,CUST_02751,SAVINGS,2018-12-31,ACTIVE,N,,
ACC_003420,CUST_02751,CURRENT,1964-09-05,ACTIVE,N,,
ACC_003421,CUST_02752,SAVINGS,2007-04-19,ACTIVE,N,,
ACC_003422,CUST_02752,SAVINGS,2007-12-19,ACTIVE,N,,
ACC_003423,CUST_02752,SAVINGS,1986-08-30,ACTIVE,N,,
ACC_003424,CUST_02753,SAVINGS,2004-07-17,ACTIVE,N,,
ACC_003425,CUST_02754,SAVINGS,1953-11-20,ACTIVE,N,,
ACC_003426,CUST_02755,CURRENT,1972-04-28,ACTIVE,N,,
ACC_003427,CUST_02756,SAVINGS,2019-09-17,DORMANT,Y,2021-02-14,
ACC_003428,CUST_02757,SAVINGS,1990-11-29,ACTIVE,N,,
ACC_003429,CUST_02758,CURRENT,2021-04-30,ACTIVE,N,,
ACC_003430,CUST_02759,SAVINGS,1977-01-04,INACTIVE,N,,2015-08-30
ACC_003431,CUST_02759,SAVINGS,1968-12-29,ACTIVE,N,,
ACC_003432,CUST_02760,SAVINGS,1967-09-05,ACTIVE,N,,
ACC_003433,CUST_02761,SAVINGS,1995-05-05,ACTIVE,N,,
ACC_003434,CUST_02762,SAVINGS,1957-04-28,ACTIVE,N,,
ACC_003435,CUST_02763,SAVINGS,1962-04-21,ACTIVE,N,,
ACC_003436,CUST_02763,CURRENT,1992-02-04,DORMANT,Y,2019-01-26,
ACC_003437,CUST_02764,CURRENT,1969-04-03,ACTIVE,N,,
ACC_003438,CUST_02765,CURRENT,1997-02-07,ACTIVE,N,,
ACC_003439,CUST_02766,SAVINGS,2012-06-06,ACTIVE,N,,
ACC_003440,CUST_02767,SAVINGS,2003-11-23,ACTIVE,N,,
ACC_003441,CUST_02768,SAVINGS,1972-07-03,ACTIVE,N,,
ACC_003442,CUST_02769,SAVINGS,2012-09-07,ACTIVE,N,,
ACC_003443,CUST_02770,SAVINGS,1950-02-11,ACTIVE,N,,
ACC_003444,CUST_02771,SAVINGS,1970-01-27,ACTIVE,N,,
ACC_003445,CUST_02772,SAVINGS,1977-04-11,ACTIVE,N,,
ACC_003446,CUST_02773,SAVINGS,1973-06-02,ACTIVE,N,,
ACC_003447,CUST_02774,SAVINGS,1991-01-02,ACTIVE,N,,
ACC_003448,CUST_02774,SAVINGS,1991-11-09,ACTIVE,N,,
ACC_003449,CUST_02775,SAVINGS,1960-12-09,ACTIVE,N,,
ACC_003450,CUST_02776,SAVINGS,1975-02-15,ACTIVE,N,,
ACC_003451,CUST_02777,SAVINGS,1982-02-22,ACTIVE,N,,
ACC_003452,CUST_02778,SAVINGS,1977-09-03,ACTIVE,N,,
ACC_003453,CUST_02779,SAVINGS,2009-05-31,ACTIVE,N,,
ACC_003454,CUST_02779,CURRENT,1962-04-10,ACTIVE,N,,
ACC_003455,CUST_02779,SAVINGS,1983-04-23,ACTIVE,N,,
ACC_003456,CUST_02780,SAVINGS,1970-12-24,ACTIVE,N,,
ACC_003457,CUST_02781,CURRENT,2000-12-08,ACTIVE,N,,
ACC_003458,CUST_02782,SAVINGS,1950-09-03,ACTIVE,N,,
ACC_003459,CUST_02783,SAVINGS,2014-12-19,INACTIVE,N,,2017-09-04
ACC_003460,CUST_02784,SAVINGS,1996-11-30,INACTIVE,N,,2000-04-24
ACC_003461,CUST_02784,SAVINGS,2014-01-28,DORMANT,Y,2023-06-06,
ACC_003462,CUST_02785,CURRENT,2003-08-19,ACTIVE,N,,
ACC_003463,CUST_02785,CURRENT,1978-12-03,ACTIVE,N,,
ACC_003464,CUST_02786,SAVINGS,2014-04-13,ACTIVE,N,,
ACC_003465,CUST_02787,CURRENT,2001-03-19,ACTIVE,N,,
ACC_003466,CUST_02788,SAVINGS,2013-01-29,DORMANT,Y,2017-03-17,
ACC_003467,CUST_02789,SAVINGS,1963-01-16,DORMANT,Y,1989-06-01,
ACC_003468,CUST_02789,SAVINGS,1967-06-28,ACTIVE,N,,
ACC_003469,CUST_02790,SAVINGS,1993-04-30,ACTIVE,N,,
ACC_003470,CUST_02791,SAVINGS,1968-03-04,ACTIVE,N,,
ACC_003471,CUST_02791,CURRENT,2004-06-04,ACTIVE,N,,
ACC_003472,CUST_02791,SAVINGS,1994-07-09,ACTIVE,N,,
ACC_003473,CUST_02792,SAVINGS,1988-07-17,DORMANT,Y,2017-06-08,
ACC_003474,CUST_02793,SAVINGS,2003-08-09,ACTIVE,N,,
ACC_003475,CUST_02794,SAVINGS,2022-09-11,ACTIVE,N,,
ACC_003476,CUST_02794,SAVINGS,1959-10-03,ACTIVE,N,,
ACC_003477,CUST_02795,SAVINGS,1997-03-17,ACTIVE,N,,
ACC_003478,CUST_02796,SAVINGS,2016-06-16,INACTIVE,N,,2016-11-30
ACC_003479,CUST_02797,SAVINGS,1980-03-04,ACTIVE,N,,
ACC_003480,CUST_02798,SAVINGS,1974-04-01,ACTIVE,N,,
ACC_003481,CUST_02799,SAVINGS,1982-01-02,ACTIVE,N,,
ACC_003482,CUST_02799,CURRENT,2000-03-28,ACTIVE,N,,
ACC_003483,CUST_02800,SAVINGS,1999-04-23,ACTIVE,N,,
ACC_003484,CUST_02801,SAVINGS,1996-04-03,ACTIVE,N,,
ACC_003485,CUST_02802,CURRENT,2018-04-01,ACTIVE,N,,
ACC_003486,CUST_02803,CURRENT,1950-03-21,ACTIVE,N,,
ACC_003487,CUST_02804,SAVINGS,2004-03-11,ACTIVE,N,,
ACC_003488,CUST_02805,SAVINGS,1960-07-08,ACTIVE,N,,
ACC_003489,CUST_02805,SAVINGS,1981-04-25,ACTIVE,N,,
ACC_003490,CUST_02806,SAVINGS,1968-10-16,ACTIVE,N,,
ACC_003491,CUST_02807,SAVINGS,2018-01-16,ACTIVE,N,,
ACC_003492,CUST_02808,SAVINGS,1975-08-02,ACTIVE,N,,
ACC_003493,CUST_02809,SAVINGS,1956-01-09,ACTIVE,N,,
ACC_003494,CUST_02810,SAVINGS,1978-10-01,ACTIVE,N,,
ACC_003495,CUST_02811,SAVINGS,1991-02-04,ACTIVE,N,,
ACC_003496,CUST_02812,SAVINGS,2009-04-04,DORMANT,Y,2010-11-01,
ACC_003497,CUST_02812,SAVINGS,1996-03-20,ACTIVE,N,,
ACC_003498,CUST_02812,SAVINGS,2002-04-10,ACTIVE,N,,
ACC_003499,CUST_02813,SAVINGS,1974-06-25,ACTIVE,N,,
ACC_003500,CUST_02814,SAVINGS,2007-12-10,ACTIVE,N,,
ACC_003501,CUST_02815,SAVINGS,1970-07-08,ACTIVE,N,,
ACC_003502,CUST_02816,SAVINGS,1988-10-13,ACTIVE,N,,
ACC_003503,CUST_02817,SAVINGS,1992-05-04,DORMANT,Y,2005-07-02,
ACC_003504,CUST_02818,SAVINGS,2015-06-02,ACTIVE,N,,
ACC_003505,CUST_02819,SAVINGS,1954-09-28,ACTIVE,N,,
ACC_003506,CUST_02819,CURRENT,1985-07-11,ACTIVE,N,,
ACC_003507,CUST_02820,SAVINGS,2007-05-26,ACTIVE,N,,
ACC_003508,CUST_02821,CURRENT,1974-06-07,DORMANT,Y,1985-07-23,
ACC_003509,CUST_02822,SAVINGS,2004-03-13,DORMANT,Y,2021-10-19,
ACC_003510,CUST_02823,SAVINGS,1964-06-26,ACTIVE,N,,
ACC_003511,CUST_02823,SAVINGS,2013-04-11,ACTIVE,N,,
ACC_003512,CUST_02823,SAVINGS,1961-04-01,ACTIVE,N,,
ACC_003513,CUST_02824,SAVINGS,1997-02-17,DORMANT,Y,2020-06-22,
ACC_003514,CUST_02825,SAVINGS,1963-10-20,ACTIVE,N,,
ACC_003515,CUST_02826,SAVINGS,2005-01-18,ACTIVE,N,,
ACC_003516,CUST_02827,SAVINGS,1951-08-31,INACTIVE,N,,1973-07-23
ACC_003517,CUST_02828,SAVINGS,1993-06-02,ACTIVE,N,,
ACC_003518,CUST_02829,SAVINGS,1967-07-10,ACTIVE,N,,
ACC_003519,CUST_02830,SAVINGS,2018-12-31,ACTIVE,N,,
ACC_003520,CUST_02831,SAVINGS,2002-04-06,ACTIVE,N,,
ACC_003521,CUST_02832,SAVINGS,2011-11-19,ACTIVE,N,,
ACC_003522,CUST_02833,SAVINGS,1951-07-31,INACTIVE,N,,2017-09-28
ACC_003523,CUST_02834,SAVINGS,2004-09-02,ACTIVE,N,,
ACC_003524,CUST_02835,SAVINGS,2007-07-01,ACTIVE,N,,
ACC_003525,CUST_02836,CURRENT,1957-06-02,ACTIVE,N,,
ACC_003526,CUST_02836,CURRENT,1991-03-26,ACTIVE,N,,
ACC_003527,CUST_02837,SAVINGS,2007-11-03,ACTIVE,N,,
ACC_003528,CUST_02838,SAVINGS,1985-03-15,ACTIVE,N,,
ACC_003529,CUST_02839,SAVINGS,1965-10-13,ACTIVE,N,,
ACC_003530,CUST_02839,SAVINGS,2011-04-14,ACTIVE,N,,
ACC_003531,CUST_02839,SAVINGS,2018-05-01,INACTIVE,N,,2021-07-02
ACC_003532,CUST_02840,SAVINGS,2014-06-14,ACTIVE,N,,
ACC_003533,CUST_02841,SAVINGS,1995-08-09,ACTIVE,N,,
ACC_003534,CUST_02842,SAVINGS,2022-10-26,ACTIVE,N,,
ACC_003535,CUST_02842,SAVINGS,1999-08-29,DORMANT,Y,2003-06-16,
ACC_003536,CUST_02843,CURRENT,1974-05-05,ACTIVE,N,,
ACC_003537,CUST_02843,CURRENT,2007-09-19,ACTIVE,N,,
ACC_003538,CUST_02844,SAVINGS,2022-05-14,ACTIVE,N,,
ACC_003539,CUST_02844,SAVINGS,2002-03-11,ACTIVE,N,,
ACC_003540,CUST_02845,SAVINGS,1960-11-21,ACTIVE,N,,
ACC_003541,CUST_02845,SAVINGS,1970-06-20,ACTIVE,N,,
ACC_003542,CUST_02846,SAVINGS,1950-12-12,ACTIVE,N,,
ACC_003543,CUST_02847,SAVINGS,1995-11-19,ACTIVE,N,,
ACC_003544,CUST_02848,SAVINGS,1985-02-03,ACTIVE,N,,
ACC_003545,CUST_02849,CURRENT,1976-11-23,DORMANT,Y,2011-12-07,
ACC_003546,CUST_02850,SAVINGS,2011-12-04,ACTIVE,N,,
ACC_003547,CUST_02850,SAVINGS,2009-03-10,ACTIVE,N,,
ACC_003548,CUST_02851,SAVINGS,1956-08-10,ACTIVE,N,,
ACC_003549,CUST_02852,SAVINGS,2013-04-03,ACTIVE,N,,
ACC_003550,CUST_02853,SAVINGS,1988-05-05,ACTIVE,N,,
ACC_003551,CUST_02854,CURRENT,1955-06-04,INACTIVE,N,,1971-12-19
ACC_003552,CUST_02854,CURRENT,2016-08-21,ACTIVE,N,,
ACC_003553,CUST_02855,SAVINGS,2012-08-22,DORMANT,Y,2018-11-20,
ACC_003554,CUST_02856,SAVINGS,1956-10-25,ACTIVE,N,,
ACC_003555,CUST_02857,SAVINGS,2000-04-05,DORMANT,Y,2008-11-04,
ACC_003556,CUST_02858,SAVINGS,2007-12-09,ACTIVE,N,,
ACC_003557,CUST_02859,SAVINGS,1995-12-06,ACTIVE,N,,
ACC_003558,CUST_02860,SAVINGS,1990-04-22,ACTIVE,N,,
ACC_003559,CUST_02861,CURRENT,1953-03-15,ACTIVE,N,,
ACC_003560,CUST_02862,SAVINGS,2023-11-14,ACTIVE,N,,
ACC_003561,CUST_02863,SAVINGS,1986-05-16,DORMANT,Y,1998-07-14,
ACC_003562,CUST_02864,SAVINGS,1989-11-29,DORMANT,Y,2014-03-13,
ACC_003563,CUST_02865,SAVINGS,2006-10-06,ACTIVE,N,,
ACC_003564,CUST_02866,SAVINGS,1952-05-20,ACTIVE,N,,
ACC_003565,CUST_02867,SAVINGS,2010-10-22,ACTIVE,N,,
ACC_003566,CUST_02867,SAVINGS,1994-03-08,DORMANT,Y,2004-04-23,
ACC_003567,CUST_02868,SAVINGS,1954-11-06,INACTIVE,N,,1970-01-17
ACC_003568,CUST_02869,SAVINGS,1998-08-15,ACTIVE,N,,
ACC_003569,CUST_02870,SAVINGS,1954-12-26,ACTIVE,N,,
ACC_003570,CUST_02871,CURRENT,2022-04-22,ACTIVE,N,,
ACC_003571,CUST_02871,CURRENT,2003-12-04,ACTIVE,N,,
ACC_003572,CUST_02872,CURRENT,1983-11-03,ACTIVE,N,,
ACC_003573,CUST_02873,CURRENT,1973-11-06,ACTIVE,N,,
ACC_003574,CUST_02874,SAVINGS,1961-06-09,ACTIVE,N,,
ACC_003575,CUST_02875,SAVINGS,2022-10-24,ACTIVE,N,,
ACC_003576,CUST_02876,SAVINGS,1962-11-15,ACTIVE,N,,
ACC_003577,CUST_02877,SAVINGS,1967-02-27,ACTIVE,N,,
ACC_003578,CUST_02878,SAVINGS,1969-09-08,ACTIVE,N,,
ACC_003579,CUST_02879,SAVINGS,2017-02-27,ACTIVE,N,,
ACC_003580,CUST_02880,SAVINGS,2008-09-03,ACTIVE,N,,
ACC_003581,CUST_02881,SAVINGS,1987-05-22,ACTIVE,N,,
ACC_003582,CUST_02881,SAVINGS,1997-01-03,ACTIVE,N,,
ACC_003583,CUST_02882,CURRENT,2012-05-03,ACTIVE,N,,
ACC_003584,CUST_02883,SAVINGS,1983-03-23,ACTIVE,N,,
ACC_003585,CUST_02884,SAVINGS,2021-04-04,ACTIVE,N,,
ACC_003586,CUST_02884,SAVINGS,2012-05-23,DORMANT,Y,2013-01-30,
ACC_003587,CUST_02885,SAVINGS,1960-06-01,ACTIVE,N,,
ACC_003588,CUST_02886,CURRENT,1994-06-13,ACTIVE,N,,
ACC_003589,CUST_02887,SAVINGS,2000-09-26,ACTIVE,N,,
ACC_003590,CUST_02888,SAVINGS,1955-03-19,DORMANT,Y,1975-03-09,
ACC_003591,CUST_02889,SAVINGS,1963-10-06,DORMANT,Y,1989-10-01,
ACC_003592,CUST_02890,SAVINGS,2019-10-09,ACTIVE,N,,
ACC_003593,CUST_02891,SAVINGS,1960-09-20,ACTIVE,N,,
ACC_003594,CUST_02892,SAVINGS,1995-12-21,ACTIVE,N,,
ACC_003595,CUST_02893,SAVINGS,1991-02-06,ACTIVE,N,,
ACC_003596,CUST_02894,SAVINGS,2007-07-05,ACTIVE,N,,
ACC_003597,CUST_02894,SAVINGS,2004-07-16,ACTIVE,N,,
ACC_003598,CUST_02895,SAVINGS,1953-01-17,ACTIVE,N,,
ACC_003599,CUST_02896,CURRENT,1975-01-13,ACTIVE,N,,
ACC_003600,CUST_02897,SAVINGS,1984-12-16,ACTIVE,N,,
ACC_003601,CUST_02898,SAVINGS,1960-10-16,ACTIVE,N,,
ACC_003602,CUST_02899,SAVINGS,2008-12-28,ACTIVE,N,,
ACC_003603,CUST_02900,SAVINGS,1965-11-05,ACTIVE,N,,
ACC_003604,CUST_02901,SAVINGS,1976-01-31,ACTIVE,N,,
ACC_003605,CUST_02902,SAVINGS,1985-07-09,ACTIVE,N,,
ACC_003606,CUST_02903,SAVINGS,1991-04-08,ACTIVE,N,,
ACC_003607,CUST_02904,SAVINGS,2019-12-18,DORMANT,Y,2024-07-19,
ACC_003608,CUST_02905,SAVINGS,1983-03-05,ACTIVE,N,,
ACC_003609,CUST_02906,SAVINGS,1956-08-24,ACTIVE,N,,
ACC_003610,CUST_02906,SAVINGS,2000-12-07,ACTIVE,N,,
ACC_003611,CUST_02907,SAVINGS,2014-05-13,ACTIVE,N,,
ACC_003612,CUST_02908,SAVINGS,1979-04-17,ACTIVE,N,,
ACC_003613,CUST_02909,SAVINGS,2009-06-20,ACTIVE,N,,
ACC_003614,CUST_02909,SAVINGS,1987-05-26,ACTIVE,N,,
ACC_003615,CUST_02910,SAVINGS,1975-04-11,ACTIVE,N,,
ACC_003616,CUST_02910,SAVINGS,1987-09-06,ACTIVE,N,,
ACC_003617,CUST_02911,CURRENT,2018-04-06,ACTIVE,N,,
ACC_003618,CUST_02911,SAVINGS,1956-03-23,ACTIVE,N,,
ACC_003619,CUST_02912,CURRENT,2004-04-05,INACTIVE,N,,2010-06-05
ACC_003620,CUST_02912,SAVINGS,1988-10-11,ACTIVE,N,,
ACC_003621,CUST_02913,SAVINGS,1987-02-10,ACTIVE,N,,
ACC_003622,CUST_02914,SAVINGS,1950-09-09,ACTIVE,N,,
ACC_003623,CUST_02914,SAVINGS,2005-06-02,ACTIVE,N,,
ACC_003624,CUST_02914,SAVINGS,1978-03-11,ACTIVE,N,,
ACC_003625,CUST_02915,SAVINGS,1952-07-19,ACTIVE,N,,
ACC_003626,CUST_02916,SAVINGS,2006-05-23,ACTIVE,N,,
ACC_003627,CUST_02917,SAVINGS,1967-08-30,ACTIVE,N,,
ACC_003628,CUST_02917,SAVINGS,1987-05-25,DORMANT,Y,2005-07-26,
ACC_003629,CUST_02918,SAVINGS,2012-12-09,DORMANT,Y,2023-02-17,
ACC_003630,CUST_02919,SAVINGS,1993-04-20,ACTIVE,N,,
ACC_003631,CUST_02920,SAVINGS,1963-03-23,ACTIVE,N,,
ACC_003632,CUST_02920,SAVINGS,1980-02-15,DORMANT,Y,1995-06-04,
ACC_003633,CUST_02921,SAVINGS,1952-06-17,ACTIVE,N,,
ACC_003634,CUST_02922,SAVINGS,1994-03-07,ACTIVE,N,,
ACC_003635,CUST_02922,SAVINGS,1980-02-01,ACTIVE,N,,
ACC_003636,CUST_02923,SAVINGS,1958-09-03,ACTIVE,N,,
ACC_003637,CUST_02924,SAVINGS,1989-03-05,ACTIVE,N,,
ACC_003638,CUST_02924,SAVINGS,2012-09-10,ACTIVE,N,,
ACC_003639,CUST_02925,SAVINGS,2007-04-08,ACTIVE,N,,
ACC_003640,CUST_02925,SAVINGS,1994-09-29,ACTIVE,N,,
ACC_003641,CUST_02926,CURRENT,2023-09-11,ACTIVE,N,,
ACC_003642,CUST_02926,CURRENT,2002-12-13,ACTIVE,N,,
ACC_003643,CUST_02927,SAVINGS,2014-09-24,ACTIVE,N,,
ACC_003644,CUST_02928,SAVINGS,1951-09-17,ACTIVE,N,,
ACC_003645,CUST_02929,SAVINGS,1996-09-04,ACTIVE,N,,
ACC_003646,CUST_02930,SAVINGS,1996-05-10,INACTIVE,N,,2007-03-26
ACC_003647,CUST_02931,SAVINGS,1997-02-20,ACTIVE,N,,
ACC_003648,CUST_02931,SAVINGS,2010-06-25,ACTIVE,N,,
ACC_003649,CUST_02932,CURRENT,1970-08-28,DORMANT,Y,2002-02-02,
ACC_003650,CUST_02933,SAVINGS,2017-11-29,ACTIVE,N,,
ACC_003651,CUST_02934,SAVINGS,1978-09-01,ACTIVE,N,,
ACC_003652,CUST_02935,SAVINGS,2022-06-09,ACTIVE,N,,
ACC_003653,CUST_02936,SAVINGS,1973-02-20,ACTIVE,N,,
ACC_003654,CUST_02937,SAVINGS,2003-02-02,ACTIVE,N,,
ACC_003655,CUST_02937,SAVINGS,1984-10-19,ACTIVE,N,,
ACC_003656,CUST_02938,SAVINGS,2004-11-03,ACTIVE,N,,
ACC_003657,CUST_02939,SAVINGS,1954-05-23,ACTIVE,N,,
ACC_003658,CUST_02939,SAVINGS,1960-09-12,ACTIVE,N,,
ACC_003659,CUST_02939,SAVINGS,2016-03-20,ACTIVE,N,,
ACC_003660,CUST_02940,SAVINGS,1996-12-29,ACTIVE,N,,
ACC_003661,CUST_02941,SAVINGS,1961-04-23,ACTIVE,N,,
ACC_003662,CUST_02942,SAVINGS,1978-04-01,ACTIVE,N,,
ACC_003663,CUST_02942,SAVINGS,2022-01-29,ACTIVE,N,,
ACC_003664,CUST_02943,SAVINGS,2000-03-31,ACTIVE,N,,
ACC_003665,CUST_02943,SAVINGS,1991-05-19,DORMANT,Y,2001-04-22,
ACC_003666,CUST_02944,SAVINGS,1992-12-01,ACTIVE,N,,
ACC_003667,CUST_02945,SAVINGS,2011-06-14,ACTIVE,N,,
ACC_003668,CUST_02945,SAVINGS,2013-08-11,ACTIVE,N,,
ACC_003669,CUST_02945,SAVINGS,1954-01-09,ACTIVE,N,,
ACC_003670,CUST_02946,SAVINGS,1971-03-21,ACTIVE,N,,
ACC_003671,CUST_02947,SAVINGS,1972-09-10,ACTIVE,N,,
ACC_003672,CUST_02947,SAVINGS,1997-11-09,ACTIVE,N,,
ACC_003673,CUST_02948,SAVINGS,2008-09-24,INACTIVE,N,,2015-10-19
ACC_003674,CUST_02949,SAVINGS,1953-03-09,ACTIVE,N,,
ACC_003675,CUST_02950,CURRENT,1988-08-21,ACTIVE,N,,
ACC_003676,CUST_02950,CURRENT,2016-10-16,DORMANT,Y,2018-10-15,
ACC_003677,CUST_02951,SAVINGS,2001-01-28,INACTIVE,N,,2019-05-14
ACC_003678,CUST_02952,SAVINGS,1967-12-04,ACTIVE,N,,
ACC_003679,CUST_02953,SAVINGS,2001-07-03,ACTIVE,N,,
ACC_003680,CUST_02954,SAVINGS,1966-10-22,ACTIVE,N,,
ACC_003681,CUST_02955,CURRENT,1963-03-14,ACTIVE,N,,
ACC_003682,CUST_02956,SAVINGS,2003-11-11,ACTIVE,N,,
ACC_003683,CUST_02957,SAVINGS,1979-09-18,ACTIVE,N,,
ACC_003684,CUST_02958,CURRENT,1978-10-05,ACTIVE,N,,
ACC_003685,CUST_02958,CURRENT,1965-01-21,ACTIVE,N,,
ACC_003686,CUST_02959,SAVINGS,1989-05-19,ACTIVE,N,,
ACC_003687,CUST_02960,SAVINGS,1974-04-24,ACTIVE,N,,
ACC_003688,CUST_02960,SAVINGS,1971-08-28,DORMANT,Y,2023-11-03,
ACC_003689,CUST_02961,SAVINGS,2004-08-04,ACTIVE,N,,
ACC_003690,CUST_02961,SAVINGS,2024-11-12,ACTIVE,N,,
ACC_003691,CUST_02962,SAVINGS,2005-08-07,ACTIVE,N,,
ACC_003692,CUST_02962,SAVINGS,1997-11-29,ACTIVE,N,,
ACC_003693,CUST_02963,SAVINGS,1979-08-21,ACTIVE,N,,
ACC_003694,CUST_02964,SAVINGS,2006-11-30,ACTIVE,N,,
ACC_003695,CUST_02965,CURRENT,1987-12-16,ACTIVE,N,,
ACC_003696,CUST_02965,CURRENT,1993-06-21,INACTIVE,N,,2019-09-08
ACC_003697,CUST_02966,SAVINGS,1999-06-06,ACTIVE,N,,
ACC_003698,CUST_02967,CURRENT,1964-05-18,ACTIVE,N,,
ACC_003699,CUST_02968,SAVINGS,1993-04-01,ACTIVE,N,,
ACC_003700,CUST_02969,CURRENT,2018-05-13,ACTIVE,N,,
ACC_003701,CUST_02970,SAVINGS,2022-11-25,ACTIVE,N,,
ACC_003702,CUST_02971,SAVINGS,2022-06-23,ACTIVE,N,,
ACC_003703,CUST_02971,SAVINGS,2003-05-18,ACTIVE,N,,
ACC_003704,CUST_02971,SAVINGS,1980-08-20,ACTIVE,N,,
ACC_003705,CUST_02972,SAVINGS,2004-12-24,ACTIVE,N,,
ACC_003706,CUST_02973,CURRENT,2017-05-07,ACTIVE,N,,
ACC_003707,CUST_02973,SAVINGS,2013-02-20,ACTIVE,N,,
ACC_003708,CUST_02974,SAVINGS,1988-12-18,ACTIVE,N,,
ACC_003709,CUST_02974,SAVINGS,2011-03-04,ACTIVE,N,,
ACC_003710,CUST_02975,SAVINGS,1971-05-13,ACTIVE,N,,
ACC_003711,CUST_02975,SAVINGS,1974-03-05,ACTIVE,N,,
ACC_003712,CUST_02976,CURRENT,2004-06-12,ACTIVE,N,,
ACC_003713,CUST_02977,SAVINGS,1989-04-02,ACTIVE,N,,
ACC_003714,CUST_02978,SAVINGS,1950-06-15,ACTIVE,N,,
ACC_003715,CUST_02979,SAVINGS,2022-06-30,ACTIVE,N,,
ACC_003716,CUST_02980,SAVINGS,1995-06-19,ACTIVE,N,,
ACC_003717,CUST_02980,SAVINGS,2013-02-25,ACTIVE,N,,
ACC_003718,CUST_02981,SAVINGS,1973-06-12,ACTIVE,N,,
ACC_003719,CUST_02981,SAVINGS,1963-05-20,ACTIVE,N,,
ACC_003720,CUST_02982,SAVINGS,2002-03-05,ACTIVE,N,,
ACC_003721,CUST_02983,SAVINGS,2006-11-26,ACTIVE,N,,
ACC_003722,CUST_02984,SAVINGS,2006-12-05,ACTIVE,N,,
ACC_003723,CUST_02985,SAVINGS,2005-11-03,ACTIVE,N,,
ACC_003724,CUST_02986,CURRENT,1975-09-16,ACTIVE,N,,
ACC_003725,CUST_02987,SAVINGS,1953-12-14,ACTIVE,N,,
ACC_003726,CUST_02988,SAVINGS,1980-07-06,ACTIVE,N,,
ACC_003727,CUST_02989,SAVINGS,1968-11-10,ACTIVE,N,,
ACC_003728,CUST_02989,SAVINGS,2018-07-05,ACTIVE,N,,
ACC_003729,CUST_02989,SAVINGS,1960-12-15,ACTIVE,N,,
ACC_003730,CUST_02990,CURRENT,2005-08-20,DORMANT,Y,2006-05-30,
ACC_003731,CUST_02991,SAVINGS,1994-03-27,ACTIVE,N,,
ACC_003732,CUST_02992,SAVINGS,1984-01-07,ACTIVE,N,,
ACC_003733,CUST_02993,SAVINGS,1972-08-27,ACTIVE,N,,
ACC_003734,CUST_02994,SAVINGS,2014-03-24,ACTIVE,N,,
ACC_003735,CUST_02995,SAVINGS,1962-05-19,INACTIVE,N,,1987-07-30
ACC_003736,CUST_02996,CURRENT,1953-02-03,ACTIVE,N,,
ACC_003737,CUST_02997,SAVINGS,2002-12-28,ACTIVE,N,,
ACC_003738,CUST_02998,SAVINGS,2019-08-05,ACTIVE,N,,
ACC_003739,CUST_02999,SAVINGS,1976-04-09,ACTIVE,N,,
ACC_003740,CUST_03000,CURRENT,1971-12-19,ACTIVE,N,,
ACC_003741,CUST_03001,SAVINGS,2012-04-20,ACTIVE,N,,
ACC_003742,CUST_03001,SAVINGS,2000-03-25,ACTIVE,N,,
ACC_003743,CUST_03001,SAVINGS,1982-07-28,ACTIVE,N,,
ACC_003744,CUST_03002,SAVINGS,1973-11-05,DORMANT,Y,2005-12-22,
ACC_003745,CUST_03003,SAVINGS,1977-03-11,ACTIVE,N,,
ACC_003746,CUST_03004,SAVINGS,1993-12-03,ACTIVE,N,,
ACC_003747,CUST_03004,SAVINGS,1968-01-21,INACTIVE,N,,1987-12-29
ACC_003748,CUST_03005,SAVINGS,1958-10-27,INACTIVE,N,,2019-09-08
ACC_003749,CUST_03005,SAVINGS,1954-03-16,ACTIVE,N,,
ACC_003750,CUST_03005,SAVINGS,1978-03-05,DORMANT,Y,2017-06-24,
ACC_003751,CUST_03006,SAVINGS,2012-10-07,ACTIVE,N,,
ACC_003752,CUST_03007,CURRENT,2012-06-30,ACTIVE,N,,
ACC_003753,CUST_03008,SAVINGS,1983-05-09,ACTIVE,N,,
ACC_003754,CUST_03009,SAVINGS,2010-05-20,DORMANT,Y,2014-07-01,
ACC_003755,CUST_03009,SAVINGS,1974-01-27,ACTIVE,N,,
ACC_003756,CUST_03010,SAVINGS,2012-10-18,ACTIVE,N,,
ACC_003757,CUST_03011,SAVINGS,2018-01-29,ACTIVE,N,,
ACC_003758,CUST_03012,SAVINGS,1965-02-16,ACTIVE,N,,
ACC_003759,CUST_03012,SAVINGS,1995-01-31,ACTIVE,N,,
ACC_003760,CUST_03013,SAVINGS,1971-09-05,ACTIVE,N,,
ACC_003761,CUST_03014,SAVINGS,1983-04-30,DORMANT,Y,2014-10-12,
ACC_003762,CUST_03014,CURRENT,1959-07-04,DORMANT,Y,1959-12-22,
ACC_003763,CUST_03015,SAVINGS,1954-05-26,ACTIVE,N,,
ACC_003764,CUST_03016,SAVINGS,2005-04-21,ACTIVE,N,,
ACC_003765,CUST_03017,SAVINGS,2020-09-27,ACTIVE,N,,
ACC_003766,CUST_03018,SAVINGS,2013-12-30,ACTIVE,N,,
ACC_003767,CUST_03019,SAVINGS,2002-06-11,DORMANT,Y,2004-11-01,
ACC_003768,CUST_03019,SAVINGS,2006-10-07,ACTIVE,N,,
ACC_003769,CUST_03020,SAVINGS,1985-05-23,DORMANT,Y,2021-12-15,
ACC_003770,CUST_03020,SAVINGS,1966-06-20,ACTIVE,N,,
ACC_003771,CUST_03021,SAVINGS,2022-09-13,ACTIVE,N,,
ACC_003772,CUST_03022,SAVINGS,1953-03-25,ACTIVE,N,,
ACC_003773,CUST_03023,SAVINGS,2009-09-07,DORMANT,Y,2017-11-11,
ACC_003774,CUST_03024,SAVINGS,1958-02-19,ACTIVE,N,,
ACC_003775,CUST_03024,SAVINGS,1989-11-15,ACTIVE,N,,
ACC_003776,CUST_03024,SAVINGS,2004-03-22,ACTIVE,N,,
ACC_003777,CUST_03025,SAVINGS,1955-06-07,ACTIVE,N,,
ACC_003778,CUST_03026,SAVINGS,1999-06-16,ACTIVE,N,,
ACC_003779,CUST_03027,CURRENT,2004-05-12,ACTIVE,N,,
ACC_003780,CUST_03028,SAVINGS,2019-08-16,ACTIVE,N,,
ACC_003781,CUST_03029,SAVINGS,2009-11-21,ACTIVE,N,,
ACC_003782,CUST_03030,SAVINGS,2008-05-01,DORMANT,Y,2021-09-22,
ACC_003783,CUST_03031,SAVINGS,1966-11-19,ACTIVE,N,,
ACC_003784,CUST_03031,SAVINGS,1964-02-08,ACTIVE,N,,
ACC_003785,CUST_03032,SAVINGS,1969-11-13,ACTIVE,N,,
ACC_003786,CUST_03032,SAVINGS,1985-09-22,ACTIVE,N,,
ACC_003787,CUST_03033,SAVINGS,1965-03-19,ACTIVE,N,,
ACC_003788,CUST_03033,SAVINGS,1972-12-29,ACTIVE,N,,
ACC_003789,CUST_03034,SAVINGS,1999-11-17,ACTIVE,N,,
ACC_003790,CUST_03034,SAVINGS,2006-03-13,DORMANT,Y,2017-10-04,
ACC_003791,CUST_03035,SAVINGS,1969-04-27,ACTIVE,N,,
ACC_003792,CUST_03036,SAVINGS,1983-01-31,ACTIVE,N,,
ACC_003793,CUST_03037,SAVINGS,2015-09-06,ACTIVE,N,,
ACC_003794,CUST_03038,CURRENT,1978-08-05,ACTIVE,N,,
ACC_003795,CUST_03039,SAVINGS,1985-12-31,ACTIVE,N,,
ACC_003796,CUST_03039,SAVINGS,1963-03-22,ACTIVE,N,,
ACC_003797,CUST_03040,SAVINGS,1994-12-01,ACTIVE,N,,
ACC_003798,CUST_03041,CURRENT,1960-01-31,ACTIVE,N,,
ACC_003799,CUST_03042,SAVINGS,2012-05-14,ACTIVE,N,,
ACC_003800,CUST_03043,SAVINGS,2016-11-26,ACTIVE,N,,
ACC_003801,CUST_03043,SAVINGS,1983-04-23,DORMANT,Y,2000-12-31,
ACC_003802,CUST_03044,SAVINGS,1996-08-09,ACTIVE,N,,
ACC_003803,CUST_03045,SAVINGS,1990-03-11,ACTIVE,N,,
ACC_003804,CUST_03046,SAVINGS,2010-07-09,ACTIVE,N,,
ACC_003805,CUST_03047,SAVINGS,1995-01-02,DORMANT,Y,2021-10-17,
ACC_003806,CUST_03048,SAVINGS,2011-04-19,INACTIVE,N,,2023-03-13
ACC_003807,CUST_03048,SAVINGS,1985-02-07,ACTIVE,N,,
ACC_003808,CUST_03049,SAVINGS,1987-06-21,ACTIVE,N,,
ACC_003809,CUST_03050,SAVINGS,1954-11-12,ACTIVE,N,,
ACC_003810,CUST_03051,SAVINGS,1969-01-21,ACTIVE,N,,
ACC_003811,CUST_03052,SAVINGS,1970-02-23,ACTIVE,N,,
ACC_003812,CUST_03053,SAVINGS,2021-01-05,ACTIVE,N,,
ACC_003813,CUST_03054,SAVINGS,1989-04-03,ACTIVE,N,,
ACC_003814,CUST_03054,SAVINGS,1953-07-13,ACTIVE,N,,
ACC_003815,CUST_03055,SAVINGS,1980-01-31,ACTIVE,N,,
ACC_003816,CUST_03056,SAVINGS,2000-06-22,ACTIVE,N,,
ACC_003817,CUST_03057,SAVINGS,1999-05-15,ACTIVE,N,,
ACC_003818,CUST_03057,SAVINGS,1989-08-20,ACTIVE,N,,
ACC_003819,CUST_03058,SAVINGS,1991-09-27,ACTIVE,N,,
ACC_003820,CUST_03058,SAVINGS,1971-07-19,ACTIVE,N,,
ACC_003821,CUST_03059,SAVINGS,1991-06-23,ACTIVE,N,,
ACC_003822,CUST_03059,SAVINGS,2014-09-08,INACTIVE,N,,2022-03-03
ACC_003823,CUST_03060,CURRENT,1990-02-18,ACTIVE,N,,
ACC_003824,CUST_03061,SAVINGS,1971-01-08,ACTIVE,N,,
ACC_003825,CUST_03062,SAVINGS,1967-07-01,ACTIVE,N,,
ACC_003826,CUST_03063,SAVINGS,1969-12-10,ACTIVE,N,,
ACC_003827,CUST_03064,SAVINGS,1989-10-14,ACTIVE,N,,
ACC_003828,CUST_03065,SAVINGS,2002-04-18,ACTIVE,N,,
ACC_003829,CUST_03066,CURRENT,1985-01-07,ACTIVE,N,,
ACC_003830,CUST_03067,SAVINGS,1981-01-07,ACTIVE,N,,
ACC_003831,CUST_03068,SAVINGS,1953-10-24,ACTIVE,N,,
ACC_003832,CUST_03069,SAVINGS,1978-10-22,ACTIVE,N,,
ACC_003833,CUST_03070,SAVINGS,1991-03-27,ACTIVE,N,,
ACC_003834,CUST_03071,SAVINGS,1970-03-12,ACTIVE,N,,
ACC_003835,CUST_03072,CURRENT,1951-08-23,ACTIVE,N,,
ACC_003836,CUST_03073,SAVINGS,1985-04-22,DORMANT,Y,2010-02-01,
ACC_003837,CUST_03074,SAVINGS,2019-03-22,ACTIVE,N,,
ACC_003838,CUST_03075,SAVINGS,2020-05-04,ACTIVE,N,,
ACC_003839,CUST_03076,CURRENT,2005-03-27,ACTIVE,N,,
ACC_003840,CUST_03076,CURRENT,2014-12-01,INACTIVE,N,,2017-10-24
ACC_003841,CUST_03077,CURRENT,1996-11-05,ACTIVE,N,,
ACC_003842,CUST_03077,CURRENT,1971-03-20,ACTIVE,N,,
ACC_003843,CUST_03077,CURRENT,2018-03-14,ACTIVE,N,,
ACC_003844,CUST_03078,SAVINGS,1992-10-10,ACTIVE,N,,
ACC_003845,CUST_03079,SAVINGS,2021-03-24,ACTIVE,N,,
ACC_003846,CUST_03080,CURRENT,2000-12-13,ACTIVE,N,,
ACC_003847,CUST_03081,SAVINGS,2001-06-11,ACTIVE,N,,
ACC_003848,CUST_03082,CURRENT,2016-01-16,DORMANT,Y,2018-12-01,
ACC_003849,CUST_03083,SAVINGS,2021-06-26,ACTIVE,N,,
ACC_003850,CUST_03084,SAVINGS,2015-08-10,ACTIVE,N,,
ACC_003851,CUST_03084,SAVINGS,1973-11-14,ACTIVE,N,,
ACC_003852,CUST_03084,SAVINGS,2015-11-15,ACTIVE,N,,
ACC_003853,CUST_03085,SAVINGS,2001-09-13,INACTIVE,N,,2002-03-08
ACC_003854,CUST_03086,SAVINGS,1958-10-24,ACTIVE,N,,
ACC_003855,CUST_03087,SAVINGS,1996-08-06,ACTIVE,N,,
ACC_003856,CUST_03088,SAVINGS,1980-08-07,DORMANT,Y,2001-08-24,
ACC_003857,CUST_03089,SAVINGS,1978-02-04,ACTIVE,N,,
ACC_003858,CUST_03090,SAVINGS,1980-07-12,ACTIVE,N,,
ACC_003859,CUST_03090,SAVINGS,1970-06-05,INACTIVE,N,,1989-05-13
ACC_003860,CUST_03090,SAVINGS,1966-04-11,ACTIVE,N,,
ACC_003861,CUST_03091,SAVINGS,1976-10-21,ACTIVE,N,,
ACC_003862,CUST_03092,SAVINGS,1998-07-09,ACTIVE,N,,
ACC_003863,CUST_03092,SAVINGS,2017-11-19,ACTIVE,N,,
ACC_003864,CUST_03092,SAVINGS,2012-07-07,ACTIVE,N,,
ACC_003865,CUST_03093,SAVINGS,1951-08-30,ACTIVE,N,,
ACC_003866,CUST_03093,SAVINGS,2021-05-02,ACTIVE,N,,
ACC_003867,CUST_03094,SAVINGS,1981-01-30,ACTIVE,N,,
ACC_003868,CUST_03095,SAVINGS,1977-07-25,ACTIVE,N,,
ACC_003869,CUST_03096,SAVINGS,1999-06-25,ACTIVE,N,,
ACC_003870,CUST_03097,SAVINGS,1954-06-21,ACTIVE,N,,
ACC_003871,CUST_03098,SAVINGS,2004-03-27,ACTIVE,N,,
ACC_003872,CUST_03098,SAVINGS,1963-06-15,ACTIVE,N,,
ACC_003873,CUST_03099,SAVINGS,1994-11-06,ACTIVE,N,,
ACC_003874,CUST_03100,SAVINGS,2019-01-22,ACTIVE,N,,
ACC_003875,CUST_03100,SAVINGS,1959-02-23,ACTIVE,N,,
ACC_003876,CUST_03101,SAVINGS,1986-12-13,ACTIVE,N,,
ACC_003877,CUST_03102,SAVINGS,2022-10-12,DORMANT,Y,2023-02-12,
ACC_003878,CUST_03103,CURRENT,1957-08-14,ACTIVE,N,,
ACC_003879,CUST_03104,CURRENT,2010-10-15,ACTIVE,N,,
ACC_003880,CUST_03104,SAVINGS,2021-03-04,ACTIVE,N,,
ACC_003881,CUST_03105,SAVINGS,1983-10-01,ACTIVE,N,,
ACC_003882,CUST_03105,SAVINGS,1983-04-21,ACTIVE,N,,
ACC_003883,CUST_03105,SAVINGS,1984-11-07,ACTIVE,N,,
ACC_003884,CUST_03106,CURRENT,1974-11-12,DORMANT,Y,2021-10-18,
ACC_003885,CUST_03106,SAVINGS,1983-05-11,ACTIVE,N,,
ACC_003886,CUST_03107,SAVINGS,1981-01-28,ACTIVE,N,,
ACC_003887,CUST_03108,SAVINGS,2012-01-27,ACTIVE,N,,
ACC_003888,CUST_03109,SAVINGS,1974-02-24,DORMANT,Y,1976-11-19,
ACC_003889,CUST_03110,SAVINGS,1986-03-04,ACTIVE,N,,
ACC_003890,CUST_03111,SAVINGS,1987-10-07,ACTIVE,N,,
ACC_003891,CUST_03112,SAVINGS,1962-06-08,ACTIVE,N,,
ACC_003892,CUST_03112,SAVINGS,1975-11-11,ACTIVE,N,,
ACC_003893,CUST_03113,SAVINGS,1958-08-31,ACTIVE,N,,
ACC_003894,CUST_03114,SAVINGS,1968-01-16,ACTIVE,N,,
ACC_003895,CUST_03115,SAVINGS,2021-02-13,ACTIVE,N,,
ACC_003896,CUST_03116,CURRENT,1991-03-17,ACTIVE,N,,
ACC_003897,CUST_03117,SAVINGS,1958-04-14,ACTIVE,N,,
ACC_003898,CUST_03118,SAVINGS,1978-04-10,ACTIVE,N,,
ACC_003899,CUST_03119,SAVINGS,1980-12-22,ACTIVE,N,,
ACC_003900,CUST_03120,SAVINGS,1983-03-15,ACTIVE,N,,
ACC_003901,CUST_03121,SAVINGS,2014-12-16,ACTIVE,N,,
ACC_003902,CUST_03122,SAVINGS,2013-03-10,ACTIVE,N,,
ACC_003903,CUST_03123,CURRENT,1963-05-18,ACTIVE,N,,
ACC_003904,CUST_03124,SAVINGS,2023-01-29,ACTIVE,N,,
ACC_003905,CUST_03125,SAVINGS,1956-12-14,ACTIVE,N,,
ACC_003906,CUST_03126,SAVINGS,1993-05-25,ACTIVE,N,,
ACC_003907,CUST_03127,SAVINGS,1959-12-11,ACTIVE,N,,
ACC_003908,CUST_03128,SAVINGS,1976-09-25,ACTIVE,N,,
ACC_003909,CUST_03129,SAVINGS,2015-02-05,ACTIVE,N,,
ACC_003910,CUST_03130,SAVINGS,1965-11-04,ACTIVE,N,,
ACC_003911,CUST_03131,CURRENT,2010-02-21,ACTIVE,N,,
ACC_003912,CUST_03132,SAVINGS,1961-05-08,ACTIVE,N,,
ACC_003913,CUST_03133,CURRENT,2014-10-15,INACTIVE,N,,2018-02-22
ACC_003914,CUST_03134,SAVINGS,1963-08-05,ACTIVE,N,,
ACC_003915,CUST_03134,SAVINGS,2023-10-26,ACTIVE,N,,
ACC_003916,CUST_03135,SAVINGS,1979-04-06,ACTIVE,N,,
ACC_003917,CUST_03136,SAVINGS,2016-04-24,ACTIVE,N,,
ACC_003918,CUST_03136,CURRENT,1990-10-29,ACTIVE,N,,
ACC_003919,CUST_03137,SAVINGS,1951-04-23,ACTIVE,N,,
ACC_003920,CUST_03138,CURRENT,2008-06-28,ACTIVE,N,,
ACC_003921,CUST_03139,SAVINGS,1965-03-06,ACTIVE,N,,
ACC_003922,CUST_03140,SAVINGS,2010-03-30,ACTIVE,N,,
ACC_003923,CUST_03141,SAVINGS,1976-07-06,ACTIVE,N,,
ACC_003924,CUST_03142,CURRENT,2012-02-05,ACTIVE,N,,
ACC_003925,CUST_03143,CURRENT,1950-01-25,ACTIVE,N,,
ACC_003926,CUST_03144,SAVINGS,1984-04-06,ACTIVE,N,,
ACC_003927,CUST_03145,SAVINGS,2005-06-01,ACTIVE,N,,
ACC_003928,CUST_03146,SAVINGS,1986-11-06,ACTIVE,N,,
ACC_003929,CUST_03147,CURRENT,2017-01-16,ACTIVE,N,,
ACC_003930,CUST_03148,SAVINGS,1974-01-10,ACTIVE,N,,
ACC_003931,CUST_03149,SAVINGS,1994-09-23,ACTIVE,N,,
ACC_003932,CUST_03150,SAVINGS,2019-01-16,ACTIVE,N,,
ACC_003933,CUST_03151,SAVINGS,2015-10-10,ACTIVE,N,,
ACC_003934,CUST_03152,SAVINGS,2019-12-26,ACTIVE,N,,
ACC_003935,CUST_03153,SAVINGS,1988-08-14,ACTIVE,N,,
ACC_003936,CUST_03154,SAVINGS,1990-10-13,DORMANT,Y,2008-10-04,
ACC_003937,CUST_03155,SAVINGS,2022-06-07,ACTIVE,N,,
ACC_003938,CUST_03156,SAVINGS,1983-11-22,ACTIVE,N,,
ACC_003939,CUST_03157,CURRENT,1996-06-06,ACTIVE,N,,
ACC_003940,CUST_03157,CURRENT,1987-06-20,ACTIVE,N,,
ACC_003941,CUST_03158,CURRENT,2018-06-20,ACTIVE,N,,
ACC_003942,CUST_03159,SAVINGS,1992-01-11,ACTIVE,N,,
ACC_003943,CUST_03160,SAVINGS,2009-11-21,ACTIVE,N,,
ACC_003944,CUST_03160,SAVINGS,1965-03-04,ACTIVE,N,,
ACC_003945,CUST_03161,SAVINGS,1974-10-18,ACTIVE,N,,
ACC_003946,CUST_03162,CURRENT,2016-05-11,DORMANT,Y,2016-06-20,
ACC_003947,CUST_03162,SAVINGS,1993-06-11,ACTIVE,N,,
ACC_003948,CUST_03163,SAVINGS,2019-05-08,ACTIVE,N,,
ACC_003949,CUST_03163,CURRENT,2014-01-13,ACTIVE,N,,
ACC_003950,CUST_03164,SAVINGS,2017-06-23,ACTIVE,N,,
ACC_003951,CUST_03165,SAVINGS,1972-03-15,ACTIVE,N,,
ACC_003952,CUST_03166,SAVINGS,1974-05-02,ACTIVE,N,,
ACC_003953,CUST_03167,CURRENT,1958-12-03,ACTIVE,N,,
ACC_003954,CUST_03168,CURRENT,2008-10-18,ACTIVE,N,,
ACC_003955,CUST_03169,SAVINGS,1991-06-18,ACTIVE,N,,
ACC_003956,CUST_03170,SAVINGS,1962-11-14,ACTIVE,N,,
ACC_003957,CUST_03171,SAVINGS,2010-04-27,ACTIVE,N,,
ACC_003958,CUST_03171,SAVINGS,1996-08-09,ACTIVE,N,,
ACC_003959,CUST_03172,SAVINGS,2023-04-21,DORMANT,Y,2023-09-09,
ACC_003960,CUST_03173,SAVINGS,1976-05-07,DORMANT,Y,1983-09-30,
ACC_003961,CUST_03174,SAVINGS,1981-07-19,ACTIVE,N,,
ACC_003962,CUST_03175,SAVINGS,1979-01-08,ACTIVE,N,,
ACC_003963,CUST_03176,SAVINGS,1991-10-24,ACTIVE,N,,
ACC_003964,CUST_03177,SAVINGS,2018-04-17,DORMANT,Y,2020-11-20,
ACC_003965,CUST_03177,SAVINGS,1993-07-22,DORMANT,Y,2019-08-19,
ACC_003966,CUST_03177,SAVINGS,2022-03-10,ACTIVE,N,,
ACC_003967,CUST_03178,CURRENT,2014-03-23,ACTIVE,N,,
ACC_003968,CUST_03179,SAVINGS,1964-01-04,ACTIVE,N,,
ACC_003969,CUST_03180,SAVINGS,1990-11-03,ACTIVE,N,,
ACC_003970,CUST_03181,SAVINGS,1978-08-15,ACTIVE,N,,
ACC_003971,CUST_03182,SAVINGS,1971-01-16,INACTIVE,N,,1993-01-27
ACC_003972,CUST_03183,SAVINGS,1971-04-15,ACTIVE,N,,
ACC_003973,CUST_03184,CURRENT,1976-02-13,ACTIVE,N,,
ACC_003974,CUST_03184,SAVINGS,2003-12-06,ACTIVE,N,,
ACC_003975,CUST_03185,SAVINGS,1973-05-19,ACTIVE,N,,
ACC_003976,CUST_03185,SAVINGS,1971-07-01,ACTIVE,N,,
ACC_003977,CUST_03186,CURRENT,1971-05-22,ACTIVE,N,,
ACC_003978,CUST_03186,SAVINGS,1994-04-29,ACTIVE,N,,
ACC_003979,CUST_03187,SAVINGS,2020-04-16,ACTIVE,N,,
ACC_003980,CUST_03188,SAVINGS,2014-06-25,ACTIVE,N,,
ACC_003981,CUST_03189,SAVINGS,2006-09-28,DORMANT,Y,2015-11-27,
ACC_003982,CUST_03189,SAVINGS,1981-02-16,ACTIVE,N,,
ACC_003983,CUST_03190,SAVINGS,1985-10-10,ACTIVE,N,,
ACC_003984,CUST_03191,SAVINGS,2014-03-28,ACTIVE,N,,
ACC_003985,CUST_03192,CURRENT,1991-04-28,ACTIVE,N,,
ACC_003986,CUST_03193,SAVINGS,2000-06-19,DORMANT,Y,2005-05-25,
ACC_003987,CUST_03194,SAVINGS,1991-09-05,ACTIVE,N,,
ACC_003988,CUST_03195,SAVINGS,1995-06-03,ACTIVE,N,,
ACC_003989,CUST_03196,SAVINGS,1998-03-04,ACTIVE,N,,
ACC_003990,CUST_03197,CURRENT,1992-12-01,ACTIVE,N,,
ACC_003991,CUST_03198,CURRENT,2011-03-17,ACTIVE,N,,
ACC_003992,CUST_03198,CURRENT,1991-12-03,ACTIVE,N,,
ACC_003993,CUST_03199,CURRENT,2007-11-19,ACTIVE,N,,
ACC_003994,CUST_03200,SAVINGS,2003-07-25,ACTIVE,N,,
ACC_003995,CUST_03200,SAVINGS,2006-10-09,ACTIVE,N,,
ACC_003996,CUST_03200,SAVINGS,1950-10-09,ACTIVE,N,,
ACC_003997,CUST_03201,SAVINGS,2004-12-29,ACTIVE,N,,
ACC_003998,CUST_03202,SAVINGS,1957-07-12,ACTIVE,N,,
ACC_003999,CUST_03203,SAVINGS,2005-08-20,DORMANT,Y,2017-08-31,
ACC_004000,CUST_03204,CURRENT,1969-01-16,ACTIVE,N,,
ACC_004001,CUST_03204,CURRENT,2012-03-08,ACTIVE,N,,
ACC_004002,CUST_03205,SAVINGS,1987-04-27,ACTIVE,N,,
ACC_004003,CUST_03206,SAVINGS,1952-08-26,ACTIVE,N,,
ACC_004004,CUST_03207,CURRENT,1977-07-10,ACTIVE,N,,
ACC_004005,CUST_03207,CURRENT,1978-05-24,ACTIVE,N,,
ACC_004006,CUST_03208,SAVINGS,1984-10-31,ACTIVE,N,,
ACC_004007,CUST_03209,SAVINGS,1990-02-14,ACTIVE,N,,
ACC_004008,CUST_03210,SAVINGS,2000-10-30,ACTIVE,N,,
ACC_004009,CUST_03211,SAVINGS,1953-03-23,ACTIVE,N,,
ACC_004010,CUST_03212,SAVINGS,1993-10-21,ACTIVE,N,,
ACC_004011,CUST_03213,SAVINGS,2008-03-08,ACTIVE,N,,
ACC_004012,CUST_03214,SAVINGS,2002-01-17,DORMANT,Y,2013-02-15,
ACC_004013,CUST_03215,SAVINGS,1977-02-22,ACTIVE,N,,
ACC_004014,CUST_03215,SAVINGS,1979-04-05,ACTIVE,N,,
ACC_004015,CUST_03216,SAVINGS,2018-06-14,ACTIVE,N,,
ACC_004016,CUST_03217,SAVINGS,2009-11-24,DORMANT,Y,2024-06-19,
ACC_004017,CUST_03218,SAVINGS,1987-04-15,ACTIVE,N,,
ACC_004018,CUST_03218,SAVINGS,1964-07-16,ACTIVE,N,,
ACC_004019,CUST_03219,SAVINGS,1960-02-17,ACTIVE,N,,
ACC_004020,CUST_03219,SAVINGS,1983-02-03,DORMANT,Y,1994-01-03,
ACC_004021,CUST_03220,SAVINGS,1994-04-19,ACTIVE,N,,
ACC_004022,CUST_03220,CURRENT,2015-04-15,ACTIVE,N,,
ACC_004023,CUST_03221,SAVINGS,2013-12-13,ACTIVE,N,,
ACC_004024,CUST_03221,SAVINGS,1956-04-05,ACTIVE,N,,
ACC_004025,CUST_03222,SAVINGS,2003-02-02,ACTIVE,N,,
ACC_004026,CUST_03222,SAVINGS,2016-04-14,ACTIVE,N,,
ACC_004027,CUST_03223,SAVINGS,1984-01-02,ACTIVE,N,,
ACC_004028,CUST_03224,CURRENT,1988-02-16,ACTIVE,N,,
ACC_004029,CUST_03225,SAVINGS,2001-01-15,ACTIVE,N,,
ACC_004030,CUST_03226,CURRENT,1958-01-27,ACTIVE,N,,
ACC_004031,CUST_03227,SAVINGS,1963-10-22,DORMANT,Y,1967-08-16,
ACC_004032,CUST_03227,SAVINGS,1996-08-22,ACTIVE,N,,
ACC_004033,CUST_03228,SAVINGS,1987-07-28,ACTIVE,N,,
ACC_004034,CUST_03229,SAVINGS,2023-03-17,ACTIVE,N,,
ACC_004035,CUST_03230,SAVINGS,2000-04-13,ACTIVE,N,,
ACC_004036,CUST_03231,SAVINGS,2009-08-18,DORMANT,Y,2014-06-19,
ACC_004037,CUST_03232,SAVINGS,1965-02-10,ACTIVE,N,,
ACC_004038,CUST_03232,SAVINGS,2014-03-21,ACTIVE,N,,
ACC_004039,CUST_03232,SAVINGS,1968-04-11,ACTIVE,N,,
ACC_004040,CUST_03233,SAVINGS,1960-01-27,ACTIVE,N,,
ACC_004041,CUST_03234,CURRENT,1994-03-04,ACTIVE,N,,
ACC_004042,CUST_03235,CURRENT,2006-04-25,ACTIVE,N,,
ACC_004043,CUST_03236,SAVINGS,1970-08-28,ACTIVE,N,,
ACC_004044,CUST_03236,SAVINGS,1970-06-22,ACTIVE,N,,
ACC_004045,CUST_03237,SAVINGS,1990-09-04,ACTIVE,N,,
ACC_004046,CUST_03237,SAVINGS,1977-03-21,INACTIVE,N,,2015-06-14
ACC_004047,CUST_03238,SAVINGS,1961-12-23,ACTIVE,N,,
ACC_004048,CUST_03239,SAVINGS,2009-08-25,ACTIVE,N,,
ACC_004049,CUST_03240,CURRENT,1983-05-18,ACTIVE,N,,
ACC_004050,CUST_03241,SAVINGS,1994-08-15,ACTIVE,N,,
ACC_004051,CUST_03242,SAVINGS,2024-05-22,DORMANT,Y,2024-08-31,
ACC_004052,CUST_03243,SAVINGS,2022-04-10,ACTIVE,N,,
ACC_004053,CUST_03244,SAVINGS,1989-08-30,ACTIVE,N,,
ACC_004054,CUST_03244,SAVINGS,1952-12-22,DORMANT,Y,1972-02-03,
ACC_004055,CUST_03245,SAVINGS,1959-04-04,ACTIVE,N,,
ACC_004056,CUST_03245,SAVINGS,1992-09-24,ACTIVE,N,,
ACC_004057,CUST_03246,SAVINGS,1999-03-01,ACTIVE,N,,
ACC_004058,CUST_03247,SAVINGS,2010-09-05,DORMANT,Y,2023-05-23,
ACC_004059,CUST_03248,SAVINGS,1979-03-28,DORMANT,Y,1991-10-07,
ACC_004060,CUST_03249,CURRENT,1993-09-22,ACTIVE,N,,
ACC_004061,CUST_03250,SAVINGS,2013-09-27,ACTIVE,N,,
ACC_004062,CUST_03251,SAVINGS,1980-12-27,DORMANT,Y,2012-05-06,
ACC_004063,CUST_03252,SAVINGS,1999-04-19,ACTIVE,N,,
ACC_004064,CUST_03253,SAVINGS,1995-04-29,ACTIVE,N,,
ACC_004065,CUST_03254,SAVINGS,1977-01-30,ACTIVE,N,,
ACC_004066,CUST_03255,SAVINGS,1985-04-03,ACTIVE,N,,
ACC_004067,CUST_03255,CURRENT,1984-10-02,INACTIVE,N,,1986-04-30
ACC_004068,CUST_03256,CURRENT,1969-02-02,ACTIVE,N,,
ACC_004069,CUST_03257,CURRENT,1966-03-22,ACTIVE,N,,
ACC_004070,CUST_03258,SAVINGS,2005-11-27,ACTIVE,N,,
ACC_004071,CUST_03259,SAVINGS,2008-02-28,ACTIVE,N,,
ACC_004072,CUST_03259,SAVINGS,2003-12-09,ACTIVE,N,,
ACC_004073,CUST_03260,CURRENT,2016-03-11,ACTIVE,N,,
ACC_004074,CUST_03261,SAVINGS,1956-07-15,ACTIVE,N,,
ACC_004075,CUST_03262,SAVINGS,2021-11-30,DORMANT,Y,2022-03-03,
ACC_004076,CUST_03263,CURRENT,2019-09-20,ACTIVE,N,,
ACC_004077,CUST_03264,SAVINGS,2000-10-30,DORMANT,Y,2001-05-19,
ACC_004078,CUST_03265,CURRENT,2009-07-03,ACTIVE,N,,
ACC_004079,CUST_03265,SAVINGS,1954-05-14,DORMANT,Y,2022-12-27,
ACC_004080,CUST_03266,SAVINGS,1994-07-07,ACTIVE,N,,
ACC_004081,CUST_03267,SAVINGS,2023-05-02,ACTIVE,N,,
ACC_004082,CUST_03268,SAVINGS,2016-12-17,ACTIVE,N,,
ACC_004083,CUST_03268,CURRENT,1988-06-20,ACTIVE,N,,
ACC_004084,CUST_03269,SAVINGS,1995-06-04,ACTIVE,N,,
ACC_004085,CUST_03269,SAVINGS,1959-02-19,DORMANT,Y,2009-02-10,
ACC_004086,CUST_03269,SAVINGS,1960-04-13,ACTIVE,N,,
ACC_004087,CUST_03270,SAVINGS,1962-07-17,ACTIVE,N,,
ACC_004088,CUST_03270,SAVINGS,1965-04-16,ACTIVE,N,,
ACC_004089,CUST_03270,SAVINGS,2022-05-17,INACTIVE,N,,2023-01-17
ACC_004090,CUST_03271,SAVINGS,2019-11-21,ACTIVE,N,,
ACC_004091,CUST_03272,SAVINGS,1961-12-10,INACTIVE,N,,2000-12-29
ACC_004092,CUST_03273,SAVINGS,2013-10-03,ACTIVE,N,,
ACC_004093,CUST_03274,SAVINGS,1975-12-25,ACTIVE,N,,
ACC_004094,CUST_03275,SAVINGS,1959-12-13,ACTIVE,N,,
ACC_004095,CUST_03276,SAVINGS,2008-08-26,ACTIVE,N,,
ACC_004096,CUST_03277,CURRENT,1987-09-07,DORMANT,Y,2019-05-17,
ACC_004097,CUST_03278,SAVINGS,2011-06-03,ACTIVE,N,,
ACC_004098,CUST_03279,SAVINGS,1970-09-19,ACTIVE,N,,
ACC_004099,CUST_03280,SAVINGS,1994-12-21,ACTIVE,N,,
ACC_004100,CUST_03281,SAVINGS,1959-12-10,ACTIVE,N,,
ACC_004101,CUST_03282,SAVINGS,1974-09-23,ACTIVE,N,,
ACC_004102,CUST_03283,CURRENT,1996-04-01,INACTIVE,N,,2011-09-12
ACC_004103,CUST_03284,CURRENT,2021-10-27,ACTIVE,N,,
ACC_004104,CUST_03285,CURRENT,2008-11-06,ACTIVE,N,,
ACC_004105,CUST_03286,SAVINGS,1952-12-03,DORMANT,Y,2007-07-24,
ACC_004106,CUST_03287,SAVINGS,1989-12-27,ACTIVE,N,,
ACC_004107,CUST_03288,SAVINGS,1950-11-12,ACTIVE,N,,
ACC_004108,CUST_03289,CURRENT,2003-01-27,ACTIVE,N,,
ACC_004109,CUST_03290,SAVINGS,1952-07-27,DORMANT,Y,1953-09-24,
ACC_004110,CUST_03291,SAVINGS,1980-08-27,DORMANT,Y,2002-08-04,
ACC_004111,CUST_03291,SAVINGS,2008-02-19,DORMANT,Y,2010-09-11,
ACC_004112,CUST_03291,SAVINGS,1985-03-25,ACTIVE,N,,
ACC_004113,CUST_03292,CURRENT,1980-05-02,ACTIVE,N,,
ACC_004114,CUST_03293,SAVINGS,1994-06-15,ACTIVE,N,,
ACC_004115,CUST_03294,SAVINGS,2022-06-15,ACTIVE,N,,
ACC_004116,CUST_03295,SAVINGS,2012-04-20,ACTIVE,N,,
ACC_004117,CUST_03296,SAVINGS,1977-04-07,ACTIVE,N,,
ACC_004118,CUST_03297,SAVINGS,1998-04-08,ACTIVE,N,,
ACC_004119,CUST_03298,SAVINGS,1970-10-09,ACTIVE,N,,
ACC_004120,CUST_03299,CURRENT,1975-09-14,ACTIVE,N,,
ACC_004121,CUST_03300,SAVINGS,1970-03-08,DORMANT,Y,1984-03-17,
ACC_004122,CUST_03301,SAVINGS,1991-12-26,ACTIVE,N,,
ACC_004123,CUST_03301,SAVINGS,1974-09-18,ACTIVE,N,,
ACC_004124,CUST_03301,SAVINGS,1963-09-25,ACTIVE,N,,
ACC_004125,CUST_03302,SAVINGS,1953-07-27,ACTIVE,N,,
ACC_004126,CUST_03303,CURRENT,2022-08-07,ACTIVE,N,,
ACC_004127,CUST_03303,SAVINGS,1955-05-16,ACTIVE,N,,
ACC_004128,CUST_03304,SAVINGS,1967-05-01,ACTIVE,N,,
ACC_004129,CUST_03305,SAVINGS,2023-07-04,ACTIVE,N,,
ACC_004130,CUST_03306,SAVINGS,1997-06-08,ACTIVE,N,,
ACC_004131,CUST_03307,SAVINGS,1959-06-06,ACTIVE,N,,
ACC_004132,CUST_03308,SAVINGS,1994-07-27,INACTIVE,N,,2024-03-09
ACC_004133,CUST_03309,SAVINGS,1992-12-01,ACTIVE,N,,
ACC_004134,CUST_03310,SAVINGS,1981-04-26,ACTIVE,N,,
ACC_004135,CUST_03311,SAVINGS,1978-06-02,ACTIVE,N,,
ACC_004136,CUST_03312,SAVINGS,1977-06-14,ACTIVE,N,,
ACC_004137,CUST_03313,CURRENT,1991-03-25,ACTIVE,N,,
ACC_004138,CUST_03314,SAVINGS,1972-03-23,ACTIVE,N,,
ACC_004139,CUST_03314,SAVINGS,2007-09-30,DORMANT,Y,2016-12-19,
ACC_004140,CUST_03315,SAVINGS,1981-09-16,ACTIVE,N,,
ACC_004141,CUST_03316,SAVINGS,1979-07-26,ACTIVE,N,,
ACC_004142,CUST_03316,SAVINGS,1998-05-13,ACTIVE,N,,
ACC_004143,CUST_03317,SAVINGS,1953-09-18,ACTIVE,N,,
ACC_004144,CUST_03318,SAVINGS,1968-09-08,ACTIVE,N,,
ACC_004145,CUST_03319,SAVINGS,2009-11-01,ACTIVE,N,,
ACC_004146,CUST_03320,SAVINGS,1966-10-03,ACTIVE,N,,
ACC_004147,CUST_03321,SAVINGS,2001-01-20,ACTIVE,N,,
ACC_004148,CUST_03322,SAVINGS,1953-06-17,ACTIVE,N,,
ACC_004149,CUST_03323,SAVINGS,2010-06-03,ACTIVE,N,,
ACC_004150,CUST_03324,SAVINGS,1978-05-22,ACTIVE,N,,
ACC_004151,CUST_03324,SAVINGS,2001-10-10,ACTIVE,N,,
ACC_004152,CUST_03325,SAVINGS,1956-09-12,ACTIVE,N,,
ACC_004153,CUST_03325,SAVINGS,2010-10-24,ACTIVE,N,,
ACC_004154,CUST_03325,SAVINGS,2009-09-08,ACTIVE,N,,
ACC_004155,CUST_03326,SAVINGS,2004-04-30,ACTIVE,N,,
ACC_004156,CUST_03327,SAVINGS,1977-01-13,ACTIVE,N,,
ACC_004157,CUST_03328,SAVINGS,1977-12-27,ACTIVE,N,,
ACC_004158,CUST_03329,SAVINGS,2001-10-15,ACTIVE,N,,
ACC_004159,CUST_03330,SAVINGS,1966-12-19,ACTIVE,N,,
ACC_004160,CUST_03331,SAVINGS,1962-08-21,DORMANT,Y,1974-07-21,
ACC_004161,CUST_03331,SAVINGS,2018-12-18,ACTIVE,N,,
ACC_004162,CUST_03331,SAVINGS,2020-04-18,ACTIVE,N,,
ACC_004163,CUST_03332,SAVINGS,1966-07-25,ACTIVE,N,,
ACC_004164,CUST_03332,CURRENT,1972-03-02,DORMANT,Y,2023-08-27,
ACC_004165,CUST_03333,SAVINGS,1978-07-14,ACTIVE,N,,
ACC_004166,CUST_03334,SAVINGS,1966-05-20,ACTIVE,N,,
ACC_004167,CUST_03335,CURRENT,2016-07-26,ACTIVE,N,,
ACC_004168,CUST_03336,SAVINGS,1998-10-11,ACTIVE,N,,
ACC_004169,CUST_03337,CURRENT,1993-02-16,ACTIVE,N,,
ACC_004170,CUST_03338,SAVINGS,2006-07-02,ACTIVE,N,,
ACC_004171,CUST_03338,SAVINGS,1975-12-29,ACTIVE,N,,
ACC_004172,CUST_03339,SAVINGS,1978-08-17,ACTIVE,N,,
ACC_004173,CUST_03339,SAVINGS,1962-05-11,ACTIVE,N,,
ACC_004174,CUST_03340,SAVINGS,2018-12-28,ACTIVE,N,,
ACC_004175,CUST_03341,CURRENT,1998-12-23,ACTIVE,N,,
ACC_004176,CUST_03341,CURRENT,2015-01-20,ACTIVE,N,,
ACC_004177,CUST_03341,CURRENT,1984-09-29,INACTIVE,N,,2019-05-13
ACC_004178,CUST_03342,SAVINGS,1965-03-30,ACTIVE,N,,
ACC_004179,CUST_03342,SAVINGS,2012-03-11,ACTIVE,N,,
ACC_004180,CUST_03342,SAVINGS,1952-03-13,ACTIVE,N,,
ACC_004181,CUST_03343,SAVINGS,1950-12-27,ACTIVE,N,,
ACC_004182,CUST_03344,SAVINGS,2001-09-21,ACTIVE,N,,
ACC_004183,CUST_03345,SAVINGS,2007-03-02,ACTIVE,N,,
ACC_004184,CUST_03345,SAVINGS,2004-06-25,ACTIVE,N,,
ACC_004185,CUST_03346,SAVINGS,1963-08-15,DORMANT,Y,1987-10-03,
ACC_004186,CUST_03347,SAVINGS,1999-01-19,ACTIVE,N,,
ACC_004187,CUST_03348,SAVINGS,1992-03-10,ACTIVE,N,,
ACC_004188,CUST_03348,SAVINGS,1958-11-21,ACTIVE,N,,
ACC_004189,CUST_03349,SAVINGS,2009-02-01,ACTIVE,N,,
ACC_004190,CUST_03349,SAVINGS,1990-12-04,DORMANT,Y,2006-07-13,
ACC_004191,CUST_03350,SAVINGS,1961-06-30,ACTIVE,N,,
ACC_004192,CUST_03350,SAVINGS,2003-01-14,ACTIVE,N,,
ACC_004193,CUST_03351,SAVINGS,2014-02-25,ACTIVE,N,,
ACC_004194,CUST_03352,SAVINGS,1952-02-27,ACTIVE,N,,
ACC_004195,CUST_03353,CURRENT,1987-05-23,ACTIVE,N,,
ACC_004196,CUST_03353,CURRENT,1993-12-30,ACTIVE,N,,
ACC_004197,CUST_03353,CURRENT,1956-03-05,ACTIVE,N,,
ACC_004198,CUST_03354,SAVINGS,1969-02-26,ACTIVE,N,,
ACC_004199,CUST_03355,SAVINGS,1983-11-21,ACTIVE,N,,
ACC_004200,CUST_03356,SAVINGS,1974-02-20,INACTIVE,N,,2012-07-22
ACC_004201,CUST_03357,SAVINGS,1951-04-07,ACTIVE,N,,
ACC_004202,CUST_03358,SAVINGS,1967-06-01,ACTIVE,N,,
ACC_004203,CUST_03359,SAVINGS,2020-08-01,ACTIVE,N,,
ACC_004204,CUST_03360,SAVINGS,1971-03-14,ACTIVE,N,,
ACC_004205,CUST_03360,SAVINGS,1969-01-31,ACTIVE,N,,
ACC_004206,CUST_03361,SAVINGS,2013-12-10,ACTIVE,N,,
ACC_004207,CUST_03362,SAVINGS,1955-04-23,ACTIVE,N,,
ACC_004208,CUST_03362,SAVINGS,1958-04-30,ACTIVE,N,,
ACC_004209,CUST_03363,SAVINGS,1978-07-23,ACTIVE,N,,
ACC_004210,CUST_03364,SAVINGS,1989-11-21,ACTIVE,N,,
ACC_004211,CUST_03365,CURRENT,2000-08-03,INACTIVE,N,,2021-08-07
ACC_004212,CUST_03366,SAVINGS,2006-06-19,ACTIVE,N,,
ACC_004213,CUST_03367,SAVINGS,1971-06-08,ACTIVE,N,,
ACC_004214,CUST_03368,SAVINGS,2007-01-22,ACTIVE,N,,
ACC_004215,CUST_03369,SAVINGS,1973-06-20,DORMANT,Y,1985-05-08,
ACC_004216,CUST_03370,SAVINGS,2020-07-31,ACTIVE,N,,
ACC_004217,CUST_03371,SAVINGS,1970-08-09,ACTIVE,N,,
ACC_004218,CUST_03372,SAVINGS,1974-09-20,DORMANT,Y,1999-07-24,
ACC_004219,CUST_03373,SAVINGS,1964-11-20,ACTIVE,N,,
ACC_004220,CUST_03373,SAVINGS,1972-02-06,ACTIVE,N,,
ACC_004221,CUST_03374,SAVINGS,1954-01-30,ACTIVE,N,,
ACC_004222,CUST_03374,SAVINGS,2017-09-19,ACTIVE,N,,
ACC_004223,CUST_03375,SAVINGS,1977-10-10,ACTIVE,N,,
ACC_004224,CUST_03376,SAVINGS,1991-08-28,ACTIVE,N,,
ACC_004225,CUST_03376,SAVINGS,2004-12-08,ACTIVE,N,,
ACC_004226,CUST_03377,SAVINGS,2000-10-16,ACTIVE,N,,
ACC_004227,CUST_03378,SAVINGS,1986-02-03,ACTIVE,N,,
ACC_004228,CUST_03379,SAVINGS,1993-09-12,ACTIVE,N,,
ACC_004229,CUST_03380,SAVINGS,1953-11-16,ACTIVE,N,,
ACC_004230,CUST_03381,SAVINGS,1953-07-08,ACTIVE,N,,
ACC_004231,CUST_03382,SAVINGS,1995-02-17,ACTIVE,N,,
ACC_004232,CUST_03382,SAVINGS,1953-11-17,ACTIVE,N,,
ACC_004233,CUST_03383,CURRENT,2014-01-13,ACTIVE,N,,
ACC_004234,CUST_03384,SAVINGS,1954-08-29,ACTIVE,N,,
ACC_004235,CUST_03385,SAVINGS,1969-08-24,ACTIVE,N,,
ACC_004236,CUST_03385,SAVINGS,2005-06-25,ACTIVE,N,,
ACC_004237,CUST_03386,CURRENT,1956-04-30,ACTIVE,N,,
ACC_004238,CUST_03387,SAVINGS,2023-06-04,ACTIVE,N,,
ACC_004239,CUST_03388,SAVINGS,2001-04-25,ACTIVE,N,,
ACC_004240,CUST_03389,SAVINGS,2021-06-25,ACTIVE,N,,
ACC_004241,CUST_03390,SAVINGS,1973-02-06,ACTIVE,N,,
ACC_004242,CUST_03391,SAVINGS,1971-07-12,ACTIVE,N,,
ACC_004243,CUST_03392,CURRENT,1963-08-17,ACTIVE,N,,
ACC_004244,CUST_03392,CURRENT,1952-01-13,ACTIVE,N,,
ACC_004245,CUST_03393,CURRENT,1997-06-15,ACTIVE,N,,
ACC_004246,CUST_03393,CURRENT,1980-04-23,ACTIVE,N,,
ACC_004247,CUST_03394,SAVINGS,1962-07-16,ACTIVE,N,,
ACC_004248,CUST_03395,CURRENT,2007-02-23,ACTIVE,N,,
ACC_004249,CUST_03396,CURRENT,1959-01-11,ACTIVE,N,,
ACC_004250,CUST_03397,SAVINGS,1965-04-19,ACTIVE,N,,
ACC_004251,CUST_03398,SAVINGS,2014-09-28,ACTIVE,N,,
ACC_004252,CUST_03399,SAVINGS,2013-03-18,ACTIVE,N,,
ACC_004253,CUST_03400,CURRENT,2006-06-29,ACTIVE,N,,
ACC_004254,CUST_03401,CURRENT,2023-01-18,DORMANT,Y,2023-12-26,
ACC_004255,CUST_03402,SAVINGS,1968-04-17,ACTIVE,N,,
ACC_004256,CUST_03403,SAVINGS,1950-02-05,ACTIVE,N,,
ACC_004257,CUST_03404,SAVINGS,1992-05-21,ACTIVE,N,,
ACC_004258,CUST_03405,SAVINGS,2014-10-26,ACTIVE,N,,
ACC_004259,CUST_03406,SAVINGS,2013-11-24,ACTIVE,N,,
ACC_004260,CUST_03407,CURRENT,1984-12-16,ACTIVE,N,,
ACC_004261,CUST_03408,SAVINGS,1967-06-13,ACTIVE,N,,
ACC_004262,CUST_03409,SAVINGS,1993-12-11,ACTIVE,N,,
ACC_004263,CUST_03410,SAVINGS,2023-06-29,ACTIVE,N,,
ACC_004264,CUST_03411,SAVINGS,1999-10-04,ACTIVE,N,,
ACC_004265,CUST_03412,SAVINGS,1963-02-13,ACTIVE,N,,
ACC_004266,CUST_03412,CURRENT,2015-01-11,ACTIVE,N,,
ACC_004267,CUST_03413,SAVINGS,2017-01-26,ACTIVE,N,,
ACC_004268,CUST_03413,SAVINGS,1976-09-18,ACTIVE,N,,
ACC_004269,CUST_03414,CURRENT,1967-02-16,ACTIVE,N,,
ACC_004270,CUST_03415,CURRENT,1979-11-07,ACTIVE,N,,
ACC_004271,CUST_03416,CURRENT,2020-01-21,ACTIVE,N,,
ACC_004272,CUST_03417,SAVINGS,1967-09-01,ACTIVE,N,,
ACC_004273,CUST_03418,SAVINGS,1969-05-29,ACTIVE,N,,
ACC_004274,CUST_03418,SAVINGS,1980-09-12,ACTIVE,N,,
ACC_004275,CUST_03419,CURRENT,1961-03-09,ACTIVE,N,,
ACC_004276,CUST_03420,SAVINGS,1962-11-25,ACTIVE,N,,
ACC_004277,CUST_03421,SAVINGS,2004-12-17,ACTIVE,N,,
ACC_004278,CUST_03422,SAVINGS,1988-06-03,ACTIVE,N,,
ACC_004279,CUST_03422,SAVINGS,1964-04-27,ACTIVE,N,,
ACC_004280,CUST_03423,SAVINGS,1983-12-30,ACTIVE,N,,
ACC_004281,CUST_03424,SAVINGS,1980-10-15,ACTIVE,N,,
ACC_004282,CUST_03424,SAVINGS,1984-02-12,ACTIVE,N,,
ACC_004283,CUST_03425,SAVINGS,1975-02-16,ACTIVE,N,,
ACC_004284,CUST_03426,SAVINGS,1990-12-25,INACTIVE,N,,2002-03-01
ACC_004285,CUST_03427,SAVINGS,2012-11-24,DORMANT,Y,2024-04-08,
ACC_004286,CUST_03427,SAVINGS,2020-10-05,ACTIVE,N,,
ACC_004287,CUST_03428,SAVINGS,2020-05-08,ACTIVE,N,,
ACC_004288,CUST_03429,CURRENT,1986-04-21,DORMANT,Y,1995-04-07,
ACC_004289,CUST_03430,SAVINGS,1994-08-20,ACTIVE,N,,
ACC_004290,CUST_03431,SAVINGS,2007-06-09,DORMANT,Y,2020-03-09,
ACC_004291,CUST_03432,CURRENT,1969-10-06,ACTIVE,N,,
ACC_004292,CUST_03433,SAVINGS,1954-08-29,ACTIVE,N,,
ACC_004293,CUST_03434,SAVINGS,2002-05-27,ACTIVE,N,,
ACC_004294,CUST_03435,CURRENT,1956-07-15,ACTIVE,N,,
ACC_004295,CUST_03436,SAVINGS,1976-12-07,ACTIVE,N,,
ACC_004296,CUST_03436,SAVINGS,1974-10-17,ACTIVE,N,,
ACC_004297,CUST_03437,SAVINGS,1951-12-13,ACTIVE,N,,
ACC_004298,CUST_03438,SAVINGS,1969-06-16,ACTIVE,N,,
ACC_004299,CUST_03439,CURRENT,1954-08-23,ACTIVE,N,,
ACC_004300,CUST_03440,CURRENT,1982-05-15,ACTIVE,N,,
ACC_004301,CUST_03441,SAVINGS,1972-01-13,ACTIVE,N,,
ACC_004302,CUST_03442,SAVINGS,2004-01-01,DORMANT,Y,2014-12-22,
ACC_004303,CUST_03443,SAVINGS,1951-08-06,INACTIVE,N,,2017-01-10
ACC_004304,CUST_03443,SAVINGS,2015-11-08,INACTIVE,N,,2021-09-13
ACC_004305,CUST_03444,SAVINGS,1975-07-22,ACTIVE,N,,
ACC_004306,CUST_03444,SAVINGS,2005-03-18,INACTIVE,N,,2020-08-04
ACC_004307,CUST_03445,SAVINGS,1979-03-29,ACTIVE,N,,
ACC_004308,CUST_03445,SAVINGS,2011-09-06,ACTIVE,N,,
ACC_004309,CUST_03445,SAVINGS,1985-10-08,ACTIVE,N,,
ACC_004310,CUST_03446,SAVINGS,2024-04-17,ACTIVE,N,,
ACC_004311,CUST_03446,SAVINGS,2009-11-12,ACTIVE,N,,
ACC_004312,CUST_03446,SAVINGS,1966-01-13,INACTIVE,N,,2016-09-23
ACC_004313,CUST_03447,CURRENT,1988-01-06,DORMANT,Y,2023-01-09,
ACC_004314,CUST_03448,SAVINGS,1995-11-30,ACTIVE,N,,
ACC_004315,CUST_03449,SAVINGS,1995-11-26,DORMANT,Y,2002-03-29,
ACC_004316,CUST_03450,SAVINGS,1984-09-29,ACTIVE,N,,
ACC_004317,CUST_03451,SAVINGS,1996-05-29,ACTIVE,N,,
ACC_004318,CUST_03451,SAVINGS,2016-04-30,ACTIVE,N,,
ACC_004319,CUST_03452,SAVINGS,2024-09-15,ACTIVE,N,,
ACC_004320,CUST_03453,SAVINGS,2012-02-08,ACTIVE,N,,
ACC_004321,CUST_03454,SAVINGS,1963-02-19,ACTIVE,N,,
ACC_004322,CUST_03455,CURRENT,1996-08-06,ACTIVE,N,,
ACC_004323,CUST_03456,SAVINGS,2020-08-24,INACTIVE,N,,2022-11-18
ACC_004324,CUST_03457,SAVINGS,1958-08-04,ACTIVE,N,,
ACC_004325,CUST_03458,SAVINGS,1999-09-26,ACTIVE,N,,
ACC_004326,CUST_03459,SAVINGS,2008-01-19,ACTIVE,N,,
ACC_004327,CUST_03460,CURRENT,1953-06-17,ACTIVE,N,,
ACC_004328,CUST_03460,SAVINGS,2023-12-12,ACTIVE,N,,
ACC_004329,CUST_03460,SAVINGS,1967-03-07,ACTIVE,N,,
ACC_004330,CUST_03461,CURRENT,1962-11-15,ACTIVE,N,,
ACC_004331,CUST_03462,CURRENT,1980-11-29,ACTIVE,N,,
ACC_004332,CUST_03463,SAVINGS,2012-04-04,ACTIVE,N,,
ACC_004333,CUST_03464,CURRENT,1965-02-15,ACTIVE,N,,
ACC_004334,CUST_03464,SAVINGS,1966-05-16,ACTIVE,N,,
ACC_004335,CUST_03464,CURRENT,2024-12-01,ACTIVE,N,,
ACC_004336,CUST_03465,SAVINGS,1990-03-31,ACTIVE,N,,
ACC_004337,CUST_03466,SAVINGS,1967-03-11,ACTIVE,N,,
ACC_004338,CUST_03467,SAVINGS,1997-04-24,ACTIVE,N,,
ACC_004339,CUST_03468,SAVINGS,1991-10-15,ACTIVE,N,,
ACC_004340,CUST_03469,SAVINGS,2011-08-06,ACTIVE,N,,
ACC_004341,CUST_03470,SAVINGS,2009-05-12,ACTIVE,N,,
ACC_004342,CUST_03471,SAVINGS,1961-04-17,ACTIVE,N,,
ACC_004343,CUST_03472,SAVINGS,2018-09-10,ACTIVE,N,,
ACC_004344,CUST_03472,SAVINGS,1974-11-08,ACTIVE,N,,
ACC_004345,CUST_03473,SAVINGS,2004-02-09,ACTIVE,N,,
ACC_004346,CUST_03474,SAVINGS,2019-07-15,ACTIVE,N,,
ACC_004347,CUST_03475,SAVINGS,1976-07-10,ACTIVE,N,,
ACC_004348,CUST_03476,SAVINGS,1969-04-15,ACTIVE,N,,
ACC_004349,CUST_03476,SAVINGS,1980-03-12,ACTIVE,N,,
ACC_004350,CUST_03476,SAVINGS,1952-04-11,DORMANT,Y,1979-04-26,
ACC_004351,CUST_03477,SAVINGS,1998-03-04,INACTIVE,N,,2016-01-20
ACC_004352,CUST_03478,SAVINGS,1970-08-28,ACTIVE,N,,
ACC_004353,CUST_03479,SAVINGS,2022-03-18,ACTIVE,N,,
ACC_004354,CUST_03479,SAVINGS,2021-06-17,ACTIVE,N,,
ACC_004355,CUST_03480,SAVINGS,1956-05-25,ACTIVE,N,,
ACC_004356,CUST_03481,SAVINGS,2022-07-25,ACTIVE,N,,
ACC_004357,CUST_03481,SAVINGS,1999-05-11,ACTIVE,N,,
ACC_004358,CUST_03481,SAVINGS,2023-06-03,ACTIVE,N,,
ACC_004359,CUST_03482,SAVINGS,1981-05-12,ACTIVE,N,,
ACC_004360,CUST_03483,SAVINGS,2022-04-02,ACTIVE,N,,
ACC_004361,CUST_03484,CURRENT,1972-09-11,ACTIVE,N,,
ACC_004362,CUST_03485,CURRENT,2000-12-19,ACTIVE,N,,
ACC_004363,CUST_03486,CURRENT,1971-08-10,ACTIVE,N,,
ACC_004364,CUST_03487,SAVINGS,1963-08-18,ACTIVE,N,,
ACC_004365,CUST_03487,SAVINGS,1972-07-17,ACTIVE,N,,
ACC_004366,CUST_03487,SAVINGS,1980-10-17,ACTIVE,N,,
ACC_004367,CUST_03488,CURRENT,1970-09-11,ACTIVE,N,,
ACC_004368,CUST_03489,SAVINGS,2023-08-10,ACTIVE,N,,
ACC_004369,CUST_03490,SAVINGS,2007-09-16,ACTIVE,N,,
ACC_004370,CUST_03491,SAVINGS,1977-07-09,DORMANT,Y,1996-06-19,
ACC_004371,CUST_03492,CURRENT,1956-08-28,ACTIVE,N,,
ACC_004372,CUST_03493,CURRENT,2004-07-23,ACTIVE,N,,
ACC_004373,CUST_03494,CURRENT,1990-05-09,DORMANT,Y,2016-11-15,
ACC_004374,CUST_03495,SAVINGS,2021-01-04,ACTIVE,N,,
ACC_004375,CUST_03496,SAVINGS,2007-05-03,ACTIVE,N,,
ACC_004376,CUST_03497,CURRENT,2014-11-10,ACTIVE,N,,
ACC_004377,CUST_03498,CURRENT,2013-09-11,ACTIVE,N,,
ACC_004378,CUST_03499,SAVINGS,1993-10-24,ACTIVE,N,,
ACC_004379,CUST_03499,CURRENT,1968-07-11,ACTIVE,N,,
ACC_004380,CUST_03500,SAVINGS,1990-10-30,ACTIVE,N,,
ACC_004381,CUST_03501,SAVINGS,1950-01-18,ACTIVE,N,,
ACC_004382,CUST_03502,SAVINGS,1960-03-10,ACTIVE,N,,
ACC_004383,CUST_03502,SAVINGS,1984-03-16,ACTIVE,N,,
ACC_004384,CUST_03503,SAVINGS,1992-05-29,DORMANT,Y,1999-07-06,
ACC_004385,CUST_03504,SAVINGS,1959-02-04,ACTIVE,N,,
ACC_004386,CUST_03505,CURRENT,1958-01-22,ACTIVE,N,,
ACC_004387,CUST_03506,SAVINGS,2005-11-07,ACTIVE,N,,
ACC_004388,CUST_03507,SAVINGS,1969-02-04,ACTIVE,N,,
ACC_004389,CUST_03508,SAVINGS,1969-07-27,ACTIVE,N,,
ACC_004390,CUST_03509,SAVINGS,2015-06-16,ACTIVE,N,,
ACC_004391,CUST_03509,SAVINGS,1971-10-24,DORMANT,Y,2023-11-04,
ACC_004392,CUST_03510,CURRENT,1982-12-31,ACTIVE,N,,
ACC_004393,CUST_03511,SAVINGS,2003-04-01,ACTIVE,N,,
ACC_004394,CUST_03512,SAVINGS,1971-09-13,ACTIVE,N,,
ACC_004395,CUST_03513,SAVINGS,2007-01-11,ACTIVE,N,,
ACC_004396,CUST_03514,SAVINGS,2003-03-20,ACTIVE,N,,
ACC_004397,CUST_03515,CURRENT,1976-04-26,ACTIVE,N,,
ACC_004398,CUST_03516,CURRENT,1983-10-31,INACTIVE,N,,2007-09-04
ACC_004399,CUST_03517,SAVINGS,1959-08-08,ACTIVE,N,,
ACC_004400,CUST_03518,SAVINGS,1980-10-19,ACTIVE,N,,
ACC_004401,CUST_03518,SAVINGS,1987-08-05,ACTIVE,N,,
ACC_004402,CUST_03518,SAVINGS,1969-02-11,ACTIVE,N,,
ACC_004403,CUST_03519,SAVINGS,2004-08-20,ACTIVE,N,,
ACC_004404,CUST_03520,SAVINGS,1966-10-21,ACTIVE,N,,
ACC_004405,CUST_03521,CURRENT,1970-09-01,DORMANT,Y,1984-09-02,
ACC_004406,CUST_03522,SAVINGS,2010-05-06,ACTIVE,N,,
ACC_004407,CUST_03523,SAVINGS,1969-05-20,ACTIVE,N,,
ACC_004408,CUST_03524,SAVINGS,1987-06-29,ACTIVE,N,,
ACC_004409,CUST_03525,SAVINGS,1994-07-27,ACTIVE,N,,
ACC_004410,CUST_03526,SAVINGS,1951-06-20,ACTIVE,N,,
ACC_004411,CUST_03527,SAVINGS,1965-12-18,DORMANT,Y,2001-05-23,
ACC_004412,CUST_03528,SAVINGS,1992-05-07,ACTIVE,N,,
ACC_004413,CUST_03529,SAVINGS,2021-05-08,ACTIVE,N,,
ACC_004414,CUST_03529,SAVINGS,1963-12-19,INACTIVE,N,,2016-06-22
ACC_004415,CUST_03530,SAVINGS,2014-02-12,ACTIVE,N,,
ACC_004416,CUST_03531,SAVINGS,1981-08-07,ACTIVE,N,,
ACC_004417,CUST_03531,SAVINGS,2009-08-25,ACTIVE,N,,
ACC_004418,CUST_03531,SAVINGS,1990-09-02,ACTIVE,N,,
ACC_004419,CUST_03532,SAVINGS,1966-12-30,ACTIVE,N,,
ACC_004420,CUST_03533,SAVINGS,2023-09-01,ACTIVE,N,,
ACC_004421,CUST_03534,SAVINGS,2011-11-03,ACTIVE,N,,
ACC_004422,CUST_03534,SAVINGS,1970-12-01,ACTIVE,N,,
ACC_004423,CUST_03535,SAVINGS,1959-08-01,ACTIVE,N,,
ACC_004424,CUST_03536,SAVINGS,1996-06-17,ACTIVE,N,,
ACC_004425,CUST_03537,SAVINGS,1987-01-13,ACTIVE,N,,
ACC_004426,CUST_03538,SAVINGS,1955-07-30,ACTIVE,N,,
ACC_004427,CUST_03539,SAVINGS,2001-12-03,DORMANT,Y,2010-08-12,
ACC_004428,CUST_03540,SAVINGS,1965-05-11,ACTIVE,N,,
ACC_004429,CUST_03541,SAVINGS,2013-06-30,ACTIVE,N,,
ACC_004430,CUST_03542,SAVINGS,2007-12-20,ACTIVE,N,,
ACC_004431,CUST_03543,SAVINGS,1972-12-04,ACTIVE,N,,
ACC_004432,CUST_03544,SAVINGS,2016-04-28,ACTIVE,N,,
ACC_004433,CUST_03545,CURRENT,1989-08-15,ACTIVE,N,,
ACC_004434,CUST_03546,SAVINGS,1980-07-28,ACTIVE,N,,
ACC_004435,CUST_03547,SAVINGS,2021-02-27,ACTIVE,N,,
ACC_004436,CUST_03547,CURRENT,1964-01-10,ACTIVE,N,,
ACC_004437,CUST_03548,SAVINGS,1962-01-20,ACTIVE,N,,
ACC_004438,CUST_03549,SAVINGS,1999-05-06,ACTIVE,N,,
ACC_004439,CUST_03549,SAVINGS,1982-11-03,ACTIVE,N,,
ACC_004440,CUST_03550,SAVINGS,2017-04-22,ACTIVE,N,,
ACC_004441,CUST_03551,SAVINGS,2008-11-10,ACTIVE,N,,
ACC_004442,CUST_03552,SAVINGS,2007-05-23,ACTIVE,N,,
ACC_004443,CUST_03552,SAVINGS,1957-09-17,ACTIVE,N,,
ACC_004444,CUST_03553,SAVINGS,1964-04-26,DORMANT,Y,2023-03-11,
ACC_004445,CUST_03554,SAVINGS,1988-02-19,ACTIVE,N,,
ACC_004446,CUST_03554,SAVINGS,1987-07-19,ACTIVE,N,,
ACC_004447,CUST_03555,SAVINGS,1984-04-02,ACTIVE,N,,
ACC_004448,CUST_03556,SAVINGS,2019-02-12,ACTIVE,N,,
ACC_004449,CUST_03557,SAVINGS,1994-10-03,ACTIVE,N,,
ACC_004450,CUST_03558,SAVINGS,2007-02-11,DORMANT,Y,2015-08-30,
ACC_004451,CUST_03559,SAVINGS,1998-07-17,ACTIVE,N,,
ACC_004452,CUST_03560,SAVINGS,1961-04-23,ACTIVE,N,,
ACC_004453,CUST_03560,SAVINGS,1951-10-05,ACTIVE,N,,
ACC_004454,CUST_03561,SAVINGS,1963-10-07,ACTIVE,N,,
ACC_004455,CUST_03562,SAVINGS,2016-01-31,ACTIVE,N,,
ACC_004456,CUST_03562,SAVINGS,1983-01-14,ACTIVE,N,,
ACC_004457,CUST_03563,CURRENT,2017-05-14,ACTIVE,N,,
ACC_004458,CUST_03564,SAVINGS,1980-02-18,ACTIVE,N,,
ACC_004459,CUST_03565,SAVINGS,2009-01-13,ACTIVE,N,,
ACC_004460,CUST_03566,SAVINGS,1986-03-03,DORMANT,Y,1993-03-30,
ACC_004461,CUST_03567,SAVINGS,2016-05-25,ACTIVE,N,,
ACC_004462,CUST_03568,SAVINGS,2001-02-24,ACTIVE,N,,
ACC_004463,CUST_03569,CURRENT,2020-08-18,ACTIVE,N,,
ACC_004464,CUST_03570,CURRENT,2002-01-26,ACTIVE,N,,
ACC_004465,CUST_03571,SAVINGS,1955-09-24,ACTIVE,N,,
ACC_004466,CUST_03572,SAVINGS,1964-09-02,ACTIVE,N,,
ACC_004467,CUST_03573,SAVINGS,1963-06-02,ACTIVE,N,,
ACC_004468,CUST_03573,SAVINGS,1962-12-02,DORMANT,Y,1970-11-29,
ACC_004469,CUST_03574,SAVINGS,1982-06-23,ACTIVE,N,,
ACC_004470,CUST_03575,CURRENT,1999-02-03,ACTIVE,N,,
ACC_004471,CUST_03576,SAVINGS,2007-05-31,ACTIVE,N,,
ACC_004472,CUST_03577,CURRENT,2003-08-04,ACTIVE,N,,
ACC_004473,CUST_03578,SAVINGS,1955-06-05,INACTIVE,N,,2002-09-10
ACC_004474,CUST_03579,CURRENT,2009-12-01,ACTIVE,N,,
ACC_004475,CUST_03580,SAVINGS,2012-09-15,ACTIVE,N,,
ACC_004476,CUST_03581,SAVINGS,2021-02-23,ACTIVE,N,,
ACC_004477,CUST_03582,SAVINGS,1955-01-28,ACTIVE,N,,
ACC_004478,CUST_03582,SAVINGS,2004-04-06,ACTIVE,N,,
ACC_004479,CUST_03583,SAVINGS,2008-10-07,ACTIVE,N,,
ACC_004480,CUST_03584,CURRENT,1953-06-28,INACTIVE,N,,1982-11-22
ACC_004481,CUST_03585,SAVINGS,1974-08-07,ACTIVE,N,,
ACC_004482,CUST_03585,SAVINGS,1953-04-15,ACTIVE,N,,
ACC_004483,CUST_03586,SAVINGS,1994-10-09,ACTIVE,N,,
ACC_004484,CUST_03587,SAVINGS,1963-06-13,DORMANT,Y,1983-05-03,
ACC_004485,CUST_03587,SAVINGS,2006-02-03,DORMANT,Y,2007-01-21,
ACC_004486,CUST_03588,SAVINGS,2012-02-23,ACTIVE,N,,
ACC_004487,CUST_03589,SAVINGS,1984-07-03,ACTIVE,N,,
ACC_004488,CUST_03590,SAVINGS,1998-10-21,ACTIVE,N,,
ACC_004489,CUST_03590,SAVINGS,1996-10-28,ACTIVE,N,,
ACC_004490,CUST_03591,SAVINGS,1997-12-16,ACTIVE,N,,
ACC_004491,CUST_03591,SAVINGS,1983-11-06,ACTIVE,N,,
ACC_004492,CUST_03592,SAVINGS,1987-08-26,ACTIVE,N,,
ACC_004493,CUST_03593,SAVINGS,2010-09-14,ACTIVE,N,,
ACC_004494,CUST_03594,SAVINGS,1956-07-04,ACTIVE,N,,
ACC_004495,CUST_03594,SAVINGS,1994-03-02,DORMANT,Y,2009-10-03,
ACC_004496,CUST_03595,SAVINGS,1985-10-26,ACTIVE,N,,
ACC_004497,CUST_03596,SAVINGS,1971-11-10,ACTIVE,N,,
ACC_004498,CUST_03597,SAVINGS,1978-07-01,ACTIVE,N,,
ACC_004499,CUST_03598,SAVINGS,2024-06-26,ACTIVE,N,,
ACC_004500,CUST_03598,SAVINGS,1993-10-22,ACTIVE,N,,
ACC_004501,CUST_03599,SAVINGS,2004-08-14,ACTIVE,N,,
ACC_004502,CUST_03600,SAVINGS,1997-06-08,ACTIVE,N,,
ACC_004503,CUST_03601,SAVINGS,1973-06-02,ACTIVE,N,,
ACC_004504,CUST_03602,CURRENT,2018-01-11,DORMANT,Y,2018-10-14,
ACC_004505,CUST_03603,SAVINGS,1995-06-05,ACTIVE,N,,
ACC_004506,CUST_03604,SAVINGS,1997-11-18,ACTIVE,N,,
ACC_004507,CUST_03604,SAVINGS,2023-04-03,ACTIVE,N,,
ACC_004508,CUST_03605,SAVINGS,1980-12-21,DORMANT,Y,2002-07-06,
ACC_004509,CUST_03606,CURRENT,1991-08-17,ACTIVE,N,,
ACC_004510,CUST_03607,SAVINGS,1963-10-15,ACTIVE,N,,
ACC_004511,CUST_03608,SAVINGS,1962-04-23,ACTIVE,N,,
ACC_004512,CUST_03609,CURRENT,2005-04-07,ACTIVE,N,,
ACC_004513,CUST_03610,SAVINGS,1992-08-03,DORMANT,Y,2013-09-29,
ACC_004514,CUST_03610,SAVINGS,2017-09-01,ACTIVE,N,,
ACC_004515,CUST_03610,SAVINGS,1975-05-05,ACTIVE,N,,
ACC_004516,CUST_03611,SAVINGS,2002-01-31,ACTIVE,N,,
ACC_004517,CUST_03612,SAVINGS,1977-07-06,ACTIVE,N,,
ACC_004518,CUST_03612,SAVINGS,1986-01-09,ACTIVE,N,,
ACC_004519,CUST_03613,SAVINGS,2016-01-26,ACTIVE,N,,
ACC_004520,CUST_03614,SAVINGS,1997-09-19,ACTIVE,N,,
ACC_004521,CUST_03615,CURRENT,1995-11-13,DORMANT,Y,2023-04-15,
ACC_004522,CUST_03616,SAVINGS,2009-07-31,ACTIVE,N,,
ACC_004523,CUST_03617,SAVINGS,1999-03-13,ACTIVE,N,,
ACC_004524,CUST_03618,SAVINGS,1971-09-02,ACTIVE,N,,
ACC_004525,CUST_03619,CURRENT,1972-12-09,ACTIVE,N,,
ACC_004526,CUST_03619,SAVINGS,1993-12-05,ACTIVE,N,,
ACC_004527,CUST_03620,SAVINGS,1952-03-02,ACTIVE,N,,
ACC_004528,CUST_03621,SAVINGS,1965-03-04,ACTIVE,N,,
ACC_004529,CUST_03622,SAVINGS,1975-10-31,INACTIVE,N,,2015-06-04
ACC_004530,CUST_03623,SAVINGS,1992-04-06,DORMANT,Y,2023-03-09,
ACC_004531,CUST_03624,CURRENT,2018-11-19,ACTIVE,N,,
ACC_004532,CUST_03625,SAVINGS,1990-04-25,ACTIVE,N,,
ACC_004533,CUST_03626,SAVINGS,2023-04-04,ACTIVE,N,,
ACC_004534,CUST_03626,SAVINGS,1974-03-19,ACTIVE,N,,
ACC_004535,CUST_03627,SAVINGS,2004-03-01,ACTIVE,N,,
ACC_004536,CUST_03628,CURRENT,1960-05-02,ACTIVE,N,,
ACC_004537,CUST_03629,SAVINGS,1977-01-12,ACTIVE,N,,
ACC_004538,CUST_03630,SAVINGS,1962-09-16,ACTIVE,N,,
ACC_004539,CUST_03631,SAVINGS,1962-04-28,ACTIVE,N,,
ACC_004540,CUST_03632,SAVINGS,2005-01-26,ACTIVE,N,,
ACC_004541,CUST_03633,SAVINGS,1985-11-05,DORMANT,Y,1995-10-07,
ACC_004542,CUST_03634,SAVINGS,1996-04-18,ACTIVE,N,,
ACC_004543,CUST_03635,SAVINGS,2022-07-09,ACTIVE,N,,
ACC_004544,CUST_03635,SAVINGS,1998-02-25,ACTIVE,N,,
ACC_004545,CUST_03636,SAVINGS,2003-12-31,INACTIVE,N,,2008-07-10
ACC_004546,CUST_03637,CURRENT,2002-06-07,ACTIVE,N,,
ACC_004547,CUST_03638,SAVINGS,1964-02-08,ACTIVE,N,,
ACC_004548,CUST_03639,SAVINGS,1990-01-01,ACTIVE,N,,
ACC_004549,CUST_03640,SAVINGS,1961-03-10,ACTIVE,N,,
ACC_004550,CUST_03641,SAVINGS,1994-01-27,ACTIVE,N,,
ACC_004551,CUST_03641,SAVINGS,1980-08-07,ACTIVE,N,,
ACC_004552,CUST_03642,CURRENT,2010-03-25,ACTIVE,N,,
ACC_004553,CUST_03643,SAVINGS,1955-07-20,ACTIVE,N,,
ACC_004554,CUST_03644,CURRENT,1983-06-20,INACTIVE,N,,2020-10-03
ACC_004555,CUST_03645,SAVINGS,1971-02-05,ACTIVE,N,,
ACC_004556,CUST_03646,SAVINGS,1987-04-07,ACTIVE,N,,
ACC_004557,CUST_03647,SAVINGS,1953-08-03,ACTIVE,N,,
ACC_004558,CUST_03648,SAVINGS,2017-04-20,ACTIVE,N,,
ACC_004559,CUST_03648,SAVINGS,1980-07-20,DORMANT,Y,1995-06-14,
ACC_004560,CUST_03649,CURRENT,1983-05-24,ACTIVE,N,,
ACC_004561,CUST_03650,SAVINGS,1980-09-26,INACTIVE,N,,2010-09-14
ACC_004562,CUST_03651,SAVINGS,1979-05-24,ACTIVE,N,,
ACC_004563,CUST_03652,CURRENT,1969-10-14,ACTIVE,N,,
ACC_004564,CUST_03653,SAVINGS,1951-09-10,ACTIVE,N,,
ACC_004565,CUST_03654,SAVINGS,1990-05-24,DORMANT,Y,2006-12-22,
ACC_004566,CUST_03655,SAVINGS,1952-10-29,ACTIVE,N,,
ACC_004567,CUST_03656,SAVINGS,2015-10-10,ACTIVE,N,,
ACC_004568,CUST_03657,SAVINGS,2009-09-28,ACTIVE,N,,
ACC_004569,CUST_03658,SAVINGS,2006-06-02,ACTIVE,N,,
ACC_004570,CUST_03658,CURRENT,1976-03-01,ACTIVE,N,,
ACC_004571,CUST_03658,SAVINGS,2006-02-12,ACTIVE,N,,
ACC_004572,CUST_03659,SAVINGS,1975-04-28,ACTIVE,N,,
ACC_004573,CUST_03660,CURRENT,2020-07-30,ACTIVE,N,,
ACC_004574,CUST_03660,CURRENT,2004-05-22,ACTIVE,N,,
ACC_004575,CUST_03661,SAVINGS,2002-09-08,ACTIVE,N,,
ACC_004576,CUST_03662,CURRENT,1985-08-03,ACTIVE,N,,
ACC_004577,CUST_03663,SAVINGS,1999-07-15,ACTIVE,N,,
ACC_004578,CUST_03663,SAVINGS,1985-11-14,ACTIVE,N,,
ACC_004579,CUST_03664,SAVINGS,2008-09-13,ACTIVE,N,,
ACC_004580,CUST_03665,SAVINGS,2000-05-22,ACTIVE,N,,
ACC_004581,CUST_03665,SAVINGS,1999-08-12,ACTIVE,N,,
ACC_004582,CUST_03666,SAVINGS,1981-12-11,DORMANT,Y,2003-09-24,
ACC_004583,CUST_03666,SAVINGS,2023-07-18,INACTIVE,N,,2024-04-20
ACC_004584,CUST_03667,SAVINGS,1960-06-26,ACTIVE,N,,
ACC_004585,CUST_03668,SAVINGS,1968-04-21,ACTIVE,N,,
ACC_004586,CUST_03669,SAVINGS,1993-10-11,ACTIVE,N,,
ACC_004587,CUST_03670,SAVINGS,1983-08-09,DORMANT,Y,2020-03-25,
ACC_004588,CUST_03670,SAVINGS,1967-07-11,ACTIVE,N,,
ACC_004589,CUST_03670,SAVINGS,1963-02-25,ACTIVE,N,,
ACC_004590,CUST_03671,SAVINGS,2019-01-24,ACTIVE,N,,
ACC_004591,CUST_03672,SAVINGS,2014-10-01,ACTIVE,N,,
ACC_004592,CUST_03673,SAVINGS,2022-11-11,DORMANT,Y,2024-03-11,
ACC_004593,CUST_03674,SAVINGS,1964-04-07,INACTIVE,N,,2019-03-14
ACC_004594,CUST_03675,SAVINGS,1981-01-03,INACTIVE,N,,2004-09-17
ACC_004595,CUST_03676,SAVINGS,1980-06-25,ACTIVE,N,,
ACC_004596,CUST_03677,SAVINGS,2013-04-29,ACTIVE,N,,
ACC_004597,CUST_03678,SAVINGS,1986-08-18,ACTIVE,N,,
ACC_004598,CUST_03679,SAVINGS,1957-03-29,DORMANT,Y,1988-07-23,
ACC_004599,CUST_03680,SAVINGS,2009-08-05,ACTIVE,N,,
ACC_004600,CUST_03680,SAVINGS,2017-08-29,ACTIVE,N,,
ACC_004601,CUST_03681,SAVINGS,2009-05-13,ACTIVE,N,,
ACC_004602,CUST_03682,SAVINGS,1958-10-20,ACTIVE,N,,
ACC_004603,CUST_03683,SAVINGS,1973-04-27,ACTIVE,N,,
ACC_004604,CUST_03684,SAVINGS,1953-01-04,ACTIVE,N,,
ACC_004605,CUST_03685,SAVINGS,2011-01-14,ACTIVE,N,,
ACC_004606,CUST_03686,SAVINGS,1957-10-31,ACTIVE,N,,
ACC_004607,CUST_03686,CURRENT,1997-04-23,INACTIVE,N,,2013-07-11
ACC_004608,CUST_03687,CURRENT,1970-02-16,ACTIVE,N,,
ACC_004609,CUST_03688,SAVINGS,1958-09-06,ACTIVE,N,,
ACC_004610,CUST_03689,SAVINGS,1998-03-27,ACTIVE,N,,
ACC_004611,CUST_03689,SAVINGS,1958-11-26,ACTIVE,N,,
ACC_004612,CUST_03689,SAVINGS,1987-07-30,ACTIVE,N,,
ACC_004613,CUST_03690,SAVINGS,1984-04-19,DORMANT,Y,1986-03-05,
ACC_004614,CUST_03690,SAVINGS,2016-10-19,ACTIVE,N,,
ACC_004615,CUST_03691,SAVINGS,2008-08-20,INACTIVE,N,,2020-08-12
ACC_004616,CUST_03692,SAVINGS,1968-02-25,ACTIVE,N,,
ACC_004617,CUST_03693,SAVINGS,2003-12-06,ACTIVE,N,,
ACC_004618,CUST_03694,SAVINGS,1979-04-16,ACTIVE,N,,
ACC_004619,CUST_03694,SAVINGS,2011-07-14,ACTIVE,N,,
ACC_004620,CUST_03695,SAVINGS,1992-03-02,ACTIVE,N,,
ACC_004621,CUST_03696,CURRENT,2023-04-11,ACTIVE,N,,
ACC_004622,CUST_03697,SAVINGS,1991-06-19,ACTIVE,N,,
ACC_004623,CUST_03698,SAVINGS,1994-12-26,ACTIVE,N,,
ACC_004624,CUST_03698,SAVINGS,1981-08-26,ACTIVE,N,,
ACC_004625,CUST_03699,CURRENT,2019-02-18,ACTIVE,N,,
ACC_004626,CUST_03699,CURRENT,2005-05-31,ACTIVE,N,,
ACC_004627,CUST_03700,SAVINGS,1969-08-18,ACTIVE,N,,
ACC_004628,CUST_03700,SAVINGS,2023-06-11,ACTIVE,N,,
ACC_004629,CUST_03700,SAVINGS,1992-10-18,ACTIVE,N,,
ACC_004630,CUST_03701,SAVINGS,1950-12-03,INACTIVE,N,,1958-02-17
ACC_004631,CUST_03702,CURRENT,1998-10-09,ACTIVE,N,,
ACC_004632,CUST_03703,SAVINGS,1966-04-16,ACTIVE,N,,
ACC_004633,CUST_03704,SAVINGS,1959-09-01,ACTIVE,N,,
ACC_004634,CUST_03704,SAVINGS,1958-08-30,ACTIVE,N,,
ACC_004635,CUST_03705,CURRENT,2022-02-07,INACTIVE,N,,2023-11-11
ACC_004636,CUST_03706,CURRENT,1971-12-10,DORMANT,Y,2021-10-15,
ACC_004637,CUST_03707,SAVINGS,1976-06-27,ACTIVE,N,,
ACC_004638,CUST_03708,SAVINGS,1983-11-11,ACTIVE,N,,
ACC_004639,CUST_03709,SAVINGS,1974-05-30,ACTIVE,N,,
ACC_004640,CUST_03710,SAVINGS,1974-09-01,ACTIVE,N,,
ACC_004641,CUST_03711,SAVINGS,1954-01-05,ACTIVE,N,,
ACC_004642,CUST_03712,SAVINGS,2017-05-14,ACTIVE,N,,
ACC_004643,CUST_03713,SAVINGS,1966-04-07,ACTIVE,N,,
ACC_004644,CUST_03714,SAVINGS,1995-02-27,ACTIVE,N,,
ACC_004645,CUST_03714,SAVINGS,1962-02-16,ACTIVE,N,,
ACC_004646,CUST_03715,SAVINGS,1962-10-25,ACTIVE,N,,
ACC_004647,CUST_03716,SAVINGS,2004-12-03,ACTIVE,N,,
ACC_004648,CUST_03716,SAVINGS,2002-09-25,ACTIVE,N,,
ACC_004649,CUST_03717,SAVINGS,2005-06-21,ACTIVE,N,,
ACC_004650,CUST_03717,SAVINGS,2001-11-23,ACTIVE,N,,
ACC_004651,CUST_03718,SAVINGS,2014-07-26,ACTIVE,N,,
ACC_004652,CUST_03719,SAVINGS,1968-11-07,ACTIVE,N,,
ACC_004653,CUST_03720,SAVINGS,1996-09-21,ACTIVE,N,,
ACC_004654,CUST_03721,SAVINGS,1974-11-27,ACTIVE,N,,
ACC_004655,CUST_03722,SAVINGS,1963-01-18,DORMANT,Y,1984-03-22,
ACC_004656,CUST_03723,CURRENT,1998-05-03,ACTIVE,N,,
ACC_004657,CUST_03723,CURRENT,1974-02-23,ACTIVE,N,,
ACC_004658,CUST_03724,SAVINGS,2008-07-28,ACTIVE,N,,
ACC_004659,CUST_03725,SAVINGS,1984-04-19,ACTIVE,N,,
ACC_004660,CUST_03726,CURRENT,2018-01-03,ACTIVE,N,,
ACC_004661,CUST_03727,SAVINGS,1962-05-08,ACTIVE,N,,
ACC_004662,CUST_03728,SAVINGS,1975-02-13,ACTIVE,N,,
ACC_004663,CUST_03729,SAVINGS,1985-06-15,ACTIVE,N,,
ACC_004664,CUST_03730,SAVINGS,2004-08-20,DORMANT,Y,2011-06-18,
ACC_004665,CUST_03731,SAVINGS,1980-11-05,ACTIVE,N,,
ACC_004666,CUST_03732,SAVINGS,1997-10-19,INACTIVE,N,,2019-10-27
ACC_004667,CUST_03733,CURRENT,1961-02-06,INACTIVE,N,,1984-03-20
ACC_004668,CUST_03733,SAVINGS,2011-06-25,ACTIVE,N,,
ACC_004669,CUST_03734,SAVINGS,1962-10-19,ACTIVE,N,,
ACC_004670,CUST_03735,SAVINGS,2021-04-19,ACTIVE,N,,
ACC_004671,CUST_03736,SAVINGS,1985-01-30,DORMANT,Y,1986-06-21,
ACC_004672,CUST_03737,SAVINGS,1958-04-16,ACTIVE,N,,
ACC_004673,CUST_03738,SAVINGS,1958-01-19,ACTIVE,N,,
ACC_004674,CUST_03739,SAVINGS,2000-10-14,DORMANT,Y,2004-01-13,
ACC_004675,CUST_03739,SAVINGS,1972-12-07,ACTIVE,N,,
ACC_004676,CUST_03739,SAVINGS,1950-03-27,ACTIVE,N,,
ACC_004677,CUST_03740,SAVINGS,2022-01-05,ACTIVE,N,,
ACC_004678,CUST_03741,CURRENT,1951-09-18,ACTIVE,N,,
ACC_004679,CUST_03742,SAVINGS,1950-08-20,ACTIVE,N,,
ACC_004680,CUST_03742,SAVINGS,1994-06-27,DORMANT,Y,2007-07-30,
ACC_004681,CUST_03743,SAVINGS,1991-09-07,ACTIVE,N,,
ACC_004682,CUST_03744,SAVINGS,1953-10-06,ACTIVE,N,,
ACC_004683,CUST_03745,SAVINGS,2001-01-06,INACTIVE,N,,2003-05-18
ACC_004684,CUST_03746,CURRENT,1973-06-18,ACTIVE,N,,
ACC_004685,CUST_03747,SAVINGS,1975-08-27,ACTIVE,N,,
ACC_004686,CUST_03748,CURRENT,2017-10-21,ACTIVE,N,,
ACC_004687,CUST_03748,SAVINGS,1974-09-28,ACTIVE,N,,
ACC_004688,CUST_03749,SAVINGS,2022-11-04,ACTIVE,N,,
ACC_004689,CUST_03750,CURRENT,1979-09-21,DORMANT,Y,2003-03-20,
ACC_004690,CUST_03751,CURRENT,1963-03-14,DORMANT,Y,2022-07-18,
ACC_004691,CUST_03752,CURRENT,1971-01-19,DORMANT,Y,2011-11-11,
ACC_004692,CUST_03753,SAVINGS,2000-12-04,ACTIVE,N,,
ACC_004693,CUST_03754,SAVINGS,1974-01-30,ACTIVE,N,,
ACC_004694,CUST_03754,SAVINGS,2009-12-24,ACTIVE,N,,
ACC_004695,CUST_03755,SAVINGS,1974-02-27,ACTIVE,N,,
ACC_004696,CUST_03756,SAVINGS,2019-01-18,ACTIVE,N,,
ACC_004697,CUST_03756,SAVINGS,1970-04-05,ACTIVE,N,,
ACC_004698,CUST_03757,SAVINGS,2010-07-31,ACTIVE,N,,
ACC_004699,CUST_03758,SAVINGS,1954-02-17,ACTIVE,N,,
ACC_004700,CUST_03759,SAVINGS,1955-04-12,ACTIVE,N,,
ACC_004701,CUST_03760,SAVINGS,2023-03-02,ACTIVE,N,,
ACC_004702,CUST_03760,SAVINGS,1966-05-16,ACTIVE,N,,
ACC_004703,CUST_03761,SAVINGS,1992-06-01,ACTIVE,N,,
ACC_004704,CUST_03762,SAVINGS,1989-08-31,INACTIVE,N,,1996-12-30
ACC_004705,CUST_03763,SAVINGS,1997-07-04,ACTIVE,N,,
ACC_004706,CUST_03764,SAVINGS,1974-07-22,ACTIVE,N,,
ACC_004707,CUST_03765,SAVINGS,2020-07-26,ACTIVE,N,,
ACC_004708,CUST_03766,SAVINGS,1972-10-12,DORMANT,Y,1979-07-26,
ACC_004709,CUST_03767,SAVINGS,2017-09-24,ACTIVE,N,,
ACC_004710,CUST_03768,SAVINGS,1976-04-16,INACTIVE,N,,2017-05-11
ACC_004711,CUST_03768,CURRENT,1971-02-17,ACTIVE,N,,
ACC_004712,CUST_03769,SAVINGS,1995-12-03,ACTIVE,N,,
ACC_004713,CUST_03770,SAVINGS,2011-11-18,ACTIVE,N,,
ACC_004714,CUST_03771,CURRENT,2024-07-31,ACTIVE,N,,
ACC_004715,CUST_03772,CURRENT,2002-12-03,ACTIVE,N,,
ACC_004716,CUST_03773,SAVINGS,2010-12-18,ACTIVE,N,,
ACC_004717,CUST_03774,SAVINGS,1965-11-03,ACTIVE,N,,
ACC_004718,CUST_03775,SAVINGS,1958-11-29,ACTIVE,N,,
ACC_004719,CUST_03775,SAVINGS,1996-01-19,ACTIVE,N,,
ACC_004720,CUST_03776,CURRENT,1983-07-06,ACTIVE,N,,
ACC_004721,CUST_03777,SAVINGS,1999-10-09,ACTIVE,N,,
ACC_004722,CUST_03778,SAVINGS,1969-03-30,ACTIVE,N,,
ACC_004723,CUST_03779,SAVINGS,1982-08-04,ACTIVE,N,,
ACC_004724,CUST_03780,CURRENT,2016-10-17,ACTIVE,N,,
ACC_004725,CUST_03781,SAVINGS,1975-08-20,ACTIVE,N,,
ACC_004726,CUST_03782,CURRENT,2005-01-09,ACTIVE,N,,
ACC_004727,CUST_03783,SAVINGS,1955-08-30,INACTIVE,N,,2004-06-05
ACC_004728,CUST_03784,SAVINGS,1957-12-24,ACTIVE,N,,
ACC_004729,CUST_03784,SAVINGS,2015-05-21,ACTIVE,N,,
ACC_004730,CUST_03785,SAVINGS,1963-06-12,ACTIVE,N,,
ACC_004731,CUST_03785,SAVINGS,2020-10-01,ACTIVE,N,,
ACC_004732,CUST_03786,SAVINGS,1962-05-19,ACTIVE,N,,
ACC_004733,CUST_03787,SAVINGS,1993-08-17,ACTIVE,N,,
ACC_004734,CUST_03788,CURRENT,2021-10-09,ACTIVE,N,,
ACC_004735,CUST_03789,SAVINGS,2022-05-25,ACTIVE,N,,
ACC_004736,CUST_03789,SAVINGS,2020-12-31,INACTIVE,N,,2022-09-04
ACC_004737,CUST_03790,SAVINGS,2024-05-12,ACTIVE,N,,
ACC_004738,CUST_03790,SAVINGS,1977-05-07,ACTIVE,N,,
ACC_004739,CUST_03790,SAVINGS,1988-06-16,ACTIVE,N,,
ACC_004740,CUST_03791,SAVINGS,1993-08-06,ACTIVE,N,,
ACC_004741,CUST_03792,SAVINGS,1968-06-09,ACTIVE,N,,
ACC_004742,CUST_03792,SAVINGS,2010-12-17,ACTIVE,N,,
ACC_004743,CUST_03793,SAVINGS,1976-12-14,ACTIVE,N,,
ACC_004744,CUST_03794,SAVINGS,1989-11-15,ACTIVE,N,,
ACC_004745,CUST_03795,SAVINGS,2008-01-09,ACTIVE,N,,
ACC_004746,CUST_03796,SAVINGS,2005-01-06,DORMANT,Y,2019-10-27,
ACC_004747,CUST_03796,SAVINGS,2001-04-27,ACTIVE,N,,
ACC_004748,CUST_03797,SAVINGS,1961-03-19,ACTIVE,N,,
ACC_004749,CUST_03798,SAVINGS,2016-10-02,ACTIVE,N,,
ACC_004750,CUST_03799,SAVINGS,1953-03-30,ACTIVE,N,,
ACC_004751,CUST_03799,SAVINGS,2016-11-09,INACTIVE,N,,2017-09-29
ACC_004752,CUST_03800,SAVINGS,1993-10-04,ACTIVE,N,,
ACC_004753,CUST_03800,SAVINGS,2015-11-20,ACTIVE,N,,
ACC_004754,CUST_03801,SAVINGS,2002-12-01,ACTIVE,N,,
ACC_004755,CUST_03802,CURRENT,1991-08-20,ACTIVE,N,,
ACC_004756,CUST_03803,SAVINGS,2017-09-22,ACTIVE,N,,
ACC_004757,CUST_03803,SAVINGS,1989-02-01,DORMANT,Y,1992-11-01,
ACC_004758,CUST_03804,SAVINGS,2021-10-19,ACTIVE,N,,
ACC_004759,CUST_03805,SAVINGS,1955-09-01,ACTIVE,N,,
ACC_004760,CUST_03806,SAVINGS,1975-08-07,ACTIVE,N,,
ACC_004761,CUST_03807,SAVINGS,1962-02-20,ACTIVE,N,,
ACC_004762,CUST_03808,CURRENT,1991-10-20,ACTIVE,N,,
ACC_004763,CUST_03809,SAVINGS,2023-11-16,ACTIVE,N,,
ACC_004764,CUST_03810,SAVINGS,1973-08-05,ACTIVE,N,,
ACC_004765,CUST_03811,SAVINGS,1992-09-08,ACTIVE,N,,
ACC_004766,CUST_03811,CURRENT,1956-07-11,ACTIVE,N,,
ACC_004767,CUST_03812,CURRENT,2022-09-19,ACTIVE,N,,
ACC_004768,CUST_03813,SAVINGS,1953-10-22,ACTIVE,N,,
ACC_004769,CUST_03814,SAVINGS,1956-06-04,ACTIVE,N,,
ACC_004770,CUST_03815,SAVINGS,1991-03-26,ACTIVE,N,,
ACC_004771,CUST_03816,SAVINGS,2002-05-21,ACTIVE,N,,
ACC_004772,CUST_03817,SAVINGS,1975-08-15,DORMANT,Y,1999-07-23,
ACC_004773,CUST_03818,SAVINGS,2023-03-11,ACTIVE,N,,
ACC_004774,CUST_03819,SAVINGS,1957-02-19,ACTIVE,N,,
ACC_004775,CUST_03820,SAVINGS,2009-01-15,ACTIVE,N,,
ACC_004776,CUST_03821,SAVINGS,2019-03-11,INACTIVE,N,,2023-08-24
ACC_004777,CUST_03822,SAVINGS,1974-04-07,ACTIVE,N,,
ACC_004778,CUST_03823,SAVINGS,2019-03-29,DORMANT,Y,2022-05-24,
ACC_004779,CUST_03824,SAVINGS,1956-02-02,INACTIVE,N,,1985-04-12
ACC_004780,CUST_03825,SAVINGS,1963-06-05,ACTIVE,N,,
ACC_004781,CUST_03826,SAVINGS,2012-03-25,ACTIVE,N,,
ACC_004782,CUST_03826,SAVINGS,1975-04-11,ACTIVE,N,,
ACC_004783,CUST_03827,SAVINGS,1980-02-27,ACTIVE,N,,
ACC_004784,CUST_03828,SAVINGS,1993-08-05,ACTIVE,N,,
ACC_004785,CUST_03829,SAVINGS,1959-12-07,ACTIVE,N,,
ACC_004786,CUST_03829,SAVINGS,1977-09-17,ACTIVE,N,,
ACC_004787,CUST_03830,SAVINGS,2017-05-29,DORMANT,Y,2019-03-02,
ACC_004788,CUST_03831,SAVINGS,1952-02-15,DORMANT,Y,1958-04-12,
ACC_004789,CUST_03832,SAVINGS,2001-12-02,ACTIVE,N,,
ACC_004790,CUST_03832,SAVINGS,1978-01-15,ACTIVE,N,,
ACC_004791,CUST_03832,SAVINGS,1965-10-31,ACTIVE,N,,
ACC_004792,CUST_03833,SAVINGS,1989-07-12,ACTIVE,N,,
ACC_004793,CUST_03834,SAVINGS,1950-08-24,DORMANT,Y,1983-05-12,
ACC_004794,CUST_03835,SAVINGS,1995-01-06,ACTIVE,N,,
ACC_004795,CUST_03835,SAVINGS,1974-02-05,INACTIVE,N,,2000-08-18
ACC_004796,CUST_03836,SAVINGS,1981-01-30,ACTIVE,N,,
ACC_004797,CUST_03836,SAVINGS,2000-08-07,ACTIVE,N,,
ACC_004798,CUST_03837,CURRENT,2004-09-15,ACTIVE,N,,
ACC_004799,CUST_03838,SAVINGS,1956-02-03,ACTIVE,N,,
ACC_004800,CUST_03839,CURRENT,1971-03-23,DORMANT,Y,1980-11-11,
ACC_004801,CUST_03840,SAVINGS,1983-07-04,ACTIVE,N,,
ACC_004802,CUST_03841,CURRENT,1985-02-20,ACTIVE,N,,
ACC_004803,CUST_03842,SAVINGS,2007-07-20,ACTIVE,N,,
ACC_004804,CUST_03842,SAVINGS,1992-02-27,ACTIVE,N,,
ACC_004805,CUST_03843,SAVINGS,1977-11-19,ACTIVE,N,,
ACC_004806,CUST_03843,SAVINGS,1987-02-07,ACTIVE,N,,
ACC_004807,CUST_03844,SAVINGS,2005-09-10,ACTIVE,N,,
ACC_004808,CUST_03844,SAVINGS,1951-05-24,ACTIVE,N,,
ACC_004809,CUST_03845,SAVINGS,2006-08-08,INACTIVE,N,,2020-09-03
ACC_004810,CUST_03845,SAVINGS,2001-04-30,ACTIVE,N,,
ACC_004811,CUST_03846,SAVINGS,1987-11-06,ACTIVE,N,,
ACC_004812,CUST_03847,SAVINGS,1975-10-16,ACTIVE,N,,
ACC_004813,CUST_03848,SAVINGS,2016-06-12,ACTIVE,N,,
ACC_004814,CUST_03848,SAVINGS,1984-06-28,ACTIVE,N,,
ACC_004815,CUST_03848,SAVINGS,1951-06-03,ACTIVE,N,,
ACC_004816,CUST_03849,SAVINGS,2003-10-28,ACTIVE,N,,
ACC_004817,CUST_03850,SAVINGS,1955-09-09,ACTIVE,N,,
ACC_004818,CUST_03851,SAVINGS,2011-02-16,ACTIVE,N,,
ACC_004819,CUST_03852,CURRENT,1967-07-18,ACTIVE,N,,
ACC_004820,CUST_03853,SAVINGS,1980-05-07,ACTIVE,N,,
ACC_004821,CUST_03854,CURRENT,1959-08-07,ACTIVE,N,,
ACC_004822,CUST_03855,SAVINGS,1965-07-26,ACTIVE,N,,
ACC_004823,CUST_03855,SAVINGS,1965-09-09,DORMANT,Y,1976-07-03,
ACC_004824,CUST_03856,SAVINGS,2016-06-28,DORMANT,Y,2017-08-15,
ACC_004825,CUST_03857,SAVINGS,1974-12-15,ACTIVE,N,,
ACC_004826,CUST_03858,SAVINGS,2023-01-29,ACTIVE,N,,
ACC_004827,CUST_03859,SAVINGS,1994-07-23,ACTIVE,N,,
ACC_004828,CUST_03860,SAVINGS,1972-10-11,ACTIVE,N,,
ACC_004829,CUST_03861,SAVINGS,1984-11-28,ACTIVE,N,,
ACC_004830,CUST_03862,SAVINGS,2004-03-12,ACTIVE,N,,
ACC_004831,CUST_03863,SAVINGS,1988-10-05,ACTIVE,N,,
ACC_004832,CUST_03864,SAVINGS,2022-12-26,ACTIVE,N,,
ACC_004833,CUST_03865,SAVINGS,1988-12-25,ACTIVE,N,,
ACC_004834,CUST_03866,SAVINGS,1988-09-30,ACTIVE,N,,
ACC_004835,CUST_03867,SAVINGS,1985-08-04,ACTIVE,N,,
ACC_004836,CUST_03868,SAVINGS,1964-10-07,ACTIVE,N,,
ACC_004837,CUST_03869,SAVINGS,1966-04-02,ACTIVE,N,,
ACC_004838,CUST_03870,SAVINGS,2003-09-30,DORMANT,Y,2010-08-15,
ACC_004839,CUST_03871,SAVINGS,1961-10-10,ACTIVE,N,,
ACC_004840,CUST_03872,SAVINGS,2017-10-10,DORMANT,Y,2019-06-25,
ACC_004841,CUST_03873,SAVINGS,1967-04-20,ACTIVE,N,,
ACC_004842,CUST_03874,SAVINGS,2020-07-13,DORMANT,Y,2020-10-31,
ACC_004843,CUST_03874,SAVINGS,2013-10-28,ACTIVE,N,,
ACC_004844,CUST_03875,SAVINGS,2015-03-03,ACTIVE,N,,
ACC_004845,CUST_03876,SAVINGS,1964-11-18,ACTIVE,N,,
ACC_004846,CUST_03877,SAVINGS,1965-03-01,ACTIVE,N,,
ACC_004847,CUST_03877,CURRENT,1981-02-13,ACTIVE,N,,
ACC_004848,CUST_03877,CURRENT,1955-03-06,ACTIVE,N,,
ACC_004849,CUST_03878,CURRENT,2002-10-25,ACTIVE,N,,
ACC_004850,CUST_03878,CURRENT,1975-02-09,ACTIVE,N,,
ACC_004851,CUST_03879,SAVINGS,1961-05-19,ACTIVE,N,,
ACC_004852,CUST_03880,SAVINGS,1959-03-05,ACTIVE,N,,
ACC_004853,CUST_03881,SAVINGS,1982-11-26,ACTIVE,N,,
ACC_004854,CUST_03882,SAVINGS,2009-05-02,ACTIVE,N,,
ACC_004855,CUST_03883,SAVINGS,2000-06-24,ACTIVE,N,,
ACC_004856,CUST_03884,SAVINGS,2009-08-17,ACTIVE,N,,
ACC_004857,CUST_03885,CURRENT,1969-06-06,ACTIVE,N,,
ACC_004858,CUST_03886,CURRENT,2010-02-28,ACTIVE,N,,
ACC_004859,CUST_03887,CURRENT,1955-08-03,ACTIVE,N,,
ACC_004860,CUST_03888,SAVINGS,2018-07-18,ACTIVE,N,,
ACC_004861,CUST_03888,SAVINGS,1975-09-20,DORMANT,Y,1990-01-14,
ACC_004862,CUST_03889,SAVINGS,1993-04-08,ACTIVE,N,,
ACC_004863,CUST_03890,CURRENT,1955-12-16,ACTIVE,N,,
ACC_004864,CUST_03891,SAVINGS,1951-12-08,ACTIVE,N,,
ACC_004865,CUST_03892,SAVINGS,1970-10-14,DORMANT,Y,1994-01-05,
ACC_004866,CUST_03893,CURRENT,1984-02-19,ACTIVE,N,,
ACC_004867,CUST_03894,SAVINGS,1973-11-21,INACTIVE,N,,1997-09-18
ACC_004868,CUST_03895,SAVINGS,2012-11-18,ACTIVE,N,,
ACC_004869,CUST_03895,SAVINGS,1977-04-23,DORMANT,Y,2021-02-21,
ACC_004870,CUST_03896,SAVINGS,1957-09-06,ACTIVE,N,,
ACC_004871,CUST_03897,SAVINGS,2003-04-05,ACTIVE,N,,
ACC_004872,CUST_03898,SAVINGS,2001-09-21,DORMANT,Y,2006-12-06,
ACC_004873,CUST_03899,SAVINGS,1989-09-18,ACTIVE,N,,
ACC_004874,CUST_03900,SAVINGS,2018-10-24,ACTIVE,N,,
ACC_004875,CUST_03901,SAVINGS,1958-08-31,ACTIVE,N,,
ACC_004876,CUST_03902,SAVINGS,1980-08-27,ACTIVE,N,,
ACC_004877,CUST_03903,CURRENT,1975-01-14,ACTIVE,N,,
ACC_004878,CUST_03904,SAVINGS,1976-06-13,ACTIVE,N,,
ACC_004879,CUST_03905,SAVINGS,1995-09-19,ACTIVE,N,,
ACC_004880,CUST_03905,SAVINGS,2009-09-24,ACTIVE,N,,
ACC_004881,CUST_03906,SAVINGS,1953-06-12,ACTIVE,N,,
ACC_004882,CUST_03907,SAVINGS,2009-12-15,ACTIVE,N,,
ACC_004883,CUST_03908,SAVINGS,1959-06-12,DORMANT,Y,2016-11-02,
ACC_004884,CUST_03909,SAVINGS,1983-06-14,ACTIVE,N,,
ACC_004885,CUST_03910,SAVINGS,2021-12-08,ACTIVE,N,,
ACC_004886,CUST_03911,SAVINGS,1989-03-03,ACTIVE,N,,
ACC_004887,CUST_03912,SAVINGS,1971-12-05,ACTIVE,N,,
ACC_004888,CUST_03913,SAVINGS,1969-07-06,ACTIVE,N,,
ACC_004889,CUST_03914,SAVINGS,2024-06-18,ACTIVE,N,,
ACC_004890,CUST_03915,SAVINGS,1993-03-21,ACTIVE,N,,
ACC_004891,CUST_03916,SAVINGS,1957-09-20,ACTIVE,N,,
ACC_004892,CUST_03917,CURRENT,1965-02-27,ACTIVE,N,,
ACC_004893,CUST_03917,SAVINGS,1958-11-12,ACTIVE,N,,
ACC_004894,CUST_03918,SAVINGS,2005-10-16,DORMANT,Y,2023-06-02,
ACC_004895,CUST_03919,SAVINGS,2022-09-18,ACTIVE,N,,
ACC_004896,CUST_03920,SAVINGS,1952-05-18,DORMANT,Y,1975-07-03,
ACC_004897,CUST_03921,CURRENT,1993-10-11,ACTIVE,N,,
ACC_004898,CUST_03922,SAVINGS,2000-05-29,ACTIVE,N,,
ACC_004899,CUST_03923,SAVINGS,1955-03-26,ACTIVE,N,,
ACC_004900,CUST_03924,SAVINGS,1969-07-12,ACTIVE,N,,
ACC_004901,CUST_03925,CURRENT,1964-02-16,ACTIVE,N,,
ACC_004902,CUST_03926,SAVINGS,1981-10-20,ACTIVE,N,,
ACC_004903,CUST_03926,SAVINGS,1950-10-21,ACTIVE,N,,
ACC_004904,CUST_03926,SAVINGS,2001-11-19,DORMANT,Y,2001-12-31,
ACC_004905,CUST_03927,SAVINGS,1957-12-13,ACTIVE,N,,
ACC_004906,CUST_03928,SAVINGS,2002-09-29,ACTIVE,N,,
ACC_004907,CUST_03929,CURRENT,1966-04-14,DORMANT,Y,2024-08-07,
ACC_004908,CUST_03930,SAVINGS,1980-07-22,ACTIVE,N,,
ACC_004909,CUST_03931,CURRENT,1954-10-16,DORMANT,Y,1964-11-06,
ACC_004910,CUST_03932,SAVINGS,1952-09-10,ACTIVE,N,,
ACC_004911,CUST_03933,SAVINGS,2014-11-04,ACTIVE,N,,
ACC_004912,CUST_03934,CURRENT,2002-07-17,ACTIVE,N,,
ACC_004913,CUST_03935,SAVINGS,1988-06-11,ACTIVE,N,,
ACC_004914,CUST_03935,SAVINGS,2002-08-22,ACTIVE,N,,
ACC_004915,CUST_03936,SAVINGS,2011-03-15,ACTIVE,N,,
ACC_004916,CUST_03936,SAVINGS,1982-05-07,ACTIVE,N,,
ACC_004917,CUST_03937,SAVINGS,2016-10-06,INACTIVE,N,,2021-12-22
ACC_004918,CUST_03938,SAVINGS,1984-01-12,ACTIVE,N,,
ACC_004919,CUST_03939,CURRENT,1996-12-22,ACTIVE,N,,
ACC_004920,CUST_03940,SAVINGS,2011-12-04,ACTIVE,N,,
ACC_004921,CUST_03940,SAVINGS,2015-03-18,ACTIVE,N,,
ACC_004922,CUST_03941,SAVINGS,1970-11-04,DORMANT,Y,2001-10-01,
ACC_004923,CUST_03941,SAVINGS,2023-01-05,DORMANT,Y,2024-11-18,
ACC_004924,CUST_03942,CURRENT,1999-01-06,ACTIVE,N,,
ACC_004925,CUST_03943,SAVINGS,1980-06-19,ACTIVE,N,,
ACC_004926,CUST_03944,SAVINGS,1969-08-27,DORMANT,Y,1989-03-05,
ACC_004927,CUST_03944,SAVINGS,1973-09-24,DORMANT,Y,2000-03-01,
ACC_004928,CUST_03944,SAVINGS,1985-01-03,DORMANT,Y,1995-12-01,
ACC_004929,CUST_03945,CURRENT,2000-02-05,ACTIVE,N,,
ACC_004930,CUST_03945,SAVINGS,1952-11-06,ACTIVE,N,,
ACC_004931,CUST_03946,CURRENT,2008-10-04,ACTIVE,N,,
ACC_004932,CUST_03946,CURRENT,1990-10-24,ACTIVE,N,,
ACC_004933,CUST_03947,SAVINGS,1969-08-06,ACTIVE,N,,
ACC_004934,CUST_03948,SAVINGS,1955-10-17,ACTIVE,N,,
ACC_004935,CUST_03949,SAVINGS,2012-08-06,ACTIVE,N,,
ACC_004936,CUST_03949,SAVINGS,2005-11-07,ACTIVE,N,,
ACC_004937,CUST_03950,SAVINGS,2023-09-13,ACTIVE,N,,
ACC_004938,CUST_03951,SAVINGS,1980-11-22,ACTIVE,N,,
ACC_004939,CUST_03952,SAVINGS,2004-09-29,ACTIVE,N,,
ACC_004940,CUST_03953,SAVINGS,1967-01-06,ACTIVE,N,,
ACC_004941,CUST_03954,SAVINGS,1998-01-13,INACTIVE,N,,2005-02-11
ACC_004942,CUST_03955,SAVINGS,2005-03-25,ACTIVE,N,,
ACC_004943,CUST_03955,SAVINGS,2007-04-27,ACTIVE,N,,
ACC_004944,CUST_03956,CURRENT,2006-11-08,DORMANT,Y,2022-07-10,
ACC_004945,CUST_03956,CURRENT,2011-07-24,ACTIVE,N,,
ACC_004946,CUST_03957,CURRENT,2010-06-01,DORMANT,Y,2017-01-08,
ACC_004947,CUST_03957,CURRENT,2013-01-31,ACTIVE,N,,
ACC_004948,CUST_03958,SAVINGS,1999-06-25,ACTIVE,N,,
ACC_004949,CUST_03959,SAVINGS,1995-12-23,ACTIVE,N,,
ACC_004950,CUST_03960,SAVINGS,1994-05-16,ACTIVE,N,,
ACC_004951,CUST_03961,SAVINGS,2004-04-15,ACTIVE,N,,
ACC_004952,CUST_03962,CURRENT,1968-02-13,ACTIVE,N,,
ACC_004953,CUST_03962,SAVINGS,2022-02-15,ACTIVE,N,,
ACC_004954,CUST_03963,SAVINGS,1978-01-10,ACTIVE,N,,
ACC_004955,CUST_03963,SAVINGS,1983-06-26,ACTIVE,N,,
ACC_004956,CUST_03964,SAVINGS,1979-07-13,ACTIVE,N,,
ACC_004957,CUST_03964,SAVINGS,1975-12-28,INACTIVE,N,,2014-09-01
ACC_004958,CUST_03965,SAVINGS,1976-06-26,ACTIVE,N,,
ACC_004959,CUST_03966,SAVINGS,1999-06-18,ACTIVE,N,,
ACC_004960,CUST_03967,SAVINGS,2013-01-24,ACTIVE,N,,
ACC_004961,CUST_03968,CURRENT,2024-08-11,ACTIVE,N,,
ACC_004962,CUST_03969,CURRENT,2005-07-23,ACTIVE,N,,
ACC_004963,CUST_03970,SAVINGS,2001-01-05,ACTIVE,N,,
ACC_004964,CUST_03971,SAVINGS,1991-10-09,ACTIVE,N,,
ACC_004965,CUST_03972,SAVINGS,1979-01-22,ACTIVE,N,,
ACC_004966,CUST_03973,SAVINGS,2003-06-19,INACTIVE,N,,2008-04-09
ACC_004967,CUST_03974,SAVINGS,2013-12-31,ACTIVE,N,,
ACC_004968,CUST_03975,SAVINGS,1964-10-15,ACTIVE,N,,
ACC_004969,CUST_03975,SAVINGS,2023-11-18,ACTIVE,N,,
ACC_004970,CUST_03975,CURRENT,2011-07-24,ACTIVE,N,,
ACC_004971,CUST_03976,CURRENT,1990-11-16,ACTIVE,N,,
ACC_004972,CUST_03977,SAVINGS,2006-02-02,ACTIVE,N,,
ACC_004973,CUST_03978,SAVINGS,1956-12-04,ACTIVE,N,,
ACC_004974,CUST_03979,SAVINGS,1977-02-20,ACTIVE,N,,
ACC_004975,CUST_03980,SAVINGS,1979-07-23,ACTIVE,N,,
ACC_004976,CUST_03980,SAVINGS,1995-12-17,INACTIVE,N,,2014-09-24
ACC_004977,CUST_03981,SAVINGS,1971-05-01,ACTIVE,N,,
ACC_004978,CUST_03982,CURRENT,2002-04-21,ACTIVE,N,,
ACC_004979,CUST_03983,SAVINGS,2020-06-07,ACTIVE,N,,
ACC_004980,CUST_03983,SAVINGS,2008-10-07,ACTIVE,N,,
ACC_004981,CUST_03984,SAVINGS,1974-07-17,INACTIVE,N,,2004-09-07
ACC_004982,CUST_03985,SAVINGS,1953-03-30,ACTIVE,N,,
ACC_004983,CUST_03985,SAVINGS,1978-02-05,ACTIVE,N,,
ACC_004984,CUST_03985,SAVINGS,2002-07-13,ACTIVE,N,,
ACC_004985,CUST_03986,CURRENT,1973-06-16,ACTIVE,N,,
ACC_004986,CUST_03986,CURRENT,1987-03-14,ACTIVE,N,,
ACC_004987,CUST_03987,SAVINGS,1971-03-19,ACTIVE,N,,
ACC_004988,CUST_03988,SAVINGS,2004-09-11,ACTIVE,N,,
ACC_004989,CUST_03988,SAVINGS,1976-12-03,INACTIVE,N,,1987-03-06
ACC_004990,CUST_03988,SAVINGS,2005-12-23,ACTIVE,N,,
ACC_004991,CUST_03989,SAVINGS,1993-01-27,ACTIVE,N,,
ACC_004992,CUST_03989,SAVINGS,2013-10-10,ACTIVE,N,,
ACC_004993,CUST_03989,SAVINGS,1983-06-10,INACTIVE,N,,1992-04-27
ACC_004994,CUST_03990,CURRENT,2016-03-28,ACTIVE,N,,
ACC_004995,CUST_03991,SAVINGS,1993-01-14,ACTIVE,N,,
ACC_004996,CUST_03992,SAVINGS,2022-03-19,ACTIVE,N,,
ACC_004997,CUST_03993,SAVINGS,1954-10-21,ACTIVE,N,,
ACC_004998,CUST_03994,SAVINGS,1963-03-19,ACTIVE,N,,
ACC_004999,CUST_03995,SAVINGS,1958-11-24,ACTIVE,N,,
ACC_005000,CUST_03996,SAVINGS,1961-09-02,ACTIVE,N,,
ACC_005001,CUST_03997,SAVINGS,1952-12-03,ACTIVE,N,,
ACC_005002,CUST_03998,SAVINGS,1951-03-07,ACTIVE,N,,
ACC_005003,CUST_03999,SAVINGS,1957-03-07,ACTIVE,N,,
ACC_005004,CUST_03999,SAVINGS,1995-02-13,ACTIVE,N,,
ACC_005005,CUST_04000,SAVINGS,1962-03-30,ACTIVE,N,,
ACC_005006,CUST_04001,SAVINGS,1992-08-21,ACTIVE,N,,
ACC_005007,CUST_04002,SAVINGS,1998-07-19,DORMANT,Y,2005-06-14,
ACC_005008,CUST_04003,SAVINGS,1970-07-01,ACTIVE,N,,
ACC_005009,CUST_04004,SAVINGS,1978-12-28,ACTIVE,N,,
ACC_005010,CUST_04005,SAVINGS,1991-11-10,ACTIVE,N,,
ACC_005011,CUST_04006,SAVINGS,1958-12-27,ACTIVE,N,,
ACC_005012,CUST_04007,SAVINGS,1999-05-25,ACTIVE,N,,
ACC_005013,CUST_04008,CURRENT,1992-12-09,INACTIVE,N,,2012-10-15
ACC_005014,CUST_04009,SAVINGS,2010-10-14,ACTIVE,N,,
ACC_005015,CUST_04010,SAVINGS,2014-08-29,ACTIVE,N,,
ACC_005016,CUST_04010,SAVINGS,1996-02-01,ACTIVE,N,,
ACC_005017,CUST_04011,SAVINGS,1973-11-06,ACTIVE,N,,
ACC_005018,CUST_04011,SAVINGS,1989-06-08,ACTIVE,N,,
ACC_005019,CUST_04012,CURRENT,1991-04-10,ACTIVE,N,,
ACC_005020,CUST_04013,CURRENT,1963-10-25,ACTIVE,N,,
ACC_005021,CUST_04013,SAVINGS,1971-10-02,ACTIVE,N,,
ACC_005022,CUST_04014,SAVINGS,1970-09-09,ACTIVE,N,,
ACC_005023,CUST_04015,SAVINGS,1972-03-21,DORMANT,Y,2000-06-21,
ACC_005024,CUST_04016,SAVINGS,1966-02-13,ACTIVE,N,,
ACC_005025,CUST_04017,CURRENT,2022-06-13,ACTIVE,N,,
ACC_005026,CUST_04018,CURRENT,2005-10-04,DORMANT,Y,2011-02-22,
ACC_005027,CUST_04019,SAVINGS,2013-11-28,ACTIVE,N,,
ACC_005028,CUST_04020,SAVINGS,1988-04-11,ACTIVE,N,,
ACC_005029,CUST_04020,SAVINGS,1983-12-11,ACTIVE,N,,
ACC_005030,CUST_04021,SAVINGS,1965-06-06,ACTIVE,N,,
ACC_005031,CUST_04022,SAVINGS,1969-12-16,ACTIVE,N,,
ACC_005032,CUST_04023,SAVINGS,2010-07-21,INACTIVE,N,,2012-03-15
ACC_005033,CUST_04024,SAVINGS,1955-05-12,ACTIVE,N,,
ACC_005034,CUST_04025,SAVINGS,1968-06-15,ACTIVE,N,,
ACC_005035,CUST_04026,SAVINGS,2001-11-06,INACTIVE,N,,2017-12-07
ACC_005036,CUST_04027,SAVINGS,2001-08-19,ACTIVE,N,,
ACC_005037,CUST_04028,SAVINGS,2014-11-26,ACTIVE,N,,
ACC_005038,CUST_04029,SAVINGS,1973-03-14,ACTIVE,N,,
ACC_005039,CUST_04030,SAVINGS,1952-09-18,ACTIVE,N,,
ACC_005040,CUST_04031,SAVINGS,1999-04-28,ACTIVE,N,,
ACC_005041,CUST_04032,SAVINGS,2010-01-05,ACTIVE,N,,
ACC_005042,CUST_04033,SAVINGS,1974-10-01,ACTIVE,N,,
ACC_005043,CUST_04034,SAVINGS,2010-11-19,ACTIVE,N,,
ACC_005044,CUST_04035,SAVINGS,1952-09-14,ACTIVE,N,,
ACC_005045,CUST_04035,SAVINGS,2016-12-05,ACTIVE,N,,
ACC_005046,CUST_04036,SAVINGS,1996-10-17,ACTIVE,N,,
ACC_005047,CUST_04036,SAVINGS,1996-03-30,ACTIVE,N,,
ACC_005048,CUST_04037,SAVINGS,1961-07-27,ACTIVE,N,,
ACC_005049,CUST_04038,SAVINGS,2000-05-09,ACTIVE,N,,
ACC_005050,CUST_04038,CURRENT,1959-05-18,DORMANT,Y,1971-06-09,
ACC_005051,CUST_04039,SAVINGS,1968-05-14,ACTIVE,N,,
ACC_005052,CUST_04040,SAVINGS,1990-11-05,ACTIVE,N,,
ACC_005053,CUST_04040,SAVINGS,2003-07-28,ACTIVE,N,,
ACC_005054,CUST_04041,CURRENT,1970-05-06,ACTIVE,N,,
ACC_005055,CUST_04041,CURRENT,1965-02-07,ACTIVE,N,,
ACC_005056,CUST_04042,SAVINGS,1976-10-30,ACTIVE,N,,
ACC_005057,CUST_04043,SAVINGS,1993-08-25,ACTIVE,N,,
ACC_005058,CUST_04044,SAVINGS,1989-10-15,ACTIVE,N,,
ACC_005059,CUST_04044,CURRENT,1961-04-22,ACTIVE,N,,
ACC_005060,CUST_04045,SAVINGS,1998-04-11,ACTIVE,N,,
ACC_005061,CUST_04046,SAVINGS,2017-05-03,ACTIVE,N,,
ACC_005062,CUST_04047,SAVINGS,1952-03-04,DORMANT,Y,2009-01-09,
ACC_005063,CUST_04048,SAVINGS,1973-01-04,ACTIVE,N,,
ACC_005064,CUST_04048,SAVINGS,1999-09-15,ACTIVE,N,,
ACC_005065,CUST_04048,SAVINGS,1984-05-24,DORMANT,Y,1997-06-17,
ACC_005066,CUST_04049,CURRENT,2019-11-17,ACTIVE,N,,
ACC_005067,CUST_04050,CURRENT,1988-02-22,ACTIVE,N,,
ACC_005068,CUST_04050,SAVINGS,2020-10-30,ACTIVE,N,,
ACC_005069,CUST_04051,CURRENT,1953-03-11,ACTIVE,N,,
ACC_005070,CUST_04052,SAVINGS,2016-08-20,ACTIVE,N,,
ACC_005071,CUST_04053,SAVINGS,1993-05-11,ACTIVE,N,,
ACC_005072,CUST_04053,SAVINGS,1972-09-17,ACTIVE,N,,
ACC_005073,CUST_04054,SAVINGS,1957-01-29,ACTIVE,N,,
ACC_005074,CUST_04055,SAVINGS,1982-07-03,ACTIVE,N,,
ACC_005075,CUST_04056,SAVINGS,1991-09-25,ACTIVE,N,,
ACC_005076,CUST_04057,SAVINGS,1985-10-23,ACTIVE,N,,
ACC_005077,CUST_04057,SAVINGS,2011-02-06,ACTIVE,N,,
ACC_005078,CUST_04058,SAVINGS,2008-12-04,ACTIVE,N,,
ACC_005079,CUST_04059,CURRENT,1995-12-09,ACTIVE,N,,
ACC_005080,CUST_04060,SAVINGS,1955-07-05,INACTIVE,N,,1992-08-21
ACC_005081,CUST_04061,SAVINGS,2012-05-06,ACTIVE,N,,
ACC_005082,CUST_04062,CURRENT,1960-12-02,ACTIVE,N,,
ACC_005083,CUST_04063,SAVINGS,1995-04-24,ACTIVE,N,,
ACC_005084,CUST_04064,SAVINGS,1954-04-09,ACTIVE,N,,
ACC_005085,CUST_04065,CURRENT,1967-10-13,ACTIVE,N,,
ACC_005086,CUST_04066,SAVINGS,1951-06-15,ACTIVE,N,,
ACC_005087,CUST_04067,CURRENT,1952-08-13,ACTIVE,N,,
ACC_005088,CUST_04068,CURRENT,1991-03-14,DORMANT,Y,2004-02-24,
ACC_005089,CUST_04069,SAVINGS,1977-03-04,ACTIVE,N,,
ACC_005090,CUST_04069,SAVINGS,2013-12-25,ACTIVE,N,,
ACC_005091,CUST_04070,SAVINGS,2001-09-20,ACTIVE,N,,
ACC_005092,CUST_04071,SAVINGS,2002-11-11,INACTIVE,N,,2004-02-01
ACC_005093,CUST_04072,SAVINGS,1986-10-14,ACTIVE,N,,
ACC_005094,CUST_04073,SAVINGS,2001-01-21,INACTIVE,N,,2012-06-23
ACC_005095,CUST_04074,SAVINGS,1999-12-03,ACTIVE,N,,
ACC_005096,CUST_04075,SAVINGS,2019-10-06,ACTIVE,N,,
ACC_005097,CUST_04076,SAVINGS,2007-10-11,ACTIVE,N,,
ACC_005098,CUST_04077,SAVINGS,2005-06-02,ACTIVE,N,,
ACC_005099,CUST_04078,SAVINGS,1996-07-25,ACTIVE,N,,
ACC_005100,CUST_04079,SAVINGS,1968-01-05,ACTIVE,N,,
ACC_005101,CUST_04080,SAVINGS,1997-02-14,ACTIVE,N,,
ACC_005102,CUST_04081,SAVINGS,1985-08-08,ACTIVE,N,,
ACC_005103,CUST_04081,SAVINGS,1976-04-03,ACTIVE,N,,
ACC_005104,CUST_04082,SAVINGS,2016-07-12,ACTIVE,N,,
ACC_005105,CUST_04083,CURRENT,1988-05-01,ACTIVE,N,,
ACC_005106,CUST_04084,CURRENT,1986-04-18,ACTIVE,N,,
ACC_005107,CUST_04085,SAVINGS,1961-05-04,ACTIVE,N,,
ACC_005108,CUST_04086,SAVINGS,2011-03-25,ACTIVE,N,,
ACC_005109,CUST_04086,SAVINGS,1961-07-17,ACTIVE,N,,
ACC_005110,CUST_04087,SAVINGS,1993-05-13,ACTIVE,N,,
ACC_005111,CUST_04088,CURRENT,2019-04-01,ACTIVE,N,,
ACC_005112,CUST_04089,SAVINGS,1965-06-14,ACTIVE,N,,
ACC_005113,CUST_04090,SAVINGS,1953-02-17,ACTIVE,N,,
ACC_005114,CUST_04091,SAVINGS,1967-06-30,ACTIVE,N,,
ACC_005115,CUST_04092,SAVINGS,1964-07-27,ACTIVE,N,,
ACC_005116,CUST_04093,SAVINGS,1983-01-25,ACTIVE,N,,
ACC_005117,CUST_04094,CURRENT,1960-02-17,ACTIVE,N,,
ACC_005118,CUST_04095,SAVINGS,1974-02-08,ACTIVE,N,,
ACC_005119,CUST_04096,SAVINGS,2000-10-26,ACTIVE,N,,
ACC_005120,CUST_04097,SAVINGS,1958-11-04,DORMANT,Y,1969-04-27,
ACC_005121,CUST_04097,SAVINGS,1982-04-01,ACTIVE,N,,
ACC_005122,CUST_04098,SAVINGS,1961-11-23,ACTIVE,N,,
ACC_005123,CUST_04099,SAVINGS,1960-04-06,INACTIVE,N,,1960-12-01
ACC_005124,CUST_04100,SAVINGS,1951-10-31,ACTIVE,N,,
ACC_005125,CUST_04101,SAVINGS,1996-06-05,DORMANT,Y,2017-06-08,
ACC_005126,CUST_04102,SAVINGS,1959-07-31,DORMANT,Y,1970-03-18,
ACC_005127,CUST_04103,SAVINGS,2012-09-16,ACTIVE,N,,
ACC_005128,CUST_04103,SAVINGS,1995-01-14,ACTIVE,N,,
ACC_005129,CUST_04104,CURRENT,1964-05-27,ACTIVE,N,,
ACC_005130,CUST_04105,SAVINGS,1966-08-08,ACTIVE,N,,
ACC_005131,CUST_04106,SAVINGS,1957-08-24,ACTIVE,N,,
ACC_005132,CUST_04106,CURRENT,1968-11-17,ACTIVE,N,,
ACC_005133,CUST_04107,SAVINGS,1977-02-26,ACTIVE,N,,
ACC_005134,CUST_04108,SAVINGS,1961-01-17,ACTIVE,N,,
ACC_005135,CUST_04109,CURRENT,1975-04-04,ACTIVE,N,,
ACC_005136,CUST_04109,CURRENT,1962-06-25,ACTIVE,N,,
ACC_005137,CUST_04110,SAVINGS,1962-06-19,ACTIVE,N,,
ACC_005138,CUST_04111,SAVINGS,1950-07-10,INACTIVE,N,,2009-06-13
ACC_005139,CUST_04112,CURRENT,1981-09-21,ACTIVE,N,,
ACC_005140,CUST_04113,CURRENT,1978-08-12,ACTIVE,N,,
ACC_005141,CUST_04113,SAVINGS,1956-10-21,ACTIVE,N,,
ACC_005142,CUST_04113,SAVINGS,1960-10-22,ACTIVE,N,,
ACC_005143,CUST_04114,SAVINGS,2002-08-28,ACTIVE,N,,
ACC_005144,CUST_04115,SAVINGS,1993-08-10,ACTIVE,N,,
ACC_005145,CUST_04116,SAVINGS,2022-01-16,ACTIVE,N,,
ACC_005146,CUST_04117,CURRENT,1976-03-21,ACTIVE,N,,
ACC_005147,CUST_04118,SAVINGS,2014-10-16,ACTIVE,N,,
ACC_005148,CUST_04119,SAVINGS,1976-11-07,ACTIVE,N,,
ACC_005149,CUST_04120,SAVINGS,2017-05-30,INACTIVE,N,,2022-07-24
ACC_005150,CUST_04120,SAVINGS,1975-04-29,ACTIVE,N,,
ACC_005151,CUST_04120,SAVINGS,2013-11-10,ACTIVE,N,,
ACC_005152,CUST_04121,SAVINGS,1989-03-16,ACTIVE,N,,
ACC_005153,CUST_04122,SAVINGS,1958-05-04,ACTIVE,N,,
ACC_005154,CUST_04123,SAVINGS,2010-03-24,ACTIVE,N,,
ACC_005155,CUST_04123,SAVINGS,1975-03-03,ACTIVE,N,,
ACC_005156,CUST_04124,CURRENT,2019-01-31,ACTIVE,N,,
ACC_005157,CUST_04124,CURRENT,1950-11-10,ACTIVE,N,,
ACC_005158,CUST_04125,CURRENT,1960-10-29,ACTIVE,N,,
ACC_005159,CUST_04126,SAVINGS,1973-12-07,ACTIVE,N,,
ACC_005160,CUST_04127,SAVINGS,1976-11-28,ACTIVE,N,,
ACC_005161,CUST_04128,CURRENT,1985-10-30,ACTIVE,N,,
ACC_005162,CUST_04129,SAVINGS,1969-08-01,ACTIVE,N,,
ACC_005163,CUST_04130,SAVINGS,2023-10-07,ACTIVE,N,,
ACC_005164,CUST_04131,SAVINGS,1975-10-09,DORMANT,Y,2023-05-27,
ACC_005165,CUST_04132,SAVINGS,1966-11-17,ACTIVE,N,,
ACC_005166,CUST_04133,SAVINGS,1960-04-25,DORMANT,Y,1973-02-13,
ACC_005167,CUST_04134,SAVINGS,1975-06-17,ACTIVE,N,,
ACC_005168,CUST_04135,SAVINGS,1993-09-29,ACTIVE,N,,
ACC_005169,CUST_04136,SAVINGS,1980-12-28,ACTIVE,N,,
ACC_005170,CUST_04137,SAVINGS,1972-02-09,DORMANT,Y,1998-12-18,
ACC_005171,CUST_04138,SAVINGS,1990-05-21,DORMANT,Y,2018-06-10,
ACC_005172,CUST_04139,SAVINGS,2018-12-15,ACTIVE,N,,
ACC_005173,CUST_04140,SAVINGS,1988-11-04,ACTIVE,N,,
ACC_005174,CUST_04141,SAVINGS,1979-09-15,ACTIVE,N,,
ACC_005175,CUST_04142,SAVINGS,2008-01-19,ACTIVE,N,,
ACC_005176,CUST_04143,CURRENT,1984-02-26,ACTIVE,N,,
ACC_005177,CUST_04144,SAVINGS,1996-12-03,DORMANT,Y,2021-12-11,
ACC_005178,CUST_04145,CURRENT,1982-10-08,ACTIVE,N,,
ACC_005179,CUST_04146,SAVINGS,2022-03-17,ACTIVE,N,,
ACC_005180,CUST_04147,SAVINGS,1950-12-14,DORMANT,Y,1985-03-15,
ACC_005181,CUST_04147,CURRENT,1988-04-21,DORMANT,Y,1999-04-12,
ACC_005182,CUST_04148,SAVINGS,1958-10-19,ACTIVE,N,,
ACC_005183,CUST_04149,SAVINGS,1958-05-22,ACTIVE,N,,
ACC_005184,CUST_04150,SAVINGS,1958-07-18,ACTIVE,N,,
ACC_005185,CUST_04151,SAVINGS,2017-03-23,ACTIVE,N,,
ACC_005186,CUST_04152,SAVINGS,1996-11-06,ACTIVE,N,,
ACC_005187,CUST_04153,CURRENT,1958-03-22,ACTIVE,N,,
ACC_005188,CUST_04153,SAVINGS,2008-07-15,DORMANT,Y,2009-11-23,
ACC_005189,CUST_04154,SAVINGS,2010-09-10,ACTIVE,N,,
ACC_005190,CUST_04155,SAVINGS,1951-08-20,ACTIVE,N,,
ACC_005191,CUST_04156,SAVINGS,1962-01-04,ACTIVE,N,,
ACC_005192,CUST_04157,SAVINGS,1993-05-02,ACTIVE,N,,
ACC_005193,CUST_04157,SAVINGS,1999-03-14,ACTIVE,N,,
ACC_005194,CUST_04158,CURRENT,1958-12-19,ACTIVE,N,,
ACC_005195,CUST_04159,SAVINGS,1985-09-19,ACTIVE,N,,
ACC_005196,CUST_04160,SAVINGS,1993-06-04,ACTIVE,N,,
ACC_005197,CUST_04161,SAVINGS,2011-05-09,ACTIVE,N,,
ACC_005198,CUST_04162,SAVINGS,1998-09-27,ACTIVE,N,,
ACC_005199,CUST_04163,CURRENT,2015-05-23,ACTIVE,N,,
ACC_005200,CUST_04164,SAVINGS,2000-06-01,ACTIVE,N,,
ACC_005201,CUST_04165,SAVINGS,2018-01-03,INACTIVE,N,,2020-07-23
ACC_005202,CUST_04166,SAVINGS,2016-07-25,ACTIVE,N,,
ACC_005203,CUST_04167,SAVINGS,1992-08-30,ACTIVE,N,,
ACC_005204,CUST_04168,SAVINGS,2024-04-19,ACTIVE,N,,
ACC_005205,CUST_04169,SAVINGS,1975-11-25,ACTIVE,N,,
ACC_005206,CUST_04170,SAVINGS,1981-01-17,ACTIVE,N,,
ACC_005207,CUST_04171,SAVINGS,1973-03-19,ACTIVE,N,,
ACC_005208,CUST_04171,CURRENT,1955-10-24,DORMANT,Y,2003-11-03,
ACC_005209,CUST_04172,SAVINGS,2005-10-06,ACTIVE,N,,
ACC_005210,CUST_04173,SAVINGS,2013-04-12,ACTIVE,N,,
ACC_005211,CUST_04174,SAVINGS,2012-10-30,ACTIVE,N,,
ACC_005212,CUST_04175,CURRENT,1994-02-23,ACTIVE,N,,
ACC_005213,CUST_04176,SAVINGS,2004-11-18,ACTIVE,N,,
ACC_005214,CUST_04177,SAVINGS,2013-02-05,ACTIVE,N,,
ACC_005215,CUST_04178,CURRENT,2013-03-16,ACTIVE,N,,
ACC_005216,CUST_04178,SAVINGS,2011-07-17,ACTIVE,N,,
ACC_005217,CUST_04179,SAVINGS,1970-10-13,ACTIVE,N,,
ACC_005218,CUST_04180,SAVINGS,1969-05-03,ACTIVE,N,,
ACC_005219,CUST_04180,SAVINGS,2002-06-23,ACTIVE,N,,
ACC_005220,CUST_04181,SAVINGS,2007-02-09,ACTIVE,N,,
ACC_005221,CUST_04181,SAVINGS,1953-05-01,DORMANT,Y,1972-04-22,
ACC_005222,CUST_04181,SAVINGS,1993-02-08,DORMANT,Y,2006-01-31,
ACC_005223,CUST_04182,SAVINGS,1970-05-01,ACTIVE,N,,
ACC_005224,CUST_04183,SAVINGS,2004-05-12,DORMANT,Y,2016-10-20,
ACC_005225,CUST_04184,SAVINGS,1951-11-25,ACTIVE,N,,
ACC_005226,CUST_04185,SAVINGS,2009-02-13,DORMANT,Y,2022-08-01,
ACC_005227,CUST_04186,CURRENT,1973-07-07,ACTIVE,N,,
ACC_005228,CUST_04187,SAVINGS,1970-07-23,ACTIVE,N,,
ACC_005229,CUST_04188,SAVINGS,1975-01-12,INACTIVE,N,,1989-10-18
ACC_005230,CUST_04189,SAVINGS,1962-11-28,ACTIVE,N,,
ACC_005231,CUST_04190,SAVINGS,1952-03-25,ACTIVE,N,,
ACC_005232,CUST_04191,SAVINGS,2003-04-04,ACTIVE,N,,
ACC_005233,CUST_04192,CURRENT,2014-04-12,DORMANT,Y,2016-10-29,
ACC_005234,CUST_04193,SAVINGS,1986-11-14,ACTIVE,N,,
ACC_005235,CUST_04194,SAVINGS,1995-11-29,DORMANT,Y,2002-08-21,
ACC_005236,CUST_04195,SAVINGS,1952-12-13,ACTIVE,N,,
ACC_005237,CUST_04196,SAVINGS,2017-09-08,ACTIVE,N,,
ACC_005238,CUST_04196,CURRENT,2003-05-20,ACTIVE,N,,
ACC_005239,CUST_04197,SAVINGS,1971-07-19,ACTIVE,N,,
ACC_005240,CUST_04198,SAVINGS,1991-04-24,ACTIVE,N,,
ACC_005241,CUST_04199,SAVINGS,2024-10-06,ACTIVE,N,,
ACC_005242,CUST_04199,SAVINGS,1987-10-17,ACTIVE,N,,
ACC_005243,CUST_04200,SAVINGS,1980-12-29,ACTIVE,N,,
ACC_005244,CUST_04201,SAVINGS,1975-11-08,ACTIVE,N,,
ACC_005245,CUST_04202,SAVINGS,2016-03-20,ACTIVE,N,,
ACC_005246,CUST_04203,SAVINGS,2017-12-07,ACTIVE,N,,
ACC_005247,CUST_04203,SAVINGS,2008-11-29,ACTIVE,N,,
ACC_005248,CUST_04204,SAVINGS,2009-03-21,ACTIVE,N,,
ACC_005249,CUST_04205,SAVINGS,1971-10-02,ACTIVE,N,,
ACC_005250,CUST_04206,SAVINGS,2016-04-29,ACTIVE,N,,
ACC_005251,CUST_04206,CURRENT,1958-02-18,ACTIVE,N,,
ACC_005252,CUST_04207,SAVINGS,1998-02-04,DORMANT,Y,2001-09-13,
ACC_005253,CUST_04208,SAVINGS,1959-02-08,INACTIVE,N,,2023-12-14
ACC_005254,CUST_04209,SAVINGS,1993-12-31,ACTIVE,N,,
ACC_005255,CUST_04210,SAVINGS,2014-11-17,ACTIVE,N,,
ACC_005256,CUST_04211,SAVINGS,1989-05-18,ACTIVE,N,,
ACC_005257,CUST_04212,SAVINGS,1969-04-03,DORMANT,Y,1985-04-03,
ACC_005258,CUST_04212,SAVINGS,2020-08-08,ACTIVE,N,,
ACC_005259,CUST_04213,SAVINGS,2017-04-07,DORMANT,Y,2024-02-06,
ACC_005260,CUST_04214,SAVINGS,1979-06-15,ACTIVE,N,,
ACC_005261,CUST_04215,SAVINGS,2006-08-31,DORMANT,Y,2023-05-09,
ACC_005262,CUST_04216,SAVINGS,1951-10-07,ACTIVE,N,,
ACC_005263,CUST_04216,SAVINGS,1991-12-03,ACTIVE,N,,
ACC_005264,CUST_04217,SAVINGS,1971-08-03,ACTIVE,N,,
ACC_005265,CUST_04218,SAVINGS,1996-01-30,ACTIVE,N,,
ACC_005266,CUST_04219,SAVINGS,1992-04-10,ACTIVE,N,,
ACC_005267,CUST_04219,SAVINGS,2008-05-21,INACTIVE,N,,2018-10-16
ACC_005268,CUST_04219,SAVINGS,1966-08-02,ACTIVE,N,,
ACC_005269,CUST_04220,SAVINGS,1967-08-13,ACTIVE,N,,
ACC_005270,CUST_04221,SAVINGS,2022-01-31,DORMANT,Y,2023-04-13,
ACC_005271,CUST_04222,SAVINGS,1996-06-04,ACTIVE,N,,
ACC_005272,CUST_04223,CURRENT,2000-10-24,INACTIVE,N,,2024-03-28
ACC_005273,CUST_04224,SAVINGS,1967-06-10,ACTIVE,N,,
ACC_005274,CUST_04225,SAVINGS,2000-04-19,ACTIVE,N,,
ACC_005275,CUST_04226,SAVINGS,2014-06-12,DORMANT,Y,2015-07-09,
ACC_005276,CUST_04227,SAVINGS,1952-05-30,ACTIVE,N,,
ACC_005277,CUST_04228,SAVINGS,2010-11-06,ACTIVE,N,,
ACC_005278,CUST_04229,SAVINGS,2000-05-11,DORMANT,Y,2014-07-19,
ACC_005279,CUST_04230,SAVINGS,1983-07-01,INACTIVE,N,,1997-10-01
ACC_005280,CUST_04231,SAVINGS,1994-05-25,ACTIVE,N,,
ACC_005281,CUST_04232,SAVINGS,1981-10-09,ACTIVE,N,,
ACC_005282,CUST_04233,SAVINGS,1992-07-15,ACTIVE,N,,
ACC_005283,CUST_04233,SAVINGS,2014-10-23,ACTIVE,N,,
ACC_005284,CUST_04234,CURRENT,1988-03-07,ACTIVE,N,,
ACC_005285,CUST_04235,SAVINGS,1996-05-18,ACTIVE,N,,
ACC_005286,CUST_04235,SAVINGS,1995-01-22,DORMANT,Y,2018-10-26,
ACC_005287,CUST_04235,CURRENT,1976-06-15,ACTIVE,N,,
ACC_005288,CUST_04236,SAVINGS,1967-04-21,ACTIVE,N,,
ACC_005289,CUST_04237,SAVINGS,1993-10-20,ACTIVE,N,,
ACC_005290,CUST_04238,CURRENT,1981-02-27,ACTIVE,N,,
ACC_005291,CUST_04239,SAVINGS,1982-04-05,ACTIVE,N,,
ACC_005292,CUST_04240,SAVINGS,1983-11-26,ACTIVE,N,,
ACC_005293,CUST_04241,SAVINGS,2016-06-30,ACTIVE,N,,
ACC_005294,CUST_04242,SAVINGS,2013-12-07,ACTIVE,N,,
ACC_005295,CUST_04242,SAVINGS,1952-08-22,ACTIVE,N,,
ACC_005296,CUST_04242,SAVINGS,1992-08-30,ACTIVE,N,,
ACC_005297,CUST_04243,SAVINGS,2019-07-17,ACTIVE,N,,
ACC_005298,CUST_04244,SAVINGS,1963-01-04,ACTIVE,N,,
ACC_005299,CUST_04245,SAVINGS,2002-04-13,ACTIVE,N,,
ACC_005300,CUST_04246,CURRENT,1970-03-11,ACTIVE,N,,
ACC_005301,CUST_04247,SAVINGS,1993-10-11,ACTIVE,N,,
ACC_005302,CUST_04248,SAVINGS,1961-01-24,ACTIVE,N,,
ACC_005303,CUST_04249,SAVINGS,2022-01-11,ACTIVE,N,,
ACC_005304,CUST_04250,SAVINGS,2016-10-25,ACTIVE,N,,
ACC_005305,CUST_04251,SAVINGS,2012-12-21,ACTIVE,N,,
ACC_005306,CUST_04252,SAVINGS,1986-03-16,ACTIVE,N,,
ACC_005307,CUST_04252,SAVINGS,1959-02-09,INACTIVE,N,,1989-09-11
ACC_005308,CUST_04253,SAVINGS,2003-01-08,ACTIVE,N,,
ACC_005309,CUST_04254,SAVINGS,1976-04-17,INACTIVE,N,,1995-02-02
ACC_005310,CUST_04255,SAVINGS,1969-06-22,ACTIVE,N,,
ACC_005311,CUST_04256,SAVINGS,1999-07-06,ACTIVE,N,,
ACC_005312,CUST_04256,SAVINGS,1958-01-12,ACTIVE,N,,
ACC_005313,CUST_04256,SAVINGS,2014-06-24,ACTIVE,N,,
ACC_005314,CUST_04257,SAVINGS,1983-07-24,ACTIVE,N,,
ACC_005315,CUST_04258,CURRENT,1980-05-24,ACTIVE,N,,
ACC_005316,CUST_04259,SAVINGS,1950-06-01,ACTIVE,N,,
ACC_005317,CUST_04260,SAVINGS,1994-07-14,ACTIVE,N,,
ACC_005318,CUST_04261,SAVINGS,1998-06-23,ACTIVE,N,,
ACC_005319,CUST_04262,CURRENT,2015-09-04,ACTIVE,N,,
ACC_005320,CUST_04263,SAVINGS,1969-11-20,ACTIVE,N,,
ACC_005321,CUST_04263,SAVINGS,1987-02-14,ACTIVE,N,,
ACC_005322,CUST_04264,SAVINGS,1993-07-23,ACTIVE,N,,
ACC_005323,CUST_04265,SAVINGS,2015-12-20,ACTIVE,N,,
ACC_005324,CUST_04266,SAVINGS,1992-10-04,ACTIVE,N,,
ACC_005325,CUST_04267,SAVINGS,2022-12-29,DORMANT,Y,2023-06-02,
ACC_005326,CUST_04268,SAVINGS,1975-08-13,ACTIVE,N,,
ACC_005327,CUST_04268,CURRENT,1966-05-20,ACTIVE,N,,
ACC_005328,CUST_04269,SAVINGS,1990-03-27,ACTIVE,N,,
ACC_005329,CUST_04270,CURRENT,1958-03-30,ACTIVE,N,,
ACC_005330,CUST_04270,CURRENT,1976-07-13,ACTIVE,N,,
ACC_005331,CUST_04271,SAVINGS,2021-04-01,ACTIVE,N,,
ACC_005332,CUST_04272,CURRENT,2018-08-12,ACTIVE,N,,
ACC_005333,CUST_04273,SAVINGS,1988-06-10,INACTIVE,N,,2005-05-01
ACC_005334,CUST_04274,SAVINGS,2001-03-05,ACTIVE,N,,
ACC_005335,CUST_04275,SAVINGS,2007-07-28,ACTIVE,N,,
ACC_005336,CUST_04276,SAVINGS,1951-06-27,ACTIVE,N,,
ACC_005337,CUST_04277,SAVINGS,1990-08-01,ACTIVE,N,,
ACC_005338,CUST_04278,CURRENT,1985-07-09,ACTIVE,N,,
ACC_005339,CUST_04279,SAVINGS,1977-10-18,ACTIVE,N,,
ACC_005340,CUST_04280,SAVINGS,1969-08-10,ACTIVE,N,,
ACC_005341,CUST_04281,SAVINGS,1990-04-20,ACTIVE,N,,
ACC_005342,CUST_04281,SAVINGS,1953-06-10,ACTIVE,N,,
ACC_005343,CUST_04281,SAVINGS,1953-12-03,ACTIVE,N,,
ACC_005344,CUST_04282,SAVINGS,2007-05-11,ACTIVE,N,,
ACC_005345,CUST_04283,SAVINGS,1960-09-17,ACTIVE,N,,
ACC_005346,CUST_04284,CURRENT,2000-03-03,ACTIVE,N,,
ACC_005347,CUST_04285,SAVINGS,2013-04-12,ACTIVE,N,,
ACC_005348,CUST_04286,SAVINGS,1970-02-02,ACTIVE,N,,
ACC_005349,CUST_04287,CURRENT,2010-10-17,ACTIVE,N,,
ACC_005350,CUST_04287,CURRENT,2001-12-29,ACTIVE,N,,
ACC_005351,CUST_04288,CURRENT,1971-05-14,DORMANT,Y,2011-10-11,
ACC_005352,CUST_04289,SAVINGS,2010-06-13,ACTIVE,N,,
ACC_005353,CUST_04290,CURRENT,1992-09-30,ACTIVE,N,,
ACC_005354,CUST_04291,SAVINGS,1964-08-31,DORMANT,Y,1983-04-13,
ACC_005355,CUST_04291,SAVINGS,2012-01-21,ACTIVE,N,,
ACC_005356,CUST_04292,SAVINGS,1987-07-23,DORMANT,Y,2001-01-05,
ACC_005357,CUST_04292,SAVINGS,2011-09-13,ACTIVE,N,,
ACC_005358,CUST_04293,SAVINGS,1988-10-03,ACTIVE,N,,
ACC_005359,CUST_04294,CURRENT,1972-03-03,ACTIVE,N,,
ACC_005360,CUST_04295,SAVINGS,1967-06-30,ACTIVE,N,,
ACC_005361,CUST_04295,SAVINGS,1993-12-07,DORMANT,Y,1994-07-05,
ACC_005362,CUST_04296,SAVINGS,1966-11-12,ACTIVE,N,,
ACC_005363,CUST_04297,SAVINGS,1957-02-18,DORMANT,Y,2016-03-07,
ACC_005364,CUST_04298,SAVINGS,1994-06-11,ACTIVE,N,,
ACC_005365,CUST_04299,SAVINGS,2014-12-07,ACTIVE,N,,
ACC_005366,CUST_04300,CURRENT,2000-03-13,ACTIVE,N,,
ACC_005367,CUST_04301,CURRENT,1969-04-17,ACTIVE,N,,
ACC_005368,CUST_04302,CURRENT,1992-11-28,ACTIVE,N,,
ACC_005369,CUST_04303,SAVINGS,2001-01-15,ACTIVE,N,,
ACC_005370,CUST_04304,SAVINGS,2024-11-14,ACTIVE,N,,
ACC_005371,CUST_04304,SAVINGS,1953-06-19,ACTIVE,N,,
ACC_005372,CUST_04305,SAVINGS,2009-02-07,ACTIVE,N,,
ACC_005373,CUST_04306,SAVINGS,1994-01-30,ACTIVE,N,,
ACC_005374,CUST_04307,SAVINGS,2003-11-01,ACTIVE,N,,
ACC_005375,CUST_04308,SAVINGS,1974-03-24,ACTIVE,N,,
ACC_005376,CUST_04309,SAVINGS,1994-06-14,ACTIVE,N,,
ACC_005377,CUST_04310,SAVINGS,1954-09-13,DORMANT,Y,1993-03-15,
ACC_005378,CUST_04311,SAVINGS,1994-02-05,ACTIVE,N,,
ACC_005379,CUST_04312,CURRENT,1955-05-12,ACTIVE,N,,
ACC_005380,CUST_04313,SAVINGS,2019-08-24,DORMANT,Y,2020-02-13,
ACC_005381,CUST_04313,SAVINGS,1967-12-13,ACTIVE,N,,
ACC_005382,CUST_04314,CURRENT,2017-08-06,ACTIVE,N,,
ACC_005383,CUST_04315,CURRENT,1958-09-11,ACTIVE,N,,
ACC_005384,CUST_04316,SAVINGS,1959-03-30,ACTIVE,N,,
ACC_005385,CUST_04317,SAVINGS,1969-01-16,ACTIVE,N,,
ACC_005386,CUST_04318,SAVINGS,1970-08-18,ACTIVE,N,,
ACC_005387,CUST_04319,SAVINGS,1963-12-02,ACTIVE,N,,
ACC_005388,CUST_04320,SAVINGS,2021-02-24,ACTIVE,N,,
ACC_005389,CUST_04321,SAVINGS,1972-03-27,ACTIVE,N,,
ACC_005390,CUST_04321,SAVINGS,1981-12-26,ACTIVE,N,,
ACC_005391,CUST_04322,CURRENT,1962-07-03,ACTIVE,N,,
ACC_005392,CUST_04322,CURRENT,1999-01-15,ACTIVE,N,,
ACC_005393,CUST_04322,CURRENT,1998-08-07,ACTIVE,N,,
ACC_005394,CUST_04323,SAVINGS,1996-01-09,ACTIVE,N,,
ACC_005395,CUST_04324,SAVINGS,1961-01-17,ACTIVE,N,,
ACC_005396,CUST_04325,SAVINGS,2006-02-28,ACTIVE,N,,
ACC_005397,CUST_04326,SAVINGS,1996-10-05,ACTIVE,N,,
ACC_005398,CUST_04327,CURRENT,1959-06-21,ACTIVE,N,,
ACC_005399,CUST_04328,SAVINGS,2017-01-09,ACTIVE,N,,
ACC_005400,CUST_04329,SAVINGS,2004-07-07,ACTIVE,N,,
ACC_005401,CUST_04330,SAVINGS,2024-03-10,ACTIVE,N,,
ACC_005402,CUST_04331,SAVINGS,1958-06-17,ACTIVE,N,,
ACC_005403,CUST_04332,SAVINGS,2021-05-29,ACTIVE,N,,
ACC_005404,CUST_04333,SAVINGS,2006-09-01,ACTIVE,N,,
ACC_005405,CUST_04334,SAVINGS,2003-11-23,ACTIVE,N,,
ACC_005406,CUST_04335,SAVINGS,1971-02-04,ACTIVE,N,,
ACC_005407,CUST_04336,SAVINGS,2024-08-06,ACTIVE,N,,
ACC_005408,CUST_04337,SAVINGS,1962-03-06,ACTIVE,N,,
ACC_005409,CUST_04338,CURRENT,1978-03-17,ACTIVE,N,,
ACC_005410,CUST_04338,CURRENT,2011-01-15,INACTIVE,N,,2013-09-29
ACC_005411,CUST_04339,SAVINGS,1965-09-08,ACTIVE,N,,
ACC_005412,CUST_04340,SAVINGS,1985-06-28,ACTIVE,N,,
ACC_005413,CUST_04341,SAVINGS,1980-12-12,ACTIVE,N,,
ACC_005414,CUST_04342,SAVINGS,1982-07-25,ACTIVE,N,,
ACC_005415,CUST_04343,SAVINGS,1957-09-10,DORMANT,Y,2001-07-26,
ACC_005416,CUST_04343,SAVINGS,1953-04-19,ACTIVE,N,,
ACC_005417,CUST_04343,SAVINGS,1957-02-21,ACTIVE,N,,
ACC_005418,CUST_04344,SAVINGS,1980-09-10,ACTIVE,N,,
ACC_005419,CUST_04345,SAVINGS,2015-02-24,ACTIVE,N,,
ACC_005420,CUST_04346,SAVINGS,1955-10-09,ACTIVE,N,,
ACC_005421,CUST_04347,SAVINGS,1955-09-28,ACTIVE,N,,
ACC_005422,CUST_04348,SAVINGS,1979-10-22,ACTIVE,N,,
ACC_005423,CUST_04349,SAVINGS,1981-08-31,ACTIVE,N,,
ACC_005424,CUST_04350,SAVINGS,1970-10-10,ACTIVE,N,,
ACC_005425,CUST_04351,SAVINGS,1968-09-26,ACTIVE,N,,
ACC_005426,CUST_04352,SAVINGS,2018-02-17,ACTIVE,N,,
ACC_005427,CUST_04352,SAVINGS,1993-06-24,DORMANT,Y,2004-06-19,
ACC_005428,CUST_04353,SAVINGS,2002-09-28,INACTIVE,N,,2024-04-28
ACC_005429,CUST_04353,SAVINGS,2003-11-14,ACTIVE,N,,
ACC_005430,CUST_04353,SAVINGS,1952-08-15,ACTIVE,N,,
ACC_005431,CUST_04354,SAVINGS,2019-06-12,ACTIVE,N,,
ACC_005432,CUST_04355,CURRENT,1989-06-03,ACTIVE,N,,
ACC_005433,CUST_04356,SAVINGS,2016-12-28,ACTIVE,N,,
ACC_005434,CUST_04357,SAVINGS,1953-03-14,ACTIVE,N,,
ACC_005435,CUST_04357,CURRENT,2006-06-22,ACTIVE,N,,
ACC_005436,CUST_04358,CURRENT,2024-11-10,ACTIVE,N,,
ACC_005437,CUST_04359,SAVINGS,1959-04-02,ACTIVE,N,,
ACC_005438,CUST_04359,SAVINGS,1955-06-18,ACTIVE,N,,
ACC_005439,CUST_04360,SAVINGS,1977-03-28,INACTIVE,N,,2017-05-13
ACC_005440,CUST_04361,SAVINGS,1954-11-25,ACTIVE,N,,
ACC_005441,CUST_04362,SAVINGS,1978-06-04,ACTIVE,N,,
ACC_005442,CUST_04363,SAVINGS,1981-03-27,ACTIVE,N,,
ACC_005443,CUST_04364,SAVINGS,2016-11-20,INACTIVE,N,,2016-12-12
ACC_005444,CUST_04365,SAVINGS,1997-07-20,ACTIVE,N,,
ACC_005445,CUST_04366,SAVINGS,1960-12-22,ACTIVE,N,,
ACC_005446,CUST_04367,SAVINGS,2000-02-07,ACTIVE,N,,
ACC_005447,CUST_04368,SAVINGS,2019-04-18,ACTIVE,N,,
ACC_005448,CUST_04369,SAVINGS,1972-05-06,ACTIVE,N,,
ACC_005449,CUST_04370,SAVINGS,2004-01-21,ACTIVE,N,,
ACC_005450,CUST_04371,SAVINGS,1978-12-17,DORMANT,Y,1989-04-27,
ACC_005451,CUST_04372,SAVINGS,2022-12-25,ACTIVE,N,,
ACC_005452,CUST_04373,CURRENT,1951-01-01,ACTIVE,N,,
ACC_005453,CUST_04374,SAVINGS,1988-04-20,ACTIVE,N,,
ACC_005454,CUST_04374,SAVINGS,1986-02-26,ACTIVE,N,,
ACC_005455,CUST_04375,SAVINGS,2000-12-10,ACTIVE,N,,
ACC_005456,CUST_04376,SAVINGS,2019-07-13,ACTIVE,N,,
ACC_005457,CUST_04376,SAVINGS,2002-11-12,ACTIVE,N,,
ACC_005458,CUST_04377,SAVINGS,1971-10-04,ACTIVE,N,,
ACC_005459,CUST_04378,SAVINGS,1977-06-08,ACTIVE,N,,
ACC_005460,CUST_04379,SAVINGS,1984-11-17,ACTIVE,N,,
ACC_005461,CUST_04380,SAVINGS,1995-07-11,ACTIVE,N,,
ACC_005462,CUST_04381,CURRENT,1976-08-23,ACTIVE,N,,
ACC_005463,CUST_04381,SAVINGS,1994-07-07,ACTIVE,N,,
ACC_005464,CUST_04382,SAVINGS,1985-06-07,ACTIVE,N,,
ACC_005465,CUST_04382,SAVINGS,2003-06-09,ACTIVE,N,,
ACC_005466,CUST_04383,CURRENT,1966-03-21,ACTIVE,N,,
ACC_005467,CUST_04383,SAVINGS,1988-11-03,ACTIVE,N,,
ACC_005468,CUST_04383,SAVINGS,2011-06-21,ACTIVE,N,,
ACC_005469,CUST_04384,CURRENT,1953-12-03,ACTIVE,N,,
ACC_005470,CUST_04385,CURRENT,2010-08-22,ACTIVE,N,,
ACC_005471,CUST_04386,SAVINGS,2019-08-28,DORMANT,Y,2023-02-08,
ACC_005472,CUST_04387,SAVINGS,1977-11-05,ACTIVE,N,,
ACC_005473,CUST_04388,SAVINGS,1975-02-27,ACTIVE,N,,
ACC_005474,CUST_04389,SAVINGS,1965-05-04,ACTIVE,N,,
ACC_005475,CUST_04390,SAVINGS,1955-09-02,ACTIVE,N,,
ACC_005476,CUST_04391,SAVINGS,2002-09-25,ACTIVE,N,,
ACC_005477,CUST_04392,SAVINGS,1964-07-11,ACTIVE,N,,
ACC_005478,CUST_04392,SAVINGS,1977-12-24,ACTIVE,N,,
ACC_005479,CUST_04393,SAVINGS,1977-03-29,ACTIVE,N,,
ACC_005480,CUST_04394,SAVINGS,1990-08-22,ACTIVE,N,,
ACC_005481,CUST_04395,CURRENT,1979-03-05,ACTIVE,N,,
ACC_005482,CUST_04396,SAVINGS,1991-04-16,ACTIVE,N,,
ACC_005483,CUST_04397,SAVINGS,1999-02-15,ACTIVE,N,,
ACC_005484,CUST_04398,CURRENT,2013-02-13,ACTIVE,N,,
ACC_005485,CUST_04399,SAVINGS,1957-05-26,ACTIVE,N,,
ACC_005486,CUST_04400,SAVINGS,1981-04-11,ACTIVE,N,,
ACC_005487,CUST_04401,SAVINGS,1984-05-05,ACTIVE,N,,
ACC_005488,CUST_04402,SAVINGS,1979-07-05,ACTIVE,N,,
ACC_005489,CUST_04403,SAVINGS,2019-07-24,ACTIVE,N,,
ACC_005490,CUST_04403,SAVINGS,1953-03-29,ACTIVE,N,,
ACC_005491,CUST_04404,SAVINGS,1992-03-06,ACTIVE,N,,
ACC_005492,CUST_04405,SAVINGS,1951-09-07,INACTIVE,N,,1981-02-19
ACC_005493,CUST_04406,SAVINGS,1974-08-16,ACTIVE,N,,
ACC_005494,CUST_04406,SAVINGS,1995-06-13,ACTIVE,N,,
ACC_005495,CUST_04407,CURRENT,1978-01-31,ACTIVE,N,,
ACC_005496,CUST_04407,CURRENT,2017-12-29,ACTIVE,N,,
ACC_005497,CUST_04408,CURRENT,2002-11-20,ACTIVE,N,,
ACC_005498,CUST_04409,SAVINGS,1994-07-22,DORMANT,Y,2010-02-18,
ACC_005499,CUST_04410,SAVINGS,2003-03-08,ACTIVE,N,,
ACC_005500,CUST_04410,SAVINGS,1972-06-28,ACTIVE,N,,
ACC_005501,CUST_04411,SAVINGS,2016-12-01,ACTIVE,N,,
ACC_005502,CUST_04412,SAVINGS,2015-05-09,ACTIVE,N,,
ACC_005503,CUST_04412,SAVINGS,1988-11-01,ACTIVE,N,,
ACC_005504,CUST_04413,SAVINGS,1983-10-28,ACTIVE,N,,
ACC_005505,CUST_04414,SAVINGS,1960-07-28,ACTIVE,N,,
ACC_005506,CUST_04415,SAVINGS,1964-08-07,INACTIVE,N,,2024-10-13
ACC_005507,CUST_04415,SAVINGS,1950-01-14,ACTIVE,N,,
ACC_005508,CUST_04416,SAVINGS,1954-03-31,ACTIVE,N,,
ACC_005509,CUST_04417,SAVINGS,1956-10-22,ACTIVE,N,,
ACC_005510,CUST_04418,SAVINGS,1951-07-12,ACTIVE,N,,
ACC_005511,CUST_04418,SAVINGS,1987-04-29,ACTIVE,N,,
ACC_005512,CUST_04419,SAVINGS,1950-01-01,ACTIVE,N,,
ACC_005513,CUST_04419,SAVINGS,1991-04-20,DORMANT,Y,2006-06-11,
ACC_005514,CUST_04419,SAVINGS,2001-11-29,ACTIVE,N,,
ACC_005515,CUST_04420,SAVINGS,1971-09-16,ACTIVE,N,,
ACC_005516,CUST_04420,SAVINGS,1963-03-27,ACTIVE,N,,
ACC_005517,CUST_04420,SAVINGS,1957-04-15,DORMANT,Y,1982-05-01,
ACC_005518,CUST_04421,SAVINGS,1979-04-22,ACTIVE,N,,
ACC_005519,CUST_04422,CURRENT,1975-12-19,ACTIVE,N,,
ACC_005520,CUST_04423,SAVINGS,2007-08-05,DORMANT,Y,2020-04-11,
ACC_005521,CUST_04424,SAVINGS,1960-05-10,ACTIVE,N,,
ACC_005522,CUST_04425,SAVINGS,1988-02-08,ACTIVE,N,,
ACC_005523,CUST_04426,SAVINGS,2006-10-27,ACTIVE,N,,
ACC_005524,CUST_04427,SAVINGS,1953-01-18,DORMANT,Y,1993-07-14,
ACC_005525,CUST_04428,SAVINGS,1954-10-06,ACTIVE,N,,
ACC_005526,CUST_04429,SAVINGS,1966-05-06,ACTIVE,N,,
ACC_005527,CUST_04430,SAVINGS,1991-02-09,ACTIVE,N,,
ACC_005528,CUST_04431,SAVINGS,1969-04-21,ACTIVE,N,,
ACC_005529,CUST_04432,SAVINGS,1985-10-04,ACTIVE,N,,
ACC_005530,CUST_04433,SAVINGS,2012-03-09,ACTIVE,N,,
ACC_005531,CUST_04434,CURRENT,1977-11-09,ACTIVE,N,,
ACC_005532,CUST_04435,SAVINGS,1966-05-18,ACTIVE,N,,
ACC_005533,CUST_04436,SAVINGS,1954-02-18,ACTIVE,N,,
ACC_005534,CUST_04437,SAVINGS,2014-11-08,ACTIVE,N,,
ACC_005535,CUST_04438,SAVINGS,1973-10-05,ACTIVE,N,,
ACC_005536,CUST_04439,SAVINGS,1951-12-15,ACTIVE,N,,
ACC_005537,CUST_04439,SAVINGS,1965-04-28,ACTIVE,N,,
ACC_005538,CUST_04439,SAVINGS,1961-09-19,ACTIVE,N,,
ACC_005539,CUST_04440,SAVINGS,1981-12-16,ACTIVE,N,,
ACC_005540,CUST_04441,CURRENT,2011-12-17,ACTIVE,N,,
ACC_005541,CUST_04442,SAVINGS,1987-03-05,ACTIVE,N,,
ACC_005542,CUST_04443,SAVINGS,1986-10-04,DORMANT,Y,1988-04-16,
ACC_005543,CUST_04444,CURRENT,2015-04-17,ACTIVE,N,,
ACC_005544,CUST_04445,SAVINGS,1958-08-12,DORMANT,Y,2008-05-20,
ACC_005545,CUST_04446,SAVINGS,1970-11-12,DORMANT,Y,1985-07-11,
ACC_005546,CUST_04447,CURRENT,1958-11-14,ACTIVE,N,,
ACC_005547,CUST_04448,SAVINGS,2004-02-08,ACTIVE,N,,
ACC_005548,CUST_04449,SAVINGS,2001-05-14,ACTIVE,N,,
ACC_005549,CUST_04450,SAVINGS,1954-01-26,ACTIVE,N,,
ACC_005550,CUST_04451,SAVINGS,1955-01-22,DORMANT,Y,2022-10-04,
ACC_005551,CUST_04452,SAVINGS,2008-11-11,ACTIVE,N,,
ACC_005552,CUST_04452,SAVINGS,2013-05-20,ACTIVE,N,,
ACC_005553,CUST_04453,SAVINGS,2006-02-17,DORMANT,Y,2012-02-01,
ACC_005554,CUST_04454,SAVINGS,1951-10-22,ACTIVE,N,,
ACC_005555,CUST_04455,CURRENT,1955-12-29,ACTIVE,N,,
ACC_005556,CUST_04456,SAVINGS,1958-07-30,ACTIVE,N,,
ACC_005557,CUST_04457,SAVINGS,1988-03-21,ACTIVE,N,,
ACC_005558,CUST_04457,SAVINGS,1988-04-27,DORMANT,Y,2020-12-04,
ACC_005559,CUST_04458,SAVINGS,1977-08-03,ACTIVE,N,,
ACC_005560,CUST_04459,SAVINGS,1986-05-18,ACTIVE,N,,
ACC_005561,CUST_04460,SAVINGS,1953-04-28,ACTIVE,N,,
ACC_005562,CUST_04461,CURRENT,1987-01-06,ACTIVE,N,,
ACC_005563,CUST_04461,SAVINGS,1975-08-07,ACTIVE,N,,
ACC_005564,CUST_04462,SAVINGS,1981-12-16,ACTIVE,N,,
ACC_005565,CUST_04463,SAVINGS,2010-12-21,ACTIVE,N,,
ACC_005566,CUST_04464,SAVINGS,1950-04-07,ACTIVE,N,,
ACC_005567,CUST_04464,CURRENT,1956-01-03,ACTIVE,N,,
ACC_005568,CUST_04465,SAVINGS,2009-04-02,ACTIVE,N,,
ACC_005569,CUST_04466,CURRENT,2016-06-27,ACTIVE,N,,
ACC_005570,CUST_04466,SAVINGS,1981-07-05,ACTIVE,N,,
ACC_005571,CUST_04467,SAVINGS,1956-06-09,ACTIVE,N,,
ACC_005572,CUST_04468,SAVINGS,1988-12-29,ACTIVE,N,,
ACC_005573,CUST_04469,CURRENT,1999-07-19,ACTIVE,N,,
ACC_005574,CUST_04470,CURRENT,1962-01-13,ACTIVE,N,,
ACC_005575,CUST_04471,CURRENT,1999-12-28,ACTIVE,N,,
ACC_005576,CUST_04472,SAVINGS,2012-02-05,ACTIVE,N,,
ACC_005577,CUST_04473,SAVINGS,2014-04-21,ACTIVE,N,,
ACC_005578,CUST_04474,SAVINGS,2024-02-13,DORMANT,Y,2024-04-16,
ACC_005579,CUST_04474,SAVINGS,2000-10-20,ACTIVE,N,,
ACC_005580,CUST_04475,SAVINGS,2000-07-13,ACTIVE,N,,
ACC_005581,CUST_04476,SAVINGS,2024-12-29,ACTIVE,N,,
ACC_005582,CUST_04477,CURRENT,2023-08-07,ACTIVE,N,,
ACC_005583,CUST_04477,SAVINGS,1969-10-30,ACTIVE,N,,
ACC_005584,CUST_04478,SAVINGS,1993-08-25,ACTIVE,N,,
ACC_005585,CUST_04478,SAVINGS,1997-03-13,ACTIVE,N,,
ACC_005586,CUST_04479,SAVINGS,2005-05-24,ACTIVE,N,,
ACC_005587,CUST_04479,SAVINGS,1973-09-04,ACTIVE,N,,
ACC_005588,CUST_04480,SAVINGS,2004-09-06,ACTIVE,N,,
ACC_005589,CUST_04480,SAVINGS,2000-08-23,ACTIVE,N,,
ACC_005590,CUST_04481,SAVINGS,2013-08-16,ACTIVE,N,,
ACC_005591,CUST_04482,SAVINGS,1997-04-15,ACTIVE,N,,
ACC_005592,CUST_04483,SAVINGS,1989-10-20,ACTIVE,N,,
ACC_005593,CUST_04484,SAVINGS,1970-02-03,ACTIVE,N,,
ACC_005594,CUST_04485,SAVINGS,2017-04-21,DORMANT,Y,2023-01-19,
ACC_005595,CUST_04486,SAVINGS,2023-10-21,ACTIVE,N,,
ACC_005596,CUST_04487,SAVINGS,2005-07-04,ACTIVE,N,,
ACC_005597,CUST_04488,SAVINGS,1999-01-16,ACTIVE,N,,
ACC_005598,CUST_04488,SAVINGS,2008-10-03,INACTIVE,N,,2010-03-24
ACC_005599,CUST_04489,SAVINGS,1984-06-17,ACTIVE,N,,
ACC_005600,CUST_04490,SAVINGS,1968-09-25,DORMANT,Y,1991-05-19,
ACC_005601,CUST_04491,SAVINGS,1998-10-25,ACTIVE,N,,
ACC_005602,CUST_04492,SAVINGS,2013-07-01,ACTIVE,N,,
ACC_005603,CUST_04493,SAVINGS,2011-05-08,ACTIVE,N,,
ACC_005604,CUST_04494,SAVINGS,2023-05-22,ACTIVE,N,,
ACC_005605,CUST_04495,SAVINGS,1972-05-11,ACTIVE,N,,
ACC_005606,CUST_04495,SAVINGS,1955-10-27,ACTIVE,N,,
ACC_005607,CUST_04496,SAVINGS,1996-09-29,ACTIVE,N,,
ACC_005608,CUST_04497,SAVINGS,2018-11-30,ACTIVE,N,,
ACC_005609,CUST_04498,SAVINGS,1969-09-28,ACTIVE,N,,
ACC_005610,CUST_04499,SAVINGS,1996-07-01,ACTIVE,N,,
ACC_005611,CUST_04499,SAVINGS,2023-07-11,ACTIVE,N,,
ACC_005612,CUST_04499,SAVINGS,1971-09-13,ACTIVE,N,,
ACC_005613,CUST_04500,SAVINGS,1968-12-27,ACTIVE,N,,
ACC_005614,CUST_04500,SAVINGS,1978-01-05,ACTIVE,N,,
ACC_005615,CUST_04501,SAVINGS,2003-12-11,ACTIVE,N,,
ACC_005616,CUST_04502,SAVINGS,1961-02-15,ACTIVE,N,,
ACC_005617,CUST_04503,SAVINGS,2007-01-09,ACTIVE,N,,
ACC_005618,CUST_04504,SAVINGS,1965-03-24,ACTIVE,N,,
ACC_005619,CUST_04504,SAVINGS,2018-03-28,ACTIVE,N,,
ACC_005620,CUST_04505,CURRENT,2024-01-15,ACTIVE,N,,
ACC_005621,CUST_04506,SAVINGS,1955-09-18,ACTIVE,N,,
ACC_005622,CUST_04507,SAVINGS,2020-09-17,ACTIVE,N,,
ACC_005623,CUST_04508,SAVINGS,1964-02-17,DORMANT,Y,2003-04-16,
ACC_005624,CUST_04509,SAVINGS,1950-07-20,ACTIVE,N,,
ACC_005625,CUST_04510,CURRENT,1984-09-01,ACTIVE,N,,
ACC_005626,CUST_04511,SAVINGS,2024-11-30,ACTIVE,N,,
ACC_005627,CUST_04511,CURRENT,1972-06-01,ACTIVE,N,,
ACC_005628,CUST_04512,SAVINGS,1980-11-12,ACTIVE,N,,
ACC_005629,CUST_04513,SAVINGS,1995-07-31,ACTIVE,N,,
ACC_005630,CUST_04514,SAVINGS,2016-07-30,ACTIVE,N,,
ACC_005631,CUST_04514,SAVINGS,1965-11-30,ACTIVE,N,,
ACC_005632,CUST_04515,SAVINGS,1994-04-20,INACTIVE,N,,2019-03-15
ACC_005633,CUST_04516,SAVINGS,2000-10-22,ACTIVE,N,,
ACC_005634,CUST_04517,SAVINGS,2024-08-23,ACTIVE,N,,
ACC_005635,CUST_04518,CURRENT,2003-10-03,ACTIVE,N,,
ACC_005636,CUST_04519,SAVINGS,2021-03-13,ACTIVE,N,,
ACC_005637,CUST_04520,SAVINGS,2003-06-18,DORMANT,Y,2010-11-30,
ACC_005638,CUST_04521,CURRENT,1997-10-15,ACTIVE,N,,
ACC_005639,CUST_04522,SAVINGS,2005-07-12,DORMANT,Y,2009-02-23,
ACC_005640,CUST_04522,SAVINGS,1980-09-25,ACTIVE,N,,
ACC_005641,CUST_04522,SAVINGS,2011-09-29,ACTIVE,N,,
ACC_005642,CUST_04523,CURRENT,1971-03-11,ACTIVE,N,,
ACC_005643,CUST_04524,SAVINGS,1975-08-19,ACTIVE,N,,
ACC_005644,CUST_04524,SAVINGS,1950-01-30,ACTIVE,N,,
ACC_005645,CUST_04524,SAVINGS,2018-08-31,ACTIVE,N,,
ACC_005646,CUST_04525,SAVINGS,1964-09-02,ACTIVE,N,,
ACC_005647,CUST_04526,SAVINGS,2017-05-25,ACTIVE,N,,
ACC_005648,CUST_04527,SAVINGS,1969-08-24,ACTIVE,N,,
ACC_005649,CUST_04527,CURRENT,1959-10-30,ACTIVE,N,,
ACC_005650,CUST_04528,CURRENT,1991-09-21,ACTIVE,N,,
ACC_005651,CUST_04529,SAVINGS,1982-11-30,ACTIVE,N,,
ACC_005652,CUST_04530,SAVINGS,2005-04-10,ACTIVE,N,,
ACC_005653,CUST_04531,SAVINGS,1991-03-22,ACTIVE,N,,
ACC_005654,CUST_04532,CURRENT,1978-06-24,ACTIVE,N,,
ACC_005655,CUST_04533,SAVINGS,2023-10-06,ACTIVE,N,,
ACC_005656,CUST_04534,SAVINGS,1963-02-23,ACTIVE,N,,
ACC_005657,CUST_04534,SAVINGS,1975-12-30,ACTIVE,N,,
ACC_005658,CUST_04534,SAVINGS,1953-03-14,ACTIVE,N,,
ACC_005659,CUST_04535,SAVINGS,1952-03-17,ACTIVE,N,,
ACC_005660,CUST_04536,SAVINGS,1954-03-26,INACTIVE,N,,1994-06-27
ACC_005661,CUST_04537,SAVINGS,1966-06-24,ACTIVE,N,,
ACC_005662,CUST_04538,SAVINGS,1978-03-09,ACTIVE,N,,
ACC_005663,CUST_04539,SAVINGS,1975-04-11,ACTIVE,N,,
ACC_005664,CUST_04540,SAVINGS,1959-09-17,INACTIVE,N,,1964-04-08
ACC_005665,CUST_04540,CURRENT,1984-06-29,ACTIVE,N,,
ACC_005666,CUST_04541,SAVINGS,2011-08-07,ACTIVE,N,,
ACC_005667,CUST_04542,SAVINGS,1966-03-11,ACTIVE,N,,
ACC_005668,CUST_04542,SAVINGS,2007-06-04,ACTIVE,N,,
ACC_005669,CUST_04542,SAVINGS,1998-08-29,ACTIVE,N,,
ACC_005670,CUST_04543,SAVINGS,2004-11-06,ACTIVE,N,,
ACC_005671,CUST_04543,SAVINGS,1951-06-10,ACTIVE,N,,
ACC_005672,CUST_04544,SAVINGS,1990-11-10,ACTIVE,N,,
ACC_005673,CUST_04545,SAVINGS,1996-09-15,ACTIVE,N,,
ACC_005674,CUST_04546,SAVINGS,2002-10-10,ACTIVE,N,,
ACC_005675,CUST_04547,SAVINGS,2001-01-10,ACTIVE,N,,
ACC_005676,CUST_04548,SAVINGS,1978-05-16,ACTIVE,N,,
ACC_005677,CUST_04549,SAVINGS,1991-05-07,ACTIVE,N,,
ACC_005678,CUST_04550,SAVINGS,2008-04-28,ACTIVE,N,,
ACC_005679,CUST_04551,CURRENT,2015-02-12,ACTIVE,N,,
ACC_005680,CUST_04551,CURRENT,1955-09-13,ACTIVE,N,,
ACC_005681,CUST_04552,SAVINGS,2016-11-14,ACTIVE,N,,
ACC_005682,CUST_04553,SAVINGS,1954-04-16,ACTIVE,N,,
ACC_005683,CUST_04554,CURRENT,2018-01-18,ACTIVE,N,,
ACC_005684,CUST_04555,SAVINGS,1993-07-02,ACTIVE,N,,
ACC_005685,CUST_04556,SAVINGS,1997-11-03,DORMANT,Y,1998-11-23,
ACC_005686,CUST_04557,SAVINGS,1984-10-24,ACTIVE,N,,
ACC_005687,CUST_04557,CURRENT,2014-06-16,ACTIVE,N,,
ACC_005688,CUST_04557,SAVINGS,2002-03-25,ACTIVE,N,,
ACC_005689,CUST_04558,SAVINGS,2023-05-12,ACTIVE,N,,
ACC_005690,CUST_04559,CURRENT,1963-05-04,ACTIVE,N,,
ACC_005691,CUST_04559,CURRENT,2007-07-13,ACTIVE,N,,
ACC_005692,CUST_04560,CURRENT,1997-10-12,ACTIVE,N,,
ACC_005693,CUST_04561,SAVINGS,2016-09-24,INACTIVE,N,,2016-12-17
ACC_005694,CUST_04562,SAVINGS,2001-09-18,ACTIVE,N,,
ACC_005695,CUST_04563,CURRENT,1955-04-07,ACTIVE,N,,
ACC_005696,CUST_04564,SAVINGS,2016-05-05,ACTIVE,N,,
ACC_005697,CUST_04565,SAVINGS,1961-10-26,ACTIVE,N,,
ACC_005698,CUST_04566,CURRENT,2014-08-19,ACTIVE,N,,
ACC_005699,CUST_04567,SAVINGS,1984-04-26,ACTIVE,N,,
ACC_005700,CUST_04568,SAVINGS,2024-01-02,ACTIVE,N,,
ACC_005701,CUST_04569,SAVINGS,1962-07-12,ACTIVE,N,,
ACC_005702,CUST_04570,CURRENT,1961-04-17,ACTIVE,N,,
ACC_005703,CUST_04571,SAVINGS,1983-05-26,DORMANT,Y,1989-10-17,
ACC_005704,CUST_04572,SAVINGS,2011-11-19,DORMANT,Y,2018-05-06,
ACC_005705,CUST_04573,SAVINGS,1995-12-02,ACTIVE,N,,
ACC_005706,CUST_04574,SAVINGS,1982-11-07,ACTIVE,N,,
ACC_005707,CUST_04575,SAVINGS,2013-11-14,ACTIVE,N,,
ACC_005708,CUST_04575,SAVINGS,1954-09-04,ACTIVE,N,,
ACC_005709,CUST_04576,SAVINGS,1993-12-11,ACTIVE,N,,
ACC_005710,CUST_04576,SAVINGS,1992-03-01,ACTIVE,N,,
ACC_005711,CUST_04577,SAVINGS,2011-05-30,ACTIVE,N,,
ACC_005712,CUST_04578,SAVINGS,1979-06-23,ACTIVE,N,,
ACC_005713,CUST_04579,CURRENT,2005-11-19,ACTIVE,N,,
ACC_005714,CUST_04579,SAVINGS,1962-12-04,ACTIVE,N,,
ACC_005715,CUST_04580,SAVINGS,1951-05-27,ACTIVE,N,,
ACC_005716,CUST_04581,CURRENT,1967-06-23,ACTIVE,N,,
ACC_005717,CUST_04582,SAVINGS,1953-11-04,ACTIVE,N,,
ACC_005718,CUST_04583,SAVINGS,2018-11-28,ACTIVE,N,,
ACC_005719,CUST_04584,SAVINGS,2010-06-27,ACTIVE,N,,
ACC_005720,CUST_04585,SAVINGS,1959-05-28,ACTIVE,N,,
ACC_005721,CUST_04586,SAVINGS,2018-05-02,INACTIVE,N,,2019-11-16
ACC_005722,CUST_04587,SAVINGS,2013-01-14,ACTIVE,N,,
ACC_005723,CUST_04588,SAVINGS,1987-05-24,ACTIVE,N,,
ACC_005724,CUST_04589,SAVINGS,2002-10-31,ACTIVE,N,,
ACC_005725,CUST_04589,SAVINGS,2022-11-26,ACTIVE,N,,
ACC_005726,CUST_04589,SAVINGS,1956-08-18,ACTIVE,N,,
ACC_005727,CUST_04590,SAVINGS,1984-06-17,DORMANT,Y,2024-04-24,
ACC_005728,CUST_04591,SAVINGS,1966-01-06,ACTIVE,N,,
ACC_005729,CUST_04592,SAVINGS,2020-04-30,ACTIVE,N,,
ACC_005730,CUST_04592,SAVINGS,2016-11-02,ACTIVE,N,,
ACC_005731,CUST_04592,SAVINGS,1973-09-02,ACTIVE,N,,
ACC_005732,CUST_04593,SAVINGS,2011-06-25,ACTIVE,N,,
ACC_005733,CUST_04594,SAVINGS,1989-12-06,ACTIVE,N,,
ACC_005734,CUST_04595,SAVINGS,1972-02-25,ACTIVE,N,,
ACC_005735,CUST_04595,SAVINGS,1955-06-03,ACTIVE,N,,
ACC_005736,CUST_04595,SAVINGS,1989-07-05,DORMANT,Y,2012-01-23,
ACC_005737,CUST_04596,SAVINGS,2008-01-29,ACTIVE,N,,
ACC_005738,CUST_04597,SAVINGS,1964-12-04,DORMANT,Y,2011-08-30,
ACC_005739,CUST_04598,SAVINGS,1971-01-25,ACTIVE,N,,
ACC_005740,CUST_04599,SAVINGS,1960-06-15,ACTIVE,N,,
ACC_005741,CUST_04600,SAVINGS,1977-02-06,ACTIVE,N,,
ACC_005742,CUST_04601,CURRENT,2015-08-15,ACTIVE,N,,
ACC_005743,CUST_04601,SAVINGS,2016-03-06,ACTIVE,N,,
ACC_005744,CUST_04602,SAVINGS,1983-11-23,ACTIVE,N,,
ACC_005745,CUST_04603,CURRENT,1950-10-10,ACTIVE,N,,
ACC_005746,CUST_04604,SAVINGS,2002-09-17,ACTIVE,N,,
ACC_005747,CUST_04604,SAVINGS,1974-01-15,ACTIVE,N,,
ACC_005748,CUST_04605,SAVINGS,2001-04-09,ACTIVE,N,,
ACC_005749,CUST_04606,CURRENT,1955-12-22,ACTIVE,N,,
ACC_005750,CUST_04607,CURRENT,1991-02-21,ACTIVE,N,,
ACC_005751,CUST_04608,SAVINGS,1974-11-11,ACTIVE,N,,
ACC_005752,CUST_04608,SAVINGS,1980-05-29,ACTIVE,N,,
ACC_005753,CUST_04609,SAVINGS,1996-04-13,ACTIVE,N,,
ACC_005754,CUST_04610,SAVINGS,2017-02-22,ACTIVE,N,,
ACC_005755,CUST_04611,SAVINGS,1981-02-17,ACTIVE,N,,
ACC_005756,CUST_04612,SAVINGS,2010-07-09,ACTIVE,N,,
ACC_005757,CUST_04613,SAVINGS,1965-10-19,ACTIVE,N,,
ACC_005758,CUST_04614,CURRENT,1963-10-27,ACTIVE,N,,
ACC_005759,CUST_04615,SAVINGS,1972-05-19,ACTIVE,N,,
ACC_005760,CUST_04616,SAVINGS,1968-12-11,ACTIVE,N,,
ACC_005761,CUST_04617,SAVINGS,1967-12-19,ACTIVE,N,,
ACC_005762,CUST_04618,CURRENT,1953-03-23,ACTIVE,N,,
ACC_005763,CUST_04619,SAVINGS,2009-08-16,ACTIVE,N,,
ACC_005764,CUST_04620,CURRENT,2017-07-11,ACTIVE,N,,
ACC_005765,CUST_04620,CURRENT,1999-11-27,ACTIVE,N,,
ACC_005766,CUST_04621,CURRENT,2008-07-09,ACTIVE,N,,
ACC_005767,CUST_04622,SAVINGS,1952-10-17,ACTIVE,N,,
ACC_005768,CUST_04623,CURRENT,2021-06-23,DORMANT,Y,2024-06-04,
ACC_005769,CUST_04624,SAVINGS,2000-02-15,ACTIVE,N,,
ACC_005770,CUST_04625,CURRENT,2023-12-20,ACTIVE,N,,
ACC_005771,CUST_04626,SAVINGS,1964-06-21,ACTIVE,N,,
ACC_005772,CUST_04627,SAVINGS,2006-12-22,ACTIVE,N,,
ACC_005773,CUST_04628,SAVINGS,2014-06-19,ACTIVE,N,,
ACC_005774,CUST_04629,SAVINGS,1954-07-26,INACTIVE,N,,1992-07-10
ACC_005775,CUST_04630,SAVINGS,2009-05-19,DORMANT,Y,2018-11-10,
ACC_005776,CUST_04631,CURRENT,2007-06-21,ACTIVE,N,,
ACC_005777,CUST_04631,SAVINGS,1959-02-10,ACTIVE,N,,
ACC_005778,CUST_04632,SAVINGS,1958-11-14,ACTIVE,N,,
ACC_005779,CUST_04633,SAVINGS,1961-11-15,ACTIVE,N,,
ACC_005780,CUST_04634,CURRENT,1985-10-06,INACTIVE,N,,2010-02-06
ACC_005781,CUST_04635,CURRENT,2014-08-06,ACTIVE,N,,
ACC_005782,CUST_04635,SAVINGS,2004-08-15,ACTIVE,N,,
ACC_005783,CUST_04636,SAVINGS,2019-01-07,DORMANT,Y,2021-01-31,
ACC_005784,CUST_04637,SAVINGS,1968-09-19,ACTIVE,N,,
ACC_005785,CUST_04637,SAVINGS,1966-06-21,ACTIVE,N,,
ACC_005786,CUST_04638,SAVINGS,1953-04-13,ACTIVE,N,,
ACC_005787,CUST_04638,SAVINGS,1972-01-18,ACTIVE,N,,
ACC_005788,CUST_04639,CURRENT,1961-10-03,ACTIVE,N,,
ACC_005789,CUST_04640,SAVINGS,1975-06-04,ACTIVE,N,,
ACC_005790,CUST_04641,CURRENT,1976-09-29,INACTIVE,N,,2007-02-06
ACC_005791,CUST_04642,SAVINGS,2024-04-19,ACTIVE,N,,
ACC_005792,CUST_04642,SAVINGS,2000-10-22,ACTIVE,N,,
ACC_005793,CUST_04643,CURRENT,1985-10-18,ACTIVE,N,,
ACC_005794,CUST_04644,SAVINGS,2015-01-15,INACTIVE,N,,2016-03-05
ACC_005795,CUST_04644,SAVINGS,1975-04-01,ACTIVE,N,,
ACC_005796,CUST_04645,SAVINGS,2006-03-31,ACTIVE,N,,
ACC_005797,CUST_04646,SAVINGS,1965-10-07,ACTIVE,N,,
ACC_005798,CUST_04646,SAVINGS,1955-05-31,ACTIVE,N,,
ACC_005799,CUST_04647,SAVINGS,1981-08-11,ACTIVE,N,,
ACC_005800,CUST_04648,SAVINGS,1977-07-21,ACTIVE,N,,
ACC_005801,CUST_04649,CURRENT,1970-01-22,ACTIVE,N,,
ACC_005802,CUST_04650,SAVINGS,1990-11-17,ACTIVE,N,,
ACC_005803,CUST_04651,SAVINGS,1968-02-18,ACTIVE,N,,
ACC_005804,CUST_04652,SAVINGS,2003-03-06,ACTIVE,N,,
ACC_005805,CUST_04653,SAVINGS,1951-07-11,ACTIVE,N,,
ACC_005806,CUST_04653,SAVINGS,2000-08-11,ACTIVE,N,,
ACC_005807,CUST_04654,SAVINGS,1958-03-02,ACTIVE,N,,
ACC_005808,CUST_04655,CURRENT,2019-06-09,ACTIVE,N,,
ACC_005809,CUST_04656,SAVINGS,1951-08-28,INACTIVE,N,,1966-12-31
ACC_005810,CUST_04657,SAVINGS,2021-05-24,ACTIVE,N,,
ACC_005811,CUST_04658,SAVINGS,1986-03-10,ACTIVE,N,,
ACC_005812,CUST_04659,SAVINGS,2022-03-16,ACTIVE,N,,
ACC_005813,CUST_04660,SAVINGS,1951-03-17,ACTIVE,N,,
ACC_005814,CUST_04661,SAVINGS,1991-04-15,ACTIVE,N,,
ACC_005815,CUST_04662,SAVINGS,1968-08-27,ACTIVE,N,,
ACC_005816,CUST_04663,SAVINGS,1993-06-27,ACTIVE,N,,
ACC_005817,CUST_04663,SAVINGS,1983-03-02,ACTIVE,N,,
ACC_005818,CUST_04663,SAVINGS,2015-05-20,ACTIVE,N,,
ACC_005819,CUST_04664,CURRENT,1979-01-25,DORMANT,Y,1991-11-27,
ACC_005820,CUST_04665,SAVINGS,2014-08-13,ACTIVE,N,,
ACC_005821,CUST_04666,SAVINGS,2015-02-04,ACTIVE,N,,
ACC_005822,CUST_04667,SAVINGS,2015-02-27,ACTIVE,N,,
ACC_005823,CUST_04668,CURRENT,1979-02-22,ACTIVE,N,,
ACC_005824,CUST_04669,SAVINGS,1963-06-25,ACTIVE,N,,
ACC_005825,CUST_04670,SAVINGS,1973-06-19,DORMANT,Y,1999-11-10,
ACC_005826,CUST_04671,SAVINGS,2023-09-08,ACTIVE,N,,
ACC_005827,CUST_04672,CURRENT,1959-08-27,ACTIVE,N,,
ACC_005828,CUST_04673,SAVINGS,1969-11-20,ACTIVE,N,,
ACC_005829,CUST_04674,SAVINGS,1967-04-12,ACTIVE,N,,
ACC_005830,CUST_04675,SAVINGS,2019-05-24,ACTIVE,N,,
ACC_005831,CUST_04676,CURRENT,1969-10-16,ACTIVE,N,,
ACC_005832,CUST_04677,SAVINGS,1959-04-04,INACTIVE,N,,1991-10-06
ACC_005833,CUST_04678,SAVINGS,2019-11-15,ACTIVE,N,,
ACC_005834,CUST_04679,SAVINGS,1959-11-18,ACTIVE,N,,
ACC_005835,CUST_04680,SAVINGS,1972-06-02,ACTIVE,N,,
ACC_005836,CUST_04681,SAVINGS,1983-08-17,ACTIVE,N,,
ACC_005837,CUST_04681,SAVINGS,2006-04-12,ACTIVE,N,,
ACC_005838,CUST_04682,SAVINGS,1999-03-26,ACTIVE,N,,
ACC_005839,CUST_04683,CURRENT,1980-09-01,ACTIVE,N,,
ACC_005840,CUST_04683,CURRENT,1985-09-21,ACTIVE,N,,
ACC_005841,CUST_04684,SAVINGS,2005-04-23,ACTIVE,N,,
ACC_005842,CUST_04685,SAVINGS,1958-02-14,ACTIVE,N,,
ACC_005843,CUST_04685,SAVINGS,2008-10-11,DORMANT,Y,2009-07-04,
ACC_005844,CUST_04686,SAVINGS,1993-08-14,DORMANT,Y,2020-03-06,
ACC_005845,CUST_04687,SAVINGS,2003-09-17,ACTIVE,N,,
ACC_005846,CUST_04688,SAVINGS,1953-10-07,DORMANT,Y,1979-12-24,
ACC_005847,CUST_04689,SAVINGS,2000-11-09,DORMANT,Y,2014-02-25,
ACC_005848,CUST_04689,SAVINGS,2011-03-23,ACTIVE,N,,
ACC_005849,CUST_04690,SAVINGS,1980-08-01,ACTIVE,N,,
ACC_005850,CUST_04691,SAVINGS,1967-05-01,ACTIVE,N,,
ACC_005851,CUST_04691,SAVINGS,2015-03-30,ACTIVE,N,,
ACC_005852,CUST_04692,SAVINGS,2019-05-08,ACTIVE,N,,
ACC_005853,CUST_04693,SAVINGS,2005-04-30,ACTIVE,N,,
ACC_005854,CUST_04694,SAVINGS,1971-05-29,ACTIVE,N,,
ACC_005855,CUST_04695,CURRENT,1982-11-06,ACTIVE,N,,
ACC_005856,CUST_04695,SAVINGS,2020-12-10,ACTIVE,N,,
ACC_005857,CUST_04696,CURRENT,1989-02-23,ACTIVE,N,,
ACC_005858,CUST_04697,SAVINGS,2017-08-29,ACTIVE,N,,
ACC_005859,CUST_04698,SAVINGS,1960-03-20,ACTIVE,N,,
ACC_005860,CUST_04699,SAVINGS,2008-11-23,ACTIVE,N,,
ACC_005861,CUST_04699,SAVINGS,1954-03-17,DORMANT,Y,2011-01-01,
ACC_005862,CUST_04700,SAVINGS,1959-01-11,ACTIVE,N,,
ACC_005863,CUST_04701,SAVINGS,1961-07-19,ACTIVE,N,,
ACC_005864,CUST_04701,CURRENT,1969-10-24,DORMANT,Y,2022-05-29,
ACC_005865,CUST_04702,SAVINGS,1955-06-09,ACTIVE,N,,
ACC_005866,CUST_04703,SAVINGS,2000-04-16,ACTIVE,N,,
ACC_005867,CUST_04704,SAVINGS,1987-10-03,ACTIVE,N,,
ACC_005868,CUST_04705,CURRENT,2003-07-11,ACTIVE,N,,
ACC_005869,CUST_04706,SAVINGS,1988-03-22,ACTIVE,N,,
ACC_005870,CUST_04707,SAVINGS,2013-03-21,ACTIVE,N,,
ACC_005871,CUST_04708,SAVINGS,1996-06-23,ACTIVE,N,,
ACC_005872,CUST_04709,SAVINGS,1991-04-22,ACTIVE,N,,
ACC_005873,CUST_04710,SAVINGS,2022-11-08,ACTIVE,N,,
ACC_005874,CUST_04710,SAVINGS,1994-07-08,ACTIVE,N,,
ACC_005875,CUST_04711,CURRENT,1991-12-09,ACTIVE,N,,
ACC_005876,CUST_04712,SAVINGS,2013-12-15,ACTIVE,N,,
ACC_005877,CUST_04712,SAVINGS,2019-08-10,ACTIVE,N,,
ACC_005878,CUST_04712,SAVINGS,2016-05-22,ACTIVE,N,,
ACC_005879,CUST_04713,SAVINGS,2002-07-19,ACTIVE,N,,
ACC_005880,CUST_04714,SAVINGS,1968-09-06,INACTIVE,N,,2000-08-14
ACC_005881,CUST_04715,SAVINGS,1995-11-17,ACTIVE,N,,
ACC_005882,CUST_04716,CURRENT,1962-05-21,ACTIVE,N,,
ACC_005883,CUST_04717,SAVINGS,2016-08-23,ACTIVE,N,,
ACC_005884,CUST_04718,SAVINGS,1996-08-08,ACTIVE,N,,
ACC_005885,CUST_04718,SAVINGS,2022-07-04,ACTIVE,N,,
ACC_005886,CUST_04719,SAVINGS,2020-05-13,ACTIVE,N,,
ACC_005887,CUST_04720,CURRENT,1958-07-26,ACTIVE,N,,
ACC_005888,CUST_04721,CURRENT,1984-03-29,ACTIVE,N,,
ACC_005889,CUST_04722,SAVINGS,1986-07-03,ACTIVE,N,,
ACC_005890,CUST_04723,SAVINGS,1986-12-01,ACTIVE,N,,
ACC_005891,CUST_04724,SAVINGS,1989-04-29,ACTIVE,N,,
ACC_005892,CUST_04725,CURRENT,2019-11-22,ACTIVE,N,,
ACC_005893,CUST_04726,SAVINGS,1981-01-04,DORMANT,Y,2002-04-24,
ACC_005894,CUST_04727,CURRENT,1994-02-13,ACTIVE,N,,
ACC_005895,CUST_04728,SAVINGS,1982-08-02,ACTIVE,N,,
ACC_005896,CUST_04729,SAVINGS,1976-01-12,ACTIVE,N,,
ACC_005897,CUST_04730,SAVINGS,1997-06-07,ACTIVE,N,,
ACC_005898,CUST_04731,SAVINGS,1991-09-11,ACTIVE,N,,
ACC_005899,CUST_04732,SAVINGS,1976-02-10,ACTIVE,N,,
ACC_005900,CUST_04732,SAVINGS,1995-08-05,ACTIVE,N,,
ACC_005901,CUST_04733,SAVINGS,2020-06-15,ACTIVE,N,,
ACC_005902,CUST_04734,CURRENT,2006-01-04,ACTIVE,N,,
ACC_005903,CUST_04735,SAVINGS,1987-11-28,ACTIVE,N,,
ACC_005904,CUST_04736,SAVINGS,1985-12-02,DORMANT,Y,2014-10-05,
ACC_005905,CUST_04736,SAVINGS,1975-08-21,ACTIVE,N,,
ACC_005906,CUST_04737,CURRENT,1968-12-15,ACTIVE,N,,
ACC_005907,CUST_04738,CURRENT,1990-02-25,ACTIVE,N,,
ACC_005908,CUST_04738,CURRENT,1975-11-09,ACTIVE,N,,
ACC_005909,CUST_04739,SAVINGS,1999-03-14,ACTIVE,N,,
ACC_005910,CUST_04740,SAVINGS,2023-11-15,ACTIVE,N,,
ACC_005911,CUST_04741,SAVINGS,1993-09-16,ACTIVE,N,,
ACC_005912,CUST_04741,SAVINGS,1977-10-29,DORMANT,Y,2009-04-24,
ACC_005913,CUST_04742,SAVINGS,2020-10-14,ACTIVE,N,,
ACC_005914,CUST_04743,SAVINGS,1973-08-08,ACTIVE,N,,
ACC_005915,CUST_04744,SAVINGS,1965-12-14,ACTIVE,N,,
ACC_005916,CUST_04744,SAVINGS,1989-09-01,ACTIVE,N,,
ACC_005917,CUST_04745,SAVINGS,1983-08-15,ACTIVE,N,,
ACC_005918,CUST_04746,SAVINGS,1978-01-01,ACTIVE,N,,
ACC_005919,CUST_04747,SAVINGS,1995-12-01,ACTIVE,N,,
ACC_005920,CUST_04748,SAVINGS,1974-12-01,DORMANT,Y,2018-12-23,
ACC_005921,CUST_04749,SAVINGS,2017-08-20,ACTIVE,N,,
ACC_005922,CUST_04750,SAVINGS,2001-01-14,ACTIVE,N,,
ACC_005923,CUST_04751,SAVINGS,1983-06-07,DORMANT,Y,2010-01-30,
ACC_005924,CUST_04752,CURRENT,2015-12-02,INACTIVE,N,,2020-07-10
ACC_005925,CUST_04752,SAVINGS,2012-06-24,ACTIVE,N,,
ACC_005926,CUST_04753,SAVINGS,2023-02-21,INACTIVE,N,,2023-11-13
ACC_005927,CUST_04754,SAVINGS,1969-12-01,ACTIVE,N,,
ACC_005928,CUST_04755,CURRENT,1984-09-01,ACTIVE,N,,
ACC_005929,CUST_04755,CURRENT,1959-10-22,ACTIVE,N,,
ACC_005930,CUST_04756,CURRENT,1984-05-15,ACTIVE,N,,
ACC_005931,CUST_04757,SAVINGS,1966-12-08,DORMANT,Y,1992-07-23,
ACC_005932,CUST_04758,SAVINGS,2024-12-12,ACTIVE,N,,
ACC_005933,CUST_04759,SAVINGS,2003-07-02,ACTIVE,N,,
ACC_005934,CUST_04759,SAVINGS,1950-06-12,ACTIVE,N,,
ACC_005935,CUST_04760,SAVINGS,1959-01-22,ACTIVE,N,,
ACC_005936,CUST_04761,SAVINGS,1975-09-18,ACTIVE,N,,
ACC_005937,CUST_04761,SAVINGS,1984-09-05,ACTIVE,N,,
ACC_005938,CUST_04762,SAVINGS,2017-05-18,ACTIVE,N,,
ACC_005939,CUST_04763,SAVINGS,2011-11-23,ACTIVE,N,,
ACC_005940,CUST_04764,SAVINGS,2024-12-10,ACTIVE,N,,
ACC_005941,CUST_04765,SAVINGS,1987-09-18,ACTIVE,N,,
ACC_005942,CUST_04765,SAVINGS,2019-07-25,ACTIVE,N,,
ACC_005943,CUST_04765,SAVINGS,2007-03-25,ACTIVE,N,,
ACC_005944,CUST_04766,SAVINGS,1977-02-09,ACTIVE,N,,
ACC_005945,CUST_04767,CURRENT,1986-03-01,ACTIVE,N,,
ACC_005946,CUST_04767,CURRENT,1956-12-09,ACTIVE,N,,
ACC_005947,CUST_04768,SAVINGS,2008-03-18,DORMANT,Y,2018-11-23,
ACC_005948,CUST_04769,SAVINGS,2016-08-18,ACTIVE,N,,
ACC_005949,CUST_04770,SAVINGS,1964-09-16,ACTIVE,N,,
ACC_005950,CUST_04771,SAVINGS,2014-11-01,ACTIVE,N,,
ACC_005951,CUST_04771,SAVINGS,2009-07-01,ACTIVE,N,,
ACC_005952,CUST_04772,SAVINGS,2002-08-28,ACTIVE,N,,
ACC_005953,CUST_04773,SAVINGS,1992-08-14,ACTIVE,N,,
ACC_005954,CUST_04774,SAVINGS,1966-04-04,ACTIVE,N,,
ACC_005955,CUST_04774,SAVINGS,1969-01-06,DORMANT,Y,1981-05-04,
ACC_005956,CUST_04775,SAVINGS,1966-09-24,ACTIVE,N,,
ACC_005957,CUST_04776,SAVINGS,1999-03-07,ACTIVE,N,,
ACC_005958,CUST_04776,CURRENT,1957-06-02,ACTIVE,N,,
ACC_005959,CUST_04777,SAVINGS,1955-08-02,ACTIVE,N,,
ACC_005960,CUST_04778,SAVINGS,1959-07-26,ACTIVE,N,,
ACC_005961,CUST_04779,SAVINGS,1987-10-01,ACTIVE,N,,
ACC_005962,CUST_04780,SAVINGS,1964-08-16,ACTIVE,N,,
ACC_005963,CUST_04781,SAVINGS,2024-08-25,ACTIVE,N,,
ACC_005964,CUST_04781,SAVINGS,2022-11-05,ACTIVE,N,,
ACC_005965,CUST_04782,SAVINGS,1986-07-13,ACTIVE,N,,
ACC_005966,CUST_04783,SAVINGS,1967-05-06,ACTIVE,N,,
ACC_005967,CUST_04784,SAVINGS,1963-01-19,DORMANT,Y,2013-08-11,
ACC_005968,CUST_04785,SAVINGS,2007-08-10,DORMANT,Y,2014-07-30,
ACC_005969,CUST_04786,SAVINGS,1955-06-09,ACTIVE,N,,
ACC_005970,CUST_04786,SAVINGS,1958-02-24,ACTIVE,N,,
ACC_005971,CUST_04787,CURRENT,1951-05-05,ACTIVE,N,,
ACC_005972,CUST_04788,CURRENT,1965-03-02,ACTIVE,N,,
ACC_005973,CUST_04788,CURRENT,1995-12-13,ACTIVE,N,,
ACC_005974,CUST_04788,CURRENT,1987-09-22,ACTIVE,N,,
ACC_005975,CUST_04789,SAVINGS,1988-09-05,DORMANT,Y,2017-12-04,
ACC_005976,CUST_04790,CURRENT,1982-10-04,DORMANT,Y,1998-06-10,
ACC_005977,CUST_04791,SAVINGS,1980-01-02,ACTIVE,N,,
ACC_005978,CUST_04792,SAVINGS,1986-04-21,ACTIVE,N,,
ACC_005979,CUST_04793,SAVINGS,1998-02-13,ACTIVE,N,,
ACC_005980,CUST_04794,SAVINGS,1982-03-03,ACTIVE,N,,
ACC_005981,CUST_04795,SAVINGS,1970-08-25,ACTIVE,N,,
ACC_005982,CUST_04796,SAVINGS,1953-02-15,ACTIVE,N,,
ACC_005983,CUST_04797,SAVINGS,1993-02-08,ACTIVE,N,,
ACC_005984,CUST_04798,SAVINGS,1979-12-04,ACTIVE,N,,
ACC_005985,CUST_04799,SAVINGS,1973-05-22,DORMANT,Y,1999-06-21,
ACC_005986,CUST_04800,SAVINGS,1977-08-25,ACTIVE,N,,
ACC_005987,CUST_04801,SAVINGS,2023-09-23,ACTIVE,N,,
ACC_005988,CUST_04801,SAVINGS,1952-05-16,ACTIVE,N,,
ACC_005989,CUST_04801,SAVINGS,1971-10-31,INACTIVE,N,,1978-01-13
ACC_005990,CUST_04802,SAVINGS,1986-09-17,ACTIVE,N,,
ACC_005991,CUST_04803,CURRENT,2016-03-06,ACTIVE,N,,
ACC_005992,CUST_04804,SAVINGS,1966-12-15,ACTIVE,N,,
ACC_005993,CUST_04804,SAVINGS,1963-01-09,DORMANT,Y,1979-10-11,
ACC_005994,CUST_04805,SAVINGS,2005-04-24,ACTIVE,N,,
ACC_005995,CUST_04806,SAVINGS,1980-01-28,ACTIVE,N,,
ACC_005996,CUST_04806,SAVINGS,1982-12-10,ACTIVE,N,,
ACC_005997,CUST_04807,SAVINGS,2012-07-16,ACTIVE,N,,
ACC_005998,CUST_04807,CURRENT,1972-07-18,ACTIVE,N,,
ACC_005999,CUST_04808,SAVINGS,1973-08-14,ACTIVE,N,,
ACC_006000,CUST_04809,SAVINGS,1979-12-28,ACTIVE,N,,
ACC_006001,CUST_04810,CURRENT,1988-01-14,ACTIVE,N,,
ACC_006002,CUST_04811,SAVINGS,1964-08-13,ACTIVE,N,,
ACC_006003,CUST_04812,CURRENT,1950-06-07,ACTIVE,N,,
ACC_006004,CUST_04813,SAVINGS,1982-07-01,DORMANT,Y,2003-06-28,
ACC_006005,CUST_04814,SAVINGS,2009-03-25,ACTIVE,N,,
ACC_006006,CUST_04815,SAVINGS,2002-08-19,ACTIVE,N,,
ACC_006007,CUST_04816,CURRENT,2010-09-21,DORMANT,Y,2014-05-08,
ACC_006008,CUST_04817,CURRENT,1981-08-07,ACTIVE,N,,
ACC_006009,CUST_04818,SAVINGS,1963-08-30,ACTIVE,N,,
ACC_006010,CUST_04819,CURRENT,1961-02-28,ACTIVE,N,,
ACC_006011,CUST_04820,SAVINGS,2005-08-08,ACTIVE,N,,
ACC_006012,CUST_04820,SAVINGS,2010-06-12,ACTIVE,N,,
ACC_006013,CUST_04821,CURRENT,2010-03-25,DORMANT,Y,2012-10-14,
ACC_006014,CUST_04822,SAVINGS,2002-04-30,ACTIVE,N,,
ACC_006015,CUST_04822,SAVINGS,2001-09-27,ACTIVE,N,,
ACC_006016,CUST_04823,SAVINGS,1953-02-18,ACTIVE,N,,
ACC_006017,CUST_04824,SAVINGS,2023-09-01,ACTIVE,N,,
ACC_006018,CUST_04825,SAVINGS,1986-12-25,ACTIVE,N,,
ACC_006019,CUST_04826,SAVINGS,1977-12-02,ACTIVE,N,,
ACC_006020,CUST_04827,SAVINGS,2016-11-23,DORMANT,Y,2020-08-10,
ACC_006021,CUST_04828,CURRENT,2021-04-22,ACTIVE,N,,
ACC_006022,CUST_04829,CURRENT,1996-08-02,ACTIVE,N,,
ACC_006023,CUST_04829,SAVINGS,1993-11-01,ACTIVE,N,,
ACC_006024,CUST_04829,SAVINGS,1952-10-26,ACTIVE,N,,
ACC_006025,CUST_04830,SAVINGS,2017-12-02,ACTIVE,N,,
ACC_006026,CUST_04831,SAVINGS,2019-01-29,ACTIVE,N,,
ACC_006027,CUST_04831,SAVINGS,2002-10-17,ACTIVE,N,,
ACC_006028,CUST_04832,SAVINGS,2010-03-08,ACTIVE,N,,
ACC_006029,CUST_04832,SAVINGS,1977-12-18,ACTIVE,N,,
ACC_006030,CUST_04833,SAVINGS,2000-10-04,ACTIVE,N,,
ACC_006031,CUST_04834,SAVINGS,1969-09-01,ACTIVE,N,,
ACC_006032,CUST_04835,SAVINGS,1960-07-12,ACTIVE,N,,
ACC_006033,CUST_04836,CURRENT,2001-05-26,ACTIVE,N,,
ACC_006034,CUST_04837,SAVINGS,1972-12-01,DORMANT,Y,2000-05-29,
ACC_006035,CUST_04838,SAVINGS,1978-03-11,ACTIVE,N,,
ACC_006036,CUST_04838,SAVINGS,1979-08-30,ACTIVE,N,,
ACC_006037,CUST_04839,CURRENT,1992-10-06,ACTIVE,N,,
ACC_006038,CUST_04840,SAVINGS,1998-01-29,INACTIVE,N,,2011-11-11
ACC_006039,CUST_04841,SAVINGS,1987-04-24,ACTIVE,N,,
ACC_006040,CUST_04841,SAVINGS,1983-11-10,ACTIVE,N,,
ACC_006041,CUST_04842,SAVINGS,1989-07-24,ACTIVE,N,,
ACC_006042,CUST_04842,CURRENT,1981-06-04,ACTIVE,N,,
ACC_006043,CUST_04842,SAVINGS,2001-08-23,DORMANT,Y,2022-01-26,
ACC_006044,CUST_04843,SAVINGS,2013-12-05,ACTIVE,N,,
ACC_006045,CUST_04844,SAVINGS,1953-04-21,ACTIVE,N,,
ACC_006046,CUST_04845,SAVINGS,1983-03-21,ACTIVE,N,,
ACC_006047,CUST_04846,SAVINGS,1958-10-22,ACTIVE,N,,
ACC_006048,CUST_04846,SAVINGS,2011-07-21,ACTIVE,N,,
ACC_006049,CUST_04847,CURRENT,1952-12-23,ACTIVE,N,,
ACC_006050,CUST_04848,SAVINGS,2002-12-04,DORMANT,Y,2022-05-17,
ACC_006051,CUST_04849,SAVINGS,1996-12-24,ACTIVE,N,,
ACC_006052,CUST_04850,SAVINGS,1998-12-06,ACTIVE,N,,
ACC_006053,CUST_04850,SAVINGS,2001-11-07,ACTIVE,N,,
ACC_006054,CUST_04851,SAVINGS,1952-10-15,ACTIVE,N,,
ACC_006055,CUST_04851,SAVINGS,2016-10-26,ACTIVE,N,,
ACC_006056,CUST_04852,SAVINGS,2009-05-19,ACTIVE,N,,
ACC_006057,CUST_04853,SAVINGS,2010-08-11,DORMANT,Y,2017-10-28,
ACC_006058,CUST_04854,SAVINGS,1962-03-06,ACTIVE,N,,
ACC_006059,CUST_04855,SAVINGS,2009-07-11,ACTIVE,N,,
ACC_006060,CUST_04855,SAVINGS,1984-09-11,ACTIVE,N,,
ACC_006061,CUST_04856,SAVINGS,1997-05-24,ACTIVE,N,,
ACC_006062,CUST_04857,SAVINGS,1981-02-08,INACTIVE,N,,1999-06-03
ACC_006063,CUST_04858,CURRENT,1999-11-23,DORMANT,Y,2008-09-25,
ACC_006064,CUST_04858,CURRENT,2015-02-16,ACTIVE,N,,
ACC_006065,CUST_04859,CURRENT,1971-07-09,DORMANT,Y,1982-12-27,
ACC_006066,CUST_04860,CURRENT,1979-10-29,INACTIVE,N,,2019-09-01
ACC_006067,CUST_04861,SAVINGS,2020-05-21,ACTIVE,N,,
ACC_006068,CUST_04862,SAVINGS,2022-04-05,ACTIVE,N,,
ACC_006069,CUST_04863,SAVINGS,1976-08-20,ACTIVE,N,,
ACC_006070,CUST_04864,SAVINGS,1954-12-10,ACTIVE,N,,
ACC_006071,CUST_04865,SAVINGS,2001-11-30,ACTIVE,N,,
ACC_006072,CUST_04866,SAVINGS,1999-08-14,ACTIVE,N,,
ACC_006073,CUST_04867,SAVINGS,1956-07-13,ACTIVE,N,,
ACC_006074,CUST_04868,CURRENT,1981-02-09,ACTIVE,N,,
ACC_006075,CUST_04869,SAVINGS,1962-03-31,ACTIVE,N,,
ACC_006076,CUST_04870,SAVINGS,1971-08-10,ACTIVE,N,,
ACC_006077,CUST_04871,SAVINGS,1962-07-29,ACTIVE,N,,
ACC_006078,CUST_04872,SAVINGS,1956-10-24,ACTIVE,N,,
ACC_006079,CUST_04872,SAVINGS,1984-01-30,DORMANT,Y,1989-06-21,
ACC_006080,CUST_04873,SAVINGS,2021-06-27,DORMANT,Y,2022-07-28,
ACC_006081,CUST_04874,SAVINGS,2011-09-01,ACTIVE,N,,
ACC_006082,CUST_04875,SAVINGS,1970-04-14,ACTIVE,N,,
ACC_006083,CUST_04875,SAVINGS,1989-11-24,ACTIVE,N,,
ACC_006084,CUST_04876,SAVINGS,1969-04-11,ACTIVE,N,,
ACC_006085,CUST_04877,SAVINGS,2009-04-29,ACTIVE,N,,
ACC_006086,CUST_04878,SAVINGS,1987-11-27,ACTIVE,N,,
ACC_006087,CUST_04879,SAVINGS,1975-04-27,ACTIVE,N,,
ACC_006088,CUST_04880,SAVINGS,1981-03-07,ACTIVE,N,,
ACC_006089,CUST_04880,SAVINGS,2005-09-23,DORMANT,Y,2016-04-30,
ACC_006090,CUST_04881,SAVINGS,1972-09-05,ACTIVE,N,,
ACC_006091,CUST_04881,SAVINGS,2020-11-03,ACTIVE,N,,
ACC_006092,CUST_04881,SAVINGS,1959-02-02,ACTIVE,N,,
ACC_006093,CUST_04882,SAVINGS,1981-07-20,INACTIVE,N,,1987-10-30
ACC_006094,CUST_04883,SAVINGS,1957-02-05,ACTIVE,N,,
ACC_006095,CUST_04884,SAVINGS,1973-12-12,ACTIVE,N,,
ACC_006096,CUST_04885,SAVINGS,1989-03-25,ACTIVE,N,,
ACC_006097,CUST_04886,CURRENT,2024-07-29,ACTIVE,N,,
ACC_006098,CUST_04886,CURRENT,2014-01-01,ACTIVE,N,,
ACC_006099,CUST_04887,SAVINGS,2007-08-10,ACTIVE,N,,
ACC_006100,CUST_04888,SAVINGS,1972-11-08,ACTIVE,N,,
ACC_006101,CUST_04888,CURRENT,1982-02-25,ACTIVE,N,,
ACC_006102,CUST_04889,SAVINGS,1952-05-04,INACTIVE,N,,1978-12-06
ACC_006103,CUST_04889,SAVINGS,1960-06-27,ACTIVE,N,,
ACC_006104,CUST_04890,SAVINGS,1959-03-04,ACTIVE,N,,
ACC_006105,CUST_04890,SAVINGS,1963-10-26,ACTIVE,N,,
ACC_006106,CUST_04891,SAVINGS,1986-08-14,DORMANT,Y,1998-10-12,
ACC_006107,CUST_04892,SAVINGS,2022-09-02,ACTIVE,N,,
ACC_006108,CUST_04892,SAVINGS,1966-11-23,ACTIVE,N,,
ACC_006109,CUST_04893,SAVINGS,2012-12-13,INACTIVE,N,,2022-05-13
ACC_006110,CUST_04894,SAVINGS,2000-03-18,ACTIVE,N,,
ACC_006111,CUST_04895,SAVINGS,1974-05-09,ACTIVE,N,,
ACC_006112,CUST_04896,SAVINGS,1970-10-14,ACTIVE,N,,
ACC_006113,CUST_04896,SAVINGS,2022-08-19,ACTIVE,N,,
ACC_006114,CUST_04897,SAVINGS,1975-06-05,ACTIVE,N,,
ACC_006115,CUST_04898,SAVINGS,1983-06-08,ACTIVE,N,,
ACC_006116,CUST_04899,SAVINGS,1951-03-11,ACTIVE,N,,
ACC_006117,CUST_04900,CURRENT,1994-04-19,ACTIVE,N,,
ACC_006118,CUST_04901,SAVINGS,1973-05-19,ACTIVE,N,,
ACC_006119,CUST_04902,CURRENT,1987-01-24,ACTIVE,N,,
ACC_006120,CUST_04903,SAVINGS,2019-11-08,ACTIVE,N,,
ACC_006121,CUST_04904,SAVINGS,1952-10-26,ACTIVE,N,,
ACC_006122,CUST_04905,CURRENT,2018-03-05,ACTIVE,N,,
ACC_006123,CUST_04906,SAVINGS,2018-08-31,ACTIVE,N,,
ACC_006124,CUST_04907,SAVINGS,1957-09-27,INACTIVE,N,,1984-07-15
ACC_006125,CUST_04908,SAVINGS,1968-05-14,ACTIVE,N,,
ACC_006126,CUST_04909,SAVINGS,1972-09-23,ACTIVE,N,,
ACC_006127,CUST_04909,SAVINGS,1956-07-31,ACTIVE,N,,
ACC_006128,CUST_04909,SAVINGS,2013-11-03,ACTIVE,N,,
ACC_006129,CUST_04910,SAVINGS,1971-03-22,ACTIVE,N,,
ACC_006130,CUST_04911,CURRENT,1968-01-03,ACTIVE,N,,
ACC_006131,CUST_04911,CURRENT,1982-12-05,ACTIVE,N,,
ACC_006132,CUST_04912,CURRENT,1999-12-23,ACTIVE,N,,
ACC_006133,CUST_04912,SAVINGS,1988-01-04,DORMANT,Y,2019-06-23,
ACC_006134,CUST_04913,SAVINGS,1983-06-15,ACTIVE,N,,
ACC_006135,CUST_04914,SAVINGS,2011-12-02,ACTIVE,N,,
ACC_006136,CUST_04915,SAVINGS,1973-11-02,ACTIVE,N,,
ACC_006137,CUST_04916,CURRENT,1964-12-14,INACTIVE,N,,2013-07-02
ACC_006138,CUST_04917,SAVINGS,1983-10-13,ACTIVE,N,,
ACC_006139,CUST_04918,CURRENT,1972-01-23,DORMANT,Y,2015-08-15,
ACC_006140,CUST_04919,SAVINGS,1955-10-03,ACTIVE,N,,
ACC_006141,CUST_04920,SAVINGS,1959-02-17,ACTIVE,N,,
ACC_006142,CUST_04921,SAVINGS,2001-05-14,ACTIVE,N,,
ACC_006143,CUST_04921,SAVINGS,1968-06-30,ACTIVE,N,,
ACC_006144,CUST_04922,SAVINGS,1950-01-29,ACTIVE,N,,
ACC_006145,CUST_04923,SAVINGS,1989-02-01,ACTIVE,N,,
ACC_006146,CUST_04924,CURRENT,2012-09-17,ACTIVE,N,,
ACC_006147,CUST_04925,SAVINGS,2021-12-25,DORMANT,Y,2024-01-25,
ACC_006148,CUST_04926,SAVINGS,2003-10-06,ACTIVE,N,,
ACC_006149,CUST_04927,SAVINGS,2024-11-24,ACTIVE,N,,
ACC_006150,CUST_04928,SAVINGS,2023-09-11,ACTIVE,N,,
ACC_006151,CUST_04929,SAVINGS,2004-12-20,DORMANT,Y,2022-11-01,
ACC_006152,CUST_04930,CURRENT,2013-07-04,ACTIVE,N,,
ACC_006153,CUST_04930,CURRENT,2020-09-22,ACTIVE,N,,
ACC_006154,CUST_04931,SAVINGS,1998-03-04,ACTIVE,N,,
ACC_006155,CUST_04932,SAVINGS,2005-02-23,ACTIVE,N,,
ACC_006156,CUST_04932,SAVINGS,1984-03-21,DORMANT,Y,2019-11-03,
ACC_006157,CUST_04933,SAVINGS,2005-06-26,ACTIVE,N,,
ACC_006158,CUST_04933,SAVINGS,1972-09-18,ACTIVE,N,,
ACC_006159,CUST_04934,SAVINGS,2018-06-24,ACTIVE,N,,
ACC_006160,CUST_04934,SAVINGS,2018-01-05,ACTIVE,N,,
ACC_006161,CUST_04934,SAVINGS,1967-03-08,ACTIVE,N,,
ACC_006162,CUST_04935,CURRENT,1954-12-16,ACTIVE,N,,
ACC_006163,CUST_04935,SAVINGS,1978-02-27,ACTIVE,N,,
ACC_006164,CUST_04936,CURRENT,1959-12-29,ACTIVE,N,,
ACC_006165,CUST_04937,CURRENT,2000-01-07,ACTIVE,N,,
ACC_006166,CUST_04938,CURRENT,1990-08-14,ACTIVE,N,,
ACC_006167,CUST_04939,SAVINGS,1965-09-22,ACTIVE,N,,
ACC_006168,CUST_04940,SAVINGS,2006-02-17,ACTIVE,N,,
ACC_006169,CUST_04941,SAVINGS,2002-01-25,ACTIVE,N,,
ACC_006170,CUST_04941,CURRENT,2001-03-02,ACTIVE,N,,
ACC_006171,CUST_04941,SAVINGS,1990-10-07,ACTIVE,N,,
ACC_006172,CUST_04942,SAVINGS,2000-11-06,DORMANT,Y,2001-08-29,
ACC_006173,CUST_04943,SAVINGS,1992-10-23,ACTIVE,N,,
ACC_006174,CUST_04944,CURRENT,2016-04-23,DORMANT,Y,2019-09-09,
ACC_006175,CUST_04945,SAVINGS,1952-03-08,ACTIVE,N,,
ACC_006176,CUST_04946,CURRENT,1979-05-05,ACTIVE,N,,
ACC_006177,CUST_04947,CURRENT,2009-04-11,ACTIVE,N,,
ACC_006178,CUST_04948,SAVINGS,1970-01-11,ACTIVE,N,,
ACC_006179,CUST_04949,SAVINGS,2011-03-28,DORMANT,Y,2021-04-12,
ACC_006180,CUST_04950,SAVINGS,1969-01-12,ACTIVE,N,,
ACC_006181,CUST_04951,SAVINGS,1991-02-06,ACTIVE,N,,
ACC_006182,CUST_04952,SAVINGS,2003-12-12,INACTIVE,N,,2012-04-06
ACC_006183,CUST_04953,SAVINGS,1969-05-15,ACTIVE,N,,
ACC_006184,CUST_04953,SAVINGS,1952-03-25,INACTIVE,N,,1983-02-18
ACC_006185,CUST_04954,SAVINGS,2009-10-02,ACTIVE,N,,
ACC_006186,CUST_04955,SAVINGS,1984-06-03,ACTIVE,N,,
ACC_006187,CUST_04956,SAVINGS,2016-04-01,ACTIVE,N,,
ACC_006188,CUST_04957,SAVINGS,2004-05-03,ACTIVE,N,,
ACC_006189,CUST_04958,SAVINGS,2013-06-21,ACTIVE,N,,
ACC_006190,CUST_04959,SAVINGS,2013-04-25,ACTIVE,N,,
ACC_006191,CUST_04959,SAVINGS,2000-07-27,ACTIVE,N,,
ACC_006192,CUST_04960,SAVINGS,1977-11-10,ACTIVE,N,,
ACC_006193,CUST_04961,SAVINGS,2013-01-20,ACTIVE,N,,
ACC_006194,CUST_04962,CURRENT,1967-10-01,ACTIVE,N,,
ACC_006195,CUST_04963,CURRENT,2006-08-04,ACTIVE,N,,
ACC_006196,CUST_04964,SAVINGS,1956-12-27,ACTIVE,N,,
ACC_006197,CUST_04964,SAVINGS,1983-05-25,ACTIVE,N,,
ACC_006198,CUST_04965,SAVINGS,1969-10-22,ACTIVE,N,,
ACC_006199,CUST_04966,SAVINGS,1963-10-14,ACTIVE,N,,
ACC_006200,CUST_04967,SAVINGS,1990-03-17,ACTIVE,N,,
ACC_006201,CUST_04968,SAVINGS,2000-11-27,INACTIVE,N,,2002-09-18
ACC_006202,CUST_04969,SAVINGS,1997-09-17,ACTIVE,N,,
ACC_006203,CUST_04970,SAVINGS,2013-04-19,ACTIVE,N,,
ACC_006204,CUST_04970,SAVINGS,2002-08-11,ACTIVE,N,,
ACC_006205,CUST_04971,SAVINGS,2008-12-25,ACTIVE,N,,
ACC_006206,CUST_04972,CURRENT,1960-08-19,INACTIVE,N,,2001-05-05
ACC_006207,CUST_04972,CURRENT,1990-01-03,ACTIVE,N,,
ACC_006208,CUST_04973,SAVINGS,1998-04-14,ACTIVE,N,,
ACC_006209,CUST_04974,SAVINGS,2019-10-05,ACTIVE,N,,
ACC_006210,CUST_04975,SAVINGS,2014-12-08,ACTIVE,N,,
ACC_006211,CUST_04976,CURRENT,1955-07-08,ACTIVE,N,,
ACC_006212,CUST_04977,SAVINGS,2015-04-04,ACTIVE,N,,
ACC_006213,CUST_04978,SAVINGS,1959-03-23,ACTIVE,N,,
ACC_006214,CUST_04979,SAVINGS,1997-12-21,ACTIVE,N,,
ACC_006215,CUST_04980,SAVINGS,1995-02-10,DORMANT,Y,2001-09-10,
ACC_006216,CUST_04981,SAVINGS,1992-03-28,ACTIVE,N,,
ACC_006217,CUST_04982,SAVINGS,2018-12-19,ACTIVE,N,,
ACC_006218,CUST_04983,SAVINGS,1972-08-02,ACTIVE,N,,
ACC_006219,CUST_04984,SAVINGS,1951-07-04,ACTIVE,N,,
ACC_006220,CUST_04984,SAVINGS,1963-10-15,ACTIVE,N,,
ACC_006221,CUST_04984,SAVINGS,1969-11-11,ACTIVE,N,,
ACC_006222,CUST_04985,CURRENT,1986-09-11,ACTIVE,N,,
ACC_006223,CUST_04986,SAVINGS,1958-02-24,ACTIVE,N,,
ACC_006224,CUST_04987,SAVINGS,1953-05-12,ACTIVE,N,,
ACC_006225,CUST_04988,SAVINGS,2019-05-06,ACTIVE,N,,
ACC_006226,CUST_04989,SAVINGS,1979-10-07,ACTIVE,N,,
ACC_006227,CUST_04989,SAVINGS,2020-12-02,ACTIVE,N,,
ACC_006228,CUST_04990,SAVINGS,2000-07-12,ACTIVE,N,,
ACC_006229,CUST_04991,SAVINGS,1953-04-14,ACTIVE,N,,
ACC_006230,CUST_04991,SAVINGS,2011-01-09,ACTIVE,N,,
ACC_006231,CUST_04992,CURRENT,2004-11-26,ACTIVE,N,,
ACC_006232,CUST_04993,CURRENT,1995-06-19,ACTIVE,N,,
ACC_006233,CUST_04994,SAVINGS,2012-08-24,DORMANT,Y,2018-07-19,
ACC_006234,CUST_04995,CURRENT,1994-06-11,ACTIVE,N,,
ACC_006235,CUST_04996,CURRENT,1988-10-11,ACTIVE,N,,
ACC_006236,CUST_04997,SAVINGS,2000-01-30,ACTIVE,N,,
ACC_006237,CUST_04998,SAVINGS,1956-12-06,DORMANT,Y,1973-09-17,
ACC_006238,CUST_04999,SAVINGS,2009-08-31,ACTIVE,N,,
ACC_006239,CUST_04999,SAVINGS,2016-05-08,ACTIVE,N,,
ACC_006240,CUST_05000,SAVINGS,2008-12-26,ACTIVE,N,,
ACC_006241,CUST_05001,SAVINGS,2019-12-14,ACTIVE,N,,
ACC_006242,CUST_05002,SAVINGS,1954-12-03,ACTIVE,N,,
ACC_006243,CUST_05003,CURRENT,2024-07-31,ACTIVE,N,,
ACC_006244,CUST_05004,SAVINGS,2018-11-10,DORMANT,Y,2019-06-07,
ACC_006245,CUST_05005,CURRENT,1970-11-14,DORMANT,Y,1996-08-02,
ACC_006246,CUST_05006,CURRENT,1994-12-07,ACTIVE,N,,
ACC_006247,CUST_05006,SAVINGS,2009-11-12,ACTIVE,N,,
ACC_006248,CUST_05006,SAVINGS,1986-05-09,DORMANT,Y,1996-02-23,
ACC_006249,CUST_05007,SAVINGS,1969-05-10,ACTIVE,N,,
ACC_006250,CUST_05008,SAVINGS,1976-09-20,ACTIVE,N,,
ACC_006251,CUST_05009,SAVINGS,1962-09-07,DORMANT,Y,2004-08-29,
ACC_006252,CUST_05010,CURRENT,2002-04-01,ACTIVE,N,,
ACC_006253,CUST_05010,SAVINGS,1987-07-14,DORMANT,Y,2014-05-15,
ACC_006254,CUST_05011,SAVINGS,1979-12-23,ACTIVE,N,,
ACC_006255,CUST_05011,SAVINGS,1955-09-14,ACTIVE,N,,
ACC_006256,CUST_05012,SAVINGS,1955-12-28,ACTIVE,N,,
ACC_006257,CUST_05012,SAVINGS,1991-03-24,ACTIVE,N,,
ACC_006258,CUST_05013,SAVINGS,1951-08-26,ACTIVE,N,,
ACC_006259,CUST_05014,SAVINGS,1968-02-04,DORMANT,Y,1981-04-30,
ACC_006260,CUST_05015,SAVINGS,2006-12-10,ACTIVE,N,,
ACC_006261,CUST_05016,SAVINGS,1976-05-11,DORMANT,Y,2004-10-10,
ACC_006262,CUST_05017,SAVINGS,1970-08-22,ACTIVE,N,,
ACC_006263,CUST_05017,SAVINGS,2008-02-07,DORMANT,Y,2017-05-29,
ACC_006264,CUST_05018,SAVINGS,1984-09-22,ACTIVE,N,,
ACC_006265,CUST_05019,SAVINGS,1978-08-31,ACTIVE,N,,
ACC_006266,CUST_05020,CURRENT,1950-01-29,ACTIVE,N,,
ACC_006267,CUST_05021,SAVINGS,1959-01-06,ACTIVE,N,,
ACC_006268,CUST_05022,SAVINGS,1972-03-28,ACTIVE,N,,
ACC_006269,CUST_05023,SAVINGS,1955-02-06,ACTIVE,N,,
ACC_006270,CUST_05024,SAVINGS,1986-02-19,ACTIVE,N,,
ACC_006271,CUST_05025,CURRENT,2015-09-10,ACTIVE,N,,
ACC_006272,CUST_05026,SAVINGS,1958-12-30,ACTIVE,N,,
ACC_006273,CUST_05026,CURRENT,1979-10-27,ACTIVE,N,,
ACC_006274,CUST_05027,CURRENT,2013-09-26,ACTIVE,N,,
ACC_006275,CUST_05028,SAVINGS,1972-07-16,ACTIVE,N,,
ACC_006276,CUST_05029,SAVINGS,2017-03-01,ACTIVE,N,,
ACC_006277,CUST_05030,SAVINGS,1965-07-19,ACTIVE,N,,
ACC_006278,CUST_05030,SAVINGS,1960-11-19,ACTIVE,N,,
ACC_006279,CUST_05030,SAVINGS,2012-07-21,ACTIVE,N,,
ACC_006280,CUST_05031,SAVINGS,1996-08-24,ACTIVE,N,,
ACC_006281,CUST_05032,SAVINGS,2000-08-24,ACTIVE,N,,
ACC_006282,CUST_05033,SAVINGS,2013-10-27,ACTIVE,N,,
ACC_006283,CUST_05034,SAVINGS,1985-02-15,ACTIVE,N,,
ACC_006284,CUST_05035,SAVINGS,2024-07-28,ACTIVE,N,,
ACC_006285,CUST_05036,CURRENT,1994-12-30,ACTIVE,N,,
ACC_006286,CUST_05037,SAVINGS,1994-06-11,ACTIVE,N,,
ACC_006287,CUST_05038,SAVINGS,2021-09-07,ACTIVE,N,,
ACC_006288,CUST_05039,SAVINGS,1971-03-06,ACTIVE,N,,
ACC_006289,CUST_05040,CURRENT,2020-10-11,INACTIVE,N,,2023-09-06
ACC_006290,CUST_05041,SAVINGS,1987-12-20,ACTIVE,N,,
ACC_006291,CUST_05041,SAVINGS,1983-05-21,INACTIVE,N,,1998-10-11
ACC_006292,CUST_05042,SAVINGS,1953-01-09,ACTIVE,N,,
ACC_006293,CUST_05043,SAVINGS,2009-01-18,ACTIVE,N,,
ACC_006294,CUST_05044,SAVINGS,2015-10-16,ACTIVE,N,,
ACC_006295,CUST_05045,SAVINGS,1987-01-17,ACTIVE,N,,
ACC_006296,CUST_05046,SAVINGS,1994-08-30,ACTIVE,N,,
ACC_006297,CUST_05047,SAVINGS,2019-04-03,ACTIVE,N,,
ACC_006298,CUST_05048,SAVINGS,1990-11-28,ACTIVE,N,,
ACC_006299,CUST_05049,SAVINGS,2017-11-24,ACTIVE,N,,
ACC_006300,CUST_05050,SAVINGS,2005-01-30,ACTIVE,N,,
ACC_006301,CUST_05051,SAVINGS,1956-12-24,DORMANT,Y,2021-10-08,
ACC_006302,CUST_05051,SAVINGS,1990-11-17,ACTIVE,N,,
ACC_006303,CUST_05052,SAVINGS,1985-01-24,ACTIVE,N,,
ACC_006304,CUST_05053,SAVINGS,1964-06-29,ACTIVE,N,,
ACC_006305,CUST_05054,CURRENT,1970-02-20,ACTIVE,N,,
ACC_006306,CUST_05055,SAVINGS,1980-06-08,ACTIVE,N,,
ACC_006307,CUST_05056,SAVINGS,1979-10-20,DORMANT,Y,1996-09-22,
ACC_006308,CUST_05057,CURRENT,2013-03-13,INACTIVE,N,,2015-10-21
ACC_006309,CUST_05057,CURRENT,1963-06-03,ACTIVE,N,,
ACC_006310,CUST_05058,SAVINGS,2023-10-18,ACTIVE,N,,
ACC_006311,CUST_05059,SAVINGS,2018-11-05,ACTIVE,N,,
ACC_006312,CUST_05060,SAVINGS,1999-05-28,ACTIVE,N,,
ACC_006313,CUST_05060,SAVINGS,2006-02-28,ACTIVE,N,,
ACC_006314,CUST_05061,CURRENT,2004-06-02,DORMANT,Y,2018-09-07,
ACC_006315,CUST_05062,CURRENT,1995-01-29,ACTIVE,N,,
ACC_006316,CUST_05063,SAVINGS,1990-09-15,ACTIVE,N,,
ACC_006317,CUST_05064,SAVINGS,1961-01-15,DORMANT,Y,1977-07-17,
ACC_006318,CUST_05065,SAVINGS,1972-02-10,ACTIVE,N,,
ACC_006319,CUST_05066,SAVINGS,2015-06-28,ACTIVE,N,,
ACC_006320,CUST_05066,SAVINGS,1959-01-10,DORMANT,Y,2011-10-05,
ACC_006321,CUST_05067,SAVINGS,1992-09-23,ACTIVE,N,,
ACC_006322,CUST_05068,SAVINGS,1957-09-29,DORMANT,Y,1987-05-22,
ACC_006323,CUST_05069,CURRENT,2005-03-31,DORMANT,Y,2019-12-13,
ACC_006324,CUST_05070,SAVINGS,1970-12-19,ACTIVE,N,,
ACC_006325,CUST_05071,SAVINGS,2006-05-18,ACTIVE,N,,
ACC_006326,CUST_05072,SAVINGS,2014-05-26,ACTIVE,N,,
ACC_006327,CUST_05072,SAVINGS,1954-03-01,INACTIVE,N,,1999-08-04
ACC_006328,CUST_05073,SAVINGS,2000-05-29,ACTIVE,N,,
ACC_006329,CUST_05074,SAVINGS,1966-02-03,ACTIVE,N,,
ACC_006330,CUST_05075,SAVINGS,1991-12-03,ACTIVE,N,,
ACC_006331,CUST_05075,CURRENT,1982-01-28,ACTIVE,N,,
ACC_006332,CUST_05076,CURRENT,2016-03-20,INACTIVE,N,,2024-08-01
ACC_006333,CUST_05076,SAVINGS,2003-12-11,ACTIVE,N,,
ACC_006334,CUST_05076,SAVINGS,1979-02-17,INACTIVE,N,,2006-09-17
ACC_006335,CUST_05077,SAVINGS,2008-07-15,ACTIVE,N,,
ACC_006336,CUST_05078,SAVINGS,1981-12-31,ACTIVE,N,,
ACC_006337,CUST_05079,SAVINGS,1988-12-27,ACTIVE,N,,
ACC_006338,CUST_05080,SAVINGS,1983-02-08,DORMANT,Y,2024-08-26,
ACC_006339,CUST_05081,SAVINGS,1972-06-10,ACTIVE,N,,
ACC_006340,CUST_05081,SAVINGS,1995-09-30,ACTIVE,N,,
ACC_006341,CUST_05082,SAVINGS,1971-09-01,ACTIVE,N,,
ACC_006342,CUST_05083,SAVINGS,1994-07-11,ACTIVE,N,,
ACC_006343,CUST_05083,SAVINGS,2001-04-16,ACTIVE,N,,
ACC_006344,CUST_05084,SAVINGS,1961-04-12,ACTIVE,N,,
ACC_006345,CUST_05085,SAVINGS,1963-09-13,ACTIVE,N,,
ACC_006346,CUST_05086,SAVINGS,1961-03-04,ACTIVE,N,,
ACC_006347,CUST_05087,SAVINGS,1961-03-15,ACTIVE,N,,
ACC_006348,CUST_05088,SAVINGS,1951-02-27,ACTIVE,N,,
ACC_006349,CUST_05088,SAVINGS,1970-06-03,ACTIVE,N,,
ACC_006350,CUST_05089,SAVINGS,2023-07-18,ACTIVE,N,,
ACC_006351,CUST_05089,SAVINGS,2008-04-28,ACTIVE,N,,
ACC_006352,CUST_05090,SAVINGS,2017-01-18,DORMANT,Y,2024-09-03,
ACC_006353,CUST_05091,SAVINGS,1962-07-26,ACTIVE,N,,
ACC_006354,CUST_05091,SAVINGS,1970-09-03,ACTIVE,N,,
ACC_006355,CUST_05092,SAVINGS,1956-12-28,ACTIVE,N,,
ACC_006356,CUST_05093,SAVINGS,1950-04-14,ACTIVE,N,,
ACC_006357,CUST_05093,SAVINGS,2014-02-17,ACTIVE,N,,
ACC_006358,CUST_05094,SAVINGS,1974-03-03,ACTIVE,N,,
ACC_006359,CUST_05095,SAVINGS,1954-06-13,ACTIVE,N,,
ACC_006360,CUST_05096,SAVINGS,1968-03-02,ACTIVE,N,,
ACC_006361,CUST_05097,SAVINGS,1989-08-30,ACTIVE,N,,
ACC_006362,CUST_05098,SAVINGS,1999-12-02,ACTIVE,N,,
ACC_006363,CUST_05099,SAVINGS,1998-08-16,ACTIVE,N,,
ACC_006364,CUST_05099,SAVINGS,1961-11-29,ACTIVE,N,,
ACC_006365,CUST_05100,SAVINGS,1955-07-03,ACTIVE,N,,
ACC_006366,CUST_05101,SAVINGS,1972-06-27,ACTIVE,N,,
ACC_006367,CUST_05101,SAVINGS,1992-02-28,ACTIVE,N,,
ACC_006368,CUST_05102,SAVINGS,1994-12-07,DORMANT,Y,1998-05-02,
ACC_006369,CUST_05103,SAVINGS,1955-04-20,ACTIVE,N,,
ACC_006370,CUST_05104,SAVINGS,1961-03-17,ACTIVE,N,,
ACC_006371,CUST_05105,SAVINGS,1955-05-19,DORMANT,Y,1955-05-29,
ACC_006372,CUST_05105,SAVINGS,1976-03-01,ACTIVE,N,,
ACC_006373,CUST_05106,SAVINGS,1973-02-16,ACTIVE,N,,
ACC_006374,CUST_05107,SAVINGS,2003-03-13,ACTIVE,N,,
ACC_006375,CUST_05108,CURRENT,2016-09-26,ACTIVE,N,,
ACC_006376,CUST_05108,SAVINGS,1964-08-20,ACTIVE,N,,
ACC_006377,CUST_05109,CURRENT,1986-05-21,ACTIVE,N,,
ACC_006378,CUST_05110,SAVINGS,1989-08-30,ACTIVE,N,,
ACC_006379,CUST_05110,SAVINGS,2021-08-07,ACTIVE,N,,
ACC_006380,CUST_05111,CURRENT,1959-10-04,ACTIVE,N,,
ACC_006381,CUST_05112,CURRENT,1988-09-17,ACTIVE,N,,
ACC_006382,CUST_05113,SAVINGS,1968-11-12,ACTIVE,N,,
ACC_006383,CUST_05113,CURRENT,1958-11-03,DORMANT,Y,1990-04-20,
ACC_006384,CUST_05114,SAVINGS,1985-05-20,DORMANT,Y,1996-02-04,
ACC_006385,CUST_05114,SAVINGS,2020-01-29,ACTIVE,N,,
ACC_006386,CUST_05115,CURRENT,1963-01-31,ACTIVE,N,,
ACC_006387,CUST_05116,SAVINGS,2017-07-24,ACTIVE,N,,
ACC_006388,CUST_05117,SAVINGS,1980-06-16,ACTIVE,N,,
ACC_006389,CUST_05118,SAVINGS,1988-08-11,ACTIVE,N,,
ACC_006390,CUST_05118,CURRENT,1954-05-12,ACTIVE,N,,
ACC_006391,CUST_05119,SAVINGS,2003-07-17,ACTIVE,N,,
ACC_006392,CUST_05120,CURRENT,1996-02-03,ACTIVE,N,,
ACC_006393,CUST_05121,SAVINGS,1972-02-28,ACTIVE,N,,
ACC_006394,CUST_05122,CURRENT,2014-05-01,ACTIVE,N,,
ACC_006395,CUST_05123,SAVINGS,2011-08-03,ACTIVE,N,,
ACC_006396,CUST_05124,SAVINGS,1998-10-29,DORMANT,Y,2016-02-21,
ACC_006397,CUST_05125,CURRENT,1991-09-14,ACTIVE,N,,
ACC_006398,CUST_05126,SAVINGS,1989-12-19,ACTIVE,N,,
ACC_006399,CUST_05127,SAVINGS,2004-08-03,DORMANT,Y,2018-10-23,
ACC_006400,CUST_05128,SAVINGS,1982-01-01,ACTIVE,N,,
ACC_006401,CUST_05128,SAVINGS,1992-02-06,ACTIVE,N,,
ACC_006402,CUST_05128,SAVINGS,1994-06-14,DORMANT,Y,2001-08-12,
ACC_006403,CUST_05129,SAVINGS,1982-10-04,ACTIVE,N,,
ACC_006404,CUST_05129,SAVINGS,2012-10-12,ACTIVE,N,,
ACC_006405,CUST_05130,CURRENT,1970-03-29,ACTIVE,N,,
ACC_006406,CUST_05131,SAVINGS,1971-02-15,ACTIVE,N,,
ACC_006407,CUST_05132,SAVINGS,1955-01-04,ACTIVE,N,,
ACC_006408,CUST_05133,SAVINGS,1960-10-24,ACTIVE,N,,
ACC_006409,CUST_05134,SAVINGS,1957-12-30,ACTIVE,N,,
ACC_006410,CUST_05135,SAVINGS,1966-01-08,INACTIVE,N,,1976-01-26
ACC_006411,CUST_05135,SAVINGS,1964-08-27,ACTIVE,N,,
ACC_006412,CUST_05136,SAVINGS,2011-02-05,ACTIVE,N,,
ACC_006413,CUST_05137,SAVINGS,1967-03-01,ACTIVE,N,,
ACC_006414,CUST_05138,SAVINGS,1970-04-29,ACTIVE,N,,
ACC_006415,CUST_05139,SAVINGS,1959-12-30,ACTIVE,N,,
ACC_006416,CUST_05140,CURRENT,1988-06-11,ACTIVE,N,,
ACC_006417,CUST_05140,CURRENT,1995-04-15,DORMANT,Y,2018-09-07,
ACC_006418,CUST_05141,CURRENT,1993-07-18,ACTIVE,N,,
ACC_006419,CUST_05142,SAVINGS,1982-07-25,ACTIVE,N,,
ACC_006420,CUST_05143,SAVINGS,2015-07-19,ACTIVE,N,,
ACC_006421,CUST_05143,SAVINGS,2009-04-01,INACTIVE,N,,2016-03-21
ACC_006422,CUST_05143,SAVINGS,1966-09-09,INACTIVE,N,,2010-07-14
ACC_006423,CUST_05144,SAVINGS,1991-03-06,ACTIVE,N,,
ACC_006424,CUST_05145,CURRENT,1978-07-20,ACTIVE,N,,
ACC_006425,CUST_05146,CURRENT,2014-05-29,ACTIVE,N,,
ACC_006426,CUST_05147,SAVINGS,1954-08-10,ACTIVE,N,,
ACC_006427,CUST_05148,CURRENT,1999-07-27,ACTIVE,N,,
ACC_006428,CUST_05149,SAVINGS,1971-04-22,ACTIVE,N,,
ACC_006429,CUST_05149,SAVINGS,2003-03-10,ACTIVE,N,,
ACC_006430,CUST_05150,SAVINGS,1976-01-23,ACTIVE,N,,
ACC_006431,CUST_05151,SAVINGS,1996-12-19,ACTIVE,N,,
ACC_006432,CUST_05152,SAVINGS,1958-12-28,INACTIVE,N,,1962-04-26
ACC_006433,CUST_05153,CURRENT,1954-04-09,ACTIVE,N,,
ACC_006434,CUST_05154,CURRENT,1984-04-28,ACTIVE,N,,
ACC_006435,CUST_05155,SAVINGS,2003-01-08,ACTIVE,N,,
ACC_006436,CUST_05156,SAVINGS,1975-05-24,DORMANT,Y,2009-04-03,
ACC_006437,CUST_05157,SAVINGS,2013-01-30,ACTIVE,N,,
ACC_006438,CUST_05158,SAVINGS,2004-02-06,ACTIVE,N,,
ACC_006439,CUST_05159,SAVINGS,1994-01-15,ACTIVE,N,,
ACC_006440,CUST_05160,SAVINGS,2011-03-12,DORMANT,Y,2013-06-14,
ACC_006441,CUST_05161,SAVINGS,1994-06-29,ACTIVE,N,,
ACC_006442,CUST_05162,SAVINGS,2007-06-26,DORMANT,Y,2018-03-12,
ACC_006443,CUST_05163,SAVINGS,1975-01-14,ACTIVE,N,,
ACC_006444,CUST_05164,CURRENT,1951-01-05,ACTIVE,N,,
ACC_006445,CUST_05165,SAVINGS,1972-05-06,ACTIVE,N,,
ACC_006446,CUST_05166,SAVINGS,1984-02-09,ACTIVE,N,,
ACC_006447,CUST_05167,SAVINGS,2006-08-04,ACTIVE,N,,
ACC_006448,CUST_05168,SAVINGS,1962-09-08,ACTIVE,N,,
ACC_006449,CUST_05168,SAVINGS,2016-04-07,ACTIVE,N,,
ACC_006450,CUST_05169,SAVINGS,1995-07-14,ACTIVE,N,,
ACC_006451,CUST_05170,CURRENT,1970-03-02,ACTIVE,N,,
ACC_006452,CUST_05171,SAVINGS,1955-09-21,ACTIVE,N,,
ACC_006453,CUST_05171,SAVINGS,1969-02-06,ACTIVE,N,,
ACC_006454,CUST_05172,SAVINGS,1982-09-01,ACTIVE,N,,
ACC_006455,CUST_05173,SAVINGS,2019-10-16,ACTIVE,N,,
ACC_006456,CUST_05174,SAVINGS,2017-06-02,ACTIVE,N,,
ACC_006457,CUST_05175,SAVINGS,1987-10-26,ACTIVE,N,,
ACC_006458,CUST_05175,CURRENT,1977-07-12,ACTIVE,N,,
ACC_006459,CUST_05176,CURRENT,1974-07-27,ACTIVE,N,,
ACC_006460,CUST_05177,CURRENT,2006-11-15,ACTIVE,N,,
ACC_006461,CUST_05178,SAVINGS,1955-03-27,ACTIVE,N,,
ACC_006462,CUST_05179,SAVINGS,1951-04-04,ACTIVE,N,,
ACC_006463,CUST_05180,CURRENT,1999-02-04,ACTIVE,N,,
ACC_006464,CUST_05181,SAVINGS,1996-09-04,ACTIVE,N,,
ACC_006465,CUST_05181,SAVINGS,2000-10-08,DORMANT,Y,2012-03-29,
ACC_006466,CUST_05181,SAVINGS,1950-05-17,ACTIVE,N,,
ACC_006467,CUST_05182,CURRENT,1964-03-27,ACTIVE,N,,
ACC_006468,CUST_05183,SAVINGS,2015-09-17,ACTIVE,N,,
ACC_006469,CUST_05184,CURRENT,2018-03-13,ACTIVE,N,,
ACC_006470,CUST_05185,SAVINGS,1977-06-15,ACTIVE,N,,
ACC_006471,CUST_05186,CURRENT,1978-09-22,ACTIVE,N,,
ACC_006472,CUST_05186,CURRENT,1970-02-12,ACTIVE,N,,
ACC_006473,CUST_05186,CURRENT,1995-04-04,ACTIVE,N,,
ACC_006474,CUST_05187,SAVINGS,2018-09-23,ACTIVE,N,,
ACC_006475,CUST_05188,SAVINGS,1987-03-21,ACTIVE,N,,
ACC_006476,CUST_05188,SAVINGS,2022-04-02,ACTIVE,N,,
ACC_006477,CUST_05188,SAVINGS,2003-03-05,ACTIVE,N,,
ACC_006478,CUST_05189,CURRENT,2021-12-17,ACTIVE,N,,
ACC_006479,CUST_05190,SAVINGS,1976-10-07,ACTIVE,N,,
ACC_006480,CUST_05190,SAVINGS,2009-03-12,DORMANT,Y,2022-04-15,
ACC_006481,CUST_05190,SAVINGS,1955-05-14,ACTIVE,N,,
ACC_006482,CUST_05191,CURRENT,2011-12-02,ACTIVE,N,,
ACC_006483,CUST_05192,SAVINGS,2024-06-18,DORMANT,Y,2024-10-08,
ACC_006484,CUST_05193,SAVINGS,2023-05-01,DORMANT,Y,2024-12-08,
ACC_006485,CUST_05194,CURRENT,2012-02-14,ACTIVE,N,,
ACC_006486,CUST_05195,SAVINGS,1956-01-22,ACTIVE,N,,
ACC_006487,CUST_05196,SAVINGS,1988-09-19,ACTIVE,N,,
ACC_006488,CUST_05197,SAVINGS,1995-04-08,ACTIVE,N,,
ACC_006489,CUST_05198,SAVINGS,1952-06-09,ACTIVE,N,,
ACC_006490,CUST_05198,CURRENT,2005-06-09,ACTIVE,N,,
ACC_006491,CUST_05198,SAVINGS,1958-07-19,INACTIVE,N,,1990-11-02
ACC_006492,CUST_05199,SAVINGS,2006-10-15,ACTIVE,N,,
ACC_006493,CUST_05199,SAVINGS,2013-02-01,ACTIVE,N,,
ACC_006494,CUST_05199,SAVINGS,1981-06-07,ACTIVE,N,,
ACC_006495,CUST_05200,SAVINGS,1992-11-23,ACTIVE,N,,
ACC_006496,CUST_05201,SAVINGS,1980-05-03,ACTIVE,N,,
ACC_006497,CUST_05202,SAVINGS,2011-02-23,ACTIVE,N,,
ACC_006498,CUST_05203,SAVINGS,1986-01-10,ACTIVE,N,,
ACC_006499,CUST_05203,CURRENT,1990-11-14,DORMANT,Y,1993-07-03,
ACC_006500,CUST_05203,SAVINGS,1981-03-26,ACTIVE,N,,
ACC_006501,CUST_05204,SAVINGS,1984-08-03,INACTIVE,N,,2011-06-16
ACC_006502,CUST_05204,SAVINGS,1986-02-12,ACTIVE,N,,
ACC_006503,CUST_05205,SAVINGS,1950-08-02,DORMANT,Y,2022-10-26,
ACC_006504,CUST_05206,SAVINGS,1981-03-13,DORMANT,Y,1983-12-15,
ACC_006505,CUST_05207,SAVINGS,1980-03-09,ACTIVE,N,,
ACC_006506,CUST_05208,SAVINGS,2011-02-22,ACTIVE,N,,
ACC_006507,CUST_05209,CURRENT,1982-07-11,ACTIVE,N,,
ACC_006508,CUST_05210,CURRENT,2004-01-11,ACTIVE,N,,
ACC_006509,CUST_05210,CURRENT,1950-04-22,ACTIVE,N,,
ACC_006510,CUST_05210,SAVINGS,2008-07-10,INACTIVE,N,,2009-05-02
ACC_006511,CUST_05211,CURRENT,1960-05-11,ACTIVE,N,,
ACC_006512,CUST_05211,CURRENT,1987-03-30,ACTIVE,N,,
ACC_006513,CUST_05212,SAVINGS,2022-11-06,ACTIVE,N,,
ACC_006514,CUST_05213,SAVINGS,2024-05-20,ACTIVE,N,,
ACC_006515,CUST_05214,SAVINGS,2006-09-21,ACTIVE,N,,
ACC_006516,CUST_05215,SAVINGS,1952-03-23,ACTIVE,N,,
ACC_006517,CUST_05215,SAVINGS,2018-04-16,ACTIVE,N,,
ACC_006518,CUST_05216,SAVINGS,1991-09-04,ACTIVE,N,,
ACC_006519,CUST_05216,SAVINGS,1956-12-19,ACTIVE,N,,
ACC_006520,CUST_05216,SAVINGS,2017-08-04,ACTIVE,N,,
ACC_006521,CUST_05217,SAVINGS,1979-01-17,ACTIVE,N,,
ACC_006522,CUST_05217,CURRENT,2022-09-09,ACTIVE,N,,
ACC_006523,CUST_05218,SAVINGS,1989-02-19,ACTIVE,N,,
ACC_006524,CUST_05219,SAVINGS,1965-10-09,DORMANT,Y,2023-12-20,
ACC_006525,CUST_05220,SAVINGS,1981-12-17,ACTIVE,N,,
ACC_006526,CUST_05221,CURRENT,2002-12-12,ACTIVE,N,,
ACC_006527,CUST_05222,CURRENT,1994-09-21,ACTIVE,N,,
ACC_006528,CUST_05223,CURRENT,1974-02-14,ACTIVE,N,,
ACC_006529,CUST_05224,SAVINGS,2024-03-08,ACTIVE,N,,
ACC_006530,CUST_05225,SAVINGS,1977-04-03,ACTIVE,N,,
ACC_006531,CUST_05226,SAVINGS,1951-12-08,ACTIVE,N,,
ACC_006532,CUST_05227,SAVINGS,2008-06-15,ACTIVE,N,,
ACC_006533,CUST_05228,CURRENT,1960-11-04,DORMANT,Y,1983-03-20,
ACC_006534,CUST_05229,SAVINGS,1983-06-05,ACTIVE,N,,
ACC_006535,CUST_05230,SAVINGS,2015-04-24,DORMANT,Y,2015-08-30,
ACC_006536,CUST_05231,SAVINGS,1963-07-16,ACTIVE,N,,
ACC_006537,CUST_05231,SAVINGS,1967-09-05,ACTIVE,N,,
ACC_006538,CUST_05232,CURRENT,1985-02-20,ACTIVE,N,,
ACC_006539,CUST_05233,SAVINGS,1973-01-02,ACTIVE,N,,
ACC_006540,CUST_05233,CURRENT,1989-10-14,ACTIVE,N,,
ACC_006541,CUST_05233,SAVINGS,1984-12-28,INACTIVE,N,,2013-04-09
ACC_006542,CUST_05234,SAVINGS,1972-01-12,ACTIVE,N,,
ACC_006543,CUST_05234,SAVINGS,2008-01-15,ACTIVE,N,,
ACC_006544,CUST_05234,SAVINGS,1977-10-11,INACTIVE,N,,1988-12-05
ACC_006545,CUST_05235,SAVINGS,1999-03-11,ACTIVE,N,,
ACC_006546,CUST_05235,SAVINGS,1963-04-14,ACTIVE,N,,
ACC_006547,CUST_05236,SAVINGS,1989-04-21,ACTIVE,N,,
ACC_006548,CUST_05236,SAVINGS,1992-02-14,ACTIVE,N,,
ACC_006549,CUST_05237,CURRENT,2023-10-23,ACTIVE,N,,
ACC_006550,CUST_05238,SAVINGS,2024-09-04,ACTIVE,N,,
ACC_006551,CUST_05238,SAVINGS,1959-05-03,ACTIVE,N,,
ACC_006552,CUST_05239,SAVINGS,1960-05-17,ACTIVE,N,,
ACC_006553,CUST_05239,CURRENT,1971-03-05,ACTIVE,N,,
ACC_006554,CUST_05240,SAVINGS,1966-07-12,ACTIVE,N,,
ACC_006555,CUST_05241,CURRENT,1950-06-15,ACTIVE,N,,
ACC_006556,CUST_05242,SAVINGS,1982-08-09,INACTIVE,N,,1987-02-03
ACC_006557,CUST_05242,SAVINGS,1986-10-03,ACTIVE,N,,
ACC_006558,CUST_05243,SAVINGS,1974-05-11,ACTIVE,N,,
ACC_006559,CUST_05244,CURRENT,1965-06-06,ACTIVE,N,,
ACC_006560,CUST_05245,SAVINGS,2011-06-03,ACTIVE,N,,
ACC_006561,CUST_05246,SAVINGS,1995-12-09,ACTIVE,N,,
ACC_006562,CUST_05247,SAVINGS,1966-07-12,ACTIVE,N,,
ACC_006563,CUST_05248,CURRENT,2018-02-11,ACTIVE,N,,
ACC_006564,CUST_05249,SAVINGS,2022-10-04,ACTIVE,N,,
ACC_006565,CUST_05250,SAVINGS,2013-04-30,ACTIVE,N,,
ACC_006566,CUST_05250,CURRENT,2019-07-08,ACTIVE,N,,
ACC_006567,CUST_05251,SAVINGS,1966-08-14,ACTIVE,N,,
ACC_006568,CUST_05252,SAVINGS,2015-07-01,ACTIVE,N,,
ACC_006569,CUST_05253,SAVINGS,1987-11-17,DORMANT,Y,1993-07-17,
ACC_006570,CUST_05254,SAVINGS,1998-06-27,ACTIVE,N,,
ACC_006571,CUST_05255,CURRENT,1962-07-11,INACTIVE,N,,1986-07-24
ACC_006572,CUST_05255,CURRENT,1974-01-03,ACTIVE,N,,
ACC_006573,CUST_05256,CURRENT,2002-10-16,ACTIVE,N,,
ACC_006574,CUST_05256,SAVINGS,1975-10-07,DORMANT,Y,2012-11-14,
ACC_006575,CUST_05257,SAVINGS,1984-01-24,ACTIVE,N,,
ACC_006576,CUST_05258,SAVINGS,1952-06-25,ACTIVE,N,,
ACC_006577,CUST_05259,CURRENT,1961-10-06,ACTIVE,N,,
ACC_006578,CUST_05260,CURRENT,1958-08-20,INACTIVE,N,,1969-09-04
ACC_006579,CUST_05260,CURRENT,1969-11-05,DORMANT,Y,1993-02-14,
ACC_006580,CUST_05261,SAVINGS,1971-10-28,ACTIVE,N,,
ACC_006581,CUST_05262,SAVINGS,2021-01-21,ACTIVE,N,,
ACC_006582,CUST_05263,SAVINGS,2022-10-15,ACTIVE,N,,
ACC_006583,CUST_05264,SAVINGS,1976-06-05,ACTIVE,N,,
ACC_006584,CUST_05265,SAVINGS,2015-02-24,ACTIVE,N,,
ACC_006585,CUST_05266,SAVINGS,1997-10-28,ACTIVE,N,,
ACC_006586,CUST_05267,SAVINGS,1954-01-20,ACTIVE,N,,
ACC_006587,CUST_05268,SAVINGS,1996-04-19,INACTIVE,N,,2009-07-17
ACC_006588,CUST_05269,CURRENT,2008-11-06,ACTIVE,N,,
ACC_006589,CUST_05270,SAVINGS,1964-02-05,DORMANT,Y,2019-01-11,
ACC_006590,CUST_05271,SAVINGS,2019-09-28,ACTIVE,N,,
ACC_006591,CUST_05272,SAVINGS,2004-10-10,DORMANT,Y,2012-01-01,
ACC_006592,CUST_05272,SAVINGS,1972-10-19,ACTIVE,N,,
ACC_006593,CUST_05273,CURRENT,1975-11-18,ACTIVE,N,,
ACC_006594,CUST_05274,CURRENT,2015-10-18,ACTIVE,N,,
ACC_006595,CUST_05275,SAVINGS,1959-02-08,ACTIVE,N,,
ACC_006596,CUST_05276,SAVINGS,1980-11-10,ACTIVE,N,,
ACC_006597,CUST_05277,SAVINGS,2017-04-14,ACTIVE,N,,
ACC_006598,CUST_05278,SAVINGS,2012-04-25,ACTIVE,N,,
ACC_006599,CUST_05279,CURRENT,2002-09-16,ACTIVE,N,,
ACC_006600,CUST_05279,CURRENT,1993-11-08,DORMANT,Y,2015-09-19,
ACC_006601,CUST_05280,SAVINGS,2000-03-15,ACTIVE,N,,
ACC_006602,CUST_05281,SAVINGS,1977-02-05,ACTIVE,N,,
ACC_006603,CUST_05282,CURRENT,1955-09-18,ACTIVE,N,,
ACC_006604,CUST_05282,SAVINGS,1954-12-14,DORMANT,Y,2016-08-04,
ACC_006605,CUST_05282,SAVINGS,1975-08-07,DORMANT,Y,1975-11-07,
ACC_006606,CUST_05283,SAVINGS,1998-05-17,ACTIVE,N,,
ACC_006607,CUST_05284,CURRENT,1952-05-01,DORMANT,Y,2003-01-12,
ACC_006608,CUST_05285,SAVINGS,1996-02-07,ACTIVE,N,,
ACC_006609,CUST_05286,SAVINGS,2006-07-22,DORMANT,Y,2006-10-22,
ACC_006610,CUST_05286,SAVINGS,1992-11-23,ACTIVE,N,,
ACC_006611,CUST_05287,SAVINGS,2013-01-29,ACTIVE,N,,
ACC_006612,CUST_05288,SAVINGS,1961-08-07,ACTIVE,N,,
ACC_006613,CUST_05288,SAVINGS,1968-04-01,ACTIVE,N,,
ACC_006614,CUST_05288,SAVINGS,1963-01-24,ACTIVE,N,,
ACC_006615,CUST_05289,SAVINGS,2020-11-03,ACTIVE,N,,
ACC_006616,CUST_05289,SAVINGS,1965-11-08,ACTIVE,N,,
ACC_006617,CUST_05290,SAVINGS,1968-06-24,ACTIVE,N,,
ACC_006618,CUST_05291,SAVINGS,2014-06-08,ACTIVE,N,,
ACC_006619,CUST_05292,SAVINGS,2017-04-13,DORMANT,Y,2021-12-27,
ACC_006620,CUST_05292,SAVINGS,1996-05-15,ACTIVE,N,,
ACC_006621,CUST_05292,SAVINGS,1966-04-19,ACTIVE,N,,
ACC_006622,CUST_05293,SAVINGS,1954-06-03,INACTIVE,N,,1997-07-28
ACC_006623,CUST_05294,SAVINGS,1983-06-27,ACTIVE,N,,
ACC_006624,CUST_05294,SAVINGS,1992-06-21,ACTIVE,N,,
ACC_006625,CUST_05295,SAVINGS,2023-02-05,ACTIVE,N,,
ACC_006626,CUST_05295,SAVINGS,2007-12-06,ACTIVE,N,,
ACC_006627,CUST_05295,SAVINGS,1989-12-09,DORMANT,Y,1992-08-02,
ACC_006628,CUST_05296,SAVINGS,1964-07-03,ACTIVE,N,,
ACC_006629,CUST_05296,SAVINGS,1957-06-22,ACTIVE,N,,
ACC_006630,CUST_05297,SAVINGS,1990-11-10,ACTIVE,N,,
ACC_006631,CUST_05298,SAVINGS,1968-08-20,ACTIVE,N,,
ACC_006632,CUST_05299,SAVINGS,1985-02-25,ACTIVE,N,,
ACC_006633,CUST_05300,SAVINGS,2001-08-30,ACTIVE,N,,
ACC_006634,CUST_05301,SAVINGS,1970-10-30,ACTIVE,N,,
ACC_006635,CUST_05302,SAVINGS,1988-03-14,ACTIVE,N,,
ACC_006636,CUST_05302,SAVINGS,1996-04-07,ACTIVE,N,,
ACC_006637,CUST_05303,SAVINGS,2006-01-29,DORMANT,Y,2008-08-10,
ACC_006638,CUST_05303,SAVINGS,2022-04-07,ACTIVE,N,,
ACC_006639,CUST_05303,SAVINGS,1999-07-06,ACTIVE,N,,
ACC_006640,CUST_05304,CURRENT,1960-03-22,ACTIVE,N,,
ACC_006641,CUST_05305,SAVINGS,2017-10-25,ACTIVE,N,,
ACC_006642,CUST_05306,SAVINGS,1991-12-21,DORMANT,Y,2017-02-06,
ACC_006643,CUST_05307,SAVINGS,1990-10-22,ACTIVE,N,,
ACC_006644,CUST_05308,SAVINGS,2005-05-17,ACTIVE,N,,
ACC_006645,CUST_05309,CURRENT,1953-02-04,ACTIVE,N,,
ACC_006646,CUST_05310,CURRENT,1953-07-23,ACTIVE,N,,
ACC_006647,CUST_05311,CURRENT,1988-10-23,ACTIVE,N,,
ACC_006648,CUST_05312,CURRENT,1994-08-10,ACTIVE,N,,
ACC_006649,CUST_05312,SAVINGS,1975-02-24,ACTIVE,N,,
ACC_006650,CUST_05313,CURRENT,1962-09-01,ACTIVE,N,,
ACC_006651,CUST_05314,SAVINGS,1968-09-14,ACTIVE,N,,
ACC_006652,CUST_05315,SAVINGS,2021-06-12,ACTIVE,N,,
ACC_006653,CUST_05315,SAVINGS,1963-08-18,ACTIVE,N,,
ACC_006654,CUST_05316,SAVINGS,1999-05-05,ACTIVE,N,,
ACC_006655,CUST_05317,SAVINGS,1965-06-06,ACTIVE,N,,
ACC_006656,CUST_05318,SAVINGS,1962-12-14,DORMANT,Y,1980-12-05,
ACC_006657,CUST_05319,SAVINGS,1995-06-06,ACTIVE,N,,
ACC_006658,CUST_05320,SAVINGS,1993-04-28,ACTIVE,N,,
ACC_006659,CUST_05321,SAVINGS,1966-11-03,ACTIVE,N,,
ACC_006660,CUST_05321,SAVINGS,1974-11-09,ACTIVE,N,,
ACC_006661,CUST_05322,SAVINGS,1978-11-24,ACTIVE,N,,
ACC_006662,CUST_05323,SAVINGS,1960-09-24,ACTIVE,N,,
ACC_006663,CUST_05324,SAVINGS,1981-07-05,ACTIVE,N,,
ACC_006664,CUST_05324,SAVINGS,1956-09-05,ACTIVE,N,,
ACC_006665,CUST_05324,SAVINGS,1987-08-20,ACTIVE,N,,
ACC_006666,CUST_05325,CURRENT,1992-05-24,ACTIVE,N,,
ACC_006667,CUST_05326,SAVINGS,2024-11-19,ACTIVE,N,,
ACC_006668,CUST_05327,SAVINGS,2023-09-03,ACTIVE,N,,
ACC_006669,CUST_05328,SAVINGS,1960-11-04,DORMANT,Y,2016-01-26,
ACC_006670,CUST_05329,SAVINGS,2024-09-16,ACTIVE,N,,
ACC_006671,CUST_05330,SAVINGS,2024-04-27,ACTIVE,N,,
ACC_006672,CUST_05331,SAVINGS,1990-06-14,ACTIVE,N,,
ACC_006673,CUST_05332,SAVINGS,1990-07-01,DORMANT,Y,1997-05-01,
ACC_006674,CUST_05332,SAVINGS,2004-12-08,ACTIVE,N,,
ACC_006675,CUST_05333,SAVINGS,1955-07-19,ACTIVE,N,,
ACC_006676,CUST_05334,SAVINGS,1992-06-13,ACTIVE,N,,
ACC_006677,CUST_05335,SAVINGS,2007-03-09,ACTIVE,N,,
ACC_006678,CUST_05336,CURRENT,1962-08-27,ACTIVE,N,,
ACC_006679,CUST_05337,SAVINGS,1995-05-11,ACTIVE,N,,
ACC_006680,CUST_05338,SAVINGS,1986-08-14,DORMANT,Y,1990-02-27,
ACC_006681,CUST_05339,CURRENT,1968-08-18,DORMANT,Y,1973-04-22,
ACC_006682,CUST_05339,CURRENT,1962-11-02,ACTIVE,N,,
ACC_006683,CUST_05340,SAVINGS,1950-07-19,ACTIVE,N,,
ACC_006684,CUST_05340,SAVINGS,1964-07-16,ACTIVE,N,,
ACC_006685,CUST_05341,SAVINGS,2014-12-01,ACTIVE,N,,
ACC_006686,CUST_05342,CURRENT,1955-10-15,ACTIVE,N,,
ACC_006687,CUST_05343,SAVINGS,2013-11-11,ACTIVE,N,,
ACC_006688,CUST_05344,SAVINGS,1999-02-24,ACTIVE,N,,
ACC_006689,CUST_05345,SAVINGS,2005-04-03,ACTIVE,N,,
ACC_006690,CUST_05345,SAVINGS,2023-10-06,INACTIVE,N,,2023-12-28
ACC_006691,CUST_05346,SAVINGS,1985-12-20,ACTIVE,N,,
ACC_006692,CUST_05346,SAVINGS,1971-08-13,ACTIVE,N,,
ACC_006693,CUST_05347,SAVINGS,1983-09-12,ACTIVE,N,,
ACC_006694,CUST_05348,SAVINGS,1961-02-28,ACTIVE,N,,
ACC_006695,CUST_05349,SAVINGS,1995-06-20,ACTIVE,N,,
ACC_006696,CUST_05350,SAVINGS,1972-12-01,ACTIVE,N,,
ACC_006697,CUST_05351,SAVINGS,1975-03-13,ACTIVE,N,,
ACC_006698,CUST_05352,SAVINGS,1964-02-20,ACTIVE,N,,
ACC_006699,CUST_05353,CURRENT,1952-04-17,ACTIVE,N,,
ACC_006700,CUST_05353,SAVINGS,2014-01-04,ACTIVE,N,,
ACC_006701,CUST_05354,SAVINGS,1979-09-23,DORMANT,Y,1988-05-06,
ACC_006702,CUST_05355,SAVINGS,1973-01-19,INACTIVE,N,,2023-04-06
ACC_006703,CUST_05356,SAVINGS,2019-05-15,ACTIVE,N,,
ACC_006704,CUST_05357,SAVINGS,1982-06-22,ACTIVE,N,,
ACC_006705,CUST_05358,SAVINGS,2005-07-08,ACTIVE,N,,
ACC_006706,CUST_05359,CURRENT,1950-09-20,ACTIVE,N,,
ACC_006707,CUST_05360,SAVINGS,2021-03-06,INACTIVE,N,,2024-11-24
ACC_006708,CUST_05361,SAVINGS,1987-03-14,ACTIVE,N,,
ACC_006709,CUST_05362,CURRENT,1975-07-12,ACTIVE,N,,
ACC_006710,CUST_05363,CURRENT,2017-01-18,ACTIVE,N,,
ACC_006711,CUST_05363,SAVINGS,2024-07-10,INACTIVE,N,,2024-08-25
ACC_006712,CUST_05363,SAVINGS,1958-01-30,ACTIVE,N,,
ACC_006713,CUST_05364,SAVINGS,2008-06-26,ACTIVE,N,,
ACC_006714,CUST_05365,SAVINGS,1978-09-20,ACTIVE,N,,
ACC_006715,CUST_05365,SAVINGS,2002-11-13,ACTIVE,N,,
ACC_006716,CUST_05366,SAVINGS,1976-03-12,ACTIVE,N,,
ACC_006717,CUST_05367,SAVINGS,2021-10-31,ACTIVE,N,,
ACC_006718,CUST_05368,SAVINGS,1989-11-02,ACTIVE,N,,
ACC_006719,CUST_05369,SAVINGS,1996-11-08,INACTIVE,N,,2001-06-27
ACC_006720,CUST_05370,SAVINGS,2005-01-20,ACTIVE,N,,
ACC_006721,CUST_05370,CURRENT,2006-01-04,DORMANT,Y,2015-10-18,
ACC_006722,CUST_05371,CURRENT,1986-08-29,ACTIVE,N,,
ACC_006723,CUST_05372,SAVINGS,1983-11-23,ACTIVE,N,,
ACC_006724,CUST_05373,CURRENT,1966-12-19,ACTIVE,N,,
ACC_006725,CUST_05374,SAVINGS,2007-03-12,ACTIVE,N,,
ACC_006726,CUST_05375,SAVINGS,1984-09-15,ACTIVE,N,,
ACC_006727,CUST_05376,SAVINGS,2017-09-25,ACTIVE,N,,
ACC_006728,CUST_05377,SAVINGS,1950-03-14,ACTIVE,N,,
ACC_006729,CUST_05377,SAVINGS,1965-08-07,ACTIVE,N,,
ACC_006730,CUST_05378,SAVINGS,2005-03-12,ACTIVE,N,,
ACC_006731,CUST_05379,SAVINGS,1976-01-07,ACTIVE,N,,
ACC_006732,CUST_05379,SAVINGS,1984-06-04,ACTIVE,N,,
ACC_006733,CUST_05380,SAVINGS,1967-06-13,ACTIVE,N,,
ACC_006734,CUST_05381,SAVINGS,1975-02-03,ACTIVE,N,,
ACC_006735,CUST_05382,SAVINGS,1966-05-01,INACTIVE,N,,2011-12-29
ACC_006736,CUST_05383,SAVINGS,1983-11-10,INACTIVE,N,,1992-11-14
ACC_006737,CUST_05384,SAVINGS,1955-06-22,ACTIVE,N,,
ACC_006738,CUST_05384,SAVINGS,1981-06-02,ACTIVE,N,,
ACC_006739,CUST_05384,SAVINGS,1984-01-10,ACTIVE,N,,
ACC_006740,CUST_05385,SAVINGS,1956-05-03,INACTIVE,N,,1966-03-01
ACC_006741,CUST_05385,SAVINGS,2003-09-21,ACTIVE,N,,
ACC_006742,CUST_05386,SAVINGS,1968-02-05,ACTIVE,N,,
ACC_006743,CUST_05387,CURRENT,1979-09-09,ACTIVE,N,,
ACC_006744,CUST_05388,SAVINGS,1987-08-22,ACTIVE,N,,
ACC_006745,CUST_05389,SAVINGS,1965-04-30,ACTIVE,N,,
ACC_006746,CUST_05390,CURRENT,1950-05-21,DORMANT,Y,1978-12-29,
ACC_006747,CUST_05391,SAVINGS,1965-01-28,ACTIVE,N,,
ACC_006748,CUST_05392,SAVINGS,1951-11-16,ACTIVE,N,,
ACC_006749,CUST_05393,CURRENT,2006-04-05,ACTIVE,N,,
ACC_006750,CUST_05394,SAVINGS,1964-07-22,ACTIVE,N,,
ACC_006751,CUST_05395,SAVINGS,1996-06-16,ACTIVE,N,,
ACC_006752,CUST_05395,SAVINGS,1978-01-30,ACTIVE,N,,
ACC_006753,CUST_05396,SAVINGS,2010-11-06,ACTIVE,N,,
ACC_006754,CUST_05397,SAVINGS,1969-08-26,DORMANT,Y,1979-08-27,
ACC_006755,CUST_05398,SAVINGS,1966-10-10,ACTIVE,N,,
ACC_006756,CUST_05399,SAVINGS,2000-03-10,ACTIVE,N,,
ACC_006757,CUST_05400,CURRENT,1994-04-01,ACTIVE,N,,
ACC_006758,CUST_05401,SAVINGS,2005-12-15,ACTIVE,N,,
ACC_006759,CUST_05402,SAVINGS,2001-07-18,ACTIVE,N,,
ACC_006760,CUST_05402,SAVINGS,2020-08-13,ACTIVE,N,,
ACC_006761,CUST_05403,SAVINGS,1987-06-09,ACTIVE,N,,
ACC_006762,CUST_05404,SAVINGS,2010-05-08,ACTIVE,N,,
ACC_006763,CUST_05405,SAVINGS,1977-06-07,ACTIVE,N,,
ACC_006764,CUST_05405,SAVINGS,1969-11-10,ACTIVE,N,,
ACC_006765,CUST_05406,CURRENT,1978-02-22,ACTIVE,N,,
ACC_006766,CUST_05407,SAVINGS,2002-12-21,DORMANT,Y,2014-12-27,
ACC_006767,CUST_05408,CURRENT,1975-08-03,ACTIVE,N,,
ACC_006768,CUST_05408,SAVINGS,1983-01-16,ACTIVE,N,,
ACC_006769,CUST_05409,SAVINGS,2016-09-04,ACTIVE,N,,
ACC_006770,CUST_05409,SAVINGS,2016-07-17,INACTIVE,N,,2024-08-12
ACC_006771,CUST_05409,CURRENT,1987-04-12,ACTIVE,N,,
ACC_006772,CUST_05410,SAVINGS,2009-07-15,ACTIVE,N,,
ACC_006773,CUST_05411,SAVINGS,1956-08-29,DORMANT,Y,1990-12-21,
ACC_006774,CUST_05412,SAVINGS,1950-06-01,ACTIVE,N,,
ACC_006775,CUST_05413,SAVINGS,2008-12-21,ACTIVE,N,,
ACC_006776,CUST_05413,SAVINGS,2013-02-03,ACTIVE,N,,
ACC_006777,CUST_05414,SAVINGS,1971-08-03,ACTIVE,N,,
ACC_006778,CUST_05414,SAVINGS,1958-05-11,ACTIVE,N,,
ACC_006779,CUST_05415,SAVINGS,1958-02-10,DORMANT,Y,2009-01-12,
ACC_006780,CUST_05416,SAVINGS,2012-06-08,ACTIVE,N,,
ACC_006781,CUST_05416,CURRENT,2021-05-10,ACTIVE,N,,
ACC_006782,CUST_05417,SAVINGS,1989-05-05,ACTIVE,N,,
ACC_006783,CUST_05418,SAVINGS,1977-09-28,ACTIVE,N,,
ACC_006784,CUST_05419,SAVINGS,2006-04-07,ACTIVE,N,,
ACC_006785,CUST_05419,SAVINGS,1965-01-10,ACTIVE,N,,
ACC_006786,CUST_05420,SAVINGS,1989-02-02,ACTIVE,N,,
ACC_006787,CUST_05420,SAVINGS,1969-02-24,INACTIVE,N,,1988-06-09
ACC_006788,CUST_05421,SAVINGS,1988-01-07,DORMANT,Y,2000-01-24,
ACC_006789,CUST_05422,SAVINGS,2008-01-01,ACTIVE,N,,
ACC_006790,CUST_05423,CURRENT,1951-11-16,ACTIVE,N,,
ACC_006791,CUST_05424,SAVINGS,2014-05-29,ACTIVE,N,,
ACC_006792,CUST_05425,SAVINGS,2022-01-29,ACTIVE,N,,
ACC_006793,CUST_05426,SAVINGS,1958-11-20,ACTIVE,N,,
ACC_006794,CUST_05427,SAVINGS,2011-11-06,ACTIVE,N,,
ACC_006795,CUST_05428,SAVINGS,1997-05-05,DORMANT,Y,2007-08-28,
ACC_006796,CUST_05429,SAVINGS,1980-07-12,ACTIVE,N,,
ACC_006797,CUST_05429,SAVINGS,2011-02-26,ACTIVE,N,,
ACC_006798,CUST_05430,SAVINGS,1977-05-06,ACTIVE,N,,
ACC_006799,CUST_05431,SAVINGS,1987-07-06,ACTIVE,N,,
ACC_006800,CUST_05431,SAVINGS,2014-11-24,ACTIVE,N,,
ACC_006801,CUST_05432,SAVINGS,2003-02-28,ACTIVE,N,,
ACC_006802,CUST_05433,CURRENT,1986-09-12,ACTIVE,N,,
ACC_006803,CUST_05434,SAVINGS,1971-11-03,ACTIVE,N,,
ACC_006804,CUST_05435,SAVINGS,2015-05-18,DORMANT,Y,2019-02-16,
ACC_006805,CUST_05436,SAVINGS,2009-08-18,ACTIVE,N,,
ACC_006806,CUST_05437,SAVINGS,1968-03-02,ACTIVE,N,,
ACC_006807,CUST_05438,SAVINGS,1952-05-02,ACTIVE,N,,
ACC_006808,CUST_05439,SAVINGS,1981-11-27,ACTIVE,N,,
ACC_006809,CUST_05440,SAVINGS,2016-02-18,ACTIVE,N,,
ACC_006810,CUST_05441,SAVINGS,2002-05-05,ACTIVE,N,,
ACC_006811,CUST_05441,CURRENT,1979-10-16,ACTIVE,N,,
ACC_006812,CUST_05441,SAVINGS,2019-05-16,ACTIVE,N,,
ACC_006813,CUST_05442,SAVINGS,1969-09-10,ACTIVE,N,,
ACC_006814,CUST_05443,SAVINGS,1964-12-12,ACTIVE,N,,
ACC_006815,CUST_05444,SAVINGS,1986-06-07,ACTIVE,N,,
ACC_006816,CUST_05444,SAVINGS,2000-06-21,ACTIVE,N,,
ACC_006817,CUST_05445,SAVINGS,2021-01-18,ACTIVE,N,,
ACC_006818,CUST_05446,SAVINGS,1984-09-05,ACTIVE,N,,
ACC_006819,CUST_05447,SAVINGS,1963-06-15,ACTIVE,N,,
ACC_006820,CUST_05448,SAVINGS,1986-12-29,ACTIVE,N,,
ACC_006821,CUST_05448,SAVINGS,2020-04-17,ACTIVE,N,,
ACC_006822,CUST_05449,SAVINGS,1992-03-21,ACTIVE,N,,
ACC_006823,CUST_05450,SAVINGS,2004-12-11,ACTIVE,N,,
ACC_006824,CUST_05451,SAVINGS,1952-10-06,ACTIVE,N,,
ACC_006825,CUST_05451,SAVINGS,1958-07-28,ACTIVE,N,,
ACC_006826,CUST_05452,SAVINGS,1964-07-30,ACTIVE,N,,
ACC_006827,CUST_05453,SAVINGS,1982-10-31,INACTIVE,N,,2002-01-28
ACC_006828,CUST_05454,SAVINGS,1984-04-23,ACTIVE,N,,
ACC_006829,CUST_05454,SAVINGS,1983-04-01,ACTIVE,N,,
ACC_006830,CUST_05455,SAVINGS,2022-02-14,ACTIVE,N,,
ACC_006831,CUST_05456,SAVINGS,1974-11-25,ACTIVE,N,,
ACC_006832,CUST_05456,SAVINGS,2017-08-24,INACTIVE,N,,2022-02-20
ACC_006833,CUST_05457,SAVINGS,1950-06-17,ACTIVE,N,,
ACC_006834,CUST_05458,SAVINGS,1970-04-17,ACTIVE,N,,
ACC_006835,CUST_05459,SAVINGS,1952-08-30,ACTIVE,N,,
ACC_006836,CUST_05460,SAVINGS,1994-07-22,ACTIVE,N,,
ACC_006837,CUST_05461,SAVINGS,2007-02-15,DORMANT,Y,2018-09-26,
ACC_006838,CUST_05462,SAVINGS,1950-03-14,ACTIVE,N,,
ACC_006839,CUST_05463,SAVINGS,2015-06-20,ACTIVE,N,,
ACC_006840,CUST_05464,CURRENT,1976-04-28,DORMANT,Y,1989-01-27,
ACC_006841,CUST_05465,SAVINGS,1964-10-05,ACTIVE,N,,
ACC_006842,CUST_05466,CURRENT,1991-09-11,ACTIVE,N,,
ACC_006843,CUST_05467,SAVINGS,2007-10-28,ACTIVE,N,,
ACC_006844,CUST_05468,CURRENT,1984-03-08,ACTIVE,N,,
ACC_006845,CUST_05469,SAVINGS,1987-01-05,ACTIVE,N,,
ACC_006846,CUST_05470,SAVINGS,1977-02-23,DORMANT,Y,2019-12-10,
ACC_006847,CUST_05471,SAVINGS,2004-09-15,DORMANT,Y,2023-12-09,
ACC_006848,CUST_05472,SAVINGS,1998-07-28,ACTIVE,N,,
ACC_006849,CUST_05473,SAVINGS,1963-01-29,ACTIVE,N,,
ACC_006850,CUST_05474,SAVINGS,2001-09-16,ACTIVE,N,,
ACC_006851,CUST_05475,SAVINGS,2014-03-22,DORMANT,Y,2024-11-05,
ACC_006852,CUST_05476,SAVINGS,1976-09-17,ACTIVE,N,,
ACC_006853,CUST_05477,SAVINGS,1983-05-01,ACTIVE,N,,
ACC_006854,CUST_05477,SAVINGS,1994-03-12,ACTIVE,N,,
ACC_006855,CUST_05478,SAVINGS,1956-03-26,ACTIVE,N,,
ACC_006856,CUST_05479,SAVINGS,1995-10-02,ACTIVE,N,,
ACC_006857,CUST_05480,SAVINGS,1998-07-28,ACTIVE,N,,
ACC_006858,CUST_05481,CURRENT,2014-02-26,ACTIVE,N,,
ACC_006859,CUST_05482,SAVINGS,1982-10-28,DORMANT,Y,2019-01-22,
ACC_006860,CUST_05483,SAVINGS,1995-05-19,ACTIVE,N,,
ACC_006861,CUST_05484,SAVINGS,2017-02-12,ACTIVE,N,,
ACC_006862,CUST_05484,SAVINGS,1980-12-21,ACTIVE,N,,
ACC_006863,CUST_05484,SAVINGS,2008-08-20,ACTIVE,N,,
ACC_006864,CUST_05485,SAVINGS,1952-03-27,ACTIVE,N,,
ACC_006865,CUST_05486,SAVINGS,1960-05-19,DORMANT,Y,1967-05-27,
ACC_006866,CUST_05486,SAVINGS,1968-08-24,ACTIVE,N,,
ACC_006867,CUST_05486,SAVINGS,1981-06-25,ACTIVE,N,,
ACC_006868,CUST_05487,SAVINGS,2005-11-25,INACTIVE,N,,2007-05-24
ACC_006869,CUST_05488,SAVINGS,1977-11-23,ACTIVE,N,,
ACC_006870,CUST_05489,SAVINGS,2013-07-27,ACTIVE,N,,
ACC_006871,CUST_05489,SAVINGS,2006-02-14,ACTIVE,N,,
ACC_006872,CUST_05489,SAVINGS,2022-10-24,ACTIVE,N,,
ACC_006873,CUST_05490,CURRENT,1959-11-19,ACTIVE,N,,
ACC_006874,CUST_05491,CURRENT,1963-12-20,DORMANT,Y,2010-04-22,
ACC_006875,CUST_05492,SAVINGS,2024-08-29,ACTIVE,N,,
ACC_006876,CUST_05493,SAVINGS,2010-01-22,DORMANT,Y,2022-04-13,
ACC_006877,CUST_05494,SAVINGS,1968-06-21,ACTIVE,N,,
ACC_006878,CUST_05495,SAVINGS,1980-01-16,ACTIVE,N,,
ACC_006879,CUST_05496,SAVINGS,1979-03-14,ACTIVE,N,,
ACC_006880,CUST_05497,SAVINGS,1979-09-26,ACTIVE,N,,
ACC_006881,CUST_05498,CURRENT,2000-06-23,ACTIVE,N,,
ACC_006882,CUST_05499,SAVINGS,1963-03-08,ACTIVE,N,,
ACC_006883,CUST_05500,SAVINGS,1954-12-26,ACTIVE,N,,
ACC_006884,CUST_05501,SAVINGS,1984-11-26,ACTIVE,N,,
ACC_006885,CUST_05502,SAVINGS,1951-08-05,ACTIVE,N,,
ACC_006886,CUST_05503,SAVINGS,2005-09-07,ACTIVE,N,,
ACC_006887,CUST_05504,SAVINGS,1966-05-16,ACTIVE,N,,
ACC_006888,CUST_05505,SAVINGS,1988-03-01,ACTIVE,N,,
ACC_006889,CUST_05506,SAVINGS,2011-03-23,ACTIVE,N,,
ACC_006890,CUST_05507,SAVINGS,1978-06-16,INACTIVE,N,,1984-10-25
ACC_006891,CUST_05508,SAVINGS,1996-05-20,ACTIVE,N,,
ACC_006892,CUST_05509,SAVINGS,1982-03-20,ACTIVE,N,,
ACC_006893,CUST_05510,SAVINGS,1966-03-02,DORMANT,Y,1972-07-12,
ACC_006894,CUST_05511,CURRENT,1984-01-26,ACTIVE,N,,
ACC_006895,CUST_05512,CURRENT,2023-01-27,ACTIVE,N,,
ACC_006896,CUST_05513,CURRENT,1982-10-30,ACTIVE,N,,
ACC_006897,CUST_05513,CURRENT,1956-01-05,ACTIVE,N,,
ACC_006898,CUST_05514,SAVINGS,2014-10-14,ACTIVE,N,,
ACC_006899,CUST_05514,SAVINGS,1987-09-17,ACTIVE,N,,
ACC_006900,CUST_05515,SAVINGS,2023-08-22,ACTIVE,N,,
ACC_006901,CUST_05516,SAVINGS,1972-09-25,INACTIVE,N,,2017-06-18
ACC_006902,CUST_05517,SAVINGS,1950-11-12,ACTIVE,N,,
ACC_006903,CUST_05518,SAVINGS,2016-08-17,INACTIVE,N,,2023-07-30
ACC_006904,CUST_05519,SAVINGS,1979-06-13,INACTIVE,N,,2007-06-21
ACC_006905,CUST_05520,SAVINGS,1995-01-06,ACTIVE,N,,
ACC_006906,CUST_05521,SAVINGS,1963-08-16,INACTIVE,N,,1969-08-28
ACC_006907,CUST_05522,SAVINGS,2018-07-22,INACTIVE,N,,2023-07-06
ACC_006908,CUST_05523,SAVINGS,1981-03-19,ACTIVE,N,,
ACC_006909,CUST_05524,SAVINGS,1987-10-17,ACTIVE,N,,
ACC_006910,CUST_05525,SAVINGS,1950-01-05,DORMANT,Y,2008-02-21,
ACC_006911,CUST_05525,SAVINGS,1997-06-29,ACTIVE,N,,
ACC_006912,CUST_05526,SAVINGS,1998-07-29,ACTIVE,N,,
ACC_006913,CUST_05527,SAVINGS,2011-07-26,ACTIVE,N,,
ACC_006914,CUST_05527,SAVINGS,1972-05-12,INACTIVE,N,,1974-03-11
ACC_006915,CUST_05528,SAVINGS,1963-04-10,ACTIVE,N,,
ACC_006916,CUST_05529,SAVINGS,1952-11-27,ACTIVE,N,,
ACC_006917,CUST_05530,SAVINGS,1987-06-19,ACTIVE,N,,
ACC_006918,CUST_05531,SAVINGS,1976-03-16,ACTIVE,N,,
ACC_006919,CUST_05531,SAVINGS,1973-06-02,ACTIVE,N,,
ACC_006920,CUST_05532,SAVINGS,1971-05-13,ACTIVE,N,,
ACC_006921,CUST_05533,SAVINGS,1981-11-17,INACTIVE,N,,1984-12-14
ACC_006922,CUST_05534,SAVINGS,1974-06-01,ACTIVE,N,,
ACC_006923,CUST_05535,CURRENT,1976-08-28,ACTIVE,N,,
ACC_006924,CUST_05536,SAVINGS,1978-06-15,ACTIVE,N,,
ACC_006925,CUST_05537,SAVINGS,1976-11-24,ACTIVE,N,,
ACC_006926,CUST_05538,CURRENT,1968-01-19,DORMANT,Y,1988-02-15,
ACC_006927,CUST_05539,SAVINGS,2012-09-21,ACTIVE,N,,
ACC_006928,CUST_05540,SAVINGS,1958-05-05,ACTIVE,N,,
ACC_006929,CUST_05540,SAVINGS,2011-03-05,ACTIVE,N,,
ACC_006930,CUST_05541,SAVINGS,1980-09-15,ACTIVE,N,,
ACC_006931,CUST_05541,SAVINGS,1968-04-22,ACTIVE,N,,
ACC_006932,CUST_05541,SAVINGS,1954-04-15,ACTIVE,N,,
ACC_006933,CUST_05542,SAVINGS,1966-01-16,INACTIVE,N,,2015-06-06
ACC_006934,CUST_05542,SAVINGS,1977-10-15,ACTIVE,N,,
ACC_006935,CUST_05543,CURRENT,1999-11-25,DORMANT,Y,2021-03-27,
ACC_006936,CUST_05544,SAVINGS,1990-10-10,ACTIVE,N,,
ACC_006937,CUST_05545,SAVINGS,2008-10-09,ACTIVE,N,,
ACC_006938,CUST_05546,SAVINGS,1970-12-13,ACTIVE,N,,
ACC_006939,CUST_05547,SAVINGS,1958-08-12,DORMANT,Y,2015-05-04,
ACC_006940,CUST_05548,CURRENT,1971-08-26,ACTIVE,N,,
ACC_006941,CUST_05549,CURRENT,2014-06-23,ACTIVE,N,,
ACC_006942,CUST_05550,SAVINGS,2001-06-16,ACTIVE,N,,
ACC_006943,CUST_05551,SAVINGS,1951-01-14,ACTIVE,N,,
ACC_006944,CUST_05552,SAVINGS,1973-04-29,ACTIVE,N,,
ACC_006945,CUST_05553,CURRENT,2000-12-22,ACTIVE,N,,
ACC_006946,CUST_05554,SAVINGS,1954-10-13,ACTIVE,N,,
ACC_006947,CUST_05555,SAVINGS,2022-07-19,ACTIVE,N,,
ACC_006948,CUST_05556,SAVINGS,1973-10-31,DORMANT,Y,2020-05-28,
ACC_006949,CUST_05557,SAVINGS,2007-03-19,DORMANT,Y,2010-11-26,
ACC_006950,CUST_05558,SAVINGS,1961-07-18,ACTIVE,N,,
ACC_006951,CUST_05559,SAVINGS,1971-06-11,ACTIVE,N,,
ACC_006952,CUST_05559,SAVINGS,1978-10-28,ACTIVE,N,,
ACC_006953,CUST_05560,SAVINGS,1959-12-19,DORMANT,Y,1970-06-05,
ACC_006954,CUST_05560,SAVINGS,2006-06-28,ACTIVE,N,,
ACC_006955,CUST_05560,SAVINGS,1964-10-04,ACTIVE,N,,
ACC_006956,CUST_05561,SAVINGS,2009-02-25,ACTIVE,N,,
ACC_006957,CUST_05562,SAVINGS,1981-03-15,ACTIVE,N,,
ACC_006958,CUST_05562,SAVINGS,1972-08-14,ACTIVE,N,,
ACC_006959,CUST_05563,SAVINGS,1986-03-22,ACTIVE,N,,
ACC_006960,CUST_05564,SAVINGS,2020-10-22,ACTIVE,N,,
ACC_006961,CUST_05565,CURRENT,2022-04-02,DORMANT,Y,2024-10-07,
ACC_006962,CUST_05566,SAVINGS,1994-12-02,INACTIVE,N,,2010-05-02
ACC_006963,CUST_05567,SAVINGS,1971-06-04,ACTIVE,N,,
ACC_006964,CUST_05568,SAVINGS,2022-07-10,ACTIVE,N,,
ACC_006965,CUST_05569,CURRENT,1979-05-05,DORMANT,Y,2009-11-24,
ACC_006966,CUST_05569,SAVINGS,2007-10-30,ACTIVE,N,,
ACC_006967,CUST_05569,SAVINGS,1973-06-05,ACTIVE,N,,
ACC_006968,CUST_05570,SAVINGS,2010-07-29,DORMANT,Y,2015-04-28,
ACC_006969,CUST_05571,SAVINGS,1992-12-21,DORMANT,Y,2001-10-29,
ACC_006970,CUST_05572,SAVINGS,1979-02-23,ACTIVE,N,,
ACC_006971,CUST_05572,SAVINGS,1952-09-22,ACTIVE,N,,
ACC_006972,CUST_05573,SAVINGS,1976-09-17,ACTIVE,N,,
ACC_006973,CUST_05574,SAVINGS,2005-03-26,ACTIVE,N,,
ACC_006974,CUST_05574,SAVINGS,1990-03-23,ACTIVE,N,,
ACC_006975,CUST_05575,SAVINGS,2001-02-09,ACTIVE,N,,
ACC_006976,CUST_05575,SAVINGS,2022-11-16,ACTIVE,N,,
ACC_006977,CUST_05575,SAVINGS,2013-04-08,INACTIVE,N,,2014-10-25
ACC_006978,CUST_05576,SAVINGS,1965-09-12,INACTIVE,N,,2019-11-27
ACC_006979,CUST_05577,SAVINGS,1967-04-04,ACTIVE,N,,
ACC_006980,CUST_05578,SAVINGS,1957-04-28,ACTIVE,N,,
ACC_006981,CUST_05579,CURRENT,1981-04-08,ACTIVE,N,,
ACC_006982,CUST_05579,CURRENT,2022-08-13,ACTIVE,N,,
ACC_006983,CUST_05580,SAVINGS,1965-05-27,ACTIVE,N,,
ACC_006984,CUST_05581,SAVINGS,2015-03-28,ACTIVE,N,,
ACC_006985,CUST_05582,SAVINGS,2003-09-16,ACTIVE,N,,
ACC_006986,CUST_05583,SAVINGS,1968-05-27,ACTIVE,N,,
ACC_006987,CUST_05584,SAVINGS,1957-03-11,ACTIVE,N,,
ACC_006988,CUST_05585,SAVINGS,2020-06-29,ACTIVE,N,,
ACC_006989,CUST_05585,SAVINGS,1974-06-21,ACTIVE,N,,
ACC_006990,CUST_05586,SAVINGS,2023-05-13,ACTIVE,N,,
ACC_006991,CUST_05587,SAVINGS,1981-07-19,ACTIVE,N,,
ACC_006992,CUST_05588,SAVINGS,1967-03-17,ACTIVE,N,,
ACC_006993,CUST_05589,CURRENT,1982-09-24,INACTIVE,N,,1986-03-08
ACC_006994,CUST_05590,SAVINGS,2019-03-13,ACTIVE,N,,
ACC_006995,CUST_05591,SAVINGS,2023-12-30,ACTIVE,N,,
ACC_006996,CUST_05592,SAVINGS,1960-02-05,ACTIVE,N,,
ACC_006997,CUST_05593,SAVINGS,1982-11-13,ACTIVE,N,,
ACC_006998,CUST_05593,SAVINGS,2023-05-11,ACTIVE,N,,
ACC_006999,CUST_05593,SAVINGS,1961-05-17,ACTIVE,N,,
ACC_007000,CUST_05594,SAVINGS,1996-02-26,ACTIVE,N,,
ACC_007001,CUST_05595,SAVINGS,2021-06-18,ACTIVE,N,,
ACC_007002,CUST_05596,SAVINGS,2023-03-01,ACTIVE,N,,
ACC_007003,CUST_05596,SAVINGS,1962-09-24,INACTIVE,N,,1980-05-25
ACC_007004,CUST_05596,SAVINGS,1985-07-17,ACTIVE,N,,
ACC_007005,CUST_05597,SAVINGS,1995-03-13,ACTIVE,N,,
ACC_007006,CUST_05598,SAVINGS,2024-09-15,ACTIVE,N,,
ACC_007007,CUST_05599,SAVINGS,1968-07-14,ACTIVE,N,,
ACC_007008,CUST_05600,CURRENT,1974-04-08,ACTIVE,N,,
ACC_007009,CUST_05601,SAVINGS,1955-12-29,ACTIVE,N,,
ACC_007010,CUST_05602,SAVINGS,2008-03-19,ACTIVE,N,,
ACC_007011,CUST_05602,SAVINGS,2016-10-04,ACTIVE,N,,
ACC_007012,CUST_05603,SAVINGS,1977-12-10,ACTIVE,N,,
ACC_007013,CUST_05604,SAVINGS,1969-01-06,ACTIVE,N,,
ACC_007014,CUST_05604,SAVINGS,1980-01-05,DORMANT,Y,2023-04-23,
ACC_007015,CUST_05604,SAVINGS,1962-03-02,ACTIVE,N,,
ACC_007016,CUST_05605,SAVINGS,2020-06-29,DORMANT,Y,2021-10-01,
ACC_007017,CUST_05606,SAVINGS,2010-03-16,ACTIVE,N,,
ACC_007018,CUST_05607,CURRENT,1959-09-22,INACTIVE,N,,1988-06-12
ACC_007019,CUST_05608,CURRENT,2024-05-29,ACTIVE,N,,
ACC_007020,CUST_05609,SAVINGS,1960-11-28,INACTIVE,N,,2011-02-10
ACC_007021,CUST_05610,SAVINGS,1993-10-20,ACTIVE,N,,
ACC_007022,CUST_05611,CURRENT,2012-09-23,ACTIVE,N,,
ACC_007023,CUST_05612,SAVINGS,1972-05-29,ACTIVE,N,,
ACC_007024,CUST_05613,SAVINGS,1987-08-10,ACTIVE,N,,
ACC_007025,CUST_05614,CURRENT,1995-12-17,ACTIVE,N,,
ACC_007026,CUST_05615,CURRENT,1954-01-29,INACTIVE,N,,1958-08-01
ACC_007027,CUST_05615,SAVINGS,1951-07-28,ACTIVE,N,,
ACC_007028,CUST_05616,SAVINGS,1953-09-20,ACTIVE,N,,
ACC_007029,CUST_05617,CURRENT,1953-04-18,ACTIVE,N,,
ACC_007030,CUST_05617,CURRENT,1954-02-17,ACTIVE,N,,
ACC_007031,CUST_05618,SAVINGS,1961-05-20,ACTIVE,N,,
ACC_007032,CUST_05618,SAVINGS,1993-11-22,ACTIVE,N,,
ACC_007033,CUST_05619,SAVINGS,1972-06-12,ACTIVE,N,,
ACC_007034,CUST_05620,CURRENT,1961-01-12,ACTIVE,N,,
ACC_007035,CUST_05621,SAVINGS,1961-03-31,ACTIVE,N,,
ACC_007036,CUST_05622,CURRENT,1975-12-01,ACTIVE,N,,
ACC_007037,CUST_05623,SAVINGS,2015-06-08,ACTIVE,N,,
ACC_007038,CUST_05624,SAVINGS,1963-05-17,ACTIVE,N,,
ACC_007039,CUST_05625,CURRENT,2009-09-29,ACTIVE,N,,
ACC_007040,CUST_05626,SAVINGS,2023-05-13,ACTIVE,N,,
ACC_007041,CUST_05626,SAVINGS,2000-07-26,ACTIVE,N,,
ACC_007042,CUST_05627,SAVINGS,1957-10-16,ACTIVE,N,,
ACC_007043,CUST_05627,SAVINGS,1953-07-08,ACTIVE,N,,
ACC_007044,CUST_05628,SAVINGS,1970-05-21,ACTIVE,N,,
ACC_007045,CUST_05628,CURRENT,1998-02-02,ACTIVE,N,,
ACC_007046,CUST_05629,SAVINGS,1992-07-30,ACTIVE,N,,
ACC_007047,CUST_05630,SAVINGS,2001-08-03,ACTIVE,N,,
ACC_007048,CUST_05631,SAVINGS,1965-09-03,ACTIVE,N,,
ACC_007049,CUST_05631,SAVINGS,2018-08-06,ACTIVE,N,,
ACC_007050,CUST_05631,SAVINGS,1989-06-14,ACTIVE,N,,
ACC_007051,CUST_05632,SAVINGS,1989-10-05,ACTIVE,N,,
ACC_007052,CUST_05633,SAVINGS,1985-06-30,ACTIVE,N,,
ACC_007053,CUST_05634,SAVINGS,1971-09-05,ACTIVE,N,,
ACC_007054,CUST_05635,SAVINGS,1961-07-29,ACTIVE,N,,
ACC_007055,CUST_05636,SAVINGS,2024-04-12,ACTIVE,N,,
ACC_007056,CUST_05637,SAVINGS,1970-02-19,ACTIVE,N,,
ACC_007057,CUST_05638,SAVINGS,2023-07-01,ACTIVE,N,,
ACC_007058,CUST_05639,SAVINGS,2014-11-21,ACTIVE,N,,
ACC_007059,CUST_05640,SAVINGS,1989-01-31,ACTIVE,N,,
ACC_007060,CUST_05641,SAVINGS,2016-11-04,ACTIVE,N,,
ACC_007061,CUST_05642,SAVINGS,2021-01-27,ACTIVE,N,,
ACC_007062,CUST_05643,SAVINGS,1960-06-04,DORMANT,Y,1970-09-02,
ACC_007063,CUST_05644,SAVINGS,1973-12-01,ACTIVE,N,,
ACC_007064,CUST_05645,SAVINGS,1989-05-01,ACTIVE,N,,
ACC_007065,CUST_05646,SAVINGS,2018-03-30,DORMANT,Y,2023-07-13,
ACC_007066,CUST_05647,SAVINGS,1955-10-12,ACTIVE,N,,
ACC_007067,CUST_05648,SAVINGS,1992-10-01,ACTIVE,N,,
ACC_007068,CUST_05649,SAVINGS,2001-08-23,ACTIVE,N,,
ACC_007069,CUST_05650,SAVINGS,2013-10-24,DORMANT,Y,2014-07-01,
ACC_007070,CUST_05651,SAVINGS,2019-01-09,ACTIVE,N,,
ACC_007071,CUST_05651,SAVINGS,2009-02-28,ACTIVE,N,,
ACC_007072,CUST_05652,SAVINGS,2013-08-08,ACTIVE,N,,
ACC_007073,CUST_05652,SAVINGS,1953-07-28,ACTIVE,N,,
ACC_007074,CUST_05653,SAVINGS,1956-01-04,ACTIVE,N,,
ACC_007075,CUST_05654,SAVINGS,1956-08-25,DORMANT,Y,1957-01-10,
ACC_007076,CUST_05655,SAVINGS,1985-07-24,ACTIVE,N,,
ACC_007077,CUST_05655,SAVINGS,1983-06-06,ACTIVE,N,,
ACC_007078,CUST_05656,SAVINGS,2001-06-07,DORMANT,Y,2013-03-07,
ACC_007079,CUST_05656,SAVINGS,1996-06-23,ACTIVE,N,,
ACC_007080,CUST_05656,SAVINGS,1962-01-26,ACTIVE,N,,
ACC_007081,CUST_05657,SAVINGS,1999-03-13,ACTIVE,N,,
ACC_007082,CUST_05657,SAVINGS,2020-03-19,ACTIVE,N,,
ACC_007083,CUST_05658,CURRENT,1987-06-10,ACTIVE,N,,
ACC_007084,CUST_05659,CURRENT,2022-02-20,ACTIVE,N,,
ACC_007085,CUST_05660,SAVINGS,1970-05-30,ACTIVE,N,,
ACC_007086,CUST_05661,SAVINGS,2005-02-22,ACTIVE,N,,
ACC_007087,CUST_05662,SAVINGS,2001-05-29,ACTIVE,N,,
ACC_007088,CUST_05662,SAVINGS,1966-09-25,ACTIVE,N,,
ACC_007089,CUST_05662,SAVINGS,1982-02-03,ACTIVE,N,,
ACC_007090,CUST_05663,SAVINGS,2006-03-16,ACTIVE,N,,
ACC_007091,CUST_05664,SAVINGS,1970-04-26,ACTIVE,N,,
ACC_007092,CUST_05665,SAVINGS,1986-09-01,ACTIVE,N,,
ACC_007093,CUST_05666,SAVINGS,2019-08-22,DORMANT,Y,2021-07-29,
ACC_007094,CUST_05666,SAVINGS,1993-10-10,ACTIVE,N,,
ACC_007095,CUST_05667,SAVINGS,2000-04-19,ACTIVE,N,,
ACC_007096,CUST_05668,SAVINGS,1956-09-01,ACTIVE,N,,
ACC_007097,CUST_05669,SAVINGS,1999-11-04,ACTIVE,N,,
ACC_007098,CUST_05670,SAVINGS,1992-03-17,ACTIVE,N,,
ACC_007099,CUST_05671,CURRENT,1973-03-03,ACTIVE,N,,
ACC_007100,CUST_05672,CURRENT,2001-01-30,INACTIVE,N,,2002-07-04
ACC_007101,CUST_05673,SAVINGS,1955-05-12,ACTIVE,N,,
ACC_007102,CUST_05674,SAVINGS,2013-12-08,ACTIVE,N,,
ACC_007103,CUST_05675,SAVINGS,1957-03-21,ACTIVE,N,,
ACC_007104,CUST_05676,CURRENT,2005-05-10,ACTIVE,N,,
ACC_007105,CUST_05677,SAVINGS,1978-04-19,ACTIVE,N,,
ACC_007106,CUST_05678,SAVINGS,1982-09-19,ACTIVE,N,,
ACC_007107,CUST_05679,SAVINGS,2005-10-29,ACTIVE,N,,
ACC_007108,CUST_05680,SAVINGS,2012-08-10,ACTIVE,N,,
ACC_007109,CUST_05681,SAVINGS,1998-04-29,ACTIVE,N,,
ACC_007110,CUST_05682,SAVINGS,1952-04-24,ACTIVE,N,,
ACC_007111,CUST_05683,CURRENT,2021-07-25,ACTIVE,N,,
ACC_007112,CUST_05683,CURRENT,1975-02-23,ACTIVE,N,,
ACC_007113,CUST_05684,SAVINGS,1967-02-12,ACTIVE,N,,
ACC_007114,CUST_05685,SAVINGS,1958-10-13,ACTIVE,N,,
ACC_007115,CUST_05686,SAVINGS,1958-04-06,DORMANT,Y,1976-06-26,
ACC_007116,CUST_05687,SAVINGS,1956-05-24,INACTIVE,N,,1973-01-20
ACC_007117,CUST_05687,SAVINGS,2003-04-23,ACTIVE,N,,
ACC_007118,CUST_05687,SAVINGS,1984-05-29,ACTIVE,N,,
ACC_007119,CUST_05688,CURRENT,2021-12-09,ACTIVE,N,,
ACC_007120,CUST_05689,SAVINGS,1966-11-30,ACTIVE,N,,
ACC_007121,CUST_05690,SAVINGS,2022-01-14,ACTIVE,N,,
ACC_007122,CUST_05690,SAVINGS,1950-09-05,ACTIVE,N,,
ACC_007123,CUST_05691,SAVINGS,1985-08-09,DORMANT,Y,2003-03-17,
ACC_007124,CUST_05692,SAVINGS,1974-02-24,ACTIVE,N,,
ACC_007125,CUST_05693,SAVINGS,2024-07-06,ACTIVE,N,,
ACC_007126,CUST_05694,SAVINGS,2014-06-18,ACTIVE,N,,
ACC_007127,CUST_05694,SAVINGS,2017-11-02,ACTIVE,N,,
ACC_007128,CUST_05694,SAVINGS,1983-11-22,DORMANT,Y,2018-12-24,
ACC_007129,CUST_05695,SAVINGS,1976-05-20,ACTIVE,N,,
ACC_007130,CUST_05696,SAVINGS,2001-06-16,ACTIVE,N,,
ACC_007131,CUST_05696,CURRENT,1975-07-18,ACTIVE,N,,
ACC_007132,CUST_05696,SAVINGS,2021-11-26,ACTIVE,N,,
ACC_007133,CUST_05697,SAVINGS,1958-09-25,ACTIVE,N,,
ACC_007134,CUST_05698,SAVINGS,2004-05-26,ACTIVE,N,,
ACC_007135,CUST_05699,SAVINGS,1986-06-13,ACTIVE,N,,
ACC_007136,CUST_05700,SAVINGS,1982-12-20,ACTIVE,N,,
ACC_007137,CUST_05701,SAVINGS,1971-01-29,ACTIVE,N,,
ACC_007138,CUST_05702,SAVINGS,1958-12-02,ACTIVE,N,,
ACC_007139,CUST_05702,CURRENT,1969-04-05,ACTIVE,N,,
ACC_007140,CUST_05703,SAVINGS,2004-06-14,ACTIVE,N,,
ACC_007141,CUST_05704,SAVINGS,1990-03-04,ACTIVE,N,,
ACC_007142,CUST_05705,CURRENT,1973-04-04,ACTIVE,N,,
ACC_007143,CUST_05705,CURRENT,2021-01-03,ACTIVE,N,,
ACC_007144,CUST_05706,CURRENT,1991-11-07,DORMANT,Y,2005-09-19,
ACC_007145,CUST_05707,CURRENT,1990-07-03,ACTIVE,N,,
ACC_007146,CUST_05708,SAVINGS,1971-08-02,ACTIVE,N,,
ACC_007147,CUST_05709,SAVINGS,1952-10-26,ACTIVE,N,,
ACC_007148,CUST_05710,CURRENT,1983-01-13,ACTIVE,N,,
ACC_007149,CUST_05711,SAVINGS,2007-02-19,ACTIVE,N,,
ACC_007150,CUST_05712,SAVINGS,1967-10-06,ACTIVE,N,,
ACC_007151,CUST_05713,SAVINGS,2000-02-14,ACTIVE,N,,
ACC_007152,CUST_05713,SAVINGS,2021-11-26,ACTIVE,N,,
ACC_007153,CUST_05714,CURRENT,2008-08-23,ACTIVE,N,,
ACC_007154,CUST_05715,SAVINGS,1979-02-09,ACTIVE,N,,
ACC_007155,CUST_05716,CURRENT,1964-03-02,ACTIVE,N,,
ACC_007156,CUST_05717,SAVINGS,1992-02-19,ACTIVE,N,,
ACC_007157,CUST_05718,SAVINGS,1984-04-11,ACTIVE,N,,
ACC_007158,CUST_05719,SAVINGS,1961-03-08,ACTIVE,N,,
ACC_007159,CUST_05720,SAVINGS,2012-11-15,ACTIVE,N,,
ACC_007160,CUST_05721,SAVINGS,1955-07-21,ACTIVE,N,,
ACC_007161,CUST_05722,SAVINGS,2003-02-08,ACTIVE,N,,
ACC_007162,CUST_05723,SAVINGS,1989-09-09,ACTIVE,N,,
ACC_007163,CUST_05724,SAVINGS,2003-01-24,DORMANT,Y,2008-05-24,
ACC_007164,CUST_05725,SAVINGS,1998-04-10,ACTIVE,N,,
ACC_007165,CUST_05726,SAVINGS,2000-11-08,ACTIVE,N,,
ACC_007166,CUST_05727,SAVINGS,1989-07-21,ACTIVE,N,,
ACC_007167,CUST_05727,SAVINGS,1955-10-05,ACTIVE,N,,
ACC_007168,CUST_05728,SAVINGS,1975-05-25,ACTIVE,N,,
ACC_007169,CUST_05729,SAVINGS,2004-11-20,ACTIVE,N,,
ACC_007170,CUST_05730,CURRENT,1981-03-06,ACTIVE,N,,
ACC_007171,CUST_05731,SAVINGS,2000-03-24,INACTIVE,N,,2011-10-17
ACC_007172,CUST_05732,CURRENT,2023-12-20,ACTIVE,N,,
ACC_007173,CUST_05733,SAVINGS,1975-06-12,ACTIVE,N,,
ACC_007174,CUST_05734,SAVINGS,1989-12-28,DORMANT,Y,2003-01-13,
ACC_007175,CUST_05735,SAVINGS,1953-03-02,ACTIVE,N,,
ACC_007176,CUST_05736,SAVINGS,1961-07-07,DORMANT,Y,1993-06-26,
ACC_007177,CUST_05737,SAVINGS,2001-05-07,ACTIVE,N,,
ACC_007178,CUST_05738,SAVINGS,1991-11-19,ACTIVE,N,,
ACC_007179,CUST_05739,SAVINGS,2005-12-18,INACTIVE,N,,2015-06-26
ACC_007180,CUST_05740,SAVINGS,1989-07-20,ACTIVE,N,,
ACC_007181,CUST_05741,CURRENT,2019-10-26,ACTIVE,N,,
ACC_007182,CUST_05742,SAVINGS,2022-03-08,ACTIVE,N,,
ACC_007183,CUST_05742,SAVINGS,2018-10-05,ACTIVE,N,,
ACC_007184,CUST_05742,SAVINGS,1953-01-23,DORMANT,Y,1983-10-20,
ACC_007185,CUST_05743,SAVINGS,1964-10-30,ACTIVE,N,,
ACC_007186,CUST_05744,SAVINGS,2000-02-19,ACTIVE,N,,
ACC_007187,CUST_05745,SAVINGS,1982-11-11,DORMANT,Y,2020-09-13,
ACC_007188,CUST_05746,SAVINGS,2018-03-08,DORMANT,Y,2022-08-05,
ACC_007189,CUST_05747,SAVINGS,1974-04-16,ACTIVE,N,,
ACC_007190,CUST_05748,SAVINGS,1987-06-27,ACTIVE,N,,
ACC_007191,CUST_05749,SAVINGS,1995-02-15,ACTIVE,N,,
ACC_007192,CUST_05749,SAVINGS,1968-04-09,ACTIVE,N,,
ACC_007193,CUST_05750,SAVINGS,2013-05-19,ACTIVE,N,,
ACC_007194,CUST_05751,SAVINGS,1958-05-17,DORMANT,Y,2004-03-20,
ACC_007195,CUST_05752,SAVINGS,1996-04-06,ACTIVE,N,,
ACC_007196,CUST_05753,SAVINGS,1955-02-10,ACTIVE,N,,
ACC_007197,CUST_05753,SAVINGS,1989-06-05,ACTIVE,N,,
ACC_007198,CUST_05754,SAVINGS,1957-10-30,INACTIVE,N,,2015-11-15
ACC_007199,CUST_05755,CURRENT,1989-08-28,ACTIVE,N,,
ACC_007200,CUST_05755,CURRENT,1982-07-03,ACTIVE,N,,
ACC_007201,CUST_05756,SAVINGS,1977-11-07,ACTIVE,N,,
ACC_007202,CUST_05757,SAVINGS,1979-06-02,ACTIVE,N,,
ACC_007203,CUST_05757,SAVINGS,1978-06-09,ACTIVE,N,,
ACC_007204,CUST_05757,SAVINGS,1998-04-29,ACTIVE,N,,
ACC_007205,CUST_05758,SAVINGS,1976-06-13,ACTIVE,N,,
ACC_007206,CUST_05759,SAVINGS,2021-08-14,ACTIVE,N,,
ACC_007207,CUST_05760,SAVINGS,1985-01-28,ACTIVE,N,,
ACC_007208,CUST_05761,SAVINGS,1992-11-18,ACTIVE,N,,
ACC_007209,CUST_05762,CURRENT,1966-08-18,ACTIVE,N,,
ACC_007210,CUST_05763,CURRENT,2003-09-21,ACTIVE,N,,
ACC_007211,CUST_05764,SAVINGS,1980-03-13,DORMANT,Y,1989-10-26,
ACC_007212,CUST_05765,CURRENT,1963-11-28,DORMANT,Y,1970-01-13,
ACC_007213,CUST_05766,SAVINGS,1962-11-15,ACTIVE,N,,
ACC_007214,CUST_05766,SAVINGS,2011-11-22,ACTIVE,N,,
ACC_007215,CUST_05767,SAVINGS,2021-08-14,ACTIVE,N,,
ACC_007216,CUST_05768,SAVINGS,2013-06-26,ACTIVE,N,,
ACC_007217,CUST_05769,SAVINGS,1966-11-06,ACTIVE,N,,
ACC_007218,CUST_05769,SAVINGS,2024-02-03,ACTIVE,N,,
ACC_007219,CUST_05770,CURRENT,1956-07-30,ACTIVE,N,,
ACC_007220,CUST_05771,SAVINGS,1977-01-12,ACTIVE,N,,
ACC_007221,CUST_05772,SAVINGS,1982-10-24,ACTIVE,N,,
ACC_007222,CUST_05773,SAVINGS,1962-06-11,ACTIVE,N,,
ACC_007223,CUST_05774,SAVINGS,1976-12-12,ACTIVE,N,,
ACC_007224,CUST_05775,SAVINGS,2017-01-15,ACTIVE,N,,
ACC_007225,CUST_05776,CURRENT,1979-07-04,ACTIVE,N,,
ACC_007226,CUST_05777,SAVINGS,1968-05-02,ACTIVE,N,,
ACC_007227,CUST_05778,SAVINGS,2005-02-13,ACTIVE,N,,
ACC_007228,CUST_05779,SAVINGS,1993-12-18,ACTIVE,N,,
ACC_007229,CUST_05780,SAVINGS,1980-09-20,ACTIVE,N,,
ACC_007230,CUST_05781,SAVINGS,1955-05-04,ACTIVE,N,,
ACC_007231,CUST_05781,SAVINGS,2005-05-06,ACTIVE,N,,
ACC_007232,CUST_05781,SAVINGS,1954-09-24,DORMANT,Y,1965-03-09,
ACC_007233,CUST_05782,CURRENT,1961-05-31,ACTIVE,N,,
ACC_007234,CUST_05782,SAVINGS,2018-09-19,ACTIVE,N,,
ACC_007235,CUST_05783,SAVINGS,2017-08-06,ACTIVE,N,,
ACC_007236,CUST_05784,CURRENT,1994-07-26,ACTIVE,N,,
ACC_007237,CUST_05785,CURRENT,2002-12-28,DORMANT,Y,2006-03-26,
ACC_007238,CUST_05785,CURRENT,2012-11-02,ACTIVE,N,,
ACC_007239,CUST_05786,CURRENT,2018-02-22,ACTIVE,N,,
ACC_007240,CUST_05787,SAVINGS,2005-06-02,ACTIVE,N,,
ACC_007241,CUST_05788,SAVINGS,2021-05-19,ACTIVE,N,,
ACC_007242,CUST_05789,SAVINGS,1951-02-21,ACTIVE,N,,
ACC_007243,CUST_05790,CURRENT,1951-06-15,ACTIVE,N,,
ACC_007244,CUST_05791,SAVINGS,1975-02-26,ACTIVE,N,,
ACC_007245,CUST_05791,SAVINGS,1978-05-28,DORMANT,Y,1980-03-18,
ACC_007246,CUST_05792,SAVINGS,1954-01-01,ACTIVE,N,,
ACC_007247,CUST_05793,SAVINGS,1964-07-12,ACTIVE,N,,
ACC_007248,CUST_05794,CURRENT,1995-07-16,ACTIVE,N,,
ACC_007249,CUST_05795,CURRENT,2006-06-26,DORMANT,Y,2010-04-18,
ACC_007250,CUST_05796,SAVINGS,2024-10-26,ACTIVE,N,,
ACC_007251,CUST_05797,SAVINGS,1967-05-30,ACTIVE,N,,
ACC_007252,CUST_05798,SAVINGS,2021-04-19,DORMANT,Y,2021-05-09,
ACC_007253,CUST_05799,SAVINGS,1983-04-06,DORMANT,Y,2008-12-07,
ACC_007254,CUST_05800,SAVINGS,1995-06-09,ACTIVE,N,,
ACC_007255,CUST_05801,SAVINGS,2014-04-11,ACTIVE,N,,
ACC_007256,CUST_05802,SAVINGS,2017-09-09,ACTIVE,N,,
ACC_007257,CUST_05802,SAVINGS,1985-11-30,ACTIVE,N,,
ACC_007258,CUST_05803,SAVINGS,1988-08-09,ACTIVE,N,,
ACC_007259,CUST_05803,CURRENT,1966-04-17,ACTIVE,N,,
ACC_007260,CUST_05804,SAVINGS,2006-07-21,ACTIVE,N,,
ACC_007261,CUST_05805,SAVINGS,1950-06-02,ACTIVE,N,,
ACC_007262,CUST_05806,SAVINGS,1979-02-01,ACTIVE,N,,
ACC_007263,CUST_05807,SAVINGS,2003-04-27,DORMANT,Y,2015-11-02,
ACC_007264,CUST_05808,CURRENT,1997-01-23,ACTIVE,N,,
ACC_007265,CUST_05809,SAVINGS,1968-03-24,ACTIVE,N,,
ACC_007266,CUST_05809,SAVINGS,1957-11-20,ACTIVE,N,,
ACC_007267,CUST_05810,SAVINGS,1960-05-18,ACTIVE,N,,
ACC_007268,CUST_05811,SAVINGS,1992-05-11,ACTIVE,N,,
ACC_007269,CUST_05812,SAVINGS,1959-08-27,ACTIVE,N,,
ACC_007270,CUST_05813,CURRENT,1966-10-06,ACTIVE,N,,
ACC_007271,CUST_05814,SAVINGS,2021-08-01,ACTIVE,N,,
ACC_007272,CUST_05815,SAVINGS,1989-01-14,ACTIVE,N,,
ACC_007273,CUST_05816,SAVINGS,1964-10-25,DORMANT,Y,2001-07-05,
ACC_007274,CUST_05817,SAVINGS,1989-10-10,INACTIVE,N,,2005-02-21
ACC_007275,CUST_05818,SAVINGS,1981-06-27,ACTIVE,N,,
ACC_007276,CUST_05819,CURRENT,2004-01-13,DORMANT,Y,2022-01-23,
ACC_007277,CUST_05820,SAVINGS,2014-12-20,ACTIVE,N,,
ACC_007278,CUST_05821,SAVINGS,1996-09-04,ACTIVE,N,,
ACC_007279,CUST_05821,SAVINGS,1953-08-04,ACTIVE,N,,
ACC_007280,CUST_05822,SAVINGS,1968-12-16,ACTIVE,N,,
ACC_007281,CUST_05823,SAVINGS,2005-06-06,ACTIVE,N,,
ACC_007282,CUST_05824,SAVINGS,1976-07-01,ACTIVE,N,,
ACC_007283,CUST_05824,SAVINGS,1973-03-21,INACTIVE,N,,2022-06-01
ACC_007284,CUST_05825,SAVINGS,1971-06-18,ACTIVE,N,,
ACC_007285,CUST_05826,CURRENT,1979-05-05,DORMANT,Y,2020-08-13,
ACC_007286,CUST_05826,SAVINGS,2018-11-06,ACTIVE,N,,
ACC_007287,CUST_05826,SAVINGS,1970-02-16,ACTIVE,N,,
ACC_007288,CUST_05827,SAVINGS,1960-01-02,ACTIVE,N,,
ACC_007289,CUST_05828,SAVINGS,1982-09-07,ACTIVE,N,,
ACC_007290,CUST_05829,CURRENT,2011-06-03,ACTIVE,N,,
ACC_007291,CUST_05830,SAVINGS,1987-06-07,DORMANT,Y,2010-03-29,
ACC_007292,CUST_05831,SAVINGS,1995-12-17,DORMANT,Y,2010-03-11,
ACC_007293,CUST_05832,SAVINGS,1960-06-11,ACTIVE,N,,
ACC_007294,CUST_05833,SAVINGS,1962-07-21,ACTIVE,N,,
ACC_007295,CUST_05834,SAVINGS,1984-09-22,ACTIVE,N,,
ACC_007296,CUST_05834,SAVINGS,1954-12-19,ACTIVE,N,,
ACC_007297,CUST_05835,CURRENT,1990-01-03,ACTIVE,N,,
ACC_007298,CUST_05836,SAVINGS,1967-09-13,ACTIVE,N,,
ACC_007299,CUST_05837,CURRENT,2020-09-23,ACTIVE,N,,
ACC_007300,CUST_05838,SAVINGS,2022-12-18,ACTIVE,N,,
ACC_007301,CUST_05839,SAVINGS,2005-06-05,ACTIVE,N,,
ACC_007302,CUST_05840,SAVINGS,1955-11-01,ACTIVE,N,,
ACC_007303,CUST_05840,SAVINGS,1999-12-05,ACTIVE,N,,
ACC_007304,CUST_05841,SAVINGS,1952-11-22,ACTIVE,N,,
ACC_007305,CUST_05842,SAVINGS,1995-12-07,ACTIVE,N,,
ACC_007306,CUST_05843,SAVINGS,1982-05-06,ACTIVE,N,,
ACC_007307,CUST_05843,SAVINGS,2017-01-05,ACTIVE,N,,
ACC_007308,CUST_05844,SAVINGS,2003-10-30,INACTIVE,N,,2018-05-31
ACC_007309,CUST_05845,CURRENT,2009-04-03,ACTIVE,N,,
ACC_007310,CUST_05846,SAVINGS,1956-04-23,ACTIVE,N,,
ACC_007311,CUST_05847,SAVINGS,2020-09-06,ACTIVE,N,,
ACC_007312,CUST_05848,SAVINGS,1963-01-24,DORMANT,Y,1970-12-28,
ACC_007313,CUST_05849,CURRENT,1967-07-13,DORMANT,Y,1996-07-21,
ACC_007314,CUST_05850,SAVINGS,1952-06-12,ACTIVE,N,,
ACC_007315,CUST_05851,SAVINGS,1955-09-27,ACTIVE,N,,
ACC_007316,CUST_05852,SAVINGS,1976-04-05,ACTIVE,N,,
ACC_007317,CUST_05853,CURRENT,1957-07-16,ACTIVE,N,,
ACC_007318,CUST_05853,CURRENT,2020-10-22,ACTIVE,N,,
ACC_007319,CUST_05854,CURRENT,1977-08-27,ACTIVE,N,,
ACC_007320,CUST_05854,CURRENT,1999-03-06,ACTIVE,N,,
ACC_007321,CUST_05855,SAVINGS,2003-02-28,ACTIVE,N,,
ACC_007322,CUST_05855,SAVINGS,2004-02-23,ACTIVE,N,,
ACC_007323,CUST_05856,SAVINGS,1962-01-11,ACTIVE,N,,
ACC_007324,CUST_05856,SAVINGS,1953-09-17,ACTIVE,N,,
ACC_007325,CUST_05856,SAVINGS,2002-07-29,ACTIVE,N,,
ACC_007326,CUST_05857,SAVINGS,1970-12-16,ACTIVE,N,,
ACC_007327,CUST_05858,SAVINGS,2012-01-05,ACTIVE,N,,
ACC_007328,CUST_05859,CURRENT,1959-11-22,ACTIVE,N,,
ACC_007329,CUST_05860,SAVINGS,1993-08-09,DORMANT,Y,2018-12-16,
ACC_007330,CUST_05860,SAVINGS,1978-12-21,ACTIVE,N,,
ACC_007331,CUST_05861,SAVINGS,1963-08-09,ACTIVE,N,,
ACC_007332,CUST_05861,SAVINGS,1973-11-20,ACTIVE,N,,
ACC_007333,CUST_05862,SAVINGS,1979-10-02,ACTIVE,N,,
ACC_007334,CUST_05863,SAVINGS,1984-07-28,ACTIVE,N,,
ACC_007335,CUST_05864,SAVINGS,1996-05-07,ACTIVE,N,,
ACC_007336,CUST_05864,SAVINGS,1998-06-04,ACTIVE,N,,
ACC_007337,CUST_05865,SAVINGS,1957-01-31,ACTIVE,N,,
ACC_007338,CUST_05865,SAVINGS,2008-06-30,DORMANT,Y,2017-02-26,
ACC_007339,CUST_05866,SAVINGS,2024-11-23,ACTIVE,N,,
ACC_007340,CUST_05867,SAVINGS,1974-12-18,ACTIVE,N,,
ACC_007341,CUST_05867,SAVINGS,2009-05-16,ACTIVE,N,,
ACC_007342,CUST_05867,SAVINGS,1964-10-21,ACTIVE,N,,
ACC_007343,CUST_05868,SAVINGS,2016-01-23,ACTIVE,N,,
ACC_007344,CUST_05869,SAVINGS,2016-01-17,DORMANT,Y,2023-04-07,
ACC_007345,CUST_05869,SAVINGS,1969-05-29,DORMANT,Y,2011-09-05,
ACC_007346,CUST_05870,CURRENT,1978-09-12,ACTIVE,N,,
ACC_007347,CUST_05870,SAVINGS,2021-05-20,ACTIVE,N,,
ACC_007348,CUST_05871,CURRENT,1985-11-25,ACTIVE,N,,
ACC_007349,CUST_05872,SAVINGS,1989-07-10,INACTIVE,N,,1992-04-07
ACC_007350,CUST_05873,SAVINGS,1965-10-06,ACTIVE,N,,
ACC_007351,CUST_05874,CURRENT,1982-12-13,ACTIVE,N,,
ACC_007352,CUST_05874,SAVINGS,1991-05-18,ACTIVE,N,,
ACC_007353,CUST_05875,SAVINGS,1950-09-04,INACTIVE,N,,2022-07-05
ACC_007354,CUST_05875,SAVINGS,2010-11-23,ACTIVE,N,,
ACC_007355,CUST_05876,SAVINGS,1976-05-31,ACTIVE,N,,
ACC_007356,CUST_05877,CURRENT,1996-08-18,ACTIVE,N,,
ACC_007357,CUST_05878,SAVINGS,1990-08-14,ACTIVE,N,,
ACC_007358,CUST_05879,SAVINGS,1982-04-25,ACTIVE,N,,
ACC_007359,CUST_05880,SAVINGS,2014-11-27,ACTIVE,N,,
ACC_007360,CUST_05881,SAVINGS,2024-11-22,ACTIVE,N,,
ACC_007361,CUST_05882,SAVINGS,2021-12-11,ACTIVE,N,,
ACC_007362,CUST_05883,SAVINGS,1968-07-30,ACTIVE,N,,
ACC_007363,CUST_05883,SAVINGS,2005-06-15,ACTIVE,N,,
ACC_007364,CUST_05884,SAVINGS,1956-04-11,ACTIVE,N,,
ACC_007365,CUST_05885,SAVINGS,1978-11-06,DORMANT,Y,1994-10-02,
ACC_007366,CUST_05886,SAVINGS,2000-12-10,ACTIVE,N,,
ACC_007367,CUST_05887,SAVINGS,1966-11-23,ACTIVE,N,,
ACC_007368,CUST_05887,SAVINGS,1957-04-08,ACTIVE,N,,
ACC_007369,CUST_05887,SAVINGS,1963-12-13,ACTIVE,N,,
ACC_007370,CUST_05888,CURRENT,2000-06-07,ACTIVE,N,,
ACC_007371,CUST_05889,CURRENT,2011-06-15,ACTIVE,N,,
ACC_007372,CUST_05890,CURRENT,1952-06-16,ACTIVE,N,,
ACC_007373,CUST_05891,SAVINGS,1956-06-18,ACTIVE,N,,
ACC_007374,CUST_05892,SAVINGS,2019-01-21,ACTIVE,N,,
ACC_007375,CUST_05893,SAVINGS,2000-02-13,ACTIVE,N,,
ACC_007376,CUST_05894,SAVINGS,1958-10-29,ACTIVE,N,,
ACC_007377,CUST_05894,SAVINGS,1989-05-19,DORMANT,Y,2008-10-28,
ACC_007378,CUST_05895,SAVINGS,1974-09-28,ACTIVE,N,,
ACC_007379,CUST_05896,SAVINGS,1952-02-24,ACTIVE,N,,
ACC_007380,CUST_05897,CURRENT,2011-09-02,ACTIVE,N,,
ACC_007381,CUST_05898,SAVINGS,1984-09-27,ACTIVE,N,,
ACC_007382,CUST_05899,SAVINGS,1972-07-16,DORMANT,Y,1999-12-15,
ACC_007383,CUST_05900,SAVINGS,2007-04-06,ACTIVE,N,,
ACC_007384,CUST_05901,SAVINGS,2001-02-26,ACTIVE,N,,
ACC_007385,CUST_05902,SAVINGS,1990-05-05,ACTIVE,N,,
ACC_007386,CUST_05903,SAVINGS,2012-02-02,DORMANT,Y,2013-08-12,
ACC_007387,CUST_05904,SAVINGS,2021-01-27,ACTIVE,N,,
ACC_007388,CUST_05905,SAVINGS,1990-03-23,ACTIVE,N,,
ACC_007389,CUST_05905,SAVINGS,1969-10-04,ACTIVE,N,,
ACC_007390,CUST_05906,SAVINGS,2022-11-07,ACTIVE,N,,
ACC_007391,CUST_05907,SAVINGS,1999-11-02,ACTIVE,N,,
ACC_007392,CUST_05908,SAVINGS,2002-04-11,ACTIVE,N,,
ACC_007393,CUST_05908,SAVINGS,1983-10-13,ACTIVE,N,,
ACC_007394,CUST_05909,SAVINGS,1969-12-31,ACTIVE,N,,
ACC_007395,CUST_05909,SAVINGS,1994-12-17,ACTIVE,N,,
ACC_007396,CUST_05910,SAVINGS,1964-01-05,ACTIVE,N,,
ACC_007397,CUST_05911,SAVINGS,1990-01-26,ACTIVE,N,,
ACC_007398,CUST_05912,CURRENT,1952-11-23,INACTIVE,N,,2021-01-01
ACC_007399,CUST_05913,SAVINGS,1992-02-19,DORMANT,Y,2011-07-06,
ACC_007400,CUST_05914,SAVINGS,1976-06-19,ACTIVE,N,,
ACC_007401,CUST_05915,SAVINGS,1973-11-01,ACTIVE,N,,
ACC_007402,CUST_05916,SAVINGS,1975-11-29,DORMANT,Y,1983-04-14,
ACC_007403,CUST_05917,SAVINGS,1975-03-05,ACTIVE,N,,
ACC_007404,CUST_05918,SAVINGS,1980-05-09,ACTIVE,N,,
ACC_007405,CUST_05919,SAVINGS,1990-01-27,ACTIVE,N,,
ACC_007406,CUST_05920,SAVINGS,1969-03-25,ACTIVE,N,,
ACC_007407,CUST_05921,SAVINGS,2008-07-04,ACTIVE,N,,
ACC_007408,CUST_05922,SAVINGS,2005-01-05,ACTIVE,N,,
ACC_007409,CUST_05923,CURRENT,1957-06-15,ACTIVE,N,,
ACC_007410,CUST_05924,SAVINGS,2005-07-03,ACTIVE,N,,
ACC_007411,CUST_05925,CURRENT,1953-02-15,ACTIVE,N,,
ACC_007412,CUST_05925,SAVINGS,2014-05-16,ACTIVE,N,,
ACC_007413,CUST_05925,SAVINGS,1971-02-05,ACTIVE,N,,
ACC_007414,CUST_05926,SAVINGS,2004-03-02,ACTIVE,N,,
ACC_007415,CUST_05927,SAVINGS,1966-01-08,ACTIVE,N,,
ACC_007416,CUST_05928,SAVINGS,2012-03-22,ACTIVE,N,,
ACC_007417,CUST_05929,SAVINGS,2006-11-07,INACTIVE,N,,2007-11-21
ACC_007418,CUST_05930,CURRENT,2010-02-26,ACTIVE,N,,
ACC_007419,CUST_05930,CURRENT,1973-09-02,ACTIVE,N,,
ACC_007420,CUST_05931,SAVINGS,1979-05-21,ACTIVE,N,,
ACC_007421,CUST_05931,SAVINGS,1992-02-15,ACTIVE,N,,
ACC_007422,CUST_05932,CURRENT,1981-01-17,ACTIVE,N,,
ACC_007423,CUST_05933,SAVINGS,2020-10-09,ACTIVE,N,,
ACC_007424,CUST_05934,SAVINGS,1979-12-31,ACTIVE,N,,
ACC_007425,CUST_05935,SAVINGS,1994-05-04,ACTIVE,N,,
ACC_007426,CUST_05936,SAVINGS,1999-03-30,ACTIVE,N,,
ACC_007427,CUST_05937,SAVINGS,1983-03-16,ACTIVE,N,,
ACC_007428,CUST_05938,SAVINGS,2020-10-19,ACTIVE,N,,
ACC_007429,CUST_05939,SAVINGS,1968-11-08,ACTIVE,N,,
ACC_007430,CUST_05939,SAVINGS,1952-05-19,ACTIVE,N,,
ACC_007431,CUST_05940,SAVINGS,1988-09-30,DORMANT,Y,1988-12-15,
ACC_007432,CUST_05941,SAVINGS,1996-11-29,ACTIVE,N,,
ACC_007433,CUST_05942,SAVINGS,2005-06-16,ACTIVE,N,,
ACC_007434,CUST_05942,SAVINGS,1966-01-13,ACTIVE,N,,
ACC_007435,CUST_05943,SAVINGS,1969-05-22,INACTIVE,N,,2016-09-09
ACC_007436,CUST_05944,CURRENT,2009-02-01,ACTIVE,N,,
ACC_007437,CUST_05945,SAVINGS,1996-06-16,ACTIVE,N,,
ACC_007438,CUST_05946,SAVINGS,1954-01-28,INACTIVE,N,,1974-02-11
ACC_007439,CUST_05947,SAVINGS,2005-04-15,DORMANT,Y,2017-06-29,
ACC_007440,CUST_05948,CURRENT,2024-02-09,ACTIVE,N,,
ACC_007441,CUST_05949,SAVINGS,1969-12-15,ACTIVE,N,,
ACC_007442,CUST_05949,SAVINGS,2009-02-01,ACTIVE,N,,
ACC_007443,CUST_05950,SAVINGS,1986-03-17,ACTIVE,N,,
ACC_007444,CUST_05950,SAVINGS,1962-09-22,ACTIVE,N,,
ACC_007445,CUST_05951,SAVINGS,2024-12-09,ACTIVE,N,,
ACC_007446,CUST_05952,SAVINGS,2002-01-18,ACTIVE,N,,
ACC_007447,CUST_05953,SAVINGS,2001-06-27,ACTIVE,N,,
ACC_007448,CUST_05954,SAVINGS,1996-11-30,ACTIVE,N,,
ACC_007449,CUST_05955,SAVINGS,2005-05-20,INACTIVE,N,,2007-11-10
ACC_007450,CUST_05956,SAVINGS,1979-06-26,ACTIVE,N,,
ACC_007451,CUST_05957,SAVINGS,1952-01-13,ACTIVE,N,,
ACC_007452,CUST_05958,SAVINGS,2015-08-04,ACTIVE,N,,
ACC_007453,CUST_05959,SAVINGS,2007-12-22,ACTIVE,N,,
ACC_007454,CUST_05960,CURRENT,1963-05-17,ACTIVE,N,,
ACC_007455,CUST_05961,SAVINGS,1969-10-31,ACTIVE,N,,
ACC_007456,CUST_05962,CURRENT,1975-11-25,ACTIVE,N,,
ACC_007457,CUST_05963,SAVINGS,2021-12-06,ACTIVE,N,,
ACC_007458,CUST_05964,SAVINGS,1992-09-10,ACTIVE,N,,
ACC_007459,CUST_05964,SAVINGS,1995-11-06,ACTIVE,N,,
ACC_007460,CUST_05965,CURRENT,1966-05-11,ACTIVE,N,,
ACC_007461,CUST_05966,CURRENT,1984-04-15,ACTIVE,N,,
ACC_007462,CUST_05967,CURRENT,1976-02-20,ACTIVE,N,,
ACC_007463,CUST_05968,SAVINGS,1986-05-06,ACTIVE,N,,
ACC_007464,CUST_05968,CURRENT,2004-04-05,ACTIVE,N,,
ACC_007465,CUST_05968,SAVINGS,2023-09-11,ACTIVE,N,,
ACC_007466,CUST_05969,CURRENT,1970-04-10,ACTIVE,N,,
ACC_007467,CUST_05970,SAVINGS,1982-09-30,ACTIVE,N,,
ACC_007468,CUST_05971,SAVINGS,1992-04-17,ACTIVE,N,,
ACC_007469,CUST_05972,SAVINGS,2019-04-13,ACTIVE,N,,
ACC_007470,CUST_05972,SAVINGS,1987-01-03,DORMANT,Y,1989-10-07,
ACC_007471,CUST_05973,SAVINGS,1954-01-04,ACTIVE,N,,
ACC_007472,CUST_05973,SAVINGS,1972-05-09,ACTIVE,N,,
ACC_007473,CUST_05974,CURRENT,2015-02-11,ACTIVE,N,,
ACC_007474,CUST_05975,CURRENT,1980-06-13,ACTIVE,N,,
ACC_007475,CUST_05976,SAVINGS,1950-02-18,DORMANT,Y,1951-01-07,
ACC_007476,CUST_05976,SAVINGS,2019-12-11,ACTIVE,N,,
ACC_007477,CUST_05976,SAVINGS,2009-02-06,ACTIVE,N,,
ACC_007478,CUST_05977,SAVINGS,2003-03-04,ACTIVE,N,,
ACC_007479,CUST_05977,SAVINGS,2002-12-25,ACTIVE,N,,
ACC_007480,CUST_05978,SAVINGS,1958-07-10,ACTIVE,N,,
ACC_007481,CUST_05979,SAVINGS,1957-07-04,ACTIVE,N,,
ACC_007482,CUST_05979,SAVINGS,1965-11-23,ACTIVE,N,,
ACC_007483,CUST_05980,SAVINGS,2002-09-12,ACTIVE,N,,
ACC_007484,CUST_05981,SAVINGS,2018-07-31,DORMANT,Y,2020-04-18,
ACC_007485,CUST_05982,CURRENT,1960-03-20,ACTIVE,N,,
ACC_007486,CUST_05983,SAVINGS,1961-01-20,ACTIVE,N,,
ACC_007487,CUST_05983,SAVINGS,1976-04-24,ACTIVE,N,,
ACC_007488,CUST_05984,SAVINGS,1995-07-29,ACTIVE,N,,
ACC_007489,CUST_05985,SAVINGS,1953-06-20,ACTIVE,N,,
ACC_007490,CUST_05986,SAVINGS,1956-07-09,ACTIVE,N,,
ACC_007491,CUST_05987,SAVINGS,1959-01-05,ACTIVE,N,,
ACC_007492,CUST_05988,CURRENT,2001-01-23,ACTIVE,N,,
ACC_007493,CUST_05989,SAVINGS,2021-11-01,ACTIVE,N,,
ACC_007494,CUST_05990,SAVINGS,1957-08-15,ACTIVE,N,,
ACC_007495,CUST_05991,SAVINGS,1988-01-03,ACTIVE,N,,
ACC_007496,CUST_05992,SAVINGS,1960-11-26,ACTIVE,N,,
ACC_007497,CUST_05992,SAVINGS,1989-11-18,DORMANT,Y,1994-11-10,
ACC_007498,CUST_05993,SAVINGS,1993-09-28,ACTIVE,N,,
ACC_007499,CUST_05993,SAVINGS,1957-05-24,ACTIVE,N,,
ACC_007500,CUST_05994,SAVINGS,2011-09-03,ACTIVE,N,,
ACC_007501,CUST_05994,SAVINGS,2005-07-02,ACTIVE,N,,
ACC_007502,CUST_05995,SAVINGS,1974-02-12,ACTIVE,N,,
ACC_007503,CUST_05996,SAVINGS,2021-01-07,ACTIVE,N,,
ACC_007504,CUST_05996,CURRENT,1976-08-30,ACTIVE,N,,
ACC_007505,CUST_05997,SAVINGS,2010-05-03,ACTIVE,N,,
ACC_007506,CUST_05998,SAVINGS,2005-12-15,ACTIVE,N,,
ACC_007507,CUST_05999,SAVINGS,1969-07-20,ACTIVE,N,,
ACC_007508,CUST_06000,CURRENT,1956-11-05,INACTIVE,N,,2006-12-24
ACC_007509,CUST_06000,SAVINGS,1980-01-05,ACTIVE,N,,
ACC_007510,CUST_06000,SAVINGS,1988-01-30,ACTIVE,N,,
ACC_007511,CUST_06001,SAVINGS,1986-10-06,ACTIVE,N,,
ACC_007512,CUST_06002,SAVINGS,1952-04-16,ACTIVE,N,,
ACC_007513,CUST_06003,CURRENT,2017-05-28,ACTIVE,N,,
ACC_007514,CUST_06003,CURRENT,2009-12-21,ACTIVE,N,,
ACC_007515,CUST_06004,SAVINGS,2010-04-02,ACTIVE,N,,
ACC_007516,CUST_06005,SAVINGS,1988-04-24,ACTIVE,N,,
ACC_007517,CUST_06006,SAVINGS,2003-03-07,ACTIVE,N,,
ACC_007518,CUST_06007,SAVINGS,1972-02-03,ACTIVE,N,,
ACC_007519,CUST_06008,SAVINGS,1957-12-02,ACTIVE,N,,
ACC_007520,CUST_06009,SAVINGS,2011-02-11,ACTIVE,N,,
ACC_007521,CUST_06010,SAVINGS,1969-01-07,ACTIVE,N,,
ACC_007522,CUST_06011,SAVINGS,2004-11-17,ACTIVE,N,,
ACC_007523,CUST_06012,SAVINGS,2006-01-10,ACTIVE,N,,
ACC_007524,CUST_06012,CURRENT,1967-09-12,ACTIVE,N,,
ACC_007525,CUST_06013,SAVINGS,1968-09-02,ACTIVE,N,,
ACC_007526,CUST_06013,SAVINGS,1996-11-22,ACTIVE,N,,
ACC_007527,CUST_06013,SAVINGS,1952-08-25,ACTIVE,N,,
ACC_007528,CUST_06014,SAVINGS,1962-07-13,ACTIVE,N,,
ACC_007529,CUST_06014,SAVINGS,2016-12-22,DORMANT,Y,2023-02-21,
ACC_007530,CUST_06014,CURRENT,2014-07-13,DORMANT,Y,2021-01-26,
ACC_007531,CUST_06015,SAVINGS,1956-06-28,ACTIVE,N,,
ACC_007532,CUST_06016,SAVINGS,1971-11-28,ACTIVE,N,,
ACC_007533,CUST_06017,SAVINGS,1959-02-03,ACTIVE,N,,
ACC_007534,CUST_06018,SAVINGS,1985-11-13,ACTIVE,N,,
ACC_007535,CUST_06019,SAVINGS,1953-02-04,ACTIVE,N,,
ACC_007536,CUST_06020,SAVINGS,2004-01-26,ACTIVE,N,,
ACC_007537,CUST_06021,SAVINGS,2021-04-25,ACTIVE,N,,
ACC_007538,CUST_06022,CURRENT,2022-08-13,ACTIVE,N,,
ACC_007539,CUST_06023,CURRENT,1985-10-07,ACTIVE,N,,
ACC_007540,CUST_06024,SAVINGS,1959-02-21,ACTIVE,N,,
ACC_007541,CUST_06025,CURRENT,1976-07-29,ACTIVE,N,,
ACC_007542,CUST_06025,SAVINGS,1977-01-03,ACTIVE,N,,
ACC_007543,CUST_06026,SAVINGS,1977-08-01,ACTIVE,N,,
ACC_007544,CUST_06027,CURRENT,2011-10-09,ACTIVE,N,,
ACC_007545,CUST_06028,SAVINGS,1981-08-04,INACTIVE,N,,1987-08-29
ACC_007546,CUST_06029,SAVINGS,1968-01-21,ACTIVE,N,,
ACC_007547,CUST_06029,SAVINGS,1992-10-05,ACTIVE,N,,
ACC_007548,CUST_06030,SAVINGS,1998-09-16,ACTIVE,N,,
ACC_007549,CUST_06031,SAVINGS,1973-04-22,ACTIVE,N,,
ACC_007550,CUST_06032,SAVINGS,1977-07-30,INACTIVE,N,,2001-01-13
ACC_007551,CUST_06033,CURRENT,2004-08-14,ACTIVE,N,,
ACC_007552,CUST_06034,SAVINGS,1964-10-18,ACTIVE,N,,
ACC_007553,CUST_06034,SAVINGS,2013-08-02,ACTIVE,N,,
ACC_007554,CUST_06035,SAVINGS,2024-02-18,ACTIVE,N,,
ACC_007555,CUST_06036,SAVINGS,1960-10-09,ACTIVE,N,,
ACC_007556,CUST_06037,SAVINGS,2013-03-09,ACTIVE,N,,
ACC_007557,CUST_06038,CURRENT,1951-06-13,INACTIVE,N,,1979-05-03
ACC_007558,CUST_06039,SAVINGS,1972-05-11,ACTIVE,N,,
ACC_007559,CUST_06040,CURRENT,1963-11-02,ACTIVE,N,,
ACC_007560,CUST_06041,SAVINGS,1960-09-11,INACTIVE,N,,2001-09-21
ACC_007561,CUST_06042,SAVINGS,1972-03-27,ACTIVE,N,,
ACC_007562,CUST_06043,SAVINGS,1950-01-24,ACTIVE,N,,
ACC_007563,CUST_06044,SAVINGS,2001-09-11,ACTIVE,N,,
ACC_007564,CUST_06045,SAVINGS,1965-04-30,ACTIVE,N,,
ACC_007565,CUST_06046,SAVINGS,1979-10-16,ACTIVE,N,,
ACC_007566,CUST_06047,SAVINGS,2007-06-03,ACTIVE,N,,
ACC_007567,CUST_06048,SAVINGS,1982-05-22,INACTIVE,N,,2017-04-26
ACC_007568,CUST_06049,SAVINGS,1993-03-31,ACTIVE,N,,
ACC_007569,CUST_06050,CURRENT,1968-01-06,ACTIVE,N,,
ACC_007570,CUST_06051,CURRENT,2013-08-28,ACTIVE,N,,
ACC_007571,CUST_06052,SAVINGS,2017-06-21,ACTIVE,N,,
ACC_007572,CUST_06053,SAVINGS,2024-04-29,ACTIVE,N,,
ACC_007573,CUST_06054,SAVINGS,1996-12-13,DORMANT,Y,2009-09-28,
ACC_007574,CUST_06055,SAVINGS,1966-07-04,ACTIVE,N,,
ACC_007575,CUST_06056,SAVINGS,1975-11-30,ACTIVE,N,,
ACC_007576,CUST_06056,SAVINGS,1979-09-15,ACTIVE,N,,
ACC_007577,CUST_06057,SAVINGS,2010-11-26,ACTIVE,N,,
ACC_007578,CUST_06058,SAVINGS,1960-02-13,ACTIVE,N,,
ACC_007579,CUST_06059,SAVINGS,2024-03-14,ACTIVE,N,,
ACC_007580,CUST_06060,SAVINGS,1990-05-21,ACTIVE,N,,
ACC_007581,CUST_06061,SAVINGS,1991-10-18,ACTIVE,N,,
ACC_007582,CUST_06062,CURRENT,1986-01-05,DORMANT,Y,1989-05-11,
ACC_007583,CUST_06063,SAVINGS,1972-12-16,ACTIVE,N,,
ACC_007584,CUST_06063,SAVINGS,1993-12-18,ACTIVE,N,,
ACC_007585,CUST_06064,SAVINGS,1956-07-03,ACTIVE,N,,
ACC_007586,CUST_06065,SAVINGS,1969-03-03,ACTIVE,N,,
ACC_007587,CUST_06065,SAVINGS,2003-11-03,ACTIVE,N,,
ACC_007588,CUST_06066,CURRENT,1990-01-06,ACTIVE,N,,
ACC_007589,CUST_06066,SAVINGS,2019-06-13,ACTIVE,N,,
ACC_007590,CUST_06067,SAVINGS,1955-11-08,ACTIVE,N,,
ACC_007591,CUST_06068,CURRENT,1962-11-12,ACTIVE,N,,
ACC_007592,CUST_06068,CURRENT,2008-09-06,ACTIVE,N,,
ACC_007593,CUST_06068,SAVINGS,1987-06-25,DORMANT,Y,2006-11-09,
ACC_007594,CUST_06069,SAVINGS,1957-03-14,INACTIVE,N,,1973-04-17
ACC_007595,CUST_06070,SAVINGS,2011-06-26,INACTIVE,N,,2014-12-20
ACC_007596,CUST_06071,CURRENT,1984-01-16,ACTIVE,N,,
ACC_007597,CUST_06072,SAVINGS,1963-10-31,ACTIVE,N,,
ACC_007598,CUST_06073,SAVINGS,2004-03-20,ACTIVE,N,,
ACC_007599,CUST_06074,SAVINGS,2014-01-08,DORMANT,Y,2023-02-09,
ACC_007600,CUST_06075,SAVINGS,1964-09-26,ACTIVE,N,,
ACC_007601,CUST_06076,SAVINGS,1969-04-18,ACTIVE,N,,
ACC_007602,CUST_06077,SAVINGS,2013-01-16,INACTIVE,N,,2021-07-17
ACC_007603,CUST_06078,CURRENT,2019-11-15,DORMANT,Y,2021-04-27,
ACC_007604,CUST_06079,SAVINGS,1975-05-28,ACTIVE,N,,
ACC_007605,CUST_06080,SAVINGS,1960-03-26,ACTIVE,N,,
ACC_007606,CUST_06081,SAVINGS,1951-11-28,DORMANT,Y,1973-11-19,
ACC_007607,CUST_06082,SAVINGS,1962-07-23,ACTIVE,N,,
ACC_007608,CUST_06082,SAVINGS,2016-11-26,ACTIVE,N,,
ACC_007609,CUST_06083,SAVINGS,2022-12-25,DORMANT,Y,2024-09-27,
ACC_007610,CUST_06084,SAVINGS,1974-10-28,ACTIVE,N,,
ACC_007611,CUST_06085,SAVINGS,1963-12-06,ACTIVE,N,,
ACC_007612,CUST_06085,SAVINGS,1976-04-27,ACTIVE,N,,
ACC_007613,CUST_06086,SAVINGS,1985-07-15,ACTIVE,N,,
ACC_007614,CUST_06087,SAVINGS,2020-09-10,ACTIVE,N,,
ACC_007615,CUST_06088,SAVINGS,2007-02-22,ACTIVE,N,,
ACC_007616,CUST_06089,SAVINGS,1973-05-11,ACTIVE,N,,
ACC_007617,CUST_06090,SAVINGS,2024-04-30,DORMANT,Y,2024-09-09,
ACC_007618,CUST_06091,CURRENT,2016-11-12,ACTIVE,N,,
ACC_007619,CUST_06092,SAVINGS,2009-08-08,ACTIVE,N,,
ACC_007620,CUST_06093,SAVINGS,1981-10-30,ACTIVE,N,,
ACC_007621,CUST_06094,SAVINGS,2007-12-25,ACTIVE,N,,
ACC_007622,CUST_06095,SAVINGS,1981-07-11,ACTIVE,N,,
ACC_007623,CUST_06096,SAVINGS,2023-05-29,ACTIVE,N,,
ACC_007624,CUST_06097,SAVINGS,1983-01-29,ACTIVE,N,,
ACC_007625,CUST_06098,CURRENT,1965-08-25,ACTIVE,N,,
ACC_007626,CUST_06099,SAVINGS,2020-02-18,ACTIVE,N,,
ACC_007627,CUST_06100,CURRENT,1974-02-13,ACTIVE,N,,
ACC_007628,CUST_06101,SAVINGS,2023-12-22,ACTIVE,N,,
ACC_007629,CUST_06102,CURRENT,1993-05-04,ACTIVE,N,,
ACC_007630,CUST_06103,SAVINGS,2005-08-02,ACTIVE,N,,
ACC_007631,CUST_06104,CURRENT,1953-12-20,ACTIVE,N,,
ACC_007632,CUST_06105,SAVINGS,1996-01-25,ACTIVE,N,,
ACC_007633,CUST_06105,SAVINGS,1981-02-26,ACTIVE,N,,
ACC_007634,CUST_06106,SAVINGS,2011-03-13,DORMANT,Y,2023-10-06,
ACC_007635,CUST_06106,SAVINGS,1953-02-13,ACTIVE,N,,
ACC_007636,CUST_06107,SAVINGS,2017-01-27,ACTIVE,N,,
ACC_007637,CUST_06108,SAVINGS,2024-02-14,ACTIVE,N,,
ACC_007638,CUST_06108,SAVINGS,2008-05-06,DORMANT,Y,2015-03-13,
ACC_007639,CUST_06108,SAVINGS,1966-03-13,ACTIVE,N,,
ACC_007640,CUST_06109,SAVINGS,2011-09-25,ACTIVE,N,,
ACC_007641,CUST_06110,CURRENT,2015-02-06,ACTIVE,N,,
ACC_007642,CUST_06111,SAVINGS,1958-04-25,DORMANT,Y,1985-09-18,
ACC_007643,CUST_06111,SAVINGS,2017-07-27,DORMANT,Y,2019-07-30,
ACC_007644,CUST_06111,SAVINGS,2005-02-17,ACTIVE,N,,
ACC_007645,CUST_06112,SAVINGS,2020-07-15,ACTIVE,N,,
ACC_007646,CUST_06113,CURRENT,1969-12-11,ACTIVE,N,,
ACC_007647,CUST_06114,SAVINGS,1952-02-08,INACTIVE,N,,2001-10-16
ACC_007648,CUST_06115,SAVINGS,1950-04-22,ACTIVE,N,,
ACC_007649,CUST_06115,SAVINGS,2001-03-10,ACTIVE,N,,
ACC_007650,CUST_06116,SAVINGS,2023-07-31,ACTIVE,N,,
ACC_007651,CUST_06117,SAVINGS,1969-07-19,ACTIVE,N,,
ACC_007652,CUST_06117,SAVINGS,1961-06-25,ACTIVE,N,,
ACC_007653,CUST_06117,SAVINGS,1973-04-07,ACTIVE,N,,
ACC_007654,CUST_06118,SAVINGS,1974-07-24,ACTIVE,N,,
ACC_007655,CUST_06119,SAVINGS,1980-06-22,ACTIVE,N,,
ACC_007656,CUST_06120,SAVINGS,1997-07-16,ACTIVE,N,,
ACC_007657,CUST_06121,SAVINGS,1994-08-17,ACTIVE,N,,
ACC_007658,CUST_06122,SAVINGS,1971-09-02,ACTIVE,N,,
ACC_007659,CUST_06122,SAVINGS,1961-09-24,ACTIVE,N,,
ACC_007660,CUST_06123,SAVINGS,2003-07-15,ACTIVE,N,,
ACC_007661,CUST_06124,SAVINGS,1999-10-26,DORMANT,Y,2000-04-27,
ACC_007662,CUST_06125,SAVINGS,1995-08-08,DORMANT,Y,2013-12-10,
ACC_007663,CUST_06126,SAVINGS,2010-11-16,ACTIVE,N,,
ACC_007664,CUST_06127,SAVINGS,1964-04-11,ACTIVE,N,,
ACC_007665,CUST_06128,SAVINGS,1986-01-20,ACTIVE,N,,
ACC_007666,CUST_06129,SAVINGS,2005-02-10,ACTIVE,N,,
ACC_007667,CUST_06130,SAVINGS,1970-06-18,ACTIVE,N,,
ACC_007668,CUST_06131,SAVINGS,1959-12-01,ACTIVE,N,,
ACC_007669,CUST_06132,CURRENT,2021-02-27,ACTIVE,N,,
ACC_007670,CUST_06132,SAVINGS,1973-09-17,ACTIVE,N,,
ACC_007671,CUST_06133,SAVINGS,1959-11-26,ACTIVE,N,,
ACC_007672,CUST_06133,SAVINGS,1968-11-19,ACTIVE,N,,
ACC_007673,CUST_06133,SAVINGS,1994-07-23,ACTIVE,N,,
ACC_007674,CUST_06134,SAVINGS,2004-02-28,ACTIVE,N,,
ACC_007675,CUST_06134,SAVINGS,2012-02-28,ACTIVE,N,,
ACC_007676,CUST_06134,SAVINGS,1955-05-15,ACTIVE,N,,
ACC_007677,CUST_06135,SAVINGS,2022-09-18,ACTIVE,N,,
ACC_007678,CUST_06135,SAVINGS,1986-07-19,ACTIVE,N,,
ACC_007679,CUST_06136,SAVINGS,1982-01-05,ACTIVE,N,,
ACC_007680,CUST_06136,SAVINGS,2008-07-08,ACTIVE,N,,
ACC_007681,CUST_06136,SAVINGS,2023-09-30,ACTIVE,N,,
ACC_007682,CUST_06137,CURRENT,1989-04-22,ACTIVE,N,,
ACC_007683,CUST_06138,CURRENT,2024-05-29,ACTIVE,N,,
ACC_007684,CUST_06139,SAVINGS,1952-03-14,ACTIVE,N,,
ACC_007685,CUST_06139,SAVINGS,1971-07-20,DORMANT,Y,1980-03-07,
ACC_007686,CUST_06140,SAVINGS,1955-02-22,ACTIVE,N,,
ACC_007687,CUST_06141,SAVINGS,1995-01-13,ACTIVE,N,,
ACC_007688,CUST_06142,SAVINGS,1954-08-13,ACTIVE,N,,
ACC_007689,CUST_06143,SAVINGS,1981-04-11,ACTIVE,N,,
ACC_007690,CUST_06143,SAVINGS,2023-10-22,ACTIVE,N,,
ACC_007691,CUST_06144,CURRENT,2008-12-14,ACTIVE,N,,
ACC_007692,CUST_06145,SAVINGS,1984-02-17,ACTIVE,N,,
ACC_007693,CUST_06146,CURRENT,2019-01-20,ACTIVE,N,,
ACC_007694,CUST_06147,SAVINGS,1989-09-21,ACTIVE,N,,
ACC_007695,CUST_06148,SAVINGS,1967-09-10,ACTIVE,N,,
ACC_007696,CUST_06149,SAVINGS,1990-07-30,ACTIVE,N,,
ACC_007697,CUST_06150,CURRENT,1995-12-19,ACTIVE,N,,
ACC_007698,CUST_06151,SAVINGS,2019-09-17,ACTIVE,N,,
ACC_007699,CUST_06152,SAVINGS,1958-12-26,ACTIVE,N,,
ACC_007700,CUST_06153,CURRENT,1961-06-08,ACTIVE,N,,
ACC_007701,CUST_06154,SAVINGS,1988-08-05,ACTIVE,N,,
ACC_007702,CUST_06154,SAVINGS,1997-03-13,ACTIVE,N,,
ACC_007703,CUST_06155,SAVINGS,2011-07-02,ACTIVE,N,,
ACC_007704,CUST_06156,SAVINGS,2024-04-08,ACTIVE,N,,
ACC_007705,CUST_06157,SAVINGS,2019-01-28,ACTIVE,N,,
ACC_007706,CUST_06158,SAVINGS,2012-04-26,ACTIVE,N,,
ACC_007707,CUST_06158,CURRENT,1954-11-15,ACTIVE,N,,
ACC_007708,CUST_06159,SAVINGS,2010-01-28,ACTIVE,N,,
ACC_007709,CUST_06160,SAVINGS,1962-06-23,INACTIVE,N,,1986-10-06
ACC_007710,CUST_06161,SAVINGS,1974-05-15,ACTIVE,N,,
ACC_007711,CUST_06162,SAVINGS,1982-01-08,ACTIVE,N,,
ACC_007712,CUST_06163,SAVINGS,2024-01-13,ACTIVE,N,,
ACC_007713,CUST_06164,SAVINGS,2004-08-31,INACTIVE,N,,2019-11-23
ACC_007714,CUST_06165,SAVINGS,2003-02-23,ACTIVE,N,,
ACC_007715,CUST_06166,SAVINGS,2015-01-01,ACTIVE,N,,
ACC_007716,CUST_06167,SAVINGS,1976-09-03,ACTIVE,N,,
ACC_007717,CUST_06168,SAVINGS,2023-05-25,DORMANT,Y,2024-10-16,
ACC_007718,CUST_06169,SAVINGS,1975-06-02,ACTIVE,N,,
ACC_007719,CUST_06170,SAVINGS,1953-07-27,ACTIVE,N,,
ACC_007720,CUST_06171,SAVINGS,2011-07-09,ACTIVE,N,,
ACC_007721,CUST_06172,SAVINGS,1987-06-01,ACTIVE,N,,
ACC_007722,CUST_06173,SAVINGS,2001-10-12,ACTIVE,N,,
ACC_007723,CUST_06174,SAVINGS,1960-08-12,ACTIVE,N,,
ACC_007724,CUST_06174,SAVINGS,1958-08-22,ACTIVE,N,,
ACC_007725,CUST_06175,SAVINGS,2012-10-18,ACTIVE,N,,
ACC_007726,CUST_06176,SAVINGS,2017-05-10,ACTIVE,N,,
ACC_007727,CUST_06177,SAVINGS,2022-06-07,ACTIVE,N,,
ACC_007728,CUST_06178,SAVINGS,2017-01-09,DORMANT,Y,2020-04-17,
ACC_007729,CUST_06179,SAVINGS,2023-10-06,ACTIVE,N,,
ACC_007730,CUST_06180,SAVINGS,1970-05-28,ACTIVE,N,,
ACC_007731,CUST_06180,SAVINGS,2009-05-27,ACTIVE,N,,
ACC_007732,CUST_06181,SAVINGS,2018-11-03,ACTIVE,N,,
ACC_007733,CUST_06182,SAVINGS,2017-09-03,INACTIVE,N,,2023-10-14
ACC_007734,CUST_06183,SAVINGS,1970-12-13,ACTIVE,N,,
ACC_007735,CUST_06183,SAVINGS,1967-08-16,ACTIVE,N,,
ACC_007736,CUST_06184,SAVINGS,1993-07-27,ACTIVE,N,,
ACC_007737,CUST_06185,SAVINGS,2020-03-30,ACTIVE,N,,
ACC_007738,CUST_06186,SAVINGS,1976-09-11,ACTIVE,N,,
ACC_007739,CUST_06187,SAVINGS,2017-03-22,ACTIVE,N,,
ACC_007740,CUST_06188,SAVINGS,1955-03-13,ACTIVE,N,,
ACC_007741,CUST_06189,SAVINGS,2022-06-04,ACTIVE,N,,
ACC_007742,CUST_06190,SAVINGS,1993-04-25,ACTIVE,N,,
ACC_007743,CUST_06191,SAVINGS,2021-05-15,ACTIVE,N,,
ACC_007744,CUST_06192,SAVINGS,1950-02-02,ACTIVE,N,,
ACC_007745,CUST_06193,SAVINGS,2004-04-01,ACTIVE,N,,
ACC_007746,CUST_06194,CURRENT,1975-05-07,ACTIVE,N,,
ACC_007747,CUST_06194,CURRENT,1982-04-28,DORMANT,Y,2007-05-30,
ACC_007748,CUST_06194,CURRENT,1957-01-22,ACTIVE,N,,
ACC_007749,CUST_06195,SAVINGS,1986-08-28,ACTIVE,N,,
ACC_007750,CUST_06196,SAVINGS,1954-01-26,ACTIVE,N,,
ACC_007751,CUST_06197,SAVINGS,1999-01-17,ACTIVE,N,,
ACC_007752,CUST_06198,SAVINGS,2003-02-06,ACTIVE,N,,
ACC_007753,CUST_06198,SAVINGS,2001-11-05,INACTIVE,N,,2022-12-04
ACC_007754,CUST_06198,SAVINGS,1995-03-03,ACTIVE,N,,
ACC_007755,CUST_06199,SAVINGS,2012-02-24,INACTIVE,N,,2021-10-30
ACC_007756,CUST_06200,CURRENT,1955-03-20,ACTIVE,N,,
ACC_007757,CUST_06201,SAVINGS,1954-03-03,INACTIVE,N,,1971-02-27
ACC_007758,CUST_06202,SAVINGS,1972-11-08,INACTIVE,N,,1991-11-18
ACC_007759,CUST_06202,SAVINGS,2023-09-26,ACTIVE,N,,
ACC_007760,CUST_06203,CURRENT,1973-12-10,ACTIVE,N,,
ACC_007761,CUST_06204,SAVINGS,1996-08-19,DORMANT,Y,2009-05-17,
ACC_007762,CUST_06205,SAVINGS,1986-07-09,ACTIVE,N,,
ACC_007763,CUST_06206,CURRENT,1984-03-10,ACTIVE,N,,
ACC_007764,CUST_06207,SAVINGS,1974-11-05,DORMANT,Y,2010-06-22,
ACC_007765,CUST_06208,CURRENT,2003-07-06,ACTIVE,N,,
ACC_007766,CUST_06208,SAVINGS,2012-09-12,ACTIVE,N,,
ACC_007767,CUST_06209,SAVINGS,2003-08-20,DORMANT,Y,2010-04-22,
ACC_007768,CUST_06210,SAVINGS,1969-02-07,ACTIVE,N,,
ACC_007769,CUST_06211,SAVINGS,1998-01-17,ACTIVE,N,,
ACC_007770,CUST_06211,CURRENT,1990-01-13,ACTIVE,N,,
ACC_007771,CUST_06212,SAVINGS,1975-04-10,ACTIVE,N,,
ACC_007772,CUST_06213,SAVINGS,1983-07-26,ACTIVE,N,,
ACC_007773,CUST_06213,SAVINGS,1968-02-12,ACTIVE,N,,
ACC_007774,CUST_06214,SAVINGS,2022-07-02,ACTIVE,N,,
ACC_007775,CUST_06215,SAVINGS,1986-08-24,ACTIVE,N,,
ACC_007776,CUST_06216,CURRENT,2003-04-08,ACTIVE,N,,
ACC_007777,CUST_06217,CURRENT,1980-03-29,ACTIVE,N,,
ACC_007778,CUST_06218,SAVINGS,1976-06-25,DORMANT,Y,2013-08-25,
ACC_007779,CUST_06218,CURRENT,1964-01-13,ACTIVE,N,,
ACC_007780,CUST_06218,SAVINGS,1996-04-19,ACTIVE,N,,
ACC_007781,CUST_06219,CURRENT,2005-02-08,ACTIVE,N,,
ACC_007782,CUST_06219,SAVINGS,1972-05-18,ACTIVE,N,,
ACC_007783,CUST_06220,SAVINGS,1985-06-26,ACTIVE,N,,
ACC_007784,CUST_06221,CURRENT,1960-11-01,ACTIVE,N,,
ACC_007785,CUST_06221,CURRENT,1994-08-17,ACTIVE,N,,
ACC_007786,CUST_06221,SAVINGS,1975-05-26,ACTIVE,N,,
ACC_007787,CUST_06222,SAVINGS,2022-07-19,ACTIVE,N,,
ACC_007788,CUST_06223,SAVINGS,1995-12-27,DORMANT,Y,2020-07-25,
ACC_007789,CUST_06223,SAVINGS,2015-10-12,ACTIVE,N,,
ACC_007790,CUST_06224,SAVINGS,1974-03-19,ACTIVE,N,,
ACC_007791,CUST_06225,SAVINGS,1996-09-24,ACTIVE,N,,
ACC_007792,CUST_06226,SAVINGS,2002-12-15,ACTIVE,N,,
ACC_007793,CUST_06227,SAVINGS,1972-10-27,ACTIVE,N,,
ACC_007794,CUST_06228,SAVINGS,1973-05-23,ACTIVE,N,,
ACC_007795,CUST_06229,SAVINGS,2004-12-08,ACTIVE,N,,
ACC_007796,CUST_06230,SAVINGS,1980-03-02,ACTIVE,N,,
ACC_007797,CUST_06231,SAVINGS,1980-04-02,ACTIVE,N,,
ACC_007798,CUST_06232,CURRENT,1996-09-22,ACTIVE,N,,
ACC_007799,CUST_06233,SAVINGS,2022-02-05,ACTIVE,N,,
ACC_007800,CUST_06234,SAVINGS,2000-05-13,ACTIVE,N,,
ACC_007801,CUST_06234,SAVINGS,1963-11-30,ACTIVE,N,,
ACC_007802,CUST_06235,SAVINGS,1980-06-04,ACTIVE,N,,
ACC_007803,CUST_06236,SAVINGS,2018-08-29,ACTIVE,N,,
ACC_007804,CUST_06237,SAVINGS,1964-06-15,ACTIVE,N,,
ACC_007805,CUST_06238,SAVINGS,2003-03-31,ACTIVE,N,,
ACC_007806,CUST_06239,CURRENT,2000-04-02,INACTIVE,N,,2012-09-12
ACC_007807,CUST_06240,CURRENT,1953-06-29,ACTIVE,N,,
ACC_007808,CUST_06241,CURRENT,2016-08-21,ACTIVE,N,,
ACC_007809,CUST_06241,CURRENT,2020-08-17,ACTIVE,N,,
ACC_007810,CUST_06241,CURRENT,1985-10-10,ACTIVE,N,,
ACC_007811,CUST_06242,SAVINGS,2002-07-29,ACTIVE,N,,
ACC_007812,CUST_06243,SAVINGS,1994-02-23,ACTIVE,N,,
ACC_007813,CUST_06244,SAVINGS,1952-02-17,ACTIVE,N,,
ACC_007814,CUST_06245,SAVINGS,1993-08-12,DORMANT,Y,2019-05-03,
ACC_007815,CUST_06246,CURRENT,2016-05-21,ACTIVE,N,,
ACC_007816,CUST_06247,SAVINGS,1989-02-06,ACTIVE,N,,
ACC_007817,CUST_06248,SAVINGS,1985-08-14,ACTIVE,N,,
ACC_007818,CUST_06249,SAVINGS,1980-07-07,ACTIVE,N,,
ACC_007819,CUST_06250,SAVINGS,1951-01-13,DORMANT,Y,1977-06-16,
ACC_007820,CUST_06251,SAVINGS,1991-09-25,ACTIVE,N,,
ACC_007821,CUST_06251,SAVINGS,1966-05-01,ACTIVE,N,,
ACC_007822,CUST_06252,SAVINGS,2019-09-23,ACTIVE,N,,
ACC_007823,CUST_06252,SAVINGS,1960-02-21,ACTIVE,N,,
ACC_007824,CUST_06253,SAVINGS,1965-05-29,ACTIVE,N,,
ACC_007825,CUST_06254,SAVINGS,2015-06-30,ACTIVE,N,,
ACC_007826,CUST_06255,CURRENT,2015-11-28,ACTIVE,N,,
ACC_007827,CUST_06256,CURRENT,1972-06-06,ACTIVE,N,,
ACC_007828,CUST_06257,SAVINGS,1956-05-19,ACTIVE,N,,
ACC_007829,CUST_06258,SAVINGS,1977-02-07,ACTIVE,N,,
ACC_007830,CUST_06259,CURRENT,2020-12-25,ACTIVE,N,,
ACC_007831,CUST_06260,SAVINGS,1995-05-29,ACTIVE,N,,
ACC_007832,CUST_06260,SAVINGS,1982-02-14,ACTIVE,N,,
ACC_007833,CUST_06260,SAVINGS,1986-08-18,INACTIVE,N,,1989-03-11
ACC_007834,CUST_06261,SAVINGS,1961-09-15,ACTIVE,N,,
ACC_007835,CUST_06262,CURRENT,1999-07-28,DORMANT,Y,2006-09-21,
ACC_007836,CUST_06263,SAVINGS,2003-09-12,ACTIVE,N,,
ACC_007837,CUST_06264,SAVINGS,1991-11-11,ACTIVE,N,,
ACC_007838,CUST_06264,CURRENT,1962-01-02,ACTIVE,N,,
ACC_007839,CUST_06265,SAVINGS,1994-04-08,ACTIVE,N,,
ACC_007840,CUST_06266,CURRENT,1989-12-19,ACTIVE,N,,
ACC_007841,CUST_06267,SAVINGS,2011-09-30,ACTIVE,N,,
ACC_007842,CUST_06268,SAVINGS,1964-08-19,ACTIVE,N,,
ACC_007843,CUST_06269,CURRENT,1994-06-22,INACTIVE,N,,2022-08-19
ACC_007844,CUST_06270,SAVINGS,1994-08-11,ACTIVE,N,,
ACC_007845,CUST_06271,SAVINGS,1977-07-14,ACTIVE,N,,
ACC_007846,CUST_06271,SAVINGS,1964-08-05,ACTIVE,N,,
ACC_007847,CUST_06272,CURRENT,1979-06-25,ACTIVE,N,,
ACC_007848,CUST_06273,SAVINGS,1973-08-13,ACTIVE,N,,
ACC_007849,CUST_06274,SAVINGS,1999-10-30,ACTIVE,N,,
ACC_007850,CUST_06275,SAVINGS,1979-03-11,ACTIVE,N,,
ACC_007851,CUST_06276,SAVINGS,2007-02-03,ACTIVE,N,,
ACC_007852,CUST_06277,SAVINGS,2014-10-06,ACTIVE,N,,
ACC_007853,CUST_06278,SAVINGS,2021-05-22,ACTIVE,N,,
ACC_007854,CUST_06279,SAVINGS,1963-04-03,ACTIVE,N,,
ACC_007855,CUST_06280,SAVINGS,1982-05-31,ACTIVE,N,,
ACC_007856,CUST_06281,SAVINGS,2008-01-06,ACTIVE,N,,
ACC_007857,CUST_06282,SAVINGS,2010-11-18,ACTIVE,N,,
ACC_007858,CUST_06283,CURRENT,1993-03-10,ACTIVE,N,,
ACC_007859,CUST_06283,SAVINGS,1956-03-26,INACTIVE,N,,1958-06-02
ACC_007860,CUST_06284,SAVINGS,1986-03-03,ACTIVE,N,,
ACC_007861,CUST_06285,SAVINGS,1970-05-16,ACTIVE,N,,
ACC_007862,CUST_06285,SAVINGS,1964-11-06,ACTIVE,N,,
ACC_007863,CUST_06286,SAVINGS,1988-07-31,ACTIVE,N,,
ACC_007864,CUST_06287,CURRENT,1961-11-10,ACTIVE,N,,
ACC_007865,CUST_06287,CURRENT,1954-10-16,ACTIVE,N,,
ACC_007866,CUST_06288,SAVINGS,1998-02-28,ACTIVE,N,,
ACC_007867,CUST_06289,SAVINGS,1974-02-18,ACTIVE,N,,
ACC_007868,CUST_06290,SAVINGS,2012-02-24,INACTIVE,N,,2018-08-30
ACC_007869,CUST_06291,SAVINGS,2022-01-10,ACTIVE,N,,
ACC_007870,CUST_06291,SAVINGS,1966-08-10,ACTIVE,N,,
ACC_007871,CUST_06292,SAVINGS,2021-04-12,DORMANT,Y,2023-04-16,
ACC_007872,CUST_06293,SAVINGS,1958-03-09,ACTIVE,N,,
ACC_007873,CUST_06294,SAVINGS,1967-12-01,ACTIVE,N,,
ACC_007874,CUST_06294,SAVINGS,2015-01-22,ACTIVE,N,,
ACC_007875,CUST_06295,CURRENT,1950-12-01,ACTIVE,N,,
ACC_007876,CUST_06296,CURRENT,1986-12-23,DORMANT,Y,2011-07-17,
ACC_007877,CUST_06297,SAVINGS,1967-08-31,DORMANT,Y,1983-08-28,
ACC_007878,CUST_06298,SAVINGS,2019-12-28,ACTIVE,N,,
ACC_007879,CUST_06299,SAVINGS,2021-09-11,ACTIVE,N,,
ACC_007880,CUST_06300,SAVINGS,1997-05-28,ACTIVE,N,,
ACC_007881,CUST_06300,SAVINGS,2004-09-27,ACTIVE,N,,
ACC_007882,CUST_06300,SAVINGS,1972-02-27,ACTIVE,N,,
ACC_007883,CUST_06301,SAVINGS,1968-08-16,ACTIVE,N,,
ACC_007884,CUST_06302,SAVINGS,1995-01-13,ACTIVE,N,,
ACC_007885,CUST_06303,SAVINGS,2008-04-09,ACTIVE,N,,
ACC_007886,CUST_06304,SAVINGS,2006-08-18,ACTIVE,N,,
ACC_007887,CUST_06305,SAVINGS,1957-12-11,ACTIVE,N,,
ACC_007888,CUST_06306,SAVINGS,1994-02-27,ACTIVE,N,,
ACC_007889,CUST_06307,SAVINGS,2018-12-05,ACTIVE,N,,
ACC_007890,CUST_06308,SAVINGS,2006-07-21,ACTIVE,N,,
ACC_007891,CUST_06308,SAVINGS,2011-03-20,ACTIVE,N,,
ACC_007892,CUST_06308,SAVINGS,2023-05-07,ACTIVE,N,,
ACC_007893,CUST_06309,CURRENT,2010-03-08,ACTIVE,N,,
ACC_007894,CUST_06310,SAVINGS,1988-01-17,ACTIVE,N,,
ACC_007895,CUST_06311,SAVINGS,1990-08-24,ACTIVE,N,,
ACC_007896,CUST_06312,SAVINGS,1972-10-22,ACTIVE,N,,
ACC_007897,CUST_06313,SAVINGS,1968-10-23,ACTIVE,N,,
ACC_007898,CUST_06314,SAVINGS,2017-01-21,ACTIVE,N,,
ACC_007899,CUST_06315,SAVINGS,1995-12-27,ACTIVE,N,,
ACC_007900,CUST_06316,CURRENT,2019-06-10,ACTIVE,N,,
ACC_007901,CUST_06316,CURRENT,1995-11-27,ACTIVE,N,,
ACC_007902,CUST_06317,SAVINGS,1988-01-21,ACTIVE,N,,
ACC_007903,CUST_06318,CURRENT,2023-09-05,ACTIVE,N,,
ACC_007904,CUST_06318,SAVINGS,1996-03-18,ACTIVE,N,,
ACC_007905,CUST_06319,SAVINGS,2007-06-06,ACTIVE,N,,
ACC_007906,CUST_06319,SAVINGS,1999-07-03,ACTIVE,N,,
ACC_007907,CUST_06319,SAVINGS,1993-03-10,ACTIVE,N,,
ACC_007908,CUST_06320,SAVINGS,1989-03-15,ACTIVE,N,,
ACC_007909,CUST_06321,SAVINGS,1974-03-13,ACTIVE,N,,
ACC_007910,CUST_06322,SAVINGS,2018-04-30,ACTIVE,N,,
ACC_007911,CUST_06323,SAVINGS,1967-07-18,ACTIVE,N,,
ACC_007912,CUST_06323,SAVINGS,1991-06-13,ACTIVE,N,,
ACC_007913,CUST_06324,SAVINGS,1966-02-24,ACTIVE,N,,
ACC_007914,CUST_06325,CURRENT,1961-04-17,ACTIVE,N,,
ACC_007915,CUST_06326,SAVINGS,2008-04-07,ACTIVE,N,,
ACC_007916,CUST_06327,SAVINGS,1995-03-24,ACTIVE,N,,
ACC_007917,CUST_06328,CURRENT,1953-06-16,ACTIVE,N,,
ACC_007918,CUST_06329,SAVINGS,1968-07-11,ACTIVE,N,,
ACC_007919,CUST_06330,SAVINGS,1950-11-08,ACTIVE,N,,
ACC_007920,CUST_06330,SAVINGS,1955-05-13,ACTIVE,N,,
ACC_007921,CUST_06330,CURRENT,1955-11-02,ACTIVE,N,,
ACC_007922,CUST_06331,SAVINGS,1971-03-23,ACTIVE,N,,
ACC_007923,CUST_06332,SAVINGS,1991-10-06,INACTIVE,N,,2004-06-08
ACC_007924,CUST_06333,SAVINGS,1981-03-31,INACTIVE,N,,2021-02-22
ACC_007925,CUST_06334,CURRENT,1981-08-03,ACTIVE,N,,
ACC_007926,CUST_06335,SAVINGS,1959-11-26,ACTIVE,N,,
ACC_007927,CUST_06336,SAVINGS,1982-03-06,ACTIVE,N,,
ACC_007928,CUST_06337,SAVINGS,1967-11-06,ACTIVE,N,,
ACC_007929,CUST_06338,SAVINGS,1965-10-02,ACTIVE,N,,
ACC_007930,CUST_06339,CURRENT,1994-05-14,ACTIVE,N,,
ACC_007931,CUST_06340,SAVINGS,1993-03-12,DORMANT,Y,1995-07-20,
ACC_007932,CUST_06341,CURRENT,1978-05-10,DORMANT,Y,1978-09-25,
ACC_007933,CUST_06341,SAVINGS,1994-02-03,ACTIVE,N,,
ACC_007934,CUST_06342,SAVINGS,1996-04-07,ACTIVE,N,,
ACC_007935,CUST_06343,SAVINGS,2015-05-27,ACTIVE,N,,
ACC_007936,CUST_06344,CURRENT,1954-08-07,ACTIVE,N,,
ACC_007937,CUST_06345,SAVINGS,2021-01-06,ACTIVE,N,,
ACC_007938,CUST_06346,CURRENT,1977-10-11,ACTIVE,N,,
ACC_007939,CUST_06347,SAVINGS,2007-12-08,ACTIVE,N,,
ACC_007940,CUST_06348,SAVINGS,1974-10-16,ACTIVE,N,,
ACC_007941,CUST_06349,SAVINGS,1963-08-30,ACTIVE,N,,
ACC_007942,CUST_06350,SAVINGS,1988-08-22,ACTIVE,N,,
ACC_007943,CUST_06350,SAVINGS,1991-04-11,ACTIVE,N,,
ACC_007944,CUST_06351,SAVINGS,1988-09-13,ACTIVE,N,,
ACC_007945,CUST_06352,SAVINGS,2020-09-29,ACTIVE,N,,
ACC_007946,CUST_06353,CURRENT,2021-06-04,ACTIVE,N,,
ACC_007947,CUST_06354,SAVINGS,2002-02-19,ACTIVE,N,,
ACC_007948,CUST_06355,CURRENT,2002-07-06,ACTIVE,N,,
ACC_007949,CUST_06355,CURRENT,2016-10-10,DORMANT,Y,2017-12-31,
ACC_007950,CUST_06356,SAVINGS,2017-12-29,ACTIVE,N,,
ACC_007951,CUST_06357,SAVINGS,1980-03-23,ACTIVE,N,,
ACC_007952,CUST_06357,SAVINGS,2007-08-01,ACTIVE,N,,
ACC_007953,CUST_06358,CURRENT,2011-02-10,ACTIVE,N,,
ACC_007954,CUST_06359,CURRENT,2010-01-11,ACTIVE,N,,
ACC_007955,CUST_06359,CURRENT,1989-10-31,ACTIVE,N,,
ACC_007956,CUST_06360,SAVINGS,2006-04-01,DORMANT,Y,2011-05-05,
ACC_007957,CUST_06361,SAVINGS,1950-11-13,DORMANT,Y,1968-07-10,
ACC_007958,CUST_06362,SAVINGS,1999-11-08,DORMANT,Y,2017-05-21,
ACC_007959,CUST_06363,SAVINGS,1972-10-28,ACTIVE,N,,
ACC_007960,CUST_06364,SAVINGS,2000-03-13,DORMANT,Y,2009-12-29,
ACC_007961,CUST_06364,CURRENT,1978-06-19,ACTIVE,N,,
ACC_007962,CUST_06364,SAVINGS,1959-06-22,ACTIVE,N,,
ACC_007963,CUST_06365,SAVINGS,2021-07-26,INACTIVE,N,,2022-06-30
ACC_007964,CUST_06366,SAVINGS,1973-07-12,ACTIVE,N,,
ACC_007965,CUST_06367,SAVINGS,2023-12-14,ACTIVE,N,,
ACC_007966,CUST_06368,SAVINGS,1964-05-29,DORMANT,Y,2014-07-25,
ACC_007967,CUST_06369,SAVINGS,1968-03-14,DORMANT,Y,1981-02-27,
ACC_007968,CUST_06370,SAVINGS,1958-07-25,ACTIVE,N,,
ACC_007969,CUST_06371,SAVINGS,1967-03-11,ACTIVE,N,,
ACC_007970,CUST_06372,SAVINGS,1977-03-31,ACTIVE,N,,
ACC_007971,CUST_06372,SAVINGS,1969-06-29,ACTIVE,N,,
ACC_007972,CUST_06373,CURRENT,1950-12-19,ACTIVE,N,,
ACC_007973,CUST_06374,CURRENT,1991-06-30,ACTIVE,N,,
ACC_007974,CUST_06375,SAVINGS,1962-08-09,ACTIVE,N,,
ACC_007975,CUST_06376,SAVINGS,1958-01-11,ACTIVE,N,,
ACC_007976,CUST_06377,SAVINGS,2001-05-01,ACTIVE,N,,
ACC_007977,CUST_06378,SAVINGS,1951-02-08,INACTIVE,N,,1963-05-02
ACC_007978,CUST_06379,CURRENT,2020-09-18,ACTIVE,N,,
ACC_007979,CUST_06380,CURRENT,1983-04-24,ACTIVE,N,,
ACC_007980,CUST_06381,SAVINGS,2006-07-14,DORMANT,Y,2015-06-17,
ACC_007981,CUST_06382,SAVINGS,2016-08-17,DORMANT,Y,2017-12-27,
ACC_007982,CUST_06383,SAVINGS,1977-10-04,DORMANT,Y,2015-05-16,
ACC_007983,CUST_06384,SAVINGS,2013-01-15,ACTIVE,N,,
ACC_007984,CUST_06385,SAVINGS,1996-12-15,INACTIVE,N,,1997-10-12
ACC_007985,CUST_06386,SAVINGS,2022-06-23,ACTIVE,N,,
ACC_007986,CUST_06387,SAVINGS,1972-06-19,DORMANT,Y,2024-08-27,
ACC_007987,CUST_06388,SAVINGS,2014-03-12,DORMANT,Y,2021-01-24,
ACC_007988,CUST_06389,SAVINGS,2020-08-04,ACTIVE,N,,
ACC_007989,CUST_06390,SAVINGS,1961-11-08,ACTIVE,N,,
ACC_007990,CUST_06391,SAVINGS,2012-01-25,ACTIVE,N,,
ACC_007991,CUST_06392,SAVINGS,1974-01-30,ACTIVE,N,,
ACC_007992,CUST_06393,SAVINGS,1974-08-03,ACTIVE,N,,
ACC_007993,CUST_06394,SAVINGS,1997-08-24,ACTIVE,N,,
ACC_007994,CUST_06394,SAVINGS,2015-05-04,ACTIVE,N,,
ACC_007995,CUST_06395,SAVINGS,2013-03-09,DORMANT,Y,2018-08-23,
ACC_007996,CUST_06396,SAVINGS,1985-06-07,ACTIVE,N,,
ACC_007997,CUST_06397,CURRENT,1999-06-07,ACTIVE,N,,
ACC_007998,CUST_06398,SAVINGS,1986-02-25,ACTIVE,N,,
ACC_007999,CUST_06398,SAVINGS,2015-11-07,INACTIVE,N,,2018-02-27
ACC_008000,CUST_06399,SAVINGS,2001-07-27,ACTIVE,N,,
ACC_008001,CUST_06399,CURRENT,1971-01-23,ACTIVE,N,,
ACC_008002,CUST_06400,CURRENT,1954-06-14,ACTIVE,N,,
ACC_008003,CUST_06401,SAVINGS,1994-04-17,ACTIVE,N,,
ACC_008004,CUST_06402,CURRENT,1969-05-22,ACTIVE,N,,
ACC_008005,CUST_06403,SAVINGS,1962-04-13,ACTIVE,N,,
ACC_008006,CUST_06404,CURRENT,2019-07-16,DORMANT,Y,2023-05-25,
ACC_008007,CUST_06405,SAVINGS,2002-01-17,ACTIVE,N,,
ACC_008008,CUST_06406,CURRENT,1982-10-24,ACTIVE,N,,
ACC_008009,CUST_06406,CURRENT,1963-12-01,ACTIVE,N,,
ACC_008010,CUST_06407,SAVINGS,2003-06-03,ACTIVE,N,,
ACC_008011,CUST_06408,SAVINGS,1957-03-24,ACTIVE,N,,
ACC_008012,CUST_06409,CURRENT,2024-10-08,ACTIVE,N,,
ACC_008013,CUST_06410,CURRENT,1974-09-21,ACTIVE,N,,
ACC_008014,CUST_06411,SAVINGS,2009-10-27,ACTIVE,N,,
ACC_008015,CUST_06412,CURRENT,1966-06-17,ACTIVE,N,,
ACC_008016,CUST_06413,CURRENT,2013-10-19,ACTIVE,N,,
ACC_008017,CUST_06414,CURRENT,1973-11-22,DORMANT,Y,1978-03-14,
ACC_008018,CUST_06415,SAVINGS,2012-03-21,DORMANT,Y,2023-11-30,
ACC_008019,CUST_06416,SAVINGS,1979-04-10,ACTIVE,N,,
ACC_008020,CUST_06416,SAVINGS,1976-12-28,ACTIVE,N,,
ACC_008021,CUST_06417,SAVINGS,2010-04-12,ACTIVE,N,,
ACC_008022,CUST_06417,SAVINGS,1979-07-28,ACTIVE,N,,
ACC_008023,CUST_06418,CURRENT,1975-05-03,ACTIVE,N,,
ACC_008024,CUST_06419,SAVINGS,1953-12-25,ACTIVE,N,,
ACC_008025,CUST_06419,SAVINGS,1994-05-06,ACTIVE,N,,
ACC_008026,CUST_06419,CURRENT,1974-09-28,ACTIVE,N,,
ACC_008027,CUST_06420,SAVINGS,1973-06-26,ACTIVE,N,,
ACC_008028,CUST_06421,SAVINGS,1971-02-14,ACTIVE,N,,
ACC_008029,CUST_06421,SAVINGS,1979-02-20,ACTIVE,N,,
ACC_008030,CUST_06422,SAVINGS,2006-01-24,ACTIVE,N,,
ACC_008031,CUST_06423,SAVINGS,1973-04-20,ACTIVE,N,,
ACC_008032,CUST_06424,SAVINGS,1963-09-21,ACTIVE,N,,
ACC_008033,CUST_06425,SAVINGS,2008-02-17,ACTIVE,N,,
ACC_008034,CUST_06425,SAVINGS,1994-07-02,ACTIVE,N,,
ACC_008035,CUST_06426,SAVINGS,1960-04-04,ACTIVE,N,,
ACC_008036,CUST_06427,CURRENT,1991-04-08,ACTIVE,N,,
ACC_008037,CUST_06428,SAVINGS,1982-02-27,INACTIVE,N,,2019-10-19
ACC_008038,CUST_06429,SAVINGS,2024-12-11,ACTIVE,N,,
ACC_008039,CUST_06430,SAVINGS,1969-07-31,ACTIVE,N,,
ACC_008040,CUST_06430,SAVINGS,1982-03-08,ACTIVE,N,,
ACC_008041,CUST_06431,SAVINGS,1972-09-01,DORMANT,Y,1994-10-16,
ACC_008042,CUST_06432,CURRENT,1999-07-02,INACTIVE,N,,2023-05-26
ACC_008043,CUST_06433,CURRENT,1983-04-13,ACTIVE,N,,
ACC_008044,CUST_06434,SAVINGS,2023-07-08,ACTIVE,N,,
ACC_008045,CUST_06435,SAVINGS,1977-08-27,INACTIVE,N,,1999-06-11
ACC_008046,CUST_06436,SAVINGS,1991-12-05,ACTIVE,N,,
ACC_008047,CUST_06436,SAVINGS,1986-04-23,ACTIVE,N,,
ACC_008048,CUST_06437,SAVINGS,2006-11-15,ACTIVE,N,,
ACC_008049,CUST_06438,SAVINGS,1966-08-17,ACTIVE,N,,
ACC_008050,CUST_06439,SAVINGS,2016-07-26,ACTIVE,N,,
ACC_008051,CUST_06440,SAVINGS,2013-01-07,ACTIVE,N,,
ACC_008052,CUST_06441,SAVINGS,2017-02-10,ACTIVE,N,,
ACC_008053,CUST_06442,CURRENT,1979-10-15,ACTIVE,N,,
ACC_008054,CUST_06443,SAVINGS,1971-12-28,ACTIVE,N,,
ACC_008055,CUST_06444,SAVINGS,2003-07-02,ACTIVE,N,,
ACC_008056,CUST_06444,SAVINGS,1989-06-13,ACTIVE,N,,
ACC_008057,CUST_06445,SAVINGS,1983-08-21,ACTIVE,N,,
ACC_008058,CUST_06446,SAVINGS,1952-08-30,ACTIVE,N,,
ACC_008059,CUST_06447,SAVINGS,1995-04-09,ACTIVE,N,,
ACC_008060,CUST_06448,CURRENT,1985-07-12,ACTIVE,N,,
ACC_008061,CUST_06449,SAVINGS,1984-07-22,ACTIVE,N,,
ACC_008062,CUST_06450,SAVINGS,2017-10-17,INACTIVE,N,,2022-12-28
ACC_008063,CUST_06451,CURRENT,1965-11-08,ACTIVE,N,,
ACC_008064,CUST_06452,SAVINGS,1974-07-24,ACTIVE,N,,
ACC_008065,CUST_06452,CURRENT,2010-10-24,DORMANT,Y,2021-01-29,
ACC_008066,CUST_06453,SAVINGS,2009-09-20,DORMANT,Y,2009-10-06,
ACC_008067,CUST_06453,SAVINGS,1975-06-04,DORMANT,Y,2014-04-13,
ACC_008068,CUST_06454,SAVINGS,1973-09-23,ACTIVE,N,,
ACC_008069,CUST_06454,SAVINGS,2009-11-26,ACTIVE,N,,
ACC_008070,CUST_06455,CURRENT,1959-07-06,DORMANT,Y,1970-07-16,
ACC_008071,CUST_06456,SAVINGS,1957-07-18,ACTIVE,N,,
ACC_008072,CUST_06457,SAVINGS,1995-01-24,INACTIVE,N,,2003-06-14
ACC_008073,CUST_06458,CURRENT,2013-10-06,INACTIVE,N,,2022-09-23
ACC_008074,CUST_06459,SAVINGS,2017-09-26,ACTIVE,N,,
ACC_008075,CUST_06460,SAVINGS,1965-04-25,ACTIVE,N,,
ACC_008076,CUST_06460,SAVINGS,1979-02-27,ACTIVE,N,,
ACC_008077,CUST_06461,SAVINGS,2016-09-25,ACTIVE,N,,
ACC_008078,CUST_06462,SAVINGS,1994-06-28,INACTIVE,N,,1999-03-12
ACC_008079,CUST_06463,CURRENT,2020-08-17,ACTIVE,N,,
ACC_008080,CUST_06464,SAVINGS,1983-01-28,ACTIVE,N,,
ACC_008081,CUST_06464,SAVINGS,1967-10-14,ACTIVE,N,,
ACC_008082,CUST_06465,SAVINGS,1970-04-24,ACTIVE,N,,
ACC_008083,CUST_06466,SAVINGS,1953-10-27,ACTIVE,N,,
ACC_008084,CUST_06467,SAVINGS,1963-06-01,INACTIVE,N,,1972-07-31
ACC_008085,CUST_06468,SAVINGS,1999-08-01,ACTIVE,N,,
ACC_008086,CUST_06469,CURRENT,2004-01-19,ACTIVE,N,,
ACC_008087,CUST_06469,CURRENT,1957-05-22,ACTIVE,N,,
ACC_008088,CUST_06470,SAVINGS,2024-07-31,ACTIVE,N,,
ACC_008089,CUST_06471,SAVINGS,1975-08-25,ACTIVE,N,,
ACC_008090,CUST_06472,SAVINGS,1973-08-01,ACTIVE,N,,
ACC_008091,CUST_06472,SAVINGS,1955-02-15,ACTIVE,N,,
ACC_008092,CUST_06473,SAVINGS,1956-01-20,ACTIVE,N,,
ACC_008093,CUST_06474,SAVINGS,1986-02-09,ACTIVE,N,,
ACC_008094,CUST_06475,SAVINGS,2016-07-18,ACTIVE,N,,
ACC_008095,CUST_06476,CURRENT,2013-05-15,ACTIVE,N,,
ACC_008096,CUST_06477,SAVINGS,2020-08-01,ACTIVE,N,,
ACC_008097,CUST_06478,SAVINGS,2018-07-10,ACTIVE,N,,
ACC_008098,CUST_06479,SAVINGS,2018-11-09,ACTIVE,N,,
ACC_008099,CUST_06480,SAVINGS,2009-08-30,ACTIVE,N,,
ACC_008100,CUST_06481,SAVINGS,1997-07-17,ACTIVE,N,,
ACC_008101,CUST_06482,SAVINGS,1978-08-30,ACTIVE,N,,
ACC_008102,CUST_06482,SAVINGS,2000-08-27,ACTIVE,N,,
ACC_008103,CUST_06483,SAVINGS,2020-01-01,ACTIVE,N,,
ACC_008104,CUST_06484,SAVINGS,1998-08-21,DORMANT,Y,2004-12-01,
ACC_008105,CUST_06485,SAVINGS,1982-03-25,ACTIVE,N,,
ACC_008106,CUST_06486,SAVINGS,2022-10-24,ACTIVE,N,,
ACC_008107,CUST_06486,CURRENT,2003-09-03,INACTIVE,N,,2005-09-28
ACC_008108,CUST_06487,SAVINGS,1955-07-04,DORMANT,Y,1982-12-30,
ACC_008109,CUST_06487,SAVINGS,1952-05-11,INACTIVE,N,,1990-03-18
ACC_008110,CUST_06488,SAVINGS,1991-02-12,ACTIVE,N,,
ACC_008111,CUST_06489,SAVINGS,1982-02-27,ACTIVE,N,,
ACC_008112,CUST_06490,CURRENT,2002-10-15,ACTIVE,N,,
ACC_008113,CUST_06490,SAVINGS,1961-02-28,ACTIVE,N,,
ACC_008114,CUST_06491,SAVINGS,1993-08-26,ACTIVE,N,,
ACC_008115,CUST_06492,SAVINGS,1964-11-25,ACTIVE,N,,
ACC_008116,CUST_06493,CURRENT,2012-08-20,ACTIVE,N,,
ACC_008117,CUST_06494,SAVINGS,1959-01-15,ACTIVE,N,,
ACC_008118,CUST_06495,SAVINGS,1997-03-18,ACTIVE,N,,
ACC_008119,CUST_06496,SAVINGS,1972-03-09,ACTIVE,N,,
ACC_008120,CUST_06497,SAVINGS,1978-08-03,ACTIVE,N,,
ACC_008121,CUST_06497,SAVINGS,1962-09-26,ACTIVE,N,,
ACC_008122,CUST_06497,CURRENT,1953-02-09,ACTIVE,N,,
ACC_008123,CUST_06498,SAVINGS,1970-04-23,ACTIVE,N,,
ACC_008124,CUST_06499,SAVINGS,1972-10-17,ACTIVE,N,,
ACC_008125,CUST_06500,SAVINGS,1997-05-25,ACTIVE,N,,
ACC_008126,CUST_06500,SAVINGS,1953-04-09,ACTIVE,N,,
ACC_008127,CUST_06501,SAVINGS,1962-08-02,ACTIVE,N,,
ACC_008128,CUST_06502,SAVINGS,1991-03-18,ACTIVE,N,,
ACC_008129,CUST_06502,SAVINGS,1977-01-23,DORMANT,Y,2009-08-02,
ACC_008130,CUST_06503,SAVINGS,1987-09-22,DORMANT,Y,2022-07-10,
ACC_008131,CUST_06503,SAVINGS,1976-03-31,ACTIVE,N,,
ACC_008132,CUST_06504,SAVINGS,1957-09-19,ACTIVE,N,,
ACC_008133,CUST_06505,SAVINGS,1976-09-20,ACTIVE,N,,
ACC_008134,CUST_06505,SAVINGS,1950-09-02,ACTIVE,N,,
ACC_008135,CUST_06506,SAVINGS,2006-07-24,ACTIVE,N,,
ACC_008136,CUST_06507,SAVINGS,2013-12-24,ACTIVE,N,,
ACC_008137,CUST_06507,SAVINGS,1961-04-01,ACTIVE,N,,
ACC_008138,CUST_06508,CURRENT,1978-08-21,ACTIVE,N,,
ACC_008139,CUST_06509,CURRENT,2018-01-12,ACTIVE,N,,
ACC_008140,CUST_06510,SAVINGS,1962-08-25,ACTIVE,N,,
ACC_008141,CUST_06511,SAVINGS,1965-09-04,ACTIVE,N,,
ACC_008142,CUST_06512,SAVINGS,1969-10-05,ACTIVE,N,,
ACC_008143,CUST_06513,SAVINGS,2004-02-22,ACTIVE,N,,
ACC_008144,CUST_06513,SAVINGS,1956-08-03,DORMANT,Y,1977-02-16,
ACC_008145,CUST_06514,SAVINGS,1970-08-29,DORMANT,Y,1978-07-10,
ACC_008146,CUST_06515,SAVINGS,1978-03-17,ACTIVE,N,,
ACC_008147,CUST_06516,SAVINGS,1971-06-04,ACTIVE,N,,
ACC_008148,CUST_06517,SAVINGS,1966-01-26,ACTIVE,N,,
ACC_008149,CUST_06518,SAVINGS,2012-08-26,DORMANT,Y,2019-08-18,
ACC_008150,CUST_06519,SAVINGS,2013-07-01,ACTIVE,N,,
ACC_008151,CUST_06520,SAVINGS,1969-01-02,ACTIVE,N,,
ACC_008152,CUST_06521,SAVINGS,1957-04-13,ACTIVE,N,,
ACC_008153,CUST_06522,SAVINGS,1965-09-03,ACTIVE,N,,
ACC_008154,CUST_06523,SAVINGS,1962-02-22,INACTIVE,N,,1970-01-12
ACC_008155,CUST_06524,SAVINGS,1965-05-04,ACTIVE,N,,
ACC_008156,CUST_06525,SAVINGS,2002-01-26,INACTIVE,N,,2015-10-09
ACC_008157,CUST_06525,SAVINGS,1964-03-22,ACTIVE,N,,
ACC_008158,CUST_06525,SAVINGS,1967-08-17,ACTIVE,N,,
ACC_008159,CUST_06526,SAVINGS,1974-08-05,ACTIVE,N,,
ACC_008160,CUST_06527,SAVINGS,1955-09-12,ACTIVE,N,,
ACC_008161,CUST_06528,SAVINGS,1966-06-18,ACTIVE,N,,
ACC_008162,CUST_06529,SAVINGS,1954-05-06,ACTIVE,N,,
ACC_008163,CUST_06529,SAVINGS,2010-10-08,ACTIVE,N,,
ACC_008164,CUST_06529,SAVINGS,1968-07-04,ACTIVE,N,,
ACC_008165,CUST_06530,CURRENT,1996-09-03,DORMANT,Y,2019-03-10,
ACC_008166,CUST_06531,SAVINGS,2022-01-07,ACTIVE,N,,
ACC_008167,CUST_06532,CURRENT,2009-07-25,ACTIVE,N,,
ACC_008168,CUST_06532,CURRENT,1983-11-05,ACTIVE,N,,
ACC_008169,CUST_06533,CURRENT,1976-12-10,DORMANT,Y,2019-05-03,
ACC_008170,CUST_06534,SAVINGS,1979-02-20,ACTIVE,N,,
ACC_008171,CUST_06535,SAVINGS,1955-01-15,ACTIVE,N,,
ACC_008172,CUST_06536,CURRENT,1989-12-17,ACTIVE,N,,
ACC_008173,CUST_06537,SAVINGS,1976-03-11,ACTIVE,N,,
ACC_008174,CUST_06538,CURRENT,2008-09-20,ACTIVE,N,,
ACC_008175,CUST_06539,SAVINGS,2001-10-04,ACTIVE,N,,
ACC_008176,CUST_06539,SAVINGS,1995-11-28,ACTIVE,N,,
ACC_008177,CUST_06540,SAVINGS,1978-05-13,DORMANT,Y,2014-11-06,
ACC_008178,CUST_06541,SAVINGS,1951-10-29,ACTIVE,N,,
ACC_008179,CUST_06542,SAVINGS,1974-05-05,DORMANT,Y,2005-04-29,
ACC_008180,CUST_06542,SAVINGS,1991-01-11,ACTIVE,N,,
ACC_008181,CUST_06542,SAVINGS,2020-11-27,ACTIVE,N,,
ACC_008182,CUST_06543,SAVINGS,1964-02-08,ACTIVE,N,,
ACC_008183,CUST_06544,SAVINGS,1970-05-14,INACTIVE,N,,2022-05-19
ACC_008184,CUST_06545,CURRENT,1988-05-21,ACTIVE,N,,
ACC_008185,CUST_06546,SAVINGS,1973-12-21,ACTIVE,N,,
ACC_008186,CUST_06547,SAVINGS,1963-09-03,ACTIVE,N,,
ACC_008187,CUST_06548,SAVINGS,1962-04-06,ACTIVE,N,,
ACC_008188,CUST_06549,SAVINGS,1988-09-18,DORMANT,Y,1990-04-05,
ACC_008189,CUST_06550,SAVINGS,2003-09-24,ACTIVE,N,,
ACC_008190,CUST_06551,SAVINGS,2021-06-05,ACTIVE,N,,
ACC_008191,CUST_06552,SAVINGS,1969-02-19,DORMANT,Y,1992-01-30,
ACC_008192,CUST_06552,SAVINGS,1951-03-11,ACTIVE,N,,
ACC_008193,CUST_06552,SAVINGS,1994-06-16,ACTIVE,N,,
ACC_008194,CUST_06553,CURRENT,1968-04-28,ACTIVE,N,,
ACC_008195,CUST_06554,SAVINGS,1970-06-07,ACTIVE,N,,
ACC_008196,CUST_06555,SAVINGS,1989-01-08,ACTIVE,N,,
ACC_008197,CUST_06556,SAVINGS,2001-02-12,ACTIVE,N,,
ACC_008198,CUST_06556,SAVINGS,1967-07-14,DORMANT,Y,1968-09-11,
ACC_008199,CUST_06557,SAVINGS,1976-05-10,ACTIVE,N,,
ACC_008200,CUST_06558,SAVINGS,1999-11-30,ACTIVE,N,,
ACC_008201,CUST_06559,SAVINGS,1997-08-19,INACTIVE,N,,2022-03-08
ACC_008202,CUST_06559,SAVINGS,2001-10-14,INACTIVE,N,,2004-01-12
ACC_008203,CUST_06560,SAVINGS,1950-03-03,ACTIVE,N,,
ACC_008204,CUST_06561,SAVINGS,1979-03-18,ACTIVE,N,,
ACC_008205,CUST_06562,SAVINGS,1996-12-26,ACTIVE,N,,
ACC_008206,CUST_06563,CURRENT,1967-06-14,ACTIVE,N,,
ACC_008207,CUST_06564,SAVINGS,2017-08-01,ACTIVE,N,,
ACC_008208,CUST_06564,SAVINGS,1952-04-29,ACTIVE,N,,
ACC_008209,CUST_06565,SAVINGS,1963-03-24,ACTIVE,N,,
ACC_008210,CUST_06566,SAVINGS,1981-02-23,ACTIVE,N,,
ACC_008211,CUST_06567,SAVINGS,2011-10-03,ACTIVE,N,,
ACC_008212,CUST_06568,SAVINGS,1966-02-24,ACTIVE,N,,
ACC_008213,CUST_06569,SAVINGS,1969-04-23,ACTIVE,N,,
ACC_008214,CUST_06570,SAVINGS,1987-06-29,ACTIVE,N,,
ACC_008215,CUST_06571,SAVINGS,1975-12-18,DORMANT,Y,2004-10-21,
ACC_008216,CUST_06572,SAVINGS,1998-11-11,ACTIVE,N,,
ACC_008217,CUST_06573,SAVINGS,2024-10-24,DORMANT,Y,2024-11-24,
ACC_008218,CUST_06574,CURRENT,2023-06-12,ACTIVE,N,,
ACC_008219,CUST_06574,CURRENT,1999-11-28,DORMANT,Y,2013-02-01,
ACC_008220,CUST_06574,CURRENT,1991-10-11,ACTIVE,N,,
ACC_008221,CUST_06575,SAVINGS,1967-09-27,ACTIVE,N,,
ACC_008222,CUST_06576,SAVINGS,1978-11-09,ACTIVE,N,,
ACC_008223,CUST_06577,CURRENT,1953-09-06,DORMANT,Y,1988-12-23,
ACC_008224,CUST_06578,SAVINGS,1960-03-14,ACTIVE,N,,
ACC_008225,CUST_06579,SAVINGS,1971-04-04,ACTIVE,N,,
ACC_008226,CUST_06580,SAVINGS,1953-06-28,ACTIVE,N,,
ACC_008227,CUST_06580,SAVINGS,1969-03-03,ACTIVE,N,,
ACC_008228,CUST_06581,CURRENT,2015-08-01,ACTIVE,N,,
ACC_008229,CUST_06582,CURRENT,1957-04-29,ACTIVE,N,,
ACC_008230,CUST_06583,SAVINGS,2007-07-01,ACTIVE,N,,
ACC_008231,CUST_06584,SAVINGS,1966-10-03,DORMANT,Y,1991-05-18,
ACC_008232,CUST_06584,SAVINGS,1972-01-16,ACTIVE,N,,
ACC_008233,CUST_06584,CURRENT,2015-03-27,ACTIVE,N,,
ACC_008234,CUST_06585,SAVINGS,1981-05-31,DORMANT,Y,2019-05-09,
ACC_008235,CUST_06585,SAVINGS,2017-05-08,ACTIVE,N,,
ACC_008236,CUST_06585,SAVINGS,1987-10-30,ACTIVE,N,,
ACC_008237,CUST_06586,SAVINGS,1958-03-17,ACTIVE,N,,
ACC_008238,CUST_06587,SAVINGS,1972-08-22,ACTIVE,N,,
ACC_008239,CUST_06588,CURRENT,1958-05-17,ACTIVE,N,,
ACC_008240,CUST_06588,CURRENT,2010-04-23,DORMANT,Y,2022-07-15,
ACC_008241,CUST_06588,SAVINGS,1961-08-14,ACTIVE,N,,
ACC_008242,CUST_06589,SAVINGS,2008-09-09,ACTIVE,N,,
ACC_008243,CUST_06590,SAVINGS,2008-01-03,ACTIVE,N,,
ACC_008244,CUST_06591,SAVINGS,1953-01-17,DORMANT,Y,2009-03-01,
ACC_008245,CUST_06592,SAVINGS,1981-01-21,ACTIVE,N,,
ACC_008246,CUST_06593,SAVINGS,1967-09-10,ACTIVE,N,,
ACC_008247,CUST_06594,CURRENT,1967-03-20,DORMANT,Y,1986-05-13,
ACC_008248,CUST_06595,SAVINGS,2022-04-11,INACTIVE,N,,2022-09-24
ACC_008249,CUST_06596,SAVINGS,1996-08-07,ACTIVE,N,,
ACC_008250,CUST_06597,SAVINGS,1993-06-23,DORMANT,Y,2002-05-11,
ACC_008251,CUST_06598,SAVINGS,1971-08-02,ACTIVE,N,,
ACC_008252,CUST_06599,CURRENT,1951-01-12,ACTIVE,N,,
ACC_008253,CUST_06600,SAVINGS,1980-03-11,ACTIVE,N,,
ACC_008254,CUST_06601,SAVINGS,1988-11-07,ACTIVE,N,,
ACC_008255,CUST_06602,SAVINGS,1954-05-29,ACTIVE,N,,
ACC_008256,CUST_06603,SAVINGS,1983-12-26,ACTIVE,N,,
ACC_008257,CUST_06604,SAVINGS,1957-12-25,ACTIVE,N,,
ACC_008258,CUST_06604,SAVINGS,1966-12-21,ACTIVE,N,,
ACC_008259,CUST_06604,SAVINGS,1952-04-18,DORMANT,Y,2001-09-22,
ACC_008260,CUST_06605,SAVINGS,2005-03-12,ACTIVE,N,,
ACC_008261,CUST_06606,SAVINGS,2017-07-23,ACTIVE,N,,
ACC_008262,CUST_06607,SAVINGS,2011-06-12,ACTIVE,N,,
ACC_008263,CUST_06608,SAVINGS,2000-02-29,ACTIVE,N,,
ACC_008264,CUST_06609,CURRENT,2007-08-06,ACTIVE,N,,
ACC_008265,CUST_06610,SAVINGS,1991-12-15,ACTIVE,N,,
ACC_008266,CUST_06611,CURRENT,1958-10-31,ACTIVE,N,,
ACC_008267,CUST_06612,SAVINGS,2000-06-23,ACTIVE,N,,
ACC_008268,CUST_06613,SAVINGS,2010-04-08,DORMANT,Y,2020-04-21,
ACC_008269,CUST_06614,SAVINGS,1997-05-14,INACTIVE,N,,2010-01-08
ACC_008270,CUST_06615,SAVINGS,1988-10-17,ACTIVE,N,,
ACC_008271,CUST_06616,SAVINGS,2007-11-13,ACTIVE,N,,
ACC_008272,CUST_06617,SAVINGS,1973-06-23,ACTIVE,N,,
ACC_008273,CUST_06618,SAVINGS,1983-06-30,ACTIVE,N,,
ACC_008274,CUST_06618,SAVINGS,1984-03-14,INACTIVE,N,,2016-10-31
ACC_008275,CUST_06619,SAVINGS,1964-06-26,ACTIVE,N,,
ACC_008276,CUST_06619,SAVINGS,1968-08-17,ACTIVE,N,,
ACC_008277,CUST_06620,SAVINGS,1984-03-05,ACTIVE,N,,
ACC_008278,CUST_06621,CURRENT,2012-11-04,DORMANT,Y,2020-03-24,
ACC_008279,CUST_06622,SAVINGS,1950-05-16,ACTIVE,N,,
ACC_008280,CUST_06622,SAVINGS,1965-01-17,ACTIVE,N,,
ACC_008281,CUST_06622,SAVINGS,1956-01-03,ACTIVE,N,,
ACC_008282,CUST_06623,SAVINGS,1958-01-31,ACTIVE,N,,
ACC_008283,CUST_06623,SAVINGS,1966-02-17,ACTIVE,N,,
ACC_008284,CUST_06624,SAVINGS,2019-12-25,ACTIVE,N,,
ACC_008285,CUST_06625,SAVINGS,1966-09-10,INACTIVE,N,,1969-04-29
ACC_008286,CUST_06626,SAVINGS,1978-03-15,DORMANT,Y,1980-01-06,
ACC_008287,CUST_06627,SAVINGS,2006-02-25,ACTIVE,N,,
ACC_008288,CUST_06628,SAVINGS,1981-04-13,ACTIVE,N,,
ACC_008289,CUST_06629,SAVINGS,1963-08-30,ACTIVE,N,,
ACC_008290,CUST_06629,SAVINGS,2011-02-26,ACTIVE,N,,
ACC_008291,CUST_06630,SAVINGS,2004-04-03,ACTIVE,N,,
ACC_008292,CUST_06631,CURRENT,1987-08-03,ACTIVE,N,,
ACC_008293,CUST_06632,SAVINGS,1962-03-31,ACTIVE,N,,
ACC_008294,CUST_06632,SAVINGS,2016-07-20,ACTIVE,N,,
ACC_008295,CUST_06632,SAVINGS,1972-01-12,ACTIVE,N,,
ACC_008296,CUST_06633,SAVINGS,2007-09-06,ACTIVE,N,,
ACC_008297,CUST_06634,SAVINGS,2020-04-07,ACTIVE,N,,
ACC_008298,CUST_06635,SAVINGS,1955-10-20,ACTIVE,N,,
ACC_008299,CUST_06635,SAVINGS,2024-02-02,ACTIVE,N,,
ACC_008300,CUST_06635,SAVINGS,1951-10-15,ACTIVE,N,,
ACC_008301,CUST_06636,SAVINGS,2020-05-05,ACTIVE,N,,
ACC_008302,CUST_06637,CURRENT,1963-04-06,ACTIVE,N,,
ACC_008303,CUST_06637,CURRENT,1999-11-06,ACTIVE,N,,
ACC_008304,CUST_06638,SAVINGS,2010-12-10,ACTIVE,N,,
ACC_008305,CUST_06638,SAVINGS,1964-08-13,ACTIVE,N,,
ACC_008306,CUST_06639,SAVINGS,1970-02-28,ACTIVE,N,,
ACC_008307,CUST_06640,SAVINGS,1954-02-24,DORMANT,Y,1968-11-14,
ACC_008308,CUST_06640,SAVINGS,1996-08-23,ACTIVE,N,,
ACC_008309,CUST_06641,SAVINGS,1958-04-11,DORMANT,Y,1989-10-24,
ACC_008310,CUST_06642,SAVINGS,1961-06-29,ACTIVE,N,,
ACC_008311,CUST_06643,SAVINGS,1976-08-09,ACTIVE,N,,
ACC_008312,CUST_06644,CURRENT,2019-03-10,ACTIVE,N,,
ACC_008313,CUST_06645,CURRENT,1955-10-12,ACTIVE,N,,
ACC_008314,CUST_06646,SAVINGS,2005-08-10,ACTIVE,N,,
ACC_008315,CUST_06647,CURRENT,2011-08-25,DORMANT,Y,2013-05-17,
ACC_008316,CUST_06647,CURRENT,1983-07-20,ACTIVE,N,,
ACC_008317,CUST_06648,CURRENT,1957-05-02,ACTIVE,N,,
ACC_008318,CUST_06649,SAVINGS,2012-11-14,ACTIVE,N,,
ACC_008319,CUST_06650,CURRENT,1981-03-12,DORMANT,Y,2003-10-18,
ACC_008320,CUST_06651,CURRENT,1960-11-06,ACTIVE,N,,
ACC_008321,CUST_06651,CURRENT,1956-07-04,ACTIVE,N,,
ACC_008322,CUST_06651,SAVINGS,1989-02-27,DORMANT,Y,2013-09-24,
ACC_008323,CUST_06652,CURRENT,2022-03-24,ACTIVE,N,,
ACC_008324,CUST_06653,SAVINGS,1987-07-03,ACTIVE,N,,
ACC_008325,CUST_06654,SAVINGS,2016-12-19,ACTIVE,N,,
ACC_008326,CUST_06655,SAVINGS,1990-11-11,ACTIVE,N,,
ACC_008327,CUST_06656,SAVINGS,1977-02-24,ACTIVE,N,,
ACC_008328,CUST_06656,SAVINGS,2004-07-10,DORMANT,Y,2010-06-23,
ACC_008329,CUST_06657,SAVINGS,1965-07-18,INACTIVE,N,,2013-06-15
ACC_008330,CUST_06658,SAVINGS,1976-10-01,ACTIVE,N,,
ACC_008331,CUST_06659,SAVINGS,1953-05-17,DORMANT,Y,1955-09-30,
ACC_008332,CUST_06660,SAVINGS,2009-03-20,ACTIVE,N,,
ACC_008333,CUST_06661,SAVINGS,1974-09-25,ACTIVE,N,,
ACC_008334,CUST_06662,SAVINGS,1997-06-28,ACTIVE,N,,
ACC_008335,CUST_06663,SAVINGS,2022-05-13,ACTIVE,N,,
ACC_008336,CUST_06663,SAVINGS,2021-11-17,ACTIVE,N,,
ACC_008337,CUST_06664,SAVINGS,1998-05-12,ACTIVE,N,,
ACC_008338,CUST_06665,CURRENT,2010-10-24,ACTIVE,N,,
ACC_008339,CUST_06666,SAVINGS,2007-12-20,ACTIVE,N,,
ACC_008340,CUST_06666,SAVINGS,2008-06-14,ACTIVE,N,,
ACC_008341,CUST_06667,SAVINGS,1984-07-15,ACTIVE,N,,
ACC_008342,CUST_06668,SAVINGS,2017-07-12,ACTIVE,N,,
ACC_008343,CUST_06669,SAVINGS,1954-01-15,ACTIVE,N,,
ACC_008344,CUST_06670,SAVINGS,1977-11-03,ACTIVE,N,,
ACC_008345,CUST_06671,SAVINGS,1966-05-26,INACTIVE,N,,2004-08-04
ACC_008346,CUST_06672,SAVINGS,1950-09-29,DORMANT,Y,1996-03-02,
ACC_008347,CUST_06672,SAVINGS,1977-01-29,ACTIVE,N,,
ACC_008348,CUST_06673,SAVINGS,1977-04-09,ACTIVE,N,,
ACC_008349,CUST_06674,CURRENT,2004-10-16,ACTIVE,N,,
ACC_008350,CUST_06674,SAVINGS,1971-04-24,ACTIVE,N,,
ACC_008351,CUST_06675,SAVINGS,2009-10-24,INACTIVE,N,,2014-02-19
ACC_008352,CUST_06676,CURRENT,2009-07-16,ACTIVE,N,,
ACC_008353,CUST_06677,SAVINGS,2003-07-29,ACTIVE,N,,
ACC_008354,CUST_06678,SAVINGS,2009-06-13,ACTIVE,N,,
ACC_008355,CUST_06679,SAVINGS,1970-04-08,ACTIVE,N,,
ACC_008356,CUST_06680,SAVINGS,1960-09-28,ACTIVE,N,,
ACC_008357,CUST_06681,SAVINGS,1998-01-28,ACTIVE,N,,
ACC_008358,CUST_06681,SAVINGS,1958-09-21,ACTIVE,N,,
ACC_008359,CUST_06682,SAVINGS,2021-05-26,ACTIVE,N,,
ACC_008360,CUST_06682,SAVINGS,1982-09-27,DORMANT,Y,1992-02-22,
ACC_008361,CUST_06682,SAVINGS,2014-08-25,ACTIVE,N,,
ACC_008362,CUST_06683,CURRENT,1952-08-01,ACTIVE,N,,
ACC_008363,CUST_06684,SAVINGS,1954-05-14,ACTIVE,N,,
ACC_008364,CUST_06685,SAVINGS,1957-11-02,ACTIVE,N,,
ACC_008365,CUST_06686,SAVINGS,1986-03-16,DORMANT,Y,2013-08-17,
ACC_008366,CUST_06686,SAVINGS,2006-06-16,ACTIVE,N,,
ACC_008367,CUST_06686,SAVINGS,2007-12-02,ACTIVE,N,,
ACC_008368,CUST_06687,SAVINGS,1963-08-20,ACTIVE,N,,
ACC_008369,CUST_06688,SAVINGS,1992-04-10,ACTIVE,N,,
ACC_008370,CUST_06689,CURRENT,1994-12-16,DORMANT,Y,2016-04-14,
ACC_008371,CUST_06690,SAVINGS,1953-05-24,ACTIVE,N,,
ACC_008372,CUST_06690,SAVINGS,1959-03-25,ACTIVE,N,,
ACC_008373,CUST_06691,SAVINGS,1965-11-08,DORMANT,Y,1969-04-18,
ACC_008374,CUST_06692,SAVINGS,2010-10-30,INACTIVE,N,,2020-11-02
ACC_008375,CUST_06693,SAVINGS,2016-02-05,ACTIVE,N,,
ACC_008376,CUST_06694,SAVINGS,2013-08-10,ACTIVE,N,,
ACC_008377,CUST_06695,SAVINGS,1966-12-03,ACTIVE,N,,
ACC_008378,CUST_06696,SAVINGS,1984-05-04,ACTIVE,N,,
ACC_008379,CUST_06697,SAVINGS,1955-01-31,DORMANT,Y,1957-10-03,
ACC_008380,CUST_06698,SAVINGS,1985-10-02,ACTIVE,N,,
ACC_008381,CUST_06699,SAVINGS,1982-02-11,ACTIVE,N,,
ACC_008382,CUST_06700,SAVINGS,2024-01-09,INACTIVE,N,,2024-11-02
ACC_008383,CUST_06701,SAVINGS,1959-04-01,ACTIVE,N,,
ACC_008384,CUST_06702,SAVINGS,1986-09-08,ACTIVE,N,,
ACC_008385,CUST_06703,SAVINGS,1950-05-31,ACTIVE,N,,
ACC_008386,CUST_06704,CURRENT,1992-11-17,ACTIVE,N,,
ACC_008387,CUST_06705,SAVINGS,1983-12-06,ACTIVE,N,,
ACC_008388,CUST_06706,SAVINGS,1958-12-14,ACTIVE,N,,
ACC_008389,CUST_06707,CURRENT,1993-02-05,INACTIVE,N,,2019-10-15
ACC_008390,CUST_06708,SAVINGS,1973-06-05,ACTIVE,N,,
ACC_008391,CUST_06709,SAVINGS,1955-10-04,ACTIVE,N,,
ACC_008392,CUST_06710,CURRENT,1984-10-11,DORMANT,Y,2018-12-05,
ACC_008393,CUST_06711,SAVINGS,1955-02-27,ACTIVE,N,,
ACC_008394,CUST_06712,SAVINGS,1990-07-05,ACTIVE,N,,
ACC_008395,CUST_06712,SAVINGS,2017-08-18,ACTIVE,N,,
ACC_008396,CUST_06713,SAVINGS,2003-10-05,ACTIVE,N,,
ACC_008397,CUST_06714,SAVINGS,2022-01-09,ACTIVE,N,,
ACC_008398,CUST_06715,CURRENT,2017-01-27,DORMANT,Y,2022-07-04,
ACC_008399,CUST_06716,SAVINGS,1980-06-11,ACTIVE,N,,
ACC_008400,CUST_06717,SAVINGS,1958-11-12,ACTIVE,N,,
ACC_008401,CUST_06718,SAVINGS,1977-01-14,ACTIVE,N,,
ACC_008402,CUST_06719,SAVINGS,2013-01-18,ACTIVE,N,,
ACC_008403,CUST_06720,CURRENT,2009-10-01,ACTIVE,N,,
ACC_008404,CUST_06721,SAVINGS,1966-05-16,ACTIVE,N,,
ACC_008405,CUST_06722,SAVINGS,2006-06-04,ACTIVE,N,,
ACC_008406,CUST_06723,SAVINGS,2002-01-08,ACTIVE,N,,
ACC_008407,CUST_06724,CURRENT,1989-10-29,DORMANT,Y,1996-10-08,
ACC_008408,CUST_06725,SAVINGS,2005-12-03,ACTIVE,N,,
ACC_008409,CUST_06726,SAVINGS,2001-12-28,ACTIVE,N,,
ACC_008410,CUST_06727,SAVINGS,1963-07-21,ACTIVE,N,,
ACC_008411,CUST_06728,SAVINGS,1970-03-15,ACTIVE,N,,
ACC_008412,CUST_06729,SAVINGS,1979-06-09,ACTIVE,N,,
ACC_008413,CUST_06730,SAVINGS,2016-01-02,ACTIVE,N,,
ACC_008414,CUST_06731,SAVINGS,1989-01-05,ACTIVE,N,,
ACC_008415,CUST_06732,SAVINGS,1956-09-06,ACTIVE,N,,
ACC_008416,CUST_06733,CURRENT,2016-01-05,ACTIVE,N,,
ACC_008417,CUST_06734,SAVINGS,2015-04-25,ACTIVE,N,,
ACC_008418,CUST_06735,SAVINGS,1986-03-24,ACTIVE,N,,
ACC_008419,CUST_06736,SAVINGS,1983-10-15,ACTIVE,N,,
ACC_008420,CUST_06737,CURRENT,1981-10-02,ACTIVE,N,,
ACC_008421,CUST_06738,SAVINGS,1973-09-16,DORMANT,Y,1995-08-23,
ACC_008422,CUST_06739,SAVINGS,2009-06-18,ACTIVE,N,,
ACC_008423,CUST_06740,CURRENT,1974-11-28,ACTIVE,N,,
ACC_008424,CUST_06741,SAVINGS,1978-09-16,ACTIVE,N,,
ACC_008425,CUST_06741,SAVINGS,2020-02-23,ACTIVE,N,,
ACC_008426,CUST_06742,SAVINGS,1989-05-07,ACTIVE,N,,
ACC_008427,CUST_06743,SAVINGS,1965-07-04,ACTIVE,N,,
ACC_008428,CUST_06744,CURRENT,2010-09-17,ACTIVE,N,,
ACC_008429,CUST_06745,SAVINGS,1951-12-30,ACTIVE,N,,
ACC_008430,CUST_06746,SAVINGS,1959-02-13,ACTIVE,N,,
ACC_008431,CUST_06747,SAVINGS,1985-12-12,INACTIVE,N,,1997-03-08
ACC_008432,CUST_06748,SAVINGS,2008-08-18,ACTIVE,N,,
ACC_008433,CUST_06748,SAVINGS,1968-12-29,DORMANT,Y,1970-10-13,
ACC_008434,CUST_06749,SAVINGS,1979-03-05,ACTIVE,N,,
ACC_008435,CUST_06749,SAVINGS,2013-08-06,ACTIVE,N,,
ACC_008436,CUST_06750,SAVINGS,1956-12-09,DORMANT,Y,2019-08-24,
ACC_008437,CUST_06750,SAVINGS,2023-07-27,ACTIVE,N,,
ACC_008438,CUST_06750,CURRENT,1973-05-06,ACTIVE,N,,
ACC_008439,CUST_06751,SAVINGS,1964-05-20,ACTIVE,N,,
ACC_008440,CUST_06752,SAVINGS,1962-02-12,ACTIVE,N,,
ACC_008441,CUST_06753,SAVINGS,2005-11-26,DORMANT,Y,2007-10-09,
ACC_008442,CUST_06754,SAVINGS,1971-07-22,ACTIVE,N,,
ACC_008443,CUST_06755,SAVINGS,1953-09-25,ACTIVE,N,,
ACC_008444,CUST_06756,SAVINGS,1985-04-26,ACTIVE,N,,
ACC_008445,CUST_06756,CURRENT,1962-12-10,INACTIVE,N,,2020-10-03
ACC_008446,CUST_06757,SAVINGS,2024-04-11,DORMANT,Y,2024-05-13,
ACC_008447,CUST_06758,SAVINGS,1982-01-05,INACTIVE,N,,2007-02-23
ACC_008448,CUST_06758,CURRENT,2019-10-25,ACTIVE,N,,
ACC_008449,CUST_06759,SAVINGS,2018-08-28,ACTIVE,N,,
ACC_008450,CUST_06760,SAVINGS,2011-01-20,DORMANT,Y,2013-07-18,
ACC_008451,CUST_06761,SAVINGS,1965-03-28,ACTIVE,N,,
ACC_008452,CUST_06762,SAVINGS,1961-05-13,ACTIVE,N,,
ACC_008453,CUST_06763,SAVINGS,2010-06-29,ACTIVE,N,,
ACC_008454,CUST_06764,SAVINGS,1953-01-19,ACTIVE,N,,
ACC_008455,CUST_06765,CURRENT,2023-02-26,INACTIVE,N,,2024-03-23
ACC_008456,CUST_06766,CURRENT,1989-06-09,ACTIVE,N,,
ACC_008457,CUST_06767,SAVINGS,2019-03-03,INACTIVE,N,,2019-06-05
ACC_008458,CUST_06767,SAVINGS,1959-08-12,ACTIVE,N,,
ACC_008459,CUST_06768,SAVINGS,2024-05-24,ACTIVE,N,,
ACC_008460,CUST_06769,CURRENT,2004-04-21,ACTIVE,N,,
ACC_008461,CUST_06770,SAVINGS,1985-05-23,ACTIVE,N,,
ACC_008462,CUST_06771,SAVINGS,1991-05-23,ACTIVE,N,,
ACC_008463,CUST_06772,CURRENT,2022-10-30,ACTIVE,N,,
ACC_008464,CUST_06773,SAVINGS,1968-10-24,ACTIVE,N,,
ACC_008465,CUST_06774,SAVINGS,1971-11-16,ACTIVE,N,,
ACC_008466,CUST_06774,SAVINGS,1966-05-14,ACTIVE,N,,
ACC_008467,CUST_06774,SAVINGS,2011-06-03,DORMANT,Y,2017-06-23,
ACC_008468,CUST_06775,SAVINGS,2021-01-14,ACTIVE,N,,
ACC_008469,CUST_06775,SAVINGS,2019-11-03,ACTIVE,N,,
ACC_008470,CUST_06776,CURRENT,1981-09-24,ACTIVE,N,,
ACC_008471,CUST_06776,SAVINGS,2009-12-07,ACTIVE,N,,
ACC_008472,CUST_06777,SAVINGS,2018-12-25,ACTIVE,N,,
ACC_008473,CUST_06778,SAVINGS,2000-11-15,ACTIVE,N,,
ACC_008474,CUST_06779,CURRENT,2009-07-26,ACTIVE,N,,
ACC_008475,CUST_06780,SAVINGS,1951-07-28,ACTIVE,N,,
ACC_008476,CUST_06781,SAVINGS,2023-05-16,ACTIVE,N,,
ACC_008477,CUST_06781,SAVINGS,1973-06-27,INACTIVE,N,,1977-09-07
ACC_008478,CUST_06782,SAVINGS,1953-07-01,ACTIVE,N,,
ACC_008479,CUST_06783,SAVINGS,1985-04-26,ACTIVE,N,,
ACC_008480,CUST_06784,SAVINGS,2023-07-05,ACTIVE,N,,
ACC_008481,CUST_06784,SAVINGS,1956-05-16,ACTIVE,N,,
ACC_008482,CUST_06785,SAVINGS,2006-12-31,ACTIVE,N,,
ACC_008483,CUST_06786,CURRENT,2014-07-21,ACTIVE,N,,
ACC_008484,CUST_06787,CURRENT,1993-07-31,ACTIVE,N,,
ACC_008485,CUST_06788,SAVINGS,2014-05-31,ACTIVE,N,,
ACC_008486,CUST_06789,CURRENT,1962-10-02,ACTIVE,N,,
ACC_008487,CUST_06790,SAVINGS,1974-06-23,DORMANT,Y,1987-05-01,
ACC_008488,CUST_06791,CURRENT,2001-10-02,ACTIVE,N,,
ACC_008489,CUST_06791,SAVINGS,1961-08-02,ACTIVE,N,,
ACC_008490,CUST_06792,CURRENT,1990-10-08,ACTIVE,N,,
ACC_008491,CUST_06793,SAVINGS,2004-11-17,ACTIVE,N,,
ACC_008492,CUST_06794,SAVINGS,1962-06-15,ACTIVE,N,,
ACC_008493,CUST_06795,SAVINGS,1961-06-09,ACTIVE,N,,
ACC_008494,CUST_06795,CURRENT,1971-06-25,ACTIVE,N,,
ACC_008495,CUST_06796,SAVINGS,2019-07-14,ACTIVE,N,,
ACC_008496,CUST_06797,SAVINGS,2018-01-03,ACTIVE,N,,
ACC_008497,CUST_06798,SAVINGS,1986-10-21,DORMANT,Y,1998-01-20,
ACC_008498,CUST_06798,SAVINGS,2007-08-21,ACTIVE,N,,
ACC_008499,CUST_06799,SAVINGS,2018-09-09,ACTIVE,N,,
ACC_008500,CUST_06799,SAVINGS,1970-06-23,ACTIVE,N,,
ACC_008501,CUST_06800,SAVINGS,2013-01-23,ACTIVE,N,,
ACC_008502,CUST_06800,SAVINGS,2003-05-14,DORMANT,Y,2023-01-19,
ACC_008503,CUST_06801,SAVINGS,2014-12-09,ACTIVE,N,,
ACC_008504,CUST_06802,SAVINGS,1956-10-22,ACTIVE,N,,
ACC_008505,CUST_06803,SAVINGS,1986-05-11,ACTIVE,N,,
ACC_008506,CUST_06804,SAVINGS,1955-11-15,ACTIVE,N,,
ACC_008507,CUST_06804,SAVINGS,1998-04-08,DORMANT,Y,2006-01-26,
ACC_008508,CUST_06805,SAVINGS,1966-01-18,ACTIVE,N,,
ACC_008509,CUST_06806,CURRENT,1985-03-15,ACTIVE,N,,
ACC_008510,CUST_06807,SAVINGS,1962-01-14,ACTIVE,N,,
ACC_008511,CUST_06808,CURRENT,2007-08-23,INACTIVE,N,,2011-06-21
ACC_008512,CUST_06809,SAVINGS,1998-04-06,ACTIVE,N,,
ACC_008513,CUST_06810,SAVINGS,2008-02-19,ACTIVE,N,,
ACC_008514,CUST_06811,SAVINGS,1955-12-29,ACTIVE,N,,
ACC_008515,CUST_06812,SAVINGS,2017-04-13,ACTIVE,N,,
ACC_008516,CUST_06813,SAVINGS,1983-10-08,ACTIVE,N,,
ACC_008517,CUST_06813,SAVINGS,1974-02-04,ACTIVE,N,,
ACC_008518,CUST_06814,CURRENT,2016-05-08,DORMANT,Y,2021-03-08,
ACC_008519,CUST_06815,SAVINGS,1980-07-03,ACTIVE,N,,
ACC_008520,CUST_06816,SAVINGS,1995-05-13,INACTIVE,N,,2019-12-16
ACC_008521,CUST_06817,SAVINGS,2001-05-13,ACTIVE,N,,
ACC_008522,CUST_06817,SAVINGS,1998-03-09,DORMANT,Y,2001-10-28,
ACC_008523,CUST_06818,CURRENT,2012-08-21,ACTIVE,N,,
ACC_008524,CUST_06819,CURRENT,2004-03-10,ACTIVE,N,,
ACC_008525,CUST_06820,SAVINGS,1974-09-25,ACTIVE,N,,
ACC_008526,CUST_06821,SAVINGS,1989-11-09,ACTIVE,N,,
ACC_008527,CUST_06821,SAVINGS,1956-02-24,ACTIVE,N,,
ACC_008528,CUST_06821,SAVINGS,2007-05-21,ACTIVE,N,,
ACC_008529,CUST_06822,CURRENT,1988-07-09,ACTIVE,N,,
ACC_008530,CUST_06823,SAVINGS,2001-03-20,ACTIVE,N,,
ACC_008531,CUST_06824,SAVINGS,2002-03-24,ACTIVE,N,,
ACC_008532,CUST_06825,SAVINGS,2024-06-02,ACTIVE,N,,
ACC_008533,CUST_06826,SAVINGS,1983-11-04,ACTIVE,N,,
ACC_008534,CUST_06826,SAVINGS,1986-01-16,DORMANT,Y,2015-04-04,
ACC_008535,CUST_06827,SAVINGS,1953-06-27,DORMANT,Y,1989-08-22,
ACC_008536,CUST_06828,SAVINGS,2011-08-30,ACTIVE,N,,
ACC_008537,CUST_06829,SAVINGS,2019-08-23,ACTIVE,N,,
ACC_008538,CUST_06830,SAVINGS,1992-07-08,DORMANT,Y,1997-09-05,
ACC_008539,CUST_06831,CURRENT,1958-10-25,ACTIVE,N,,
ACC_008540,CUST_06832,SAVINGS,2010-06-03,ACTIVE,N,,
ACC_008541,CUST_06833,SAVINGS,1951-08-01,ACTIVE,N,,
ACC_008542,CUST_06834,CURRENT,1970-10-26,ACTIVE,N,,
ACC_008543,CUST_06835,CURRENT,1996-01-02,ACTIVE,N,,
ACC_008544,CUST_06836,SAVINGS,1963-11-29,DORMANT,Y,1990-03-04,
ACC_008545,CUST_06837,SAVINGS,1969-05-16,ACTIVE,N,,
ACC_008546,CUST_06837,SAVINGS,1971-10-02,ACTIVE,N,,
ACC_008547,CUST_06838,CURRENT,1998-05-24,ACTIVE,N,,
ACC_008548,CUST_06839,CURRENT,1983-02-04,DORMANT,Y,2010-10-06,
ACC_008549,CUST_06840,SAVINGS,1987-06-17,ACTIVE,N,,
ACC_008550,CUST_06841,CURRENT,2023-11-07,ACTIVE,N,,
ACC_008551,CUST_06842,SAVINGS,2024-05-29,ACTIVE,N,,
ACC_008552,CUST_06843,SAVINGS,1967-01-08,DORMANT,Y,1967-01-16,
ACC_008553,CUST_06844,SAVINGS,2018-05-25,INACTIVE,N,,2023-04-11
ACC_008554,CUST_06845,CURRENT,1980-03-19,ACTIVE,N,,
ACC_008555,CUST_06846,SAVINGS,1986-03-11,ACTIVE,N,,
ACC_008556,CUST_06847,SAVINGS,2022-10-06,ACTIVE,N,,
ACC_008557,CUST_06847,SAVINGS,2004-06-16,DORMANT,Y,2022-08-01,
ACC_008558,CUST_06848,CURRENT,2018-04-19,DORMANT,Y,2020-03-27,
ACC_008559,CUST_06849,SAVINGS,1955-08-05,ACTIVE,N,,
ACC_008560,CUST_06850,SAVINGS,2009-04-30,ACTIVE,N,,
ACC_008561,CUST_06851,SAVINGS,1968-09-16,ACTIVE,N,,
ACC_008562,CUST_06852,CURRENT,1985-03-09,ACTIVE,N,,
ACC_008563,CUST_06853,CURRENT,2003-10-14,ACTIVE,N,,
ACC_008564,CUST_06854,CURRENT,2015-04-07,ACTIVE,N,,
ACC_008565,CUST_06855,SAVINGS,1970-08-07,ACTIVE,N,,
ACC_008566,CUST_06856,SAVINGS,2021-10-02,ACTIVE,N,,
ACC_008567,CUST_06857,SAVINGS,2010-08-03,INACTIVE,N,,2020-10-29
ACC_008568,CUST_06858,CURRENT,1959-04-11,ACTIVE,N,,
ACC_008569,CUST_06859,CURRENT,2007-10-31,ACTIVE,N,,
ACC_008570,CUST_06860,SAVINGS,1953-01-01,ACTIVE,N,,
ACC_008571,CUST_06861,SAVINGS,1958-08-19,ACTIVE,N,,
ACC_008572,CUST_06861,SAVINGS,1962-02-20,ACTIVE,N,,
ACC_008573,CUST_06862,CURRENT,1990-10-26,ACTIVE,N,,
ACC_008574,CUST_06863,SAVINGS,1960-01-20,ACTIVE,N,,
ACC_008575,CUST_06863,SAVINGS,1979-03-10,ACTIVE,N,,
ACC_008576,CUST_06864,SAVINGS,1965-05-16,ACTIVE,N,,
ACC_008577,CUST_06865,SAVINGS,1983-10-17,ACTIVE,N,,
ACC_008578,CUST_06866,CURRENT,1998-09-09,DORMANT,Y,2021-03-08,
ACC_008579,CUST_06867,SAVINGS,1972-03-20,INACTIVE,N,,1986-02-19
ACC_008580,CUST_06868,SAVINGS,2005-06-11,ACTIVE,N,,
ACC_008581,CUST_06869,SAVINGS,1964-09-10,ACTIVE,N,,
ACC_008582,CUST_06870,SAVINGS,1981-08-31,DORMANT,Y,1996-03-07,
ACC_008583,CUST_06871,SAVINGS,2014-08-30,ACTIVE,N,,
ACC_008584,CUST_06872,SAVINGS,2005-06-24,ACTIVE,N,,
ACC_008585,CUST_06873,SAVINGS,1950-01-22,ACTIVE,N,,
ACC_008586,CUST_06874,SAVINGS,1996-07-05,ACTIVE,N,,
ACC_008587,CUST_06874,SAVINGS,1975-05-24,ACTIVE,N,,
ACC_008588,CUST_06874,SAVINGS,1983-11-03,ACTIVE,N,,
ACC_008589,CUST_06875,CURRENT,1955-12-17,INACTIVE,N,,1990-08-06
ACC_008590,CUST_06876,SAVINGS,1993-09-19,ACTIVE,N,,
ACC_008591,CUST_06877,SAVINGS,2019-07-22,DORMANT,Y,2020-05-10,
ACC_008592,CUST_06877,SAVINGS,2004-07-10,ACTIVE,N,,
ACC_008593,CUST_06878,SAVINGS,1995-04-01,ACTIVE,N,,
ACC_008594,CUST_06879,SAVINGS,1952-12-26,ACTIVE,N,,
ACC_008595,CUST_06880,SAVINGS,1972-07-14,ACTIVE,N,,
ACC_008596,CUST_06881,SAVINGS,1999-01-15,ACTIVE,N,,
ACC_008597,CUST_06882,SAVINGS,1987-11-23,ACTIVE,N,,
ACC_008598,CUST_06883,SAVINGS,1991-02-11,ACTIVE,N,,
ACC_008599,CUST_06884,SAVINGS,2017-06-14,ACTIVE,N,,
ACC_008600,CUST_06885,CURRENT,1969-09-08,DORMANT,Y,1987-07-12,
ACC_008601,CUST_06886,CURRENT,1966-12-15,ACTIVE,N,,
ACC_008602,CUST_06886,CURRENT,1963-04-02,ACTIVE,N,,
ACC_008603,CUST_06886,CURRENT,2008-05-17,ACTIVE,N,,
ACC_008604,CUST_06887,SAVINGS,1993-04-07,ACTIVE,N,,
ACC_008605,CUST_06887,SAVINGS,1954-04-19,INACTIVE,N,,1980-08-06
ACC_008606,CUST_06888,SAVINGS,1989-05-09,ACTIVE,N,,
ACC_008607,CUST_06889,CURRENT,1987-03-28,DORMANT,Y,1989-02-27,
ACC_008608,CUST_06890,SAVINGS,2006-09-02,ACTIVE,N,,
ACC_008609,CUST_06891,SAVINGS,2004-09-20,ACTIVE,N,,
ACC_008610,CUST_06892,CURRENT,1958-08-07,ACTIVE,N,,
ACC_008611,CUST_06893,CURRENT,2013-12-22,ACTIVE,N,,
ACC_008612,CUST_06894,SAVINGS,2015-11-27,DORMANT,Y,2017-01-05,
ACC_008613,CUST_06895,SAVINGS,2020-03-13,ACTIVE,N,,
ACC_008614,CUST_06895,SAVINGS,1967-04-04,ACTIVE,N,,
ACC_008615,CUST_06896,CURRENT,1985-03-17,ACTIVE,N,,
ACC_008616,CUST_06896,CURRENT,2023-04-04,ACTIVE,N,,
ACC_008617,CUST_06897,SAVINGS,2024-05-24,ACTIVE,N,,
ACC_008618,CUST_06898,SAVINGS,1955-09-11,ACTIVE,N,,
ACC_008619,CUST_06899,SAVINGS,2024-05-28,ACTIVE,N,,
ACC_008620,CUST_06900,SAVINGS,2023-08-21,ACTIVE,N,,
ACC_008621,CUST_06901,SAVINGS,1950-05-22,DORMANT,Y,2004-12-03,
ACC_008622,CUST_06902,SAVINGS,2012-11-03,ACTIVE,N,,
ACC_008623,CUST_06903,CURRENT,1969-10-18,ACTIVE,N,,
ACC_008624,CUST_06904,SAVINGS,1963-03-10,ACTIVE,N,,
ACC_008625,CUST_06904,SAVINGS,1986-12-14,ACTIVE,N,,
ACC_008626,CUST_06904,SAVINGS,1960-11-01,ACTIVE,N,,
ACC_008627,CUST_06905,SAVINGS,2010-04-10,ACTIVE,N,,
ACC_008628,CUST_06906,SAVINGS,1986-11-13,ACTIVE,N,,
ACC_008629,CUST_06907,SAVINGS,2006-04-22,ACTIVE,N,,
ACC_008630,CUST_06908,CURRENT,2020-05-11,ACTIVE,N,,
ACC_008631,CUST_06909,CURRENT,1964-03-27,ACTIVE,N,,
ACC_008632,CUST_06910,SAVINGS,1980-10-28,ACTIVE,N,,
ACC_008633,CUST_06911,SAVINGS,1994-06-06,DORMANT,Y,2015-08-11,
ACC_008634,CUST_06912,SAVINGS,1975-02-20,ACTIVE,N,,
ACC_008635,CUST_06913,SAVINGS,2003-09-11,INACTIVE,N,,2016-07-03
ACC_008636,CUST_06914,SAVINGS,1986-01-26,ACTIVE,N,,
ACC_008637,CUST_06915,CURRENT,2024-04-19,ACTIVE,N,,
ACC_008638,CUST_06916,SAVINGS,2007-06-17,DORMANT,Y,2015-12-06,
ACC_008639,CUST_06916,SAVINGS,2003-11-15,ACTIVE,N,,
ACC_008640,CUST_06917,SAVINGS,2024-10-17,ACTIVE,N,,
ACC_008641,CUST_06917,CURRENT,2009-12-06,ACTIVE,N,,
ACC_008642,CUST_06918,CURRENT,1992-05-30,ACTIVE,N,,
ACC_008643,CUST_06919,SAVINGS,2018-12-19,ACTIVE,N,,
ACC_008644,CUST_06920,SAVINGS,2001-11-16,ACTIVE,N,,
ACC_008645,CUST_06921,CURRENT,1992-07-06,ACTIVE,N,,
ACC_008646,CUST_06922,SAVINGS,1962-04-16,ACTIVE,N,,
ACC_008647,CUST_06923,SAVINGS,1994-07-20,ACTIVE,N,,
ACC_008648,CUST_06924,SAVINGS,1996-04-24,ACTIVE,N,,
ACC_008649,CUST_06925,SAVINGS,1985-07-21,ACTIVE,N,,
ACC_008650,CUST_06926,SAVINGS,1992-09-03,ACTIVE,N,,
ACC_008651,CUST_06926,SAVINGS,1956-09-16,ACTIVE,N,,
ACC_008652,CUST_06926,SAVINGS,1965-01-22,ACTIVE,N,,
ACC_008653,CUST_06927,SAVINGS,1966-11-22,ACTIVE,N,,
ACC_008654,CUST_06928,SAVINGS,1968-05-05,ACTIVE,N,,
ACC_008655,CUST_06928,SAVINGS,1974-07-30,ACTIVE,N,,
ACC_008656,CUST_06929,SAVINGS,1957-12-22,ACTIVE,N,,
ACC_008657,CUST_06930,SAVINGS,2015-01-09,ACTIVE,N,,
ACC_008658,CUST_06931,SAVINGS,1999-03-06,DORMANT,Y,2007-07-24,
ACC_008659,CUST_06932,CURRENT,2001-12-02,ACTIVE,N,,
ACC_008660,CUST_06933,SAVINGS,1956-01-21,ACTIVE,N,,
ACC_008661,CUST_06934,SAVINGS,1997-10-22,DORMANT,Y,2001-08-31,
ACC_008662,CUST_06935,CURRENT,1959-07-31,DORMANT,Y,1991-11-13,
ACC_008663,CUST_06936,SAVINGS,1960-09-12,DORMANT,Y,1989-06-12,
ACC_008664,CUST_06937,SAVINGS,1958-06-03,ACTIVE,N,,
ACC_008665,CUST_06938,SAVINGS,1980-11-26,INACTIVE,N,,2021-06-17
ACC_008666,CUST_06939,SAVINGS,2023-03-14,ACTIVE,N,,
ACC_008667,CUST_06940,SAVINGS,2003-09-29,ACTIVE,N,,
ACC_008668,CUST_06941,SAVINGS,1978-03-12,DORMANT,Y,2006-11-10,
ACC_008669,CUST_06941,SAVINGS,1992-10-15,ACTIVE,N,,
ACC_008670,CUST_06942,CURRENT,1983-10-30,ACTIVE,N,,
ACC_008671,CUST_06943,SAVINGS,2005-11-28,ACTIVE,N,,
ACC_008672,CUST_06944,SAVINGS,1967-02-12,ACTIVE,N,,
ACC_008673,CUST_06945,SAVINGS,1963-08-12,ACTIVE,N,,
ACC_008674,CUST_06946,SAVINGS,2020-01-18,ACTIVE,N,,
ACC_008675,CUST_06947,SAVINGS,1985-05-16,ACTIVE,N,,
ACC_008676,CUST_06948,SAVINGS,1994-08-05,ACTIVE,N,,
ACC_008677,CUST_06949,CURRENT,2000-09-06,ACTIVE,N,,
ACC_008678,CUST_06949,CURRENT,1957-08-06,ACTIVE,N,,
ACC_008679,CUST_06950,SAVINGS,2001-07-31,ACTIVE,N,,
ACC_008680,CUST_06951,SAVINGS,2016-01-29,ACTIVE,N,,
ACC_008681,CUST_06951,SAVINGS,1951-01-17,ACTIVE,N,,
ACC_008682,CUST_06952,SAVINGS,1956-09-09,ACTIVE,N,,
ACC_008683,CUST_06953,SAVINGS,1953-05-16,ACTIVE,N,,
ACC_008684,CUST_06954,SAVINGS,1990-12-26,DORMANT,Y,2018-06-10,
ACC_008685,CUST_06955,SAVINGS,1968-06-29,INACTIVE,N,,1988-10-26
ACC_008686,CUST_06956,SAVINGS,2022-03-07,ACTIVE,N,,
ACC_008687,CUST_06957,SAVINGS,1984-01-21,ACTIVE,N,,
ACC_008688,CUST_06958,SAVINGS,1974-05-09,ACTIVE,N,,
ACC_008689,CUST_06959,SAVINGS,1956-05-23,ACTIVE,N,,
ACC_008690,CUST_06960,SAVINGS,1989-12-02,ACTIVE,N,,
ACC_008691,CUST_06961,SAVINGS,2001-03-21,DORMANT,Y,2013-12-23,
ACC_008692,CUST_06962,SAVINGS,1987-04-16,ACTIVE,N,,
ACC_008693,CUST_06963,SAVINGS,2009-03-11,ACTIVE,N,,
ACC_008694,CUST_06964,SAVINGS,2008-09-15,ACTIVE,N,,
ACC_008695,CUST_06965,SAVINGS,2017-09-17,ACTIVE,N,,
ACC_008696,CUST_06966,SAVINGS,2005-11-12,ACTIVE,N,,
ACC_008697,CUST_06967,CURRENT,1956-10-21,ACTIVE,N,,
ACC_008698,CUST_06968,SAVINGS,1994-06-28,ACTIVE,N,,
ACC_008699,CUST_06969,SAVINGS,2009-04-24,ACTIVE,N,,
ACC_008700,CUST_06970,CURRENT,1985-09-04,ACTIVE,N,,
ACC_008701,CUST_06971,SAVINGS,1972-01-10,ACTIVE,N,,
ACC_008702,CUST_06972,SAVINGS,1951-12-15,INACTIVE,N,,1994-03-31
ACC_008703,CUST_06972,SAVINGS,1992-11-02,ACTIVE,N,,
ACC_008704,CUST_06973,SAVINGS,2007-08-26,ACTIVE,N,,
ACC_008705,CUST_06974,SAVINGS,1999-07-26,ACTIVE,N,,
ACC_008706,CUST_06975,SAVINGS,2016-09-10,DORMANT,Y,2023-02-15,
ACC_008707,CUST_06976,SAVINGS,2010-04-22,ACTIVE,N,,
ACC_008708,CUST_06977,SAVINGS,1996-04-06,ACTIVE,N,,
ACC_008709,CUST_06977,SAVINGS,2023-02-27,ACTIVE,N,,
ACC_008710,CUST_06978,CURRENT,1953-12-21,ACTIVE,N,,
ACC_008711,CUST_06979,SAVINGS,2011-05-01,ACTIVE,N,,
ACC_008712,CUST_06980,SAVINGS,1991-12-28,DORMANT,Y,2018-02-13,
ACC_008713,CUST_06981,CURRENT,1993-05-29,ACTIVE,N,,
ACC_008714,CUST_06982,SAVINGS,1980-01-16,ACTIVE,N,,
ACC_008715,CUST_06982,SAVINGS,1976-03-03,ACTIVE,N,,
ACC_008716,CUST_06983,CURRENT,2018-12-04,ACTIVE,N,,
ACC_008717,CUST_06984,SAVINGS,1953-12-07,DORMANT,Y,2011-10-18,
ACC_008718,CUST_06985,SAVINGS,1967-10-23,ACTIVE,N,,
ACC_008719,CUST_06985,SAVINGS,1983-01-03,ACTIVE,N,,
ACC_008720,CUST_06985,SAVINGS,2000-04-17,ACTIVE,N,,
ACC_008721,CUST_06986,SAVINGS,1985-02-15,ACTIVE,N,,
ACC_008722,CUST_06987,SAVINGS,2005-01-16,ACTIVE,N,,
ACC_008723,CUST_06988,SAVINGS,2001-11-21,ACTIVE,N,,
ACC_008724,CUST_06989,SAVINGS,1967-10-21,ACTIVE,N,,
ACC_008725,CUST_06989,SAVINGS,1975-02-01,ACTIVE,N,,
ACC_008726,CUST_06990,SAVINGS,2006-12-28,ACTIVE,N,,
ACC_008727,CUST_06991,CURRENT,1995-10-19,ACTIVE,N,,
ACC_008728,CUST_06991,CURRENT,1989-05-11,ACTIVE,N,,
ACC_008729,CUST_06992,SAVINGS,1957-05-17,INACTIVE,N,,1964-10-01
ACC_008730,CUST_06993,SAVINGS,2003-12-18,ACTIVE,N,,
ACC_008731,CUST_06994,SAVINGS,1995-06-17,ACTIVE,N,,
ACC_008732,CUST_06995,CURRENT,1997-03-25,ACTIVE,N,,
ACC_008733,CUST_06996,SAVINGS,1981-02-25,ACTIVE,N,,
ACC_008734,CUST_06997,SAVINGS,1957-04-23,ACTIVE,N,,
ACC_008735,CUST_06998,CURRENT,1951-04-01,ACTIVE,N,,
ACC_008736,CUST_06998,CURRENT,2007-11-29,ACTIVE,N,,
ACC_008737,CUST_06999,SAVINGS,1971-10-24,ACTIVE,N,,
ACC_008738,CUST_07000,CURRENT,1975-06-01,ACTIVE,N,,
ACC_008739,CUST_07001,SAVINGS,1966-02-12,ACTIVE,N,,
ACC_008740,CUST_07002,SAVINGS,1973-10-21,ACTIVE,N,,
ACC_008741,CUST_07002,SAVINGS,1970-09-16,INACTIVE,N,,1990-09-21
ACC_008742,CUST_07003,SAVINGS,1974-08-22,ACTIVE,N,,
ACC_008743,CUST_07003,CURRENT,2011-07-05,ACTIVE,N,,
ACC_008744,CUST_07004,SAVINGS,2008-04-11,ACTIVE,N,,
ACC_008745,CUST_07005,CURRENT,2015-02-08,ACTIVE,N,,
ACC_008746,CUST_07006,SAVINGS,2014-07-04,ACTIVE,N,,
ACC_008747,CUST_07006,SAVINGS,1992-04-10,ACTIVE,N,,
ACC_008748,CUST_07007,SAVINGS,2004-08-10,DORMANT,Y,2009-03-06,
ACC_008749,CUST_07008,SAVINGS,1993-01-03,ACTIVE,N,,
ACC_008750,CUST_07009,SAVINGS,1959-03-02,ACTIVE,N,,
ACC_008751,CUST_07010,SAVINGS,2003-02-06,ACTIVE,N,,
ACC_008752,CUST_07011,SAVINGS,1953-10-11,ACTIVE,N,,
ACC_008753,CUST_07012,SAVINGS,1964-02-09,ACTIVE,N,,
ACC_008754,CUST_07013,SAVINGS,1960-10-05,ACTIVE,N,,
ACC_008755,CUST_07014,SAVINGS,1974-01-27,ACTIVE,N,,
ACC_008756,CUST_07015,SAVINGS,1988-03-27,ACTIVE,N,,
ACC_008757,CUST_07016,CURRENT,1963-08-07,DORMANT,Y,1969-11-17,
ACC_008758,CUST_07017,SAVINGS,2000-09-12,ACTIVE,N,,
ACC_008759,CUST_07018,SAVINGS,2018-07-05,ACTIVE,N,,
ACC_008760,CUST_07019,SAVINGS,1984-03-10,ACTIVE,N,,
ACC_008761,CUST_07020,SAVINGS,2022-08-06,DORMANT,Y,2024-10-17,
ACC_008762,CUST_07021,SAVINGS,2002-11-03,ACTIVE,N,,
ACC_008763,CUST_07022,SAVINGS,1958-03-01,ACTIVE,N,,
ACC_008764,CUST_07023,SAVINGS,1950-11-01,ACTIVE,N,,
ACC_008765,CUST_07023,SAVINGS,2023-01-24,ACTIVE,N,,
ACC_008766,CUST_07024,SAVINGS,1952-01-17,ACTIVE,N,,
ACC_008767,CUST_07025,SAVINGS,1964-09-30,INACTIVE,N,,1997-01-15
ACC_008768,CUST_07025,SAVINGS,2020-04-06,ACTIVE,N,,
ACC_008769,CUST_07026,SAVINGS,2003-11-28,ACTIVE,N,,
ACC_008770,CUST_07026,SAVINGS,2015-06-29,ACTIVE,N,,
ACC_008771,CUST_07026,SAVINGS,2017-04-22,ACTIVE,N,,
ACC_008772,CUST_07027,SAVINGS,1967-05-27,ACTIVE,N,,
ACC_008773,CUST_07027,SAVINGS,1976-08-29,ACTIVE,N,,
ACC_008774,CUST_07028,SAVINGS,1960-10-08,ACTIVE,N,,
ACC_008775,CUST_07029,SAVINGS,1973-07-13,ACTIVE,N,,
ACC_008776,CUST_07030,SAVINGS,1998-10-10,ACTIVE,N,,
ACC_008777,CUST_07030,SAVINGS,2010-06-10,INACTIVE,N,,2023-10-21
ACC_008778,CUST_07030,SAVINGS,1951-11-09,DORMANT,Y,1989-01-13,
ACC_008779,CUST_07031,CURRENT,2010-09-19,ACTIVE,N,,
ACC_008780,CUST_07032,SAVINGS,1968-05-12,ACTIVE,N,,
ACC_008781,CUST_07033,SAVINGS,2005-08-09,ACTIVE,N,,
ACC_008782,CUST_07033,SAVINGS,1985-10-23,ACTIVE,N,,
ACC_008783,CUST_07034,SAVINGS,1972-05-02,ACTIVE,N,,
ACC_008784,CUST_07035,SAVINGS,2007-11-04,ACTIVE,N,,
ACC_008785,CUST_07036,SAVINGS,1960-05-12,DORMANT,Y,1970-05-20,
ACC_008786,CUST_07037,SAVINGS,1965-02-04,ACTIVE,N,,
ACC_008787,CUST_07038,SAVINGS,1972-05-28,ACTIVE,N,,
ACC_008788,CUST_07039,SAVINGS,1957-04-12,ACTIVE,N,,
ACC_008789,CUST_07039,SAVINGS,1977-10-01,ACTIVE,N,,
ACC_008790,CUST_07040,SAVINGS,2021-12-18,ACTIVE,N,,
ACC_008791,CUST_07041,SAVINGS,1984-03-11,ACTIVE,N,,
ACC_008792,CUST_07041,SAVINGS,1981-02-21,ACTIVE,N,,
ACC_008793,CUST_07042,SAVINGS,2015-02-26,DORMANT,Y,2020-12-22,
ACC_008794,CUST_07042,SAVINGS,1981-01-10,ACTIVE,N,,
ACC_008795,CUST_07043,SAVINGS,2008-07-14,ACTIVE,N,,
ACC_008796,CUST_07044,SAVINGS,1997-01-19,DORMANT,Y,2020-09-29,
ACC_008797,CUST_07045,CURRENT,2002-07-08,ACTIVE,N,,
ACC_008798,CUST_07046,SAVINGS,2022-06-12,ACTIVE,N,,
ACC_008799,CUST_07046,SAVINGS,1956-07-18,ACTIVE,N,,
ACC_008800,CUST_07046,CURRENT,2012-10-08,ACTIVE,N,,
ACC_008801,CUST_07047,SAVINGS,1997-09-07,ACTIVE,N,,
ACC_008802,CUST_07048,SAVINGS,1972-12-22,ACTIVE,N,,
ACC_008803,CUST_07049,SAVINGS,2000-02-26,ACTIVE,N,,
ACC_008804,CUST_07050,SAVINGS,1986-01-11,ACTIVE,N,,
ACC_008805,CUST_07051,CURRENT,2019-12-18,ACTIVE,N,,
ACC_008806,CUST_07052,SAVINGS,1973-10-17,ACTIVE,N,,
ACC_008807,CUST_07053,CURRENT,1992-02-28,ACTIVE,N,,
ACC_008808,CUST_07054,SAVINGS,1967-05-30,ACTIVE,N,,
ACC_008809,CUST_07055,SAVINGS,1966-10-18,ACTIVE,N,,
ACC_008810,CUST_07056,SAVINGS,1981-08-26,ACTIVE,N,,
ACC_008811,CUST_07057,SAVINGS,2018-07-10,ACTIVE,N,,
ACC_008812,CUST_07058,CURRENT,1994-02-19,ACTIVE,N,,
ACC_008813,CUST_07059,CURRENT,1984-06-18,DORMANT,Y,2009-02-05,
ACC_008814,CUST_07059,CURRENT,1986-07-10,ACTIVE,N,,
ACC_008815,CUST_07059,CURRENT,1956-06-01,ACTIVE,N,,
ACC_008816,CUST_07060,CURRENT,1954-04-12,ACTIVE,N,,
ACC_008817,CUST_07061,CURRENT,2008-06-02,ACTIVE,N,,
ACC_008818,CUST_07062,CURRENT,1984-08-19,ACTIVE,N,,
ACC_008819,CUST_07063,SAVINGS,1991-07-31,ACTIVE,N,,
ACC_008820,CUST_07064,SAVINGS,2000-01-03,ACTIVE,N,,
ACC_008821,CUST_07065,SAVINGS,1988-10-25,ACTIVE,N,,
ACC_008822,CUST_07066,SAVINGS,2013-08-03,ACTIVE,N,,
ACC_008823,CUST_07067,SAVINGS,1996-01-28,DORMANT,Y,2021-03-30,
ACC_008824,CUST_07068,SAVINGS,1969-10-27,ACTIVE,N,,
ACC_008825,CUST_07069,SAVINGS,1976-10-14,ACTIVE,N,,
ACC_008826,CUST_07070,SAVINGS,1960-06-09,ACTIVE,N,,
ACC_008827,CUST_07071,SAVINGS,1965-02-28,ACTIVE,N,,
ACC_008828,CUST_07071,SAVINGS,1969-01-17,ACTIVE,N,,
ACC_008829,CUST_07072,SAVINGS,1976-05-05,ACTIVE,N,,
ACC_008830,CUST_07073,CURRENT,1970-12-25,ACTIVE,N,,
ACC_008831,CUST_07074,SAVINGS,2010-11-24,ACTIVE,N,,
ACC_008832,CUST_07075,SAVINGS,1988-11-07,ACTIVE,N,,
ACC_008833,CUST_07076,SAVINGS,2023-02-14,ACTIVE,N,,
ACC_008834,CUST_07076,SAVINGS,2016-11-10,ACTIVE,N,,
ACC_008835,CUST_07077,SAVINGS,1961-07-20,DORMANT,Y,1992-03-22,
ACC_008836,CUST_07078,SAVINGS,2009-08-31,ACTIVE,N,,
ACC_008837,CUST_07078,SAVINGS,2004-03-09,ACTIVE,N,,
ACC_008838,CUST_07079,SAVINGS,1978-01-28,ACTIVE,N,,
ACC_008839,CUST_07080,SAVINGS,1983-01-22,ACTIVE,N,,
ACC_008840,CUST_07081,SAVINGS,1989-12-10,DORMANT,Y,2001-04-05,
ACC_008841,CUST_07081,SAVINGS,2016-08-04,ACTIVE,N,,
ACC_008842,CUST_07081,CURRENT,1973-02-05,ACTIVE,N,,
ACC_008843,CUST_07082,SAVINGS,1954-03-07,ACTIVE,N,,
ACC_008844,CUST_07083,SAVINGS,1976-01-30,ACTIVE,N,,
ACC_008845,CUST_07084,SAVINGS,2023-05-06,ACTIVE,N,,
ACC_008846,CUST_07085,SAVINGS,2001-08-26,ACTIVE,N,,
ACC_008847,CUST_07086,SAVINGS,1973-02-05,ACTIVE,N,,
ACC_008848,CUST_07087,SAVINGS,1959-11-27,ACTIVE,N,,
ACC_008849,CUST_07088,SAVINGS,2014-08-12,DORMANT,Y,2020-08-17,
ACC_008850,CUST_07089,SAVINGS,1951-09-20,ACTIVE,N,,
ACC_008851,CUST_07090,SAVINGS,2023-11-21,INACTIVE,N,,2024-01-07
ACC_008852,CUST_07091,SAVINGS,1959-02-27,ACTIVE,N,,
ACC_008853,CUST_07092,CURRENT,2002-09-04,DORMANT,Y,2011-01-28,
ACC_008854,CUST_07092,CURRENT,1955-09-05,ACTIVE,N,,
ACC_008855,CUST_07093,SAVINGS,1984-09-11,ACTIVE,N,,
ACC_008856,CUST_07094,SAVINGS,1994-10-09,ACTIVE,N,,
ACC_008857,CUST_07095,SAVINGS,1976-06-14,ACTIVE,N,,
ACC_008858,CUST_07096,SAVINGS,1954-07-09,ACTIVE,N,,
ACC_008859,CUST_07097,SAVINGS,2002-08-14,DORMANT,Y,2023-05-02,
ACC_008860,CUST_07097,SAVINGS,1981-03-29,ACTIVE,N,,
ACC_008861,CUST_07097,SAVINGS,1994-03-26,ACTIVE,N,,
ACC_008862,CUST_07098,SAVINGS,2024-03-20,ACTIVE,N,,
ACC_008863,CUST_07098,SAVINGS,2018-06-19,ACTIVE,N,,
ACC_008864,CUST_07099,SAVINGS,1969-09-17,ACTIVE,N,,
ACC_008865,CUST_07100,CURRENT,1986-04-22,ACTIVE,N,,
ACC_008866,CUST_07101,SAVINGS,1981-03-24,ACTIVE,N,,
ACC_008867,CUST_07102,SAVINGS,1995-01-20,ACTIVE,N,,
ACC_008868,CUST_07103,SAVINGS,1981-03-28,DORMANT,Y,2002-01-12,
ACC_008869,CUST_07104,SAVINGS,1951-08-11,ACTIVE,N,,
ACC_008870,CUST_07105,SAVINGS,1954-11-13,ACTIVE,N,,
ACC_008871,CUST_07105,SAVINGS,1964-02-18,ACTIVE,N,,
ACC_008872,CUST_07105,SAVINGS,2020-01-19,ACTIVE,N,,
ACC_008873,CUST_07106,SAVINGS,1959-05-30,DORMANT,Y,2008-01-28,
ACC_008874,CUST_07107,SAVINGS,2003-12-11,ACTIVE,N,,
ACC_008875,CUST_07108,SAVINGS,2009-12-16,ACTIVE,N,,
ACC_008876,CUST_07109,CURRENT,2014-07-15,ACTIVE,N,,
ACC_008877,CUST_07110,SAVINGS,2018-10-02,ACTIVE,N,,
ACC_008878,CUST_07110,SAVINGS,1989-01-03,ACTIVE,N,,
ACC_008879,CUST_07111,SAVINGS,2019-12-25,ACTIVE,N,,
ACC_008880,CUST_07112,CURRENT,1959-02-11,DORMANT,Y,2016-06-12,
ACC_008881,CUST_07113,SAVINGS,2007-11-04,ACTIVE,N,,
ACC_008882,CUST_07114,SAVINGS,1996-12-31,ACTIVE,N,,
ACC_008883,CUST_07115,SAVINGS,1973-06-11,ACTIVE,N,,
ACC_008884,CUST_07116,CURRENT,1987-12-14,ACTIVE,N,,
ACC_008885,CUST_07117,SAVINGS,1984-08-01,ACTIVE,N,,
ACC_008886,CUST_07118,SAVINGS,1984-08-15,ACTIVE,N,,
ACC_008887,CUST_07119,SAVINGS,1998-12-04,DORMANT,Y,2007-10-29,
ACC_008888,CUST_07120,SAVINGS,1985-08-23,ACTIVE,N,,
ACC_008889,CUST_07121,CURRENT,2008-03-08,ACTIVE,N,,
ACC_008890,CUST_07122,SAVINGS,1957-04-12,ACTIVE,N,,
ACC_008891,CUST_07123,SAVINGS,2022-05-15,ACTIVE,N,,
ACC_008892,CUST_07124,CURRENT,1978-08-14,ACTIVE,N,,
ACC_008893,CUST_07125,SAVINGS,2022-10-28,INACTIVE,N,,2024-05-11
ACC_008894,CUST_07126,CURRENT,1958-12-23,ACTIVE,N,,
ACC_008895,CUST_07127,SAVINGS,2014-08-30,ACTIVE,N,,
ACC_008896,CUST_07127,SAVINGS,1979-08-06,ACTIVE,N,,
ACC_008897,CUST_07128,CURRENT,2011-04-17,ACTIVE,N,,
ACC_008898,CUST_07128,SAVINGS,1964-08-01,ACTIVE,N,,
ACC_008899,CUST_07129,SAVINGS,1952-02-13,ACTIVE,N,,
ACC_008900,CUST_07130,CURRENT,1993-08-15,ACTIVE,N,,
ACC_008901,CUST_07130,CURRENT,1982-10-16,ACTIVE,N,,
ACC_008902,CUST_07130,CURRENT,1966-10-14,ACTIVE,N,,
ACC_008903,CUST_07131,SAVINGS,1970-01-07,ACTIVE,N,,
ACC_008904,CUST_07132,SAVINGS,2023-01-14,ACTIVE,N,,
ACC_008905,CUST_07133,SAVINGS,2012-02-17,ACTIVE,N,,
ACC_008906,CUST_07133,SAVINGS,2018-05-15,ACTIVE,N,,
ACC_008907,CUST_07134,SAVINGS,2019-10-02,ACTIVE,N,,
ACC_008908,CUST_07135,SAVINGS,1984-10-07,DORMANT,Y,2021-06-08,
ACC_008909,CUST_07136,SAVINGS,2002-07-14,ACTIVE,N,,
ACC_008910,CUST_07137,CURRENT,2007-12-03,ACTIVE,N,,
ACC_008911,CUST_07138,SAVINGS,2021-10-26,ACTIVE,N,,
ACC_008912,CUST_07139,SAVINGS,2020-01-09,ACTIVE,N,,
ACC_008913,CUST_07140,SAVINGS,1971-02-05,ACTIVE,N,,
ACC_008914,CUST_07141,CURRENT,1958-04-17,ACTIVE,N,,
ACC_008915,CUST_07142,SAVINGS,1991-08-29,ACTIVE,N,,
ACC_008916,CUST_07143,SAVINGS,1992-10-20,ACTIVE,N,,
ACC_008917,CUST_07143,SAVINGS,2015-07-01,ACTIVE,N,,
ACC_008918,CUST_07144,SAVINGS,1968-01-30,ACTIVE,N,,
ACC_008919,CUST_07145,CURRENT,2015-03-29,ACTIVE,N,,
ACC_008920,CUST_07146,SAVINGS,1964-03-30,ACTIVE,N,,
ACC_008921,CUST_07147,SAVINGS,1987-04-29,ACTIVE,N,,
ACC_008922,CUST_07148,SAVINGS,2011-03-02,ACTIVE,N,,
ACC_008923,CUST_07149,SAVINGS,1968-09-19,INACTIVE,N,,1985-12-27
ACC_008924,CUST_07150,SAVINGS,2001-04-15,ACTIVE,N,,
ACC_008925,CUST_07151,SAVINGS,1981-08-26,ACTIVE,N,,
ACC_008926,CUST_07152,SAVINGS,1954-12-16,ACTIVE,N,,
ACC_008927,CUST_07153,SAVINGS,1962-03-10,ACTIVE,N,,
ACC_008928,CUST_07154,CURRENT,2023-07-22,ACTIVE,N,,
ACC_008929,CUST_07155,SAVINGS,2001-11-25,ACTIVE,N,,
ACC_008930,CUST_07155,SAVINGS,1984-05-20,ACTIVE,N,,
ACC_008931,CUST_07155,SAVINGS,1973-10-27,ACTIVE,N,,
ACC_008932,CUST_07156,SAVINGS,1986-06-13,ACTIVE,N,,
ACC_008933,CUST_07157,SAVINGS,1967-12-29,ACTIVE,N,,
ACC_008934,CUST_07158,SAVINGS,1977-09-23,ACTIVE,N,,
ACC_008935,CUST_07159,SAVINGS,1980-10-23,ACTIVE,N,,
ACC_008936,CUST_07160,SAVINGS,2011-03-08,ACTIVE,N,,
ACC_008937,CUST_07161,SAVINGS,1972-02-24,ACTIVE,N,,
ACC_008938,CUST_07161,SAVINGS,2020-12-21,ACTIVE,N,,
ACC_008939,CUST_07162,SAVINGS,1982-01-18,DORMANT,Y,1998-04-06,
ACC_008940,CUST_07163,SAVINGS,1964-01-18,DORMANT,Y,1974-04-26,
ACC_008941,CUST_07163,SAVINGS,1965-05-05,ACTIVE,N,,
ACC_008942,CUST_07164,SAVINGS,2024-10-25,ACTIVE,N,,
ACC_008943,CUST_07165,SAVINGS,2018-01-17,ACTIVE,N,,
ACC_008944,CUST_07166,SAVINGS,1954-02-04,ACTIVE,N,,
ACC_008945,CUST_07167,CURRENT,2003-05-04,ACTIVE,N,,
ACC_008946,CUST_07167,CURRENT,1971-05-21,ACTIVE,N,,
ACC_008947,CUST_07168,SAVINGS,1978-08-05,ACTIVE,N,,
ACC_008948,CUST_07169,SAVINGS,1973-06-19,ACTIVE,N,,
ACC_008949,CUST_07169,SAVINGS,2020-05-17,ACTIVE,N,,
ACC_008950,CUST_07169,SAVINGS,2020-01-19,ACTIVE,N,,
ACC_008951,CUST_07170,SAVINGS,1956-09-20,ACTIVE,N,,
ACC_008952,CUST_07171,CURRENT,1978-11-13,ACTIVE,N,,
ACC_008953,CUST_07171,SAVINGS,1972-11-01,ACTIVE,N,,
ACC_008954,CUST_07172,CURRENT,1969-10-31,ACTIVE,N,,
ACC_008955,CUST_07173,SAVINGS,1966-06-27,INACTIVE,N,,1969-07-14
ACC_008956,CUST_07174,CURRENT,1965-12-02,ACTIVE,N,,
ACC_008957,CUST_07175,SAVINGS,1952-01-11,ACTIVE,N,,
ACC_008958,CUST_07176,SAVINGS,1975-03-13,ACTIVE,N,,
ACC_008959,CUST_07176,CURRENT,1981-04-22,ACTIVE,N,,
ACC_008960,CUST_07176,CURRENT,1973-12-01,ACTIVE,N,,
ACC_008961,CUST_07177,SAVINGS,1950-04-16,DORMANT,Y,1952-07-03,
ACC_008962,CUST_07178,SAVINGS,1958-07-31,ACTIVE,N,,
ACC_008963,CUST_07179,SAVINGS,2021-01-17,ACTIVE,N,,
ACC_008964,CUST_07180,SAVINGS,2002-07-12,ACTIVE,N,,
ACC_008965,CUST_07180,SAVINGS,2012-10-13,ACTIVE,N,,
ACC_008966,CUST_07181,SAVINGS,2009-01-23,ACTIVE,N,,
ACC_008967,CUST_07182,SAVINGS,2001-08-21,ACTIVE,N,,
ACC_008968,CUST_07183,SAVINGS,1965-08-07,ACTIVE,N,,
ACC_008969,CUST_07184,SAVINGS,1956-03-02,INACTIVE,N,,1960-03-22
ACC_008970,CUST_07185,SAVINGS,2019-02-16,ACTIVE,N,,
ACC_008971,CUST_07186,CURRENT,2015-06-12,ACTIVE,N,,
ACC_008972,CUST_07187,SAVINGS,2002-07-26,ACTIVE,N,,
ACC_008973,CUST_07188,SAVINGS,1966-07-25,ACTIVE,N,,
ACC_008974,CUST_07189,SAVINGS,1951-07-11,ACTIVE,N,,
ACC_008975,CUST_07189,SAVINGS,2024-07-19,ACTIVE,N,,
ACC_008976,CUST_07190,SAVINGS,1961-05-19,INACTIVE,N,,2017-01-12
ACC_008977,CUST_07191,SAVINGS,1990-03-19,ACTIVE,N,,
ACC_008978,CUST_07192,SAVINGS,1975-10-09,ACTIVE,N,,
ACC_008979,CUST_07192,SAVINGS,2000-09-20,ACTIVE,N,,
ACC_008980,CUST_07192,SAVINGS,2002-03-23,ACTIVE,N,,
ACC_008981,CUST_07193,SAVINGS,1962-08-26,ACTIVE,N,,
ACC_008982,CUST_07194,SAVINGS,1989-04-20,ACTIVE,N,,
ACC_008983,CUST_07194,SAVINGS,1958-05-26,ACTIVE,N,,
ACC_008984,CUST_07194,SAVINGS,1982-01-06,ACTIVE,N,,
ACC_008985,CUST_07195,SAVINGS,1989-05-20,ACTIVE,N,,
ACC_008986,CUST_07195,SAVINGS,1993-06-17,ACTIVE,N,,
ACC_008987,CUST_07195,CURRENT,1983-03-16,ACTIVE,N,,
ACC_008988,CUST_07196,SAVINGS,1961-07-29,ACTIVE,N,,
ACC_008989,CUST_07196,SAVINGS,2019-06-16,ACTIVE,N,,
ACC_008990,CUST_07197,CURRENT,1956-06-12,ACTIVE,N,,
ACC_008991,CUST_07197,SAVINGS,2015-09-06,DORMANT,Y,2020-05-19,
ACC_008992,CUST_07198,SAVINGS,2007-04-26,ACTIVE,N,,
ACC_008993,CUST_07199,CURRENT,2024-11-25,ACTIVE,N,,
ACC_008994,CUST_07200,CURRENT,1968-10-25,ACTIVE,N,,
ACC_008995,CUST_07201,SAVINGS,1976-07-15,ACTIVE,N,,
ACC_008996,CUST_07202,SAVINGS,1992-11-07,INACTIVE,N,,2003-05-18
ACC_008997,CUST_07203,SAVINGS,2005-08-14,ACTIVE,N,,
ACC_008998,CUST_07204,CURRENT,1993-01-22,ACTIVE,N,,
ACC_008999,CUST_07205,CURRENT,1963-04-17,ACTIVE,N,,
ACC_009000,CUST_07206,SAVINGS,1954-09-30,ACTIVE,N,,
ACC_009001,CUST_07206,SAVINGS,1950-07-01,ACTIVE,N,,
ACC_009002,CUST_07207,SAVINGS,1977-01-09,ACTIVE,N,,
ACC_009003,CUST_07208,SAVINGS,1952-04-20,ACTIVE,N,,
ACC_009004,CUST_07209,SAVINGS,2012-03-15,ACTIVE,N,,
ACC_009005,CUST_07210,CURRENT,2005-01-08,ACTIVE,N,,
ACC_009006,CUST_07210,SAVINGS,1974-10-28,DORMANT,Y,1975-01-23,
ACC_009007,CUST_07210,SAVINGS,2000-05-13,ACTIVE,N,,
ACC_009008,CUST_07211,SAVINGS,1987-12-19,ACTIVE,N,,
ACC_009009,CUST_07212,SAVINGS,1994-11-01,ACTIVE,N,,
ACC_009010,CUST_07213,SAVINGS,2001-08-10,ACTIVE,N,,
ACC_009011,CUST_07214,SAVINGS,2009-07-19,ACTIVE,N,,
ACC_009012,CUST_07215,SAVINGS,1960-02-23,ACTIVE,N,,
ACC_009013,CUST_07216,SAVINGS,1995-02-08,ACTIVE,N,,
ACC_009014,CUST_07217,SAVINGS,1952-08-29,INACTIVE,N,,1958-12-06
ACC_009015,CUST_07217,SAVINGS,2009-04-30,ACTIVE,N,,
ACC_009016,CUST_07218,CURRENT,2008-11-29,ACTIVE,N,,
ACC_009017,CUST_07219,CURRENT,2003-01-26,ACTIVE,N,,
ACC_009018,CUST_07220,CURRENT,2007-06-12,ACTIVE,N,,
ACC_009019,CUST_07221,CURRENT,1986-07-26,ACTIVE,N,,
ACC_009020,CUST_07222,CURRENT,1962-07-11,ACTIVE,N,,
ACC_009021,CUST_07223,SAVINGS,1960-01-18,ACTIVE,N,,
ACC_009022,CUST_07223,SAVINGS,1951-10-11,ACTIVE,N,,
ACC_009023,CUST_07224,SAVINGS,2003-06-27,ACTIVE,N,,
ACC_009024,CUST_07225,CURRENT,2000-06-27,ACTIVE,N,,
ACC_009025,CUST_07226,SAVINGS,1990-09-15,ACTIVE,N,,
ACC_009026,CUST_07227,CURRENT,1961-10-12,ACTIVE,N,,
ACC_009027,CUST_07227,CURRENT,1962-04-16,ACTIVE,N,,
ACC_009028,CUST_07228,SAVINGS,1980-08-05,ACTIVE,N,,
ACC_009029,CUST_07229,CURRENT,1988-05-28,ACTIVE,N,,
ACC_009030,CUST_07230,SAVINGS,1950-03-20,DORMANT,Y,2011-01-20,
ACC_009031,CUST_07230,SAVINGS,2023-09-20,ACTIVE,N,,
ACC_009032,CUST_07231,SAVINGS,1994-02-01,ACTIVE,N,,
ACC_009033,CUST_07232,SAVINGS,1963-09-09,ACTIVE,N,,
ACC_009034,CUST_07232,SAVINGS,2004-04-12,ACTIVE,N,,
ACC_009035,CUST_07233,CURRENT,1986-08-05,ACTIVE,N,,
ACC_009036,CUST_07234,SAVINGS,2013-11-21,ACTIVE,N,,
ACC_009037,CUST_07235,SAVINGS,1955-09-17,ACTIVE,N,,
ACC_009038,CUST_07236,CURRENT,2021-02-25,ACTIVE,N,,
ACC_009039,CUST_07237,SAVINGS,1952-01-18,ACTIVE,N,,
ACC_009040,CUST_07238,CURRENT,1999-12-27,ACTIVE,N,,
ACC_009041,CUST_07239,SAVINGS,1976-06-28,ACTIVE,N,,
ACC_009042,CUST_07240,SAVINGS,2008-07-05,ACTIVE,N,,
ACC_009043,CUST_07240,SAVINGS,2007-02-13,DORMANT,Y,2014-01-01,
ACC_009044,CUST_07241,SAVINGS,1990-01-15,ACTIVE,N,,
ACC_009045,CUST_07242,CURRENT,1969-03-02,DORMANT,Y,1994-11-19,
ACC_009046,CUST_07243,CURRENT,2022-09-19,ACTIVE,N,,
ACC_009047,CUST_07243,SAVINGS,2005-02-26,ACTIVE,N,,
ACC_009048,CUST_07244,SAVINGS,1971-09-07,ACTIVE,N,,
ACC_009049,CUST_07245,SAVINGS,2002-11-12,DORMANT,Y,2023-07-07,
ACC_009050,CUST_07246,SAVINGS,2012-06-26,ACTIVE,N,,
ACC_009051,CUST_07247,CURRENT,1952-02-06,ACTIVE,N,,
ACC_009052,CUST_07247,SAVINGS,2021-11-08,ACTIVE,N,,
ACC_009053,CUST_07248,CURRENT,1981-11-10,ACTIVE,N,,
ACC_009054,CUST_07249,SAVINGS,2023-06-27,ACTIVE,N,,
ACC_009055,CUST_07250,SAVINGS,2008-12-28,ACTIVE,N,,
ACC_009056,CUST_07251,CURRENT,2020-10-11,ACTIVE,N,,
ACC_009057,CUST_07252,CURRENT,1966-02-07,ACTIVE,N,,
ACC_009058,CUST_07253,SAVINGS,2014-04-22,ACTIVE,N,,
ACC_009059,CUST_07254,CURRENT,2022-01-06,ACTIVE,N,,
ACC_009060,CUST_07255,SAVINGS,2016-01-19,ACTIVE,N,,
ACC_009061,CUST_07256,SAVINGS,1959-11-21,ACTIVE,N,,
ACC_009062,CUST_07257,SAVINGS,1999-07-21,ACTIVE,N,,
ACC_009063,CUST_07258,SAVINGS,1954-03-03,ACTIVE,N,,
ACC_009064,CUST_07259,SAVINGS,2000-06-29,ACTIVE,N,,
ACC_009065,CUST_07259,SAVINGS,2008-05-09,ACTIVE,N,,
ACC_009066,CUST_07260,SAVINGS,1974-08-01,ACTIVE,N,,
ACC_009067,CUST_07261,SAVINGS,1999-05-29,ACTIVE,N,,
ACC_009068,CUST_07262,SAVINGS,2011-09-23,ACTIVE,N,,
ACC_009069,CUST_07263,SAVINGS,1960-07-21,ACTIVE,N,,
ACC_009070,CUST_07264,SAVINGS,2011-11-08,ACTIVE,N,,
ACC_009071,CUST_07265,SAVINGS,2001-04-26,INACTIVE,N,,2002-02-10
ACC_009072,CUST_07265,CURRENT,1982-03-22,ACTIVE,N,,
ACC_009073,CUST_07266,CURRENT,1967-03-21,ACTIVE,N,,
ACC_009074,CUST_07267,SAVINGS,1953-01-12,ACTIVE,N,,
ACC_009075,CUST_07268,CURRENT,1961-11-02,INACTIVE,N,,1970-11-13
ACC_009076,CUST_07269,SAVINGS,2008-09-28,ACTIVE,N,,
ACC_009077,CUST_07270,SAVINGS,1998-10-17,ACTIVE,N,,
ACC_009078,CUST_07270,SAVINGS,2011-11-12,ACTIVE,N,,
ACC_009079,CUST_07271,SAVINGS,2021-01-15,ACTIVE,N,,
ACC_009080,CUST_07271,SAVINGS,1975-06-03,ACTIVE,N,,
ACC_009081,CUST_07272,CURRENT,2001-09-26,ACTIVE,N,,
ACC_009082,CUST_07273,SAVINGS,1952-01-01,ACTIVE,N,,
ACC_009083,CUST_07274,SAVINGS,1991-03-15,ACTIVE,N,,
ACC_009084,CUST_07274,SAVINGS,1960-09-15,ACTIVE,N,,
ACC_009085,CUST_07275,SAVINGS,1950-10-18,DORMANT,Y,2000-12-14,
ACC_009086,CUST_07276,CURRENT,1968-12-11,ACTIVE,N,,
ACC_009087,CUST_07277,SAVINGS,1959-11-30,ACTIVE,N,,
ACC_009088,CUST_07278,SAVINGS,2012-09-27,DORMANT,Y,2018-11-19,
ACC_009089,CUST_07278,SAVINGS,1995-09-05,ACTIVE,N,,
ACC_009090,CUST_07279,SAVINGS,2019-06-24,INACTIVE,N,,2022-02-24
ACC_009091,CUST_07279,SAVINGS,1966-01-11,ACTIVE,N,,
ACC_009092,CUST_07280,SAVINGS,2012-09-07,ACTIVE,N,,
ACC_009093,CUST_07281,SAVINGS,2016-03-26,ACTIVE,N,,
ACC_009094,CUST_07281,SAVINGS,2012-03-09,ACTIVE,N,,
ACC_009095,CUST_07281,SAVINGS,1989-07-30,ACTIVE,N,,
ACC_009096,CUST_07282,SAVINGS,1962-04-12,ACTIVE,N,,
ACC_009097,CUST_07283,SAVINGS,1968-10-11,INACTIVE,N,,2002-01-02
ACC_009098,CUST_07284,SAVINGS,1990-05-24,INACTIVE,N,,2016-08-06
ACC_009099,CUST_07284,SAVINGS,1975-03-01,ACTIVE,N,,
ACC_009100,CUST_07285,CURRENT,1960-02-27,ACTIVE,N,,
ACC_009101,CUST_07285,SAVINGS,1963-02-22,ACTIVE,N,,
ACC_009102,CUST_07286,SAVINGS,2023-09-28,ACTIVE,N,,
ACC_009103,CUST_07286,SAVINGS,1969-09-08,ACTIVE,N,,
ACC_009104,CUST_07287,SAVINGS,1988-02-26,ACTIVE,N,,
ACC_009105,CUST_07288,SAVINGS,1962-07-05,ACTIVE,N,,
ACC_009106,CUST_07289,CURRENT,2004-10-27,ACTIVE,N,,
ACC_009107,CUST_07290,SAVINGS,1968-10-01,ACTIVE,N,,
ACC_009108,CUST_07291,SAVINGS,2009-04-21,ACTIVE,N,,
ACC_009109,CUST_07292,SAVINGS,1986-03-29,ACTIVE,N,,
ACC_009110,CUST_07293,SAVINGS,1974-02-04,ACTIVE,N,,
ACC_009111,CUST_07294,CURRENT,1972-02-23,ACTIVE,N,,
ACC_009112,CUST_07295,SAVINGS,1969-03-06,DORMANT,Y,2010-03-22,
ACC_009113,CUST_07296,SAVINGS,2014-12-29,ACTIVE,N,,
ACC_009114,CUST_07296,SAVINGS,1995-06-30,ACTIVE,N,,
ACC_009115,CUST_07297,SAVINGS,2019-09-18,ACTIVE,N,,
ACC_009116,CUST_07298,SAVINGS,1960-02-18,ACTIVE,N,,
ACC_009117,CUST_07299,SAVINGS,2011-02-23,ACTIVE,N,,
ACC_009118,CUST_07300,SAVINGS,1957-04-08,ACTIVE,N,,
ACC_009119,CUST_07300,SAVINGS,1985-12-23,ACTIVE,N,,
ACC_009120,CUST_07301,CURRENT,1999-11-15,ACTIVE,N,,
ACC_009121,CUST_07302,SAVINGS,1986-04-04,ACTIVE,N,,
ACC_009122,CUST_07302,SAVINGS,1967-12-14,DORMANT,Y,1975-02-10,
ACC_009123,CUST_07303,SAVINGS,1997-03-05,ACTIVE,N,,
ACC_009124,CUST_07304,CURRENT,1989-12-19,ACTIVE,N,,
ACC_009125,CUST_07305,SAVINGS,2000-09-29,ACTIVE,N,,
ACC_009126,CUST_07306,CURRENT,2016-02-28,ACTIVE,N,,
ACC_009127,CUST_07307,SAVINGS,1956-03-05,ACTIVE,N,,
ACC_009128,CUST_07308,SAVINGS,1993-05-30,ACTIVE,N,,
ACC_009129,CUST_07309,SAVINGS,2009-03-21,ACTIVE,N,,
ACC_009130,CUST_07310,SAVINGS,2018-11-03,ACTIVE,N,,
ACC_009131,CUST_07311,SAVINGS,1967-03-17,ACTIVE,N,,
ACC_009132,CUST_07311,SAVINGS,1950-05-24,ACTIVE,N,,
ACC_009133,CUST_07312,CURRENT,1969-04-06,DORMANT,Y,1977-11-09,
ACC_009134,CUST_07313,SAVINGS,1999-12-22,DORMANT,Y,2016-11-17,
ACC_009135,CUST_07314,CURRENT,1950-01-04,ACTIVE,N,,
ACC_009136,CUST_07314,CURRENT,1952-06-16,ACTIVE,N,,
ACC_009137,CUST_07315,SAVINGS,1956-10-10,ACTIVE,N,,
ACC_009138,CUST_07315,SAVINGS,1958-08-17,ACTIVE,N,,
ACC_009139,CUST_07316,SAVINGS,2004-05-06,ACTIVE,N,,
ACC_009140,CUST_07317,SAVINGS,1979-11-19,ACTIVE,N,,
ACC_009141,CUST_07318,SAVINGS,1996-07-27,ACTIVE,N,,
ACC_009142,CUST_07319,SAVINGS,2005-10-20,ACTIVE,N,,
ACC_009143,CUST_07320,CURRENT,1987-06-11,ACTIVE,N,,
ACC_009144,CUST_07321,SAVINGS,1957-03-11,ACTIVE,N,,
ACC_009145,CUST_07321,SAVINGS,2012-07-08,ACTIVE,N,,
ACC_009146,CUST_07322,SAVINGS,1973-05-14,ACTIVE,N,,
ACC_009147,CUST_07323,CURRENT,1978-10-03,DORMANT,Y,1988-01-04,
ACC_009148,CUST_07324,SAVINGS,1987-11-24,INACTIVE,N,,2019-11-17
ACC_009149,CUST_07325,CURRENT,1974-03-05,DORMANT,Y,2008-05-29,
ACC_009150,CUST_07326,SAVINGS,1972-03-06,ACTIVE,N,,
ACC_009151,CUST_07326,SAVINGS,1994-08-27,ACTIVE,N,,
ACC_009152,CUST_07326,SAVINGS,1988-02-09,ACTIVE,N,,
ACC_009153,CUST_07327,SAVINGS,1950-09-09,ACTIVE,N,,
ACC_009154,CUST_07328,CURRENT,1957-12-13,ACTIVE,N,,
ACC_009155,CUST_07329,SAVINGS,1962-02-09,ACTIVE,N,,
ACC_009156,CUST_07330,CURRENT,2016-01-28,ACTIVE,N,,
ACC_009157,CUST_07330,SAVINGS,2020-10-17,ACTIVE,N,,
ACC_009158,CUST_07331,SAVINGS,2020-04-28,DORMANT,Y,2021-11-16,
ACC_009159,CUST_07332,CURRENT,1971-11-26,ACTIVE,N,,
ACC_009160,CUST_07333,CURRENT,1985-08-20,ACTIVE,N,,
ACC_009161,CUST_07334,SAVINGS,2011-08-09,ACTIVE,N,,
ACC_009162,CUST_07335,SAVINGS,1982-09-18,ACTIVE,N,,
ACC_009163,CUST_07336,SAVINGS,1962-04-06,ACTIVE,N,,
ACC_009164,CUST_07337,SAVINGS,1968-07-18,ACTIVE,N,,
ACC_009165,CUST_07338,SAVINGS,2007-02-13,ACTIVE,N,,
ACC_009166,CUST_07338,SAVINGS,1959-11-13,ACTIVE,N,,
ACC_009167,CUST_07339,SAVINGS,2003-01-04,ACTIVE,N,,
ACC_009168,CUST_07339,SAVINGS,2023-10-20,ACTIVE,N,,
ACC_009169,CUST_07340,SAVINGS,2000-10-13,ACTIVE,N,,
ACC_009170,CUST_07341,CURRENT,1950-11-07,ACTIVE,N,,
ACC_009171,CUST_07342,SAVINGS,2015-07-13,ACTIVE,N,,
ACC_009172,CUST_07342,SAVINGS,1958-12-21,ACTIVE,N,,
ACC_009173,CUST_07343,SAVINGS,1958-01-07,ACTIVE,N,,
ACC_009174,CUST_07344,SAVINGS,1997-10-30,ACTIVE,N,,
ACC_009175,CUST_07345,SAVINGS,1958-01-11,INACTIVE,N,,1964-04-02
ACC_009176,CUST_07346,CURRENT,1965-10-23,ACTIVE,N,,
ACC_009177,CUST_07347,SAVINGS,2000-08-08,DORMANT,Y,2000-08-20,
ACC_009178,CUST_07348,SAVINGS,1974-03-24,ACTIVE,N,,
ACC_009179,CUST_07349,SAVINGS,2013-02-15,ACTIVE,N,,
ACC_009180,CUST_07350,CURRENT,1964-11-11,ACTIVE,N,,
ACC_009181,CUST_07351,SAVINGS,1961-09-23,ACTIVE,N,,
ACC_009182,CUST_07352,SAVINGS,1992-11-13,ACTIVE,N,,
ACC_009183,CUST_07352,SAVINGS,1975-04-22,ACTIVE,N,,
ACC_009184,CUST_07353,SAVINGS,2008-03-03,ACTIVE,N,,
ACC_009185,CUST_07354,SAVINGS,1961-01-03,DORMANT,Y,2011-11-16,
ACC_009186,CUST_07355,SAVINGS,1955-12-09,ACTIVE,N,,
ACC_009187,CUST_07355,SAVINGS,1999-05-15,ACTIVE,N,,
ACC_009188,CUST_07356,SAVINGS,1980-12-13,ACTIVE,N,,
ACC_009189,CUST_07357,CURRENT,2009-12-18,ACTIVE,N,,
ACC_009190,CUST_07358,CURRENT,1957-03-31,ACTIVE,N,,
ACC_009191,CUST_07359,SAVINGS,1968-07-13,ACTIVE,N,,
ACC_009192,CUST_07359,SAVINGS,1977-03-02,ACTIVE,N,,
ACC_009193,CUST_07360,CURRENT,1955-12-20,ACTIVE,N,,
ACC_009194,CUST_07361,SAVINGS,1954-06-20,ACTIVE,N,,
ACC_009195,CUST_07362,SAVINGS,2012-12-05,DORMANT,Y,2014-02-18,
ACC_009196,CUST_07363,CURRENT,2008-07-19,ACTIVE,N,,
ACC_009197,CUST_07364,SAVINGS,1992-09-21,INACTIVE,N,,2015-11-16
ACC_009198,CUST_07365,SAVINGS,1952-01-02,ACTIVE,N,,
ACC_009199,CUST_07366,SAVINGS,1950-08-17,ACTIVE,N,,
ACC_009200,CUST_07367,CURRENT,2015-11-09,ACTIVE,N,,
ACC_009201,CUST_07368,SAVINGS,1984-11-24,ACTIVE,N,,
ACC_009202,CUST_07369,SAVINGS,1961-10-16,ACTIVE,N,,
ACC_009203,CUST_07370,CURRENT,2018-08-14,ACTIVE,N,,
ACC_009204,CUST_07371,SAVINGS,1992-07-01,ACTIVE,N,,
ACC_009205,CUST_07372,SAVINGS,1994-07-15,ACTIVE,N,,
ACC_009206,CUST_07373,SAVINGS,1989-11-18,DORMANT,Y,2005-04-30,
ACC_009207,CUST_07374,SAVINGS,1969-03-03,ACTIVE,N,,
ACC_009208,CUST_07375,SAVINGS,2021-01-11,ACTIVE,N,,
ACC_009209,CUST_07376,SAVINGS,2013-09-27,ACTIVE,N,,
ACC_009210,CUST_07377,SAVINGS,2006-03-28,ACTIVE,N,,
ACC_009211,CUST_07378,CURRENT,1979-01-14,ACTIVE,N,,
ACC_009212,CUST_07378,SAVINGS,2006-02-02,ACTIVE,N,,
ACC_009213,CUST_07379,SAVINGS,1996-11-25,ACTIVE,N,,
ACC_009214,CUST_07380,SAVINGS,1967-11-25,DORMANT,Y,2008-05-26,
ACC_009215,CUST_07381,CURRENT,1984-12-28,ACTIVE,N,,
ACC_009216,CUST_07382,SAVINGS,1987-12-23,DORMANT,Y,2020-02-10,
ACC_009217,CUST_07383,SAVINGS,1965-09-23,ACTIVE,N,,
ACC_009218,CUST_07383,SAVINGS,2006-04-08,ACTIVE,N,,
ACC_009219,CUST_07383,SAVINGS,1961-12-28,ACTIVE,N,,
ACC_009220,CUST_07384,SAVINGS,2020-01-18,ACTIVE,N,,
ACC_009221,CUST_07384,SAVINGS,1969-03-23,ACTIVE,N,,
ACC_009222,CUST_07385,SAVINGS,2014-07-13,ACTIVE,N,,
ACC_009223,CUST_07386,SAVINGS,1977-07-08,DORMANT,Y,1998-09-02,
ACC_009224,CUST_07387,SAVINGS,2023-04-12,ACTIVE,N,,
ACC_009225,CUST_07388,SAVINGS,1961-04-01,ACTIVE,N,,
ACC_009226,CUST_07388,SAVINGS,1979-01-08,ACTIVE,N,,
ACC_009227,CUST_07389,SAVINGS,1959-08-17,ACTIVE,N,,
ACC_009228,CUST_07390,SAVINGS,1954-11-01,ACTIVE,N,,
ACC_009229,CUST_07390,SAVINGS,1985-02-02,INACTIVE,N,,2007-09-14
ACC_009230,CUST_07390,CURRENT,1956-03-07,ACTIVE,N,,
ACC_009231,CUST_07391,SAVINGS,1970-12-03,ACTIVE,N,,
ACC_009232,CUST_07392,SAVINGS,1997-11-17,ACTIVE,N,,
ACC_009233,CUST_07393,SAVINGS,2004-11-20,ACTIVE,N,,
ACC_009234,CUST_07394,CURRENT,1980-03-08,ACTIVE,N,,
ACC_009235,CUST_07395,SAVINGS,1974-12-06,ACTIVE,N,,
ACC_009236,CUST_07395,SAVINGS,1959-05-10,ACTIVE,N,,
ACC_009237,CUST_07396,SAVINGS,2013-09-24,ACTIVE,N,,
ACC_009238,CUST_07397,CURRENT,1990-05-23,ACTIVE,N,,
ACC_009239,CUST_07398,CURRENT,1979-01-13,ACTIVE,N,,
ACC_009240,CUST_07399,SAVINGS,1998-12-27,ACTIVE,N,,
ACC_009241,CUST_07400,SAVINGS,2009-08-04,ACTIVE,N,,
ACC_009242,CUST_07401,SAVINGS,1984-11-05,ACTIVE,N,,
ACC_009243,CUST_07401,SAVINGS,2021-04-27,ACTIVE,N,,
ACC_009244,CUST_07402,CURRENT,1982-12-06,ACTIVE,N,,
ACC_009245,CUST_07403,SAVINGS,1995-12-03,DORMANT,Y,2001-01-26,
ACC_009246,CUST_07404,SAVINGS,2007-04-03,ACTIVE,N,,
ACC_009247,CUST_07405,SAVINGS,2022-02-15,DORMANT,Y,2022-05-19,
ACC_009248,CUST_07405,SAVINGS,2005-03-17,ACTIVE,N,,
ACC_009249,CUST_07406,SAVINGS,1987-02-27,INACTIVE,N,,2024-04-15
ACC_009250,CUST_07406,CURRENT,2009-04-05,DORMANT,Y,2009-12-02,
ACC_009251,CUST_07407,SAVINGS,2008-06-03,ACTIVE,N,,
ACC_009252,CUST_07408,SAVINGS,2010-12-12,ACTIVE,N,,
ACC_009253,CUST_07408,SAVINGS,1976-05-15,ACTIVE,N,,
ACC_009254,CUST_07409,SAVINGS,2024-07-29,ACTIVE,N,,
ACC_009255,CUST_07409,SAVINGS,1979-10-24,ACTIVE,N,,
ACC_009256,CUST_07409,SAVINGS,1984-03-18,ACTIVE,N,,
ACC_009257,CUST_07410,SAVINGS,1990-10-09,ACTIVE,N,,
ACC_009258,CUST_07410,SAVINGS,2023-10-05,ACTIVE,N,,
ACC_009259,CUST_07410,SAVINGS,2018-07-06,ACTIVE,N,,
ACC_009260,CUST_07411,SAVINGS,1976-07-28,ACTIVE,N,,
ACC_009261,CUST_07411,SAVINGS,2024-06-20,ACTIVE,N,,
ACC_009262,CUST_07412,SAVINGS,1991-04-30,ACTIVE,N,,
ACC_009263,CUST_07413,SAVINGS,1974-01-27,ACTIVE,N,,
ACC_009264,CUST_07414,SAVINGS,1993-04-08,ACTIVE,N,,
ACC_009265,CUST_07415,SAVINGS,1981-01-04,ACTIVE,N,,
ACC_009266,CUST_07416,CURRENT,2002-01-28,ACTIVE,N,,
ACC_009267,CUST_07417,SAVINGS,1990-07-19,ACTIVE,N,,
ACC_009268,CUST_07418,SAVINGS,2005-03-30,DORMANT,Y,2009-12-07,
ACC_009269,CUST_07418,SAVINGS,2023-07-10,ACTIVE,N,,
ACC_009270,CUST_07418,SAVINGS,1956-06-15,ACTIVE,N,,
ACC_009271,CUST_07419,SAVINGS,1995-01-11,ACTIVE,N,,
ACC_009272,CUST_07419,CURRENT,1995-06-16,ACTIVE,N,,
ACC_009273,CUST_07419,SAVINGS,1957-03-23,ACTIVE,N,,
ACC_009274,CUST_07420,SAVINGS,2010-08-20,ACTIVE,N,,
ACC_009275,CUST_07421,SAVINGS,2010-06-22,ACTIVE,N,,
ACC_009276,CUST_07422,SAVINGS,1987-08-29,ACTIVE,N,,
ACC_009277,CUST_07423,SAVINGS,1956-10-27,ACTIVE,N,,
ACC_009278,CUST_07423,SAVINGS,2003-07-21,ACTIVE,N,,
ACC_009279,CUST_07423,SAVINGS,1999-01-04,ACTIVE,N,,
ACC_009280,CUST_07424,SAVINGS,2011-02-09,ACTIVE,N,,
ACC_009281,CUST_07425,SAVINGS,1995-09-02,ACTIVE,N,,
ACC_009282,CUST_07425,SAVINGS,1997-12-19,ACTIVE,N,,
ACC_009283,CUST_07425,SAVINGS,1960-11-23,ACTIVE,N,,
ACC_009284,CUST_07426,SAVINGS,1999-07-28,ACTIVE,N,,
ACC_009285,CUST_07427,SAVINGS,2004-01-16,INACTIVE,N,,2009-06-19
ACC_009286,CUST_07428,SAVINGS,1978-01-13,ACTIVE,N,,
ACC_009287,CUST_07429,SAVINGS,1974-11-16,ACTIVE,N,,
ACC_009288,CUST_07430,SAVINGS,1951-04-29,ACTIVE,N,,
ACC_009289,CUST_07431,SAVINGS,1954-08-18,ACTIVE,N,,
ACC_009290,CUST_07432,SAVINGS,2023-08-11,ACTIVE,N,,
ACC_009291,CUST_07433,SAVINGS,1995-05-13,DORMANT,Y,2021-05-31,
ACC_009292,CUST_07434,SAVINGS,1994-03-04,ACTIVE,N,,
ACC_009293,CUST_07434,SAVINGS,1964-07-31,ACTIVE,N,,
ACC_009294,CUST_07435,SAVINGS,1955-10-14,ACTIVE,N,,
ACC_009295,CUST_07436,CURRENT,2017-02-24,ACTIVE,N,,
ACC_009296,CUST_07437,SAVINGS,1992-02-14,ACTIVE,N,,
ACC_009297,CUST_07438,SAVINGS,1953-10-01,ACTIVE,N,,
ACC_009298,CUST_07439,SAVINGS,1963-11-05,ACTIVE,N,,
ACC_009299,CUST_07440,SAVINGS,1981-10-15,ACTIVE,N,,
ACC_009300,CUST_07441,SAVINGS,1963-07-29,ACTIVE,N,,
ACC_009301,CUST_07442,SAVINGS,1961-05-05,ACTIVE,N,,
ACC_009302,CUST_07443,SAVINGS,1963-08-17,ACTIVE,N,,
ACC_009303,CUST_07444,SAVINGS,2012-12-21,ACTIVE,N,,
ACC_009304,CUST_07445,SAVINGS,2019-01-27,ACTIVE,N,,
ACC_009305,CUST_07445,SAVINGS,2002-10-17,INACTIVE,N,,2006-01-06
ACC_009306,CUST_07446,SAVINGS,1952-08-07,DORMANT,Y,1971-12-20,
ACC_009307,CUST_07447,SAVINGS,1994-09-18,INACTIVE,N,,2022-02-12
ACC_009308,CUST_07447,SAVINGS,1990-02-21,ACTIVE,N,,
ACC_009309,CUST_07448,SAVINGS,2010-08-04,DORMANT,Y,2022-03-11,
ACC_009310,CUST_07449,SAVINGS,2002-12-14,DORMANT,Y,2004-10-14,
ACC_009311,CUST_07450,SAVINGS,1974-02-10,ACTIVE,N,,
ACC_009312,CUST_07451,SAVINGS,1972-11-21,ACTIVE,N,,
ACC_009313,CUST_07452,SAVINGS,1953-03-28,ACTIVE,N,,
ACC_009314,CUST_07453,SAVINGS,2005-04-10,DORMANT,Y,2017-11-22,
ACC_009315,CUST_07454,SAVINGS,1981-10-27,ACTIVE,N,,
ACC_009316,CUST_07455,CURRENT,1992-11-21,ACTIVE,N,,
ACC_009317,CUST_07455,CURRENT,1986-06-25,ACTIVE,N,,
ACC_009318,CUST_07456,SAVINGS,1961-04-26,ACTIVE,N,,
ACC_009319,CUST_07457,SAVINGS,1974-02-09,ACTIVE,N,,
ACC_009320,CUST_07458,SAVINGS,1950-02-02,ACTIVE,N,,
ACC_009321,CUST_07459,SAVINGS,1961-04-03,DORMANT,Y,2006-08-19,
ACC_009322,CUST_07460,SAVINGS,1968-05-28,DORMANT,Y,1980-10-21,
ACC_009323,CUST_07461,SAVINGS,2009-07-30,ACTIVE,N,,
ACC_009324,CUST_07462,SAVINGS,1992-09-13,ACTIVE,N,,
ACC_009325,CUST_07463,CURRENT,1998-08-20,ACTIVE,N,,
ACC_009326,CUST_07464,SAVINGS,1958-02-06,ACTIVE,N,,
ACC_009327,CUST_07465,CURRENT,1951-06-10,ACTIVE,N,,
ACC_009328,CUST_07466,SAVINGS,1971-06-29,ACTIVE,N,,
ACC_009329,CUST_07467,SAVINGS,2006-11-06,ACTIVE,N,,
ACC_009330,CUST_07468,SAVINGS,1956-11-28,ACTIVE,N,,
ACC_009331,CUST_07469,SAVINGS,1960-09-29,ACTIVE,N,,
ACC_009332,CUST_07470,SAVINGS,1993-06-26,ACTIVE,N,,
ACC_009333,CUST_07471,SAVINGS,1965-02-08,DORMANT,Y,1988-01-21,
ACC_009334,CUST_07472,SAVINGS,1979-03-17,ACTIVE,N,,
ACC_009335,CUST_07472,SAVINGS,1974-12-02,ACTIVE,N,,
ACC_009336,CUST_07473,CURRENT,1997-03-25,ACTIVE,N,,
ACC_009337,CUST_07474,SAVINGS,1985-05-03,ACTIVE,N,,
ACC_009338,CUST_07475,SAVINGS,2009-11-27,ACTIVE,N,,
ACC_009339,CUST_07475,SAVINGS,1996-03-30,ACTIVE,N,,
ACC_009340,CUST_07476,SAVINGS,1954-05-10,ACTIVE,N,,
ACC_009341,CUST_07477,SAVINGS,2009-08-15,INACTIVE,N,,2014-06-05
ACC_009342,CUST_07478,SAVINGS,1955-12-19,ACTIVE,N,,
ACC_009343,CUST_07479,CURRENT,2017-01-01,ACTIVE,N,,
ACC_009344,CUST_07480,SAVINGS,1963-08-06,ACTIVE,N,,
ACC_009345,CUST_07481,SAVINGS,2010-04-14,ACTIVE,N,,
ACC_009346,CUST_07482,SAVINGS,1976-01-12,ACTIVE,N,,
ACC_009347,CUST_07483,SAVINGS,1967-07-30,ACTIVE,N,,
ACC_009348,CUST_07484,SAVINGS,2013-02-09,ACTIVE,N,,
ACC_009349,CUST_07485,SAVINGS,2024-12-15,ACTIVE,N,,
ACC_009350,CUST_07486,SAVINGS,1956-09-27,ACTIVE,N,,
ACC_009351,CUST_07487,SAVINGS,1998-02-28,ACTIVE,N,,
ACC_009352,CUST_07488,SAVINGS,1999-11-01,DORMANT,Y,2021-09-28,
ACC_009353,CUST_07489,SAVINGS,1953-10-26,ACTIVE,N,,
ACC_009354,CUST_07490,CURRENT,1981-05-21,ACTIVE,N,,
ACC_009355,CUST_07491,SAVINGS,1958-12-14,ACTIVE,N,,
ACC_009356,CUST_07491,SAVINGS,1956-07-21,ACTIVE,N,,
ACC_009357,CUST_07491,SAVINGS,1951-04-29,ACTIVE,N,,
ACC_009358,CUST_07492,SAVINGS,2003-06-11,ACTIVE,N,,
ACC_009359,CUST_07493,SAVINGS,1989-03-05,ACTIVE,N,,
ACC_009360,CUST_07494,SAVINGS,1979-06-06,ACTIVE,N,,
ACC_009361,CUST_07495,CURRENT,1991-05-21,ACTIVE,N,,
ACC_009362,CUST_07496,SAVINGS,1951-08-30,ACTIVE,N,,
ACC_009363,CUST_07497,SAVINGS,1977-08-31,ACTIVE,N,,
ACC_009364,CUST_07498,CURRENT,1966-02-17,ACTIVE,N,,
ACC_009365,CUST_07499,SAVINGS,1950-05-30,ACTIVE,N,,
ACC_009366,CUST_07500,SAVINGS,1987-10-05,ACTIVE,N,,
ACC_009367,CUST_07501,SAVINGS,1997-05-23,ACTIVE,N,,
ACC_009368,CUST_07502,SAVINGS,1967-02-27,ACTIVE,N,,
ACC_009369,CUST_07503,SAVINGS,1954-04-12,ACTIVE,N,,
ACC_009370,CUST_07504,CURRENT,1979-03-13,ACTIVE,N,,
ACC_009371,CUST_07505,SAVINGS,2008-04-22,ACTIVE,N,,
ACC_009372,CUST_07506,CURRENT,1956-03-17,ACTIVE,N,,
ACC_009373,CUST_07507,SAVINGS,2018-12-07,ACTIVE,N,,
ACC_009374,CUST_07508,SAVINGS,1988-09-06,ACTIVE,N,,
ACC_009375,CUST_07508,SAVINGS,1958-10-07,ACTIVE,N,,
ACC_009376,CUST_07509,SAVINGS,1959-10-20,ACTIVE,N,,
ACC_009377,CUST_07510,CURRENT,2023-11-14,INACTIVE,N,,2024-07-03
ACC_009378,CUST_07511,SAVINGS,1962-10-07,ACTIVE,N,,
ACC_009379,CUST_07512,SAVINGS,1980-02-17,ACTIVE,N,,
ACC_009380,CUST_07513,SAVINGS,1995-11-03,ACTIVE,N,,
ACC_009381,CUST_07514,SAVINGS,1973-09-19,ACTIVE,N,,
ACC_009382,CUST_07515,SAVINGS,2024-03-27,ACTIVE,N,,
ACC_009383,CUST_07516,SAVINGS,1998-11-19,ACTIVE,N,,
ACC_009384,CUST_07517,SAVINGS,1997-02-08,DORMANT,Y,2022-12-18,
ACC_009385,CUST_07518,SAVINGS,1983-02-27,ACTIVE,N,,
ACC_009386,CUST_07518,SAVINGS,2000-11-15,ACTIVE,N,,
ACC_009387,CUST_07519,SAVINGS,1996-05-03,ACTIVE,N,,
ACC_009388,CUST_07520,SAVINGS,1969-12-09,DORMANT,Y,1973-01-17,
ACC_009389,CUST_07521,SAVINGS,1999-03-07,ACTIVE,N,,
ACC_009390,CUST_07522,SAVINGS,2002-10-18,ACTIVE,N,,
ACC_009391,CUST_07523,SAVINGS,1959-08-14,ACTIVE,N,,
ACC_009392,CUST_07524,SAVINGS,1954-07-12,ACTIVE,N,,
ACC_009393,CUST_07524,SAVINGS,1958-01-28,INACTIVE,N,,1985-10-22
ACC_009394,CUST_07525,SAVINGS,2016-04-07,ACTIVE,N,,
ACC_009395,CUST_07526,SAVINGS,1951-10-11,ACTIVE,N,,
ACC_009396,CUST_07527,SAVINGS,1952-08-13,ACTIVE,N,,
ACC_009397,CUST_07527,SAVINGS,2004-02-20,ACTIVE,N,,
ACC_009398,CUST_07527,CURRENT,2008-04-25,ACTIVE,N,,
ACC_009399,CUST_07528,SAVINGS,2024-07-07,ACTIVE,N,,
ACC_009400,CUST_07529,CURRENT,1958-01-01,ACTIVE,N,,
ACC_009401,CUST_07530,SAVINGS,1960-01-12,ACTIVE,N,,
ACC_009402,CUST_07531,SAVINGS,2024-05-30,ACTIVE,N,,
ACC_009403,CUST_07532,SAVINGS,2002-08-26,ACTIVE,N,,
ACC_009404,CUST_07533,SAVINGS,2009-10-12,ACTIVE,N,,
ACC_009405,CUST_07534,SAVINGS,2014-12-27,ACTIVE,N,,
ACC_009406,CUST_07535,CURRENT,1985-10-06,ACTIVE,N,,
ACC_009407,CUST_07535,CURRENT,1956-01-01,DORMANT,Y,1988-11-19,
ACC_009408,CUST_07535,CURRENT,2015-03-11,ACTIVE,N,,
ACC_009409,CUST_07536,SAVINGS,2018-03-07,ACTIVE,N,,
ACC_009410,CUST_07537,SAVINGS,1986-05-07,ACTIVE,N,,
ACC_009411,CUST_07538,SAVINGS,1967-01-21,ACTIVE,N,,
ACC_009412,CUST_07539,SAVINGS,1979-08-24,ACTIVE,N,,
ACC_009413,CUST_07540,SAVINGS,1976-05-20,ACTIVE,N,,
ACC_009414,CUST_07541,SAVINGS,1989-05-01,ACTIVE,N,,
ACC_009415,CUST_07542,SAVINGS,1991-10-01,ACTIVE,N,,
ACC_009416,CUST_07543,CURRENT,2001-01-12,ACTIVE,N,,
ACC_009417,CUST_07544,SAVINGS,1980-08-17,ACTIVE,N,,
ACC_009418,CUST_07545,SAVINGS,1952-10-16,ACTIVE,N,,
ACC_009419,CUST_07546,SAVINGS,1950-05-19,ACTIVE,N,,
ACC_009420,CUST_07547,SAVINGS,2003-06-09,ACTIVE,N,,
ACC_009421,CUST_07548,SAVINGS,2016-10-17,DORMANT,Y,2020-09-10,
ACC_009422,CUST_07549,SAVINGS,2001-04-22,INACTIVE,N,,2006-08-27
ACC_009423,CUST_07550,SAVINGS,1995-06-25,ACTIVE,N,,
ACC_009424,CUST_07551,CURRENT,1994-08-27,ACTIVE,N,,
ACC_009425,CUST_07552,SAVINGS,1951-02-05,ACTIVE,N,,
ACC_009426,CUST_07553,SAVINGS,1979-09-01,DORMANT,Y,1990-08-07,
ACC_009427,CUST_07553,SAVINGS,1997-05-10,ACTIVE,N,,
ACC_009428,CUST_07554,CURRENT,1951-07-04,ACTIVE,N,,
ACC_009429,CUST_07555,SAVINGS,1959-12-02,ACTIVE,N,,
ACC_009430,CUST_07556,SAVINGS,2017-02-16,ACTIVE,N,,
ACC_009431,CUST_07557,SAVINGS,1978-12-04,ACTIVE,N,,
ACC_009432,CUST_07558,CURRENT,2001-08-25,ACTIVE,N,,
ACC_009433,CUST_07559,SAVINGS,1992-08-12,INACTIVE,N,,2001-04-17
ACC_009434,CUST_07560,SAVINGS,1967-09-11,ACTIVE,N,,
ACC_009435,CUST_07561,SAVINGS,2003-03-28,ACTIVE,N,,
ACC_009436,CUST_07562,SAVINGS,1974-12-30,DORMANT,Y,1994-06-13,
ACC_009437,CUST_07563,SAVINGS,1964-05-24,INACTIVE,N,,1995-08-27
ACC_009438,CUST_07564,SAVINGS,2023-02-13,INACTIVE,N,,2023-08-29
ACC_009439,CUST_07565,SAVINGS,1975-01-05,INACTIVE,N,,2014-08-16
ACC_009440,CUST_07566,CURRENT,1958-04-28,ACTIVE,N,,
ACC_009441,CUST_07567,CURRENT,1975-06-03,ACTIVE,N,,
ACC_009442,CUST_07568,SAVINGS,1970-05-05,ACTIVE,N,,
ACC_009443,CUST_07569,SAVINGS,1979-10-14,ACTIVE,N,,
ACC_009444,CUST_07570,SAVINGS,1980-02-14,ACTIVE,N,,
ACC_009445,CUST_07571,SAVINGS,1991-11-18,ACTIVE,N,,
ACC_009446,CUST_07571,CURRENT,1995-01-20,ACTIVE,N,,
ACC_009447,CUST_07572,CURRENT,1962-12-18,ACTIVE,N,,
ACC_009448,CUST_07572,SAVINGS,1959-06-29,ACTIVE,N,,
ACC_009449,CUST_07573,SAVINGS,1952-01-28,ACTIVE,N,,
ACC_009450,CUST_07574,CURRENT,1954-05-08,ACTIVE,N,,
ACC_009451,CUST_07575,SAVINGS,1955-06-04,ACTIVE,N,,
ACC_009452,CUST_07576,SAVINGS,2007-05-27,ACTIVE,N,,
ACC_009453,CUST_07576,SAVINGS,1956-04-25,ACTIVE,N,,
ACC_009454,CUST_07577,SAVINGS,1998-06-23,ACTIVE,N,,
ACC_009455,CUST_07578,SAVINGS,1983-04-01,ACTIVE,N,,
ACC_009456,CUST_07579,CURRENT,1950-10-07,ACTIVE,N,,
ACC_009457,CUST_07580,SAVINGS,2023-08-19,ACTIVE,N,,
ACC_009458,CUST_07581,SAVINGS,2006-05-07,ACTIVE,N,,
ACC_009459,CUST_07582,SAVINGS,2019-06-21,ACTIVE,N,,
ACC_009460,CUST_07583,CURRENT,1984-06-21,ACTIVE,N,,
ACC_009461,CUST_07584,SAVINGS,1983-01-26,ACTIVE,N,,
ACC_009462,CUST_07585,SAVINGS,1951-11-25,ACTIVE,N,,
ACC_009463,CUST_07585,SAVINGS,1970-08-13,ACTIVE,N,,
ACC_009464,CUST_07586,SAVINGS,1965-11-16,INACTIVE,N,,1971-11-21
ACC_009465,CUST_07587,SAVINGS,2002-04-08,ACTIVE,N,,
ACC_009466,CUST_07588,SAVINGS,2003-06-07,ACTIVE,N,,
ACC_009467,CUST_07589,SAVINGS,2010-06-09,ACTIVE,N,,
ACC_009468,CUST_07590,SAVINGS,1979-12-08,DORMANT,Y,1989-03-12,
ACC_009469,CUST_07591,SAVINGS,1950-11-19,ACTIVE,N,,
ACC_009470,CUST_07592,SAVINGS,1988-04-28,DORMANT,Y,2011-02-01,
ACC_009471,CUST_07593,SAVINGS,2012-02-19,ACTIVE,N,,
ACC_009472,CUST_07593,SAVINGS,1995-06-21,DORMANT,Y,2021-02-17,
ACC_009473,CUST_07594,CURRENT,2023-11-28,ACTIVE,N,,
ACC_009474,CUST_07595,SAVINGS,2011-05-27,ACTIVE,N,,
ACC_009475,CUST_07596,SAVINGS,1993-12-31,ACTIVE,N,,
ACC_009476,CUST_07597,SAVINGS,1975-04-29,DORMANT,Y,1981-04-17,
ACC_009477,CUST_07598,CURRENT,1973-04-10,ACTIVE,N,,
ACC_009478,CUST_07599,SAVINGS,2007-08-22,ACTIVE,N,,
ACC_009479,CUST_07600,SAVINGS,1992-06-02,ACTIVE,N,,
ACC_009480,CUST_07601,SAVINGS,1972-10-17,ACTIVE,N,,
ACC_009481,CUST_07602,SAVINGS,2003-10-17,ACTIVE,N,,
ACC_009482,CUST_07603,SAVINGS,1956-04-26,ACTIVE,N,,
ACC_009483,CUST_07603,SAVINGS,1981-06-07,ACTIVE,N,,
ACC_009484,CUST_07604,CURRENT,1982-09-13,ACTIVE,N,,
ACC_009485,CUST_07605,SAVINGS,2007-01-14,ACTIVE,N,,
ACC_009486,CUST_07606,CURRENT,1974-05-22,ACTIVE,N,,
ACC_009487,CUST_07607,SAVINGS,1951-02-26,ACTIVE,N,,
ACC_009488,CUST_07608,CURRENT,1969-04-03,ACTIVE,N,,
ACC_009489,CUST_07608,SAVINGS,2012-04-11,DORMANT,Y,2018-07-28,
ACC_009490,CUST_07609,SAVINGS,1998-02-21,ACTIVE,N,,
ACC_009491,CUST_07609,SAVINGS,2020-11-11,ACTIVE,N,,
ACC_009492,CUST_07609,SAVINGS,1975-05-22,ACTIVE,N,,
ACC_009493,CUST_07610,SAVINGS,1960-07-31,ACTIVE,N,,
ACC_009494,CUST_07611,SAVINGS,1984-10-26,ACTIVE,N,,
ACC_009495,CUST_07612,SAVINGS,2012-11-14,DORMANT,Y,2020-10-02,
ACC_009496,CUST_07613,CURRENT,1953-05-11,ACTIVE,N,,
ACC_009497,CUST_07614,SAVINGS,1967-02-28,ACTIVE,N,,
ACC_009498,CUST_07615,SAVINGS,1950-02-24,ACTIVE,N,,
ACC_009499,CUST_07615,SAVINGS,2010-07-21,ACTIVE,N,,
ACC_009500,CUST_07616,SAVINGS,1965-08-03,ACTIVE,N,,
ACC_009501,CUST_07616,SAVINGS,1962-05-13,ACTIVE,N,,
ACC_009502,CUST_07617,SAVINGS,1996-11-07,ACTIVE,N,,
ACC_009503,CUST_07618,SAVINGS,1972-01-24,ACTIVE,N,,
ACC_009504,CUST_07619,SAVINGS,1980-09-17,ACTIVE,N,,
ACC_009505,CUST_07619,CURRENT,2024-12-14,INACTIVE,N,,2024-12-14
ACC_009506,CUST_07620,SAVINGS,1974-08-17,ACTIVE,N,,
ACC_009507,CUST_07621,CURRENT,1975-09-24,ACTIVE,N,,
ACC_009508,CUST_07622,SAVINGS,2008-09-20,ACTIVE,N,,
ACC_009509,CUST_07623,SAVINGS,1972-11-24,ACTIVE,N,,
ACC_009510,CUST_07623,SAVINGS,1963-06-22,ACTIVE,N,,
ACC_009511,CUST_07623,CURRENT,1973-04-06,ACTIVE,N,,
ACC_009512,CUST_07624,SAVINGS,1959-03-11,ACTIVE,N,,
ACC_009513,CUST_07625,SAVINGS,1997-12-26,ACTIVE,N,,
ACC_009514,CUST_07625,CURRENT,2021-05-17,ACTIVE,N,,
ACC_009515,CUST_07626,CURRENT,1966-12-11,ACTIVE,N,,
ACC_009516,CUST_07627,CURRENT,2021-01-29,DORMANT,Y,2023-07-07,
ACC_009517,CUST_07627,CURRENT,2016-07-13,DORMANT,Y,2022-09-05,
ACC_009518,CUST_07628,CURRENT,1950-08-01,ACTIVE,N,,
ACC_009519,CUST_07629,CURRENT,1999-10-27,ACTIVE,N,,
ACC_009520,CUST_07630,SAVINGS,1962-11-09,ACTIVE,N,,
ACC_009521,CUST_07631,CURRENT,2009-01-12,ACTIVE,N,,
ACC_009522,CUST_07632,SAVINGS,1964-06-25,ACTIVE,N,,
ACC_009523,CUST_07633,SAVINGS,1965-04-02,ACTIVE,N,,
ACC_009524,CUST_07634,SAVINGS,2018-06-23,DORMANT,Y,2022-03-10,
ACC_009525,CUST_07635,SAVINGS,1978-10-11,ACTIVE,N,,
ACC_009526,CUST_07636,SAVINGS,2022-11-20,ACTIVE,N,,
ACC_009527,CUST_07636,SAVINGS,2000-07-20,ACTIVE,N,,
ACC_009528,CUST_07637,SAVINGS,1995-03-25,ACTIVE,N,,
ACC_009529,CUST_07638,SAVINGS,2024-11-20,DORMANT,Y,2024-12-16,
ACC_009530,CUST_07639,SAVINGS,1961-02-06,ACTIVE,N,,
ACC_009531,CUST_07640,SAVINGS,1992-08-04,ACTIVE,N,,
ACC_009532,CUST_07640,SAVINGS,2013-02-12,ACTIVE,N,,
ACC_009533,CUST_07640,SAVINGS,2014-01-10,ACTIVE,N,,
ACC_009534,CUST_07641,SAVINGS,1972-10-17,ACTIVE,N,,
ACC_009535,CUST_07642,SAVINGS,1962-10-27,ACTIVE,N,,
ACC_009536,CUST_07643,CURRENT,2001-12-14,ACTIVE,N,,
ACC_009537,CUST_07643,SAVINGS,2020-05-01,ACTIVE,N,,
ACC_009538,CUST_07644,SAVINGS,1956-01-19,ACTIVE,N,,
ACC_009539,CUST_07644,SAVINGS,1956-11-07,ACTIVE,N,,
ACC_009540,CUST_07645,SAVINGS,1996-03-25,ACTIVE,N,,
ACC_009541,CUST_07646,SAVINGS,1982-03-02,ACTIVE,N,,
ACC_009542,CUST_07647,SAVINGS,2015-02-27,ACTIVE,N,,
ACC_009543,CUST_07648,SAVINGS,2022-10-23,ACTIVE,N,,
ACC_009544,CUST_07648,SAVINGS,1979-05-23,ACTIVE,N,,
ACC_009545,CUST_07649,SAVINGS,1959-02-21,ACTIVE,N,,
ACC_009546,CUST_07650,SAVINGS,2024-07-06,DORMANT,Y,2024-09-16,
ACC_009547,CUST_07651,SAVINGS,1971-01-14,INACTIVE,N,,2005-08-22
ACC_009548,CUST_07652,SAVINGS,2015-04-10,ACTIVE,N,,
ACC_009549,CUST_07653,SAVINGS,1973-06-17,ACTIVE,N,,
ACC_009550,CUST_07653,SAVINGS,2019-04-14,DORMANT,Y,2021-08-18,
ACC_009551,CUST_07653,SAVINGS,1995-02-22,ACTIVE,N,,
ACC_009552,CUST_07654,SAVINGS,1992-04-29,ACTIVE,N,,
ACC_009553,CUST_07655,SAVINGS,1957-04-09,INACTIVE,N,,2002-01-01
ACC_009554,CUST_07656,CURRENT,1963-01-23,ACTIVE,N,,
ACC_009555,CUST_07657,SAVINGS,2019-12-11,ACTIVE,N,,
ACC_009556,CUST_07658,CURRENT,1968-10-18,ACTIVE,N,,
ACC_009557,CUST_07659,SAVINGS,1972-11-18,ACTIVE,N,,
ACC_009558,CUST_07660,SAVINGS,2014-11-21,INACTIVE,N,,2017-08-26
ACC_009559,CUST_07661,SAVINGS,1950-03-02,ACTIVE,N,,
ACC_009560,CUST_07662,SAVINGS,1957-05-07,ACTIVE,N,,
ACC_009561,CUST_07663,SAVINGS,1974-03-06,ACTIVE,N,,
ACC_009562,CUST_07663,SAVINGS,1979-02-03,INACTIVE,N,,2020-12-10
ACC_009563,CUST_07663,SAVINGS,1990-02-01,ACTIVE,N,,
ACC_009564,CUST_07664,SAVINGS,2023-01-15,ACTIVE,N,,
ACC_009565,CUST_07664,SAVINGS,1967-05-08,DORMANT,Y,2009-11-24,
ACC_009566,CUST_07665,SAVINGS,1981-02-12,INACTIVE,N,,1990-04-28
ACC_009567,CUST_07666,SAVINGS,1971-03-01,ACTIVE,N,,
ACC_009568,CUST_07667,CURRENT,1958-01-19,ACTIVE,N,,
ACC_009569,CUST_07668,SAVINGS,1984-04-17,ACTIVE,N,,
ACC_009570,CUST_07669,CURRENT,1962-01-26,ACTIVE,N,,
ACC_009571,CUST_07670,SAVINGS,1987-10-04,ACTIVE,N,,
ACC_009572,CUST_07671,SAVINGS,1987-12-09,DORMANT,Y,2021-02-04,
ACC_009573,CUST_07672,SAVINGS,1987-12-10,INACTIVE,N,,2002-04-29
ACC_009574,CUST_07673,CURRENT,1967-12-03,DORMANT,Y,2018-11-29,
ACC_009575,CUST_07674,SAVINGS,2021-06-09,ACTIVE,N,,
ACC_009576,CUST_07675,SAVINGS,1964-12-06,ACTIVE,N,,
ACC_009577,CUST_07676,SAVINGS,1958-12-27,ACTIVE,N,,
ACC_009578,CUST_07677,SAVINGS,2007-05-12,ACTIVE,N,,
ACC_009579,CUST_07677,SAVINGS,1998-12-25,ACTIVE,N,,
ACC_009580,CUST_07678,CURRENT,1976-09-18,ACTIVE,N,,
ACC_009581,CUST_07678,CURRENT,1951-05-23,ACTIVE,N,,
ACC_009582,CUST_07679,SAVINGS,1967-03-22,DORMANT,Y,2017-04-14,
ACC_009583,CUST_07680,CURRENT,1951-10-11,DORMANT,Y,1969-02-20,
ACC_009584,CUST_07681,CURRENT,1954-12-01,ACTIVE,N,,
ACC_009585,CUST_07682,SAVINGS,1978-04-16,ACTIVE,N,,
ACC_009586,CUST_07683,SAVINGS,1956-11-25,ACTIVE,N,,
ACC_009587,CUST_07684,SAVINGS,1987-09-13,ACTIVE,N,,
ACC_009588,CUST_07685,SAVINGS,1970-04-26,ACTIVE,N,,
ACC_009589,CUST_07686,SAVINGS,1979-10-23,ACTIVE,N,,
ACC_009590,CUST_07687,SAVINGS,1967-11-10,ACTIVE,N,,
ACC_009591,CUST_07688,CURRENT,1967-10-10,ACTIVE,N,,
ACC_009592,CUST_07688,SAVINGS,2009-09-26,ACTIVE,N,,
ACC_009593,CUST_07689,SAVINGS,2017-10-13,ACTIVE,N,,
ACC_009594,CUST_07690,SAVINGS,1998-11-19,ACTIVE,N,,
ACC_009595,CUST_07690,SAVINGS,1967-04-24,ACTIVE,N,,
ACC_009596,CUST_07690,SAVINGS,1964-01-19,DORMANT,Y,1980-08-19,
ACC_009597,CUST_07691,SAVINGS,2000-10-03,ACTIVE,N,,
ACC_009598,CUST_07691,CURRENT,1976-05-25,ACTIVE,N,,
ACC_009599,CUST_07692,CURRENT,1955-08-22,ACTIVE,N,,
ACC_009600,CUST_07693,SAVINGS,1967-10-13,ACTIVE,N,,
ACC_009601,CUST_07694,SAVINGS,2018-07-04,ACTIVE,N,,
ACC_009602,CUST_07695,CURRENT,1962-09-24,ACTIVE,N,,
ACC_009603,CUST_07696,SAVINGS,2006-11-18,ACTIVE,N,,
ACC_009604,CUST_07697,CURRENT,1995-08-29,ACTIVE,N,,
ACC_009605,CUST_07698,SAVINGS,1956-05-27,ACTIVE,N,,
ACC_009606,CUST_07699,CURRENT,2005-05-31,DORMANT,Y,2014-01-13,
ACC_009607,CUST_07699,SAVINGS,2003-11-17,ACTIVE,N,,
ACC_009608,CUST_07700,SAVINGS,1976-10-25,DORMANT,Y,1977-01-04,
ACC_009609,CUST_07701,SAVINGS,1957-10-26,ACTIVE,N,,
ACC_009610,CUST_07702,SAVINGS,1996-11-16,ACTIVE,N,,
ACC_009611,CUST_07703,SAVINGS,1981-05-31,ACTIVE,N,,
ACC_009612,CUST_07704,SAVINGS,2009-11-18,ACTIVE,N,,
ACC_009613,CUST_07705,SAVINGS,2012-03-09,ACTIVE,N,,
ACC_009614,CUST_07706,SAVINGS,2012-07-20,ACTIVE,N,,
ACC_009615,CUST_07707,SAVINGS,1998-06-07,ACTIVE,N,,
ACC_009616,CUST_07708,SAVINGS,2004-02-25,ACTIVE,N,,
ACC_009617,CUST_07709,SAVINGS,1963-01-22,ACTIVE,N,,
ACC_009618,CUST_07710,SAVINGS,2023-02-14,ACTIVE,N,,
ACC_009619,CUST_07711,SAVINGS,1980-07-09,ACTIVE,N,,
ACC_009620,CUST_07712,SAVINGS,1967-12-20,ACTIVE,N,,
ACC_009621,CUST_07713,SAVINGS,1959-09-02,ACTIVE,N,,
ACC_009622,CUST_07714,SAVINGS,1953-02-13,ACTIVE,N,,
ACC_009623,CUST_07715,SAVINGS,1972-01-14,ACTIVE,N,,
ACC_009624,CUST_07716,SAVINGS,1962-03-15,DORMANT,Y,1990-06-28,
ACC_009625,CUST_07717,SAVINGS,1960-01-28,ACTIVE,N,,
ACC_009626,CUST_07718,CURRENT,2013-12-03,ACTIVE,N,,
ACC_009627,CUST_07719,SAVINGS,1990-08-19,INACTIVE,N,,2016-05-12
ACC_009628,CUST_07719,SAVINGS,1955-07-25,ACTIVE,N,,
ACC_009629,CUST_07719,SAVINGS,1971-08-28,ACTIVE,N,,
ACC_009630,CUST_07720,SAVINGS,2022-04-03,ACTIVE,N,,
ACC_009631,CUST_07721,SAVINGS,1979-09-11,ACTIVE,N,,
ACC_009632,CUST_07722,CURRENT,1966-03-30,ACTIVE,N,,
ACC_009633,CUST_07723,SAVINGS,1953-12-21,ACTIVE,N,,
ACC_009634,CUST_07724,SAVINGS,1985-11-20,DORMANT,Y,2002-10-04,
ACC_009635,CUST_07724,SAVINGS,2023-08-29,ACTIVE,N,,
ACC_009636,CUST_07725,CURRENT,1987-07-21,ACTIVE,N,,
ACC_009637,CUST_07726,SAVINGS,1959-02-07,INACTIVE,N,,2001-04-19
ACC_009638,CUST_07727,SAVINGS,2002-09-07,ACTIVE,N,,
ACC_009639,CUST_07727,SAVINGS,2003-05-03,ACTIVE,N,,
ACC_009640,CUST_07727,SAVINGS,1972-01-29,DORMANT,Y,1982-05-05,
ACC_009641,CUST_07728,SAVINGS,1961-01-17,ACTIVE,N,,
ACC_009642,CUST_07729,CURRENT,1977-08-19,ACTIVE,N,,
ACC_009643,CUST_07730,SAVINGS,1966-02-17,ACTIVE,N,,
ACC_009644,CUST_07730,SAVINGS,2007-02-19,ACTIVE,N,,
ACC_009645,CUST_07731,SAVINGS,2016-04-05,INACTIVE,N,,2016-06-30
ACC_009646,CUST_07732,SAVINGS,2018-03-14,ACTIVE,N,,
ACC_009647,CUST_07733,SAVINGS,1957-08-09,ACTIVE,N,,
ACC_009648,CUST_07733,SAVINGS,1999-12-08,ACTIVE,N,,
ACC_009649,CUST_07733,SAVINGS,2005-03-28,ACTIVE,N,,
ACC_009650,CUST_07734,SAVINGS,2000-02-29,ACTIVE,N,,
ACC_009651,CUST_07735,SAVINGS,2006-11-06,ACTIVE,N,,
ACC_009652,CUST_07736,SAVINGS,2003-07-10,ACTIVE,N,,
ACC_009653,CUST_07736,SAVINGS,2012-09-03,ACTIVE,N,,
ACC_009654,CUST_07737,CURRENT,1955-07-11,ACTIVE,N,,
ACC_009655,CUST_07738,SAVINGS,2002-02-24,ACTIVE,N,,
ACC_009656,CUST_07739,SAVINGS,1981-10-30,ACTIVE,N,,
ACC_009657,CUST_07740,SAVINGS,2003-08-16,ACTIVE,N,,
ACC_009658,CUST_07741,CURRENT,1970-10-27,ACTIVE,N,,
ACC_009659,CUST_07742,SAVINGS,1961-06-13,ACTIVE,N,,
ACC_009660,CUST_07743,SAVINGS,2019-09-14,ACTIVE,N,,
ACC_009661,CUST_07744,CURRENT,2003-08-02,ACTIVE,N,,
ACC_009662,CUST_07745,SAVINGS,1999-04-11,ACTIVE,N,,
ACC_009663,CUST_07745,SAVINGS,1999-03-23,ACTIVE,N,,
ACC_009664,CUST_07745,SAVINGS,1958-03-24,ACTIVE,N,,
ACC_009665,CUST_07746,SAVINGS,1991-04-07,ACTIVE,N,,
ACC_009666,CUST_07746,SAVINGS,1989-01-19,ACTIVE,N,,
ACC_009667,CUST_07747,SAVINGS,1984-09-01,ACTIVE,N,,
ACC_009668,CUST_07748,SAVINGS,1990-11-25,ACTIVE,N,,
ACC_009669,CUST_07749,SAVINGS,1954-12-04,DORMANT,Y,2014-12-09,
ACC_009670,CUST_07750,SAVINGS,2008-09-22,ACTIVE,N,,
ACC_009671,CUST_07751,SAVINGS,2003-04-15,ACTIVE,N,,
ACC_009672,CUST_07752,SAVINGS,1976-09-21,DORMANT,Y,2023-04-30,
ACC_009673,CUST_07753,SAVINGS,1991-09-02,ACTIVE,N,,
ACC_009674,CUST_07754,SAVINGS,1975-08-31,ACTIVE,N,,
ACC_009675,CUST_07754,SAVINGS,1980-08-01,ACTIVE,N,,
ACC_009676,CUST_07755,SAVINGS,2006-09-24,ACTIVE,N,,
ACC_009677,CUST_07756,SAVINGS,1996-10-15,DORMANT,Y,1997-01-29,
ACC_009678,CUST_07757,SAVINGS,1991-02-22,DORMANT,Y,2013-03-01,
ACC_009679,CUST_07758,CURRENT,2001-04-20,ACTIVE,N,,
ACC_009680,CUST_07759,CURRENT,1972-10-07,ACTIVE,N,,
ACC_009681,CUST_07760,SAVINGS,2011-09-27,ACTIVE,N,,
ACC_009682,CUST_07761,SAVINGS,1975-10-30,ACTIVE,N,,
ACC_009683,CUST_07762,SAVINGS,1967-08-16,ACTIVE,N,,
ACC_009684,CUST_07763,SAVINGS,1972-12-29,ACTIVE,N,,
ACC_009685,CUST_07764,SAVINGS,2002-06-12,ACTIVE,N,,
ACC_009686,CUST_07765,SAVINGS,1968-05-01,ACTIVE,N,,
ACC_009687,CUST_07766,SAVINGS,2009-01-17,ACTIVE,N,,
ACC_009688,CUST_07767,CURRENT,1965-12-27,ACTIVE,N,,
ACC_009689,CUST_07768,SAVINGS,1962-01-15,ACTIVE,N,,
ACC_009690,CUST_07768,SAVINGS,1990-03-22,ACTIVE,N,,
ACC_009691,CUST_07769,SAVINGS,1969-12-27,ACTIVE,N,,
ACC_009692,CUST_07770,SAVINGS,1984-10-21,ACTIVE,N,,
ACC_009693,CUST_07771,SAVINGS,1979-06-17,ACTIVE,N,,
ACC_009694,CUST_07772,SAVINGS,2005-12-05,ACTIVE,N,,
ACC_009695,CUST_07773,SAVINGS,1968-09-15,ACTIVE,N,,
ACC_009696,CUST_07774,SAVINGS,1996-10-02,DORMANT,Y,2019-01-09,
ACC_009697,CUST_07775,CURRENT,1993-08-18,ACTIVE,N,,
ACC_009698,CUST_07776,CURRENT,1986-04-12,DORMANT,Y,1996-07-28,
ACC_009699,CUST_07777,SAVINGS,1963-10-21,ACTIVE,N,,
ACC_009700,CUST_07778,SAVINGS,2020-01-19,ACTIVE,N,,
ACC_009701,CUST_07779,CURRENT,2019-11-08,ACTIVE,N,,
ACC_009702,CUST_07780,SAVINGS,1955-05-08,ACTIVE,N,,
ACC_009703,CUST_07781,CURRENT,2022-08-26,ACTIVE,N,,
ACC_009704,CUST_07781,SAVINGS,2017-02-04,ACTIVE,N,,
ACC_009705,CUST_07782,SAVINGS,1963-05-08,ACTIVE,N,,
ACC_009706,CUST_07783,CURRENT,2005-06-21,ACTIVE,N,,
ACC_009707,CUST_07783,CURRENT,1970-01-29,ACTIVE,N,,
ACC_009708,CUST_07784,SAVINGS,1982-09-05,ACTIVE,N,,
ACC_009709,CUST_07785,CURRENT,1992-05-06,ACTIVE,N,,
ACC_009710,CUST_07786,SAVINGS,1961-07-09,ACTIVE,N,,
ACC_009711,CUST_07787,SAVINGS,2001-10-03,ACTIVE,N,,
ACC_009712,CUST_07788,CURRENT,1985-11-20,ACTIVE,N,,
ACC_009713,CUST_07789,SAVINGS,1980-01-10,ACTIVE,N,,
ACC_009714,CUST_07790,SAVINGS,1977-05-11,ACTIVE,N,,
ACC_009715,CUST_07790,SAVINGS,1996-02-12,ACTIVE,N,,
ACC_009716,CUST_07790,SAVINGS,1982-08-02,ACTIVE,N,,
ACC_009717,CUST_07791,SAVINGS,1968-03-27,ACTIVE,N,,
ACC_009718,CUST_07792,SAVINGS,1988-05-06,DORMANT,Y,2019-09-17,
ACC_009719,CUST_07793,SAVINGS,1975-05-28,ACTIVE,N,,
ACC_009720,CUST_07794,SAVINGS,1999-10-06,ACTIVE,N,,
ACC_009721,CUST_07795,SAVINGS,1957-11-03,ACTIVE,N,,
ACC_009722,CUST_07795,SAVINGS,1999-08-19,ACTIVE,N,,
ACC_009723,CUST_07796,SAVINGS,2022-05-10,ACTIVE,N,,
ACC_009724,CUST_07796,CURRENT,1982-02-06,ACTIVE,N,,
ACC_009725,CUST_07796,SAVINGS,1980-08-11,ACTIVE,N,,
ACC_009726,CUST_07797,CURRENT,1983-06-01,DORMANT,Y,2001-02-26,
ACC_009727,CUST_07798,SAVINGS,1977-07-14,ACTIVE,N,,
ACC_009728,CUST_07799,SAVINGS,1954-09-23,ACTIVE,N,,
ACC_009729,CUST_07800,SAVINGS,1982-10-14,ACTIVE,N,,
ACC_009730,CUST_07801,CURRENT,1960-07-21,ACTIVE,N,,
ACC_009731,CUST_07802,CURRENT,1960-09-16,DORMANT,Y,2008-10-11,
ACC_009732,CUST_07802,SAVINGS,1999-10-17,ACTIVE,N,,
ACC_009733,CUST_07802,SAVINGS,2021-12-30,ACTIVE,N,,
ACC_009734,CUST_07803,SAVINGS,2017-12-25,ACTIVE,N,,
ACC_009735,CUST_07804,SAVINGS,2005-03-18,ACTIVE,N,,
ACC_009736,CUST_07805,SAVINGS,1953-10-23,ACTIVE,N,,
ACC_009737,CUST_07806,SAVINGS,2000-11-18,ACTIVE,N,,
ACC_009738,CUST_07807,SAVINGS,1986-05-08,ACTIVE,N,,
ACC_009739,CUST_07808,CURRENT,2000-04-30,ACTIVE,N,,
ACC_009740,CUST_07809,SAVINGS,2013-07-18,ACTIVE,N,,
ACC_009741,CUST_07810,SAVINGS,2003-02-19,ACTIVE,N,,
ACC_009742,CUST_07811,SAVINGS,1986-07-21,ACTIVE,N,,
ACC_009743,CUST_07811,SAVINGS,2017-12-19,ACTIVE,N,,
ACC_009744,CUST_07812,SAVINGS,1995-01-10,ACTIVE,N,,
ACC_009745,CUST_07813,SAVINGS,2011-09-23,ACTIVE,N,,
ACC_009746,CUST_07814,SAVINGS,2004-08-17,ACTIVE,N,,
ACC_009747,CUST_07815,CURRENT,1986-07-05,ACTIVE,N,,
ACC_009748,CUST_07816,SAVINGS,1995-08-30,ACTIVE,N,,
ACC_009749,CUST_07817,SAVINGS,1977-02-18,ACTIVE,N,,
ACC_009750,CUST_07818,CURRENT,1999-01-24,ACTIVE,N,,
ACC_009751,CUST_07819,CURRENT,1982-08-27,ACTIVE,N,,
ACC_009752,CUST_07820,SAVINGS,2009-06-02,ACTIVE,N,,
ACC_009753,CUST_07821,SAVINGS,2000-06-15,ACTIVE,N,,
ACC_009754,CUST_07822,SAVINGS,2014-04-07,DORMANT,Y,2018-11-15,
ACC_009755,CUST_07823,SAVINGS,2003-06-29,ACTIVE,N,,
ACC_009756,CUST_07824,SAVINGS,2002-08-16,ACTIVE,N,,
ACC_009757,CUST_07825,CURRENT,2018-06-06,INACTIVE,N,,2021-09-05
ACC_009758,CUST_07826,CURRENT,1958-08-27,ACTIVE,N,,
ACC_009759,CUST_07827,CURRENT,2008-08-24,ACTIVE,N,,
ACC_009760,CUST_07828,CURRENT,1978-05-24,ACTIVE,N,,
ACC_009761,CUST_07829,SAVINGS,1988-02-27,ACTIVE,N,,
ACC_009762,CUST_07830,CURRENT,1967-03-20,ACTIVE,N,,
ACC_009763,CUST_07831,SAVINGS,1960-10-06,ACTIVE,N,,
ACC_009764,CUST_07832,SAVINGS,1974-02-06,ACTIVE,N,,
ACC_009765,CUST_07833,SAVINGS,1996-09-19,ACTIVE,N,,
ACC_009766,CUST_07833,CURRENT,1988-11-11,ACTIVE,N,,
ACC_009767,CUST_07833,SAVINGS,2000-05-07,ACTIVE,N,,
ACC_009768,CUST_07834,CURRENT,1953-01-04,ACTIVE,N,,
ACC_009769,CUST_07835,SAVINGS,2022-11-18,ACTIVE,N,,
ACC_009770,CUST_07836,CURRENT,1951-01-29,DORMANT,Y,1996-04-07,
ACC_009771,CUST_07837,CURRENT,1991-09-11,ACTIVE,N,,
ACC_009772,CUST_07838,SAVINGS,2019-02-23,DORMANT,Y,2019-11-21,
ACC_009773,CUST_07839,SAVINGS,1996-07-03,ACTIVE,N,,
ACC_009774,CUST_07840,CURRENT,1975-03-25,ACTIVE,N,,
ACC_009775,CUST_07841,SAVINGS,2004-04-26,ACTIVE,N,,
ACC_009776,CUST_07842,SAVINGS,1969-05-29,ACTIVE,N,,
ACC_009777,CUST_07843,SAVINGS,1993-12-22,ACTIVE,N,,
ACC_009778,CUST_07844,SAVINGS,2000-07-10,ACTIVE,N,,
ACC_009779,CUST_07845,SAVINGS,2001-11-22,ACTIVE,N,,
ACC_009780,CUST_07846,CURRENT,2004-01-16,ACTIVE,N,,
ACC_009781,CUST_07847,SAVINGS,1991-02-11,ACTIVE,N,,
ACC_009782,CUST_07848,SAVINGS,2010-10-17,ACTIVE,N,,
ACC_009783,CUST_07848,SAVINGS,1974-09-25,ACTIVE,N,,
ACC_009784,CUST_07849,SAVINGS,1965-05-11,DORMANT,Y,2023-06-08,
ACC_009785,CUST_07849,SAVINGS,1982-08-08,ACTIVE,N,,
ACC_009786,CUST_07850,SAVINGS,1951-11-05,ACTIVE,N,,
ACC_009787,CUST_07851,SAVINGS,2011-09-06,ACTIVE,N,,
ACC_009788,CUST_07852,SAVINGS,1987-08-04,ACTIVE,N,,
ACC_009789,CUST_07853,SAVINGS,1968-08-09,INACTIVE,N,,1984-11-28
ACC_009790,CUST_07853,SAVINGS,2000-01-29,INACTIVE,N,,2024-06-26
ACC_009791,CUST_07854,SAVINGS,1966-02-24,ACTIVE,N,,
ACC_009792,CUST_07855,SAVINGS,1986-02-28,ACTIVE,N,,
ACC_009793,CUST_07856,CURRENT,1974-09-19,DORMANT,Y,2000-11-25,
ACC_009794,CUST_07856,SAVINGS,1966-09-05,ACTIVE,N,,
ACC_009795,CUST_07856,SAVINGS,1988-11-29,INACTIVE,N,,1992-06-29
ACC_009796,CUST_07857,CURRENT,1986-01-13,ACTIVE,N,,
ACC_009797,CUST_07858,SAVINGS,2024-02-07,ACTIVE,N,,
ACC_009798,CUST_07859,SAVINGS,1976-08-06,ACTIVE,N,,
ACC_009799,CUST_07860,SAVINGS,1983-09-23,ACTIVE,N,,
ACC_009800,CUST_07861,SAVINGS,1971-06-05,DORMANT,Y,1999-09-12,
ACC_009801,CUST_07862,SAVINGS,1965-11-01,ACTIVE,N,,
ACC_009802,CUST_07863,SAVINGS,1990-12-19,ACTIVE,N,,
ACC_009803,CUST_07864,SAVINGS,1993-02-08,ACTIVE,N,,
ACC_009804,CUST_07865,SAVINGS,1992-01-18,ACTIVE,N,,
ACC_009805,CUST_07865,SAVINGS,1979-01-21,ACTIVE,N,,
ACC_009806,CUST_07865,SAVINGS,1957-08-07,ACTIVE,N,,
ACC_009807,CUST_07866,SAVINGS,2011-08-18,DORMANT,Y,2021-04-07,
ACC_009808,CUST_07867,SAVINGS,2006-02-28,ACTIVE,N,,
ACC_009809,CUST_07868,SAVINGS,1979-12-11,INACTIVE,N,,2024-09-14
ACC_009810,CUST_07868,SAVINGS,2012-04-27,INACTIVE,N,,2016-03-01
ACC_009811,CUST_07868,SAVINGS,1964-03-10,ACTIVE,N,,
ACC_009812,CUST_07869,SAVINGS,1952-06-17,ACTIVE,N,,
ACC_009813,CUST_07870,SAVINGS,1954-01-30,INACTIVE,N,,1970-09-06
ACC_009814,CUST_07871,SAVINGS,2017-06-18,ACTIVE,N,,
ACC_009815,CUST_07872,SAVINGS,2022-03-31,ACTIVE,N,,
ACC_009816,CUST_07873,CURRENT,1998-06-28,ACTIVE,N,,
ACC_009817,CUST_07874,CURRENT,1972-09-24,ACTIVE,N,,
ACC_009818,CUST_07875,SAVINGS,1969-05-04,ACTIVE,N,,
ACC_009819,CUST_07876,SAVINGS,1966-05-14,ACTIVE,N,,
ACC_009820,CUST_07876,SAVINGS,1960-10-22,ACTIVE,N,,
ACC_009821,CUST_07876,SAVINGS,2000-02-19,DORMANT,Y,2024-12-19,
ACC_009822,CUST_07877,SAVINGS,2024-09-19,ACTIVE,N,,
ACC_009823,CUST_07877,SAVINGS,2010-10-15,ACTIVE,N,,
ACC_009824,CUST_07878,SAVINGS,1962-07-29,ACTIVE,N,,
ACC_009825,CUST_07879,SAVINGS,1988-03-23,ACTIVE,N,,
ACC_009826,CUST_07879,SAVINGS,1993-04-29,ACTIVE,N,,
ACC_009827,CUST_07880,SAVINGS,1971-04-16,ACTIVE,N,,
ACC_009828,CUST_07881,SAVINGS,1978-06-18,ACTIVE,N,,
ACC_009829,CUST_07881,SAVINGS,1999-05-16,ACTIVE,N,,
ACC_009830,CUST_07882,SAVINGS,1988-01-09,ACTIVE,N,,
ACC_009831,CUST_07882,SAVINGS,1973-12-25,ACTIVE,N,,
ACC_009832,CUST_07882,SAVINGS,2008-12-03,ACTIVE,N,,
ACC_009833,CUST_07883,SAVINGS,2018-10-18,ACTIVE,N,,
ACC_009834,CUST_07884,CURRENT,2012-09-11,ACTIVE,N,,
ACC_009835,CUST_07885,CURRENT,1985-05-09,ACTIVE,N,,
ACC_009836,CUST_07886,SAVINGS,1986-05-07,ACTIVE,N,,
ACC_009837,CUST_07886,SAVINGS,2017-10-14,ACTIVE,N,,
ACC_009838,CUST_07887,SAVINGS,1956-08-13,ACTIVE,N,,
ACC_009839,CUST_07887,SAVINGS,1965-04-20,ACTIVE,N,,
ACC_009840,CUST_07887,SAVINGS,2017-09-02,ACTIVE,N,,
ACC_009841,CUST_07888,SAVINGS,1976-05-27,ACTIVE,N,,
ACC_009842,CUST_07889,SAVINGS,1972-04-07,ACTIVE,N,,
ACC_009843,CUST_07890,CURRENT,1953-06-12,ACTIVE,N,,
ACC_009844,CUST_07891,SAVINGS,2022-01-01,ACTIVE,N,,
ACC_009845,CUST_07892,SAVINGS,2005-12-05,ACTIVE,N,,
ACC_009846,CUST_07893,CURRENT,1996-06-20,ACTIVE,N,,
ACC_009847,CUST_07894,CURRENT,1970-02-01,ACTIVE,N,,
ACC_009848,CUST_07895,SAVINGS,1980-04-16,ACTIVE,N,,
ACC_009849,CUST_07895,SAVINGS,2010-07-11,ACTIVE,N,,
ACC_009850,CUST_07896,SAVINGS,2012-12-26,ACTIVE,N,,
ACC_009851,CUST_07896,SAVINGS,2011-08-26,ACTIVE,N,,
ACC_009852,CUST_07897,SAVINGS,1967-12-22,ACTIVE,N,,
ACC_009853,CUST_07898,SAVINGS,2008-07-09,INACTIVE,N,,2015-05-01
ACC_009854,CUST_07899,SAVINGS,1994-01-31,ACTIVE,N,,
ACC_009855,CUST_07899,SAVINGS,2005-05-11,ACTIVE,N,,
ACC_009856,CUST_07900,CURRENT,1975-08-18,DORMANT,Y,1988-11-23,
ACC_009857,CUST_07901,CURRENT,2013-09-12,ACTIVE,N,,
ACC_009858,CUST_07902,SAVINGS,1950-06-19,ACTIVE,N,,
ACC_009859,CUST_07903,SAVINGS,1965-03-04,ACTIVE,N,,
ACC_009860,CUST_07904,SAVINGS,1987-12-05,ACTIVE,N,,
ACC_009861,CUST_07905,SAVINGS,1958-06-07,ACTIVE,N,,
ACC_009862,CUST_07905,SAVINGS,1956-05-07,ACTIVE,N,,
ACC_009863,CUST_07905,SAVINGS,1998-08-09,ACTIVE,N,,
ACC_009864,CUST_07906,SAVINGS,1970-10-03,ACTIVE,N,,
ACC_009865,CUST_07907,SAVINGS,2009-10-17,ACTIVE,N,,
ACC_009866,CUST_07908,SAVINGS,2023-02-01,ACTIVE,N,,
ACC_009867,CUST_07909,SAVINGS,1958-07-23,INACTIVE,N,,1960-03-25
ACC_009868,CUST_07910,SAVINGS,2000-01-06,DORMANT,Y,2011-02-01,
ACC_009869,CUST_07911,CURRENT,2020-08-27,INACTIVE,N,,2021-01-15
ACC_009870,CUST_07911,CURRENT,1954-12-13,ACTIVE,N,,
ACC_009871,CUST_07912,SAVINGS,1953-06-12,ACTIVE,N,,
ACC_009872,CUST_07913,SAVINGS,1970-09-08,ACTIVE,N,,
ACC_009873,CUST_07914,SAVINGS,2015-11-08,ACTIVE,N,,
ACC_009874,CUST_07915,SAVINGS,1974-04-02,ACTIVE,N,,
ACC_009875,CUST_07915,SAVINGS,1967-06-05,ACTIVE,N,,
ACC_009876,CUST_07916,SAVINGS,1958-12-11,ACTIVE,N,,
ACC_009877,CUST_07917,SAVINGS,1992-01-30,ACTIVE,N,,
ACC_009878,CUST_07918,SAVINGS,1975-05-11,ACTIVE,N,,
ACC_009879,CUST_07919,CURRENT,1993-07-10,DORMANT,Y,2009-04-12,
ACC_009880,CUST_07920,SAVINGS,1976-07-09,INACTIVE,N,,1984-09-05
ACC_009881,CUST_07921,SAVINGS,2007-11-25,ACTIVE,N,,
ACC_009882,CUST_07922,SAVINGS,1953-08-08,ACTIVE,N,,
ACC_009883,CUST_07923,SAVINGS,1990-12-25,ACTIVE,N,,
ACC_009884,CUST_07923,SAVINGS,1980-11-08,ACTIVE,N,,
ACC_009885,CUST_07924,SAVINGS,1966-10-19,ACTIVE,N,,
ACC_009886,CUST_07924,SAVINGS,1979-08-14,ACTIVE,N,,
ACC_009887,CUST_07925,CURRENT,2004-03-02,ACTIVE,N,,
ACC_009888,CUST_07925,CURRENT,2022-01-04,ACTIVE,N,,
ACC_009889,CUST_07926,SAVINGS,1961-10-27,ACTIVE,N,,
ACC_009890,CUST_07927,CURRENT,2017-04-14,ACTIVE,N,,
ACC_009891,CUST_07928,CURRENT,1972-05-21,ACTIVE,N,,
ACC_009892,CUST_07929,SAVINGS,1954-10-10,ACTIVE,N,,
ACC_009893,CUST_07929,SAVINGS,1977-01-04,ACTIVE,N,,
ACC_009894,CUST_07930,SAVINGS,1966-07-21,ACTIVE,N,,
ACC_009895,CUST_07931,SAVINGS,1976-12-18,ACTIVE,N,,
ACC_009896,CUST_07932,SAVINGS,2001-06-16,ACTIVE,N,,
ACC_009897,CUST_07933,SAVINGS,1997-01-26,ACTIVE,N,,
ACC_009898,CUST_07934,SAVINGS,1997-10-12,ACTIVE,N,,
ACC_009899,CUST_07935,CURRENT,1970-12-26,ACTIVE,N,,
ACC_009900,CUST_07935,CURRENT,2020-07-06,DORMANT,Y,2023-11-02,
ACC_009901,CUST_07936,CURRENT,1973-12-15,DORMANT,Y,2023-01-03,
ACC_009902,CUST_07937,CURRENT,1953-08-24,DORMANT,Y,1979-01-10,
ACC_009903,CUST_07938,SAVINGS,2015-12-17,ACTIVE,N,,
ACC_009904,CUST_07939,SAVINGS,1983-07-02,ACTIVE,N,,
ACC_009905,CUST_07940,SAVINGS,1996-10-24,ACTIVE,N,,
ACC_009906,CUST_07941,SAVINGS,1967-05-25,ACTIVE,N,,
ACC_009907,CUST_07942,SAVINGS,2000-11-02,ACTIVE,N,,
ACC_009908,CUST_07943,CURRENT,1997-12-10,ACTIVE,N,,
ACC_009909,CUST_07943,CURRENT,1979-01-07,ACTIVE,N,,
ACC_009910,CUST_07943,CURRENT,1981-12-07,ACTIVE,N,,
ACC_009911,CUST_07944,SAVINGS,1970-03-11,ACTIVE,N,,
ACC_009912,CUST_07945,SAVINGS,1972-12-30,ACTIVE,N,,
ACC_009913,CUST_07946,CURRENT,1970-07-10,ACTIVE,N,,
ACC_009914,CUST_07947,SAVINGS,2010-04-02,ACTIVE,N,,
ACC_009915,CUST_07948,SAVINGS,1980-11-15,ACTIVE,N,,
ACC_009916,CUST_07949,CURRENT,1975-11-16,ACTIVE,N,,
ACC_009917,CUST_07950,SAVINGS,2021-01-27,DORMANT,Y,2023-08-22,
ACC_009918,CUST_07951,CURRENT,1973-09-21,ACTIVE,N,,
ACC_009919,CUST_07951,SAVINGS,1950-03-12,INACTIVE,N,,1989-04-19
ACC_009920,CUST_07952,SAVINGS,1999-06-27,ACTIVE,N,,
ACC_009921,CUST_07952,SAVINGS,2014-06-20,ACTIVE,N,,
ACC_009922,CUST_07953,SAVINGS,1980-03-22,DORMANT,Y,2004-04-24,
ACC_009923,CUST_07953,SAVINGS,1980-09-09,INACTIVE,N,,1989-06-25
ACC_009924,CUST_07954,SAVINGS,1980-11-05,ACTIVE,N,,
ACC_009925,CUST_07954,SAVINGS,2007-08-08,ACTIVE,N,,
ACC_009926,CUST_07955,CURRENT,2008-02-03,ACTIVE,N,,
ACC_009927,CUST_07955,CURRENT,1961-11-09,ACTIVE,N,,
ACC_009928,CUST_07956,SAVINGS,2019-01-15,ACTIVE,N,,
ACC_009929,CUST_07956,SAVINGS,1997-08-20,ACTIVE,N,,
ACC_009930,CUST_07957,SAVINGS,1954-09-24,ACTIVE,N,,
ACC_009931,CUST_07958,SAVINGS,2013-11-27,ACTIVE,N,,
ACC_009932,CUST_07959,SAVINGS,2004-01-17,ACTIVE,N,,
ACC_009933,CUST_07960,SAVINGS,1962-06-22,INACTIVE,N,,2024-03-21
ACC_009934,CUST_07961,CURRENT,1956-08-30,ACTIVE,N,,
ACC_009935,CUST_07962,SAVINGS,2012-06-26,ACTIVE,N,,
ACC_009936,CUST_07963,SAVINGS,1956-03-14,ACTIVE,N,,
ACC_009937,CUST_07963,SAVINGS,2019-08-11,DORMANT,Y,2021-03-15,
ACC_009938,CUST_07964,CURRENT,2002-12-15,ACTIVE,N,,
ACC_009939,CUST_07965,SAVINGS,2017-10-03,ACTIVE,N,,
ACC_009940,CUST_07966,SAVINGS,1966-06-10,ACTIVE,N,,
ACC_009941,CUST_07967,CURRENT,2018-10-27,DORMANT,Y,2020-03-02,
ACC_009942,CUST_07968,SAVINGS,1977-03-17,ACTIVE,N,,
ACC_009943,CUST_07969,SAVINGS,2001-11-15,ACTIVE,N,,
ACC_009944,CUST_07969,SAVINGS,1955-04-02,ACTIVE,N,,
ACC_009945,CUST_07969,SAVINGS,1963-06-06,ACTIVE,N,,
ACC_009946,CUST_07970,CURRENT,1951-12-05,ACTIVE,N,,
ACC_009947,CUST_07971,SAVINGS,2016-11-17,ACTIVE,N,,
ACC_009948,CUST_07972,SAVINGS,1966-12-20,ACTIVE,N,,
ACC_009949,CUST_07973,SAVINGS,1971-03-25,ACTIVE,N,,
ACC_009950,CUST_07974,CURRENT,2003-12-15,ACTIVE,N,,
ACC_009951,CUST_07975,SAVINGS,1963-07-31,ACTIVE,N,,
ACC_009952,CUST_07976,SAVINGS,1998-03-18,ACTIVE,N,,
ACC_009953,CUST_07977,CURRENT,1980-04-01,ACTIVE,N,,
ACC_009954,CUST_07978,SAVINGS,1974-11-22,ACTIVE,N,,
ACC_009955,CUST_07979,SAVINGS,1962-03-15,ACTIVE,N,,
ACC_009956,CUST_07980,SAVINGS,2017-02-04,ACTIVE,N,,
ACC_009957,CUST_07981,SAVINGS,2009-03-03,ACTIVE,N,,
ACC_009958,CUST_07982,SAVINGS,1985-09-04,ACTIVE,N,,
ACC_009959,CUST_07983,SAVINGS,2022-09-11,ACTIVE,N,,
ACC_009960,CUST_07984,CURRENT,1985-02-24,ACTIVE,N,,
ACC_009961,CUST_07985,SAVINGS,2004-10-14,ACTIVE,N,,
ACC_009962,CUST_07986,SAVINGS,2015-02-14,ACTIVE,N,,
ACC_009963,CUST_07986,SAVINGS,1977-04-06,ACTIVE,N,,
ACC_009964,CUST_07987,SAVINGS,1994-02-20,ACTIVE,N,,
ACC_009965,CUST_07988,SAVINGS,2010-03-29,ACTIVE,N,,
ACC_009966,CUST_07989,SAVINGS,1985-09-30,ACTIVE,N,,
ACC_009967,CUST_07990,SAVINGS,1967-11-01,ACTIVE,N,,
ACC_009968,CUST_07991,SAVINGS,1969-10-03,ACTIVE,N,,
ACC_009969,CUST_07992,SAVINGS,1978-07-23,ACTIVE,N,,
ACC_009970,CUST_07993,SAVINGS,1979-06-29,ACTIVE,N,,
ACC_009971,CUST_07993,SAVINGS,1970-10-17,ACTIVE,N,,
ACC_009972,CUST_07994,SAVINGS,1969-04-11,ACTIVE,N,,
ACC_009973,CUST_07995,SAVINGS,1971-12-19,ACTIVE,N,,
ACC_009974,CUST_07996,SAVINGS,2019-03-10,ACTIVE,N,,
ACC_009975,CUST_07997,SAVINGS,1952-04-19,ACTIVE,N,,
ACC_009976,CUST_07998,SAVINGS,1964-06-11,ACTIVE,N,,
ACC_009977,CUST_07998,SAVINGS,1989-09-30,ACTIVE,N,,
ACC_009978,CUST_07999,CURRENT,1984-07-15,ACTIVE,N,,
ACC_009979,CUST_08000,SAVINGS,1970-12-15,ACTIVE,N,,
